4678
1.00000000e-05 1.09594448e+02
1.10303700e-05 1.04355749e+02
1.21669100e-05 9.93680011e+01
1.34205500e-05 9.46192111e+01
1.48033600e-05 9.00979590e+01
1.63286500e-05 8.57933722e+01
1.80111100e-05 8.16950990e+01
1.98669100e-05 7.77932839e+01
2.19139400e-05 7.40785439e+01
2.41718900e-05 7.05419459e+01
2.66624800e-05 6.71749848e+01
2.94097100e-05 6.39695640e+01
3.24399900e-05 6.09179749e+01
3.57825100e-05 5.80128790e+01
3.94694300e-05 5.52472900e+01
4.35362400e-05 5.26145573e+01
4.80220800e-05 5.01083494e+01
5.29701300e-05 4.77226390e+01
5.84280100e-05 4.54516891e+01
6.44482500e-05 4.32900380e+01
7.10888100e-05 4.12324872e+01
7.84135800e-05 3.92740882e+01
8.64930800e-05 3.74101309e+01
9.54050600e-05 3.56361326e+01
1.05235300e-04 3.39478264e+01
1.16078400e-04 3.23411516e+01
1.28038800e-04 3.08122435e+01
1.41231500e-04 2.93574246e+01
1.55783600e-04 2.79731949e+01
1.71835100e-04 2.66562245e+01
1.89540400e-04 2.54033447e+01
2.09070100e-04 2.42115409e+01
2.30612000e-04 2.30779449e+01
2.54373600e-04 2.19998279e+01
2.80583500e-04 2.09745950e+01
3.09493900e-04 1.99997770e+01
3.41383200e-04 1.90730261e+01
3.76558300e-04 1.81921094e+01
4.15357700e-04 1.73549033e+01
4.58154900e-04 1.65593886e+01
5.05361800e-04 1.58077170e+01
5.08926700e-04 1.57509540e+01
5.57432800e-04 1.50929797e+01
5.65297100e-04 1.49863035e+01
6.14868900e-04 1.44136266e+01
6.27942200e-04 1.42625994e+01
6.78223200e-04 1.37680568e+01
6.97495200e-04 1.35785078e+01
7.48105200e-04 1.31548582e+01
7.74790100e-04 1.29314850e+01
8.25187700e-04 1.25725786e+01
8.60608500e-04 1.23203324e+01
9.10212500e-04 1.20199310e+01
9.55979300e-04 1.17427710e+01
1.00399800e-03 1.14955966e+01
1.06186680e-03 1.11977229e+01
1.10744690e-03 1.09984038e+01
1.17954060e-03 1.06831462e+01
1.22155490e-03 1.05271545e+01
1.31019050e-03 1.01980703e+01
1.34742020e-03 1.00807833e+01
1.45538310e-03 9.74066582e+00
1.48625420e-03 9.65820129e+00
1.61658620e-03 9.31005603e+00
1.63939330e-03 9.25843711e+00
1.79573290e-03 8.90460106e+00
1.80831140e-03 8.88050032e+00
1.99463430e-03 8.52350546e+00
2.20015530e-03 8.19044836e+00
2.21567550e-03 8.16529740e+00
2.42685260e-03 7.87613219e+00
2.46109120e-03 7.82924977e+00
2.67690810e-03 7.58123478e+00
2.75297370e-03 7.49382192e+00
2.95272860e-03 7.30249836e+00
3.07947310e-03 7.18110512e+00
3.25696870e-03 7.03962162e+00
3.44469490e-03 6.88998523e+00
3.59255680e-03 6.79205043e+00
3.85323170e-03 6.61939752e+00
3.96272290e-03 6.55924075e+00
4.31022040e-03 6.36832108e+00
4.37102980e-03 6.34082294e+00
4.82140740e-03 6.13716439e+00
4.85541810e-03 6.12178511e+00
5.31819050e-03 5.95092421e+00
5.46930930e-03 5.89513018e+00
5.86616070e-03 5.77577777e+00
6.16111960e-03 5.68707066e+00
6.47059200e-03 5.61191213e+00
6.98905230e-03 5.48600073e+00
7.13730200e-03 5.45718492e+00
7.87270780e-03 5.31424397e+00
7.92824270e-03 5.30344980e+00
8.68388760e-03 5.18699341e+00
9.05663950e-03 5.12954758e+00
9.57864890e-03 5.06637184e+00
1.03461443e-02 4.97348799e+00
1.05656037e-02 4.95283890e+00
1.16542513e-02 4.85040926e+00
1.19020419e-02 4.82709531e+00
1.28550698e-02 4.75853765e+00
1.37878297e-02 4.69143929e+00
1.41796170e-02 4.67025784e+00
1.56406415e-02 4.59127128e+00
1.60850772e-02 4.56724445e+00
1.72522055e-02 4.52064526e+00
1.88974494e-02 4.45495810e+00
1.90298201e-02 4.45112255e+00
2.09905947e-02 4.39430895e+00
2.23570616e-02 4.35471636e+00
2.31534016e-02 4.33735665e+00
2.52418800e-02 4.29183027e+00
2.53000000e-02 4.29070902e+00
2.79068348e-02 4.24940671e+00
3.07822700e-02 4.20384997e+00
3.39539812e-02 4.17030837e+00
3.74524958e-02 4.13331187e+00
3.79808831e-02 4.12772436e+00
4.13114868e-02 4.10504310e+00
4.55680964e-02 4.07605680e+00
4.78593252e-02 4.06045465e+00
5.02632940e-02 4.05048708e+00
5.54422705e-02 4.02901442e+00
6.11548730e-02 4.00533015e+00
6.24551369e-02 3.99993947e+00
6.74560846e-02 3.98815204e+00
7.44065538e-02 3.97177030e+00
8.20731781e-02 3.95370138e+00
8.44053237e-02 3.94820511e+00
9.05297481e-02 3.94069238e+00
9.98576572e-02 3.92925066e+00
1.10146686e-01 3.91663067e+00
1.18972259e-01 3.90580615e+00
1.21495864e-01 3.90436671e+00
1.34014427e-01 3.89722683e+00
1.47822865e-01 3.88935183e+00
1.63054082e-01 3.88066595e+00
1.79854678e-01 3.87108561e+00
1.86270092e-01 3.86742747e+00
1.98386355e-01 3.86516765e+00
2.18827480e-01 3.86135562e+00
2.41374796e-01 3.85715125e+00
2.66245319e-01 3.85251409e+00
2.93678424e-01 3.84739953e+00
3.23938153e-01 3.84175836e+00
3.57315753e-01 3.83553629e+00
3.85945905e-01 3.83019949e+00
3.94132478e-01 3.83007786e+00
4.34742686e-01 3.82947485e+00
4.79537247e-01 3.82881001e+00
5.28947302e-01 3.82807697e+00
5.83448419e-01 3.82726868e+00
6.43565164e-01 3.82637738e+00
7.09876156e-01 3.82539449e+00
7.83019630e-01 3.82431057e+00
8.63699584e-01 3.82311521e+00
9.52692555e-01 3.82179690e+00
1.05085509e+00 3.82034298e+00
1.15913199e+00 3.81873946e+00
1.27856542e+00 3.81697091e+00
1.42025333e+00 3.81487302e+00
1.57756539e+00 3.81254397e+00
1.74011292e+00 3.81013758e+00
1.93294854e+00 3.80728297e+00
2.14704846e+00 3.80411373e+00
2.31908208e+00 3.80156730e+00
2.38497982e+00 3.80156691e+00
2.64914825e+00 3.80156547e+00
2.96333409e+00 3.80156393e+00
3.29172450e+00 3.80156244e+00
3.68211913e+00 3.80156083e+00
4.11881410e+00 3.80155915e+00
4.60730058e+00 3.80155741e+00
5.15372097e+00 3.80155559e+00
5.76494617e+00 3.80155367e+00
6.40349109e+00 3.80155176e+00
7.06328729e+00 3.80154988e+00
7.84602583e+00 3.80154772e+00
8.71507817e+00 3.80154542e+00
9.61305324e+00 3.80154311e+00
1.05297950e+01 3.80154082e+00
1.18611217e+01 3.80153760e+00
1.32678367e+01 3.80153428e+00
1.48413865e+01 3.80153063e+00
1.64860775e+01 3.80152686e+00
1.80573741e+01 3.80152331e+00
1.97794023e+01 3.80151946e+00
2.12145897e+01 3.80151629e+00
2.40654111e+01 3.80151006e+00
2.69195404e+01 3.80150387e+00
3.07508966e+01 3.80149561e+00
3.46405629e+01 3.80148727e+00
3.92955697e+01 3.80147733e+00
4.45761175e+01 3.80146610e+00
4.91691047e+01 3.80145637e+00
5.16388635e+01 3.80145115e+00
6.19544496e+01 3.80142947e+00
7.12714258e+01 3.80140991e+00
8.14192127e+01 3.80138865e+00
9.56501443e+01 3.80135885e+00
1.02590489e+02 3.80134434e+00
1.38653260e+02 3.80126910e+00
1.54010964e+02 3.80123707e+00
2.91338372e+02 3.80095114e+00
5.47256511e+02 3.80041866e+00
8.68905712e+02 3.79974949e+00
1.38926745e+03 3.79866687e+00
1.73833939e+03 3.79794055e+00
2.57332603e+03 3.79620309e+00
3.08738394e+03 3.79513336e+00
3.70905057e+03 3.79383963e+00
4.47848908e+03 3.79223830e+00
5.11589546e+03 3.79091170e+00
9.67760098e+03 3.78141719e+00
1.02851637e+04 3.78015263e+00
1.54277455e+04 3.76944827e+00
3.59980729e+04 3.72662801e+00
5.77654784e+04 3.68131375e+00
8.15848743e+04 3.63172676e+00
1.15591270e+05 3.56093178e+00
1.18432675e+05 3.55501649e+00
1.87974970e+05 3.44085618e+00
1.89022752e+05 3.43968159e+00
2.05703274e+05 3.42098247e+00
2.31699844e+05 3.39184078e+00
2.50000000e+05 3.38074367e+00
2.60000000e+05 3.37468052e+00
2.80000000e+05 3.39097391e+00
2.90001825e+05 3.39912304e+00
3.00000000e+05 3.41533671e+00
3.20000000e+05 3.48949541e+00
3.40000000e+05 3.64320223e+00
3.60000000e+05 3.96624628e+00
3.70000000e+05 4.33649170e+00
3.80000000e+05 4.70674252e+00
3.90000000e+05 5.43966501e+00
3.95000000e+05 5.97806024e+00
4.00000000e+05 6.68801886e+00
4.05000000e+05 7.62868433e+00
4.10000000e+05 8.87015560e+00
4.15000000e+05 1.04700606e+01
4.20000000e+05 1.24056737e+01
4.25000000e+05 1.44419863e+01
4.29918581e+05 1.60008870e+01
4.30000000e+05 1.60266914e+01
4.30246487e+05 1.60567308e+01
4.34000000e+05 1.65141642e+01
4.35000000e+05 1.64818569e+01
4.35125000e+05 1.64778180e+01
4.40000000e+05 1.56314505e+01
4.45000000e+05 1.39125263e+01
4.50000000e+05 1.19818452e+01
4.55000000e+05 1.02409316e+01
4.59899334e+05 8.84809197e+00
4.60000000e+05 8.81947365e+00
4.60032469e+05 8.81224351e+00
4.62436885e+05 8.27682959e+00
4.65000000e+05 7.70607676e+00
4.69898861e+05 6.86214475e+00
4.69988882e+05 6.84663688e+00
4.70000000e+05 6.84472156e+00
4.70078902e+05 6.83418410e+00
4.74891625e+05 6.19144418e+00
4.75000000e+05 6.17697073e+00
4.79925602e+05 5.66366223e+00
4.80000000e+05 5.65590906e+00
4.80010471e+05 5.65526166e+00
4.80052906e+05 5.65263811e+00
4.88412794e+05 5.13578257e+00
4.90000000e+05 5.03765254e+00
5.00000000e+05 4.41939830e+00
5.20000000e+05 3.83195689e+00
5.40000000e+05 3.50393141e+00
5.50000000e+05 3.40050340e+00
5.60000000e+05 3.29707391e+00
5.80000000e+05 3.15425893e+00
6.00000000e+05 3.04871104e+00
6.28777935e+05 2.93801984e+00
6.50000000e+05 2.87734559e+00
6.58250476e+05 2.85375672e+00
6.83575731e+05 2.79578908e+00
7.00000000e+05 2.76641194e+00
7.14918352e+05 2.73972751e+00
7.45605888e+05 2.70196571e+00
7.50000000e+05 2.69884519e+00
7.80000000e+05 2.67753936e+00
8.05000000e+05 2.68449687e+00
8.20000000e+05 2.70043867e+00
8.35000000e+05 2.73126413e+00
8.50000000e+05 2.77850476e+00
8.60000000e+05 2.82450013e+00
8.70000000e+05 2.88521706e+00
8.80000000e+05 2.96499594e+00
8.90000000e+05 3.06977241e+00
9.00000000e+05 3.20769510e+00
9.10000000e+05 3.38997249e+00
9.20000000e+05 3.63190249e+00
9.30000000e+05 3.95383062e+00
9.40000000e+05 4.38109462e+00
9.50000000e+05 4.94039223e+00
9.60000000e+05 5.64690917e+00
9.80000000e+05 7.30753776e+00
9.90000000e+05 7.93085404e+00
1.00000000e+06 8.12255490e+00
1.01000000e+06 7.83157166e+00
1.02000000e+06 7.21365068e+00
1.03000000e+06 6.48424801e+00
1.04000000e+06 5.79052508e+00
1.05000000e+06 5.19409662e+00
1.06000000e+06 4.70449745e+00
1.07000000e+06 4.30970083e+00
1.08000000e+06 3.99227996e+00
1.09000000e+06 3.73587664e+00
1.10000000e+06 3.52703464e+00
1.11000000e+06 3.35528178e+00
1.12000000e+06 3.21264928e+00
1.13000000e+06 3.09314172e+00
1.14000000e+06 2.99226197e+00
1.15000000e+06 2.90666459e+00
1.16000000e+06 2.83388954e+00
1.17000000e+06 2.77219237e+00
1.18000000e+06 2.72044185e+00
1.19000000e+06 2.67808641e+00
1.20000000e+06 2.64519373e+00
1.21000000e+06 2.62260705e+00
1.22000000e+06 2.61226283e+00
1.23000000e+06 2.61782063e+00
1.24000000e+06 2.64589618e+00
1.25000000e+06 2.70836545e+00
1.25500000e+06 2.75889509e+00
1.26000000e+06 2.82797625e+00
1.26500000e+06 2.92181125e+00
1.27000000e+06 3.04938753e+00
1.27500000e+06 3.22351931e+00
1.28000000e+06 3.46221548e+00
1.28500000e+06 3.78959943e+00
1.29000000e+06 4.23391604e+00
1.29500000e+06 4.81582017e+00
1.29984375e+06 5.49125926e+00
1.30000000e+06 5.51304763e+00
1.30125000e+06 5.68735487e+00
1.30500000e+06 6.21027667e+00
1.30700000e+06 6.43583361e+00
1.30900000e+06 6.60287403e+00
1.30974793e+06 6.63823710e+00
1.30988281e+06 6.64461477e+00
1.30996399e+06 6.64845301e+00
1.31003204e+06 6.65167074e+00
1.31010010e+06 6.65488848e+00
1.31019440e+06 6.65934715e+00
1.31100000e+06 6.69743795e+00
1.31101739e+06 6.69756047e+00
1.31300000e+06 6.71153020e+00
1.31500000e+06 6.64558073e+00
1.31700000e+06 6.50815276e+00
1.31900000e+06 6.31369914e+00
1.32000000e+06 6.19649800e+00
1.32100000e+06 6.07929710e+00
1.33000000e+06 4.91972415e+00
1.33500000e+06 4.38028975e+00
1.34000000e+06 3.95246085e+00
1.34500000e+06 3.62059324e+00
1.35000000e+06 3.36385643e+00
1.36000000e+06 3.00364397e+00
1.37000000e+06 2.77044426e+00
1.38000000e+06 2.61061818e+00
1.39000000e+06 2.49506687e+00
1.40000000e+06 2.40760259e+00
1.41000000e+06 2.33877612e+00
1.42000000e+06 2.28281197e+00
1.43000000e+06 2.23604575e+00
1.44500000e+06 2.17854930e+00
1.46500000e+06 2.11614785e+00
1.49000000e+06 2.05339879e+00
1.49127556e+06 2.05084138e+00
1.52500000e+06 1.98322605e+00
1.54500000e+06 1.95054516e+00
1.56500000e+06 1.91786440e+00
1.57000000e+06 1.91129006e+00
1.58000000e+06 1.89814149e+00
1.59000000e+06 1.88499302e+00
1.59500000e+06 1.87841888e+00
1.60000000e+06 1.87474024e+00
1.61000000e+06 1.86738338e+00
1.61600000e+06 1.86296988e+00
1.62000000e+06 1.86556588e+00
1.62250000e+06 1.86718923e+00
1.62875000e+06 1.88172866e+00
1.62900000e+06 1.88231028e+00
1.63000000e+06 1.88781873e+00
1.63140625e+06 1.89556752e+00
1.63200000e+06 1.89883933e+00
1.63400000e+06 1.91683434e+00
1.63600000e+06 1.94394068e+00
1.63800000e+06 1.98618403e+00
1.63967041e+06 2.04341158e+00
1.63992188e+06 2.05202677e+00
1.64000000e+06 2.05470353e+00
1.64006250e+06 2.05790344e+00
1.64057812e+06 2.08430403e+00
1.64100000e+06 2.10590480e+00
1.64183984e+06 2.16498853e+00
1.64196875e+06 2.17405744e+00
1.64200000e+06 2.17625606e+00
1.64212500e+06 2.18859727e+00
1.64300000e+06 2.27498857e+00
1.64348877e+06 2.34498008e+00
1.64379492e+06 2.38882107e+00
1.64395312e+06 2.41147635e+00
1.64400000e+06 2.41818935e+00
1.64404688e+06 2.42796555e+00
1.64420508e+06 2.46096145e+00
1.64467822e+06 2.55964515e+00
1.64487500e+06 2.60068680e+00
1.64500000e+06 2.63360025e+00
1.64575000e+06 2.87896359e+00
1.64576367e+06 2.88417998e+00
1.64587061e+06 2.92498024e+00
1.64596875e+06 2.96242803e+00
1.64600000e+06 2.97435234e+00
1.64606250e+06 3.00377544e+00
1.64614062e+06 3.04055554e+00
1.64628967e+06 3.11072696e+00
1.64637500e+06 3.15089924e+00
1.64650000e+06 3.21958285e+00
1.64687500e+06 3.45711004e+00
1.64700000e+06 3.54818215e+00
1.64731250e+06 3.80879724e+00
1.64750000e+06 3.98723173e+00
1.64772009e+06 4.22764655e+00
1.64775000e+06 4.26031406e+00
1.64782227e+06 4.34819276e+00
1.64791406e+06 4.45982412e+00
1.64793750e+06 4.48832580e+00
1.64797656e+06 4.54151216e+00
1.64804688e+06 4.63724795e+00
1.64806250e+06 4.65852325e+00
1.64812500e+06 4.75350776e+00
1.64824805e+06 4.94051388e+00
1.64834375e+06 5.08596178e+00
1.64850000e+06 5.34859700e+00
1.64871875e+06 5.75645174e+00
1.64893750e+06 6.19738661e+00
1.64950000e+06 7.41894267e+00
1.64972803e+06 7.88413983e+00
1.64982812e+06 8.08834347e+00
1.64983240e+06 8.09589942e+00
1.64990625e+06 8.22649027e+00
1.64996875e+06 8.33700011e+00
1.64997730e+06 8.34932083e+00
1.65006012e+06 8.46872181e+00
1.65006250e+06 8.47215126e+00
1.65006751e+06 8.47775898e+00
1.65014136e+06 8.56048504e+00
1.65020312e+06 8.62966995e+00
1.65028906e+06 8.69963703e+00
1.65035938e+06 8.75687949e+00
1.65049219e+06 8.80857292e+00
1.65050000e+06 8.80930846e+00
1.65062305e+06 8.78583264e+00
1.65074609e+06 8.71324260e+00
1.65090625e+06 8.57344607e+00
1.65104688e+06 8.39505833e+00
1.65118750e+06 8.15824503e+00
1.65150000e+06 7.53602148e+00
1.65174219e+06 7.01010690e+00
1.65196875e+06 6.51812057e+00
1.65200000e+06 6.45025933e+00
1.65206250e+06 6.32292683e+00
1.65234375e+06 5.74992258e+00
1.65237500e+06 5.68625510e+00
1.65250000e+06 5.45245892e+00
1.65268750e+06 5.13320440e+00
1.65293750e+06 4.74543592e+00
1.65306250e+06 4.57178391e+00
1.65337500e+06 4.18857682e+00
1.65350000e+06 4.05145902e+00
1.65368750e+06 3.86851833e+00
1.65377417e+06 3.79362437e+00
1.65386719e+06 3.71324824e+00
1.65393750e+06 3.65249309e+00
1.65394531e+06 3.64673198e+00
1.65401172e+06 3.59776764e+00
1.65406250e+06 3.56032568e+00
1.65407617e+06 3.55200615e+00
1.65414307e+06 3.51130150e+00
1.65424954e+06 3.44651390e+00
1.65465033e+06 3.20265392e+00
1.65471875e+06 3.16102426e+00
1.65493750e+06 3.03952926e+00
1.65506250e+06 2.98123923e+00
1.65574622e+06 2.73174965e+00
1.65575000e+06 2.73036888e+00
1.65589404e+06 2.68525485e+00
1.65600000e+06 2.65207045e+00
1.65600391e+06 2.65115143e+00
1.65608203e+06 2.63277542e+00
1.65618067e+06 2.60957656e+00
1.65634766e+06 2.57030034e+00
1.65675000e+06 2.47567088e+00
1.65700000e+06 2.42566298e+00
1.65779492e+06 2.30688869e+00
1.65795312e+06 2.28325110e+00
1.65800000e+06 2.27624758e+00
1.65807031e+06 2.26889951e+00
1.65826660e+06 2.24838725e+00
1.65900000e+06 2.17174839e+00
1.65970703e+06 2.11850109e+00
1.65993750e+06 2.10114465e+00
1.66000000e+06 2.09643799e+00
1.66003906e+06 2.09424816e+00
1.66023438e+06 2.08329980e+00
1.66100000e+06 2.04038372e+00
1.66200000e+06 1.99749120e+00
1.66300000e+06 1.96400886e+00
1.66450000e+06 1.92613647e+00
1.66650000e+06 1.88955164e+00
1.66900000e+06 1.85794707e+00
1.66977051e+06 1.85154190e+00
1.66992188e+06 1.85028369e+00
1.67009375e+06 1.84885525e+00
1.67250000e+06 1.82886148e+00
1.67750000e+06 1.80239618e+00
1.67976794e+06 1.79594064e+00
1.68000012e+06 1.79527996e+00
1.68007812e+06 1.79505812e+00
1.68144922e+06 1.79116060e+00
1.68190625e+06 1.78986166e+00
1.68206250e+06 1.78941798e+00
1.68212500e+06 1.78924064e+00
1.68356055e+06 1.78516945e+00
1.68376562e+06 1.78458795e+00
1.68387109e+06 1.78428921e+00
1.68396875e+06 1.78401309e+00
1.68403125e+06 1.78383674e+00
1.68412500e+06 1.78357272e+00
1.68425098e+06 1.78321861e+00
1.68489859e+06 1.78140028e+00
1.68567725e+06 1.77921429e+00
1.68578601e+06 1.77890941e+00
1.68587500e+06 1.77866080e+00
1.68593750e+06 1.77848710e+00
1.68600000e+06 1.77831450e+00
1.68600781e+06 1.77833182e+00
1.68606250e+06 1.77845403e+00
1.68613184e+06 1.77861009e+00
1.68620642e+06 1.77877901e+00
1.68640717e+06 1.77923577e+00
1.68668091e+06 1.77985981e+00
1.68677075e+06 1.78006622e+00
1.68682129e+06 1.78018377e+00
1.68686719e+06 1.78029213e+00
1.68690625e+06 1.78038600e+00
1.68695117e+06 1.78049631e+00
1.68695312e+06 1.78050121e+00
1.68698242e+06 1.78109856e+00
1.68701758e+06 1.78181715e+00
1.68706250e+06 1.78273798e+00
1.68710156e+06 1.78354099e+00
1.68714844e+06 1.78450696e+00
1.68721875e+06 1.78595950e+00
1.68734207e+06 1.78851234e+00
1.68754179e+06 1.79265086e+00
1.68760524e+06 1.79396718e+00
1.68765106e+06 1.79492027e+00
1.68769336e+06 1.79580422e+00
1.68772632e+06 1.79649805e+00
1.68775195e+06 1.79704235e+00
1.68777319e+06 1.79749761e+00
1.68779297e+06 1.79792587e+00
1.68781055e+06 1.79831089e+00
1.68782617e+06 1.79865711e+00
1.68784375e+06 1.79905178e+00
1.68785938e+06 1.79940779e+00
1.68787500e+06 1.79976926e+00
1.68789063e+06 1.80013672e+00
1.68790527e+06 1.80048710e+00
1.68790625e+06 1.80051087e+00
1.68792090e+06 1.80213467e+00
1.68793848e+06 1.80409202e+00
1.68795605e+06 1.80605927e+00
1.68797363e+06 1.80803697e+00
1.68799121e+06 1.81002518e+00
1.68800000e+06 1.81102465e+00
1.68800938e+06 1.81280905e+00
1.68802812e+06 1.81638992e+00
1.68804688e+06 1.81998285e+00
1.68806406e+06 1.82328676e+00
1.68809062e+06 1.82841089e+00
1.68809375e+06 1.82901608e+00
1.68811562e+06 1.83499975e+00
1.68814531e+06 1.84314137e+00
1.68817695e+06 1.85183956e+00
1.68821387e+06 1.86200889e+00
1.68826726e+06 1.87674707e+00
1.68834098e+06 1.89713119e+00
1.68840624e+06 1.91520770e+00
1.68844975e+06 1.92729522e+00
1.68848237e+06 1.93640457e+00
1.68849805e+06 1.94080595e+00
1.68850252e+06 1.94220952e+00
1.68852266e+06 1.94857436e+00
1.68854199e+06 1.95473402e+00
1.68855811e+06 1.95991623e+00
1.68857261e+06 1.96462951e+00
1.68858711e+06 1.96940079e+00
1.68859964e+06 1.97357825e+00
1.68861128e+06 1.97751823e+00
1.68862207e+06 1.98122532e+00
1.68863203e+06 1.98470207e+00
1.68864375e+06 1.98886886e+00
1.68865312e+06 1.99226992e+00
1.68866211e+06 1.99559242e+00
1.68867344e+06 1.99987895e+00
1.68867383e+06 2.00003102e+00
1.68868242e+06 2.00417799e+00
1.68869063e+06 2.00820938e+00
1.68869942e+06 2.01261226e+00
1.68870723e+06 2.01660380e+00
1.68871563e+06 2.02098332e+00
1.68872500e+06 2.02598724e+00
1.68873399e+06 2.03090482e+00
1.68874258e+06 2.03572841e+00
1.68875098e+06 2.04056208e+00
1.68876211e+06 2.04716130e+00
1.68876978e+06 2.05186195e+00
1.68877266e+06 2.05424421e+00
1.68878320e+06 2.06318743e+00
1.68879024e+06 2.06927561e+00
1.68880000e+06 2.07790391e+00
1.68880938e+06 2.08638080e+00
1.68881875e+06 2.09505012e+00
1.68882068e+06 2.09687477e+00
1.68882812e+06 2.10605375e+00
1.68883750e+06 2.11780593e+00
1.68885156e+06 2.13579254e+00
1.68886133e+06 2.14857048e+00
1.68886562e+06 2.15564615e+00
1.68888281e+06 2.18447420e+00
1.68888989e+06 2.19656285e+00
1.68890156e+06 2.22044197e+00
1.68891260e+06 2.24330524e+00
1.68892344e+06 2.27022366e+00
1.68893945e+06 2.31019795e+00
1.68896338e+06 2.38207117e+00
1.68897129e+06 2.41062835e+00
1.68899078e+06 2.48044241e+00
1.68899434e+06 2.49540045e+00
1.68901055e+06 2.56296546e+00
1.68901094e+06 2.56481529e+00
1.68902461e+06 2.62893330e+00
1.68903000e+06 2.65392906e+00
1.68904219e+06 2.71888761e+00
1.68905625e+06 2.79297173e+00
1.68905688e+06 2.79622639e+00
1.68907031e+06 2.87547755e+00
1.68907625e+06 2.91010161e+00
1.68908438e+06 2.96227483e+00
1.68909875e+06 3.05352611e+00
1.68910020e+06 3.06367357e+00
1.68910859e+06 3.12209494e+00
1.68912442e+06 3.23118302e+00
1.68913250e+06 3.28635991e+00
1.68913672e+06 3.31736710e+00
1.68915078e+06 3.41979010e+00
1.68916328e+06 3.51006976e+00
1.68917500e+06 3.59409063e+00
1.68918867e+06 3.69143979e+00
1.68920469e+06 3.80465617e+00
1.68920562e+06 3.81123226e+00
1.68922442e+06 3.93302069e+00
1.68923188e+06 3.98104077e+00
1.68924854e+06 4.07512117e+00
1.68925375e+06 4.10441631e+00
1.68927625e+06 4.20811505e+00
1.68929500e+06 4.27305615e+00
1.68930469e+06 4.29390191e+00
1.68931750e+06 4.32170977e+00
1.68932578e+06 4.32720096e+00
1.68933875e+06 4.33610236e+00
1.68933984e+06 4.33578195e+00
1.68934500e+06 4.33440256e+00
1.68935625e+06 4.32184423e+00
1.68936250e+06 4.31504579e+00
1.68937031e+06 4.29695676e+00
1.68938000e+06 4.27480361e+00
1.68938438e+06 4.25935066e+00
1.68939375e+06 4.22646649e+00
1.68940000e+06 4.20467801e+00
1.68940469e+06 4.18236740e+00
1.68941524e+06 4.13241275e+00
1.68942250e+06 4.09816294e+00
1.68942578e+06 4.07931781e+00
1.68943633e+06 4.01898452e+00
1.68944000e+06 3.99806150e+00
1.68944688e+06 3.95303375e+00
1.68945625e+06 3.89181914e+00
1.68946438e+06 3.83891192e+00
1.68946563e+06 3.82976732e+00
1.68947500e+06 3.76139040e+00
1.68948496e+06 3.68889791e+00
1.68949287e+06 3.63144165e+00
1.68950078e+06 3.57407705e+00
1.68950094e+06 3.57294769e+00
1.68951133e+06 3.49520750e+00
1.68952188e+06 3.41644933e+00
1.68953242e+06 3.33780595e+00
1.68954180e+06 3.26800766e+00
1.68955117e+06 3.19829482e+00
1.68956000e+06 3.13273455e+00
1.68956172e+06 3.12103702e+00
1.68957402e+06 3.03741447e+00
1.68958413e+06 2.96880862e+00
1.68959438e+06 2.89933968e+00
1.68959512e+06 2.89479480e+00
1.68960713e+06 2.82139336e+00
1.68961562e+06 2.76953336e+00
1.68962031e+06 2.74409016e+00
1.68963613e+06 2.65831524e+00
1.68964375e+06 2.61706153e+00
1.68965020e+06 2.58723913e+00
1.68966426e+06 2.52222940e+00
1.68967188e+06 2.48704721e+00
1.68968008e+06 2.45467103e+00
1.68969375e+06 2.40076279e+00
1.68970117e+06 2.37589088e+00
1.68972031e+06 2.31181455e+00
1.68972578e+06 2.29669054e+00
1.68974844e+06 2.23409046e+00
1.68975369e+06 2.22237323e+00
1.68978125e+06 2.16090959e+00
1.68978467e+06 2.15489338e+00
1.68981433e+06 2.10273946e+00
1.68981875e+06 2.09497703e+00
1.68984466e+06 2.05843839e+00
1.68985156e+06 2.04870273e+00
1.68987212e+06 2.02517675e+00
1.68989375e+06 2.00045037e+00
1.68989944e+06 1.99537088e+00
1.68992500e+06 1.97257973e+00
1.68994609e+06 1.95379603e+00
1.68995000e+06 1.95032217e+00
1.68996719e+06 1.93860040e+00
1.68998242e+06 1.92822626e+00
1.68999727e+06 1.91813006e+00
1.69000000e+06 1.91627304e+00
1.69001562e+06 1.90865753e+00
1.69003320e+06 1.90010710e+00
1.69005078e+06 1.89157389e+00
1.69006836e+06 1.88305685e+00
1.69007031e+06 1.88211228e+00
1.69008594e+06 1.87725117e+00
1.69010156e+06 1.87240226e+00
1.69011719e+06 1.86756408e+00
1.69013281e+06 1.86273581e+00
1.69015039e+06 1.85966031e+00
1.69016650e+06 1.85685018e+00
1.69018359e+06 1.85387804e+00
1.69020117e+06 1.85082873e+00
1.69022070e+06 1.84744880e+00
1.69024219e+06 1.84629906e+00
1.69026562e+06 1.84505249e+00
1.69029688e+06 1.84339970e+00
1.69032961e+06 1.84167652e+00
1.69036853e+06 1.83963369e+00
1.69045258e+06 1.83523404e+00
1.69068750e+06 1.82295183e+00
1.69069158e+06 1.82278203e+00
1.69078487e+06 1.81890526e+00
1.69084509e+06 1.81640652e+00
1.69088672e+06 1.81468277e+00
1.69092285e+06 1.81318930e+00
1.69095410e+06 1.81190012e+00
1.69098633e+06 1.81057339e+00
1.69101563e+06 1.80936970e+00
1.69105078e+06 1.80792835e+00
1.69107422e+06 1.80696926e+00
1.69110547e+06 1.80569249e+00
1.69114062e+06 1.80425861e+00
1.69117578e+06 1.80282685e+00
1.69121973e+06 1.80103952e+00
1.69126907e+06 1.79903455e+00
1.69134427e+06 1.79598174e+00
1.69158765e+06 1.78610545e+00
1.69175549e+06 1.77929507e+00
1.69183203e+06 1.77619027e+00
1.69190625e+06 1.77318078e+00
1.69196094e+06 1.77096434e+00
1.69200000e+06 1.76938199e+00
1.69201172e+06 1.76932575e+00
1.69206250e+06 1.76908308e+00
1.69211524e+06 1.76883208e+00
1.69218359e+06 1.76850789e+00
1.69227789e+06 1.76806205e+00
1.69252414e+06 1.76689979e+00
1.69373218e+06 1.76120022e+00
1.69386524e+06 1.76057288e+00
1.69393750e+06 1.76023257e+00
1.69402539e+06 1.75981928e+00
1.69409424e+06 1.75949604e+00
1.69418164e+06 1.75908621e+00
1.69437280e+06 1.75819078e+00
1.69500000e+06 1.75525369e+00
1.69577539e+06 1.75402523e+00
1.69596875e+06 1.75371919e+00
1.69609375e+06 1.75352170e+00
1.69700000e+06 1.75209262e+00
1.69793750e+06 1.75061459e+00
1.69800000e+06 1.75051613e+00
1.69900000e+06 1.74894184e+00
1.70000000e+06 1.74736796e+00
1.70375000e+06 1.74147201e+00
1.71000000e+06 1.73164585e+00
1.72000000e+06 1.71593010e+00
1.74000000e+06 1.68450130e+00
1.76000000e+06 1.65307327e+00
1.76587596e+06 1.64383984e+00
1.77300000e+06 1.63309491e+00
1.80000000e+06 1.57872000e+00
1.81400000e+06 1.55052584e+00
1.81600000e+06 1.55119091e+00
1.81800000e+06 1.55693180e+00
1.81993750e+06 1.57179421e+00
1.82000000e+06 1.57227365e+00
1.82200000e+06 1.60589469e+00
1.82300000e+06 1.63512477e+00
1.82400000e+06 1.67868486e+00
1.82500000e+06 1.74334667e+00
1.82600000e+06 1.84011068e+00
1.82693750e+06 1.97474383e+00
1.82737500e+06 2.06391284e+00
1.82793750e+06 2.19229308e+00
1.82800000e+06 2.21148219e+00
1.82825000e+06 2.28823896e+00
1.82850000e+06 2.36984409e+00
1.82900000e+06 2.55218912e+00
1.82950000e+06 2.78679524e+00
1.83000000e+06 3.04795646e+00
1.83037500e+06 3.28023235e+00
1.83187500e+06 4.26412545e+00
1.83193750e+06 4.29827382e+00
1.83200000e+06 4.33242207e+00
1.83212500e+06 4.38494295e+00
1.83250000e+06 4.54250506e+00
1.83300000e+06 4.70956578e+00
1.83316875e+06 4.73797599e+00
1.83326250e+06 4.74119414e+00
1.83360664e+06 4.71123549e+00
1.83372656e+06 4.69023527e+00
1.83393750e+06 4.65329680e+00
1.83399727e+06 4.64283072e+00
1.83413086e+06 4.59542930e+00
1.83452188e+06 4.45669008e+00
1.83500000e+06 4.27803359e+00
1.83600000e+06 3.84854270e+00
1.83700000e+06 3.46109624e+00
1.83800000e+06 3.14854393e+00
1.83900000e+06 2.90597480e+00
1.84000000e+06 2.71889749e+00
1.84100000e+06 2.57354385e+00
1.84200000e+06 2.45917596e+00
1.84300000e+06 2.36792427e+00
1.84400000e+06 2.29411949e+00
1.84500000e+06 2.23368065e+00
1.84600000e+06 2.18380394e+00
1.84750000e+06 2.12414233e+00
1.84800000e+06 2.10837294e+00
1.84900000e+06 2.07683421e+00
1.85100000e+06 2.02938993e+00
1.85350000e+06 1.98729948e+00
1.85500000e+06 1.96991773e+00
1.85600000e+06 1.95832994e+00
1.85900000e+06 1.93682780e+00
1.86100000e+06 1.93194309e+00
1.86400000e+06 1.92461611e+00
1.86700000e+06 1.93008221e+00
1.87000000e+06 1.94395940e+00
1.87300000e+06 1.96889971e+00
1.87600000e+06 2.00463117e+00
1.87800000e+06 2.03662072e+00
1.88000000e+06 2.07613204e+00
1.88200000e+06 2.12429000e+00
1.88400000e+06 2.18246116e+00
1.88500000e+06 2.21728376e+00
1.88600000e+06 2.25210636e+00
1.88800000e+06 2.33459915e+00
1.89000000e+06 2.43089818e+00
1.89200000e+06 2.54113462e+00
1.89800000e+06 2.92005912e+00
1.90000000e+06 3.03435240e+00
1.90200000e+06 3.12073027e+00
1.90400000e+06 3.16644017e+00
1.90600000e+06 3.16468941e+00
1.90800000e+06 3.11712827e+00
1.91000000e+06 3.03288637e+00
1.91200000e+06 2.92493614e+00
1.91700000e+06 2.62896105e+00
1.92000000e+06 2.46698629e+00
1.92200000e+06 2.37261073e+00
1.92400000e+06 2.28906560e+00
1.92600000e+06 2.21559842e+00
1.92800000e+06 2.15121381e+00
1.93000000e+06 2.09490607e+00
1.93300000e+06 2.02360685e+00
1.93600000e+06 1.96362946e+00
1.94000000e+06 1.89934982e+00
1.94400000e+06 1.84803335e+00
1.95000000e+06 1.78830390e+00
1.95500000e+06 1.74962928e+00
1.96000000e+06 1.71809832e+00
1.96750000e+06 1.68057274e+00
1.97750000e+06 1.64146179e+00
1.99000000e+06 1.60391975e+00
2.00000000e+06 1.57969527e+00
2.02000000e+06 1.53984474e+00
2.10000000e+06 1.41675646e+00
2.10835510e+06 1.40390120e+00
2.12000000e+06 1.38649752e+00
2.16000000e+06 1.31603698e+00
2.18000000e+06 1.27255478e+00
2.20000000e+06 1.21976467e+00
2.21000000e+06 1.18850583e+00
2.22000000e+06 1.15297563e+00
2.23000000e+06 1.11222135e+00
2.24000000e+06 1.06505685e+00
2.25000000e+06 1.01006422e+00
2.26000000e+06 9.45604019e-01
2.27000000e+06 8.69918012e-01
2.28000000e+06 7.81388051e-01
2.29000000e+06 6.79101242e-01
2.30000000e+06 5.63876724e-01
2.31073252e+06 4.30879571e-01
2.32000000e+06 3.16037057e-01
2.33000000e+06 2.07164912e-01
2.33500000e+06 1.63960587e-01
2.34000000e+06 1.31302852e-01
2.34500000e+06 1.10809639e-01
2.35000000e+06 1.03483126e-01
2.35500000e+06 1.09481505e-01
2.35751961e+06 1.18863463e-01
2.35813960e+06 1.21172056e-01
2.35875968e+06 1.23480954e-01
2.35938641e+06 1.25814658e-01
2.36000000e+06 1.28099398e-01
2.36500000e+06 1.57885871e-01
2.37000000e+06 1.96924944e-01
2.38000000e+06 2.93459874e-01
2.39000000e+06 3.99698228e-01
2.40000000e+06 5.05936581e-01
2.41000000e+06 6.02012609e-01
2.41125000e+06 6.12496638e-01
2.41180410e+06 6.17144015e-01
2.41944057e+06 6.81192768e-01
2.41952893e+06 6.81933863e-01
2.41957381e+06 6.82310298e-01
2.41961067e+06 6.82619468e-01
2.41964379e+06 6.82897186e-01
2.41966862e+06 6.83105474e-01
2.41968931e+06 6.83279039e-01
2.41970794e+06 6.83435260e-01
2.41972656e+06 6.83591463e-01
2.41974487e+06 6.83745042e-01
2.41976502e+06 6.83913977e-01
2.41977966e+06 6.84036833e-01
2.41979492e+06 6.84164814e-01
2.41980957e+06 6.84287670e-01
2.41982422e+06 6.84410526e-01
2.41983887e+06 6.84533391e-01
2.41985108e+06 6.84635773e-01
2.41986572e+06 6.84758638e-01
2.41987793e+06 6.84861021e-01
2.41989258e+06 6.84983877e-01
2.41990723e+06 6.85106733e-01
2.41992188e+06 6.85229597e-01
2.41993652e+06 6.85352453e-01
2.41995117e+06 6.85475318e-01
2.41996582e+06 6.85598174e-01
2.41998047e+06 6.85721030e-01
2.41999512e+06 6.85843894e-01
2.42000000e+06 6.85884841e-01
2.42000977e+06 6.85954473e-01
2.42002442e+06 6.86058922e-01
2.42004639e+06 6.86215592e-01
2.42006836e+06 6.86372255e-01
2.42008789e+06 6.86511513e-01
2.42011505e+06 6.86705181e-01
2.42014160e+06 6.86894485e-01
2.42017273e+06 6.87116431e-01
2.42020991e+06 6.87381521e-01
2.42025448e+06 6.87699302e-01
2.42031769e+06 6.88150003e-01
2.42041922e+06 6.88873937e-01
2.42456267e+06 7.18417175e-01
2.42947182e+06 7.53419891e-01
2.42956680e+06 7.54097152e-01
2.42961448e+06 7.54437101e-01
2.42966154e+06 7.54772643e-01
2.42970236e+06 7.55063680e-01
2.42973791e+06 7.55317141e-01
2.42975586e+06 7.55445141e-01
2.42978516e+06 7.55654031e-01
2.42980713e+06 7.55810701e-01
2.42982666e+06 7.55949959e-01
2.42985108e+06 7.56124033e-01
2.42987305e+06 7.56280703e-01
2.42989136e+06 7.56411263e-01
2.42990723e+06 7.56524403e-01
2.42992920e+06 7.56681073e-01
2.42995117e+06 7.56837743e-01
2.42997315e+06 7.56994405e-01
2.42999512e+06 7.57151075e-01
2.43000000e+06 7.57185884e-01
2.43001709e+06 7.57287906e-01
2.43003906e+06 7.57419064e-01
2.43006104e+06 7.57550229e-01
2.43008789e+06 7.57710541e-01
2.43010986e+06 7.57841699e-01
2.43013550e+06 7.57994723e-01
2.43016724e+06 7.58184184e-01
2.43020844e+06 7.58430115e-01
2.43025803e+06 7.58726140e-01
2.43031811e+06 7.59084784e-01
2.43043844e+06 7.59803086e-01
2.43260894e+06 7.72759526e-01
2.43953333e+06 8.14093556e-01
2.43962538e+06 8.14643028e-01
2.43969380e+06 8.15051420e-01
2.43973491e+06 8.15296837e-01
2.43976781e+06 8.15493240e-01
2.43980073e+06 8.15689751e-01
2.43982910e+06 8.15859113e-01
2.43985840e+06 8.16033997e-01
2.43988648e+06 8.16201592e-01
2.43991089e+06 8.16347327e-01
2.43993652e+06 8.16500351e-01
2.43996582e+06 8.16675235e-01
2.43999512e+06 8.16850113e-01
2.44000000e+06 8.16879255e-01
2.44001953e+06 8.16976061e-01
2.44004395e+06 8.17097065e-01
2.44007324e+06 8.17242269e-01
2.44010254e+06 8.17387474e-01
2.44013672e+06 8.17556876e-01
2.44018067e+06 8.17774686e-01
2.44023732e+06 8.18055500e-01
2.44031205e+06 8.18425885e-01
2.44045501e+06 8.19134433e-01
2.44954573e+06 8.64190791e-01
2.44966633e+06 8.64788511e-01
2.44973237e+06 8.65115856e-01
2.44978516e+06 8.65377474e-01
2.44982422e+06 8.65571077e-01
2.44986817e+06 8.65788887e-01
2.44990723e+06 8.65982490e-01
2.44995117e+06 8.66200300e-01
2.44999512e+06 8.66418105e-01
2.45000000e+06 8.66442301e-01
2.45003906e+06 8.66602419e-01
2.45008301e+06 8.66782542e-01
2.45011719e+06 8.66922636e-01
2.45015625e+06 8.67082749e-01
2.45021484e+06 8.67322913e-01
2.45028829e+06 8.67623977e-01
2.45041221e+06 8.68131864e-01
2.45416146e+06 8.83499473e-01
2.45954499e+06 9.05565672e-01
2.45967307e+06 9.06090681e-01
2.45975290e+06 9.06417895e-01
2.45981445e+06 9.06670179e-01
2.45986084e+06 9.06860312e-01
2.45990235e+06 9.07030430e-01
2.45995606e+06 9.07250583e-01
2.46000000e+06 9.07430702e-01
2.46004395e+06 9.07579455e-01
2.46007813e+06 9.07695150e-01
2.46012695e+06 9.07860428e-01
2.46019531e+06 9.08091816e-01
2.46027344e+06 9.08356260e-01
2.46043895e+06 9.08916497e-01
2.46955383e+06 9.39769398e-01
2.46970146e+06 9.40269110e-01
2.46978867e+06 9.40564282e-01
2.46985962e+06 9.40804451e-01
2.46991699e+06 9.40998652e-01
2.46997070e+06 9.41180458e-01
2.47000000e+06 9.41279622e-01
2.47002930e+06 9.41361512e-01
2.47008301e+06 9.41511644e-01
2.47014404e+06 9.41682251e-01
2.47022442e+06 9.41906916e-01
2.47036230e+06 9.42292316e-01
2.47098847e+06 9.44042579e-01
2.47952438e+06 9.67901971e-01
2.47968145e+06 9.68341010e-01
2.47980187e+06 9.68677606e-01
2.47987305e+06 9.68876570e-01
2.47993897e+06 9.69060825e-01
2.48000000e+06 9.69231426e-01
2.48001221e+06 9.69259622e-01
2.48008301e+06 9.69423143e-01
2.48015564e+06 9.69590891e-01
2.48026032e+06 9.69832649e-01
2.48047179e+06 9.70321069e-01
2.48572993e+06 9.82465207e-01
2.48962261e+06 9.91455701e-01
2.48975322e+06 9.91757347e-01
2.48983978e+06 9.91957276e-01
2.48991699e+06 9.92135597e-01
2.48998047e+06 9.92282201e-01
2.49000000e+06 9.92327310e-01
2.49004395e+06 9.92411190e-01
2.49011719e+06 9.92550988e-01
2.49021301e+06 9.92733891e-01
2.49033681e+06 9.92970191e-01
2.49921836e+06 1.00992256e+00
2.49963581e+06 1.01071936e+00
2.49979919e+06 1.01103121e+00
2.49989258e+06 1.01120945e+00
2.49997070e+06 1.01135857e+00
2.50000000e+06 1.01141449e+00
2.50005859e+06 1.01150176e+00
2.50015625e+06 1.01164720e+00
2.50028397e+06 1.01183742e+00
2.50069239e+06 1.01244571e+00
2.50969238e+06 1.02585000e+00
2.50983521e+06 1.02606272e+00
2.50996094e+06 1.02624998e+00
2.51007813e+06 1.02642452e+00
2.51017578e+06 1.02656996e+00
2.51038396e+06 1.02688001e+00
2.51500000e+06 1.03375499e+00
2.51965786e+06 1.03913257e+00
2.51980744e+06 1.03930527e+00
2.51992188e+06 1.03943739e+00
2.52004883e+06 1.03958396e+00
2.52015625e+06 1.03970798e+00
2.52038422e+06 1.03997117e+00
2.52973084e+06 1.05076202e+00
2.52987412e+06 1.05092744e+00
2.52998047e+06 1.05105022e+00
2.53000000e+06 1.05107277e+00
2.53009766e+06 1.05115206e+00
2.53015625e+06 1.05119963e+00
2.53046021e+06 1.05144641e+00
2.53965485e+06 1.05891142e+00
2.53988281e+06 1.05909651e+00
2.54000000e+06 1.05919165e+00
2.54011719e+06 1.05928679e+00
2.54042236e+06 1.05953456e+00
2.54957764e+06 1.06696762e+00
2.54988281e+06 1.06721538e+00
2.55000000e+06 1.06731053e+00
2.55011719e+06 1.06736850e+00
2.55057495e+06 1.06759494e+00
2.55957764e+06 1.07204831e+00
2.55988281e+06 1.07219927e+00
2.56005859e+06 1.07228623e+00
2.56034699e+06 1.07242889e+00
2.56424875e+06 1.07435898e+00
2.56961548e+06 1.07701375e+00
2.56992188e+06 1.07716532e+00
2.57007812e+06 1.07724261e+00
2.57015625e+06 1.07728125e+00
2.57423271e+06 1.07929777e+00
2.57963623e+06 1.08197073e+00
2.57987976e+06 1.08209120e+00
2.58000000e+06 1.08215068e+00
2.58005859e+06 1.08216495e+00
2.58015625e+06 1.08218875e+00
2.58190863e+06 1.08261569e+00
2.58961670e+06 1.08449364e+00
2.58992188e+06 1.08456800e+00
2.59007812e+06 1.08460606e+00
2.59099731e+06 1.08483001e+00
2.59957642e+06 1.08692018e+00
2.59988281e+06 1.08699483e+00
2.60000000e+06 1.08702338e+00
2.60011719e+06 1.08705193e+00
2.60058044e+06 1.08716480e+00
2.61000000e+06 1.08945973e+00
2.61957398e+06 1.09022335e+00
2.61988281e+06 1.09024799e+00
2.62000000e+06 1.09025733e+00
2.62015625e+06 1.09026979e+00
2.62105381e+06 1.09034138e+00
2.63963257e+06 1.09182323e+00
2.63987885e+06 1.09184287e+00
2.64005859e+06 1.09185721e+00
2.64015625e+06 1.09186499e+00
2.64102486e+06 1.09193427e+00
2.65541102e+06 1.09308171e+00
2.65930420e+06 1.09339224e+00
2.65992188e+06 1.09344151e+00
2.66000000e+06 1.09344774e+00
2.66007812e+06 1.09344588e+00
2.66131348e+06 1.09341655e+00
2.67984375e+06 1.09297663e+00
2.68000000e+06 1.09297292e+00
2.68031250e+06 1.09296550e+00
2.69937500e+06 1.09251294e+00
2.70000000e+06 1.09249810e+00
2.70125000e+06 1.09246843e+00
2.71937500e+06 1.09203813e+00
2.72000000e+06 1.09202329e+00
2.72140625e+06 1.09198990e+00
2.73968750e+06 1.09155589e+00
2.74000000e+06 1.09154847e+00
2.74303711e+06 1.09147637e+00
2.75984375e+06 1.09107737e+00
2.76000000e+06 1.09107366e+00
2.76942566e+06 1.09161366e+00
2.78000000e+06 1.09221946e+00
2.79984375e+06 1.09335632e+00
2.80000000e+06 1.09336527e+00
2.82000000e+06 1.09451109e+00
2.84000000e+06 1.10002418e+00
2.86000000e+06 1.10553728e+00
2.87984583e+06 1.12819335e+00
2.88000000e+06 1.12836935e+00
2.88050000e+06 1.12894015e+00
2.88300000e+06 1.13998222e+00
2.88475000e+06 1.15539916e+00
2.88587500e+06 1.17436610e+00
2.88600000e+06 1.17841760e+00
2.88643750e+06 1.19259785e+00
2.88687500e+06 1.20953543e+00
2.88712500e+06 1.22696050e+00
2.88761914e+06 1.27668458e+00
2.88774219e+06 1.29326660e+00
2.88785938e+06 1.31602951e+00
2.88793750e+06 1.33762094e+00
2.88802969e+06 1.37171431e+00
2.88810625e+06 1.40739511e+00
2.88819531e+06 1.45618899e+00
2.88831250e+06 1.52898659e+00
2.88843125e+06 1.61053694e+00
2.88852500e+06 1.68349625e+00
2.88860000e+06 1.75250445e+00
2.88865625e+06 1.81392630e+00
2.88872188e+06 1.89880776e+00
2.88877188e+06 1.97329743e+00
2.88891836e+06 2.21357245e+00
2.88896016e+06 2.27308307e+00
2.88899688e+06 2.31464362e+00
2.88900000e+06 2.31704292e+00
2.88903125e+06 2.34103588e+00
2.88906250e+06 2.35217860e+00
2.88907500e+06 2.35281204e+00
2.88909981e+06 2.34715931e+00
2.88912442e+06 2.33214256e+00
2.88915039e+06 2.30596433e+00
2.88917813e+06 2.26650494e+00
2.88920859e+06 2.21023985e+00
2.88923750e+06 2.14565139e+00
2.88926875e+06 2.06554077e+00
2.88931328e+06 1.93792929e+00
2.88937500e+06 1.74967829e+00
2.88941250e+06 1.63529654e+00
2.88944844e+06 1.53186245e+00
2.88949062e+06 1.42096812e+00
2.88952344e+06 1.34433900e+00
2.88955000e+06 1.28903360e+00
2.88957500e+06 1.24258179e+00
2.88960000e+06 1.20147446e+00
2.88962500e+06 1.16549411e+00
2.88965156e+06 1.13252613e+00
2.88968281e+06 1.10005779e+00
2.88971641e+06 1.07185015e+00
2.88975234e+06 1.04816364e+00
2.88979531e+06 1.02693053e+00
2.88984688e+06 1.00914232e+00
2.88991250e+06 9.94841445e-01
2.88997812e+06 9.86510535e-01
2.89008521e+06 9.80363346e-01
2.89016704e+06 9.79403483e-01
2.89034442e+06 9.82717667e-01
2.89200000e+06 1.04299587e+00
2.89400000e+06 1.07062912e+00
2.89600000e+06 1.08290683e+00
2.89700000e+06 1.08592573e+00
2.90000000e+06 1.09498243e+00
2.90500000e+06 1.10232446e+00
2.90750000e+06 1.10599547e+00
2.91000000e+06 1.10834141e+00
2.91500000e+06 1.11303329e+00
2.92000000e+06 1.11772518e+00
2.92500000e+06 1.12241708e+00
2.93000000e+06 1.12710899e+00
2.93500000e+06 1.13180091e+00
2.94000000e+06 1.13649285e+00
2.94500000e+06 1.14118480e+00
2.95000000e+06 1.14587677e+00
2.95500000e+06 1.15056876e+00
2.96000000e+06 1.15698954e+00
2.96500000e+06 1.16341034e+00
2.97000000e+06 1.16983117e+00
2.97500000e+06 1.17625204e+00
2.97750000e+06 1.17946248e+00
2.98000000e+06 1.18379201e+00
2.98500000e+06 1.19245111e+00
2.99000000e+06 1.20111026e+00
2.99500000e+06 1.21279119e+00
3.00000000e+06 1.23105566e+00
3.00050000e+06 1.23288212e+00
3.00150000e+06 1.24005182e+00
3.00250000e+06 1.24722155e+00
3.00300000e+06 1.25410006e+00
3.00400000e+06 1.26785711e+00
3.00493750e+06 1.29673280e+00
3.00531250e+06 1.32155009e+00
3.00535156e+06 1.32480047e+00
3.00570312e+06 1.35405345e+00
3.00573047e+06 1.35632871e+00
3.00589453e+06 1.37642392e+00
3.00593750e+06 1.38404527e+00
3.00602344e+06 1.39928833e+00
3.00606250e+06 1.40848081e+00
3.00613770e+06 1.42617675e+00
3.00624219e+06 1.45704425e+00
3.00625000e+06 1.45984907e+00
3.00630859e+06 1.48088665e+00
3.00639844e+06 1.52128964e+00
3.00643750e+06 1.54428932e+00
3.00646719e+06 1.56176959e+00
3.00652344e+06 1.60367164e+00
3.00657500e+06 1.65093748e+00
3.00660098e+06 1.67971094e+00
3.00662500e+06 1.70632005e+00
3.00665547e+06 1.74617736e+00
3.00667188e+06 1.76763848e+00
3.00671250e+06 1.82827177e+00
3.00671875e+06 1.83876074e+00
3.00676426e+06 1.91513384e+00
3.00676875e+06 1.92267247e+00
3.00679902e+06 1.97843822e+00
3.00683281e+06 2.04067868e+00
3.00686523e+06 2.10040106e+00
3.00689609e+06 2.15724430e+00
3.00690586e+06 2.17523357e+00
3.00692422e+06 2.20506283e+00
3.00695703e+06 2.25837657e+00
3.00696094e+06 2.26342583e+00
3.00699688e+06 2.30988124e+00
3.00700000e+06 2.31274495e+00
3.00703125e+06 2.34137199e+00
3.00704219e+06 2.34674791e+00
3.00706602e+06 2.35845912e+00
3.00708203e+06 2.36080796e+00
3.00708594e+06 2.35989017e+00
3.00711895e+06 2.35213428e+00
3.00714531e+06 2.33368661e+00
3.00716875e+06 2.30808070e+00
3.00717344e+06 2.30295886e+00
3.00720000e+06 2.26404080e+00
3.00720312e+06 2.25824659e+00
3.00723125e+06 2.20609870e+00
3.00723750e+06 2.19451028e+00
3.00725703e+06 2.15152356e+00
3.00726875e+06 2.12573418e+00
3.00727812e+06 2.10236849e+00
3.00729922e+06 2.04979509e+00
3.00732031e+06 1.99722169e+00
3.00732188e+06 1.99332866e+00
3.00734141e+06 1.94173050e+00
3.00735547e+06 1.90458257e+00
3.00737500e+06 1.85298708e+00
3.00739219e+06 1.80758115e+00
3.00741016e+06 1.76011205e+00
3.00741094e+06 1.75817876e+00
3.00743408e+06 1.70088556e+00
3.00745452e+06 1.65030073e+00
3.00745469e+06 1.64987991e+00
3.00747813e+06 1.59752791e+00
3.00749590e+06 1.55782725e+00
3.00750313e+06 1.54343706e+00
3.00752578e+06 1.49831885e+00
3.00753242e+06 1.48651312e+00
3.00755469e+06 1.44693258e+00
3.00756289e+06 1.43437521e+00
3.00759375e+06 1.38713547e+00
3.00760361e+06 1.37430813e+00
3.00762109e+06 1.35157680e+00
3.00765039e+06 1.31928167e+00
3.00765625e+06 1.31282309e+00
3.00769141e+06 1.28099878e+00
3.00774219e+06 1.24513397e+00
3.00778125e+06 1.22442411e+00
3.00778906e+06 1.22028181e+00
3.00784375e+06 1.19877897e+00
3.00784766e+06 1.19724274e+00
3.00790430e+06 1.18119967e+00
3.00791016e+06 1.17953985e+00
3.00795898e+06 1.17032566e+00
3.00800293e+06 1.16203292e+00
3.00800977e+06 1.16129733e+00
3.00806445e+06 1.15541357e+00
3.00809947e+06 1.15164587e+00
3.00813281e+06 1.14999842e+00
3.00818695e+06 1.14732324e+00
3.00822461e+06 1.14697975e+00
3.00827734e+06 1.14649874e+00
3.00829987e+06 1.14629327e+00
3.00845312e+06 1.14922360e+00
3.00886446e+06 1.15708863e+00
3.00951953e+06 1.17133726e+00
3.00993750e+06 1.18042863e+00
3.00999365e+06 1.18165002e+00
3.01015625e+06 1.18290497e+00
3.01110547e+06 1.19023100e+00
3.01630859e+06 1.21797883e+00
3.02000000e+06 1.23766479e+00
3.03000000e+06 1.26652755e+00
3.04000000e+06 1.29539072e+00
3.04500000e+06 1.30982257e+00
3.05000000e+06 1.32626263e+00
3.06000000e+06 1.35914341e+00
3.07000000e+06 1.39695528e+00
3.08000000e+06 1.43916279e+00
3.09000000e+06 1.48626250e+00
3.10000000e+06 1.53876050e+00
3.11000000e+06 1.59715277e+00
3.12000000e+06 1.66190710e+00
3.13000000e+06 1.73343134e+00
3.14000000e+06 1.81204003e+00
3.15000000e+06 1.89790390e+00
3.16000000e+06 1.99100605e+00
3.17000000e+06 2.09112548e+00
3.18000000e+06 2.19793646e+00
3.19000000e+06 2.31180044e+00
3.20000000e+06 2.44191307e+00
3.20100000e+06 2.45492575e+00
3.20150000e+06 2.46403875e+00
3.20300000e+06 2.49137935e+00
3.20400000e+06 2.50960799e+00
3.20500000e+06 2.53603611e+00
3.20550000e+06 2.54925200e+00
3.20600000e+06 2.56889329e+00
3.20687500e+06 2.60327077e+00
3.20700000e+06 2.61215029e+00
3.20762500e+06 2.65655185e+00
3.20793750e+06 2.67875501e+00
3.20800000e+06 2.68319634e+00
3.20806250e+06 2.69112185e+00
3.20834375e+06 2.72678963e+00
3.20875000e+06 2.77831292e+00
3.20887500e+06 2.79416792e+00
3.20893750e+06 2.80552899e+00
3.20906250e+06 2.82825325e+00
3.20909375e+06 2.83393485e+00
3.20920312e+06 2.86002075e+00
3.20933594e+06 2.89169908e+00
3.20937500e+06 2.90101692e+00
3.20946875e+06 2.92906633e+00
3.20950000e+06 2.93841685e+00
3.20957031e+06 2.96431590e+00
3.20970312e+06 3.01323917e+00
3.20975000e+06 3.03050772e+00
3.20982812e+06 3.06663396e+00
3.20992188e+06 3.10998857e+00
3.20993750e+06 3.11721497e+00
3.21003906e+06 3.17447244e+00
3.21006250e+06 3.18768636e+00
3.21012500e+06 3.23002668e+00
3.21021875e+06 3.29354093e+00
3.21025000e+06 3.31471381e+00
3.21031250e+06 3.36533412e+00
3.21037500e+06 3.41595777e+00
3.21039844e+06 3.43812114e+00
3.21048438e+06 3.51938983e+00
3.21057812e+06 3.62269361e+00
3.21062109e+06 3.67004448e+00
3.21067188e+06 3.73397085e+00
3.21075000e+06 3.83232502e+00
3.21077734e+06 3.87061369e+00
3.21087891e+06 4.01283510e+00
3.21089062e+06 4.02924492e+00
3.21098047e+06 4.16748846e+00
3.21106250e+06 4.29371578e+00
3.21114160e+06 4.41954960e+00
3.21124414e+06 4.58266470e+00
3.21131250e+06 4.69140470e+00
3.21134766e+06 4.73964611e+00
3.21140625e+06 4.82003917e+00
3.21142383e+06 4.83930693e+00
3.21149609e+06 4.91850478e+00
3.21150000e+06 4.92278497e+00
3.21156055e+06 4.96920874e+00
3.21159375e+06 4.99466207e+00
3.21163281e+06 5.01243492e+00
3.21167188e+06 5.03020119e+00
3.21171484e+06 5.03670772e+00
3.21176562e+06 5.04438877e+00
3.21179688e+06 5.03942906e+00
3.21184766e+06 5.03136148e+00
3.21186279e+06 5.02432931e+00
3.21192871e+06 4.99369603e+00
3.21192969e+06 4.99324229e+00
3.21200000e+06 4.93961219e+00
3.21200879e+06 4.93017058e+00
3.21206445e+06 4.87037115e+00
3.21209375e+06 4.83889493e+00
3.21212695e+06 4.79326563e+00
3.21218750e+06 4.71005503e+00
3.21220996e+06 4.67407702e+00
3.21231983e+06 4.49809501e+00
3.21234375e+06 4.45977046e+00
3.21255859e+06 4.10984471e+00
3.21256641e+06 4.09711986e+00
3.21268359e+06 3.92230434e+00
3.21269922e+06 3.89899655e+00
3.21280469e+06 3.75613967e+00
3.21282812e+06 3.72439606e+00
3.21289844e+06 3.63953812e+00
3.21294531e+06 3.58296972e+00
3.21298438e+06 3.54167109e+00
3.21304883e+06 3.47353077e+00
3.21306250e+06 3.46107459e+00
3.21314062e+06 3.38989659e+00
3.21316406e+06 3.36854410e+00
3.21323438e+06 3.31425721e+00
3.21330273e+06 3.26148108e+00
3.21332812e+06 3.24495185e+00
3.21342188e+06 3.18392369e+00
3.21343750e+06 3.17375307e+00
3.21353125e+06 3.12307459e+00
3.21357812e+06 3.09773744e+00
3.21362500e+06 3.07714713e+00
3.21373047e+06 3.03082278e+00
3.21374219e+06 3.02567590e+00
3.21382031e+06 2.99824898e+00
3.21391406e+06 2.96533938e+00
3.21392969e+06 2.96113383e+00
3.21403125e+06 2.93380087e+00
3.21409375e+06 2.91698220e+00
3.21414453e+06 2.90725605e+00
3.21428613e+06 2.88013883e+00
3.21446875e+06 2.84517018e+00
3.21466211e+06 2.81634643e+00
3.21489062e+06 2.78228474e+00
3.21493750e+06 2.77529862e+00
3.21504688e+06 2.76607157e+00
3.21519531e+06 2.75355178e+00
3.21540625e+06 2.73576307e+00
3.21550000e+06 2.72785765e+00
3.21587500e+06 2.70810413e+00
3.21600000e+06 2.70152109e+00
3.21606250e+06 2.70038956e+00
3.21750000e+06 2.67438339e+00
3.21800000e+06 2.66533987e+00
3.22000000e+06 2.66769513e+00
3.22025000e+06 2.66799106e+00
3.23000000e+06 2.75484007e+00
3.24000000e+06 2.85277557e+00
3.24500000e+06 2.90174606e+00
3.26000000e+06 3.03064274e+00
3.27000000e+06 3.10048833e+00
3.27097656e+06 3.10599718e+00
3.28000000e+06 3.15689877e+00
3.28375000e+06 3.17299435e+00
3.29000000e+06 3.19981919e+00
3.29500000e+06 3.21483159e+00
3.30000000e+06 3.22984258e+00
3.30500000e+06 3.23897514e+00
3.31000000e+06 3.24810630e+00
3.31500000e+06 3.25209223e+00
3.32000000e+06 3.25607670e+00
3.32500000e+06 3.25347502e+00
3.34000000e+06 3.24566497e+00
3.36000000e+06 3.22023099e+00
3.41000000e+06 3.13596253e+00
3.42000000e+06 3.11911423e+00
3.43000000e+06 3.10229861e+00
3.43200000e+06 3.09895978e+00
3.43387500e+06 3.10453121e+00
3.43412500e+06 3.10528516e+00
3.43460889e+06 3.10676276e+00
3.43559583e+06 3.10978916e+00
3.43571533e+06 3.11016452e+00
3.43575000e+06 3.11027721e+00
3.43580469e+06 3.11176302e+00
3.43587500e+06 3.11368295e+00
3.43593750e+06 3.11539890e+00
3.43598438e+06 3.11669246e+00
3.43600000e+06 3.11712596e+00
3.43604688e+06 3.12040088e+00
3.43609375e+06 3.12368263e+00
3.43617188e+06 3.12916397e+00
3.43626660e+06 3.13582580e+00
3.43641913e+06 3.14657318e+00
3.43731836e+06 3.21000528e+00
3.43738065e+06 3.21516307e+00
3.43754663e+06 3.22891786e+00
3.43765430e+06 3.23786292e+00
3.43772608e+06 3.24385448e+00
3.43775781e+06 3.24651950e+00
3.43777930e+06 3.25052938e+00
3.43783008e+06 3.26003858e+00
3.43787500e+06 3.26848401e+00
3.43787500e+06 3.26848435e+00
3.43791797e+06 3.28313426e+00
3.43795312e+06 3.29515390e+00
3.43798359e+06 3.30559932e+00
3.43800000e+06 3.31123899e+00
3.43801172e+06 3.31795857e+00
3.43803750e+06 3.33276579e+00
3.43806250e+06 3.34714903e+00
3.43808750e+06 3.36155854e+00
3.43810000e+06 3.36877748e+00
3.43811250e+06 3.37928908e+00
3.43813750e+06 3.40034275e+00
3.43816250e+06 3.42142901e+00
3.43817500e+06 3.43198950e+00
3.43818750e+06 3.44628404e+00
3.43821250e+06 3.47490988e+00
3.43823750e+06 3.50357446e+00
3.43825000e+06 3.51792701e+00
3.43826250e+06 3.53622963e+00
3.43828750e+06 3.57287696e+00
3.43830625e+06 3.60039496e+00
3.43831250e+06 3.61172101e+00
3.43833750e+06 3.65706935e+00
3.43837500e+06 3.72517494e+00
3.43841250e+06 3.80917333e+00
3.43845000e+06 3.89326275e+00
3.43849375e+06 4.00820854e+00
3.43851250e+06 4.05751039e+00
3.43855938e+06 4.19551095e+00
3.43860312e+06 4.32433087e+00
3.43863594e+06 4.42425570e+00
3.43867656e+06 4.54788900e+00
3.43870312e+06 4.62864678e+00
3.43871562e+06 4.66313695e+00
3.43874844e+06 4.75355395e+00
3.43877500e+06 4.82662224e+00
3.43878750e+06 4.85520602e+00
3.43882500e+06 4.94073717e+00
3.43882812e+06 4.94784805e+00
3.43885000e+06 4.98634667e+00
3.43887461e+06 5.02954732e+00
3.43887500e+06 5.03022974e+00
3.43890938e+06 5.06872785e+00
3.43893125e+06 5.09309825e+00
3.43893594e+06 5.09487628e+00
3.43896250e+06 5.10481700e+00
3.43898672e+06 5.11376641e+00
3.43898750e+06 5.11359232e+00
3.43902188e+06 5.10574491e+00
3.43902500e+06 5.10347554e+00
3.43906250e+06 5.07602529e+00
3.43906875e+06 5.07142182e+00
3.43909375e+06 5.04019447e+00
3.43911875e+06 5.00887217e+00
3.43913438e+06 4.98167852e+00
3.43917773e+06 4.90607684e+00
3.43919062e+06 4.88357595e+00
3.43930625e+06 4.63803370e+00
3.43935000e+06 4.54520314e+00
3.43938750e+06 4.46571222e+00
3.43940625e+06 4.42600994e+00
3.43942500e+06 4.39093587e+00
3.43946250e+06 4.32088194e+00
3.43947500e+06 4.29756307e+00
3.43950000e+06 4.25816864e+00
3.43952500e+06 4.21882806e+00
3.43955000e+06 4.17952952e+00
3.43957500e+06 4.14822509e+00
3.43960000e+06 4.11695952e+00
3.43962500e+06 4.08573082e+00
3.43965625e+06 4.05649871e+00
3.43968438e+06 4.03023263e+00
3.43970625e+06 4.00983247e+00
3.43971250e+06 4.00591456e+00
3.43974062e+06 3.98831818e+00
3.43976875e+06 3.97075309e+00
3.43980000e+06 3.95127292e+00
3.43980625e+06 3.94919095e+00
3.43984375e+06 3.93674377e+00
3.43988125e+06 3.92433583e+00
3.43990703e+06 3.91582877e+00
3.43991875e+06 3.91447141e+00
3.43995625e+06 3.91015766e+00
3.43997812e+06 3.90765690e+00
3.43999531e+06 3.90865590e+00
3.44003906e+06 3.91122778e+00
3.44007656e+06 3.91345532e+00
3.44008594e+06 3.91588479e+00
3.44013867e+06 3.92958005e+00
3.44018848e+06 3.94253832e+00
3.44021328e+06 3.94900260e+00
3.44025000e+06 3.96540360e+00
3.44031250e+06 3.99334562e+00
3.44032812e+06 4.00033665e+00
3.44037500e+06 4.03038247e+00
3.44043750e+06 4.07046427e+00
3.44045312e+06 4.08049005e+00
3.44050781e+06 4.12676204e+00
3.44054688e+06 4.15982447e+00
3.44055859e+06 4.17215109e+00
3.44063815e+06 4.25586133e+00
3.44064081e+06 4.25865526e+00
3.44067188e+06 4.29135048e+00
3.44071250e+06 4.34262565e+00
3.44078418e+06 4.43313310e+00
3.44080078e+06 4.45409815e+00
3.44085938e+06 4.53809153e+00
3.44090625e+06 4.60529714e+00
3.44093750e+06 4.65539321e+00
3.44103125e+06 4.80570073e+00
3.44126562e+06 5.18151167e+00
3.44128906e+06 5.21321631e+00
3.44134766e+06 5.29246234e+00
3.44137500e+06 5.32129915e+00
3.44141016e+06 5.35836439e+00
3.44145508e+06 5.38841626e+00
3.44149219e+06 5.41322778e+00
3.44151172e+06 5.41815847e+00
3.44155078e+06 5.42800732e+00
3.44156836e+06 5.42581838e+00
3.44161914e+06 5.41947847e+00
3.44162500e+06 5.41657227e+00
3.44168750e+06 5.38555045e+00
3.44169531e+06 5.37883772e+00
3.44176562e+06 5.31840602e+00
3.44178125e+06 5.30497233e+00
3.44185938e+06 5.21289966e+00
3.44187500e+06 5.19448137e+00
3.44195312e+06 5.08196014e+00
3.44200000e+06 5.01443733e+00
3.44209375e+06 4.86058611e+00
3.44212500e+06 4.80930069e+00
3.44235547e+06 4.41412101e+00
3.44242188e+06 4.30026456e+00
3.44243750e+06 4.27672850e+00
3.44251562e+06 4.15906088e+00
3.44253125e+06 4.13851955e+00
3.44259375e+06 4.05636449e+00
3.44261719e+06 4.02555946e+00
3.44268750e+06 3.94790318e+00
3.44274219e+06 3.88751245e+00
3.44278906e+06 3.84526741e+00
3.44287695e+06 3.76607010e+00
3.44289062e+06 3.75375285e+00
3.44295312e+06 3.70796231e+00
3.44301562e+06 3.66217841e+00
3.44304688e+06 3.64384315e+00
3.44315234e+06 3.58197341e+00
3.44315625e+06 3.57968250e+00
3.44327832e+06 3.52388131e+00
3.44334375e+06 3.49397848e+00
3.44342285e+06 3.46638109e+00
3.44353125e+06 3.42857180e+00
3.44357812e+06 3.41663405e+00
3.44376562e+06 3.36889739e+00
3.44378125e+06 3.36492020e+00
3.44393750e+06 3.33661476e+00
3.44409375e+06 3.30831674e+00
3.44412500e+06 3.30441538e+00
3.44437500e+06 3.27321424e+00
3.44450000e+06 3.25761864e+00
3.44468750e+06 3.24264073e+00
3.44500000e+06 3.21768659e+00
3.44600000e+06 3.17252417e+00
3.44700000e+06 3.15078810e+00
3.44750000e+06 3.13992737e+00
3.44800000e+06 3.13515192e+00
3.45000000e+06 3.11607022e+00
3.45984375e+06 3.09029320e+00
3.46000000e+06 3.08988439e+00
3.46312500e+06 3.08797093e+00
3.48000000e+06 3.07765113e+00
3.50000000e+06 3.07722546e+00
3.52000000e+06 3.08448210e+00
3.54000000e+06 3.09175471e+00
3.56000000e+06 3.09904630e+00
3.58000000e+06 3.10636054e+00
3.59980729e+06 3.11363136e+00
3.60000000e+06 3.11370210e+00
3.62000000e+06 3.10659026e+00
3.63000000e+06 3.10305902e+00
3.63400000e+06 3.10166715e+00
3.63600000e+06 3.10099389e+00
3.63787500e+06 3.10041711e+00
3.63812500e+06 3.10036052e+00
3.63863086e+06 3.10028187e+00
3.63948779e+06 3.10016641e+00
3.63977344e+06 3.10013412e+00
3.63992188e+06 3.10013480e+00
3.64006250e+06 3.10015742e+00
3.64018750e+06 3.10019966e+00
3.64029297e+06 3.10025456e+00
3.64037500e+06 3.10031223e+00
3.64046094e+06 3.10038998e+00
3.64053906e+06 3.10047931e+00
3.64061719e+06 3.10059030e+00
3.64068164e+06 3.10070213e+00
3.64073535e+06 3.10081307e+00
3.64079395e+06 3.10095765e+00
3.64084375e+06 3.10110511e+00
3.64089063e+06 3.10127002e+00
3.64093359e+06 3.10144895e+00
3.64097656e+06 3.10166108e+00
3.64101074e+06 3.10185921e+00
3.64104297e+06 3.10207537e+00
3.64107812e+06 3.10235096e+00
3.64110449e+06 3.10259061e+00
3.64112940e+06 3.10284785e+00
3.64115869e+06 3.10319573e+00
3.64118555e+06 3.10356501e+00
3.64121094e+06 3.10396584e+00
3.64123438e+06 3.10438686e+00
3.64125781e+06 3.10486313e+00
3.64128076e+06 3.10538918e+00
3.64130176e+06 3.10592736e+00
3.64132031e+06 3.10645199e+00
3.64134033e+06 3.10707338e+00
3.64134375e+06 3.10718957e+00
3.64135938e+06 3.10775301e+00
3.64138281e+06 3.10867791e+00
3.64140625e+06 3.10969515e+00
3.64142578e+06 3.11061582e+00
3.64144922e+06 3.11181026e+00
3.64147266e+06 3.11310315e+00
3.64149610e+06 3.11449382e+00
3.64152344e+06 3.11623608e+00
3.64154688e+06 3.11782675e+00
3.64157031e+06 3.11950005e+00
3.64161108e+06 3.12257958e+00
3.64167065e+06 3.12734462e+00
3.64175293e+06 3.13400056e+00
3.64179297e+06 3.13705400e+00
3.64182812e+06 3.13952798e+00
3.64185938e+06 3.14150967e+00
3.64188867e+06 3.14314310e+00
3.64191406e+06 3.14435931e+00
3.64194922e+06 3.14570644e+00
3.64198438e+06 3.14663433e+00
3.64200000e+06 3.14685676e+00
3.64201807e+06 3.14706240e+00
3.64203906e+06 3.14709703e+00
3.64207422e+06 3.14681000e+00
3.64209766e+06 3.14638738e+00
3.64212500e+06 3.14567456e+00
3.64215625e+06 3.14459310e+00
3.64218555e+06 3.14334884e+00
3.64221484e+06 3.14191276e+00
3.64225000e+06 3.13998158e+00
3.64229688e+06 3.13714709e+00
3.64245312e+06 3.12703506e+00
3.64250195e+06 3.12404620e+00
3.64253711e+06 3.12201322e+00
3.64257422e+06 3.11998983e+00
3.64260938e+06 3.11819462e+00
3.64264160e+06 3.11665375e+00
3.64267773e+06 3.11504292e+00
3.64271582e+06 3.11347349e+00
3.64275391e+06 3.11202898e+00
3.64278516e+06 3.11093196e+00
3.64281641e+06 3.10991049e+00
3.64285059e+06 3.10887597e+00
3.64287793e+06 3.10810830e+00
3.64290527e+06 3.10739219e+00
3.64293262e+06 3.10672630e+00
3.64296289e+06 3.10604609e+00
3.64299219e+06 3.10544321e+00
3.64302734e+06 3.10478906e+00
3.64306250e+06 3.10420695e+00
3.64309766e+06 3.10369246e+00
3.64312500e+06 3.10333567e+00
3.64315625e+06 3.10297050e+00
3.64318750e+06 3.10264647e+00
3.64322266e+06 3.10232528e+00
3.64325781e+06 3.10204350e+00
3.64329297e+06 3.10179460e+00
3.64333106e+06 3.10155499e+00
3.64337549e+06 3.10130593e+00
3.64342969e+06 3.10103399e+00
3.64351172e+06 3.10066342e+00
3.64362793e+06 3.10018086e+00
3.64375879e+06 3.09967198e+00
3.64383789e+06 3.09938607e+00
3.64390430e+06 3.09916368e+00
3.64396484e+06 3.09897763e+00
3.64402930e+06 3.09879853e+00
3.64409766e+06 3.09862988e+00
3.64417700e+06 3.09845905e+00
3.64427051e+06 3.09828494e+00
3.64440637e+06 3.09806384e+00
3.64500806e+06 3.09717684e+00
3.64575098e+06 3.09609603e+00
3.64601562e+06 3.09572730e+00
3.64618750e+06 3.09550561e+00
3.64800000e+06 3.09331508e+00
3.65000000e+06 3.09096901e+00
3.66078125e+06 3.07850892e+00
3.68000000e+06 3.05639005e+00
3.70000000e+06 3.03345199e+00
3.71000000e+06 3.02201592e+00
3.72000000e+06 3.02702936e+00
3.73000000e+06 3.06004132e+00
3.74000000e+06 3.16600697e+00
3.74900000e+06 3.44337515e+00
3.75100000e+06 3.55786252e+00
3.75200000e+06 3.63389158e+00
3.75300000e+06 3.70993116e+00
3.75500000e+06 3.90862197e+00
3.75700000e+06 4.16672175e+00
3.75900000e+06 4.49468863e+00
3.76100000e+06 4.88958273e+00
3.76300000e+06 5.31387390e+00
3.76500000e+06 5.67446940e+00
3.76700000e+06 5.84135475e+00
3.76900000e+06 5.73516027e+00
3.77100000e+06 5.40217470e+00
3.77200000e+06 5.18739484e+00
3.77500000e+06 4.54302044e+00
3.77700000e+06 4.17856436e+00
3.77900000e+06 3.88570267e+00
3.77950000e+06 3.82828588e+00
3.78100000e+06 3.65605354e+00
3.78200000e+06 3.56640609e+00
3.78300000e+06 3.47677158e+00
3.78500000e+06 3.33593265e+00
3.78600000e+06 3.27996822e+00
3.78700000e+06 3.22401528e+00
3.78900000e+06 3.13384299e+00
3.79100000e+06 3.06011341e+00
3.79300000e+06 2.99910962e+00
3.79600000e+06 2.92556744e+00
3.79900000e+06 2.86641131e+00
3.81000000e+06 2.72290120e+00
3.82000000e+06 2.64054513e+00
3.83000000e+06 2.57885475e+00
3.84000000e+06 2.53061287e+00
3.84500000e+06 2.50654178e+00
3.85000000e+06 2.48717571e+00
3.86000000e+06 2.44855474e+00
3.86500000e+06 2.42930659e+00
3.87000000e+06 2.41387863e+00
3.88000000e+06 2.38316301e+00
3.88500000e+06 2.36788443e+00
3.89000000e+06 2.35596970e+00
3.90000000e+06 2.33231988e+00
3.91000000e+06 2.30887490e+00
3.92000000e+06 2.29320813e+00
3.93000000e+06 2.27781472e+00
3.94000000e+06 2.26274359e+00
3.95000000e+06 2.24805978e+00
3.96000000e+06 2.23385225e+00
3.97000000e+06 2.22024512e+00
3.97500000e+06 2.21382826e+00
3.98000000e+06 2.20230803e+00
3.99000000e+06 2.18027360e+00
4.00000000e+06 2.14127585e+00
4.01000000e+06 2.07858341e+00
4.02000000e+06 1.97974244e+00
4.03000000e+06 1.83511097e+00
4.04000000e+06 1.65378171e+00
4.05000000e+06 1.47501657e+00
4.06000000e+06 1.34414170e+00
4.07000000e+06 1.27223685e+00
4.08000000e+06 1.23937883e+00
4.09000000e+06 1.22436887e+00
4.09500000e+06 1.21838548e+00
4.10000000e+06 1.21484083e+00
4.11000000e+06 1.21130672e+00
4.12000000e+06 1.22909548e+00
4.13000000e+06 1.29016648e+00
4.14000000e+06 1.42515177e+00
4.15000000e+06 1.65068169e+00
4.16000000e+06 1.92724782e+00
4.17000000e+06 2.15520667e+00
4.18000000e+06 2.25916477e+00
4.19000000e+06 2.24537381e+00
4.20000000e+06 2.16089054e+00
4.21000000e+06 2.04580539e+00
4.22000000e+06 1.92300126e+00
4.23000000e+06 1.80287600e+00
4.24000000e+06 1.68547287e+00
4.25000000e+06 1.58063257e+00
4.26000000e+06 1.49388956e+00
4.27000000e+06 1.44360922e+00
4.27500000e+06 1.44463604e+00
4.28000000e+06 1.47573128e+00
4.28500000e+06 1.55058163e+00
4.29000000e+06 1.68537884e+00
4.29500000e+06 1.89125039e+00
4.30000000e+06 2.16072136e+00
4.30500000e+06 2.45792752e+00
4.31000000e+06 2.72997598e+00
4.31500000e+06 2.93384341e+00
4.32000000e+06 3.05249262e+00
4.32500000e+06 3.09203792e+00
4.33000000e+06 3.07083805e+00
4.33500000e+06 3.00986728e+00
4.34000000e+06 2.92667086e+00
4.34500000e+06 2.83382801e+00
4.35000000e+06 2.74223529e+00
4.36000000e+06 2.56240013e+00
4.37000000e+06 2.40909779e+00
4.38000000e+06 2.28033471e+00
4.39000000e+06 2.17281715e+00
4.40000000e+06 2.08304897e+00
4.40500000e+06 2.04562941e+00
4.41000000e+06 2.00845550e+00
4.41500000e+06 1.97797531e+00
4.42000000e+06 1.94777360e+00
4.42500000e+06 1.92444491e+00
4.43000000e+06 1.90160222e+00
4.43500000e+06 1.88637997e+00
4.43750000e+06 1.87944174e+00
4.44000000e+06 1.87533930e+00
4.44500000e+06 1.86981302e+00
4.44968750e+06 1.86993645e+00
4.45000000e+06 1.87004706e+00
4.45100000e+06 1.87130475e+00
4.45150000e+06 1.87232135e+00
4.45200000e+06 1.87135545e+00
4.45300000e+06 1.87023381e+00
4.45400000e+06 1.87006911e+00
4.45500000e+06 1.86488727e+00
4.45550000e+06 1.86293527e+00
4.45600000e+06 1.85773539e+00
4.45650000e+06 1.85322379e+00
4.45700000e+06 1.84462223e+00
4.45775000e+06 1.83272895e+00
4.45800000e+06 1.82572693e+00
4.45900000e+06 1.79893123e+00
4.46000000e+06 1.75912960e+00
4.46100000e+06 1.70731748e+00
4.46200000e+06 1.64505240e+00
4.46275000e+06 1.59592084e+00
4.46300000e+06 1.57893705e+00
4.46375000e+06 1.52592037e+00
4.46387500e+06 1.51670488e+00
4.46417188e+06 1.49920621e+00
4.46493750e+06 1.45204119e+00
4.46500000e+06 1.44795426e+00
4.46600000e+06 1.39949388e+00
4.46700000e+06 1.36509358e+00
4.46800000e+06 1.34380459e+00
4.46900000e+06 1.33379214e+00
4.46925000e+06 1.33153784e+00
4.47000000e+06 1.32980872e+00
4.47050000e+06 1.32925203e+00
4.47100000e+06 1.33049631e+00
4.47200000e+06 1.33422373e+00
4.47300000e+06 1.33911763e+00
4.47400000e+06 1.34504959e+00
4.47500000e+06 1.35187665e+00
4.47550000e+06 1.35566938e+00
4.47600000e+06 1.35802026e+00
4.47700000e+06 1.36335881e+00
4.47800000e+06 1.36923006e+00
4.47850000e+06 1.37238840e+00
4.47900000e+06 1.37407006e+00
4.48000000e+06 1.37780653e+00
4.48100000e+06 1.38185658e+00
4.48150000e+06 1.38401407e+00
4.48200000e+06 1.38485488e+00
4.48300000e+06 1.38676712e+00
4.48450000e+06 1.38998885e+00
4.48550000e+06 1.39234964e+00
4.48600000e+06 1.39242489e+00
4.48750000e+06 1.39294477e+00
4.49000000e+06 1.39428568e+00
4.49500000e+06 1.38996084e+00
4.50000000e+06 1.38078416e+00
4.50500000e+06 1.36779733e+00
4.51000000e+06 1.35615725e+00
4.51500000e+06 1.34742706e+00
4.51575000e+06 1.34666930e+00
4.51600000e+06 1.34757144e+00
4.51700000e+06 1.35175186e+00
4.51725000e+06 1.35297263e+00
4.51800000e+06 1.36042742e+00
4.51875000e+06 1.36856067e+00
4.51887500e+06 1.37108682e+00
4.51937500e+06 1.38172171e+00
4.51987500e+06 1.39270177e+00
4.51993750e+06 1.39508801e+00
4.52031250e+06 1.40993817e+00
4.52078125e+06 1.42879415e+00
4.52100000e+06 1.43790936e+00
4.52109375e+06 1.44394074e+00
4.52148438e+06 1.46966944e+00
4.52184375e+06 1.49374510e+00
4.52187500e+06 1.49589942e+00
4.52200000e+06 1.50700576e+00
4.52208594e+06 1.51641247e+00
4.52241992e+06 1.55367993e+00
4.52275000e+06 1.59095563e+00
4.52276367e+06 1.59286798e+00
4.52300000e+06 1.62646921e+00
4.52323047e+06 1.66640491e+00
4.52325000e+06 1.66983517e+00
4.52355078e+06 1.73049085e+00
4.52371875e+06 1.76465079e+00
4.52384375e+06 1.79413234e+00
4.52396875e+06 1.82399049e+00
4.52401562e+06 1.83670445e+00
4.52406250e+06 1.84956882e+00
4.52422656e+06 1.90026936e+00
4.52450000e+06 1.98554817e+00
4.52461719e+06 2.02597552e+00
4.52487500e+06 2.11525056e+00
4.52512500e+06 2.21397582e+00
4.52547656e+06 2.36768150e+00
4.52581250e+06 2.51439240e+00
4.52600000e+06 2.59537274e+00
4.52601562e+06 2.60166948e+00
4.52621875e+06 2.68229508e+00
4.52652734e+06 2.80318388e+00
4.52660938e+06 2.83493353e+00
4.52679297e+06 2.89579270e+00
4.52687500e+06 2.92232503e+00
4.52693750e+06 2.93709433e+00
4.52700000e+06 2.95147680e+00
4.52706250e+06 2.96547914e+00
4.52712500e+06 2.97397995e+00
4.52725000e+06 2.99006518e+00
4.52751367e+06 3.00369518e+00
4.52760156e+06 3.00794734e+00
4.52771484e+06 3.00894241e+00
4.52780664e+06 3.00935593e+00
4.52792969e+06 3.00146285e+00
4.52801172e+06 2.99568136e+00
4.52813281e+06 2.97763932e+00
4.52818750e+06 2.96915553e+00
4.52842578e+06 2.91530636e+00
4.52864453e+06 2.86547693e+00
4.52900000e+06 2.77400632e+00
4.52902344e+06 2.76802134e+00
4.52971094e+06 2.57589538e+00
4.52990625e+06 2.52182495e+00
4.53000000e+06 2.49615021e+00
4.53009375e+06 2.47307621e+00
4.53035938e+06 2.40851820e+00
4.53074609e+06 2.31538282e+00
4.53093750e+06 2.26974778e+00
4.53101562e+06 2.25440830e+00
4.53120508e+06 2.21778178e+00
4.53143750e+06 2.17332855e+00
4.53150977e+06 2.16085628e+00
4.53183594e+06 2.10497658e+00
4.53200000e+06 2.07716933e+00
4.53206250e+06 2.06881778e+00
4.53250000e+06 2.01135158e+00
4.53293750e+06 1.95451138e+00
4.53300000e+06 1.94649618e+00
4.53325000e+06 1.92185190e+00
4.53387500e+06 1.86111880e+00
4.53400000e+06 1.84913803e+00
4.53425000e+06 1.83055627e+00
4.53487500e+06 1.78467396e+00
4.53500000e+06 1.77564081e+00
4.53543750e+06 1.75065767e+00
4.53587500e+06 1.72582345e+00
4.53600000e+06 1.71883720e+00
4.53687500e+06 1.67941715e+00
4.53700000e+06 1.67388827e+00
4.53800000e+06 1.63773165e+00
4.53900000e+06 1.60930203e+00
4.53950000e+06 1.59528006e+00
4.54000000e+06 1.58443118e+00
4.54100000e+06 1.56302218e+00
4.54150000e+06 1.55243029e+00
4.54200000e+06 1.54449345e+00
4.54350000e+06 1.52099402e+00
4.54400000e+06 1.51324619e+00
4.54500000e+06 1.50174940e+00
4.54700000e+06 1.47906557e+00
4.54950000e+06 1.45763554e+00
4.55000000e+06 1.45342142e+00
4.55500000e+06 1.42131619e+00
4.56000000e+06 1.39713990e+00
4.56500000e+06 1.37888455e+00
4.56750000e+06 1.37004651e+00
4.57000000e+06 1.36310731e+00
4.57500000e+06 1.35019710e+00
4.58000000e+06 1.34330123e+00
4.58375000e+06 1.34687220e+00
4.58500000e+06 1.34837934e+00
4.58575000e+06 1.35223096e+00
4.58600000e+06 1.35367489e+00
4.58700000e+06 1.36015276e+00
4.58775000e+06 1.36865943e+00
4.58800000e+06 1.37171030e+00
4.58875000e+06 1.38160629e+00
4.58900000e+06 1.38516806e+00
4.58950000e+06 1.39719457e+00
4.59000000e+06 1.40981264e+00
4.59050000e+06 1.43028345e+00
4.59100000e+06 1.45151613e+00
4.59150000e+06 1.48537319e+00
4.59165625e+06 1.49620372e+00
4.59196875e+06 1.52643992e+00
4.59200000e+06 1.53072104e+00
4.59222656e+06 1.56225304e+00
4.59258594e+06 1.62208682e+00
4.59275000e+06 1.65392967e+00
4.59285938e+06 1.67533968e+00
4.59300625e+06 1.71197915e+00
4.59314062e+06 1.75390253e+00
4.59326875e+06 1.80349104e+00
4.59339062e+06 1.86125779e+00
4.59350000e+06 1.92374208e+00
4.59360000e+06 1.99149521e+00
4.59370000e+06 2.07130786e+00
4.59379375e+06 2.15898841e+00
4.59387500e+06 2.24658994e+00
4.59395000e+06 2.33813082e+00
4.59402500e+06 2.44064990e+00
4.59410000e+06 2.55440969e+00
4.59417500e+06 2.67900904e+00
4.59430000e+06 2.90666632e+00
4.59442500e+06 3.14494199e+00
4.59450000e+06 3.28767112e+00
4.59458750e+06 3.43861897e+00
4.59466250e+06 3.54829619e+00
4.59467500e+06 3.56268464e+00
4.59472500e+06 3.61996962e+00
4.59477500e+06 3.66184091e+00
4.59482500e+06 3.68841123e+00
4.59487500e+06 3.69839207e+00
4.59492500e+06 3.69172525e+00
4.59497500e+06 3.66860876e+00
4.59501250e+06 3.63950849e+00
4.59502500e+06 3.62974325e+00
4.59508047e+06 3.56769528e+00
4.59509375e+06 3.55277827e+00
4.59515000e+06 3.47252179e+00
4.59522500e+06 3.34714858e+00
4.59529375e+06 3.21732195e+00
4.59534453e+06 3.12120352e+00
4.59551250e+06 2.79455199e+00
4.59553750e+06 2.74976623e+00
4.59562500e+06 2.59275662e+00
4.59570000e+06 2.47123917e+00
4.59577500e+06 2.36138550e+00
4.59585000e+06 2.26322452e+00
4.59592500e+06 2.17621952e+00
4.59600625e+06 2.09352406e+00
4.59603750e+06 2.06612214e+00
4.59610000e+06 2.01114782e+00
4.59620000e+06 1.93654802e+00
4.59630000e+06 1.87353197e+00
4.59635000e+06 1.84708289e+00
4.59641250e+06 1.81386935e+00
4.59653125e+06 1.76130138e+00
4.59664375e+06 1.71965697e+00
4.59675000e+06 1.68704308e+00
4.59677500e+06 1.67930215e+00
4.59692969e+06 1.64077984e+00
4.59711797e+06 1.60446271e+00
4.59740938e+06 1.56152993e+00
4.59742188e+06 1.55967978e+00
4.59774609e+06 1.51847849e+00
4.59800000e+06 1.49170376e+00
4.59825000e+06 1.47257709e+00
4.59975781e+06 1.39754162e+00
4.60000000e+06 1.38604991e+00
4.60001562e+06 1.38562241e+00
4.60028125e+06 1.37906887e+00
4.60075781e+06 1.36793605e+00
4.60170312e+06 1.34639387e+00
4.60200000e+06 1.33998759e+00
4.60212500e+06 1.33831310e+00
4.60287500e+06 1.32933952e+00
4.60393750e+06 1.31734418e+00
4.60400000e+06 1.31675726e+00
4.60450000e+06 1.31350849e+00
4.60500000e+06 1.31039556e+00
4.60600000e+06 1.30464639e+00
4.60775000e+06 1.29672355e+00
4.60800000e+06 1.29572044e+00
4.61000000e+06 1.29275460e+00
4.61200000e+06 1.29138294e+00
4.61375000e+06 1.29153129e+00
4.61400000e+06 1.29214093e+00
4.61600000e+06 1.29879172e+00
4.61775000e+06 1.30652454e+00
4.61800000e+06 1.30782066e+00
4.61843750e+06 1.31052389e+00
4.61950000e+06 1.31963766e+00
4.62000000e+06 1.32439565e+00
4.62100000e+06 1.33892897e+00
4.62187500e+06 1.35236960e+00
4.62200000e+06 1.35459381e+00
4.62212500e+06 1.35751249e+00
4.62260547e+06 1.36980786e+00
4.62367188e+06 1.39796933e+00
4.62393750e+06 1.40563045e+00
4.62400000e+06 1.40764083e+00
4.62409375e+06 1.41155462e+00
4.62439844e+06 1.42527972e+00
4.62566406e+06 1.48508312e+00
4.62596875e+06 1.50040125e+00
4.62600000e+06 1.50211083e+00
4.62617969e+06 1.51379420e+00
4.62639844e+06 1.52893018e+00
4.62665625e+06 1.54778241e+00
4.62675000e+06 1.55500003e+00
4.62695312e+06 1.57243376e+00
4.62723438e+06 1.59775214e+00
4.62750000e+06 1.62283492e+00
4.62776562e+06 1.65161504e+00
4.62804688e+06 1.68343562e+00
4.62834375e+06 1.71850850e+00
4.62850000e+06 1.73776658e+00
4.62865625e+06 1.75779775e+00
4.62909766e+06 1.81696028e+00
4.63000000e+06 1.94084420e+00
4.63037500e+06 1.98495805e+00
4.63050000e+06 1.99861075e+00
4.63062500e+06 2.00952344e+00
4.63087500e+06 2.02876571e+00
4.63112500e+06 2.04478173e+00
4.63134375e+06 2.04980596e+00
4.63154688e+06 2.05171624e+00
4.63156250e+06 2.05169444e+00
4.63165625e+06 2.04919474e+00
4.63186133e+06 2.04153922e+00
4.63200000e+06 2.03451234e+00
4.63206641e+06 2.02959667e+00
4.63225000e+06 2.01361523e+00
4.63250000e+06 1.98864991e+00
4.63275000e+06 1.95553933e+00
4.63300000e+06 1.91979775e+00
4.63337500e+06 1.86288763e+00
4.63425000e+06 1.72523081e+00
4.63437500e+06 1.70660875e+00
4.63475000e+06 1.65207088e+00
4.63500000e+06 1.61687235e+00
4.63537500e+06 1.57096588e+00
4.63562500e+06 1.54164664e+00
4.63575000e+06 1.52758588e+00
4.63590625e+06 1.51190634e+00
4.63618750e+06 1.48497618e+00
4.63650000e+06 1.45646253e+00
4.63681250e+06 1.43250335e+00
4.63700000e+06 1.41879373e+00
4.63725000e+06 1.40136386e+00
4.63737500e+06 1.39367726e+00
4.63762500e+06 1.37916051e+00
4.63787500e+06 1.36551111e+00
4.63800000e+06 1.35918366e+00
4.63812500e+06 1.35393107e+00
4.63860547e+06 1.33551273e+00
4.63967188e+06 1.29596068e+00
4.63993750e+06 1.28681183e+00
4.64000000e+06 1.28490115e+00
4.64011719e+06 1.28236724e+00
4.64036621e+06 1.27786497e+00
4.64326904e+06 1.23124154e+00
4.64455078e+06 1.21075344e+00
4.64492188e+06 1.20519202e+00
4.64500000e+06 1.20418108e+00
4.64511719e+06 1.20311402e+00
4.64553223e+06 1.20020076e+00
4.64688233e+06 1.19136519e+00
4.64968750e+06 1.17324233e+00
4.65000000e+06 1.17140786e+00
4.65250000e+06 1.16201625e+00
4.65500000e+06 1.15299427e+00
4.66000000e+06 1.13794062e+00
4.67000000e+06 1.11539389e+00
4.68000000e+06 1.09494959e+00
4.69000000e+06 1.07539385e+00
4.70000000e+06 1.05630932e+00
4.71000000e+06 1.03753447e+00
4.72000000e+06 1.01900805e+00
4.72500000e+06 1.00986434e+00
4.73000000e+06 1.00200870e+00
4.74000000e+06 9.86565370e-01
4.75000000e+06 9.71461108e-01
4.76000000e+06 9.62114656e-01
4.77000000e+06 9.60736879e-01
4.77500000e+06 9.65042562e-01
4.78000000e+06 9.74507253e-01
4.78500000e+06 9.91057991e-01
4.79000000e+06 1.01743140e+00
4.79500000e+06 1.05733504e+00
4.80000000e+06 1.11555792e+00
4.80500000e+06 1.19770306e+00
4.81000000e+06 1.30894791e+00
4.81500000e+06 1.45104911e+00
4.82000000e+06 1.61918614e+00
4.82500000e+06 1.78664782e+00
4.83000000e+06 1.92881584e+00
4.83500000e+06 2.01493384e+00
4.84000000e+06 2.03465722e+00
4.84500000e+06 1.99858948e+00
4.85000000e+06 1.92741877e+00
4.85500000e+06 1.84015052e+00
4.86000000e+06 1.75323793e+00
4.86500000e+06 1.66698135e+00
4.87000000e+06 1.58984154e+00
4.87500000e+06 1.52099618e+00
4.88000000e+06 1.46003494e+00
4.88500000e+06 1.40613724e+00
4.89000000e+06 1.35837909e+00
4.89500000e+06 1.31590481e+00
4.90000000e+06 1.27898720e+00
4.90250000e+06 1.26070909e+00
4.90500000e+06 1.24456874e+00
4.91000000e+06 1.21263143e+00
4.91500000e+06 1.18541944e+00
4.92000000e+06 1.15853836e+00
4.92500000e+06 1.13553260e+00
4.93000000e+06 1.11287079e+00
4.93500000e+06 1.09351024e+00
4.94000000e+06 1.07452793e+00
4.94250000e+06 1.06523815e+00
4.94500000e+06 1.05691817e+00
4.95000000e+06 1.04071980e+00
4.96000000e+06 1.01313281e+00
4.97000000e+06 9.91622857e-01
4.98000000e+06 9.77596816e-01
4.99000000e+06 9.73546703e-01
5.00000000e+06 9.83342778e-01
5.01000000e+06 1.01275289e+00
5.02000000e+06 1.06662441e+00
5.03000000e+06 1.15117814e+00
5.04000000e+06 1.26530580e+00
5.05000000e+06 1.39851284e+00
5.06000000e+06 1.52961275e+00
5.07000000e+06 1.64870060e+00
5.08000000e+06 1.74999087e+00
5.09000000e+06 1.85363133e+00
5.10000000e+06 2.03245458e+00
5.10300000e+06 2.12069698e+00
5.10500000e+06 2.19563270e+00
5.10700000e+06 2.28679852e+00
5.10900000e+06 2.39731761e+00
5.11100000e+06 2.53054800e+00
5.11300000e+06 2.68893828e+00
5.11500000e+06 2.87230444e+00
5.11700000e+06 3.07559492e+00
5.11900000e+06 3.27985773e+00
5.12100000e+06 3.46115928e+00
5.12300000e+06 3.58291945e+00
5.12500000e+06 3.61368285e+00
5.12700000e+06 3.54254513e+00
5.12900000e+06 3.38572046e+00
5.13100000e+06 3.17725634e+00
5.13500000e+06 2.73480747e+00
5.13700000e+06 2.53993320e+00
5.13900000e+06 2.37137058e+00
5.14100000e+06 2.22859802e+00
5.14300000e+06 2.10875186e+00
5.14500000e+06 2.00833019e+00
5.14700000e+06 1.92422588e+00
5.15000000e+06 1.82266833e+00
5.16000000e+06 1.60709857e+00
5.17000000e+06 1.48801489e+00
5.18000000e+06 1.41143782e+00
5.19000000e+06 1.35611739e+00
5.20000000e+06 1.31288437e+00
5.21000000e+06 1.27726988e+00
5.22000000e+06 1.24804739e+00
5.23000000e+06 1.21957723e+00
5.24000000e+06 1.18933793e+00
5.24281250e+06 1.18574333e+00
5.24980469e+06 1.17661563e+00
5.25000000e+06 1.17638350e+00
5.26000000e+06 1.15708652e+00
5.27000000e+06 1.13803940e+00
5.27500000e+06 1.12856932e+00
5.28000000e+06 1.12020479e+00
5.29000000e+06 1.10340523e+00
5.30000000e+06 1.08621001e+00
5.30100000e+06 1.08453679e+00
5.30176562e+06 1.08332470e+00
5.30200000e+06 1.08297976e+00
5.30204395e+06 1.08311484e+00
5.30250781e+06 1.08460061e+00
5.30271875e+06 1.08529703e+00
5.30293750e+06 1.08605013e+00
5.30306250e+06 1.08650252e+00
5.30325000e+06 1.08721367e+00
5.30348731e+06 1.08815285e+00
5.30365430e+06 1.08883900e+00
5.30380078e+06 1.08947687e+00
5.30390625e+06 1.08997068e+00
5.30400000e+06 1.09044084e+00
5.30401562e+06 1.09052444e+00
5.30409375e+06 1.09155355e+00
5.30420508e+06 1.09305827e+00
5.30434473e+06 1.09499380e+00
5.30448828e+06 1.09703040e+00
5.30462012e+06 1.09895560e+00
5.30468359e+06 1.09991308e+00
5.30468750e+06 1.09997434e+00
5.30477734e+06 1.10251841e+00
5.30484375e+06 1.10445264e+00
5.30490234e+06 1.10620483e+00
5.30497656e+06 1.10849327e+00
5.30500000e+06 1.10923692e+00
5.30502344e+06 1.11037310e+00
5.30509375e+06 1.11384287e+00
5.30515625e+06 1.11698628e+00
5.30525000e+06 1.12179539e+00
5.30533569e+06 1.12627855e+00
5.30542139e+06 1.13084318e+00
5.30546875e+06 1.13341084e+00
5.30547852e+06 1.13413647e+00
5.30555469e+06 1.13988994e+00
5.30561182e+06 1.14430432e+00
5.30565796e+06 1.14795526e+00
5.30570581e+06 1.15184489e+00
5.30571875e+06 1.15293027e+00
5.30575000e+06 1.15665333e+00
5.30579395e+06 1.16201890e+00
5.30583692e+06 1.16741003e+00
5.30586719e+06 1.17131449e+00
5.30587500e+06 1.17264167e+00
5.30592188e+06 1.18079347e+00
5.30596875e+06 1.18916638e+00
5.30599219e+06 1.19345799e+00
5.30600781e+06 1.19700611e+00
5.30605469e+06 1.20786224e+00
5.30610156e+06 1.21894483e+00
5.30612500e+06 1.22459382e+00
5.30614844e+06 1.23123544e+00
5.30620312e+06 1.24698328e+00
5.30626660e+06 1.26556318e+00
5.30627734e+06 1.26875903e+00
5.30634424e+06 1.29132921e+00
5.30641467e+06 1.31539834e+00
5.30648975e+06 1.34135666e+00
5.30651270e+06 1.34939720e+00
5.30655896e+06 1.36746490e+00
5.30661719e+06 1.39050835e+00
5.30666016e+06 1.40780215e+00
5.30668164e+06 1.41764738e+00
5.30673438e+06 1.44225197e+00
5.30678125e+06 1.46453322e+00
5.30680274e+06 1.47495389e+00
5.30682813e+06 1.48917535e+00
5.30687109e+06 1.51369447e+00
5.30690625e+06 1.53414492e+00
5.30691406e+06 1.53928913e+00
5.30696094e+06 1.57073169e+00
5.30700000e+06 1.59745677e+00
5.30700781e+06 1.60340540e+00
5.30705859e+06 1.64278253e+00
5.30709375e+06 1.67054255e+00
5.30710938e+06 1.68409886e+00
5.30718555e+06 1.75141702e+00
5.30721094e+06 1.77426116e+00
5.30725781e+06 1.81965031e+00
5.30735864e+06 1.91858170e+00
5.30736719e+06 1.92700910e+00
5.30753906e+06 2.10033338e+00
5.30754428e+06 2.10528802e+00
5.30761060e+06 2.16741577e+00
5.30767188e+06 2.22368809e+00
5.30768555e+06 2.23472387e+00
5.30775098e+06 2.28574200e+00
5.30775195e+06 2.28647205e+00
5.30781055e+06 2.32163699e+00
5.30784766e+06 2.34256608e+00
5.30786524e+06 2.34912936e+00
5.30791211e+06 2.36491343e+00
5.30792969e+06 2.37021427e+00
5.30795508e+06 2.37311219e+00
5.30800000e+06 2.37662358e+00
5.30804297e+06 2.37109514e+00
5.30806250e+06 2.36789487e+00
5.30808594e+06 2.36039686e+00
5.30812500e+06 2.34652373e+00
5.30813281e+06 2.34250349e+00
5.30818750e+06 2.31235254e+00
5.30820312e+06 2.30319192e+00
5.30824219e+06 2.27445824e+00
5.30828320e+06 2.24294158e+00
5.30831250e+06 2.21683653e+00
5.30838281e+06 2.15209875e+00
5.30839453e+06 2.14021690e+00
5.30849195e+06 2.03938063e+00
5.30854883e+06 1.98002566e+00
5.30868359e+06 1.83794451e+00
5.30871484e+06 1.80539749e+00
5.30877490e+06 1.74656849e+00
5.30882520e+06 1.69803288e+00
5.30882812e+06 1.69524419e+00
5.30887500e+06 1.65488171e+00
5.30892188e+06 1.61518497e+00
5.30893750e+06 1.60218608e+00
5.30896875e+06 1.57941889e+00
5.30901172e+06 1.54875364e+00
5.30903125e+06 1.53508211e+00
5.30905078e+06 1.52344235e+00
5.30909375e+06 1.49841354e+00
5.30913281e+06 1.47621060e+00
5.30914063e+06 1.47250717e+00
5.30918750e+06 1.45092627e+00
5.30922852e+06 1.43254413e+00
5.30923438e+06 1.43039395e+00
5.30928516e+06 1.41232042e+00
5.30934863e+06 1.39039971e+00
5.30935986e+06 1.38662011e+00
5.30940772e+06 1.37344646e+00
5.30947656e+06 1.35495292e+00
5.30951441e+06 1.34501583e+00
5.30957813e+06 1.33056272e+00
5.30967969e+06 1.30802284e+00
5.30975391e+06 1.29185683e+00
5.30977930e+06 1.28721206e+00
5.30986719e+06 1.27150584e+00
5.30993359e+06 1.25990622e+00
5.30999609e+06 1.24921858e+00
5.31000000e+06 1.24856540e+00
5.31006250e+06 1.24054504e+00
5.31012500e+06 1.23275421e+00
5.31018750e+06 1.22516797e+00
5.31026562e+06 1.21836491e+00
5.31035938e+06 1.21048220e+00
5.31046484e+06 1.20186196e+00
5.31050781e+06 1.19843066e+00
5.31064062e+06 1.19018404e+00
5.31077344e+06 1.18212534e+00
5.31090625e+06 1.17425120e+00
5.31100000e+06 1.16886481e+00
5.31104688e+06 1.16709147e+00
5.31114062e+06 1.16370033e+00
5.31125781e+06 1.15961103e+00
5.31143359e+06 1.15368816e+00
5.31165332e+06 1.14646400e+00
5.31182422e+06 1.14094434e+00
5.31200000e+06 1.13539634e+00
5.31217969e+06 1.13194271e+00
5.31237109e+06 1.12840433e+00
5.31264062e+06 1.12354218e+00
5.31287500e+06 1.11939326e+00
5.31300000e+06 1.11723495e+00
5.31306250e+06 1.11652698e+00
5.31337500e+06 1.11313904e+00
5.31379688e+06 1.10872330e+00
5.31409375e+06 1.10570834e+00
5.31443750e+06 1.10233207e+00
5.31450000e+06 1.10173224e+00
5.31500000e+06 1.09836461e+00
5.31550000e+06 1.09513799e+00
5.31600000e+06 1.09203169e+00
5.31700000e+06 1.08808885e+00
5.31975000e+06 1.07749755e+00
5.32000000e+06 1.07657861e+00
5.32250000e+06 1.07075754e+00
5.33000000e+06 1.05353861e+00
5.34000000e+06 1.03228321e+00
5.34976318e+06 1.00692008e+00
5.35000000e+06 1.00634727e+00
5.35007812e+06 1.00605694e+00
5.35363770e+06 9.93606791e-01
5.35482422e+06 9.89532829e-01
5.35500000e+06 9.88997753e-01
5.35515625e+06 9.88378832e-01
5.35574219e+06 9.86266680e-01
5.35955078e+06 9.72971034e-01
5.35984375e+06 9.72045760e-01
5.36000000e+06 9.71639491e-01
5.36018750e+06 9.71265301e-01
5.36057422e+06 9.70737602e-01
5.36083594e+06 9.70496949e-01
5.36107031e+06 9.70415389e-01
5.36142969e+06 9.70534929e-01
5.36150000e+06 9.70591875e-01
5.36168750e+06 9.71440738e-01
5.36193750e+06 9.72735811e-01
5.36209375e+06 9.73676340e-01
5.36234375e+06 9.75388625e-01
5.36265625e+06 9.77767239e-01
5.36268750e+06 9.78035661e-01
5.36287500e+06 9.81291654e-01
5.36307812e+06 9.85120773e-01
5.36327344e+06 9.89102841e-01
5.36354883e+06 9.95037658e-01
5.36376562e+06 9.99940854e-01
5.36380664e+06 1.00134044e+00
5.36399219e+06 1.00798607e+00
5.36416406e+06 1.01449889e+00
5.36429688e+06 1.01983082e+00
5.36433594e+06 1.02199440e+00
5.36450000e+06 1.03146363e+00
5.36464062e+06 1.03992321e+00
5.36466406e+06 1.04168276e+00
5.36483594e+06 1.05504194e+00
5.36497656e+06 1.06638587e+00
5.36500000e+06 1.06867925e+00
5.36516406e+06 1.08526422e+00
5.36526562e+06 1.09589508e+00
5.36533594e+06 1.10474241e+00
5.36550000e+06 1.12603229e+00
5.36550781e+06 1.12707841e+00
5.36565234e+06 1.14974914e+00
5.36573438e+06 1.16296107e+00
5.36579688e+06 1.17460927e+00
5.36593750e+06 1.20143961e+00
5.36594531e+06 1.20314681e+00
5.36610156e+06 1.23804172e+00
5.36612500e+06 1.24339709e+00
5.36626172e+06 1.27863969e+00
5.36630469e+06 1.28995340e+00
5.36643750e+06 1.32903087e+00
5.36646875e+06 1.33841131e+00
5.36663281e+06 1.39301660e+00
5.36664453e+06 1.39733115e+00
5.36681250e+06 1.46004133e+00
5.36685156e+06 1.47611961e+00
5.36700000e+06 1.53754951e+00
5.36721875e+06 1.63695719e+00
5.36736133e+06 1.70667887e+00
5.36749219e+06 1.77000619e+00
5.36751562e+06 1.78159022e+00
5.36767578e+06 1.85950098e+00
5.36782813e+06 1.93198263e+00
5.36793750e+06 1.98265288e+00
5.36795703e+06 1.99100613e+00
5.36807031e+06 2.03799769e+00
5.36812500e+06 2.05995704e+00
5.36818750e+06 2.08173313e+00
5.36831250e+06 2.12346940e+00
5.36834375e+06 2.13346541e+00
5.36841406e+06 2.15128039e+00
5.36850000e+06 2.17196763e+00
5.36851562e+06 2.17467358e+00
5.36862500e+06 2.19222634e+00
5.36865625e+06 2.19686132e+00
5.36873438e+06 2.20264333e+00
5.36884375e+06 2.20941257e+00
5.36887500e+06 2.20908418e+00
5.36900000e+06 2.20619183e+00
5.36904883e+06 2.20193390e+00
5.36916406e+06 2.19077747e+00
5.36919531e+06 2.18600261e+00
5.36932812e+06 2.16478849e+00
5.36953125e+06 2.12245823e+00
5.36958203e+06 2.10976851e+00
5.36975000e+06 2.06769955e+00
5.36987500e+06 2.03262046e+00
5.37000000e+06 1.99798566e+00
5.37018750e+06 1.94689405e+00
5.37037500e+06 1.89690081e+00
5.37050000e+06 1.86423033e+00
5.37067188e+06 1.82017782e+00
5.37081250e+06 1.78484632e+00
5.37087500e+06 1.76940606e+00
5.37093750e+06 1.75558167e+00
5.37106250e+06 1.72840721e+00
5.37123438e+06 1.69174052e+00
5.37137500e+06 1.66228839e+00
5.37150000e+06 1.63984665e+00
5.37167188e+06 1.60953997e+00
5.37175000e+06 1.59599858e+00
5.37181250e+06 1.58599648e+00
5.37195312e+06 1.56383930e+00
5.37200000e+06 1.55655526e+00
5.37207812e+06 1.54589434e+00
5.37225000e+06 1.52281479e+00
5.37242188e+06 1.50011767e+00
5.37250000e+06 1.48995321e+00
5.37257812e+06 1.48133622e+00
5.37275000e+06 1.46268418e+00
5.37293750e+06 1.44265599e+00
5.37300000e+06 1.43608111e+00
5.37314062e+06 1.42357929e+00
5.37335938e+06 1.40446243e+00
5.37350000e+06 1.39236160e+00
5.37356250e+06 1.38789937e+00
5.37376562e+06 1.37363727e+00
5.37400000e+06 1.35743951e+00
5.37425000e+06 1.34042283e+00
5.37450000e+06 1.32723008e+00
5.37468750e+06 1.31749842e+00
5.37484375e+06 1.30952352e+00
5.37493750e+06 1.30482319e+00
5.37498828e+06 1.30337264e+00
5.37515625e+06 1.29873496e+00
5.37540527e+06 1.29208724e+00
5.37951111e+06 1.18494198e+00
5.37974365e+06 1.17891611e+00
5.37991211e+06 1.17461472e+00
5.38000000e+06 1.17241631e+00
5.38009766e+06 1.17133248e+00
5.38025391e+06 1.16967905e+00
5.38054688e+06 1.16668994e+00
5.38185303e+06 1.15349775e+00
5.38484375e+06 1.12339195e+00
5.38500000e+06 1.12185238e+00
5.38515625e+06 1.12100082e+00
5.38531250e+06 1.12016967e+00
5.39000000e+06 1.09568756e+00
5.39500000e+06 1.07925436e+00
5.40000000e+06 1.06776490e+00
5.41000000e+06 1.05233670e+00
5.42000000e+06 1.04240461e+00
5.43000000e+06 1.03661497e+00
5.43500000e+06 1.03374971e+00
5.44000000e+06 1.03243278e+00
5.45000000e+06 1.02983818e+00
5.46000000e+06 1.03084592e+00
5.46500000e+06 1.03136295e+00
5.47000000e+06 1.03348289e+00
5.48000000e+06 1.03774838e+00
5.49000000e+06 1.04574721e+00
5.50000000e+06 1.05718849e+00
5.51000000e+06 1.07271922e+00
5.52000000e+06 1.09317859e+00
5.53000000e+06 1.11961750e+00
5.54000000e+06 1.15332300e+00
5.55000000e+06 1.19584381e+00
5.56000000e+06 1.24896999e+00
5.57000000e+06 1.31464310e+00
5.58000000e+06 1.39469546e+00
5.59000000e+06 1.49026990e+00
5.60000000e+06 1.60155481e+00
5.60200000e+06 1.62387316e+00
5.60300000e+06 1.63566807e+00
5.60700000e+06 1.68292189e+00
5.61100000e+06 1.73025946e+00
5.61500000e+06 1.77767948e+00
5.61700000e+06 1.80142953e+00
5.62000000e+06 1.83177311e+00
5.62300000e+06 1.86216074e+00
5.62700000e+06 1.89345656e+00
5.63000000e+06 1.90898928e+00
5.63100000e+06 1.91414634e+00
5.63400000e+06 1.92146559e+00
5.63700000e+06 1.91921689e+00
5.63800000e+06 1.91843204e+00
5.63954200e+06 1.91212240e+00
5.64000000e+06 1.91024847e+00
5.64200000e+06 1.90198758e+00
5.64400000e+06 1.88763538e+00
5.64500000e+06 1.88041774e+00
5.64600000e+06 1.87320003e+00
5.64700000e+06 1.86598241e+00
5.64800000e+06 1.85872544e+00
5.65000000e+06 1.84421150e+00
5.65200000e+06 1.82963744e+00
5.65400000e+06 1.81502669e+00
5.65500000e+06 1.80772130e+00
5.65600000e+06 1.80282743e+00
5.65800000e+06 1.79303972e+00
5.65900000e+06 1.78817737e+00
5.66000000e+06 1.78637983e+00
5.66200000e+06 1.78278475e+00
5.66400000e+06 1.78648078e+00
5.66500000e+06 1.79274165e+00
5.66600000e+06 1.79900251e+00
5.66800000e+06 1.82597996e+00
5.66964062e+06 1.87051247e+00
5.67000000e+06 1.88037799e+00
5.67012500e+06 1.88702106e+00
5.67149609e+06 1.96039820e+00
5.67175000e+06 1.97409325e+00
5.67181250e+06 1.97925239e+00
5.67200000e+06 1.99487515e+00
5.67215625e+06 2.01277460e+00
5.67243750e+06 2.04520489e+00
5.67250000e+06 2.05244305e+00
5.67335156e+06 2.16900564e+00
5.67365625e+06 2.21084924e+00
5.67370312e+06 2.21734702e+00
5.67382812e+06 2.24085922e+00
5.67395312e+06 2.26457660e+00
5.67396875e+06 2.26756498e+00
5.67400000e+06 2.27543951e+00
5.67404688e+06 2.28725130e+00
5.67417188e+06 2.31893901e+00
5.67421875e+06 2.33090004e+00
5.67434766e+06 2.37023427e+00
5.67468945e+06 2.47499962e+00
5.67479627e+06 2.50875876e+00
5.67500000e+06 2.57317417e+00
5.67554395e+06 2.74515580e+00
5.67563281e+06 2.77314416e+00
5.67579492e+06 2.81308043e+00
5.67587500e+06 2.83263131e+00
5.67593750e+06 2.84163062e+00
5.67600000e+06 2.85049044e+00
5.67606250e+06 2.85935026e+00
5.67620410e+06 2.86622132e+00
5.67621875e+06 2.86579557e+00
5.67631250e+06 2.86291097e+00
5.67646613e+06 2.85794376e+00
5.67694531e+06 2.81907403e+00
5.67757812e+06 2.76736932e+00
5.67760156e+06 2.76541089e+00
5.67773047e+06 2.74904674e+00
5.67781250e+06 2.73845789e+00
5.67783984e+06 2.73319430e+00
5.67795703e+06 2.71032016e+00
5.67800000e+06 2.70179461e+00
5.67807031e+06 2.68288490e+00
5.67815625e+06 2.65950192e+00
5.67818750e+06 2.64889520e+00
5.67835986e+06 2.58986925e+00
5.67844531e+06 2.56041664e+00
5.67861621e+06 2.49473334e+00
5.67956836e+06 2.12808429e+00
5.67961719e+06 2.10931888e+00
5.67971826e+06 2.07479099e+00
5.67986230e+06 2.02576990e+00
5.67987500e+06 2.02147099e+00
5.67998047e+06 1.99337962e+00
5.68000000e+06 1.98821737e+00
5.68007812e+06 1.96756809e+00
5.68013281e+06 1.95703250e+00
5.68025000e+06 1.93468607e+00
5.68026758e+06 1.93233639e+00
5.68044666e+06 1.90864794e+00
5.68070703e+06 1.87444953e+00
5.68106177e+06 1.83310437e+00
5.68161719e+06 1.76845949e+00
5.68167188e+06 1.76212981e+00
5.68187500e+06 1.74385095e+00
5.68200000e+06 1.73273512e+00
5.68206250e+06 1.72717721e+00
5.68207812e+06 1.72650526e+00
5.68225000e+06 1.71929295e+00
5.68270703e+06 1.70049281e+00
5.68306250e+06 1.68595012e+00
5.68370312e+06 1.66261507e+00
5.68393750e+06 1.65415163e+00
5.68400000e+06 1.65192181e+00
5.68425000e+06 1.64774467e+00
5.68500000e+06 1.63555825e+00
5.68578125e+06 1.62286407e+00
5.68600000e+06 1.61934633e+00
5.68800000e+06 1.60340145e+00
5.69000000e+06 1.59512827e+00
5.69200000e+06 1.58709915e+00
5.69300000e+06 1.58315407e+00
5.69400000e+06 1.57989016e+00
5.69500000e+06 1.57667592e+00
5.69600000e+06 1.57346168e+00
5.69700000e+06 1.57024744e+00
5.69800000e+06 1.56706450e+00
5.70000000e+06 1.56069864e+00
5.70500000e+06 1.54493648e+00
5.71000000e+06 1.52647974e+00
5.71500000e+06 1.50810979e+00
5.72000000e+06 1.48737113e+00
5.72500000e+06 1.46663248e+00
5.73000000e+06 1.44592556e+00
5.73500000e+06 1.42521866e+00
5.74000000e+06 1.40451179e+00
5.74500000e+06 1.38380493e+00
5.75000000e+06 1.36312763e+00
5.75500000e+06 1.34245035e+00
5.76000000e+06 1.32365678e+00
5.76500000e+06 1.30489552e+00
5.77000000e+06 1.28613428e+00
5.77500000e+06 1.26968167e+00
5.78000000e+06 1.25322908e+00
5.78500000e+06 1.23681411e+00
5.79000000e+06 1.22230239e+00
5.79500000e+06 1.20783687e+00
5.80000000e+06 1.19337136e+00
5.80500000e+06 1.18129888e+00
5.81000000e+06 1.16922642e+00
5.81500000e+06 1.15723175e+00
5.82000000e+06 1.14724531e+00
5.82500000e+06 1.13736797e+00
5.83000000e+06 1.12749065e+00
5.83500000e+06 1.12010137e+00
5.84000000e+06 1.11271211e+00
5.84500000e+06 1.10838740e+00
5.85000000e+06 1.10406271e+00
5.85250000e+06 1.10204778e+00
5.85500000e+06 1.10171162e+00
5.86000000e+06 1.10133245e+00
5.86500000e+06 1.10487428e+00
5.87000000e+06 1.11283400e+00
5.87500000e+06 1.12699522e+00
5.88000000e+06 1.15022119e+00
5.88500000e+06 1.18719101e+00
5.88984375e+06 1.24387465e+00
5.89000000e+06 1.24577644e+00
5.89468750e+06 1.33360701e+00
5.89500000e+06 1.33965855e+00
5.89687500e+06 1.39646403e+00
5.89968750e+06 1.48222059e+00
5.90000000e+06 1.49202282e+00
5.90062500e+06 1.52232946e+00
5.90468750e+06 1.72190725e+00
5.90500000e+06 1.73763832e+00
5.90562500e+06 1.78248621e+00
5.91000000e+06 2.10016827e+00
5.91500000e+06 2.48935628e+00
5.91600000e+06 2.53695586e+00
5.91687500e+06 2.57860549e+00
5.91700000e+06 2.58401911e+00
5.91787500e+06 2.59472298e+00
5.91800000e+06 2.59608349e+00
5.91896875e+06 2.60662743e+00
5.91900000e+06 2.60681413e+00
5.92000000e+06 2.58168069e+00
5.92068750e+06 2.56440145e+00
5.92075195e+06 2.56156029e+00
5.92100000e+06 2.54985265e+00
5.92115625e+06 2.54247774e+00
5.92125000e+06 2.53772868e+00
5.92200000e+06 2.48529513e+00
5.92300000e+06 2.41538372e+00
5.92400000e+06 2.34547231e+00
5.92500000e+06 2.27556090e+00
5.92600000e+06 2.19398431e+00
5.92700000e+06 2.11240773e+00
5.92800000e+06 2.03083115e+00
5.92900000e+06 1.94925456e+00
5.93000000e+06 1.86767798e+00
5.93468750e+06 1.57202916e+00
5.93500000e+06 1.55267841e+00
5.93687500e+06 1.47271092e+00
5.94000000e+06 1.34061686e+00
5.94312500e+06 1.25113739e+00
5.94500000e+06 1.19792993e+00
5.95000000e+06 1.09728561e+00
5.95200000e+06 1.06697240e+00
5.95400000e+06 1.03665920e+00
5.95500000e+06 1.02150259e+00
5.95600000e+06 1.00938657e+00
5.95800000e+06 9.85154512e-01
5.96000000e+06 9.60922462e-01
5.96100000e+06 9.49057008e-01
5.96200000e+06 9.38534710e-01
5.96400000e+06 9.17746866e-01
5.96500000e+06 9.07454858e-01
5.96600000e+06 8.97162851e-01
5.96800000e+06 8.76757172e-01
5.97000000e+06 8.57808994e-01
5.97200000e+06 8.39001765e-01
5.97400000e+06 8.20322878e-01
5.97500000e+06 8.11054195e-01
5.97600000e+06 8.01785514e-01
5.97700000e+06 7.92516836e-01
5.97800000e+06 7.84956200e-01
5.98000000e+06 7.69834932e-01
5.98200000e+06 7.60772183e-01
5.98400000e+06 7.62007083e-01
5.98600000e+06 7.82606059e-01
5.98731250e+06 8.15440001e-01
5.98787500e+06 8.31732788e-01
5.98800000e+06 8.36884665e-01
5.98900000e+06 8.88299179e-01
5.98987500e+06 9.39639438e-01
5.99000000e+06 9.49014604e-01
5.99012500e+06 9.58336816e-01
5.99150000e+06 1.08435224e+00
5.99200000e+06 1.13514248e+00
5.99400000e+06 1.36975395e+00
5.99500000e+06 1.47549161e+00
5.99575000e+06 1.55479485e+00
5.99587500e+06 1.56518935e+00
5.99600000e+06 1.57561282e+00
5.99700000e+06 1.63324917e+00
5.99800000e+06 1.67677252e+00
5.99825000e+06 1.68151075e+00
5.99900000e+06 1.67935232e+00
5.99989062e+06 1.67693610e+00
6.00000000e+06 1.67512171e+00
6.00012500e+06 1.67308535e+00
6.00100000e+06 1.64753134e+00
6.00175000e+06 1.62562790e+00
6.00200000e+06 1.61836905e+00
6.00300000e+06 1.58175640e+00
6.00356250e+06 1.56116179e+00
6.00400000e+06 1.54517024e+00
6.00600000e+06 1.47206604e+00
6.00800000e+06 1.40742130e+00
6.00900000e+06 1.37970524e+00
6.01000000e+06 1.35196263e+00
6.01200000e+06 1.30482322e+00
6.01400000e+06 1.26466266e+00
6.01600000e+06 1.23028097e+00
6.01700000e+06 1.21547552e+00
6.01800000e+06 1.20065712e+00
6.02000000e+06 1.17575574e+00
6.02100000e+06 1.16330506e+00
6.02200000e+06 1.15281819e+00
6.02400000e+06 1.13184446e+00
6.02500000e+06 1.12325786e+00
6.02600000e+06 1.11467126e+00
6.02800000e+06 1.09754624e+00
6.03000000e+06 1.08377821e+00
6.03100000e+06 1.07689420e+00
6.03200000e+06 1.07004463e+00
6.03300000e+06 1.06319507e+00
6.03400000e+06 1.05761129e+00
6.03500000e+06 1.05202752e+00
6.03600000e+06 1.04648120e+00
6.03800000e+06 1.03538857e+00
6.04000000e+06 1.02651106e+00
6.04100000e+06 1.02207231e+00
6.04200000e+06 1.01767859e+00
6.04300000e+06 1.01328487e+00
6.04400000e+06 1.00894654e+00
6.04500000e+06 1.00558140e+00
6.04600000e+06 1.00221625e+00
6.04800000e+06 9.95638496e-01
6.05000000e+06 9.89215106e-01
6.05200000e+06 9.85213070e-01
6.05400000e+06 9.81464291e-01
6.05500000e+06 9.79760030e-01
6.05600000e+06 9.79325880e-01
6.05800000e+06 9.78931782e-01
6.06000000e+06 9.82316117e-01
6.06187500e+06 9.90278144e-01
6.06200000e+06 9.90897525e-01
6.06312500e+06 1.00039850e+00
6.06375000e+06 1.00584946e+00
6.06400000e+06 1.00813835e+00
6.06500000e+06 1.02445629e+00
6.06587500e+06 1.03915751e+00
6.06600000e+06 1.04140892e+00
6.06612500e+06 1.04510157e+00
6.06664062e+06 1.06091230e+00
6.06761719e+06 1.09138820e+00
6.06775000e+06 1.09571365e+00
6.06790625e+06 1.10265481e+00
6.06800000e+06 1.10700309e+00
6.06809375e+06 1.11265882e+00
6.06833984e+06 1.12797070e+00
6.06900000e+06 1.16998777e+00
6.06940625e+06 1.19970107e+00
6.06975781e+06 1.22575443e+00
6.07000000e+06 1.24421300e+00
6.07018750e+06 1.26339904e+00
6.07037500e+06 1.28310479e+00
6.07039062e+06 1.28509362e+00
6.07050000e+06 1.29932871e+00
6.07062500e+06 1.31559740e+00
6.07075000e+06 1.33224267e+00
6.07087500e+06 1.35161197e+00
6.07100000e+06 1.37139189e+00
6.07112500e+06 1.39117182e+00
6.07134375e+06 1.43185557e+00
6.07150000e+06 1.46147992e+00
6.07153125e+06 1.46819178e+00
6.07175000e+06 1.51603549e+00
6.07178125e+06 1.52300907e+00
6.07196875e+06 1.56933527e+00
6.07200000e+06 1.57720056e+00
6.07215625e+06 1.62044470e+00
6.07225000e+06 1.64681770e+00
6.07232812e+06 1.67100805e+00
6.07250000e+06 1.72503231e+00
6.07270312e+06 1.79617729e+00
6.07275000e+06 1.81287399e+00
6.07292188e+06 1.87969443e+00
6.07300000e+06 1.91055342e+00
6.07314062e+06 1.97081028e+00
6.07331250e+06 2.04552030e+00
6.07337500e+06 2.07492286e+00
6.07350000e+06 2.13442363e+00
6.07370312e+06 2.23111237e+00
6.07371875e+06 2.23858529e+00
6.07400000e+06 2.37570688e+00
6.07425781e+06 2.50140192e+00
6.07437500e+06 2.55785260e+00
6.07446875e+06 2.59885570e+00
6.07450000e+06 2.61223211e+00
6.07462500e+06 2.66573772e+00
6.07465625e+06 2.67737206e+00
6.07481250e+06 2.73362513e+00
6.07484375e+06 2.74300713e+00
6.07496875e+06 2.77867740e+00
6.07500000e+06 2.78544204e+00
6.07502344e+06 2.79051563e+00
6.07515625e+06 2.81716387e+00
6.07517969e+06 2.81997517e+00
6.07532031e+06 2.83467679e+00
6.07534375e+06 2.83679682e+00
6.07543750e+06 2.83909087e+00
6.07550000e+06 2.83586313e+00
6.07559375e+06 2.83102151e+00
6.07575000e+06 2.80897351e+00
6.07593750e+06 2.76584696e+00
6.07600000e+06 2.74627976e+00
6.07606250e+06 2.72671256e+00
6.07612500e+06 2.70641763e+00
6.07625000e+06 2.65788595e+00
6.07637500e+06 2.60790688e+00
6.07650000e+06 2.55158596e+00
6.07678125e+06 2.42261576e+00
6.07700000e+06 2.31881831e+00
6.07737500e+06 2.14087983e+00
6.07750000e+06 2.08580453e+00
6.07762500e+06 2.03072923e+00
6.07768750e+06 2.00358846e+00
6.07787500e+06 1.92863877e+00
6.07800000e+06 1.87948140e+00
6.07809375e+06 1.84583682e+00
6.07825000e+06 1.79076964e+00
6.07831250e+06 1.77076287e+00
6.07850000e+06 1.71184357e+00
6.07853125e+06 1.70300886e+00
6.07875000e+06 1.64242884e+00
6.07881250e+06 1.62542042e+00
6.07893750e+06 1.59500281e+00
6.07900000e+06 1.58006896e+00
6.07909375e+06 1.55766819e+00
6.07912500e+06 1.55099045e+00
6.07937500e+06 1.49865256e+00
6.07950000e+06 1.47584064e+00
6.07962500e+06 1.45302872e+00
6.07987500e+06 1.41385498e+00
6.08000000e+06 1.39470760e+00
6.08012500e+06 1.37825461e+00
6.08037500e+06 1.34612300e+00
6.08050000e+06 1.33293602e+00
6.08062500e+06 1.31974905e+00
6.08087500e+06 1.29399243e+00
6.08100000e+06 1.28380325e+00
6.08118750e+06 1.26851946e+00
6.08137500e+06 1.25361140e+00
6.08146875e+06 1.24781461e+00
6.08150000e+06 1.24594206e+00
6.08175000e+06 1.23096159e+00
6.08187500e+06 1.22377109e+00
6.08200000e+06 1.21925239e+00
6.08206250e+06 1.21699305e+00
6.08275000e+06 1.19400909e+00
6.08278125e+06 1.19307170e+00
6.08350000e+06 1.17198648e+00
6.08365625e+06 1.16900097e+00
6.08400000e+06 1.16290222e+00
6.08406250e+06 1.16179335e+00
6.08425000e+06 1.15893835e+00
6.08493750e+06 1.15957857e+00
6.08565625e+06 1.16045552e+00
6.08575000e+06 1.16101371e+00
6.08600000e+06 1.16276676e+00
6.08612500e+06 1.16364329e+00
6.08687500e+06 1.17659545e+00
6.08800000e+06 1.19636334e+00
6.09000000e+06 1.24328890e+00
6.09175000e+06 1.28154820e+00
6.09200000e+06 1.28676702e+00
6.09400000e+06 1.30824133e+00
6.09600000e+06 1.30534250e+00
6.09800000e+06 1.28476533e+00
6.10000000e+06 1.25482195e+00
6.10200000e+06 1.22267054e+00
6.10400000e+06 1.19202437e+00
6.10500000e+06 1.17734365e+00
6.10600000e+06 1.16413787e+00
6.10800000e+06 1.13875050e+00
6.11000000e+06 1.11806656e+00
6.11100000e+06 1.10802843e+00
6.11200000e+06 1.09977728e+00
6.11400000e+06 1.08374100e+00
6.11500000e+06 1.07590267e+00
6.11600000e+06 1.06971552e+00
6.11800000e+06 1.05762338e+00
6.11900000e+06 1.05170614e+00
6.12000000e+06 1.04713093e+00
6.12050000e+06 1.04484332e+00
6.12200000e+06 1.03812111e+00
6.12300000e+06 1.03363964e+00
6.12400000e+06 1.02924473e+00
6.12500000e+06 1.02602133e+00
6.12600000e+06 1.02279793e+00
6.12800000e+06 1.01652549e+00
6.13000000e+06 1.01025307e+00
6.13500000e+06 9.99785542e-01
6.13750000e+06 9.94715303e-01
6.14000000e+06 9.91415312e-01
6.14500000e+06 9.85137505e-01
6.14750000e+06 9.81998621e-01
6.15000000e+06 9.80243731e-01
6.15500000e+06 9.76733992e-01
6.15750000e+06 9.74979140e-01
6.16000000e+06 9.73105001e-01
6.16500000e+06 9.71363480e-01
6.17000000e+06 9.69149015e-01
6.17500000e+06 9.66476074e-01
6.18000000e+06 9.63332250e-01
6.18500000e+06 9.61032089e-01
6.19000000e+06 9.58362422e-01
6.19500000e+06 9.55402440e-01
6.20000000e+06 9.52124454e-01
6.20500000e+06 9.48846517e-01
6.21000000e+06 9.45568633e-01
6.21250000e+06 9.44463415e-01
6.21500000e+06 9.43322649e-01
6.22000000e+06 9.41041178e-01
6.22500000e+06 9.38759769e-01
6.23000000e+06 9.36478409e-01
6.23500000e+06 9.34303248e-01
6.24000000e+06 9.33338129e-01
6.24500000e+06 9.32373046e-01
6.25000000e+06 9.31407992e-01
6.25500000e+06 9.30442973e-01
6.25750000e+06 9.30701903e-01
6.26000000e+06 9.30847401e-01
6.26500000e+06 9.31138424e-01
6.26750000e+06 9.31283955e-01
6.27000000e+06 9.31284929e-01
6.27217000e+06 9.31285783e-01
6.27220000e+06 9.31285794e-01
6.27375000e+06 9.31286789e-01
6.27500000e+06 9.31675192e-01
6.28000000e+06 9.32881466e-01
6.28250000e+06 9.33484574e-01
6.28500000e+06 9.33956493e-01
6.29000000e+06 9.34900621e-01
6.29250000e+06 9.35372627e-01
6.29500000e+06 9.36713158e-01
6.30000000e+06 9.39394383e-01
6.30200000e+06 9.40606760e-01
6.30400000e+06 9.41819144e-01
6.30500000e+06 9.42425339e-01
6.30600000e+06 9.43138381e-01
6.30750000e+06 9.44207947e-01
6.30800000e+06 9.44766108e-01
6.31000000e+06 9.46998765e-01
6.31200000e+06 9.49530560e-01
6.31400000e+06 9.52062363e-01
6.31500000e+06 9.53328268e-01
6.31600000e+06 9.54774650e-01
6.31750000e+06 9.56944227e-01
6.31800000e+06 9.57945881e-01
6.32000000e+06 9.61952504e-01
6.32200000e+06 9.66083806e-01
6.32400000e+06 9.70215116e-01
6.32500000e+06 9.72280773e-01
6.32600000e+06 9.75302825e-01
6.32800000e+06 9.81346945e-01
6.33000000e+06 9.87391084e-01
6.33200000e+06 9.93895166e-01
6.33250000e+06 9.95521191e-01
6.33400000e+06 1.00145333e+00
6.33500000e+06 1.00540810e+00
6.33600000e+06 1.00957170e+00
6.33750000e+06 1.01581712e+00
6.33800000e+06 1.01833009e+00
6.34000000e+06 1.02838198e+00
6.34200000e+06 1.03900637e+00
6.34400000e+06 1.04963077e+00
6.34500000e+06 1.05494298e+00
6.34600000e+06 1.06174186e+00
6.34800000e+06 1.07533964e+00
6.35000000e+06 1.08893744e+00
6.35200000e+06 1.10548566e+00
6.35400000e+06 1.12203389e+00
6.35500000e+06 1.13030802e+00
6.35600000e+06 1.14041075e+00
6.35800000e+06 1.16061623e+00
6.36000000e+06 1.18082173e+00
6.36100000e+06 1.19141658e+00
6.36200000e+06 1.20354049e+00
6.36400000e+06 1.22778830e+00
6.36500000e+06 1.23991222e+00
6.36600000e+06 1.25366659e+00
6.36800000e+06 1.28155900e+00
6.37000000e+06 1.31000057e+00
6.37200000e+06 1.34232407e+00
6.37400000e+06 1.37523847e+00
6.37500000e+06 1.39198956e+00
6.37600000e+06 1.40874066e+00
6.37800000e+06 1.44302329e+00
6.38000000e+06 1.47832841e+00
6.38200000e+06 1.51488245e+00
6.38400000e+06 1.54964997e+00
6.38500000e+06 1.56793682e+00
6.38600000e+06 1.58385768e+00
6.38800000e+06 1.61705251e+00
6.38950000e+06 1.63801124e+00
6.39000000e+06 1.64476681e+00
6.39100000e+06 1.65827794e+00
6.39200000e+06 1.66822758e+00
6.39300000e+06 1.67817722e+00
6.39387500e+06 1.68688316e+00
6.39400000e+06 1.68757002e+00
6.39500000e+06 1.69306482e+00
6.39593750e+06 1.69821621e+00
6.39600000e+06 1.69828772e+00
6.39700000e+06 1.69943198e+00
6.39800000e+06 1.70057624e+00
6.39900000e+06 1.69746893e+00
6.40000000e+06 1.69436162e+00
6.40050000e+06 1.69080455e+00
6.40100000e+06 1.68684279e+00
6.40200000e+06 1.67891927e+00
6.40300000e+06 1.66730149e+00
6.40400000e+06 1.65472917e+00
6.40500000e+06 1.63869176e+00
6.40600000e+06 1.62157242e+00
6.40650000e+06 1.61301275e+00
6.40700000e+06 1.60290638e+00
6.40800000e+06 1.58145510e+00
6.40850000e+06 1.57072947e+00
6.40900000e+06 1.55935261e+00
6.41000000e+06 1.53659890e+00
6.41200000e+06 1.48840242e+00
6.41400000e+06 1.43736657e+00
6.41500000e+06 1.41030892e+00
6.41600000e+06 1.38464338e+00
6.41800000e+06 1.33061662e+00
6.42000000e+06 1.27839420e+00
6.42200000e+06 1.22771796e+00
6.42400000e+06 1.18104008e+00
6.42500000e+06 1.15770114e+00
6.42600000e+06 1.13705934e+00
6.42800000e+06 1.09577575e+00
6.43000000e+06 1.05449217e+00
6.43088500e+06 1.03963831e+00
6.43200000e+06 1.02092412e+00
6.43400000e+06 9.87356103e-01
6.43500000e+06 9.70572100e-01
6.43600000e+06 9.56791986e-01
6.43625000e+06 9.53346959e-01
6.43800000e+06 9.29807139e-01
6.44000000e+06 9.02904504e-01
6.44200000e+06 8.81682573e-01
6.44400000e+06 8.60460660e-01
6.44500000e+06 8.49849713e-01
6.44600000e+06 8.41550382e-01
6.44800000e+06 8.24951739e-01
6.45000000e+06 8.08353116e-01
6.45200000e+06 7.95435264e-01
6.45210000e+06 7.94789371e-01
6.45214600e+06 7.94492261e-01
6.45400000e+06 7.82517426e-01
6.45500000e+06 7.76058510e-01
6.45600000e+06 7.71063586e-01
6.45800000e+06 7.61073750e-01
6.46000000e+06 7.51083926e-01
6.46200000e+06 7.43607765e-01
6.46400000e+06 7.36131622e-01
6.46500000e+06 7.32393560e-01
6.46600000e+06 7.29309595e-01
6.46750000e+06 7.24683665e-01
6.46800000e+06 7.23225966e-01
6.47000000e+06 7.17395196e-01
6.47200000e+06 7.12821358e-01
6.47400000e+06 7.08247550e-01
6.47500000e+06 7.05960657e-01
6.47600000e+06 7.04224166e-01
6.47800000e+06 7.00751198e-01
6.48000000e+06 6.97278244e-01
6.48031250e+06 6.96876179e-01
6.48200000e+06 6.95447266e-01
6.48400000e+06 6.93753751e-01
6.48515625e+06 6.92774695e-01
6.48600000e+06 6.92431058e-01
6.48800000e+06 6.91616518e-01
6.49000000e+06 6.90801987e-01
6.49200000e+06 6.91094463e-01
6.49400000e+06 6.91386942e-01
6.49500000e+06 6.91533182e-01
6.49600000e+06 6.92309374e-01
6.49800000e+06 6.93861760e-01
6.50000000e+06 6.95414144e-01
6.50200000e+06 6.97746215e-01
6.50400000e+06 7.00078304e-01
6.50600000e+06 7.02410409e-01
6.50800000e+06 7.04742530e-01
6.51000000e+06 7.07074664e-01
6.51200000e+06 7.09791285e-01
6.51400000e+06 7.12507917e-01
6.51600000e+06 7.15224560e-01
6.51646100e+06 7.15850748e-01
6.51800000e+06 7.19264351e-01
6.52000000e+06 7.23700489e-01
6.52200000e+06 7.28205117e-01
6.52400000e+06 7.32709751e-01
6.52500000e+06 7.34962069e-01
6.52600000e+06 7.36436175e-01
6.52800000e+06 7.39393202e-01
6.53000000e+06 7.42361145e-01
6.53200000e+06 7.46598511e-01
6.53400000e+06 7.50844785e-01
6.53600000e+06 7.55098959e-01
6.53800000e+06 7.59360049e-01
6.54000000e+06 7.63627017e-01
6.54200000e+06 7.69784053e-01
6.54400000e+06 7.75944989e-01
6.54600000e+06 7.82108802e-01
6.54800000e+06 7.88274493e-01
6.55000000e+06 7.94441061e-01
6.55200000e+06 8.02920555e-01
6.55400000e+06 8.11398907e-01
6.55600000e+06 8.19875132e-01
6.55800000e+06 8.28348213e-01
6.56000000e+06 8.36817149e-01
6.56200000e+06 8.47903518e-01
6.56400000e+06 8.58983735e-01
6.56600000e+06 8.70056792e-01
6.56800000e+06 8.81121687e-01
6.57000000e+06 8.92177425e-01
6.57200000e+06 9.03013014e-01
6.57400000e+06 9.13837431e-01
6.57500000e+06 9.19245135e-01
6.57600000e+06 9.24809325e-01
6.57800000e+06 9.35936034e-01
6.58000000e+06 9.47060574e-01
6.58200000e+06 9.55184979e-01
6.58400000e+06 9.63307346e-01
6.58600000e+06 9.71427743e-01
6.58800000e+06 9.79546236e-01
6.59000000e+06 9.87662889e-01
6.59200000e+06 9.94262854e-01
6.59400000e+06 1.00086111e+00
6.59600000e+06 1.00745773e+00
6.59800000e+06 1.01405277e+00
6.59902344e+06 1.01742681e+00
6.60000000e+06 1.02006579e+00
6.60200000e+06 1.02472666e+00
6.60400000e+06 1.02938615e+00
6.60600000e+06 1.03404433e+00
6.60800000e+06 1.03870126e+00
6.61000000e+06 1.04335701e+00
6.61200000e+06 1.04618717e+00
6.61400000e+06 1.04901628e+00
6.61600000e+06 1.05184440e+00
6.61800000e+06 1.05467161e+00
6.61804688e+06 1.05473785e+00
6.62000000e+06 1.05739819e+00
6.62200000e+06 1.05841801e+00
6.62400000e+06 1.05943712e+00
6.62500000e+06 1.05994643e+00
6.62600000e+06 1.06051076e+00
6.62800000e+06 1.06163782e+00
6.63000000e+06 1.06276292e+00
6.63200000e+06 1.06285380e+00
6.63400000e+06 1.06294316e+00
6.63600000e+06 1.06303122e+00
6.63800000e+06 1.06311822e+00
6.64000000e+06 1.06320438e+00
6.64200000e+06 1.06378990e+00
6.64400000e+06 1.06437502e+00
6.64600000e+06 1.06495997e+00
6.64800000e+06 1.06554497e+00
6.65000000e+06 1.06613022e+00
6.65050000e+06 1.06602250e+00
6.65200000e+06 1.06871384e+00
6.65300000e+06 1.07050842e+00
6.65400000e+06 1.07300013e+00
6.65500000e+06 1.07549231e+00
6.65600000e+06 1.07885484e+00
6.65675000e+06 1.08137717e+00
6.65787500e+06 1.08617548e+00
6.65800000e+06 1.08681886e+00
6.65900000e+06 1.09295088e+00
6.66000000e+06 1.10010487e+00
6.66100000e+06 1.10838902e+00
6.66200000e+06 1.11798862e+00
6.66300000e+06 1.12908494e+00
6.66400000e+06 1.14187377e+00
6.66500000e+06 1.15650353e+00
6.66600000e+06 1.17300790e+00
6.66700000e+06 1.19131173e+00
6.66800000e+06 1.21120698e+00
6.67000000e+06 1.24565282e+00
6.67100000e+06 1.25766137e+00
6.67175000e+06 1.26428412e+00
6.67200000e+06 1.26577283e+00
6.67300000e+06 1.26746195e+00
6.67350000e+06 1.26589468e+00
6.67400000e+06 1.26323659e+00
6.67500000e+06 1.25320594e+00
6.67600000e+06 1.23938108e+00
6.67700000e+06 1.22248655e+00
6.67800000e+06 1.20310373e+00
6.67850000e+06 1.19341257e+00
6.68000000e+06 1.16688693e+00
6.68100000e+06 1.14920367e+00
6.68200000e+06 1.13431294e+00
6.68250000e+06 1.12686782e+00
6.68350000e+06 1.11306044e+00
6.68400000e+06 1.10664225e+00
6.68450000e+06 1.10022431e+00
6.68550000e+06 1.08988192e+00
6.68600000e+06 1.08514636e+00
6.68650000e+06 1.08041103e+00
6.68750000e+06 1.07175234e+00
6.68800000e+06 1.06780514e+00
6.68850000e+06 1.06385817e+00
6.68950000e+06 1.05677425e+00
6.69000000e+06 1.05367530e+00
6.69150000e+06 1.04571285e+00
6.69200000e+06 1.04342634e+00
6.69300000e+06 1.03885378e+00
6.69400000e+06 1.03503778e+00
6.69475000e+06 1.03217611e+00
6.69600000e+06 1.02885935e+00
6.69800000e+06 1.02355342e+00
6.69937500e+06 1.01990618e+00
6.70000000e+06 1.01847443e+00
6.71000000e+06 1.01234265e+00
6.72000000e+06 1.02080511e+00
6.72250000e+06 1.02383885e+00
6.72500000e+06 1.02779398e+00
6.73000000e+06 1.03801878e+00
6.73500000e+06 1.04950357e+00
6.74000000e+06 1.06240097e+00
6.75000000e+06 1.09074802e+00
6.76000000e+06 1.12462338e+00
6.77000000e+06 1.16673777e+00
6.77500000e+06 1.19544239e+00
6.78000000e+06 1.22114448e+00
6.79000000e+06 1.30085156e+00
6.80000000e+06 1.42994245e+00
6.81000000e+06 1.61005298e+00
6.82000000e+06 1.67039050e+00
6.82375000e+06 1.57986693e+00
6.82500000e+06 1.54744815e+00
6.83000000e+06 1.41229082e+00
6.84000000e+06 1.16263529e+00
6.85000000e+06 1.04268449e+00
6.85564453e+06 1.00481329e+00
6.86000000e+06 9.75725582e-01
6.87000000e+06 9.27387527e-01
6.87500000e+06 9.08909986e-01
6.88000000e+06 8.90591393e-01
6.89000000e+06 8.69931576e-01
6.90000000e+06 8.57105741e-01
6.91000000e+06 8.46437412e-01
6.92000000e+06 8.38386343e-01
6.92500000e+06 8.36177210e-01
6.93000000e+06 8.36872247e-01
6.95000000e+06 8.40412720e-01
6.96000000e+06 8.44751318e-01
6.97000000e+06 8.52529577e-01
6.97062500e+06 8.53256304e-01
6.97500000e+06 8.59060414e-01
6.98000000e+06 8.67017539e-01
6.99000000e+06 8.86640007e-01
7.00000000e+06 9.08398058e-01
7.01000000e+06 9.32563394e-01
7.02000000e+06 9.54567279e-01
7.02500000e+06 9.64604224e-01
7.03000000e+06 9.74685946e-01
7.04000000e+06 9.96366366e-01
7.05000000e+06 1.01412794e+00
7.06000000e+06 1.02496661e+00
7.07000000e+06 1.01767778e+00
7.07250000e+06 1.01636927e+00
7.07500000e+06 1.01409618e+00
7.08000000e+06 1.01057047e+00
7.09250000e+06 1.00436258e+00
7.10000000e+06 1.00142243e+00
7.11000000e+06 1.00203934e+00
7.11500000e+06 1.00367660e+00
7.12000000e+06 1.00466045e+00
7.12500000e+06 1.00909148e+00
7.13000000e+06 1.01181568e+00
7.14000000e+06 1.02115291e+00
7.14500000e+06 1.02894313e+00
7.15500000e+06 1.05047283e+00
7.16000000e+06 1.06774109e+00
7.16500000e+06 1.09480438e+00
7.17000000e+06 1.13408713e+00
7.17500000e+06 1.18885378e+00
7.18000000e+06 1.26821745e+00
7.18500000e+06 1.37413087e+00
7.19000000e+06 1.49665116e+00
7.19500000e+06 1.63918904e+00
7.20000000e+06 1.74326408e+00
7.20500000e+06 1.73497201e+00
7.20507812e+06 1.73471363e+00
7.21250000e+06 1.65070576e+00
7.21375000e+06 1.63581143e+00
7.22000000e+06 1.56195519e+00
7.22500000e+06 1.51323271e+00
7.23000000e+06 1.46454613e+00
7.23500000e+06 1.41881559e+00
7.24000000e+06 1.37684052e+00
7.24500000e+06 1.34089006e+00
7.25000000e+06 1.31319646e+00
7.26000000e+06 1.28830928e+00
7.27000000e+06 1.27521705e+00
7.27500000e+06 1.26972981e+00
7.28000000e+06 1.26551497e+00
7.29000000e+06 1.26287889e+00
7.30000000e+06 1.27000671e+00
7.31000000e+06 1.25363072e+00
7.32000000e+06 1.32796529e+00
7.32500000e+06 1.34914596e+00
7.33000000e+06 1.36848148e+00
7.34000000e+06 1.34582670e+00
7.35000000e+06 1.31532353e+00
7.35330400e+06 1.30248094e+00
7.36000000e+06 1.27487210e+00
7.36875000e+06 1.18521494e+00
7.37000000e+06 1.17644754e+00
7.37500000e+06 1.23423782e+00
7.38000000e+06 1.29303483e+00
7.41500000e+06 1.23346880e+00
7.42000000e+06 1.22626931e+00
7.42500000e+06 1.21953539e+00
7.43000000e+06 1.21136727e+00
7.45000000e+06 1.18030870e+00
7.47000000e+06 1.15373270e+00
7.47500000e+06 1.14842261e+00
7.48000000e+06 1.14066579e+00
7.49000000e+06 1.12567604e+00
7.50000000e+06 1.11493060e+00
7.52000000e+06 1.12611429e+00
7.52034546e+06 1.12634916e+00
7.52500000e+06 1.12469134e+00
7.53000000e+06 1.12406135e+00
7.54105456e+06 1.12394492e+00
7.55000000e+06 1.12135250e+00
7.56000000e+06 1.11852818e+00
7.56559700e+06 1.11337836e+00
7.57000000e+06 1.11466433e+00
7.57500000e+06 1.11391665e+00
7.58000000e+06 1.10936069e+00
7.59000000e+06 1.10332069e+00
7.60000000e+06 1.10245118e+00
7.61294785e+06 1.11361950e+00
7.61359100e+06 1.11442152e+00
7.62000000e+06 1.12241366e+00
7.62500000e+06 1.12801179e+00
7.63000000e+06 1.13652499e+00
7.67000000e+06 1.19937475e+00
7.67500000e+06 1.20779816e+00
7.68000000e+06 1.21608949e+00
7.69500000e+06 1.24293948e+00
7.72000000e+06 1.28723431e+00
7.72500000e+06 1.29496919e+00
7.73000000e+06 1.30402461e+00
7.73500000e+06 1.31363693e+00
7.75000000e+06 1.33833831e+00
7.75500000e+06 1.34647790e+00
7.77000000e+06 1.36677649e+00
7.77500000e+06 1.37370679e+00
7.78000000e+06 1.37943729e+00
7.80500000e+06 1.40887720e+00
7.81000000e+06 1.41608798e+00
7.82000000e+06 1.43044783e+00
7.82500000e+06 1.43957788e+00
7.83500000e+06 1.44468904e+00
7.85000000e+06 1.45625881e+00
7.86000000e+06 1.45975644e+00
7.87000000e+06 1.45092498e+00
7.87500000e+06 1.43670926e+00
7.88000000e+06 1.41821571e+00
7.89000000e+06 1.36823474e+00
7.90000000e+06 1.31313029e+00
7.92000000e+06 1.20777088e+00
7.92500000e+06 1.17823539e+00
7.93000000e+06 1.14825456e+00
7.95000000e+06 1.02776846e+00
7.96000000e+06 9.73126365e-01
7.97000000e+06 9.27636566e-01
7.97500000e+06 9.08322647e-01
7.98000000e+06 8.90198441e-01
7.99000000e+06 8.61267284e-01
8.00000000e+06 8.40286721e-01
8.01000000e+06 8.30543237e-01
8.02000000e+06 8.26803909e-01
8.02500000e+06 8.26946585e-01
8.03000000e+06 8.31245599e-01
8.04000000e+06 8.42842308e-01
8.05000000e+06 8.57929296e-01
8.06000000e+06 8.75580190e-01
8.07000000e+06 8.94850700e-01
8.07500000e+06 9.04623802e-01
8.10000000e+06 9.74024799e-01
8.10500000e+06 9.88114736e-01
8.12000000e+06 1.03248369e+00
8.12500000e+06 1.04746106e+00
8.13500000e+06 1.08319531e+00
8.15000000e+06 1.13323974e+00
8.16000000e+06 1.16144276e+00
8.17500000e+06 1.19851312e+00
8.18500000e+06 1.21930843e+00
8.19500000e+06 1.23988689e+00
8.20000000e+06 1.24968768e+00
8.21875000e+06 1.28315414e+00
8.22500000e+06 1.29418465e+00
8.24000000e+06 1.31382530e+00
8.25000000e+06 1.32262592e+00
8.26000000e+06 1.32777727e+00
8.27000000e+06 1.32955743e+00
8.27500000e+06 1.33058718e+00
8.28000000e+06 1.32866312e+00
8.29000000e+06 1.32507844e+00
8.29500000e+06 1.32338482e+00
8.30000000e+06 1.32061208e+00
8.31000000e+06 1.31600907e+00
8.32500000e+06 1.30405168e+00
8.35000000e+06 1.27433890e+00
8.37000000e+06 1.25082263e+00
8.37500000e+06 1.24598768e+00
8.38000000e+06 1.23699297e+00
8.39000000e+06 1.22212351e+00
8.40000000e+06 1.20968387e+00
8.41000000e+06 1.20011571e+00
8.42000000e+06 1.19028763e+00
8.42500000e+06 1.18514805e+00
8.43000000e+06 1.18103674e+00
8.44500000e+06 1.16792318e+00
8.45000000e+06 1.16277227e+00
8.47000000e+06 1.14259964e+00
8.47500000e+06 1.13765109e+00
8.48000000e+06 1.13218590e+00
8.49000000e+06 1.12154081e+00
8.50000000e+06 1.11114245e+00
8.51000000e+06 1.10108981e+00
8.52000000e+06 1.09530133e+00
8.52500000e+06 1.09292616e+00
8.53000000e+06 1.08986635e+00
8.54000000e+06 1.08611092e+00
8.55000000e+06 1.08434886e+00
8.55750000e+06 1.08370916e+00
8.57500000e+06 1.08627378e+00
8.58000000e+06 1.08974251e+00
8.59000000e+06 1.09640701e+00
8.60000000e+06 1.10664451e+00
8.61000000e+06 1.12004196e+00
8.62000000e+06 1.13562335e+00
8.62500000e+06 1.14429376e+00
8.63000000e+06 1.15275707e+00
8.63500000e+06 1.16095201e+00
8.64000000e+06 1.17008358e+00
8.65000000e+06 1.18791919e+00
8.66000000e+06 1.20786061e+00
8.67000000e+06 1.22745026e+00
8.67500000e+06 1.23804209e+00
8.68000000e+06 1.24904999e+00
8.70000000e+06 1.29186395e+00
8.71000000e+06 1.31271183e+00
8.72000000e+06 1.33031892e+00
8.72500000e+06 1.33719069e+00
8.73000000e+06 1.34460052e+00
8.74000000e+06 1.35496996e+00
8.74500000e+06 1.35795722e+00
8.75000000e+06 1.36055382e+00
8.76000000e+06 1.36052187e+00
8.77000000e+06 1.35528985e+00
8.77500000e+06 1.34961865e+00
8.78000000e+06 1.34389827e+00
8.79000000e+06 1.32708900e+00
8.81000000e+06 1.28560030e+00
8.82500000e+06 1.25488395e+00
8.83000000e+06 1.24344621e+00
8.84000000e+06 1.22227286e+00
8.85500000e+06 1.19086039e+00
8.86500000e+06 1.17011804e+00
8.87500000e+06 1.14761223e+00
8.90000000e+06 1.10037876e+00
8.91000000e+06 1.08394779e+00
8.92000000e+06 1.07527373e+00
8.92500000e+06 1.07544870e+00
8.93500000e+06 1.08004847e+00
8.95000000e+06 1.08710523e+00
8.96000000e+06 1.11369414e+00
8.97000000e+06 1.11785176e+00
8.97500000e+06 1.11997810e+00
8.98000000e+06 1.12210140e+00
8.99000000e+06 1.13329641e+00
9.00000000e+06 1.15236742e+00
9.01000000e+06 1.17075217e+00
9.02000000e+06 1.18860397e+00
9.02500000e+06 1.20629680e+00
9.03750000e+06 1.26231603e+00
9.04000000e+06 1.27353774e+00
9.05000000e+06 1.30261572e+00
9.07500000e+06 1.23022605e+00
9.07968750e+06 1.21398635e+00
9.10000000e+06 1.18803041e+00
9.12500000e+06 1.15218439e+00
9.13750000e+06 1.13343564e+00
9.14500000e+06 1.12222983e+00
9.17500000e+06 1.08178631e+00
9.18000000e+06 1.07556674e+00
9.20000000e+06 1.05367494e+00
9.22500000e+06 1.03998050e+00
9.24800000e+06 1.03378393e+00
9.27400000e+06 1.03374727e+00
9.27500000e+06 1.03410090e+00
9.30000000e+06 1.04290300e+00
9.32500000e+06 1.07007961e+00
9.35000000e+06 1.10218611e+00
9.37500000e+06 1.12780111e+00
9.38678136e+06 1.13651388e+00
9.40000000e+06 1.14628957e+00
9.42362500e+06 1.13437524e+00
9.42500000e+06 1.13414168e+00
9.43137600e+06 1.13184219e+00
9.43150000e+06 1.13177490e+00
9.47500000e+06 1.13258324e+00
9.48750000e+06 1.13150888e+00
9.50000000e+06 1.13038704e+00
9.52500000e+06 1.12837665e+00
9.57500000e+06 1.13034269e+00
9.58125000e+06 1.13010884e+00
9.60000000e+06 1.13163121e+00
9.62500000e+06 1.14290196e+00
9.65000000e+06 1.15516564e+00
9.67500000e+06 1.16892728e+00
9.70000000e+06 1.18658559e+00
9.72500000e+06 1.20091469e+00
9.77500000e+06 1.21918687e+00
9.80000000e+06 1.22701611e+00
9.82500000e+06 1.22319513e+00
9.87500000e+06 1.20129107e+00
9.87656250e+06 1.19985008e+00
9.90000000e+06 1.18896882e+00
9.92500000e+06 1.18265409e+00
9.95000000e+06 1.18835000e+00
9.97500000e+06 1.20418774e+00
1.00000000e+07 1.22022462e+00
1.00500000e+07 1.25365324e+00
1.01000000e+07 1.28489100e+00
1.01220000e+07 1.29663330e+00
1.01410820e+07 1.30417633e+00
1.01500000e+07 1.30770158e+00
1.01890000e+07 1.31558028e+00
1.01894500e+07 1.31556183e+00
1.01900000e+07 1.31553740e+00
1.02000000e+07 1.31651548e+00
1.02020000e+07 1.31656698e+00
1.02445100e+07 1.30532982e+00
1.02445100e+07 1.30532982e+00
1.02450000e+07 1.30520029e+00
1.02470000e+07 1.30430809e+00
1.02500000e+07 1.30289539e+00
1.02841544e+07 1.28273704e+00
1.03000000e+07 1.27338477e+00
1.03500000e+07 1.23264425e+00
1.03720000e+07 1.21277046e+00
1.03721900e+07 1.21261204e+00
1.04000000e+07 1.18942409e+00
1.04292453e+07 1.17588891e+00
1.04500000e+07 1.16628333e+00
1.04650000e+07 1.16227611e+00
1.04680000e+07 1.16162866e+00
1.05000000e+07 1.15564926e+00
1.05260000e+07 1.15224248e+00
1.05275000e+07 1.15201824e+00
1.05280000e+07 1.15194350e+00
1.05500000e+07 1.14728510e+00
1.05600000e+07 1.14377957e+00
1.05602400e+07 1.14367554e+00
1.05630000e+07 1.14258989e+00
1.06000000e+07 1.12416337e+00
1.06481361e+07 1.11719244e+00
1.06500000e+07 1.11692252e+00
1.06670000e+07 1.11725993e+00
1.06670800e+07 1.11726802e+00
1.06690000e+07 1.11745659e+00
1.06800000e+07 1.11957707e+00
1.06900000e+07 1.12502883e+00
1.07000000e+07 1.13669110e+00
1.07100000e+07 1.13984346e+00
1.07200000e+07 1.11467473e+00
1.07300000e+07 1.05935679e+00
1.07400000e+07 1.08531945e+00
1.07500000e+07 1.11013222e+00
1.07600000e+07 1.13101847e+00
1.07700000e+07 1.15015472e+00
1.07800000e+07 1.16714937e+00
1.07900000e+07 1.18213562e+00
1.07983621e+07 1.19431595e+00
1.08000000e+07 1.19670168e+00
1.08100000e+07 1.21114793e+00
1.08200000e+07 1.22531278e+00
1.08300000e+07 1.23865893e+00
1.08400000e+07 1.24759498e+00
1.08500000e+07 1.25251083e+00
1.08600000e+07 1.25301128e+00
1.08700000e+07 1.25124162e+00
1.08800000e+07 1.25110206e+00
1.08900000e+07 1.25361260e+00
1.09000000e+07 1.25771284e+00
1.09100000e+07 1.26278339e+00
1.09200000e+07 1.26873383e+00
1.09300000e+07 1.28238487e+00
1.09400000e+07 1.31325311e+00
1.09500000e+07 1.35500435e+00
1.09507076e+07 1.35829849e+00
1.09507076e+07 1.35829854e+00
1.09600000e+07 1.40155939e+00
1.09700000e+07 1.43127333e+00
1.09800000e+07 1.43509727e+00
1.09900000e+07 1.43853120e+00
1.10000000e+07 1.44447534e+00
1.10070000e+07 1.45279562e+00
1.10090000e+07 1.45543254e+00
1.10500000e+07 1.51354601e+00
1.11000000e+07 1.58538765e+00
1.11500000e+07 1.63372729e+00
1.11551902e+07 1.63290769e+00
1.12000000e+07 1.62583158e+00
1.12200000e+07 1.61409329e+00
1.12500000e+07 1.59513587e+00
1.13000000e+07 1.56469683e+00
1.13125698e+07 1.55937503e+00
1.13500000e+07 1.54352790e+00
1.14000000e+07 1.53577269e+00
1.14500000e+07 1.56896678e+00
1.14721698e+07 1.58739781e+00
1.15000000e+07 1.61053457e+00
1.15200000e+07 1.62520418e+00
1.15400000e+07 1.63744320e+00
1.15500000e+07 1.64264796e+00
1.16000000e+07 1.65173287e+00
1.16430000e+07 1.64076827e+00
1.16479700e+07 1.63856706e+00
1.16480000e+07 1.63855584e+00
1.16500000e+07 1.63762748e+00
1.16622443e+07 1.63147050e+00
1.17000000e+07 1.61248526e+00
1.17500000e+07 1.59544303e+00
1.17787200e+07 1.63266566e+00
1.17790000e+07 1.63305464e+00
1.17960000e+07 1.63840619e+00
1.17970000e+07 1.63815052e+00
1.18000000e+07 1.63758350e+00
1.18267776e+07 1.62093658e+00
1.18500000e+07 1.60649982e+00
1.19000000e+07 1.57306182e+00
1.19500000e+07 1.56352382e+00
1.19700000e+07 1.56773538e+00
1.19936321e+07 1.55376670e+00
1.20000000e+07 1.55000272e+00
1.20500000e+07 1.50020428e+00
1.21000000e+07 1.45170674e+00
1.21100000e+07 1.44233705e+00
1.21500000e+07 1.40773529e+00
1.21610000e+07 1.39928090e+00
1.21692984e+07 1.39773089e+00
1.22000000e+07 1.39199629e+00
1.22466700e+07 1.41311302e+00
1.22470000e+07 1.41325981e+00
1.22480000e+07 1.41370530e+00
1.22500000e+07 1.41459278e+00
1.23000000e+07 1.43106925e+00
1.23317200e+07 1.43848125e+00
1.23320000e+07 1.43852601e+00
1.23330000e+07 1.43868259e+00
1.23409853e+07 1.43969396e+00
1.23500000e+07 1.44083571e+00
1.23630000e+07 1.44243354e+00
1.23700000e+07 1.44315154e+00
1.24000000e+07 1.44609079e+00
1.24500000e+07 1.45160177e+00
1.25000000e+07 1.45996551e+00
1.25500000e+07 1.46722058e+00
1.25800000e+07 1.46814856e+00
1.26000000e+07 1.46764801e+00
1.26200000e+07 1.46607076e+00
1.26500000e+07 1.46298173e+00
1.26763525e+07 1.46210595e+00
1.27000000e+07 1.46132007e+00
1.27500000e+07 1.48086951e+00
1.28000000e+07 1.52331104e+00
1.28090000e+07 1.53131068e+00
1.28090400e+07 1.53134666e+00
1.28130000e+07 1.53486142e+00
1.28500000e+07 1.56565937e+00
1.28551930e+07 1.56823040e+00
1.28923500e+07 1.58662661e+00
1.29000000e+07 1.58633218e+00
1.29500000e+07 1.56023430e+00
1.30000000e+07 1.51388479e+00
1.30500000e+07 1.48607921e+00
1.31000000e+07 1.48929920e+00
1.31500000e+07 1.50209190e+00
1.31834066e+07 1.50601469e+00
1.32000000e+07 1.50796318e+00
1.32247000e+07 1.50647155e+00
1.32250000e+07 1.50646027e+00
1.32270000e+07 1.50638305e+00
1.32500000e+07 1.50564327e+00
1.33000000e+07 1.50264102e+00
1.33180000e+07 1.50423105e+00
1.33200000e+07 1.50451955e+00
1.33203800e+07 1.50457937e+00
1.33500000e+07 1.50934888e+00
1.33694007e+07 1.51281104e+00
1.34000000e+07 1.51827162e+00
1.34500000e+07 1.52985235e+00
1.35000000e+07 1.54063224e+00
1.35500000e+07 1.54321996e+00
1.36000000e+07 1.54716175e+00
1.36020000e+07 1.54720043e+00
1.36030000e+07 1.54723857e+00
1.36031600e+07 1.54724469e+00
1.36100000e+07 1.54758483e+00
1.36200000e+07 1.54870231e+00
1.36300000e+07 1.55072469e+00
1.36400000e+07 1.55366107e+00
1.36500000e+07 1.55679805e+00
1.36600000e+07 1.56011967e+00
1.36700000e+07 1.56344228e+00
1.36743500e+07 1.56487304e+00
1.36800000e+07 1.56670791e+00
1.36900000e+07 1.56991889e+00
1.36904607e+07 1.57006450e+00
1.37000000e+07 1.57307957e+00
1.37100000e+07 1.57618015e+00
1.37200000e+07 1.57920883e+00
1.37300000e+07 1.58215101e+00
1.37400000e+07 1.58321439e+00
1.37500000e+07 1.57884877e+00
1.37600000e+07 1.57197819e+00
1.37700000e+07 1.56803371e+00
1.37800000e+07 1.57006603e+00
1.37850000e+07 1.57244274e+00
1.37866500e+07 1.57337116e+00
1.37870000e+07 1.57356822e+00
1.37900000e+07 1.57525745e+00
1.38000000e+07 1.58080387e+00
1.38100000e+07 1.58389729e+00
1.38200000e+07 1.58222970e+00
1.38300000e+07 1.57876712e+00
1.38400000e+07 1.57506654e+00
1.38500000e+07 1.57175296e+00
1.38600000e+07 1.56917183e+00
1.38700000e+07 1.56664769e+00
1.38800000e+07 1.56413446e+00
1.38836085e+07 1.56323450e+00
1.38900000e+07 1.56164043e+00
1.39000000e+07 1.55917070e+00
1.39500000e+07 1.54716784e+00
1.39790000e+07 1.53744243e+00
1.40000000e+07 1.53154596e+00
1.40500000e+07 1.52237757e+00
1.41000000e+07 1.53063715e+00
1.41500000e+07 1.54079133e+00
1.41975148e+07 1.54537633e+00
1.42000000e+07 1.54561614e+00
1.42500000e+07 1.55066595e+00
1.42980000e+07 1.55519771e+00
1.43000000e+07 1.55539067e+00
1.43500000e+07 1.56056928e+00
1.43978162e+07 1.56689816e+00
1.44000000e+07 1.56718721e+00
1.44500000e+07 1.57604304e+00
1.45000000e+07 1.58746344e+00
1.45500000e+07 1.60092004e+00
1.46000000e+07 1.61700442e+00
1.46170000e+07 1.62261624e+00
1.46500000e+07 1.63359581e+00
1.47000000e+07 1.65003564e+00
1.47045689e+07 1.65141925e+00
1.47500000e+07 1.66517718e+00
1.48000000e+07 1.67967776e+00
1.48500000e+07 1.69436534e+00
1.49000000e+07 1.69706428e+00
1.49120239e+07 1.69774882e+00
1.49360000e+07 1.69911383e+00
1.49500000e+07 1.69989922e+00
1.50000000e+07 1.70306673e+00
1.50200000e+07 1.70213937e+00
1.50400000e+07 1.69614001e+00
1.50500000e+07 1.69189883e+00
1.51000000e+07 1.66442237e+00
1.51500000e+07 1.63156680e+00
1.52000000e+07 1.59609590e+00
1.52116230e+07 1.58998202e+00
1.52500000e+07 1.56979510e+00
1.52550000e+07 1.56762460e+00
1.53000000e+07 1.55209002e+00
1.53471700e+07 1.53561771e+00
1.53500000e+07 1.53463683e+00
1.53920700e+07 1.52509620e+00
1.54000000e+07 1.52518302e+00
1.54262316e+07 1.52827835e+00
1.54500000e+07 1.53108302e+00
1.55000000e+07 1.54167028e+00
1.55500000e+07 1.55146353e+00
1.55740000e+07 1.55667622e+00
1.56000000e+07 1.56208881e+00
1.56500000e+07 1.56960969e+00
1.57000000e+07 1.57244710e+00
1.57186771e+07 1.57218051e+00
1.57500000e+07 1.57173342e+00
1.58000000e+07 1.56594331e+00
1.58500000e+07 1.55644801e+00
1.58930000e+07 1.54768602e+00
1.59000000e+07 1.54608529e+00
1.59404393e+07 1.52971801e+00
1.59500000e+07 1.52584846e+00
1.60000000e+07 1.50479247e+00
1.61000000e+07 1.49925004e+00
1.61300000e+07 1.50273001e+00
1.61610000e+07 1.50685665e+00
1.62000000e+07 1.51383621e+00
1.62050000e+07 1.51493504e+00
1.62120000e+07 1.51656882e+00
1.62257312e+07 1.52011166e+00
1.63000000e+07 1.53927409e+00
1.64000000e+07 1.54791746e+00
1.64100000e+07 1.54714765e+00
1.64546471e+07 1.53843661e+00
1.65000000e+07 1.52958785e+00
1.65310000e+07 1.51976649e+00
1.66000000e+07 1.50577863e+00
1.66150000e+07 1.50399161e+00
1.66516000e+07 1.50203439e+00
1.67000000e+07 1.50483522e+00
1.67327853e+07 1.51061881e+00
1.68000000e+07 1.52247602e+00
1.68200000e+07 1.52665184e+00
1.68500000e+07 1.53370783e+00
1.69000000e+07 1.54763352e+00
1.69688548e+07 1.56816229e+00
1.70000000e+07 1.57744811e+00
1.70250000e+07 1.58610825e+00
1.71000000e+07 1.61274325e+00
1.71680000e+07 1.62703642e+00
1.71690000e+07 1.62720931e+00
1.72000000e+07 1.63198974e+00
1.72300000e+07 1.63476146e+00
1.72398394e+07 1.63529858e+00
1.72501900e+07 1.63586361e+00
1.73000000e+07 1.63669550e+00
1.74000000e+07 1.63442093e+00
1.74350000e+07 1.63224044e+00
1.74830625e+07 1.62904212e+00
1.74870000e+07 1.62878010e+00
1.74880000e+07 1.62871198e+00
1.75000000e+07 1.62786552e+00
1.76000000e+07 1.62076119e+00
1.76400000e+07 1.61836023e+00
1.77000000e+07 1.61559377e+00
1.77468935e+07 1.61350284e+00
1.78000000e+07 1.61113488e+00
1.78060000e+07 1.61085097e+00
1.78070000e+07 1.61079982e+00
1.78450000e+07 1.60842406e+00
1.78500000e+07 1.60805934e+00
1.78507200e+07 1.60800760e+00
1.79000000e+07 1.60389314e+00
1.79972702e+07 1.59483836e+00
1.80000000e+07 1.59458425e+00
1.80500000e+07 1.58602416e+00
1.81000000e+07 1.57772162e+00
1.81250000e+07 1.57437782e+00
1.81338100e+07 1.57329587e+00
1.82000000e+07 1.56578976e+00
1.82539476e+07 1.56273627e+00
1.82550000e+07 1.56267670e+00
1.82890200e+07 1.56115661e+00
1.83000000e+07 1.56078952e+00
1.84000000e+07 1.56383569e+00
1.84440000e+07 1.56660053e+00
1.84600000e+07 1.56820347e+00
1.85000000e+07 1.57298289e+00
1.85717900e+07 1.57871144e+00
1.86000000e+07 1.58225191e+00
1.86650000e+07 1.59885026e+00
1.87000000e+07 1.60601296e+00
1.87610017e+07 1.62079724e+00
1.87630000e+07 1.62128155e+00
1.88000000e+07 1.63036724e+00
1.88700000e+07 1.64965470e+00
1.89000000e+07 1.65782924e+00
1.90000000e+07 1.66789440e+00
1.90750000e+07 1.66314519e+00
1.90820000e+07 1.66245223e+00
1.91000000e+07 1.66060891e+00
1.92000000e+07 1.65465429e+00
1.92680558e+07 1.64843492e+00
1.92800000e+07 1.64734339e+00
1.93000000e+07 1.64549208e+00
1.93645200e+07 1.63639160e+00
1.94000000e+07 1.63047424e+00
1.94010000e+07 1.63027525e+00
1.94850000e+07 1.61620030e+00
1.95000000e+07 1.61438975e+00
1.95891400e+07 1.60815520e+00
1.96000000e+07 1.60779285e+00
1.96394300e+07 1.60780846e+00
1.96900000e+07 1.60803512e+00
1.97000000e+07 1.60813476e+00
1.97200000e+07 1.60909299e+00
1.97751099e+07 1.61175341e+00
1.98000000e+07 1.61295498e+00
1.98950000e+07 1.61744498e+00
1.99000000e+07 1.61768646e+00
2.00000000e+07 1.62204924e+00
2.01000000e+07 1.63141424e+00
2.01482100e+07 1.63846571e+00
2.02562100e+07 1.65860600e+00
2.02597200e+07 1.65929874e+00
2.02821640e+07 1.66316091e+00
2.03342400e+07 1.67212216e+00
2.03500000e+07 1.67419838e+00
2.04200000e+07 1.67928724e+00
2.05000000e+07 1.68063479e+00
2.05683088e+07 1.68204877e+00
2.06171200e+07 1.68305915e+00
2.06500000e+07 1.68363851e+00
2.08199600e+07 1.67876400e+00
2.08584906e+07 1.67762273e+00
2.09029800e+07 1.67630495e+00
2.09413343e+07 1.67518812e+00
2.09500000e+07 1.67493579e+00
2.09763300e+07 1.67418624e+00
2.09945100e+07 1.67367604e+00
2.10000000e+07 1.67352502e+00
2.10815700e+07 1.67136461e+00
2.11527664e+07 1.66979041e+00
2.12325300e+07 1.66802679e+00
2.12500000e+07 1.66771270e+00
2.14423800e+07 1.66415800e+00
2.14511939e+07 1.66399858e+00
2.15000000e+07 1.66311585e+00
2.15500000e+07 1.66214163e+00
2.15941800e+07 1.66119939e+00
2.16361700e+07 1.66030613e+00
2.17250500e+07 1.65843017e+00
2.17538316e+07 1.65782743e+00
2.18500000e+07 1.65581349e+00
2.18950300e+07 1.65484828e+00
2.19867700e+07 1.65288907e+00
2.20000000e+07 1.65260738e+00
2.20439600e+07 1.65209289e+00
2.21500000e+07 1.65085117e+00
2.22447800e+07 1.64973553e+00
2.23103804e+07 1.64895317e+00
2.24500000e+07 1.64728805e+00
2.25000000e+07 1.64668115e+00
2.26251397e+07 1.64512100e+00
2.27500000e+07 1.64356433e+00
2.28644400e+07 1.64208184e+00
2.29443397e+07 1.64101614e+00
2.30000000e+07 1.64027374e+00
2.30430000e+07 1.63968720e+00
2.30500000e+07 1.63959097e+00
2.32680430e+07 1.63661808e+00
2.32680430e+07 1.63661808e+00
2.33500000e+07 1.63550064e+00
2.35000000e+07 1.63347518e+00
2.35963132e+07 1.63218322e+00
2.36500000e+07 1.63146305e+00
2.37434800e+07 1.63021432e+00
2.39292148e+07 1.62775196e+00
2.39500000e+07 1.62747640e+00
2.40000000e+07 1.62681646e+00
2.42500000e+07 1.62354050e+00
2.43385968e+07 1.62240079e+00
2.44088300e+07 1.62149731e+00
2.45000000e+07 1.62032983e+00
2.45500000e+07 1.61969276e+00
2.45771100e+07 1.61935000e+00
2.46819706e+07 1.61835737e+00
2.48500000e+07 1.61676676e+00
2.50000000e+07 1.61743877e+00
2.50301888e+07 1.61757482e+00
2.51500000e+07 1.61811479e+00
2.53833197e+07 1.61917064e+00
2.54500000e+07 1.61947239e+00
2.55000000e+07 1.61969874e+00
2.57414326e+07 1.62078719e+00
2.57500000e+07 1.62082581e+00
2.60000000e+07 1.62194261e+00
2.60500000e+07 1.62092496e+00
2.63500000e+07 1.61482151e+00
2.63668132e+07 1.61448028e+00
2.65000000e+07 1.61177721e+00
2.66500000e+07 1.60874490e+00
2.67388015e+07 1.60695469e+00
2.69500000e+07 1.60269702e+00
2.70000000e+07 1.60169156e+00
2.71160378e+07 1.59934533e+00
2.72500000e+07 1.59663669e+00
2.74985963e+07 1.59157321e+00
2.74985963e+07 1.59157321e+00
2.75000000e+07 1.59154462e+00
2.75500000e+07 1.59052253e+00
2.78500000e+07 1.58437581e+00
2.78865520e+07 1.58362522e+00
2.80000000e+07 1.58129560e+00
2.81500000e+07 1.57821603e+00
2.83950296e+07 1.57318667e+00
2.84500000e+07 1.57205838e+00
2.85000000e+07 1.57103419e+00
2.87500000e+07 1.56642571e+00
2.87956324e+07 1.56574325e+00
2.90000000e+07 1.56268680e+00
2.90500000e+07 1.56239056e+00
2.92018869e+07 1.56174097e+00
2.93500000e+07 1.56110751e+00
2.95000000e+07 1.56072262e+00
2.96138730e+07 1.56052444e+00
2.96500000e+07 1.56046156e+00
2.99500000e+07 1.56017163e+00
3.00000000e+07 1.56024108e+00
3.00000100e+07 1.56679330e+00
3.04232561e+07 1.56255289e+00
3.07079200e+07 1.55970090e+00
3.08524735e+07 1.55763089e+00
3.10000000e+07 1.55551830e+00
3.12877464e+07 1.55073388e+00
3.14222900e+07 1.54849680e+00
3.17291602e+07 1.54267662e+00
3.18656019e+07 1.54008883e+00
3.20000000e+07 1.53753980e+00
3.21768015e+07 1.53387235e+00
3.24514624e+07 1.52817498e+00
3.26307583e+07 1.52445579e+00
3.29092941e+07 1.51867804e+00
3.30000000e+07 1.51679650e+00
3.30911195e+07 1.51488978e+00
3.30911195e+07 1.51488978e+00
3.32629900e+07 1.51129330e+00
3.35579757e+07 1.50535176e+00
3.37322709e+07 1.50184115e+00
3.40000000e+07 1.49644860e+00
3.40314183e+07 1.49585049e+00
3.41482000e+07 1.49362730e+00
3.43887700e+07 1.48920220e+00
3.45115404e+07 1.48715301e+00
3.48739336e+07 1.48110421e+00
3.49984361e+07 1.47902610e+00
3.50000000e+07 1.47900000e+00
3.54922010e+07 1.47155320e+00
3.54937870e+07 1.47152920e+00
3.55350700e+07 1.47090460e+00
3.59929321e+07 1.46387462e+00
3.60000000e+07 1.46376610e+00
3.65007275e+07 1.45598474e+00
3.65078952e+07 1.45587336e+00
3.70000000e+07 1.44822600e+00
3.70156871e+07 1.44798130e+00
3.75220034e+07 1.44008327e+00
3.75379118e+07 1.43983511e+00
3.80000000e+07 1.43262700e+00
3.80675042e+07 1.43158339e+00
3.85361116e+07 1.42433871e+00
3.86045682e+07 1.42328038e+00
3.90000000e+07 1.41716700e+00
3.91296000e+07 1.41518200e+00
3.91492091e+07 1.41488502e+00
3.96816482e+07 1.40682136e+00
3.97015340e+07 1.40652020e+00
4.00000000e+07 1.40200000e+00
4.02616512e+07 1.39781881e+00
4.05643280e+07 1.39298204e+00
4.08296706e+07 1.38874186e+00
4.10000000e+07 1.38602000e+00
4.14057038e+07 1.37886095e+00
4.15784362e+07 1.37581291e+00
4.19898637e+07 1.36855286e+00
4.20000000e+07 1.36837400e+00
4.25822651e+07 1.35739947e+00
4.25925444e+07 1.35720572e+00
4.30000000e+07 1.34952600e+00
4.31830242e+07 1.34592994e+00
4.36066526e+07 1.33760649e+00
4.37922590e+07 1.33395970e+00
4.40000000e+07 1.32987800e+00
4.44100889e+07 1.32163316e+00
4.46207608e+07 1.31739760e+00
4.50000000e+07 1.30977300e+00
4.50366353e+07 1.30903033e+00
4.56348690e+07 1.29690294e+00
4.56720212e+07 1.29614979e+00
4.60000000e+07 1.28950100e+00
4.63163712e+07 1.28311188e+00
4.66489772e+07 1.27639491e+00
4.69698118e+07 1.26991565e+00
4.70000000e+07 1.26930600e+00
4.76324713e+07 1.25670780e+00
4.76630854e+07 1.25609800e+00
4.80000000e+07 1.24938700e+00
4.83044798e+07 1.24345604e+00
4.86771936e+07 1.23619595e+00
4.89859690e+07 1.23018131e+00
4.90000000e+07 1.22990800e+00
4.96770729e+07 1.21710591e+00
4.96913018e+07 1.21683687e+00
5.00000000e+07 1.21100000e+00
5.03779270e+07 1.20413231e+00
5.07054100e+07 1.19818129e+00
5.10000000e+07 1.19282800e+00
5.10886688e+07 1.19128179e+00
5.17195182e+07 1.18028104e+00
5.18094380e+07 1.17871302e+00
5.20000000e+07 1.17539000e+00
5.25403759e+07 1.16629385e+00
5.27336264e+07 1.16304087e+00
5.30000000e+07 1.15855700e+00
5.32816260e+07 1.15395636e+00
5.37477346e+07 1.14634201e+00
5.40000000e+07 1.14222100e+00
5.40333339e+07 1.14168972e+00
5.47618428e+07 1.13007875e+00
5.47956469e+07 1.12953998e+00
5.50000000e+07 1.12628300e+00
5.55687149e+07 1.11739797e+00
5.57759510e+07 1.11416032e+00
5.60000000e+07 1.11066000e+00
5.63526894e+07 1.10523493e+00
5.67900592e+07 1.09850731e+00
5.70000000e+07 1.09527800e+00
5.71477244e+07 1.09303244e+00
5.78041674e+07 1.08305385e+00
5.79539760e+07 1.08077661e+00
5.80000000e+07 1.08007700e+00
5.87716022e+07 1.06844278e+00
5.88182756e+07 1.06773904e+00
5.90000000e+07 1.06499900e+00
5.96007638e+07 1.05598814e+00
5.98323838e+07 1.05251408e+00
6.00000000e+07 1.05000000e+00
6.04416233e+07 1.04339552e+00
6.08464920e+07 1.03734071e+00
6.10000000e+07 1.03504500e+00
6.12943458e+07 1.03067014e+00
6.18606002e+07 1.02225390e+00
6.20000000e+07 1.02018200e+00
6.21590987e+07 1.01784420e+00
6.28747084e+07 1.00732903e+00
6.30000000e+07 1.00548800e+00
6.30360517e+07 1.00496673e+00
6.38888166e+07 9.92636601e-01
6.39253769e+07 9.92107976e-01
6.40000000e+07 9.91029000e-01
6.48272489e+07 9.79310937e-01
6.48272489e+07 9.79310936e-01
6.49029248e+07 9.78238980e-01
6.50000000e+07 9.76863900e-01
6.57418447e+07 9.66611310e-01
6.59170330e+07 9.64190138e-01
6.60000000e+07 9.63043500e-01
6.66693438e+07 9.54052942e-01
6.69311412e+07 9.50536505e-01
6.70000000e+07 9.49611600e-01
6.76099282e+07 9.41679178e-01
6.79452494e+07 9.37318159e-01
6.80000000e+07 9.36606100e-01
6.85637826e+07 9.29532658e-01
6.89593576e+07 9.24569616e-01
6.90000000e+07 9.24059700e-01
6.95310942e+07 9.17654864e-01
6.99734658e+07 9.12319994e-01
7.00000000e+07 9.12000000e-01
7.05120527e+07 9.06020453e-01
7.09875740e+07 9.00467506e-01
7.10000000e+07 9.00322400e-01
7.15068509e+07 8.94536545e-01
7.20000000e+07 8.88907100e-01
7.25156838e+07 8.83156349e-01
7.30000000e+07 8.77755400e-01
7.35387496e+07 8.71889764e-01
7.40000000e+07 8.66867900e-01
7.45762490e+07 8.60745831e-01
7.50000000e+07 8.56243900e-01
7.56283856e+07 8.49732568e-01
7.60000000e+07 8.45881900e-01
7.66953660e+07 8.38857104e-01
7.70000000e+07 8.35779600e-01
7.77773996e+07 8.28125712e-01
7.80000000e+07 8.25934100e-01
7.88746987e+07 8.17544078e-01
7.90000000e+07 8.16342200e-01
7.99874787e+07 8.07116976e-01
8.00000000e+07 8.07000000e-01
8.10000000e+07 7.98146000e-01
8.11159581e+07 7.97184174e-01
8.20000000e+07 7.89851400e-01
8.22603582e+07 7.87777230e-01
8.30000000e+07 7.81884800e-01
8.34209038e+07 7.78583609e-01
8.40000000e+07 7.74041700e-01
8.45978226e+07 7.69318842e-01
8.50000000e+07 7.66141600e-01
8.57913456e+07 7.59719830e-01
8.60000000e+07 7.58026600e-01
8.70000000e+07 7.49559700e-01
8.70017071e+07 7.49544449e-01
8.80000000e+07 7.40625600e-01
8.82291445e+07 7.38449712e-01
8.82291445e+07 7.38449712e-01
8.90000000e+07 7.31129900e-01
8.94738990e+07 7.26329351e-01
9.00000000e+07 7.21000000e-01
9.07362146e+07 7.13499887e-01
9.07362146e+07 7.13499887e-01
9.10000000e+07 7.10812600e-01
9.20000000e+07 7.01147200e-01
9.20163393e+07 7.00996985e-01
9.30000000e+07 6.91953700e-01
9.33145242e+07 6.89195511e-01
9.40000000e+07 6.83184300e-01
9.46310242e+07 6.77889124e-01
9.50000000e+07 6.74792900e-01
9.59660976e+07 6.67008472e-01
9.60000000e+07 6.66735300e-01
9.70000000e+07 6.58968500e-01
9.73200065e+07 6.56562659e-01
9.80000000e+07 6.51450400e-01
9.86930166e+07 6.46384587e-01
9.90000000e+07 6.44140600e-01
1.00000000e+08 6.37000000e-01
1.00085397e+08 6.36407667e-01
1.01410820e+08 6.27214270e-01
1.01497422e+08 6.26613580e-01
1.02000000e+08 6.23127600e-01
1.02929368e+08 6.16990286e-01
1.02929368e+08 6.16990285e-01
1.03439036e+08 6.13624564e-01
1.04000000e+08 6.09920100e-01
1.04381516e+08 6.07557904e-01
1.05467253e+08 6.00835458e-01
1.05854152e+08 5.98439935e-01
1.06000000e+08 5.97536900e-01
1.07347563e+08 5.89824998e-01
1.07495469e+08 5.88978554e-01
1.08000000e+08 5.86091200e-01
1.08862044e+08 5.81595123e-01
1.09523686e+08 5.78144266e-01
1.10000000e+08 5.75660000e-01
1.10397892e+08 5.73753383e-01
1.11551902e+08 5.68223596e-01
1.11955407e+08 5.66290081e-01
1.12000000e+08 5.66076400e-01
1.13534896e+08 5.59174278e-01
1.13580118e+08 5.58970923e-01
1.14000000e+08 5.57082800e-01
1.15136669e+08 5.52266732e-01
1.15608335e+08 5.50268286e-01
1.16000000e+08 5.48608800e-01
1.16761040e+08 5.45560186e-01
1.17636551e+08 5.42053021e-01
1.18000000e+08 5.40597100e-01
1.18408329e+08 5.39046043e-01
1.19664768e+08 5.34273397e-01
1.20000000e+08 5.33000000e-01
1.20078857e+08 5.32715046e-01
1.21692984e+08 5.26882318e-01
1.21772954e+08 5.26593344e-01
1.22000000e+08 5.25772900e-01
1.23490951e+08 5.20635606e-01
1.23721200e+08 5.19842246e-01
1.24000000e+08 5.18881600e-01
1.25233186e+08 5.14825097e-01
1.25749417e+08 5.13126981e-01
1.26000000e+08 5.12302700e-01
1.27000000e+08 5.09158999e-01
1.27000001e+08 5.09158998e-01
1.27777633e+08 5.06714355e-01
1.28000000e+08 5.06015300e-01
1.28791742e+08 5.03634017e-01
1.29805850e+08 5.00583936e-01
1.30000000e+08 5.00000000e-01
1.30608762e+08 4.98202175e-01
1.31834066e+08 4.94583545e-01
1.32000000e+08 4.94093500e-01
1.32451416e+08 4.92760581e-01
1.33862282e+08 4.88594646e-01
1.34000000e+08 4.88188000e-01
1.34320067e+08 4.87252204e-01
1.35890499e+08 4.82660654e-01
1.36000000e+08 4.82340500e-01
1.36215082e+08 4.81722990e-01
1.37918715e+08 4.76831773e-01
1.38000000e+08 4.76598400e-01
1.38136831e+08 4.76215382e-01
1.39946932e+08 4.71148549e-01
1.40000000e+08 4.71000000e-01
1.40085693e+08 4.70760650e-01
1.41975148e+08 4.65483214e-01
1.42000000e+08 4.65413800e-01
1.42062050e+08 4.65237984e-01
1.44000000e+08 4.59746900e-01
1.44066290e+08 4.59559064e-01
1.46000000e+08 4.54079800e-01
1.46098806e+08 4.53803114e-01
1.46098806e+08 4.53803113e-01
1.48000000e+08 4.48479200e-01
1.48159997e+08 4.48040872e-01
1.50000000e+08 4.43000000e-01
