12543
1.00000000e-05 5.07566217e+01
1.10303700e-05 4.83314980e+01
1.21669100e-05 4.60226006e+01
1.34205500e-05 4.38243771e+01
1.48033600e-05 4.17315411e+01
1.63286500e-05 3.97390600e+01
1.80111100e-05 3.78421420e+01
1.98669100e-05 3.60362255e+01
2.19139400e-05 3.43169675e+01
2.41718900e-05 3.26802337e+01
2.66624800e-05 3.11220877e+01
2.94097100e-05 2.96387827e+01
3.24399900e-05 2.82267513e+01
3.57825100e-05 2.68825979e+01
3.94694300e-05 2.56030900e+01
4.35362400e-05 2.43851502e+01
4.80220800e-05 2.32258496e+01
5.29701300e-05 2.21224000e+01
5.84280100e-05 2.10721475e+01
6.44482500e-05 2.00725662e+01
7.10888100e-05 1.91212518e+01
7.84135800e-05 1.82159162e+01
8.64930800e-05 1.73543817e+01
9.54050600e-05 1.65345757e+01
1.05235300e-04 1.57545262e+01
1.16078400e-04 1.50123564e+01
1.28038800e-04 1.43062805e+01
1.41231500e-04 1.36345993e+01
1.55783600e-04 1.29956963e+01
1.71835100e-04 1.23880337e+01
1.89540400e-04 1.18101480e+01
2.09070100e-04 1.12606477e+01
2.30612000e-04 1.07382090e+01
2.54373600e-04 1.02415726e+01
2.80583500e-04 9.76954112e+00
3.09493900e-04 9.32293851e+00
3.11677100e-04 9.29008679e+00
3.41383200e-04 8.89823130e+00
3.46199500e-04 8.83636338e+00
3.76558300e-04 8.49447680e+00
3.84564600e-04 8.40670169e+00
4.15357700e-04 8.11072219e+00
4.27160300e-04 8.00031595e+00
4.58154900e-04 7.74610923e+00
4.74497300e-04 7.61570686e+00
5.05361800e-04 7.39977194e+00
5.27054200e-04 7.25216883e+00
5.57432800e-04 7.07093080e+00
5.85461300e-04 6.90835508e+00
6.14868900e-04 6.75879963e+00
6.50309000e-04 6.58363168e+00
6.78223200e-04 6.46266810e+00
7.22374800e-04 6.27678946e+00
7.48105200e-04 6.18182266e+00
8.02387500e-04 5.98725748e+00
8.25187700e-04 5.91561824e+00
8.91306400e-04 5.71394981e+00
9.10212500e-04 5.66340533e+00
9.90030500e-04 5.45635124e+00
1.00399800e-03 5.42459707e+00
1.09974360e-03 5.21348572e+00
1.10744690e-03 5.19860241e+00
1.22155490e-03 4.98488631e+00
1.34742020e-03 4.78478512e+00
1.35692500e-03 4.77009320e+00
1.48625420e-03 4.59648905e+00
1.51785470e-03 4.55527241e+00
1.63939330e-03 4.41824483e+00
1.69787050e-03 4.35423539e+00
1.80831140e-03 4.24974860e+00
1.89923590e-03 4.16630321e+00
1.99463430e-03 4.09063909e+00
2.12448300e-03 3.99082809e+00
2.20015530e-03 3.94056410e+00
2.37644420e-03 3.82719053e+00
2.42685260e-03 3.79917982e+00
2.65828770e-03 3.67479630e+00
2.67690810e-03 3.66618908e+00
2.95272860e-03 3.54303260e+00
2.99438630e-03 3.52499794e+00
3.25696870e-03 3.42816054e+00
3.37314480e-03 3.38667841e+00
3.59255680e-03 3.31993065e+00
3.79962580e-03 3.25903376e+00
3.96272290e-03 3.21834580e+00
4.31022040e-03 3.13469157e+00
4.37102980e-03 3.12232232e+00
4.82140740e-03 3.03410780e+00
4.88942880e-03 3.02122745e+00
5.31819050e-03 2.95330309e+00
5.58559670e-03 2.91244344e+00
5.86616070e-03 2.87669291e+00
6.38057350e-03 2.81363997e+00
6.47059200e-03 2.80446096e+00
7.13730200e-03 2.73926977e+00
7.34011160e-03 2.72017206e+00
7.87270780e-03 2.67902648e+00
8.50351360e-03 2.63226206e+00
8.68388760e-03 2.62134424e+00
9.57864890e-03 2.56959546e+00
9.92031920e-03 2.55062927e+00
1.05656037e-02 2.52186308e+00
1.16542513e-02 2.47551716e+00
1.17364616e-02 2.47215974e+00
1.28550698e-02 2.43601282e+00
1.39823512e-02 2.40127167e+00
1.41796170e-02 2.39646610e+00
1.56406415e-02 2.36276068e+00
1.68938578e-02 2.33524632e+00
1.72522055e-02 2.32913262e+00
1.90298201e-02 2.30051595e+00
2.08445849e-02 2.27280935e+00
2.09905947e-02 2.27106537e+00
2.31534016e-02 2.24678432e+00
2.52418800e-02 2.22455952e+00
2.53000000e-02 2.22402473e+00
2.79068348e-02 2.20398733e+00
3.07822700e-02 2.18323235e+00
3.25565083e-02 2.17114246e+00
3.39539812e-02 2.16411160e+00
3.74524958e-02 2.14772674e+00
4.13114868e-02 2.13080786e+00
4.33886872e-02 2.12223538e+00
4.55680964e-02 2.11575402e+00
5.02632940e-02 2.10283256e+00
5.54422705e-02 2.08957271e+00
6.07294819e-02 2.07691367e+00
6.11548730e-02 2.07618545e+00
6.74560846e-02 2.06630312e+00
7.44065538e-02 2.05626627e+00
8.20731781e-02 2.04601877e+00
8.99000264e-02 2.03628343e+00
9.05297481e-02 2.03574299e+00
9.98576572e-02 2.02848519e+00
1.10146686e-01 2.02119147e+00
1.21495864e-01 2.01382414e+00
1.34014427e-01 2.00634320e+00
1.35905130e-01 2.00529749e+00
1.47822865e-01 2.00080580e+00
1.63054082e-01 1.99565051e+00
1.79854678e-01 1.99052125e+00
1.98386355e-01 1.98539404e+00
2.18827480e-01 1.98024367e+00
2.41374796e-01 1.97504358e+00
2.66245319e-01 1.96976562e+00
2.93678424e-01 1.96437986e+00
3.21684851e-01 1.95926579e+00
3.23938153e-01 1.95906552e+00
3.57315753e-01 1.95649422e+00
3.94132478e-01 1.95403438e+00
4.34742686e-01 1.95167951e+00
4.79537247e-01 1.94942328e+00
5.28947302e-01 1.94725951e+00
5.83448419e-01 1.94518214e+00
6.43565164e-01 1.94318524e+00
7.09876156e-01 1.94126310e+00
7.83019630e-01 1.93940999e+00
8.63699584e-01 1.93762013e+00
9.52692555e-01 1.93588779e+00
1.05085509e+00 1.93420732e+00
1.15913199e+00 1.93257336e+00
1.27856542e+00 1.93098173e+00
1.42025333e+00 1.92931414e+00
1.57756539e+00 1.92767776e+00
1.75238785e+00 1.92606567e+00
1.94648825e+00 1.92447196e+00
2.16219395e+00 1.92288863e+00
2.40168586e+00 1.92130596e+00
2.68652296e+00 1.91960797e+00
2.98423775e+00 1.91799789e+00
3.29172450e+00 1.91646967e+00
3.63089376e+00 1.91490790e+00
4.00500998e+00 1.91330346e+00
4.41767399e+00 1.91164617e+00
4.80506680e+00 1.91018146e+00
4.87285764e+00 1.91008000e+00
5.37494203e+00 1.90943048e+00
5.92875966e+00 1.90881111e+00
6.53964097e+00 1.90822037e+00
7.21346563e+00 1.90765677e+00
7.95671913e+00 1.90711886e+00
8.77655520e+00 1.90660532e+00
9.68086468e+00 1.90611478e+00
1.06783514e+01 1.90564601e+00
1.17786162e+01 1.90519778e+00
1.29922489e+01 1.90476890e+00
1.43309306e+01 1.90435824e+00
1.58075460e+01 1.90396475e+00
1.74363073e+01 1.90358712e+00
1.92328912e+01 1.90322366e+00
2.10659881e+01 1.90289914e+00
2.30749305e+01 1.90258582e+00
2.52742142e+01 1.90228256e+00
2.78783921e+01 1.90196761e+00
3.07508966e+01 1.90166280e+00
3.39193752e+01 1.90136716e+00
3.74143241e+01 1.90107968e+00
4.12693820e+01 1.90079933e+00
4.55216532e+01 1.90052506e+00
5.02120655e+01 1.90025586e+00
5.53857636e+01 1.89999066e+00
6.10925437e+01 1.89972833e+00
6.73873331e+01 1.89946775e+00
7.43307184e+01 1.89920769e+00
8.19895289e+01 1.89894693e+00
9.04374799e+01 1.89868412e+00
9.97558819e+01 1.89841787e+00
1.10034424e+02 1.89814673e+00
1.21372035e+02 1.89786910e+00
1.33877839e+02 1.89758335e+00
1.47672204e+02 1.89728754e+00
1.62887897e+02 1.89697976e+00
1.79671369e+02 1.89665791e+00
1.98184159e+02 1.89631973e+00
2.18604450e+02 1.89596260e+00
2.41128786e+02 1.89558388e+00
2.65973961e+02 1.89518060e+00
2.93379106e+02 1.89474956e+00
3.23607995e+02 1.89428727e+00
3.56951575e+02 1.89378983e+00
3.93730777e+02 1.89325304e+00
4.34299595e+02 1.89267228e+00
4.79048501e+02 1.89204246e+00
5.28408197e+02 1.89135803e+00
5.82348200e+02 1.89061976e+00
6.42351582e+02 1.88980778e+00
7.07355263e+02 1.88893673e+00
7.79441278e+02 1.88797907e+00
8.57385405e+02 1.88695131e+00
9.45727782e+02 1.88579391e+00
1.04317269e+03 1.88452468e+00
1.15065802e+03 1.88313158e+00
1.26921831e+03 1.88160161e+00
1.39999470e+03 1.87992029e+00
1.54424588e+03 1.87807176e+00
1.70336027e+03 1.87603847e+00
1.87809850e+03 1.87381095e+00
2.07062237e+03 1.87136184e+00
2.28285751e+03 1.86866689e+00
2.51573106e+03 1.86571452e+00
2.77480501e+03 1.86243446e+00
3.08079051e+03 1.85856515e+00
3.39576678e+03 1.85458631e+00
3.74565624e+03 1.85017028e+00
4.13159723e+03 1.84530298e+00
4.55031051e+03 1.84002579e+00
5.00534156e+03 1.83429407e+00
5.52107669e+03 1.82780082e+00
6.08995159e+03 1.82064158e+00
6.70910480e+03 1.81285246e+00
7.40039050e+03 1.80415860e+00
8.16290416e+03 1.79457158e+00
8.97994574e+03 1.78430141e+00
9.90521196e+03 1.77267321e+00
1.09258148e+04 1.75984914e+00
1.20515774e+04 1.74570589e+00
1.33917718e+04 1.72887098e+00
1.48717368e+04 1.71028252e+00
1.61159106e+04 1.69465710e+00
1.65183559e+04 1.68960344e+00
1.66202207e+04 1.68832576e+00
1.66541756e+04 1.68790093e+00
1.66783514e+04 1.68759986e+00
1.66934613e+04 1.68741334e+00
1.67025272e+04 1.68730291e+00
1.67089569e+04 1.68722610e+00
1.67121717e+04 1.68718867e+00
1.67153866e+04 1.68715259e+00
1.67177977e+04 1.68712716e+00
1.67194051e+04 1.68711155e+00
1.67210126e+04 1.68709759e+00
1.67222181e+04 1.68708864e+00
1.67234237e+04 1.68708147e+00
1.67246293e+04 1.68707663e+00
1.67254330e+04 1.68707503e+00
1.67262367e+04 1.68707502e+00
1.67270404e+04 1.68707689e+00
1.67278441e+04 1.68708097e+00
1.67284556e+04 1.68708578e+00
1.67290846e+04 1.68709248e+00
1.67297136e+04 1.68710116e+00
1.67303426e+04 1.68711207e+00
1.67309715e+04 1.68712545e+00
1.67316005e+04 1.68714158e+00
1.67322295e+04 1.68716075e+00
1.67328585e+04 1.68718326e+00
1.67334875e+04 1.68720944e+00
1.67341164e+04 1.68723963e+00
1.67347454e+04 1.68727417e+00
1.67353878e+04 1.68731431e+00
1.67360370e+04 1.68736027e+00
1.67366862e+04 1.68741205e+00
1.67373354e+04 1.68747004e+00
1.67379846e+04 1.68753465e+00
1.67385971e+04 1.68760200e+00
1.67391362e+04 1.68766667e+00
1.67396754e+04 1.68773657e+00
1.67402145e+04 1.68781187e+00
1.67409334e+04 1.68792093e+00
1.67416675e+04 1.68804277e+00
1.67424168e+04 1.68817826e+00
1.67431662e+04 1.68832506e+00
1.67439155e+04 1.68848311e+00
1.67446620e+04 1.68865149e+00
1.67454054e+04 1.68882970e+00
1.67465206e+04 1.68911531e+00
1.67477605e+04 1.68945560e+00
1.67492500e+04 1.68988871e+00
1.67526497e+04 1.69091065e+00
1.67540633e+04 1.69131485e+00
1.67551236e+04 1.69159624e+00
1.67561838e+04 1.69185174e+00
1.67572237e+04 1.69207122e+00
1.67582229e+04 1.69224807e+00
1.67592220e+04 1.69238737e+00
1.67602212e+04 1.69248572e+00
1.67612203e+04 1.69254062e+00
1.67622195e+04 1.69255053e+00
1.67632913e+04 1.69251057e+00
1.67643632e+04 1.69241897e+00
1.67654351e+04 1.69227778e+00
1.67665069e+04 1.69209035e+00
1.67675788e+04 1.69186111e+00
1.67686506e+04 1.69159544e+00
1.67693652e+04 1.69140107e+00
1.67707943e+04 1.69097958e+00
1.67725807e+04 1.69041192e+00
1.67755627e+04 1.68944077e+00
1.67769952e+04 1.68899378e+00
1.67781984e+04 1.68863896e+00
1.67792869e+04 1.68833816e+00
1.67800125e+04 1.68814952e+00
1.67807210e+04 1.68797509e+00
1.67814122e+04 1.68781444e+00
1.67821035e+04 1.68766338e+00
1.67827947e+04 1.68752192e+00
1.67834998e+04 1.68738745e+00
1.67842187e+04 1.68726038e+00
1.67847578e+04 1.68717156e+00
1.67852970e+04 1.68708813e+00
1.67858361e+04 1.68700993e+00
1.67864468e+04 1.68692742e+00
1.67870933e+04 1.68684681e+00
1.67877397e+04 1.68677274e+00
1.67883862e+04 1.68670484e+00
1.67890326e+04 1.68664271e+00
1.67896654e+04 1.68658710e+00
1.67902706e+04 1.68653838e+00
1.67908759e+04 1.68649372e+00
1.67914812e+04 1.68645280e+00
1.67920865e+04 1.68641531e+00
1.67926918e+04 1.68638098e+00
1.67932971e+04 1.68634953e+00
1.67939023e+04 1.68632069e+00
1.67945076e+04 1.68629421e+00
1.67951129e+04 1.68626987e+00
1.67957182e+04 1.68624746e+00
1.67963490e+04 1.68622592e+00
1.67967781e+04 1.68621224e+00
1.67976362e+04 1.68618695e+00
1.67984943e+04 1.68616406e+00
1.67993524e+04 1.68614318e+00
1.68002105e+04 1.68612400e+00
1.68010686e+04 1.68610623e+00
1.68023558e+04 1.68608168e+00
1.68036429e+04 1.68605911e+00
1.68053592e+04 1.68603123e+00
1.68070754e+04 1.68600509e+00
1.68096497e+04 1.68596797e+00
1.68130821e+04 1.68592066e+00
1.68165146e+04 1.68587468e+00
1.68233795e+04 1.68578462e+00
1.68338345e+04 1.68564976e+00
1.68442896e+04 1.68551626e+00
1.68651996e+04 1.68525118e+00
1.68955448e+04 1.68486846e+00
1.69258900e+04 1.68448652e+00
1.70493727e+04 1.68293474e+00
1.82191836e+04 1.66824443e+00
2.05111968e+04 1.63946437e+00
2.14581834e+04 1.62757412e+00
2.27732522e+04 1.60837950e+00
2.51080278e+04 1.57430290e+00
2.76886890e+04 1.53663900e+00
2.78751156e+04 1.53365509e+00
3.00992928e+04 1.49805630e+00
3.10595021e+04 1.48268831e+00
3.13579574e+04 1.47791282e+00
3.14574424e+04 1.47632193e+00
3.15147423e+04 1.47540662e+00
3.15605126e+04 1.47467679e+00
3.15879747e+04 1.47424010e+00
3.16108690e+04 1.47387747e+00
3.16261319e+04 1.47363698e+00
3.16375790e+04 1.47345780e+00
3.16490262e+04 1.47328019e+00
3.16567336e+04 1.47316194e+00
3.16644411e+04 1.47304536e+00
3.16695793e+04 1.47296906e+00
3.16734331e+04 1.47291302e+00
3.16760022e+04 1.47287655e+00
3.16785713e+04 1.47284125e+00
3.16804982e+04 1.47281594e+00
3.16824251e+04 1.47279219e+00
3.16837096e+04 1.47277761e+00
3.16849942e+04 1.47276439e+00
3.16862788e+04 1.47275300e+00
3.16872422e+04 1.47274601e+00
3.16882056e+04 1.47274069e+00
3.16891691e+04 1.47273744e+00
3.16901325e+04 1.47273673e+00
3.16909690e+04 1.47273862e+00
3.16918055e+04 1.47274332e+00
3.16923631e+04 1.47274827e+00
3.16929208e+04 1.47275488e+00
3.16934784e+04 1.47276334e+00
3.16940361e+04 1.47277389e+00
3.16945938e+04 1.47278676e+00
3.16951514e+04 1.47280222e+00
3.16957091e+04 1.47282056e+00
3.16962667e+04 1.47284212e+00
3.16968244e+04 1.47286725e+00
3.16973820e+04 1.47289635e+00
3.16979397e+04 1.47292984e+00
3.16984973e+04 1.47296819e+00
3.16990550e+04 1.47301192e+00
3.16994998e+04 1.47305102e+00
3.16999446e+04 1.47309420e+00
3.17003894e+04 1.47314178e+00
3.17008342e+04 1.47319410e+00
3.17012791e+04 1.47325155e+00
3.17017239e+04 1.47331449e+00
3.17021687e+04 1.47338336e+00
3.17026135e+04 1.47345860e+00
3.17030583e+04 1.47354066e+00
3.17035031e+04 1.47363005e+00
3.17039797e+04 1.47373453e+00
3.17045199e+04 1.47386469e+00
3.17050600e+04 1.47400833e+00
3.17056001e+04 1.47416656e+00
3.17061402e+04 1.47434055e+00
3.17066804e+04 1.47453155e+00
3.17071372e+04 1.47470735e+00
3.17075940e+04 1.47489710e+00
3.17080509e+04 1.47510165e+00
3.17085077e+04 1.47532192e+00
3.17089645e+04 1.47555886e+00
3.17094106e+04 1.47580722e+00
3.17098513e+04 1.47607001e+00
3.17102920e+04 1.47635107e+00
3.17108796e+04 1.47675591e+00
3.17114672e+04 1.47719731e+00
3.17119517e+04 1.47759055e+00
3.17124362e+04 1.47801172e+00
3.17129208e+04 1.47846227e+00
3.17134053e+04 1.47894367e+00
3.17138899e+04 1.47945744e+00
3.17143658e+04 1.47999496e+00
3.17149945e+04 1.48075771e+00
3.17156232e+04 1.48158341e+00
3.17162520e+04 1.48247546e+00
3.17168829e+04 1.48344079e+00
3.17175161e+04 1.48448352e+00
3.17181493e+04 1.48560377e+00
3.17187825e+04 1.48680477e+00
3.17194199e+04 1.48809863e+00
3.17200616e+04 1.48949012e+00
3.17207033e+04 1.49097378e+00
3.17213450e+04 1.49255229e+00
3.17219980e+04 1.49425854e+00
3.17226624e+04 1.49609995e+00
3.17233267e+04 1.49804971e+00
3.17239911e+04 1.50010918e+00
3.17247720e+04 1.50267135e+00
3.17254207e+04 1.50493642e+00
3.17256694e+04 1.50583366e+00
3.17265669e+04 1.50927152e+00
3.17274643e+04 1.51290669e+00
3.17283793e+04 1.51680967e+00
3.17293118e+04 1.52098237e+00
3.17307105e+04 1.52758159e+00
3.17324054e+04 1.53604898e+00
3.17346929e+04 1.54806006e+00
3.17387738e+04 1.56983258e+00
3.17408358e+04 1.58019246e+00
3.17423823e+04 1.58732603e+00
3.17439289e+04 1.59371262e+00
3.17454754e+04 1.59918338e+00
3.17466693e+04 1.60268525e+00
3.17480262e+04 1.60582045e+00
3.17493832e+04 1.60799272e+00
3.17507401e+04 1.60915556e+00
3.17513220e+04 1.60932248e+00
3.17514185e+04 1.60933358e+00
3.17526159e+04 1.60883901e+00
3.17538132e+04 1.60754485e+00
3.17550106e+04 1.60547277e+00
3.17562080e+04 1.60265812e+00
3.17574053e+04 1.59914878e+00
3.17586027e+04 1.59500389e+00
3.17598001e+04 1.59029198e+00
3.17609974e+04 1.58508924e+00
3.17625557e+04 1.57771817e+00
3.17648931e+04 1.56577321e+00
3.17690794e+04 1.54350538e+00
3.17709284e+04 1.53399185e+00
3.17721610e+04 1.52792310e+00
3.17734844e+04 1.52171802e+00
3.17748078e+04 1.51588166e+00
3.17756901e+04 1.51221346e+00
3.17765456e+04 1.50883523e+00
3.17774010e+04 1.50563737e+00
3.17782565e+04 1.50262240e+00
3.17791120e+04 1.49979106e+00
3.17797599e+04 1.49776820e+00
3.17804078e+04 1.49584915e+00
3.17810558e+04 1.49403242e+00
3.17817037e+04 1.49231616e+00
3.17823311e+04 1.49074809e+00
3.17829584e+04 1.48926982e+00
3.17835857e+04 1.48787875e+00
3.17842131e+04 1.48657214e+00
3.17848334e+04 1.48536025e+00
3.17854537e+04 1.48422507e+00
3.17860740e+04 1.48316351e+00
3.17866944e+04 1.48217240e+00
3.17872775e+04 1.48130210e+00
3.17878606e+04 1.48048850e+00
3.17884437e+04 1.47972890e+00
3.17890268e+04 1.47902060e+00
3.17896294e+04 1.47833966e+00
3.17902321e+04 1.47770777e+00
3.17908347e+04 1.47712207e+00
3.17914373e+04 1.47657978e+00
3.17920200e+04 1.47609418e+00
3.17926026e+04 1.47564426e+00
3.17931853e+04 1.47522772e+00
3.17936223e+04 1.47493589e+00
3.17941012e+04 1.47463512e+00
3.17946011e+04 1.47434126e+00
3.17951009e+04 1.47406667e+00
3.17956008e+04 1.47381014e+00
3.17961007e+04 1.47357053e+00
3.17966333e+04 1.47333261e+00
3.17970320e+04 1.47316551e+00
3.17974307e+04 1.47300725e+00
3.17978293e+04 1.47285735e+00
3.17982280e+04 1.47271534e+00
3.17986267e+04 1.47258077e+00
3.17990254e+04 1.47245323e+00
3.17994241e+04 1.47233229e+00
3.17999356e+04 1.47218618e+00
3.18004039e+04 1.47206073e+00
3.18008722e+04 1.47194265e+00
3.18013404e+04 1.47183141e+00
3.18018087e+04 1.47172650e+00
3.18022770e+04 1.47162746e+00
3.18027453e+04 1.47153384e+00
3.18032136e+04 1.47144524e+00
3.18036818e+04 1.47136126e+00
3.18041501e+04 1.47128155e+00
3.18046184e+04 1.47120576e+00
3.18051179e+04 1.47112890e+00
3.18056174e+04 1.47105580e+00
3.18061169e+04 1.47098614e+00
3.18066164e+04 1.47091960e+00
3.18071159e+04 1.47085591e+00
3.18076154e+04 1.47079482e+00
3.18079484e+04 1.47075541e+00
3.18086143e+04 1.47067948e+00
3.18092804e+04 1.47060701e+00
3.18099463e+04 1.47053756e+00
3.18106123e+04 1.47047077e+00
3.18112783e+04 1.47040629e+00
3.18119443e+04 1.47034382e+00
3.18126103e+04 1.47028312e+00
3.18132763e+04 1.47022394e+00
3.18142753e+04 1.47013761e+00
3.18152743e+04 1.47005370e+00
3.18162745e+04 1.46997164e+00
3.18172747e+04 1.46989115e+00
3.18187749e+04 1.46977270e+00
3.18202752e+04 1.46965630e+00
3.18222755e+04 1.46950332e+00
3.18242759e+04 1.46935206e+00
3.18272764e+04 1.46912719e+00
3.18312771e+04 1.46882955e+00
3.18352778e+04 1.46853337e+00
3.18353134e+04 1.46853075e+00
3.18412789e+04 1.46840000e+00
3.18472799e+04 1.46826982e+00
3.18552813e+04 1.46809768e+00
3.18632827e+04 1.46792671e+00
3.18752849e+04 1.46767168e+00
3.18875108e+04 1.46741313e+00
3.19039612e+04 1.46706653e+00
3.19286369e+04 1.46654826e+00
3.19450873e+04 1.46620335e+00
3.19807985e+04 1.46545567e+00
3.20165096e+04 1.46470883e+00
3.20938140e+04 1.46309350e+00
3.22580899e+04 1.45966289e+00
3.27040917e+04 1.45035172e+00
3.58228934e+04 1.38524686e+00
3.60198394e+04 1.38113571e+00
3.89560978e+04 1.30786079e+00
3.93005955e+04 1.29755986e+00
4.02028770e+04 1.27058073e+00
4.10596779e+04 1.24496212e+00
4.26676935e+04 1.18900280e+00
4.32696579e+04 1.16517014e+00
4.34765876e+04 1.15697765e+00
4.43361367e+04 1.11990223e+00
4.46488882e+04 1.10440893e+00
4.54798349e+04 1.06324532e+00
4.64139815e+04 1.00951509e+00
4.65696726e+04 9.99304371e-01
4.71924369e+04 9.58462311e-01
4.75305891e+04 9.33267879e-01
4.78279672e+04 9.11111841e-01
4.81972887e+04 8.80354553e-01
4.84742797e+04 8.57287051e-01
4.88436012e+04 8.22512695e-01
4.90282619e+04 8.05125945e-01
4.94005633e+04 7.66111824e-01
4.94938870e+04 7.56332518e-01
4.98671819e+04 7.13268871e-01
5.02404767e+04 6.66219987e-01
5.06137715e+04 6.14677093e-01
5.08936682e+04 5.72709127e-01
5.09636424e+04 5.61422792e-01
5.11735649e+04 5.27564831e-01
5.12435391e+04 5.15424593e-01
5.14534616e+04 4.79005095e-01
5.15234358e+04 4.66036908e-01
5.16633842e+04 4.40101530e-01
5.17995043e+04 4.13372785e-01
5.19152598e+04 3.90643823e-01
5.19979422e+04 3.73661633e-01
5.20640882e+04 3.60076442e-01
5.21963802e+04 3.31396197e-01
5.23286721e+04 3.02717316e-01
5.23948181e+04 2.87639836e-01
5.25271101e+04 2.57486268e-01
5.25954442e+04 2.41911434e-01
5.26594020e+04 2.26873243e-01
5.27916940e+04 1.95769445e-01
5.29239859e+04 1.64667543e-01
5.30728144e+04 1.29680580e-01
5.31243617e+04 1.17563682e-01
5.31720334e+04 1.06706797e-01
5.32180497e+04 9.62277370e-02
5.32712523e+04 8.45242540e-02
5.32987055e+04 7.84856700e-02
5.33622030e+04 6.51305660e-02
5.33634223e+04 6.48741540e-02
5.34123439e+04 5.50410610e-02
5.34448855e+04 4.87834020e-02
5.34527102e+04 4.72789240e-02
5.34883032e+04 4.07545810e-02
5.35202129e+04 3.51888060e-02
5.35275680e+04 3.39653470e-02
5.35468044e+04 3.07660230e-02
5.35727074e+04 2.66671340e-02
5.35912268e+04 2.38830950e-02
5.36061163e+04 2.17474940e-02
5.36097462e+04 2.12269800e-02
5.36282656e+04 1.87013480e-02
5.36455709e+04 1.64684070e-02
5.36592341e+04 1.47977120e-02
5.36728973e+04 1.32118140e-02
5.36865605e+04 1.17130630e-02
5.36867317e+04 1.16953850e-02
5.36992585e+04 1.04028380e-02
5.37090611e+04 9.44865500e-03
5.37188637e+04 8.54578200e-03
5.37286663e+04 7.69508800e-03
5.37382202e+04 6.91745000e-03
5.37470278e+04 6.24703900e-03
5.37536335e+04 5.77450100e-03
5.37602392e+04 5.32858000e-03
5.37668449e+04 4.90976700e-03
5.37673472e+04 4.87997800e-03
5.37731442e+04 4.53635700e-03
5.37788307e+04 4.22130400e-03
5.37845171e+04 3.92751000e-03
5.37902035e+04 3.65531400e-03
5.37958900e+04 3.40506800e-03
5.38015764e+04 3.17717800e-03
5.38057671e+04 3.02379400e-03
5.38099577e+04 2.88295700e-03
5.38141484e+04 2.75482200e-03
5.38183390e+04 2.63954100e-03
5.38225296e+04 2.53726500e-03
5.38267203e+04 2.44815800e-03
5.38309109e+04 2.37238900e-03
5.38351016e+04 2.31013500e-03
5.38383657e+04 2.27112300e-03
5.38416298e+04 2.24050100e-03
5.38448939e+04 2.21835500e-03
5.38481580e+04 2.20477000e-03
5.38483760e+04 2.20444000e-03
5.38514221e+04 2.19997800e-03
5.38525101e+04 2.20032200e-03
5.38556473e+04 2.20678100e-03
5.38587846e+04 2.22142100e-03
5.38619218e+04 2.24432200e-03
5.38650590e+04 2.27556100e-03
5.38681963e+04 2.31521500e-03
5.38713335e+04 2.36335700e-03
5.38744707e+04 2.42006300e-03
5.38776080e+04 2.48541000e-03
5.38817909e+04 2.58612900e-03
5.38859739e+04 2.70258000e-03
5.38893228e+04 2.80730300e-03
5.38926717e+04 2.92237200e-03
5.38960206e+04 3.04790000e-03
5.38993694e+04 3.18398500e-03
5.39027183e+04 3.33072000e-03
5.39077417e+04 3.57098400e-03
5.39127650e+04 3.83572700e-03
5.39181235e+04 4.14554700e-03
5.39234820e+04 4.48417600e-03
5.39288405e+04 4.85216900e-03
5.39294048e+04 4.89406800e-03
5.39341990e+04 5.25028700e-03
5.39395575e+04 5.67882700e-03
5.39447538e+04 6.12387800e-03
5.39498688e+04 6.59078800e-03
5.39549839e+04 7.08674200e-03
5.39618040e+04 7.79399500e-03
5.39686241e+04 8.55475800e-03
5.39746412e+04 9.27119700e-03
5.39806583e+04 1.00308460e-02
5.39866754e+04 1.08345830e-02
5.39889362e+04 1.11563610e-02
5.39946981e+04 1.19767290e-02
5.40031830e+04 1.32742160e-02
5.40105863e+04 1.44830980e-02
5.40179895e+04 1.57651360e-02
5.40253928e+04 1.71221230e-02
5.40352638e+04 1.90514700e-02
5.40453412e+04 2.11663630e-02
5.40484676e+04 2.18695240e-02
5.40556248e+04 2.34796400e-02
5.40659084e+04 2.59548760e-02
5.40761920e+04 2.85985280e-02
5.40872250e+04 3.16279490e-02
5.40990072e+04 3.50897830e-02
5.41079990e+04 3.79176770e-02
5.41107895e+04 3.87954730e-02
5.41225717e+04 4.27553610e-02
5.41358752e+04 4.75425030e-02
5.41469938e+04 5.18103420e-02
5.41581123e+04 5.63309370e-02
5.41675303e+04 6.03818290e-02
5.41692308e+04 6.11133720e-02
5.41840555e+04 6.79142440e-02
5.41961769e+04 7.38503450e-02
5.42087997e+04 8.04071960e-02
5.42214225e+04 8.73617020e-02
5.42270617e+04 9.06546530e-02
5.42340453e+04 9.47332420e-02
5.42508757e+04 1.05229810e-01
5.42642107e+04 1.14100066e-01
5.42779018e+04 1.23765260e-01
5.42865931e+04 1.30274442e-01
5.42915928e+04 1.34019350e-01
5.43052839e+04 1.44902061e-01
5.43235386e+04 1.60432159e-01
5.43423699e+04 1.77688057e-01
5.43461245e+04 1.81401313e-01
5.43613933e+04 1.96503634e-01
5.43804167e+04 2.16818740e-01
5.43994401e+04 2.38720209e-01
5.44056559e+04 2.46351017e-01
5.44134736e+04 2.55949453e-01
5.44320287e+04 2.80199218e-01
5.44505838e+04 3.06207519e-01
5.44552653e+04 3.13273416e-01
5.44691389e+04 3.34214455e-01
5.44883383e+04 3.65316283e-01
5.45048748e+04 3.94149380e-01
5.45081821e+04 3.99916470e-01
5.45280259e+04 4.37203252e-01
5.45445624e+04 4.70677092e-01
5.45478697e+04 4.77372322e-01
5.45677135e+04 5.20639150e-01
5.45842500e+04 5.59467557e-01
5.45875573e+04 5.67233771e-01
5.46074011e+04 6.17409430e-01
5.46239376e+04 6.62431623e-01
5.46272449e+04 6.71436664e-01
5.46469682e+04 7.29244262e-01
5.46636252e+04 7.81779193e-01
5.46665710e+04 7.91070680e-01
5.46861738e+04 8.57593793e-01
5.47033127e+04 9.20173437e-01
5.47057766e+04 9.29170194e-01
5.47253622e+04 1.00614499e+00
5.47430003e+04 1.08078667e+00
5.47449305e+04 1.08895545e+00
5.47644989e+04 1.17816335e+00
5.47826879e+04 1.26751852e+00
5.47840673e+04 1.27429513e+00
5.48039302e+04 1.37952264e+00
5.48223755e+04 1.48499893e+00
5.48240877e+04 1.49479019e+00
5.48442452e+04 1.61932403e+00
5.48595826e+04 1.72176333e+00
5.48644026e+04 1.75395768e+00
5.48844950e+04 1.89911439e+00
5.48967897e+04 1.99523690e+00
5.49045224e+04 2.05569585e+00
5.49245499e+04 2.22523380e+00
5.49353921e+04 2.32465485e+00
5.49445773e+04 2.40888412e+00
5.49611270e+04 2.57334996e+00
5.49645224e+04 2.60709360e+00
5.49843853e+04 2.82108985e+00
5.49997294e+04 3.00039331e+00
5.50042483e+04 3.05320065e+00
5.50241112e+04 3.30512613e+00
5.50279836e+04 3.35846698e+00
5.50439645e+04 3.57860789e+00
5.50562377e+04 3.76234369e+00
5.50638083e+04 3.87568405e+00
5.50836521e+04 4.19876692e+00
5.50855383e+04 4.23218777e+00
5.51034959e+04 4.55038520e+00
5.51169318e+04 4.80965852e+00
5.51233397e+04 4.93331687e+00
5.51431835e+04 5.35063618e+00
5.51483253e+04 5.46855315e+00
5.51630273e+04 5.80572636e+00
5.51776259e+04 6.17104231e+00
5.51828711e+04 6.30230184e+00
5.52027149e+04 6.84444535e+00
5.52058801e+04 6.93889836e+00
5.52225587e+04 7.43662435e+00
5.52341342e+04 7.81407851e+00
5.52424025e+04 8.08369672e+00
5.52564585e+04 8.58465954e+00
5.52622463e+04 8.79094351e+00
5.52787828e+04 9.43519680e+00
5.52820901e+04 9.56405029e+00
5.53011070e+04 1.03738862e+01
5.53019339e+04 1.04090971e+01
5.53217777e+04 1.13325161e+01
5.53234313e+04 1.14165562e+01
5.53416215e+04 1.23410183e+01
5.53474997e+04 1.26669933e+01
5.53614653e+04 1.34414716e+01
5.53715680e+04 1.40520282e+01
5.53813091e+04 1.46407373e+01
5.53956364e+04 1.55827191e+01
5.54011528e+04 1.59454204e+01
5.54197047e+04 1.72693422e+01
5.54209966e+04 1.73615397e+01
5.54408404e+04 1.88940959e+01
5.54477263e+04 1.94674992e+01
5.54606842e+04 2.05465494e+01
5.54757479e+04 2.18932461e+01
5.54805280e+04 2.23205947e+01
5.55003718e+04 2.42172544e+01
5.55213008e+04 2.63650156e+01
5.55266493e+04 2.69138896e+01
5.55593606e+04 3.04906166e+01
5.56019162e+04 3.52972896e+01
5.56247993e+04 3.78818977e+01
5.56411387e+04 3.97273731e+01
5.56476823e+04 4.04239113e+01
5.56632604e+04 4.20820742e+01
5.56705654e+04 4.27938458e+01
5.56853821e+04 4.42374848e+01
5.56934484e+04 4.49197082e+01
5.57075039e+04 4.61084188e+01
5.57115967e+04 4.63924334e+01
5.57296256e+04 4.76434484e+01
5.57297450e+04 4.76498892e+01
5.57418438e+04 4.83026615e+01
5.57469364e+04 4.85774044e+01
5.57606455e+04 4.91132790e+01
5.57642472e+04 4.92540497e+01
5.57794472e+04 4.96182350e+01
5.57815580e+04 4.96688000e+01
5.57982489e+04 4.98169023e+01
5.57988687e+04 4.98224003e+01
5.58170506e+04 4.97021121e+01
5.58176757e+04 4.96979743e+01
5.58352395e+04 4.93284676e+01
5.58364826e+04 4.93023101e+01
5.58552896e+04 4.86551311e+01
5.58625229e+04 4.83185632e+01
5.58740966e+04 4.77800017e+01
5.58898062e+04 4.68736984e+01
5.58998315e+04 4.62953178e+01
5.59255664e+04 4.45629257e+01
5.59939861e+04 3.94413013e+01
5.60274726e+04 3.69346926e+01
5.60497968e+04 3.52636530e+01
5.60671601e+04 3.39639840e+01
5.60832832e+04 3.28484646e+01
5.61040572e+04 3.14111952e+01
5.61056075e+04 3.13120335e+01
5.61279318e+04 2.98841456e+01
5.61406442e+04 2.90710590e+01
5.61502560e+04 2.84944205e+01
5.61589377e+04 2.79735977e+01
5.61725803e+04 2.72179859e+01
5.61949046e+04 2.59815555e+01
5.61966099e+04 2.58871086e+01
5.62172288e+04 2.48570066e+01
5.62342821e+04 2.40050606e+01
5.62395531e+04 2.37651443e+01
5.62605596e+04 2.28090306e+01
5.62618774e+04 2.27546010e+01
5.62845505e+04 2.18181145e+01
5.62999759e+04 2.11809955e+01
5.63072235e+04 2.09131041e+01
5.63298966e+04 2.00750647e+01
5.63393922e+04 1.97240984e+01
5.63619878e+04 1.89793600e+01
5.63782271e+04 1.84441305e+01
5.63902419e+04 1.80884362e+01
5.64170620e+04 1.72944510e+01
5.64184961e+04 1.72555471e+01
5.64429520e+04 1.65920908e+01
5.64467502e+04 1.64980586e+01
5.64750044e+04 1.57985905e+01
5.64826396e+04 1.56095747e+01
5.65032585e+04 1.51502549e+01
5.65223271e+04 1.47254796e+01
5.65409307e+04 1.43516790e+01
5.65620147e+04 1.39280481e+01
5.65786029e+04 1.36266783e+01
5.66017023e+04 1.32070227e+01
5.66042216e+04 1.31654950e+01
5.66413899e+04 1.25528149e+01
5.66426495e+04 1.25339384e+01
5.66810775e+04 1.19580757e+01
5.67207651e+04 1.14236748e+01
5.67306870e+04 1.12900771e+01
5.67604527e+04 1.09288390e+01
5.67802965e+04 1.06880181e+01
5.68001403e+04 1.04735346e+01
5.68398278e+04 1.00445757e+01
5.68795154e+04 9.66460566e+00
5.68993592e+04 9.47462373e+00
5.69192030e+04 9.30560357e+00
5.69588906e+04 8.96756854e+00
5.69985782e+04 8.66536221e+00
5.70184220e+04 8.51426163e+00
5.70481877e+04 8.31069917e+00
5.70779534e+04 8.10713992e+00
5.70977971e+04 7.98484017e+00
5.71374847e+04 7.74024500e+00
5.71573285e+04 7.63070793e+00
5.72069380e+04 7.35687035e+00
5.72168599e+04 7.30760980e+00
5.72763913e+04 7.01205162e+00
5.73359227e+04 6.74816622e+00
5.73557665e+04 6.66020577e+00
5.73954541e+04 6.50337265e+00
5.74351416e+04 6.34654187e+00
5.74549854e+04 6.27630757e+00
5.75145168e+04 6.06560810e+00
5.75244387e+04 6.03408984e+00
5.75938920e+04 5.81346550e+00
5.76732672e+04 5.59056606e+00
5.77129547e+04 5.47911808e+00
5.77501619e+04 5.38793527e+00
5.78278834e+04 5.19746739e+00
5.79180073e+04 5.00085820e+00
5.80006897e+04 4.83985530e+00
5.80337627e+04 4.77545499e+00
5.80999087e+04 4.66163580e+00
5.81660547e+04 4.54781830e+00
5.81991277e+04 4.49766072e+00
5.82983466e+04 4.34719008e+00
5.84306386e+04 4.16932135e+00
5.85629306e+04 4.01094202e+00
5.86952225e+04 3.87229154e+00
5.87613685e+04 3.80296723e+00
5.88275145e+04 3.74324889e+00
5.89598064e+04 3.62381380e+00
5.91582444e+04 3.46828842e+00
5.93370832e+04 3.34646930e+00
5.93836300e+04 3.31476357e+00
5.95551202e+04 3.21359532e+00
5.96212662e+04 3.17457401e+00
5.97985994e+04 3.08420777e+00
5.98886820e+04 3.03830374e+00
6.00238058e+04 2.97916879e+00
6.02039709e+04 2.90032328e+00
6.02940535e+04 2.86627996e+00
6.04742186e+04 2.79819428e+00
6.05643011e+04 2.76874151e+00
6.08345488e+04 2.68038442e+00
6.09246314e+04 2.65545079e+00
6.12713582e+04 2.55948288e+00
6.17281020e+04 2.45324142e+00
6.21848459e+04 2.36229868e+00
6.27329385e+04 2.26954098e+00
6.33773878e+04 2.17783039e+00
6.34290000e+04 2.17163869e+00
6.40835915e+04 2.09311138e+00
6.41931180e+04 2.08203294e+00
6.48428297e+04 2.01631672e+00
6.49868994e+04 2.00407827e+00
6.55504401e+04 1.95620749e+00
6.57576453e+04 1.93860663e+00
6.59507691e+04 1.92487076e+00
6.63510981e+04 1.89639870e+00
6.65872940e+04 1.87960160e+00
6.67269670e+04 1.86966982e+00
6.68336138e+04 1.86208740e+00
6.69299497e+04 1.85523914e+00
6.70024579e+04 1.85128218e+00
6.70749662e+04 1.84732654e+00
6.71255878e+04 1.84456603e+00
6.71762093e+04 1.84180681e+00
6.72178142e+04 1.83954040e+00
6.72594192e+04 1.83727561e+00
6.72934347e+04 1.83542562e+00
6.73274501e+04 1.83357753e+00
6.73501271e+04 1.83234687e+00
6.73709191e+04 1.83121988e+00
6.73917111e+04 1.83009440e+00
6.74125031e+04 1.82897079e+00
6.74280971e+04 1.82812969e+00
6.74445223e+04 1.82724553e+00
6.74613631e+04 1.82634129e+00
6.74725903e+04 1.82574000e+00
6.74838175e+04 1.82514026e+00
6.74950447e+04 1.82454236e+00
6.75062719e+04 1.82394662e+00
6.75174991e+04 1.82335343e+00
6.75274548e+04 1.82282993e+00
6.75361392e+04 1.82237560e+00
6.75448235e+04 1.82192385e+00
6.75535079e+04 1.82147519e+00
6.75621922e+04 1.82103019e+00
6.75687055e+04 1.82069927e+00
6.75752187e+04 1.82037121e+00
6.75817320e+04 1.82004648e+00
6.75882452e+04 1.81972566e+00
6.75949514e+04 1.81940018e+00
6.75996796e+04 1.81917418e+00
6.76044077e+04 1.81895154e+00
6.76091358e+04 1.81873277e+00
6.76138640e+04 1.81851852e+00
6.76185921e+04 1.81830957e+00
6.76233202e+04 1.81810699e+00
6.76268663e+04 1.81796010e+00
6.76304124e+04 1.81781850e+00
6.76334833e+04 1.81770116e+00
6.76365543e+04 1.81759005e+00
6.76396252e+04 1.81748711e+00
6.76419284e+04 1.81741701e+00
6.76422281e+04 1.81740895e+00
6.76442315e+04 1.81777435e+00
6.76465347e+04 1.81820518e+00
6.76480702e+04 1.81850013e+00
6.76496056e+04 1.81880291e+00
6.76511411e+04 1.81911532e+00
6.76526765e+04 1.81943961e+00
6.76538281e+04 1.81969229e+00
6.76549797e+04 1.81995462e+00
6.76562212e+04 1.82025018e+00
6.76574628e+04 1.82056135e+00
6.76582904e+04 1.82077887e+00
6.76591181e+04 1.82100558e+00
6.76599458e+04 1.82124257e+00
6.76607735e+04 1.82149103e+00
6.76616012e+04 1.82175231e+00
6.76624288e+04 1.82202789e+00
6.76632565e+04 1.82231939e+00
6.76640842e+04 1.82262864e+00
6.76649119e+04 1.82295760e+00
6.76657396e+04 1.82330847e+00
6.76665672e+04 1.82368365e+00
6.76673949e+04 1.82408576e+00
6.76682226e+04 1.82451768e+00
6.76690261e+04 1.82496845e+00
6.76698295e+04 1.82545339e+00
6.76706330e+04 1.82597589e+00
6.76714364e+04 1.82653962e+00
6.76722399e+04 1.82714857e+00
6.76730434e+04 1.82780702e+00
6.76736430e+04 1.82833883e+00
6.76738468e+04 1.82866213e+00
6.76746503e+04 1.82999576e+00
6.76752915e+04 1.83110614e+00
6.76759328e+04 1.83226040e+00
6.76765741e+04 1.83346161e+00
6.76772153e+04 1.83471295e+00
6.76778566e+04 1.83601783e+00
6.76784978e+04 1.83737974e+00
6.76791391e+04 1.83880241e+00
6.76797804e+04 1.84028973e+00
6.76805851e+04 1.84225392e+00
6.76813898e+04 1.84433483e+00
6.76821945e+04 1.84654131e+00
6.76829993e+04 1.84888276e+00
6.76838040e+04 1.85136900e+00
6.76845372e+04 1.85376918e+00
6.76852347e+04 1.85617925e+00
6.76859322e+04 1.85872037e+00
6.76866298e+04 1.86140005e+00
6.76867326e+04 1.86181645e+00
6.76873273e+04 1.86507544e+00
6.76880230e+04 1.86904148e+00
6.76887152e+04 1.87314765e+00
6.76894075e+04 1.87742175e+00
6.76900997e+04 1.88187202e+00
6.76910226e+04 1.88809458e+00
6.76919617e+04 1.89478392e+00
6.76929169e+04 1.90198119e+00
6.76938721e+04 1.90959791e+00
6.76945863e+04 1.91562315e+00
6.76948274e+04 1.91805352e+00
6.76957387e+04 1.92767432e+00
6.76966062e+04 1.93724461e+00
6.76974737e+04 1.94723429e+00
6.76983412e+04 1.95766015e+00
6.76992577e+04 1.96916645e+00
6.76998221e+04 1.97658232e+00
6.77002233e+04 1.98259204e+00
6.77011888e+04 1.99765582e+00
6.77021543e+04 2.01333777e+00
6.77031430e+04 2.03005243e+00
6.77041547e+04 2.04786233e+00
6.77050579e+04 2.06441064e+00
6.77051664e+04 2.06664992e+00
6.77061781e+04 2.08826696e+00
6.77072659e+04 2.11233899e+00
6.77084297e+04 2.13904980e+00
6.77095935e+04 2.16674591e+00
6.77102937e+04 2.18399465e+00
6.77107573e+04 2.19653757e+00
6.77126133e+04 2.24871273e+00
6.77142206e+04 2.29591295e+00
6.77145245e+04 2.30556810e+00
6.77164356e+04 2.36851907e+00
6.77181474e+04 2.42658042e+00
6.77181614e+04 2.42709402e+00
6.77207502e+04 2.52448857e+00
6.77220743e+04 2.57539676e+00
6.77260011e+04 2.73915243e+00
6.77293409e+04 2.89070531e+00
6.77294840e+04 2.89703413e+00
6.77317417e+04 3.00642454e+00
6.77329668e+04 3.06418196e+00
6.77339540e+04 3.11507127e+00
6.77355789e+04 3.19630204e+00
6.77359778e+04 3.21801485e+00
6.77380016e+04 3.32458415e+00
6.77381910e+04 3.33417865e+00
6.77400253e+04 3.43645663e+00
6.77408031e+04 3.47811849e+00
6.77420491e+04 3.55208897e+00
6.77434152e+04 3.63002818e+00
6.77440729e+04 3.67180197e+00
6.77460273e+04 3.79130578e+00
6.77460967e+04 3.79603673e+00
6.77481205e+04 3.92924194e+00
6.77486394e+04 3.96222119e+00
6.77501095e+04 4.06658694e+00
6.77512515e+04 4.14496827e+00
6.77525525e+04 4.24414890e+00
6.77538636e+04 4.34103118e+00
6.77549954e+04 4.43305816e+00
6.77564674e+04 4.54951796e+00
6.77579270e+04 4.67497637e+00
6.77590711e+04 4.77116297e+00
6.77608585e+04 4.93386674e+00
6.77629768e+04 5.12348936e+00
6.77647672e+04 5.29246768e+00
6.77707880e+04 5.85364009e+00
6.77725847e+04 6.00898205e+00
6.77746936e+04 6.19028174e+00
6.77775101e+04 6.40104272e+00
6.77803266e+04 6.57418914e+00
6.77819832e+04 6.64860083e+00
6.77831431e+04 6.69964857e+00
6.77850207e+04 6.75264956e+00
6.77867265e+04 6.77744203e+00
6.77868984e+04 6.77975819e+00
6.77890107e+04 6.77607942e+00
6.77898887e+04 6.75976007e+00
6.77912164e+04 6.73365624e+00
6.77930509e+04 6.66579753e+00
6.77934687e+04 6.64985711e+00
6.77957211e+04 6.52577234e+00
6.77962131e+04 6.49085311e+00
6.77979734e+04 6.36395114e+00
6.77993754e+04 6.24274666e+00
6.78002258e+04 6.16831992e+00
6.78017273e+04 6.02099461e+00
6.78033281e+04 5.84700961e+00
6.78047305e+04 5.69347202e+00
6.78077336e+04 5.33277085e+00
6.78135185e+04 4.59734298e+00
6.78163724e+04 4.23652806e+00
6.78170331e+04 4.15349420e+00
6.78187049e+04 3.95412924e+00
6.78203263e+04 3.76211004e+00
6.78208878e+04 3.69983591e+00
6.78227714e+04 3.49250824e+00
6.78227963e+04 3.48978578e+00
6.78240271e+04 3.36473390e+00
6.78252662e+04 3.23955277e+00
6.78252828e+04 3.23801386e+00
6.78269425e+04 3.08510391e+00
6.78275583e+04 3.02876789e+00
6.78280489e+04 2.98761404e+00
6.78291553e+04 2.89538007e+00
6.78294948e+04 2.86726259e+00
6.78302685e+04 2.80859139e+00
6.78313882e+04 2.72426033e+00
6.78314312e+04 2.72104420e+00
6.78325080e+04 2.64793357e+00
6.78333677e+04 2.58999793e+00
6.78336278e+04 2.57420333e+00
6.78346978e+04 2.50974482e+00
6.78353042e+04 2.47348756e+00
6.78357180e+04 2.45136480e+00
6.78367383e+04 2.39726114e+00
6.78372406e+04 2.37082460e+00
6.78377585e+04 2.34664941e+00
6.78388123e+04 2.29787029e+00
6.78391771e+04 2.28113033e+00
6.78398998e+04 2.25192802e+00
6.78407155e+04 2.21924422e+00
6.78411135e+04 2.20340080e+00
6.78415311e+04 2.18919490e+00
6.78423467e+04 2.16165825e+00
6.78430816e+04 2.13701972e+00
6.78436955e+04 2.11658973e+00
6.78440078e+04 2.10800537e+00
6.78449339e+04 2.08278575e+00
6.78458601e+04 2.05779048e+00
6.78462774e+04 2.04661280e+00
6.78466065e+04 2.03954644e+00
6.78474564e+04 2.02145076e+00
6.78483064e+04 2.00351440e+00
6.78491564e+04 1.98572834e+00
6.78493104e+04 1.98253010e+00
6.78500063e+04 1.97072368e+00
6.78508563e+04 1.95643584e+00
6.78510525e+04 1.95316825e+00
6.78517772e+04 1.94352748e+00
6.78526980e+04 1.93141197e+00
6.78536189e+04 1.91942118e+00
6.78545365e+04 1.90758720e+00
6.78545397e+04 1.90755706e+00
6.78554606e+04 1.89901618e+00
6.78561325e+04 1.89284682e+00
6.78568623e+04 1.88620068e+00
6.78575921e+04 1.87960855e+00
6.78580206e+04 1.87576792e+00
6.78583219e+04 1.87397570e+00
6.78590518e+04 1.86968199e+00
6.78597816e+04 1.86543199e+00
6.78605114e+04 1.86122263e+00
6.78612413e+04 1.85705107e+00
6.78621354e+04 1.85198771e+00
6.78629292e+04 1.84753264e+00
6.78632467e+04 1.84576471e+00
6.78637231e+04 1.84419161e+00
6.78645169e+04 1.84160184e+00
6.78653107e+04 1.83904123e+00
6.78661046e+04 1.83650734e+00
6.78668984e+04 1.83399787e+00
6.78676922e+04 1.83151073e+00
6.78684728e+04 1.82908503e+00
6.78684860e+04 1.82906241e+00
6.78692799e+04 1.82772251e+00
6.78700737e+04 1.82639952e+00
6.78710566e+04 1.82478263e+00
6.78720395e+04 1.82318671e+00
6.78730224e+04 1.82160940e+00
6.78740053e+04 1.82004861e+00
6.78749882e+04 1.81850242e+00
6.78754410e+04 1.81779606e+00
6.78759710e+04 1.81749563e+00
6.78769539e+04 1.81694998e+00
6.78779368e+04 1.81641444e+00
6.78794112e+04 1.81562752e+00
6.78808855e+04 1.81485729e+00
6.78823598e+04 1.81410089e+00
6.78838342e+04 1.81335599e+00
6.78853085e+04 1.81262065e+00
6.78866741e+04 1.81194670e+00
6.78884223e+04 1.81109223e+00
6.78901706e+04 1.81024549e+00
6.78927929e+04 1.80898693e+00
6.78954153e+04 1.80773919e+00
6.78963454e+04 1.80729962e+00
6.78980377e+04 1.80703661e+00
6.78997859e+04 1.80676867e+00
6.79032824e+04 1.80624010e+00
6.79067789e+04 1.80571950e+00
6.79102754e+04 1.80520533e+00
6.79137719e+04 1.80469651e+00
6.79177036e+04 1.80412976e+00
6.79216353e+04 1.80356790e+00
6.79268775e+04 1.80282520e+00
6.79321197e+04 1.80208877e+00
6.79373620e+04 1.80135761e+00
6.79426042e+04 1.80063094e+00
6.79478465e+04 1.79990812e+00
6.79530887e+04 1.79918862e+00
6.79590586e+04 1.79837307e+00
6.79602243e+04 1.79828902e+00
6.79669960e+04 1.79780493e+00
6.79737676e+04 1.79732427e+00
6.79805393e+04 1.79684656e+00
6.79873110e+04 1.79637137e+00
6.79963399e+04 1.79574114e+00
6.80053688e+04 1.79511416e+00
6.80143977e+04 1.79448994e+00
6.80234266e+04 1.79386804e+00
6.80329766e+04 1.79321238e+00
6.80430477e+04 1.79252297e+00
6.80531188e+04 1.79183536e+00
6.80682255e+04 1.79080678e+00
6.80833321e+04 1.78978098e+00
6.80984388e+04 1.78875736e+00
6.81149453e+04 1.78764097e+00
6.81342516e+04 1.78633752e+00
6.81535578e+04 1.78503604e+00
6.81728641e+04 1.78373608e+00
6.81986057e+04 1.78200481e+00
6.82244916e+04 1.78026564e+00
6.82505216e+04 1.77851815e+00
6.82765517e+04 1.77677188e+00
6.82935294e+04 1.77563359e+00
6.83155967e+04 1.77454327e+00
6.83580631e+04 1.77244679e+00
6.84005295e+04 1.77035167e+00
6.84471216e+04 1.76805411e+00
6.84937137e+04 1.76575744e+00
6.85674176e+04 1.76212575e+00
6.86411215e+04 1.75849528e+00
6.87567993e+04 1.75279887e+00
6.88981753e+04 1.74583860e+00
6.90416898e+04 1.73877419e+00
6.92811176e+04 1.72698998e+00
6.96332406e+04 1.70966083e+00
6.97695328e+04 1.70295399e+00
7.02803130e+04 1.68231932e+00
7.05236743e+04 1.67248949e+00
7.06047947e+04 1.66921397e+00
7.06527563e+04 1.66727851e+00
7.06767371e+04 1.66631155e+00
7.07007179e+04 1.66534573e+00
7.07162602e+04 1.66472091e+00
7.07279169e+04 1.66425356e+00
7.07337453e+04 1.66402084e+00
7.07376309e+04 1.66386646e+00
7.07415165e+04 1.66371323e+00
7.07444307e+04 1.66359955e+00
7.07463735e+04 1.66352465e+00
7.07483163e+04 1.66345074e+00
7.07502590e+04 1.66337813e+00
7.07517161e+04 1.66332476e+00
7.07531732e+04 1.66327257e+00
7.07546303e+04 1.66322180e+00
7.07560874e+04 1.66317277e+00
7.07575445e+04 1.66312583e+00
7.07585159e+04 1.66309591e+00
7.07594873e+04 1.66306726e+00
7.07604587e+04 1.66304005e+00
7.07614301e+04 1.66301444e+00
7.07624015e+04 1.66299065e+00
7.07632067e+04 1.66297246e+00
7.07641651e+04 1.66295282e+00
7.07651235e+04 1.66293561e+00
7.07660819e+04 1.66292110e+00
7.07670403e+04 1.66290959e+00
7.07679987e+04 1.66290142e+00
7.07689571e+04 1.66289694e+00
7.07699156e+04 1.66289654e+00
7.07708740e+04 1.66290064e+00
7.07718324e+04 1.66290968e+00
7.07727908e+04 1.66292416e+00
7.07734457e+04 1.66293744e+00
7.07741166e+04 1.66295411e+00
7.07747875e+04 1.66297407e+00
7.07754583e+04 1.66299754e+00
7.07761292e+04 1.66302471e+00
7.07768001e+04 1.66305583e+00
7.07774710e+04 1.66309110e+00
7.07781419e+04 1.66313078e+00
7.07790665e+04 1.66319315e+00
7.07799502e+04 1.66326164e+00
7.07808340e+04 1.66333943e+00
7.07817177e+04 1.66342715e+00
7.07826015e+04 1.66352545e+00
7.07834487e+04 1.66363025e+00
7.07842228e+04 1.66373556e+00
7.07849969e+04 1.66385049e+00
7.07857710e+04 1.66397552e+00
7.07865451e+04 1.66411112e+00
7.07873191e+04 1.66425778e+00
7.07881096e+04 1.66441947e+00
7.07889002e+04 1.66459373e+00
7.07899542e+04 1.66484651e+00
7.07910081e+04 1.66512374e+00
7.07920629e+04 1.66542680e+00
7.07931183e+04 1.66575687e+00
7.07941738e+04 1.66611481e+00
7.07952293e+04 1.66650161e+00
7.07963378e+04 1.66693988e+00
7.07974993e+04 1.66743531e+00
7.07986609e+04 1.66796860e+00
7.07998224e+04 1.66854036e+00
7.08010447e+04 1.66918399e+00
7.08023277e+04 1.66990601e+00
7.08036107e+04 1.67067527e+00
7.08048937e+04 1.67149098e+00
7.08062007e+04 1.67236839e+00
7.08081973e+04 1.67379447e+00
7.08101938e+04 1.67531519e+00
7.08125622e+04 1.67722308e+00
7.08159678e+04 1.68010710e+00
7.08214109e+04 1.68479797e+00
7.08243506e+04 1.68720476e+00
7.08265554e+04 1.68887557e+00
7.08287602e+04 1.69038579e+00
7.08309650e+04 1.69169656e+00
7.08328422e+04 1.69262881e+00
7.08345556e+04 1.69331499e+00
7.08362691e+04 1.69383144e+00
7.08379825e+04 1.69416869e+00
7.08396959e+04 1.69432010e+00
7.08408382e+04 1.69431588e+00
7.08423222e+04 1.69418411e+00
7.08438062e+04 1.69391055e+00
7.08460322e+04 1.69324061e+00
7.08482582e+04 1.69227394e+00
7.08504842e+04 1.69103434e+00
7.08527102e+04 1.68955230e+00
7.08549362e+04 1.68786369e+00
7.08571622e+04 1.68600825e+00
7.08601302e+04 1.68334743e+00
7.08680573e+04 1.67590124e+00
7.08706636e+04 1.67355101e+00
7.08728934e+04 1.67163968e+00
7.08749351e+04 1.66998880e+00
7.08762961e+04 1.66894700e+00
7.08775456e+04 1.66803468e+00
7.08792522e+04 1.66685911e+00
7.08803900e+04 1.66612166e+00
7.08815278e+04 1.66542158e+00
7.08825531e+04 1.66482266e+00
7.08835784e+04 1.66425385e+00
7.08846037e+04 1.66371479e+00
7.08856291e+04 1.66320498e+00
7.08866254e+04 1.66273700e+00
7.08876218e+04 1.66229538e+00
7.08886181e+04 1.66187936e+00
7.08896144e+04 1.66148810e+00
7.08906741e+04 1.66109814e+00
7.08917338e+04 1.66073404e+00
7.08927935e+04 1.66039462e+00
7.08938532e+04 1.66007867e+00
7.08946869e+04 1.65984578e+00
7.08955205e+04 1.65962603e+00
7.08963542e+04 1.65941883e+00
7.08971879e+04 1.65922356e+00
7.08980216e+04 1.65903963e+00
7.08988740e+04 1.65886266e+00
7.08997359e+04 1.65869453e+00
7.09005977e+04 1.65853662e+00
7.09014596e+04 1.65838832e+00
7.09023214e+04 1.65824904e+00
7.09032569e+04 1.65810741e+00
7.09039786e+04 1.65800449e+00
7.09047004e+04 1.65790676e+00
7.09054221e+04 1.65781392e+00
7.09061439e+04 1.65772569e+00
7.09068656e+04 1.65764178e+00
7.09075874e+04 1.65756193e+00
7.09083091e+04 1.65748589e+00
7.09090007e+04 1.65741637e+00
7.09096620e+04 1.65735276e+00
7.09103233e+04 1.65729179e+00
7.09109846e+04 1.65723328e+00
7.09119766e+04 1.65714981e+00
7.09129686e+04 1.65707106e+00
7.09139606e+04 1.65699658e+00
7.09149526e+04 1.65692593e+00
7.09159446e+04 1.65685874e+00
7.09169366e+04 1.65679465e+00
7.09179286e+04 1.65673335e+00
7.09189206e+04 1.65667452e+00
7.09198252e+04 1.65662281e+00
7.09209732e+04 1.65655955e+00
7.09221211e+04 1.65649862e+00
7.09232690e+04 1.65643971e+00
7.09244170e+04 1.65638255e+00
7.09255649e+04 1.65632691e+00
7.09267129e+04 1.65627258e+00
7.09284348e+04 1.65619315e+00
7.09301567e+04 1.65611573e+00
7.09318786e+04 1.65603991e+00
7.09330266e+04 1.65599009e+00
7.09353225e+04 1.65589180e+00
7.09376184e+04 1.65579488e+00
7.09410622e+04 1.65565130e+00
7.09445060e+04 1.65550908e+00
7.09490978e+04 1.65532071e+00
7.09559855e+04 1.65503956e+00
7.09682504e+04 1.65454070e+00
7.09866478e+04 1.65379424e+00
7.10050452e+04 1.65304896e+00
7.10418399e+04 1.65156014e+00
7.10918175e+04 1.64953954e+00
7.11672429e+04 1.64649124e+00
7.12049555e+04 1.64496730e+00
7.16126296e+04 1.62849755e+00
7.21282024e+04 1.60767042e+00
7.35207198e+04 1.56079530e+00
7.44230559e+04 1.53042145e+00
7.70990000e+04 1.45250805e+00
7.85979288e+04 1.41509302e+00
8.22633079e+04 1.32360214e+00
8.26593257e+04 1.31450527e+00
8.41813157e+04 1.27954414e+00
8.54981730e+04 1.24929597e+00
8.59831500e+04 1.23815718e+00
8.62113257e+04 1.23291757e+00
8.63438251e+04 1.22987594e+00
8.64563817e+04 1.22729334e+00
8.65163070e+04 1.22591927e+00
8.65762323e+04 1.22454635e+00
8.66344062e+04 1.22321540e+00
8.66693105e+04 1.22241829e+00
8.66954318e+04 1.22182291e+00
8.67215531e+04 1.22122897e+00
8.67411440e+04 1.22078486e+00
8.67607350e+04 1.22034241e+00
8.67737956e+04 1.22004862e+00
8.67846792e+04 1.21980479e+00
8.67955628e+04 1.21956211e+00
8.68064464e+04 1.21932087e+00
8.68173300e+04 1.21908147e+00
8.68254927e+04 1.21890345e+00
8.68336554e+04 1.21872709e+00
8.68413137e+04 1.21856362e+00
8.68418180e+04 1.21855513e+00
8.68472598e+04 1.21846505e+00
8.68527016e+04 1.21837644e+00
8.68581434e+04 1.21828966e+00
8.68630757e+04 1.21821306e+00
8.68674985e+04 1.21814660e+00
8.68708156e+04 1.21809862e+00
8.68741327e+04 1.21805285e+00
8.68774498e+04 1.21801014e+00
8.68796612e+04 1.21798400e+00
8.68818726e+04 1.21796036e+00
8.68840840e+04 1.21793996e+00
8.68857425e+04 1.21792738e+00
8.68874010e+04 1.21791772e+00
8.68880350e+04 1.21791540e+00
8.68890596e+04 1.21805527e+00
8.68907181e+04 1.21828608e+00
8.68918238e+04 1.21844287e+00
8.68929295e+04 1.21860240e+00
8.68940352e+04 1.21876506e+00
8.68951409e+04 1.21893131e+00
8.68962466e+04 1.21910164e+00
8.68974231e+04 1.21928801e+00
8.68985995e+04 1.21948045e+00
8.68997759e+04 1.21967986e+00
8.69005602e+04 1.21981716e+00
8.69013445e+04 1.21995833e+00
8.69021288e+04 1.22010374e+00
8.69029131e+04 1.22025378e+00
8.69036974e+04 1.22040885e+00
8.69044817e+04 1.22056943e+00
8.69052660e+04 1.22073599e+00
8.69060503e+04 1.22090907e+00
8.69068346e+04 1.22108923e+00
8.69070075e+04 1.22113065e+00
8.69076189e+04 1.22166837e+00
8.69084032e+04 1.22236652e+00
8.69092161e+04 1.22309969e+00
8.69100575e+04 1.22386975e+00
8.69108990e+04 1.22465211e+00
8.69117404e+04 1.22544782e+00
8.69125819e+04 1.22625804e+00
8.69134234e+04 1.22708396e+00
8.69142648e+04 1.22792688e+00
8.69151063e+04 1.22878818e+00
8.69158460e+04 1.22956172e+00
8.69168031e+04 1.23058695e+00
8.69169336e+04 1.23073076e+00
8.69177602e+04 1.23243103e+00
8.69187172e+04 1.23443203e+00
8.69196742e+04 1.23646818e+00
8.69206313e+04 1.23854234e+00
8.69214835e+04 1.24042388e+00
8.69223358e+04 1.24234027e+00
8.69224800e+04 1.24267084e+00
8.69231880e+04 1.24514097e+00
8.69240403e+04 1.24815386e+00
8.69248925e+04 1.25120904e+00
8.69256540e+04 1.25397661e+00
8.69266087e+04 1.25750031e+00
8.69275634e+04 1.26108755e+00
8.69280265e+04 1.26286031e+00
8.69285181e+04 1.26547572e+00
8.69295273e+04 1.27092304e+00
8.69303252e+04 1.27528966e+00
8.69311230e+04 1.27971231e+00
8.69321863e+04 1.28569834e+00
8.69321868e+04 1.28570192e+00
8.69332505e+04 1.29359299e+00
8.69343205e+04 1.30164823e+00
8.69353905e+04 1.30982882e+00
8.69363461e+04 1.31725354e+00
8.69364604e+04 1.31837788e+00
8.69375303e+04 1.32904309e+00
8.69386889e+04 1.34075495e+00
8.69398474e+04 1.35264477e+00
8.69405060e+04 1.35950913e+00
8.69410059e+04 1.36593549e+00
8.69421644e+04 1.38101989e+00
8.69432250e+04 1.39500329e+00
8.69442855e+04 1.40915852e+00
8.69446658e+04 1.41429729e+00
8.69453460e+04 1.42533512e+00
8.69464066e+04 1.44272283e+00
8.69476104e+04 1.46268144e+00
8.69488143e+04 1.48287790e+00
8.69488256e+04 1.48307023e+00
8.69500182e+04 1.50671284e+00
8.69512220e+04 1.53081969e+00
8.69525334e+04 1.55735153e+00
8.69529854e+04 1.56661651e+00
8.69545005e+04 1.60203611e+00
8.69564676e+04 1.64862343e+00
8.69574881e+04 1.67308149e+00
8.69584296e+04 1.69822803e+00
8.69608820e+04 1.76442942e+00
8.69626763e+04 1.81333579e+00
8.69633344e+04 1.83249538e+00
8.69684356e+04 1.98224942e+00
8.69725558e+04 2.10324376e+00
8.69747822e+04 2.16807932e+00
8.69753026e+04 2.18214122e+00
8.69776322e+04 2.24431199e+00
8.69782410e+04 2.26030240e+00
8.69799619e+04 2.30085812e+00
8.69816999e+04 2.34090605e+00
8.69822915e+04 2.35254292e+00
8.69846212e+04 2.39691879e+00
8.69847642e+04 2.39954304e+00
8.69869508e+04 2.43189626e+00
8.69874341e+04 2.43867381e+00
8.69892805e+04 2.45774252e+00
8.69901040e+04 2.46565651e+00
8.69910277e+04 2.47088050e+00
8.69927738e+04 2.47964289e+00
8.69927749e+04 2.47964501e+00
8.69939397e+04 2.48129810e+00
8.69941088e+04 2.48144452e+00
8.69957486e+04 2.47708723e+00
8.69973581e+04 2.47173596e+00
8.69975574e+04 2.47010246e+00
8.69993662e+04 2.45409578e+00
8.70006074e+04 2.44233261e+00
8.70011751e+04 2.43438460e+00
8.70035868e+04 2.39895369e+00
8.70038568e+04 2.39479456e+00
8.70059986e+04 2.35327661e+00
8.70071061e+04 2.33111695e+00
8.70084104e+04 2.30017834e+00
8.70108222e+04 2.24171375e+00
8.70114386e+04 2.22652012e+00
8.70132339e+04 2.17706459e+00
8.70157710e+04 2.10631094e+00
8.70168561e+04 2.07478172e+00
8.70237797e+04 1.87247722e+00
8.70264400e+04 1.79530685e+00
8.70266021e+04 1.79064823e+00
8.70291004e+04 1.72454765e+00
8.70313222e+04 1.66644419e+00
8.70316015e+04 1.65922318e+00
8.70333247e+04 1.61929625e+00
8.70346597e+04 1.58870577e+00
8.70358513e+04 1.56165585e+00
8.70359930e+04 1.55883752e+00
8.70373247e+04 1.53264541e+00
8.70386563e+04 1.50674598e+00
8.70399880e+04 1.48113989e+00
8.70401011e+04 1.47898813e+00
8.70412142e+04 1.46100063e+00
8.70423350e+04 1.44310181e+00
8.70434559e+04 1.42540402e+00
8.70443509e+04 1.41142917e+00
8.70445767e+04 1.40851099e+00
8.70456772e+04 1.39447656e+00
8.70467574e+04 1.38087654e+00
8.70478376e+04 1.36744465e+00
8.70486007e+04 1.35807039e+00
8.70489178e+04 1.35493102e+00
8.70500202e+04 1.34417697e+00
8.70511450e+04 1.33336621e+00
8.70522697e+04 1.32271031e+00
8.70528505e+04 1.31728450e+00
8.70533945e+04 1.31329216e+00
8.70544494e+04 1.30567754e+00
8.70554344e+04 1.29867230e+00
8.70564195e+04 1.29176343e+00
8.70571002e+04 1.28705196e+00
8.70574046e+04 1.28543538e+00
8.70584531e+04 1.27995988e+00
8.70592871e+04 1.27567047e+00
8.70601211e+04 1.27143624e+00
8.70609551e+04 1.26725428e+00
8.70613500e+04 1.26529740e+00
8.70617891e+04 1.26366509e+00
8.70626019e+04 1.26068848e+00
8.70633723e+04 1.25790598e+00
8.70641427e+04 1.25515915e+00
8.70649131e+04 1.25244613e+00
8.70655998e+04 1.25005620e+00
8.70656835e+04 1.24985136e+00
8.70664539e+04 1.24799542e+00
8.70672947e+04 1.24600199e+00
8.70681356e+04 1.24404017e+00
8.70689764e+04 1.24210788e+00
8.70698172e+04 1.24020317e+00
8.70706581e+04 1.23832411e+00
8.70712662e+04 1.23698061e+00
8.70713081e+04 1.23692765e+00
8.70720475e+04 1.23600925e+00
8.70727869e+04 1.23510722e+00
8.70735263e+04 1.23422051e+00
8.70742657e+04 1.23334811e+00
8.70750051e+04 1.23248907e+00
8.70757444e+04 1.23164252e+00
8.70764838e+04 1.23080761e+00
8.70771513e+04 1.23006327e+00
8.70780445e+04 1.22907997e+00
8.70789377e+04 1.22811025e+00
8.70798310e+04 1.22715293e+00
8.70807242e+04 1.22620693e+00
8.70809179e+04 1.22600405e+00
8.70816174e+04 1.22573260e+00
8.70825107e+04 1.22539539e+00
8.70834039e+04 1.22506675e+00
8.70842971e+04 1.22474589e+00
8.70851903e+04 1.22443208e+00
8.70860836e+04 1.22412468e+00
8.70870296e+04 1.22380540e+00
8.70880021e+04 1.22348328e+00
8.70889745e+04 1.22316670e+00
8.70899470e+04 1.22285505e+00
8.70909195e+04 1.22254783e+00
8.70918919e+04 1.22224454e+00
8.70928644e+04 1.22194476e+00
8.70941610e+04 1.22154985e+00
8.70954576e+04 1.22115971e+00
8.70967542e+04 1.22077363e+00
8.70980509e+04 1.22039102e+00
8.70993475e+04 1.22001137e+00
8.71006441e+04 1.21963425e+00
8.71013734e+04 1.21942361e+00
8.71025890e+04 1.21932988e+00
8.71045340e+04 1.21918373e+00
8.71064789e+04 1.21904060e+00
8.71091029e+04 1.21885116e+00
8.71120665e+04 1.21864102e+00
8.71150301e+04 1.21843380e+00
8.71189815e+04 1.21816076e+00
8.71229329e+04 1.21789037e+00
8.71268843e+04 1.21762191e+00
8.71328115e+04 1.21722190e+00
8.71387386e+04 1.21682432e+00
8.71446658e+04 1.21642863e+00
8.71505929e+04 1.21603446e+00
8.71584958e+04 1.21551080e+00
8.71663987e+04 1.21498889e+00
8.71767617e+04 1.21430659e+00
8.71831733e+04 1.21388541e+00
8.71831953e+04 1.21388397e+00
8.71959964e+04 1.21359551e+00
8.72088196e+04 1.21330840e+00
8.72216428e+04 1.21302268e+00
8.72408775e+04 1.21259609e+00
8.72601123e+04 1.21217119e+00
8.72806244e+04 1.21171946e+00
8.73036914e+04 1.21121274e+00
8.73344474e+04 1.21053864e+00
8.73805814e+04 1.20952941e+00
8.74235084e+04 1.20859181e+00
8.74786063e+04 1.20738967e+00
8.75363672e+04 1.20613017e+00
8.76270028e+04 1.20415520e+00
8.77576222e+04 1.20131042e+00
8.80107189e+04 1.19580013e+00
8.85885623e+04 1.18322261e+00
8.99922464e+04 1.15267270e+00
9.57112264e+04 1.02820868e+00
1.00496073e+05 9.24076252e-01
1.02387176e+05 8.82920923e-01
1.04809820e+05 8.29912888e-01
1.05296553e+05 8.19263218e-01
1.07783494e+05 7.62755074e-01
1.10208754e+05 7.07648992e-01
1.11888564e+05 6.69481636e-01
1.13910000e+05 6.21828379e-01
1.16977004e+05 5.49528553e-01
1.17911013e+05 5.27511302e-01
1.20199492e+05 4.72476618e-01
1.23201529e+05 4.00283819e-01
1.25719326e+05 3.39737812e-01
1.28462217e+05 2.73781151e-01
1.28833443e+05 2.64854844e-01
1.29986045e+05 2.37746356e-01
1.31077657e+05 2.12916143e-01
1.31819914e+05 1.96033280e-01
1.33247022e+05 1.64768676e-01
1.33488062e+05 1.59703004e-01
1.34452224e+05 1.39441456e-01
1.35411334e+05 1.20170529e-01
1.35890889e+05 1.11014557e-01
1.36370444e+05 1.01859232e-01
1.36849999e+05 9.30311980e-02
1.37583343e+05 8.01453560e-02
1.38161341e+05 7.05692810e-02
1.38269716e+05 6.87739310e-02
1.38811589e+05 6.03101180e-02
1.39461837e+05 5.07204650e-02
1.39946666e+05 4.41239810e-02
1.40198448e+05 4.08465410e-02
1.40310351e+05 3.94689080e-02
1.40534158e+05 3.67140100e-02
1.40869867e+05 3.28010110e-02
1.41093674e+05 3.03349820e-02
1.41317480e+05 2.79863540e-02
1.41541286e+05 2.57569990e-02
1.41801136e+05 2.33250800e-02
1.41974369e+05 2.17939530e-02
1.42147602e+05 2.03419940e-02
1.42289878e+05 1.92154950e-02
1.42320835e+05 1.89704470e-02
1.42559030e+05 1.72117250e-02
1.42753917e+05 1.58927880e-02
1.42927150e+05 1.48122700e-02
1.43061303e+05 1.40362590e-02
1.43195456e+05 1.33155520e-02
1.43329609e+05 1.26499690e-02
1.43463762e+05 1.20404320e-02
1.43597915e+05 1.14879680e-02
1.43732068e+05 1.09936210e-02
1.43866221e+05 1.05583700e-02
1.44000374e+05 1.01821830e-02
1.44104243e+05 9.93278000e-03
1.44208111e+05 9.72176800e-03
1.44297332e+05 9.57310000e-03
1.44311980e+05 9.54872200e-03
1.44415848e+05 9.41423200e-03
1.44519717e+05 9.31864300e-03
1.44623585e+05 9.26258000e-03
1.44727454e+05 9.24766000e-03
1.44865669e+05 9.29024400e-03
1.44992159e+05 9.39117900e-03
1.45112786e+05 9.54688300e-03
1.45233413e+05 9.75897000e-03
1.45345941e+05 1.00106590e-02
1.45458468e+05 1.03139160e-02
1.45583638e+05 1.07135300e-02
1.45723742e+05 1.12392580e-02
1.45848280e+05 1.17760020e-02
1.45972818e+05 1.23815680e-02
1.46117442e+05 1.31723340e-02
1.46165650e+05 1.34659180e-02
1.46262066e+05 1.40533260e-02
1.46384940e+05 1.48813420e-02
1.46507813e+05 1.57765560e-02
1.46657144e+05 1.69636200e-02
1.46795125e+05 1.81587700e-02
1.46933105e+05 1.94422950e-02
1.47067389e+05 2.07845360e-02
1.47205975e+05 2.22825660e-02
1.47253579e+05 2.27976640e-02
1.47429750e+05 2.48828130e-02
1.47507582e+05 2.58069820e-02
1.47530931e+05 2.60864510e-02
1.47538714e+05 2.61814060e-02
1.47546497e+05 2.62792990e-02
1.47552335e+05 2.63567020e-02
1.47556214e+05 2.64114610e-02
1.47560082e+05 2.64700930e-02
1.47562983e+05 2.65177310e-02
1.47565884e+05 2.65695410e-02
1.47567818e+05 2.66069740e-02
1.47569751e+05 2.66471960e-02
1.47571685e+05 2.66906870e-02
1.47573619e+05 2.67379860e-02
1.47575553e+05 2.67897110e-02
1.47577487e+05 2.68465520e-02
1.47579421e+05 2.69092890e-02
1.47580871e+05 2.69607270e-02
1.47582321e+05 2.70163680e-02
1.47583772e+05 2.70766410e-02
1.47585222e+05 2.71420040e-02
1.47586899e+05 2.72245880e-02
1.47588576e+05 2.73154590e-02
1.47589834e+05 2.73895840e-02
1.47590620e+05 2.74393640e-02
1.47591091e+05 2.74720620e-02
1.47592349e+05 2.75651670e-02
1.47593607e+05 2.76646600e-02
1.47594864e+05 2.77709830e-02
1.47596122e+05 2.78845980e-02
1.47597380e+05 2.80059760e-02
1.47598638e+05 2.81355990e-02
1.47600269e+05 2.83169110e-02
1.47601901e+05 2.85140760e-02
1.47603533e+05 2.87282290e-02
1.47605165e+05 2.89605040e-02
1.47606796e+05 2.92120810e-02
1.47606948e+05 2.92372670e-02
1.47608207e+05 2.94567290e-02
1.47609074e+05 2.96157220e-02
1.47610808e+05 2.99524920e-02
1.47612541e+05 3.03153320e-02
1.47614275e+05 3.07054130e-02
1.47615684e+05 3.10432460e-02
1.47617092e+05 3.14002820e-02
1.47617861e+05 3.16078140e-02
1.47618971e+05 3.19188100e-02
1.47620849e+05 3.24813710e-02
1.47622673e+05 3.30628210e-02
1.47624444e+05 3.36604120e-02
1.47626214e+05 3.42908190e-02
1.47627984e+05 3.49538100e-02
1.47628775e+05 3.52643890e-02
1.47629814e+05 3.56851080e-02
1.47632647e+05 3.68972630e-02
1.47635481e+05 3.81832400e-02
1.47638718e+05 3.97325860e-02
1.47639688e+05 4.02178220e-02
1.47642159e+05 4.14798060e-02
1.47654608e+05 4.80592360e-02
1.47659098e+05 5.02965230e-02
1.47662071e+05 5.16688060e-02
1.47665044e+05 5.29247750e-02
1.47666971e+05 5.36479720e-02
1.47668018e+05 5.40260790e-02
1.47670991e+05 5.49392710e-02
1.47673965e+05 5.56739730e-02
1.47676938e+05 5.62162060e-02
1.47677884e+05 5.63244000e-02
1.47679912e+05 5.65185470e-02
1.47681398e+05 5.65833810e-02
1.47683728e+05 5.65804560e-02
1.47686057e+05 5.64509130e-02
1.47686069e+05 5.64496400e-02
1.47688387e+05 5.61563320e-02
1.47690716e+05 5.57422860e-02
1.47693822e+05 5.50157190e-02
1.47694943e+05 5.46880090e-02
1.47696928e+05 5.40753960e-02
1.47700034e+05 5.29581250e-02
1.47703140e+05 5.17078830e-02
1.47705185e+05 5.08157430e-02
1.47706246e+05 5.03400380e-02
1.47710847e+05 4.81467740e-02
1.47720756e+05 4.32848020e-02
1.47724119e+05 4.17015470e-02
1.47727481e+05 4.01935260e-02
1.47730300e+05 3.90005860e-02
1.47733119e+05 3.78810530e-02
1.47734998e+05 3.71782750e-02
1.47736746e+05 3.65567160e-02
1.47737960e+05 3.61472130e-02
1.47738495e+05 3.59711220e-02
1.47740243e+05 3.54269840e-02
1.47741992e+05 3.49148750e-02
1.47743927e+05 3.43849460e-02
1.47745863e+05 3.38931390e-02
1.47747315e+05 3.35486850e-02
1.47748766e+05 3.32246150e-02
1.47749734e+05 3.30195980e-02
1.47751507e+05 3.26661950e-02
1.47752836e+05 3.24193160e-02
1.47754166e+05 3.21874210e-02
1.47754348e+05 3.21575960e-02
1.47755495e+05 3.19804440e-02
1.47756825e+05 3.17889250e-02
1.47758538e+05 3.15614300e-02
1.47760252e+05 3.13545040e-02
1.47761965e+05 3.11667890e-02
1.47763076e+05 3.10547900e-02
1.47763107e+05 3.10518950e-02
1.47764250e+05 3.09524480e-02
1.47765392e+05 3.08601920e-02
1.47766894e+05 3.07491750e-02
1.47768291e+05 3.06558080e-02
1.47769688e+05 3.05712730e-02
1.47771084e+05 3.04949310e-02
1.47772481e+05 3.04262070e-02
1.47773878e+05 3.03645130e-02
1.47775274e+05 3.03093110e-02
1.47776671e+05 3.02600820e-02
1.47777624e+05 3.02302480e-02
1.47778068e+05 3.02194300e-02
1.47779465e+05 3.01904310e-02
1.47780861e+05 3.01660270e-02
1.47782410e+05 3.01438460e-02
1.47783958e+05 3.01263020e-02
1.47785507e+05 3.01129190e-02
1.47787055e+05 3.01032630e-02
1.47789120e+05 3.00955020e-02
1.47791185e+05 3.00928110e-02
1.47793249e+05 3.00944420e-02
1.47795314e+05 3.00997420e-02
1.47797378e+05 3.01081390e-02
1.47800476e+05 3.01254860e-02
1.47803573e+05 3.01473320e-02
1.47805637e+05 3.01638470e-02
1.47809766e+05 3.02004050e-02
1.47813896e+05 3.02403720e-02
1.47820090e+05 3.03043320e-02
1.47824175e+05 3.03486800e-02
1.47830413e+05 3.04338010e-02
1.47846930e+05 3.06641760e-02
1.47916650e+05 3.16453660e-02
1.47940553e+05 3.19828370e-02
1.48073816e+05 3.40274460e-02
1.48086743e+05 3.42259710e-02
1.48262132e+05 3.71088940e-02
1.48431430e+05 4.00816760e-02
1.48588463e+05 4.29762150e-02
1.48773309e+05 4.65891580e-02
1.48932481e+05 4.98810110e-02
1.49012067e+05 5.16129040e-02
1.49091653e+05 5.33450530e-02
1.49297251e+05 5.80751200e-02
1.49564604e+05 6.46588990e-02
1.49830129e+05 7.16868180e-02
1.50033898e+05 7.74374050e-02
1.50291091e+05 8.51641310e-02
1.50548284e+05 9.33746460e-02
1.50719746e+05 9.92191010e-02
1.50796593e+05 1.01838747e-01
1.51099438e+05 1.12838099e-01
1.51316347e+05 1.21198073e-01
1.51605558e+05 1.33023042e-01
1.51913941e+05 1.46505619e-01
1.52222323e+05 1.60833731e-01
1.52427911e+05 1.70942607e-01
1.52742400e+05 1.87260636e-01
1.53019601e+05 2.02503344e-01
1.53289297e+05 2.18158576e-01
1.53558992e+05 2.34663802e-01
1.53928397e+05 2.58697958e-01
1.54028107e+05 2.65579382e-01
1.54227527e+05 2.79342928e-01
1.54603253e+05 3.07037212e-01
1.54978980e+05 3.36496857e-01
1.55342766e+05 3.67046652e-01
1.55682673e+05 3.97273881e-01
1.56135883e+05 4.40447895e-01
1.56506651e+05 4.78352989e-01
1.56980434e+05 5.30035580e-01
1.57155531e+05 5.50458828e-01
1.57330628e+05 5.70882741e-01
1.57680822e+05 6.14115500e-01
1.58173384e+05 6.79163174e-01
1.58600486e+05 7.39382819e-01
1.59016139e+05 8.02002443e-01
1.59431793e+05 8.68603780e-01
1.59781987e+05 9.28012737e-01
1.60132181e+05 9.91390885e-01
1.60280000e+05 1.01814391e+00
1.60657472e+05 1.09067787e+00
1.61308250e+05 1.22475746e+00
1.61546091e+05 1.27782683e+00
1.61783932e+05 1.33089728e+00
1.62233345e+05 1.43777749e+00
1.62758636e+05 1.57154850e+00
1.63108830e+05 1.66658959e+00
1.63283927e+05 1.71411099e+00
1.63809218e+05 1.86755484e+00
1.64334509e+05 2.03073813e+00
1.64684703e+05 2.14752411e+00
1.64859800e+05 2.20591801e+00
1.65465390e+05 2.42119035e+00
1.65895883e+05 2.58440599e+00
1.66610771e+05 2.87465535e+00
1.67311159e+05 3.18187278e+00
1.68011547e+05 3.51305602e+00
1.68536838e+05 3.77720470e+00
1.69237226e+05 4.15226035e+00
1.69937614e+05 4.55251338e+00
1.70638002e+05 4.97797842e+00
1.71414480e+05 5.47905896e+00
1.72038778e+05 5.90150554e+00
1.72739166e+05 6.39726171e+00
1.73789749e+05 7.17870250e+00
1.75190525e+05 8.28221049e+00
1.76241107e+05 9.10983153e+00
1.77291689e+05 9.93744053e+00
1.78064861e+05 1.05465074e+01
1.78309311e+05 1.07286938e+01
1.79437924e+05 1.15698217e+01
1.79833188e+05 1.18368560e+01
1.80682198e+05 1.24104196e+01
1.80929785e+05 1.25581605e+01
1.81790142e+05 1.30715426e+01
1.82026383e+05 1.31913257e+01
1.82843172e+05 1.36054573e+01
1.83167350e+05 1.37396974e+01
1.83886264e+05 1.40373860e+01
1.84277430e+05 1.41648826e+01
1.84782620e+05 1.43295387e+01
1.85435102e+05 1.44960559e+01
1.86396735e+05 1.46732198e+01
1.87097123e+05 1.47419499e+01
1.87447317e+05 1.47763125e+01
1.88271487e+05 1.48056387e+01
1.89435275e+05 1.47582838e+01
1.90599063e+05 1.46458645e+01
1.92350033e+05 1.43531044e+01
1.92692253e+05 1.42776907e+01
1.94101004e+05 1.39672544e+01
1.95501780e+05 1.35907035e+01
1.96902556e+05 1.32141594e+01
1.98303332e+05 1.28376222e+01
1.99704109e+05 1.24610917e+01
2.01104885e+05 1.20845677e+01
2.02505661e+05 1.17080497e+01
2.03906437e+05 1.13570131e+01
2.05307213e+05 1.10059817e+01
2.05657408e+05 1.09182250e+01
2.06707990e+05 1.06809947e+01
2.08108766e+05 1.03646919e+01
2.08809154e+05 1.02065424e+01
2.09509542e+05 1.00664181e+01
2.10910318e+05 9.78617280e+00
2.11960900e+05 9.57599113e+00
2.12311094e+05 9.51413358e+00
2.14000155e+05 9.21578512e+00
2.15112647e+05 9.01928128e+00
2.15462841e+05 8.96487677e+00
2.17213811e+05 8.69285729e+00
2.18147499e+05 8.54780713e+00
2.18964782e+05 8.43527180e+00
2.20715752e+05 8.19417525e+00
2.21416140e+05 8.09773761e+00
2.22816916e+05 7.92918824e+00
2.24918080e+05 7.67636692e+00
2.27019245e+05 7.45635084e+00
2.28770215e+05 7.27300580e+00
2.29120409e+05 7.24117844e+00
2.31221573e+05 7.05021603e+00
2.32823982e+05 6.90458378e+00
2.33423554e+05 6.85715766e+00
2.36116951e+05 6.64411190e+00
2.36810000e+05 6.58929270e+00
2.38925842e+05 6.44289306e+00
2.41027007e+05 6.29751030e+00
2.41727395e+05 6.25545705e+00
2.44528947e+05 6.08724550e+00
2.45929723e+05 6.00314037e+00
2.47873602e+05 5.90273353e+00
2.50832440e+05 5.74990238e+00
2.51532828e+05 5.71372589e+00
2.54334381e+05 5.58941785e+00
2.57135933e+05 5.46511067e+00
2.57836321e+05 5.43834667e+00
2.62038650e+05 5.27776394e+00
2.63439426e+05 5.22423674e+00
2.66240978e+05 5.13272171e+00
2.70443307e+05 4.99545016e+00
2.71143695e+05 4.97594691e+00
2.76746800e+05 4.81992214e+00
2.78128073e+05 4.78145930e+00
2.82349905e+05 4.68184798e+00
2.87252622e+05 4.56617241e+00
2.88653398e+05 4.53951019e+00
2.94268629e+05 4.43263136e+00
2.96429413e+05 4.39150419e+00
2.97042160e+05 4.37984217e+00
2.97291997e+05 4.37639236e+00
2.97656186e+05 4.37136436e+00
2.97886170e+05 4.36819018e+00
2.97997987e+05 4.36664753e+00
2.98109804e+05 4.36510565e+00
2.98184053e+05 4.36408255e+00
2.98258301e+05 4.36306045e+00
2.98307800e+05 4.36237992e+00
2.98350993e+05 4.36178700e+00
2.98383387e+05 4.36134312e+00
2.98415781e+05 4.36090022e+00
2.98437378e+05 4.36060567e+00
2.98458974e+05 4.36031189e+00
2.98480570e+05 4.36001916e+00
2.98495435e+05 4.35981846e+00
2.98510299e+05 4.35961859e+00
2.98525164e+05 4.35941977e+00
2.98536312e+05 4.35927153e+00
2.98547461e+05 4.35912426e+00
2.98558609e+05 4.35897827e+00
2.98566042e+05 4.35888193e+00
2.98573474e+05 4.35878670e+00
2.98579048e+05 4.35871628e+00
2.98584622e+05 4.35864706e+00
2.98590197e+05 4.35857952e+00
2.98593913e+05 4.35853575e+00
2.98597629e+05 4.35849332e+00
2.98600647e+05 4.35846008e+00
2.98604128e+05 4.35842348e+00
2.98607609e+05 4.35838917e+00
2.98609930e+05 4.35836787e+00
2.98612250e+05 4.35834807e+00
2.98614571e+05 4.35833002e+00
2.98616891e+05 4.35831401e+00
2.98619212e+05 4.35830037e+00
2.98621532e+05 4.35828949e+00
2.98623273e+05 4.35828339e+00
2.98625013e+05 4.35827930e+00
2.98626754e+05 4.35827744e+00
2.98628494e+05 4.35827807e+00
2.98630235e+05 4.35828147e+00
2.98631975e+05 4.35828794e+00
2.98633716e+05 4.35829783e+00
2.98635456e+05 4.35831150e+00
2.98637088e+05 4.35832812e+00
2.98638504e+05 4.35834580e+00
2.98639920e+05 4.35836678e+00
2.98641336e+05 4.35839134e+00
2.98642752e+05 4.35841976e+00
2.98644168e+05 4.35845237e+00
2.98645584e+05 4.35848949e+00
2.98647000e+05 4.35853149e+00
2.98648416e+05 4.35857873e+00
2.98649832e+05 4.35863163e+00
2.98651248e+05 4.35869061e+00
2.98652401e+05 4.35874347e+00
2.98653765e+05 4.35881189e+00
2.98655128e+05 4.35888718e+00
2.98656492e+05 4.35896980e+00
2.98657855e+05 4.35906025e+00
2.98659219e+05 4.35915906e+00
2.98660582e+05 4.35926676e+00
2.98661945e+05 4.35938393e+00
2.98663650e+05 4.35954463e+00
2.98665184e+05 4.35970372e+00
2.98666718e+05 4.35987749e+00
2.98668252e+05 4.36006692e+00
2.98669288e+05 4.36020623e+00
2.98669785e+05 4.36077441e+00
2.98671326e+05 4.36255330e+00
2.98672882e+05 4.36436812e+00
2.98674437e+05 4.36620366e+00
2.98675993e+05 4.36806091e+00
2.98677548e+05 4.36994128e+00
2.98679104e+05 4.37184608e+00
2.98680659e+05 4.37377679e+00
2.98682214e+05 4.37573455e+00
2.98683770e+05 4.37772089e+00
2.98685325e+05 4.37973725e+00
2.98686881e+05 4.38178522e+00
2.98688434e+05 4.38386331e+00
2.98690504e+05 4.38668613e+00
2.98692574e+05 4.38957331e+00
2.98693870e+05 4.39142302e+00
2.98694644e+05 4.39340321e+00
2.98696684e+05 4.39869017e+00
2.98698694e+05 4.40397092e+00
2.98700704e+05 4.40932492e+00
2.98702714e+05 4.41475530e+00
2.98704738e+05 4.42030342e+00
2.98706777e+05 4.42597382e+00
2.98708815e+05 4.43173051e+00
2.98710257e+05 4.43586696e+00
2.98710853e+05 4.43829654e+00
2.98713107e+05 4.44759507e+00
2.98715578e+05 4.45791410e+00
2.98718049e+05 4.46836933e+00
2.98720520e+05 4.47896131e+00
2.98723068e+05 4.49003083e+00
2.98725695e+05 4.50158915e+00
2.98726645e+05 4.50582048e+00
2.98728322e+05 4.51553461e+00
2.98732263e+05 4.53861880e+00
2.98735388e+05 4.55713899e+00
2.98740076e+05 4.58522656e+00
2.98746090e+05 4.62168697e+00
2.98760678e+05 4.71081068e+00
2.98765983e+05 4.74287770e+00
2.98770285e+05 4.76851165e+00
2.98774588e+05 4.79368993e+00
2.98775808e+05 4.80067025e+00
2.98778889e+05 4.81309796e+00
2.98783191e+05 4.82977745e+00
2.98787493e+05 4.84570010e+00
2.98788098e+05 4.84782216e+00
2.98791795e+05 4.85365655e+00
2.98795022e+05 4.85816941e+00
2.98798248e+05 4.86216835e+00
2.98800389e+05 4.86453287e+00
2.98800399e+05 4.86452218e+00
2.98803716e+05 4.86062248e+00
2.98807033e+05 4.85617348e+00
2.98810349e+05 4.85118684e+00
2.98812739e+05 4.84722056e+00
2.98813666e+05 4.84388563e+00
2.98818088e+05 4.82721353e+00
2.98822510e+05 4.80975131e+00
2.98825090e+05 4.79916397e+00
2.98826933e+05 4.78850424e+00
2.98831355e+05 4.76234916e+00
2.98835777e+05 4.73573634e+00
2.98842304e+05 4.69588547e+00
2.98856518e+05 4.60848192e+00
2.98861520e+05 4.57802551e+00
2.98866523e+05 4.54792701e+00
2.98869472e+05 4.53038307e+00
2.98872422e+05 4.51300808e+00
2.98874490e+05 4.50096811e+00
2.98876109e+05 4.49376126e+00
2.98878322e+05 4.48405527e+00
2.98880821e+05 4.47321898e+00
2.98883320e+05 4.46252270e+00
2.98885820e+05 4.45196589e+00
2.98888319e+05 4.44154853e+00
2.98890409e+05 4.43294295e+00
2.98890957e+05 4.43071171e+00
2.98892499e+05 4.42631544e+00
2.98894589e+05 4.42044955e+00
2.98896679e+05 4.41467371e+00
2.98898650e+05 4.40930711e+00
2.98900621e+05 4.40401581e+00
2.98902592e+05 4.39879720e+00
2.98904563e+05 4.39364855e+00
2.98906456e+05 4.38876534e+00
2.98907424e+05 4.38630004e+00
2.98908350e+05 4.38498397e+00
2.98910243e+05 4.38234868e+00
2.98912137e+05 4.37976755e+00
2.98913925e+05 4.37737688e+00
2.98915713e+05 4.37502987e+00
2.98917502e+05 4.37272404e+00
2.98919290e+05 4.37045742e+00
2.98920837e+05 4.36852590e+00
2.98922385e+05 4.36662065e+00
2.98923932e+05 4.36474044e+00
2.98925479e+05 4.36288383e+00
2.98927026e+05 4.36104953e+00
2.98928628e+05 4.35917363e+00
2.98930256e+05 4.35728809e+00
2.98931883e+05 4.35542327e+00
2.98932124e+05 4.35514981e+00
2.98933511e+05 4.35484620e+00
2.98935139e+05 4.35450784e+00
2.98936793e+05 4.35418136e+00
2.98938499e+05 4.35386160e+00
2.98940204e+05 4.35355785e+00
2.98941910e+05 4.35326895e+00
2.98943616e+05 4.35299376e+00
2.98945322e+05 4.35273125e+00
2.98946877e+05 4.35250214e+00
2.98948432e+05 4.35228204e+00
2.98949986e+05 4.35207028e+00
2.98951541e+05 4.35186623e+00
2.98953096e+05 4.35166929e+00
2.98954651e+05 4.35147894e+00
2.98956206e+05 4.35129464e+00
2.98957761e+05 4.35111592e+00
2.98959429e+05 4.35092985e+00
2.98961098e+05 4.35074918e+00
2.98962766e+05 4.35057340e+00
2.98964434e+05 4.35040210e+00
2.98966102e+05 4.35023486e+00
2.98967771e+05 4.35007130e+00
2.98969439e+05 4.34991108e+00
2.98971107e+05 4.34975389e+00
2.98972775e+05 4.34959944e+00
2.98974444e+05 4.34944746e+00
2.98976112e+05 4.34929771e+00
2.98977780e+05 4.34914998e+00
2.98979448e+05 4.34900406e+00
2.98981951e+05 4.34878820e+00
2.98984453e+05 4.34857547e+00
2.98986972e+05 4.34836402e+00
2.98989491e+05 4.34815486e+00
2.98992010e+05 4.34794765e+00
2.98994529e+05 4.34774208e+00
2.98997048e+05 4.34753791e+00
2.99000826e+05 4.34723378e+00
2.99004604e+05 4.34693173e+00
2.99008383e+05 4.34663127e+00
2.99012161e+05 4.34633207e+00
2.99017199e+05 4.34593464e+00
2.99022237e+05 4.34553848e+00
2.99029794e+05 4.34494596e+00
2.99034831e+05 4.34455179e+00
2.99044907e+05 4.34376487e+00
2.99054982e+05 4.34297933e+00
2.99063860e+05 4.34228808e+00
2.99065058e+05 4.34226704e+00
2.99077001e+05 4.34205830e+00
2.99094916e+05 4.34174674e+00
2.99112831e+05 4.34143660e+00
2.99130746e+05 4.34112752e+00
2.99148661e+05 4.34081927e+00
2.99172547e+05 4.34040925e+00
2.99196434e+05 4.34000012e+00
2.99232263e+05 4.33938760e+00
2.99269363e+05 4.33875446e+00
2.99309002e+05 4.33807880e+00
2.99361854e+05 4.33717885e+00
2.99414706e+05 4.33627965e+00
2.99492707e+05 4.33495348e+00
2.99568155e+05 4.33367144e+00
2.99668752e+05 4.33196256e+00
2.99847405e+05 4.32892880e+00
3.00026057e+05 4.32589573e+00
3.00426174e+05 4.31910389e+00
3.01185523e+05 4.30621563e+00
3.03016774e+05 4.27513581e+00
3.09208695e+05 4.17004888e+00
3.18372290e+05 4.04339623e+00
3.21853985e+05 3.99527503e+00
3.28609773e+05 3.92160857e+00
3.40423524e+05 3.79278992e+00
3.42775895e+05 3.76713963e+00
3.48286718e+05 3.71590831e+00
3.50495714e+05 3.69537329e+00
3.51232046e+05 3.68852870e+00
3.51835298e+05 3.68292174e+00
3.52298101e+05 3.67862091e+00
3.52607632e+05 3.67574513e+00
3.52820622e+05 3.67376689e+00
3.52975966e+05 3.67232456e+00
3.53131310e+05 3.67088288e+00
3.53285336e+05 3.66945434e+00
3.53377752e+05 3.66859788e+00
3.53468160e+05 3.66776076e+00
3.53558568e+05 3.66692456e+00
3.53618840e+05 3.66636783e+00
3.53672078e+05 3.66587672e+00
3.53725317e+05 3.66538634e+00
3.53778555e+05 3.66489699e+00
3.53779503e+05 3.66488830e+00
3.53818483e+05 3.66583189e+00
3.53854923e+05 3.66671476e+00
3.53889617e+05 3.66755628e+00
3.53924311e+05 3.66839887e+00
3.53959005e+05 3.66924279e+00
3.53982135e+05 3.66980633e+00
3.54005264e+05 3.67037079e+00
3.54027289e+05 3.67090933e+00
3.54048208e+05 3.67142195e+00
3.54069127e+05 3.67193587e+00
3.54090047e+05 3.67245136e+00
3.54105736e+05 3.67283924e+00
3.54121426e+05 3.67322839e+00
3.54137115e+05 3.67361908e+00
3.54152805e+05 3.67401158e+00
3.54160987e+05 3.67421743e+00
3.54168494e+05 3.67537320e+00
3.54178954e+05 3.67698498e+00
3.54189097e+05 3.67854944e+00
3.54198926e+05 3.68006665e+00
3.54208753e+05 3.68158553e+00
3.54218581e+05 3.68310639e+00
3.54228410e+05 3.68462962e+00
3.54238237e+05 3.68615578e+00
3.54245608e+05 3.68730277e+00
3.54252980e+05 3.68845229e+00
3.54260351e+05 3.68960497e+00
3.54265827e+05 3.69046394e+00
3.54271865e+05 3.69141429e+00
3.54276394e+05 3.69212981e+00
3.54280923e+05 3.69284822e+00
3.54285452e+05 3.69357018e+00
3.54288148e+05 3.69400260e+00
3.54289981e+05 3.69508045e+00
3.54294509e+05 3.69774931e+00
3.54297529e+05 3.69953218e+00
3.54300548e+05 3.70131852e+00
3.54303567e+05 3.70310876e+00
3.54306586e+05 3.70490356e+00
3.54309606e+05 3.70670363e+00
3.54312781e+05 3.70860340e+00
3.54315280e+05 3.71010369e+00
3.54317778e+05 3.71160940e+00
3.54320277e+05 3.71312126e+00
3.54321273e+05 3.71372649e+00
3.54322775e+05 3.71584406e+00
3.54325274e+05 3.71937241e+00
3.54327773e+05 3.72290928e+00
3.54330271e+05 3.72645577e+00
3.54332770e+05 3.73001267e+00
3.54335269e+05 3.73358130e+00
3.54337767e+05 3.73716276e+00
3.54337835e+05 3.73726044e+00
3.54339815e+05 3.74269917e+00
3.54341863e+05 3.74833483e+00
3.54343912e+05 3.75398180e+00
3.54345960e+05 3.75964099e+00
3.54348008e+05 3.76531336e+00
3.54350056e+05 3.77099992e+00
3.54352104e+05 3.77670174e+00
3.54354153e+05 3.78241964e+00
3.54354397e+05 3.78310506e+00
3.54356538e+05 3.79330836e+00
3.54358923e+05 3.80470313e+00
3.54361309e+05 3.81612556e+00
3.54363694e+05 3.82757771e+00
3.54366080e+05 3.83906171e+00
3.54366819e+05 3.84263163e+00
3.54368329e+05 3.85298107e+00
3.54370511e+05 3.86796228e+00
3.54372692e+05 3.88297541e+00
3.54374874e+05 3.89802217e+00
3.54375100e+05 3.89958596e+00
3.54377056e+05 3.91710971e+00
3.54379239e+05 3.93671472e+00
3.54381426e+05 3.95639183e+00
3.54383381e+05 3.97401712e+00
3.54383613e+05 3.97666674e+00
3.54385801e+05 4.00167763e+00
3.54387988e+05 4.02673214e+00
3.54390942e+05 4.06063982e+00
3.54391662e+05 4.06893257e+00
3.54393242e+05 4.09134525e+00
3.54396308e+05 4.13495438e+00
3.54399374e+05 4.17866002e+00
3.54399944e+05 4.18679084e+00
3.54402441e+05 4.22959745e+00
3.54405703e+05 4.28562631e+00
3.54408225e+05 4.32902346e+00
3.54408965e+05 4.34387196e+00
3.54412227e+05 4.40940475e+00
3.54416418e+05 4.49374061e+00
3.54416506e+05 4.49551940e+00
3.54421059e+05 4.59960745e+00
3.54425469e+05 4.70061398e+00
3.54426628e+05 4.73021232e+00
3.54432001e+05 4.86756428e+00
3.54439934e+05 5.07064089e+00
3.54441960e+05 5.12398039e+00
3.54451919e+05 5.38626443e+00
3.54454400e+05 5.45150645e+00
3.54459270e+05 5.56935542e+00
3.54464015e+05 5.68389131e+00
3.54464044e+05 5.68458235e+00
3.54468760e+05 5.78091899e+00
3.54473505e+05 5.87749435e+00
3.54473688e+05 5.88120359e+00
3.54478249e+05 5.95386495e+00
3.54480921e+05 5.99616168e+00
3.54482994e+05 6.02001762e+00
3.54487739e+05 6.07412235e+00
3.54488153e+05 6.07880499e+00
3.54492484e+05 6.10800831e+00
3.54495386e+05 6.12729552e+00
3.54496442e+05 6.12964823e+00
3.54501199e+05 6.13978197e+00
3.54502576e+05 6.14257135e+00
3.54505956e+05 6.13358521e+00
3.54510713e+05 6.12046819e+00
3.54513089e+05 6.11370197e+00
3.54515470e+05 6.09687105e+00
3.54520227e+05 6.06286540e+00
3.54526570e+05 6.01703896e+00
3.54528381e+05 6.00383817e+00
3.54532913e+05 5.96941031e+00
3.54539850e+05 5.91641900e+00
3.54547496e+05 5.87830784e+00
3.54551255e+05 5.86947158e+00
3.54551319e+05 5.86932211e+00
3.54556911e+05 5.87494377e+00
3.54558965e+05 5.87710018e+00
3.54562567e+05 5.89965053e+00
3.54566809e+05 5.92641355e+00
3.54567056e+05 5.92798372e+00
3.54571699e+05 5.98396460e+00
3.54575146e+05 6.02569738e+00
3.54575175e+05 6.02620242e+00
3.54578651e+05 6.08730884e+00
3.54582128e+05 6.14856116e+00
3.54583237e+05 6.16815994e+00
3.54585604e+05 6.22072113e+00
3.54589080e+05 6.29806515e+00
3.54591328e+05 6.34817068e+00
3.54592556e+05 6.38000918e+00
3.54597556e+05 6.50984156e+00
3.54602128e+05 6.62874475e+00
3.54606699e+05 6.74781184e+00
3.54611270e+05 6.86700849e+00
3.54615600e+05 6.98000003e+00
3.54617366e+05 7.02028163e+00
3.54623691e+05 7.16467383e+00
3.54629861e+05 7.27830718e+00
3.54632604e+05 7.31520794e+00
3.54636030e+05 7.36124746e+00
3.54638699e+05 7.37959275e+00
3.54643743e+05 7.41414910e+00
3.54644795e+05 7.41551482e+00
3.54646828e+05 7.41810318e+00
3.54649698e+05 7.40757221e+00
3.54652964e+05 7.39550182e+00
3.54654601e+05 7.37800847e+00
3.54659503e+05 7.32547629e+00
3.54659854e+05 7.32171552e+00
3.54664406e+05 7.24053816e+00
3.54666744e+05 7.19880540e+00
3.54669309e+05 7.13652250e+00
3.54673634e+05 7.03145176e+00
3.54674213e+05 7.01423472e+00
3.54679116e+05 6.86828019e+00
3.54680524e+05 6.82633357e+00
3.54684018e+05 6.70543381e+00
3.54689710e+05 6.50842063e+00
3.54690498e+05 6.47825480e+00
3.54701836e+05 6.04363793e+00
3.54712227e+05 5.64532668e+00
3.54717270e+05 5.45207190e+00
3.54719104e+05 5.38744404e+00
3.54724834e+05 5.18548900e+00
3.54726732e+05 5.11862295e+00
3.54728272e+05 5.06964605e+00
3.54732124e+05 4.94717426e+00
3.54734033e+05 4.88651009e+00
3.54735977e+05 4.83146285e+00
3.54739829e+05 4.72238890e+00
3.54741335e+05 4.67978111e+00
3.54743682e+05 4.62185380e+00
3.54747065e+05 4.53837848e+00
3.54748636e+05 4.49963031e+00
3.54750448e+05 4.46142467e+00
3.54753832e+05 4.39012988e+00
3.54755938e+05 4.34578077e+00
3.54757215e+05 4.32319499e+00
3.54759953e+05 4.27483578e+00
3.54762690e+05 4.22650255e+00
3.54763239e+05 4.21679962e+00
3.54765427e+05 4.18493188e+00
3.54768164e+05 4.14507782e+00
3.54770541e+05 4.11048146e+00
3.54770901e+05 4.10636615e+00
3.54773963e+05 4.07137960e+00
3.54777189e+05 4.03455583e+00
3.54780276e+05 3.99932821e+00
3.54780414e+05 3.99816100e+00
3.54783639e+05 3.97086287e+00
3.54786865e+05 3.94358420e+00
3.54789015e+05 3.92540845e+00
3.54790012e+05 3.91698647e+00
3.54791875e+05 3.90549937e+00
3.54794735e+05 3.88787965e+00
3.54797595e+05 3.87027116e+00
3.54799747e+05 3.85703283e+00
3.54800456e+05 3.85396592e+00
3.54803316e+05 3.84159603e+00
3.54806176e+05 3.82923473e+00
3.54809036e+05 3.81688125e+00
3.54811110e+05 3.80793032e+00
3.54811896e+05 3.80561602e+00
3.54815121e+05 3.79613609e+00
3.54818346e+05 3.78666406e+00
3.54821570e+05 3.77719824e+00
3.54822473e+05 3.77455087e+00
3.54824795e+05 3.77054055e+00
3.54828019e+05 3.76497698e+00
3.54831244e+05 3.75941798e+00
3.54835544e+05 3.75201229e+00
3.54839843e+05 3.74461256e+00
3.54844142e+05 3.73721821e+00
3.54845198e+05 3.73540326e+00
3.54848060e+05 3.73301668e+00
3.54853365e+05 3.72859840e+00
3.54858670e+05 3.72418494e+00
3.54863974e+05 3.71977540e+00
3.54869279e+05 3.71536927e+00
3.54874584e+05 3.71096593e+00
3.54879287e+05 3.70706422e+00
3.54881656e+05 3.70616046e+00
3.54888729e+05 3.70346646e+00
3.54895802e+05 3.70077526e+00
3.54902875e+05 3.69808640e+00
3.54912805e+05 3.69431460e+00
3.54922735e+05 3.69054595e+00
3.54932665e+05 3.68677992e+00
3.54936101e+05 3.68547753e+00
3.54942595e+05 3.68460443e+00
3.54952525e+05 3.68327121e+00
3.54962455e+05 3.68193956e+00
3.54975695e+05 3.68016608e+00
3.54988934e+05 3.67839461e+00
3.55002175e+05 3.67662480e+00
3.55014631e+05 3.67496103e+00
3.55032140e+05 3.67262413e+00
3.55049650e+05 3.67028898e+00
3.55067159e+05 3.66795530e+00
3.55072454e+05 3.66724991e+00
3.55078832e+05 3.66669968e+00
3.55102178e+05 3.66468708e+00
3.55125524e+05 3.66267605e+00
3.55148870e+05 3.66066630e+00
3.55163356e+05 3.65941989e+00
3.55172216e+05 3.65927633e+00
3.55195562e+05 3.65889893e+00
3.55223183e+05 3.65845336e+00
3.55250805e+05 3.65800868e+00
3.55292237e+05 3.65734294e+00
3.55333669e+05 3.65667842e+00
3.55375102e+05 3.65601486e+00
3.55416534e+05 3.65535208e+00
3.55469651e+05 3.65450336e+00
3.55522768e+05 3.65365540e+00
3.55602443e+05 3.65238454e+00
3.55676755e+05 3.65120019e+00
3.55724509e+05 3.65043941e+00
3.55820017e+05 3.64891855e+00
3.55926611e+05 3.64722196e+00
3.56033206e+05 3.64552589e+00
3.56204407e+05 3.64280273e+00
3.56375608e+05 3.64008028e+00
3.56568493e+05 3.63701355e+00
3.56899907e+05 3.63453592e+00
3.57377076e+05 3.63096969e+00
3.58056794e+05 3.62589069e+00
3.59199924e+05 3.61735007e+00
3.61492414e+05 3.60022356e+00
3.67729388e+05 3.55363056e+00
3.81656600e+05 3.44958943e+00
3.90703390e+05 3.39157715e+00
3.95943331e+05 3.35797635e+00
3.97638055e+05 3.34710955e+00
3.98202962e+05 3.34348772e+00
3.98523068e+05 3.34143594e+00
3.98742031e+05 3.34003309e+00
3.98895453e+05 3.33905087e+00
3.98987506e+05 3.33846215e+00
3.99068212e+05 3.33794674e+00
3.99122016e+05 3.33760372e+00
3.99162369e+05 3.33734698e+00
3.99202722e+05 3.33709091e+00
3.99237588e+05 3.33687044e+00
3.99260831e+05 3.33672402e+00
3.99284074e+05 3.33657826e+00
3.99307318e+05 3.33643338e+00
3.99324751e+05 3.33632554e+00
3.99336372e+05 3.33625419e+00
3.99347994e+05 3.33618347e+00
3.99356710e+05 3.33613102e+00
3.99365427e+05 3.33607935e+00
3.99371238e+05 3.33604552e+00
3.99377048e+05 3.33601241e+00
3.99382859e+05 3.33598030e+00
3.99387218e+05 3.33595710e+00
3.99391350e+05 3.33593603e+00
3.99395369e+05 3.33591664e+00
3.99399388e+05 3.33589865e+00
3.99402067e+05 3.33588761e+00
3.99404747e+05 3.33587748e+00
3.99407426e+05 3.33586842e+00
3.99410105e+05 3.33586061e+00
3.99412785e+05 3.33585424e+00
3.99415464e+05 3.33584957e+00
3.99417025e+05 3.33584783e+00
3.99417474e+05 3.33587703e+00
3.99419483e+05 3.33600904e+00
3.99421493e+05 3.33614242e+00
3.99423502e+05 3.33627733e+00
3.99425512e+05 3.33641394e+00
3.99427521e+05 3.33655243e+00
3.99429531e+05 3.33669303e+00
3.99431540e+05 3.33683594e+00
3.99433249e+05 3.33695951e+00
3.99434959e+05 3.33708510e+00
3.99436668e+05 3.33721289e+00
3.99438377e+05 3.33734308e+00
3.99440086e+05 3.33747587e+00
3.99441795e+05 3.33761147e+00
3.99443504e+05 3.33775014e+00
3.99445213e+05 3.33789210e+00
3.99446922e+05 3.33803764e+00
3.99448631e+05 3.33818703e+00
3.99450528e+05 3.33835768e+00
3.99452042e+05 3.33849793e+00
3.99453556e+05 3.33864194e+00
3.99455070e+05 3.33878999e+00
3.99456585e+05 3.33894233e+00
3.99458099e+05 3.33909924e+00
3.99459613e+05 3.33926099e+00
3.99461128e+05 3.33942789e+00
3.99463159e+05 3.33966043e+00
3.99465071e+05 3.33988892e+00
3.99466982e+05 3.34012750e+00
3.99468893e+05 3.34037693e+00
3.99470805e+05 3.34063796e+00
3.99472673e+05 3.34090513e+00
3.99474457e+05 3.34117185e+00
3.99476240e+05 3.34145078e+00
3.99478023e+05 3.34174261e+00
3.99479807e+05 3.34204812e+00
3.99481590e+05 3.34236804e+00
3.99483285e+05 3.34268615e+00
3.99484980e+05 3.34301870e+00
3.99487239e+05 3.34348573e+00
3.99489499e+05 3.34398133e+00
3.99491774e+05 3.34451083e+00
3.99494063e+05 3.34507660e+00
3.99496353e+05 3.34567707e+00
3.99497255e+05 3.34592803e+00
3.99498643e+05 3.34682439e+00
3.99501070e+05 3.34843436e+00
3.99503636e+05 3.35018485e+00
3.99506201e+05 3.35198810e+00
3.99508767e+05 3.35384636e+00
3.99511261e+05 3.35570819e+00
3.99513686e+05 3.35757085e+00
3.99516110e+05 3.35948766e+00
3.99518534e+05 3.36145990e+00
3.99521132e+05 3.36363590e+00
3.99523903e+05 3.36602966e+00
3.99526673e+05 3.36849893e+00
3.99529444e+05 3.37104384e+00
3.99532399e+05 3.37383961e+00
3.99535535e+05 3.37690058e+00
3.99538672e+05 3.38005366e+00
3.99539238e+05 3.38064132e+00
3.99543378e+05 3.38604108e+00
3.99548393e+05 3.39277847e+00
3.99553407e+05 3.39968909e+00
3.99561488e+05 3.41108655e+00
3.99575700e+05 3.43131267e+00
3.99582017e+05 3.44006707e+00
3.99586893e+05 3.44660002e+00
3.99591769e+05 3.45286706e+00
3.99596644e+05 3.45880761e+00
3.99601520e+05 3.46436586e+00
3.99602211e+05 3.46509227e+00
3.99606396e+05 3.46777306e+00
3.99611272e+05 3.47042505e+00
3.99616148e+05 3.47257603e+00
3.99621024e+05 3.47420766e+00
3.99623202e+05 3.47469365e+00
3.99626243e+05 3.47350022e+00
3.99631463e+05 3.47085793e+00
3.99636683e+05 3.46764580e+00
3.99641903e+05 3.46390280e+00
3.99647122e+05 3.45968080e+00
3.99652342e+05 3.45504272e+00
3.99657562e+05 3.45005958e+00
3.99663936e+05 3.44360468e+00
3.99664522e+05 3.44285536e+00
3.99674961e+05 3.42902180e+00
3.99685236e+05 3.41534533e+00
3.99691638e+05 3.40701346e+00
3.99696756e+05 3.40053320e+00
3.99701233e+05 3.39502926e+00
3.99705710e+05 3.38969792e+00
3.99708812e+05 3.38611186e+00
3.99711914e+05 3.38261793e+00
3.99715016e+05 3.37921795e+00
3.99718118e+05 3.37591272e+00
3.99720470e+05 3.37347032e+00
3.99722821e+05 3.37108192e+00
3.99725172e+05 3.36874687e+00
3.99727524e+05 3.36646428e+00
3.99729903e+05 3.36420691e+00
3.99731824e+05 3.36242584e+00
3.99732283e+05 3.36219503e+00
3.99734662e+05 3.36104658e+00
3.99737041e+05 3.35994630e+00
3.99739512e+05 3.35885281e+00
3.99741983e+05 3.35780731e+00
3.99744454e+05 3.35680764e+00
3.99746925e+05 3.35585158e+00
3.99749091e+05 3.35504753e+00
3.99751257e+05 3.35427378e+00
3.99753423e+05 3.35352872e+00
3.99755589e+05 3.35281090e+00
3.99757313e+05 3.35225779e+00
3.99759038e+05 3.35172023e+00
3.99760763e+05 3.35119751e+00
3.99762487e+05 3.35068888e+00
3.99764212e+05 3.35019361e+00
3.99765968e+05 3.34970239e+00
3.99767740e+05 3.34921940e+00
3.99769511e+05 3.34874838e+00
3.99771283e+05 3.34828863e+00
3.99773055e+05 3.34783956e+00
3.99774841e+05 3.34739694e+00
3.99776656e+05 3.34695694e+00
3.99778471e+05 3.34652613e+00
3.99780286e+05 3.34610397e+00
3.99782101e+05 3.34568984e+00
3.99783916e+05 3.34528321e+00
3.99785609e+05 3.34491005e+00
3.99787303e+05 3.34454256e+00
3.99788997e+05 3.34418036e+00
3.99790690e+05 3.34382313e+00
3.99792384e+05 3.34347046e+00
3.99794078e+05 3.34312207e+00
3.99795771e+05 3.34277765e+00
3.99797465e+05 3.34243692e+00
3.99799033e+05 3.34212449e+00
3.99800601e+05 3.34181480e+00
3.99802169e+05 3.34150764e+00
3.99803737e+05 3.34120283e+00
3.99805305e+05 3.34090021e+00
3.99806873e+05 3.34059961e+00
3.99808441e+05 3.34030088e+00
3.99810009e+05 3.34000389e+00
3.99811577e+05 3.33970849e+00
3.99813145e+05 3.33941459e+00
3.99813291e+05 3.33938738e+00
3.99815497e+05 3.33935257e+00
3.99817849e+05 3.33931819e+00
3.99820201e+05 3.33928623e+00
3.99822553e+05 3.33925640e+00
3.99824982e+05 3.33922757e+00
3.99827412e+05 3.33920049e+00
3.99829841e+05 3.33917496e+00
3.99832271e+05 3.33915076e+00
3.99834700e+05 3.33912774e+00
3.99837129e+05 3.33910574e+00
3.99839559e+05 3.33908463e+00
3.99843203e+05 3.33905438e+00
3.99846847e+05 3.33902552e+00
3.99850491e+05 3.33899781e+00
3.99854135e+05 3.33897100e+00
3.99858994e+05 3.33893638e+00
3.99863852e+05 3.33890275e+00
3.99871140e+05 3.33885363e+00
3.99878429e+05 3.33880562e+00
3.99885717e+05 3.33875837e+00
3.99895434e+05 3.33869617e+00
3.99907235e+05 3.33862144e+00
3.99921120e+05 3.33853430e+00
3.99941948e+05 3.33840465e+00
3.99962775e+05 3.33827592e+00
3.99983603e+05 3.33814785e+00
4.00011373e+05 3.33797785e+00
4.00039143e+05 3.33780849e+00
4.00080798e+05 3.33755528e+00
4.00122453e+05 3.33730274e+00
4.00180618e+05 3.33695087e+00
4.00238784e+05 3.33659960e+00
4.00355115e+05 3.33589815e+00
4.00520623e+05 3.33490137e+00
4.00715024e+05 3.33373142e+00
4.01132721e+05 3.33121887e+00
4.01971437e+05 3.32617525e+00
4.04684622e+05 3.30986131e+00
4.11689935e+05 3.26774064e+00
4.32142991e+05 3.16497177e+00
4.39141121e+05 3.12980905e+00
4.56086773e+05 3.05766983e+00
4.71453018e+05 2.99225508e+00
4.71760651e+05 2.99094549e+00
4.84089248e+05 2.94781154e+00
4.93840835e+05 2.91369448e+00
5.00751402e+05 2.88951773e+00
5.03143237e+05 2.88115012e+00
5.06310969e+05 2.87213312e+00
5.10216647e+05 2.86101616e+00
5.10846254e+05 2.86023222e+00
5.14366016e+05 2.85585042e+00
5.17143334e+05 2.85239368e+00
5.19141689e+05 2.84990717e+00
5.20862312e+05 2.85365996e+00
5.22194275e+05 2.85656584e+00
5.23193247e+05 2.85874594e+00
5.24170923e+05 2.86088042e+00
5.24634805e+05 2.86189370e+00
5.24944547e+05 2.86443387e+00
5.25589232e+05 2.86972175e+00
5.26188040e+05 2.87463433e+00
5.26587246e+05 2.87791010e+00
5.26786848e+05 2.87954836e+00
5.26936550e+05 2.88252021e+00
5.27340628e+05 2.89054280e+00
5.27649775e+05 2.89668154e+00
5.27958923e+05 2.90282126e+00
5.28190784e+05 2.90742686e+00
5.28422645e+05 2.91639697e+00
5.28654444e+05 2.92536579e+00
5.28886244e+05 2.93433592e+00
5.29002144e+05 2.93882171e+00
5.29060093e+05 2.94270361e+00
5.29233943e+05 2.95435051e+00
5.29394604e+05 2.96511513e+00
5.29555265e+05 2.97588116e+00
5.29623740e+05 2.98047037e+00
5.29692214e+05 2.98781313e+00
5.29829163e+05 3.00250016e+00
5.29948993e+05 3.01535282e+00
5.30034586e+05 3.02453448e+00
5.30068823e+05 3.02987099e+00
5.30184373e+05 3.04788364e+00
5.30299924e+05 3.06589853e+00
5.30308483e+05 3.06723315e+00
5.30405845e+05 3.08851590e+00
5.30476459e+05 3.10395323e+00
5.30582380e+05 3.12711179e+00
5.30648159e+05 3.14693306e+00
5.30713937e+05 3.16675605e+00
5.30778217e+05 3.18612945e+00
5.30779715e+05 3.18673718e+00
5.30845493e+05 3.21342538e+00
5.30906392e+05 3.23813630e+00
5.30967292e+05 3.26284960e+00
5.30974054e+05 3.26559383e+00
5.31028191e+05 3.29479100e+00
5.31089091e+05 3.32763794e+00
5.31109290e+05 3.33853420e+00
5.31153414e+05 3.36911824e+00
5.31201656e+05 3.40256040e+00
5.31244527e+05 3.43228200e+00
5.31249898e+05 3.43717361e+00
5.31298141e+05 3.48111265e+00
5.31346383e+05 3.52505546e+00
5.31388698e+05 3.56360336e+00
5.31396270e+05 3.57241293e+00
5.31446157e+05 3.63045784e+00
5.31475200e+05 3.66425350e+00
5.31496045e+05 3.69335594e+00
5.31539609e+05 3.75418548e+00
5.31545932e+05 3.76462296e+00
5.31579190e+05 3.81952672e+00
5.31604018e+05 3.86051579e+00
5.31612448e+05 3.87693336e+00
5.31657361e+05 3.96440038e+00
5.31668426e+05 3.98595285e+00
5.31687302e+05 4.02966055e+00
5.31717244e+05 4.09899584e+00
5.31732835e+05 4.13510356e+00
5.31747185e+05 4.17482273e+00
5.31777127e+05 4.25770267e+00
5.31792311e+05 4.29973854e+00
5.31807068e+05 4.34761715e+00
5.31836919e+05 4.44447557e+00
5.31837010e+05 4.44481682e+00
5.31864570e+05 4.54829011e+00
5.31881526e+05 4.61195539e+00
5.31889749e+05 4.64776777e+00
5.31914928e+05 4.75743411e+00
5.31926133e+05 4.80624244e+00
5.31940107e+05 4.87711628e+00
5.31965286e+05 5.00483334e+00
5.31970740e+05 5.03250238e+00
5.31990465e+05 5.14656308e+00
5.32001939e+05 5.21291970e+00
5.32015644e+05 5.30170076e+00
5.32033138e+05 5.41503568e+00
5.32040823e+05 5.47121182e+00
5.32063131e+05 5.63428428e+00
5.32064336e+05 5.64309824e+00
5.32092285e+05 5.87430846e+00
5.32095535e+05 5.90119531e+00
5.32111721e+05 6.05296783e+00
5.32126733e+05 6.19373972e+00
5.32131157e+05 6.24085380e+00
5.32150594e+05 6.44785830e+00
5.32157932e+05 6.52602025e+00
5.32170030e+05 6.67259102e+00
5.32189131e+05 6.90401751e+00
5.32189466e+05 6.90864725e+00
5.32208903e+05 7.17671674e+00
5.32220329e+05 7.33433020e+00
5.32231907e+05 7.51365575e+00
5.32244833e+05 7.71386628e+00
5.32254912e+05 7.88685701e+00
5.32269337e+05 8.13444667e+00
5.32277917e+05 8.29754360e+00
5.32293840e+05 8.60024090e+00
5.32300922e+05 8.74900223e+00
5.32318344e+05 9.11502665e+00
5.32323926e+05 9.24414491e+00
5.32342848e+05 9.68180127e+00
5.32348239e+05 9.81830542e+00
5.32367351e+05 1.03022552e+01
5.32373205e+05 1.04632236e+01
5.32391855e+05 1.09760843e+01
5.32398171e+05 1.11625973e+01
5.32416358e+05 1.16996582e+01
5.32423138e+05 1.19137267e+01
5.32454365e+05 1.28998393e+01
5.32456426e+05 1.29674601e+01
5.32517708e+05 1.49777588e+01
5.32527197e+05 1.52724425e+01
5.32543045e+05 1.57645743e+01
5.32552176e+05 1.60205317e+01
5.32568382e+05 1.64747534e+01
5.32577156e+05 1.66866781e+01
5.32587385e+05 1.69337371e+01
5.32595890e+05 1.71029584e+01
5.32606388e+05 1.73117897e+01
5.32614625e+05 1.74353022e+01
5.32624725e+05 1.75867104e+01
5.32633360e+05 1.76716236e+01
5.32641729e+05 1.77538850e+01
5.32652094e+05 1.78008337e+01
5.32658733e+05 1.78308735e+01
5.32664401e+05 1.78359351e+01
5.32664584e+05 1.78354758e+01
5.32678380e+05 1.78007806e+01
5.32679868e+05 1.77970287e+01
5.32695336e+05 1.76821637e+01
5.32699073e+05 1.76327487e+01
5.32718537e+05 1.73752719e+01
5.32719766e+05 1.73513693e+01
5.32740459e+05 1.69489041e+01
5.32741737e+05 1.69240348e+01
5.32761152e+05 1.64463805e+01
5.32764938e+05 1.63532215e+01
5.32774948e+05 1.60678255e+01
5.32788139e+05 1.56916610e+01
5.32802539e+05 1.52395784e+01
5.32819074e+05 1.47204027e+01
5.32857720e+05 1.34574382e+01
5.32896410e+05 1.21930823e+01
5.32900243e+05 1.20756213e+01
5.32923593e+05 1.13600328e+01
5.32930105e+05 1.11731992e+01
5.32947024e+05 1.06878534e+01
5.32952502e+05 1.05418419e+01
5.32970455e+05 1.00633841e+01
5.32974899e+05 9.95429535e+00
5.32993886e+05 9.48826177e+00
5.32997296e+05 9.41165757e+00
5.33017317e+05 8.96192891e+00
5.33020198e+05 8.90295239e+00
5.33040748e+05 8.48237966e+00
5.33043354e+05 8.43392659e+00
5.33064179e+05 8.04669593e+00
5.33066509e+05 8.00740157e+00
5.33087610e+05 7.65152501e+00
5.33089664e+05 7.62036327e+00
5.33112819e+05 7.26910297e+00
5.33114622e+05 7.24175874e+00
5.33137484e+05 6.93461442e+00
5.33145215e+05 6.83076372e+00
5.33155940e+05 6.70398139e+00
5.33174396e+05 6.48583156e+00
5.33175808e+05 6.46914876e+00
5.33192852e+05 6.29147892e+00
5.33206400e+05 6.15026516e+00
5.33220536e+05 6.02015522e+00
5.33236993e+05 5.86869178e+00
5.33248220e+05 5.77727375e+00
5.33267586e+05 5.61959549e+00
5.33275904e+05 5.55946817e+00
5.33297998e+05 5.39977486e+00
5.33298179e+05 5.39846524e+00
5.33320091e+05 5.25732086e+00
5.33328772e+05 5.20141286e+00
5.33342185e+05 5.12604734e+00
5.33364279e+05 5.00192018e+00
5.33373005e+05 4.95289733e+00
5.33397419e+05 4.83584388e+00
5.33416411e+05 4.74479805e+00
5.33430560e+05 4.68630125e+00
5.33452653e+05 4.59496629e+00
5.33459816e+05 4.56535619e+00
5.33480300e+05 4.49168502e+00
5.33503222e+05 4.40924964e+00
5.33507946e+05 4.39445318e+00
5.33535593e+05 4.30787193e+00
5.33546628e+05 4.27331659e+00
5.33563239e+05 4.22816010e+00
5.33590886e+05 4.15301305e+00
5.33594128e+05 4.14420215e+00
5.33632356e+05 4.05533210e+00
5.33649816e+05 4.01474437e+00
5.33673825e+05 3.96784654e+00
5.33707410e+05 3.90225026e+00
5.33724068e+05 3.86971620e+00
5.33740994e+05 3.84237939e+00
5.33774579e+05 3.78814276e+00
5.33798320e+05 3.74980513e+00
5.33808163e+05 3.73656094e+00
5.33858540e+05 3.66878474e+00
5.33872572e+05 3.64990869e+00
5.33908917e+05 3.60978952e+00
5.33957426e+05 3.55624888e+00
5.33961246e+05 3.55203268e+00
5.34002199e+05 3.51651970e+00
5.34046973e+05 3.47769745e+00
5.34091746e+05 3.43887844e+00
5.34094258e+05 3.43670078e+00
5.34151444e+05 3.39867610e+00
5.34210062e+05 3.35970310e+00
5.34227269e+05 3.34826385e+00
5.34267601e+05 3.32803781e+00
5.34325140e+05 3.29918567e+00
5.34382679e+05 3.27033621e+00
5.34392720e+05 3.26530238e+00
5.34446554e+05 3.24477342e+00
5.34516762e+05 3.21800262e+00
5.34558171e+05 3.20221496e+00
5.34586971e+05 3.19423083e+00
5.34657180e+05 3.17476943e+00
5.34725306e+05 3.15588753e+00
5.34786704e+05 3.13887166e+00
5.34824368e+05 3.13156921e+00
5.34923431e+05 3.11236532e+00
5.35013827e+05 3.09484358e+00
5.35060602e+05 3.08577780e+00
5.35071203e+05 3.08445048e+00
5.35185954e+05 3.07008499e+00
5.35300954e+05 3.05569048e+00
5.35415954e+05 3.04129768e+00
5.35471448e+05 3.03435301e+00
5.35492621e+05 3.03280913e+00
5.35618983e+05 3.02359660e+00
5.35745345e+05 3.01438542e+00
5.35902946e+05 3.00289864e+00
5.36001230e+05 2.99573611e+00
5.36060548e+05 2.99349998e+00
5.36261049e+05 2.98594328e+00
5.36461551e+05 2.97838812e+00
5.36684300e+05 2.96999614e+00
5.36695499e+05 2.96987820e+00
5.36929448e+05 2.96741595e+00
5.37173235e+05 2.96485133e+00
5.37417021e+05 2.96228767e+00
5.37719368e+05 2.95910928e+00
5.38046231e+05 2.95567422e+00
5.38209663e+05 2.95395719e+00
5.38504039e+05 2.95618093e+00
5.38863390e+05 2.95889642e+00
5.39299208e+05 2.96219060e+00
5.39952935e+05 2.96713315e+00
5.40170844e+05 2.96878107e+00
5.40606662e+05 2.97624083e+00
5.41369344e+05 2.98929666e+00
5.42132025e+05 3.00235335e+00
5.42995785e+05 3.02557038e+00
5.43875298e+05 3.04921181e+00
5.44093207e+05 3.05506947e+00
5.44746934e+05 3.07964116e+00
5.45540839e+05 3.10948259e+00
5.45836479e+05 3.12059547e+00
5.46490206e+05 3.15327456e+00
5.47361842e+05 3.19684783e+00
5.48233478e+05 3.25255794e+00
5.48669296e+05 3.28041371e+00
5.49105114e+05 3.31486335e+00
5.49758841e+05 3.36653907e+00
5.49976750e+05 3.38775212e+00
5.50630477e+05 3.45139248e+00
5.50848386e+05 3.47260639e+00
5.51284204e+05 3.52454468e+00
5.51937931e+05 3.60245346e+00
5.52591659e+05 3.69724693e+00
5.52809568e+05 3.72884539e+00
5.53245386e+05 3.80417964e+00
5.53651108e+05 3.87431306e+00
5.53899113e+05 3.92466580e+00
5.54334931e+05 4.01315231e+00
5.54552840e+05 4.06431948e+00
5.54988658e+05 4.16665545e+00
5.55424476e+05 4.28497568e+00
5.55642385e+05 4.34413660e+00
5.55860294e+05 4.41273813e+00
5.56296112e+05 4.54994293e+00
5.56731930e+05 4.70948154e+00
5.56949839e+05 4.78925194e+00
5.57167748e+05 4.88205843e+00
5.57603566e+05 5.06767393e+00
5.58039384e+05 5.27854802e+00
5.58475202e+05 5.51280904e+00
5.58911020e+05 5.77250678e+00
5.59343668e+05 6.05794963e+00
5.59779486e+05 6.37574954e+00
5.60218474e+05 6.72901519e+00
5.60654292e+05 7.11431951e+00
5.61090110e+05 7.53569231e+00
5.61634883e+05 8.11376342e+00
5.62179656e+05 8.74029104e+00
5.63058101e+05 9.82131628e+00
5.63705019e+05 1.06174197e+01
5.63922928e+05 1.08855793e+01
5.64358746e+05 1.13766709e+01
5.64699632e+05 1.17104315e+01
5.64822609e+05 1.18308355e+01
5.64991543e+05 1.19661206e+01
5.65160477e+05 1.21014017e+01
5.65295973e+05 1.21833197e+01
5.65539747e+05 1.23306939e+01
5.65668702e+05 1.23813996e+01
5.65843956e+05 1.24503050e+01
5.65916436e+05 1.24614692e+01
5.66240973e+05 1.25114498e+01
5.66283918e+05 1.25180623e+01
5.66565510e+05 1.24913817e+01
5.66574309e+05 1.24905478e+01
5.66864700e+05 1.24102526e+01
5.67191563e+05 1.22596701e+01
5.67518427e+05 1.20550194e+01
5.67954245e+05 1.17080901e+01
5.68390063e+05 1.12965482e+01
5.68580055e+05 1.10946372e+01
5.69910000e+05 9.68125204e+00
5.70351244e+05 9.21232869e+00
5.70569153e+05 8.99427136e+00
5.71004971e+05 8.55816151e+00
5.71440789e+05 8.16016028e+00
5.71658698e+05 7.96116181e+00
5.71876607e+05 7.78270794e+00
5.72312425e+05 7.42580429e+00
5.72748243e+05 7.10843060e+00
5.72966152e+05 6.94974563e+00
5.73184061e+05 6.80982146e+00
5.73619879e+05 6.52997670e+00
5.74055697e+05 6.28370311e+00
5.74273606e+05 6.16056775e+00
5.74491515e+05 6.05223522e+00
5.74927333e+05 5.83557289e+00
5.75363152e+05 5.64468334e+00
5.75581061e+05 5.54923968e+00
5.75818805e+05 5.45733257e+00
5.76234788e+05 5.29652394e+00
5.76670606e+05 5.14724888e+00
5.76888515e+05 5.07261213e+00
5.77106424e+05 5.00630354e+00
5.77542242e+05 4.87368814e+00
5.77760151e+05 4.81556542e+00
5.78226522e+05 4.69117250e+00
5.78429154e+05 4.63712592e+00
5.78849696e+05 4.53976249e+00
5.79285514e+05 4.43886388e+00
5.79503423e+05 4.39490985e+00
5.80091574e+05 4.27627682e+00
5.80243908e+05 4.24555086e+00
5.80592968e+05 4.18410841e+00
5.81246695e+05 4.06903979e+00
5.81806188e+05 3.98341436e+00
5.82336240e+05 3.90229654e+00
5.82554149e+05 3.86894914e+00
5.82772058e+05 3.84007526e+00
5.83047646e+05 3.80355980e+00
5.83323233e+05 3.76704536e+00
5.83643694e+05 3.72458684e+00
5.83862660e+05 3.69557698e+00
5.84081626e+05 3.66656852e+00
5.84124785e+05 3.66085115e+00
5.84284439e+05 3.64283723e+00
5.84487253e+05 3.61995557e+00
5.84644295e+05 3.60223968e+00
5.84801336e+05 3.58452573e+00
5.84932588e+05 3.56972277e+00
5.85063840e+05 3.55492201e+00
5.85178728e+05 3.54196866e+00
5.85203769e+05 3.53914587e+00
5.85255321e+05 3.53516776e+00
5.85370210e+05 3.52630473e+00
5.85436321e+05 3.52120626e+00
5.85502433e+05 3.51610939e+00
5.85568545e+05 3.51101433e+00
5.85634657e+05 3.50592136e+00
5.85696753e+05 3.50114001e+00
5.85709154e+05 3.50018570e+00
5.85758850e+05 3.49898757e+00
5.85820946e+05 3.49749351e+00
5.85883042e+05 3.49600299e+00
5.85908108e+05 3.49540293e+00
5.85932463e+05 3.49660795e+00
5.85981884e+05 3.49905646e+00
5.86031305e+05 3.50150885e+00
5.86080726e+05 3.50396576e+00
5.86100843e+05 3.50496764e+00
5.86113674e+05 3.50723821e+00
5.86146621e+05 3.51307175e+00
5.86177364e+05 3.51851794e+00
5.86208108e+05 3.52396721e+00
5.86238851e+05 3.52941994e+00
5.86269595e+05 3.53487661e+00
5.86293579e+05 3.53913725e+00
5.86300338e+05 3.54156050e+00
5.86331081e+05 3.55258880e+00
5.86361825e+05 3.56362305e+00
5.86384974e+05 3.57193680e+00
5.86392568e+05 3.57633162e+00
5.86414732e+05 3.58916255e+00
5.86436895e+05 3.60199825e+00
5.86459059e+05 3.61483932e+00
5.86476368e+05 3.62487219e+00
5.86481223e+05 3.62903450e+00
5.86503387e+05 3.64804280e+00
5.86525550e+05 3.66705877e+00
5.86537297e+05 3.67714227e+00
5.86547714e+05 3.68970927e+00
5.86569877e+05 3.71645855e+00
5.86586446e+05 3.73646348e+00
5.86599470e+05 3.75219351e+00
5.86603015e+05 3.75802789e+00
5.86619584e+05 3.78530246e+00
5.86636154e+05 3.81258631e+00
5.86646100e+05 3.82897096e+00
5.86652723e+05 3.84345485e+00
5.86669292e+05 3.87970263e+00
5.86685861e+05 3.91596381e+00
5.86692730e+05 3.93100271e+00
5.86702430e+05 3.95827352e+00
5.86720019e+05 4.00774264e+00
5.86723816e+05 4.01842715e+00
5.86737608e+05 4.06662541e+00
5.86749334e+05 4.10761852e+00
5.86754902e+05 4.12709209e+00
5.86761060e+05 4.15407309e+00
5.86772786e+05 4.20546870e+00
5.86784512e+05 4.25688043e+00
5.86785989e+05 4.26335805e+00
5.86796238e+05 4.31849115e+00
5.86808876e+05 4.38650116e+00
5.86811044e+05 4.40049493e+00
5.86820915e+05 4.46422865e+00
5.86830786e+05 4.52797968e+00
5.86831764e+05 4.53429616e+00
5.86840657e+05 4.60363368e+00
5.86850528e+05 4.68061500e+00
5.86854651e+05 4.71278297e+00
5.86860399e+05 4.76583750e+00
5.86870269e+05 4.85698006e+00
5.86871817e+05 4.87127143e+00
5.86879147e+05 4.94972500e+00
5.86888982e+05 5.05502569e+00
5.86890973e+05 5.07974248e+00
5.86902799e+05 5.22663919e+00
5.86906148e+05 5.26825730e+00
5.86914624e+05 5.39031690e+00
5.86923313e+05 5.51547810e+00
5.86926450e+05 5.56769762e+00
5.86938276e+05 5.76461338e+00
5.86940479e+05 5.80130267e+00
5.86946866e+05 5.92359598e+00
5.86955456e+05 6.08810132e+00
5.86957644e+05 6.13003103e+00
5.86968340e+05 6.35870093e+00
5.86969088e+05 6.37469144e+00
5.86981225e+05 6.65936094e+00
5.86983457e+05 6.71172364e+00
5.86994110e+05 6.98592811e+00
5.86997825e+05 7.08159883e+00
5.87006994e+05 7.34148184e+00
5.87019378e+05 7.69257933e+00
5.87021020e+05 7.74335712e+00
5.87039720e+05 8.32201207e+00
5.87048115e+05 8.58182312e+00
5.87072446e+05 9.34448906e+00
5.87076853e+05 9.48261009e+00
5.87086940e+05 9.77445290e+00
5.87094039e+05 9.97979813e+00
5.87102371e+05 1.01913480e+01
5.87109043e+05 1.03606856e+01
5.87112658e+05 1.04357010e+01
5.87122946e+05 1.06490359e+01
5.87124046e+05 1.06718443e+01
5.87133233e+05 1.08092805e+01
5.87139050e+05 1.08962061e+01
5.87143520e+05 1.09385750e+01
5.87149052e+05 1.09909024e+01
5.87153808e+05 1.10135976e+01
5.87159054e+05 1.10385415e+01
5.87164055e+05 1.10442767e+01
5.87164095e+05 1.10441408e+01
5.87176038e+05 1.10034247e+01
5.87177850e+05 1.09972127e+01
5.87187980e+05 1.08968272e+01
5.87191644e+05 1.08604598e+01
5.87199923e+05 1.07287319e+01
5.87205438e+05 1.06408919e+01
5.87211866e+05 1.05049767e+01
5.87219232e+05 1.03490914e+01
5.87223808e+05 1.02327655e+01
5.87233027e+05 9.99830288e+00
5.87235751e+05 9.92031087e+00
5.87246821e+05 9.60323933e+00
5.87251674e+05 9.45138894e+00
5.87274410e+05 8.73983260e+00
5.87301998e+05 7.86652898e+00
5.87302882e+05 7.84015254e+00
5.87318081e+05 7.38668421e+00
5.87319520e+05 7.34377844e+00
5.87329481e+05 7.06890522e+00
5.87336171e+05 6.88434751e+00
5.87340880e+05 6.76632896e+00
5.87352280e+05 6.48075362e+00
5.87352821e+05 6.46719165e+00
5.87364254e+05 6.21109795e+00
5.87369472e+05 6.09425784e+00
5.87376228e+05 5.96047226e+00
5.87386123e+05 5.76462576e+00
5.87388203e+05 5.72850313e+00
5.87400177e+05 5.52065283e+00
5.87402773e+05 5.47560443e+00
5.87412152e+05 5.33357224e+00
5.87419424e+05 5.22346620e+00
5.87420573e+05 5.20832597e+00
5.87429432e+05 5.09158765e+00
5.87436074e+05 5.00408341e+00
5.87438291e+05 4.97863721e+00
5.87447151e+05 4.87696973e+00
5.87452396e+05 4.81679163e+00
5.87456010e+05 4.78051025e+00
5.87468388e+05 4.65628477e+00
5.87469299e+05 4.64849551e+00
5.87482588e+05 4.53489358e+00
5.87492181e+05 4.45290886e+00
5.87492377e+05 4.45124283e+00
5.87502509e+05 4.37936621e+00
5.87512837e+05 4.30612766e+00
5.87516365e+05 4.28111605e+00
5.87523165e+05 4.24077255e+00
5.87533492e+05 4.17951479e+00
5.87540353e+05 4.13883316e+00
5.87548984e+05 4.09564463e+00
5.87564341e+05 4.01882536e+00
5.87564476e+05 4.01825381e+00
5.87576292e+05 3.96791028e+00
5.87588330e+05 3.91663341e+00
5.87589596e+05 3.91210602e+00
5.87602900e+05 3.86452909e+00
5.87616204e+05 3.81696620e+00
5.87620314e+05 3.80227389e+00
5.87629508e+05 3.77505387e+00
5.87642812e+05 3.73567402e+00
5.87652299e+05 3.70760108e+00
5.87662768e+05 3.68244909e+00
5.87676072e+05 3.65049657e+00
5.87693523e+05 3.60859400e+00
5.87700275e+05 3.59238638e+00
5.87710975e+05 3.57176534e+00
5.87728426e+05 3.53814148e+00
5.87745878e+05 3.50452678e+00
5.87746709e+05 3.50292612e+00
5.87763330e+05 3.47670039e+00
5.87780781e+05 3.44917037e+00
5.87793143e+05 3.42967482e+00
5.87806958e+05 3.41189753e+00
5.87828780e+05 3.38382730e+00
5.87854973e+05 3.35014509e+00
5.87855055e+05 3.35003941e+00
5.87881165e+05 3.32350926e+00
5.87907357e+05 3.29690353e+00
5.87933549e+05 3.27030455e+00
5.87947922e+05 3.25571158e+00
5.87959742e+05 3.24638841e+00
5.87985934e+05 3.22573268e+00
5.88012126e+05 3.20508161e+00
5.88040145e+05 3.18299490e+00
5.88069990e+05 3.15947299e+00
5.88096270e+05 3.13876489e+00
5.88099835e+05 3.13644478e+00
5.88129680e+05 3.11702885e+00
5.88174448e+05 3.08791080e+00
5.88219216e+05 3.05879899e+00
5.88244616e+05 3.04228443e+00
5.88263984e+05 3.03082564e+00
5.88317376e+05 2.99924158e+00
5.88370768e+05 2.96766273e+00
5.88424160e+05 2.93608846e+00
5.88477552e+05 2.90451807e+00
5.88530945e+05 2.87295083e+00
5.88584117e+05 2.84151613e+00
5.88637180e+05 2.81014886e+00
5.88674801e+05 2.78791150e+00
5.88690243e+05 2.77758873e+00
5.88760994e+05 2.73029526e+00
5.88831744e+05 2.68300521e+00
5.88844765e+05 2.67430239e+00
5.88905006e+05 2.62752177e+00
5.88959952e+05 2.58485482e+00
5.88978267e+05 2.57063308e+00
5.89014729e+05 2.54232163e+00
5.89048490e+05 2.51130979e+00
5.89101158e+05 2.46293362e+00
5.89132978e+05 2.43370779e+00
5.89153825e+05 2.41122761e+00
5.89206492e+05 2.35443824e+00
5.89251226e+05 2.30620616e+00
5.89259159e+05 2.29640489e+00
5.89304737e+05 2.24010194e+00
5.89322398e+05 2.21828564e+00
5.89350314e+05 2.17951641e+00
5.89393571e+05 2.11944626e+00
5.89395892e+05 2.11581901e+00
5.89441470e+05 2.04459749e+00
5.89464743e+05 2.00823041e+00
5.89471855e+05 1.99567759e+00
5.89502239e+05 1.94204251e+00
5.89534302e+05 1.88544906e+00
5.89535916e+05 1.88260001e+00
5.89566364e+05 1.82226551e+00
5.89597446e+05 1.76068029e+00
5.89598427e+05 1.75851780e+00
5.89630489e+05 1.68785177e+00
5.89658975e+05 1.62507328e+00
5.89662552e+05 1.61640548e+00
5.89686599e+05 1.55813240e+00
5.89710646e+05 1.49986321e+00
5.89720505e+05 1.47597471e+00
5.89734693e+05 1.43905370e+00
5.89758739e+05 1.37648057e+00
5.89779866e+05 1.32150944e+00
5.89800993e+05 1.26654329e+00
5.89802544e+05 1.26250869e+00
5.89822120e+05 1.21184046e+00
5.89843248e+05 1.15716410e+00
5.89864074e+05 1.10327210e+00
5.89864375e+05 1.10255183e+00
5.89885502e+05 1.05196979e+00
5.89888710e+05 1.04428985e+00
5.89906629e+05 1.00581675e+00
5.89913346e+05 9.91397254e-01
5.89927756e+05 9.64749222e-01
5.89929770e+05 9.61025768e-01
5.89946193e+05 9.35845203e-01
5.89951085e+05 9.30269756e-01
5.89962617e+05 9.17130405e-01
5.89974414e+05 9.08568814e-01
5.89974935e+05 9.08191057e-01
5.89988280e+05 9.04281239e-01
5.89989306e+05 9.04253307e-01
5.89997744e+05 9.06266241e-01
5.90001436e+05 9.07148420e-01
5.90013376e+05 9.16289287e-01
5.90025317e+05 9.32369970e-01
5.90032738e+05 9.46491024e-01
5.90034273e+05 9.49411827e-01
5.90043228e+05 9.71057607e-01
5.90052184e+05 9.97599223e-01
5.90061140e+05 1.02932016e+00
5.90070096e+05 1.06649061e+00
5.90079051e+05 1.10935948e+00
5.90088007e+05 1.15815172e+00
5.90099436e+05 1.22932608e+00
5.90102726e+05 1.25238593e+00
5.90107879e+05 1.28849225e+00
5.90116323e+05 1.35335151e+00
5.90124767e+05 1.42394984e+00
5.90130378e+05 1.47562341e+00
5.90137432e+05 1.54059202e+00
5.90150098e+05 1.66992484e+00
5.90154357e+05 1.71761183e+00
5.90163289e+05 1.81760894e+00
5.90170344e+05 1.90348000e+00
5.90177531e+05 1.99096727e+00
5.90186330e+05 2.10609884e+00
5.90191774e+05 2.17732292e+00
5.90202316e+05 2.32468032e+00
5.90210763e+05 2.44273161e+00
5.90218303e+05 2.55433653e+00
5.90234289e+05 2.79095660e+00
5.90234500e+05 2.79407804e+00
5.90242282e+05 2.91252630e+00
5.90261985e+05 3.21239390e+00
5.90281530e+05 3.50984246e+00
5.90281688e+05 3.51214337e+00
5.90301391e+05 3.80014132e+00
5.90305046e+05 3.85356321e+00
5.90321093e+05 4.07172416e+00
5.90328561e+05 4.17323173e+00
5.90340796e+05 4.32384441e+00
5.90349224e+05 4.42757705e+00
5.90360499e+05 4.55060421e+00
5.90369887e+05 4.65303136e+00
5.90386769e+05 4.81196504e+00
5.90390550e+05 4.84755058e+00
5.90411212e+05 5.01066647e+00
5.90431875e+05 5.14328358e+00
5.90452538e+05 5.24742521e+00
5.90460337e+05 5.27556967e+00
5.90480089e+05 5.34685807e+00
5.90491904e+05 5.37304708e+00
5.90507639e+05 5.40793374e+00
5.90515578e+05 5.41651650e+00
5.90535190e+05 5.43772560e+00
5.90539253e+05 5.43927459e+00
5.90548965e+05 5.44298062e+00
5.90562928e+05 5.43813346e+00
5.90587627e+05 5.42957026e+00
5.90591994e+05 5.42805768e+00
5.90605457e+05 5.41319984e+00
5.90623287e+05 5.39352743e+00
5.90635023e+05 5.38058209e+00
5.90641117e+05 5.37098775e+00
5.90658947e+05 5.34292114e+00
5.90685692e+05 5.30082895e+00
5.90712437e+05 5.25874502e+00
5.90721081e+05 5.24514681e+00
5.90734667e+05 5.22161659e+00
5.90761296e+05 5.17550357e+00
5.90787925e+05 5.12939607e+00
5.90814554e+05 5.08329376e+00
5.90841183e+05 5.03719568e+00
5.90867812e+05 4.99110163e+00
5.90893196e+05 4.94716589e+00
5.90894441e+05 4.94526527e+00
5.90921070e+05 4.90461970e+00
5.90950263e+05 4.86006387e+00
5.90982020e+05 4.81159812e+00
5.91013776e+05 4.76313535e+00
5.91014736e+05 4.76167055e+00
5.91045532e+05 4.72221844e+00
5.91077289e+05 4.68153885e+00
5.91124924e+05 4.62052288e+00
5.91136276e+05 4.60598278e+00
5.91172559e+05 4.56777646e+00
5.91221670e+05 4.51606402e+00
5.91271521e+05 4.46357651e+00
5.91273008e+05 4.46201050e+00
5.91321371e+05 4.42148832e+00
5.91371221e+05 4.37972169e+00
5.91421072e+05 4.33795679e+00
5.91473043e+05 4.29441690e+00
5.91491812e+05 4.28223954e+00
5.91566825e+05 4.23357361e+00
5.91641838e+05 4.18490967e+00
5.91662949e+05 4.17121449e+00
5.91716850e+05 4.14361760e+00
5.91817936e+05 4.09186553e+00
5.91864840e+05 4.06785317e+00
5.91913304e+05 4.04740089e+00
5.92008673e+05 4.00715608e+00
5.92066731e+05 3.98265664e+00
5.92131222e+05 3.96054060e+00
5.92253770e+05 3.91851568e+00
5.92308461e+05 3.89976162e+00
5.92384529e+05 3.87942150e+00
5.92531706e+05 3.84006838e+00
5.92713594e+05 3.79143548e+00
5.92727942e+05 3.78848962e+00
5.92953719e+05 3.74213745e+00
5.93118727e+05 3.70826234e+00
5.93179497e+05 3.69859738e+00
5.93415824e+05 3.66101236e+00
5.93644700e+05 3.62461335e+00
5.93671708e+05 3.62132543e+00
5.93953201e+05 3.58705883e+00
5.94328525e+05 3.54137106e+00
5.94341294e+05 3.53981678e+00
5.94754924e+05 3.50155277e+00
5.95242502e+05 3.45644912e+00
5.95730079e+05 3.42250283e+00
5.96336592e+05 3.38027731e+00
5.96513799e+05 3.36794054e+00
5.96779610e+05 3.35400595e+00
5.97222628e+05 3.33078249e+00
5.97566919e+05 3.31273531e+00
5.97851575e+05 3.29781477e+00
5.98204293e+05 3.27932776e+00
5.98204293e+05 3.27932775e+00
5.98439438e+05 3.26988780e+00
5.98674584e+05 3.26044875e+00
5.98913631e+05 3.25085421e+00
5.99152678e+05 3.24126110e+00
5.99329750e+05 3.23415631e+00
5.99506821e+05 3.22705281e+00
5.99650345e+05 3.22129633e+00
5.99793870e+05 3.21554117e+00
5.99926020e+05 3.21024348e+00
6.00014121e+05 3.20671265e+00
6.00146272e+05 3.20141807e+00
6.00252072e+05 3.19718090e+00
6.00357873e+05 3.19294556e+00
6.00428406e+05 3.19012329e+00
6.00500458e+05 3.18724145e+00
6.00572510e+05 3.18436096e+00
6.00644562e+05 3.18148213e+00
6.00716614e+05 3.17860527e+00
6.00741319e+05 3.17761959e+00
6.00778447e+05 3.17661866e+00
6.00840279e+05 3.17495367e+00
6.00902112e+05 3.17329094e+00
6.00963944e+05 3.17163083e+00
6.01026832e+05 3.16994553e+00
6.01073997e+05 3.16868403e+00
6.01121163e+05 3.16742504e+00
6.01168328e+05 3.16616892e+00
6.01215493e+05 3.16491610e+00
6.01264858e+05 3.16360897e+00
6.01314223e+05 3.16230673e+00
6.01347133e+05 3.16144168e+00
6.01380043e+05 3.16057955e+00
6.01412953e+05 3.15972083e+00
6.01445863e+05 3.15886598e+00
6.01478772e+05 3.15801550e+00
6.01505647e+05 3.15732464e+00
6.01532522e+05 3.15663744e+00
6.01559397e+05 3.15595435e+00
6.01586272e+05 3.15527598e+00
6.01613146e+05 3.15460301e+00
6.01639964e+05 3.15393755e+00
6.01640021e+05 3.15393998e+00
6.01666896e+05 3.15509628e+00
6.01693770e+05 3.15626061e+00
6.01721638e+05 3.15747771e+00
6.01749505e+05 3.15870635e+00
6.01768083e+05 3.15953289e+00
6.01786661e+05 3.16036624e+00
6.01805239e+05 3.16120723e+00
6.01823817e+05 3.16205680e+00
6.01842395e+05 3.16291605e+00
6.01858279e+05 3.16365936e+00
6.01869015e+05 3.16416783e+00
6.01874163e+05 3.16516376e+00
6.01890047e+05 3.16824665e+00
6.01905930e+05 3.17134093e+00
6.01921814e+05 3.17444808e+00
6.01937698e+05 3.17756982e+00
6.01953581e+05 3.18070819e+00
6.01969465e+05 3.18386564e+00
6.01986360e+05 3.18724837e+00
6.01997624e+05 3.18951941e+00
6.02006445e+05 3.19130927e+00
6.02008887e+05 3.19248985e+00
6.02020151e+05 3.19795057e+00
6.02031414e+05 3.20342925e+00
6.02042677e+05 3.20892825e+00
6.02053941e+05 3.21445007e+00
6.02064458e+05 3.21962949e+00
6.02074230e+05 3.22446437e+00
6.02082630e+05 3.22864209e+00
6.02084001e+05 3.22990032e+00
6.02093772e+05 3.23889447e+00
6.02103543e+05 3.24792037e+00
6.02113314e+05 3.25698214e+00
6.02123086e+05 3.26608498e+00
6.02128340e+05 3.27100533e+00
6.02132857e+05 3.27764394e+00
6.02141129e+05 3.28984423e+00
6.02151288e+05 3.30488777e+00
6.02158061e+05 3.31495850e+00
6.02158814e+05 3.31608245e+00
6.02164834e+05 3.32871286e+00
6.02171607e+05 3.34296499e+00
6.02178380e+05 3.35726272e+00
6.02181670e+05 3.36423272e+00
6.02185153e+05 3.37428939e+00
6.02191925e+05 3.39390163e+00
6.02200291e+05 3.41821150e+00
6.02204525e+05 3.43057156e+00
6.02208656e+05 3.44716868e+00
6.02217021e+05 3.48090054e+00
6.02222598e+05 3.50346324e+00
6.02227380e+05 3.52286935e+00
6.02228174e+05 3.52707057e+00
6.02233751e+05 3.55664851e+00
6.02241386e+05 3.59726566e+00
6.02242617e+05 3.60383844e+00
6.02248657e+05 3.64390647e+00
6.02255927e+05 3.69229140e+00
6.02258921e+05 3.71228247e+00
6.02263197e+05 3.74690589e+00
6.02270467e+05 3.80593937e+00
6.02271947e+05 3.81799454e+00
6.02277527e+05 3.87137044e+00
6.02284165e+05 3.93503879e+00
6.02284974e+05 3.94281817e+00
6.02290803e+05 4.00778144e+00
6.02297442e+05 4.08192183e+00
6.02298001e+05 4.08818281e+00
6.02306293e+05 4.19401663e+00
6.02311028e+05 4.25458173e+00
6.02313598e+05 4.29191418e+00
6.02322235e+05 4.41760777e+00
6.02328397e+05 4.50745443e+00
6.02333751e+05 4.59419899e+00
6.02345766e+05 4.78918476e+00
6.02351025e+05 4.87890356e+00
6.02369682e+05 5.19727018e+00
6.02380504e+05 5.38164497e+00
6.02382581e+05 5.41402386e+00
6.02391180e+05 5.54776944e+00
6.02396986e+05 5.63781909e+00
6.02399779e+05 5.67523269e+00
6.02408378e+05 5.78995230e+00
6.02408681e+05 5.79398194e+00
6.02416977e+05 5.88402870e+00
6.02420377e+05 5.92068987e+00
6.02425576e+05 5.96160011e+00
6.02432072e+05 6.01225817e+00
6.02432704e+05 6.01511761e+00
6.02439832e+05 6.04691142e+00
6.02443768e+05 6.06424279e+00
6.02444584e+05 6.06549049e+00
6.02451565e+05 6.07570801e+00
6.02453425e+05 6.07363342e+00
6.02461101e+05 6.06442445e+00
6.02462267e+05 6.05980450e+00
6.02470637e+05 6.02594724e+00
6.02471108e+05 6.02253973e+00
6.02479949e+05 5.95789277e+00
6.02484941e+05 5.92106268e+00
6.02488791e+05 5.88006341e+00
6.02497632e+05 5.78539797e+00
6.02499246e+05 5.76803966e+00
6.02508782e+05 5.64500324e+00
6.02509421e+05 5.63567739e+00
6.02521209e+05 5.46316162e+00
6.02527854e+05 5.36578722e+00
6.02548318e+05 5.04926649e+00
6.02562456e+05 4.83088358e+00
6.02565999e+05 4.77627255e+00
6.02571882e+05 4.69398868e+00
6.02581748e+05 4.55628947e+00
6.02585071e+05 4.51002077e+00
6.02589479e+05 4.45542120e+00
6.02597210e+05 4.35988412e+00
6.02599375e+05 4.33318465e+00
6.02604941e+05 4.27267636e+00
6.02612671e+05 4.18884003e+00
6.02613779e+05 4.17685960e+00
6.02620402e+05 4.11482342e+00
6.02628131e+05 4.04262091e+00
6.02628232e+05 4.04167992e+00
6.02635861e+05 3.98093786e+00
6.02642685e+05 3.92675211e+00
6.02643590e+05 3.92082503e+00
6.02651319e+05 3.87034986e+00
6.02659049e+05 3.82002473e+00
6.02661956e+05 3.80113903e+00
6.02664836e+05 3.78623297e+00
6.02670623e+05 3.75634706e+00
6.02676410e+05 3.72652704e+00
6.02681227e+05 3.70175686e+00
6.02682198e+05 3.69777764e+00
6.02687985e+05 3.67409538e+00
6.02696666e+05 3.63866740e+00
6.02700498e+05 3.62306933e+00
6.02705346e+05 3.60799582e+00
6.02712308e+05 3.58641504e+00
6.02719269e+05 3.56488622e+00
6.02726231e+05 3.54340419e+00
6.02729405e+05 3.53362804e+00
6.02733192e+05 3.52501507e+00
6.02740154e+05 3.50922056e+00
6.02750596e+05 3.48559207e+00
6.02758311e+05 3.46818203e+00
6.02761038e+05 3.46370822e+00
6.02770257e+05 3.44862849e+00
6.02779476e+05 3.43358786e+00
6.02788696e+05 3.41858171e+00
6.02796854e+05 3.40532987e+00
6.02797915e+05 3.40415878e+00
6.02807134e+05 3.39401199e+00
6.02816353e+05 3.38388930e+00
6.02825572e+05 3.37378813e+00
6.02834792e+05 3.36370637e+00
6.02847628e+05 3.34969757e+00
6.02854667e+05 3.34203157e+00
6.02860464e+05 3.33775252e+00
6.02873300e+05 3.32830330e+00
6.02886136e+05 3.31887646e+00
6.02898972e+05 3.30946917e+00
6.02911809e+05 3.30007921e+00
6.02912480e+05 3.29958909e+00
6.02924645e+05 3.29388036e+00
6.02937481e+05 3.28787040e+00
6.02953806e+05 3.28024411e+00
6.02970132e+05 3.27263498e+00
6.02986457e+05 3.26504087e+00
6.03002783e+05 3.25746002e+00
6.03012496e+05 3.25295665e+00
6.03019108e+05 3.25120707e+00
6.03035434e+05 3.24689791e+00
6.03051759e+05 3.24259793e+00
6.03068085e+05 3.23830614e+00
6.03089840e+05 3.23259804e+00
6.03111596e+05 3.22690122e+00
6.03133351e+05 3.22121423e+00
6.03155106e+05 3.21553586e+00
6.03176862e+05 3.20986506e+00
6.03179189e+05 3.20925919e+00
6.03198617e+05 3.20602316e+00
6.03220373e+05 3.20240547e+00
6.03242128e+05 3.19879304e+00
6.03270110e+05 3.19415353e+00
6.03298092e+05 3.18952079e+00
6.03326074e+05 3.18489397e+00
6.03354056e+05 3.18027235e+00
6.03360387e+05 3.17922778e+00
6.03382038e+05 3.17691087e+00
6.03410020e+05 3.17392058e+00
6.03438002e+05 3.17093390e+00
6.03465983e+05 3.16795041e+00
6.03500658e+05 3.16425724e+00
6.03535332e+05 3.16056787e+00
6.03541584e+05 3.15990331e+00
6.03570007e+05 3.15815465e+00
6.03604681e+05 3.15602436e+00
6.03639356e+05 3.15389678e+00
6.03691367e+05 3.15070967e+00
6.03743379e+05 3.14752681e+00
6.03794272e+05 3.14441599e+00
6.03845164e+05 3.14130821e+00
6.03896057e+05 3.13820307e+00
6.03946949e+05 3.13510026e+00
6.04014806e+05 3.13096622e+00
6.04081810e+05 3.12688705e+00
6.04092071e+05 3.12626270e+00
6.04148813e+05 3.12437362e+00
6.04215816e+05 3.12214499e+00
6.04282820e+05 3.11991816e+00
6.04376307e+05 3.11681359e+00
6.04469795e+05 3.11371142e+00
6.04567238e+05 3.11048016e+00
6.04672593e+05 3.10698856e+00
6.04777948e+05 3.10349880e+00
6.04877428e+05 3.10020490e+00
6.04941790e+05 3.09807434e+00
6.05070514e+05 3.09381453e+00
6.05196112e+05 3.08965953e+00
6.05321709e+05 3.08550556e+00
6.05467975e+05 3.08066914e+00
6.05515750e+05 3.07908971e+00
6.05614240e+05 3.07697105e+00
6.05835321e+05 3.07221692e+00
6.06056402e+05 3.06746420e+00
6.06285252e+05 3.06254566e+00
6.06514100e+05 3.05762809e+00
6.06775979e+05 3.05200165e+00
6.07037858e+05 3.04637596e+00
6.07330407e+05 3.04009213e+00
6.07622956e+05 3.03380890e+00
6.08000777e+05 3.02569494e+00
6.08567509e+05 3.01352505e+00
6.09134240e+05 3.00461171e+00
6.09866172e+05 2.99310111e+00
6.10720091e+05 2.97967301e+00
6.11873832e+05 2.96153113e+00
6.13291828e+05 2.93923502e+00
6.15031716e+05 2.91883530e+00
6.17338824e+05 2.89178603e+00
6.19916613e+05 2.86156394e+00
6.23784091e+05 2.82749550e+00
6.28253001e+05 2.78812989e+00
6.34358119e+05 2.74705024e+00
6.39426396e+05 2.71294776e+00
6.41422051e+05 2.70252302e+00
6.49886724e+05 2.65830667e+00
6.55600454e+05 2.62846062e+00
6.60041411e+05 2.61065193e+00
6.66272340e+05 2.58566559e+00
6.78555100e+05 2.53641168e+00
6.89427778e+05 2.49281286e+00
6.90058529e+05 2.49059688e+00
7.00840689e+05 2.45271724e+00
7.08331655e+05 2.42640073e+00
7.11392200e+05 2.41564923e+00
7.12164448e+05 2.41293679e+00
7.12633439e+05 2.41129000e+00
7.12951715e+05 2.41017309e+00
7.13157907e+05 2.40945029e+00
7.13281623e+05 2.40901728e+00
7.13383314e+05 2.40866212e+00
7.13451108e+05 2.40842599e+00
7.13501953e+05 2.40824949e+00
7.13552799e+05 2.40807375e+00
7.13591100e+05 2.40794212e+00
7.13616634e+05 2.40785489e+00
7.13642168e+05 2.40776824e+00
7.13667702e+05 2.40768246e+00
7.13686853e+05 2.40761901e+00
7.13699620e+05 2.40757740e+00
7.13712387e+05 2.40753671e+00
7.13721962e+05 2.40750714e+00
7.13728346e+05 2.40748809e+00
7.13734729e+05 2.40746977e+00
7.13741113e+05 2.40745241e+00
7.13745900e+05 2.40744021e+00
7.13750688e+05 2.40742888e+00
7.13755475e+05 2.40741863e+00
7.13759936e+05 2.40741028e+00
7.13764233e+05 2.40740353e+00
7.13768530e+05 2.40739834e+00
7.13771395e+05 2.40739587e+00
7.13774259e+05 2.40739433e+00
7.13777124e+05 2.40739382e+00
7.13779988e+05 2.40739447e+00
7.13782853e+05 2.40739641e+00
7.13785718e+05 2.40739980e+00
7.13788582e+05 2.40740481e+00
7.13791447e+05 2.40741162e+00
7.13794311e+05 2.40742044e+00
7.13797176e+05 2.40743148e+00
7.13800041e+05 2.40744500e+00
7.13802905e+05 2.40746126e+00
7.13805650e+05 2.40747967e+00
7.13808395e+05 2.40750114e+00
7.13811139e+05 2.40752597e+00
7.13813884e+05 2.40755447e+00
7.13816629e+05 2.40758699e+00
7.13819373e+05 2.40762391e+00
7.13822118e+05 2.40766561e+00
7.13824863e+05 2.40771253e+00
7.13827730e+05 2.40776760e+00
7.13830174e+05 2.40782028e+00
7.13830598e+05 2.40787134e+00
7.13833465e+05 2.40822437e+00
7.13836333e+05 2.40858532e+00
7.13839200e+05 2.40895486e+00
7.13841941e+05 2.40931668e+00
7.13844618e+05 2.40967892e+00
7.13847294e+05 2.41005041e+00
7.13849972e+05 2.41043186e+00
7.13852649e+05 2.41082388e+00
7.13855229e+05 2.41121241e+00
7.13857616e+05 2.41158173e+00
7.13860004e+05 2.41196107e+00
7.13862391e+05 2.41235095e+00
7.13864778e+05 2.41275189e+00
7.13867165e+05 2.41316443e+00
7.13869671e+05 2.41361043e+00
7.13872176e+05 2.41407045e+00
7.13874681e+05 2.41454513e+00
7.13877186e+05 2.41503510e+00
7.13880526e+05 2.41571333e+00
7.13883435e+05 2.41632824e+00
7.13886343e+05 2.41696671e+00
7.13889252e+05 2.41762974e+00
7.13892161e+05 2.41831816e+00
7.13895457e+05 2.41913021e+00
7.13898754e+05 2.41997713e+00
7.13902050e+05 2.42085998e+00
7.13905347e+05 2.42177968e+00
7.13908674e+05 2.42274616e+00
7.13912002e+05 2.42375152e+00
7.13912192e+05 2.42381121e+00
7.13915329e+05 2.42524052e+00
7.13918657e+05 2.42679595e+00
7.13922750e+05 2.42876335e+00
7.13926843e+05 2.43078980e+00
7.13930936e+05 2.43287403e+00
7.13936419e+05 2.43575349e+00
7.13941982e+05 2.43876999e+00
7.13948936e+05 2.44266089e+00
7.13957280e+05 2.44747344e+00
7.13981452e+05 2.46176126e+00
7.13989509e+05 2.46641204e+00
7.13996255e+05 2.47016899e+00
7.14003001e+05 2.47375201e+00
7.14009748e+05 2.47711705e+00
7.14016494e+05 2.48022331e+00
7.14021549e+05 2.48233008e+00
7.14023240e+05 2.48278388e+00
7.14029986e+05 2.48426988e+00
7.14035046e+05 2.48515804e+00
7.14040105e+05 2.48584504e+00
7.14043479e+05 2.48618951e+00
7.14048807e+05 2.48654780e+00
7.14048888e+05 2.48654982e+00
7.14054135e+05 2.48537400e+00
7.14059463e+05 2.48395961e+00
7.14064791e+05 2.48233365e+00
7.14070119e+05 2.48050799e+00
7.14075447e+05 2.47849745e+00
7.14082551e+05 2.47555931e+00
7.14089655e+05 2.47236986e+00
7.14096759e+05 2.46898005e+00
7.14106405e+05 2.46415267e+00
7.14129552e+05 2.45224319e+00
7.14136854e+05 2.44858371e+00
7.14144156e+05 2.44504110e+00
7.14150825e+05 2.44193282e+00
7.14155271e+05 2.43993690e+00
7.14159716e+05 2.43800633e+00
7.14163784e+05 2.43629958e+00
7.14167473e+05 2.43480189e+00
7.14171162e+05 2.43335266e+00
7.14174851e+05 2.43195198e+00
7.14178284e+05 2.43069182e+00
7.14181461e+05 2.42956240e+00
7.14184639e+05 2.42846796e+00
7.14187816e+05 2.42740778e+00
7.14190935e+05 2.42639985e+00
7.14193995e+05 2.42544150e+00
7.14197054e+05 2.42451246e+00
7.14200114e+05 2.42361175e+00
7.14203253e+05 2.42271591e+00
7.14206293e+05 2.42187544e+00
7.14206473e+05 2.42185033e+00
7.14209692e+05 2.42142661e+00
7.14212911e+05 2.42102924e+00
7.14215926e+05 2.42067982e+00
7.14218735e+05 2.42037287e+00
7.14221546e+05 2.42008309e+00
7.14224355e+05 2.41980959e+00
7.14227285e+05 2.41954082e+00
7.14229572e+05 2.41934202e+00
7.14231859e+05 2.41915236e+00
7.14234146e+05 2.41897138e+00
7.14236432e+05 2.41879865e+00
7.14238750e+05 2.41863155e+00
7.14241131e+05 2.41846783e+00
7.14243512e+05 2.41831168e+00
7.14245893e+05 2.41816266e+00
7.14248274e+05 2.41802034e+00
7.14250654e+05 2.41788433e+00
7.14252847e+05 2.41776429e+00
7.14255040e+05 2.41764897e+00
7.14257232e+05 2.41753809e+00
7.14259425e+05 2.41743137e+00
7.14261618e+05 2.41732857e+00
7.14263810e+05 2.41722943e+00
7.14266003e+05 2.41713372e+00
7.14268195e+05 2.41704122e+00
7.14270986e+05 2.41692779e+00
7.14273777e+05 2.41681881e+00
7.14276568e+05 2.41671389e+00
7.14279358e+05 2.41661267e+00
7.14282149e+05 2.41651484e+00
7.14284940e+05 2.41642007e+00
7.14287730e+05 2.41632808e+00
7.14290521e+05 2.41623863e+00
7.14293312e+05 2.41615145e+00
7.14296102e+05 2.41606635e+00
7.14299193e+05 2.41597426e+00
7.14301653e+05 2.41590243e+00
7.14304112e+05 2.41583178e+00
7.14306572e+05 2.41576219e+00
7.14310262e+05 2.41565960e+00
7.14313952e+05 2.41555890e+00
7.14317641e+05 2.41545983e+00
7.14321331e+05 2.41536215e+00
7.14325021e+05 2.41526569e+00
7.14328711e+05 2.41517026e+00
7.14332400e+05 2.41507572e+00
7.14337320e+05 2.41495081e+00
7.14342240e+05 2.41482700e+00
7.14347159e+05 2.41470407e+00
7.14354539e+05 2.41452096e+00
7.14361918e+05 2.41433902e+00
7.14366838e+05 2.41421821e+00
7.14376677e+05 2.41397746e+00
7.14389481e+05 2.41366532e+00
7.14402286e+05 2.41335404e+00
7.14419359e+05 2.41293982e+00
7.14444968e+05 2.41231961e+00
7.14470578e+05 2.41170025e+00
7.14496187e+05 2.41108148e+00
7.14521104e+05 2.41047992e+00
7.14530333e+05 2.41045076e+00
7.14581552e+05 2.41028992e+00
7.14632770e+05 2.41012987e+00
7.14689508e+05 2.40995320e+00
7.14768838e+05 2.40970689e+00
7.14887833e+05 2.40933826e+00
7.14967163e+05 2.40909290e+00
7.15183571e+05 2.40842440e+00
7.15544251e+05 2.40731143e+00
7.16046461e+05 2.40576269e+00
7.16710308e+05 2.40371603e+00
7.21195841e+05 2.38988944e+00
7.25681373e+05 2.37606335e+00
7.29189866e+05 2.36524930e+00
7.32221618e+05 2.35952105e+00
7.37619040e+05 2.34932381e+00
7.42307843e+05 2.34046610e+00
7.42847580e+05 2.34015772e+00
7.47606247e+05 2.33743977e+00
7.48586756e+05 2.33687997e+00
7.51418006e+05 2.34058171e+00
7.55028919e+05 2.34530366e+00
7.56507664e+05 2.34723783e+00
7.58370610e+05 2.35460337e+00
7.61189690e+05 2.36575015e+00
7.61943201e+05 2.36872989e+00
7.63714107e+05 2.38211401e+00
7.65519378e+05 2.39575886e+00
7.66612264e+05 2.40402004e+00
7.67527290e+05 2.41522695e+00
7.68235731e+05 2.42390474e+00
7.68654729e+05 2.42903790e+00
7.69020432e+05 2.43351902e+00
7.69344846e+05 2.43749527e+00
7.69557190e+05 2.44009879e+00
7.69627971e+05 2.44096698e+00
7.69769534e+05 2.44429263e+00
7.69906568e+05 2.44751272e+00
7.70043602e+05 2.45073376e+00
7.70216445e+05 2.45479830e+00
7.70320151e+05 2.45723839e+00
7.70401861e+05 2.45916193e+00
7.70483570e+05 2.46108657e+00
7.70565280e+05 2.46301284e+00
7.70613220e+05 2.46414399e+00
7.70626562e+05 2.46493155e+00
7.70681387e+05 2.46816889e+00
7.70732982e+05 2.47121689e+00
7.70784578e+05 2.47426642e+00
7.70836174e+05 2.47731782e+00
7.70870571e+05 2.47935335e+00
7.70904968e+05 2.48139016e+00
7.70937846e+05 2.48333842e+00
7.70969204e+05 2.48519819e+00
7.70979818e+05 2.48582828e+00
7.71000563e+05 2.48892942e+00
7.71031921e+05 2.49361943e+00
7.71063279e+05 2.49831202e+00
7.71086798e+05 2.50183349e+00
7.71110317e+05 2.50535704e+00
7.71133835e+05 2.50888306e+00
7.71157354e+05 2.51241197e+00
7.71181662e+05 2.51606304e+00
7.71196581e+05 2.51830617e+00
7.71198921e+05 2.51904499e+00
7.71216179e+05 2.52449780e+00
7.71233437e+05 2.52995375e+00
7.71250695e+05 2.53541340e+00
7.71267953e+05 2.54087743e+00
7.71268835e+05 2.54115697e+00
7.71280897e+05 2.54743153e+00
7.71293840e+05 2.55416839e+00
7.71306784e+05 2.56090928e+00
7.71316533e+05 2.56598966e+00
7.71327402e+05 2.57165739e+00
7.71333067e+05 2.57461307e+00
7.71338272e+05 2.57913953e+00
7.71349142e+05 2.58859637e+00
7.71360011e+05 2.59805918e+00
7.71370881e+05 2.60752916e+00
7.71379033e+05 2.61463704e+00
7.71381240e+05 2.61656327e+00
7.71387185e+05 2.62490421e+00
7.71395337e+05 2.63634904e+00
7.71401706e+05 2.64529526e+00
7.71409009e+05 2.65555992e+00
7.71413356e+05 2.66167478e+00
7.71416312e+05 2.66787172e+00
7.71423614e+05 2.68319175e+00
7.71430917e+05 2.69852231e+00
7.71437443e+05 2.71223159e+00
7.71438220e+05 2.71447356e+00
7.71443697e+05 2.73027837e+00
7.71449174e+05 2.74609155e+00
7.71453501e+05 2.75858925e+00
7.71454652e+05 2.76295475e+00
7.71461334e+05 2.78831282e+00
7.71466190e+05 2.80675330e+00
7.71469559e+05 2.81955259e+00
7.71471046e+05 2.82702956e+00
7.71475902e+05 2.85145093e+00
7.71480758e+05 2.87588540e+00
7.71485615e+05 2.90033311e+00
7.71485616e+05 2.90034117e+00
7.71490471e+05 2.93155814e+00
7.71495327e+05 2.96280159e+00
7.71497660e+05 2.97781672e+00
7.71499535e+05 2.99266438e+00
7.71503742e+05 3.02599657e+00
7.71507950e+05 3.05934449e+00
7.71509703e+05 3.07324712e+00
7.71512157e+05 3.09703172e+00
7.71516365e+05 3.13782599e+00
7.71520572e+05 3.17863702e+00
7.71521747e+05 3.19003052e+00
7.71524780e+05 3.22487986e+00
7.71530915e+05 3.29540195e+00
7.71530950e+05 3.29580105e+00
7.71536699e+05 3.37246211e+00
7.71541328e+05 3.43423000e+00
7.71542482e+05 3.45205666e+00
7.71548265e+05 3.54144008e+00
7.71551706e+05 3.59464324e+00
7.71554049e+05 3.63607700e+00
7.71559832e+05 3.73840981e+00
7.71562084e+05 3.77827332e+00
7.71565522e+05 3.84693879e+00
7.71571213e+05 3.96062253e+00
7.71572462e+05 3.98560386e+00
7.71578799e+05 4.12633299e+00
7.71582840e+05 4.21611955e+00
7.71586386e+05 4.30217754e+00
7.71593218e+05 4.46808323e+00
7.71595611e+05 4.53121896e+00
7.71606474e+05 4.81800118e+00
7.71608785e+05 4.87903566e+00
7.71622769e+05 5.26858031e+00
7.71640698e+05 5.76803382e+00
7.71644381e+05 5.87060752e+00
7.71651295e+05 6.04536947e+00
7.71659636e+05 6.25605308e+00
7.71661893e+05 6.30539081e+00
7.71668958e+05 6.45970806e+00
7.71669806e+05 6.47820790e+00
7.71676023e+05 6.59106651e+00
7.71679976e+05 6.66274208e+00
7.71683089e+05 6.70555160e+00
7.71690146e+05 6.80247555e+00
7.71690154e+05 6.80254725e+00
7.71698308e+05 6.87828739e+00
7.71698386e+05 6.87868431e+00
7.71706470e+05 6.91949967e+00
7.71706619e+05 6.91971214e+00
7.71711912e+05 6.92715809e+00
7.71712107e+05 6.92663348e+00
7.71720474e+05 6.90399587e+00
7.71721727e+05 6.90057291e+00
7.71728842e+05 6.84445507e+00
7.71731542e+05 6.82308669e+00
7.71737209e+05 6.75073808e+00
7.71741357e+05 6.69768249e+00
7.71745576e+05 6.62526328e+00
7.71751172e+05 6.52909781e+00
7.71753944e+05 6.47108308e+00
7.71760987e+05 6.32351461e+00
7.71762311e+05 6.29178979e+00
7.71767889e+05 6.15803342e+00
7.71770802e+05 6.08814309e+00
7.71779046e+05 5.86989619e+00
7.71783889e+05 5.74159592e+00
7.71795780e+05 5.40847774e+00
7.71813539e+05 4.91093977e+00
7.71816606e+05 4.82501864e+00
7.71823689e+05 4.63874331e+00
7.71831269e+05 4.43945549e+00
7.71831809e+05 4.42635446e+00
7.71837411e+05 4.29053530e+00
7.71841044e+05 4.20248451e+00
7.71844555e+05 4.12424113e+00
7.71850819e+05 3.98471083e+00
7.71851699e+05 3.96695608e+00
7.71858843e+05 3.82290544e+00
7.71860594e+05 3.78761354e+00
7.71864114e+05 3.72423867e+00
7.71869212e+05 3.63249932e+00
7.71870369e+05 3.61168839e+00
7.71874310e+05 3.54915491e+00
7.71879408e+05 3.46829938e+00
7.71880144e+05 3.45662775e+00
7.71884506e+05 3.39631142e+00
7.71889604e+05 3.32584736e+00
7.71889919e+05 3.32148998e+00
7.71895666e+05 3.25390084e+00
7.71901600e+05 3.18415728e+00
7.71901729e+05 3.18288713e+00
7.71907791e+05 3.12309753e+00
7.71911790e+05 3.08368356e+00
7.71913853e+05 3.06652766e+00
7.71919916e+05 3.01615905e+00
7.71921980e+05 2.99902065e+00
7.71924278e+05 2.98346272e+00
7.71928961e+05 2.95178024e+00
7.71933644e+05 2.92011337e+00
7.71935566e+05 2.90712378e+00
7.71938327e+05 2.89244233e+00
7.71943010e+05 2.86755509e+00
7.71947693e+05 2.84268128e+00
7.71949152e+05 2.83493495e+00
7.71952376e+05 2.82149046e+00
7.71957059e+05 2.80197205e+00
7.71962687e+05 2.77852851e+00
7.71962739e+05 2.77831366e+00
7.71965973e+05 2.76827771e+00
7.71972546e+05 2.74789814e+00
7.71979119e+05 2.72753319e+00
7.71983118e+05 2.71514952e+00
7.71985691e+05 2.70948642e+00
7.71992264e+05 2.69503340e+00
7.71998837e+05 2.68059049e+00
7.72003498e+05 2.67035538e+00
7.72005410e+05 2.66743629e+00
7.72011982e+05 2.65740972e+00
7.72019632e+05 2.64574826e+00
7.72027282e+05 2.63409474e+00
7.72030670e+05 2.62893622e+00
7.72034932e+05 2.62447761e+00
7.72042582e+05 2.61648019e+00
7.72052782e+05 2.60582479e+00
7.72057843e+05 2.60054090e+00
7.72062981e+05 2.59715304e+00
7.72073181e+05 2.59043440e+00
7.72083381e+05 2.58372109e+00
7.72093581e+05 2.57701248e+00
7.72104667e+05 2.56972537e+00
7.72112188e+05 2.56478389e+00
7.72115753e+05 2.56352258e+00
7.72130534e+05 2.55829710e+00
7.72145315e+05 2.55307680e+00
7.72160096e+05 2.54786087e+00
7.72174878e+05 2.54264866e+00
7.72189659e+05 2.53743962e+00
7.72194772e+05 2.53563889e+00
7.72204440e+05 2.53416456e+00
7.72219477e+05 2.53187414e+00
7.72242416e+05 2.52838417e+00
7.72265354e+05 2.52489828e+00
7.72288292e+05 2.52141577e+00
7.72311231e+05 2.51793609e+00
7.72334169e+05 2.51445881e+00
7.72357108e+05 2.51098353e+00
7.72359938e+05 2.51055493e+00
7.72380046e+05 2.50907358e+00
7.72410630e+05 2.50682273e+00
7.72441215e+05 2.50457407e+00
7.72442521e+05 2.50447812e+00
7.72476966e+05 2.50365341e+00
7.72517884e+05 2.50267618e+00
7.72558802e+05 2.50170112e+00
7.72599720e+05 2.50072783e+00
7.72640638e+05 2.49975598e+00
7.72702015e+05 2.49830031e+00
7.72763392e+05 2.49684669e+00
7.72804941e+05 2.49586377e+00
7.72824596e+05 2.49616458e+00
7.72906086e+05 2.49741374e+00
7.72987576e+05 2.49866458e+00
7.73109810e+05 2.50054316e+00
7.73242900e+05 2.50259079e+00
7.73375989e+05 2.50464017e+00
7.73464715e+05 2.50600704e+00
7.73666258e+05 2.50911347e+00
7.73963105e+05 2.51369115e+00
7.74249018e+05 2.51810198e+00
7.74562192e+05 2.52293455e+00
7.74663367e+05 2.52449606e+00
7.74914114e+05 2.53012401e+00
7.75543524e+05 2.54425251e+00
7.76172934e+05 2.55838198e+00
7.76521793e+05 2.56621392e+00
7.77167415e+05 2.58521525e+00
7.78651229e+05 2.62888710e+00
7.79153704e+05 2.64367656e+00
7.80431807e+05 2.69150870e+00
7.81323213e+05 2.72486984e+00
7.81767799e+05 2.74544203e+00
7.83399436e+05 2.82094370e+00
7.84883250e+05 2.90428604e+00
7.85180013e+05 2.92095483e+00
7.86367065e+05 3.00084968e+00
7.86960591e+05 3.04079789e+00
7.87945713e+05 3.11927825e+00
7.88444405e+05 3.15900751e+00
7.89334694e+05 3.24130112e+00
7.89928220e+05 3.29616447e+00
7.90818508e+05 3.39246333e+00
7.91412034e+05 3.45666354e+00
7.92063329e+05 3.53832313e+00
7.92895849e+05 3.64270609e+00
7.93192611e+05 3.68542908e+00
7.94082900e+05 3.81359959e+00
7.94379663e+05 3.86179188e+00
7.95269952e+05 4.00637039e+00
7.95566715e+05 4.06058828e+00
7.96457003e+05 4.22324370e+00
7.96753766e+05 4.28405329e+00
7.97644055e+05 4.46648397e+00
7.98049632e+05 4.55923489e+00
7.98831107e+05 4.73795118e+00
7.99424632e+05 4.88861153e+00
8.00018158e+05 5.03927340e+00
8.01205210e+05 5.37094648e+00
8.02392261e+05 5.73205179e+00
8.03579313e+05 6.11993769e+00
8.06102866e+05 7.00349009e+00
8.07437231e+05 7.47067714e+00
8.08327519e+05 7.78238091e+00
8.08624282e+05 7.87713268e+00
8.09514571e+05 8.16138402e+00
8.10443825e+05 8.42027809e+00
8.10703166e+05 8.49253020e+00
8.11415694e+05 8.65347490e+00
8.11842854e+05 8.74995845e+00
8.12432058e+05 8.84908635e+00
8.12840894e+05 8.91786627e+00
8.13405405e+05 8.98200090e+00
8.13656565e+05 9.01053382e+00
8.14378752e+05 9.04316296e+00
8.15135409e+05 9.07734486e+00
8.15339137e+05 9.07064943e+00
8.16182908e+05 9.04291503e+00
8.16340118e+05 9.03027705e+00
8.17230406e+05 8.95870312e+00
8.17527169e+05 8.92146365e+00
8.18120695e+05 8.84698218e+00
8.19126277e+05 8.68031811e+00
8.19307747e+05 8.65024107e+00
8.21088324e+05 8.28433654e+00
8.22868902e+05 7.87240770e+00
8.24468016e+05 7.50246205e+00
8.25836530e+05 7.18586688e+00
8.26726819e+05 6.97990779e+00
8.27320345e+05 6.85316349e+00
8.28507397e+05 6.59967760e+00
8.28804159e+05 6.53630673e+00
8.29733522e+05 6.35730390e+00
8.30881500e+05 6.13619648e+00
8.32068551e+05 5.93305191e+00
8.33033838e+05 5.76786054e+00
8.33293102e+05 5.72881642e+00
8.34442655e+05 5.55570035e+00
8.35001860e+05 5.47148820e+00
8.35789186e+05 5.36727831e+00
8.36816758e+05 5.23127162e+00
8.37113521e+05 5.19199334e+00
8.37922147e+05 5.09954681e+00
8.38894098e+05 4.98843001e+00
8.39339243e+05 4.93754061e+00
8.39668378e+05 4.90545007e+00
8.40468290e+05 4.82746168e+00
8.40907924e+05 4.78460070e+00
8.41100030e+05 4.76587265e+00
8.41347559e+05 4.74682902e+00
8.41718853e+05 4.71826564e+00
8.42020000e+05 4.69510064e+00
8.42245662e+05 4.67774372e+00
8.42471325e+05 4.66038869e+00
8.42626854e+05 4.65454837e+00
8.42782384e+05 4.64870965e+00
8.42926303e+05 4.64330855e+00
8.43070222e+05 4.63790959e+00
8.43189855e+05 4.63342375e+00
8.43300492e+05 4.62927733e+00
8.43309487e+05 4.62954099e+00
8.43428520e+05 4.63303301e+00
8.43507076e+05 4.63533957e+00
8.43585632e+05 4.63764821e+00
8.43616017e+05 4.63854212e+00
8.43664187e+05 4.64419861e+00
8.43743038e+05 4.65346058e+00
8.43802396e+05 4.66043527e+00
8.43861755e+05 4.66741225e+00
8.43921113e+05 4.67439202e+00
8.43931542e+05 4.67561892e+00
8.43980472e+05 4.68805399e+00
8.44038478e+05 4.70279977e+00
8.44093781e+05 4.71686233e+00
8.44098214e+05 4.71798995e+00
8.44149084e+05 4.74006827e+00
8.44185952e+05 4.75607303e+00
8.44222821e+05 4.77208081e+00
8.44259689e+05 4.78809213e+00
8.44264886e+05 4.79034942e+00
8.44296558e+05 4.81183052e+00
8.44330026e+05 4.83453349e+00
8.44360093e+05 4.85493329e+00
8.44371797e+05 4.86287587e+00
8.44390160e+05 4.88099776e+00
8.44420227e+05 4.91067481e+00
8.44450294e+05 4.94035690e+00
8.44478708e+05 4.96841250e+00
8.44480361e+05 4.97069180e+00
8.44510429e+05 5.01215023e+00
8.44540496e+05 5.05361638e+00
8.44549982e+05 5.06670185e+00
8.44566739e+05 5.09723508e+00
8.44589158e+05 5.13809214e+00
8.44607245e+05 5.17106045e+00
8.44611576e+05 5.18125354e+00
8.44633995e+05 5.23401778e+00
8.44656414e+05 5.28678996e+00
8.44664507e+05 5.30584511e+00
8.44678833e+05 5.34953862e+00
8.44701252e+05 5.41792902e+00
8.44721770e+05 5.48053359e+00
8.44723670e+05 5.48783427e+00
8.44742685e+05 5.56089993e+00
8.44759945e+05 5.62723515e+00
8.44766101e+05 5.65598931e+00
8.44789516e+05 5.76539011e+00
8.44798120e+05 5.80559386e+00
8.44805127e+05 5.84543137e+00
8.44820737e+05 5.93419603e+00
8.44836295e+05 6.02267179e+00
8.44836348e+05 6.02303442e+00
8.44851958e+05 6.13026066e+00
8.44866663e+05 6.23127795e+00
8.44871847e+05 6.26689649e+00
8.44887362e+05 6.39374845e+00
8.44904777e+05 6.53615831e+00
8.44908061e+05 6.56777442e+00
8.44928760e+05 6.76707180e+00
8.44937706e+05 6.85322621e+00
8.44949458e+05 6.98498659e+00
8.44970157e+05 7.21708120e+00
8.44970635e+05 7.22244620e+00
8.44988348e+05 7.44907448e+00
8.45003565e+05 7.64379624e+00
8.45006538e+05 7.68588537e+00
8.45033824e+05 8.07214956e+00
8.45036494e+05 8.10994860e+00
8.45106587e+05 9.15635052e+00
8.45118818e+05 9.33892481e+00
8.45131074e+05 9.50059449e+00
8.45148958e+05 9.73645494e+00
8.45154162e+05 9.79349025e+00
8.45169554e+05 9.96215302e+00
8.45171564e+05 9.98417410e+00
8.45184946e+05 1.00959866e+01
8.45194169e+05 1.01730260e+01
8.45200337e+05 1.02053828e+01
8.45215729e+05 1.02860715e+01
8.45216775e+05 1.02915479e+01
8.45231121e+05 1.03173357e+01
8.45238817e+05 1.03311474e+01
8.45239380e+05 1.03321560e+01
8.45257279e+05 1.03064623e+01
8.45257738e+05 1.03058019e+01
8.45275741e+05 1.02288945e+01
8.45276095e+05 1.02273791e+01
8.45294203e+05 1.01019857e+01
8.45294453e+05 1.01002529e+01
8.45312664e+05 9.92158585e+00
8.45321989e+05 9.83007713e+00
8.45331126e+05 9.71578331e+00
8.45349525e+05 9.48559400e+00
8.45349588e+05 9.48468877e+00
8.45374204e+05 9.12981507e+00
8.45386240e+05 8.95627675e+00
8.45441313e+05 8.12488499e+00
8.45442190e+05 8.11245189e+00
8.45467978e+05 7.74702176e+00
8.45478028e+05 7.60461640e+00
8.45487319e+05 7.48496053e+00
8.45505564e+05 7.24999072e+00
8.45506659e+05 7.23729833e+00
8.45526000e+05 7.01312325e+00
8.45533101e+05 6.93083185e+00
8.45546384e+05 6.79510468e+00
8.45561363e+05 6.64206002e+00
8.45563213e+05 6.62316613e+00
8.45576343e+05 6.50688755e+00
8.45591323e+05 6.37424544e+00
8.45593325e+05 6.35651842e+00
8.45606303e+05 6.25749502e+00
8.45621283e+05 6.14320673e+00
8.45623438e+05 6.12676622e+00
8.45636262e+05 6.04255380e+00
8.45651242e+05 5.94420094e+00
8.45653550e+05 5.92904971e+00
8.45668003e+05 5.84924815e+00
8.45686544e+05 5.74688409e+00
8.45693700e+05 5.70738330e+00
8.45705085e+05 5.65578388e+00
8.45723627e+05 5.57176590e+00
8.45733850e+05 5.52544820e+00
8.45742168e+05 5.49445107e+00
8.45760709e+05 5.42536954e+00
8.45773999e+05 5.37586004e+00
8.45779251e+05 5.36030096e+00
8.45797792e+05 5.30537263e+00
8.45819608e+05 5.24075430e+00
8.45834224e+05 5.19746547e+00
8.45844697e+05 5.17321744e+00
8.45869786e+05 5.11513722e+00
8.45894596e+05 5.05771283e+00
8.45894876e+05 5.05718180e+00
8.45919965e+05 5.00952169e+00
8.45934894e+05 4.98116792e+00
8.45945055e+05 4.96576350e+00
8.45970144e+05 4.92773355e+00
8.45995233e+05 4.88970891e+00
8.46015488e+05 4.85901567e+00
8.46024970e+05 4.84819957e+00
8.46059353e+05 4.80898410e+00
8.46093736e+05 4.76977533e+00
8.46096083e+05 4.76709966e+00
8.46128119e+05 4.73972000e+00
8.46162502e+05 4.71033969e+00
8.46196885e+05 4.68096361e+00
8.46229859e+05 4.65279571e+00
8.46231269e+05 4.65198228e+00
8.46265652e+05 4.63214692e+00
8.46300867e+05 4.61183453e+00
8.46354938e+05 4.58065098e+00
8.46389403e+05 4.56077741e+00
8.46409008e+05 4.55307227e+00
8.46463079e+05 4.53182609e+00
8.46517150e+05 4.51058346e+00
8.46571221e+05 4.48934384e+00
8.46602129e+05 4.47720435e+00
8.46639775e+05 4.46718785e+00
8.46708329e+05 4.44895104e+00
8.46776883e+05 4.43071709e+00
8.46845438e+05 4.41248559e+00
8.46857893e+05 4.40917347e+00
8.46936843e+05 4.39351733e+00
8.47008803e+05 4.37924950e+00
8.47113658e+05 4.35846201e+00
8.47116742e+05 4.35804876e+00
8.47224681e+05 4.34358812e+00
8.47353758e+05 4.32629844e+00
8.47482836e+05 4.30901143e+00
8.47617380e+05 4.29099406e+00
8.47727712e+05 4.27622044e+00
8.47762859e+05 4.27302386e+00
8.47956831e+05 4.25538493e+00
8.48139059e+05 4.23881567e+00
8.48321288e+05 4.22224786e+00
8.48590088e+05 4.19781117e+00
8.48739421e+05 4.18423618e+00
8.48858887e+05 4.17611045e+00
8.49155812e+05 4.15591600e+00
8.49452738e+05 4.13572274e+00
8.49864128e+05 4.10774630e+00
8.50321988e+05 4.07661105e+00
8.50566408e+05 4.05999068e+00
8.50922115e+05 4.04043998e+00
8.51717966e+05 3.99669930e+00
8.52598257e+05 3.94831928e+00
8.53322621e+05 3.90850981e+00
8.53891059e+05 3.88261624e+00
8.55312156e+05 3.81788378e+00
8.56860910e+05 3.74733760e+00
8.58760132e+05 3.67547290e+00
8.60656901e+05 3.60370203e+00
8.61003332e+05 3.59280535e+00
8.63351272e+05 3.51895425e+00
8.64930679e+05 3.46927697e+00
8.65371537e+05 3.45785351e+00
8.66941900e+05 3.41716310e+00
8.67882457e+05 3.39279245e+00
8.68585745e+05 3.37457018e+00
8.69289033e+05 3.35634878e+00
8.69652044e+05 3.34694441e+00
8.69810453e+05 3.34416556e+00
8.70170725e+05 3.33784678e+00
8.70356725e+05 3.33458521e+00
8.70542726e+05 3.33132442e+00
8.70699016e+05 3.32858534e+00
8.70855306e+05 3.32584738e+00
8.70963876e+05 3.32394638e+00
8.71072445e+05 3.32204651e+00
8.71144825e+05 3.32078080e+00
8.71223415e+05 3.31940757e+00
8.71282358e+05 3.31837856e+00
8.71341301e+05 3.31735057e+00
8.71400243e+05 3.31632389e+00
8.71448453e+05 3.31548551e+00
8.71459186e+05 3.31590491e+00
8.71495237e+05 3.31731468e+00
8.71531288e+05 3.31872549e+00
8.71567339e+05 3.32013754e+00
8.71603390e+05 3.32155110e+00
8.71639442e+05 3.32296654e+00
8.71666480e+05 3.32402965e+00
8.71693518e+05 3.32509434e+00
8.71720557e+05 3.32616097e+00
8.71747595e+05 3.32722995e+00
8.71766454e+05 3.32797724e+00
8.71785312e+05 3.32872620e+00
8.71804171e+05 3.32947714e+00
8.71822865e+05 3.33022385e+00
8.71823030e+05 3.33025766e+00
8.71841889e+05 3.33412419e+00
8.71856033e+05 3.33702634e+00
8.71870177e+05 3.33993076e+00
8.71884321e+05 3.34283789e+00
8.71898465e+05 3.34574827e+00
8.71909926e+05 3.34810957e+00
8.71921388e+05 3.35047394e+00
8.71932849e+05 3.35284201e+00
8.71941446e+05 3.35462098e+00
8.71947669e+05 3.35591102e+00
8.71950042e+05 3.35726429e+00
8.71958638e+05 3.36217041e+00
8.71967234e+05 3.36708060e+00
8.71975830e+05 3.37199575e+00
8.71984426e+05 3.37691674e+00
8.71990157e+05 3.38020124e+00
8.71996697e+05 3.38395409e+00
8.72001477e+05 3.38670102e+00
8.72003237e+05 3.38865615e+00
8.72009777e+05 3.39592809e+00
8.72016318e+05 3.40320724e+00
8.72021223e+05 3.40867207e+00
8.72026128e+05 3.41414202e+00
8.72028382e+05 3.41665793e+00
8.72031033e+05 3.42158937e+00
8.72035938e+05 3.43071870e+00
8.72040843e+05 3.43985524e+00
8.72044663e+05 3.44697462e+00
8.72049031e+05 3.45512422e+00
8.72053399e+05 3.46328115e+00
8.72055286e+05 3.46680755e+00
8.72057768e+05 3.47411560e+00
8.72062136e+05 3.48698770e+00
8.72066504e+05 3.49986981e+00
8.72070873e+05 3.51276218e+00
8.72075241e+05 3.52566598e+00
8.72075464e+05 3.52632590e+00
8.72079164e+05 3.54137105e+00
8.72084380e+05 3.56259928e+00
8.72088916e+05 3.58108179e+00
8.72089595e+05 3.58462370e+00
8.72094811e+05 3.61185286e+00
8.72100027e+05 3.63910646e+00
8.72102368e+05 3.65135333e+00
8.72105243e+05 3.67033152e+00
8.72110327e+05 3.70392913e+00
8.72115410e+05 3.73755306e+00
8.72115821e+05 3.74026708e+00
8.72120495e+05 3.77864871e+00
8.72125578e+05 3.82042692e+00
8.72129273e+05 3.85080893e+00
8.72130662e+05 3.86469861e+00
8.72135606e+05 3.91414425e+00
8.72140480e+05 3.96292220e+00
8.72142725e+05 3.98539685e+00
8.72145355e+05 4.01665778e+00
8.72150229e+05 4.07462930e+00
8.72156177e+05 4.14542184e+00
8.72156728e+05 4.15300470e+00
8.72161551e+05 4.21947339e+00
8.72167949e+05 4.30768520e+00
8.72169775e+05 4.33286523e+00
8.72174348e+05 4.40382026e+00
8.72180746e+05 4.50314526e+00
8.72183518e+05 4.54620504e+00
8.72190436e+05 4.66475382e+00
8.72203419e+05 4.88733878e+00
8.72204133e+05 4.89957920e+00
8.72229385e+05 5.34609384e+00
8.72231620e+05 5.38558875e+00
8.72239943e+05 5.52027099e+00
8.72245363e+05 5.60793078e+00
8.72248075e+05 5.64558922e+00
8.72256206e+05 5.75843308e+00
8.72259107e+05 5.79863211e+00
8.72264338e+05 5.85684876e+00
8.72269414e+05 5.91323840e+00
8.72272470e+05 5.93851365e+00
8.72279758e+05 5.99863710e+00
8.72280602e+05 6.00291258e+00
8.72288734e+05 6.04392614e+00
8.72290121e+05 6.05088441e+00
8.72296866e+05 6.06181564e+00
8.72300483e+05 6.06760677e+00
8.72300932e+05 6.06661045e+00
8.72307694e+05 6.05148824e+00
8.72312957e+05 6.03960378e+00
8.72314456e+05 6.03016366e+00
8.72321218e+05 5.98742066e+00
8.72325432e+05 5.96069824e+00
8.72327980e+05 5.93518296e+00
8.72334742e+05 5.86733756e+00
8.72337907e+05 5.83552990e+00
8.72341504e+05 5.78821734e+00
8.72350381e+05 5.67129588e+00
8.72350520e+05 5.66910040e+00
8.72359535e+05 5.52603152e+00
8.72367014e+05 5.40726508e+00
8.72368551e+05 5.37993309e+00
8.72382245e+05 5.13637924e+00
8.72405210e+05 4.72786604e+00
8.72408596e+05 4.66765507e+00
8.72416752e+05 4.53325779e+00
8.72425229e+05 4.39366019e+00
8.72425439e+05 4.39056981e+00
8.72432389e+05 4.28865105e+00
8.72439297e+05 4.18740157e+00
8.72439297e+05 4.18739425e+00
8.72446080e+05 4.09989406e+00
8.72450802e+05 4.03901688e+00
8.72451167e+05 4.03490371e+00
8.72456255e+05 3.97768760e+00
8.72461342e+05 3.92050653e+00
8.72462307e+05 3.90967241e+00
8.72464734e+05 3.88631153e+00
8.72470598e+05 3.82990271e+00
8.72473811e+05 3.79902151e+00
8.72474997e+05 3.78942049e+00
8.72479395e+05 3.75382925e+00
8.72483794e+05 3.71826050e+00
8.72485316e+05 3.70595970e+00
8.72488192e+05 3.68756396e+00
8.72493167e+05 3.65577298e+00
8.72498141e+05 3.62400801e+00
8.72502573e+05 3.59573281e+00
8.72503116e+05 3.59318446e+00
8.72508091e+05 3.56986553e+00
8.72513065e+05 3.54656805e+00
8.72516669e+05 3.52970390e+00
8.72519830e+05 3.51491958e+00
8.72520560e+05 3.51246146e+00
8.72524450e+05 3.49936578e+00
8.72528341e+05 3.48627992e+00
8.72532232e+05 3.47320391e+00
8.72536123e+05 3.46013643e+00
8.72537087e+05 3.45689983e+00
8.72540013e+05 3.45027262e+00
8.72543904e+05 3.44146909e+00
8.72548871e+05 3.43024124e+00
8.72553403e+05 3.42000528e+00
8.72557935e+05 3.40977733e+00
8.72560096e+05 3.40490368e+00
8.72562467e+05 3.40182351e+00
8.72566999e+05 3.39594273e+00
8.72570021e+05 3.39202560e+00
8.72576064e+05 3.38419856e+00
8.72582106e+05 3.37638046e+00
8.72588149e+05 3.36856993e+00
8.72594192e+05 3.36076627e+00
8.72594610e+05 3.36022702e+00
8.72600888e+05 3.35622046e+00
8.72607584e+05 3.35195342e+00
8.72614279e+05 3.34769173e+00
8.72620975e+05 3.34343466e+00
8.72627671e+05 3.33918158e+00
8.72634366e+05 3.33493201e+00
8.72642992e+05 3.32946189e+00
8.72643294e+05 3.32936973e+00
8.72652221e+05 3.32664895e+00
8.72661149e+05 3.32393190e+00
8.72669598e+05 3.32136344e+00
8.72681553e+05 3.31773306e+00
8.72693509e+05 3.31410666e+00
8.72705464e+05 3.31048353e+00
8.72717420e+05 3.30686315e+00
8.72719110e+05 3.30635170e+00
8.72729375e+05 3.30525628e+00
8.72745316e+05 3.30355830e+00
8.72761256e+05 3.30186325e+00
8.72777196e+05 3.30017066e+00
8.72793137e+05 3.29848014e+00
8.72810809e+05 3.29660797e+00
8.72828482e+05 3.29473764e+00
8.72846154e+05 3.29286887e+00
8.72872663e+05 3.29006817e+00
8.72899172e+05 3.28726992e+00
8.72922090e+05 3.28485238e+00
8.72925680e+05 3.28460303e+00
8.72952189e+05 3.28276360e+00
8.72987534e+05 3.28031313e+00
8.73022879e+05 3.27786460e+00
8.73023580e+05 3.27781606e+00
8.73058224e+05 3.27692194e+00
8.73095920e+05 3.27595042e+00
8.73135969e+05 3.27491958e+00
8.73176018e+05 3.27388983e+00
8.73236091e+05 3.27234679e+00
8.73296164e+05 3.27080524e+00
8.73356237e+05 3.26926490e+00
8.73422625e+05 3.26756370e+00
8.73501640e+05 3.26554005e+00
8.73606993e+05 3.26284338e+00
8.73712347e+05 3.26014775e+00
8.73861495e+05 3.25633300e+00
8.73992877e+05 3.25297371e+00
8.74168052e+05 3.24849556e+00
8.74416519e+05 3.24214511e+00
8.74664985e+05 3.23579564e+00
8.74786569e+05 3.23268889e+00
8.74955444e+05 3.22968857e+00
8.75535921e+05 3.21937699e+00
8.76088409e+05 3.20956352e+00
8.76447405e+05 3.20318712e+00
8.77656544e+05 3.18171184e+00
8.79687812e+05 3.14563620e+00
8.82583373e+05 3.09421194e+00
8.85585355e+05 3.04089874e+00
8.88587337e+05 2.98758640e+00
8.91602443e+05 2.93404213e+00
8.91957162e+05 2.92774296e+00
8.94085472e+05 2.88124135e+00
8.95859064e+05 2.84249097e+00
8.96036423e+05 2.83741539e+00
8.97632656e+05 2.79173623e+00
8.98696811e+05 2.76128431e+00
8.98874170e+05 2.75470521e+00
8.99973797e+05 2.71391593e+00
9.00825122e+05 2.68233816e+00
9.01037953e+05 2.67444403e+00
9.01676446e+05 2.64630750e+00
9.02225621e+05 2.62210787e+00
9.02811545e+05 2.59629000e+00
9.03237207e+05 2.57753471e+00
9.03662869e+05 2.55878043e+00
9.04088531e+05 2.54002735e+00
9.04407777e+05 2.53002554e+00
9.04727024e+05 2.52002482e+00
9.05046271e+05 2.51588917e+00
9.05152686e+05 2.51451116e+00
9.05365517e+05 2.51703122e+00
9.05525140e+05 2.51892225e+00
9.05684764e+05 2.52620305e+00
9.05897595e+05 2.53591214e+00
9.05897595e+05 2.53591215e+00
9.06110426e+05 2.55610688e+00
9.06216841e+05 2.56620500e+00
9.06314389e+05 2.58139149e+00
9.06518352e+05 2.61314664e+00
9.06695711e+05 2.65201837e+00
9.06873070e+05 2.70275199e+00
9.07050429e+05 2.76724458e+00
9.07227789e+05 2.84818131e+00
9.07382978e+05 2.93537468e+00
9.07405148e+05 2.95044476e+00
9.07538167e+05 3.04086731e+00
9.07582507e+05 3.07716722e+00
9.07687814e+05 3.16338133e+00
9.07759866e+05 3.23357779e+00
9.07837461e+05 3.30917551e+00
9.07937225e+05 3.42478299e+00
9.07985029e+05 3.48017935e+00
9.08083408e+05 3.61013080e+00
9.08114585e+05 3.65610701e+00
9.08181787e+05 3.75521321e+00
9.08281587e+05 3.91879811e+00
9.08291944e+05 3.93751858e+00
9.08382806e+05 4.10175035e+00
9.08464869e+05 4.26431162e+00
9.08484025e+05 4.30225913e+00
9.08635855e+05 4.63862503e+00
9.08744002e+05 4.90611878e+00
9.08906223e+05 5.34850158e+00
9.08983645e+05 5.57744878e+00
9.09124355e+05 5.99354759e+00
9.09138834e+05 6.03823491e+00
9.09294023e+05 6.51717983e+00
9.09427043e+05 6.92769892e+00
9.09515722e+05 7.20137445e+00
9.09560062e+05 7.32702591e+00
9.09648742e+05 7.57832488e+00
9.09667698e+05 7.63204068e+00
9.09773156e+05 7.89303153e+00
9.09819673e+05 8.00815112e+00
9.09863816e+05 8.10112549e+00
9.09911752e+05 8.20208573e+00
9.09954476e+05 8.27415339e+00
9.10045136e+05 8.42707590e+00
9.10049870e+05 8.43506102e+00
9.10179704e+05 8.58921498e+00
9.10187989e+05 8.59905147e+00
9.10311427e+05 8.68594829e+00
9.10312990e+05 8.68704840e+00
9.10437990e+05 8.72138664e+00
9.10487057e+05 8.71566026e+00
9.10544406e+05 8.70896597e+00
9.10704029e+05 8.63523572e+00
9.10863652e+05 8.51094530e+00
9.11111955e+05 8.24815067e+00
9.11129691e+05 8.22937992e+00
9.11292640e+05 8.02736230e+00
9.11473325e+05 7.80335988e+00
9.11643756e+05 7.59207230e+00
9.11814187e+05 7.38078823e+00
9.11927807e+05 7.23993366e+00
9.12105167e+05 7.04110970e+00
9.12282526e+05 6.84228852e+00
9.12459885e+05 6.66873291e+00
9.12637244e+05 6.49517950e+00
9.12823471e+05 6.33861763e+00
9.12991963e+05 6.19696817e+00
9.13009699e+05 6.18412818e+00
9.13213662e+05 6.03647080e+00
9.13311209e+05 5.96585288e+00
9.13417625e+05 5.89931178e+00
9.13630456e+05 5.76623138e+00
9.13657060e+05 5.75209065e+00
9.13896495e+05 5.62482582e+00
9.14056118e+05 5.53998356e+00
9.14189137e+05 5.48085378e+00
9.14481780e+05 5.35076998e+00
9.14801027e+05 5.23163960e+00
9.14907442e+05 5.19192993e+00
9.15120273e+05 5.12500408e+00
9.15333104e+05 5.05807901e+00
9.15545935e+05 5.00313331e+00
9.15971597e+05 4.89324335e+00
9.16397259e+05 4.80546551e+00
9.16610090e+05 4.76157715e+00
9.17035752e+05 4.69097686e+00
9.17248583e+05 4.65567722e+00
9.17674246e+05 4.60016741e+00
9.18099908e+05 4.54465843e+00
9.18525570e+05 4.50329345e+00
9.19164063e+05 4.44124709e+00
9.19589725e+05 4.41222172e+00
9.20441049e+05 4.35417212e+00
9.20653880e+05 4.34485669e+00
9.21664828e+05 4.30060930e+00
9.22019546e+05 4.28508422e+00
9.23704458e+05 4.24460862e+00
9.23793138e+05 4.24247839e+00
9.25744089e+05 4.22775579e+00
9.26114049e+05 4.22496416e+00
9.28581836e+05 4.24201516e+00
9.28855496e+05 4.24390612e+00
9.31596943e+05 4.29279979e+00
9.34981850e+05 4.38564745e+00
9.36565059e+05 4.44334116e+00
9.39326257e+05 4.54396237e+00
9.45272708e+05 4.80777624e+00
9.46064312e+05 4.84458254e+00
9.50076536e+05 5.03113266e+00
9.53188752e+05 5.17583496e+00
9.56459107e+05 5.30706685e+00
9.57150890e+05 5.33482606e+00
9.59291329e+05 5.40057202e+00
9.60874043e+05 5.44918597e+00
9.61078768e+05 5.45547410e+00
9.63629222e+05 5.50489544e+00
9.64586865e+05 5.52345150e+00
9.66384401e+05 5.53624653e+00
9.68430303e+05 5.55080814e+00
9.69517176e+05 5.54500125e+00
9.71891989e+05 5.53231169e+00
9.72936348e+05 5.51647076e+00
9.75353675e+05 5.47980331e+00
9.76936884e+05 5.43970725e+00
9.80103301e+05 5.35951376e+00
9.84852928e+05 5.20077933e+00
9.91583368e+05 4.94602543e+00
9.96580257e+05 4.75688943e+00
1.00023402e+06 4.61859293e+00
1.00226822e+06 4.54159772e+00
1.00367040e+06 4.49412885e+00
1.00731471e+06 4.37075633e+00
1.00977255e+06 4.28755093e+00
1.01016304e+06 4.27627071e+00
1.01188316e+06 4.22658264e+00
1.01317331e+06 4.18931577e+00
1.01383867e+06 4.17009696e+00
1.01450404e+06 4.15087909e+00
1.01493390e+06 4.13846461e+00
1.01498919e+06 4.13686795e+00
1.01527632e+06 4.13235199e+00
1.01554681e+06 4.12809896e+00
1.01575246e+06 4.12486627e+00
1.01593194e+06 4.12204628e+00
1.01608150e+06 4.11969741e+00
1.01621082e+06 4.11766759e+00
1.01632664e+06 4.11585087e+00
1.01641930e+06 4.11439863e+00
1.01651196e+06 4.11693571e+00
1.01658368e+06 4.11890072e+00
1.01665540e+06 4.12086711e+00
1.01670919e+06 4.12234307e+00
1.01677194e+06 4.12406655e+00
1.01682661e+06 4.12556955e+00
1.01686827e+06 4.12671619e+00
1.01688646e+06 4.12721770e+00
1.01690992e+06 4.13027834e+00
1.01695158e+06 4.13571483e+00
1.01698282e+06 4.13979356e+00
1.01701232e+06 4.14364679e+00
1.01704703e+06 4.14818139e+00
1.01707827e+06 4.15226407e+00
1.01710950e+06 4.15634930e+00
1.01713813e+06 4.16009662e+00
1.01716416e+06 4.16350581e+00
1.01716676e+06 4.16384692e+00
1.01718976e+06 4.17178978e+00
1.01721157e+06 4.17932641e+00
1.01722880e+06 4.18527893e+00
1.01724663e+06 4.19144625e+00
1.01726632e+06 4.19825455e+00
1.01728108e+06 4.20336316e+00
1.01729584e+06 4.20847425e+00
1.01730568e+06 4.21188360e+00
1.01731306e+06 4.21686582e+00
1.01732660e+06 4.22600199e+00
1.01734013e+06 4.23514148e+00
1.01735489e+06 4.24511681e+00
1.01736596e+06 4.25260169e+00
1.01737211e+06 4.25676167e+00
1.01737519e+06 4.26031520e+00
1.01738626e+06 4.27311389e+00
1.01739733e+06 4.28591722e+00
1.01740841e+06 4.29872598e+00
1.01741948e+06 4.31154109e+00
1.01742501e+06 4.31795113e+00
1.01742993e+06 4.32676158e+00
1.01743947e+06 4.34383438e+00
1.01744869e+06 4.36036284e+00
1.01745629e+06 4.37397789e+00
1.01745792e+06 4.37810875e+00
1.01746672e+06 4.40041149e+00
1.01747468e+06 4.42061342e+00
1.01748216e+06 4.43957838e+00
1.01748314e+06 4.44207395e+00
1.01749012e+06 4.46641749e+00
1.01749809e+06 4.49420362e+00
1.01750547e+06 4.51996100e+00
1.01750584e+06 4.52124583e+00
1.01751285e+06 4.55347815e+00
1.01751961e+06 4.58458760e+00
1.01752466e+06 4.60778419e+00
1.01752589e+06 4.61517755e+00
1.01753253e+06 4.65508859e+00
1.01753893e+06 4.69353573e+00
1.01754483e+06 4.72904510e+00
1.01754582e+06 4.73495759e+00
1.01755074e+06 4.77309681e+00
1.01755664e+06 4.81887688e+00
1.01756230e+06 4.86276426e+00
1.01756403e+06 4.87612339e+00
1.01756772e+06 4.91144101e+00
1.01757338e+06 4.96560496e+00
1.01757928e+06 5.02214097e+00
1.01758026e+06 5.03155557e+00
1.01758519e+06 5.08723692e+00
1.01759109e+06 5.15405799e+00
1.01759355e+06 5.18190365e+00
1.01759699e+06 5.22726220e+00
1.01760290e+06 5.30503056e+00
1.01760979e+06 5.39578807e+00
1.01761176e+06 5.42585599e+00
1.01762061e+06 5.56123845e+00
1.01762701e+06 5.65902173e+00
1.01762750e+06 5.66766195e+00
1.01763734e+06 5.84017892e+00
1.01764620e+06 5.99550573e+00
1.01764916e+06 6.04728313e+00
1.01765832e+06 6.22594121e+00
1.01767769e+06 6.60371858e+00
1.01770113e+06 7.06069745e+00
1.01771448e+06 7.29798488e+00
1.01771915e+06 7.38104323e+00
1.01772420e+06 7.45826357e+00
1.01773158e+06 7.57120958e+00
1.01773256e+06 7.58321002e+00
1.01774117e+06 7.68805025e+00
1.01774708e+06 7.75988826e+00
1.01775003e+06 7.78474570e+00
1.01775889e+06 7.85923915e+00
1.01775938e+06 7.86337103e+00
1.01776753e+06 7.90202503e+00
1.01777116e+06 7.91919300e+00
1.01777707e+06 7.92645560e+00
1.01778114e+06 7.93141862e+00
1.01778475e+06 7.92296789e+00
1.01779290e+06 7.90378927e+00
1.01779322e+06 7.90177780e+00
1.01780170e+06 7.84970633e+00
1.01780465e+06 7.83152463e+00
1.01781056e+06 7.77247270e+00
1.01781843e+06 7.69364755e+00
1.01781941e+06 7.68002229e+00
1.01782729e+06 7.57091177e+00
1.01783369e+06 7.48220207e+00
1.01783836e+06 7.40291331e+00
1.01784697e+06 7.25679007e+00
1.01784746e+06 7.24843725e+00
1.01785989e+06 7.00527412e+00
1.01787071e+06 6.79336610e+00
1.01787447e+06 6.71570357e+00
1.01790614e+06 6.06010027e+00
1.01790793e+06 6.02610183e+00
1.01792029e+06 5.79054852e+00
1.01792866e+06 5.63120564e+00
1.01792915e+06 5.62290125e+00
1.01793702e+06 5.49031585e+00
1.01794502e+06 5.35569603e+00
1.01794637e+06 5.33585929e+00
1.01795523e+06 5.20603544e+00
1.01796138e+06 5.11591769e+00
1.01796409e+06 5.08152600e+00
1.01796999e+06 5.00650261e+00
1.01797344e+06 4.96275827e+00
1.01797590e+06 4.93570870e+00
1.01798180e+06 4.87082517e+00
1.01798721e+06 4.81137660e+00
1.01798771e+06 4.80686968e+00
1.01799361e+06 4.75290624e+00
1.01799952e+06 4.69896102e+00
1.01800345e+06 4.66301525e+00
1.01800542e+06 4.64831716e+00
1.01801133e+06 4.60425439e+00
1.01801723e+06 4.56020732e+00
1.01801772e+06 4.55654604e+00
1.01802314e+06 4.52389442e+00
1.01802904e+06 4.48829548e+00
1.01803396e+06 4.45864638e+00
1.01803593e+06 4.44948855e+00
1.01804183e+06 4.42203737e+00
1.01804774e+06 4.39460189e+00
1.01805368e+06 4.36699204e+00
1.01805512e+06 4.36208766e+00
1.01806250e+06 4.33692875e+00
1.01806988e+06 4.31177943e+00
1.01807608e+06 4.29067700e+00
1.01807726e+06 4.28787648e+00
1.01808349e+06 4.27314105e+00
1.01808935e+06 4.25928484e+00
1.01809707e+06 4.24103571e+00
1.01810418e+06 4.22424846e+00
1.01810562e+06 4.22201812e+00
1.01811485e+06 4.20778793e+00
1.01812407e+06 4.19356523e+00
1.01813361e+06 4.17887749e+00
1.01813904e+06 4.17051957e+00
1.01814406e+06 4.16569792e+00
1.01815514e+06 4.15508830e+00
1.01816621e+06 4.14448564e+00
1.01817728e+06 4.13388889e+00
1.01818294e+06 4.12847155e+00
1.01818835e+06 4.12537413e+00
1.01820127e+06 4.11798277e+00
1.01820865e+06 4.11376150e+00
1.01822341e+06 4.10532326e+00
1.01823817e+06 4.09688996e+00
1.01825417e+06 4.09251865e+00
1.01826801e+06 4.08873914e+00
1.01828246e+06 4.08479452e+00
1.01829230e+06 4.08211019e+00
1.01831199e+06 4.07674490e+00
1.01833290e+06 4.07104820e+00
1.01835043e+06 4.06627562e+00
1.01836857e+06 4.06133774e+00
1.01838785e+06 4.05609305e+00
1.01839428e+06 4.05434562e+00
1.01840768e+06 4.05307900e+00
1.01843449e+06 4.05054838e+00
1.01846297e+06 4.04786233e+00
1.01849480e+06 4.04486315e+00
1.01852831e+06 4.04170870e+00
1.01856367e+06 4.03838247e+00
1.01859827e+06 4.03512924e+00
1.01862978e+06 4.03216812e+00
1.01866565e+06 4.02879878e+00
1.01870729e+06 4.02488900e+00
1.01874338e+06 4.02150186e+00
1.01875264e+06 4.02124311e+00
1.01880422e+06 4.01980232e+00
1.01886066e+06 4.01822765e+00
1.01892063e+06 4.01655569e+00
1.01898754e+06 4.01469181e+00
1.01906302e+06 4.01259083e+00
1.01914645e+06 4.01026958e+00
1.01924133e+06 4.00763128e+00
1.01935104e+06 4.00458189e+00
1.01947591e+06 4.00111272e+00
1.01961735e+06 3.99718412e+00
1.01969257e+06 3.99509527e+00
1.01988389e+06 3.98978330e+00
1.02012569e+06 3.98307098e+00
1.02037282e+06 3.97621226e+00
1.02070231e+06 3.96706839e+00
1.02112791e+06 3.95525875e+00
1.02144711e+06 3.94640222e+00
1.02173242e+06 3.93997428e+00
1.02252134e+06 3.92220124e+00
1.02350000e+06 3.90015448e+00
1.02498941e+06 3.86660284e+00
1.02733918e+06 3.81367153e+00
1.02873690e+06 3.78218676e+00
1.02966045e+06 3.76561998e+00
1.03216736e+06 3.72065143e+00
1.03342006e+06 3.69818177e+00
1.03355814e+06 3.69570511e+00
1.03467275e+06 3.68562554e+00
1.03548647e+06 3.67826776e+00
1.03619400e+06 3.67187093e+00
1.03677460e+06 3.66662248e+00
1.03680045e+06 3.66683866e+00
1.03734591e+06 3.67140141e+00
1.03779029e+06 3.67511964e+00
1.03789964e+06 3.67603491e+00
1.03818529e+06 3.68461910e+00
1.03853093e+06 3.69500678e+00
1.03882718e+06 3.70391157e+00
1.03902468e+06 3.70984893e+00
1.03907406e+06 3.71343644e+00
1.03932094e+06 3.73137513e+00
1.03951844e+06 3.74572714e+00
1.03961719e+06 3.75290380e+00
1.03971595e+06 3.76525710e+00
1.03989370e+06 3.78749426e+00
1.04005170e+06 3.80726185e+00
1.04007145e+06 3.80973308e+00
1.04020970e+06 3.83685982e+00
1.04034796e+06 3.86398825e+00
1.04042696e+06 3.87949101e+00
1.04046646e+06 3.89088573e+00
1.04058496e+06 3.92507120e+00
1.04070346e+06 3.95925848e+00
1.04080221e+06 3.99936715e+00
1.04090097e+06 4.03947813e+00
1.04094047e+06 4.05552347e+00
1.04099972e+06 4.08835749e+00
1.04107872e+06 4.13213790e+00
1.04113797e+06 4.16497489e+00
1.04115772e+06 4.17942134e+00
1.04123672e+06 4.23721095e+00
1.04129597e+06 4.28055479e+00
1.04131572e+06 4.29909438e+00
1.04137497e+06 4.35471714e+00
1.04143422e+06 4.41034018e+00
1.04149348e+06 4.48020169e+00
1.04155273e+06 4.55006360e+00
1.04161198e+06 4.63624002e+00
1.04165148e+06 4.69369142e+00
1.04167123e+06 4.72873046e+00
1.04172061e+06 4.81633483e+00
1.04175023e+06 4.86889735e+00
1.04176998e+06 4.91137156e+00
1.04181936e+06 5.01756305e+00
1.04183911e+06 5.06004266e+00
1.04186873e+06 5.13643804e+00
1.04191811e+06 5.26377111e+00
1.04196748e+06 5.41450446e+00
1.04198723e+06 5.47479877e+00
1.04200452e+06 5.53674817e+00
1.04203661e+06 5.65179618e+00
1.04205636e+06 5.72259665e+00
1.04207611e+06 5.80555300e+00
1.04211561e+06 5.97146268e+00
1.04212549e+06 6.01294157e+00
1.04215511e+06 6.15740967e+00
1.04218474e+06 6.30187773e+00
1.04219461e+06 6.35719275e+00
1.04223411e+06 6.57843744e+00
1.04224399e+06 6.63375049e+00
1.04227361e+06 6.82325303e+00
1.04230324e+06 7.01275516e+00
1.04231312e+06 7.08428528e+00
1.04235262e+06 7.37039238e+00
1.04236249e+06 7.44191946e+00
1.04239212e+06 7.68180324e+00
1.04242174e+06 7.92169354e+00
1.04243656e+06 8.05306625e+00
1.04248099e+06 8.44719494e+00
1.04249704e+06 8.59902738e+00
1.04262171e+06 9.77859852e+00
1.04265875e+06 1.01095551e+01
1.04269331e+06 1.04184519e+01
1.04270812e+06 1.05309868e+01
1.04273775e+06 1.07560359e+01
1.04274762e+06 1.08159316e+01
1.04277725e+06 1.09956048e+01
1.04277852e+06 1.10033187e+01
1.04280817e+06 1.11307738e+01
1.04281744e+06 1.11706072e+01
1.04284051e+06 1.12254647e+01
1.04285445e+06 1.12585983e+01
1.04287285e+06 1.12713426e+01
1.04287957e+06 1.12759922e+01
1.04288415e+06 1.12715909e+01
1.04291163e+06 1.12451782e+01
1.04291394e+06 1.12429576e+01
1.04293911e+06 1.11715741e+01
1.04294831e+06 1.11454772e+01
1.04297107e+06 1.10400138e+01
1.04298463e+06 1.09771795e+01
1.04300438e+06 1.08523080e+01
1.04302413e+06 1.07274324e+01
1.04304388e+06 1.05718495e+01
1.04307350e+06 1.03384539e+01
1.04308338e+06 1.02479914e+01
1.04314263e+06 9.70518561e+00
1.04327841e+06 8.38837669e+00
1.04329076e+06 8.26866915e+00
1.04332532e+06 7.95989310e+00
1.04335001e+06 7.73934262e+00
1.04336976e+06 7.57929692e+00
1.04340926e+06 7.25920602e+00
1.04344876e+06 6.97414197e+00
1.04346851e+06 6.83161775e+00
1.04348826e+06 6.70618790e+00
1.04352776e+06 6.45532991e+00
1.04356726e+06 6.23624467e+00
1.04358701e+06 6.12670836e+00
1.04360676e+06 6.03152694e+00
1.04364626e+06 5.84116582e+00
1.04368577e+06 5.67702035e+00
1.04371045e+06 5.57443754e+00
1.04372527e+06 5.52178134e+00
1.04376477e+06 5.38137099e+00
1.04377958e+06 5.32872200e+00
1.04380920e+06 5.23965135e+00
1.04385364e+06 5.10605361e+00
1.04385858e+06 5.09362169e+00
1.04390796e+06 4.96931789e+00
1.04393758e+06 4.89473747e+00
1.04395733e+06 4.85338580e+00
1.04400665e+06 4.75012599e+00
1.04402646e+06 4.70866027e+00
1.04405603e+06 4.65769797e+00
1.04410546e+06 4.57250964e+00
1.04412027e+06 4.54698215e+00
1.04415977e+06 4.49157309e+00
1.04421902e+06 4.40846363e+00
1.04422890e+06 4.39461420e+00
1.04427828e+06 4.33531333e+00
1.04428815e+06 4.32345529e+00
1.04433753e+06 4.27374385e+00
1.04439678e+06 4.21409394e+00
1.04442640e+06 4.18427055e+00
1.04445603e+06 4.16099707e+00
1.04452515e+06 4.10669568e+00
1.04458441e+06 4.06015341e+00
1.04460416e+06 4.04823203e+00
1.04468316e+06 4.00054825e+00
1.04476216e+06 3.95286653e+00
1.04476216e+06 3.95286607e+00
1.04485103e+06 3.91248746e+00
1.04494979e+06 3.86762403e+00
1.04497941e+06 3.85416540e+00
1.04504854e+06 3.83124662e+00
1.04515717e+06 3.79523317e+00
1.04525592e+06 3.76249545e+00
1.04527567e+06 3.75786255e+00
1.04540404e+06 3.72775160e+00
1.04547317e+06 3.71153865e+00
1.04559167e+06 3.68374601e+00
1.04561142e+06 3.68055628e+00
1.04576943e+06 3.65503962e+00
1.04593977e+06 3.62753103e+00
1.04601137e+06 3.61597018e+00
1.04611012e+06 3.60541292e+00
1.04630762e+06 3.58429973e+00
1.04650512e+06 3.56318778e+00
1.04660388e+06 3.55263227e+00
1.04675200e+06 3.54261968e+00
1.04699888e+06 3.52593310e+00
1.04729514e+06 3.50591028e+00
1.04744327e+06 3.49589945e+00
1.04764077e+06 3.48772819e+00
1.04803578e+06 3.47138692e+00
1.04848016e+06 3.45300406e+00
1.04877641e+06 3.44074944e+00
1.04900965e+06 3.43480663e+00
1.04954760e+06 3.42110086e+00
1.05022004e+06 3.40396951e+00
1.05102697e+06 3.38341280e+00
1.05117109e+06 3.37974128e+00
1.05203584e+06 3.36477726e+00
1.05340392e+06 3.34110439e+00
1.05493852e+06 3.31455088e+00
1.05608947e+06 3.29463623e+00
1.05746410e+06 3.27594725e+00
1.06051906e+06 3.23441381e+00
1.06492665e+06 3.17449187e+00
1.06608403e+06 3.15875722e+00
1.07039197e+06 3.10542368e+00
1.07501926e+06 3.04813719e+00
1.07706030e+06 3.02286918e+00
1.07856579e+06 3.00423179e+00
1.08007127e+06 2.98559503e+00
1.08039051e+06 2.98164338e+00
1.08088347e+06 2.97223748e+00
1.08152129e+06 2.96006829e+00
1.08192738e+06 2.95232101e+00
1.08225488e+06 2.94607382e+00
1.08252435e+06 2.94093389e+00
1.08261418e+06 2.93922085e+00
1.08277357e+06 2.93338320e+00
1.08298225e+06 2.92574083e+00
1.08315616e+06 2.91937300e+00
1.08331435e+06 2.91358138e+00
1.08344898e+06 2.90865359e+00
1.08355668e+06 2.90471216e+00
1.08365091e+06 2.89791626e+00
1.08373300e+06 2.89199721e+00
1.08381640e+06 2.88598420e+00
1.08388938e+06 2.88072376e+00
1.08396236e+06 2.87546453e+00
1.08402491e+06 2.87095780e+00
1.08405719e+06 2.86863279e+00
1.08407333e+06 2.86645277e+00
1.08412982e+06 2.85882376e+00
1.08417824e+06 2.85228592e+00
1.08421455e+06 2.84738355e+00
1.08424683e+06 2.84302672e+00
1.08428757e+06 2.83752871e+00
1.08432689e+06 2.83222472e+00
1.08435188e+06 2.82885357e+00
1.08435969e+06 2.82700511e+00
1.08438625e+06 2.82072192e+00
1.08441437e+06 2.81407052e+00
1.08444562e+06 2.80668182e+00
1.08447276e+06 2.80026499e+00
1.08449541e+06 2.79491212e+00
1.08451826e+06 2.78951511e+00
1.08453934e+06 2.78453553e+00
1.08454169e+06 2.78362571e+00
1.08456511e+06 2.77453077e+00
1.08458561e+06 2.76657490e+00
1.08460201e+06 2.76021209e+00
1.08461894e+06 2.75364917e+00
1.08463729e+06 2.74653160e+00
1.08465520e+06 2.73959128e+00
1.08466849e+06 2.73444488e+00
1.08467292e+06 2.73187730e+00
1.08468953e+06 2.72225702e+00
1.08470337e+06 2.71424288e+00
1.08471555e+06 2.70719401e+00
1.08472828e+06 2.69982805e+00
1.08473493e+06 2.69598708e+00
1.08474157e+06 2.69070714e+00
1.08475154e+06 2.68279075e+00
1.08476150e+06 2.67487784e+00
1.08477147e+06 2.66696896e+00
1.08478144e+06 2.65906472e+00
1.08478199e+06 2.65862643e+00
1.08479140e+06 2.64854188e+00
1.08480137e+06 2.63787224e+00
1.08480884e+06 2.62987345e+00
1.08481632e+06 2.62188040e+00
1.08482365e+06 2.61403899e+00
1.08482795e+06 2.60945628e+00
1.08483071e+06 2.60546636e+00
1.08483902e+06 2.59350285e+00
1.08484732e+06 2.58154881e+00
1.08485355e+06 2.57258995e+00
1.08485950e+06 2.56403579e+00
1.08486665e+06 2.55378042e+00
1.08486670e+06 2.55367823e+00
1.08487335e+06 2.54134172e+00
1.08487944e+06 2.53004478e+00
1.08488542e+06 2.51896315e+00
1.08489175e+06 2.50722546e+00
1.08489820e+06 2.49529514e+00
1.08489909e+06 2.49365650e+00
1.08490493e+06 2.48055361e+00
1.08491144e+06 2.46597507e+00
1.08491775e+06 2.45184995e+00
1.08492406e+06 2.43774011e+00
1.08492517e+06 2.43526868e+00
1.08492982e+06 2.42292520e+00
1.08493513e+06 2.40883429e+00
1.08494045e+06 2.39475838e+00
1.08494599e+06 2.38011132e+00
1.08495174e+06 2.36489869e+00
1.08495728e+06 2.35028907e+00
1.08496260e+06 2.33628351e+00
1.08497057e+06 2.31531135e+00
1.08497810e+06 2.29554272e+00
1.08497854e+06 2.29438281e+00
1.08498651e+06 2.27360073e+00
1.08499449e+06 2.25286048e+00
1.08500246e+06 2.23216677e+00
1.08500703e+06 2.22033356e+00
1.08501043e+06 2.21325122e+00
1.08501841e+06 2.19670077e+00
1.08502870e+06 2.17538598e+00
1.08503081e+06 2.17263067e+00
1.08504498e+06 2.15415464e+00
1.08504664e+06 2.15199499e+00
1.08506048e+06 2.14577665e+00
1.08507378e+06 2.15161145e+00
1.08508064e+06 2.16142874e+00
1.08508731e+06 2.17094799e+00
1.08509403e+06 2.18769052e+00
1.08510046e+06 2.20363231e+00
1.08510345e+06 2.21436420e+00
1.08511231e+06 2.24608597e+00
1.08511435e+06 2.25339951e+00
1.08512072e+06 2.28317972e+00
1.08512825e+06 2.31832275e+00
1.08513645e+06 2.36458241e+00
1.08514154e+06 2.39327694e+00
1.08514464e+06 2.41365653e+00
1.08515495e+06 2.48127111e+00
1.08515939e+06 2.51032303e+00
1.08516429e+06 2.54659010e+00
1.08517285e+06 2.60985780e+00
1.08518140e+06 2.67299404e+00
1.08518852e+06 2.72539527e+00
1.08519026e+06 2.73837754e+00
1.08519912e+06 2.80420190e+00
1.08520709e+06 2.86333955e+00
1.08521723e+06 2.93839039e+00
1.08521795e+06 2.94371569e+00
1.08522570e+06 2.99599240e+00
1.08523334e+06 3.04745564e+00
1.08523832e+06 3.07706187e+00
1.08524983e+06 3.14540276e+00
1.08525169e+06 3.15435622e+00
1.08526999e+06 3.24258691e+00
1.08528416e+06 3.29224846e+00
1.08529036e+06 3.31399357e+00
1.08529767e+06 3.33093536e+00
1.08530775e+06 3.35434916e+00
1.08530897e+06 3.35600139e+00
1.08531694e+06 3.36687014e+00
1.08532480e+06 3.37762548e+00
1.08532491e+06 3.37767303e+00
1.08533289e+06 3.38116142e+00
1.08534086e+06 3.38469319e+00
1.08534883e+06 3.38827027e+00
1.08534891e+06 3.38830796e+00
1.08535680e+06 3.38635714e+00
1.08536478e+06 3.38442884e+00
1.08536627e+06 3.38407383e+00
1.08537009e+06 3.38117416e+00
1.08537585e+06 3.37682375e+00
1.08538161e+06 3.37249299e+00
1.08538692e+06 3.36851420e+00
1.08539224e+06 3.36455057e+00
1.08539755e+06 3.36060134e+00
1.08540099e+06 3.35806100e+00
1.08540287e+06 3.35612456e+00
1.08540818e+06 3.35067226e+00
1.08541416e+06 3.34455406e+00
1.08542081e+06 3.33777300e+00
1.08542745e+06 3.33100905e+00
1.08543409e+06 3.32426078e+00
1.08544103e+06 3.31723218e+00
1.08544831e+06 3.30986807e+00
1.08545555e+06 3.30256030e+00
1.08546244e+06 3.29561333e+00
1.08546992e+06 3.28809216e+00
1.08547615e+06 3.28183193e+00
1.08548237e+06 3.27557931e+00
1.08549068e+06 3.26724966e+00
1.08549799e+06 3.25992900e+00
1.08549898e+06 3.25915139e+00
1.08550646e+06 3.25332237e+00
1.08551393e+06 3.24749992e+00
1.08551892e+06 3.24362090e+00
1.08552888e+06 3.23586900e+00
1.08553885e+06 3.22812426e+00
1.08554881e+06 3.22038563e+00
1.08555878e+06 3.21265224e+00
1.08556875e+06 3.20738210e+00
1.08557871e+06 3.20211587e+00
1.08559200e+06 3.19509945e+00
1.08560529e+06 3.18808863e+00
1.08561857e+06 3.18108157e+00
1.08563186e+06 3.17407816e+00
1.08564626e+06 3.16649430e+00
1.08565561e+06 3.16156877e+00
1.08566287e+06 3.15874225e+00
1.08568058e+06 3.15184461e+00
1.08569835e+06 3.14493168e+00
1.08571626e+06 3.13796642e+00
1.08571923e+06 3.13681239e+00
1.08573506e+06 3.13266788e+00
1.08575617e+06 3.12714537e+00
1.08577955e+06 3.12103383e+00
1.08580368e+06 3.11472813e+00
1.08582856e+06 3.10822754e+00
1.08585570e+06 3.10113865e+00
1.08588550e+06 3.09335824e+00
1.08590685e+06 3.08778600e+00
1.08591724e+06 3.08627024e+00
1.08595017e+06 3.08146941e+00
1.08598431e+06 3.07649137e+00
1.08602096e+06 3.07115095e+00
1.08606035e+06 3.06541264e+00
1.08610144e+06 3.05942865e+00
1.08614474e+06 3.05312347e+00
1.08619193e+06 3.04625426e+00
1.08619946e+06 3.04515852e+00
1.08624248e+06 3.04185720e+00
1.08629625e+06 3.03773176e+00
1.08635621e+06 3.03313325e+00
1.08642320e+06 3.02799652e+00
1.08649569e+06 3.02243867e+00
1.08657348e+06 3.01647655e+00
1.08665844e+06 3.00996538e+00
1.08667765e+06 3.00849298e+00
1.08675404e+06 3.00554664e+00
1.08686434e+06 3.00129337e+00
1.08699188e+06 2.99637630e+00
1.08713180e+06 2.99098274e+00
1.08720355e+06 2.98821711e+00
1.08738892e+06 2.98107327e+00
1.08757429e+06 2.97393029e+00
1.08761136e+06 2.97320009e+00
1.08784461e+06 2.96860672e+00
1.08813193e+06 2.96294949e+00
1.08851502e+06 2.95540739e+00
1.08899582e+06 2.94594261e+00
1.08955241e+06 2.93498641e+00
1.08963228e+06 2.93402959e+00
1.09051087e+06 2.92350551e+00
1.09178360e+06 2.90826103e+00
1.09381355e+06 2.88394777e+00
1.09530147e+06 2.86612704e+00
1.09736641e+06 2.84556431e+00
1.10335028e+06 2.78597763e+00
1.11144626e+06 2.70535943e+00
1.11910807e+06 2.62906535e+00
1.12363822e+06 2.58395574e+00
1.12575523e+06 2.55941793e+00
1.13240239e+06 2.48237266e+00
1.13288800e+06 2.47674418e+00
1.13652603e+06 2.42552308e+00
1.13934278e+06 2.38586545e+00
1.13988799e+06 2.37630801e+00
1.14249739e+06 2.33056581e+00
1.14386590e+06 2.30657660e+00
1.14435615e+06 2.29607675e+00
1.14553197e+06 2.27089425e+00
1.14631569e+06 2.25410998e+00
1.14684675e+06 2.24273732e+00
1.14721623e+06 2.23482565e+00
1.14743788e+06 2.23008018e+00
1.14764252e+06 2.22569945e+00
1.14779141e+06 2.22251269e+00
1.14791465e+06 2.21987594e+00
1.14802027e+06 2.21761669e+00
1.14810603e+06 2.21578331e+00
1.14817418e+06 2.21432707e+00
1.14822529e+06 2.21323555e+00
1.14827025e+06 2.21227603e+00
1.14831928e+06 2.21123049e+00
1.14836150e+06 2.21033120e+00
1.14839118e+06 2.20969956e+00
1.14841776e+06 2.20913465e+00
1.14845006e+06 2.20844905e+00
1.14847717e+06 2.20787469e+00
1.14849913e+06 2.20741035e+00
1.14852185e+06 2.20693090e+00
1.14853938e+06 2.20656207e+00
1.14855520e+06 2.20623022e+00
1.14856970e+06 2.20592679e+00
1.14858166e+06 2.20567768e+00
1.14859234e+06 2.20545607e+00
1.14860301e+06 2.20523555e+00
1.14861280e+06 2.20503457e+00
1.14862220e+06 2.20484311e+00
1.14863119e+06 2.20466130e+00
1.14863979e+06 2.20448933e+00
1.14864780e+06 2.20433124e+00
1.14865303e+06 2.20422919e+00
1.14865680e+06 2.20415670e+00
1.14865816e+06 2.20436840e+00
1.14866504e+06 2.20543611e+00
1.14867123e+06 2.20639910e+00
1.14867685e+06 2.20727708e+00
1.14868202e+06 2.20808570e+00
1.14868718e+06 2.20889681e+00
1.14869235e+06 2.20971077e+00
1.14869751e+06 2.21052796e+00
1.14870211e+06 2.21125744e+00
1.14870639e+06 2.21194138e+00
1.14871068e+06 2.21262831e+00
1.14871080e+06 2.21264764e+00
1.14871481e+06 2.21437997e+00
1.14871803e+06 2.21576948e+00
1.14872170e+06 2.21736027e+00
1.14872534e+06 2.21893955e+00
1.14872891e+06 2.22049226e+00
1.14873272e+06 2.22215203e+00
1.14873650e+06 2.22380793e+00
1.14873780e+06 2.22437604e+00
1.14874003e+06 2.22619460e+00
1.14874359e+06 2.22909980e+00
1.14874714e+06 2.23200900e+00
1.14875070e+06 2.23492418e+00
1.14875426e+06 2.23784406e+00
1.14875793e+06 2.24086781e+00
1.14876172e+06 2.24399568e+00
1.14876480e+06 2.24653927e+00
1.14876552e+06 2.24754851e+00
1.14876931e+06 2.25290442e+00
1.14877310e+06 2.25826750e+00
1.14877690e+06 2.26363968e+00
1.14878022e+06 2.26834838e+00
1.14878448e+06 2.27441340e+00
1.14878875e+06 2.28049332e+00
1.14878972e+06 2.28188264e+00
1.14879302e+06 2.28914304e+00
1.14879733e+06 2.29866465e+00
1.14880174e+06 2.30840370e+00
1.14880669e+06 2.31938216e+00
1.14881164e+06 2.33038153e+00
1.14881326e+06 2.33398406e+00
1.14881660e+06 2.34395943e+00
1.14882155e+06 2.35880088e+00
1.14882743e+06 2.37642224e+00
1.14882839e+06 2.37931742e+00
1.14883183e+06 2.39199931e+00
1.14883623e+06 2.40825144e+00
1.14884268e+06 2.43205901e+00
1.14884423e+06 2.43781249e+00
1.14884739e+06 2.45203458e+00
1.14885250e+06 2.47509454e+00
1.14886018e+06 2.50973648e+00
1.14886458e+06 2.52965564e+00
1.14886785e+06 2.54726408e+00
1.14887553e+06 2.58865465e+00
1.14888327e+06 2.63047151e+00
1.14888965e+06 2.66497291e+00
1.14889446e+06 2.69327824e+00
1.14892486e+06 2.87245376e+00
1.14893324e+06 2.92183653e+00
1.14893490e+06 2.93042494e+00
1.14894336e+06 2.97413079e+00
1.14895109e+06 3.01396509e+00
1.14895274e+06 3.02242439e+00
1.14896128e+06 3.05806725e+00
1.14896617e+06 3.07840738e+00
1.14897088e+06 3.09213688e+00
1.14897902e+06 3.11571595e+00
1.14898374e+06 3.12929355e+00
1.14898619e+06 3.13256625e+00
1.14899304e+06 3.14157549e+00
1.14899920e+06 3.14955714e+00
1.14900174e+06 3.15024156e+00
1.14900398e+06 3.15081716e+00
1.14900419e+06 3.15086640e+00
1.14901060e+06 3.14691332e+00
1.14901614e+06 3.14340859e+00
1.14901722e+06 3.14145207e+00
1.14902406e+06 3.12888663e+00
1.14902809e+06 3.12142724e+00
1.14903164e+06 3.11077889e+00
1.14903736e+06 3.09350755e+00
1.14904123e+06 3.08177885e+00
1.14904603e+06 3.06232229e+00
1.14905271e+06 3.03518735e+00
1.14905344e+06 3.03223247e+00
1.14906161e+06 2.99098875e+00
1.14907243e+06 2.93629984e+00
1.14907249e+06 2.93594214e+00
1.14908633e+06 2.85466764e+00
1.14911393e+06 2.69237156e+00
1.14912392e+06 2.63362453e+00
1.14912617e+06 2.62043493e+00
1.14913250e+06 2.58723747e+00
1.14914066e+06 2.54448996e+00
1.14914869e+06 2.50246916e+00
1.14914884e+06 2.50181081e+00
1.14915430e+06 2.47806502e+00
1.14916066e+06 2.45039782e+00
1.14916672e+06 2.42409288e+00
1.14916950e+06 2.41204173e+00
1.14917278e+06 2.40042871e+00
1.14917747e+06 2.38387229e+00
1.14918207e+06 2.36760769e+00
1.14918456e+06 2.35883474e+00
1.14918677e+06 2.35258139e+00
1.14919225e+06 2.33708895e+00
1.14919753e+06 2.32217951e+00
1.14920191e+06 2.30985552e+00
1.14920281e+06 2.30789140e+00
1.14920810e+06 2.29650210e+00
1.14921162e+06 2.28892303e+00
1.14921651e+06 2.27841542e+00
1.14921886e+06 2.27337802e+00
1.14922121e+06 2.26976364e+00
1.14922590e+06 2.26255015e+00
1.14923045e+06 2.25557454e+00
1.14923500e+06 2.24861593e+00
1.14923904e+06 2.24244098e+00
1.14923999e+06 2.24098939e+00
1.14924359e+06 2.23759249e+00
1.14924814e+06 2.23330890e+00
1.14925218e+06 2.22950987e+00
1.14925623e+06 2.22571864e+00
1.14926027e+06 2.22193373e+00
1.14926355e+06 2.21886417e+00
1.14926734e+06 2.21532791e+00
1.14926817e+06 2.21455461e+00
1.14927114e+06 2.21306751e+00
1.14927493e+06 2.21116886e+00
1.14927938e+06 2.20894071e+00
1.14928325e+06 2.20701442e+00
1.14928719e+06 2.20505521e+00
1.14929120e+06 2.20306348e+00
1.14929516e+06 2.20109851e+00
1.14929635e+06 2.20050862e+00
1.14929957e+06 2.19987738e+00
1.14930332e+06 2.19914303e+00
1.14930789e+06 2.19825211e+00
1.14931262e+06 2.19733264e+00
1.14931691e+06 2.19650275e+00
1.14932241e+06 2.19543909e+00
1.14932792e+06 2.19437853e+00
1.14933343e+06 2.19332066e+00
1.14933910e+06 2.19223393e+00
1.14934509e+06 2.19108703e+00
1.14935129e+06 2.18990308e+00
1.14935146e+06 2.18989359e+00
1.14935798e+06 2.18951561e+00
1.14936532e+06 2.18909246e+00
1.14937414e+06 2.18858697e+00
1.14938295e+06 2.18808339e+00
1.14939176e+06 2.18758149e+00
1.14940076e+06 2.18707010e+00
1.14941015e+06 2.18653821e+00
1.14942067e+06 2.18594263e+00
1.14943193e+06 2.18530660e+00
1.14944692e+06 2.18446143e+00
1.14946353e+06 2.18352542e+00
1.14948274e+06 2.18244494e+00
1.14950337e+06 2.18128562e+00
1.14952643e+06 2.17999098e+00
1.14955392e+06 2.17844827e+00
1.14958659e+06 2.17661678e+00
1.14962269e+06 2.17459409e+00
1.14966130e+06 2.17243206e+00
1.14970373e+06 2.17005686e+00
1.14975420e+06 2.16723311e+00
1.14981493e+06 2.16383614e+00
1.14988237e+06 2.16006447e+00
1.14988526e+06 2.15995648e+00
1.14996815e+06 2.15686011e+00
1.15006828e+06 2.15312092e+00
1.15019073e+06 2.14854924e+00
1.15033422e+06 2.14319276e+00
1.15052907e+06 2.13591969e+00
1.15078214e+06 2.12647483e+00
1.15112741e+06 2.11359017e+00
1.15169791e+06 2.09230145e+00
1.15192653e+06 2.08377040e+00
1.15226840e+06 2.06796986e+00
1.15283890e+06 2.04160338e+00
1.15340940e+06 2.01523763e+00
1.15355203e+06 2.00702359e+00
1.15417957e+06 1.97088275e+00
1.15457892e+06 1.94788465e+00
1.15475007e+06 1.93570486e+00
1.15526352e+06 1.89916624e+00
1.15554877e+06 1.87886762e+00
1.15571992e+06 1.86396551e+00
1.15611927e+06 1.82919501e+00
1.15634747e+06 1.80932664e+00
1.15651862e+06 1.79128082e+00
1.15686092e+06 1.75519010e+00
1.15703207e+06 1.73714523e+00
1.15714617e+06 1.72273352e+00
1.15743142e+06 1.68670538e+00
1.15760256e+06 1.66508925e+00
1.15771666e+06 1.64801724e+00
1.15794486e+06 1.61387440e+00
1.15811601e+06 1.58826800e+00
1.15817306e+06 1.57830998e+00
1.15840126e+06 1.53847940e+00
1.15851536e+06 1.51856478e+00
1.15862946e+06 1.49559404e+00
1.15880061e+06 1.46113882e+00
1.15891471e+06 1.43816951e+00
1.15897176e+06 1.42503328e+00
1.15914291e+06 1.38562530e+00
1.15925169e+06 1.36057998e+00
1.15931406e+06 1.34435628e+00
1.15948521e+06 1.29984002e+00
1.15957078e+06 1.27758296e+00
1.15965636e+06 1.25273349e+00
1.15979898e+06 1.21131914e+00
1.15985603e+06 1.19475423e+00
1.15994161e+06 1.16739538e+00
1.16008423e+06 1.12179960e+00
1.16014128e+06 1.10356266e+00
1.16022686e+06 1.07398758e+00
1.16036948e+06 1.02469873e+00
1.16045506e+06 9.95127722e-01
1.16051211e+06 9.74736480e-01
1.16062621e+06 9.33956689e-01
1.16074031e+06 8.93179650e-01
1.16085441e+06 8.52405866e-01
1.16093998e+06 8.21827582e-01
1.16096850e+06 8.12361384e-01
1.16108260e+06 7.74499878e-01
1.16119670e+06 7.40510548e-01
1.16128228e+06 7.18424380e-01
1.16133933e+06 7.06289030e-01
1.16136785e+06 7.00222351e-01
1.16145343e+06 6.86568759e-01
1.16148195e+06 6.83589278e-01
1.16151048e+06 6.80610627e-01
1.16158536e+06 6.77342728e-01
1.16159249e+06 6.77324125e-01
1.16165310e+06 6.79477679e-01
1.16171015e+06 6.85523747e-01
1.16176720e+06 6.95822045e-01
1.16182425e+06 7.10766483e-01
1.16188130e+06 7.30734229e-01
1.16193835e+06 7.56064540e-01
1.16198114e+06 7.79307522e-01
1.16199540e+06 7.87054263e-01
1.16205245e+06 8.23950534e-01
1.16210950e+06 8.66941477e-01
1.16212376e+06 8.79241403e-01
1.16216655e+06 9.16136059e-01
1.16222360e+06 9.71578217e-01
1.16228065e+06 1.03321480e+00
1.16232830e+06 1.09010607e+00
1.16235045e+06 1.11655291e+00
1.16242695e+06 1.21690850e+00
1.16250900e+06 1.33372744e+00
1.16260063e+06 1.47322755e+00
1.16260959e+06 1.48686796e+00
1.16269496e+06 1.62271714e+00
1.16278928e+06 1.77281557e+00
1.16288887e+06 1.93127004e+00
1.16293503e+06 2.00470811e+00
1.16299377e+06 2.09316890e+00
1.16305082e+06 2.17907176e+00
1.16310787e+06 2.25801467e+00
1.16316492e+06 2.33695438e+00
1.16325050e+06 2.44317529e+00
1.16327902e+06 2.47858169e+00
1.16336640e+06 2.57433272e+00
1.16347870e+06 2.68102603e+00
1.16356427e+06 2.74989860e+00
1.16366411e+06 2.81546050e+00
1.16370690e+06 2.84355833e+00
1.16379247e+06 2.88642860e+00
1.16384952e+06 2.91501060e+00
1.16394308e+06 2.94839100e+00
1.16400013e+06 2.96874777e+00
1.16407772e+06 2.98667435e+00
1.16416330e+06 3.00644835e+00
1.16419182e+06 3.00995822e+00
1.16430592e+06 3.02400110e+00
1.16436297e+06 3.03102401e+00
1.16442002e+06 3.03308167e+00
1.16453412e+06 3.03719998e+00
1.16455245e+06 3.03786201e+00
1.16464902e+06 3.03432413e+00
1.16479084e+06 3.02913189e+00
1.16486648e+06 3.02636457e+00
1.16493347e+06 3.02002471e+00
1.16507609e+06 3.00652959e+00
1.16520596e+06 2.99424446e+00
1.16536134e+06 2.97954716e+00
1.16538987e+06 2.97684968e+00
1.16550397e+06 2.96324760e+00
1.16567512e+06 2.94284691e+00
1.16584627e+06 2.92244858e+00
1.16601742e+06 2.90205208e+00
1.16618856e+06 2.88165736e+00
1.16635972e+06 2.86126398e+00
1.16653086e+06 2.84087201e+00
1.16675906e+06 2.81368422e+00
1.16693021e+06 2.79329466e+00
1.16698726e+06 2.78754783e+00
1.16721546e+06 2.76456196e+00
1.16750071e+06 2.73583107e+00
1.16778596e+06 2.70710171e+00
1.16795711e+06 2.68986485e+00
1.16807121e+06 2.68051412e+00
1.16841351e+06 2.65246332e+00
1.16881286e+06 2.61973878e+00
1.16915516e+06 2.59169025e+00
1.16921221e+06 2.58791972e+00
1.16966861e+06 2.55775676e+00
1.17018205e+06 2.52382469e+00
1.17058140e+06 2.49743386e+00
1.17075255e+06 2.48821393e+00
1.17133779e+06 2.45668772e+00
1.17202191e+06 2.41983568e+00
1.17230716e+06 2.40447032e+00
1.17287766e+06 2.37887756e+00
1.17411494e+06 2.32337448e+00
1.17458915e+06 2.30210218e+00
1.17520779e+06 2.27831138e+00
1.17630065e+06 2.23628476e+00
1.17746962e+06 2.19133202e+00
1.17804748e+06 2.16911129e+00
1.17869599e+06 2.14679957e+00
1.17982300e+06 2.10802653e+00
1.18099543e+06 2.06769203e+00
1.18206850e+06 2.03077693e+00
1.18268168e+06 2.00968325e+00
1.18298827e+06 2.00043614e+00
1.18390805e+06 1.97269584e+00
1.18482782e+06 1.94495690e+00
1.18544101e+06 1.92646524e+00
1.18574760e+06 1.91926386e+00
1.18644592e+06 1.90286253e+00
1.18712726e+06 1.88686117e+00
1.18728056e+06 1.88326132e+00
1.18789374e+06 1.87449757e+00
1.18850692e+06 1.86573513e+00
1.18866022e+06 1.86354485e+00
1.18912011e+06 1.86132917e+00
1.18942670e+06 1.85985279e+00
1.18973329e+06 1.86161058e+00
1.19034647e+06 1.86512780e+00
1.19095966e+06 1.87746565e+00
1.19126625e+06 1.88363557e+00
1.19157284e+06 1.89493450e+00
1.19203273e+06 1.91188451e+00
1.19218602e+06 1.92025661e+00
1.19279921e+06 1.95374757e+00
1.19341239e+06 1.99972192e+00
1.19356569e+06 2.01121621e+00
1.19402557e+06 2.05509773e+00
1.19433217e+06 2.08435360e+00
1.19463876e+06 2.11970082e+00
1.19525194e+06 2.19039835e+00
1.19571183e+06 2.24776875e+00
1.19617172e+06 2.30514168e+00
1.19663160e+06 2.36251785e+00
1.19701484e+06 2.40293688e+00
1.19724479e+06 2.42719071e+00
1.19739808e+06 2.43864883e+00
1.19770468e+06 2.46156908e+00
1.19801127e+06 2.47173612e+00
1.19824121e+06 2.47936531e+00
1.19828912e+06 2.48095561e+00
1.19847115e+06 2.47670765e+00
1.19870110e+06 2.47134683e+00
1.19893104e+06 2.46599186e+00
1.19895596e+06 2.46541220e+00
1.19914732e+06 2.45835926e+00
1.19934407e+06 2.45111375e+00
1.19954502e+06 2.44372007e+00
1.19962281e+06 2.44086046e+00
1.19975246e+06 2.44532858e+00
1.19983013e+06 2.44800789e+00
1.20003744e+06 2.47256061e+00
1.20017101e+06 2.50215111e+00
1.20031070e+06 2.54908202e+00
1.20045040e+06 2.61440637e+00
1.20048273e+06 2.63418910e+00
1.20058102e+06 2.69434226e+00
1.20067507e+06 2.76590242e+00
1.20069768e+06 2.78310207e+00
1.20083782e+06 2.91086967e+00
1.20095877e+06 3.03897980e+00
1.20107742e+06 3.18136076e+00
1.20110785e+06 3.21787132e+00
1.20118539e+06 3.32135832e+00
1.20131201e+06 3.49032728e+00
1.20143862e+06 3.65928534e+00
1.20156951e+06 3.83393605e+00
1.20168219e+06 3.98427646e+00
1.20183444e+06 4.17386515e+00
1.20186926e+06 4.21721744e+00
1.20200853e+06 4.37265782e+00
1.20214780e+06 4.50940448e+00
1.20228707e+06 4.62610047e+00
1.20249597e+06 4.76755006e+00
1.20270488e+06 4.87331098e+00
1.20291378e+06 4.94645402e+00
1.20306244e+06 4.97739839e+00
1.20319232e+06 5.00443574e+00
1.20322714e+06 5.00692638e+00
1.20340122e+06 5.01938424e+00
1.20357531e+06 5.03184695e+00
1.20358401e+06 5.03247029e+00
1.20374940e+06 5.02429969e+00
1.20395830e+06 5.01398399e+00
1.20411933e+06 5.00603602e+00
1.20416721e+06 5.00058862e+00
1.20437611e+06 4.97682250e+00
1.20458501e+06 4.95306008e+00
1.20465465e+06 4.94514041e+00
1.20479392e+06 4.92278880e+00
1.20500282e+06 4.88926432e+00
1.20523725e+06 4.85164726e+00
1.20549026e+06 4.81104938e+00
1.20576880e+06 4.76635941e+00
1.20604734e+06 4.72167204e+00
1.20639551e+06 4.66581583e+00
1.20674369e+06 4.60996255e+00
1.20709186e+06 4.55411166e+00
1.20750967e+06 4.48709295e+00
1.20792296e+06 4.42080223e+00
1.20806675e+06 4.39773880e+00
1.20841492e+06 4.34815046e+00
1.20890236e+06 4.27872890e+00
1.20945944e+06 4.19939220e+00
1.20973798e+06 4.15972502e+00
1.21005118e+06 4.12127329e+00
1.21064323e+06 4.04859019e+00
1.21126994e+06 3.97165314e+00
1.21145272e+06 3.94921520e+00
1.21189665e+06 3.90265195e+00
1.21257559e+06 3.83144111e+00
1.21327194e+06 3.75840559e+00
1.21396829e+06 3.69591696e+00
1.21486512e+06 3.61543847e+00
1.21518689e+06 3.58656425e+00
1.21571803e+06 3.54586359e+00
1.21657959e+06 3.47984478e+00
1.21744594e+06 3.41345920e+00
1.21762411e+06 3.40176630e+00
1.21866863e+06 3.33321705e+00
1.21988723e+06 3.25324409e+00
1.22006132e+06 3.24181957e+00
1.22110584e+06 3.18218329e+00
1.22249853e+06 3.10266924e+00
1.22311758e+06 3.06732573e+00
1.22380529e+06 3.03229186e+00
1.22518070e+06 2.96222483e+00
1.22689996e+06 2.87464206e+00
1.22861923e+06 2.78706019e+00
1.23008523e+06 2.71238049e+00
1.23175920e+06 2.62710780e+00
1.23308931e+06 2.55935185e+00
1.23343317e+06 2.54012362e+00
1.23480858e+06 2.46321133e+00
1.23584013e+06 2.40552770e+00
1.23618399e+06 2.38401197e+00
1.23755940e+06 2.29795005e+00
1.23824710e+06 2.25491950e+00
1.23870029e+06 2.22297344e+00
1.23979444e+06 2.14584466e+00
1.24013829e+06 2.12160615e+00
1.24099792e+06 2.05394268e+00
1.24185756e+06 1.98627997e+00
1.24202948e+06 1.97130749e+00
1.24306104e+06 1.88147350e+00
1.24340489e+06 1.85152922e+00
1.24409260e+06 1.78528141e+00
1.24495223e+06 1.70247266e+00
1.24551099e+06 1.64864767e+00
1.24581186e+06 1.61829703e+00
1.24667149e+06 1.53158206e+00
1.24753112e+06 1.44486844e+00
1.24821883e+06 1.37549852e+00
1.24856268e+06 1.34392404e+00
1.24907846e+06 1.29656305e+00
1.24977532e+06 1.24079065e+00
1.25028195e+06 1.20702763e+00
1.25079773e+06 1.18066290e+00
1.25114158e+06 1.16814918e+00
1.25148543e+06 1.16049659e+00
1.25182928e+06 1.15796737e+00
1.25200121e+06 1.16018951e+00
1.25221612e+06 1.16296676e+00
1.25260295e+06 1.17514458e+00
1.25286084e+06 1.18942544e+00
1.25303277e+06 1.19894554e+00
1.25337662e+06 1.22601499e+00
1.25354855e+06 1.24323045e+00
1.25372047e+06 1.26044529e+00
1.25406433e+06 1.30214490e+00
1.25423625e+06 1.32655793e+00
1.25440818e+06 1.35097028e+00
1.25475203e+06 1.40664240e+00
1.25509588e+06 1.46892138e+00
1.25563379e+06 1.57760569e+00
1.25624466e+06 1.71481306e+00
1.25643118e+06 1.76079027e+00
1.25722856e+06 1.95734911e+00
1.25869495e+06 2.31881701e+00
1.25885859e+06 2.35915562e+00
1.25941983e+06 2.49015919e+00
1.25984077e+06 2.58841411e+00
1.26026170e+06 2.68667121e+00
1.26054232e+06 2.75217792e+00
1.26082294e+06 2.81768683e+00
1.26105679e+06 2.87227971e+00
1.26124387e+06 2.91595614e+00
1.26143095e+06 2.96576097e+00
1.26161569e+06 3.01494587e+00
1.26177704e+06 3.05790716e+00
1.26192671e+06 3.10606851e+00
1.26205767e+06 3.14821236e+00
1.26213250e+06 3.17229661e+00
1.26218862e+06 3.19465478e+00
1.26230087e+06 3.23937406e+00
1.26241312e+06 3.28409661e+00
1.26250666e+06 3.33077566e+00
1.26260020e+06 3.37745807e+00
1.26263761e+06 3.39613257e+00
1.26269374e+06 3.43121017e+00
1.26276857e+06 3.47798363e+00
1.26282469e+06 3.51306640e+00
1.26284340e+06 3.52759669e+00
1.26291823e+06 3.58572188e+00
1.26297436e+06 3.62931890e+00
1.26303048e+06 3.68290261e+00
1.26308661e+06 3.73649084e+00
1.26310531e+06 3.75435462e+00
1.26314273e+06 3.79782038e+00
1.26319885e+06 3.86302364e+00
1.26321756e+06 3.88475982e+00
1.26325498e+06 3.93707948e+00
1.26331110e+06 4.01556500e+00
1.26336723e+06 4.10944870e+00
1.26340464e+06 4.17204279e+00
1.26341400e+06 4.19072371e+00
1.26346077e+06 4.28413482e+00
1.26348883e+06 4.34018590e+00
1.26350754e+06 4.38447751e+00
1.26355431e+06 4.49521479e+00
1.26356366e+06 4.51736411e+00
1.26360108e+06 4.62188622e+00
1.26363616e+06 4.71988408e+00
1.26363849e+06 4.72641620e+00
1.26366655e+06 4.81832362e+00
1.26370397e+06 4.94087445e+00
1.26374139e+06 5.08347898e+00
1.26376945e+06 5.19043987e+00
1.26377880e+06 5.23153416e+00
1.26381622e+06 5.39592232e+00
1.26382557e+06 5.43702218e+00
1.26384953e+06 5.55650560e+00
1.26387759e+06 5.69648838e+00
1.26388227e+06 5.72292638e+00
1.26391911e+06 5.93122641e+00
1.26393782e+06 6.03699179e+00
1.26395653e+06 6.15617737e+00
1.26399395e+06 6.39455042e+00
1.26403136e+06 6.65842980e+00
1.26405007e+06 6.79037680e+00
1.26407346e+06 6.96941971e+00
1.26411555e+06 7.29171299e+00
1.26412490e+06 7.36607258e+00
1.26424767e+06 8.34208131e+00
1.26426521e+06 8.48149835e+00
1.26428860e+06 8.64460652e+00
1.26432134e+06 8.87293870e+00
1.26433069e+06 8.92721792e+00
1.26435641e+06 9.07646856e+00
1.26436343e+06 9.10917758e+00
1.26438743e+06 9.22106332e+00
1.26439211e+06 9.23646922e+00
1.26442207e+06 9.33513586e+00
1.26442397e+06 9.34138081e+00
1.26445289e+06 9.38976016e+00
1.26445937e+06 9.40059298e+00
1.26447756e+06 9.40775888e+00
1.26447923e+06 9.40625562e+00
1.26449006e+06 9.39645742e+00
1.26451289e+06 9.37578893e+00
1.26451913e+06 9.35967078e+00
1.26454821e+06 9.28462419e+00
1.26457389e+06 9.17840506e+00
1.26458325e+06 9.13971528e+00
1.26460196e+06 9.03609242e+00
1.26462066e+06 8.93245422e+00
1.26463002e+06 8.86858140e+00
1.26466743e+06 8.61306037e+00
1.26470777e+06 8.29606232e+00
1.26472356e+06 8.17202101e+00
1.26476609e+06 7.81528116e+00
1.26486387e+06 6.99517640e+00
1.26487088e+06 6.94011595e+00
1.26491532e+06 6.59143631e+00
1.26491999e+06 6.55473536e+00
1.26495741e+06 6.28644987e+00
1.26497144e+06 6.18584836e+00
1.26499482e+06 6.03427132e+00
1.26501821e+06 5.88270342e+00
1.26503224e+06 5.80143220e+00
1.26506966e+06 5.58472353e+00
1.26510707e+06 5.39439100e+00
1.26512578e+06 5.29923140e+00
1.26514449e+06 5.21649709e+00
1.26518191e+06 5.05104091e+00
1.26521932e+06 4.90724659e+00
1.26523452e+06 4.84883155e+00
1.26525674e+06 4.77425492e+00
1.26528363e+06 4.68398096e+00
1.26529415e+06 4.65338627e+00
1.26533157e+06 4.54461126e+00
1.26534326e+06 4.51062006e+00
1.26536782e+06 4.45022620e+00
1.26540289e+06 4.36395360e+00
1.26541575e+06 4.33232486e+00
1.26544382e+06 4.27489357e+00
1.26549059e+06 4.17918311e+00
1.26549293e+06 4.17439695e+00
1.26553736e+06 4.09946372e+00
1.26557477e+06 4.03636680e+00
1.26558179e+06 4.02672732e+00
1.26562622e+06 3.96568796e+00
1.26566598e+06 3.91107729e+00
1.26567767e+06 3.89821672e+00
1.26573379e+06 3.83648986e+00
1.26577121e+06 3.79534254e+00
1.26578992e+06 3.77936162e+00
1.26584604e+06 3.73142316e+00
1.26590216e+06 3.68349007e+00
1.26595829e+06 3.64704763e+00
1.26601441e+06 3.61060869e+00
1.26605183e+06 3.58631821e+00
1.26607521e+06 3.57507048e+00
1.26614537e+06 3.54133113e+00
1.26622020e+06 3.50534629e+00
1.26629503e+06 3.47953839e+00
1.26637454e+06 3.45212080e+00
1.26642599e+06 3.43438195e+00
1.26646340e+06 3.42557952e+00
1.26655694e+06 3.40357661e+00
1.26665048e+06 3.38157653e+00
1.26668790e+06 3.37277750e+00
1.26674870e+06 3.36376385e+00
1.26685627e+06 3.34781947e+00
1.26697320e+06 3.33049115e+00
1.26704335e+06 3.32009554e+00
1.26709948e+06 3.31542875e+00
1.26723336e+06 3.30429873e+00
1.26737308e+06 3.29268490e+00
1.26753444e+06 3.27927550e+00
1.26767475e+06 3.27381627e+00
1.26786183e+06 3.26653920e+00
1.26804891e+06 3.25926389e+00
1.26823599e+06 3.25199008e+00
1.26828276e+06 3.25017196e+00
1.26846984e+06 3.24781276e+00
1.26870369e+06 3.24486522e+00
1.26898431e+06 3.24132976e+00
1.26926493e+06 3.23779564e+00
1.26959232e+06 3.23367387e+00
1.26982617e+06 3.23073060e+00
1.26996648e+06 3.22984149e+00
1.27040834e+06 3.22704301e+00
1.27079051e+06 3.22462359e+00
1.27130007e+06 3.22139877e+00
1.27180963e+06 3.21817493e+00
1.27247324e+06 3.21397759e+00
1.27317684e+06 3.20952838e+00
1.27402115e+06 3.20419039e+00
1.27484513e+06 3.19898185e+00
1.27534621e+06 3.19581483e+00
1.27584729e+06 3.19082020e+00
1.27701648e+06 3.17916695e+00
1.27828921e+06 3.16648257e+00
1.27969722e+06 3.15245067e+00
1.28140831e+06 3.13539929e+00
1.28322673e+06 3.11727897e+00
1.28534822e+06 3.09613931e+00
1.28791168e+06 3.07059630e+00
1.29104341e+06 3.03939184e+00
1.29456372e+06 3.00431621e+00
1.29893220e+06 2.96918434e+00
1.30422625e+06 2.92660973e+00
1.30749138e+06 2.90035194e+00
1.31075651e+06 2.87932755e+00
1.31873165e+06 2.82797583e+00
1.32333078e+06 2.79836245e+00
1.32856609e+06 2.77017068e+00
1.34036355e+06 2.70664284e+00
1.35157662e+06 2.64626236e+00
1.35978869e+06 2.60204213e+00
1.36800077e+06 2.55782242e+00
1.37191666e+06 2.53673697e+00
1.37411508e+06 2.52489982e+00
1.37546093e+06 2.51765382e+00
1.37634262e+06 2.51290729e+00
1.37693045e+06 2.50974335e+00
1.37735110e+06 2.50747979e+00
1.37768212e+06 2.50569905e+00
1.37793440e+06 2.50434251e+00
1.37815464e+06 2.50315886e+00
1.37815864e+06 2.50320020e+00
1.37831881e+06 2.50485448e+00
1.37846766e+06 2.50639241e+00
1.37859170e+06 2.50767467e+00
1.37870334e+06 2.50882939e+00
1.37879256e+06 2.50975292e+00
1.37887898e+06 2.51064820e+00
1.37895580e+06 2.51144478e+00
1.37902301e+06 2.51214260e+00
1.37908250e+06 2.51276104e+00
1.37911389e+06 2.51308785e+00
1.37913455e+06 2.51427940e+00
1.37918661e+06 2.51728192e+00
1.37923122e+06 2.51985642e+00
1.37927248e+06 2.52223802e+00
1.37930270e+06 2.52398317e+00
1.37933004e+06 2.52556275e+00
1.37936457e+06 2.52755901e+00
1.37939623e+06 2.52939021e+00
1.37942501e+06 2.53105620e+00
1.37943364e+06 2.53155637e+00
1.37944991e+06 2.53387860e+00
1.37947062e+06 2.53683460e+00
1.37949307e+06 2.54004035e+00
1.37951090e+06 2.54258755e+00
1.37952761e+06 2.54497661e+00
1.37954433e+06 2.54736696e+00
1.37956104e+06 2.54975839e+00
1.37956429e+06 2.55022329e+00
1.37957776e+06 2.55365860e+00
1.37959224e+06 2.55735464e+00
1.37960519e+06 2.56066121e+00
1.37961578e+06 2.56336444e+00
1.37962831e+06 2.56656712e+00
1.37963823e+06 2.56910406e+00
1.37964635e+06 2.57118031e+00
1.37964920e+06 2.57252305e+00
1.37965860e+06 2.57695146e+00
1.37966820e+06 2.58148031e+00
1.37967468e+06 2.58453367e+00
1.37968471e+06 2.58926390e+00
1.37969223e+06 2.59281397e+00
1.37969917e+06 2.59609547e+00
1.37969947e+06 2.59633800e+00
1.37970816e+06 2.60341184e+00
1.37971685e+06 2.61048945e+00
1.37972396e+06 2.61628396e+00
1.37973106e+06 2.62208097e+00
1.37973817e+06 2.62788253e+00
1.37974212e+06 2.63110679e+00
1.37974528e+06 2.63530068e+00
1.37975239e+06 2.64474337e+00
1.37975950e+06 2.65419008e+00
1.37976601e+06 2.66285526e+00
1.37977134e+06 2.66994871e+00
1.37977411e+06 2.67362994e+00
1.37977667e+06 2.67874701e+00
1.37978378e+06 2.69293055e+00
1.37978911e+06 2.70357236e+00
1.37979445e+06 2.71421942e+00
1.37979978e+06 2.72487215e+00
1.37980136e+06 2.72803120e+00
1.37980511e+06 2.73851434e+00
1.37981162e+06 2.75673385e+00
1.37981794e+06 2.77441256e+00
1.37982416e+06 2.79182545e+00
1.37982505e+06 2.79506185e+00
1.37983019e+06 2.81376112e+00
1.37983532e+06 2.83246836e+00
1.37984243e+06 2.85838236e+00
1.37984282e+06 2.85981973e+00
1.37984953e+06 2.89084522e+00
1.37985664e+06 2.92370939e+00
1.37986375e+06 2.95659706e+00
1.37986459e+06 2.96047613e+00
1.37987086e+06 2.99550366e+00
1.37987560e+06 3.02198382e+00
1.37987896e+06 3.04075338e+00
1.37988207e+06 3.06117217e+00
1.37988997e+06 3.11290696e+00
1.37989755e+06 3.16258974e+00
1.37989945e+06 3.17501993e+00
1.37990608e+06 3.22615709e+00
1.37991461e+06 3.29193790e+00
1.37992394e+06 3.36384274e+00
1.37992457e+06 3.36934894e+00
1.37993736e+06 3.48087077e+00
1.37995016e+06 3.59243504e+00
1.37995316e+06 3.61860828e+00
1.37998878e+06 3.93313468e+00
1.37999233e+06 3.96449305e+00
1.38000355e+06 4.04993740e+00
1.38001208e+06 4.11487331e+00
1.38001571e+06 4.13698290e+00
1.38002582e+06 4.19844824e+00
1.38002938e+06 4.22003865e+00
1.38003498e+06 4.24420171e+00
1.38004414e+06 4.28362818e+00
1.38004478e+06 4.28634313e+00
1.38005283e+06 4.30615592e+00
1.38005868e+06 4.32048071e+00
1.38006326e+06 4.32322064e+00
1.38007159e+06 4.32813132e+00
1.38007211e+06 4.32843145e+00
1.38007887e+06 4.31874444e+00
1.38008647e+06 4.30781664e+00
1.38008762e+06 4.30614460e+00
1.38009406e+06 4.28512976e+00
1.38009880e+06 4.26962948e+00
1.38010070e+06 4.26022385e+00
1.38010986e+06 4.21470666e+00
1.38011428e+06 4.19270022e+00
1.38012044e+06 4.15228740e+00
1.38012692e+06 4.10975312e+00
1.38013166e+06 4.07210617e+00
1.38014019e+06 4.00429981e+00
1.38014445e+06 3.97037230e+00
1.38015156e+06 3.90469048e+00
1.38016617e+06 3.76958434e+00
1.38016933e+06 3.74036098e+00
1.38018932e+06 3.54713099e+00
1.38021016e+06 3.34568444e+00
1.38021411e+06 3.30752438e+00
1.38022296e+06 3.23089313e+00
1.38023149e+06 3.15700631e+00
1.38023591e+06 3.11871312e+00
1.38024286e+06 3.06619373e+00
1.38025139e+06 3.00176563e+00
1.38025439e+06 2.97910857e+00
1.38025960e+06 2.94484988e+00
1.38026555e+06 2.90580427e+00
1.38026782e+06 2.89089214e+00
1.38027214e+06 2.86646595e+00
1.38027830e+06 2.83171267e+00
1.38028385e+06 2.80036805e+00
1.38028551e+06 2.79250939e+00
1.38029321e+06 2.75603098e+00
1.38029795e+06 2.73359699e+00
1.38030052e+06 2.72358304e+00
1.38030763e+06 2.69585906e+00
1.38031394e+06 2.67123600e+00
1.38031473e+06 2.66886797e+00
1.38032184e+06 2.64757586e+00
1.38032895e+06 2.62630295e+00
1.38033448e+06 2.60976923e+00
1.38033527e+06 2.60740769e+00
1.38034040e+06 2.59637171e+00
1.38034672e+06 2.58280089e+00
1.38035205e+06 2.57135568e+00
1.38035659e+06 2.56161397e+00
1.38035738e+06 2.56049048e+00
1.38036272e+06 2.55291515e+00
1.38036805e+06 2.54534415e+00
1.38037338e+06 2.53777991e+00
1.38038049e+06 2.52770191e+00
1.38038503e+06 2.52126657e+00
1.38038582e+06 2.52063503e+00
1.38039115e+06 2.51637205e+00
1.38039648e+06 2.51211208e+00
1.38040359e+06 2.50643858e+00
1.38040951e+06 2.50171439e+00
1.38041583e+06 2.49667985e+00
1.38042241e+06 2.49144218e+00
1.38042333e+06 2.49110548e+00
1.38043044e+06 2.48852227e+00
1.38043873e+06 2.48551284e+00
1.38044591e+06 2.48291070e+00
1.38045324e+06 2.48025958e+00
1.38046120e+06 2.47737853e+00
1.38046827e+06 2.47482482e+00
1.38047523e+06 2.47231145e+00
1.38047752e+06 2.47207357e+00
1.38048559e+06 2.47123815e+00
1.38049527e+06 2.47023799e+00
1.38050495e+06 2.46923989e+00
1.38051463e+06 2.46824364e+00
1.38052754e+06 2.46691773e+00
1.38054045e+06 2.46559426e+00
1.38055335e+06 2.46427262e+00
1.38056895e+06 2.46267791e+00
1.38058556e+06 2.46098125e+00
1.38060093e+06 2.45941406e+00
1.38060367e+06 2.45913408e+00
1.38061910e+06 2.45902653e+00
1.38063974e+06 2.45888457e+00
1.38066222e+06 2.45873174e+00
1.38068475e+06 2.45858012e+00
1.38070555e+06 2.45844133e+00
1.38073028e+06 2.45827750e+00
1.38075979e+06 2.45808352e+00
1.38079117e+06 2.45787863e+00
1.38082503e+06 2.45765894e+00
1.38086185e+06 2.45742127e+00
1.38090203e+06 2.45716312e+00
1.38094578e+06 2.45688321e+00
1.38099322e+06 2.45658083e+00
1.38104471e+06 2.45625360e+00
1.38109948e+06 2.45590653e+00
1.38115846e+06 2.45553362e+00
1.38122630e+06 2.45510552e+00
1.38130608e+06 2.45460298e+00
1.38139774e+06 2.45402655e+00
1.38150082e+06 2.45337916e+00
1.38161827e+06 2.45264237e+00
1.38175440e+06 2.45178918e+00
1.38191207e+06 2.45080171e+00
1.38209407e+06 2.44966264e+00
1.38219144e+06 2.44905336e+00
1.38246375e+06 2.44735028e+00
1.38281058e+06 2.44518186e+00
1.38324333e+06 2.44247709e+00
1.38341531e+06 2.44140238e+00
1.38381183e+06 2.43757784e+00
1.38492872e+06 2.42680624e+00
1.38648504e+06 2.41179781e+00
1.38804137e+06 2.39679001e+00
1.38893785e+06 2.38814548e+00
1.38962744e+06 2.37898219e+00
1.39131319e+06 2.35658278e+00
1.39264098e+06 2.33894031e+00
1.39380411e+06 2.32348646e+00
1.39486149e+06 2.30943819e+00
1.39581314e+06 2.29679545e+00
1.39665904e+06 2.28555819e+00
1.39739921e+06 2.27572631e+00
1.39803364e+06 2.26729968e+00
1.39866807e+06 2.25887384e+00
1.39890243e+06 2.25576169e+00
1.39919676e+06 2.25410055e+00
1.39972546e+06 2.25111761e+00
1.40025415e+06 2.24813568e+00
1.40035989e+06 2.24753952e+00
1.40067710e+06 2.24981860e+00
1.40110005e+06 2.25285834e+00
1.40128510e+06 2.25418873e+00
1.40152301e+06 2.26006912e+00
1.40189309e+06 2.26921752e+00
1.40221031e+06 2.27706009e+00
1.40226318e+06 2.27982609e+00
1.40258039e+06 2.29642332e+00
1.40284474e+06 2.31025548e+00
1.40289761e+06 2.31470783e+00
1.40321482e+06 2.34142339e+00
1.40337343e+06 2.35478204e+00
1.40347917e+06 2.36761323e+00
1.40374351e+06 2.39969243e+00
1.40379638e+06 2.40610856e+00
1.40400786e+06 2.44062554e+00
1.40416647e+06 2.46651453e+00
1.40428444e+06 2.49133243e+00
1.40448368e+06 2.53324950e+00
1.40453655e+06 2.54722573e+00
1.40480090e+06 2.61710937e+00
1.40501237e+06 2.68585894e+00
1.40506524e+06 2.70304672e+00
1.40522385e+06 2.76528556e+00
1.40532959e+06 2.80677883e+00
1.40543533e+06 2.85634722e+00
1.40559393e+06 2.93070183e+00
1.40564680e+06 2.95974417e+00
1.40580541e+06 3.04687341e+00
1.40585828e+06 3.08029102e+00
1.40601689e+06 3.18054567e+00
1.40612262e+06 3.25657586e+00
1.40622836e+06 3.33260806e+00
1.40638697e+06 3.46051139e+00
1.40659845e+06 3.64991055e+00
1.40670419e+06 3.75474411e+00
1.40680993e+06 3.85957726e+00
1.40702140e+06 4.08995906e+00
1.40733862e+06 4.46591799e+00
1.40760296e+06 4.79408746e+00
1.40781444e+06 5.05661995e+00
1.40798666e+06 5.27040882e+00
1.40803286e+06 5.32776399e+00
1.40815060e+06 5.45919399e+00
1.40829495e+06 5.62032046e+00
1.40832772e+06 5.65136256e+00
1.40851743e+06 5.83108681e+00
1.40867490e+06 5.95090868e+00
1.40869574e+06 5.96676317e+00
1.40883238e+06 6.04373006e+00
1.40890497e+06 6.08461675e+00
1.40897756e+06 6.11036432e+00
1.40908330e+06 6.14786760e+00
1.40913617e+06 6.15484271e+00
1.40934765e+06 6.18273789e+00
1.40958556e+06 6.15683378e+00
1.40961199e+06 6.14919045e+00
1.40982347e+06 6.08803877e+00
1.41014068e+06 5.94765665e+00
1.41053720e+06 5.72550949e+00
1.41056364e+06 5.71069970e+00
1.41077511e+06 5.58218034e+00
1.41103946e+06 5.42153364e+00
1.41130380e+06 5.26089025e+00
1.41151528e+06 5.13237784e+00
1.41172676e+06 5.01645643e+00
1.41193824e+06 4.90053647e+00
1.41204397e+06 4.84257716e+00
1.41214971e+06 4.79178515e+00
1.41241406e+06 4.66480701e+00
1.41251980e+06 4.61401688e+00
1.41267840e+06 4.54834166e+00
1.41294275e+06 4.43888534e+00
1.41304849e+06 4.39510372e+00
1.41320709e+06 4.33924901e+00
1.41347144e+06 4.24615876e+00
1.41357718e+06 4.20892352e+00
1.41373579e+06 4.16183689e+00
1.41405300e+06 4.06766585e+00
1.41415874e+06 4.03627571e+00
1.41437022e+06 3.98393717e+00
1.41468743e+06 3.90543106e+00
1.41479317e+06 3.87926252e+00
1.41505752e+06 3.82547934e+00
1.41542760e+06 3.75018426e+00
1.41553334e+06 3.72867173e+00
1.41574482e+06 3.69341376e+00
1.41616777e+06 3.62289908e+00
1.41627351e+06 3.60527054e+00
1.41659072e+06 3.56196399e+00
1.41701368e+06 3.50422284e+00
1.41711942e+06 3.48978765e+00
1.41755206e+06 3.44188048e+00
1.41807106e+06 3.38441132e+00
1.41870549e+06 3.32835318e+00
1.41923418e+06 3.28163875e+00
1.41933992e+06 3.27431726e+00
1.42008009e+06 3.22306749e+00
1.42060878e+06 3.18646108e+00
1.42092600e+06 3.16957558e+00
1.42187764e+06 3.11891997e+00
1.42230059e+06 3.09640672e+00
1.42293502e+06 3.07086096e+00
1.42409815e+06 3.02402789e+00
1.42430962e+06 3.01551289e+00
1.42544631e+06 2.98134067e+00
1.42676804e+06 2.94160616e+00
1.42703239e+06 2.93579565e+00
1.42888281e+06 2.89512281e+00
1.42994019e+06 2.87188151e+00
1.43099757e+06 2.85524640e+00
1.43364103e+06 2.81365928e+00
1.43390538e+06 2.80950062e+00
1.43681318e+06 2.77753955e+00
1.43919230e+06 2.75138997e+00
1.44051403e+06 2.74156576e+00
1.44567170e+06 2.70323027e+00
1.45096013e+06 2.67888945e+00
1.45335181e+06 2.66788168e+00
1.45525685e+06 2.66453037e+00
1.45955357e+06 2.65697222e+00
1.45992840e+06 2.65631295e+00
1.46255224e+06 2.66170361e+00
1.46367674e+06 2.66401417e+00
1.46480124e+06 2.67162973e+00
1.46648799e+06 2.68305362e+00
1.46742507e+06 2.68940057e+00
1.46779991e+06 2.69553058e+00
1.46903686e+06 2.71576020e+00
1.46956163e+06 2.72434278e+00
1.47001143e+06 2.73697617e+00
1.47083606e+06 2.76013800e+00
1.47106096e+06 2.76645506e+00
1.47158573e+06 2.78930864e+00
1.47218546e+06 2.81542754e+00
1.47226043e+06 2.81869251e+00
1.47278520e+06 2.85190581e+00
1.47316003e+06 2.87563012e+00
1.47330996e+06 2.88875516e+00
1.47375976e+06 2.92813088e+00
1.47390970e+06 2.94125645e+00
1.47413460e+06 2.96789086e+00
1.47450943e+06 3.01228228e+00
1.47458440e+06 3.02116078e+00
1.47480930e+06 3.05620621e+00
1.47510916e+06 3.10293425e+00
1.47540903e+06 3.16286941e+00
1.47559645e+06 3.20032973e+00
1.47567141e+06 3.21927042e+00
1.47593380e+06 3.28556432e+00
1.47600876e+06 3.30450588e+00
1.47619618e+06 3.36331955e+00
1.47638360e+06 3.42213414e+00
1.47642108e+06 3.43654185e+00
1.47664598e+06 3.52299045e+00
1.47672095e+06 3.55180669e+00
1.47683340e+06 3.60391222e+00
1.47702081e+06 3.69075604e+00
1.47720823e+06 3.79373300e+00
1.47728320e+06 3.83492468e+00
1.47739565e+06 3.90746215e+00
1.47754558e+06 4.00417898e+00
1.47758306e+06 4.03244333e+00
1.47777048e+06 4.17376836e+00
1.47780797e+06 4.20203345e+00
1.47795790e+06 4.33326673e+00
1.47807035e+06 4.43169250e+00
1.47814532e+06 4.50676427e+00
1.47833273e+06 4.69444434e+00
1.47852015e+06 4.90375456e+00
1.47855763e+06 4.94561658e+00
1.47877316e+06 5.20530482e+00
1.47923233e+06 5.75855443e+00
1.47941975e+06 5.95954581e+00
1.47945723e+06 5.99974301e+00
1.47956968e+06 6.09786650e+00
1.47960717e+06 6.13057323e+00
1.47969178e+06 6.18464974e+00
1.47975729e+06 6.22651739e+00
1.47982766e+06 6.25303145e+00
1.47991036e+06 6.28419519e+00
1.47995625e+06 6.28929991e+00
1.48001294e+06 6.29560321e+00
1.48007902e+06 6.28517999e+00
1.48015216e+06 6.27364085e+00
1.48019807e+06 6.25364146e+00
1.48029139e+06 6.21298529e+00
1.48031712e+06 6.19483044e+00
1.48043180e+06 6.11391979e+00
1.48054425e+06 6.00576335e+00
1.48061799e+06 5.93483860e+00
1.48069418e+06 5.84487590e+00
1.48084412e+06 5.66785103e+00
1.48144385e+06 4.88051997e+00
1.48163127e+06 4.65264874e+00
1.48170624e+06 4.56150086e+00
1.48179069e+06 4.46995726e+00
1.48189400e+06 4.35796000e+00
1.48194243e+06 4.30547229e+00
1.48195635e+06 4.29038300e+00
1.48197039e+06 4.27701683e+00
1.48198437e+06 4.26370945e+00
1.48199901e+06 4.24977763e+00
1.48201365e+06 4.23584722e+00
1.48202791e+06 4.22227857e+00
1.48203878e+06 4.21193178e+00
1.48204966e+06 4.20158726e+00
1.48205909e+06 4.19262331e+00
1.48206779e+06 4.18435121e+00
1.48207359e+06 4.17883931e+00
1.48208161e+06 4.17121633e+00
1.48208674e+06 4.16635011e+00
1.48209357e+06 4.15986513e+00
1.48209869e+06 4.15500267e+00
1.48210341e+06 4.15052241e+00
1.48210904e+06 4.14518596e+00
1.48211492e+06 4.13961352e+00
1.48211819e+06 4.13651976e+00
1.48212407e+06 4.13095264e+00
1.48212995e+06 4.12538937e+00
1.48213583e+06 4.11983031e+00
1.48214110e+06 4.11484902e+00
1.48214592e+06 4.11030195e+00
1.48215043e+06 4.10604504e+00
1.48215495e+06 4.10179046e+00
1.48216046e+06 4.09659614e+00
1.48216648e+06 4.09093533e+00
1.48217252e+06 4.08525699e+00
1.48217867e+06 4.07949128e+00
1.48218484e+06 4.07370917e+00
1.48219050e+06 4.06841600e+00
1.48219744e+06 4.06192946e+00
1.48220410e+06 4.05572066e+00
1.48221052e+06 4.04974009e+00
1.48221730e+06 4.04343823e+00
1.48221781e+06 4.04302730e+00
1.48222357e+06 4.03840576e+00
1.48223140e+06 4.03212965e+00
1.48223986e+06 4.02536765e+00
1.48224833e+06 4.01861996e+00
1.48225713e+06 4.01161315e+00
1.48226785e+06 4.00310138e+00
1.48228756e+06 3.98747905e+00
1.48230683e+06 3.97220379e+00
1.48231974e+06 3.96195017e+00
1.48233073e+06 3.95320287e+00
1.48234093e+06 3.94504507e+00
1.48235178e+06 3.93633258e+00
1.48235888e+06 3.93060066e+00
1.48236185e+06 3.92859029e+00
1.48237038e+06 3.92278457e+00
1.48237792e+06 3.91762081e+00
1.48238759e+06 3.91095629e+00
1.48239483e+06 3.90593724e+00
1.48240196e+06 3.90095930e+00
1.48240910e+06 3.89595419e+00
1.48241653e+06 3.89071249e+00
1.48242460e+06 3.88499655e+00
1.48243415e+06 3.87818010e+00
1.48244504e+06 3.87036807e+00
1.48245486e+06 3.86328297e+00
1.48246614e+06 3.85510739e+00
1.48247719e+06 3.84707183e+00
1.48249182e+06 3.83640786e+00
1.48251814e+06 3.81719835e+00
1.48253030e+06 3.80834277e+00
1.48253917e+06 3.80189525e+00
1.48254769e+06 3.79571201e+00
1.48255671e+06 3.78918605e+00
1.48256272e+06 3.78484567e+00
1.48256849e+06 3.78069361e+00
1.48257575e+06 3.77546989e+00
1.48258267e+06 3.77051240e+00
1.48258875e+06 3.76615392e+00
1.48259458e+06 3.76199257e+00
1.48260041e+06 3.75783836e+00
1.48260516e+06 3.75445906e+00
1.48260990e+06 3.75108541e+00
1.48261573e+06 3.74695075e+00
1.48262005e+06 3.74389271e+00
1.48262587e+06 3.73976985e+00
1.48263148e+06 3.73580648e+00
1.48263510e+06 3.73325620e+00
1.48263974e+06 3.72998652e+00
1.48264437e+06 3.72671958e+00
1.48264901e+06 3.72345659e+00
1.48265365e+06 3.72019666e+00
1.48265841e+06 3.71685115e+00
1.48266337e+06 3.71337591e+00
1.48266643e+06 3.71122715e+00
1.48266838e+06 3.71004258e+00
1.48267312e+06 3.70716895e+00
1.48267841e+06 3.70396005e+00
1.48268399e+06 3.70058478e+00
1.48268984e+06 3.69704389e+00
1.48269482e+06 3.69403211e+00
1.48269973e+06 3.69106370e+00
1.48270628e+06 3.68710808e+00
1.48271282e+06 3.68315477e+00
1.48272019e+06 3.67870997e+00
1.48272756e+06 3.67426733e+00
1.48273574e+06 3.66933348e+00
1.48274229e+06 3.66538727e+00
1.48274966e+06 3.66094870e+00
1.48275784e+06 3.65601795e+00
1.48277012e+06 3.64862316e+00
1.48278240e+06 3.64123013e+00
1.48279468e+06 3.63383896e+00
1.48281105e+06 3.62398477e+00
1.48283597e+06 3.60898946e+00
1.48287750e+06 3.58399995e+00
1.48292212e+06 3.55715349e+00
1.48296859e+06 3.53348596e+00
1.48307460e+06 3.47950540e+00
1.48315024e+06 3.44098756e+00
1.48317505e+06 3.42835229e+00
1.48335803e+06 3.35028430e+00
1.48346658e+06 3.30397601e+00
1.48356070e+06 3.27077498e+00
1.48377899e+06 3.19378118e+00
1.48382037e+06 3.18187188e+00
1.48402212e+06 3.12381964e+00
1.48412902e+06 3.09305798e+00
1.48423593e+06 3.06855973e+00
1.48449655e+06 3.00883881e+00
1.48456560e+06 2.99301514e+00
1.48477276e+06 2.95619129e+00
1.48506598e+06 2.90407163e+00
1.48539208e+06 2.85990618e+00
1.48561272e+06 2.83002589e+00
1.48572787e+06 2.81841494e+00
1.48613092e+06 2.77777798e+00
1.48630366e+06 2.76036243e+00
1.48655076e+06 2.74249382e+00
1.48699693e+06 2.71023020e+00
1.48714565e+06 2.69947592e+00
1.48751746e+06 2.68073666e+00
1.48805038e+06 2.65387767e+00
1.48814643e+06 2.64903689e+00
1.48872273e+06 2.62947713e+00
1.48943560e+06 2.60528295e+00
1.49024977e+06 2.58768538e+00
1.49118802e+06 2.56740641e+00
1.49230962e+06 2.55326004e+00
1.49375166e+06 2.53507257e+00
1.49388176e+06 2.53343176e+00
1.49557307e+06 2.52212437e+00
1.49767863e+06 2.50804822e+00
1.49798665e+06 2.50598912e+00
1.50020628e+06 2.49901550e+00
1.50229846e+06 2.49244276e+00
1.50425249e+06 2.48630443e+00
1.50481379e+06 2.48454135e+00
1.50620653e+06 2.48301946e+00
1.50725198e+06 2.48187761e+00
1.50802616e+06 2.48103258e+00
1.50860419e+06 2.48040220e+00
1.50886731e+06 2.48011558e+00
1.50901648e+06 2.48061266e+00
1.50936455e+06 2.48177308e+00
1.50965653e+06 2.48274714e+00
1.50988756e+06 2.48351850e+00
1.51008009e+06 2.48416192e+00
1.51025895e+06 2.48476033e+00
1.51040799e+06 2.48525972e+00
1.51052722e+06 2.48565990e+00
1.51062628e+06 2.48599300e+00
1.51072980e+06 2.48634187e+00
1.51073016e+06 2.48635175e+00
1.51082250e+06 2.48889910e+00
1.51090329e+06 2.49112887e+00
1.51096081e+06 2.49271683e+00
1.51101125e+06 2.49411000e+00
1.51107378e+06 2.49583812e+00
1.51113185e+06 2.49744377e+00
1.51118546e+06 2.49892702e+00
1.51122437e+06 2.50000445e+00
1.51126069e+06 2.50101097e+00
1.51130220e+06 2.50216231e+00
1.51133333e+06 2.50302668e+00
1.51135063e+06 2.50350729e+00
1.51136101e+06 2.50457518e+00
1.51139560e+06 2.50813592e+00
1.51142846e+06 2.51151975e+00
1.51145959e+06 2.51472660e+00
1.51148682e+06 2.51753371e+00
1.51150887e+06 2.51980732e+00
1.51153222e+06 2.52221600e+00
1.51155491e+06 2.52455934e+00
1.51157271e+06 2.52639797e+00
1.51157372e+06 2.52650219e+00
1.51159036e+06 2.53033384e+00
1.51160961e+06 2.53476532e+00
1.51162907e+06 2.53924968e+00
1.51164869e+06 2.54377057e+00
1.51166585e+06 2.54772869e+00
1.51167040e+06 2.54877843e+00
1.51168056e+06 2.55320459e+00
1.51169527e+06 2.55961438e+00
1.51170876e+06 2.56549278e+00
1.51172225e+06 2.57137340e+00
1.51173328e+06 2.57618704e+00
1.51174431e+06 2.58100308e+00
1.51175535e+06 2.58914280e+00
1.51176638e+06 2.59728499e+00
1.51177603e+06 2.60441257e+00
1.51178477e+06 2.61086446e+00
1.51178661e+06 2.61222267e+00
1.51179304e+06 2.61929401e+00
1.51180132e+06 2.62838645e+00
1.51180959e+06 2.63748455e+00
1.51181725e+06 2.64591011e+00
1.51181772e+06 2.64664215e+00
1.51182553e+06 2.65905588e+00
1.51183289e+06 2.67074287e+00
1.51184208e+06 2.68535965e+00
1.51184727e+06 2.69361996e+00
1.51184898e+06 2.69744277e+00
1.51185510e+06 2.71121283e+00
1.51186292e+06 2.72877892e+00
1.51187120e+06 2.74738446e+00
1.51187209e+06 2.74939997e+00
1.51187904e+06 2.77038428e+00
1.51188606e+06 2.79158138e+00
1.51189320e+06 2.81315789e+00
1.51189362e+06 2.81443348e+00
1.51190065e+06 2.84173136e+00
1.51190785e+06 2.86972668e+00
1.51191240e+06 2.88742740e+00
1.51191484e+06 2.89911796e+00
1.51192183e+06 2.93266424e+00
1.51192820e+06 2.96327732e+00
1.51192865e+06 2.96541007e+00
1.51193409e+06 2.99685924e+00
1.51194291e+06 3.04789000e+00
1.51194475e+06 3.05852711e+00
1.51195174e+06 3.10642713e+00
1.51196032e+06 3.16527432e+00
1.51196056e+06 3.16722011e+00
1.51196939e+06 3.23763420e+00
1.51197528e+06 3.28459496e+00
1.51197822e+06 3.31141107e+00
1.51198705e+06 3.39189196e+00
1.51198999e+06 3.41871459e+00
1.51199587e+06 3.47896056e+00
1.51200433e+06 3.56557927e+00
1.51200470e+06 3.56973625e+00
1.51201352e+06 3.66974141e+00
1.51201953e+06 3.73781519e+00
1.51202676e+06 3.82848218e+00
1.51204000e+06 3.99448893e+00
1.51204197e+06 4.01909420e+00
1.51205692e+06 4.22300939e+00
1.51209321e+06 4.71781834e+00
1.51209827e+06 4.78675996e+00
1.51210608e+06 4.88425898e+00
1.51211895e+06 5.04479038e+00
1.51212012e+06 5.05932743e+00
1.51213170e+06 5.18375920e+00
1.51213544e+06 5.22391172e+00
1.51214298e+06 5.28943394e+00
1.51215181e+06 5.36609243e+00
1.51215205e+06 5.36822748e+00
1.51216333e+06 5.44215298e+00
1.51216395e+06 5.44495338e+00
1.51217277e+06 5.48521627e+00
1.51217541e+06 5.49722850e+00
1.51218116e+06 5.50978841e+00
1.51218949e+06 5.52794864e+00
1.51219284e+06 5.52958766e+00
1.51219356e+06 5.52993442e+00
1.51220273e+06 5.52140819e+00
1.51220456e+06 5.51969254e+00
1.51221261e+06 5.49202613e+00
1.51222071e+06 5.46418668e+00
1.51222242e+06 5.45396737e+00
1.51223321e+06 5.38964711e+00
1.51223346e+06 5.38817892e+00
1.51224204e+06 5.31851677e+00
1.51224817e+06 5.26871868e+00
1.51225283e+06 5.22149833e+00
1.51226361e+06 5.11207728e+00
1.51226410e+06 5.10622578e+00
1.51227597e+06 4.96451667e+00
1.51228353e+06 4.87406430e+00
1.51229019e+06 4.78546853e+00
1.51230965e+06 4.52615829e+00
1.51232099e+06 4.37290082e+00
1.51233889e+06 4.13098363e+00
1.51234600e+06 4.03490308e+00
1.51235286e+06 3.94950098e+00
1.51236610e+06 3.78486682e+00
1.51236727e+06 3.77033291e+00
1.51237493e+06 3.68488643e+00
1.51238375e+06 3.58641801e+00
1.51238621e+06 3.55908303e+00
1.51239405e+06 3.48238116e+00
1.51240288e+06 3.39611439e+00
1.51240484e+06 3.37694488e+00
1.51241171e+06 3.31814436e+00
1.51241796e+06 3.26461084e+00
1.51242053e+06 3.24523765e+00
1.51242666e+06 3.19913160e+00
1.51243279e+06 3.15304403e+00
1.51243304e+06 3.15146704e+00
1.51243917e+06 3.11218747e+00
1.51244799e+06 3.05563455e+00
1.51244959e+06 3.04542508e+00
1.51245388e+06 3.02284258e+00
1.51246074e+06 2.98671591e+00
1.51246883e+06 2.94414665e+00
1.51246945e+06 2.94157406e+00
1.51247594e+06 2.91427408e+00
1.51248325e+06 2.88356802e+00
1.51248828e+06 2.86246281e+00
1.51249038e+06 2.85552207e+00
1.51249737e+06 2.83242350e+00
1.51250448e+06 2.80892637e+00
1.51250832e+06 2.79622215e+00
1.51251237e+06 2.78602112e+00
1.51251887e+06 2.76964679e+00
1.51252553e+06 2.75285196e+00
1.51253205e+06 2.73644821e+00
1.51253411e+06 2.73265057e+00
1.51254101e+06 2.71999051e+00
1.51254791e+06 2.70733853e+00
1.51255488e+06 2.69454749e+00
1.51255957e+06 2.68594867e+00
1.51256200e+06 2.68291184e+00
1.51256982e+06 2.67317332e+00
1.51257794e+06 2.66305624e+00
1.51258622e+06 2.65275109e+00
1.51259449e+06 2.64245054e+00
1.51259756e+06 2.63863645e+00
1.51260369e+06 2.63362606e+00
1.51261472e+06 2.62461093e+00
1.51262575e+06 2.61559980e+00
1.51263678e+06 2.60659211e+00
1.51263694e+06 2.60646560e+00
1.51264825e+06 2.60032742e+00
1.51265914e+06 2.59441919e+00
1.51267356e+06 2.58659692e+00
1.51268521e+06 2.58028321e+00
1.51268827e+06 2.57929189e+00
1.51270299e+06 2.57453480e+00
1.51272015e+06 2.56898811e+00
1.51273486e+06 2.56423597e+00
1.51275018e+06 2.55928761e+00
1.51276919e+06 2.55315372e+00
1.51277781e+06 2.55036915e+00
1.51278688e+06 2.54884521e+00
1.51280805e+06 2.54528612e+00
1.51283215e+06 2.54123600e+00
1.51285744e+06 2.53698923e+00
1.51288514e+06 2.53234012e+00
1.51291403e+06 2.52749082e+00
1.51294316e+06 2.52544014e+00
1.51297453e+06 2.52323262e+00
1.51300951e+06 2.52077212e+00
1.51304497e+06 2.51828011e+00
1.51307840e+06 2.51593156e+00
1.51311454e+06 2.51339355e+00
1.51315594e+06 2.51048669e+00
1.51319764e+06 2.50756050e+00
1.51321934e+06 2.50603790e+00
1.51324160e+06 2.50561438e+00
1.51329445e+06 2.50460968e+00
1.51335479e+06 2.50346345e+00
1.51341961e+06 2.50223330e+00
1.51348889e+06 2.50091939e+00
1.51356378e+06 2.49950001e+00
1.51364969e+06 2.49787258e+00
1.51375038e+06 2.49596605e+00
1.51386227e+06 2.49384830e+00
1.51393705e+06 2.49243340e+00
1.51398611e+06 2.49228109e+00
1.51412918e+06 2.49183774e+00
1.51429418e+06 2.49132716e+00
1.51448197e+06 2.49074679e+00
1.51465778e+06 2.49020396e+00
1.51468811e+06 2.49032313e+00
1.51497898e+06 2.49146671e+00
1.51534256e+06 2.49289700e+00
1.51577885e+06 2.49461414e+00
1.51636058e+06 2.49690447e+00
1.51692413e+06 2.49912379e+00
1.51714529e+06 2.49999494e+00
1.51776945e+06 2.50663429e+00
1.51861477e+06 2.51562683e+00
1.51948736e+06 2.52491012e+00
1.51963280e+06 2.52645746e+00
1.52028803e+06 2.54107293e+00
1.52099986e+06 2.55695155e+00
1.52117437e+06 2.56084469e+00
1.52158158e+06 2.57621947e+00
1.52210514e+06 2.59598770e+00
1.52227966e+06 2.60257740e+00
1.52257052e+06 2.61942253e+00
1.52297773e+06 2.64300645e+00
1.52309407e+06 2.64974497e+00
1.52332676e+06 2.66907579e+00
1.52367580e+06 2.69807273e+00
1.52373397e+06 2.70290565e+00
1.52396666e+06 2.72946032e+00
1.52425753e+06 2.76265450e+00
1.52449022e+06 2.79823496e+00
1.52472291e+06 2.83381620e+00
1.52495560e+06 2.88069138e+00
1.52513012e+06 2.91584853e+00
1.52518829e+06 2.93097769e+00
1.52539190e+06 2.98393072e+00
1.52547916e+06 3.00662506e+00
1.52559550e+06 3.04505561e+00
1.52577002e+06 3.10270309e+00
1.52579910e+06 3.11231105e+00
1.52594454e+06 3.17201189e+00
1.52606088e+06 3.21977326e+00
1.52611905e+06 3.24883857e+00
1.52626449e+06 3.32150287e+00
1.52629357e+06 3.33603581e+00
1.52640992e+06 3.40604797e+00
1.52652626e+06 3.47606196e+00
1.52655535e+06 3.49695250e+00
1.52670078e+06 3.60140407e+00
1.52672987e+06 3.62229535e+00
1.52684621e+06 3.72080603e+00
1.52693347e+06 3.79469055e+00
1.52699165e+06 3.85195623e+00
1.52710799e+06 3.96648849e+00
1.52713708e+06 3.99930761e+00
1.52728251e+06 4.16340237e+00
1.52742794e+06 4.34951160e+00
1.52745703e+06 4.38673371e+00
1.52757337e+06 4.55376961e+00
1.52766063e+06 4.67904727e+00
1.52774789e+06 4.81594941e+00
1.52818419e+06 5.50046620e+00
1.52821327e+06 5.54609937e+00
1.52832962e+06 5.70877824e+00
1.52835871e+06 5.74944634e+00
1.52844596e+06 5.84914036e+00
1.52850414e+06 5.91560019e+00
1.52853697e+06 5.94269799e+00
1.52862063e+06 6.01175317e+00
1.52864031e+06 6.02120560e+00
1.52873941e+06 6.06879760e+00
1.52880777e+06 6.07834947e+00
1.52882251e+06 6.08040843e+00
1.52890788e+06 6.06298870e+00
1.52893878e+06 6.05668147e+00
1.52900798e+06 6.01783742e+00
1.52905505e+06 5.99141781e+00
1.52911495e+06 5.93781388e+00
1.52917312e+06 5.88575562e+00
1.52923129e+06 5.81664045e+00
1.52931855e+06 5.71296227e+00
1.52934764e+06 5.67196565e+00
1.52946399e+06 5.50797467e+00
1.52952216e+06 5.41824510e+00
1.52987120e+06 4.87986479e+00
1.52995846e+06 4.74527112e+00
1.53004571e+06 4.62138029e+00
1.53016206e+06 4.45619166e+00
1.53019115e+06 4.41944433e+00
1.53033658e+06 4.23571534e+00
1.53036566e+06 4.19896906e+00
1.53048201e+06 4.07010328e+00
1.53054018e+06 4.00567085e+00
1.53062744e+06 3.92195890e+00
1.53074379e+06 3.81034517e+00
1.53077287e+06 3.78646836e+00
1.53091830e+06 3.66708891e+00
1.53094739e+06 3.64321374e+00
1.53106374e+06 3.56209708e+00
1.53115100e+06 3.50126045e+00
1.53120917e+06 3.46717321e+00
1.53135460e+06 3.38195692e+00
1.53138369e+06 3.36491417e+00
1.53150003e+06 3.30853079e+00
1.53164546e+06 3.23805309e+00
1.53167455e+06 3.22657940e+00
1.53184907e+06 3.15773790e+00
1.53193633e+06 3.12331739e+00
1.53202359e+06 3.09565958e+00
1.53222719e+06 3.03112508e+00
1.53225628e+06 3.02190617e+00
1.53243079e+06 2.97793889e+00
1.53260531e+06 2.93397253e+00
1.53266349e+06 2.92246759e+00
1.53289618e+06 2.87644913e+00
1.53301252e+06 2.85344046e+00
1.53312887e+06 2.83572323e+00
1.53341973e+06 2.79143151e+00
1.53347790e+06 2.78257329e+00
1.53371059e+06 2.75602095e+00
1.53400146e+06 2.72283140e+00
1.53405963e+06 2.71619359e+00
1.53435050e+06 2.69212599e+00
1.53475770e+06 2.65843231e+00
1.53522309e+06 2.63170976e+00
1.53568847e+06 2.60498802e+00
1.53574664e+06 2.60279849e+00
1.53632837e+06 2.58090383e+00
1.53691009e+06 2.55900986e+00
1.53696827e+06 2.55764425e+00
1.53771360e+06 2.54014823e+00
1.53846622e+06 2.52248213e+00
1.53861165e+06 2.52050492e+00
1.53962967e+06 2.50666518e+00
1.54079312e+06 2.49084896e+00
1.54093855e+06 2.48985052e+00
1.54253830e+06 2.47886841e+00
1.54442892e+06 2.46589022e+00
1.54457435e+06 2.46549261e+00
1.54720181e+06 2.45830992e+00
1.55034307e+06 2.44972334e+00
1.55116301e+06 2.44915465e+00
1.55499524e+06 2.44649739e+00
1.55522862e+06 2.44674055e+00
1.55929423e+06 2.45097730e+00
1.56182288e+06 2.45361279e+00
1.56274095e+06 2.45661726e+00
1.56574805e+06 2.46645880e+00
1.56807002e+06 2.47405866e+00
1.56865051e+06 2.47595881e+00
1.56995296e+06 2.48688720e+00
1.57142774e+06 2.49926217e+00
1.57187833e+06 2.50304338e+00
1.57249266e+06 2.51278874e+00
1.57347558e+06 2.52838198e+00
1.57401167e+06 2.53688704e+00
1.57424396e+06 2.54329658e+00
1.57488275e+06 2.56092341e+00
1.57540540e+06 2.57534606e+00
1.57586997e+06 2.59614930e+00
1.57627647e+06 2.61435290e+00
1.57639261e+06 2.61955422e+00
1.57662490e+06 2.63566233e+00
1.57691526e+06 2.65579826e+00
1.57712722e+06 2.67049820e+00
1.57720272e+06 2.67828940e+00
1.57744952e+06 2.70376163e+00
1.57765858e+06 2.72533897e+00
1.57768181e+06 2.72773659e+00
1.57784441e+06 2.75174546e+00
1.57803024e+06 2.77918523e+00
1.57809993e+06 2.78947556e+00
1.57819284e+06 2.80851319e+00
1.57833221e+06 2.83707053e+00
1.57844836e+06 2.86086939e+00
1.57847159e+06 2.86731804e+00
1.57858773e+06 2.89956178e+00
1.57870387e+06 2.93180699e+00
1.57872710e+06 2.93825609e+00
1.57882002e+06 2.97229477e+00
1.57891293e+06 3.00633467e+00
1.57895939e+06 3.02335546e+00
1.57900585e+06 3.04525169e+00
1.57909876e+06 3.08904610e+00
1.57914522e+06 3.11094385e+00
1.57916845e+06 3.12472576e+00
1.57923813e+06 3.16607210e+00
1.57930782e+06 3.20742040e+00
1.57937751e+06 3.25866299e+00
1.57944719e+06 3.30990738e+00
1.57951688e+06 3.37266917e+00
1.57957495e+06 3.42497297e+00
1.57958656e+06 3.43767102e+00
1.57964464e+06 3.50116559e+00
1.57969109e+06 3.55196353e+00
1.57970271e+06 3.56723829e+00
1.57976078e+06 3.64361733e+00
1.57979562e+06 3.68944492e+00
1.57981885e+06 3.72591696e+00
1.57987692e+06 3.81709957e+00
1.57990015e+06 3.85357428e+00
1.57992338e+06 3.89673523e+00
1.57996984e+06 3.98305798e+00
1.57999307e+06 4.02622177e+00
1.58001630e+06 4.07670297e+00
1.58006275e+06 4.17766643e+00
1.58008598e+06 4.22815099e+00
1.58010921e+06 4.28644782e+00
1.58015567e+06 4.40304271e+00
1.58017890e+06 4.46134335e+00
1.58020212e+06 4.52717574e+00
1.58024858e+06 4.65885019e+00
1.58027181e+06 4.72468939e+00
1.58029504e+06 4.79641398e+00
1.58035311e+06 4.97573666e+00
1.58044058e+06 5.24584925e+00
1.58046478e+06 5.32058314e+00
1.58052911e+06 5.51164313e+00
1.58056507e+06 5.60429106e+00
1.58059701e+06 5.68656478e+00
1.58060863e+06 5.70976363e+00
1.58064497e+06 5.78234358e+00
1.58065511e+06 5.79604891e+00
1.58069409e+06 5.84867543e+00
1.58069885e+06 5.85139697e+00
1.58073986e+06 5.87482736e+00
1.58074430e+06 5.87736398e+00
1.58075094e+06 5.87794655e+00
1.58077968e+06 5.87108241e+00
1.58078115e+06 5.87073169e+00
1.58081601e+06 5.83827062e+00
1.58082828e+06 5.82685281e+00
1.58083304e+06 5.81848283e+00
1.58086602e+06 5.76061041e+00
1.58087541e+06 5.74411421e+00
1.58089899e+06 5.68486988e+00
1.58092222e+06 5.62648751e+00
1.58093383e+06 5.58942577e+00
1.58096867e+06 5.47823015e+00
1.58097448e+06 5.45969701e+00
1.58100352e+06 5.34983453e+00
1.58104417e+06 5.19601755e+00
1.58104997e+06 5.17181420e+00
1.58110804e+06 4.92976687e+00
1.58123000e+06 4.42144443e+00
1.58123580e+06 4.39723944e+00
1.58129968e+06 4.14936562e+00
1.58130549e+06 4.12683274e+00
1.58135775e+06 3.94374461e+00
1.58136937e+06 3.90305740e+00
1.58141002e+06 3.77610814e+00
1.58142744e+06 3.72170107e+00
1.58145648e+06 3.64159124e+00
1.58148551e+06 3.56148116e+00
1.58150293e+06 3.51963504e+00
1.58154939e+06 3.40805334e+00
1.58154939e+06 3.40805094e+00
1.58159585e+06 3.31262253e+00
1.58161908e+06 3.26490915e+00
1.58164619e+06 3.21784725e+00
1.58168876e+06 3.14395813e+00
1.58169846e+06 3.12990802e+00
1.58174684e+06 3.05978549e+00
1.58176426e+06 3.03453580e+00
1.58179184e+06 3.00181154e+00
1.58183540e+06 2.95014351e+00
1.58185136e+06 2.93119912e+00
1.58188621e+06 2.89814228e+00
1.58194428e+06 2.84305012e+00
1.58195009e+06 2.83754137e+00
1.58200235e+06 2.79878142e+00
1.58206042e+06 2.75571739e+00
1.58211850e+06 2.72286947e+00
1.58217947e+06 2.68838036e+00
1.58218237e+06 2.68673846e+00
1.58224625e+06 2.65986989e+00
1.58231594e+06 2.63056075e+00
1.58232755e+06 2.62567632e+00
1.58238562e+06 2.60670048e+00
1.58240885e+06 2.59911092e+00
1.58245531e+06 2.58780026e+00
1.58253080e+06 2.56942200e+00
1.58259468e+06 2.55387274e+00
1.58261791e+06 2.55021940e+00
1.58271083e+06 2.53560844e+00
1.58280955e+06 2.52008589e+00
1.58282697e+06 2.51734711e+00
1.58291989e+06 2.50924862e+00
1.58303603e+06 2.49912716e+00
1.58312894e+06 2.49103101e+00
1.58315798e+06 2.49018062e+00
1.58329154e+06 2.48627016e+00
1.58343673e+06 2.48202092e+00
1.58359352e+06 2.47743299e+00
1.58368426e+06 2.47477861e+00
1.58377935e+06 2.47628966e+00
1.58398841e+06 2.47961300e+00
1.58419747e+06 2.48293755e+00
1.58440834e+06 2.48629202e+00
1.58443556e+06 2.48742005e+00
1.58466785e+06 2.49704742e+00
1.58498724e+06 2.51028643e+00
1.58513242e+06 2.51630482e+00
1.58523405e+06 2.52321257e+00
1.58548085e+06 2.53998953e+00
1.58571314e+06 2.55578077e+00
1.58580025e+06 2.56170301e+00
1.58587871e+06 2.56994774e+00
1.58603253e+06 2.58611353e+00
1.58617771e+06 2.60137161e+00
1.58626926e+06 2.61099444e+00
1.58629386e+06 2.61495597e+00
1.58637008e+06 2.62723460e+00
1.58643904e+06 2.63834445e+00
1.58651961e+06 2.65132690e+00
1.58657091e+06 2.65959292e+00
1.58658519e+06 2.66310897e+00
1.58664116e+06 2.67689563e+00
1.58669487e+06 2.69012703e+00
1.58674343e+06 2.70208960e+00
1.58678021e+06 2.71115319e+00
1.58678202e+06 2.71183126e+00
1.58681287e+06 2.72335800e+00
1.58684373e+06 2.73488597e+00
1.58687533e+06 2.74669836e+00
1.58690589e+06 2.75811801e+00
1.58692650e+06 2.76582677e+00
1.58693186e+06 2.76875771e+00
1.58695288e+06 2.78026354e+00
1.58697467e+06 2.79219162e+00
1.58699545e+06 2.80357000e+00
1.58700503e+06 2.80882188e+00
1.58701013e+06 2.81279126e+00
1.58702625e+06 2.82534701e+00
1.58704172e+06 2.83740485e+00
1.58705666e+06 2.84904763e+00
1.58706870e+06 2.85842942e+00
1.58707043e+06 2.85978148e+00
1.58707928e+06 2.86974185e+00
1.58708952e+06 2.88127229e+00
1.58709942e+06 2.89241443e+00
1.58710895e+06 2.90315600e+00
1.58711828e+06 2.91366613e+00
1.58712446e+06 2.92062506e+00
1.58712726e+06 2.92498324e+00
1.58713313e+06 2.93410545e+00
1.58714160e+06 2.94726643e+00
1.58715006e+06 2.96042977e+00
1.58715712e+06 2.97140262e+00
1.58715777e+06 2.97241856e+00
1.58716371e+06 2.98430005e+00
1.58717147e+06 2.99984925e+00
1.58717923e+06 3.01540166e+00
1.58718581e+06 3.02860402e+00
1.58718663e+06 3.03073230e+00
1.58719298e+06 3.04715809e+00
1.58719933e+06 3.06358605e+00
1.58720561e+06 3.07983537e+00
1.58721171e+06 3.09561886e+00
1.58721732e+06 3.11016717e+00
1.58721755e+06 3.11091580e+00
1.58722366e+06 3.13105542e+00
1.58722988e+06 3.15159092e+00
1.58723567e+06 3.17070066e+00
1.58724131e+06 3.18933807e+00
1.58724446e+06 3.19974686e+00
1.58724696e+06 3.20969722e+00
1.58725260e+06 3.23223116e+00
1.58725918e+06 3.25852733e+00
1.58726539e+06 3.28333533e+00
1.58726789e+06 3.29329976e+00
1.58727090e+06 3.30724608e+00
1.58727649e+06 3.33318692e+00
1.58728327e+06 3.36458956e+00
1.58728853e+06 3.38902314e+00
1.58729107e+06 3.40080828e+00
1.58729531e+06 3.42327768e+00
1.58730208e+06 3.45924301e+00
1.58730885e+06 3.49522173e+00
1.58731826e+06 3.54521468e+00
1.58732842e+06 3.59923266e+00
1.58732917e+06 3.60323334e+00
1.58733858e+06 3.65507833e+00
1.58734987e+06 3.71731432e+00
1.58736003e+06 3.77335003e+00
1.58737150e+06 3.83668132e+00
1.58737527e+06 3.85459250e+00
1.58739540e+06 3.95044065e+00
1.58741120e+06 4.00905654e+00
1.58741318e+06 4.01637734e+00
1.58742625e+06 4.04939944e+00
1.58742935e+06 4.05722709e+00
1.58743980e+06 4.06842168e+00
1.58744753e+06 4.07668570e+00
1.58744953e+06 4.07695109e+00
1.58744996e+06 4.07667558e+00
1.58746011e+06 4.07001363e+00
1.58746351e+06 4.06777342e+00
1.58746915e+06 4.05623410e+00
1.58747706e+06 4.03999739e+00
1.58748006e+06 4.02982702e+00
1.58749005e+06 3.99584660e+00
1.58749175e+06 3.98744469e+00
1.58750014e+06 3.94586442e+00
1.58750839e+06 3.90494579e+00
1.58750918e+06 3.90103372e+00
1.58751204e+06 3.88245165e+00
1.58752107e+06 3.82373549e+00
1.58752559e+06 3.79435265e+00
1.58753010e+06 3.76025300e+00
1.58753838e+06 3.69767463e+00
1.58753951e+06 3.68808833e+00
1.58754967e+06 3.60168038e+00
1.58755795e+06 3.53124145e+00
1.58756256e+06 3.49197835e+00
1.58756773e+06 3.44508254e+00
1.58757827e+06 3.34951709e+00
1.58758927e+06 3.24964055e+00
1.58760404e+06 3.11556560e+00
1.58760479e+06 3.10872683e+00
1.58762368e+06 2.95032545e+00
1.58763019e+06 2.89569041e+00
1.58764374e+06 2.79417858e+00
1.58764900e+06 2.75894915e+00
1.58765879e+06 2.69354379e+00
1.58766425e+06 2.66264622e+00
1.58767384e+06 2.60834042e+00
1.58767733e+06 2.58861853e+00
1.58768513e+06 2.55338055e+00
1.58769529e+06 2.50752033e+00
1.58769571e+06 2.50561669e+00
1.58770545e+06 2.47152850e+00
1.58771156e+06 2.45013890e+00
1.58771222e+06 2.44839741e+00
1.58771975e+06 2.42849451e+00
1.58772652e+06 2.41059712e+00
1.58772741e+06 2.40823654e+00
1.58773348e+06 2.39701063e+00
1.58773864e+06 2.38746636e+00
1.58774524e+06 2.37527306e+00
1.58774552e+06 2.37496918e+00
1.58775305e+06 2.36669769e+00
1.58775869e+06 2.36050434e+00
1.58776433e+06 2.35431900e+00
1.58776605e+06 2.35244303e+00
1.58777045e+06 2.35058196e+00
1.58777703e+06 2.34780738e+00
1.58778315e+06 2.34523889e+00
1.58778879e+06 2.34287508e+00
1.58779163e+06 2.34168800e+00
1.58779476e+06 2.34143079e+00
1.58779675e+06 2.34126899e+00
1.58780065e+06 2.34198421e+00
1.58780631e+06 2.34302987e+00
1.58781230e+06 2.34414113e+00
1.58781854e+06 2.34530503e+00
1.58782489e+06 2.34649459e+00
1.58782745e+06 2.34697680e+00
1.58783124e+06 2.34906753e+00
1.58783865e+06 2.35316273e+00
1.58784500e+06 2.35667817e+00
1.58785135e+06 2.36019694e+00
1.58785558e+06 2.36254496e+00
1.58786405e+06 2.36724534e+00
1.58787251e+06 2.37195149e+00
1.58788098e+06 2.37666165e+00
1.58788945e+06 2.38137580e+00
1.58789791e+06 2.38609344e+00
1.58790638e+06 2.39081412e+00
1.58791484e+06 2.39553801e+00
1.58792331e+06 2.40026365e+00
1.58792980e+06 2.40388580e+00
1.58793413e+06 2.40609315e+00
1.58794426e+06 2.41125888e+00
1.58795548e+06 2.41698064e+00
1.58796332e+06 2.42098088e+00
1.58797767e+06 2.42830513e+00
1.58799305e+06 2.43615319e+00
1.58801034e+06 2.44498518e+00
1.58802892e+06 2.45447391e+00
1.58804429e+06 2.46232833e+00
1.58804813e+06 2.46390186e+00
1.58806735e+06 2.47176972e+00
1.58808785e+06 2.48016373e+00
1.58811091e+06 2.48960901e+00
1.58814130e+06 2.49926368e+00
1.58817350e+06 2.50949450e+00
1.58820570e+06 2.51972704e+00
1.58823790e+06 2.52996096e+00
1.58827009e+06 2.54019598e+00
1.58831180e+06 2.55345438e+00
1.58831594e+06 2.55442989e+00
1.58836920e+06 2.56698359e+00
1.58842767e+06 2.58076849e+00
1.58849673e+06 2.59705000e+00
1.58858115e+06 2.61695737e+00
1.58867916e+06 2.64006743e+00
1.58879414e+06 2.66387224e+00
1.58892693e+06 2.69136757e+00
1.58905973e+06 2.71886413e+00
1.58927654e+06 2.76375695e+00
1.58949334e+06 2.80865104e+00
1.58961723e+06 2.83430538e+00
1.58973229e+06 2.86186999e+00
1.58998890e+06 2.92334669e+00
1.59011278e+06 2.95302767e+00
1.59029862e+06 3.00575151e+00
1.59055205e+06 3.07765495e+00
1.59060834e+06 3.09646821e+00
1.59091806e+06 3.19998144e+00
1.59122377e+06 3.31952629e+00
1.59128772e+06 3.34453477e+00
1.59153751e+06 3.45868246e+00
1.59166140e+06 3.51529823e+00
1.59184723e+06 3.61341860e+00
1.59197112e+06 3.67883348e+00
1.59214860e+06 3.78605885e+00
1.59232609e+06 3.89328536e+00
1.59246667e+06 3.98977673e+00
1.59265250e+06 4.11732919e+00
1.59277639e+06 4.21268126e+00
1.59302417e+06 4.40338618e+00
1.59308611e+06 4.45654653e+00
1.59345778e+06 4.77551326e+00
1.59364361e+06 4.93499683e+00
1.59420111e+06 5.42804925e+00
1.59432500e+06 5.52791573e+00
1.59457278e+06 5.72764643e+00
1.59469667e+06 5.81177708e+00
1.59489047e+06 5.94338471e+00
1.59501452e+06 6.00909588e+00
1.59515248e+06 6.08217178e+00
1.59536903e+06 6.16224467e+00
1.59543957e+06 6.18832691e+00
1.59572975e+06 6.24884547e+00
1.59601388e+06 6.26754415e+00
1.59612139e+06 6.26032934e+00
1.59655225e+06 6.23141019e+00
1.59656254e+06 6.23016379e+00
1.59695148e+06 6.18303516e+00
1.59730328e+06 6.14040190e+00
1.59761134e+06 6.10306608e+00
1.59791940e+06 6.06572588e+00
1.59818844e+06 6.03311023e+00
1.59847488e+06 5.99838147e+00
1.59867037e+06 5.97467615e+00
1.59874986e+06 5.96017381e+00
1.59908093e+06 5.89977279e+00
1.59922488e+06 5.87350645e+00
1.59975498e+06 5.73935163e+00
1.60032672e+06 5.55990457e+00
1.60068265e+06 5.44819279e+00
1.60100542e+06 5.34689102e+00
1.60134527e+06 5.24023078e+00
1.60167658e+06 5.13625317e+00
1.60180910e+06 5.09466317e+00
1.60200689e+06 5.04033004e+00
1.60233920e+06 4.94904295e+00
1.60260425e+06 4.87623477e+00
1.60267051e+06 4.86102724e+00
1.60300182e+06 4.78499135e+00
1.60334621e+06 4.70595685e+00
1.60340593e+06 4.69225023e+00
1.60366444e+06 4.64429159e+00
1.60406202e+06 4.57053619e+00
1.60426080e+06 4.53365933e+00
1.60445959e+06 4.50468914e+00
1.60492342e+06 4.43709347e+00
1.60515790e+06 4.40292377e+00
1.60532100e+06 4.38478924e+00
1.60580644e+06 4.33081442e+00
1.60611614e+06 4.29638146e+00
1.60624092e+06 4.28622559e+00
1.60677876e+06 4.24244992e+00
1.60717633e+06 4.21009183e+00
1.60730886e+06 4.20277762e+00
1.60783896e+06 4.17352155e+00
1.60836905e+06 4.14426623e+00
1.60850158e+06 4.13997295e+00
1.60929672e+06 4.11421439e+00
1.60969429e+06 4.10133561e+00
1.61009187e+06 4.09678370e+00
1.61101953e+06 4.08616356e+00
1.61136205e+06 4.08224272e+00
1.61207973e+06 4.08836943e+00
1.61317866e+06 4.09775169e+00
1.61327245e+06 4.10010049e+00
1.61459769e+06 4.13328943e+00
1.61499526e+06 4.14324637e+00
1.61610801e+06 4.18877182e+00
1.61698312e+06 4.22457509e+00
1.61780901e+06 4.27147970e+00
1.61904754e+06 4.34182055e+00
1.61929088e+06 4.35936339e+00
1.62085946e+06 4.47244678e+00
1.62117597e+06 4.50021043e+00
1.62284732e+06 4.64681460e+00
1.62306107e+06 4.66930247e+00
1.62483518e+06 4.85595028e+00
1.62496085e+06 4.87156584e+00
1.62686062e+06 5.10763753e+00
1.62689821e+06 5.11306935e+00
1.62870990e+06 5.37492583e+00
1.62881091e+06 5.38952542e+00
1.63013615e+06 5.60885437e+00
1.63079877e+06 5.71851925e+00
1.63146139e+06 5.84232683e+00
1.63255996e+06 6.04758964e+00
1.63293718e+06 6.11807236e+00
1.63368378e+06 6.27067293e+00
1.63459790e+06 6.45751572e+00
1.63539494e+06 6.62042921e+00
1.63609974e+06 6.76448809e+00
1.63666146e+06 6.87930480e+00
1.63716446e+06 6.98211921e+00
1.63768251e+06 7.08801123e+00
1.63808760e+06 7.15501748e+00
1.63845746e+06 7.21619811e+00
1.63880690e+06 7.27400224e+00
1.63913016e+06 7.30773107e+00
1.63946190e+06 7.34234547e+00
1.63955674e+06 7.35224210e+00
1.63976511e+06 7.35902192e+00
1.63997849e+06 7.36596613e+00
1.64004295e+06 7.36253829e+00
1.64027929e+06 7.34997386e+00
1.64041267e+06 7.34288402e+00
1.64050257e+06 7.32755213e+00
1.64072039e+06 7.29040928e+00
1.64084685e+06 7.26884682e+00
1.64091717e+06 7.24610862e+00
1.64109298e+06 7.18926481e+00
1.64117996e+06 7.16114193e+00
1.64128361e+06 7.11053142e+00
1.64143907e+06 7.03461744e+00
1.64162638e+06 6.90884694e+00
1.64169575e+06 6.86227141e+00
1.64179979e+06 6.77101739e+00
1.64190384e+06 6.67976508e+00
1.64197320e+06 6.60357373e+00
1.64211193e+06 6.45119460e+00
1.64214661e+06 6.40498554e+00
1.64228107e+06 6.22584770e+00
1.64232589e+06 6.15524137e+00
1.64246034e+06 5.94342344e+00
1.64250515e+06 5.86177670e+00
1.64262783e+06 5.63828298e+00
1.64268917e+06 5.51273120e+00
1.64275051e+06 5.38718248e+00
1.64290149e+06 5.04662780e+00
1.64305246e+06 4.67682805e+00
1.64327892e+06 4.08740103e+00
1.64345234e+06 3.63602415e+00
1.64357040e+06 3.32873697e+00
1.64358727e+06 3.28779201e+00
1.64367159e+06 3.08305696e+00
1.64368846e+06 3.04540202e+00
1.64375592e+06 2.89477526e+00
1.64378965e+06 2.82612140e+00
1.64382338e+06 2.75746614e+00
1.64389085e+06 2.63384533e+00
1.64395312e+06 2.53308606e+00
1.64401087e+06 2.45215108e+00
1.64401671e+06 2.44525712e+00
1.64406927e+06 2.38320886e+00
1.64412767e+06 2.32816525e+00
1.64413351e+06 2.32266060e+00
1.64418607e+06 2.28533128e+00
1.64423863e+06 2.25925990e+00
1.64429119e+06 2.24423768e+00
1.64433207e+06 2.24009609e+00
1.64436084e+06 2.24275612e+00
1.64438960e+06 2.24541496e+00
1.64444714e+06 2.26328128e+00
1.64447590e+06 2.27813886e+00
1.64450467e+06 2.29299539e+00
1.64458108e+06 2.34911243e+00
1.64461882e+06 2.38444654e+00
1.64463769e+06 2.40211305e+00
1.64471318e+06 2.48673832e+00
1.64478867e+06 2.58539290e+00
1.64490190e+06 2.75396482e+00
1.64501513e+06 2.94186730e+00
1.64524553e+06 3.35859181e+00
1.64544221e+06 3.71432869e+00
1.64560610e+06 4.01077820e+00
1.64577000e+06 4.29381755e+00
1.64581862e+06 4.37778712e+00
1.64591587e+06 4.53332338e+00
1.64601311e+06 4.68886120e+00
1.64606174e+06 4.75980469e+00
1.64621271e+06 4.98008743e+00
1.64637390e+06 5.19109557e+00
1.64644939e+06 5.28991905e+00
1.64656262e+06 5.42075576e+00
1.64667585e+06 5.55159291e+00
1.64675133e+06 5.62755030e+00
1.64694005e+06 5.81744416e+00
1.64713610e+06 5.98692660e+00
1.64719975e+06 6.04195775e+00
1.64732707e+06 6.13493244e+00
1.64751804e+06 6.27439679e+00
1.64773327e+06 6.40342922e+00
1.64788485e+06 6.49430109e+00
1.64798590e+06 6.54274960e+00
1.64826108e+06 6.67468498e+00
1.64856303e+06 6.78688855e+00
1.64871400e+06 6.84299116e+00
1.64889936e+06 6.89349891e+00
1.64920812e+06 6.97763703e+00
1.64926988e+06 6.98879405e+00
1.64961443e+06 7.05104694e+00
1.64981400e+06 7.08710455e+00
1.65006015e+06 7.11146726e+00
1.65045493e+06 7.15054128e+00
1.65057437e+06 7.15415348e+00
1.65109495e+06 7.16989917e+00
1.65110093e+06 7.16968419e+00
1.65164829e+06 7.15001521e+00
1.65198088e+06 7.13806480e+00
1.65227825e+06 7.10918740e+00
1.65272649e+06 7.06566154e+00
1.65286682e+06 7.05203509e+00
1.65317472e+06 7.00539106e+00
1.65355960e+06 6.94708735e+00
1.65381361e+06 6.90860784e+00
1.65394447e+06 6.88207319e+00
1.65425238e+06 6.81963991e+00
1.65452949e+06 6.76345148e+00
1.65477581e+06 6.71350735e+00
1.65480660e+06 6.70726458e+00
1.65499134e+06 6.66015257e+00
1.65520687e+06 6.60519016e+00
1.65539161e+06 6.55808101e+00
1.65554914e+06 6.51791287e+00
1.65569951e+06 6.47956994e+00
1.65576109e+06 6.46386859e+00
1.65585346e+06 6.43620713e+00
1.65597662e+06 6.39932645e+00
1.65609979e+06 6.36244750e+00
1.65622295e+06 6.32557049e+00
1.65631532e+06 6.29791449e+00
1.65640614e+06 6.27072357e+00
1.65650006e+06 6.24260729e+00
1.65659243e+06 6.21495653e+00
1.65668480e+06 6.18730847e+00
1.65677717e+06 6.15966287e+00
1.65685415e+06 6.13662761e+00
1.65693112e+06 6.11359504e+00
1.65700810e+06 6.09056519e+00
1.65708507e+06 6.06753874e+00
1.65716205e+06 6.04451639e+00
1.65716590e+06 6.04336538e+00
1.65721978e+06 6.03376600e+00
1.65726981e+06 6.02485460e+00
1.65733139e+06 6.01388994e+00
1.65739297e+06 6.00292902e+00
1.65745455e+06 5.99197199e+00
1.65747284e+06 5.98872041e+00
1.65751613e+06 5.98737358e+00
1.65753538e+06 5.98677645e+00
1.65757771e+06 5.99176241e+00
1.65763929e+06 5.99901981e+00
1.65766912e+06 6.00253753e+00
1.65770088e+06 6.01419716e+00
1.65777015e+06 6.03964255e+00
1.65780287e+06 6.05166129e+00
1.65784713e+06 6.08054814e+00
1.65789331e+06 6.11069359e+00
1.65799338e+06 6.20610091e+00
1.65809345e+06 6.33404494e+00
1.65810115e+06 6.34619682e+00
1.65817812e+06 6.46771544e+00
1.65822431e+06 6.54061869e+00
1.65822431e+06 6.54062027e+00
1.65827409e+06 6.62640069e+00
1.65831668e+06 6.69977400e+00
1.65836286e+06 6.77933722e+00
1.65840905e+06 6.85889024e+00
1.65843294e+06 6.90004143e+00
1.65848139e+06 6.98347171e+00
1.65849154e+06 7.00095581e+00
1.65852983e+06 7.05388314e+00
1.65858180e+06 7.12570904e+00
1.65860351e+06 7.15570360e+00
1.65863918e+06 7.18902627e+00
1.65869007e+06 7.23656618e+00
1.65871121e+06 7.25630822e+00
1.65876314e+06 7.28073399e+00
1.65882472e+06 7.30969330e+00
1.65887090e+06 7.31603926e+00
1.65891228e+06 7.30927293e+00
1.65899791e+06 7.29526818e+00
1.65903640e+06 7.27668741e+00
1.65910953e+06 7.24138853e+00
1.65917880e+06 7.20795346e+00
1.65920959e+06 7.19309616e+00
1.65924038e+06 7.17273146e+00
1.65930197e+06 7.13200647e+00
1.65936354e+06 7.09128704e+00
1.65942512e+06 7.05057227e+00
1.65948671e+06 7.00986118e+00
1.65954829e+06 6.96915476e+00
1.65960987e+06 6.92845202e+00
1.65966952e+06 6.88902420e+00
1.65972725e+06 6.85087072e+00
1.65979461e+06 6.80636139e+00
1.65984079e+06 6.77584387e+00
1.65987158e+06 6.75834745e+00
1.65994856e+06 6.71461054e+00
1.66002553e+06 6.67087714e+00
1.66010251e+06 6.62714577e+00
1.66018333e+06 6.58123073e+00
1.66027185e+06 6.53094559e+00
1.66027186e+06 6.53094512e+00
1.66036423e+06 6.48811718e+00
1.66045660e+06 6.44529086e+00
1.66054897e+06 6.40246684e+00
1.66064903e+06 6.35607574e+00
1.66076450e+06 6.30254954e+00
1.66076450e+06 6.30254916e+00
1.66088766e+06 6.25590290e+00
1.66101852e+06 6.20634296e+00
1.66116477e+06 6.15095435e+00
1.66132449e+06 6.09046748e+00
1.66141109e+06 6.05767171e+00
1.66147267e+06 6.03831721e+00
1.66165741e+06 5.98025515e+00
1.66184215e+06 5.92219467e+00
1.66202690e+06 5.86413560e+00
1.66221164e+06 5.80607750e+00
1.66227322e+06 5.78672543e+00
1.66242717e+06 5.74560520e+00
1.66261191e+06 5.69626225e+00
1.66285053e+06 5.63252939e+00
1.66285823e+06 5.63047367e+00
1.66301218e+06 5.58935716e+00
1.66316613e+06 5.54824197e+00
1.66330236e+06 5.51186216e+00
1.66338670e+06 5.48934011e+00
1.66341481e+06 5.48328956e+00
1.66351320e+06 5.46211348e+00
1.66360489e+06 5.44238137e+00
1.66368188e+06 5.42581532e+00
1.66375884e+06 5.40925487e+00
1.66382244e+06 5.39557239e+00
1.66387867e+06 5.38347731e+00
1.66393489e+06 5.37138381e+00
1.66397706e+06 5.36231489e+00
1.66401220e+06 5.35475843e+00
1.66403328e+06 5.35022518e+00
1.66405437e+06 5.34858350e+00
1.66409654e+06 5.34530189e+00
1.66413730e+06 5.34213182e+00
1.66416682e+06 5.33983775e+00
1.66419493e+06 5.33765442e+00
1.66422164e+06 5.33558182e+00
1.66424694e+06 5.33361993e+00
1.66427013e+06 5.33182309e+00
1.66428630e+06 5.33057199e+00
1.66429192e+06 5.33167539e+00
1.66431652e+06 5.33650441e+00
1.66433575e+06 5.34028083e+00
1.66435457e+06 5.34397990e+00
1.66437570e+06 5.34813513e+00
1.66439835e+06 5.35259056e+00
1.66441281e+06 5.35543824e+00
1.66441843e+06 5.35893427e+00
1.66443530e+06 5.36942643e+00
1.66445216e+06 5.37992092e+00
1.66446903e+06 5.39041876e+00
1.66448590e+06 5.40092105e+00
1.66448871e+06 5.40267195e+00
1.66450276e+06 5.41965714e+00
1.66451990e+06 5.44036565e+00
1.66453677e+06 5.46075957e+00
1.66454775e+06 5.47403738e+00
1.66455126e+06 5.48083973e+00
1.66456286e+06 5.50328448e+00
1.66457445e+06 5.52573482e+00
1.66458781e+06 5.55158946e+00
1.66459062e+06 5.55703349e+00
1.66460221e+06 5.58877657e+00
1.66461662e+06 5.62821833e+00
1.66462646e+06 5.65515958e+00
1.66463068e+06 5.67024285e+00
1.66464473e+06 5.72052946e+00
1.66465598e+06 5.76076313e+00
1.66465861e+06 5.77235305e+00
1.66467194e+06 5.83120165e+00
1.66468269e+06 5.87861051e+00
1.66468459e+06 5.88878461e+00
1.66470237e+06 5.98356271e+00
1.66471361e+06 6.04353515e+00
1.66471923e+06 6.07876176e+00
1.66473610e+06 6.18444627e+00
1.66474172e+06 6.21967401e+00
1.66476140e+06 6.36063362e+00
1.66478108e+06 6.50160309e+00
1.66481870e+06 6.78802862e+00
1.66483966e+06 6.94753598e+00
1.66485646e+06 7.07542091e+00
1.66486361e+06 7.12985211e+00
1.66487385e+06 7.19337250e+00
1.66488931e+06 7.28924636e+00
1.66490103e+06 7.36191429e+00
1.66490196e+06 7.36620290e+00
1.66491883e+06 7.44404535e+00
1.66492263e+06 7.46157051e+00
1.66493184e+06 7.48829252e+00
1.66494433e+06 7.52448588e+00
1.66494942e+06 7.53925059e+00
1.66495134e+06 7.54480039e+00
1.66496618e+06 7.55995626e+00
1.66497275e+06 7.56664341e+00
1.66497926e+06 7.56277277e+00
1.66499358e+06 7.55424727e+00
1.66499496e+06 7.55132039e+00
1.66500879e+06 7.52200869e+00
1.66501441e+06 7.51008575e+00
1.66502285e+06 7.47949897e+00
1.66503972e+06 7.41830376e+00
1.66505817e+06 7.32618366e+00
1.66506572e+06 7.28845219e+00
1.66508285e+06 7.18225831e+00
1.66511052e+06 7.01069327e+00
1.66514373e+06 6.78952930e+00
1.66516341e+06 6.65847945e+00
1.66518028e+06 6.54616589e+00
1.66518028e+06 6.54615984e+00
1.66519715e+06 6.44412542e+00
1.66521401e+06 6.34211509e+00
1.66521402e+06 6.34210450e+00
1.66523158e+06 6.24912085e+00
1.66524494e+06 6.17845931e+00
1.66525056e+06 6.14871203e+00
1.66525899e+06 6.11170171e+00
1.66527305e+06 6.05002446e+00
1.66528711e+06 5.98835926e+00
1.66529273e+06 5.96369787e+00
1.66530187e+06 5.93215501e+00
1.66531592e+06 5.88363753e+00
1.66532857e+06 5.83997496e+00
1.66534052e+06 5.79874643e+00
1.66534122e+06 5.79687391e+00
1.66535387e+06 5.76323123e+00
1.66536863e+06 5.72398449e+00
1.66538550e+06 5.67913525e+00
1.66538691e+06 5.67540004e+00
1.66540237e+06 5.64405234e+00
1.66541924e+06 5.60985884e+00
1.66543610e+06 5.57567151e+00
1.66544173e+06 5.56427564e+00
1.66545438e+06 5.54520903e+00
1.66547019e+06 5.52137989e+00
1.66548671e+06 5.49649400e+00
1.66549795e+06 5.47955168e+00
1.66550779e+06 5.46472749e+00
1.66552044e+06 5.45081903e+00
1.66554434e+06 5.42454953e+00
1.66556402e+06 5.40291834e+00
1.66558510e+06 5.37974491e+00
1.66558791e+06 5.37665560e+00
1.66560619e+06 5.36266093e+00
1.66562727e+06 5.34651597e+00
1.66565679e+06 5.32391513e+00
1.66568912e+06 5.29916397e+00
1.66572180e+06 5.27414652e+00
1.66573410e+06 5.26473232e+00
1.66575237e+06 5.25532915e+00
1.66578466e+06 5.23871752e+00
1.66582234e+06 5.21932828e+00
1.66586258e+06 5.19862997e+00
1.66590326e+06 5.17770739e+00
1.66594670e+06 5.15536245e+00
1.66595197e+06 5.15265198e+00
1.66599590e+06 5.13722622e+00
1.66605212e+06 5.11748338e+00
1.66611538e+06 5.09527402e+00
1.66618566e+06 5.07059900e+00
1.66626297e+06 5.04345771e+00
1.66628932e+06 5.03420569e+00
1.66634730e+06 5.01950670e+00
1.66644043e+06 4.99590050e+00
1.66654600e+06 4.96913965e+00
1.66666511e+06 4.93894897e+00
1.66679645e+06 4.90565903e+00
1.66686027e+06 4.88948333e+00
1.66694402e+06 4.87285737e+00
1.66711542e+06 4.83883353e+00
1.66730807e+06 4.80059112e+00
1.66740829e+06 4.78069704e+00
1.66766204e+06 4.73032779e+00
1.66783121e+06 4.69674873e+00
1.66795808e+06 4.67553976e+00
1.66834035e+06 4.61164029e+00
1.66883182e+06 4.52948523e+00
1.66911393e+06 4.48232845e+00
1.66939604e+06 4.44131948e+00
1.67014243e+06 4.33282139e+00
1.67068894e+06 4.25337931e+00
1.67105328e+06 4.20694034e+00
1.67235883e+06 4.04053501e+00
1.67390791e+06 3.86762610e+00
1.67421184e+06 3.83370112e+00
1.67573150e+06 3.68536298e+00
1.67612402e+06 3.64704791e+00
1.67808663e+06 3.47910778e+00
1.68039250e+06 3.30881348e+00
1.68089944e+06 3.27617209e+00
1.68242026e+06 3.17824821e+00
1.68423669e+06 3.07438994e+00
1.68685566e+06 2.94390743e+00
1.68816514e+06 2.88841445e+00
1.68985682e+06 2.81672535e+00
1.69239433e+06 2.72646393e+00
1.69324017e+06 2.69637689e+00
1.69657010e+06 2.59689344e+00
1.69766228e+06 2.56935687e+00
1.70039272e+06 2.50051578e+00
1.70437451e+06 2.41760031e+00
1.70507979e+06 2.40291399e+00
1.71001671e+06 2.31861136e+00
1.71213254e+06 2.28898621e+00
1.71586449e+06 2.23673286e+00
1.72224042e+06 2.16368154e+00
1.72770551e+06 2.11262910e+00
1.72952721e+06 2.09561170e+00
1.73776279e+06 2.03303518e+00
1.74141656e+06 2.00980347e+00
1.74957892e+06 1.95790532e+00
1.74964319e+06 1.95749702e+00
1.74965767e+06 1.95740520e+00
1.74967542e+06 1.95677856e+00
1.74970229e+06 1.95582982e+00
1.74972382e+06 1.95507055e+00
1.74974000e+06 1.95450058e+00
1.74975618e+06 1.95393121e+00
1.74976831e+06 1.95350469e+00
1.74977842e+06 1.95314969e+00
1.74978987e+06 1.95274820e+00
1.74980012e+06 1.95238924e+00
1.74980372e+06 1.95226363e+00
1.74980952e+06 1.95138205e+00
1.74981858e+06 1.95000708e+00
1.74982703e+06 1.94872444e+00
1.74983579e+06 1.94739647e+00
1.74984525e+06 1.94596219e+00
1.74985390e+06 1.94465071e+00
1.74986517e+06 1.94294350e+00
1.74987442e+06 1.94154216e+00
1.74987764e+06 1.94105492e+00
1.74988408e+06 1.93923938e+00
1.74989374e+06 1.93651686e+00
1.74990179e+06 1.93424899e+00
1.74991266e+06 1.93118770e+00
1.74992353e+06 1.92812763e+00
1.74993440e+06 1.92506817e+00
1.74994204e+06 1.92291637e+00
1.74994768e+06 1.92087134e+00
1.74996670e+06 1.91397274e+00
1.74999534e+06 1.90358244e+00
1.75002883e+06 1.89143643e+00
1.75005008e+06 1.88372991e+00
1.75007057e+06 1.87629597e+00
1.75008789e+06 1.87000687e+00
1.75009105e+06 1.86930485e+00
1.75011154e+06 1.86475276e+00
1.75012672e+06 1.86137882e+00
1.75014265e+06 1.85783381e+00
1.75016086e+06 1.85377998e+00
1.75016622e+06 1.85258739e+00
1.75018211e+06 1.85144385e+00
1.75020791e+06 1.84958362e+00
1.75023826e+06 1.84739084e+00
1.75025187e+06 1.84640600e+00
1.75027317e+06 1.84620549e+00
1.75032780e+06 1.84568666e+00
1.75234000e+06 1.82646686e+00
1.75393500e+06 1.83362812e+00
1.75553000e+06 1.85956155e+00
1.75713000e+06 1.83720723e+00
1.76034000e+06 1.85052176e+00
1.76194000e+06 1.84775888e+00
1.76355000e+06 1.84914539e+00
1.76516000e+06 1.83165871e+00
1.76677000e+06 1.82495701e+00
1.76839000e+06 1.81039659e+00
1.77001000e+06 1.82738916e+00
1.77162000e+06 1.79020968e+00
1.77487000e+06 1.76135474e+00
1.77650000e+06 1.76748329e+00
1.77812000e+06 1.72931296e+00
1.77975000e+06 1.77456943e+00
1.78139000e+06 1.77123139e+00
1.78214031e+06 1.77178335e+00
1.78237000e+06 1.76463760e+00
1.78272094e+06 1.73664085e+00
1.78281762e+06 1.74058815e+00
1.78291430e+06 1.75282796e+00
1.78297875e+06 1.76409484e+00
1.78318500e+06 1.81355942e+00
1.78335000e+06 1.85539885e+00
1.78359750e+06 1.90718186e+00
1.78400000e+06 1.97884856e+00
1.78433000e+06 2.05087024e+00
1.78445375e+06 2.06383886e+00
1.78457234e+06 2.07319506e+00
1.78466000e+06 2.09004268e+00
1.78499000e+06 2.20066985e+00
1.78507395e+06 2.21148559e+00
1.78508950e+06 2.21170254e+00
1.78519059e+06 2.20348000e+00
1.78531500e+06 2.18090512e+00
1.78580500e+06 2.05457634e+00
1.78597000e+06 2.00349520e+00
1.78630000e+06 1.88521573e+00
1.78638250e+06 1.86324908e+00
1.78656812e+06 1.83137529e+00
1.78695000e+06 1.78930367e+00
1.78721812e+06 1.73941592e+00
1.78728000e+06 1.73457582e+00
1.78761000e+06 1.75055903e+00
1.78767188e+06 1.74820578e+00
1.78789875e+06 1.72039206e+00
1.78802250e+06 1.71213583e+00
1.78860000e+06 1.72000671e+00
1.78958000e+06 1.68854237e+00
1.79075176e+06 1.71982415e+00
1.79080977e+06 1.71988735e+00
1.79162188e+06 1.71870401e+00
1.79255000e+06 1.70983766e+00
1.79354000e+06 1.75089331e+00
1.79453000e+06 1.75988628e+00
1.79564375e+06 1.79739200e+00
1.79573656e+06 1.79752079e+00
1.79629344e+06 1.79712663e+00
1.79751000e+06 1.80974301e+00
1.79850000e+06 1.80514786e+00
1.79950000e+06 1.82472559e+00
1.80006414e+06 1.84409761e+00
1.80049000e+06 1.85872110e+00
1.80149000e+06 1.85834227e+00
1.80210875e+06 1.87624947e+00
1.80227750e+06 1.89521422e+00
1.80279938e+06 1.98056092e+00
1.80315000e+06 1.99187425e+00
1.80323250e+06 2.00274125e+00
1.80334852e+06 2.03033459e+00
1.80343359e+06 2.05861764e+00
1.80352250e+06 2.09658603e+00
1.80370844e+06 2.18857733e+00
1.80377750e+06 2.21332315e+00
1.80385348e+06 2.22541215e+00
1.80385924e+06 2.22563962e+00
1.80393734e+06 2.22110459e+00
1.80407395e+06 2.20443249e+00
1.80408039e+06 2.20435911e+00
1.80412293e+06 2.20738799e+00
1.80418223e+06 2.22320733e+00
1.80425312e+06 2.25893802e+00
1.80429438e+06 2.28577605e+00
1.80459016e+06 2.50149825e+00
1.80499406e+06 2.78664775e+00
1.80510875e+06 2.87910600e+00
1.80523250e+06 3.00317711e+00
1.80541812e+06 3.20507551e+00
1.80548000e+06 3.25716765e+00
1.80554375e+06 3.29468442e+00
1.80561547e+06 3.31969156e+00
1.80571109e+06 3.33136025e+00
1.80577359e+06 3.32560809e+00
1.80585078e+06 3.30150232e+00
1.80594363e+06 3.24830587e+00
1.80599789e+06 3.20879521e+00
1.80645938e+06 2.82468696e+00
1.80682000e+06 2.56639293e+00
1.80688188e+06 2.51279940e+00
1.80715000e+06 2.24526908e+00
1.80726859e+06 2.13956269e+00
1.80735754e+06 2.07042800e+00
1.80742078e+06 2.02872281e+00
1.80748055e+06 1.99787412e+00
1.80756500e+06 1.97002424e+00
1.80782000e+06 1.93106997e+00
1.80798500e+06 1.89732656e+00
1.80810875e+06 1.85945190e+00
1.80817125e+06 1.83363501e+00
1.80838906e+06 1.72321737e+00
1.80844750e+06 1.69929387e+00
1.80850695e+06 1.68314690e+00
1.80857625e+06 1.67561353e+00
1.80858780e+06 1.67539056e+00
1.80865708e+06 1.67843917e+00
1.80893423e+06 1.71530319e+00
1.80930375e+06 1.76596034e+00
1.80943938e+06 1.77636415e+00
1.81200000e+06 1.84321523e+00
1.81401500e+06 1.86332385e+00
1.81469000e+06 1.86917824e+00
1.81603000e+06 1.92865448e+00
1.81738000e+06 1.96760870e+00
1.81872000e+06 2.08669270e+00
1.82007000e+06 2.14072868e+00
1.82278000e+06 2.33271737e+00
1.82413000e+06 2.46384791e+00
1.82548000e+06 2.51366153e+00
1.82701000e+06 2.62985360e+00
1.82871000e+06 2.82816729e+00
1.83041000e+06 3.05160951e+00
1.83211000e+06 3.29970409e+00
1.83382000e+06 3.58440540e+00
1.83518000e+06 3.83987492e+00
1.83621000e+06 4.00645832e+00
1.83724000e+06 4.27266896e+00
1.83826000e+06 4.61393892e+00
1.83929000e+06 4.93147089e+00
1.84083500e+06 5.45596726e+00
1.84238000e+06 6.02316554e+00
1.84310000e+06 6.30677936e+00
1.84340000e+06 6.44587763e+00
1.84341000e+06 6.44958201e+00
1.84390000e+06 6.59884402e+00
1.84496000e+06 6.86335204e+00
1.84548000e+06 6.98795378e+00
1.84651000e+06 7.26180415e+00
1.84755000e+06 7.38060451e+00
1.84858000e+06 7.68400225e+00
1.84962000e+06 7.83195646e+00
1.85066000e+06 7.78016222e+00
1.85170000e+06 7.83125348e+00
1.85274000e+06 7.98883150e+00
1.85378000e+06 8.18961201e+00
1.85475500e+06 8.16723428e+00
1.85508000e+06 8.10622940e+00
1.85770000e+06 7.50510869e+00
1.85899000e+06 7.14430377e+00
1.86004000e+06 7.07894125e+00
1.86108000e+06 6.93361180e+00
1.86213000e+06 6.76353252e+00
1.86290000e+06 6.71944865e+00
1.86353000e+06 6.66559510e+00
1.86730000e+06 6.04651581e+00
1.86878000e+06 5.79135780e+00
1.87054000e+06 5.54042392e+00
1.87494000e+06 5.00003111e+00
1.87582000e+06 4.88824310e+00
1.87759000e+06 4.74735345e+00
1.87936000e+06 4.53820428e+00
1.88113000e+06 4.35556974e+00
1.88291000e+06 4.11880663e+00
1.88468000e+06 3.90945573e+00
1.88824000e+06 3.58507416e+00
1.89003000e+06 3.32854807e+00
1.89182000e+06 3.22520804e+00
1.89361000e+06 3.04346908e+00
1.89719000e+06 2.69874895e+00
1.89760000e+06 2.66144175e+00
1.89899000e+06 2.55101033e+00
1.90079000e+06 2.41736783e+00
1.90280000e+06 2.21810745e+00
1.90331000e+06 2.17270590e+00
1.90440000e+06 2.19145948e+00
1.90548000e+06 2.13139060e+00
1.90656000e+06 2.18437842e+00
1.90765000e+06 2.18014594e+00
1.90867188e+06 2.23538356e+00
1.90969375e+06 2.34324785e+00
1.90983000e+06 2.36445049e+00
1.91091000e+06 2.60558102e+00
1.91200000e+06 2.79330643e+00
1.91309000e+06 3.08353490e+00
1.91437000e+06 3.32979579e+00
1.91583000e+06 3.72766032e+00
1.91728000e+06 4.00637289e+00
1.91874000e+06 4.20832110e+00
1.92021000e+06 4.33542434e+00
1.92100000e+06 4.37260714e+00
1.92167000e+06 4.38802138e+00
1.92314000e+06 4.46646711e+00
1.92460000e+06 4.55903779e+00
1.92570000e+06 4.55944128e+00
1.92644000e+06 4.62515719e+00
1.92707875e+06 4.73740871e+00
1.92717000e+06 4.76583619e+00
1.92791000e+06 5.09856723e+00
1.92804875e+06 5.12989473e+00
1.92855750e+06 5.15239414e+00
1.92867266e+06 5.13460620e+00
1.92878781e+06 5.09569554e+00
1.92938500e+06 4.80552620e+00
1.93007406e+06 4.42546331e+00
1.93018938e+06 4.38201415e+00
1.93086000e+06 4.24236610e+00
1.93159000e+06 4.13523015e+00
1.93168250e+06 4.13188248e+00
1.93233000e+06 4.13123568e+00
1.93307000e+06 4.11702221e+00
1.93510000e+06 3.93648385e+00
1.93881000e+06 3.85306795e+00
1.94253000e+06 3.67121614e+00
1.94360000e+06 3.66468256e+00
1.94439000e+06 3.66518868e+00
1.94625500e+06 3.65107184e+00
1.94812000e+06 3.60508278e+00
1.94999000e+06 3.61526475e+00
1.95186000e+06 3.58398399e+00
1.95374000e+06 3.58544430e+00
1.95562000e+06 3.62392886e+00
1.95938000e+06 3.74944867e+00
1.96108000e+06 3.88330881e+00
1.96259000e+06 3.96846333e+00
1.96410000e+06 4.11288069e+00
1.96562000e+06 4.33257457e+00
1.96713000e+06 4.52366832e+00
1.96865000e+06 4.82321570e+00
1.97017000e+06 4.98875979e+00
1.97169000e+06 5.23195187e+00
1.97220000e+06 5.25694477e+00
1.97321000e+06 5.30329237e+00
1.97474000e+06 5.31180065e+00
1.97626500e+06 5.05215839e+00
1.97779000e+06 4.89848544e+00
1.97932000e+06 4.58638117e+00
1.98086000e+06 4.24055465e+00
1.98239000e+06 3.96810099e+00
1.98392000e+06 3.78432759e+00
1.98546000e+06 3.64123296e+00
1.98705312e+06 3.42398834e+00
1.98736594e+06 3.39832149e+00
1.98756445e+06 3.41138348e+00
1.98816000e+06 3.50025856e+00
1.98900219e+06 3.63264640e+00
1.98956916e+06 3.61729060e+00
1.98970000e+06 3.59896106e+00
1.99047000e+06 3.36101660e+00
1.99124000e+06 3.13710340e+00
1.99202000e+06 3.02526472e+00
1.99279000e+06 2.94918524e+00
1.99375875e+06 2.96501498e+00
1.99424312e+06 2.96455116e+00
1.99434000e+06 2.96326988e+00
1.99582000e+06 2.88565032e+00
1.99730000e+06 2.81784723e+00
2.00000000e+06 2.74336336e+00
2.00113000e+06 2.71219142e+00
2.00308000e+06 2.62469107e+00
2.00503000e+06 2.57806115e+00
2.00698000e+06 2.48118442e+00
2.00893000e+06 2.48220215e+00
2.01089000e+06 2.39955924e+00
2.01285000e+06 2.38502956e+00
2.01482000e+06 2.35689108e+00
2.01678000e+06 2.33861159e+00
2.01875000e+06 2.29488766e+00
2.02073000e+06 2.28057415e+00
2.02270000e+06 2.24409930e+00
2.02468000e+06 2.23572701e+00
2.02666000e+06 2.17267703e+00
2.02865000e+06 2.12340489e+00
2.03063000e+06 2.10827951e+00
2.03271000e+06 2.07326740e+00
2.03280000e+06 2.06999634e+00
2.03462000e+06 2.01251783e+00
2.03661000e+06 1.93957282e+00
2.03796625e+06 1.89382520e+00
2.03806000e+06 1.88090962e+00
2.03841000e+06 1.79985264e+00
2.03878500e+06 1.71266425e+00
2.03961000e+06 1.58914279e+00
2.04041000e+06 1.43162622e+00
2.04098586e+06 1.34456253e+00
2.04111875e+06 1.32969806e+00
2.04120734e+06 1.32667618e+00
2.04127535e+06 1.33007446e+00
2.04134336e+06 1.33796851e+00
2.04147938e+06 1.36042924e+00
2.04197000e+06 1.45578072e+00
2.04222000e+06 1.51885297e+00
2.04272000e+06 1.65944585e+00
2.04282000e+06 1.69033090e+00
2.04348875e+06 1.92211312e+00
2.04363281e+06 1.96195111e+00
2.04372125e+06 1.97751253e+00
2.04443000e+06 2.03527409e+00
2.04523000e+06 2.06491125e+00
2.04644000e+06 2.02945613e+00
2.04805000e+06 2.05234336e+00
2.04926125e+06 2.00376246e+00
2.04930000e+06 2.00166283e+00
2.05128000e+06 1.92708231e+00
2.05289000e+06 1.98485943e+00
2.05451000e+06 2.00908145e+00
2.05613000e+06 2.02129787e+00
2.05730606e+06 2.06949681e+00
2.05747406e+06 2.08474920e+00
2.05800000e+06 2.15314558e+00
2.05816000e+06 2.17286718e+00
2.05897000e+06 2.29608103e+00
2.05978000e+06 2.43677867e+00
2.06057438e+06 2.56312940e+00
2.06070125e+06 2.59978546e+00
2.06141000e+06 2.87380418e+00
2.06211875e+06 3.08386102e+00
2.06222000e+06 3.10377542e+00
2.06237375e+06 3.11910827e+00
2.06273811e+06 3.12870236e+00
2.06287664e+06 3.12695266e+00
2.06298555e+06 3.11429272e+00
2.06307000e+06 3.09015563e+00
2.06315250e+06 3.05287174e+00
2.06335875e+06 2.93110501e+00
2.06382000e+06 2.64732715e+00
2.06394000e+06 2.58391336e+00
2.06400000e+06 2.55738563e+00
2.06439328e+06 2.36816453e+00
2.06458625e+06 2.28251677e+00
2.06469750e+06 2.24322757e+00
2.06488516e+06 2.19722771e+00
2.06504969e+06 2.16105432e+00
2.06542938e+06 2.08835964e+00
2.06548000e+06 2.08168943e+00
2.06630000e+06 2.02398933e+00
2.06752000e+06 1.92922926e+00
2.06916000e+06 1.89967946e+00
2.07010000e+06 1.87004950e+00
2.07080000e+06 1.84974007e+00
2.07244000e+06 1.81936947e+00
2.07360000e+06 1.85956934e+00
2.07367000e+06 1.86396260e+00
2.07408000e+06 1.87975919e+00
2.07572000e+06 1.88888091e+00
2.07737000e+06 1.97129692e+00
2.07902000e+06 2.03510419e+00
2.08017312e+06 2.04716447e+00
2.08030188e+06 2.06005794e+00
2.08035375e+06 2.06857765e+00
2.08179750e+06 2.38988851e+00
2.08190000e+06 2.41962049e+00
2.08210750e+06 2.49413328e+00
2.08267812e+06 2.72966122e+00
2.08273000e+06 2.75496195e+00
2.08350812e+06 3.18902637e+00
2.08366250e+06 3.25850849e+00
2.08418781e+06 3.44322123e+00
2.08432875e+06 3.48172442e+00
2.08443188e+06 3.49522593e+00
2.08474961e+06 3.48552318e+00
2.08506734e+06 3.46140122e+00
2.08521000e+06 3.43661042e+00
2.08526188e+06 3.42192991e+00
2.08594274e+06 3.15523666e+00
2.08602703e+06 3.13262097e+00
2.08611781e+06 3.12114001e+00
2.08620008e+06 3.12051332e+00
2.08644690e+06 3.13057659e+00
2.08660000e+06 3.14334957e+00
2.08682299e+06 3.15739437e+00
2.08723312e+06 3.22705962e+00
2.08759625e+06 3.29575224e+00
2.08770000e+06 3.32589354e+00
2.08785562e+06 3.38740417e+00
2.08853000e+06 3.70212603e+00
2.08936000e+06 4.03583824e+00
2.09013812e+06 4.41102782e+00
2.09024188e+06 4.44183023e+00
2.09082547e+06 4.50330120e+00
2.09102000e+06 4.51011958e+00
2.09164250e+06 4.46100111e+00
2.09185000e+06 4.43117357e+00
2.09268000e+06 4.24180596e+00
2.09351000e+06 4.16087216e+00
2.09435000e+06 4.12660152e+00
2.09440000e+06 4.12882841e+00
2.09518000e+06 4.12382754e+00
2.09601000e+06 4.07680957e+00
2.09735500e+06 4.05879019e+00
2.09870000e+06 4.01054920e+00
2.10049500e+06 3.93822609e+00
2.10229000e+06 3.88511254e+00
2.10560000e+06 3.74275426e+00
2.10816500e+06 3.72441067e+00
2.10901000e+06 3.71752604e+00
2.11027000e+06 3.82969991e+00
2.11111000e+06 3.83555479e+00
2.11185180e+06 3.89300986e+00
2.11209906e+06 3.93293580e+00
2.11358750e+06 4.28328998e+00
2.11394562e+06 4.43508728e+00
2.11486250e+06 4.84653401e+00
2.11520000e+06 5.01052617e+00
2.11530500e+06 5.05969247e+00
2.11612750e+06 5.57146109e+00
2.11623312e+06 5.61693547e+00
2.11681750e+06 5.74783271e+00
2.11703000e+06 5.76492016e+00
2.11745250e+06 5.70284896e+00
2.11787500e+06 5.59583615e+00
2.11872000e+06 5.22532046e+00
2.11957000e+06 4.89418703e+00
2.11999500e+06 4.63247067e+00
2.12039344e+06 4.38167236e+00
2.12051750e+06 4.32348597e+00
2.12118812e+06 4.10619198e+00
2.12120000e+06 4.10311892e+00
2.12127000e+06 4.08309234e+00
2.12360750e+06 3.58518846e+00
2.12382000e+06 3.55537559e+00
2.12467000e+06 3.55529293e+00
2.12574000e+06 3.39567554e+00
2.12701000e+06 3.24400578e+00
2.12829000e+06 3.11274944e+00
2.13000000e+06 3.08333235e+00
2.13214000e+06 2.94739406e+00
2.13420000e+06 2.85523204e+00
2.13428000e+06 2.85328364e+00
2.13643000e+06 2.75770957e+00
2.13858000e+06 2.73572322e+00
2.14073000e+06 2.65670841e+00
2.14288000e+06 2.60809925e+00
2.14504000e+06 2.58847080e+00
2.14828000e+06 2.63607461e+00
2.14936000e+06 2.65317878e+00
2.15363875e+06 2.50390288e+00
2.15588000e+06 2.49223236e+00
2.15805000e+06 2.50430688e+00
2.16023000e+06 2.48605827e+00
2.16248844e+06 2.43599459e+00
2.16255688e+06 2.43594932e+00
2.16280000e+06 2.43613313e+00
2.16461000e+06 2.44797436e+00
2.16636000e+06 2.45525986e+00
2.16767500e+06 2.56481126e+00
2.16899000e+06 2.72236312e+00
2.17031000e+06 2.90955137e+00
2.17163000e+06 3.11888905e+00
2.17276438e+06 3.15200614e+00
2.17295258e+06 3.14827120e+00
2.17427000e+06 3.03032087e+00
2.17559000e+06 2.98700620e+00
2.17692000e+06 2.90283610e+00
2.17824000e+06 2.84585447e+00
2.17930000e+06 2.70120299e+00
2.17950250e+06 2.67199447e+00
2.17970828e+06 2.65832312e+00
2.18134000e+06 2.65278085e+00
2.18578000e+06 2.50979491e+00
2.18800000e+06 2.45496202e+00
2.19022000e+06 2.38453160e+00
2.19245000e+06 2.37472594e+00
2.19490000e+06 2.37735303e+00
2.19703000e+06 2.37257354e+00
2.20141000e+06 2.31411962e+00
2.20365000e+06 2.30551955e+00
2.20590000e+06 2.30789630e+00
2.20816000e+06 2.35139890e+00
2.21047562e+06 2.30042993e+00
2.21053125e+06 2.30060139e+00
2.21208875e+06 2.31009610e+00
2.21220000e+06 2.30872663e+00
2.21268000e+06 2.32003101e+00
2.21494000e+06 2.40525210e+00
2.21660000e+06 2.48410463e+00
2.21902750e+06 2.59520490e+00
2.22039000e+06 2.67376353e+00
2.22312000e+06 3.01162905e+00
2.22440000e+06 3.20779659e+00
2.22446750e+06 3.21471890e+00
2.22517500e+06 3.38154292e+00
2.22586000e+06 3.54496949e+00
2.22705875e+06 3.71510525e+00
2.22723000e+06 3.73063503e+00
2.22848227e+06 3.74180762e+00
2.22905488e+06 3.69766628e+00
2.22960000e+06 3.64976089e+00
2.22979875e+06 3.62112380e+00
2.22997000e+06 3.59882474e+00
2.23135000e+06 3.37304064e+00
2.23272000e+06 3.05490310e+00
2.23410000e+06 2.84368010e+00
2.23554000e+06 2.63429263e+00
2.23560000e+06 2.62106330e+00
2.23686000e+06 2.41788666e+00
2.23824000e+06 2.33642066e+00
2.24008000e+06 2.24584633e+00
2.24239000e+06 2.12567495e+00
2.24701000e+06 2.01599620e+00
2.24933000e+06 1.98723196e+00
2.24950000e+06 1.98692107e+00
2.25165000e+06 2.01319044e+00
2.25397500e+06 1.94352411e+00
2.25900000e+06 1.92988144e+00
2.26097000e+06 1.93438220e+00
2.26330000e+06 1.91994029e+00
2.26565000e+06 2.00648014e+00
2.26799000e+06 2.06870117e+00
2.26860000e+06 2.10277546e+00
2.27034500e+06 2.22267817e+00
2.27270000e+06 2.43512331e+00
2.27550000e+06 2.61724562e+00
2.27741000e+06 2.72901790e+00
2.27978000e+06 2.94125789e+00
2.28207594e+06 3.26506726e+00
2.28215000e+06 3.27055316e+00
2.28330000e+06 3.26940795e+00
2.28452000e+06 3.26399053e+00
2.28689000e+06 3.56163604e+00
2.28927000e+06 3.69031948e+00
2.29166000e+06 3.74282541e+00
2.29280000e+06 3.67945939e+00
2.29285000e+06 3.67771618e+00
2.29404000e+06 3.60426465e+00
2.29643000e+06 3.37536775e+00
2.29883000e+06 3.23099754e+00
2.30123000e+06 3.15288720e+00
2.30363000e+06 3.08305868e+00
2.30500000e+06 3.01663212e+00
2.30603000e+06 2.97022681e+00
2.30844000e+06 2.91143601e+00
2.31086000e+06 2.80980107e+00
2.31327000e+06 2.72235395e+00
2.31569000e+06 2.58748249e+00
2.31812000e+06 2.52576544e+00
2.32055000e+06 2.49627509e+00
2.32541000e+06 2.42694690e+00
2.32785000e+06 2.37594532e+00
2.33030000e+06 2.40679137e+00
2.33140000e+06 2.38860713e+00
2.33274000e+06 2.36046577e+00
2.33519000e+06 2.23676796e+00
2.33728000e+06 2.29275080e+00
2.33937000e+06 2.33222903e+00
2.34134000e+06 2.28512551e+00
2.34331000e+06 2.35950304e+00
2.34528500e+06 2.32117497e+00
2.34726000e+06 2.30876020e+00
2.34924000e+06 2.41511449e+00
2.35122000e+06 2.37019373e+00
2.35519000e+06 2.36407160e+00
2.35630000e+06 2.37012555e+00
2.35718000e+06 2.37932152e+00
2.35917000e+06 2.41393688e+00
2.36117000e+06 2.42502960e+00
2.36316000e+06 2.41839547e+00
2.36513438e+06 2.48354424e+00
2.36667000e+06 2.58512490e+00
2.36767000e+06 2.60983817e+00
2.36854500e+06 2.66223614e+00
2.36867000e+06 2.67647800e+00
2.36957000e+06 2.84054304e+00
2.37040000e+06 3.00195818e+00
2.37047000e+06 3.01380768e+00
2.37068000e+06 3.06280202e+00
2.37118000e+06 3.22715314e+00
2.37268000e+06 3.76507324e+00
2.37343750e+06 3.94392383e+00
2.37369000e+06 3.98591850e+00
2.37446723e+06 4.01793496e+00
2.37450372e+06 4.01793190e+00
2.37462727e+06 4.01369556e+00
2.37480138e+06 3.99100156e+00
2.37488844e+06 3.97396918e+00
2.37570500e+06 3.76308760e+00
2.37671000e+06 3.40812041e+00
2.37690000e+06 3.35232049e+00
2.37824883e+06 2.98331333e+00
2.37869844e+06 2.86352846e+00
2.37891938e+06 2.82634207e+00
2.38075000e+06 2.62494508e+00
2.38176000e+06 2.53882750e+00
2.38327000e+06 2.45172234e+00
2.38530000e+06 2.35665387e+00
2.38717500e+06 2.30706921e+00
2.38780000e+06 2.30123634e+00
2.38935000e+06 2.30644311e+00
2.39138500e+06 2.28507028e+00
2.39348375e+06 2.15315428e+00
2.39354750e+06 2.15187041e+00
2.39552375e+06 2.14682761e+00
2.39750000e+06 2.15783466e+00
2.39954000e+06 2.17687183e+00
2.40159000e+06 2.14768968e+00
2.40290000e+06 2.18995965e+00
2.40359375e+06 2.21656469e+00
2.40569000e+06 2.14052759e+00
2.40774000e+06 2.17238022e+00
2.40980000e+06 2.06923029e+00
2.41186000e+06 2.07762790e+00
2.41392000e+06 2.09981491e+00
2.41598500e+06 2.07815646e+00
2.41805000e+06 2.06543013e+00
2.42012000e+06 2.03316079e+00
2.42219500e+06 2.04034853e+00
2.42427000e+06 2.08908037e+00
2.42556688e+06 2.08184656e+00
2.42570000e+06 2.07926469e+00
2.42842000e+06 2.07185464e+00
2.43051000e+06 2.11226245e+00
2.43259000e+06 2.07837848e+00
2.43468000e+06 1.96736965e+00
2.43677000e+06 1.93013923e+00
2.43886000e+06 1.80942085e+00
2.44089438e+06 1.67004257e+00
2.44119500e+06 1.66081050e+00
2.44143000e+06 1.65573453e+00
2.44190000e+06 1.65073360e+00
2.44291500e+06 1.63419819e+00
2.44305312e+06 1.63579775e+00
2.44319125e+06 1.64172445e+00
2.44516000e+06 1.78536415e+00
2.44712875e+06 1.98434164e+00
2.44726000e+06 2.00284298e+00
2.44778750e+06 2.10178636e+00
2.44930406e+06 2.40116199e+00
2.44937000e+06 2.41128169e+00
2.45148000e+06 2.64183181e+00
2.45359000e+06 3.00710837e+00
2.45571000e+06 3.30163167e+00
2.45783000e+06 3.48895984e+00
2.45930000e+06 3.58228966e+00
2.45995000e+06 3.61015648e+00
2.46220209e+06 3.58539784e+00
2.46250000e+06 3.56389723e+00
2.46258908e+06 3.56245020e+00
2.46633000e+06 3.34667163e+00
2.46846000e+06 3.19737039e+00
2.47059000e+06 3.08386755e+00
2.47273000e+06 3.09999548e+00
2.47487000e+06 2.98224752e+00
2.47660000e+06 2.99831903e+00
2.47701500e+06 3.00637091e+00
2.47916000e+06 3.08369911e+00
2.48131000e+06 3.13735777e+00
2.48346000e+06 3.22867181e+00
2.48530000e+06 3.28834018e+00
2.48561000e+06 3.29884693e+00
2.48723000e+06 3.38703836e+00
2.48939000e+06 3.53904680e+00
2.49047000e+06 3.68799927e+00
2.49155000e+06 3.91507734e+00
2.49263000e+06 4.15859821e+00
2.49372000e+06 4.32946000e+00
2.49390000e+06 4.37129120e+00
2.49480000e+06 4.61319782e+00
2.49588000e+06 4.98113531e+00
2.49750750e+06 5.27110389e+00
2.49805000e+06 5.34819934e+00
2.49914000e+06 5.20068998e+00
2.50023000e+06 5.09261427e+00
2.50131000e+06 4.75751300e+00
2.50240000e+06 4.40643631e+00
2.50349000e+06 4.18614785e+00
2.50458000e+06 4.00059742e+00
2.50594000e+06 3.80979385e+00
2.50690000e+06 3.70896623e+00
2.50758000e+06 3.64143088e+00
2.50922000e+06 3.58210478e+00
2.51086000e+06 3.50455290e+00
2.51250000e+06 3.34041780e+00
2.51415000e+06 3.27663157e+00
2.51579000e+06 3.30310195e+00
2.51744000e+06 3.23716524e+00
2.51909000e+06 3.10841877e+00
2.52074000e+06 3.12592089e+00
2.52294000e+06 3.00548448e+00
2.52570000e+06 3.01735112e+00
2.52846000e+06 2.97791208e+00
2.52860000e+06 2.97671384e+00
2.53123000e+06 2.98561412e+00
2.53400000e+06 3.06600573e+00
2.53677000e+06 2.94380080e+00
2.53955000e+06 2.97880660e+00
2.54234000e+06 2.93046479e+00
2.54513000e+06 2.96106503e+00
2.54792000e+06 3.08478702e+00
2.55072500e+06 3.02430428e+00
2.55140000e+06 3.01706474e+00
2.55353000e+06 2.99790172e+00
2.55633000e+06 3.04285459e+00
2.55915000e+06 3.05026230e+00
2.56196000e+06 3.02615604e+00
2.56485750e+06 3.04975742e+00
2.56532250e+06 3.05116992e+00
2.56540000e+06 3.05203242e+00
2.56760500e+06 3.05614813e+00
2.57044000e+06 3.15088624e+00
2.57328000e+06 3.00798973e+00
2.57612000e+06 2.96480542e+00
2.57840000e+06 2.95333016e+00
2.57896000e+06 2.95025538e+00
2.58181000e+06 2.88538396e+00
2.58467000e+06 2.90313951e+00
2.58753000e+06 2.89819021e+00
2.59039000e+06 2.88357140e+00
2.59326500e+06 2.94568253e+00
2.59614000e+06 2.99837489e+00
2.59900000e+06 3.10299764e+00
2.59902000e+06 3.10344105e+00
2.60190000e+06 3.14102546e+00
2.60417250e+06 3.06341764e+00
2.60594000e+06 2.95595271e+00
2.60768000e+06 2.87471570e+00
2.60942000e+06 2.86481044e+00
2.61116000e+06 2.81757780e+00
2.61290000e+06 2.89247709e+00
2.61464000e+06 2.77451876e+00
2.61638500e+06 2.82263893e+00
2.61813000e+06 2.85557618e+00
2.61988000e+06 2.78713235e+00
2.62178875e+06 2.74567786e+00
2.62290000e+06 2.73661849e+00
2.62339000e+06 2.73678320e+00
2.62514000e+06 2.76070136e+00
2.62690000e+06 2.74165362e+00
2.62865000e+06 2.66394147e+00
2.63041000e+06 2.75146954e+00
2.63217000e+06 2.65191359e+00
2.63340000e+06 2.64379243e+00
2.63564706e+06 2.63419731e+00
2.63802812e+06 2.64786122e+00
2.63883215e+06 2.64196386e+00
2.63924000e+06 2.64163261e+00
2.64100000e+06 2.67987528e+00
2.64101000e+06 2.68022858e+00
2.64278000e+06 2.66632367e+00
2.64455000e+06 2.64052042e+00
2.64633000e+06 2.64400298e+00
2.64810000e+06 2.56499023e+00
2.64988000e+06 2.60903458e+00
2.65166000e+06 2.60060843e+00
2.65335887e+06 2.64360582e+00
2.65360156e+06 2.66169555e+00
2.65487891e+06 2.79612854e+00
2.65493000e+06 2.79813988e+00
2.65612000e+06 2.78292622e+00
2.65709617e+06 2.83851500e+00
2.65727281e+06 2.86200553e+00
2.65739367e+06 2.89441430e+00
2.65796078e+06 3.13270314e+00
2.65850000e+06 3.36358130e+00
2.65955000e+06 3.78504064e+00
2.65970000e+06 3.83318293e+00
2.66024750e+06 3.94878327e+00
2.66070000e+06 4.02883212e+00
2.66079500e+06 4.04500353e+00
2.66098336e+06 4.06027237e+00
2.66191717e+06 4.04247190e+00
2.66205057e+06 4.02293632e+00
2.66216902e+06 3.98333721e+00
2.66271985e+06 3.68680368e+00
2.66324266e+06 3.40241027e+00
2.66343000e+06 3.32402595e+00
2.66433000e+06 3.03501005e+00
2.66448000e+06 2.99625611e+00
2.66567000e+06 2.79146148e+00
2.66687000e+06 2.62446293e+00
2.66927000e+06 2.53085952e+00
2.67077000e+06 2.54346732e+00
2.67257000e+06 2.51215524e+00
2.67280000e+06 2.51979986e+00
2.67437000e+06 2.55592645e+00
2.67618000e+06 2.49762049e+00
2.67799000e+06 2.49320428e+00
2.67960000e+06 2.43320737e+00
2.67979000e+06 2.42917585e+00
2.68161000e+06 2.39802872e+00
2.68353312e+06 2.35180737e+00
2.68374523e+06 2.35227671e+00
2.68523000e+06 2.36154340e+00
2.68705000e+06 2.36661647e+00
2.68887000e+06 2.44180573e+00
2.69069000e+06 2.41990905e+00
2.69251000e+06 2.52736079e+00
2.69433000e+06 2.69311978e+00
2.69616000e+06 2.81460821e+00
2.69799000e+06 2.88400279e+00
2.69930000e+06 2.86909989e+00
2.69982000e+06 2.85544956e+00
2.70165000e+06 2.82398362e+00
2.70348000e+06 2.75645041e+00
2.70531000e+06 2.67800724e+00
2.70715000e+06 2.62070079e+00
2.70899000e+06 2.60834411e+00
2.71083000e+06 2.50713789e+00
2.71258000e+06 2.49867458e+00
2.71300000e+06 2.50399363e+00
2.71447250e+06 2.54383511e+00
2.71636500e+06 2.48886154e+00
2.71821000e+06 2.49107294e+00
2.72006000e+06 2.41954821e+00
2.72191000e+06 2.38811869e+00
2.72377000e+06 2.37232790e+00
2.72562000e+06 2.28591356e+00
2.72934000e+06 2.07068486e+00
2.73120000e+06 2.02803867e+00
2.73306500e+06 2.09449408e+00
2.73493000e+06 2.19834684e+00
2.73680000e+06 2.27430494e+00
2.73800000e+06 2.30056591e+00
2.73943750e+06 2.32262426e+00
2.74054000e+06 2.34065758e+00
2.74241000e+06 2.31557997e+00
2.74429000e+06 2.41902342e+00
2.74554000e+06 2.34255501e+00
2.74616000e+06 2.30463139e+00
2.74992000e+06 2.37575429e+00
2.75298000e+06 2.34292292e+00
2.75400000e+06 2.33096561e+00
2.75652000e+06 2.39155959e+00
2.75904000e+06 2.37830477e+00
2.76000000e+06 2.33978335e+00
2.76156000e+06 2.27717182e+00
2.76409000e+06 2.23337173e+00
2.76460000e+06 2.23999386e+00
2.76662000e+06 2.27523876e+00
2.76915000e+06 2.30143206e+00
2.77169000e+06 2.35470286e+00
2.77423000e+06 2.44573738e+00
2.77677000e+06 2.47843953e+00
2.77932000e+06 2.54351710e+00
2.78000000e+06 2.54117051e+00
2.78187000e+06 2.53471927e+00
2.78443000e+06 2.55014252e+00
2.78698000e+06 2.55391990e+00
2.78880000e+06 2.58737829e+00
2.78955000e+06 2.59686845e+00
2.79211000e+06 2.57276213e+00
2.79468000e+06 2.58774873e+00
2.79729750e+06 2.56898842e+00
2.79991500e+06 2.51364159e+00
2.80000000e+06 2.51326298e+00
2.80241000e+06 2.50252690e+00
2.80499500e+06 2.53266703e+00
2.80758000e+06 2.58674453e+00
2.80860000e+06 2.57250671e+00
2.80887500e+06 2.57090548e+00
2.81017000e+06 2.55774179e+00
2.81276000e+06 2.65206894e+00
2.81536000e+06 2.61751938e+00
2.81796000e+06 2.66590740e+00
2.82000000e+06 2.66950186e+00
2.82056000e+06 2.67048919e+00
2.82578000e+06 2.85219845e+00
2.82709000e+06 2.83327806e+00
2.82750000e+06 2.82475685e+00
2.82840000e+06 2.81664270e+00
2.83380375e+06 3.07067991e+00
2.83757500e+06 3.18992153e+00
2.83889000e+06 3.23029959e+00
2.84153000e+06 3.43467626e+00
2.84270000e+06 3.45253045e+00
2.84416000e+06 3.47222141e+00
2.84680500e+06 3.57202181e+00
2.84945000e+06 3.69154335e+00
2.85210000e+06 3.78548453e+00
2.85410000e+06 3.82737125e+00
2.85475000e+06 3.83990406e+00
2.85741000e+06 3.72626177e+00
2.86273000e+06 3.83804219e+00
2.86390000e+06 3.84860810e+00
2.86555719e+06 3.84792397e+00
2.86814859e+06 3.80179089e+00
2.87074000e+06 3.73044077e+00
2.87308000e+06 3.51318718e+00
2.87509000e+06 3.24956809e+00
2.87680000e+06 3.07213366e+00
2.87703250e+06 3.04564551e+00
2.87912000e+06 2.92054164e+00
2.88114000e+06 2.78019178e+00
2.88316000e+06 2.61161940e+00
2.88518000e+06 2.57155115e+00
2.88720000e+06 2.46364275e+00
2.88890000e+06 2.41052371e+00
2.89125000e+06 2.38440285e+00
2.89328000e+06 2.29276607e+00
2.89532000e+06 2.29758872e+00
2.89735000e+06 2.27206187e+00
2.89939000e+06 2.27773665e+00
2.90143000e+06 2.19554197e+00
2.90340000e+06 2.24840931e+00
2.90347000e+06 2.25084470e+00
2.90551000e+06 2.20172840e+00
2.90755000e+06 2.12677043e+00
2.90960000e+06 2.10302235e+00
2.91165000e+06 2.09078767e+00
2.91370000e+06 2.08854061e+00
2.91575000e+06 2.10896114e+00
2.91630000e+06 2.10166079e+00
2.91747000e+06 2.08342495e+00
2.91884000e+06 2.07152414e+00
2.92021000e+06 2.03934062e+00
2.92177676e+06 2.09168683e+00
2.92184414e+06 2.09227219e+00
2.92265273e+06 2.09708545e+00
2.92298094e+06 2.10390833e+00
2.92433500e+06 2.18880328e+00
2.92571000e+06 2.24657737e+00
2.92709000e+06 2.25801294e+00
2.92985000e+06 2.42269199e+00
2.93123000e+06 2.53826949e+00
2.93261000e+06 2.60047993e+00
2.93537000e+06 2.91733923e+00
2.93676000e+06 3.13178253e+00
2.93805375e+06 3.41947427e+00
2.93814000e+06 3.42777952e+00
2.93900000e+06 3.39524973e+00
2.93953000e+06 3.36404785e+00
2.94000000e+06 3.36523493e+00
2.94091000e+06 3.36753351e+00
2.94230000e+06 3.13329162e+00
2.94369000e+06 2.94667472e+00
2.94508000e+06 2.67685922e+00
2.94647000e+06 2.46750120e+00
2.94786000e+06 2.27982829e+00
2.95065000e+06 2.06408974e+00
2.95205000e+06 2.00721364e+00
2.95414000e+06 1.88880873e+00
2.95693000e+06 1.82983948e+00
2.96000000e+06 1.78936590e+00
2.96254000e+06 1.75587960e+00
2.96550000e+06 1.68928573e+00
2.96823500e+06 1.67083982e+00
2.97097000e+06 1.59997273e+00
2.97379000e+06 1.58263924e+00
2.97662000e+06 1.59250697e+00
2.97945000e+06 1.51123888e+00
2.98228000e+06 1.47573354e+00
2.98515750e+06 1.58487563e+00
2.98516938e+06 1.58491710e+00
2.98530000e+06 1.58379500e+00
2.98795000e+06 1.50836649e+00
2.99062000e+06 1.55091324e+00
2.99329000e+06 1.63485172e+00
2.99543000e+06 1.69927799e+00
2.99757000e+06 1.85085771e+00
2.99971000e+06 1.96128407e+00
3.00000000e+06 1.97082360e+00
3.00186000e+06 2.03200842e+00
3.00400000e+06 2.19424123e+00
3.00615000e+06 2.34282681e+00
3.00831000e+06 2.50916294e+00
3.01046000e+06 2.61359789e+00
3.01262000e+06 2.80696495e+00
3.01478000e+06 2.83447858e+00
3.01694000e+06 2.78614922e+00
3.01910000e+06 2.80530770e+00
3.02000000e+06 2.77936132e+00
3.02127000e+06 2.74274809e+00
3.02344000e+06 2.63910373e+00
3.02561000e+06 2.56395150e+00
3.02778000e+06 2.52494879e+00
3.02996000e+06 2.43553290e+00
3.03213000e+06 2.44313818e+00
3.03431000e+06 2.44670281e+00
3.03650000e+06 2.50765334e+00
3.03868000e+06 2.46544367e+00
3.04081000e+06 2.48261672e+00
3.04210000e+06 2.52532092e+00
3.04294000e+06 2.55974047e+00
3.04315703e+06 2.55419128e+00
3.04525500e+06 2.41217237e+00
3.04745000e+06 2.38391107e+00
3.04964000e+06 2.31935070e+00
3.05184000e+06 2.24334367e+00
3.05404000e+06 2.21798402e+00
3.05575965e+06 2.24468546e+00
3.05600531e+06 2.25609832e+00
3.05735000e+06 2.36022289e+00
3.05863625e+06 2.50891338e+00
3.05882000e+06 2.53789951e+00
3.05941000e+06 2.66698986e+00
3.06000000e+06 2.79991683e+00
3.06029000e+06 2.86525382e+00
3.06177000e+06 3.08550987e+00
3.06300170e+06 3.19832083e+00
3.06318258e+06 3.20552932e+00
3.06335163e+06 3.19352767e+00
3.06390000e+06 3.09787297e+00
3.06472000e+06 2.93536227e+00
3.06619000e+06 2.58654517e+00
3.06767000e+06 2.29974948e+00
3.06905750e+06 2.07300989e+00
3.06915000e+06 2.06241425e+00
3.06933500e+06 2.04965018e+00
3.07063000e+06 2.00996408e+00
3.07285000e+06 1.96870397e+00
3.07879000e+06 1.87466954e+00
3.08000000e+06 1.87935664e+00
3.08164500e+06 1.88572877e+00
3.08450000e+06 1.95600409e+00
3.08474000e+06 1.96300051e+00
3.08773000e+06 1.98970158e+00
3.09072000e+06 2.07382080e+00
3.09371000e+06 2.21846970e+00
3.09595000e+06 2.23221077e+00
3.09745000e+06 2.35679106e+00
3.09896000e+06 2.40806761e+00
3.10000000e+06 2.45274952e+00
3.10040250e+06 2.47004227e+00
3.10050688e+06 2.48320788e+00
3.10186625e+06 2.76414167e+00
3.10203031e+06 2.78312406e+00
3.10205375e+06 2.78449624e+00
3.10346000e+06 2.78862578e+00
3.10487562e+06 2.84336324e+00
3.10503500e+06 2.86197170e+00
3.10510000e+06 2.87445149e+00
3.10638438e+06 3.12878176e+00
3.10647000e+06 3.13813958e+00
3.10798000e+06 3.15901527e+00
3.10949000e+06 3.24464863e+00
3.11095281e+06 3.39255971e+00
3.11109880e+06 3.38823031e+00
3.11251000e+06 3.24270496e+00
3.11402000e+06 3.20488437e+00
3.11553000e+06 3.17546752e+00
3.11650000e+06 3.05115488e+00
3.11705000e+06 2.97991674e+00
3.11856000e+06 2.91703511e+00
3.12000000e+06 2.86911401e+00
3.12008000e+06 2.86645172e+00
3.12159000e+06 2.82375700e+00
3.12311000e+06 2.64777579e+00
3.12444000e+06 2.57550661e+00
3.12474875e+06 2.56796415e+00
3.12596000e+06 2.56298888e+00
3.12615000e+06 2.56081894e+00
3.12767000e+06 2.48470108e+00
3.12920000e+06 2.35385673e+00
3.13035781e+06 2.31108485e+00
3.13053594e+06 2.30802933e+00
3.13067258e+06 2.31098698e+00
3.13076773e+06 2.32066707e+00
3.13081531e+06 2.32810654e+00
3.13117273e+06 2.40490152e+00
3.13224500e+06 2.65501056e+00
3.13377000e+06 2.96744688e+00
3.13490000e+06 3.23359244e+00
3.13530000e+06 3.32714332e+00
3.13682000e+06 3.58003294e+00
3.13835000e+06 3.69094285e+00
3.13854250e+06 3.69451638e+00
3.13979375e+06 3.68583448e+00
3.14000000e+06 3.68927279e+00
3.14142000e+06 3.71294504e+00
3.14295000e+06 3.90189207e+00
3.14448000e+06 3.98180574e+00
3.14611562e+06 3.91237254e+00
3.14735875e+06 3.90704676e+00
3.14755000e+06 3.90176723e+00
3.14909000e+06 3.67234695e+00
3.15063000e+06 3.42877491e+00
3.15371000e+06 2.87623865e+00
3.15486500e+06 2.75151838e+00
3.15525000e+06 2.72202623e+00
3.15679000e+06 2.71098042e+00
3.15834000e+06 2.59159226e+00
3.15994000e+06 2.48839582e+00
3.16000000e+06 2.48363454e+00
3.16143000e+06 2.37015731e+00
3.16298000e+06 2.41587479e+00
3.16452000e+06 2.31581328e+00
3.16607000e+06 2.31059149e+00
3.16762000e+06 2.27305483e+00
3.16918000e+06 2.22780942e+00
3.17060000e+06 2.34004153e+00
3.17150500e+06 2.41812800e+00
3.17228000e+06 2.48251077e+00
3.17384000e+06 2.55518308e+00
3.17493160e+06 2.51403733e+00
3.17529547e+06 2.49361748e+00
3.17546000e+06 2.47574941e+00
3.17600000e+06 2.38498101e+00
3.17648844e+06 2.30288078e+00
3.17683125e+06 2.24797447e+00
3.17695000e+06 2.24066844e+00
3.17851000e+06 2.33220780e+00
3.17869625e+06 2.32890793e+00
3.18000000e+06 2.23566789e+00
3.18085000e+06 2.17487761e+00
3.18398000e+06 2.11973407e+00
3.18711000e+06 2.09804650e+00
3.19652000e+06 1.97917870e+00
3.19967000e+06 1.95729371e+00
3.20000000e+06 1.95905904e+00
3.20100000e+06 1.96441003e+00
3.20119453e+06 1.96702497e+00
3.20286750e+06 1.97873861e+00
3.20598000e+06 1.96070383e+00
3.20894500e+06 2.00557646e+00
3.21191000e+06 2.03656626e+00
3.21429000e+06 2.03530936e+00
3.21667000e+06 2.09817447e+00
3.21916156e+06 2.25087278e+00
3.21940000e+06 2.25073064e+00
3.21972867e+06 2.25632557e+00
3.22143000e+06 2.26489175e+00
3.22382000e+06 2.34792117e+00
3.22621000e+06 2.47107629e+00
3.22801000e+06 2.67075157e+00
3.22861000e+06 2.74806548e+00
3.23085062e+06 3.17814380e+00
3.23100000e+06 3.20232575e+00
3.23130000e+06 3.22993957e+00
3.23235000e+06 3.31744496e+00
3.23340000e+06 3.39127859e+00
3.23580000e+06 3.44453179e+00
3.23620000e+06 3.44545678e+00
3.23820500e+06 3.39807054e+00
3.24000000e+06 3.28614251e+00
3.24061000e+06 3.24810508e+00
3.24302000e+06 3.07860557e+00
3.24527938e+06 2.80933466e+00
3.24543000e+06 2.79778536e+00
3.24760000e+06 2.77924877e+00
3.24785000e+06 2.77498048e+00
3.24906000e+06 2.64449736e+00
3.25027000e+06 2.51062936e+00
3.25269000e+06 2.40070017e+00
3.25511000e+06 2.26227346e+00
3.25753000e+06 2.26387597e+00
3.26000000e+06 2.21559629e+00
3.26037000e+06 2.20836393e+00
3.26330000e+06 2.10587831e+00
3.26361000e+06 2.10171624e+00
3.26686000e+06 2.14366608e+00
3.27011000e+06 2.09748501e+00
3.27337000e+06 2.12332200e+00
3.27663000e+06 2.09945460e+00
3.27978938e+06 2.12553842e+00
3.28000000e+06 2.13225996e+00
3.28608873e+06 2.46581232e+00
3.28640168e+06 2.47904491e+00
3.28658243e+06 2.47485847e+00
3.28965750e+06 2.24729459e+00
3.29040000e+06 2.21194518e+00
3.29301000e+06 2.10667677e+00
3.29630000e+06 2.15505724e+00
3.29980000e+06 2.11737043e+00
3.30000000e+06 2.11436674e+00
3.30290000e+06 2.07081039e+00
3.30621000e+06 2.08285010e+00
3.30952000e+06 2.06166537e+00
3.31284000e+06 2.09573923e+00
3.31616000e+06 2.14883043e+00
3.31927250e+06 2.13532337e+00
3.32271125e+06 2.09595636e+00
3.32615000e+06 2.03181024e+00
3.32670000e+06 2.03373789e+00
3.32949500e+06 2.06719079e+00
3.33284000e+06 2.20766449e+00
3.33619000e+06 2.19651189e+00
3.33954000e+06 2.14386000e+00
3.34000000e+06 2.15450627e+00
3.34291000e+06 2.22185308e+00
3.34627000e+06 2.15787302e+00
3.34964500e+06 2.19660482e+00
3.35120000e+06 2.22143945e+00
3.35163000e+06 2.22830691e+00
3.35302000e+06 2.25050646e+00
3.35500000e+06 2.32139125e+00
3.35640000e+06 2.37150806e+00
3.35992500e+06 2.32341322e+00
3.36000000e+06 2.32318069e+00
3.36110000e+06 2.31977292e+00
3.36315500e+06 2.31600629e+00
3.36658000e+06 2.35901528e+00
3.36998000e+06 2.37424915e+00
3.37339000e+06 2.46552232e+00
3.37638000e+06 2.58622990e+00
3.37894000e+06 2.56242463e+00
3.38000000e+06 2.62931982e+00
3.38151000e+06 2.72461365e+00
3.38407000e+06 2.79122943e+00
3.38632312e+06 2.74642119e+00
3.38664500e+06 2.72954750e+00
3.38922000e+06 2.39074886e+00
3.39180000e+06 2.30682665e+00
3.39438000e+06 2.16854683e+00
3.39696000e+06 2.15084871e+00
3.39955000e+06 2.15742185e+00
3.40214000e+06 2.12276751e+00
3.40470750e+06 2.21234083e+00
3.40530000e+06 2.21754784e+00
3.40732000e+06 2.22984746e+00
3.40992000e+06 2.31856803e+00
3.41260141e+06 2.37887941e+00
3.41268281e+06 2.37941735e+00
3.41512500e+06 2.39238592e+00
3.41773000e+06 2.39633491e+00
3.42000000e+06 2.45343880e+00
3.42034500e+06 2.46211829e+00
3.42296000e+06 2.63965976e+00
3.42557000e+06 2.76837318e+00
3.42819000e+06 3.06344407e+00
3.42848484e+06 3.07357578e+00
3.42855656e+06 3.07400111e+00
3.42870000e+06 3.07459950e+00
3.43067812e+06 3.05800898e+00
3.43085043e+06 3.04975281e+00
3.43343500e+06 2.79253775e+00
3.43606000e+06 2.63192771e+00
3.43853500e+06 2.38923560e+00
3.43870000e+06 2.37892636e+00
3.44000000e+06 2.37725242e+00
3.44133000e+06 2.37553986e+00
3.44411500e+06 2.26910292e+00
3.44690000e+06 2.18160517e+00
3.44793000e+06 2.15482492e+00
3.45145000e+06 2.20261958e+00
3.45499000e+06 2.10842208e+00
3.45831000e+06 2.20165984e+00
3.46000000e+06 2.24486464e+00
3.46163000e+06 2.28653555e+00
3.46429000e+06 2.51147900e+00
3.46445656e+06 2.51332873e+00
3.46695500e+06 2.49652535e+00
3.46962000e+06 2.41989138e+00
3.47229000e+06 2.29495857e+00
3.47496000e+06 2.27280151e+00
3.47550000e+06 2.27117069e+00
3.47746312e+06 2.27692175e+00
3.47773002e+06 2.26897249e+00
3.48013207e+06 2.12007286e+00
3.48031000e+06 2.11311319e+00
3.48300000e+06 2.17253099e+00
3.48568500e+06 2.14726412e+00
3.48837000e+06 2.14376881e+00
3.49106000e+06 2.13350591e+00
3.49375500e+06 2.19405947e+00
3.49500000e+06 2.23633857e+00
3.49645000e+06 2.29247367e+00
3.49915000e+06 2.48313857e+00
3.50186000e+06 2.66260595e+00
3.50456000e+06 2.81647700e+00
3.50727500e+06 2.73689705e+00
3.50999000e+06 2.52368868e+00
3.51270000e+06 2.34107991e+00
3.51542000e+06 2.32121135e+00
3.51815000e+06 2.16806596e+00
3.51840000e+06 2.17169924e+00
3.52087500e+06 2.22446854e+00
3.52360000e+06 2.27296994e+00
3.52633500e+06 2.29954507e+00
3.52907000e+06 2.16515952e+00
3.53036990e+06 2.18505564e+00
3.53175646e+06 2.21505138e+00
3.53400000e+06 2.34368548e+00
3.53420438e+06 2.35114817e+00
3.53574844e+06 2.33982951e+00
3.53592000e+06 2.34721639e+00
3.53597719e+06 2.35242477e+00
3.53775000e+06 2.60507219e+00
3.53867000e+06 2.66986552e+00
3.53959000e+06 2.71449213e+00
3.54075659e+06 2.68149503e+00
3.54127089e+06 2.65836242e+00
3.54139633e+06 2.64838250e+00
3.54165438e+06 2.61361533e+00
3.54305213e+06 2.38316779e+00
3.54324567e+06 2.35960336e+00
3.54509000e+06 2.30495252e+00
3.54526250e+06 2.28866355e+00
3.54681500e+06 2.06808821e+00
3.54696953e+06 2.05595897e+00
3.54700906e+06 2.05466228e+00
3.54949953e+06 2.09585654e+00
3.55199000e+06 2.12977040e+00
3.55476000e+06 2.13639210e+00
3.56000000e+06 2.20889565e+00
3.56010812e+06 2.21039173e+00
3.56030000e+06 2.21076052e+00
3.56307000e+06 2.13683841e+00
3.56585000e+06 2.13920291e+00
3.56863000e+06 2.22725551e+00
3.57401207e+06 2.15643808e+00
3.57426836e+06 2.15025935e+00
3.57430000e+06 2.14770316e+00
3.57691562e+06 1.94809721e+00
3.57700000e+06 1.94493527e+00
3.57979000e+06 1.95613029e+00
3.58259000e+06 1.83684742e+00
3.58539000e+06 1.88787159e+00
3.58820000e+06 1.84009612e+00
3.59054000e+06 1.90345826e+00
3.59241000e+06 1.88671207e+00
3.59428500e+06 1.90996919e+00
3.59616000e+06 2.03645835e+00
3.59780500e+06 2.10848320e+00
3.59804000e+06 2.11072233e+00
3.59992000e+06 2.01215161e+00
3.60000000e+06 2.00933766e+00
3.60180000e+06 1.94602360e+00
3.60321000e+06 1.81000882e+00
3.60368000e+06 1.75964275e+00
3.60500891e+06 1.59490804e+00
3.60545188e+06 1.54194661e+00
3.60557000e+06 1.53469651e+00
3.60745000e+06 1.54651096e+00
3.60762719e+06 1.53815324e+00
3.60934000e+06 1.39080534e+00
3.61111000e+06 1.31099161e+00
3.61170000e+06 1.28858208e+00
3.61453000e+06 1.23257048e+00
3.61719250e+06 1.22154840e+00
3.61757094e+06 1.22632379e+00
3.62000000e+06 1.28722036e+00
3.62022000e+06 1.29273576e+00
3.62306000e+06 1.33062978e+00
3.62500000e+06 1.30170826e+00
3.62591000e+06 1.28814197e+00
3.62876000e+06 1.29112970e+00
3.63162000e+06 1.25421567e+00
3.63448000e+06 1.26196485e+00
3.63734000e+06 1.24178836e+00
3.63800000e+06 1.24838566e+00
3.64000000e+06 1.27662379e+00
3.64021000e+06 1.27958879e+00
3.64308000e+06 1.27437399e+00
3.64595000e+06 1.34420917e+00
3.64883000e+06 1.32159160e+00
3.65171000e+06 1.25962930e+00
3.65459000e+06 1.21741666e+00
3.65748000e+06 1.25016775e+00
3.66000000e+06 1.29420555e+00
3.66037000e+06 1.30067142e+00
3.66326000e+06 1.33507263e+00
3.66616000e+06 1.41145494e+00
3.66906000e+06 1.38425730e+00
3.67196000e+06 1.36704457e+00
3.67440000e+06 1.32175733e+00
3.67481125e+06 1.31597194e+00
3.67778000e+06 1.20869603e+00
3.67988164e+06 1.19741446e+00
3.68000000e+06 1.19702569e+00
3.68058219e+06 1.19511444e+00
3.68209898e+06 1.23755164e+00
3.68361578e+06 1.28311878e+00
3.68595641e+06 1.32964896e+00
3.68604000e+06 1.32940407e+00
3.68799000e+06 1.28205679e+00
3.68945250e+06 1.29567026e+00
3.68994000e+06 1.30637239e+00
3.69189000e+06 1.41312578e+00
3.69385000e+06 1.47327752e+00
3.69403281e+06 1.48745994e+00
3.69580000e+06 1.68455085e+00
3.69776000e+06 1.89477037e+00
3.69972000e+06 2.12332156e+00
3.70000000e+06 2.14265718e+00
3.70168000e+06 2.21121706e+00
3.70364000e+06 2.15381803e+00
3.70560000e+06 2.02477534e+00
3.70757000e+06 1.85308081e+00
3.70953000e+06 1.77466101e+00
3.71150000e+06 1.64727730e+00
3.71593000e+06 1.52088022e+00
3.71879750e+06 1.39665667e+00
3.71893336e+06 1.39512164e+00
3.71990000e+06 1.41749743e+00
3.72000000e+06 1.42009395e+00
3.72334834e+06 1.50703829e+00
3.72482000e+06 1.54361779e+00
3.72779000e+06 1.56601808e+00
3.73077000e+06 1.65098336e+00
3.73374000e+06 1.69600696e+00
3.73672000e+06 1.80660353e+00
3.73971000e+06 2.00223792e+00
3.74270000e+06 2.17978147e+00
3.74569000e+06 2.25333510e+00
3.74868000e+06 2.31675785e+00
3.74900000e+06 2.32832557e+00
3.75168000e+06 2.42519764e+00
3.75240000e+06 2.41295133e+00
3.75468500e+06 2.36984208e+00
3.75520000e+06 2.36876395e+00
3.75569000e+06 2.36773815e+00
3.75769000e+06 2.36355124e+00
3.76000000e+06 2.39577277e+00
3.76070000e+06 2.40553778e+00
3.76372000e+06 2.37762141e+00
3.76673500e+06 2.44202719e+00
3.76975000e+06 2.52407925e+00
3.77271875e+06 2.51344674e+00
3.77450000e+06 2.51683835e+00
3.77818500e+06 2.50715235e+00
3.78187000e+06 2.49224344e+00
3.78491000e+06 2.58033281e+00
3.78776469e+06 2.52401850e+00
3.78795500e+06 2.51612265e+00
3.79100000e+06 2.28433910e+00
3.79660000e+06 2.27576559e+00
3.79702500e+06 2.27731396e+00
3.79745000e+06 2.26838431e+00
3.80000000e+06 2.18944608e+00
3.80016000e+06 2.18449333e+00
3.80322000e+06 2.13811035e+00
3.80629000e+06 2.16159759e+00
3.80936000e+06 2.12641495e+00
3.81243000e+06 2.21994442e+00
3.81350000e+06 2.23805765e+00
3.81481281e+06 2.25396877e+00
3.81500035e+06 2.26285334e+00
3.81542211e+06 2.31177388e+00
3.81741418e+06 2.55898025e+00
3.81891090e+06 2.73299811e+00
3.81910795e+06 2.74767808e+00
3.81918027e+06 2.74932834e+00
3.82119514e+06 2.68905003e+00
3.82321000e+06 2.58323233e+00
3.82424000e+06 2.44944153e+00
3.82527000e+06 2.31244917e+00
3.82746856e+06 2.13859104e+00
3.82773961e+06 2.12214069e+00
3.82784000e+06 2.11938571e+00
3.83094000e+06 2.16875815e+00
3.83404000e+06 2.18674251e+00
3.83420125e+06 2.19667660e+00
3.83662000e+06 2.44940923e+00
3.83856062e+06 2.59937288e+00
3.83869000e+06 2.60408884e+00
3.83969266e+06 2.59066144e+00
3.84000000e+06 2.58110221e+00
3.84069531e+06 2.55947724e+00
3.84089000e+06 2.54059950e+00
3.84284000e+06 2.24860158e+00
3.84491000e+06 2.02552258e+00
3.84543000e+06 1.94632549e+00
3.84680109e+06 1.72390754e+00
3.84694125e+06 1.70778255e+00
3.84708547e+06 1.69998057e+00
3.84711594e+06 1.69950445e+00
3.84735207e+06 1.70325395e+00
3.84900500e+06 1.76074809e+00
3.84907000e+06 1.76065208e+00
3.84931375e+06 1.75180979e+00
3.85108500e+06 1.64063570e+00
3.85115000e+06 1.63812824e+00
3.85245000e+06 1.61483939e+00
3.85375000e+06 1.59866572e+00
3.85687500e+06 1.60212687e+00
3.86000000e+06 1.59179606e+00
3.86530000e+06 1.64299221e+00
3.86942000e+06 1.68995594e+00
3.87256000e+06 1.62482994e+00
3.87571000e+06 1.65370532e+00
3.87886000e+06 1.69062012e+00
3.88000000e+06 1.69777037e+00
3.88202000e+06 1.71044618e+00
3.88480000e+06 1.75728420e+00
3.88518000e+06 1.76623192e+00
3.88835000e+06 1.76627425e+00
3.89152000e+06 1.84279897e+00
3.89469000e+06 1.80038836e+00
3.89786000e+06 1.87460603e+00
3.90000000e+06 1.94468756e+00
3.90104000e+06 1.97874353e+00
3.90423000e+06 2.17628680e+00
3.90742000e+06 2.26172974e+00
3.91061000e+06 2.30329316e+00
3.91380000e+06 2.19468375e+00
3.91700000e+06 2.34144015e+00
3.92021000e+06 2.42490710e+00
3.92380000e+06 2.53014920e+00
3.92663000e+06 2.64666208e+00
3.92984500e+06 2.69175978e+00
3.93306000e+06 2.53891427e+00
3.93628000e+06 2.52544749e+00
3.93940000e+06 2.52967693e+00
3.94000000e+06 2.52945576e+00
3.94269000e+06 2.52844868e+00
3.94598000e+06 2.49154097e+00
3.94922000e+06 2.58532040e+00
3.95246000e+06 2.77071654e+00
3.95571000e+06 2.88512038e+00
3.95896500e+06 2.68438042e+00
3.96000000e+06 2.64886658e+00
3.96222000e+06 2.57268029e+00
3.96547000e+06 2.48558624e+00
3.96870000e+06 2.37407235e+00
3.96874000e+06 2.37344319e+00
3.97201000e+06 2.29845976e+00
3.97528000e+06 2.27594958e+00
3.97855000e+06 2.14591999e+00
3.98183000e+06 2.12963346e+00
3.98512000e+06 2.13213697e+00
3.98840000e+06 2.11845152e+00
3.99169500e+06 2.12656704e+00
3.99499000e+06 2.20848495e+00
3.99829000e+06 2.23999543e+00
3.99916000e+06 2.25285280e+00
4.00000000e+06 2.26526741e+00
4.00160000e+06 2.28889146e+00
4.00491000e+06 2.20351934e+00
4.00822000e+06 2.10959737e+00
4.01470762e+06 2.13177068e+00
4.01537875e+06 2.14652689e+00
4.01818000e+06 2.22334623e+00
4.02151000e+06 2.23517778e+00
4.02270000e+06 2.29765494e+00
4.02484000e+06 2.41001643e+00
4.02818000e+06 2.34038676e+00
4.03070000e+06 2.44803010e+00
4.03128000e+06 2.47280516e+00
4.03128100e+06 2.47284787e+00
4.03152000e+06 2.48305690e+00
4.03486000e+06 2.58489813e+00
4.03821000e+06 2.61330824e+00
4.04000000e+06 2.65692806e+00
4.04157000e+06 2.69519186e+00
4.04493000e+06 2.74319045e+00
4.04829000e+06 2.95296373e+00
4.05165000e+06 3.04913054e+00
4.05502500e+06 3.01341666e+00
4.05840000e+06 2.78962537e+00
4.06130000e+06 2.57741581e+00
4.06178000e+06 2.54028800e+00
4.06460000e+06 2.36194218e+00
4.06686000e+06 2.29672708e+00
4.06896938e+06 2.11459779e+00
4.06914539e+06 2.10827824e+00
4.06935442e+06 2.11277562e+00
4.07137500e+06 2.22084447e+00
4.07364000e+06 2.22853579e+00
4.07590000e+06 2.25965502e+00
4.07817000e+06 2.38798160e+00
4.08000000e+06 2.51958742e+00
4.08044000e+06 2.55123112e+00
4.08047547e+06 2.55148020e+00
4.08072375e+06 2.54127295e+00
4.08271000e+06 2.38514540e+00
4.08498000e+06 2.25965714e+00
4.08604875e+06 2.14214199e+00
4.08778547e+06 1.94271407e+00
4.08974812e+06 1.81610357e+00
4.09038750e+06 1.77576399e+00
4.09124000e+06 1.72779042e+00
4.09455312e+06 1.64709393e+00
4.09466000e+06 1.64613410e+00
4.09637500e+06 1.65869821e+00
4.09640000e+06 1.65875383e+00
4.09809000e+06 1.67321056e+00
4.10000000e+06 1.64577013e+00
4.10152000e+06 1.62393652e+00
4.10433641e+06 1.72889141e+00
4.10658953e+06 1.76545962e+00
4.10667000e+06 1.76893359e+00
4.10896000e+06 1.92632858e+00
4.11125000e+06 1.97681458e+00
4.11146562e+06 1.99333766e+00
4.11355000e+06 2.22631621e+00
4.11585000e+06 2.39695775e+00
4.11800625e+06 2.52819852e+00
4.11815000e+06 2.53104869e+00
4.11930250e+06 2.49170487e+00
4.12045500e+06 2.43496833e+00
4.12276000e+06 2.22423411e+00
4.12506000e+06 2.14316984e+00
4.12795000e+06 2.05954488e+00
4.13141000e+06 2.01151036e+00
4.13489000e+06 1.92989618e+00
4.13640000e+06 1.93791474e+00
4.13662500e+06 1.93765112e+00
4.13836000e+06 1.94257231e+00
4.14000000e+06 1.88189905e+00
4.14184000e+06 1.81383029e+00
4.14532000e+06 1.73508296e+00
4.14881000e+06 1.71239342e+00
4.15231000e+06 1.67071009e+00
4.15507328e+06 1.69512894e+00
4.15525750e+06 1.69846994e+00
4.15974375e+06 1.85945219e+00
4.15989000e+06 1.86625953e+00
4.16223000e+06 2.01163311e+00
4.16449688e+06 2.11632038e+00
4.16457000e+06 2.11708495e+00
4.16687344e+06 2.07147860e+00
4.16917688e+06 2.04754677e+00
4.16932344e+06 2.03864809e+00
4.17081743e+06 1.87300891e+00
4.17160000e+06 1.78166254e+00
4.17386688e+06 1.46930128e+00
4.17438062e+06 1.41260563e+00
4.17582413e+06 1.26472490e+00
4.17612936e+06 1.23491663e+00
4.17629000e+06 1.22163008e+00
4.17636344e+06 1.21671534e+00
4.17746500e+06 1.16312494e+00
4.17856656e+06 1.11523091e+00
4.17869531e+06 1.11284338e+00
4.17897793e+06 1.11393172e+00
4.18000000e+06 1.12802530e+00
4.18052754e+06 1.13530045e+00
4.18092625e+06 1.14239937e+00
4.18100000e+06 1.14460291e+00
4.18335000e+06 1.24351098e+00
4.18571000e+06 1.27848681e+00
4.18610000e+06 1.29797602e+00
4.18659250e+06 1.32726686e+00
4.18807000e+06 1.42259462e+00
4.19043000e+06 1.62816884e+00
4.19279000e+06 1.74327680e+00
4.19516000e+06 1.89059293e+00
4.19753000e+06 2.01598801e+00
4.19886312e+06 2.15531310e+00
4.19990000e+06 2.27264380e+00
4.20219594e+06 2.58955569e+00
4.20227000e+06 2.59534628e+00
4.20464000e+06 2.63880830e+00
4.20493750e+06 2.66638447e+00
4.20702000e+06 2.94201362e+00
4.20939000e+06 3.30308795e+00
4.21177000e+06 3.62165406e+00
4.21534750e+06 3.76474958e+00
4.21654000e+06 3.80681381e+00
4.21892000e+06 3.60481728e+00
4.22000000e+06 3.61729651e+00
4.22100000e+06 3.62885136e+00
4.22131000e+06 3.63243336e+00
4.22370000e+06 3.59147573e+00
4.22609000e+06 3.48711062e+00
4.22849000e+06 3.31871332e+00
4.23088000e+06 3.17881692e+00
4.23313000e+06 2.96851217e+00
4.23328000e+06 2.96096411e+00
4.23568000e+06 2.98630906e+00
4.23868000e+06 2.82355652e+00
4.24000000e+06 2.79578285e+00
4.24229000e+06 2.74760165e+00
4.24590000e+06 2.65714434e+00
4.24952000e+06 2.65165121e+00
4.25314000e+06 2.72867851e+00
4.25676000e+06 2.72048028e+00
4.25925562e+06 2.78559696e+00
4.25930000e+06 2.78764079e+00
4.26000000e+06 2.80273776e+00
4.26039000e+06 2.81114892e+00
4.26403000e+06 2.87120525e+00
4.26767000e+06 3.03722164e+00
4.26789750e+06 3.03525330e+00
4.27131000e+06 2.97150500e+00
4.27496000e+06 2.95301287e+00
4.27862000e+06 2.76826295e+00
4.28228000e+06 2.52193271e+00
4.28360000e+06 2.48980243e+00
4.28594000e+06 2.45143650e+00
4.28961000e+06 2.45945351e+00
4.29328000e+06 2.34944661e+00
4.29512000e+06 2.43172568e+00
4.29696000e+06 2.51487225e+00
4.30000000e+06 2.44258715e+00
4.30064000e+06 2.42737020e+00
4.30433000e+06 2.41217984e+00
4.30802000e+06 2.43941993e+00
4.30900000e+06 2.45644658e+00
4.31171000e+06 2.50324279e+00
4.31356250e+06 2.38518192e+00
4.31541500e+06 2.26079969e+00
4.31912000e+06 2.15066939e+00
4.32283000e+06 2.12329592e+00
4.32655000e+06 2.07500468e+00
4.32841000e+06 2.18531211e+00
4.33120000e+06 2.36987507e+00
4.33399000e+06 2.55776813e+00
4.33772000e+06 2.59332746e+00
4.34000000e+06 2.51493811e+00
4.34145242e+06 2.46500192e+00
4.34210000e+06 2.46418223e+00
4.34231375e+06 2.46299492e+00
4.34511922e+06 2.47497925e+00
4.34552000e+06 2.48241847e+00
4.34894000e+06 2.56897389e+00
4.35000000e+06 2.56805150e+00
4.35269000e+06 2.56572874e+00
4.35409750e+06 2.67699719e+00
4.35576891e+06 2.81797811e+00
4.35761625e+06 2.89074122e+00
4.35832000e+06 2.90341082e+00
4.35957500e+06 2.82639194e+00
4.36000000e+06 2.79725803e+00
4.36000100e+06 2.79718949e+00
4.36083000e+06 2.74036338e+00
4.36334000e+06 2.60041602e+00
4.36648000e+06 2.45271222e+00
4.37025000e+06 2.21041572e+00
4.37403000e+06 2.16718997e+00
4.37781000e+06 2.04190933e+00
4.38160000e+06 1.95889097e+00
4.38410000e+06 1.86090388e+00
4.38539000e+06 1.81315715e+00
4.38919000e+06 1.82011741e+00
4.39299000e+06 1.86732179e+00
4.39679000e+06 2.03011060e+00
4.40000000e+06 2.15313728e+00
4.40000100e+06 2.15317561e+00
4.40061000e+06 2.17651618e+00
4.40442000e+06 2.29760003e+00
4.40824000e+06 2.38392910e+00
4.41207000e+06 2.27374623e+00
4.41229425e+06 2.27986051e+00
4.41565800e+06 2.49333841e+00
4.41578000e+06 2.50108105e+00
4.41590000e+06 2.50339921e+00
4.41710000e+06 2.46873585e+00
4.41974000e+06 2.39247648e+00
4.42100000e+06 2.40606796e+00
4.42429000e+06 2.44156012e+00
4.42500000e+06 2.44745161e+00
4.42743000e+06 2.46761890e+00
4.43128000e+06 2.35777533e+00
4.43513000e+06 2.28759194e+00
4.43898430e+06 2.39528283e+00
4.43924125e+06 2.39701424e+00
4.44298562e+06 2.37680551e+00
4.44673000e+06 2.30137384e+00
4.45078717e+06 2.44823340e+00
4.45484433e+06 2.50947962e+00
4.45828527e+06 2.49256362e+00
4.46210000e+06 2.35591438e+00
4.46218500e+06 2.35324284e+00
4.46617000e+06 2.19843620e+00
4.47007500e+06 2.33210894e+00
4.47398000e+06 2.44853604e+00
4.47789000e+06 2.50549838e+00
4.48000000e+06 2.52317230e+00
4.48181000e+06 2.53833617e+00
4.48573000e+06 2.60211668e+00
4.48966000e+06 2.78081115e+00
4.49359500e+06 2.69128185e+00
4.49753000e+06 2.67098320e+00
4.50000000e+06 2.55101992e+00
4.50148000e+06 2.47913341e+00
4.50295750e+06 2.50411961e+00
4.50300000e+06 2.50424865e+00
4.50542000e+06 2.56054270e+00
4.51214649e+06 2.31110798e+00
4.51260910e+06 2.29999752e+00
4.51263746e+06 2.30043896e+00
4.51530582e+06 2.46711261e+00
4.51796000e+06 2.57239564e+00
4.52000000e+06 2.72478827e+00
4.52061000e+06 2.77035665e+00
4.52317719e+06 3.03992526e+00
4.52326000e+06 3.04408317e+00
4.52591000e+06 3.02995280e+00
4.52600000e+06 3.03340883e+00
4.52856000e+06 3.15525279e+00
4.53122000e+06 3.05103520e+00
4.53388000e+06 3.00542569e+00
4.53654000e+06 2.91727977e+00
4.53880617e+06 2.98820511e+00
4.53956156e+06 3.00172134e+00
4.54000000e+06 3.00293623e+00
4.54168008e+06 3.00758664e+00
4.54190873e+06 2.99837733e+00
4.54320250e+06 2.87468688e+00
4.54453500e+06 2.74147711e+00
4.54720000e+06 2.56351976e+00
4.54753500e+06 2.51985318e+00
4.54967586e+06 2.18054571e+00
4.54990078e+06 2.15350047e+00
4.55004688e+06 2.14333437e+00
4.55255000e+06 2.08003432e+00
4.55523000e+06 1.99970671e+00
4.56000000e+06 1.99147282e+00
4.56075750e+06 1.99016524e+00
4.56327000e+06 2.00402945e+00
4.56461500e+06 2.08728408e+00
4.56596000e+06 2.17811090e+00
4.56831375e+06 2.32211468e+00
4.56865000e+06 2.33370457e+00
4.56997695e+06 2.29619627e+00
4.57130391e+06 2.24227907e+00
4.57198281e+06 2.17189755e+00
4.57260000e+06 2.10166476e+00
4.57403000e+06 1.94821556e+00
4.57605500e+06 1.82597426e+00
4.57673000e+06 1.79098098e+00
4.57930344e+06 1.71772063e+00
4.57936672e+06 1.71755613e+00
4.58000000e+06 1.74168074e+00
4.58213000e+06 1.82281290e+00
4.58551000e+06 1.74179505e+00
4.58573203e+06 1.74711930e+00
4.58944312e+06 1.95280428e+00
4.58957000e+06 1.95701499e+00
4.59363000e+06 1.96562655e+00
4.59770000e+06 2.02518235e+00
4.60000000e+06 2.00242617e+00
4.60178000e+06 1.98481965e+00
4.60586500e+06 2.16857254e+00
4.60995000e+06 2.29005058e+00
4.61404000e+06 2.40129555e+00
4.62000000e+06 2.48921236e+00
4.62224000e+06 2.52225492e+00
4.62635000e+06 2.61502901e+00
4.63047000e+06 2.67344415e+00
4.63459000e+06 2.73748731e+00
4.63871000e+06 2.71311361e+00
4.64000000e+06 2.75867721e+00
4.64285000e+06 2.85933291e+00
4.64698000e+06 2.89165107e+00
4.65112000e+06 2.72357929e+00
4.65527000e+06 2.77432270e+00
4.66000000e+06 2.73903205e+00
4.66151000e+06 2.72777420e+00
4.66359000e+06 2.72021633e+00
4.66360000e+06 2.72064047e+00
4.66775000e+06 2.88419650e+00
4.66983750e+06 2.79533190e+00
4.67192500e+06 2.69705377e+00
4.67610000e+06 2.58490148e+00
4.68446000e+06 2.40396100e+00
4.68866000e+06 2.51636208e+00
4.69216000e+06 2.50420431e+00
4.69496000e+06 2.64819684e+00
4.69776000e+06 2.67481569e+00
4.69888000e+06 2.76187645e+00
4.70000000e+06 2.85732022e+00
4.70057000e+06 2.90589820e+00
4.70338000e+06 3.08065896e+00
4.70619000e+06 3.26822657e+00
4.70882438e+06 3.29188196e+00
4.70907217e+06 3.28126748e+00
4.71146750e+06 3.05747785e+00
4.71464000e+06 2.73070888e+00
4.71746000e+06 2.48872189e+00
4.72000000e+06 2.33680839e+00
4.72028000e+06 2.32006202e+00
4.72287233e+06 2.07641621e+00
4.72306578e+06 2.06208921e+00
4.72320000e+06 2.05705501e+00
4.72326477e+06 2.05446997e+00
4.72328688e+06 2.05408860e+00
4.72594000e+06 2.05824990e+00
4.72863734e+06 2.03546439e+00
4.72877000e+06 2.03907920e+00
4.72890266e+06 2.04714053e+00
4.73037017e+06 2.18867282e+00
4.73134851e+06 2.28629182e+00
4.73164445e+06 2.32343037e+00
4.73237656e+06 2.45281708e+00
4.73444000e+06 2.82256001e+00
4.73657000e+06 3.09971975e+00
4.73728000e+06 3.17809953e+00
4.73934250e+06 3.25407144e+00
4.74000000e+06 3.26955290e+00
4.74003000e+06 3.27025968e+00
4.74039180e+06 3.25969439e+00
4.74292438e+06 3.12147422e+00
4.74332500e+06 3.11191362e+00
4.75080000e+06 3.05023291e+00
4.75508500e+06 3.14617878e+00
4.75937000e+06 3.34835263e+00
4.76367000e+06 3.42834638e+00
4.76797000e+06 3.66736645e+00
4.76844688e+06 3.67393369e+00
4.77225928e+06 3.66763025e+00
4.77560000e+06 3.53932971e+00
4.77658000e+06 3.50169277e+00
4.77740000e+06 3.48491279e+00
4.78000000e+06 3.43946647e+00
4.78090000e+06 3.42372875e+00
4.78138000e+06 3.43190188e+00
4.78345600e+06 3.46725068e+00
4.78360625e+06 3.46982215e+00
4.78523000e+06 3.51839505e+00
4.78955000e+06 3.49864868e+00
4.79229641e+06 3.26223367e+00
4.79321188e+06 3.17655367e+00
4.79606000e+06 2.87802345e+00
4.79876938e+06 2.72819455e+00
4.79895000e+06 2.72328436e+00
4.80000000e+06 2.73676710e+00
4.80000100e+06 2.73677993e+00
4.80185000e+06 2.76051950e+00
4.80475000e+06 2.76043985e+00
4.80766000e+06 2.67746610e+00
4.80990000e+06 2.73351789e+00
4.81056000e+06 2.75636923e+00
4.81347000e+06 2.89407713e+00
4.81638000e+06 2.93388161e+00
4.82000000e+06 2.85369977e+00
4.82207188e+06 2.80779389e+00
4.82221000e+06 2.79985155e+00
4.82367000e+06 2.63718202e+00
4.82513000e+06 2.46449886e+00
4.82762797e+06 2.21271198e+00
4.82805000e+06 2.17678340e+00
4.83098000e+06 2.14877783e+00
4.83390000e+06 2.05172802e+00
4.83670793e+06 2.03176443e+00
4.83698870e+06 2.04133193e+00
4.83970281e+06 2.22679561e+00
4.83990094e+06 2.23468942e+00
4.84000000e+06 2.23605081e+00
4.84000100e+06 2.23606456e+00
4.84240000e+06 2.26903355e+00
4.84270000e+06 2.27601936e+00
4.84564000e+06 2.39123885e+00
4.84858000e+06 2.43852707e+00
4.85133625e+06 2.57638676e+00
4.85152000e+06 2.59065508e+00
4.85447000e+06 2.94031946e+00
4.85741000e+06 3.26807167e+00
4.86000000e+06 3.47499419e+00
4.86037000e+06 3.50455362e+00
4.86313563e+06 3.63972133e+00
4.86322781e+06 3.64090891e+00
4.86351396e+06 3.62802155e+00
4.86400000e+06 3.59274947e+00
4.86628000e+06 3.40157579e+00
4.86924000e+06 3.32522386e+00
4.87220000e+06 3.03633811e+00
4.87516000e+06 2.79115562e+00
4.87813000e+06 2.48223978e+00
4.88000000e+06 2.33810499e+00
4.88000100e+06 2.33802791e+00
4.88110000e+06 2.25331708e+00
4.88371905e+06 2.10052628e+00
4.88402359e+06 2.08850349e+00
4.88407000e+06 2.08823139e+00
4.88707906e+06 2.18750078e+00
4.88710812e+06 2.18758976e+00
4.88728250e+06 2.18544514e+00
4.89053750e+06 2.07024017e+00
4.89077000e+06 2.06632430e+00
4.89291875e+06 2.11024413e+00
4.89506750e+06 2.16040962e+00
4.89650000e+06 2.18940819e+00
4.89972000e+06 2.25357316e+00
4.90000000e+06 2.26667933e+00
4.90000100e+06 2.26672615e+00
4.90302762e+06 2.40842706e+00
4.90346000e+06 2.43720619e+00
4.90421000e+06 2.52624605e+00
4.90646000e+06 2.81506943e+00
4.90945000e+06 3.04162711e+00
4.91245000e+06 3.13182063e+00
4.91545500e+06 3.09427613e+00
4.91846000e+06 3.01133190e+00
4.92146000e+06 2.87042107e+00
4.92447000e+06 2.57822699e+00
4.92749000e+06 2.35541905e+00
4.93031188e+06 2.24908519e+00
4.93050000e+06 2.24645530e+00
4.93427000e+06 2.32506311e+00
4.93881000e+06 2.23988569e+00
4.94000000e+06 2.23920362e+00
4.94000100e+06 2.23920306e+00
4.94335000e+06 2.23729693e+00
4.94789000e+06 2.20593952e+00
4.95247250e+06 2.41443330e+00
4.95400000e+06 2.43478563e+00
4.95700000e+06 2.46664559e+00
4.96000000e+06 2.44690137e+00
4.96149969e+06 2.43703806e+00
4.96214250e+06 2.41366953e+00
4.97029062e+06 2.05602928e+00
4.97072000e+06 2.03878603e+00
4.97530000e+06 1.93613522e+00
4.97989500e+06 1.97726519e+00
4.98000000e+06 1.97943854e+00
4.98449000e+06 2.07238865e+00
4.98909000e+06 2.21586391e+00
4.99370000e+06 2.39215167e+00
4.99832000e+06 2.59012455e+00
5.00000000e+06 2.60849987e+00
5.00294000e+06 2.64062308e+00
5.00620800e+06 2.78757982e+00
5.00621000e+06 2.78766976e+00
5.00660000e+06 2.80520770e+00
5.00757000e+06 2.84882710e+00
5.01220000e+06 2.77946115e+00
5.01685000e+06 2.82323360e+00
5.02000000e+06 2.76274952e+00
5.02132261e+06 2.73735365e+00
5.02163107e+06 2.72361465e+00
5.02980000e+06 2.18753636e+00
5.03074688e+06 2.12292351e+00
5.03470000e+06 2.01560424e+00
5.03781000e+06 1.88299709e+00
5.04000000e+06 1.86192305e+00
5.04093000e+06 1.85297566e+00
5.04405000e+06 1.86125003e+00
5.04717000e+06 1.84230999e+00
5.04900000e+06 1.82844941e+00
5.04972000e+06 1.82299600e+00
5.05030000e+06 1.81860305e+00
5.05343000e+06 1.84721446e+00
5.05656000e+06 1.89263742e+00
5.05970000e+06 2.00374818e+00
5.06283000e+06 2.15945988e+00
5.06598000e+06 2.35983846e+00
5.06912000e+06 2.54604613e+00
5.07227000e+06 2.65911546e+00
5.07542000e+06 2.81536178e+00
5.07853309e+06 2.97330920e+00
5.07873227e+06 2.96924857e+00
5.08000000e+06 2.87349331e+00
5.08172000e+06 2.74358069e+00
5.08478125e+06 2.53827422e+00
5.08488000e+06 2.53458279e+00
5.08883000e+06 2.50169625e+00
5.09358000e+06 2.22101024e+00
5.09715000e+06 2.17598319e+00
5.09834000e+06 2.16753050e+00
5.10000000e+06 2.19986918e+00
5.10310500e+06 2.26039855e+00
5.10787000e+06 2.52085916e+00
5.11110000e+06 2.59805366e+00
5.11264000e+06 2.63429192e+00
5.11743000e+06 2.76767313e+00
5.12207031e+06 2.66691425e+00
5.12222000e+06 2.66059270e+00
5.12686031e+06 2.33244275e+00
5.12701000e+06 2.32632303e+00
5.13101000e+06 2.31697536e+00
5.13121062e+06 2.30740164e+00
5.13398019e+06 2.08230640e+00
5.13413850e+06 2.07557396e+00
5.13420746e+06 2.07516620e+00
5.13435665e+06 2.08037193e+00
5.13465502e+06 2.10641631e+00
5.13747125e+06 2.39431079e+00
5.14000000e+06 2.63080122e+00
5.14064000e+06 2.69065910e+00
5.14364938e+06 2.98495621e+00
5.14385000e+06 2.99868845e+00
5.14707000e+06 3.06003209e+00
5.15008875e+06 3.06356548e+00
5.15010000e+06 3.06401827e+00
5.15029000e+06 3.07068052e+00
5.15049125e+06 3.08624641e+00
5.15340938e+06 3.41485919e+00
5.15363250e+06 3.42817050e+00
5.15375500e+06 3.43142122e+00
5.15400000e+06 3.43068144e+00
5.15668234e+06 3.42258208e+00
5.15687750e+06 3.41600419e+00
5.15850000e+06 3.32067739e+00
5.16000000e+06 3.23270548e+00
5.16320000e+06 2.98914060e+00
5.16643000e+06 2.80295782e+00
5.16967000e+06 2.65792273e+00
5.17291000e+06 2.38547352e+00
5.17494000e+06 2.32595483e+00
5.17697000e+06 2.27932112e+00
5.18184000e+06 2.28907946e+00
5.18672000e+06 2.27748249e+00
5.19158250e+06 2.42603670e+00
5.19450000e+06 2.56999969e+00
5.19650000e+06 2.67426138e+00
5.20000000e+06 2.88431998e+00
5.20140000e+06 2.96834690e+00
5.20609902e+06 3.05921457e+00
5.20639654e+06 3.05459316e+00
5.20999625e+06 2.86596435e+00
5.21122500e+06 2.79531961e+00
5.21598641e+06 2.42031554e+00
5.21614000e+06 2.41149451e+00
5.21720000e+06 2.37981363e+00
5.22000000e+06 2.30642290e+00
5.22107000e+06 2.27838014e+00
5.22601000e+06 2.12857528e+00
5.23000000e+06 2.12968246e+00
5.23058078e+06 2.12984130e+00
5.23123375e+06 2.13605614e+00
5.24000000e+06 2.30878102e+00
5.24086000e+06 2.32572099e+00
5.24458375e+06 2.26735028e+00
5.24582500e+06 2.24434822e+00
5.25000000e+06 2.12359742e+00
5.25079000e+06 2.10074239e+00
5.25561438e+06 1.96961033e+00
5.25577000e+06 1.96756207e+00
5.26000000e+06 2.00474084e+00
5.26000100e+06 2.00474962e+00
5.26076000e+06 2.01141610e+00
5.26575000e+06 1.99004468e+00
5.27000000e+06 2.01624376e+00
5.27075000e+06 2.02085415e+00
5.27250000e+06 2.06563477e+00
5.27575000e+06 2.14984053e+00
5.28000000e+06 2.07710136e+00
5.28000100e+06 2.07708423e+00
5.28330906e+06 2.02033607e+00
5.28582875e+06 1.97307007e+00
5.29000000e+06 1.81409203e+00
5.29076875e+06 1.78476415e+00
5.29321711e+06 1.76787754e+00
5.29561422e+06 1.75368402e+00
5.29579697e+06 1.75678899e+00
5.29597972e+06 1.76526901e+00
5.29782108e+06 1.91343947e+00
5.30000000e+06 2.09047926e+00
5.30000100e+06 2.09056052e+00
5.30089000e+06 2.16272863e+00
5.30594000e+06 2.46880523e+00
5.31100000e+06 2.56223298e+00
5.31590430e+06 2.52622928e+00
5.31606250e+06 2.52018802e+00
5.31662500e+06 2.48040963e+00
5.32000000e+06 2.19995766e+00
5.32000100e+06 2.19987455e+00
5.32114000e+06 2.10541183e+00
5.32557625e+06 1.86210546e+00
5.32621000e+06 1.83471533e+00
5.32652812e+06 1.83142967e+00
5.33110117e+06 1.82961351e+00
5.33130000e+06 1.82848055e+00
5.33639000e+06 1.74009184e+00
5.34000000e+06 1.64361216e+00
5.34000100e+06 1.64358545e+00
5.34149000e+06 1.60409872e+00
5.34660000e+06 1.48715713e+00
5.35191000e+06 1.43273367e+00
5.35210000e+06 1.43043838e+00
5.35684000e+06 1.37303477e+00
5.36000000e+06 1.35559062e+00
5.36000100e+06 1.35558514e+00
5.36184694e+06 1.34518787e+00
5.36206909e+06 1.34749197e+00
5.36229125e+06 1.35243784e+00
5.36711000e+06 1.49252743e+00
5.37208938e+06 1.59904782e+00
5.37225000e+06 1.60446622e+00
5.37303750e+06 1.64589200e+00
5.37540000e+06 1.78342842e+00
5.37728438e+06 1.89051292e+00
5.37746029e+06 1.89464370e+00
5.37809776e+06 1.88816312e+00
5.38000100e+06 1.85211852e+00
5.38256000e+06 1.80346215e+00
5.38773000e+06 1.79343754e+00
5.39291000e+06 1.85779176e+00
5.39809000e+06 1.79397427e+00
5.39920000e+06 1.80596040e+00
5.40000000e+06 1.81459905e+00
5.40000100e+06 1.81460991e+00
5.40003625e+06 1.81499008e+00
5.40010000e+06 1.81622979e+00
5.40198000e+06 1.83807735e+00
5.40328000e+06 1.85318470e+00
5.40847000e+06 1.90297781e+00
5.41368000e+06 1.94014332e+00
5.41889000e+06 1.91272265e+00
5.42000100e+06 1.91521893e+00
5.42090000e+06 1.91722692e+00
5.42166000e+06 1.91892476e+00
5.42411000e+06 1.92439726e+00
5.42847000e+06 1.91092770e+00
5.43021500e+06 1.81739385e+00
5.43196000e+06 1.71378007e+00
5.43519609e+06 1.48585621e+00
5.43539547e+06 1.47559708e+00
5.43555906e+06 1.47217974e+00
5.43566812e+06 1.47158995e+00
5.43872188e+06 1.46187605e+00
5.43894000e+06 1.45968083e+00
5.43913875e+06 1.45213276e+00
5.44000000e+06 1.39683290e+00
5.44000100e+06 1.39676872e+00
5.44066001e+06 1.35445472e+00
5.44229158e+06 1.24950652e+00
5.44250298e+06 1.23909806e+00
5.44260406e+06 1.23540448e+00
5.44543414e+06 1.16784728e+00
5.44588531e+06 1.15961836e+00
5.44594000e+06 1.15927581e+00
5.44616250e+06 1.16039370e+00
5.44950000e+06 1.21785788e+00
5.45262656e+06 1.25881135e+00
5.45284219e+06 1.26041917e+00
5.45295000e+06 1.26067722e+00
5.45636000e+06 1.22835459e+00
5.45646984e+06 1.23083708e+00
5.45657969e+06 1.23602910e+00
5.45677507e+06 1.24983616e+00
5.45971949e+06 1.50209216e+00
5.45996833e+06 1.51888299e+00
5.46000000e+06 1.51980165e+00
5.46000100e+06 1.51983067e+00
5.46350000e+06 1.62134083e+00
5.46702000e+06 1.81343737e+00
5.47043969e+06 1.92880635e+00
5.47049484e+06 1.92942931e+00
5.47071202e+06 1.92748906e+00
5.47136355e+06 1.90574136e+00
5.47396969e+06 1.81152698e+00
5.47408000e+06 1.81089814e+00
5.47761500e+06 1.90345624e+00
5.48115000e+06 1.93286059e+00
5.48469000e+06 1.89984513e+00
5.48646000e+06 1.96053666e+00
5.48823000e+06 2.02579544e+00
5.49154875e+06 2.09234851e+00
5.49165938e+06 2.09304738e+00
5.49188121e+06 2.08979298e+00
5.49426609e+06 2.01040029e+00
5.49500000e+06 1.98580140e+00
5.49509812e+06 1.98202469e+00
5.49532000e+06 1.97908305e+00
5.49553938e+06 1.98245648e+00
5.49883000e+06 2.11113490e+00
5.50000000e+06 2.13599955e+00
5.50243000e+06 2.18779669e+00
5.50599000e+06 2.36067014e+00
5.50956000e+06 2.41286640e+00
5.51000000e+06 2.41310665e+00
5.51273000e+06 2.41464919e+00
5.51304348e+06 2.40901102e+00
5.51323156e+06 2.39858780e+00
5.51531464e+06 2.19761742e+00
5.51647733e+06 2.08453138e+00
5.51666008e+06 2.07259344e+00
5.51679344e+06 2.06899407e+00
5.52000000e+06 2.12858677e+00
5.52027000e+06 2.13359005e+00
5.52379188e+06 2.12273588e+00
5.52429500e+06 2.11365843e+00
5.52832000e+06 2.01827173e+00
5.53370000e+06 1.94638283e+00
5.53909000e+06 1.93197858e+00
5.54000000e+06 1.94264698e+00
5.54448500e+06 1.99447686e+00
5.54988000e+06 2.20827331e+00
5.55530000e+06 2.25738027e+00
5.56000000e+06 2.24807310e+00
5.56071000e+06 2.24679889e+00
5.56614500e+06 2.34014457e+00
5.57158000e+06 2.43669929e+00
5.57702729e+06 2.31449271e+00
5.58000000e+06 2.20558384e+00
5.58150000e+06 2.15079794e+00
5.58225000e+06 2.12340494e+00
5.58247000e+06 2.11536966e+00
5.58793000e+06 1.93757367e+00
5.59000000e+06 1.89381557e+00
5.59000100e+06 1.89379447e+00
5.59296638e+06 1.83110894e+00
5.59339000e+06 1.82558942e+00
5.59749543e+06 1.88443812e+00
5.59886391e+06 1.90910169e+00
5.60000000e+06 1.95485083e+00
5.60435000e+06 2.12982599e+00
5.60810000e+06 2.31221268e+00
5.60846750e+06 2.32876661e+00
5.60984000e+06 2.38852712e+00
5.61000000e+06 2.38726214e+00
5.61534500e+06 2.34509289e+00
5.62000000e+06 2.26923747e+00
5.62085000e+06 2.25523467e+00
5.62629543e+06 2.08596864e+00
5.62631695e+06 2.08581187e+00
5.62664367e+06 2.09011536e+00
5.63171719e+06 2.25928947e+00
5.63189000e+06 2.26145989e+00
5.63327250e+06 2.23040764e+00
5.63410000e+06 2.20650394e+00
5.63465500e+06 2.19258908e+00
5.63742000e+06 2.11408855e+00
5.64000000e+06 2.02193986e+00
5.64277500e+06 1.92256421e+00
5.64296000e+06 1.91880419e+00
5.64573500e+06 1.94242798e+00
5.64680000e+06 1.95405132e+00
5.64752000e+06 1.96190935e+00
5.64851000e+06 1.97271415e+00
5.65406000e+06 2.08310476e+00
5.65963000e+06 2.09496862e+00
5.66000000e+06 2.10084112e+00
5.66520000e+06 2.18349521e+00
5.67000000e+06 2.21898614e+00
5.67078000e+06 2.22477422e+00
5.67680000e+06 2.30224969e+00
5.67680100e+06 2.30226255e+00
5.67757000e+06 2.31215946e+00
5.67990000e+06 2.34214592e+00
5.67990100e+06 2.34215879e+00
5.68067800e+06 2.35215844e+00
5.68068000e+06 2.35218418e+00
5.68197000e+06 2.36878609e+00
5.68757000e+06 2.56900345e+00
5.69000000e+06 2.58111268e+00
5.69319000e+06 2.59974423e+00
5.69881000e+06 2.81448315e+00
5.70000000e+06 2.85000700e+00
5.70444000e+06 2.98262562e+00
5.71008000e+06 3.04011827e+00
5.71572000e+06 2.88485126e+00
5.72000000e+06 2.83474329e+00
5.72000100e+06 2.83473161e+00
5.72120000e+06 2.82073908e+00
5.72129000e+06 2.81865317e+00
5.72705000e+06 2.75240048e+00
5.73272000e+06 2.55577905e+00
5.73840000e+06 2.55796274e+00
5.74000000e+06 2.52481271e+00
5.74000100e+06 2.52479218e+00
5.74409000e+06 2.44096361e+00
5.74979000e+06 2.44760216e+00
5.75000000e+06 2.44651911e+00
5.75549000e+06 2.41820528e+00
5.76000000e+06 2.35351126e+00
5.76000100e+06 2.35349735e+00
5.76121000e+06 2.33668405e+00
5.76693000e+06 2.46049873e+00
5.77060000e+06 2.44295781e+00
5.77266000e+06 2.43027496e+00
5.78000000e+06 2.41759165e+00
5.78000100e+06 2.41758987e+00
5.78411508e+06 2.41030868e+00
5.78991000e+06 2.52108475e+00
5.79027062e+06 2.52196985e+00
5.79549969e+06 2.50196277e+00
5.80000000e+06 2.51502058e+00
5.80000100e+06 2.51502214e+00
5.80146000e+06 2.51731334e+00
5.80724000e+06 2.36003745e+00
5.81303000e+06 2.42673228e+00
5.81740000e+06 2.35618598e+00
5.81883000e+06 2.33849844e+00
5.82000000e+06 2.36511338e+00
5.82000100e+06 2.36513608e+00
5.82028250e+06 2.37152835e+00
5.82464000e+06 2.48596395e+00
5.83046000e+06 2.49720859e+00
5.83480000e+06 2.49665045e+00
5.83629000e+06 2.49641920e+00
5.84000000e+06 2.55159215e+00
5.84000100e+06 2.55160790e+00
5.84213000e+06 2.58516854e+00
5.84797000e+06 2.54429436e+00
5.85285000e+06 2.63485038e+00
5.85676000e+06 2.89911363e+00
5.86000000e+06 2.97940572e+00
5.86000100e+06 2.97943078e+00
5.86067000e+06 2.99620707e+00
5.86458000e+06 3.04283227e+00
5.86752000e+06 2.89776755e+00
5.86850000e+06 2.84021285e+00
5.87242000e+06 2.47843564e+00
5.87622719e+06 2.21496724e+00
5.87635000e+06 2.20868629e+00
5.88000000e+06 2.09221858e+00
5.88000100e+06 2.09218640e+00
5.88028000e+06 2.08321116e+00
5.88421000e+06 1.98856447e+00
5.88716500e+06 2.00930715e+00
5.88815000e+06 2.02129768e+00
5.89209000e+06 2.14379395e+00
5.89604000e+06 2.15668447e+00
5.89985885e+06 2.14274492e+00
5.90000000e+06 2.13949984e+00
5.90000100e+06 2.13947636e+00
5.90011344e+06 2.13683928e+00
5.90394000e+06 1.96374872e+00
5.90777625e+06 1.83371560e+00
5.90790000e+06 1.83217724e+00
5.90814781e+06 1.83394550e+00
5.91186500e+06 1.92119020e+00
5.91583000e+06 1.93091809e+00
5.91980000e+06 1.88549488e+00
5.92000000e+06 1.88680313e+00
5.92000100e+06 1.88680983e+00
5.92377000e+06 1.96572130e+00
5.92787438e+06 2.03797806e+00
5.92799875e+06 2.03840414e+00
5.93148125e+06 2.03529167e+00
5.93173000e+06 2.03619288e+00
5.93572000e+06 2.08569008e+00
5.93939633e+06 2.21056119e+00
5.93964766e+06 2.21519350e+00
5.93980061e+06 2.21191261e+00
5.94000000e+06 2.19915967e+00
5.94000100e+06 2.19909582e+00
5.94025945e+06 2.18260754e+00
5.94358441e+06 1.92751748e+00
5.94382500e+06 1.91606858e+00
5.94395000e+06 1.91244264e+00
5.94770000e+06 1.85593327e+00
5.95157500e+06 1.84349445e+00
5.95182531e+06 1.83510148e+00
5.95195062e+06 1.82860677e+00
5.95535756e+06 1.60880565e+00
5.95558469e+06 1.59702069e+00
5.95576950e+06 1.59256480e+00
5.95579130e+06 1.59244963e+00
5.95597602e+06 1.59419966e+00
5.95677645e+06 1.61763793e+00
5.95973188e+06 1.70761854e+00
5.96000000e+06 1.71364674e+00
5.96000100e+06 1.71366931e+00
5.96373000e+06 1.79816818e+00
5.96876000e+06 1.96442980e+00
5.97479000e+06 2.11731161e+00
5.98000000e+06 2.12299323e+00
5.98063000e+06 2.12376318e+00
5.98533250e+06 2.07133498e+00
5.98690000e+06 2.05120396e+00
5.99296000e+06 1.87941408e+00
5.99359707e+06 1.87535747e+00
5.99894184e+06 1.87595140e+00
5.99912000e+06 1.87749232e+00
6.00000000e+06 1.89284079e+00
6.00500100e+06 1.97871228e+00
6.00512000e+06 1.98070026e+00
6.00990000e+06 2.09030789e+00
6.01000100e+06 2.09319102e+00
6.01121000e+06 2.11958349e+00
6.01500000e+06 2.14875079e+00
6.01731000e+06 2.16522047e+00
6.02000000e+06 2.21116488e+00
6.02320625e+06 2.26958960e+00
6.02342000e+06 2.27172948e+00
6.02500100e+06 2.26078692e+00
6.02954000e+06 2.23505338e+00
6.03000100e+06 2.24023975e+00
6.03500000e+06 2.29802127e+00
6.03567000e+06 2.30571357e+00
6.04000000e+06 2.42519001e+00
6.04181000e+06 2.47472936e+00
6.04500100e+06 2.42683050e+00
6.04796500e+06 2.38207058e+00
6.05412000e+06 2.36314634e+00
6.05500000e+06 2.37301689e+00
6.05643000e+06 2.38894825e+00
6.05670000e+06 2.39452012e+00
6.05720000e+06 2.39824020e+00
6.06000000e+06 2.42833394e+00
6.06028000e+06 2.43132663e+00
6.06500100e+06 2.44329291e+00
6.06646000e+06 2.44691545e+00
6.07000100e+06 2.33773089e+00
6.07265000e+06 2.25594144e+00
6.07884000e+06 2.16556658e+00
6.08000000e+06 2.17071575e+00
6.08514500e+06 2.19323625e+00
6.08660000e+06 2.18495800e+00
6.09000100e+06 2.16746454e+00
6.09126000e+06 2.16091542e+00
6.09500100e+06 2.17522604e+00
6.09749000e+06 2.18463322e+00
6.10000000e+06 2.11807012e+00
6.10311823e+06 2.03514750e+00
6.10374359e+06 2.01590124e+00
6.10500000e+06 1.96964711e+00
6.11000100e+06 1.78536048e+00
6.11563697e+06 1.57739482e+00
6.11612283e+06 1.56105804e+00
6.11622000e+06 1.55876388e+00
6.12000000e+06 1.51376414e+00
6.12248000e+06 1.48409189e+00
6.12875000e+06 1.44538312e+00
6.13000100e+06 1.46587960e+00
6.13189000e+06 1.49673469e+00
6.13503000e+06 1.55052519e+00
6.14000000e+06 1.59402364e+00
6.14133000e+06 1.60563007e+00
6.14763000e+06 1.62071733e+00
6.15500100e+06 1.79396736e+00
6.15975884e+06 1.90624759e+00
6.16000000e+06 1.91136705e+00
6.16026000e+06 1.91697062e+00
6.16500000e+06 1.95739828e+00
6.16765000e+06 1.98229900e+00
6.17000100e+06 2.00817468e+00
6.17500100e+06 2.05817059e+00
6.17610000e+06 2.06760482e+00
6.18000000e+06 2.00355500e+00
6.18000100e+06 2.00353842e+00
6.18458500e+06 1.93058216e+00
6.18500000e+06 1.92930238e+00
6.19000100e+06 1.91561736e+00
6.19307000e+06 1.90789887e+00
6.19500100e+06 1.91065122e+00
6.20000000e+06 1.91899829e+00
6.20000100e+06 1.91899987e+00
6.20500000e+06 1.92916882e+00
6.21000100e+06 1.94202931e+00
6.21005555e+06 1.94220115e+00
6.21046320e+06 1.95181460e+00
6.21340000e+06 2.04088619e+00
6.21500100e+06 2.08944099e+00
6.21528000e+06 2.09794242e+00
6.21528100e+06 2.09797289e+00
6.21866000e+06 2.20093636e+00
6.22000000e+06 2.22408096e+00
6.22000100e+06 2.22409824e+00
6.22210000e+06 2.25902949e+00
6.22500000e+06 2.30726934e+00
6.22722000e+06 2.34218076e+00
6.23000000e+06 2.40438467e+00
6.23500100e+06 2.51346362e+00
6.23581000e+06 2.53069539e+00
6.23610000e+06 2.53840395e+00
6.24000000e+06 2.66498018e+00
6.24000100e+06 2.66501143e+00
6.24441000e+06 2.80792138e+00
6.24500000e+06 2.81374758e+00
6.25000000e+06 2.86477508e+00
6.25302000e+06 2.89281869e+00
6.25500100e+06 2.89994642e+00
6.26000000e+06 2.91962311e+00
6.26000100e+06 2.91962737e+00
6.26210849e+06 2.92904429e+00
6.26460859e+06 2.94824713e+00
6.26500000e+06 2.95050357e+00
6.26730000e+06 2.96702073e+00
6.27000000e+06 2.98641040e+00
6.27069098e+06 2.99160209e+00
6.27250000e+06 2.99162135e+00
6.27271844e+06 2.98897962e+00
6.27330000e+06 2.98777206e+00
6.27500100e+06 2.98424013e+00
6.27525777e+06 2.98249557e+00
6.27870000e+06 2.97649070e+00
6.27949000e+06 2.97511397e+00
6.28000000e+06 2.97730609e+00
6.28000100e+06 2.97731038e+00
6.28055000e+06 2.97821773e+00
6.28180000e+06 2.98030549e+00
6.28262000e+06 2.98167506e+00
6.28500000e+06 2.98565037e+00
6.28550000e+06 2.98733017e+00
6.28985000e+06 3.11068495e+00
6.29000000e+06 3.10776510e+00
6.29500100e+06 3.01566127e+00
6.29638250e+06 2.99103056e+00
6.29856000e+06 2.94818462e+00
6.30000000e+06 2.89802196e+00
6.30000100e+06 2.89798667e+00
6.30292000e+06 2.79589242e+00
6.30500100e+06 2.73786464e+00
6.30630000e+06 2.70189585e+00
6.30729000e+06 2.67268949e+00
6.31000000e+06 2.53662190e+00
6.31166000e+06 2.45326994e+00
6.31500100e+06 2.32394440e+00
6.31604000e+06 2.28386141e+00
6.32000000e+06 2.10943831e+00
6.32000100e+06 2.10939443e+00
6.32042000e+06 2.09106191e+00
6.32500100e+06 2.03290751e+00
6.32919000e+06 1.98029781e+00
6.33000000e+06 1.97797246e+00
6.33359000e+06 1.96797517e+00
6.33500100e+06 1.95419423e+00
6.33799000e+06 1.92522221e+00
6.34000000e+06 1.90999210e+00
6.34000100e+06 1.90998509e+00
6.34239000e+06 1.89280256e+00
6.34500100e+06 1.85279753e+00
6.34674378e+06 1.82646513e+00
6.34699198e+06 1.82998446e+00
6.35000000e+06 1.93550668e+00
6.35121000e+06 1.97828350e+00
6.35307700e+06 2.02285705e+00
6.35308100e+06 2.02295255e+00
6.35330000e+06 2.02818100e+00
6.35330100e+06 2.02820546e+00
6.35500000e+06 2.06876882e+00
6.35563000e+06 2.08402667e+00
6.36000000e+06 2.23640985e+00
6.36000100e+06 2.23644568e+00
6.36005000e+06 2.23818795e+00
6.36392625e+06 2.34420728e+00
6.36448000e+06 2.35227350e+00
6.36500100e+06 2.34025140e+00
6.36503375e+06 2.33951181e+00
6.36891000e+06 2.19797290e+00
6.37000000e+06 2.17880608e+00
6.37335000e+06 2.12128593e+00
6.37500000e+06 2.13297321e+00
6.37779000e+06 2.15390158e+00
6.38000000e+06 2.15871693e+00
6.38000100e+06 2.15871802e+00
6.38500100e+06 2.17031231e+00
6.38820000e+06 2.17659831e+00
6.39000000e+06 2.17827468e+00
6.39009018e+06 2.17827298e+00
6.39024047e+06 2.17839006e+00
6.39077484e+06 2.17753319e+00
6.39106875e+06 2.17507961e+00
6.39210500e+06 2.13937459e+00
6.39500000e+06 2.02637361e+00
6.39978392e+06 1.83303221e+00
6.40000000e+06 1.82709789e+00
6.40000100e+06 1.82706610e+00
6.40007377e+06 1.82495759e+00
6.40014705e+06 1.82437489e+00
6.40226584e+06 1.84961248e+00
6.40438462e+06 1.87980086e+00
6.40500100e+06 1.89245020e+00
6.40875944e+06 1.97804161e+00
6.40901000e+06 1.98066071e+00
6.41000100e+06 1.96877748e+00
6.41349000e+06 1.92483967e+00
6.41370000e+06 1.92837261e+00
6.41500000e+06 1.97983068e+00
6.41783000e+06 2.09139875e+00
6.41797000e+06 2.09473946e+00
6.42000000e+06 2.10264244e+00
6.42000100e+06 2.10264682e+00
6.42246000e+06 2.10667125e+00
6.42500100e+06 2.13220604e+00
6.42695000e+06 2.15243106e+00
6.43000100e+06 2.28406137e+00
6.43135944e+06 2.34326382e+00
6.43145000e+06 2.34546357e+00
6.43500000e+06 2.37150130e+00
6.43595000e+06 2.37896509e+00
6.44000000e+06 2.54418007e+00
6.44000100e+06 2.54422243e+00
6.44034525e+06 2.55847791e+00
6.44041697e+06 2.55898402e+00
6.44067068e+06 2.55176323e+00
6.44308527e+06 2.39282159e+00
6.44500100e+06 2.26419760e+00
6.44934003e+06 2.02911615e+00
6.44974050e+06 2.01521943e+00
6.45000100e+06 2.00966601e+00
6.45300775e+06 1.94789481e+00
6.45401000e+06 1.92969481e+00
6.45500000e+06 1.94000552e+00
6.45853000e+06 1.97929604e+00
6.45871388e+06 1.97517428e+00
6.46000000e+06 1.91009906e+00
6.46000100e+06 1.91004879e+00
6.46296441e+06 1.76154198e+00
6.46306000e+06 1.75804556e+00
6.46440000e+06 1.72551294e+00
6.46500100e+06 1.71360416e+00
6.46993550e+06 1.61536335e+00
6.47000100e+06 1.61476346e+00
6.47500000e+06 1.56576097e+00
6.47896000e+06 1.52935926e+00
6.48000000e+06 1.52731843e+00
6.48500100e+06 1.52357473e+00
6.48807000e+06 1.51946669e+00
6.49000100e+06 1.50649959e+00
6.49500000e+06 1.47140961e+00
6.49707969e+06 1.45662670e+00
6.49730620e+06 1.45901611e+00
6.49738170e+06 1.46067323e+00
6.50000000e+06 1.54020059e+00
6.50226800e+06 1.60905461e+00
6.50500100e+06 1.69240346e+00
6.50617262e+06 1.72824124e+00
6.50634000e+06 1.73176532e+00
6.51000100e+06 1.76475837e+00
6.51500100e+06 1.80359267e+00
6.51551000e+06 1.80760095e+00
6.52000000e+06 1.79125696e+00
6.52450000e+06 1.77532688e+00
6.52470000e+06 1.77342306e+00
6.52500100e+06 1.77237177e+00
6.53000100e+06 1.75535832e+00
6.53390000e+06 1.74241876e+00
6.53500100e+06 1.73030219e+00
6.54000000e+06 1.67562798e+00
6.54314000e+06 1.64120294e+00
6.55000100e+06 1.55851579e+00
6.55238000e+06 1.53006602e+00
6.56000000e+06 1.50472610e+00
6.56164000e+06 1.49937034e+00
6.57000100e+06 1.38347865e+00
6.57093000e+06 1.37066342e+00
6.57290000e+06 1.36694729e+00
6.57290100e+06 1.36694540e+00
6.57375600e+06 1.36532844e+00
6.57376100e+06 1.36531898e+00
6.58000000e+06 1.35355422e+00
6.58011500e+06 1.35333725e+00
6.58023000e+06 1.35250346e+00
6.58500100e+06 1.29117091e+00
6.58940438e+06 1.23482818e+00
6.58955000e+06 1.23386530e+00
6.59247188e+06 1.23768196e+00
6.59260000e+06 1.23739747e+00
6.59305625e+06 1.23909895e+00
6.59890000e+06 1.25470365e+00
6.60000000e+06 1.26523341e+00
6.60709000e+06 1.33351237e+00
6.60826000e+06 1.34716717e+00
6.61015591e+06 1.39485685e+00
6.61500100e+06 1.52122416e+00
6.61765000e+06 1.59049729e+00
6.62000000e+06 1.61826943e+00
6.62500000e+06 1.67792969e+00
6.62705000e+06 1.70254626e+00
6.63000100e+06 1.76055674e+00
6.63500100e+06 1.85926612e+00
6.63648000e+06 1.88865958e+00
6.64000000e+06 1.97342158e+00
6.64000100e+06 1.97344651e+00
6.64500000e+06 2.09487106e+00
6.64592000e+06 2.11752138e+00
6.65000100e+06 2.19465827e+00
6.65283131e+06 2.24959868e+00
6.65302000e+06 2.25045087e+00
6.65500100e+06 2.21079144e+00
6.65776000e+06 2.15753747e+00
6.66000100e+06 2.18813561e+00
6.66500000e+06 2.26041168e+00
6.66725000e+06 2.29393511e+00
6.67000000e+06 2.30629879e+00
6.67000100e+06 2.30630342e+00
6.67210466e+06 2.31481547e+00
6.67230000e+06 2.31369693e+00
6.67230100e+06 2.31369121e+00
6.67321700e+06 2.30845270e+00
6.67322100e+06 2.30842983e+00
6.67500100e+06 2.29823580e+00
6.67588050e+06 2.29196584e+00
6.68000000e+06 2.27110421e+00
6.68000100e+06 2.27109734e+00
6.68123222e+06 2.26308037e+00
6.68145933e+06 2.26591773e+00
6.68168643e+06 2.27447570e+00
6.68500000e+06 2.48118372e+00
6.68614094e+06 2.55142928e+00
6.68649295e+06 2.56191780e+00
6.68652194e+06 2.56226983e+00
6.69000000e+06 2.56023202e+00
6.69000100e+06 2.56023136e+00
6.69106000e+06 2.55929374e+00
6.69580991e+06 2.66500944e+00
6.70000100e+06 2.68249005e+00
6.70047275e+06 2.68454915e+00
6.70108991e+06 2.67282409e+00
6.70500000e+06 2.56171672e+00
6.70541000e+06 2.55014348e+00
6.70890000e+06 2.48177937e+00
6.71000000e+06 2.46055021e+00
6.71000100e+06 2.46053082e+00
6.71021000e+06 2.45654333e+00
6.71070000e+06 2.45080653e+00
6.71500100e+06 2.40038870e+00
6.71501000e+06 2.40028458e+00
6.71986969e+06 2.27347827e+00
6.72000000e+06 2.27403307e+00
6.72000100e+06 2.27403800e+00
6.72462000e+06 2.29432945e+00
6.72500000e+06 2.29031270e+00
6.73000000e+06 2.23807104e+00
6.73425000e+06 2.18967247e+00
6.73500100e+06 2.18761135e+00
6.73908000e+06 2.17688963e+00
6.74000000e+06 2.19408615e+00
6.74000100e+06 2.19410584e+00
6.74391000e+06 2.26765090e+00
6.74500100e+06 2.25361835e+00
6.75000000e+06 2.18999991e+00
6.75056500e+06 2.18290452e+00
6.75092000e+06 2.17974110e+00
6.75092100e+06 2.17973219e+00
6.75500100e+06 2.14335800e+00
6.75722000e+06 2.12403220e+00
6.76000000e+06 2.12699267e+00
6.76000100e+06 2.12699422e+00
6.76450000e+06 2.13339234e+00
6.76500100e+06 2.13892829e+00
6.77000000e+06 2.19597591e+00
6.77178000e+06 2.21715026e+00
6.77300000e+06 2.22509430e+00
6.77500100e+06 2.23584149e+00
6.77909000e+06 2.26043695e+00
6.78000000e+06 2.24977523e+00
6.78000100e+06 2.24976477e+00
6.78500100e+06 2.19495203e+00
6.78640500e+06 2.18037804e+00
6.79000000e+06 2.12189969e+00
6.79040000e+06 2.11524492e+00
6.79372000e+06 2.06022846e+00
6.79440000e+06 2.05481593e+00
6.79500100e+06 2.05003220e+00
6.80000000e+06 2.01508755e+00
6.80000100e+06 2.01507602e+00
6.80106000e+06 2.00626713e+00
6.80500100e+06 1.95756709e+00
6.80840000e+06 1.91369917e+00
6.81500100e+06 1.81343645e+00
6.81566512e+06 1.80410213e+00
6.81594205e+06 1.80613150e+00
6.81788050e+06 1.83564900e+00
6.82000000e+06 1.87107889e+00
6.82000100e+06 1.87109589e+00
6.82314000e+06 1.92228959e+00
6.82500100e+06 1.93234954e+00
6.83000000e+06 1.95223742e+00
6.83039000e+06 1.95420373e+00
6.83086062e+06 1.94794078e+00
6.83500100e+06 1.85670438e+00
6.83792000e+06 1.79538951e+00
6.84000000e+06 1.79883994e+00
6.84000100e+06 1.79884253e+00
6.84452625e+06 1.80911088e+00
6.84500100e+06 1.81137755e+00
6.84547000e+06 1.81328116e+00
6.85000000e+06 1.86315019e+00
6.85274000e+06 1.89590439e+00
6.85500000e+06 1.95303252e+00
6.85780000e+06 2.02488342e+00
6.85970000e+06 2.07363941e+00
6.86000000e+06 2.08133773e+00
6.86000100e+06 2.08136331e+00
6.86018000e+06 2.08592586e+00
6.86500100e+06 2.12640578e+00
6.86747677e+06 2.14826335e+00
6.86751770e+06 2.14822410e+00
6.86762000e+06 2.14766874e+00
6.87000100e+06 2.09935367e+00
6.87500000e+06 2.00016330e+00
6.87508000e+06 1.99860363e+00
6.88000100e+06 1.96648762e+00
6.88254000e+06 1.95054688e+00
6.89000100e+06 1.99575958e+00
6.89003000e+06 1.99593898e+00
6.89500000e+06 2.01644450e+00
6.89752000e+06 2.02666511e+00
6.90000100e+06 1.98873380e+00
6.90500100e+06 1.91311033e+00
6.90503000e+06 1.91266701e+00
6.91254000e+06 1.85301651e+00
6.91500000e+06 1.82527495e+00
6.92000000e+06 1.76986933e+00
6.92000100e+06 1.76985947e+00
6.92007000e+06 1.76905290e+00
6.92500100e+06 1.72394159e+00
6.92761000e+06 1.69966675e+00
6.93000100e+06 1.66354619e+00
6.93220000e+06 1.63154876e+00
6.93479875e+06 1.59390530e+00
6.93517000e+06 1.59020374e+00
6.93740000e+06 1.60926732e+00
6.94000000e+06 1.63757968e+00
6.94000100e+06 1.63759090e+00
6.94084750e+06 1.64645612e+00
6.94274000e+06 1.66473166e+00
6.95000000e+06 1.61404243e+00
6.95000100e+06 1.61403580e+00
6.95024025e+06 1.61239096e+00
6.95043859e+06 1.61495550e+00
6.95190000e+06 1.66171780e+00
6.95510822e+06 1.76437503e+00
6.95791000e+06 1.85434939e+00
6.96000000e+06 1.90374207e+00
6.96000100e+06 1.90376396e+00
6.96551000e+06 2.02582493e+00
6.97000100e+06 2.09603400e+00
6.97313000e+06 2.14448114e+00
6.98000000e+06 2.06953311e+00
6.98076500e+06 2.06140133e+00
6.98840000e+06 1.92201504e+00
6.99000100e+06 1.90630249e+00
6.99606000e+06 1.84727439e+00
7.00000000e+06 1.83449790e+00
7.00150000e+06 1.82973152e+00
7.00372000e+06 1.82644651e+00
7.01000100e+06 1.89702486e+00
7.01117800e+06 1.91064834e+00
7.01171072e+06 1.92084713e+00
7.01500100e+06 1.99906897e+00
7.01884381e+06 2.09297830e+00
7.01910000e+06 2.09811918e+00
7.02000000e+06 2.10696026e+00
7.02058606e+06 2.11410885e+00
7.02468844e+06 2.15232940e+00
7.02500100e+06 2.15661632e+00
7.02680000e+06 2.16950120e+00
7.03000100e+06 2.16881668e+00
7.03066000e+06 2.16980258e+00
7.03452000e+06 2.17059213e+00
7.04000000e+06 2.22051928e+00
7.04031750e+06 2.22416795e+00
7.04225000e+06 2.24024298e+00
7.04950625e+06 2.19483779e+00
7.04960000e+06 2.19502352e+00
7.04999000e+06 2.19115864e+00
7.05000100e+06 2.19112422e+00
7.05763253e+06 2.15996926e+00
7.05814203e+06 2.16207067e+00
7.06000000e+06 2.17711184e+00
7.06500100e+06 2.21759738e+00
7.06682000e+06 2.23214723e+00
7.07000100e+06 2.22651141e+00
7.07500100e+06 2.21722285e+00
7.07720000e+06 2.21286052e+00
7.08000000e+06 2.13354292e+00
7.08363200e+06 2.03020610e+00
7.08500100e+06 1.99072588e+00
7.08749120e+06 1.91833904e+00
7.08832562e+06 1.89946726e+00
7.09000100e+06 1.86493101e+00
7.09190000e+06 1.82522283e+00
7.09190100e+06 1.82520191e+00
7.09385000e+06 1.78444554e+00
7.09385100e+06 1.78442462e+00
7.09500100e+06 1.76037857e+00
7.09765138e+06 1.70404845e+00
7.09803000e+06 1.69658188e+00
7.10000000e+06 1.66669751e+00
7.10000100e+06 1.66668191e+00
7.10500000e+06 1.58937673e+00
7.10730000e+06 1.55563880e+00
7.10730100e+06 1.55562414e+00
7.10864500e+06 1.53591082e+00
7.10963500e+06 1.52813526e+00
7.10980000e+06 1.52622710e+00
7.11500100e+06 1.49338949e+00
7.11570000e+06 1.48910133e+00
7.11570100e+06 1.48909519e+00
7.11896000e+06 1.46910053e+00
7.12000000e+06 1.46985229e+00
7.12000100e+06 1.46985417e+00
7.12500000e+06 1.47582432e+00
7.12700000e+06 1.47941329e+00
7.12948050e+06 1.48417852e+00
7.13000100e+06 1.48623371e+00
7.13500000e+06 1.50885151e+00
7.13500100e+06 1.50885613e+00
7.13736900e+06 1.52086006e+00
7.14000000e+06 1.53438782e+00
7.14000100e+06 1.53439374e+00
7.14500000e+06 1.57977136e+00
7.15000100e+06 1.62599645e+00
7.15052000e+06 1.63083108e+00
7.15500100e+06 1.71191212e+00
7.16000000e+06 1.80284880e+00
7.16000100e+06 1.80286801e+00
7.16109000e+06 1.82267799e+00
7.16190000e+06 1.83407458e+00
7.17168000e+06 1.97679126e+00
7.17670000e+06 2.00701404e+00
7.18230500e+06 2.04075880e+00
7.19000100e+06 2.05881968e+00
7.19293000e+06 2.06549255e+00
7.19500100e+06 2.06834525e+00
7.20000000e+06 2.07462130e+00
7.20000100e+06 2.07462112e+00
7.20360000e+06 2.07871488e+00
7.20500100e+06 2.09040941e+00
7.21000100e+06 2.13157583e+00
7.21396078e+06 2.16376598e+00
7.21400000e+06 2.16437322e+00
7.21500100e+06 2.16942989e+00
7.21720000e+06 2.18023718e+00
7.22000000e+06 2.19394649e+00
7.22000100e+06 2.19395200e+00
7.22499000e+06 2.21890569e+00
7.22500100e+06 2.21874515e+00
7.23500100e+06 2.07129132e+00
7.23505875e+06 2.07043290e+00
7.23573000e+06 2.06199434e+00
7.24000000e+06 2.08609107e+00
7.24447500e+06 2.11184919e+00
7.24500100e+06 2.11553744e+00
7.25322000e+06 2.17224492e+00
7.26000000e+06 2.12837643e+00
7.26000100e+06 2.12837013e+00
7.26132000e+06 2.12056727e+00
7.26169500e+06 2.12306250e+00
7.26500100e+06 2.14506046e+00
7.26610000e+06 2.15231453e+00
7.26943000e+06 2.17594547e+00
7.27755000e+06 2.16537679e+00
7.28000000e+06 2.17929204e+00
7.28000100e+06 2.17929673e+00
7.28569000e+06 2.20958234e+00
7.29384500e+06 2.21167860e+00
7.30000000e+06 2.20243751e+00
7.30000100e+06 2.20243482e+00
7.30200000e+06 2.19658796e+00
7.30992438e+06 2.05973871e+00
7.31018000e+06 2.05790279e+00
7.31388525e+06 2.12112779e+00
7.31759050e+06 2.19010089e+00
7.32500100e+06 2.30927308e+00
7.32658000e+06 2.33460140e+00
7.33480000e+06 2.40079678e+00
7.34000000e+06 2.29185852e+00
7.34303000e+06 2.23078989e+00
7.35128000e+06 2.24793220e+00
7.35954500e+06 2.19232983e+00
7.36000000e+06 2.19036776e+00
7.36000100e+06 2.19036428e+00
7.36781000e+06 2.15944253e+00
7.37500000e+06 2.23769452e+00
7.37611000e+06 2.24985083e+00
7.38000000e+06 2.27542159e+00
7.38000100e+06 2.27542867e+00
7.38441000e+06 2.30440900e+00
7.39000100e+06 2.28654324e+00
7.39273000e+06 2.27804820e+00
7.39500000e+06 2.23987453e+00
7.40000000e+06 2.15631763e+00
7.40000100e+06 2.15630042e+00
7.40105000e+06 2.13907998e+00
7.40500100e+06 2.10721698e+00
7.40940000e+06 2.07239654e+00
7.41000100e+06 2.07373724e+00
7.41500000e+06 2.08555936e+00
7.41776500e+06 2.09255651e+00
7.42000000e+06 2.10941052e+00
7.42000100e+06 2.10941956e+00
7.42500100e+06 2.14814512e+00
7.42613000e+06 2.15714450e+00
7.43000100e+06 2.21158856e+00
7.43452000e+06 2.27623101e+00
7.43500100e+06 2.28029260e+00
7.44000000e+06 2.32371418e+00
7.44000100e+06 2.32372211e+00
7.44292000e+06 2.34850017e+00
7.44500100e+06 2.32974622e+00
7.44971556e+06 2.28675882e+00
7.45000100e+06 2.28388912e+00
7.45198075e+06 2.26299546e+00
7.45500100e+06 2.22222668e+00
7.45750100e+06 2.18626548e+00
7.46000000e+06 2.15144409e+00
7.46000100e+06 2.15142706e+00
7.46259000e+06 2.11529969e+00
7.46500100e+06 2.08573890e+00
7.47000100e+06 2.02464201e+00
7.47500100e+06 1.96531678e+00
7.47668000e+06 1.94484421e+00
7.48000000e+06 1.93815395e+00
7.48500100e+06 1.92739136e+00
7.48741557e+06 1.92307329e+00
7.49000100e+06 1.91954923e+00
7.49099409e+06 1.91871797e+00
7.49500100e+06 1.93808827e+00
7.49750050e+06 1.95165118e+00
7.50000000e+06 1.96335924e+00
7.50498000e+06 1.98874208e+00
7.50500100e+06 1.98864506e+00
7.50999050e+06 1.96849666e+00
7.51000100e+06 1.96844375e+00
7.51460000e+06 1.94774306e+00
7.51500100e+06 1.94644083e+00
7.51919000e+06 1.93041472e+00
7.52000000e+06 1.93598569e+00
7.52500100e+06 1.97229164e+00
7.53000100e+06 2.01005079e+00
7.53345000e+06 2.03675923e+00
7.53500100e+06 2.03045750e+00
7.54000000e+06 2.01064308e+00
7.54774000e+06 1.98193331e+00
7.55000000e+06 1.98783160e+00
7.55000100e+06 1.98783477e+00
7.55500100e+06 2.00021792e+00
7.56000100e+06 2.01340888e+00
7.56180348e+06 2.01790822e+00
7.56208000e+06 2.01818971e+00
7.56500100e+06 2.01030226e+00
7.57000100e+06 1.99606097e+00
7.57500100e+06 1.98108969e+00
7.57645000e+06 1.97654815e+00
7.57825250e+06 1.98396305e+00
7.57880000e+06 1.98771585e+00
7.58000000e+06 1.99220238e+00
7.58000100e+06 1.99220619e+00
7.58005500e+06 1.99241426e+00
7.58500100e+06 2.01524172e+00
7.59000100e+06 2.03773838e+00
7.59087000e+06 2.04155967e+00
7.59500100e+06 2.03932913e+00
7.60000000e+06 2.03621003e+00
7.60000100e+06 2.03620882e+00
7.60533000e+06 2.03233318e+00
7.61500100e+06 1.98296816e+00
7.62000000e+06 1.95747272e+00
7.62000100e+06 1.95746757e+00
7.62017724e+06 1.95661734e+00
7.62500000e+06 1.90447822e+00
7.62638600e+06 1.88965887e+00
7.63000100e+06 1.85100667e+00
7.63327775e+06 1.81646940e+00
7.63437000e+06 1.80873865e+00
7.63500100e+06 1.81828631e+00
7.63619875e+06 1.83668015e+00
7.64000000e+06 1.89948674e+00
7.64000100e+06 1.89950438e+00
7.64168500e+06 1.92782692e+00
7.64500000e+06 1.98416980e+00
7.64710000e+06 2.02063066e+00
7.64900000e+06 2.05376911e+00
7.65000100e+06 2.06703244e+00
7.65500100e+06 2.13533309e+00
7.65750050e+06 2.17045637e+00
7.66000000e+06 2.20253326e+00
7.66000100e+06 2.20254716e+00
7.66358000e+06 2.24954419e+00
7.66500100e+06 2.23748445e+00
7.67500100e+06 2.15333629e+00
7.67814500e+06 2.12572312e+00
7.68000000e+06 2.10619454e+00
7.68000100e+06 2.10618247e+00
7.68200000e+06 2.08419830e+00
7.68200100e+06 2.08418894e+00
7.68300000e+06 2.07320236e+00
7.68440000e+06 2.05894028e+00
7.68500100e+06 2.05286613e+00
7.69000100e+06 1.99965254e+00
7.69277506e+06 1.96868643e+00
7.69296000e+06 1.96739112e+00
7.69500100e+06 1.96470074e+00
7.69750050e+06 1.96025124e+00
7.70000000e+06 1.95797119e+00
7.70000100e+06 1.95796756e+00
7.70250100e+06 1.95413708e+00
7.70500100e+06 1.95282380e+00
7.70771000e+06 1.95056093e+00
7.71000100e+06 1.98238946e+00
7.71500100e+06 2.05061372e+00
7.71510500e+06 2.05201219e+00
7.71859400e+06 2.10134216e+00
7.71860000e+06 2.10142699e+00
7.72000000e+06 2.12122121e+00
7.72000100e+06 2.12123376e+00
7.72250000e+06 2.15471217e+00
7.72500100e+06 2.18235268e+00
7.73734000e+06 2.31707540e+00
7.74000000e+06 2.29507524e+00
7.74000100e+06 2.29506903e+00
7.74106000e+06 2.28763070e+00
7.74500100e+06 2.25231034e+00
7.75000000e+06 2.20906715e+00
7.75222000e+06 2.19091135e+00
7.75500100e+06 2.18683846e+00
7.76000000e+06 2.18242666e+00
7.76000100e+06 2.18242694e+00
7.76500100e+06 2.17710232e+00
7.76715000e+06 2.17575524e+00
7.77000000e+06 2.16817591e+00
7.78000000e+06 2.14398728e+00
7.78001100e+06 2.14396237e+00
7.78211000e+06 2.13898072e+00
7.78501100e+06 2.15481050e+00
7.78961500e+06 2.17905810e+00
7.79000100e+06 2.18122099e+00
7.79712000e+06 2.21798614e+00
7.80000000e+06 2.19760869e+00
7.80000100e+06 2.19760101e+00
7.80330000e+06 2.17343750e+00
7.80465000e+06 2.16232699e+00
7.81000100e+06 2.12159482e+00
7.81218000e+06 2.10477061e+00
7.82000000e+06 2.07886997e+00
7.82000100e+06 2.07886634e+00
7.83000100e+06 2.04480534e+00
7.83484000e+06 2.02793123e+00
7.84000000e+06 2.03931218e+00
7.84000100e+06 2.03931445e+00
7.85000100e+06 2.06126402e+00
7.86000000e+06 2.08234141e+00
7.86000100e+06 2.08234427e+00
7.86549344e+06 2.09540504e+00
7.87000100e+06 2.11328896e+00
7.89000100e+06 2.19083969e+00
7.90000000e+06 2.22892627e+00
7.90750000e+06 2.25616292e+00
7.91000100e+06 2.26569033e+00
7.92000000e+06 2.30314599e+00
7.92000100e+06 2.30314952e+00
7.92650000e+06 2.32749441e+00
7.94000000e+06 2.27078582e+00
7.94000100e+06 2.27078112e+00
7.94195500e+06 2.26147457e+00
7.95741000e+06 2.19433674e+00
7.96000000e+06 2.19086574e+00
7.96000100e+06 2.19086401e+00
7.96760000e+06 2.18068015e+00
7.97000100e+06 2.17773022e+00
7.98000000e+06 2.16493184e+00
8.00000000e+06 2.13933234e+00
8.00000100e+06 2.13933099e+00
8.01989000e+06 2.11237782e+00
8.02000000e+06 2.11169441e+00
8.03000000e+06 2.04903509e+00
8.03000100e+06 2.04902883e+00
8.04000100e+06 1.98637987e+00
8.05000100e+06 1.92317594e+00
8.05124000e+06 1.91527924e+00
8.05999900e+06 1.87235855e+00
8.06000000e+06 1.87235357e+00
8.07000100e+06 1.82264852e+00
8.07180000e+06 1.81354893e+00
8.08000000e+06 1.77362883e+00
8.08000100e+06 1.77362418e+00
8.08017700e+06 1.77275089e+00
8.08288000e+06 1.75947481e+00
8.10000000e+06 1.75085722e+00
8.10322075e+06 1.75062933e+00
8.11000100e+06 1.74779904e+00
8.11472000e+06 1.74663563e+00
8.12000000e+06 1.75602537e+00
8.12000100e+06 1.75602741e+00
8.13000100e+06 1.77527602e+00
8.14000000e+06 1.79424574e+00
8.14718266e+06 1.80595857e+00
8.15000100e+06 1.80252105e+00
8.16000000e+06 1.78913091e+00
8.16000100e+06 1.78912899e+00
8.17000100e+06 1.77521622e+00
8.17610000e+06 1.76733448e+00
8.17895000e+06 1.76504997e+00
8.18000000e+06 1.77080998e+00
8.19000100e+06 1.82782299e+00
8.20000100e+06 1.88778073e+00
8.21000100e+06 1.94588272e+00
8.21136000e+06 1.95411470e+00
8.21900000e+06 1.97195462e+00
8.21999900e+06 1.97434482e+00
8.22000000e+06 1.97434710e+00
8.23000000e+06 1.99827686e+00
8.24000000e+06 2.02151511e+00
8.24000100e+06 2.02151722e+00
8.24396000e+06 2.02976989e+00
8.25000100e+06 2.02000857e+00
8.26000000e+06 2.00215572e+00
8.26000100e+06 2.00215400e+00
8.27000000e+06 1.98320301e+00
8.27500100e+06 1.97580665e+00
8.28000000e+06 1.96728915e+00
8.28000100e+06 1.96728801e+00
8.28000200e+06 1.96728616e+00
8.29000100e+06 1.95436903e+00
8.30000000e+06 1.94075164e+00
8.30000100e+06 1.94075027e+00
8.30975000e+06 1.92810844e+00
8.30999900e+06 1.92842966e+00
8.32000000e+06 1.94544999e+00
8.32000100e+06 1.94545246e+00
8.32634500e+06 1.95836242e+00
8.33000100e+06 1.96479706e+00
8.34000100e+06 1.98477729e+00
8.34294000e+06 1.99107122e+00
8.36000000e+06 2.04473249e+00
8.36000100e+06 2.04473540e+00
8.37000100e+06 2.07548490e+00
8.37633000e+06 2.09388298e+00
8.38000100e+06 2.09723882e+00
8.39000000e+06 2.10404989e+00
8.40000000e+06 2.11209732e+00
8.40000100e+06 2.11209772e+00
8.40993000e+06 2.11713903e+00
8.41000100e+06 2.11683382e+00
8.42000000e+06 2.07076180e+00
8.42000100e+06 2.07075639e+00
8.43000000e+06 2.02150497e+00
8.43363759e+06 2.00242363e+00
8.44000100e+06 1.97198307e+00
8.44372000e+06 1.95312471e+00
8.45000100e+06 1.96265906e+00
8.46000000e+06 1.97626795e+00
8.46000100e+06 1.97626951e+00
8.46922750e+06 1.99038504e+00
8.46999900e+06 1.99108015e+00
8.47773000e+06 2.00279389e+00
8.48000000e+06 1.99868611e+00
8.49000100e+06 1.98823068e+00
8.49483000e+06 1.98511389e+00
8.50000000e+06 1.98029065e+00
8.50000100e+06 1.98028960e+00
8.51000100e+06 1.96895448e+00
8.51193000e+06 1.96621431e+00
8.52000000e+06 1.97728470e+00
8.52914000e+06 1.98710990e+00
8.53000200e+06 1.98833827e+00
8.54000000e+06 2.00023635e+00
8.54000100e+06 2.00023693e+00
8.54635000e+06 2.00671324e+00
8.55000100e+06 2.00773002e+00
8.55676100e+06 2.00883511e+00
8.55999900e+06 2.00948865e+00
8.56000000e+06 2.00948875e+00
8.58000000e+06 2.01212765e+00
8.58000100e+06 2.01212805e+00
8.58294000e+06 2.01277442e+00
8.58490000e+06 2.01437829e+00
8.59000100e+06 2.01630161e+00
8.60000000e+06 2.02309152e+00
8.61000100e+06 2.02926463e+00
8.61500100e+06 2.03232879e+00
8.62000000e+06 2.02242718e+00
8.62000100e+06 2.02242622e+00
8.62824900e+06 2.00221828e+00
8.63000100e+06 1.99797657e+00
8.64000000e+06 1.97340476e+00
8.65000100e+06 1.94977545e+00
8.65076138e+06 1.94697826e+00
8.65960603e+06 1.95837419e+00
8.66000000e+06 1.95907385e+00
8.66000100e+06 1.95907452e+00
8.68000000e+06 1.98552132e+00
8.68614000e+06 1.99426110e+00
8.70000000e+06 1.91686119e+00
8.70000100e+06 1.91685583e+00
8.70388000e+06 1.89572342e+00
8.71000100e+06 1.86104673e+00
8.71630000e+06 1.82597267e+00
8.72162000e+06 1.79655168e+00
8.74000000e+06 1.73854733e+00
8.74000100e+06 1.73854436e+00
8.74530000e+06 1.72153543e+00
8.75000100e+06 1.70735835e+00
8.75733000e+06 1.68477943e+00
8.76000000e+06 1.68451997e+00
8.76000100e+06 1.68452087e+00
8.77000000e+06 1.68354789e+00
8.78000000e+06 1.68346683e+00
8.78000100e+06 1.68346756e+00
8.78000200e+06 1.68346757e+00
8.79000100e+06 1.68227272e+00
8.79325000e+06 1.68359038e+00
8.80000000e+06 1.69717335e+00
8.80000100e+06 1.69717598e+00
8.80178078e+06 1.70186638e+00
8.80999900e+06 1.71981079e+00
8.81031156e+06 1.72064353e+00
8.82000000e+06 1.74127056e+00
8.82000100e+06 1.74127236e+00
8.82940000e+06 1.76306131e+00
8.83000100e+06 1.76542495e+00
8.84000100e+06 1.80401335e+00
8.84245025e+06 1.81294317e+00
8.85000000e+06 1.84234043e+00
8.85100000e+06 1.84598206e+00
8.85550050e+06 1.86238152e+00
8.86000100e+06 1.88006227e+00
8.86577000e+06 1.90129621e+00
8.87000100e+06 1.91236989e+00
8.88000100e+06 1.93619260e+00
8.89000000e+06 1.96140749e+00
8.89865900e+06 1.98113946e+00
8.90000100e+06 1.98425683e+00
8.90325731e+06 1.99100029e+00
8.91000100e+06 1.99556148e+00
8.92000100e+06 2.00295132e+00
8.93000100e+06 2.00898117e+00
8.93959550e+06 2.01561085e+00
8.94000100e+06 2.01625177e+00
8.95000100e+06 2.03632730e+00
8.96000100e+06 2.05647332e+00
8.97000000e+06 2.07521445e+00
8.97090050e+06 2.07764594e+00
8.98000000e+06 2.09801374e+00
8.98180000e+06 2.10187877e+00
8.99000100e+06 2.12022755e+00
8.99090050e+06 2.12089902e+00
9.00000000e+06 2.14043432e+00
9.00000100e+06 2.14043560e+00
9.01000100e+06 2.16240003e+00
9.01354000e+06 2.16824393e+00
9.02000000e+06 2.16079080e+00
9.03000200e+06 2.15202590e+00
9.04000100e+06 2.14192792e+00
9.05000100e+06 2.13095099e+00
9.05106000e+06 2.13002674e+00
9.05999900e+06 2.09049328e+00
9.06994000e+06 2.04792110e+00
9.07000100e+06 2.04764737e+00
9.08882000e+06 1.96564563e+00
9.10000000e+06 1.94125532e+00
9.13010000e+06 1.87765097e+00
9.16505000e+06 1.81288389e+00
9.20000100e+06 1.81455840e+00
9.20353000e+06 1.81466573e+00
9.22500000e+06 1.69256385e+00
9.24225000e+06 1.59493992e+00
9.28071307e+06 1.68845716e+00
9.28195381e+06 1.69469248e+00
9.30000100e+06 1.81953013e+00
9.32043000e+06 1.96054110e+00
9.32447600e+06 1.96173962e+00
9.33860000e+06 1.96622477e+00
9.34965344e+06 1.96737538e+00
9.35011113e+06 1.96551414e+00
9.36949078e+06 1.73730569e+00
9.36980000e+06 1.73505760e+00
9.38466456e+06 1.79879243e+00
9.38961941e+06 1.82195148e+00
9.40000100e+06 1.91590686e+00
9.40959000e+06 2.00264118e+00
9.42957000e+06 2.05142392e+00
9.45654297e+06 2.02969827e+00
9.46039625e+06 2.02565290e+00
9.50000000e+06 1.88090198e+00
9.50000100e+06 1.88089829e+00
9.50003000e+06 1.88079120e+00
9.54065000e+06 1.95468404e+00
9.57510000e+06 1.85613655e+00
9.58153000e+06 1.83731485e+00
9.60000100e+06 1.78989229e+00
9.62268000e+06 1.73223987e+00
9.66409000e+06 1.68883004e+00
9.70000100e+06 1.70805793e+00
9.70591000e+06 1.71148651e+00
9.74773000e+06 1.77896075e+00
9.78996000e+06 1.86552468e+00
9.80000000e+06 1.86662226e+00
9.80000100e+06 1.86662237e+00
9.81260000e+06 1.86832004e+00
9.83246000e+06 1.87200828e+00
9.87525000e+06 1.85709045e+00
9.90000100e+06 1.88636292e+00
9.93995000e+06 1.93235535e+00
1.00000000e+07 1.87653411e+00
1.00053875e+07 1.87122026e+00
1.00272000e+07 1.85101680e+00
1.01000000e+07 1.89583211e+00
1.01157000e+07 1.90556862e+00
1.01410820e+07 1.90788492e+00
1.02000000e+07 1.91326163e+00
1.02053000e+07 1.91375472e+00
1.02841544e+07 1.84634795e+00
1.02961000e+07 1.83613656e+00
1.03000000e+07 1.84024109e+00
1.03456100e+07 1.88814048e+00
1.03460000e+07 1.88855125e+00
1.03881000e+07 1.93277470e+00
1.04292453e+07 1.82288540e+00
1.04814000e+07 1.68359274e+00
1.05000000e+07 1.70436531e+00
1.05200000e+07 1.72671883e+00
1.05400000e+07 1.74907234e+00
1.05760000e+07 1.78929267e+00
1.05763832e+07 1.78882676e+00
1.05800000e+07 1.78442937e+00
1.06000000e+07 1.76013288e+00
1.06718000e+07 1.67290320e+00
1.07255969e+07 1.76473040e+00
1.07690000e+07 1.83881608e+00
1.08000000e+07 1.84995803e+00
1.08500000e+07 1.86792632e+00
1.08675000e+07 1.87421939e+00
1.08769158e+07 1.87280167e+00
1.08800000e+07 1.87233729e+00
1.09000000e+07 1.86933461e+00
1.09400000e+07 1.86330924e+00
1.09530000e+07 1.86136250e+00
1.09600000e+07 1.86030186e+00
1.09674000e+07 1.85919058e+00
1.09800000e+07 1.85110003e+00
1.10000000e+07 1.83824820e+00
1.10686000e+07 1.79418317e+00
1.11000000e+07 1.75584737e+00
1.11551902e+07 1.68845967e+00
1.11600000e+07 1.68258686e+00
1.11713000e+07 1.66878742e+00
1.12000000e+07 1.68781653e+00
1.12754000e+07 1.73781364e+00
1.13000000e+07 1.75606564e+00
1.13125698e+07 1.76539488e+00
1.13800000e+07 1.81544102e+00
1.13810000e+07 1.81618022e+00
1.14000000e+07 1.82280487e+00
1.14400000e+07 1.83674256e+00
1.14600000e+07 1.84371641e+00
1.14721698e+07 1.84795994e+00
1.14800000e+07 1.85069026e+00
1.14881000e+07 1.85351271e+00
1.15000000e+07 1.85405410e+00
1.15600000e+07 1.85676761e+00
1.15967000e+07 1.85842776e+00
1.16000000e+07 1.85677540e+00
1.16340215e+07 1.83970663e+00
1.17000000e+07 1.80660488e+00
1.17069000e+07 1.80313795e+00
1.17250000e+07 1.80172226e+00
1.17981566e+07 1.79596747e+00
1.18187000e+07 1.79435145e+00
1.18250000e+07 1.79540148e+00
1.19000000e+07 1.80790090e+00
1.19321000e+07 1.81325435e+00
1.19646074e+07 1.82008566e+00
1.19750000e+07 1.82226963e+00
1.20000000e+07 1.82752254e+00
1.20037100e+07 1.82830363e+00
1.20040000e+07 1.82836423e+00
1.20471000e+07 1.83742243e+00
1.21000000e+07 1.86580069e+00
1.21638000e+07 1.90002814e+00
1.21692984e+07 1.89941836e+00
1.22823000e+07 1.88688625e+00
1.23000000e+07 1.89048000e+00
1.23409853e+07 1.89878198e+00
1.24024000e+07 1.91122215e+00
1.24450000e+07 1.84997793e+00
1.25000000e+07 1.77091522e+00
1.25150944e+07 1.74922216e+00
1.25244000e+07 1.73584848e+00
1.26482000e+07 1.93347312e+00
1.26916598e+07 1.93923881e+00
1.26916598e+07 1.93923881e+00
1.27738000e+07 1.95013611e+00
1.28707163e+07 1.92515683e+00
1.29014000e+07 1.91724839e+00
1.30000000e+07 1.95032606e+00
1.30308000e+07 1.96066602e+00
1.31623000e+07 1.87371244e+00
1.31834066e+07 1.86074143e+00
1.32957000e+07 1.79173181e+00
1.33000000e+07 1.79552112e+00
1.33694007e+07 1.85670029e+00
1.34313000e+07 1.91126664e+00
1.34500000e+07 1.89713876e+00
1.35000000e+07 1.85935464e+00
1.35580189e+07 1.81551525e+00
1.35689000e+07 1.80729345e+00
1.37000000e+07 1.76628813e+00
1.37086000e+07 1.76359938e+00
1.37492982e+07 1.82033876e+00
1.38506000e+07 1.96156882e+00
1.39000000e+07 1.88963157e+00
1.39432760e+07 1.82661423e+00
1.39947000e+07 1.75173202e+00
1.40000000e+07 1.75455682e+00
1.41000000e+07 1.80789918e+00
1.41412000e+07 1.82986633e+00
1.41975148e+07 1.83853825e+00
1.42899000e+07 1.85276464e+00
1.43000000e+07 1.85489389e+00
1.43978162e+07 1.87559218e+00
1.44411000e+07 1.88475121e+00
1.45000000e+07 1.82276182e+00
1.45120000e+07 1.81013158e+00
1.45947000e+07 1.72309612e+00
1.46000000e+07 1.72320627e+00
1.46009434e+07 1.72322483e+00
1.47500000e+07 1.72615672e+00
1.47507000e+07 1.72616813e+00
1.48000000e+07 1.75499737e+00
1.48069365e+07 1.75905299e+00
1.49094000e+07 1.81896141e+00
1.50000000e+07 1.74709192e+00
1.50158357e+07 1.73452943e+00
1.50705000e+07 1.69116415e+00
1.52276821e+07 1.81913668e+00
1.52344000e+07 1.82460617e+00
1.53000000e+07 1.81456674e+00
1.54009000e+07 1.79911708e+00
1.54425173e+07 1.78208471e+00
1.54425173e+07 1.78208470e+00
1.55703000e+07 1.72978811e+00
1.56603834e+07 1.73023312e+00
1.57424000e+07 1.73063828e+00
1.57500000e+07 1.73585955e+00
1.58813232e+07 1.82607506e+00
1.59000000e+07 1.83890549e+00
1.59175000e+07 1.85093367e+00
1.60000000e+07 1.85587366e+00
1.60955000e+07 1.86158462e+00
1.61320000e+07 1.85555583e+00
1.62257312e+07 1.84009421e+00
1.62765000e+07 1.83171955e+00
1.64546471e+07 1.77486572e+00
1.64606000e+07 1.77296590e+00
1.66479000e+07 1.95782317e+00
1.66867925e+07 1.93721306e+00
1.67000000e+07 1.93021408e+00
1.68385000e+07 1.85683645e+00
1.69222131e+07 1.86376021e+00
1.70000000e+07 1.87019382e+00
1.70324000e+07 1.87286534e+00
1.71609551e+07 1.85961668e+00
1.72296000e+07 1.85254226e+00
1.74000000e+07 1.84910322e+00
1.74030653e+07 1.84904180e+00
1.74304000e+07 1.84849408e+00
1.75000000e+07 1.82841025e+00
1.76347000e+07 1.78954472e+00
1.77468935e+07 1.80392079e+00
1.77500000e+07 1.80431884e+00
1.77940000e+07 1.80996971e+00
1.77962800e+07 1.81025435e+00
1.77970000e+07 1.81034886e+00
1.78000000e+07 1.81073262e+00
1.78426000e+07 1.81619881e+00
1.79972702e+07 1.88068686e+00
1.80000000e+07 1.88182502e+00
1.80543000e+07 1.90447442e+00
1.81470000e+07 1.87914634e+00
1.82000000e+07 1.86466642e+00
1.82511793e+07 1.85068312e+00
1.82698000e+07 1.84559553e+00
1.84892000e+07 1.80048758e+00
1.85000000e+07 1.80729788e+00
1.85086706e+07 1.81276248e+00
1.87127000e+07 1.94135112e+00
1.87697946e+07 1.93155948e+00
1.88000000e+07 1.92637931e+00
1.89403000e+07 1.90233474e+00
1.90000000e+07 1.88728689e+00
1.90346026e+07 1.87857434e+00
1.91000000e+07 1.86210804e+00
1.91720000e+07 1.84397375e+00
1.92500000e+07 1.84051828e+00
1.93031466e+07 1.83816928e+00
1.94000000e+07 1.83388852e+00
1.94081000e+07 1.83352795e+00
1.95000000e+07 1.83552270e+00
1.95754793e+07 1.83715672e+00
1.95754793e+07 1.83715673e+00
1.96487000e+07 1.83874186e+00
1.97000000e+07 1.84316105e+00
1.98516541e+07 1.85623536e+00
1.99779315e+07 1.86712192e+00
2.00000000e+07 1.86902448e+00
2.00000100e+07 1.83999980e+00
2.01512400e+07 1.84420590e+00
2.02821741e+07 1.84754617e+00
2.04355377e+07 1.85145864e+00
2.05683191e+07 1.85484604e+00
2.06042000e+07 1.85576140e+00
2.08585011e+07 1.86105238e+00
2.08948882e+07 1.86180945e+00
2.10000000e+07 1.86399640e+00
2.11527770e+07 1.86644138e+00
2.12962722e+07 1.86873782e+00
2.14512046e+07 1.87121730e+00
2.15967243e+07 1.87354614e+00
2.17538425e+07 1.87606059e+00
2.17538425e+07 1.87606059e+00
2.19014152e+07 1.87842229e+00
2.20000000e+07 1.88000000e+00
2.20607500e+07 1.88082869e+00
2.23103804e+07 1.88423390e+00
2.23719875e+07 1.88507428e+00
2.26251397e+07 1.88852753e+00
2.26876160e+07 1.88937977e+00
2.26876160e+07 1.88937977e+00
2.29443397e+07 1.89288173e+00
2.30000000e+07 1.89364100e+00
2.30076974e+07 1.89373613e+00
2.33244886e+07 1.89765136e+00
2.33322946e+07 1.89774783e+00
2.36535551e+07 1.90171829e+00
2.36614713e+07 1.90181613e+00
2.39872642e+07 1.90584260e+00
2.39952920e+07 1.90594181e+00
2.40000000e+07 1.90600000e+00
2.43338224e+07 1.90958779e+00
2.43385968e+07 1.90963910e+00
2.46771289e+07 1.91327751e+00
2.46771289e+07 1.91327751e+00
2.46819706e+07 1.91332955e+00
2.48969900e+07 1.91564050e+00
2.50000000e+07 1.91665000e+00
2.50252787e+07 1.91686057e+00
2.53527050e+07 1.91958803e+00
2.53783404e+07 1.91980158e+00
2.57103860e+07 1.92256752e+00
2.57363831e+07 1.92278407e+00
2.60000000e+07 1.92498000e+00
2.60994771e+07 1.92564285e+00
2.61795200e+07 1.92617620e+00
2.64639100e+07 1.92792080e+00
2.64676937e+07 1.92794490e+00
2.64676938e+07 1.92794490e+00
2.65344700e+07 1.92837030e+00
2.68411053e+07 1.92983244e+00
2.69088236e+07 1.93015534e+00
2.70000000e+07 1.93059010e+00
2.71924700e+07 1.93137100e+00
2.72197849e+07 1.93146296e+00
2.74714800e+07 1.93231030e+00
2.76038071e+07 1.93273336e+00
2.78590531e+07 1.93354939e+00
2.79932471e+07 1.93397841e+00
2.79932471e+07 1.93397841e+00
2.80000000e+07 1.93400000e+00
2.83881815e+07 1.93491740e+00
2.83950296e+07 1.93493358e+00
2.85194400e+07 1.93522760e+00
2.87886876e+07 1.93571711e+00
2.89217980e+07 1.93595912e+00
2.90000000e+07 1.93610130e+00
2.91948442e+07 1.93629681e+00
2.92624000e+07 1.93636460e+00
2.94079600e+07 1.93655780e+00
2.96067309e+07 1.93669619e+00
2.98228534e+07 1.93684666e+00
3.00000000e+07 1.93697000e+00
3.00244286e+07 1.93696932e+00
3.04232460e+07 1.93695822e+00
3.04480192e+07 1.93695753e+00
3.08524632e+07 1.93694627e+00
3.08775859e+07 1.93694557e+00
3.08775859e+07 1.93694557e+00
3.09984100e+07 1.93694220e+00
3.10000000e+07 1.93702130e+00
3.13132131e+07 1.93672274e+00
3.14373542e+07 1.93660440e+00
3.15899900e+07 1.93645890e+00
3.17549862e+07 1.93624711e+00
3.20000000e+07 1.93593260e+00
3.22029919e+07 1.93562219e+00
3.23171000e+07 1.93544770e+00
3.26573181e+07 1.93474630e+00
3.27730361e+07 1.93450773e+00
3.29207000e+07 1.93420330e+00
3.30000000e+07 1.93403920e+00
3.31180541e+07 1.93372338e+00
3.34655706e+07 1.93279371e+00
3.35852902e+07 1.93247343e+00
3.39377096e+07 1.93153064e+00
3.40000000e+07 1.93136400e+00
3.40591182e+07 1.93116779e+00
3.44796788e+07 1.92977200e+00
3.45396311e+07 1.92957302e+00
3.45396311e+07 1.92957302e+00
3.48812300e+07 1.92843930e+00
3.50000000e+07 1.92802000e+00
3.50269231e+07 1.92791088e+00
3.51570200e+07 1.92738360e+00
3.53239300e+07 1.92674400e+00
3.55210899e+07 1.92578662e+00
3.58222871e+07 1.92432405e+00
3.60000000e+07 1.92346110e+00
3.60222286e+07 1.92331873e+00
3.65078952e+07 1.92020803e+00
3.65304374e+07 1.92006365e+00
3.70000000e+07 1.91705610e+00
3.70458161e+07 1.91672140e+00
3.74689800e+07 1.91363010e+00
3.74859700e+07 1.91355280e+00
3.75684659e+07 1.91289091e+00
3.80000000e+07 1.90942860e+00
3.80002600e+07 1.90942600e+00
3.80984893e+07 1.90855841e+00
3.85363753e+07 1.90469087e+00
3.86359904e+07 1.90381104e+00
3.90000000e+07 1.90059600e+00
3.91810747e+07 1.89892544e+00
3.92809300e+07 1.89800420e+00
3.97338491e+07 1.89363972e+00
3.98351132e+07 1.89266390e+00
3.98980000e+07 1.89205790e+00
4.00000000e+07 1.89097000e+00
4.02944222e+07 1.88791116e+00
4.05643280e+07 1.88510703e+00
4.08629040e+07 1.88200503e+00
4.10000000e+07 1.88058070e+00
4.10936100e+07 1.87960140e+00
4.11255200e+07 1.87923140e+00
4.14394060e+07 1.87571468e+00
4.14394060e+07 1.87571468e+00
4.17057271e+07 1.87273087e+00
4.20000000e+07 1.86943390e+00
4.20052300e+07 1.86937100e+00
4.20240414e+07 1.86915166e+00
4.25978482e+07 1.86246097e+00
4.26169250e+07 1.86223853e+00
4.26169250e+07 1.86223853e+00
4.30000000e+07 1.85777180e+00
4.32181731e+07 1.85509813e+00
4.36066526e+07 1.85033739e+00
4.38279038e+07 1.84762600e+00
4.40000000e+07 1.84551700e+00
4.40057500e+07 1.84545810e+00
4.44462366e+07 1.83994787e+00
4.46265919e+07 1.83769173e+00
4.48035100e+07 1.83547860e+00
4.50000000e+07 1.83301000e+00
4.50732930e+07 1.83204674e+00
4.50815900e+07 1.83193770e+00
4.53581100e+07 1.82840040e+00
4.57091960e+07 1.82387323e+00
4.57091960e+07 1.82387323e+00
4.57324400e+07 1.82357350e+00
4.60000000e+07 1.82015320e+00
4.60621100e+07 1.81929280e+00
4.63540705e+07 1.81550227e+00
4.65449100e+07 1.81302460e+00
4.67752200e+07 1.80993910e+00
4.70000000e+07 1.80693470e+00
4.70080430e+07 1.80682550e+00
4.76630854e+07 1.79793166e+00
4.76712419e+07 1.79782092e+00
4.76712419e+07 1.79782092e+00
4.80000000e+07 1.79335720e+00
4.83437973e+07 1.78853125e+00
4.86771936e+07 1.78385130e+00
4.90000000e+07 1.77932000e+00
4.90258412e+07 1.77895392e+00
4.95280200e+07 1.77183980e+00
4.97175076e+07 1.76910183e+00
5.00000000e+07 1.76502000e+00
5.04189321e+07 1.75885518e+00
5.04189322e+07 1.75885518e+00
5.07054100e+07 1.75463949e+00
5.08319900e+07 1.75277680e+00
5.10000000e+07 1.75025360e+00
5.11302525e+07 1.74827140e+00
5.17138800e+07 1.73938970e+00
5.18516084e+07 1.73730871e+00
5.19291700e+07 1.73613680e+00
5.20000000e+07 1.73499050e+00
5.25831412e+07 1.72581489e+00
5.27336264e+07 1.72344704e+00
5.30000000e+07 1.71925570e+00
5.33249947e+07 1.71397152e+00
5.33249947e+07 1.71397151e+00
5.37477346e+07 1.70709806e+00
5.40000000e+07 1.70299640e+00
5.40773144e+07 1.70168717e+00
5.47618428e+07 1.69009549e+00
5.48247400e+07 1.68903040e+00
5.48402480e+07 1.68876048e+00
5.50000000e+07 1.68598000e+00
5.56139451e+07 1.67540296e+00
5.57169900e+07 1.67362770e+00
5.60000000e+07 1.66879420e+00
5.63985578e+07 1.66192293e+00
5.66163800e+07 1.65816760e+00
5.70000000e+07 1.65149770e+00
5.71942399e+07 1.64817245e+00
5.78041674e+07 1.63773091e+00
5.80000000e+07 1.63437840e+00
5.80011477e+07 1.63435871e+00
5.88182756e+07 1.62034276e+00
5.88194395e+07 1.62032280e+00
5.90000000e+07 1.61722570e+00
5.96492759e+07 1.60606094e+00
5.98323838e+07 1.60291227e+00
6.00000000e+07 1.60003000e+00
6.04908198e+07 1.59164678e+00
6.06696300e+07 1.58859270e+00
6.10000000e+07 1.58300250e+00
6.13442364e+07 1.57723616e+00
6.13442364e+07 1.57723616e+00
6.18606002e+07 1.56858650e+00
6.20000000e+07 1.56625140e+00
6.22087900e+07 1.56278110e+00
6.22096932e+07 1.56276636e+00
6.30000000e+07 1.54986440e+00
6.30873600e+07 1.54845494e+00
6.30873600e+07 1.54845494e+00
6.38888166e+07 1.53552432e+00
6.39774091e+07 1.53409498e+00
6.40000000e+07 1.53373050e+00
6.48800151e+07 1.51988742e+00
6.49029248e+07 1.51952704e+00
6.50000000e+07 1.51800000e+00
6.53070100e+07 1.51323940e+00
6.57953554e+07 1.50579467e+00
6.60000000e+07 1.50267490e+00
6.67236094e+07 1.49183386e+00
6.69311412e+07 1.48872464e+00
6.70000000e+07 1.48769300e+00
6.76649594e+07 1.47775232e+00
6.79452494e+07 1.47356218e+00
6.80000000e+07 1.47274370e+00
6.86195902e+07 1.46335232e+00
6.89593576e+07 1.45820233e+00
6.90000000e+07 1.45758630e+00
6.95876891e+07 1.44842640e+00
6.99734658e+07 1.44241357e+00
7.00000000e+07 1.44200000e+00
7.05694462e+07 1.43286449e+00
7.09875740e+07 1.42615655e+00
7.10000000e+07 1.42595720e+00
7.15650540e+07 1.41679044e+00
7.16192700e+07 1.41591090e+00
7.20000000e+07 1.40971770e+00
7.25747081e+07 1.40040731e+00
7.30000000e+07 1.39351750e+00
7.35986066e+07 1.38396691e+00
7.40000000e+07 1.37756280e+00
7.46369505e+07 1.36765007e+00
7.50000000e+07 1.36200000e+00
7.56899435e+07 1.35157489e+00
7.56899435e+07 1.35157488e+00
7.60000000e+07 1.34688990e+00
7.67577923e+07 1.33569344e+00
7.70000000e+07 1.33211480e+00
7.78407066e+07 1.31989841e+00
7.80000000e+07 1.31758370e+00
7.89388989e+07 1.30411247e+00
7.90000000e+07 1.30323580e+00
8.00000000e+07 1.28900000e+00
8.00525847e+07 1.28823718e+00
8.10000000e+07 1.27449340e+00
8.11819825e+07 1.27179294e+00
8.11819825e+07 1.27179294e+00
8.20000000e+07 1.25965430e+00
8.23273142e+07 1.25482291e+00
8.30000000e+07 1.24489360e+00
8.34888044e+07 1.23789309e+00
8.34888044e+07 1.23789309e+00
8.40000000e+07 1.23057190e+00
8.46666812e+07 1.22152377e+00
8.50000000e+07 1.21700000e+00
8.58611756e+07 1.20614307e+00
8.60000000e+07 1.20439290e+00
8.70000000e+07 1.19245670e+00
8.70725223e+07 1.19161203e+00
8.80000000e+07 1.18080970e+00
8.83009588e+07 1.17728580e+00
8.90000000e+07 1.16910080e+00
8.95467264e+07 1.16248497e+00
9.00000000e+07 1.15700000e+00
9.08100695e+07 1.14705194e+00
9.10000000e+07 1.14471950e+00
9.20000000e+07 1.13266640e+00
9.20912362e+07 1.13158819e+00
9.30000000e+07 1.12084860e+00
9.33904777e+07 1.11633667e+00
9.40000000e+07 1.10929370e+00
9.47080493e+07 1.10129720e+00
9.50000000e+07 1.09800000e+00
9.60000000e+07 1.08693870e+00
9.60442094e+07 1.08645877e+00
9.70000000e+07 1.07608290e+00
9.73992203e+07 1.07184174e+00
9.80000000e+07 1.06545930e+00
9.87733480e+07 1.05744448e+00
9.90000000e+07 1.05509550e+00
1.00000000e+08 1.04500000e+00
1.00166862e+08 1.04338441e+00
1.01410820e+08 1.03134016e+00
1.01580036e+08 1.02970177e+00
1.02000000e+08 1.02563560e+00
1.03013148e+08 1.01629554e+00
1.03439036e+08 1.01236934e+00
1.04000000e+08 1.00719790e+00
1.04466478e+08 1.00307792e+00
1.05467253e+08 9.94238977e-01
1.05940312e+08 9.90060872e-01
1.06000000e+08 9.89533700e-01
1.07434939e+08 9.77314765e-01
1.07495469e+08 9.76799331e-01
1.08000000e+08 9.72503100e-01
1.08950652e+08 9.64658744e-01
1.09523686e+08 9.59930333e-01
1.10000000e+08 9.56000000e-01
1.10487750e+08 9.52093268e-01
1.11551902e+08 9.43569730e-01
1.12000000e+08 9.39980600e-01
1.12046533e+08 9.39619916e-01
1.13580118e+08 9.27732944e-01
1.13627308e+08 9.27367171e-01
1.14000000e+08 9.24478400e-01
1.15230385e+08 9.15250082e-01
1.15608335e+08 9.12415326e-01
1.16000000e+08 9.09477700e-01
1.16856078e+08 9.03278623e-01
1.17636551e+08 8.97627024e-01
1.18000000e+08 8.94995200e-01
1.18504707e+08 8.91463461e-01
1.18504707e+08 8.91463460e-01
1.19664768e+08 8.83345822e-01
1.20000000e+08 8.81000000e-01
1.20176595e+08 8.79815010e-01
1.21692984e+08 8.69639739e-01
1.21872071e+08 8.68438030e-01
1.22000000e+08 8.67579600e-01
1.23591466e+08 8.57364774e-01
1.23591466e+08 8.57364773e-01
1.23721200e+08 8.56532076e-01
1.24000000e+08 8.54742600e-01
1.25335120e+08 8.46512990e-01
1.25749417e+08 8.43959283e-01
1.26000000e+08 8.42414700e-01
1.27103372e+08 8.35855813e-01
1.27777633e+08 8.31847737e-01
1.28000000e+08 8.30525900e-01
1.28896572e+08 8.25358999e-01
1.29805850e+08 8.20118879e-01
1.30000000e+08 8.19000000e-01
1.30715071e+08 8.15030999e-01
1.30715071e+08 8.15030999e-01
1.31834066e+08 8.08820016e-01
1.32000000e+08 8.07899000e-01
1.32559225e+08 8.04931695e-01
1.33862282e+08 7.98017543e-01
1.34000000e+08 7.97286800e-01
1.34429397e+08 7.95104453e-01
1.35890499e+08 7.87678623e-01
1.36000000e+08 7.87122100e-01
1.36325954e+08 7.85533318e-01
1.37918715e+08 7.77769803e-01
1.38000000e+08 7.77373600e-01
1.38249268e+08 7.76205331e-01
1.39946932e+08 7.68248721e-01
1.40000000e+08 7.68000000e-01
1.40199716e+08 7.67110684e-01
1.41975148e+08 7.59204864e-01
1.42000000e+08 7.59094200e-01
1.42177682e+08 7.58349180e-01
1.42177682e+08 7.58349180e-01
1.44000000e+08 7.50708200e-01
1.44183553e+08 7.49980164e-01
1.46000000e+08 7.42775500e-01
1.46217724e+08 7.41953082e-01
1.48000000e+08 7.35220800e-01
1.48280592e+08 7.34207750e-01
1.50000000e+08 7.28000000e-01
