5283
1.00000000e-05 4.13912673e+01
1.10303700e-05 3.94142842e+01
1.21669100e-05 3.75320834e+01
1.34205500e-05 3.57401387e+01
1.48033600e-05 3.40341407e+01
1.63286500e-05 3.24099870e+01
1.80111100e-05 3.08637717e+01
1.98669100e-05 2.93917764e+01
2.19139400e-05 2.79904613e+01
2.41718900e-05 2.66564564e+01
2.66624800e-05 2.53865536e+01
2.94097100e-05 2.41776990e+01
3.24399900e-05 2.30269854e+01
3.57825100e-05 2.19316455e+01
3.94694300e-05 2.08890451e+01
4.35362400e-05 1.98966766e+01
4.80220800e-05 1.89521535e+01
5.29701300e-05 1.80532042e+01
5.84280100e-05 1.71976664e+01
6.44482500e-05 1.63834826e+01
7.10888100e-05 1.56086942e+01
7.84135800e-05 1.48714377e+01
8.64930800e-05 1.41699396e+01
9.54050600e-05 1.35025121e+01
1.05235300e-04 1.28675497e+01
1.16078400e-04 1.22635244e+01
1.28038800e-04 1.16889827e+01
1.41231500e-04 1.11425417e+01
1.55783600e-04 1.06228861e+01
1.71835100e-04 1.01287647e+01
1.89540400e-04 9.65898727e+00
2.09070100e-04 9.21242215e+00
2.30612000e-04 8.78799302e+00
2.54373600e-04 8.38467639e+00
2.80583500e-04 8.00149931e+00
3.11677100e-04 7.61216249e+00
3.46199500e-04 7.24398049e+00
3.84564600e-04 6.89558627e+00
4.27160300e-04 6.56633674e+00
4.74497300e-04 6.25500660e+00
5.27054200e-04 5.96101796e+00
5.85461300e-04 5.68327299e+00
6.50309000e-04 5.42125180e+00
7.22374800e-04 5.17397093e+00
8.02387500e-04 4.94096177e+00
8.91306400e-04 4.72134313e+00
9.90030500e-04 4.51469119e+00
1.09974360e-03 4.32021573e+00
1.22155490e-03 4.13753149e+00
1.35692500e-03 3.96592848e+00
1.51785470e-03 3.79465677e+00
1.69787050e-03 3.63491049e+00
1.89923590e-03 3.48612477e+00
2.12448300e-03 3.34776024e+00
2.37644420e-03 3.21930041e+00
2.65828770e-03 3.10024893e+00
2.99438630e-03 2.98355385e+00
3.37314480e-03 2.87633932e+00
3.79962580e-03 2.77815580e+00
4.31022040e-03 2.68339011e+00
4.88942880e-03 2.59750768e+00
5.58559670e-03 2.51582074e+00
6.38057350e-03 2.44271317e+00
7.34011160e-03 2.37424316e+00
8.50351360e-03 2.31090021e+00
9.92031920e-03 2.25303693e+00
1.17364616e-02 2.19871696e+00
1.39823512e-02 2.15069019e+00
1.68938578e-02 2.10723106e+00
2.08445849e-02 2.06759547e+00
2.52418800e-02 2.03809206e+00
2.53000000e-02 2.03777111e+00
3.25565083e-02 2.00674044e+00
4.33886872e-02 1.97973314e+00
6.07294819e-02 1.95649276e+00
8.99000264e-02 1.93730345e+00
1.35905130e-01 1.92478063e+00
3.21684851e-01 1.90694209e+00
4.80506680e+00 1.89664465e+00
2.14581834e+04 1.62735227e+00
2.76886890e+04 1.53643380e+00
3.17254207e+04 1.47183132e+00
3.17513220e+04 1.47439640e+00
3.18353134e+04 1.46828909e+00
3.60198394e+04 1.38094126e+00
3.89560978e+04 1.30766773e+00
4.10596779e+04 1.24476895e+00
4.26676935e+04 1.18880879e+00
4.34765876e+04 1.15678306e+00
4.43361367e+04 1.11970655e+00
4.54798349e+04 1.06304777e+00
4.64139815e+04 1.00931494e+00
4.71924369e+04 9.58259180e-01
4.78279672e+04 9.10905639e-01
4.84742797e+04 8.57076716e-01
4.90282619e+04 8.04911110e-01
4.94938870e+04 7.56112936e-01
4.98671819e+04 7.13044694e-01
5.02404767e+04 6.65990086e-01
5.06137715e+04 6.14440167e-01
5.08936682e+04 5.72465678e-01
5.11735649e+04 5.27313816e-01
5.14534616e+04 4.78744951e-01
5.16633842e+04 4.39833244e-01
5.19152598e+04 3.90364226e-01
5.20640882e+04 3.59788943e-01
5.23286721e+04 3.02413150e-01
5.25954442e+04 2.41586262e-01
5.31243617e+04 1.17176467e-01
5.32180497e+04 9.58253830e-02
5.32987055e+04 7.80689700e-02
5.33634223e+04 6.44450590e-02
5.34123439e+04 5.46015560e-02
5.34527102e+04 4.68306450e-02
5.34883032e+04 4.02978890e-02
5.35202129e+04 3.47245720e-02
5.35468044e+04 3.02949950e-02
5.35727074e+04 2.61892990e-02
5.35912268e+04 2.34003930e-02
5.36097462e+04 2.07392990e-02
5.36282656e+04 1.82082290e-02
5.36455709e+04 1.59702070e-02
5.36592341e+04 1.42954990e-02
5.36728973e+04 1.27055890e-02
5.36865605e+04 1.12028260e-02
5.36992585e+04 9.88844700e-03
5.37090611e+04 8.93105200e-03
5.37188637e+04 8.02496700e-03
5.37286663e+04 7.17106100e-03
5.37382202e+04 6.39029300e-03
5.37470278e+04 5.71699600e-03
5.37536335e+04 5.24229300e-03
5.37602392e+04 4.79420800e-03
5.37668449e+04 4.37323100e-03
5.37731442e+04 3.99751600e-03
5.37788307e+04 3.68036300e-03
5.37845171e+04 3.38447000e-03
5.37902035e+04 3.11017400e-03
5.37958900e+04 2.85782900e-03
5.38015764e+04 2.62783900e-03
5.38057671e+04 2.47290800e-03
5.38099577e+04 2.33052400e-03
5.38141484e+04 2.20084200e-03
5.38183390e+04 2.08401400e-03
5.38225296e+04 1.98019100e-03
5.38267203e+04 1.88953600e-03
5.38309109e+04 1.81222000e-03
5.38351016e+04 1.74841900e-03
5.38383657e+04 1.70820200e-03
5.38416298e+04 1.67637500e-03
5.38448939e+04 1.65302400e-03
5.38481580e+04 1.63823300e-03
5.38514221e+04 1.63209200e-03
5.38525101e+04 1.63198300e-03
5.38556473e+04 1.63713400e-03
5.38587846e+04 1.65046700e-03
5.38619218e+04 1.67206100e-03
5.38650590e+04 1.70199300e-03
5.38681963e+04 1.74034000e-03
5.38713335e+04 1.78717500e-03
5.38744707e+04 1.84257400e-03
5.38776080e+04 1.90661400e-03
5.38817909e+04 2.00559000e-03
5.38859739e+04 2.12029800e-03
5.38893228e+04 2.22362600e-03
5.38926717e+04 2.33730000e-03
5.38960206e+04 2.46143200e-03
5.38993694e+04 2.59612200e-03
5.39027183e+04 2.74146200e-03
5.39077417e+04 2.97963300e-03
5.39127650e+04 3.24228300e-03
5.39181235e+04 3.54987000e-03
5.39234820e+04 3.88626700e-03
5.39288405e+04 4.25202700e-03
5.39341990e+04 4.64768000e-03
5.39395575e+04 5.07372800e-03
5.39447538e+04 5.51636200e-03
5.39498688e+04 5.98089400e-03
5.39549839e+04 6.47446900e-03
5.39618040e+04 7.17855000e-03
5.39686241e+04 7.93614100e-03
5.39746412e+04 8.64978100e-03
5.39806583e+04 9.40663200e-03
5.39866754e+04 1.02075700e-02
5.39946981e+04 1.13457030e-02
5.40031830e+04 1.26388280e-02
5.40105863e+04 1.38439050e-02
5.40179895e+04 1.51221370e-02
5.40253928e+04 1.64753190e-02
5.40352638e+04 1.83995910e-02
5.40453412e+04 2.05093040e-02
5.40556248e+04 2.28169060e-02
5.40659084e+04 2.52862970e-02
5.40761920e+04 2.79241040e-02
5.40872250e+04 3.09472540e-02
5.40990072e+04 3.44023920e-02
5.41107895e+04 3.81012140e-02
5.41225717e+04 4.20536860e-02
5.41358752e+04 4.68324540e-02
5.41469938e+04 5.10932940e-02
5.41581123e+04 5.56068900e-02
5.41692308e+04 6.03822040e-02
5.41840555e+04 6.71726770e-02
5.41961769e+04 7.31002760e-02
5.42087997e+04 7.96482720e-02
5.42214225e+04 8.65939240e-02
5.42340453e+04 9.39560370e-02
5.42508757e+04 1.04439419e-01
5.42642107e+04 1.13299228e-01
5.42779018e+04 1.22953695e-01
5.42915928e+04 1.33196583e-01
5.43052839e+04 1.44067265e-01
5.43235386e+04 1.59581325e-01
5.43423699e+04 1.76820678e-01
5.43613933e+04 1.95617866e-01
5.43804167e+04 2.15914172e-01
5.43994401e+04 2.37796841e-01
5.44134736e+04 2.55011294e-01
5.44320287e+04 2.79240534e-01
5.44505838e+04 3.05228311e-01
5.44691389e+04 3.33213085e-01
5.44883383e+04 3.64291409e-01
5.45081821e+04 3.98866876e-01
5.45280259e+04 4.36126797e-01
5.45478697e+04 4.76268572e-01
5.45677135e+04 5.19505937e-01
5.45875573e+04 5.66070619e-01
5.46074011e+04 6.16213954e-01
5.46272449e+04 6.70208326e-01
5.46469682e+04 7.27980591e-01
5.46665710e+04 7.89771349e-01
5.46861738e+04 8.56255736e-01
5.47057766e+04 9.27792895e-01
5.47253622e+04 1.00472490e+00
5.47449305e+04 1.08749215e+00
5.47644989e+04 1.17665264e+00
5.47840673e+04 1.27273663e+00
5.48039302e+04 1.37791065e+00
5.48240877e+04 1.49312340e+00
5.48442452e+04 1.61759693e+00
5.48644026e+04 1.75216865e+00
5.48844950e+04 1.89725851e+00
5.49045224e+04 2.05377036e+00
5.49245499e+04 2.22323397e+00
5.49445773e+04 2.40680641e+00
5.49645224e+04 2.60493274e+00
5.49843853e+04 2.81883922e+00
5.50042483e+04 3.05085802e+00
5.50241112e+04 3.30268397e+00
5.50439645e+04 3.57605842e+00
5.50638083e+04 3.87302138e+00
5.50836521e+04 4.19598448e+00
5.51034959e+04 4.54747123e+00
5.51233397e+04 4.93026547e+00
5.51431835e+04 5.34743757e+00
5.51630273e+04 5.80236825e+00
5.51828711e+04 6.29877558e+00
5.52027149e+04 6.84073879e+00
5.52225587e+04 7.43272096e+00
5.52424025e+04 8.07958548e+00
5.52622463e+04 8.78660813e+00
5.52820901e+04 9.55947476e+00
5.53019339e+04 1.04042644e+01
5.53217777e+04 1.13274063e+01
5.53416215e+04 1.23356098e+01
5.53614653e+04 1.34357445e+01
5.53813091e+04 1.46346712e+01
5.54011528e+04 1.59389941e+01
5.54209966e+04 1.73547313e+01
5.54408404e+04 1.88868776e+01
5.54606842e+04 2.05389022e+01
5.54805280e+04 2.23125005e+01
5.55003718e+04 2.42086881e+01
5.55266493e+04 2.69046963e+01
5.55593606e+04 3.04806335e+01
5.56411387e+04 3.97155257e+01
5.56632604e+04 4.20698373e+01
5.56853821e+04 4.42249380e+01
5.57075039e+04 4.60956460e+01
5.57296256e+04 4.76305484e+01
5.57469364e+04 4.85644954e+01
5.57642472e+04 4.92411940e+01
5.57815580e+04 4.96560640e+01
5.57988687e+04 4.98098457e+01
5.58176757e+04 4.96856835e+01
5.58364826e+04 4.92903449e+01
5.58552896e+04 4.86435451e+01
5.58740966e+04 4.77688243e+01
5.58998315e+04 4.62847401e+01
5.59255664e+04 4.45529721e+01
5.60671601e+04 3.39572729e+01
5.61040572e+04 3.14051800e+01
5.61406442e+04 2.90656476e+01
5.61589377e+04 2.79684626e+01
5.61966099e+04 2.58824915e+01
5.62342821e+04 2.40008941e+01
5.62605596e+04 2.28051464e+01
5.62999759e+04 2.11774852e+01
5.63393922e+04 1.97209130e+01
5.63782271e+04 1.84412261e+01
5.64170620e+04 1.72917949e+01
5.64429520e+04 1.65895818e+01
5.64826396e+04 1.56072690e+01
5.65223271e+04 1.47233519e+01
5.65620147e+04 1.39260798e+01
5.66017023e+04 1.32051969e+01
5.66413899e+04 1.25511142e+01
5.66810775e+04 1.19564878e+01
5.67306870e+04 1.12886129e+01
5.67802965e+04 1.06866631e+01
5.68398278e+04 1.00433359e+01
5.68993592e+04 9.47348204e+00
5.69588906e+04 8.96651347e+00
5.70184220e+04 8.51328073e+00
5.70779534e+04 8.10622490e+00
5.71374847e+04 7.73938827e+00
5.72069380e+04 7.35607387e+00
5.72763913e+04 7.01130793e+00
5.73557665e+04 6.65951388e+00
5.74351416e+04 6.34589540e+00
5.75145168e+04 6.06500128e+00
5.75938920e+04 5.81289376e+00
5.77129547e+04 5.47859083e+00
5.78278834e+04 5.19697693e+00
5.79180073e+04 5.00039247e+00
5.80337627e+04 4.77501656e+00
5.81660547e+04 4.54740694e+00
5.82983466e+04 4.34680198e+00
5.84306386e+04 4.16895297e+00
5.85629306e+04 4.01059071e+00
5.87613685e+04 3.80263728e+00
5.89598064e+04 3.62350176e+00
5.91582444e+04 3.46799111e+00
5.93836300e+04 3.31447999e+00
5.96212662e+04 3.17430253e+00
5.98886820e+04 3.03804352e+00
6.02039709e+04 2.90007378e+00
6.04742186e+04 2.79795230e+00
6.08345488e+04 2.68015060e+00
6.12713582e+04 2.55925707e+00
6.17281020e+04 2.45302196e+00
6.21848459e+04 2.36208424e+00
6.27329385e+04 2.26933121e+00
6.33773878e+04 2.17762469e+00
6.40835915e+04 2.09290888e+00
6.48428297e+04 2.01611644e+00
6.57576453e+04 1.93840700e+00
6.69299497e+04 1.85502551e+00
6.76422281e+04 1.81611695e+00
6.76736430e+04 1.82097614e+00
6.76867326e+04 1.83215671e+00
6.76945863e+04 1.85008344e+00
6.76998221e+04 1.87063711e+00
6.77050579e+04 1.90082351e+00
6.77102937e+04 1.94314018e+00
6.77142206e+04 1.98437816e+00
6.77181474e+04 2.03506277e+00
6.77220743e+04 2.09662030e+00
6.77260011e+04 2.17095164e+00
6.77294840e+04 2.24968206e+00
6.77329668e+04 2.34304014e+00
6.77355789e+04 2.42455614e+00
6.77381910e+04 2.51767396e+00
6.77408031e+04 2.62413328e+00
6.77434152e+04 2.74573615e+00
6.77460273e+04 2.88421377e+00
6.77486394e+04 3.04106261e+00
6.77512515e+04 3.21734267e+00
6.77538636e+04 3.41346735e+00
6.77564674e+04 3.62827034e+00
6.77590711e+04 3.86086075e+00
6.77629768e+04 4.23692323e+00
6.77707880e+04 5.02697839e+00
6.77746936e+04 5.39566044e+00
6.77775101e+04 5.63016656e+00
6.77803266e+04 5.82705803e+00
6.77831431e+04 5.97731091e+00
6.77850207e+04 6.04783907e+00
6.77868984e+04 6.09265610e+00
6.77890107e+04 6.11092325e+00
6.77912164e+04 6.09284287e+00
6.77934687e+04 6.03535155e+00
6.77957211e+04 5.93970948e+00
6.77979734e+04 5.80831668e+00
6.78002258e+04 5.64457153e+00
6.78017273e+04 5.51949574e+00
6.78047305e+04 5.23758977e+00
6.78077336e+04 4.92378061e+00
6.78170331e+04 3.88676219e+00
6.78203263e+04 3.54066702e+00
6.78227963e+04 3.29966584e+00
6.78252662e+04 3.07787885e+00
6.78275583e+04 2.89087091e+00
6.78294948e+04 2.74757198e+00
6.78314312e+04 2.61783017e+00
6.78333677e+04 2.50144295e+00
6.78353042e+04 2.39797055e+00
6.78372406e+04 2.30678314e+00
6.78391771e+04 2.22710474e+00
6.78411135e+04 2.15806162e+00
6.78436955e+04 2.08092353e+00
6.78462774e+04 2.01874745e+00
6.78493104e+04 1.96180086e+00
6.78510525e+04 1.93570319e+00
6.78545365e+04 1.89519958e+00
6.78580206e+04 1.86690977e+00
6.78632467e+04 1.84023633e+00
6.78684728e+04 1.82540530e+00
6.78754410e+04 1.81535915e+00
6.78963454e+04 1.80598230e+00
6.79590586e+04 1.79774482e+00
6.82935294e+04 1.77538750e+00
6.97695328e+04 1.70275818e+00
7.21282024e+04 1.60747797e+00
7.44230559e+04 1.53022912e+00
7.70990000e+04 1.45231454e+00
8.22633079e+04 1.32340508e+00
8.68413137e+04 1.21824068e+00
8.68880350e+04 1.21737864e+00
8.69070075e+04 1.21968819e+00
8.69169336e+04 1.22724943e+00
8.69224800e+04 1.23676862e+00
8.69280265e+04 1.25292362e+00
8.69321863e+04 1.27124465e+00
8.69363461e+04 1.29657088e+00
8.69405060e+04 1.33050552e+00
8.69446658e+04 1.37455212e+00
8.69488256e+04 1.42988356e+00
8.69529854e+04 1.49707013e+00
8.69574881e+04 1.58277132e+00
8.69626763e+04 1.69575031e+00
8.69747822e+04 1.98187330e+00
8.69782410e+04 2.05636227e+00
8.69816999e+04 2.12151895e+00
8.69847642e+04 2.16890361e+00
8.69874341e+04 2.20071353e+00
8.69901040e+04 2.22265477e+00
8.69927738e+04 2.23403752e+00
8.69941088e+04 2.23564457e+00
8.69973581e+04 2.22810750e+00
8.70006074e+04 2.20474000e+00
8.70038568e+04 2.16666868e+00
8.70071061e+04 2.11567396e+00
8.70114386e+04 2.03159853e+00
8.70157710e+04 1.93497585e+00
8.70266021e+04 1.68075181e+00
8.70316015e+04 1.57481706e+00
8.70358513e+04 1.49614642e+00
8.70401011e+04 1.42943442e+00
8.70443509e+04 1.37487069e+00
8.70486007e+04 1.33174506e+00
8.70528505e+04 1.29875093e+00
8.70571002e+04 1.27427506e+00
8.70613500e+04 1.25663583e+00
8.70655998e+04 1.24425555e+00
8.70712662e+04 1.23359641e+00
8.70809179e+04 1.22456274e+00
8.71013734e+04 1.21890654e+00
8.71831953e+04 1.21360563e+00
1.02387176e+05 8.82692800e-01
1.05296553e+05 8.19028275e-01
1.11888564e+05 6.69227388e-01
1.17911013e+05 5.27234019e-01
1.28833443e+05 2.64515886e-01
1.29986045e+05 2.37398618e-01
1.31819914e+05 1.95670785e-01
1.33247022e+05 1.64393797e-01
1.34452224e+05 1.39054970e-01
1.35411334e+05 1.19774578e-01
1.36370444e+05 1.01453169e-01
1.36849999e+05 9.26197560e-02
1.37583343e+05 7.97256870e-02
1.38269716e+05 6.83463990e-02
1.38811589e+05 5.98756930e-02
1.39461837e+05 5.02777690e-02
1.39946666e+05 4.36751170e-02
1.40198448e+05 4.03944740e-02
1.40534158e+05 3.62573060e-02
1.40869867e+05 3.23394870e-02
1.41093674e+05 2.98702440e-02
1.41317480e+05 2.75184030e-02
1.41541286e+05 2.52858340e-02
1.41801136e+05 2.28501840e-02
1.41974369e+05 2.13165690e-02
1.42147602e+05 1.98621230e-02
1.42320835e+05 1.84880320e-02
1.42559030e+05 1.67254580e-02
1.42753917e+05 1.54033690e-02
1.42927150e+05 1.43200490e-02
1.43061303e+05 1.35418680e-02
1.43195456e+05 1.28189910e-02
1.43329609e+05 1.21512380e-02
1.43463762e+05 1.15395310e-02
1.43597915e+05 1.09848980e-02
1.43732068e+05 1.04883810e-02
1.43866221e+05 1.00509600e-02
1.44000374e+05 9.67260300e-03
1.44104243e+05 9.42152000e-03
1.44208111e+05 9.20882800e-03
1.44311980e+05 9.03407200e-03
1.44415848e+05 8.89768600e-03
1.44519717e+05 8.80020100e-03
1.44623585e+05 8.74224200e-03
1.44727454e+05 8.72542600e-03
1.44865669e+05 8.76548700e-03
1.44992159e+05 8.86411300e-03
1.45112786e+05 9.01761500e-03
1.45233413e+05 9.22750000e-03
1.45345941e+05 9.47713500e-03
1.45458468e+05 9.77833800e-03
1.45583638e+05 1.01756680e-02
1.45723742e+05 1.06988380e-02
1.45848280e+05 1.12333090e-02
1.45972818e+05 1.18366020e-02
1.46117442e+05 1.26247280e-02
1.46262066e+05 1.35028400e-02
1.46384940e+05 1.43283070e-02
1.46507813e+05 1.52209720e-02
1.46657144e+05 1.64049390e-02
1.46795125e+05 1.75972260e-02
1.46933105e+05 1.88778890e-02
1.47067389e+05 2.02173450e-02
1.47253579e+05 2.22260850e-02
1.47590620e+05 2.62045560e-02
1.47606948e+05 2.64943110e-02
1.47617861e+05 2.67809240e-02
1.47628775e+05 2.71825760e-02
1.47639688e+05 2.77151860e-02
1.47666971e+05 2.93265700e-02
1.47677884e+05 2.98152740e-02
1.47686069e+05 3.00293490e-02
1.47694943e+05 3.01036660e-02
1.47705185e+05 3.00247950e-02
1.47737960e+05 2.93806720e-02
1.47754348e+05 2.91856040e-02
1.47763076e+05 2.91618320e-02
1.47777624e+05 2.92253340e-02
1.47824175e+05 2.97524450e-02
1.47940553e+05 3.13947720e-02
1.48086743e+05 3.36368020e-02
1.48262132e+05 3.65160080e-02
1.48431430e+05 3.94852030e-02
1.48588463e+05 4.23764140e-02
1.48773309e+05 4.59854400e-02
1.48932481e+05 4.92739200e-02
1.49091653e+05 5.27343290e-02
1.49297251e+05 5.74593680e-02
1.49564604e+05 6.40366080e-02
1.49830129e+05 7.10580340e-02
1.50033898e+05 7.68036380e-02
1.50291091e+05 8.45240740e-02
1.50548284e+05 9.27282990e-02
1.50796593e+05 1.01186100e-01
1.51099438e+05 1.12177148e-01
1.51316347e+05 1.20531175e-01
1.51605558e+05 1.32348215e-01
1.51913941e+05 1.45822336e-01
1.52222323e+05 1.60141993e-01
1.52427911e+05 1.70245232e-01
1.52742400e+05 1.86553633e-01
1.53019601e+05 2.01787855e-01
1.53289297e+05 2.17434831e-01
1.53558992e+05 2.33931800e-01
1.53928397e+05 2.57954647e-01
1.54227527e+05 2.78589757e-01
1.54603253e+05 3.06271215e-01
1.54978980e+05 3.35718033e-01
1.55342766e+05 3.66255410e-01
1.55682673e+05 3.96471035e-01
1.56135883e+05 4.39627866e-01
1.56506651e+05 4.77518903e-01
1.56980434e+05 5.29183531e-01
1.57330628e+05 5.70016748e-01
1.57680822e+05 6.13234898e-01
1.58173384e+05 6.78262024e-01
1.58600486e+05 7.38463852e-01
1.59016139e+05 8.01064365e-01
1.59431793e+05 8.67646591e-01
1.59781987e+05 9.27039447e-01
1.60280000e+05 1.01714705e+00
1.60657472e+05 1.08966195e+00
1.61308250e+05 1.22370868e+00
1.61783932e+05 1.32982338e+00
1.62233345e+05 1.43667882e+00
1.62758636e+05 1.57042088e+00
1.63283927e+05 1.71295355e+00
1.63809218e+05 1.86636583e+00
1.64334509e+05 2.02951756e+00
1.64859800e+05 2.20466496e+00
1.65465390e+05 2.41989774e+00
1.65895883e+05 2.58308525e+00
1.66610771e+05 2.87328791e+00
1.67311159e+05 3.18045554e+00
1.68011547e+05 3.51158899e+00
1.68536838e+05 3.77570032e+00
1.69237226e+05 4.15070618e+00
1.69937614e+05 4.55090941e+00
1.70638002e+05 4.97632466e+00
1.71414480e+05 5.47734999e+00
1.72038778e+05 5.89975219e+00
1.72739166e+05 6.39546207e+00
1.73789749e+05 7.17683343e+00
1.78064861e+05 1.05444495e+01
1.79437924e+05 1.15677472e+01
1.80682198e+05 1.24083487e+01
1.81790142e+05 1.30694934e+01
1.82843172e+05 1.36034433e+01
1.83886264e+05 1.40354187e+01
1.84782620e+05 1.43276201e+01
1.85435102e+05 1.44941756e+01
1.86396735e+05 1.46714048e+01
1.87447317e+05 1.47745714e+01
1.88271487e+05 1.48039595e+01
1.89435275e+05 1.47566919e+01
1.90599063e+05 1.46443600e+01
1.92350033e+05 1.43517313e+01
1.94101004e+05 1.39660069e+01
2.02505661e+05 1.17072577e+01
2.05657408e+05 1.09175474e+01
2.08809154e+05 1.02059567e+01
2.11960900e+05 9.57547941e+00
2.15112647e+05 9.01882914e+00
2.18147499e+05 8.54740180e+00
2.21416140e+05 8.09737376e+00
2.24918080e+05 7.67603966e+00
2.28770215e+05 7.27271077e+00
2.32823982e+05 6.90431619e+00
2.36810000e+05 6.58904709e+00
2.41027007e+05 6.29728385e+00
2.45929723e+05 6.00293195e+00
2.51532828e+05 5.71353407e+00
2.57135933e+05 5.46493204e+00
2.63439426e+05 5.22406994e+00
2.70443307e+05 4.99529385e+00
2.78128073e+05 4.78131200e+00
2.87252622e+05 4.56603346e+00
2.97042160e+05 4.37970869e+00
2.98669288e+05 4.35723980e+00
2.98693870e+05 4.38168827e+00
2.98710257e+05 4.41650044e+00
2.98726645e+05 4.47114302e+00
2.98775808e+05 4.70069384e+00
2.98788098e+05 4.73732721e+00
2.98800389e+05 4.75023934e+00
2.98812739e+05 4.73675075e+00
2.98825090e+05 4.69931384e+00
2.98874490e+05 4.46664489e+00
2.98890957e+05 4.41165334e+00
2.98907424e+05 4.37677685e+00
2.98932124e+05 4.35227218e+00
2.99063860e+05 4.34209234e+00
3.09208695e+05 4.16992342e+00
3.21853985e+05 3.99515463e+00
3.42775895e+05 3.76702507e+00
3.53779503e+05 3.66473191e+00
3.54160987e+05 3.67391840e+00
3.54288148e+05 3.69335829e+00
3.54321273e+05 3.71259101e+00
3.54337835e+05 3.73547870e+00
3.54354397e+05 3.78002617e+00
3.54366819e+05 3.83784598e+00
3.54375100e+05 3.89316112e+00
3.54383381e+05 3.96543940e+00
3.54391662e+05 4.05759827e+00
3.54399944e+05 4.17202885e+00
3.54408225e+05 4.31011881e+00
3.54416506e+05 4.47177219e+00
3.54425469e+05 4.67087593e+00
3.54439934e+05 5.03015298e+00
3.54454400e+05 5.40010741e+00
3.54464044e+05 5.62653630e+00
3.54473688e+05 5.81775862e+00
3.54480921e+05 5.92978177e+00
3.54488153e+05 6.01048712e+00
3.54495386e+05 6.05826124e+00
3.54502576e+05 6.07400173e+00
3.54513089e+05 6.04777277e+00
3.54528381e+05 5.94507029e+00
3.54539850e+05 5.86451416e+00
3.54547496e+05 5.83110456e+00
3.54551319e+05 5.82446743e+00
3.54558965e+05 5.83659783e+00
3.54567056e+05 5.89159576e+00
3.54575146e+05 5.99268423e+00
3.54583237e+05 6.13771064e+00
3.54591328e+05 6.31952273e+00
3.54615600e+05 6.95316539e+00
3.54623691e+05 7.13780835e+00
3.54629861e+05 7.25139742e+00
3.54636030e+05 7.33434454e+00
3.54643743e+05 7.38741920e+00
3.54646828e+05 7.39151875e+00
3.54652964e+05 7.36934527e+00
3.54659854e+05 7.29627677e+00
3.54666744e+05 7.17437305e+00
3.54673634e+05 7.00825606e+00
3.54680524e+05 6.80460622e+00
3.54689710e+05 6.48890451e+00
3.54717270e+05 5.43973710e+00
3.54726732e+05 5.10854480e+00
3.54734033e+05 4.87799527e+00
3.54741335e+05 4.67265925e+00
3.54748636e+05 4.49372309e+00
3.54755938e+05 4.34091031e+00
3.54763239e+05 4.21280077e+00
3.54770541e+05 4.10720016e+00
3.54780276e+05 3.99679827e+00
3.54790012e+05 3.91501328e+00
3.54799747e+05 3.85546815e+00
3.54811110e+05 3.80670243e+00
3.54822473e+05 3.77355428e+00
3.54845198e+05 3.73468233e+00
3.54879287e+05 3.70654291e+00
3.54936101e+05 3.68510833e+00
3.55072454e+05 3.66701692e+00
3.55163356e+05 3.65922412e+00
3.56568493e+05 3.63689528e+00
3.81656600e+05 3.44948165e+00
3.99417025e+05 3.33559577e+00
3.99497255e+05 3.34039209e+00
3.99539238e+05 3.35834249e+00
3.99602211e+05 3.40190974e+00
3.99623202e+05 3.40780511e+00
3.99663936e+05 3.39417408e+00
3.99731824e+05 3.35343160e+00
3.99813291e+05 3.33904555e+00
4.11689935e+05 3.26763593e+00
4.39141121e+05 3.12970592e+00
4.71760651e+05 2.99084260e+00
5.03143237e+05 2.88104238e+00
5.10216647e+05 2.86090524e+00
5.19141689e+05 2.84978779e+00
5.24634805e+05 2.86175870e+00
5.26786848e+05 2.87939650e+00
5.28190784e+05 2.90725065e+00
5.29002144e+05 2.93861777e+00
5.29623740e+05 2.98022941e+00
5.30034586e+05 3.02425392e+00
5.30308483e+05 3.06691432e+00
5.30582380e+05 3.12673921e+00
5.30778217e+05 3.18570369e+00
5.30974054e+05 3.26509565e+00
5.31109290e+05 3.33796962e+00
5.31244527e+05 3.43163287e+00
5.31388698e+05 3.56283372e+00
5.31475200e+05 3.66339044e+00
5.31539609e+05 3.75324010e+00
5.31604018e+05 3.85947351e+00
5.31668426e+05 3.98479582e+00
5.31732835e+05 4.13380935e+00
5.31792311e+05 4.29829277e+00
5.31836919e+05 4.44289765e+00
5.31881526e+05 4.61022312e+00
5.31926133e+05 4.80433178e+00
5.31970740e+05 5.03038408e+00
5.32001939e+05 5.21063424e+00
5.32033138e+05 5.41256332e+00
5.32064336e+05 5.64041666e+00
5.32095535e+05 5.89827629e+00
5.32126733e+05 6.19055212e+00
5.32157932e+05 6.52252688e+00
5.32189131e+05 6.90017808e+00
5.32220329e+05 7.33009051e+00
5.32244833e+05 7.70927628e+00
5.32269337e+05 8.12946883e+00
5.32293840e+05 8.59483416e+00
5.32318344e+05 9.10914656e+00
5.32342848e+05 9.67539948e+00
5.32367351e+05 1.02952821e+01
5.32391855e+05 1.09684909e+01
5.32416358e+05 1.16913984e+01
5.32454365e+05 1.28904746e+01
5.32517708e+05 1.49664841e+01
5.32543045e+05 1.57525718e+01
5.32568382e+05 1.64620982e+01
5.32587385e+05 1.69206553e+01
5.32606388e+05 1.72983602e+01
5.32624725e+05 1.75730285e+01
5.32641729e+05 1.77400496e+01
5.32658733e+05 1.78169600e+01
5.32664401e+05 1.78220113e+01
5.32679868e+05 1.77831435e+01
5.32695336e+05 1.76683877e+01
5.32718537e+05 1.73617698e+01
5.32741737e+05 1.69109451e+01
5.32764938e+05 1.63406564e+01
5.32788139e+05 1.56797115e+01
5.32819074e+05 1.47093494e+01
5.32896410e+05 1.21843478e+01
5.32923593e+05 1.13520643e+01
5.32947024e+05 1.06805059e+01
5.32970455e+05 1.00566122e+01
5.32993886e+05 9.48202028e+00
5.33017317e+05 8.95617276e+00
5.33040748e+05 8.47706594e+00
5.33064179e+05 8.04178449e+00
5.33087610e+05 7.64697869e+00
5.33114622e+05 7.23759124e+00
5.33145215e+05 6.82697519e+00
5.33175808e+05 6.46569554e+00
5.33206400e+05 6.14710252e+00
5.33236993e+05 5.86578902e+00
5.33267586e+05 5.61692334e+00
5.33298179e+05 5.39599953e+00
5.33328772e+05 5.19912775e+00
5.33373005e+05 4.95084056e+00
5.33416411e+05 4.74293360e+00
5.33459816e+05 4.56365895e+00
5.33503222e+05 4.40769661e+00
5.33546628e+05 4.27188880e+00
5.33594128e+05 4.14289420e+00
5.33649816e+05 4.01355631e+00
5.33724068e+05 3.86866326e+00
5.33798320e+05 3.74886304e+00
5.33872572e+05 3.64905829e+00
5.33961246e+05 3.55127373e+00
5.34094258e+05 3.43604927e+00
5.34227269e+05 3.34769399e+00
5.34392720e+05 3.26480989e+00
5.34558171e+05 3.20178074e+00
5.34786704e+05 3.13849680e+00
5.35060602e+05 3.08545358e+00
5.35471448e+05 3.03407851e+00
5.36001230e+05 2.99550011e+00
5.36684300e+05 2.96978863e+00
5.38209663e+05 2.95377680e+00
5.40170844e+05 2.96860958e+00
5.42132025e+05 3.00218008e+00
5.44093207e+05 3.05488846e+00
5.45836479e+05 3.12040356e+00
5.47361842e+05 3.19664316e+00
5.48669296e+05 3.28019478e+00
5.49758841e+05 3.36630583e+00
5.50848386e+05 3.47235593e+00
5.51937931e+05 3.60218226e+00
5.52809568e+05 3.72855399e+00
5.53651108e+05 3.87399895e+00
5.54334931e+05 4.01281687e+00
5.54988658e+05 4.16629708e+00
5.55642385e+05 4.34375143e+00
5.56296112e+05 4.54952751e+00
5.56949839e+05 4.78880124e+00
5.57603566e+05 5.06718325e+00
5.58039384e+05 5.27802713e+00
5.58475202e+05 5.51225494e+00
5.58911020e+05 5.77191620e+00
5.59343668e+05 6.05731930e+00
5.59779486e+05 6.37507538e+00
5.60218474e+05 6.72829278e+00
5.60654292e+05 7.11354502e+00
5.61090110e+05 7.53486150e+00
5.61634883e+05 8.11285639e+00
5.62179656e+05 8.73930100e+00
5.63922928e+05 1.08843257e+01
5.64358746e+05 1.13753608e+01
5.64822609e+05 1.18294769e+01
5.65160477e+05 1.21000163e+01
5.65539747e+05 1.23292893e+01
5.65843956e+05 1.24488927e+01
5.66283918e+05 1.25166548e+01
5.66574309e+05 1.24891520e+01
5.66864700e+05 1.24088757e+01
5.67191563e+05 1.22583222e+01
5.67518427e+05 1.20537072e+01
5.67954245e+05 1.17068341e+01
5.68390063e+05 1.12953563e+01
5.70351244e+05 9.21143312e+00
5.71004971e+05 8.55735577e+00
5.71658698e+05 7.96043520e+00
5.72312425e+05 7.42514843e+00
5.72966152e+05 6.94915080e+00
5.73619879e+05 6.52943569e+00
5.74273606e+05 6.16007266e+00
5.74927333e+05 5.83511820e+00
5.75581061e+05 5.54881941e+00
5.76234788e+05 5.29613404e+00
5.76888515e+05 5.07224812e+00
5.77542242e+05 4.87334663e+00
5.78429154e+05 4.63681050e+00
5.79285514e+05 4.43856906e+00
5.80243908e+05 4.24527461e+00
5.81246695e+05 4.06877798e+00
5.82554149e+05 3.86869681e+00
5.84124785e+05 3.66058469e+00
5.85203769e+05 3.53880957e+00
5.85709154e+05 3.49974311e+00
5.85908108e+05 3.49487813e+00
5.86100843e+05 3.50431500e+00
5.86293579e+05 3.53826240e+00
5.86384974e+05 3.57089467e+00
5.86476368e+05 3.62359253e+00
5.86537297e+05 3.67564318e+00
5.86599470e+05 3.75039589e+00
5.86646100e+05 3.82687540e+00
5.86692730e+05 3.92851920e+00
5.86723816e+05 4.01561659e+00
5.86754902e+05 4.12388081e+00
5.86785989e+05 4.25964929e+00
5.86808876e+05 4.38234438e+00
5.86831764e+05 4.52960746e+00
5.86854651e+05 4.70745128e+00
5.86871817e+05 4.86537392e+00
5.86888982e+05 5.04847072e+00
5.86906148e+05 5.26094041e+00
5.86923313e+05 5.50728175e+00
5.86940479e+05 5.79209389e+00
5.86957644e+05 6.11965363e+00
5.86969088e+05 6.36345134e+00
5.86983457e+05 6.69928694e+00
5.86997825e+05 7.06785239e+00
5.87019378e+05 7.67667926e+00
5.87048115e+05 8.56279105e+00
5.87076853e+05 9.46040855e+00
5.87094039e+05 9.95585631e+00
5.87109043e+05 1.03353901e+01
5.87124046e+05 1.06454458e+01
5.87139050e+05 1.08690289e+01
5.87149052e+05 1.09633916e+01
5.87159054e+05 1.10108615e+01
5.87164055e+05 1.10165531e+01
5.87177850e+05 1.09696646e+01
5.87191644e+05 1.08333949e+01
5.87205438e+05 1.06145936e+01
5.87219232e+05 1.03238079e+01
5.87233027e+05 9.97423850e+00
5.87246821e+05 9.58056178e+00
5.87274410e+05 8.72016144e+00
5.87301998e+05 7.84990202e+00
5.87319520e+05 7.32897361e+00
5.87336171e+05 6.87113771e+00
5.87352821e+05 6.45543927e+00
5.87369472e+05 6.08379218e+00
5.87386123e+05 5.75530653e+00
5.87402773e+05 5.46728416e+00
5.87419424e+05 5.21601932e+00
5.87436074e+05 4.99739017e+00
5.87452396e+05 4.81074047e+00
5.87468388e+05 4.65078372e+00
5.87492377e+05 4.44644068e+00
5.87516365e+05 4.27688674e+00
5.87540353e+05 4.13507881e+00
5.87564341e+05 4.01547383e+00
5.87588330e+05 3.91361771e+00
5.87620314e+05 3.79962922e+00
5.87652299e+05 3.70525808e+00
5.87700275e+05 3.59040392e+00
5.87746709e+05 3.50121293e+00
5.87793143e+05 3.42817162e+00
5.87855055e+05 3.34875627e+00
5.87947922e+05 3.25466374e+00
5.88096270e+05 3.13795710e+00
5.88244616e+05 3.04162160e+00
5.88674801e+05 2.78743721e+00
5.88844765e+05 2.67385282e+00
5.89014729e+05 2.54187706e+00
5.89132978e+05 2.43325478e+00
5.89251226e+05 2.30573222e+00
5.89322398e+05 2.21779127e+00
5.89393571e+05 2.11892449e+00
5.89464743e+05 2.00767146e+00
5.89535916e+05 1.88199141e+00
5.89597446e+05 1.76001517e+00
5.89658975e+05 1.62433470e+00
5.89720505e+05 1.47514026e+00
5.89802544e+05 1.26149844e+00
5.89864074e+05 1.10207927e+00
5.89888710e+05 1.04300809e+00
5.89913346e+05 9.90016694e-01
5.89929770e+05 9.59574206e-01
5.89946193e+05 9.34316932e-01
5.89962617e+05 9.15520639e-01
5.89974935e+05 9.06518444e-01
5.89988280e+05 9.02535542e-01
5.89989306e+05 9.02501988e-01
5.90001436e+05 9.05329166e-01
5.90013376e+05 9.14399769e-01
5.90025317e+05 9.30410187e-01
5.90034273e+05 9.47398888e-01
5.90043228e+05 9.68989294e-01
5.90052184e+05 9.95475536e-01
5.90061140e+05 1.02714110e+00
5.90070096e+05 1.06425618e+00
5.90079051e+05 1.10706967e+00
5.90088007e+05 1.15580654e+00
5.90099436e+05 1.22691023e+00
5.90107879e+05 1.28602614e+00
5.90116323e+05 1.35083639e+00
5.90124767e+05 1.42138571e+00
5.90137432e+05 1.53795901e+00
5.90150098e+05 1.66722663e+00
5.90163289e+05 1.81484933e+00
5.90177531e+05 1.98814988e+00
5.90191774e+05 2.17445731e+00
5.90210763e+05 2.43981900e+00
5.90234500e+05 2.79113445e+00
5.90281530e+05 3.50694416e+00
5.90305046e+05 3.85073722e+00
5.90328561e+05 4.17050423e+00
5.90349224e+05 4.42495341e+00
5.90369887e+05 4.65052451e+00
5.90390550e+05 4.84516769e+00
5.90411212e+05 5.00841310e+00
5.90431875e+05 5.14115973e+00
5.90452538e+05 5.24543089e+00
5.90480089e+05 5.34502963e+00
5.90507639e+05 5.40626201e+00
5.90535190e+05 5.43619774e+00
5.90548965e+05 5.44151899e+00
5.90591994e+05 5.42678364e+00
5.90635023e+05 5.37946406e+00
5.90721081e+05 5.24426504e+00
5.90893196e+05 4.94656222e+00
5.91014736e+05 4.76117719e+00
5.91136276e+05 4.60556240e+00
5.91273008e+05 4.46164681e+00
5.91473043e+05 4.29410674e+00
5.91662949e+05 4.17093756e+00
5.91864840e+05 4.06760045e+00
5.92066731e+05 3.98242136e+00
5.92308461e+05 3.89954157e+00
5.92713594e+05 3.79123281e+00
5.93118727e+05 3.70807098e+00
5.93644700e+05 3.62443195e+00
5.94341294e+05 3.53964368e+00
5.95242502e+05 3.45628210e+00
5.96513799e+05 3.36777585e+00
5.98204293e+05 3.27915334e+00
6.00741319e+05 3.17726688e+00
6.01639964e+05 3.15280506e+00
6.01869015e+05 3.16204919e+00
6.02006445e+05 3.18767307e+00
6.02082630e+05 3.22324614e+00
6.02128340e+05 3.26380089e+00
6.02158814e+05 3.30709326e+00
6.02181670e+05 3.35340705e+00
6.02204525e+05 3.41729438e+00
6.02227380e+05 3.50630201e+00
6.02242617e+05 3.58443858e+00
6.02258921e+05 3.68915977e+00
6.02271947e+05 3.79131979e+00
6.02284974e+05 3.91201037e+00
6.02298001e+05 4.05262531e+00
6.02311028e+05 4.21365282e+00
6.02328397e+05 4.45849776e+00
6.02345766e+05 4.73148857e+00
6.02380504e+05 5.30630599e+00
6.02396986e+05 5.55523196e+00
6.02408681e+05 5.70714788e+00
6.02420377e+05 5.83073176e+00
6.02432072e+05 5.92023227e+00
6.02443768e+05 5.97149084e+00
6.02451565e+05 5.98325879e+00
6.02461101e+05 5.97305970e+00
6.02470637e+05 5.93649766e+00
6.02484941e+05 5.83598089e+00
6.02499246e+05 5.68864115e+00
6.02508782e+05 5.56996960e+00
6.02527854e+05 5.30034977e+00
6.02565999e+05 4.73009099e+00
6.02585071e+05 4.47223779e+00
6.02599375e+05 4.30087490e+00
6.02613779e+05 4.14931838e+00
6.02628232e+05 4.01820208e+00
6.02642685e+05 3.90665879e+00
6.02661956e+05 3.78468551e+00
6.02681227e+05 3.68812850e+00
6.02700498e+05 3.61162014e+00
6.02729405e+05 3.52460841e+00
6.02758311e+05 3.46088055e+00
6.02796854e+05 3.39963563e+00
6.02854667e+05 3.33788011e+00
6.02912480e+05 3.29641435e+00
6.03012496e+05 3.25078848e+00
6.03179189e+05 3.20792711e+00
6.03360387e+05 3.17833065e+00
6.03541584e+05 3.15924206e+00
6.04092071e+05 3.12590173e+00
6.05515750e+05 3.07889976e+00
6.08567509e+05 3.01339018e+00
6.13291828e+05 2.93911634e+00
6.19916613e+05 2.86145291e+00
6.28253001e+05 2.78802341e+00
6.39426396e+05 2.71284432e+00
6.55600454e+05 2.62835905e+00
6.89427778e+05 2.49271014e+00
7.13830174e+05 2.40697621e+00
7.13912192e+05 2.41480886e+00
7.14021549e+05 2.44073998e+00
7.14048888e+05 2.44316454e+00
7.14206293e+05 2.41793168e+00
7.14521104e+05 2.41035561e+00
7.29189866e+05 2.36513489e+00
7.42307843e+05 2.34034242e+00
7.48586756e+05 2.33674967e+00
7.56507664e+05 2.34709597e+00
7.61943201e+05 2.36857684e+00
7.66612264e+05 2.40385277e+00
7.69627971e+05 2.44077407e+00
7.70613220e+05 2.46389745e+00
7.70979818e+05 2.48549112e+00
7.71196581e+05 2.51779617e+00
7.71268835e+05 2.54051850e+00
7.71333067e+05 2.57377926e+00
7.71381240e+05 2.61547676e+00
7.71413356e+05 2.66031338e+00
7.71437443e+05 2.71056071e+00
7.71453501e+05 2.75663272e+00
7.71469559e+05 2.81721941e+00
7.71485616e+05 2.89750950e+00
7.71497660e+05 2.97450357e+00
7.71509703e+05 3.06934200e+00
7.71521747e+05 3.18540058e+00
7.71530950e+05 3.29051570e+00
7.71541328e+05 3.42808047e+00
7.71551706e+05 3.58749300e+00
7.71562084e+05 3.76997885e+00
7.71572462e+05 3.97601617e+00
7.71582840e+05 4.20508899e+00
7.71593218e+05 4.45547815e+00
7.71608785e+05 4.86386067e+00
7.71644381e+05 5.84923750e+00
7.71659636e+05 6.23226330e+00
7.71669806e+05 6.45300999e+00
7.71679976e+05 6.63639007e+00
7.71690146e+05 6.77522219e+00
7.71698308e+05 6.85055168e+00
7.71706470e+05 6.89149795e+00
7.71711912e+05 6.89910209e+00
7.71721727e+05 6.87268515e+00
7.71731542e+05 6.79568220e+00
7.71741357e+05 6.67105365e+00
7.71751172e+05 6.50350918e+00
7.71760987e+05 6.29919484e+00
7.71770802e+05 6.06529588e+00
7.71783889e+05 5.72091206e+00
7.71816606e+05 4.81003642e+00
7.71831269e+05 4.42689166e+00
7.71841044e+05 4.19139844e+00
7.71850819e+05 3.97499307e+00
7.71860594e+05 3.77913029e+00
7.71870369e+05 3.60430928e+00
7.71880144e+05 3.45022239e+00
7.71889919e+05 3.31593394e+00
7.71901600e+05 3.17946472e+00
7.71911790e+05 3.07961936e+00
7.71921980e+05 2.99549144e+00
7.71935566e+05 2.90417409e+00
7.71949152e+05 2.83244172e+00
7.71962739e+05 2.77618000e+00
7.71983118e+05 2.71341551e+00
7.72003498e+05 2.66890763e+00
7.72030670e+05 2.62775445e+00
7.72057843e+05 2.59954336e+00
7.72112188e+05 2.56402255e+00
7.72194772e+05 2.53507377e+00
7.72359938e+05 2.51016622e+00
7.72442521e+05 2.50413408e+00
7.72804941e+05 2.49560751e+00
7.74663367e+05 2.52429219e+00
7.76521793e+05 2.56600655e+00
7.79153704e+05 2.64345576e+00
7.81323213e+05 2.72463461e+00
7.83399436e+05 2.82069209e+00
7.85180013e+05 2.92068659e+00
7.86960591e+05 3.04051059e+00
7.88444405e+05 3.15870231e+00
7.89928220e+05 3.29583902e+00
7.91412034e+05 3.45631543e+00
7.92895849e+05 3.64233255e+00
7.94082900e+05 3.81320338e+00
7.95269952e+05 4.00594936e+00
7.96457003e+05 4.22279557e+00
7.97644055e+05 4.46600624e+00
7.98831107e+05 4.73744153e+00
8.00018158e+05 5.03872944e+00
8.01205210e+05 5.37036668e+00
8.02392261e+05 5.73143330e+00
8.03579313e+05 6.11928051e+00
8.08327519e+05 7.78157924e+00
8.09514571e+05 8.16055594e+00
8.10703166e+05 8.49168462e+00
8.11842854e+05 8.74910383e+00
8.12840894e+05 8.91701073e+00
8.13656565e+05 9.00968246e+00
8.15135409e+05 9.07651222e+00
8.16182908e+05 9.04210296e+00
8.17230406e+05 8.95791703e+00
8.18120695e+05 8.84622134e+00
8.19307747e+05 8.64951607e+00
8.21088324e+05 8.28366930e+00
8.26726819e+05 6.97941087e+00
8.28804159e+05 6.53586079e+00
8.30881500e+05 6.13579418e+00
8.33033838e+05 5.76749581e+00
8.35001860e+05 5.47115194e+00
8.37113521e+05 5.19168170e+00
8.39339243e+05 4.93724644e+00
8.41100030e+05 4.76558012e+00
8.42471325e+05 4.66007230e+00
8.43300492e+05 4.62890094e+00
8.43616017e+05 4.63811294e+00
8.43931542e+05 4.67509366e+00
8.44098214e+05 4.71737898e+00
8.44264886e+05 4.78960644e+00
8.44371797e+05 4.86200678e+00
8.44478708e+05 4.96736455e+00
8.44549982e+05 5.06548876e+00
8.44607245e+05 5.16967785e+00
8.44664507e+05 5.30424565e+00
8.44721770e+05 5.47865482e+00
8.44759945e+05 5.62512161e+00
8.44798120e+05 5.80319909e+00
8.44836295e+05 6.01993657e+00
8.44871847e+05 6.26377457e+00
8.44904777e+05 6.53261367e+00
8.44937706e+05 6.84918261e+00
8.44970635e+05 7.21782931e+00
8.45003565e+05 7.63852150e+00
8.45036494e+05 8.10394811e+00
8.45118818e+05 9.33101555e+00
8.45148958e+05 9.72792698e+00
8.45171564e+05 9.97525831e+00
8.45194169e+05 1.01638224e+01
8.45216775e+05 1.02821590e+01
8.45239380e+05 1.03227073e+01
8.45257738e+05 1.02963972e+01
8.45276095e+05 1.02180992e+01
8.45294453e+05 1.00911732e+01
8.45321989e+05 9.82142723e+00
8.45349525e+05 9.47747640e+00
8.45386240e+05 8.94898850e+00
8.45441313e+05 8.11888879e+00
8.45478028e+05 7.59942376e+00
8.45505564e+05 7.24534788e+00
8.45533101e+05 6.92667768e+00
8.45563213e+05 6.61948755e+00
8.45593325e+05 6.35324907e+00
8.45623438e+05 6.12384867e+00
8.45653550e+05 5.92643375e+00
8.45693700e+05 5.70510317e+00
8.45733850e+05 5.52344371e+00
8.45773999e+05 5.37408262e+00
8.45834224e+05 5.19595749e+00
8.45894596e+05 5.05641406e+00
8.45934894e+05 4.97998099e+00
8.46015488e+05 4.85800761e+00
8.46096083e+05 4.76622633e+00
8.46229859e+05 4.65208066e+00
8.46389403e+05 4.56018576e+00
8.46602129e+05 4.47671695e+00
8.46857893e+05 4.40876301e+00
8.47113658e+05 4.35810009e+00
8.47727712e+05 4.27592180e+00
8.48739421e+05 4.18398189e+00
8.50566408e+05 4.05976762e+00
8.53322621e+05 3.90830720e+00
8.56860910e+05 3.74714996e+00
8.60656901e+05 3.60352471e+00
8.64930679e+05 3.46910741e+00
8.69652044e+05 3.34677471e+00
8.71448453e+05 3.31525475e+00
8.71822865e+05 3.32982647e+00
8.71947669e+05 3.35526775e+00
8.72001477e+05 3.38577106e+00
8.72028382e+05 3.41545134e+00
8.72055286e+05 3.46513543e+00
8.72075464e+05 3.52410009e+00
8.72088916e+05 3.57834372e+00
8.72102368e+05 3.64795578e+00
8.72115821e+05 3.73603827e+00
8.72129273e+05 3.84553981e+00
8.72142725e+05 3.97886037e+00
8.72156177e+05 4.13737793e+00
8.72169775e+05 4.32304690e+00
8.72183518e+05 4.53436194e+00
8.72204133e+05 4.88438846e+00
8.72231620e+05 5.36577105e+00
8.72245363e+05 5.58598418e+00
8.72259107e+05 5.77485496e+00
8.72269414e+05 5.88835343e+00
8.72279758e+05 5.97290470e+00
8.72290121e+05 6.02463418e+00
8.72300483e+05 6.04115656e+00
8.72312957e+05 6.01339306e+00
8.72325432e+05 5.93520381e+00
8.72337907e+05 5.81118797e+00
8.72350381e+05 5.64846941e+00
8.72367014e+05 5.38691438e+00
8.72408596e+05 4.65425034e+00
8.72425229e+05 4.38285438e+00
8.72439297e+05 4.17854156e+00
8.72450802e+05 4.03156907e+00
8.72462307e+05 3.90345130e+00
8.72473811e+05 3.79385058e+00
8.72485316e+05 3.70167377e+00
8.72502573e+05 3.59249832e+00
8.72519830e+05 3.51245694e+00
8.72537087e+05 3.45499245e+00
8.72560096e+05 3.40349495e+00
8.72594610e+05 3.35924833e+00
8.72642992e+05 3.32877612e+00
8.72719110e+05 3.30587087e+00
8.72922090e+05 3.28455760e+00
8.73023580e+05 3.27755807e+00
8.74786569e+05 3.23252227e+00
8.91957162e+05 2.92758119e+00
8.95859064e+05 2.84232321e+00
8.98696811e+05 2.76110868e+00
9.01037953e+05 2.67425688e+00
9.04088531e+05 2.53980542e+00
9.04727024e+05 2.51978838e+00
9.05152686e+05 2.51426199e+00
9.05525140e+05 2.51865953e+00
9.05897595e+05 2.53563320e+00
9.06216841e+05 2.56590849e+00
9.06518352e+05 2.61283050e+00
9.06695711e+05 2.65168870e+00
9.06873070e+05 2.70240710e+00
9.07050429e+05 2.76688256e+00
9.07227789e+05 2.84780001e+00
9.07382978e+05 2.93497439e+00
9.07538167e+05 3.04044600e+00
9.07687814e+05 3.16293765e+00
9.07837461e+05 3.30870730e+00
9.07985029e+05 3.47968476e+00
9.08083408e+05 3.60961737e+00
9.08181787e+05 3.75467968e+00
9.08281587e+05 3.91824359e+00
9.08382806e+05 4.10117299e+00
9.08484025e+05 4.30165849e+00
9.08635855e+05 4.63798774e+00
9.08744002e+05 4.90545539e+00
9.08906223e+05 5.34779904e+00
9.09124355e+05 5.99279476e+00
9.09515722e+05 7.20055669e+00
9.09667698e+05 7.63121121e+00
9.09819673e+05 8.00732013e+00
9.09911752e+05 8.20125852e+00
9.10049870e+05 8.43424582e+00
9.10187989e+05 8.59825581e+00
9.10312990e+05 8.68627521e+00
9.10437990e+05 8.72064014e+00
9.10544406e+05 8.70824358e+00
9.10704029e+05 8.63455130e+00
9.10863652e+05 8.51029885e+00
9.11129691e+05 8.22879648e+00
9.11927807e+05 7.23949997e+00
9.12282526e+05 6.84190071e+00
9.12637244e+05 6.49482762e+00
9.12991963e+05 6.19664430e+00
9.13311209e+05 5.96554907e+00
9.13630456e+05 5.76594405e+00
9.14056118e+05 5.53971339e+00
9.14481780e+05 5.35051350e+00
9.14907442e+05 5.19168385e+00
9.15333104e+05 5.05784115e+00
9.15971597e+05 4.89301514e+00
9.16610090e+05 4.76135554e+00
9.17248583e+05 4.65546061e+00
9.18099908e+05 4.54444633e+00
9.19164063e+05 4.44103846e+00
9.20441049e+05 4.35396566e+00
9.22019546e+05 4.28487816e+00
9.23793138e+05 4.24227126e+00
9.26114049e+05 4.22475387e+00
9.28855496e+05 4.24369057e+00
9.31596943e+05 4.29257787e+00
9.34981850e+05 4.38541636e+00
9.39326257e+05 4.54371909e+00
9.45272708e+05 4.80751593e+00
9.53188752e+05 5.17555624e+00
9.57150890e+05 5.33454225e+00
9.61078768e+05 5.45518846e+00
9.64586865e+05 5.52316773e+00
9.68430303e+05 5.55052959e+00
9.71891989e+05 5.53204041e+00
9.75353675e+05 5.47954122e+00
9.80103301e+05 5.35926636e+00
9.84852928e+05 5.20054730e+00
1.00226822e+06 4.54141724e+00
1.00977255e+06 4.28738627e+00
1.01498919e+06 4.13670290e+00
1.01641930e+06 4.11419948e+00
1.01688646e+06 4.12695494e+00
1.01716676e+06 4.16345265e+00
1.01730568e+06 4.21130932e+00
1.01737211e+06 4.25601541e+00
1.01742501e+06 4.31696809e+00
1.01745629e+06 4.37277400e+00
1.01748314e+06 4.44059610e+00
1.01750584e+06 4.51944430e+00
1.01752466e+06 4.60562312e+00
1.01754582e+06 4.73226239e+00
1.01756403e+06 4.87282791e+00
1.01758026e+06 5.02759352e+00
1.01759355e+06 5.17729030e+00
1.01760979e+06 5.39024075e+00
1.01762701e+06 5.65231950e+00
1.01764916e+06 6.03884943e+00
1.01770113e+06 7.04765340e+00
1.01771915e+06 7.36650356e+00
1.01773158e+06 7.55575280e+00
1.01774708e+06 7.74350476e+00
1.01775938e+06 7.84643765e+00
1.01777116e+06 7.90194112e+00
1.01778114e+06 7.91403605e+00
1.01779290e+06 7.88643624e+00
1.01780465e+06 7.81442039e+00
1.01781843e+06 7.67705783e+00
1.01783369e+06 7.46647138e+00
1.01784746e+06 7.23366183e+00
1.01787071e+06 6.78052734e+00
1.01790614e+06 6.05043994e+00
1.01792866e+06 5.62344607e+00
1.01794502e+06 5.34916628e+00
1.01796138e+06 5.11046720e+00
1.01797344e+06 4.95800598e+00
1.01798721e+06 4.80731846e+00
1.01800345e+06 4.65964030e+00
1.01801772e+06 4.55366800e+00
1.01803396e+06 4.45622731e+00
1.01805368e+06 4.36500963e+00
1.01807608e+06 4.28906383e+00
1.01810418e+06 4.22296244e+00
1.01813904e+06 4.16950352e+00
1.01818294e+06 4.12767278e+00
1.01823817e+06 4.09626111e+00
1.01839428e+06 4.05394548e+00
1.01874338e+06 4.02125576e+00
1.02144711e+06 3.94625151e+00
1.02873690e+06 3.78204954e+00
1.03355814e+06 3.69556902e+00
1.03677460e+06 3.66647895e+00
1.03789964e+06 3.67588295e+00
1.03902468e+06 3.70967939e+00
1.03961719e+06 3.75271651e+00
1.04007145e+06 3.80952417e+00
1.04042696e+06 3.87925628e+00
1.04070346e+06 3.95899495e+00
1.04094047e+06 4.05522505e+00
1.04113797e+06 4.16463731e+00
1.04129597e+06 4.28017573e+00
1.04143422e+06 4.40991503e+00
1.04155273e+06 4.54958823e+00
1.04165148e+06 4.69316429e+00
1.04175023e+06 4.86830771e+00
1.04183911e+06 5.05938425e+00
1.04191811e+06 5.26304000e+00
1.04198723e+06 5.47399166e+00
1.04205636e+06 5.72170062e+00
1.04212549e+06 6.01194108e+00
1.04218474e+06 6.30077298e+00
1.04224399e+06 6.63252602e+00
1.04230324e+06 7.01139381e+00
1.04236249e+06 7.44040270e+00
1.04242174e+06 7.92000222e+00
1.04248099e+06 8.44531199e+00
1.04262171e+06 9.77623021e+00
1.04269331e+06 1.04158467e+01
1.04273775e+06 1.07533044e+01
1.04277852e+06 1.10004923e+01
1.04281744e+06 1.11677180e+01
1.04285445e+06 1.12556741e+01
1.04287957e+06 1.12730569e+01
1.04291394e+06 1.12400310e+01
1.04294831e+06 1.11425839e+01
1.04298463e+06 1.09743438e+01
1.04302413e+06 1.07246838e+01
1.04307350e+06 1.03358409e+01
1.04314263e+06 9.70279691e+00
1.04329076e+06 8.26679549e+00
1.04335001e+06 7.73765947e+00
1.04340926e+06 7.25769759e+00
1.04346851e+06 6.83026283e+00
1.04352776e+06 6.45411206e+00
1.04358701e+06 6.12560859e+00
1.04364626e+06 5.84017049e+00
1.04371045e+06 5.57353864e+00
1.04377958e+06 5.32791239e+00
1.04385364e+06 5.10532543e+00
1.04393758e+06 4.89408614e+00
1.04402646e+06 4.70807676e+00
1.04412027e+06 4.54645770e+00
1.04422890e+06 4.39414570e+00
1.04428815e+06 4.32301279e+00
1.04442640e+06 4.18387875e+00
1.04458441e+06 4.05980652e+00
1.04476216e+06 3.95255874e+00
1.04497941e+06 3.85389301e+00
1.04525592e+06 3.76225587e+00
1.04559167e+06 3.68353418e+00
1.04601137e+06 3.61578168e+00
1.04660388e+06 3.55246474e+00
1.04744327e+06 3.49574930e+00
1.04877641e+06 3.44061376e+00
1.05117109e+06 3.37961731e+00
1.05608947e+06 3.29452137e+00
1.06608403e+06 3.15864992e+00
1.08039051e+06 2.98153821e+00
1.08261418e+06 2.93910628e+00
1.08355668e+06 2.90457654e+00
1.08405719e+06 2.86845727e+00
1.08435188e+06 2.82861125e+00
1.08453934e+06 2.78418882e+00
1.08466849e+06 2.73393602e+00
1.08473493e+06 2.69531798e+00
1.08478199e+06 2.65777135e+00
1.08482795e+06 2.60829650e+00
1.08486665e+06 2.55217786e+00
1.08489909e+06 2.49143679e+00
1.08492517e+06 2.43229462e+00
1.08497810e+06 2.28994606e+00
1.08500703e+06 2.21251823e+00
1.08502870e+06 2.16555476e+00
1.08504664e+06 2.14032731e+00
1.08506048e+06 2.13263954e+00
1.08507378e+06 2.13706223e+00
1.08508731e+06 2.15500723e+00
1.08510046e+06 2.18643480e+00
1.08511435e+06 2.23504271e+00
1.08512825e+06 2.29902365e+00
1.08514154e+06 2.37335094e+00
1.08515939e+06 2.48998874e+00
1.08518852e+06 2.70553465e+00
1.08521795e+06 2.92566459e+00
1.08523334e+06 3.03076953e+00
1.08524983e+06 3.13035211e+00
1.08526999e+06 3.22967163e+00
1.08529036e+06 3.30322252e+00
1.08530775e+06 3.34530568e+00
1.08532480e+06 3.37011204e+00
1.08534891e+06 3.38262289e+00
1.08536627e+06 3.37945426e+00
1.08540099e+06 3.35500963e+00
1.08549799e+06 3.25874834e+00
1.08555878e+06 3.21185574e+00
1.08565561e+06 3.16105230e+00
1.08571923e+06 3.13639441e+00
1.08590685e+06 3.08751494e+00
1.08619946e+06 3.04497268e+00
1.08667765e+06 3.00835362e+00
1.08757429e+06 2.97381546e+00
1.08955241e+06 2.93488310e+00
1.09530147e+06 2.86602876e+00
1.12363822e+06 2.58386065e+00
1.13288800e+06 2.47664797e+00
1.13934278e+06 2.38576695e+00
1.14386590e+06 2.30647473e+00
1.14865680e+06 2.20386135e+00
1.14871080e+06 2.21211446e+00
1.14873780e+06 2.22354496e+00
1.14876480e+06 2.24515872e+00
1.14878972e+06 2.27963672e+00
1.14881326e+06 2.33047244e+00
1.14882839e+06 2.37471139e+00
1.14884423e+06 2.43179571e+00
1.14886458e+06 2.52142513e+00
1.14888965e+06 2.65349050e+00
1.14893324e+06 2.90420880e+00
1.14895274e+06 3.00239647e+00
1.14896617e+06 3.05705378e+00
1.14898374e+06 3.10672005e+00
1.14899920e+06 3.12651166e+00
1.14900419e+06 3.12777461e+00
1.14901614e+06 3.12050656e+00
1.14902809e+06 3.09906527e+00
1.14904123e+06 3.06037260e+00
1.14905344e+06 3.01200205e+00
1.14907243e+06 2.91836308e+00
1.14912617e+06 2.61002471e+00
1.14914869e+06 2.49486120e+00
1.14916950e+06 2.40656596e+00
1.14918456e+06 2.35461338e+00
1.14920191e+06 2.30678331e+00
1.14921886e+06 2.27115617e+00
1.14923999e+06 2.23951888e+00
1.14926817e+06 2.21369168e+00
1.14929635e+06 2.19996706e+00
1.14935129e+06 2.18960646e+00
1.14988237e+06 2.15993447e+00
1.15192653e+06 2.08365212e+00
1.15340940e+06 2.01511321e+00
1.15457892e+06 1.94775218e+00
1.15554877e+06 1.87872533e+00
1.15634747e+06 1.80917288e+00
1.15703207e+06 1.73697794e+00
1.15760256e+06 1.66490659e+00
1.15811601e+06 1.58806701e+00
1.15851536e+06 1.51834510e+00
1.15891471e+06 1.43792610e+00
1.15925169e+06 1.36031082e+00
1.15957078e+06 1.27728306e+00
1.15985603e+06 1.19442011e+00
1.16014128e+06 1.10318556e+00
1.16045506e+06 9.94690502e-01
1.16093998e+06 8.21261587e-01
1.16108260e+06 7.73885795e-01
1.16119670e+06 7.39853834e-01
1.16128228e+06 7.17732865e-01
1.16136785e+06 6.99495040e-01
1.16145343e+06 6.85803660e-01
1.16151048e+06 6.79819403e-01
1.16158536e+06 6.76515987e-01
1.16159249e+06 6.76494001e-01
1.16165310e+06 6.78618804e-01
1.16171015e+06 6.84637812e-01
1.16176720e+06 6.94909049e-01
1.16182425e+06 7.09826427e-01
1.16188130e+06 7.29767113e-01
1.16193835e+06 7.55070364e-01
1.16199540e+06 7.86033584e-01
1.16205245e+06 8.22905024e-01
1.16210950e+06 8.65871137e-01
1.16216655e+06 9.15043424e-01
1.16222360e+06 9.70464131e-01
1.16228065e+06 1.03208331e+00
1.16235045e+06 1.11540193e+00
1.16242695e+06 1.21574040e+00
1.16250900e+06 1.33254803e+00
1.16260959e+06 1.48568455e+00
1.16293503e+06 2.00357978e+00
1.16305082e+06 2.17798393e+00
1.16316492e+06 2.33591377e+00
1.16327902e+06 2.47759248e+00
1.16336640e+06 2.57338512e+00
1.16347870e+06 2.68013191e+00
1.16356427e+06 2.74904523e+00
1.16370690e+06 2.84277189e+00
1.16384952e+06 2.91428697e+00
1.16400013e+06 2.96808558e+00
1.16416330e+06 3.00584639e+00
1.16436297e+06 3.03048588e+00
1.16455245e+06 3.03737593e+00
1.16486648e+06 3.02594809e+00
1.16538987e+06 2.97651661e+00
1.16693021e+06 2.79307925e+00
1.16795711e+06 2.68968260e+00
1.16915516e+06 2.59152908e+00
1.17058140e+06 2.49728566e+00
1.17230716e+06 2.40432919e+00
1.17458915e+06 2.30196298e+00
1.17804748e+06 2.16896571e+00
1.18268168e+06 2.00951363e+00
1.18544101e+06 1.92626907e+00
1.18728056e+06 1.88303941e+00
1.18866022e+06 1.86329756e+00
1.18942670e+06 1.85958846e+00
1.19034647e+06 1.86484008e+00
1.19126625e+06 1.88331993e+00
1.19203273e+06 1.91154233e+00
1.19279921e+06 1.95337541e+00
1.19356569e+06 2.01080966e+00
1.19433217e+06 2.08390849e+00
1.19525194e+06 2.18990113e+00
1.19663160e+06 2.36192415e+00
1.19724479e+06 2.42654247e+00
1.19770468e+06 2.46087281e+00
1.19828912e+06 2.48018134e+00
1.19895596e+06 2.46451380e+00
1.19962281e+06 2.43977845e+00
1.19983013e+06 2.44685419e+00
1.20003744e+06 2.47133056e+00
1.20017101e+06 2.50087188e+00
1.20031070e+06 2.54775134e+00
1.20045040e+06 2.61302425e+00
1.20058102e+06 2.69291613e+00
1.20069768e+06 2.78163929e+00
1.20083782e+06 2.90937012e+00
1.20095877e+06 3.03745726e+00
1.20110785e+06 3.21633406e+00
1.20168219e+06 3.98281950e+00
1.20186926e+06 4.21582691e+00
1.20200853e+06 4.37132236e+00
1.20214780e+06 4.50812839e+00
1.20228707e+06 4.62488375e+00
1.20249597e+06 4.76642240e+00
1.20270488e+06 4.87226814e+00
1.20291378e+06 4.94548970e+00
1.20319232e+06 5.00356401e+00
1.20358401e+06 5.03170731e+00
1.20411933e+06 5.00538639e+00
1.20465465e+06 4.94457568e+00
1.20806675e+06 4.39742436e+00
1.20973798e+06 4.15946399e+00
1.21145272e+06 3.94899138e+00
1.21327194e+06 3.75820940e+00
1.21518689e+06 3.58638849e+00
1.21744594e+06 3.41330052e+00
1.22006132e+06 3.24167423e+00
1.22311758e+06 3.06719022e+00
1.23308931e+06 2.55922322e+00
1.23584013e+06 2.40539507e+00
1.23824710e+06 2.25478057e+00
1.24013829e+06 2.12145984e+00
1.24185756e+06 1.98612463e+00
1.24340489e+06 1.85136311e+00
1.24551099e+06 1.64846213e+00
1.24821883e+06 1.37527759e+00
1.24907846e+06 1.29632836e+00
1.24977532e+06 1.24054435e+00
1.25028195e+06 1.20677249e+00
1.25079773e+06 1.18039876e+00
1.25114158e+06 1.16787905e+00
1.25148543e+06 1.16022046e+00
1.25182928e+06 1.15768524e+00
1.25221612e+06 1.16267830e+00
1.25260295e+06 1.17485012e+00
1.25303277e+06 1.19864486e+00
1.25337662e+06 1.22570986e+00
1.25372047e+06 1.26013622e+00
1.25406433e+06 1.30183242e+00
1.25440818e+06 1.35065492e+00
1.25475203e+06 1.40632469e+00
1.25509588e+06 1.46860266e+00
1.25563379e+06 1.57728540e+00
1.25624466e+06 1.71449373e+00
1.25885859e+06 2.35884968e+00
1.26124387e+06 2.91562192e+00
1.26177704e+06 3.05753736e+00
1.26213250e+06 3.17188511e+00
1.26241312e+06 3.28363557e+00
1.26263761e+06 3.39561328e+00
1.26282469e+06 3.51248088e+00
1.26297436e+06 3.62866323e+00
1.26310531e+06 3.75361863e+00
1.26321756e+06 3.88393708e+00
1.26331110e+06 4.01465404e+00
1.26340464e+06 4.17102305e+00
1.26348883e+06 4.33904675e+00
1.26356366e+06 4.51609801e+00
1.26363849e+06 4.72499887e+00
1.26370397e+06 4.93929932e+00
1.26376945e+06 5.18867775e+00
1.26382557e+06 5.43507470e+00
1.26387759e+06 5.69434497e+00
1.26393782e+06 6.03458726e+00
1.26399395e+06 6.39187189e+00
1.26405007e+06 6.78738774e+00
1.26411555e+06 7.28832855e+00
1.26426521e+06 8.47715779e+00
1.26432134e+06 8.86827479e+00
1.26435641e+06 9.07163126e+00
1.26438743e+06 9.21609881e+00
1.26442397e+06 9.33630417e+00
1.26445937e+06 9.39545368e+00
1.26447756e+06 9.40260297e+00
1.26451289e+06 9.37064165e+00
1.26454821e+06 9.27952771e+00
1.26458325e+06 9.13471831e+00
1.26462066e+06 8.92760305e+00
1.26466743e+06 8.60844040e+00
1.26472356e+06 8.16773530e+00
1.26486387e+06 6.99179169e+00
1.26491999e+06 6.55169437e+00
1.26497144e+06 6.18309694e+00
1.26501821e+06 5.88019262e+00
1.26506966e+06 5.58245279e+00
1.26512578e+06 5.29718881e+00
1.26518191e+06 5.04920072e+00
1.26523452e+06 4.84715484e+00
1.26528363e+06 4.68244009e+00
1.26534326e+06 4.50922333e+00
1.26541575e+06 4.33107717e+00
1.26549293e+06 4.17328283e+00
1.26557477e+06 4.03537025e+00
1.26566598e+06 3.91018898e+00
1.26577121e+06 3.79455620e+00
1.26590216e+06 3.68280528e+00
1.26605183e+06 3.58572207e+00
1.26622020e+06 3.50482698e+00
1.26642599e+06 3.43393228e+00
1.26668790e+06 3.37239244e+00
1.26704335e+06 3.31977034e+00
1.26753444e+06 3.27900380e+00
1.26828276e+06 3.24994789e+00
1.26982617e+06 3.23055471e+00
1.27534621e+06 3.19569155e+00
1.29456372e+06 3.00422575e+00
1.30749138e+06 2.90026673e+00
1.32333078e+06 2.79828027e+00
1.37815464e+06 2.50306467e+00
1.37911389e+06 2.51295854e+00
1.37943364e+06 2.53136530e+00
1.37956429e+06 2.54996112e+00
1.37964635e+06 2.57082277e+00
1.37969917e+06 2.59561661e+00
1.37974212e+06 2.63044107e+00
1.37977411e+06 2.67272196e+00
1.37980136e+06 2.72679802e+00
1.37982416e+06 2.79019745e+00
1.37984282e+06 2.85776054e+00
1.37986459e+06 2.95776297e+00
1.37987896e+06 3.03750832e+00
1.37989945e+06 3.17087115e+00
1.37992394e+06 3.35839685e+00
1.37995316e+06 3.61136099e+00
1.37999233e+06 3.95470676e+00
1.38001208e+06 4.10392386e+00
1.38002938e+06 4.20822982e+00
1.38004478e+06 4.27394014e+00
1.38005868e+06 4.30772636e+00
1.38007211e+06 4.31548705e+00
1.38008762e+06 4.29321313e+00
1.38009880e+06 4.25685140e+00
1.38011428e+06 4.18033159e+00
1.38012692e+06 4.09786233e+00
1.38014445e+06 3.95932842e+00
1.38016933e+06 3.73078729e+00
1.38021411e+06 3.30085113e+00
1.38023591e+06 3.11335311e+00
1.38025439e+06 2.97474144e+00
1.38026782e+06 2.88716179e+00
1.38028385e+06 2.79729978e+00
1.38029795e+06 2.73102442e+00
1.38031394e+06 2.66913645e+00
1.38033527e+06 2.60580296e+00
1.38035659e+06 2.56037600e+00
1.38038503e+06 2.52036669e+00
1.38042241e+06 2.49081131e+00
1.38047523e+06 2.47187765e+00
1.38060367e+06 2.45887898e+00
1.38341531e+06 2.44131349e+00
1.38893785e+06 2.38805519e+00
1.39890243e+06 2.25563583e+00
1.40035989e+06 2.24739660e+00
1.40128510e+06 2.25402999e+00
1.40221031e+06 2.27687963e+00
1.40284474e+06 2.31005497e+00
1.40337343e+06 2.35456041e+00
1.40379638e+06 2.40586635e+00
1.40416647e+06 2.46625079e+00
1.40448368e+06 2.53296452e+00
1.40480090e+06 2.61680002e+00
1.40506524e+06 2.70271395e+00
1.40532959e+06 2.80641983e+00
1.40559393e+06 2.93031359e+00
1.40580541e+06 3.04645930e+00
1.40601689e+06 3.18010331e+00
1.40622836e+06 3.33213555e+00
1.40638697e+06 3.46001531e+00
1.40659845e+06 3.64938074e+00
1.40680993e+06 3.85901314e+00
1.40702140e+06 4.08936006e+00
1.40733862e+06 4.46526667e+00
1.40803286e+06 5.32702244e+00
1.40829495e+06 5.61956191e+00
1.40851743e+06 5.83032319e+00
1.40869574e+06 5.96600302e+00
1.40890497e+06 6.08386818e+00
1.40908330e+06 6.14713477e+00
1.40934765e+06 6.18203635e+00
1.40958556e+06 6.15616709e+00
1.40982347e+06 6.08741049e+00
1.41014068e+06 5.94708018e+00
1.41056364e+06 5.71019206e+00
1.41151528e+06 5.13199971e+00
1.41204397e+06 4.84225226e+00
1.41251980e+06 4.61373043e+00
1.41304849e+06 4.39485165e+00
1.41357718e+06 4.20869872e+00
1.41415874e+06 4.03607457e+00
1.41479317e+06 3.87908160e+00
1.41553334e+06 3.72850903e+00
1.41627351e+06 3.60512177e+00
1.41711942e+06 3.48965112e+00
1.41807106e+06 3.38428532e+00
1.41923418e+06 3.28152217e+00
1.42060878e+06 3.18635252e+00
1.42230059e+06 3.09630514e+00
1.42430962e+06 3.01541700e+00
1.42676804e+06 2.94151486e+00
1.42994019e+06 2.87179396e+00
1.43390538e+06 2.80941597e+00
1.43919230e+06 2.75130742e+00
1.44567170e+06 2.70314900e+00
1.45335181e+06 2.66780055e+00
1.45992840e+06 2.65623075e+00
1.46367674e+06 2.66393023e+00
1.46742507e+06 2.68931302e+00
1.46956163e+06 2.72425118e+00
1.47106096e+06 2.76635882e+00
1.47226043e+06 2.81859064e+00
1.47316003e+06 2.87552204e+00
1.47390970e+06 2.94114129e+00
1.47458440e+06 3.02103696e+00
1.47510916e+06 3.10280155e+00
1.47559645e+06 3.20018624e+00
1.47600876e+06 3.30435082e+00
1.47638360e+06 3.42196606e+00
1.47672095e+06 3.55162406e+00
1.47702081e+06 3.69055786e+00
1.47728320e+06 3.83470996e+00
1.47754558e+06 4.00394501e+00
1.47780797e+06 4.20177675e+00
1.47807035e+06 4.43140912e+00
1.47833273e+06 4.69413047e+00
1.47855763e+06 4.94527283e+00
1.47923233e+06 5.75811219e+00
1.47945723e+06 5.99927059e+00
1.47960717e+06 6.13008367e+00
1.47975729e+06 6.22601468e+00
1.47991036e+06 6.28368354e+00
1.48001294e+06 6.29508860e+00
1.48015216e+06 6.27312624e+00
1.48029139e+06 6.21247528e+00
1.48043180e+06 6.11341870e+00
1.48061799e+06 5.93435614e+00
1.48084412e+06 5.66739689e+00
1.48144385e+06 4.88015328e+00
1.48170624e+06 4.56116967e+00
1.48195635e+06 4.29007960e+00
1.48221730e+06 4.04170173e+00
1.48235888e+06 3.92468471e+00
1.48266643e+06 3.71076759e+00
1.48292212e+06 3.55693894e+00
1.48317505e+06 3.42815460e+00
1.48346658e+06 3.30379372e+00
1.48377899e+06 3.19361245e+00
1.48412902e+06 3.09290165e+00
1.48456560e+06 2.99287113e+00
1.48506598e+06 2.90393871e+00
1.48561272e+06 2.82990210e+00
1.48630366e+06 2.76024736e+00
1.48714565e+06 2.69936854e+00
1.48814643e+06 2.64893592e+00
1.48943560e+06 2.60518756e+00
1.49118802e+06 2.56731575e+00
1.49388176e+06 2.53334512e+00
1.49798665e+06 2.50590525e+00
1.50481379e+06 2.48445786e+00
1.50886731e+06 2.48002676e+00
1.51072980e+06 2.48622604e+00
1.51135063e+06 2.50332173e+00
1.51157372e+06 2.52622094e+00
1.51167040e+06 2.54840400e+00
1.51174431e+06 2.58049781e+00
1.51178661e+06 2.61159057e+00
1.51181725e+06 2.64514219e+00
1.51184727e+06 2.69266034e+00
1.51187209e+06 2.74821779e+00
1.51189362e+06 2.81299303e+00
1.51191240e+06 2.88569686e+00
1.51192865e+06 2.96337209e+00
1.51194475e+06 3.05612026e+00
1.51196032e+06 3.16244833e+00
1.51197528e+06 3.28129726e+00
1.51198999e+06 3.41488991e+00
1.51200433e+06 3.56118037e+00
1.51201953e+06 3.73273611e+00
1.51204197e+06 4.01291772e+00
1.51209827e+06 4.77759914e+00
1.51212012e+06 5.04911018e+00
1.51213544e+06 5.21306526e+00
1.51215205e+06 5.35682301e+00
1.51216333e+06 5.43047033e+00
1.51217541e+06 5.48534439e+00
1.51218949e+06 5.51596235e+00
1.51219356e+06 5.51793643e+00
1.51220456e+06 5.50774797e+00
1.51222071e+06 5.45247385e+00
1.51223346e+06 5.37677083e+00
1.51224817e+06 5.25779729e+00
1.51226361e+06 5.10177429e+00
1.51228353e+06 4.86471058e+00
1.51230965e+06 4.51817834e+00
1.51234600e+06 4.02884259e+00
1.51236727e+06 3.76531110e+00
1.51238621e+06 3.55488424e+00
1.51240484e+06 3.37345635e+00
1.51241796e+06 3.26155870e+00
1.51243279e+06 3.15042709e+00
1.51244959e+06 3.04322438e+00
1.51246883e+06 2.94233761e+00
1.51248828e+06 2.86096810e+00
1.51250832e+06 2.79498173e+00
1.51253205e+06 2.73543699e+00
1.51255957e+06 2.68513035e+00
1.51259756e+06 2.63799778e+00
1.51263694e+06 2.60594867e+00
1.51268521e+06 2.57986400e+00
1.51277781e+06 2.55006021e+00
1.51291403e+06 2.52726459e+00
1.51321934e+06 2.50588584e+00
1.51393705e+06 2.49232575e+00
1.51465778e+06 2.49010747e+00
1.51714529e+06 2.49990453e+00
1.51963280e+06 2.52636363e+00
1.52117437e+06 2.56074547e+00
1.52227966e+06 2.60247159e+00
1.52309407e+06 2.64963179e+00
1.52373397e+06 2.70278423e+00
1.52425753e+06 2.76252394e+00
1.52472291e+06 2.83367474e+00
1.52513012e+06 2.91569441e+00
1.52547916e+06 3.00645710e+00
1.52579910e+06 3.11212712e+00
1.52606088e+06 3.21957297e+00
1.52629357e+06 3.33581809e+00
1.52652626e+06 3.47582313e+00
1.52672987e+06 3.62203450e+00
1.52693347e+06 3.79440369e+00
1.52710799e+06 3.96617594e+00
1.52728251e+06 4.16306064e+00
1.52745703e+06 4.38635861e+00
1.52766063e+06 4.67862870e+00
1.52821327e+06 5.54555338e+00
1.52835871e+06 5.74887057e+00
1.52850414e+06 5.91500039e+00
1.52862063e+06 6.01113996e+00
1.52873941e+06 6.06817646e+00
1.52882251e+06 6.07978652e+00
1.52893878e+06 6.05606409e+00
1.52905505e+06 5.99081111e+00
1.52917312e+06 5.88516537e+00
1.52931855e+06 5.71239837e+00
1.52946399e+06 5.50744226e+00
1.52995846e+06 4.74485297e+00
1.53016206e+06 4.45581690e+00
1.53036566e+06 4.19863250e+00
1.53054018e+06 4.00536286e+00
1.53074379e+06 3.81006626e+00
1.53094739e+06 3.64295950e+00
1.53115100e+06 3.50102709e+00
1.53138369e+06 3.36470097e+00
1.53164546e+06 3.23785843e+00
1.53193633e+06 3.12313943e+00
1.53225628e+06 3.02174300e+00
1.53260531e+06 2.93382204e+00
1.53301252e+06 2.85330161e+00
1.53347790e+06 2.78244464e+00
1.53405963e+06 2.71607442e+00
1.53475770e+06 2.65832135e+00
1.53568847e+06 2.60488449e+00
1.53691009e+06 2.55891265e+00
1.53846622e+06 2.52238978e+00
1.54079312e+06 2.49076065e+00
1.54442892e+06 2.46580479e+00
1.55034307e+06 2.44963917e+00
1.55499524e+06 2.44641301e+00
1.56182288e+06 2.45352654e+00
1.56865051e+06 2.47586785e+00
1.57187833e+06 2.50294754e+00
1.57401167e+06 2.53678512e+00
1.57540540e+06 2.57523707e+00
1.57639261e+06 2.61943646e+00
1.57712722e+06 2.67036981e+00
1.57768181e+06 2.72759558e+00
1.57809993e+06 2.78931999e+00
1.57844836e+06 2.86069628e+00
1.57872710e+06 2.93806289e+00
1.57895939e+06 3.02313919e+00
1.57914522e+06 3.11070302e+00
1.57930782e+06 3.20715157e+00
1.57944719e+06 3.30960768e+00
1.57957495e+06 3.42463747e+00
1.57969109e+06 3.55158754e+00
1.57979562e+06 3.68902371e+00
1.57990015e+06 3.85309782e+00
1.57999307e+06 4.02568524e+00
1.58008598e+06 4.22754198e+00
1.58017890e+06 4.46064751e+00
1.58027181e+06 4.72389102e+00
1.58046478e+06 5.31953028e+00
1.58052911e+06 5.51050096e+00
1.58059701e+06 5.68533163e+00
1.58064497e+06 5.78105365e+00
1.58069409e+06 5.84733604e+00
1.58074430e+06 5.87598671e+00
1.58075094e+06 5.87656584e+00
1.58078115e+06 5.86933568e+00
1.58082828e+06 5.82544613e+00
1.58087541e+06 5.74271247e+00
1.58092222e+06 5.62510489e+00
1.58097448e+06 5.45835100e+00
1.58104417e+06 5.19474219e+00
1.58123580e+06 4.39621931e+00
1.58130549e+06 4.12590765e+00
1.58136937e+06 3.90221440e+00
1.58142744e+06 3.72092709e+00
1.58148551e+06 3.56077011e+00
1.58154939e+06 3.40740238e+00
1.58161908e+06 3.26431959e+00
1.58168876e+06 3.14342059e+00
1.58176426e+06 3.03404675e+00
1.58185136e+06 2.93075740e+00
1.58195009e+06 2.83714424e+00
1.58206042e+06 2.75536088e+00
1.58218237e+06 2.68641775e+00
1.58232755e+06 2.62538903e+00
1.58240885e+06 2.59883898e+00
1.58259468e+06 2.55362901e+00
1.58282697e+06 2.51712893e+00
1.58312894e+06 2.49083541e+00
1.58368426e+06 2.47460667e+00
1.58440834e+06 2.48613344e+00
1.58513242e+06 2.51614881e+00
1.58580025e+06 2.56154110e+00
1.58626926e+06 2.61081895e+00
1.58657091e+06 2.65939628e+00
1.58678021e+06 2.71092368e+00
1.58692650e+06 2.76554730e+00
1.58700503e+06 2.80849118e+00
1.58707043e+06 2.85937435e+00
1.58712446e+06 2.92009727e+00
1.58715777e+06 2.97176059e+00
1.58718581e+06 3.02777628e+00
1.58721732e+06 3.10904631e+00
1.58724446e+06 3.19824672e+00
1.58726789e+06 3.29134807e+00
1.58729107e+06 3.39827136e+00
1.58732917e+06 3.59940347e+00
1.58737150e+06 3.83096598e+00
1.58739540e+06 3.94354650e+00
1.58741318e+06 4.00860575e+00
1.58742935e+06 4.04869976e+00
1.58744753e+06 4.06739466e+00
1.58744953e+06 4.06758088e+00
1.58746351e+06 4.05792682e+00
1.58747706e+06 4.02978527e+00
1.58749005e+06 3.98538486e+00
1.58750918e+06 3.89040567e+00
1.58752559e+06 3.78379313e+00
1.58753838e+06 3.68728691e+00
1.58756256e+06 3.48220457e+00
1.58760479e+06 3.10067453e+00
1.58763019e+06 2.88888237e+00
1.58764374e+06 2.78804353e+00
1.58765879e+06 2.68813865e+00
1.58767733e+06 2.58406353e+00
1.58769571e+06 2.50182773e+00
1.58771156e+06 2.44693382e+00
1.58772741e+06 2.40554220e+00
1.58774524e+06 2.37306754e+00
1.58776605e+06 2.35069817e+00
1.58779163e+06 2.34037114e+00
1.58779675e+06 2.34002197e+00
1.58782745e+06 2.34605856e+00
1.58792980e+06 2.40342655e+00
1.58804429e+06 2.46200610e+00
1.58811091e+06 2.48932332e+00
1.58831180e+06 2.55322138e+00
1.58867916e+06 2.63986298e+00
1.58961723e+06 2.83410132e+00
1.59011278e+06 2.95281304e+00
1.59055205e+06 3.07742762e+00
1.59091806e+06 3.19974123e+00
1.59128772e+06 3.34427900e+00
1.59166140e+06 3.51502429e+00
1.59197112e+06 3.67854249e+00
1.59232609e+06 3.89297235e+00
1.59265250e+06 4.11699364e+00
1.59302417e+06 4.40302238e+00
1.59364361e+06 4.93458094e+00
1.59420111e+06 5.42758486e+00
1.59457278e+06 5.72715116e+00
1.59489047e+06 5.94286528e+00
1.59515248e+06 6.08163479e+00
1.59543957e+06 6.18777296e+00
1.59572975e+06 6.24827697e+00
1.59601388e+06 6.26696458e+00
1.59655225e+06 6.23081417e+00
1.59867037e+06 5.97411769e+00
1.59922488e+06 5.87299346e+00
1.59975498e+06 5.73888786e+00
1.60180910e+06 5.09436598e+00
1.60260425e+06 4.87598012e+00
1.60340593e+06 4.69202789e+00
1.60426080e+06 4.53346262e+00
1.60515790e+06 4.40274720e+00
1.60611614e+06 4.29622086e+00
1.60717633e+06 4.20994423e+00
1.60836905e+06 4.14412927e+00
1.60969429e+06 4.10120707e+00
1.61136205e+06 4.08212145e+00
1.61317866e+06 4.09763562e+00
1.61499526e+06 4.14313342e+00
1.61698312e+06 4.22446403e+00
1.61904754e+06 4.34171025e+00
1.62085946e+06 4.47233617e+00
1.62284732e+06 4.64670285e+00
1.62483518e+06 4.85583651e+00
1.62686062e+06 5.10752072e+00
1.62881091e+06 5.38940458e+00
1.63079877e+06 5.71839281e+00
1.63293718e+06 6.11793767e+00
1.63768251e+06 7.08783698e+00
1.63880690e+06 7.27380604e+00
1.63955674e+06 7.35202359e+00
1.63997849e+06 7.36573097e+00
1.64041267e+06 7.34262697e+00
1.64084685e+06 7.26856141e+00
1.64117996e+06 7.16082866e+00
1.64143907e+06 7.03427815e+00
1.64169575e+06 6.86190078e+00
1.64190384e+06 6.67936506e+00
1.64211193e+06 6.45076099e+00
1.64228107e+06 6.22538321e+00
1.64246034e+06 5.94292289e+00
1.64262783e+06 5.63774560e+00
1.64275051e+06 5.38661648e+00
1.64290149e+06 5.04602533e+00
1.64305246e+06 4.67618911e+00
1.64357040e+06 3.32798273e+00
1.64367159e+06 3.08228653e+00
1.64375592e+06 2.89399436e+00
1.64382338e+06 2.75667877e+00
1.64389085e+06 2.63305290e+00
1.64395312e+06 2.53229189e+00
1.64401087e+06 2.45135529e+00
1.64406927e+06 2.38241411e+00
1.64413351e+06 2.32186761e+00
1.64418607e+06 2.28454203e+00
1.64423863e+06 2.25847440e+00
1.64429119e+06 2.24345833e+00
1.64433207e+06 2.23932152e+00
1.64438960e+06 2.24464830e+00
1.64444714e+06 2.26252372e+00
1.64450467e+06 2.29224796e+00
1.64458108e+06 2.34837983e+00
1.64463769e+06 2.40139198e+00
1.64471318e+06 2.48603408e+00
1.64478867e+06 2.58470548e+00
1.64490190e+06 2.75330463e+00
1.64501513e+06 2.94123434e+00
1.64560610e+06 4.01028047e+00
1.64581862e+06 4.37732989e+00
1.64601311e+06 4.68843687e+00
1.64621271e+06 4.97969292e+00
1.64644939e+06 5.28955436e+00
1.64667585e+06 5.55125286e+00
1.64694005e+06 5.81712861e+00
1.64719975e+06 6.04166183e+00
1.64751804e+06 6.27412104e+00
1.64788485e+06 6.49404346e+00
1.64826108e+06 6.67444244e+00
1.64871400e+06 6.84276237e+00
1.64920812e+06 6.97741994e+00
1.64981400e+06 7.08689776e+00
1.65045493e+06 7.15034222e+00
1.65109495e+06 7.16970536e+00
1.65198088e+06 7.13787427e+00
1.65286682e+06 7.05184406e+00
1.65381361e+06 6.90841004e+00
1.65480660e+06 6.70704765e+00
1.65576109e+06 6.46360479e+00
1.65716590e+06 6.04280812e+00
1.65747284e+06 5.98797173e+00
1.65753538e+06 5.98597639e+00
1.65766912e+06 6.00161074e+00
1.65780287e+06 6.05058447e+00
1.65789331e+06 6.10950489e+00
1.65799338e+06 6.20478537e+00
1.65809345e+06 6.33260256e+00
1.65822431e+06 6.53903432e+00
1.65849154e+06 6.99927788e+00
1.65860351e+06 7.15408784e+00
1.65871121e+06 7.25479617e+00
1.65882472e+06 7.30831918e+00
1.65887090e+06 7.31472387e+00
1.65899791e+06 7.29411407e+00
1.65920959e+06 7.19218679e+00
1.65984079e+06 6.77535547e+00
1.66027185e+06 6.53058430e+00
1.66076450e+06 6.30226678e+00
1.66141109e+06 6.05744283e+00
1.66227322e+06 5.78652928e+00
1.66338670e+06 5.48914178e+00
1.66403328e+06 5.34995377e+00
1.66428630e+06 5.33018586e+00
1.66441281e+06 5.35491821e+00
1.66448871e+06 5.40200951e+00
1.66454775e+06 5.47320296e+00
1.66459062e+06 5.55602242e+00
1.66462646e+06 5.65395549e+00
1.66465598e+06 5.75936334e+00
1.66468269e+06 5.87700175e+00
1.66471361e+06 6.04164476e+00
1.66474172e+06 6.21749509e+00
1.66478108e+06 6.49898430e+00
1.66486361e+06 7.12634719e+00
1.66490103e+06 7.35813180e+00
1.66492263e+06 7.45769432e+00
1.66495134e+06 7.54088151e+00
1.66497275e+06 7.56275862e+00
1.66499358e+06 7.55044499e+00
1.66501441e+06 7.50641474e+00
1.66503972e+06 7.41484114e+00
1.66506572e+06 7.28525330e+00
1.66511052e+06 7.00799671e+00
1.66518028e+06 6.54423512e+00
1.66521401e+06 6.34049586e+00
1.66525056e+06 6.14737377e+00
1.66529273e+06 5.96261624e+00
1.66534052e+06 5.79788135e+00
1.66538691e+06 5.67468645e+00
1.66544173e+06 5.56368964e+00
1.66550779e+06 5.46424726e+00
1.66558791e+06 5.37626111e+00
1.66573410e+06 5.26442968e+00
1.66595197e+06 5.15241820e+00
1.66628932e+06 5.03401979e+00
1.66686027e+06 4.88932984e+00
1.66783121e+06 4.69661542e+00
1.66911393e+06 4.48220614e+00
1.67068894e+06 4.25326420e+00
1.67235883e+06 4.04042494e+00
1.67421184e+06 3.83359498e+00
1.67612402e+06 3.64694494e+00
1.67808663e+06 3.47900747e+00
1.68039250e+06 3.30871560e+00
1.68242026e+06 3.17815209e+00
1.68423669e+06 3.07429528e+00
1.68685566e+06 2.94381435e+00
1.68985682e+06 2.81663382e+00
1.69324017e+06 2.69628676e+00
1.69657010e+06 2.59680439e+00
1.70039272e+06 2.50042766e+00
1.70507979e+06 2.40282681e+00
1.71001671e+06 2.31852480e+00
1.71586449e+06 2.23664678e+00
1.72224042e+06 2.16359581e+00
1.72952721e+06 2.09552597e+00
1.73776279e+06 2.03294917e+00
1.74965767e+06 1.95731764e+00
1.74980372e+06 1.95215684e+00
1.74987764e+06 1.94090215e+00
1.74994204e+06 1.92268774e+00
1.75008789e+06 1.86956005e+00
1.75016622e+06 1.85207227e+00
1.75025187e+06 1.84586362e+00
1.75234000e+06 1.82592039e+00
1.75393500e+06 1.83308309e+00
1.75553000e+06 1.85901795e+00
1.75713000e+06 1.83666506e+00
1.76034000e+06 1.84998247e+00
1.76194000e+06 1.84722103e+00
1.76355000e+06 1.84860898e+00
1.76516000e+06 1.83112375e+00
1.76677000e+06 1.82442349e+00
1.76839000e+06 1.80986453e+00
1.77001000e+06 1.82685855e+00
1.77162000e+06 1.78968052e+00
1.77487000e+06 1.76082849e+00
1.77650000e+06 1.76695851e+00
1.77812000e+06 1.72878963e+00
1.77975000e+06 1.77404756e+00
1.78139000e+06 1.77071099e+00
1.78214031e+06 1.77126363e+00
1.78237000e+06 1.76411808e+00
1.78272094e+06 1.73612165e+00
1.78281762e+06 1.74006904e+00
1.78291430e+06 1.75230893e+00
1.78297875e+06 1.76357587e+00
1.78318500e+06 1.81304064e+00
1.78335000e+06 1.85488021e+00
1.78359750e+06 1.90666345e+00
1.78400000e+06 1.97833051e+00
1.78433000e+06 2.05035248e+00
1.78445375e+06 2.06332121e+00
1.78457234e+06 2.07267752e+00
1.78466000e+06 2.08952522e+00
1.78499000e+06 2.20015269e+00
1.78507395e+06 2.21096850e+00
1.78508950e+06 2.21118546e+00
1.78519059e+06 2.20296302e+00
1.78531500e+06 2.18038825e+00
1.78580500e+06 2.05405991e+00
1.78597000e+06 2.00297892e+00
1.78630000e+06 1.88469974e+00
1.78638250e+06 1.86273317e+00
1.78656812e+06 1.83085954e+00
1.78695000e+06 1.78878826e+00
1.78721812e+06 1.73890076e+00
1.78728000e+06 1.73406071e+00
1.78761000e+06 1.75004422e+00
1.78767188e+06 1.74769102e+00
1.78789875e+06 1.71987751e+00
1.78802250e+06 1.71162139e+00
1.78860000e+06 1.71949279e+00
1.78958000e+06 1.68802932e+00
1.79075176e+06 1.71931216e+00
1.79080977e+06 1.71937541e+00
1.79162188e+06 1.71819280e+00
1.79255000e+06 1.70932728e+00
1.79354000e+06 1.75038382e+00
1.79453000e+06 1.75937768e+00
1.79564375e+06 1.79688440e+00
1.79573656e+06 1.79701327e+00
1.79629344e+06 1.79661961e+00
1.79751000e+06 1.80923708e+00
1.79850000e+06 1.80464282e+00
1.79950000e+06 1.82422145e+00
1.80049000e+06 1.85821785e+00
1.80149000e+06 1.85783994e+00
1.80210875e+06 1.87574771e+00
1.80227750e+06 1.89471262e+00
1.80279938e+06 1.98005980e+00
1.80315000e+06 1.99137345e+00
1.80323250e+06 2.00224052e+00
1.80334852e+06 2.02983397e+00
1.80343359e+06 2.05811710e+00
1.80352250e+06 2.09608557e+00
1.80370844e+06 2.18807704e+00
1.80377750e+06 2.21282292e+00
1.80385348e+06 2.22491199e+00
1.80385924e+06 2.22513947e+00
1.80393734e+06 2.22060451e+00
1.80407395e+06 2.20393254e+00
1.80408039e+06 2.20385916e+00
1.80412293e+06 2.20688808e+00
1.80418223e+06 2.22270747e+00
1.80425312e+06 2.25843823e+00
1.80429438e+06 2.28527630e+00
1.80459016e+06 2.50099877e+00
1.80499406e+06 2.78614864e+00
1.80510875e+06 2.87860700e+00
1.80523250e+06 3.00267822e+00
1.80541812e+06 3.20457679e+00
1.80548000e+06 3.25666899e+00
1.80554375e+06 3.29418581e+00
1.80561547e+06 3.31919302e+00
1.80571109e+06 3.33086180e+00
1.80577359e+06 3.32510970e+00
1.80585078e+06 3.30100400e+00
1.80594363e+06 3.24780763e+00
1.80599789e+06 3.20829702e+00
1.80645938e+06 2.82418920e+00
1.80682000e+06 2.56589550e+00
1.80688188e+06 2.51230202e+00
1.80715000e+06 2.24477195e+00
1.80726859e+06 2.13906567e+00
1.80735754e+06 2.06993106e+00
1.80742078e+06 2.02822593e+00
1.80748055e+06 1.99737729e+00
1.80756500e+06 1.96952749e+00
1.80782000e+06 1.93057345e+00
1.80798500e+06 1.89683020e+00
1.80810875e+06 1.85895565e+00
1.80817125e+06 1.83313882e+00
1.80838906e+06 1.72272138e+00
1.80844750e+06 1.69879793e+00
1.80850695e+06 1.68265102e+00
1.80857625e+06 1.67511771e+00
1.80858780e+06 1.67489475e+00
1.80865708e+06 1.67794342e+00
1.80893423e+06 1.71480770e+00
1.80930375e+06 1.76546519e+00
1.80943938e+06 1.77586912e+00
1.81200000e+06 1.84272255e+00
1.81401500e+06 1.86283302e+00
1.81469000e+06 1.86868803e+00
1.81603000e+06 1.92816550e+00
1.81738000e+06 1.96712096e+00
1.81872000e+06 2.08620619e+00
1.82007000e+06 2.14024341e+00
1.82278000e+06 2.33223459e+00
1.82413000e+06 2.46336637e+00
1.82548000e+06 2.51318123e+00
1.82701000e+06 2.62937470e+00
1.82871000e+06 2.82768995e+00
1.83041000e+06 3.05113373e+00
1.83211000e+06 3.29922987e+00
1.83382000e+06 3.58393275e+00
1.83518000e+06 3.83940352e+00
1.83621000e+06 4.00598787e+00
1.83724000e+06 4.27219945e+00
1.83826000e+06 4.61347035e+00
1.83929000e+06 4.93100327e+00
1.84083500e+06 5.45550105e+00
1.84238000e+06 6.02270075e+00
1.84310000e+06 6.30631523e+00
1.84341000e+06 6.38282710e+00
1.84390000e+06 6.47151263e+00
1.84496000e+06 6.70414020e+00
1.84548000e+06 6.81310248e+00
1.84651000e+06 7.05597468e+00
1.84755000e+06 7.14349611e+00
1.84858000e+06 7.41591568e+00
1.84962000e+06 7.53259096e+00
1.85066000e+06 7.44951779e+00
1.85170000e+06 7.46933012e+00
1.85274000e+06 7.59562921e+00
1.85378000e+06 7.76513079e+00
1.85475500e+06 7.71342906e+00
1.85508000e+06 7.64264952e+00
1.85899000e+06 6.62796042e+00
1.86004000e+06 6.58378948e+00
1.86108000e+06 6.45944978e+00
1.86213000e+06 6.31056208e+00
1.86353000e+06 6.25866503e+00
1.86730000e+06 5.82210090e+00
1.86878000e+06 5.57467100e+00
1.87054000e+06 5.33292731e+00
1.87494000e+06 4.81550997e+00
1.87582000e+06 4.70831705e+00
1.87759000e+06 4.57666980e+00
1.87936000e+06 4.37676304e+00
1.88113000e+06 4.20337090e+00
1.88291000e+06 3.97590241e+00
1.88468000e+06 3.77579391e+00
1.88824000e+06 3.47000159e+00
1.89003000e+06 3.22282233e+00
1.89182000e+06 3.12882914e+00
1.89361000e+06 2.95643702e+00
1.89719000e+06 2.63041056e+00
1.89899000e+06 2.47602191e+00
1.90079000e+06 2.33099547e+00
1.90331000e+06 2.06523898e+00
1.90440000e+06 2.06607702e+00
1.90548000e+06 1.98825697e+00
1.90656000e+06 2.02349361e+00
1.90765000e+06 2.00134559e+00
1.90867188e+06 2.03978740e+00
1.90969375e+06 2.13085587e+00
1.90983000e+06 2.14981907e+00
1.91091000e+06 2.37319842e+00
1.91200000e+06 2.54300829e+00
1.91309000e+06 2.81532122e+00
1.91437000e+06 3.04054368e+00
1.91583000e+06 3.41441125e+00
1.91728000e+06 3.66929122e+00
1.91874000e+06 3.84724247e+00
1.92021000e+06 3.95018439e+00
1.92167000e+06 3.99490501e+00
1.92314000e+06 4.08455837e+00
1.92460000e+06 4.18826043e+00
1.92570000e+06 4.19705058e+00
1.92644000e+06 4.26840843e+00
1.92707875e+06 4.38552993e+00
1.92717000e+06 4.41465312e+00
1.92791000e+06 4.75302610e+00
1.92804875e+06 4.78541146e+00
1.92855750e+06 4.81178970e+00
1.92867266e+06 4.79487974e+00
1.92878781e+06 4.75684706e+00
1.92938500e+06 4.47123082e+00
1.93007406e+06 4.09642151e+00
1.93018938e+06 4.05385151e+00
1.93086000e+06 3.91931647e+00
1.93159000e+06 3.81774621e+00
1.93168250e+06 3.81510378e+00
1.93233000e+06 3.81939367e+00
1.93307000e+06 3.81082214e+00
1.93510000e+06 3.64576098e+00
1.93881000e+06 3.59063100e+00
1.94253000e+06 3.43714135e+00
1.94439000e+06 3.43996498e+00
1.94625500e+06 3.42748453e+00
1.94812000e+06 3.38313187e+00
1.94999000e+06 3.39495461e+00
1.95186000e+06 3.36531463e+00
1.95374000e+06 3.36842450e+00
1.95562000e+06 3.40855861e+00
1.95938000e+06 3.53737752e+00
1.96108000e+06 3.67272928e+00
1.96259000e+06 3.75920871e+00
1.96410000e+06 3.90495097e+00
1.96562000e+06 4.12597853e+00
1.96713000e+06 4.31839719e+00
1.96865000e+06 4.61927825e+00
1.97017000e+06 4.78615602e+00
1.97169000e+06 5.03068178e+00
1.97321000e+06 5.10650410e+00
1.97474000e+06 5.12112378e+00
1.97626500e+06 4.86757296e+00
1.97779000e+06 4.71999145e+00
1.97932000e+06 4.41399858e+00
1.98086000e+06 4.07432341e+00
1.98239000e+06 3.80798116e+00
1.98392000e+06 3.63031917e+00
1.98546000e+06 3.49337589e+00
1.98705312e+06 3.28249483e+00
1.98736594e+06 3.25807747e+00
1.98756445e+06 3.27193241e+00
1.98816000e+06 3.36318633e+00
1.98900219e+06 3.49893819e+00
1.98956916e+06 3.48584710e+00
1.98970000e+06 3.46804018e+00
1.99047000e+06 3.23317140e+00
1.99124000e+06 3.01233387e+00
1.99202000e+06 2.90361081e+00
1.99279000e+06 2.83060701e+00
1.99375875e+06 2.85030631e+00
1.99424312e+06 2.85177727e+00
1.99434000e+06 2.85088294e+00
1.99582000e+06 2.77917507e+00
1.99730000e+06 2.71728367e+00
2.00113000e+06 2.61315129e+00
2.00308000e+06 2.52642543e+00
2.00503000e+06 2.48057001e+00
2.00698000e+06 2.38446777e+00
2.00893000e+06 2.38626000e+00
2.01089000e+06 2.30439556e+00
2.01285000e+06 2.29064435e+00
2.01482000e+06 2.26328830e+00
2.01678000e+06 2.24578728e+00
2.01875000e+06 2.20284579e+00
2.02073000e+06 2.18931869e+00
2.02270000e+06 2.15362628e+00
2.02468000e+06 2.14604040e+00
2.02666000e+06 2.08377683e+00
2.02865000e+06 2.03529508e+00
2.03063000e+06 2.02095611e+00
2.03271000e+06 1.98677013e+00
2.03462000e+06 1.91810951e+00
2.03661000e+06 1.83647542e+00
2.03796625e+06 1.78480591e+00
2.03806000e+06 1.77148099e+00
2.03841000e+06 1.68889578e+00
2.03878500e+06 1.60007000e+00
2.03961000e+06 1.47294628e+00
2.04041000e+06 1.31193661e+00
2.04098586e+06 1.22235851e+00
2.04111875e+06 1.20691379e+00
2.04120734e+06 1.20350507e+00
2.04127535e+06 1.20660641e+00
2.04134336e+06 1.21420351e+00
2.04147938e+06 1.23607035e+00
2.04197000e+06 1.32927958e+00
2.04222000e+06 1.39126023e+00
2.04272000e+06 1.52966993e+00
2.04282000e+06 1.56011834e+00
2.04348875e+06 1.78898055e+00
2.04363281e+06 1.82818951e+00
2.04372125e+06 1.84336478e+00
2.04443000e+06 1.89803167e+00
2.04523000e+06 1.92417574e+00
2.04644000e+06 1.88343731e+00
2.04805000e+06 1.89929468e+00
2.04926125e+06 1.84542502e+00
2.05128000e+06 1.72722617e+00
2.05289000e+06 1.75138071e+00
2.05451000e+06 1.74177132e+00
2.05613000e+06 1.72015632e+00
2.05730606e+06 1.74379499e+00
2.05747406e+06 1.75553880e+00
2.05816000e+06 1.83041782e+00
2.05897000e+06 1.94221317e+00
2.05978000e+06 2.07149231e+00
2.06057438e+06 2.18664481e+00
2.06070125e+06 2.22151233e+00
2.06141000e+06 2.48553986e+00
2.06211875e+06 2.68560552e+00
2.06222000e+06 2.70409260e+00
2.06237375e+06 2.71725805e+00
2.06273811e+06 2.72171584e+00
2.06287664e+06 2.71801323e+00
2.06298555e+06 2.70381806e+00
2.06307000e+06 2.67849044e+00
2.06315250e+06 2.64004356e+00
2.06335875e+06 2.51536934e+00
2.06382000e+06 2.22508928e+00
2.06394000e+06 2.15998386e+00
2.06439328e+06 1.95318494e+00
2.06458625e+06 1.87234355e+00
2.06469750e+06 1.83582533e+00
2.06488516e+06 1.79449956e+00
2.06504969e+06 1.76242425e+00
2.06542938e+06 1.69918667e+00
2.06548000e+06 1.69377741e+00
2.06630000e+06 1.65650157e+00
2.06752000e+06 1.59212881e+00
2.06916000e+06 1.60342752e+00
2.07010000e+06 1.59721073e+00
2.07080000e+06 1.58535837e+00
2.07244000e+06 1.57480146e+00
2.07367000e+06 1.63228745e+00
2.07408000e+06 1.64151411e+00
2.07572000e+06 1.62435612e+00
2.07737000e+06 1.68033217e+00
2.07902000e+06 1.71769948e+00
2.08017312e+06 1.71128183e+00
2.08030188e+06 1.72211219e+00
2.08035375e+06 1.72980064e+00
2.08179750e+06 2.02797653e+00
2.08190000e+06 2.05606603e+00
2.08210750e+06 2.12725380e+00
2.08267812e+06 2.35363792e+00
2.08273000e+06 2.37810739e+00
2.08350812e+06 2.79970297e+00
2.08366250e+06 2.86671135e+00
2.08418781e+06 3.04300636e+00
2.08432875e+06 3.07925114e+00
2.08443188e+06 3.09110016e+00
2.08474961e+06 3.07630595e+00
2.08506734e+06 3.04709255e+00
2.08521000e+06 3.02001580e+00
2.08526188e+06 3.00450404e+00
2.08594274e+06 2.72690054e+00
2.08602703e+06 2.70293405e+00
2.08611781e+06 2.68999840e+00
2.08620008e+06 2.68805338e+00
2.08644690e+06 2.69416170e+00
2.08682299e+06 2.71951121e+00
2.08723312e+06 2.79098835e+00
2.08759625e+06 2.86128518e+00
2.08770000e+06 2.89188482e+00
2.08785562e+06 2.95408297e+00
2.08853000e+06 3.27178407e+00
2.08936000e+06 3.60916304e+00
2.09013812e+06 3.98779021e+00
2.09024188e+06 4.01905096e+00
2.09082547e+06 4.08310012e+00
2.09102000e+06 4.09077790e+00
2.09164250e+06 4.04440950e+00
2.09185000e+06 4.01549865e+00
2.09268000e+06 3.82979780e+00
2.09351000e+06 3.75253076e+00
2.09435000e+06 3.72197105e+00
2.09518000e+06 3.76260427e+00
2.09601000e+06 3.76154097e+00
2.09735500e+06 3.81799029e+00
2.09870000e+06 3.84421801e+00
2.10049500e+06 3.79145182e+00
2.10229000e+06 3.75789519e+00
2.10816500e+06 3.56922942e+00
2.10901000e+06 3.54125204e+00
2.11027000e+06 3.62197401e+00
2.11111000e+06 3.60686096e+00
2.11185180e+06 3.64579939e+00
2.11209906e+06 3.67955315e+00
2.11358750e+06 3.99275322e+00
2.11394562e+06 4.13561107e+00
2.11486250e+06 4.52417092e+00
2.11530500e+06 4.72813726e+00
2.11612750e+06 5.23389375e+00
2.11623312e+06 5.27859606e+00
2.11681750e+06 5.40522177e+00
2.11703000e+06 5.42075593e+00
2.11745250e+06 5.35559643e+00
2.11787500e+06 5.24549533e+00
2.11872000e+06 4.86880305e+00
2.11957000e+06 4.53145648e+00
2.11999500e+06 4.26663355e+00
2.12039344e+06 4.01292282e+00
2.12051750e+06 3.95382959e+00
2.12118812e+06 3.73163362e+00
2.12127000e+06 3.70984719e+00
2.12360750e+06 3.25869388e+00
2.12382000e+06 3.23313106e+00
2.12467000e+06 3.25004861e+00
2.12574000e+06 3.11183148e+00
2.12701000e+06 2.98556203e+00
2.12829000e+06 2.87990601e+00
2.13000000e+06 2.88468933e+00
2.13214000e+06 2.79155156e+00
2.13428000e+06 2.73861096e+00
2.13643000e+06 2.64221227e+00
2.13858000e+06 2.61940129e+00
2.14073000e+06 2.53956186e+00
2.14288000e+06 2.49012807e+00
2.14504000e+06 2.46967116e+00
2.14828000e+06 2.51603228e+00
2.14936000e+06 2.53272222e+00
2.15363875e+06 2.38180523e+00
2.15588000e+06 2.36927508e+00
2.15805000e+06 2.38051731e+00
2.16023000e+06 2.36143257e+00
2.16248844e+06 2.31050267e+00
2.16255688e+06 2.31043115e+00
2.16461000e+06 2.31119595e+00
2.16636000e+06 2.30768464e+00
2.16767500e+06 2.40912301e+00
2.16899000e+06 2.55856184e+00
2.17031000e+06 2.73760620e+00
2.17163000e+06 2.93880000e+00
2.17276438e+06 2.96491845e+00
2.17295258e+06 2.96002236e+00
2.17427000e+06 2.83394406e+00
2.17559000e+06 2.78248551e+00
2.17692000e+06 2.69010983e+00
2.17824000e+06 2.62498432e+00
2.17950250e+06 2.44490982e+00
2.17970828e+06 2.43156902e+00
2.18134000e+06 2.42864779e+00
2.18578000e+06 2.29279385e+00
2.18800000e+06 2.24152697e+00
2.19022000e+06 2.17466255e+00
2.19245000e+06 2.16843896e+00
2.19490000e+06 2.17500150e+00
2.19703000e+06 2.15865224e+00
2.20141000e+06 2.07640696e+00
2.20365000e+06 2.05563962e+00
2.20590000e+06 2.04579478e+00
2.20816000e+06 2.07702147e+00
2.21047562e+06 2.01347445e+00
2.21053125e+06 2.01334377e+00
2.21208875e+06 2.01437842e+00
2.21268000e+06 2.00388868e+00
2.21494000e+06 1.99578893e+00
2.21902750e+06 2.02116869e+00
2.22039000e+06 2.04582922e+00
2.22312000e+06 2.27570073e+00
2.22446750e+06 2.42890831e+00
2.22517500e+06 2.60361735e+00
2.22586000e+06 2.77467817e+00
2.22705875e+06 2.95817388e+00
2.22723000e+06 2.97561222e+00
2.22848227e+06 3.00074119e+00
2.22905488e+06 2.96298161e+00
2.22979875e+06 2.90590020e+00
2.22997000e+06 2.89513481e+00
2.23135000e+06 2.76229360e+00
2.23272000e+06 2.53642546e+00
2.23410000e+06 2.41814535e+00
2.23554000e+06 2.30574177e+00
2.23686000e+06 2.10359841e+00
2.23824000e+06 2.03332751e+00
2.24008000e+06 1.95767999e+00
2.24239000e+06 1.85624823e+00
2.24701000e+06 1.78404873e+00
2.24933000e+06 1.77410524e+00
2.25165000e+06 1.78868334e+00
2.25397500e+06 1.70521896e+00
2.25900000e+06 1.66175469e+00
2.26097000e+06 1.59811599e+00
2.26330000e+06 1.50308275e+00
2.26565000e+06 1.50833949e+00
2.26799000e+06 1.48962330e+00
2.27034500e+06 1.53971636e+00
2.27270000e+06 1.64043744e+00
2.27550000e+06 1.68972435e+00
2.27741000e+06 1.83294544e+00
2.27978000e+06 2.08420831e+00
2.28207594e+06 2.44582109e+00
2.28215000e+06 2.45252645e+00
2.28330000e+06 2.47031639e+00
2.28452000e+06 2.50834623e+00
2.28689000e+06 2.89039339e+00
2.28927000e+06 3.10383461e+00
2.29166000e+06 3.24145444e+00
2.29285000e+06 3.21768809e+00
2.29404000e+06 3.16195860e+00
2.29643000e+06 2.96865470e+00
2.29883000e+06 2.86002641e+00
2.30123000e+06 2.81765799e+00
2.30363000e+06 2.78357139e+00
2.30500000e+06 2.73754751e+00
2.30603000e+06 2.69072647e+00
2.30844000e+06 2.63096294e+00
2.31086000e+06 2.52835123e+00
2.31327000e+06 2.43993139e+00
2.31569000e+06 2.30408316e+00
2.31812000e+06 2.24138531e+00
2.32055000e+06 2.21091416e+00
2.32541000e+06 2.13962436e+00
2.32785000e+06 2.08763795e+00
2.33030000e+06 2.11749512e+00
2.33140000e+06 2.09886690e+00
2.33274000e+06 2.06324119e+00
2.33519000e+06 1.92585932e+00
2.33728000e+06 1.97016882e+00
2.33937000e+06 1.99797370e+00
2.34134000e+06 1.93986708e+00
2.34331000e+06 2.00324151e+00
2.34528500e+06 1.95388241e+00
2.34726000e+06 1.93043661e+00
2.34924000e+06 2.02573194e+00
2.35122000e+06 1.96975222e+00
2.35519000e+06 1.94145633e+00
2.35630000e+06 1.94131056e+00
2.35718000e+06 1.93138602e+00
2.35917000e+06 1.92276295e+00
2.36117000e+06 1.89039996e+00
2.36316000e+06 1.84052741e+00
2.36513438e+06 1.86277725e+00
2.36667000e+06 1.93099207e+00
2.36767000e+06 1.93397749e+00
2.36854500e+06 1.96736359e+00
2.36867000e+06 1.97888947e+00
2.36957000e+06 2.12339944e+00
2.37047000e+06 2.27887283e+00
2.37068000e+06 2.32859580e+00
2.37118000e+06 2.49468173e+00
2.37268000e+06 3.03780627e+00
2.37343750e+06 3.21928511e+00
2.37369000e+06 3.26215586e+00
2.37446723e+06 3.29686901e+00
2.37450372e+06 3.29699257e+00
2.37462727e+06 3.29318490e+00
2.37480138e+06 3.27109500e+00
2.37488844e+06 3.25436467e+00
2.37570500e+06 3.04631626e+00
2.37671000e+06 2.69483605e+00
2.37690000e+06 2.63969536e+00
2.37824883e+06 2.30952952e+00
2.37869844e+06 2.20269174e+00
2.37891938e+06 2.17186752e+00
2.38075000e+06 2.02318581e+00
2.38176000e+06 1.96615252e+00
2.38327000e+06 1.92252982e+00
2.38530000e+06 1.88591790e+00
2.38717500e+06 1.89032635e+00
2.38780000e+06 1.90249119e+00
2.38935000e+06 1.91329298e+00
2.39138500e+06 1.89926588e+00
2.39348375e+06 1.77492572e+00
2.39354750e+06 1.77387197e+00
2.39552375e+06 1.77596282e+00
2.39750000e+06 1.79410353e+00
2.39954000e+06 1.82050447e+00
2.40159000e+06 1.79872219e+00
2.40359375e+06 1.87061042e+00
2.40569000e+06 1.78938979e+00
2.40774000e+06 1.81617326e+00
2.40980000e+06 1.70792945e+00
2.41186000e+06 1.71123317e+00
2.41392000e+06 1.72832629e+00
2.41598500e+06 1.70156159e+00
2.41805000e+06 1.68372901e+00
2.42012000e+06 1.64634106e+00
2.42219500e+06 1.64839782e+00
2.42427000e+06 1.69199868e+00
2.42556688e+06 1.68155801e+00
2.42842000e+06 1.61916829e+00
2.43051000e+06 1.61956749e+00
2.43259000e+06 1.54586635e+00
2.43468000e+06 1.39484891e+00
2.43677000e+06 1.31760989e+00
2.43886000e+06 1.15688290e+00
2.44089438e+06 9.78560840e-01
2.44119500e+06 9.63573949e-01
2.44143000e+06 9.53999400e-01
2.44190000e+06 9.40001316e-01
2.44291500e+06 9.33991024e-01
2.44305312e+06 9.37022886e-01
2.44319125e+06 9.44381878e-01
2.44516000e+06 1.10843668e+00
2.44712875e+06 1.32782926e+00
2.44726000e+06 1.34769161e+00
2.44778750e+06 1.45210494e+00
2.44930406e+06 1.76720668e+00
2.44937000e+06 1.77801012e+00
2.45148000e+06 2.03044004e+00
2.45359000e+06 2.41759640e+00
2.45571000e+06 2.73410319e+00
2.45783000e+06 2.94341485e+00
2.45930000e+06 3.05198795e+00
2.45995000e+06 3.11421403e+00
2.46220209e+06 3.20850156e+00
2.46258908e+06 3.20102868e+00
2.46633000e+06 2.97378148e+00
2.46846000e+06 2.81795024e+00
2.47059000e+06 2.69791740e+00
2.47273000e+06 2.70748468e+00
2.47487000e+06 2.58317607e+00
2.47701500e+06 2.59652690e+00
2.47916000e+06 2.64558839e+00
2.48131000e+06 2.67091444e+00
2.48346000e+06 2.73389588e+00
2.48561000e+06 2.77528447e+00
2.48723000e+06 2.83975547e+00
2.48939000e+06 2.96013668e+00
2.49047000e+06 3.09327554e+00
2.49155000e+06 3.30454000e+00
2.49263000e+06 3.53224725e+00
2.49372000e+06 3.68714901e+00
2.49390000e+06 3.72634460e+00
2.49480000e+06 3.98243447e+00
2.49588000e+06 4.36739186e+00
2.49750750e+06 4.68300849e+00
2.49805000e+06 4.76865329e+00
2.49914000e+06 4.63832142e+00
2.50023000e+06 4.54742320e+00
2.50131000e+06 4.22934183e+00
2.50240000e+06 3.89544263e+00
2.50349000e+06 3.69233166e+00
2.50458000e+06 3.52395873e+00
2.50594000e+06 3.35458762e+00
2.50758000e+06 3.20818548e+00
2.50922000e+06 3.16533661e+00
2.51086000e+06 3.10426197e+00
2.51250000e+06 2.95660410e+00
2.51415000e+06 2.90939558e+00
2.51579000e+06 2.95234320e+00
2.51744000e+06 2.90298419e+00
2.51909000e+06 2.79081543e+00
2.52074000e+06 2.82489525e+00
2.52294000e+06 2.72656245e+00
2.52570000e+06 2.76615907e+00
2.52846000e+06 2.75445001e+00
2.53123000e+06 2.75857250e+00
2.53400000e+06 2.83371253e+00
2.53677000e+06 2.70625603e+00
2.53955000e+06 2.73599130e+00
2.54234000e+06 2.68236000e+00
2.54513000e+06 2.70767075e+00
2.54792000e+06 2.82610325e+00
2.55072500e+06 2.76030258e+00
2.55353000e+06 2.72490031e+00
2.55633000e+06 2.75970483e+00
2.55915000e+06 2.75689170e+00
2.56196000e+06 2.72260085e+00
2.56485750e+06 2.73570050e+00
2.56532250e+06 2.73542765e+00
2.56760500e+06 2.75255713e+00
2.57044000e+06 2.86327944e+00
2.57328000e+06 2.73639533e+00
2.57612000e+06 2.70922341e+00
2.57840000e+06 2.71060317e+00
2.57896000e+06 2.70425853e+00
2.58181000e+06 2.62274586e+00
2.58467000e+06 2.62380177e+00
2.58753000e+06 2.60215282e+00
2.59039000e+06 2.57083437e+00
2.59326500e+06 2.61615827e+00
2.59614000e+06 2.65206340e+00
2.59902000e+06 2.74060136e+00
2.60190000e+06 2.80287305e+00
2.60417250e+06 2.74474504e+00
2.60594000e+06 2.65243107e+00
2.60768000e+06 2.58610929e+00
2.60942000e+06 2.59111927e+00
2.61116000e+06 2.55880186e+00
2.61290000e+06 2.64861638e+00
2.61464000e+06 2.54557328e+00
2.61638500e+06 2.60865155e+00
2.61813000e+06 2.65654689e+00
2.61988000e+06 2.60310401e+00
2.62178875e+06 2.57801128e+00
2.62290000e+06 2.57847751e+00
2.62339000e+06 2.57609870e+00
2.62514000e+06 2.59093285e+00
2.62690000e+06 2.56274919e+00
2.62865000e+06 2.47595303e+00
2.63041000e+06 2.55434518e+00
2.63217000e+06 2.44565332e+00
2.63340000e+06 2.43114740e+00
2.63564706e+06 2.43710979e+00
2.63802812e+06 2.46725900e+00
2.63883215e+06 2.46692840e+00
2.63924000e+06 2.46942088e+00
2.64101000e+06 2.52013545e+00
2.64278000e+06 2.49441015e+00
2.64455000e+06 2.45678652e+00
2.64633000e+06 2.44838191e+00
2.64810000e+06 2.35754877e+00
2.64988000e+06 2.38970596e+00
2.65166000e+06 2.36939264e+00
2.65335887e+06 2.40104468e+00
2.65360156e+06 2.41751364e+00
2.65487891e+06 2.54341630e+00
2.65493000e+06 2.54508643e+00
2.65612000e+06 2.52192573e+00
2.65709617e+06 2.57099545e+00
2.65727281e+06 2.59330634e+00
2.65739367e+06 2.62490799e+00
2.65796078e+06 2.85940957e+00
2.65850000e+06 3.08668673e+00
2.65955000e+06 3.50113398e+00
2.65970000e+06 3.54827454e+00
2.66024750e+06 3.66021857e+00
2.66079500e+06 3.75341696e+00
2.66098336e+06 3.76868582e+00
2.66191717e+06 3.75088543e+00
2.66205057e+06 3.73134987e+00
2.66216902e+06 3.69175077e+00
2.66271985e+06 3.39521729e+00
2.66324266e+06 3.11082392e+00
2.66343000e+06 3.03243962e+00
2.66433000e+06 2.74342380e+00
2.66448000e+06 2.70466988e+00
2.66567000e+06 2.49987535e+00
2.66687000e+06 2.33287691e+00
2.66927000e+06 2.23927372e+00
2.67077000e+06 2.25188165e+00
2.67257000e+06 2.22056973e+00
2.67437000e+06 2.28039736e+00
2.67618000e+06 2.24060227e+00
2.67799000e+06 2.25469693e+00
2.67979000e+06 2.20602825e+00
2.68161000e+06 2.16428944e+00
2.68353312e+06 2.10687626e+00
2.68374523e+06 2.10611121e+00
2.68523000e+06 2.10673715e+00
2.68705000e+06 2.10121854e+00
2.68887000e+06 2.16581612e+00
2.69069000e+06 2.13332775e+00
2.69251000e+06 2.23018781e+00
2.69433000e+06 2.38535512e+00
2.69616000e+06 2.49619367e+00
2.69799000e+06 2.55493837e+00
2.69982000e+06 2.52346994e+00
2.70165000e+06 2.50857421e+00
2.70348000e+06 2.45761122e+00
2.70531000e+06 2.39573826e+00
2.70715000e+06 2.35509257e+00
2.70899000e+06 2.35939665e+00
2.71083000e+06 2.27485119e+00
2.71258000e+06 2.28223372e+00
2.71447250e+06 2.32333723e+00
2.71636500e+06 2.25826174e+00
2.71821000e+06 2.25062477e+00
2.72006000e+06 2.16922498e+00
2.72191000e+06 2.12792040e+00
2.72377000e+06 2.10220118e+00
2.72562000e+06 2.00591178e+00
2.72934000e+06 1.77082620e+00
2.73120000e+06 1.71825157e+00
2.73306500e+06 1.77475186e+00
2.73493000e+06 1.86864949e+00
2.73680000e+06 1.93462577e+00
2.73943750e+06 1.97826656e+00
2.74054000e+06 1.99762435e+00
2.74241000e+06 1.97479323e+00
2.74429000e+06 2.08049518e+00
2.74616000e+06 1.96834492e+00
2.74992000e+06 2.04395622e+00
2.75298000e+06 2.01477764e+00
2.75400000e+06 2.00403793e+00
2.75652000e+06 2.06764009e+00
2.75904000e+06 2.05739346e+00
2.76156000e+06 1.95928290e+00
2.76409000e+06 1.91852597e+00
2.76662000e+06 1.95442011e+00
2.76915000e+06 1.97236420e+00
2.77169000e+06 2.01735318e+00
2.77423000e+06 2.10010588e+00
2.77677000e+06 2.12452621e+00
2.77932000e+06 2.18128936e+00
2.78187000e+06 2.16417523e+00
2.78443000e+06 2.17124889e+00
2.78698000e+06 2.16670930e+00
2.78955000e+06 2.20557328e+00
2.79211000e+06 2.18778663e+00
2.79468000e+06 2.20911758e+00
2.79729750e+06 2.19681888e+00
2.79991500e+06 2.14793367e+00
2.80241000e+06 2.14297939e+00
2.80499500e+06 2.17950220e+00
2.80758000e+06 2.23996237e+00
2.80887500e+06 2.22508344e+00
2.81017000e+06 2.20458119e+00
2.81276000e+06 2.28423120e+00
2.81536000e+06 2.23494784e+00
2.81796000e+06 2.26860206e+00
2.82056000e+06 2.25844943e+00
2.82578000e+06 2.41057194e+00
2.82709000e+06 2.38422652e+00
2.82840000e+06 2.34957519e+00
2.83380375e+06 2.50939434e+00
2.83757500e+06 2.56288165e+00
2.83889000e+06 2.58033179e+00
2.84153000e+06 2.73867826e+00
2.84416000e+06 2.73295619e+00
2.84680500e+06 2.79132886e+00
2.84945000e+06 2.86942268e+00
2.85210000e+06 2.92185783e+00
2.85475000e+06 2.93585170e+00
2.85741000e+06 2.78496800e+00
2.86273000e+06 2.82226558e+00
2.86390000e+06 2.81645087e+00
2.86555719e+06 2.84474179e+00
2.86814859e+06 2.84391808e+00
2.87074000e+06 2.81787733e+00
2.87308000e+06 2.64153741e+00
2.87509000e+06 2.41306211e+00
2.87703250e+06 2.24546641e+00
2.87912000e+06 2.17808014e+00
2.88114000e+06 2.09358156e+00
2.88316000e+06 1.98086047e+00
2.88518000e+06 1.99664350e+00
2.88720000e+06 1.94458639e+00
2.89125000e+06 1.93001713e+00
2.89328000e+06 1.85364170e+00
2.89532000e+06 1.87380088e+00
2.89735000e+06 1.86353539e+00
2.89939000e+06 1.88454670e+00
2.90143000e+06 1.81768855e+00
2.90347000e+06 1.88777096e+00
2.90551000e+06 1.83776303e+00
2.90755000e+06 1.76191342e+00
2.90960000e+06 1.73726933e+00
2.91165000e+06 1.72413864e+00
2.91370000e+06 1.72099558e+00
2.91575000e+06 1.74052010e+00
2.91630000e+06 1.73297935e+00
2.91747000e+06 1.70621836e+00
2.91884000e+06 1.68433511e+00
2.92021000e+06 1.64216915e+00
2.92177676e+06 1.68309925e+00
2.92184414e+06 1.68319362e+00
2.92265273e+06 1.68211510e+00
2.92298094e+06 1.68654654e+00
2.92433500e+06 1.76157518e+00
2.92571000e+06 1.80933040e+00
2.92709000e+06 1.81071066e+00
2.92985000e+06 1.95527909e+00
2.93123000e+06 2.06080129e+00
2.93261000e+06 2.11295642e+00
2.93537000e+06 2.40970510e+00
2.93676000e+06 2.61402023e+00
2.93805375e+06 2.89228512e+00
2.93814000e+06 2.89996192e+00
2.93953000e+06 2.83725652e+00
2.94091000e+06 2.85973034e+00
2.94230000e+06 2.64461411e+00
2.94369000e+06 2.47712287e+00
2.94508000e+06 2.22643303e+00
2.94647000e+06 2.03620067e+00
2.94786000e+06 1.86765342e+00
2.95065000e+06 1.69030378e+00
2.95205000e+06 1.65269094e+00
2.95414000e+06 1.56304331e+00
2.95693000e+06 1.54246298e+00
2.96254000e+06 1.54569371e+00
2.96823500e+06 1.49592817e+00
2.97097000e+06 1.41960730e+00
2.97379000e+06 1.39665053e+00
2.97662000e+06 1.40087505e+00
2.97945000e+06 1.31396374e+00
2.98228000e+06 1.27281518e+00
2.98515750e+06 1.37621934e+00
2.98516938e+06 1.37623713e+00
2.98530000e+06 1.37485455e+00
2.98795000e+06 1.29241077e+00
2.99062000e+06 1.32788930e+00
2.99329000e+06 1.40475956e+00
2.99543000e+06 1.46352066e+00
2.99757000e+06 1.60943522e+00
2.99971000e+06 1.71419642e+00
3.00186000e+06 1.77922887e+00
3.00400000e+06 1.93579621e+00
3.00615000e+06 2.07868985e+00
3.00831000e+06 2.23930757e+00
3.01046000e+06 2.33805058e+00
3.01262000e+06 2.52569923e+00
3.01478000e+06 2.54749445e+00
3.01694000e+06 2.49344667e+00
3.01910000e+06 2.50688674e+00
3.02127000e+06 2.43858224e+00
3.02344000e+06 2.32919300e+00
3.02561000e+06 2.24829588e+00
3.02778000e+06 2.20354828e+00
3.02996000e+06 2.10836103e+00
3.03213000e+06 2.11022142e+00
3.03431000e+06 2.10801469e+00
3.03650000e+06 2.16316739e+00
3.03868000e+06 2.11518635e+00
3.04081000e+06 2.12672041e+00
3.04294000e+06 2.19159301e+00
3.04315703e+06 2.18376085e+00
3.04525500e+06 2.01967333e+00
3.04745000e+06 1.96832273e+00
3.04964000e+06 1.88072566e+00
3.05184000e+06 1.78157674e+00
3.05404000e+06 1.73307520e+00
3.05575965e+06 1.74168758e+00
3.05600531e+06 1.75051629e+00
3.05735000e+06 1.84049605e+00
3.05863625e+06 1.97565642e+00
3.05882000e+06 2.00270967e+00
3.05941000e+06 2.12559379e+00
3.06029000e+06 2.31460099e+00
3.06177000e+06 2.51928886e+00
3.06300170e+06 2.61914352e+00
3.06318258e+06 2.62444934e+00
3.06335163e+06 2.61066941e+00
3.06472000e+06 2.35758392e+00
3.06619000e+06 2.02821424e+00
3.06767000e+06 1.76099825e+00
3.06905750e+06 1.55261464e+00
3.06915000e+06 1.54324273e+00
3.06933500e+06 1.53292612e+00
3.07063000e+06 1.51037227e+00
3.07285000e+06 1.49848172e+00
3.07879000e+06 1.48303071e+00
3.08164500e+06 1.53186025e+00
3.08450000e+06 1.63990589e+00
3.08474000e+06 1.64383655e+00
3.08773000e+06 1.63234347e+00
3.09072000e+06 1.67826854e+00
3.09371000e+06 1.78472329e+00
3.09595000e+06 1.76985069e+00
3.09745000e+06 1.87527003e+00
3.09896000e+06 1.90725790e+00
3.10040250e+06 1.95080612e+00
3.10050688e+06 1.96263844e+00
3.10186625e+06 2.22620763e+00
3.10203031e+06 2.24309428e+00
3.10205375e+06 2.24416708e+00
3.10346000e+06 2.23033323e+00
3.10487562e+06 2.26698755e+00
3.10503500e+06 2.28356016e+00
3.10638438e+06 2.52539893e+00
3.10647000e+06 2.53314735e+00
3.10798000e+06 2.52564124e+00
3.10949000e+06 2.58289279e+00
3.11095281e+06 2.70330899e+00
3.11109880e+06 2.69623563e+00
3.11251000e+06 2.52418551e+00
3.11402000e+06 2.45798312e+00
3.11553000e+06 2.40018446e+00
3.11650000e+06 2.25763980e+00
3.11705000e+06 2.18954779e+00
3.11856000e+06 2.13530370e+00
3.12008000e+06 2.09341506e+00
3.12159000e+06 2.05935788e+00
3.12311000e+06 1.89207141e+00
3.12444000e+06 1.82741013e+00
3.12474875e+06 1.82163379e+00
3.12596000e+06 1.82358715e+00
3.12615000e+06 1.82250405e+00
3.12767000e+06 1.75508093e+00
3.12920000e+06 1.63298853e+00
3.13035781e+06 1.59683960e+00
3.13053594e+06 1.59480300e+00
3.13067258e+06 1.59854227e+00
3.13076773e+06 1.60876667e+00
3.13081531e+06 1.61647830e+00
3.13117273e+06 1.69531781e+00
3.13224500e+06 1.95156045e+00
3.13377000e+06 2.27272011e+00
3.13530000e+06 2.64182844e+00
3.13682000e+06 2.90592058e+00
3.13835000e+06 3.02810670e+00
3.13854250e+06 3.03309897e+00
3.13979375e+06 3.03363888e+00
3.14142000e+06 3.07273503e+00
3.14295000e+06 3.27295828e+00
3.14448000e+06 3.36414817e+00
3.14611562e+06 3.30676965e+00
3.14735875e+06 3.31060580e+00
3.14755000e+06 3.30673579e+00
3.14909000e+06 3.08866543e+00
3.15063000e+06 2.85644331e+00
3.15371000e+06 2.32660689e+00
3.15486500e+06 2.21039906e+00
3.15525000e+06 2.18374439e+00
3.15679000e+06 2.18404850e+00
3.15834000e+06 2.07608396e+00
3.15994000e+06 1.98467964e+00
3.16143000e+06 1.87742255e+00
3.16298000e+06 1.93456364e+00
3.16452000e+06 1.84585205e+00
3.16607000e+06 1.85205388e+00
3.16762000e+06 1.82594084e+00
3.16918000e+06 1.79219275e+00
3.17150500e+06 1.99308850e+00
3.17228000e+06 2.05756689e+00
3.17384000e+06 2.13043167e+00
3.17493160e+06 2.08942060e+00
3.17529547e+06 2.06904564e+00
3.17546000e+06 2.05119787e+00
3.17648844e+06 1.87845499e+00
3.17683125e+06 1.82359017e+00
3.17695000e+06 1.81629851e+00
3.17851000e+06 1.90802669e+00
3.17869625e+06 1.90474936e+00
3.18085000e+06 1.75098072e+00
3.18398000e+06 1.69621966e+00
3.18711000e+06 1.67491458e+00
3.19652000e+06 1.55719668e+00
3.19967000e+06 1.53569662e+00
3.20119453e+06 1.54403839e+00
3.20286750e+06 1.54241765e+00
3.20598000e+06 1.49957470e+00
3.20894500e+06 1.52081481e+00
3.21191000e+06 1.52817209e+00
3.21429000e+06 1.50794541e+00
3.21667000e+06 1.55184074e+00
3.21916156e+06 1.68468006e+00
3.21972867e+06 1.67982183e+00
3.22143000e+06 1.64485201e+00
3.22382000e+06 1.66672268e+00
3.22621000e+06 1.72871904e+00
3.22801000e+06 1.88233334e+00
3.22861000e+06 1.94429359e+00
3.23085062e+06 2.31703557e+00
3.23100000e+06 2.33739510e+00
3.23235000e+06 2.42711157e+00
3.23340000e+06 2.48321928e+00
3.23580000e+06 2.49595610e+00
3.23820500e+06 2.46091678e+00
3.24061000e+06 2.33275246e+00
3.24302000e+06 2.18510121e+00
3.24527938e+06 1.93631305e+00
3.24543000e+06 1.92612926e+00
3.24785000e+06 1.92739604e+00
3.24906000e+06 1.81820482e+00
3.25027000e+06 1.70562872e+00
3.25269000e+06 1.63828333e+00
3.25511000e+06 1.54244043e+00
3.25753000e+06 1.58662674e+00
3.26037000e+06 1.58108926e+00
3.26361000e+06 1.52477510e+00
3.26686000e+06 1.55387161e+00
3.27011000e+06 1.49483721e+00
3.27337000e+06 1.50778132e+00
3.27663000e+06 1.47102104e+00
3.27978938e+06 1.48460994e+00
3.28000000e+06 1.49049849e+00
3.28608873e+06 1.79997679e+00
3.28640168e+06 1.81197202e+00
3.28658243e+06 1.80707092e+00
3.28965750e+06 1.56734861e+00
3.29040000e+06 1.52906345e+00
3.29301000e+06 1.43690148e+00
3.29630000e+06 1.50180310e+00
3.29980000e+06 1.48169198e+00
3.30290000e+06 1.45070189e+00
3.30621000e+06 1.47936649e+00
3.30952000e+06 1.47480665e+00
3.31284000e+06 1.52555563e+00
3.31616000e+06 1.59532195e+00
3.31927250e+06 1.59744781e+00
3.32271125e+06 1.57535236e+00
3.32615000e+06 1.52847779e+00
3.32949500e+06 1.55700212e+00
3.33284000e+06 1.68596440e+00
3.33619000e+06 1.66328317e+00
3.33954000e+06 1.59910266e+00
3.34291000e+06 1.66550071e+00
3.34627000e+06 1.58996041e+00
3.34964500e+06 1.61708036e+00
3.35302000e+06 1.65937005e+00
3.35640000e+06 1.76874610e+00
3.35992500e+06 1.70853249e+00
3.36110000e+06 1.70084985e+00
3.36315500e+06 1.70294066e+00
3.36658000e+06 1.75571207e+00
3.36998000e+06 1.78063709e+00
3.37339000e+06 1.88162992e+00
3.37638000e+06 2.01086002e+00
3.37894000e+06 1.99435162e+00
3.38151000e+06 2.16386627e+00
3.38407000e+06 2.23777937e+00
3.38632312e+06 2.19939370e+00
3.38664500e+06 2.18343752e+00
3.38922000e+06 1.85197895e+00
3.39180000e+06 1.77541107e+00
3.39438000e+06 1.64448558e+00
3.39696000e+06 1.63414178e+00
3.39955000e+06 1.64809776e+00
3.40214000e+06 1.62082625e+00
3.40470750e+06 1.71771827e+00
3.40530000e+06 1.72461421e+00
3.40732000e+06 1.72523507e+00
3.40992000e+06 1.79892357e+00
3.41260141e+06 1.84373222e+00
3.41268281e+06 1.84379951e+00
3.41512500e+06 1.84264842e+00
3.41773000e+06 1.83153643e+00
3.42034500e+06 1.88220031e+00
3.42296000e+06 2.04461756e+00
3.42557000e+06 2.15823569e+00
3.42819000e+06 2.43815345e+00
3.42848484e+06 2.44657989e+00
3.42855656e+06 2.44659042e+00
3.42870000e+06 2.44635922e+00
3.43067812e+06 2.44958327e+00
3.43085043e+06 2.44305306e+00
3.43343500e+06 2.21172723e+00
3.43606000e+06 2.07741141e+00
3.43853500e+06 1.85951099e+00
3.43870000e+06 1.85085453e+00
3.44133000e+06 1.87381233e+00
3.44411500e+06 1.79527231e+00
3.44793000e+06 1.71362879e+00
3.45145000e+06 1.77761400e+00
3.45499000e+06 1.69969904e+00
3.45831000e+06 1.80820743e+00
3.46163000e+06 1.90835377e+00
3.46429000e+06 2.14553212e+00
3.46445656e+06 2.14814797e+00
3.46695500e+06 2.14283637e+00
3.46962000e+06 2.07846030e+00
3.47229000e+06 1.96580839e+00
3.47496000e+06 1.95593223e+00
3.47746312e+06 1.95988602e+00
3.47773002e+06 1.95157645e+00
3.48013207e+06 1.79943404e+00
3.48031000e+06 1.79223416e+00
3.48300000e+06 1.84802045e+00
3.48568500e+06 1.81912882e+00
3.48837000e+06 1.81200874e+00
3.49106000e+06 1.79811433e+00
3.49375500e+06 1.85502963e+00
3.49645000e+06 1.94291118e+00
3.49915000e+06 2.11709326e+00
3.50186000e+06 2.28001677e+00
3.50456000e+06 2.41740500e+00
3.50727500e+06 2.32125066e+00
3.50999000e+06 2.09146790e+00
3.51270000e+06 1.89231526e+00
3.51542000e+06 1.85584178e+00
3.51815000e+06 1.68603043e+00
3.52087500e+06 1.70899772e+00
3.52360000e+06 1.72236686e+00
3.52633500e+06 1.71368082e+00
3.52907000e+06 1.54403409e+00
3.53036990e+06 1.54717112e+00
3.53175646e+06 1.55929052e+00
3.53420438e+06 1.66808270e+00
3.53574844e+06 1.66900567e+00
3.53592000e+06 1.67775273e+00
3.53597719e+06 1.68341450e+00
3.53775000e+06 1.95011712e+00
3.53867000e+06 2.02220438e+00
3.53959000e+06 2.07412493e+00
3.54075659e+06 2.05037676e+00
3.54127089e+06 2.03132164e+00
3.54139633e+06 2.02233622e+00
3.54165438e+06 1.98961489e+00
3.54305213e+06 1.77024902e+00
3.54324567e+06 1.74821897e+00
3.54509000e+06 1.70819037e+00
3.54526250e+06 1.69326902e+00
3.54681500e+06 1.48500220e+00
3.54696953e+06 1.47409812e+00
3.54700906e+06 1.47311483e+00
3.54949953e+06 1.53405401e+00
3.55199000e+06 1.58771278e+00
3.55476000e+06 1.61629557e+00
3.56010812e+06 1.73269616e+00
3.56030000e+06 1.73458617e+00
3.56307000e+06 1.68262516e+00
3.56585000e+06 1.70703003e+00
3.56863000e+06 1.81712300e+00
3.57401207e+06 1.78897566e+00
3.57426836e+06 1.78482884e+00
3.57691562e+06 1.59194548e+00
3.57700000e+06 1.58907477e+00
3.57979000e+06 1.60989958e+00
3.58259000e+06 1.50028102e+00
3.58539000e+06 1.56096950e+00
3.58820000e+06 1.52289285e+00
3.59054000e+06 1.59433159e+00
3.59241000e+06 1.58403978e+00
3.59428500e+06 1.61376853e+00
3.59616000e+06 1.74672933e+00
3.59780500e+06 1.82443196e+00
3.59804000e+06 1.82748220e+00
3.59992000e+06 1.73540038e+00
3.60180000e+06 1.67576126e+00
3.60321000e+06 1.54461315e+00
3.60368000e+06 1.49586930e+00
3.60500891e+06 1.33572136e+00
3.60545188e+06 1.28428886e+00
3.60557000e+06 1.27744647e+00
3.60745000e+06 1.29574981e+00
3.60762719e+06 1.28800366e+00
3.60934000e+06 1.14656760e+00
3.61111000e+06 1.07286309e+00
3.61170000e+06 1.05248997e+00
3.61453000e+06 1.00624622e+00
3.61719250e+06 1.00441387e+00
3.61757094e+06 1.01049545e+00
3.62022000e+06 1.08605076e+00
3.62306000e+06 1.13374715e+00
3.62591000e+06 1.10109623e+00
3.62876000e+06 1.11392084e+00
3.63162000e+06 1.08687821e+00
3.63448000e+06 1.10449880e+00
3.63734000e+06 1.09419371e+00
3.64021000e+06 1.13278788e+00
3.64308000e+06 1.12564554e+00
3.64595000e+06 1.19355318e+00
3.64883000e+06 1.16900135e+00
3.65171000e+06 1.10510480e+00
3.65459000e+06 1.06095790e+00
3.65748000e+06 1.09176802e+00
3.66037000e+06 1.14033071e+00
3.66326000e+06 1.17279095e+00
3.66616000e+06 1.24722558e+00
3.66906000e+06 1.21808025e+00
3.67196000e+06 1.19891983e+00
3.67481125e+06 1.14408470e+00
3.67778000e+06 1.02147774e+00
3.67988164e+06 9.99342996e-01
3.68058219e+06 9.93424217e-01
3.68209898e+06 1.02802577e+00
3.68361578e+06 1.06575726e+00
3.68595641e+06 1.10019596e+00
3.68604000e+06 1.09951924e+00
3.68799000e+06 1.04209842e+00
3.68945250e+06 1.04815673e+00
3.68994000e+06 1.05634048e+00
3.69189000e+06 1.15302033e+00
3.69385000e+06 1.20304687e+00
3.69403281e+06 1.21628489e+00
3.69580000e+06 1.40424666e+00
3.69776000e+06 1.60434098e+00
3.69972000e+06 1.82276697e+00
3.70000000e+06 1.84065613e+00
3.70168000e+06 1.90052916e+00
3.70364000e+06 1.83299547e+00
3.70560000e+06 1.69381812e+00
3.70757000e+06 1.51193722e+00
3.70953000e+06 1.42338276e+00
3.71150000e+06 1.28581268e+00
3.71593000e+06 1.13650919e+00
3.71879750e+06 9.97458527e-01
3.71893336e+06 9.95220999e-01
3.72334834e+06 1.07459028e+00
3.72482000e+06 1.09941249e+00
3.72779000e+06 1.09808505e+00
3.73077000e+06 1.15924272e+00
3.73374000e+06 1.18053859e+00
3.73672000e+06 1.26732754e+00
3.73971000e+06 1.43907442e+00
3.74270000e+06 1.59273046e+00
3.74569000e+06 1.64239658e+00
3.74868000e+06 1.68193182e+00
3.75168000e+06 1.76641177e+00
3.75468500e+06 1.69130158e+00
3.75769000e+06 1.66659346e+00
3.76070000e+06 1.69013118e+00
3.76372000e+06 1.64370169e+00
3.76673500e+06 1.68962499e+00
3.76975000e+06 1.75319458e+00
3.77271875e+06 1.72436312e+00
3.77450000e+06 1.71683536e+00
3.77818500e+06 1.76259580e+00
3.78187000e+06 1.80313334e+00
3.78491000e+06 1.93696414e+00
3.78776469e+06 1.92360296e+00
3.78795500e+06 1.91857064e+00
3.79100000e+06 1.73260376e+00
3.79660000e+06 1.80829078e+00
3.79702500e+06 1.80184822e+00
3.79745000e+06 1.78492764e+00
3.80016000e+06 1.65008247e+00
3.80322000e+06 1.54616018e+00
3.80629000e+06 1.51192008e+00
3.80936000e+06 1.41901010e+00
3.81243000e+06 1.45481222e+00
3.81350000e+06 1.45280550e+00
3.81481281e+06 1.47851834e+00
3.81500035e+06 1.48880315e+00
3.81542211e+06 1.54087263e+00
3.81741418e+06 1.80295225e+00
3.81891090e+06 1.98814495e+00
3.81910795e+06 2.00429615e+00
3.81918027e+06 2.00648639e+00
3.82119514e+06 1.96125150e+00
3.82321000e+06 1.87047722e+00
3.82424000e+06 1.74437664e+00
3.82527000e+06 1.61507449e+00
3.82746856e+06 1.45763126e+00
3.82773961e+06 1.44320467e+00
3.82784000e+06 1.44119923e+00
3.83094000e+06 1.51371696e+00
3.83404000e+06 1.55484662e+00
3.83420125e+06 1.56598464e+00
3.83662000e+06 1.83677620e+00
3.83856062e+06 2.00122899e+00
3.83869000e+06 2.00691090e+00
3.83969266e+06 2.00096956e+00
3.84069531e+06 1.97727020e+00
3.84089000e+06 1.95984569e+00
3.84284000e+06 1.68240350e+00
3.84491000e+06 1.47477596e+00
3.84543000e+06 1.39946040e+00
3.84680109e+06 1.18727695e+00
3.84694125e+06 1.17219815e+00
3.84708547e+06 1.16547269e+00
3.84711594e+06 1.16522400e+00
3.84735207e+06 1.17073611e+00
3.84900500e+06 1.24056850e+00
3.84907000e+06 1.24095768e+00
3.84931375e+06 1.23393486e+00
3.85108500e+06 1.13598222e+00
3.85115000e+06 1.13395995e+00
3.85245000e+06 1.12037491e+00
3.85375000e+06 1.11390506e+00
3.85687500e+06 1.14069270e+00
3.86000000e+06 1.15368837e+00
3.86530000e+06 1.24444624e+00
3.86942000e+06 1.29335221e+00
3.87256000e+06 1.22970647e+00
3.87571000e+06 1.26006682e+00
3.87886000e+06 1.29846659e+00
3.88202000e+06 1.31977627e+00
3.88518000e+06 1.37449681e+00
3.88835000e+06 1.35478999e+00
3.89152000e+06 1.41156555e+00
3.89469000e+06 1.34940579e+00
3.89786000e+06 1.40387430e+00
3.90104000e+06 1.48820269e+00
3.90423000e+06 1.66587938e+00
3.90742000e+06 1.73145575e+00
3.91061000e+06 1.75315259e+00
3.91380000e+06 1.62467660e+00
3.91700000e+06 1.75150415e+00
3.92021000e+06 1.81497997e+00
3.92663000e+06 1.96320223e+00
3.92984500e+06 1.95016293e+00
3.93306000e+06 1.73918042e+00
3.93628000e+06 1.66748622e+00
3.93940000e+06 1.61529655e+00
3.94269000e+06 1.67060894e+00
3.94598000e+06 1.69024533e+00
3.94922000e+06 1.83970952e+00
3.95246000e+06 2.08079042e+00
3.95571000e+06 2.25105089e+00
3.95896500e+06 2.10625350e+00
3.96222000e+06 2.05050758e+00
3.96547000e+06 2.01928722e+00
3.96874000e+06 1.96260989e+00
3.97201000e+06 1.88238334e+00
3.97528000e+06 1.85463004e+00
3.97855000e+06 1.71935733e+00
3.98183000e+06 1.69781164e+00
3.98512000e+06 1.69503997e+00
3.98840000e+06 1.67609536e+00
3.99169500e+06 1.67892767e+00
3.99499000e+06 1.75556238e+00
3.99829000e+06 1.78178164e+00
4.00160000e+06 1.82539148e+00
4.00491000e+06 1.73475695e+00
4.00822000e+06 1.63557256e+00
4.01470762e+06 1.64743151e+00
4.01537875e+06 1.66112072e+00
4.01818000e+06 1.73348648e+00
4.02151000e+06 1.74002382e+00
4.02484000e+06 1.90956065e+00
4.02818000e+06 1.83460900e+00
4.03152000e+06 1.97195716e+00
4.03486000e+06 2.06847641e+00
4.03821000e+06 2.09154860e+00
4.04157000e+06 2.16807330e+00
4.04493000e+06 2.21070718e+00
4.04829000e+06 2.41511575e+00
4.05165000e+06 2.50591785e+00
4.05502500e+06 2.46481531e+00
4.05840000e+06 2.23563536e+00
4.06178000e+06 1.98290482e+00
4.06460000e+06 1.81182688e+00
4.06686000e+06 1.75243639e+00
4.06896938e+06 1.57574351e+00
4.06914539e+06 1.56987760e+00
4.06935442e+06 1.57491370e+00
4.07137500e+06 1.68819012e+00
4.07364000e+06 1.70171894e+00
4.07590000e+06 1.73866278e+00
4.07817000e+06 1.87283974e+00
4.08044000e+06 2.04193888e+00
4.08047547e+06 2.04227931e+00
4.08072375e+06 2.03271151e+00
4.08271000e+06 1.88169957e+00
4.08498000e+06 1.76205772e+00
4.08604875e+06 1.64729515e+00
4.08778547e+06 1.45234017e+00
4.08974812e+06 1.33078451e+00
4.09038750e+06 1.29209165e+00
4.09124000e+06 1.24631370e+00
4.09455312e+06 1.17415021e+00
4.09466000e+06 1.17346563e+00
4.09637500e+06 1.19044675e+00
4.09809000e+06 1.19867930e+00
4.10152000e+06 1.13652538e+00
4.10433641e+06 1.23090055e+00
4.10658953e+06 1.25900499e+00
4.10667000e+06 1.26217669e+00
4.10896000e+06 1.41096939e+00
4.11125000e+06 1.45285310e+00
4.11146562e+06 1.46856619e+00
4.11355000e+06 1.69371487e+00
4.11585000e+06 1.85571656e+00
4.11800625e+06 1.97885746e+00
4.11815000e+06 1.98116764e+00
4.11930250e+06 1.93749450e+00
4.12045500e+06 1.87642865e+00
4.12276000e+06 1.65703579e+00
4.12506000e+06 1.56733166e+00
4.12795000e+06 1.47285054e+00
4.13141000e+06 1.41181867e+00
4.13489000e+06 1.31713202e+00
4.13662500e+06 1.31982794e+00
4.13836000e+06 1.32947783e+00
4.14184000e+06 1.21021680e+00
4.14532000e+06 1.14094717e+00
4.14881000e+06 1.12776257e+00
4.15231000e+06 1.09561142e+00
4.15507328e+06 1.12755601e+00
4.15525750e+06 1.13139872e+00
4.15974375e+06 1.30459918e+00
4.15989000e+06 1.31180482e+00
4.16223000e+06 1.46355134e+00
4.16449688e+06 1.57441240e+00
4.16457000e+06 1.57537612e+00
4.16687344e+06 1.53604314e+00
4.16917688e+06 1.51838467e+00
4.16932344e+06 1.50988515e+00
4.17081743e+06 1.34831483e+00
4.17160000e+06 1.25909977e+00
4.17386688e+06 9.52912294e-01
4.17438062e+06 8.97615827e-01
4.17582413e+06 7.53666458e-01
4.17612936e+06 7.24689460e-01
4.17629000e+06 7.11840422e-01
4.17636344e+06 7.07125693e-01
4.17746500e+06 6.56535370e-01
4.17856656e+06 6.11641427e-01
4.17869531e+06 6.09604540e-01
4.17897793e+06 6.11462574e-01
4.18052754e+06 6.37050846e-01
4.18092625e+06 6.45235051e-01
4.18100000e+06 6.47639338e-01
4.18335000e+06 7.52944054e-01
4.18571000e+06 7.94343754e-01
4.18659250e+06 8.40846492e-01
4.18807000e+06 9.26157587e-01
4.19043000e+06 1.11573227e+00
4.19279000e+06 1.21484069e+00
4.19516000e+06 1.34608949e+00
4.19753000e+06 1.45541724e+00
4.19886312e+06 1.58570446e+00
4.19990000e+06 1.69600570e+00
4.20219594e+06 1.99735236e+00
4.20227000e+06 2.00264085e+00
4.20464000e+06 2.03003553e+00
4.20493750e+06 2.05559481e+00
4.20702000e+06 2.31710573e+00
4.20939000e+06 2.66211272e+00
4.21177000e+06 2.96454371e+00
4.21534750e+06 3.08338569e+00
4.21654000e+06 3.11736541e+00
4.21892000e+06 2.89923375e+00
4.22131000e+06 2.91064691e+00
4.22370000e+06 2.85348636e+00
4.22609000e+06 2.73291833e+00
4.22849000e+06 2.54825031e+00
4.23088000e+06 2.39215099e+00
4.23313000e+06 2.16659244e+00
4.23328000e+06 2.15802746e+00
4.23568000e+06 2.16710170e+00
4.23868000e+06 1.98401076e+00
4.24229000e+06 1.88358011e+00
4.24590000e+06 1.76864593e+00
4.24952000e+06 1.73860812e+00
4.25314000e+06 1.79109074e+00
4.25676000e+06 1.75834783e+00
4.25925562e+06 1.80654342e+00
4.26039000e+06 1.85109926e+00
4.26403000e+06 1.97562281e+00
4.26767000e+06 2.20610643e+00
4.26789750e+06 2.20816730e+00
4.27131000e+06 2.20485702e+00
4.27496000e+06 2.25100923e+00
4.27862000e+06 2.13108076e+00
4.28228000e+06 1.94957196e+00
4.28360000e+06 1.94081991e+00
4.28594000e+06 1.91699459e+00
4.28961000e+06 1.94781675e+00
4.29328000e+06 1.86061501e+00
4.29512000e+06 1.95432772e+00
4.29696000e+06 2.04890794e+00
4.30064000e+06 1.98427222e+00
4.30433000e+06 1.99200576e+00
4.30802000e+06 2.04216974e+00
4.30900000e+06 2.06528458e+00
4.31171000e+06 2.09098998e+00
4.31356250e+06 1.95851187e+00
4.31541500e+06 1.81971239e+00
4.31912000e+06 1.68074761e+00
4.32283000e+06 1.62450074e+00
4.32655000e+06 1.54725827e+00
4.32841000e+06 1.64309009e+00
4.33120000e+06 1.80593963e+00
4.33399000e+06 1.97211927e+00
4.33772000e+06 1.97864955e+00
4.34145242e+06 1.82127610e+00
4.34231375e+06 1.81348250e+00
4.34511922e+06 1.81566538e+00
4.34552000e+06 1.82170440e+00
4.34894000e+06 1.89631139e+00
4.35269000e+06 1.87994688e+00
4.35409750e+06 1.98628853e+00
4.35576891e+06 2.12141888e+00
4.35761625e+06 2.18771557e+00
4.35832000e+06 2.19792177e+00
4.35957500e+06 2.11650990e+00
4.36083000e+06 2.02608621e+00
4.36334000e+06 1.87734638e+00
4.36648000e+06 1.71864325e+00
4.37025000e+06 1.46314054e+00
4.37403000e+06 1.40667354e+00
4.37781000e+06 1.26815166e+00
4.38160000e+06 1.17185703e+00
4.38410000e+06 1.06511251e+00
4.38539000e+06 1.02254076e+00
4.38919000e+06 1.04474516e+00
4.39299000e+06 1.10719368e+00
4.39679000e+06 1.28522663e+00
4.40061000e+06 1.44695659e+00
4.40442000e+06 1.58332469e+00
4.40824000e+06 1.68497813e+00
4.41207000e+06 1.59015975e+00
4.41229425e+06 1.59717364e+00
4.41578000e+06 1.83237767e+00
4.41590000e+06 1.83517722e+00
4.41974000e+06 1.73965905e+00
4.42429000e+06 1.80699216e+00
4.42743000e+06 1.84564072e+00
4.43128000e+06 1.75123242e+00
4.43513000e+06 1.69648431e+00
4.43898430e+06 1.81962769e+00
4.43924125e+06 1.82238927e+00
4.44298562e+06 1.81719235e+00
4.44673000e+06 1.75677248e+00
4.45078717e+06 1.91989787e+00
4.45484433e+06 1.99740993e+00
4.45828527e+06 1.99428921e+00
4.46218500e+06 1.87022979e+00
4.46617000e+06 1.71389945e+00
4.47007500e+06 1.84607907e+00
4.47398000e+06 1.96101305e+00
4.47789000e+06 2.01648036e+00
4.48181000e+06 2.04781645e+00
4.48573000e+06 2.11009196e+00
4.48966000e+06 2.28727759e+00
4.49359500e+06 2.19623753e+00
4.49753000e+06 2.17442812e+00
4.50148000e+06 1.98106749e+00
4.50295750e+06 2.00549209e+00
4.50542000e+06 2.01203301e+00
4.51214649e+06 1.62399360e+00
4.51260910e+06 1.60335065e+00
4.51263746e+06 1.60320773e+00
4.51530582e+06 1.71489772e+00
4.51796000e+06 1.76548929e+00
4.52061000e+06 1.90884494e+00
4.52317719e+06 2.12551460e+00
4.52326000e+06 2.12796611e+00
4.52591000e+06 2.05923038e+00
4.52600000e+06 2.06083189e+00
4.52856000e+06 2.21578768e+00
4.53122000e+06 2.14597536e+00
4.53388000e+06 2.13477112e+00
4.53654000e+06 2.08103046e+00
4.53880617e+06 2.18126719e+00
4.53956156e+06 2.20455386e+00
4.54168008e+06 2.23782576e+00
4.54190873e+06 2.23157460e+00
4.54320250e+06 2.12462204e+00
4.54453500e+06 2.00865124e+00
4.54720000e+06 1.86517184e+00
4.54753500e+06 1.82583926e+00
4.54967586e+06 1.51422877e+00
4.54990078e+06 1.49009342e+00
4.55004688e+06 1.48181737e+00
4.55255000e+06 1.45090104e+00
4.55523000e+06 1.40524543e+00
4.56075750e+06 1.46721498e+00
4.56327000e+06 1.51358419e+00
4.56461500e+06 1.61423951e+00
4.56596000e+06 1.72246702e+00
4.56831375e+06 1.89692201e+00
4.56865000e+06 1.91286207e+00
4.56997695e+06 1.89252099e+00
4.57130391e+06 1.85577100e+00
4.57198281e+06 1.79417271e+00
4.57260000e+06 1.73192466e+00
4.57403000e+06 1.57137309e+00
4.57605500e+06 1.43907424e+00
4.57673000e+06 1.40072844e+00
4.57930344e+06 1.31468662e+00
4.57936672e+06 1.31420782e+00
4.58213000e+06 1.40574964e+00
4.58551000e+06 1.30795931e+00
4.58573203e+06 1.31218177e+00
4.58944312e+06 1.49945130e+00
4.58957000e+06 1.50303242e+00
4.59363000e+06 1.49149715e+00
4.59770000e+06 1.53085650e+00
4.60178000e+06 1.47024294e+00
4.60586500e+06 1.63371396e+00
4.60995000e+06 1.73491013e+00
4.61404000e+06 1.82584840e+00
4.62224000e+06 1.90609508e+00
4.62635000e+06 1.97846318e+00
4.63047000e+06 2.01642268e+00
4.63459000e+06 2.06001019e+00
4.63871000e+06 2.01518085e+00
4.64285000e+06 2.14085326e+00
4.64698000e+06 2.15267780e+00
4.65112000e+06 1.96406278e+00
4.65527000e+06 1.99421333e+00
4.66151000e+06 1.91669281e+00
4.66359000e+06 1.89880227e+00
4.66775000e+06 2.05457511e+00
4.66983750e+06 1.96160712e+00
4.67192500e+06 1.85922559e+00
4.67610000e+06 1.73886651e+00
4.68446000e+06 1.54149280e+00
4.68866000e+06 1.64563794e+00
4.69216000e+06 1.62660023e+00
4.69496000e+06 1.76508881e+00
4.69776000e+06 1.78620370e+00
4.69888000e+06 1.87106288e+00
4.70057000e+06 2.01175868e+00
4.70338000e+06 2.18097649e+00
4.70619000e+06 2.36300115e+00
4.70882438e+06 2.38146003e+00
4.70907217e+06 2.37035676e+00
4.71146750e+06 2.14184215e+00
4.71464000e+06 1.80881517e+00
4.71746000e+06 1.56126551e+00
4.72028000e+06 1.38704296e+00
4.72287233e+06 1.13828359e+00
4.72306578e+06 1.12357498e+00
4.72326477e+06 1.11571904e+00
4.72328688e+06 1.11534725e+00
4.72594000e+06 1.12065794e+00
4.72863734e+06 1.09904098e+00
4.72877000e+06 1.10271326e+00
4.72890266e+06 1.11083206e+00
4.73037017e+06 1.25300011e+00
4.73134851e+06 1.35104295e+00
4.73164445e+06 1.38830971e+00
4.73237656e+06 1.51801359e+00
4.73444000e+06 1.88865044e+00
4.73657000e+06 2.16673295e+00
4.73728000e+06 2.24542032e+00
4.73934250e+06 2.32228575e+00
4.74003000e+06 2.33877143e+00
4.74039180e+06 2.32835809e+00
4.74292438e+06 2.19120153e+00
4.74332500e+06 2.18180918e+00
4.75080000e+06 2.12326776e+00
4.75508500e+06 2.22101322e+00
4.75937000e+06 2.42498665e+00
4.76367000e+06 2.50678628e+00
4.76797000e+06 2.74761223e+00
4.76844688e+06 2.75437975e+00
4.77225928e+06 2.74967741e+00
4.77658000e+06 2.58555452e+00
4.77740000e+06 2.56911891e+00
4.78090000e+06 2.54042165e+00
4.78360625e+06 2.61163525e+00
4.78523000e+06 2.67514645e+00
4.78955000e+06 2.69514355e+00
4.79229641e+06 2.48399514e+00
4.79321188e+06 2.40673733e+00
4.79606000e+06 2.13440951e+00
4.79876938e+06 2.00950653e+00
4.79895000e+06 2.00625807e+00
4.80185000e+06 2.07017573e+00
4.80475000e+06 2.09678023e+00
4.80766000e+06 2.04058265e+00
4.81056000e+06 2.13983385e+00
4.81347000e+06 2.27638156e+00
4.81638000e+06 2.31502585e+00
4.82207188e+06 2.18668335e+00
4.82221000e+06 2.17868691e+00
4.82367000e+06 2.01544552e+00
4.82513000e+06 1.84219049e+00
4.82762797e+06 1.58942520e+00
4.82805000e+06 1.55333131e+00
4.83098000e+06 1.52417810e+00
4.83390000e+06 1.42598457e+00
4.83670793e+06 1.40492116e+00
4.83698870e+06 1.41437868e+00
4.83970281e+06 1.59877928e+00
4.83990094e+06 1.60659549e+00
4.84270000e+06 1.64396610e+00
4.84564000e+06 1.72997691e+00
4.84858000e+06 1.74805645e+00
4.85133625e+06 1.85853301e+00
4.85152000e+06 1.87097579e+00
4.85447000e+06 2.19133214e+00
4.85741000e+06 2.48987567e+00
4.86037000e+06 2.69695118e+00
4.86313563e+06 2.80464953e+00
4.86322781e+06 2.80492147e+00
4.86351396e+06 2.78919202e+00
4.86628000e+06 2.56098745e+00
4.86924000e+06 2.48861955e+00
4.87220000e+06 2.20371784e+00
4.87516000e+06 1.96251938e+00
4.87813000e+06 1.65760104e+00
4.88110000e+06 1.43267857e+00
4.88371905e+06 1.28341943e+00
4.88402359e+06 1.27180729e+00
4.88407000e+06 1.27159777e+00
4.88707906e+06 1.37492472e+00
4.88710812e+06 1.37505289e+00
4.88728250e+06 1.37314341e+00
4.89053750e+06 1.26232764e+00
4.89077000e+06 1.25872528e+00
4.89291875e+06 1.30554259e+00
4.89506750e+06 1.35860555e+00
4.89650000e+06 1.38953578e+00
4.89972000e+06 1.47264794e+00
4.90302762e+06 1.64693328e+00
4.90346000e+06 1.67825213e+00
4.90421000e+06 1.77169738e+00
4.90646000e+06 2.07373695e+00
4.90945000e+06 2.31785749e+00
4.91245000e+06 2.42567259e+00
4.91545500e+06 2.40577905e+00
4.91846000e+06 2.34048578e+00
4.92146000e+06 2.21719654e+00
4.92447000e+06 1.94268279e+00
4.92749000e+06 1.73761391e+00
4.93031188e+06 1.64785536e+00
4.93050000e+06 1.64633049e+00
4.93427000e+06 1.74708277e+00
4.93881000e+06 1.68857268e+00
4.94335000e+06 1.71263786e+00
4.94789000e+06 1.70792963e+00
4.95247250e+06 1.94332205e+00
4.95400000e+06 1.97264060e+00
4.95700000e+06 1.99486697e+00
4.96149969e+06 1.95080332e+00
4.96214250e+06 1.92536770e+00
4.97029062e+06 1.54152556e+00
4.97072000e+06 1.52290157e+00
4.97530000e+06 1.40552288e+00
4.97989500e+06 1.43187673e+00
4.98449000e+06 1.51221060e+00
4.98909000e+06 1.64087986e+00
4.99370000e+06 1.80232943e+00
4.99832000e+06 1.98543194e+00
5.00294000e+06 2.02109371e+00
5.00757000e+06 2.21444780e+00
5.01220000e+06 2.13023203e+00
5.01685000e+06 2.15909051e+00
5.02132261e+06 2.05886555e+00
5.02163107e+06 2.04413724e+00
5.03074688e+06 1.41668416e+00
5.03470000e+06 1.30701942e+00
5.03781000e+06 1.17256704e+00
5.04093000e+06 1.14069259e+00
5.04405000e+06 1.14710955e+00
5.04717000e+06 1.12631209e+00
5.05030000e+06 1.10074184e+00
5.05343000e+06 1.12748983e+00
5.05656000e+06 1.17104937e+00
5.05970000e+06 1.28029075e+00
5.06283000e+06 1.43413903e+00
5.06598000e+06 1.63264227e+00
5.06912000e+06 1.81698057e+00
5.07227000e+06 1.92817457e+00
5.07542000e+06 2.08254556e+00
5.07853309e+06 2.23863962e+00
5.07873227e+06 2.23446041e+00
5.08172000e+06 2.00700993e+00
5.08478125e+06 1.79987408e+00
5.08488000e+06 1.79612364e+00
5.08883000e+06 1.76087661e+00
5.09358000e+06 1.47735203e+00
5.09715000e+06 1.43019158e+00
5.09834000e+06 1.42102775e+00
5.10310500e+06 1.51100781e+00
5.10787000e+06 1.76855880e+00
5.11110000e+06 1.84378098e+00
5.11264000e+06 1.87314665e+00
5.11743000e+06 1.98515140e+00
5.12207031e+06 1.86368408e+00
5.12222000e+06 1.85669451e+00
5.12686031e+06 1.50783612e+00
5.12701000e+06 1.50104839e+00
5.13101000e+06 1.47384982e+00
5.13121062e+06 1.46338076e+00
5.13398019e+06 1.22592570e+00
5.13413850e+06 1.21848679e+00
5.13420746e+06 1.21777126e+00
5.13435665e+06 1.22231121e+00
5.13465502e+06 1.24702403e+00
5.13747125e+06 1.52235046e+00
5.14064000e+06 1.80455287e+00
5.14364938e+06 2.08539816e+00
5.14385000e+06 2.09823361e+00
5.14707000e+06 2.14518395e+00
5.15008875e+06 2.13522361e+00
5.15029000e+06 2.14242407e+00
5.15049125e+06 2.15813369e+00
5.15340938e+06 2.48883063e+00
5.15363250e+06 2.50230130e+00
5.15375500e+06 2.50563951e+00
5.15668234e+06 2.49889112e+00
5.15687750e+06 2.49245261e+00
5.16000000e+06 2.31122639e+00
5.16320000e+06 2.06959385e+00
5.16643000e+06 1.88536154e+00
5.16967000e+06 1.74228295e+00
5.17291000e+06 1.47179024e+00
5.17494000e+06 1.41349738e+00
5.17697000e+06 1.36808951e+00
5.18184000e+06 1.38078864e+00
5.18672000e+06 1.37213850e+00
5.19158250e+06 1.52362897e+00
5.19450000e+06 1.66935372e+00
5.19650000e+06 1.75921988e+00
5.20140000e+06 2.01803289e+00
5.20609902e+06 2.07506645e+00
5.20639654e+06 2.06830283e+00
5.20999625e+06 1.85375526e+00
5.21122500e+06 1.77426322e+00
5.21598641e+06 1.36497587e+00
5.21614000e+06 1.35504893e+00
5.21720000e+06 1.31573580e+00
5.22107000e+06 1.23465810e+00
5.22601000e+06 1.11082713e+00
5.23058078e+06 1.13612806e+00
5.23123375e+06 1.14577873e+00
5.24086000e+06 1.38610063e+00
5.24458375e+06 1.34734524e+00
5.24582500e+06 1.33088163e+00
5.25079000e+06 1.21343594e+00
5.25561438e+06 1.10775583e+00
5.25577000e+06 1.10652860e+00
5.26076000e+06 1.17671298e+00
5.26575000e+06 1.18169759e+00
5.27075000e+06 1.23892888e+00
5.27250000e+06 1.29298288e+00
5.27575000e+06 1.37930665e+00
5.28330906e+06 1.25485873e+00
5.28582875e+06 1.20933407e+00
5.29076875e+06 1.02447082e+00
5.29321711e+06 1.00936757e+00
5.29561422e+06 9.96920075e-01
5.29579697e+06 1.00015816e+00
5.29597972e+06 1.00877129e+00
5.29782108e+06 1.15828297e+00
5.30089000e+06 1.40987150e+00
5.30594000e+06 1.71999008e+00
5.31100000e+06 1.81746781e+00
5.31590430e+06 1.78538946e+00
5.31606250e+06 1.77947483e+00
5.31662500e+06 1.74014666e+00
5.32114000e+06 1.36857800e+00
5.32557625e+06 1.12810326e+00
5.32621000e+06 1.10111764e+00
5.32652812e+06 1.09803504e+00
5.33110117e+06 1.09913782e+00
5.33130000e+06 1.09813177e+00
5.33639000e+06 1.01299197e+00
5.34149000e+06 8.79946326e-01
5.34660000e+06 7.65210095e-01
5.35191000e+06 7.13078311e-01
5.35684000e+06 6.55649151e-01
5.36184694e+06 6.30320302e-01
5.36206909e+06 6.32751867e-01
5.36229125e+06 6.37825196e-01
5.36711000e+06 7.80679612e-01
5.37208938e+06 8.90056988e-01
5.37225000e+06 8.95567548e-01
5.37303750e+06 9.37445161e-01
5.37540000e+06 1.07633710e+00
5.37728438e+06 1.17614507e+00
5.37746029e+06 1.17959654e+00
5.37809776e+06 1.17065438e+00
5.38256000e+06 1.06891512e+00
5.38773000e+06 1.03931582e+00
5.39291000e+06 1.08405748e+00
5.39809000e+06 1.00062743e+00
5.40003625e+06 1.01427475e+00
5.40328000e+06 1.06511471e+00
5.40847000e+06 1.13593853e+00
5.41368000e+06 1.19421580e+00
5.41889000e+06 1.18790688e+00
5.42411000e+06 1.22078784e+00
5.42847000e+06 1.22504324e+00
5.43021500e+06 1.13860344e+00
5.43196000e+06 1.04208371e+00
5.43519609e+06 8.27315705e-01
5.43539547e+06 8.17867123e-01
5.43555906e+06 8.15114852e-01
5.43566812e+06 8.14968436e-01
5.43872188e+06 8.17669130e-01
5.43894000e+06 8.16360667e-01
5.43913875e+06 8.09620586e-01
5.44066001e+06 7.18126651e-01
5.44229158e+06 6.19810532e-01
5.44250298e+06 6.10261360e-01
5.44260406e+06 6.06978676e-01
5.44543414e+06 5.50925304e-01
5.44588531e+06 5.44530330e-01
5.44594000e+06 5.44410068e-01
5.44616250e+06 5.46432392e-01
5.44950000e+06 6.17462984e-01
5.45262656e+06 6.42559680e-01
5.45284219e+06 6.43073925e-01
5.45295000e+06 6.42785199e-01
5.45636000e+06 5.93168300e-01
5.45646984e+06 5.95093699e-01
5.45657969e+06 5.99728630e-01
5.45677507e+06 6.12544798e-01
5.45971949e+06 8.49867753e-01
5.45996833e+06 8.65396583e-01
5.46350000e+06 9.49926573e-01
5.46702000e+06 1.12415436e+00
5.47043969e+06 1.22216381e+00
5.47049484e+06 1.22250678e+00
5.47071202e+06 1.21946406e+00
5.47136355e+06 1.19440895e+00
5.47396969e+06 1.08696492e+00
5.47408000e+06 1.08577610e+00
5.47761500e+06 1.16038930e+00
5.48115000e+06 1.17184876e+00
5.48469000e+06 1.12086302e+00
5.48646000e+06 1.17256941e+00
5.48823000e+06 1.22884305e+00
5.49154875e+06 1.27854898e+00
5.49165938e+06 1.27868628e+00
5.49188121e+06 1.27430577e+00
5.49426609e+06 1.18280658e+00
5.49509812e+06 1.15069507e+00
5.49532000e+06 1.14773005e+00
5.49553938e+06 1.15108036e+00
5.49883000e+06 1.27941197e+00
5.50243000e+06 1.35553918e+00
5.50599000e+06 1.52781010e+00
5.50956000e+06 1.57940215e+00
5.51273000e+06 1.58059653e+00
5.51304348e+06 1.57489934e+00
5.51323156e+06 1.56444071e+00
5.51531464e+06 1.36307818e+00
5.51647733e+06 1.24977325e+00
5.51666008e+06 1.23780091e+00
5.51679344e+06 1.23417643e+00
5.52027000e+06 1.29813249e+00
5.52379188e+06 1.28680531e+00
5.52429500e+06 1.27766029e+00
5.52832000e+06 1.18173301e+00
5.53370000e+06 1.10912154e+00
5.53909000e+06 1.09399338e+00
5.54448500e+06 1.15651718e+00
5.54988000e+06 1.37049134e+00
5.55530000e+06 1.41977683e+00
5.56071000e+06 1.40924189e+00
5.56614500e+06 1.50175790e+00
5.57158000e+06 1.59748295e+00
5.57702729e+06 1.47444483e+00
5.58247000e+06 1.27421376e+00
5.58793000e+06 1.09497177e+00
5.59296638e+06 9.87173119e-01
5.59339000e+06 9.81541400e-01
5.59749543e+06 1.03930274e+00
5.59886391e+06 1.06360386e+00
5.60435000e+06 1.28306941e+00
5.60846750e+06 1.48242335e+00
5.60984000e+06 1.54681131e+00
5.61534500e+06 1.52184839e+00
5.62085000e+06 1.45061045e+00
5.62629543e+06 1.30058467e+00
5.62631695e+06 1.30050395e+00
5.62664367e+06 1.30596181e+00
5.63171719e+06 1.49306211e+00
5.63189000e+06 1.49584312e+00
5.63327250e+06 1.46967564e+00
5.63465500e+06 1.43462462e+00
5.63742000e+06 1.35534563e+00
5.64277500e+06 1.16257589e+00
5.64296000e+06 1.15878127e+00
5.64573500e+06 1.18188603e+00
5.64851000e+06 1.21165316e+00
5.65406000e+06 1.32100566e+00
5.65963000e+06 1.33182768e+00
5.66520000e+06 1.41919079e+00
5.67078000e+06 1.45927476e+00
5.68197000e+06 1.60063329e+00
5.68757000e+06 1.79952280e+00
5.69000000e+06 1.81105584e+00
5.69319000e+06 1.79398665e+00
5.69881000e+06 1.94582960e+00
5.70444000e+06 2.05088832e+00
5.71008000e+06 2.04516481e+00
5.71572000e+06 1.82668163e+00
5.72129000e+06 1.69903946e+00
5.72705000e+06 1.63428860e+00
5.73272000e+06 1.43914554e+00
5.73840000e+06 1.44281020e+00
5.74409000e+06 1.32640400e+00
5.74979000e+06 1.33328745e+00
5.75549000e+06 1.30413532e+00
5.76121000e+06 1.22232997e+00
5.76693000e+06 1.34388607e+00
5.77060000e+06 1.32489602e+00
5.77266000e+06 1.31992679e+00
5.78411508e+06 1.34302597e+00
5.78991000e+06 1.47574348e+00
5.79027062e+06 1.47799402e+00
5.79549969e+06 1.47778586e+00
5.80146000e+06 1.51764758e+00
5.80724000e+06 1.38995066e+00
5.81303000e+06 1.48627564e+00
5.81883000e+06 1.42232572e+00
5.82028250e+06 1.45731771e+00
5.82464000e+06 1.57777957e+00
5.83046000e+06 1.59707306e+00
5.83629000e+06 1.60438597e+00
5.84213000e+06 1.69946685e+00
5.84797000e+06 1.66161431e+00
5.85285000e+06 1.75469526e+00
5.85676000e+06 2.02098156e+00
5.86067000e+06 2.11990032e+00
5.86458000e+06 2.16739453e+00
5.86752000e+06 2.02298324e+00
5.86850000e+06 1.96564635e+00
5.87242000e+06 1.60474037e+00
5.87622719e+06 1.34211813e+00
5.87635000e+06 1.33586448e+00
5.88028000e+06 1.21133572e+00
5.88421000e+06 1.11858568e+00
5.88716500e+06 1.14075446e+00
5.88815000e+06 1.15322036e+00
5.89209000e+06 1.27761810e+00
5.89604000e+06 1.29241491e+00
5.89985885e+06 1.28031837e+00
5.90011344e+06 1.27458819e+00
5.90394000e+06 1.10511756e+00
5.90777625e+06 9.78713539e-01
5.90790000e+06 9.77292238e-01
5.90814781e+06 9.79294934e-01
5.91186500e+06 1.07005610e+00
5.91583000e+06 1.08353488e+00
5.91980000e+06 1.04186729e+00
5.92000100e+06 1.04337223e+00
5.92377000e+06 1.12508654e+00
5.92787438e+06 1.20039554e+00
5.92799875e+06 1.20091411e+00
5.93148125e+06 1.20039142e+00
5.93173000e+06 1.20147762e+00
5.93572000e+06 1.25394200e+00
5.93939633e+06 1.38154704e+00
5.93964766e+06 1.38636625e+00
5.93980061e+06 1.38319910e+00
5.94025945e+06 1.35419369e+00
5.94358441e+06 1.10104293e+00
5.94382500e+06 1.08973435e+00
5.94395000e+06 1.08618132e+00
5.94770000e+06 1.03185915e+00
5.95157500e+06 1.02168044e+00
5.95182531e+06 1.01343347e+00
5.95195062e+06 1.00701184e+00
5.95535756e+06 7.89197827e-01
5.95558469e+06 7.77545343e-01
5.95576950e+06 7.73197246e-01
5.95579130e+06 7.73094792e-01
5.95597602e+06 7.74952557e-01
5.95677645e+06 7.98857686e-01
5.95973188e+06 8.90562060e-01
5.96373000e+06 9.82782992e-01
5.96876000e+06 1.15108737e+00
5.97479000e+06 1.30641807e+00
5.98063000e+06 1.31515843e+00
5.98533250e+06 1.26402103e+00
5.98690000e+06 1.24432028e+00
5.99296000e+06 1.07419383e+00
5.99359707e+06 1.07031209e+00
5.99894184e+06 1.07237312e+00
5.99912000e+06 1.07396294e+00
6.00512000e+06 1.18025855e+00
6.01000100e+06 1.29711320e+00
6.01121000e+06 1.31907432e+00
6.01731000e+06 1.34366073e+00
6.02320625e+06 1.42609348e+00
6.02342000e+06 1.42732672e+00
6.02954000e+06 1.35900983e+00
6.03567000e+06 1.39429893e+00
6.04181000e+06 1.52857121e+00
6.04796500e+06 1.40232005e+00
6.05412000e+06 1.35009247e+00
6.05643000e+06 1.36350378e+00
6.05720000e+06 1.37528595e+00
6.06028000e+06 1.43260205e+00
6.06646000e+06 1.49721800e+00
6.07265000e+06 1.35570455e+00
6.07884000e+06 1.31493618e+00
6.08514500e+06 1.39345177e+00
6.08660000e+06 1.39692373e+00
6.09126000e+06 1.37192024e+00
6.09749000e+06 1.39473222e+00
6.10311823e+06 1.24481286e+00
6.10374359e+06 1.22553897e+00
6.11563697e+06 7.87164345e-01
6.11612283e+06 7.70847485e-01
6.11622000e+06 7.68557310e-01
6.12248000e+06 6.94290612e-01
6.12875000e+06 6.56214643e-01
6.13189000e+06 7.07977554e-01
6.13503000e+06 7.62241942e-01
6.14133000e+06 8.18331617e-01
6.14763000e+06 8.34530734e-01
6.15975884e+06 1.12175101e+00
6.16026000e+06 1.13243095e+00
6.16765000e+06 1.19367523e+00
6.17610000e+06 1.27730654e+00
6.18458500e+06 1.14909636e+00
6.19307000e+06 1.12976246e+00
6.21005555e+06 1.15798802e+00
6.21046320e+06 1.16699480e+00
6.21866000e+06 1.40340110e+00
6.22722000e+06 1.53729506e+00
6.23581000e+06 1.72877874e+00
6.24441000e+06 1.96590296e+00
6.25000000e+06 1.99404446e+00
6.25302000e+06 2.00137737e+00
6.26210849e+06 1.97175070e+00
6.26460859e+06 1.97163240e+00
6.27069098e+06 1.95969182e+00
6.27271844e+06 1.94049980e+00
6.27525777e+06 1.94189974e+00
6.27949000e+06 1.96560432e+00
6.28550000e+06 2.03557247e+00
6.28985000e+06 2.19495550e+00
6.29638250e+06 2.12190049e+00
6.29856000e+06 2.09352546e+00
6.30292000e+06 1.97061911e+00
6.30630000e+06 1.89930675e+00
6.30729000e+06 1.86890711e+00
6.31166000e+06 1.64422457e+00
6.31604000e+06 1.46941276e+00
6.32042000e+06 1.27065195e+00
6.32919000e+06 1.14505815e+00
6.33359000e+06 1.12467461e+00
6.33799000e+06 1.07357017e+00
6.34239000e+06 1.03177488e+00
6.34674378e+06 9.55025103e-01
6.34699198e+06 9.57919236e-01
6.35121000e+06 1.09526389e+00
6.35563000e+06 1.18845116e+00
6.36005000e+06 1.32871799e+00
6.36392625e+06 1.41992231e+00
6.36448000e+06 1.42587210e+00
6.36503375e+06 1.41097787e+00
6.36891000e+06 1.25271639e+00
6.37335000e+06 1.15548772e+00
6.37779000e+06 1.16594411e+00
6.38820000e+06 1.13505480e+00
6.39009018e+06 1.13375654e+00
6.39024047e+06 1.13377322e+00
6.39077484e+06 1.13255937e+00
6.39106875e+06 1.12990946e+00
6.39210500e+06 1.09351219e+00
6.39978392e+06 7.88649942e-01
6.40007377e+06 7.80896353e-01
6.40014705e+06 7.80476563e-01
6.40226584e+06 8.10424847e-01
6.40438462e+06 8.45323912e-01
6.40500100e+06 8.59343634e-01
6.40875944e+06 9.57402850e-01
6.40901000e+06 9.60853136e-01
6.41349000e+06 9.21994245e-01
6.41370000e+06 9.26350258e-01
6.41783000e+06 1.10601564e+00
6.41797000e+06 1.10992743e+00
6.42000100e+06 1.12611909e+00
6.42246000e+06 1.14003659e+00
6.42695000e+06 1.20322132e+00
6.43135944e+06 1.40975292e+00
6.43145000e+06 1.41224765e+00
6.43595000e+06 1.45991091e+00
6.44034525e+06 1.65123189e+00
6.44041697e+06 1.65188996e+00
6.44067068e+06 1.64520674e+00
6.44308527e+06 1.49138111e+00
6.44500100e+06 1.36681618e+00
6.44934003e+06 1.13785629e+00
6.44974050e+06 1.12452455e+00
6.45300775e+06 1.05948175e+00
6.45401000e+06 1.04191984e+00
6.45853000e+06 1.09187276e+00
6.45871388e+06 1.08773649e+00
6.46296441e+06 8.72333024e-01
6.46306000e+06 8.68782761e-01
6.46993550e+06 6.97985987e-01
6.47500000e+06 6.26622256e-01
6.47896000e+06 5.76929260e-01
6.48000000e+06 5.71397798e-01
6.48807000e+06 5.44817324e-01
6.49707969e+06 4.66699715e-01
6.49730620e+06 4.68735274e-01
6.49738170e+06 4.70274438e-01
6.50617262e+06 7.23554462e-01
6.50634000e+06 7.26781188e-01
6.51000100e+06 7.53270289e-01
6.51551000e+06 7.85708991e-01
6.52470000e+06 7.34000582e-01
6.53390000e+06 7.37679577e-01
6.54314000e+06 6.70352544e-01
6.55238000e+06 5.92968923e-01
6.56164000e+06 5.95361815e-01
6.57093000e+06 4.99332358e-01
6.58011500e+06 5.13765939e-01
6.58023000e+06 5.13329832e-01
6.58940438e+06 4.27116833e-01
6.58955000e+06 4.26648809e-01
6.59247188e+06 4.40394585e-01
6.59305625e+06 4.41082861e-01
6.59890000e+06 4.41777476e-01
6.60709000e+06 4.99279909e-01
6.60826000e+06 5.09881874e-01
6.61015591e+06 5.52624640e-01
6.61765000e+06 7.28527783e-01
6.62705000e+06 8.14439127e-01
6.63648000e+06 9.72762504e-01
6.64592000e+06 1.17096067e+00
6.65283131e+06 1.27654559e+00
6.65302000e+06 1.27661769e+00
6.65776000e+06 1.16212670e+00
6.66725000e+06 1.24565275e+00
6.67210466e+06 1.23787592e+00
6.67588050e+06 1.19492840e+00
6.68123222e+06 1.14510714e+00
6.68145933e+06 1.14730907e+00
6.68168643e+06 1.15523160e+00
6.68614094e+06 1.42065025e+00
6.68649295e+06 1.43044039e+00
6.68652194e+06 1.43073490e+00
6.69106000e+06 1.41907262e+00
6.69580991e+06 1.51678711e+00
6.70047275e+06 1.52838078e+00
6.70108991e+06 1.51549644e+00
6.70541000e+06 1.38462374e+00
6.70890000e+06 1.30904746e+00
6.71021000e+06 1.28934168e+00
6.71501000e+06 1.25251892e+00
6.71986969e+06 1.14465050e+00
6.72462000e+06 1.18338668e+00
6.73000000e+06 1.14675441e+00
6.73425000e+06 1.11333880e+00
6.73908000e+06 1.11711051e+00
6.74391000e+06 1.22385970e+00
6.75056500e+06 1.16013735e+00
6.75722000e+06 1.12068709e+00
6.76450000e+06 1.14868774e+00
6.77178000e+06 1.24677785e+00
6.77300000e+06 1.25664731e+00
6.77909000e+06 1.28048407e+00
6.78640500e+06 1.17941182e+00
6.79372000e+06 1.03528174e+00
6.79500100e+06 1.02107321e+00
6.80000100e+06 9.81600248e-01
6.80106000e+06 9.75330644e-01
6.80500100e+06 9.36080409e-01
6.80840000e+06 9.07167481e-01
6.81566512e+06 8.28782595e-01
6.81594205e+06 8.31716355e-01
6.81788050e+06 8.67564562e-01
6.82000100e+06 9.09936419e-01
6.82314000e+06 9.67515440e-01
6.82500100e+06 9.81361021e-01
6.83039000e+06 1.00772624e+00
6.83086062e+06 1.00139297e+00
6.83792000e+06 8.44779349e-01
6.84452625e+06 8.47944399e-01
6.84547000e+06 8.50760960e-01
6.85000000e+06 8.95762833e-01
6.85274000e+06 9.30834879e-01
6.85500000e+06 9.89874813e-01
6.86018000e+06 1.13396530e+00
6.86747677e+06 1.21221713e+00
6.86751770e+06 1.21225546e+00
6.86762000e+06 1.21189402e+00
6.87508000e+06 1.07465737e+00
6.88254000e+06 1.03417380e+00
6.89003000e+06 1.08594074e+00
6.89752000e+06 1.12227793e+00
6.90503000e+06 1.01343480e+00
6.91254000e+06 9.59744154e-01
6.92007000e+06 8.80803661e-01
6.92500100e+06 8.41638774e-01
6.92761000e+06 8.16335719e-01
6.93479875e+06 7.04902995e-01
6.93517000e+06 7.00824334e-01
6.94084750e+06 7.43592485e-01
6.94274000e+06 7.56304324e-01
6.95024025e+06 6.81887889e-01
6.95043859e+06 6.83848092e-01
6.95510822e+06 8.19039842e-01
6.95791000e+06 9.00477533e-01
6.96551000e+06 1.05693103e+00
6.97313000e+06 1.16408821e+00
6.98076500e+06 1.06994781e+00
6.98840000e+06 9.17579432e-01
6.99606000e+06 8.29378012e-01
7.00150000e+06 8.02095914e-01
7.00372000e+06 7.85697807e-01
7.01117800e+06 8.25448990e-01
7.01171072e+06 8.32321135e-01
7.01884381e+06 9.57356299e-01
7.01910000e+06 9.60727238e-01
7.02058606e+06 9.65058563e-01
7.02468844e+06 9.65196022e-01
7.02680000e+06 9.74555016e-01
7.03066000e+06 9.63191838e-01
7.03452000e+06 9.46843434e-01
7.04031750e+06 9.73923038e-01
7.04225000e+06 9.76816604e-01
7.04950625e+06 8.81916973e-01
7.04999000e+06 8.79575722e-01
7.05763253e+06 8.94410237e-01
7.05814203e+06 8.99580600e-01
7.06682000e+06 1.02210437e+00
7.07720000e+06 1.06724094e+00
7.08363200e+06 9.25765677e-01
7.08749120e+06 8.39386862e-01
7.08832562e+06 8.26094084e-01
7.09765138e+06 6.96205311e-01
7.09803000e+06 6.91512421e-01
7.10500000e+06 6.36839302e-01
7.10864500e+06 6.12236617e-01
7.10963500e+06 6.12299813e-01
7.11896000e+06 5.78294888e-01
7.12948050e+06 6.12080604e-01
7.14000100e+06 6.67195891e-01
7.15052000e+06 7.60583482e-01
7.16109000e+06 9.47219295e-01
7.16190000e+06 9.58183460e-01
7.17168000e+06 1.03070396e+00
7.18230500e+06 1.01841031e+00
7.19293000e+06 9.67083738e-01
7.20360000e+06 9.05928704e-01
7.21396078e+06 9.21245167e-01
7.22499000e+06 1.01866121e+00
7.23505875e+06 9.10285292e-01
7.23573000e+06 9.04599393e-01
7.24447500e+06 9.89811178e-01
7.25322000e+06 1.08600562e+00
7.26132000e+06 1.06680940e+00
7.26610000e+06 1.11556438e+00
7.26943000e+06 1.13556991e+00
7.27755000e+06 1.11616088e+00
7.28569000e+06 1.15353144e+00
7.29384500e+06 1.14965368e+00
7.30200000e+06 1.13143578e+00
7.30992438e+06 1.00006180e+00
7.31018000e+06 9.98402497e-01
7.31388525e+06 1.06418760e+00
7.31759050e+06 1.13572080e+00
7.32658000e+06 1.28649693e+00
7.33480000e+06 1.35870716e+00
7.34303000e+06 1.19231359e+00
7.35128000e+06 1.20893394e+00
7.35954500e+06 1.15280866e+00
7.36781000e+06 1.11664515e+00
7.37611000e+06 1.20352711e+00
7.38441000e+06 1.25407029e+00
7.39273000e+06 1.22346180e+00
7.40105000e+06 1.07883841e+00
7.40940000e+06 1.00342868e+00
7.41776500e+06 1.01275743e+00
7.42613000e+06 1.06399757e+00
7.43452000e+06 1.16651524e+00
7.44292000e+06 1.21992655e+00
7.44971556e+06 1.14421009e+00
7.45198075e+06 1.11685173e+00
7.45750100e+06 1.03392356e+00
7.46000100e+06 9.97493097e-01
7.46259000e+06 9.63366926e-01
7.46500100e+06 9.35669744e-01
7.47000100e+06 8.83937627e-01
7.47668000e+06 8.22396732e-01
7.48741557e+06 8.32746719e-01
7.49099409e+06 8.37718626e-01
7.49750050e+06 8.83658077e-01
7.50498000e+06 9.30917724e-01
7.50999050e+06 9.13890425e-01
7.51500100e+06 8.91847695e-01
7.51919000e+06 8.69027381e-01
7.53345000e+06 9.43975341e-01
7.54774000e+06 8.50361244e-01
7.55500100e+06 8.48677502e-01
7.56180348e+06 8.49029037e-01
7.56208000e+06 8.48634569e-01
7.57645000e+06 7.74704202e-01
7.57825250e+06 7.78495155e-01
7.58005500e+06 7.87226322e-01
7.59087000e+06 8.47857171e-01
7.60533000e+06 8.57529382e-01
7.62017724e+06 8.02471787e-01
7.63327775e+06 6.75460342e-01
7.63437000e+06 6.68652489e-01
7.63619875e+06 6.97868497e-01
7.64168500e+06 7.91911421e-01
7.64900000e+06 9.18602118e-01
7.65750050e+06 1.03892618e+00
7.66358000e+06 1.11757145e+00
7.67814500e+06 9.91118245e-01
7.68300000e+06 9.40496572e-01
7.69277506e+06 8.21775428e-01
7.69296000e+06 8.20298400e-01
7.69750050e+06 8.09851855e-01
7.70250100e+06 8.02687181e-01
7.70771000e+06 8.00468596e-01
7.71510500e+06 9.06233777e-01
7.72250000e+06 1.01711523e+00
7.73734000e+06 1.20482889e+00
7.74106000e+06 1.18050003e+00
7.75222000e+06 1.08588133e+00
7.76000100e+06 1.07215072e+00
7.76715000e+06 1.05411366e+00
7.78211000e+06 9.85961908e-01
7.78961500e+06 1.01053638e+00
7.79712000e+06 1.03763783e+00
7.80465000e+06 9.72663316e-01
7.81218000e+06 9.12341892e-01
7.83484000e+06 8.30724146e-01
7.86549344e+06 8.94816664e-01
7.90750000e+06 1.04942003e+00
7.92650000e+06 1.08323119e+00
7.94195500e+06 9.87919493e-01
7.95741000e+06 8.99079337e-01
7.96760000e+06 8.71114083e-01
8.01989000e+06 8.54722898e-01
8.05124000e+06 6.92606549e-01
8.07180000e+06 6.16577421e-01
8.08288000e+06 5.87019955e-01
8.10322075e+06 6.22425180e-01
8.11000100e+06 6.31876371e-01
8.11472000e+06 6.33088579e-01
8.12000100e+06 6.45138632e-01
8.13000100e+06 6.59561465e-01
8.14000000e+06 6.80504454e-01
8.14718266e+06 7.00469763e-01
8.15000100e+06 7.00270363e-01
8.16000100e+06 7.02118668e-01
8.17610000e+06 7.08789526e-01
8.17895000e+06 7.08132787e-01
8.20000100e+06 8.35635968e-01
8.21136000e+06 8.98534359e-01
8.23000000e+06 9.32366087e-01
8.24000100e+06 9.57556541e-01
8.24396000e+06 9.70060850e-01
8.25000100e+06 9.66787067e-01
8.26000100e+06 9.67251640e-01
8.27500100e+06 9.64577916e-01
8.29000100e+06 9.58531273e-01
8.30000100e+06 9.48379040e-01
8.30975000e+06 9.34417374e-01
8.32634500e+06 9.53578650e-01
8.34294000e+06 9.68176889e-01
8.37633000e+06 1.03107028e+00
8.39000000e+06 1.02957753e+00
8.40993000e+06 1.03526534e+00
8.43363759e+06 9.28083269e-01
8.44372000e+06 8.87157791e-01
8.46922750e+06 9.51683686e-01
8.47773000e+06 9.67845073e-01
8.49483000e+06 9.43495000e-01
8.51193000e+06 9.14228726e-01
8.52914000e+06 9.32829806e-01
8.54635000e+06 9.57455318e-01
8.58294000e+06 9.82677749e-01
8.60000000e+06 1.00464591e+00
8.61000100e+06 1.00974487e+00
8.61500100e+06 1.00593726e+00
8.62000100e+06 9.89161891e-01
8.63000100e+06 9.39657976e-01
8.64000000e+06 8.95844709e-01
8.65076138e+06 8.70124906e-01
8.65960603e+06 8.92918805e-01
8.68614000e+06 9.74234925e-01
8.70388000e+06 9.04282164e-01
8.72162000e+06 8.30474567e-01
8.74530000e+06 7.88179763e-01
8.75733000e+06 7.48862941e-01
8.78000200e+06 7.42409484e-01
8.79325000e+06 7.33229832e-01
8.80178078e+06 7.41025464e-01
8.81031156e+06 7.44966174e-01
8.82940000e+06 7.43567978e-01
8.84245025e+06 7.63683286e-01
8.85550050e+06 7.87033302e-01
8.86577000e+06 8.08331641e-01
8.88000100e+06 8.22712321e-01
8.90325731e+06 8.54852475e-01
8.91000100e+06 8.54767987e-01
8.93959550e+06 8.63145889e-01
8.95000100e+06 8.75348002e-01
8.96000100e+06 8.79335102e-01
8.97090050e+06 8.71315969e-01
8.98180000e+06 8.58263303e-01
8.99090050e+06 8.72104737e-01
9.00000100e+06 8.98690166e-01
9.01354000e+06 9.63279943e-01
9.03000200e+06 9.95638080e-01
9.04000100e+06 1.00962061e+00
9.05106000e+06 1.02036460e+00
9.06994000e+06 9.71686045e-01
9.08882000e+06 9.19139513e-01
9.13010000e+06 8.94066244e-01
9.16505000e+06 8.11234772e-01
9.20353000e+06 7.93189451e-01
9.24225000e+06 5.53649828e-01
9.28071307e+06 6.26893216e-01
9.28195381e+06 6.32474537e-01
9.32043000e+06 8.78344752e-01
9.33860000e+06 8.74418663e-01
9.34965344e+06 8.74980787e-01
9.35011113e+06 8.73095188e-01
9.36949078e+06 6.43854971e-01
9.36980000e+06 6.41590421e-01
9.38466456e+06 7.04533862e-01
9.38961941e+06 7.27429124e-01
9.40959000e+06 9.07103541e-01
9.42957000e+06 9.54922458e-01
9.45654297e+06 9.31895638e-01
9.46039625e+06 9.27664382e-01
9.50003000e+06 7.80891896e-01
9.54065000e+06 8.54352903e-01
9.58153000e+06 7.36977208e-01
9.62268000e+06 6.33630562e-01
9.66409000e+06 5.91489693e-01
9.70591000e+06 6.15162982e-01
9.74773000e+06 6.82045225e-01
9.78996000e+06 7.68011362e-01
9.83246000e+06 7.72055884e-01
9.87525000e+06 7.53263559e-01
9.93995000e+06 8.23924495e-01
1.00053875e+07 7.59224752e-01
1.00272000e+07 7.38969049e-01
1.01000000e+07 7.83610000e-01
1.01157000e+07 7.93670000e-01
1.02000000e+07 8.03100000e-01
1.02053000e+07 8.03750000e-01
1.02961000e+07 7.28820000e-01
1.03000000e+07 7.33040000e-01
1.03456100e+07 7.83190000e-01
1.03460000e+07 7.83620000e-01
1.03881000e+07 8.29920000e-01
1.04814000e+07 5.85340000e-01
1.05000000e+07 6.07030000e-01
1.05200000e+07 6.30360000e-01
1.05400000e+07 6.53590000e-01
1.05760000e+07 6.95550000e-01
1.05800000e+07 6.90880000e-01
1.06000000e+07 6.67530000e-01
1.06718000e+07 5.83770000e-01
1.07690000e+07 7.54380000e-01
1.08000000e+07 7.67020000e-01
1.08500000e+07 7.87190000e-01
1.08675000e+07 7.94270000e-01
1.08800000e+07 7.92950000e-01
1.09000000e+07 7.90860000e-01
1.09400000e+07 7.86600000e-01
1.09530000e+07 7.85240000e-01
1.09600000e+07 7.84320000e-01
1.09674000e+07 7.83350000e-01
1.09800000e+07 7.75500000e-01
1.10000000e+07 7.63060000e-01
1.10686000e+07 7.20100000e-01
1.11000000e+07 6.82270000e-01
1.11600000e+07 6.05830000e-01
1.11713000e+07 5.91460000e-01
1.12000000e+07 6.09040000e-01
1.12754000e+07 6.53330000e-01
1.13000000e+07 6.69720000e-01
1.13800000e+07 7.30360000e-01
1.13810000e+07 7.31110000e-01
1.14000000e+07 7.37940000e-01
1.14400000e+07 7.52510000e-01
1.14600000e+07 7.59700000e-01
1.14800000e+07 7.66790000e-01
1.14881000e+07 7.69700000e-01
1.15000000e+07 7.70370000e-01
1.15600000e+07 7.73390000e-01
1.15967000e+07 7.75410000e-01
1.16000000e+07 7.73790000e-01
1.17000000e+07 7.23990000e-01
1.17069000e+07 7.20510000e-01
1.17250000e+07 7.19060000e-01
1.18187000e+07 7.11540000e-01
1.18250000e+07 7.12580000e-01
1.19000000e+07 7.24710000e-01
1.19321000e+07 7.29850000e-01
1.19750000e+07 7.38580000e-01
1.20000000e+07 7.43640000e-01
1.20037100e+07 7.44440000e-01
1.20040000e+07 7.44500000e-01
1.20471000e+07 7.53470000e-01
1.21000000e+07 7.81740000e-01
1.21638000e+07 8.15990000e-01
1.22823000e+07 8.02890000e-01
1.23000000e+07 8.06490000e-01
1.24024000e+07 8.27050000e-01
1.24450000e+07 7.65730000e-01
1.25000000e+07 6.86280000e-01
1.25244000e+07 6.51100000e-01
1.26482000e+07 8.48150000e-01
1.27738000e+07 8.64230000e-01
1.29014000e+07 8.30750000e-01
1.30000000e+07 8.63370000e-01
1.30308000e+07 8.73500000e-01
1.31623000e+07 7.85650000e-01
1.32957000e+07 7.02760000e-01
1.33000000e+07 7.06520000e-01
1.34313000e+07 8.22040000e-01
1.34500000e+07 8.07880000e-01
1.35000000e+07 7.70110000e-01
1.35689000e+07 7.18430000e-01
1.37000000e+07 6.78150000e-01
1.37086000e+07 6.75560000e-01
1.38506000e+07 8.75160000e-01
1.39000000e+07 8.03790000e-01
1.39947000e+07 6.67770000e-01
1.40000000e+07 6.70700000e-01
1.41000000e+07 7.25890000e-01
1.41412000e+07 7.48880000e-01
1.42899000e+07 7.75470000e-01
1.43000000e+07 7.77850000e-01
1.44411000e+07 8.11970000e-01
1.45000000e+07 7.51760000e-01
1.45120000e+07 7.39220000e-01
1.45947000e+07 6.51870000e-01
1.46000000e+07 6.51960000e-01
1.47500000e+07 6.54410000e-01
1.47507000e+07 6.54420000e-01
1.48000000e+07 6.83150000e-01
1.49094000e+07 7.47850000e-01
1.50000000e+07 6.76590000e-01
1.50705000e+07 6.21070000e-01
1.52344000e+07 7.55460000e-01
1.53000000e+07 7.45800000e-01
1.54009000e+07 7.31130000e-01
1.55703000e+07 6.63110000e-01
1.57424000e+07 6.65290000e-01
1.57500000e+07 6.70570000e-01
1.59000000e+07 7.74940000e-01
1.59175000e+07 7.87070000e-01
1.60000000e+07 7.92490000e-01
1.60955000e+07 7.99820000e-01
1.61320000e+07 7.94410000e-01
1.62765000e+07 7.72790000e-01
1.64606000e+07 7.16860000e-01
1.66479000e+07 9.04590000e-01
1.67000000e+07 8.77780000e-01
1.68385000e+07 8.06540000e-01
1.70000000e+07 8.22390000e-01
1.70324000e+07 8.25550000e-01
1.72296000e+07 8.08200000e-01
1.74000000e+07 8.07330000e-01
1.74304000e+07 8.07120000e-01
1.75000000e+07 7.87950000e-01
1.76347000e+07 7.54220000e-01
1.77500000e+07 7.73390000e-01
1.77940000e+07 7.80860000e-01
1.77962800e+07 7.81230000e-01
1.77970000e+07 7.81350000e-01
1.78000000e+07 7.81840000e-01
1.78426000e+07 7.88720000e-01
1.80000000e+07 8.59570000e-01
1.80543000e+07 8.84040000e-01
1.81470000e+07 8.61820000e-01
1.82000000e+07 8.49080000e-01
1.82698000e+07 8.32140000e-01
1.84892000e+07 7.93730000e-01
1.85000000e+07 8.00870000e-01
1.87127000e+07 9.40970000e-01
1.88000000e+07 9.28480000e-01
1.89403000e+07 9.08120000e-01
1.90000000e+07 8.94640000e-01
1.91000000e+07 8.72030000e-01
1.91720000e+07 8.55590000e-01
1.92500000e+07 8.53970000e-01
1.94000000e+07 8.50810000e-01
1.94081000e+07 8.50620000e-01
1.95000000e+07 8.54550000e-01
1.96487000e+07 8.60960000e-01
1.97000000e+07 8.66480000e-01
1.99779315e+07 8.95848099e-01
2.00000000e+07 8.98180000e-01
2.00000100e+07 9.12450000e-01
2.01512400e+07 9.19330000e-01
2.04355377e+07 9.31562786e-01
2.06042000e+07 9.38820000e-01
2.08948882e+07 9.49887890e-01
2.10000000e+07 9.53890000e-01
2.12962722e+07 9.63613654e-01
2.15967243e+07 9.73474490e-01
2.19014152e+07 9.83474446e-01
2.20000000e+07 9.86710000e-01
2.23103804e+07 9.95987270e-01
2.26251397e+07 1.00539543e+00
2.29443397e+07 1.01493631e+00
2.30000000e+07 1.01660000e+00
2.33244886e+07 1.02575058e+00
2.36535551e+07 1.03503026e+00
2.39872642e+07 1.04444085e+00
2.40000000e+07 1.04480000e+00
2.43385968e+07 1.05370855e+00
2.46819706e+07 1.06274279e+00
2.48969900e+07 1.06840000e+00
2.50000000e+07 1.07100000e+00
2.53527050e+07 1.07932384e+00
2.57103860e+07 1.08776511e+00
2.60000000e+07 1.09460000e+00
2.61795200e+07 1.09850000e+00
2.64639100e+07 1.10450000e+00
2.65344700e+07 1.10600000e+00
2.69088236e+07 1.11331772e+00
2.70000000e+07 1.11510000e+00
2.71924700e+07 1.11870000e+00
2.74714800e+07 1.12370000e+00
2.78590531e+07 1.13051986e+00
2.80000000e+07 1.13300000e+00
2.83950296e+07 1.13954023e+00
2.85194400e+07 1.14160000e+00
2.89217980e+07 1.14796324e+00
2.90000000e+07 1.14920000e+00
2.92624000e+07 1.15310000e+00
2.94079600e+07 1.15530000e+00
2.98228534e+07 1.16125668e+00
3.00000000e+07 1.16380000e+00
3.04232460e+07 1.16943814e+00
3.08524632e+07 1.17515582e+00
3.09984100e+07 1.17710000e+00
3.10000000e+07 1.17720000e+00
3.14373542e+07 1.18246317e+00
3.15899900e+07 1.18430000e+00
3.20000000e+07 1.18900000e+00
3.23171000e+07 1.19250000e+00
3.27730361e+07 1.19718324e+00
3.29207000e+07 1.19870000e+00
3.30000000e+07 1.19950000e+00
3.34655706e+07 1.20378325e+00
3.39377096e+07 1.20812693e+00
3.40000000e+07 1.20870000e+00
3.44796788e+07 1.21256473e+00
3.48812300e+07 1.21580000e+00
3.50000000e+07 1.21670000e+00
3.51570200e+07 1.21780000e+00
3.53239300e+07 1.21900000e+00
3.58222871e+07 1.22202227e+00
3.60000000e+07 1.22310000e+00
3.65078952e+07 1.22528395e+00
3.70000000e+07 1.22740000e+00
3.74689800e+07 1.22890000e+00
3.74859700e+07 1.22900000e+00
3.80000000e+07 1.23020000e+00
3.80002600e+07 1.23020000e+00
3.85363753e+07 1.23089713e+00
3.90000000e+07 1.23150000e+00
3.92809300e+07 1.23170000e+00
3.98351132e+07 1.23178981e+00
3.98980000e+07 1.23180000e+00
4.00000000e+07 1.23170000e+00
4.05643280e+07 1.23186930e+00
4.10000000e+07 1.23200000e+00
4.10936100e+07 1.23210000e+00
4.11255200e+07 1.23210000e+00
4.17057271e+07 1.23249809e+00
4.20000000e+07 1.23270000e+00
4.20052300e+07 1.23270000e+00
4.25978482e+07 1.23281915e+00
4.30000000e+07 1.23290000e+00
4.36066526e+07 1.23211135e+00
4.40000000e+07 1.23160000e+00
4.40057500e+07 1.23160000e+00
4.46265919e+07 1.22973224e+00
4.48035100e+07 1.22920000e+00
4.50000000e+07 1.22840000e+00
4.50815900e+07 1.22800000e+00
4.53581100e+07 1.22670000e+00
4.57324400e+07 1.22480000e+00
4.60000000e+07 1.22340000e+00
4.60621100e+07 1.22300000e+00
4.65449100e+07 1.22020000e+00
4.67752200e+07 1.21870000e+00
4.70000000e+07 1.21720000e+00
4.76630854e+07 1.21229317e+00
4.80000000e+07 1.20980000e+00
4.86771936e+07 1.20390842e+00
4.90000000e+07 1.20110000e+00
4.95280200e+07 1.19610000e+00
5.00000000e+07 1.19130000e+00
5.07054100e+07 1.18366927e+00
5.08319900e+07 1.18230000e+00
5.10000000e+07 1.18040000e+00
5.17138800e+07 1.17210000e+00
5.19291700e+07 1.16960000e+00
5.20000000e+07 1.16870000e+00
5.27336264e+07 1.15967640e+00
5.30000000e+07 1.15640000e+00
5.37477346e+07 1.14682900e+00
5.40000000e+07 1.14360000e+00
5.47618428e+07 1.13343889e+00
5.48247400e+07 1.13260000e+00
5.50000000e+07 1.13020000e+00
5.57169900e+07 1.12050000e+00
5.60000000e+07 1.11670000e+00
5.66163800e+07 1.10830000e+00
5.70000000e+07 1.10300000e+00
5.78041674e+07 1.09206332e+00
5.80000000e+07 1.08940000e+00
5.88182756e+07 1.07818962e+00
5.90000000e+07 1.07570000e+00
5.98323838e+07 1.06421310e+00
6.00000000e+07 1.06190000e+00
6.06696300e+07 1.05270000e+00
6.10000000e+07 1.04820000e+00
6.18606002e+07 1.03658190e+00
6.20000000e+07 1.03470000e+00
6.22087900e+07 1.03190000e+00
6.30000000e+07 1.02150000e+00
6.38888166e+07 1.00994538e+00
6.40000000e+07 1.00850000e+00
6.49029248e+07 9.97087031e-01
6.50000000e+07 9.95860000e-01
6.53070100e+07 9.92040000e-01
6.60000000e+07 9.83580000e-01
6.69311412e+07 9.72415617e-01
6.70000000e+07 9.71590000e-01
6.79452494e+07 9.60237555e-01
6.80000000e+07 9.59580000e-01
6.89593576e+07 9.47808682e-01
6.90000000e+07 9.47310000e-01
6.99734658e+07 9.34898311e-01
7.00000000e+07 9.34560000e-01
7.09875740e+07 9.21464769e-01
7.10000000e+07 9.21300000e-01
7.16192700e+07 9.12950000e-01
7.20000000e+07 9.07790000e-01
7.30000000e+07 8.94270000e-01
7.40000000e+07 8.80950000e-01
7.50000000e+07 8.67980000e-01
7.60000000e+07 8.55420000e-01
7.70000000e+07 8.43150000e-01
7.80000000e+07 8.31080000e-01
7.90000000e+07 8.19150000e-01
8.00000000e+07 8.07290000e-01
8.10000000e+07 7.95120000e-01
8.20000000e+07 7.82580000e-01
8.30000000e+07 7.70080000e-01
8.40000000e+07 7.57980000e-01
8.50000000e+07 7.46590000e-01
8.60000000e+07 7.36110000e-01
8.70000000e+07 7.26240000e-01
8.80000000e+07 7.16610000e-01
8.90000000e+07 7.06880000e-01
9.00000000e+07 6.96730000e-01
9.10000000e+07 6.86370000e-01
9.20000000e+07 6.76200000e-01
9.30000000e+07 6.66230000e-01
9.40000000e+07 6.56490000e-01
9.50000000e+07 6.46980000e-01
9.60000000e+07 6.37650000e-01
9.70000000e+07 6.28460000e-01
9.80000000e+07 6.19450000e-01
9.90000000e+07 6.10660000e-01
1.00000000e+08 6.02110000e-01
1.01410820e+08 5.90541276e-01
1.02000000e+08 5.85710000e-01
1.03439036e+08 5.74442345e-01
1.04000000e+08 5.70050000e-01
1.05467253e+08 5.59016259e-01
1.06000000e+08 5.55010000e-01
1.07495469e+08 5.44145416e-01
1.08000000e+08 5.40480000e-01
1.09523686e+08 5.29738017e-01
1.10000000e+08 5.26380000e-01
1.11551902e+08 5.15687395e-01
1.12000000e+08 5.12600000e-01
1.13580118e+08 5.01942101e-01
1.14000000e+08 4.99110000e-01
1.15608335e+08 4.88503032e-01
1.16000000e+08 4.85920000e-01
1.17636551e+08 4.75405159e-01
1.18000000e+08 4.73070000e-01
1.19664768e+08 4.62648555e-01
1.20000000e+08 4.60550000e-01
1.21692984e+08 4.50265122e-01
1.22000000e+08 4.48400000e-01
1.23721200e+08 4.38244918e-01
1.24000000e+08 4.36600000e-01
1.25749417e+08 4.26558348e-01
1.26000000e+08 4.25120000e-01
1.27777633e+08 4.15174142e-01
1.28000000e+08 4.13930000e-01
1.29805850e+08 4.04052003e-01
1.30000000e+08 4.02990000e-01
1.31834066e+08 3.93241939e-01
1.32000000e+08 3.92360000e-01
1.33862282e+08 3.82787868e-01
1.34000000e+08 3.82080000e-01
1.35890499e+08 3.72655863e-01
1.36000000e+08 3.72110000e-01
1.37918715e+08 3.62813825e-01
1.38000000e+08 3.62420000e-01
1.39946932e+08 3.53220748e-01
1.40000000e+08 3.52970000e-01
1.41975148e+08 3.43943574e-01
1.42000000e+08 3.43830000e-01
1.44000000e+08 3.35040000e-01
1.46000000e+08 3.26550000e-01
1.48000000e+08 3.18300000e-01
1.50000000e+08 3.10260000e-01
