6648
1.00000000e-05 9.36535435e+00
1.10303700e-05 8.91721384e+00
1.21669100e-05 8.49051724e+00
1.34205500e-05 8.08423844e+00
1.48033600e-05 7.69740044e+00
1.63286500e-05 7.32907298e+00
1.80111100e-05 6.97837031e+00
1.98669100e-05 6.64444907e+00
2.19139400e-05 6.32650624e+00
2.41718900e-05 6.02377726e+00
2.66624800e-05 5.73553413e+00
2.94097100e-05 5.46108368e+00
3.24399900e-05 5.19976592e+00
3.57825100e-05 4.95095244e+00
3.94694300e-05 4.71404490e+00
4.35362400e-05 4.48847359e+00
4.80220800e-05 4.27369606e+00
5.29701300e-05 4.06919582e+00
5.84280100e-05 3.87448109e+00
6.44482500e-05 3.68908363e+00
7.10888100e-05 3.51255759e+00
7.84135800e-05 3.34447848e+00
8.64930800e-05 3.18444209e+00
9.54050600e-05 3.03206357e+00
1.05235300e-04 2.88697650e+00
1.16078400e-04 2.74883196e+00
1.28038800e-04 2.61729775e+00
1.41231500e-04 2.49205757e+00
1.55783600e-04 2.37281022e+00
1.71835100e-04 2.25926896e+00
1.89540400e-04 2.15116074e+00
2.09070100e-04 2.04822559e+00
2.30612000e-04 1.95021596e+00
2.54373600e-04 1.85689618e+00
2.80583500e-04 1.76804181e+00
3.09493900e-04 1.68343920e+00
3.41383200e-04 1.60288489e+00
3.76558300e-04 1.52618516e+00
4.15357700e-04 1.45315557e+00
4.58154900e-04 1.38362050e+00
5.05361800e-04 1.31741274e+00
5.57432800e-04 1.25437307e+00
6.14868900e-04 1.19434989e+00
6.78223200e-04 1.13719887e+00
7.48105200e-04 1.08278257e+00
8.25187700e-04 1.03097013e+00
9.10212500e-04 9.81636960e-01
1.00399800e-03 9.34664421e-01
1.10744690e-03 8.89939558e-01
1.22155490e-03 8.47354820e-01
1.34742020e-03 8.06807804e-01
1.48625420e-03 7.68201005e-01
1.63939330e-03 7.31441585e-01
1.80831140e-03 6.96441151e-01
1.99463430e-03 6.63115537e-01
2.20015530e-03 6.31384608e-01
2.42685260e-03 6.01172062e-01
2.67690810e-03 5.72405249e-01
2.95272860e-03 5.45014997e-01
3.25696870e-03 5.18935445e-01
3.59255680e-03 4.94103884e-01
3.96272290e-03 4.70460604e-01
4.37102980e-03 4.47948758e-01
4.82140740e-03 4.26514216e-01
5.31819050e-03 4.06105441e-01
5.86616070e-03 3.86673364e-01
6.47059200e-03 3.68171266e-01
7.13730200e-03 3.50554669e-01
7.87270780e-03 3.33781224e-01
8.68388760e-03 3.17810621e-01
9.57864890e-03 3.02604488e-01
1.05656037e-02 2.88126306e-01
1.16542513e-02 2.74341328e-01
1.28550698e-02 2.61216508e-01
1.41796170e-02 2.48720430e-01
1.56406415e-02 2.36823256e-01
1.72522055e-02 2.25496678e-01
1.90298201e-02 2.14713886e-01
2.09905947e-02 2.04449542e-01
2.31534016e-02 1.94679729e-01
2.52418800e-02 1.86467455e-01
2.53000000e-02 1.86253624e-01
2.79068348e-02 1.77363710e-01
3.07822700e-02 1.68904818e-01
3.39539812e-02 1.60855403e-01
3.74524958e-02 1.53193212e-01
4.13114868e-02 1.45895744e-01
4.55680964e-02 1.38941754e-01
5.02632940e-02 1.32312867e-01
5.54422705e-02 1.25993953e-01
6.11548730e-02 1.19972525e-01
6.74560846e-02 1.14235331e-01
7.44065538e-02 1.08770722e-01
8.20731781e-02 1.03566575e-01
9.05297481e-02 9.86109580e-02
9.98576572e-02 9.38922580e-02
1.10146686e-01 8.93992650e-02
1.21495864e-01 8.51212340e-02
1.34014427e-01 8.10479070e-02
1.47822865e-01 7.71695060e-02
1.63054082e-01 7.34767150e-02
1.79854678e-01 6.99606530e-02
1.98386355e-01 6.66128490e-02
2.18827480e-01 6.34252350e-02
2.41374796e-01 6.03901300e-02
2.66245319e-01 5.75002320e-02
2.93678424e-01 5.47485950e-02
3.23938153e-01 5.21286060e-02
3.57315753e-01 4.96339680e-02
3.94132478e-01 4.72586920e-02
4.34742686e-01 4.49970890e-02
4.79537247e-01 4.28437440e-02
5.28947302e-01 4.07934650e-02
5.83448419e-01 3.88412660e-02
6.43565164e-01 3.69824470e-02
7.09876156e-01 3.52126090e-02
7.83019630e-01 3.35274950e-02
8.63699584e-01 3.19229410e-02
9.52692555e-01 3.03949950e-02
1.05085509e+00 2.89399930e-02
1.15913199e+00 2.75547190e-02
1.27856542e+00 2.62374090e-02
1.42025333e+00 2.48952470e-02
1.57756539e+00 2.36201770e-02
1.75238785e+00 2.24096180e-02
1.94648825e+00 2.12617190e-02
2.16219395e+00 2.01738200e-02
2.40168586e+00 1.91412240e-02
2.68652296e+00 1.80974470e-02
2.98423775e+00 1.71711590e-02
3.29172450e+00 1.63491700e-02
3.63089376e+00 1.55664060e-02
4.00500998e+00 1.48212390e-02
4.41767399e+00 1.41117530e-02
4.87285764e+00 1.34361980e-02
5.37494203e+00 1.27929820e-02
5.92875966e+00 1.21805660e-02
6.53964097e+00 1.15974930e-02
7.21346563e+00 1.10423530e-02
7.95671913e+00 1.05137700e-02
8.77655520e+00 1.00105180e-02
9.68086468e+00 9.53133100e-03
1.06783514e+01 9.07508700e-03
1.17786162e+01 8.64066400e-03
1.29922489e+01 8.22701800e-03
1.43309306e+01 7.83316200e-03
1.58075460e+01 7.45820400e-03
1.74363073e+01 7.10102400e-03
1.92328912e+01 6.76011000e-03
2.10659881e+01 6.45860800e-03
2.30749305e+01 6.17049800e-03
2.52742142e+01 5.89485000e-03
2.78783921e+01 5.61258800e-03
3.07508966e+01 5.34383400e-03
3.39193752e+01 5.08796200e-03
3.74143241e+01 4.84435900e-03
4.12693820e+01 4.61240000e-03
4.55216532e+01 4.39150600e-03
5.02120655e+01 4.18117700e-03
5.53857636e+01 3.98092200e-03
6.10925437e+01 3.79022800e-03
6.73873331e+01 3.60866300e-03
7.43307184e+01 3.43576200e-03
8.19895289e+01 3.27112900e-03
9.04374799e+01 3.11436900e-03
9.97558819e+01 2.96508500e-03
1.10034424e+02 2.82296900e-03
1.21372035e+02 2.68765400e-03
1.33877839e+02 2.55888200e-03
1.47672204e+02 2.43622100e-03
1.62887897e+02 2.31944100e-03
1.79671369e+02 2.20826200e-03
1.98184159e+02 2.10246300e-03
2.18604450e+02 2.00166000e-03
2.41128786e+02 1.90567500e-03
2.65973961e+02 1.81425400e-03
2.93379106e+02 1.72721600e-03
3.23607995e+02 1.64437300e-03
3.56951575e+02 1.56548100e-03
3.93730777e+02 1.49036000e-03
4.34299595e+02 1.41883300e-03
4.79048501e+02 1.35072700e-03
5.28408197e+02 1.28587600e-03
5.82348200e+02 1.22468600e-03
6.42351582e+02 1.16589500e-03
7.07355263e+02 1.11080200e-03
7.79441278e+02 1.05800000e-03
8.57385405e+02 1.00863200e-03
9.45727782e+02 9.60139000e-04
1.04317269e+03 9.14080000e-04
1.15065802e+03 8.70186000e-04
1.26921831e+03 8.28436000e-04
1.39999470e+03 7.88682000e-04
1.54424588e+03 7.50859000e-04
1.70336027e+03 7.14839000e-04
1.87809850e+03 6.80712000e-04
2.07062237e+03 6.48253000e-04
2.28285751e+03 6.17369000e-04
2.51573106e+03 5.88130000e-04
2.77480501e+03 5.60087000e-04
3.08079051e+03 5.31639000e-04
3.39576678e+03 5.06529000e-04
3.74565624e+03 4.82460000e-04
4.13159723e+03 4.59671000e-04
4.55031051e+03 4.38355000e-04
5.00534156e+03 4.18386000e-04
5.52107669e+03 3.98871000e-04
6.08995159e+03 3.80402000e-04
6.70910480e+03 3.63177000e-04
7.40039050e+03 3.46643000e-04
8.16290416e+03 3.31034000e-04
8.97994574e+03 3.16735000e-04
9.90521196e+03 3.02887000e-04
1.09258148e+04 2.89879000e-04
1.20515774e+04 2.77705000e-04
1.33917718e+04 2.65507000e-04
1.48717368e+04 2.54232000e-04
1.61159106e+04 2.46234000e-04
1.65183559e+04 2.44251000e-04
1.66202207e+04 2.45225000e-04
1.66541756e+04 2.46609000e-04
1.66783514e+04 2.49002000e-04
1.66934613e+04 2.52147000e-04
1.67025272e+04 2.55521000e-04
1.67089569e+04 2.59423000e-04
1.67121717e+04 2.62346000e-04
1.67153866e+04 2.66615000e-04
1.67177977e+04 2.71457000e-04
1.67194051e+04 2.76022000e-04
1.67210126e+04 2.82237000e-04
1.67222181e+04 2.88423000e-04
1.67234237e+04 2.96384000e-04
1.67246293e+04 3.06673000e-04
1.67254330e+04 3.15163000e-04
1.67262367e+04 3.25246000e-04
1.67270404e+04 3.37206000e-04
1.67278441e+04 3.51374000e-04
1.67284556e+04 3.63860000e-04
1.67290846e+04 3.78451000e-04
1.67297136e+04 3.95031000e-04
1.67303426e+04 4.13832000e-04
1.67309715e+04 4.35110000e-04
1.67316005e+04 4.59135000e-04
1.67322295e+04 4.86197000e-04
1.67328585e+04 5.16605000e-04
1.67334875e+04 5.50679000e-04
1.67341164e+04 5.88759000e-04
1.67347454e+04 6.31193000e-04
1.67353878e+04 6.79403000e-04
1.67360370e+04 7.33510000e-04
1.67366862e+04 7.93435000e-04
1.67373354e+04 8.59582000e-04
1.67379846e+04 9.32337000e-04
1.67385971e+04 1.00737900e-03
1.67391362e+04 1.07881400e-03
1.67396754e+04 1.15548200e-03
1.67402145e+04 1.23755200e-03
1.67409334e+04 1.35563500e-03
1.67416675e+04 1.48669100e-03
1.67424168e+04 1.63158400e-03
1.67431662e+04 1.78778900e-03
1.67439155e+04 1.95524200e-03
1.67446620e+04 2.13299900e-03
1.67454054e+04 2.32053200e-03
1.67465206e+04 2.62014900e-03
1.67477605e+04 2.97599900e-03
1.67492500e+04 3.42780400e-03
1.67526497e+04 4.49241900e-03
1.67540633e+04 4.91436700e-03
1.67551236e+04 5.20906200e-03
1.67561838e+04 5.47787300e-03
1.67572237e+04 5.71040900e-03
1.67582229e+04 5.89979900e-03
1.67592220e+04 6.05163500e-03
1.67602212e+04 6.16253100e-03
1.67612203e+04 6.22997400e-03
1.67622195e+04 6.25242300e-03
1.67632913e+04 6.22592000e-03
1.67643632e+04 6.14777200e-03
1.67654351e+04 6.02004300e-03
1.67665069e+04 5.84606300e-03
1.67675788e+04 5.63027700e-03
1.67686506e+04 5.37806100e-03
1.67693652e+04 5.19265700e-03
1.67707943e+04 4.78911100e-03
1.67725807e+04 4.24387600e-03
1.67755627e+04 3.31015000e-03
1.67769952e+04 2.88115100e-03
1.67781984e+04 2.54143100e-03
1.67792869e+04 2.25429200e-03
1.67800125e+04 2.07476400e-03
1.67807210e+04 1.90922600e-03
1.67814122e+04 1.75725400e-03
1.67821035e+04 1.61486400e-03
1.67827947e+04 1.48208200e-03
1.67834998e+04 1.35646600e-03
1.67842187e+04 1.23841800e-03
1.67847578e+04 1.15636400e-03
1.67852970e+04 1.07970300e-03
1.67858361e+04 1.00826700e-03
1.67864468e+04 9.33431000e-04
1.67870933e+04 8.60929000e-04
1.67877397e+04 7.94977000e-04
1.67883862e+04 7.35188000e-04
1.67890326e+04 6.81171000e-04
1.67896654e+04 6.33506000e-04
1.67902706e+04 5.92387000e-04
1.67908759e+04 5.55321000e-04
1.67914812e+04 5.21996000e-04
1.67920865e+04 4.92113000e-04
1.67926918e+04 4.65381000e-04
1.67932971e+04 4.41523000e-04
1.67939023e+04 4.20279000e-04
1.67945076e+04 4.01401000e-04
1.67951129e+04 3.84660000e-04
1.67957182e+04 3.69841000e-04
1.67963490e+04 3.56227000e-04
1.67967781e+04 3.47930000e-04
1.67976362e+04 3.33408000e-04
1.67984943e+04 3.21288000e-04
1.67993524e+04 3.11188000e-04
1.68002105e+04 3.02777000e-04
1.68010686e+04 2.95773000e-04
1.68023558e+04 2.87387000e-04
1.68036429e+04 2.80972000e-04
1.68053592e+04 2.74629000e-04
1.68070754e+04 2.70039000e-04
1.68096497e+04 2.65227000e-04
1.68130821e+04 2.61007000e-04
1.68165146e+04 2.58106000e-04
1.68233795e+04 2.54219000e-04
1.68338345e+04 2.50599000e-04
1.68442896e+04 2.48333000e-04
1.68651996e+04 2.45724000e-04
1.68955448e+04 2.43915000e-04
1.69258900e+04 2.42877000e-04
1.70493727e+04 2.41111000e-04
1.82191836e+04 2.34792000e-04
2.05111968e+04 2.25098000e-04
2.27732522e+04 2.17329000e-04
2.51080278e+04 2.10880000e-04
2.78751156e+04 2.04792000e-04
3.00992928e+04 2.00978000e-04
3.10595021e+04 1.99858000e-04
3.13579574e+04 2.00738000e-04
3.14574424e+04 2.01974000e-04
3.15147423e+04 2.03670000e-04
3.15605126e+04 2.06332000e-04
3.15879747e+04 2.09146000e-04
3.16108690e+04 2.12902000e-04
3.16261319e+04 2.16674000e-04
3.16375790e+04 2.20692000e-04
3.16490262e+04 2.26282000e-04
3.16567336e+04 2.31371000e-04
3.16644411e+04 2.38141000e-04
3.16695793e+04 2.44072000e-04
3.16734331e+04 2.49704000e-04
3.16760022e+04 2.54357000e-04
3.16785713e+04 2.60166000e-04
3.16804982e+04 2.65698000e-04
3.16824251e+04 2.72787000e-04
3.16837096e+04 2.78756000e-04
3.16849942e+04 2.86099000e-04
3.16862788e+04 2.95266000e-04
3.16872422e+04 3.03690000e-04
3.16882056e+04 3.13791000e-04
3.16891691e+04 3.25958000e-04
3.16901325e+04 3.40669000e-04
3.16909690e+04 3.55950000e-04
3.16918055e+04 3.74035000e-04
3.16923631e+04 3.87908000e-04
3.16929208e+04 4.03440000e-04
3.16934784e+04 4.20831000e-04
3.16940361e+04 4.40301000e-04
3.16945938e+04 4.62093000e-04
3.16951514e+04 4.86477000e-04
3.16957091e+04 5.13747000e-04
3.16962667e+04 5.44232000e-04
3.16968244e+04 5.78288000e-04
3.16973820e+04 6.16309000e-04
3.16979397e+04 6.58722000e-04
3.16984973e+04 7.05999000e-04
3.16990550e+04 7.58649000e-04
3.16994998e+04 8.04870000e-04
3.16999446e+04 8.55166000e-04
3.17003894e+04 9.09865000e-04
3.17008342e+04 9.69310000e-04
3.17012791e+04 1.03387100e-03
3.17017239e+04 1.10393900e-03
3.17021687e+04 1.17992800e-03
3.17026135e+04 1.26228000e-03
3.17030583e+04 1.35146200e-03
3.17035031e+04 1.44796400e-03
3.17039797e+04 1.56007800e-03
3.17045199e+04 1.69888000e-03
3.17050600e+04 1.85116200e-03
3.17056001e+04 2.01803400e-03
3.17061402e+04 2.20067200e-03
3.17066804e+04 2.40031800e-03
3.17071372e+04 2.58343100e-03
3.17075940e+04 2.78048700e-03
3.17080509e+04 2.99235100e-03
3.17085077e+04 3.21993300e-03
3.17089645e+04 3.46417900e-03
3.17094106e+04 3.71967700e-03
3.17098513e+04 3.98952600e-03
3.17102920e+04 4.27763500e-03
3.17108796e+04 4.69188100e-03
3.17114672e+04 5.14268100e-03
3.17119517e+04 5.54368000e-03
3.17124362e+04 5.97260000e-03
3.17129208e+04 6.43091000e-03
3.17134053e+04 6.92006400e-03
3.17138899e+04 7.44158100e-03
3.17143658e+04 7.98672500e-03
3.17149945e+04 8.75953500e-03
3.17156232e+04 9.59529800e-03
3.17162520e+04 1.04974080e-02
3.17168829e+04 1.14728300e-02
3.17175161e+04 1.25256950e-02
3.17181493e+04 1.36560790e-02
3.17187825e+04 1.48672160e-02
3.17194199e+04 1.61712730e-02
3.17200616e+04 1.75730370e-02
3.17207033e+04 1.90669640e-02
3.17213450e+04 2.06557430e-02
3.17219980e+04 2.23724400e-02
3.17226624e+04 2.42244920e-02
3.17233267e+04 2.61848750e-02
3.17239911e+04 2.82549820e-02
3.17247720e+04 3.08296520e-02
3.17256694e+04 3.39777030e-02
3.17265669e+04 3.73266840e-02
3.17274643e+04 4.08729800e-02
3.17283793e+04 4.46853480e-02
3.17293118e+04 4.87657110e-02
3.17307105e+04 5.52264080e-02
3.17324054e+04 6.35259390e-02
3.17346929e+04 7.53104880e-02
3.17387738e+04 9.66788710e-02
3.17408358e+04 1.06834543e-01
3.17423823e+04 1.13814955e-01
3.17439289e+04 1.20048392e-01
3.17454754e+04 1.25365995e-01
3.17466693e+04 1.28749622e-01
3.17480262e+04 1.31750438e-01
3.17493832e+04 1.33788330e-01
3.17507401e+04 1.34816791e-01
3.17514185e+04 1.34944190e-01
3.17526159e+04 1.34536685e-01
3.17538132e+04 1.33329592e-01
3.17550106e+04 1.31344574e-01
3.17562080e+04 1.28616992e-01
3.17574053e+04 1.25194714e-01
3.17586027e+04 1.21136895e-01
3.17598001e+04 1.16512046e-01
3.17609974e+04 1.11396372e-01
3.17625557e+04 1.04138608e-01
3.17648931e+04 9.23636090e-02
3.17690794e+04 7.04001830e-02
3.17709284e+04 6.10210920e-02
3.17721610e+04 5.50419750e-02
3.17734844e+04 4.89331270e-02
3.17748078e+04 4.31929960e-02
3.17756901e+04 3.95889470e-02
3.17765456e+04 3.62729230e-02
3.17774010e+04 3.31372620e-02
3.17782565e+04 3.01844960e-02
3.17791120e+04 2.74153600e-02
3.17797599e+04 2.54396220e-02
3.17804078e+04 2.35676770e-02
3.17810558e+04 2.17980650e-02
3.17817037e+04 2.01289190e-02
3.17823311e+04 1.86064640e-02
3.17829584e+04 1.71738060e-02
3.17835857e+04 1.58283610e-02
3.17842131e+04 1.45673600e-02
3.17848334e+04 1.34005800e-02
3.17854537e+04 1.23105050e-02
3.17860740e+04 1.12940460e-02
3.17866944e+04 1.03480460e-02
3.17872775e+04 9.52014600e-03
3.17878606e+04 8.74894600e-03
3.17884437e+04 8.03174400e-03
3.17890268e+04 7.36584600e-03
3.17896294e+04 6.72873000e-03
3.17902321e+04 6.14065500e-03
3.17908347e+04 5.59877100e-03
3.17914373e+04 5.10030100e-03
3.17920200e+04 4.65707400e-03
3.17926026e+04 4.24951800e-03
3.17931853e+04 3.87534100e-03
3.17936223e+04 3.61528600e-03
3.17941012e+04 3.34934200e-03
3.17946011e+04 3.09183000e-03
3.17951009e+04 2.85358500e-03
3.17956008e+04 2.63340200e-03
3.17961007e+04 2.43013900e-03
3.17966333e+04 2.23095100e-03
3.17970320e+04 2.09283700e-03
3.17974307e+04 1.96356900e-03
3.17978293e+04 1.84265800e-03
3.17982280e+04 1.72963600e-03
3.17986267e+04 1.62406200e-03
3.17990254e+04 1.52550500e-03
3.17994241e+04 1.43355800e-03
3.17999356e+04 1.32464200e-03
3.18004039e+04 1.23324500e-03
3.18008722e+04 1.14921800e-03
3.18013404e+04 1.07202400e-03
3.18018087e+04 1.00116500e-03
3.18022770e+04 9.36172000e-04
3.18027453e+04 8.76606000e-04
3.18032136e+04 8.22051000e-04
3.18036818e+04 7.72123000e-04
3.18041501e+04 7.26460000e-04
3.18046184e+04 6.84727000e-04
3.18051179e+04 6.44188000e-04
3.18056174e+04 6.07408000e-04
3.18061169e+04 5.74061000e-04
3.18066164e+04 5.43843000e-04
3.18071159e+04 5.16475000e-04
3.18076154e+04 4.91701000e-04
3.18079484e+04 4.76509000e-04
3.18086143e+04 4.49009000e-04
3.18092804e+04 4.24962000e-04
3.18099463e+04 4.03943000e-04
3.18106123e+04 3.85574000e-04
3.18112783e+04 3.69518000e-04
3.18119443e+04 3.55482000e-04
3.18126103e+04 3.43204000e-04
3.18132763e+04 3.32455000e-04
3.18142753e+04 3.18765000e-04
3.18152743e+04 3.07494000e-04
3.18162745e+04 2.98161000e-04
3.18172747e+04 2.90398000e-04
3.18187749e+04 2.81037000e-04
3.18202752e+04 2.73726000e-04
3.18222755e+04 2.66200000e-04
3.18242759e+04 2.60393000e-04
3.18272764e+04 2.53697000e-04
3.18312771e+04 2.46969000e-04
3.18352778e+04 2.41695000e-04
3.18412789e+04 2.35436000e-04
3.18472799e+04 2.30515000e-04
3.18552813e+04 2.25400000e-04
3.18632827e+04 2.21447000e-04
3.18752849e+04 2.16957000e-04
3.18875108e+04 2.13611000e-04
3.19039612e+04 2.10391000e-04
3.19286369e+04 2.07209000e-04
3.19450873e+04 2.05680000e-04
3.19807985e+04 2.03432000e-04
3.20165096e+04 2.02035000e-04
3.20938140e+04 2.00354000e-04
3.22580899e+04 1.98836000e-04
3.27040917e+04 1.97512000e-04
3.58228934e+04 1.94544000e-04
3.93005955e+04 1.92900000e-04
4.02028770e+04 1.92724000e-04
4.32696579e+04 1.94325000e-04
4.46488882e+04 1.96080000e-04
4.54798349e+04 1.97547000e-04
4.65696726e+04 2.00583000e-04
4.75305891e+04 2.04514000e-04
4.81972887e+04 2.08298000e-04
4.88436012e+04 2.13050000e-04
4.94005633e+04 2.18433000e-04
4.98671819e+04 2.24177000e-04
5.02404767e+04 2.29901000e-04
5.06137715e+04 2.36926000e-04
5.09636424e+04 2.45080000e-04
5.12435391e+04 2.52994000e-04
5.15234358e+04 2.62527000e-04
5.17995043e+04 2.73888000e-04
5.19979422e+04 2.83674000e-04
5.21963802e+04 2.95150000e-04
5.23948181e+04 3.08674000e-04
5.25271101e+04 3.19087000e-04
5.26594020e+04 3.30868000e-04
5.27916940e+04 3.44239000e-04
5.29239859e+04 3.59505000e-04
5.30728144e+04 3.79356000e-04
5.31720334e+04 3.94484000e-04
5.32712523e+04 4.11453000e-04
5.33622030e+04 4.28836000e-04
5.34448855e+04 4.46429000e-04
5.35275680e+04 4.65973000e-04
5.36061163e+04 4.86615000e-04
5.36867317e+04 5.10287000e-04
5.37673472e+04 5.36701000e-04
5.38483760e+04 5.66617000e-04
5.39294048e+04 6.00377000e-04
5.39889362e+04 6.28064000e-04
5.40484676e+04 6.58666000e-04
5.41079990e+04 6.92502000e-04
5.41675303e+04 7.29975000e-04
5.42270617e+04 7.71734000e-04
5.42865931e+04 8.18374000e-04
5.43461245e+04 8.70678000e-04
5.44056559e+04 9.29511000e-04
5.44552653e+04 9.84387000e-04
5.45048748e+04 1.04511700e-03
5.45445624e+04 1.09883900e-03
5.45842500e+04 1.15776500e-03
5.46239376e+04 1.22241300e-03
5.46636252e+04 1.29351100e-03
5.47033127e+04 1.37191600e-03
5.47430003e+04 1.45862000e-03
5.47826879e+04 1.55478300e-03
5.48223755e+04 1.66166600e-03
5.48595826e+04 1.77299500e-03
5.48967897e+04 1.89678700e-03
5.49353921e+04 2.04007700e-03
5.49611270e+04 2.14550900e-03
5.49997294e+04 2.31998100e-03
5.50279836e+04 2.46156800e-03
5.50562377e+04 2.61698000e-03
5.50855383e+04 2.79382000e-03
5.51169318e+04 3.00386800e-03
5.51483253e+04 3.23675500e-03
5.51776259e+04 3.47860700e-03
5.52058801e+04 3.73531300e-03
5.52341342e+04 4.02004600e-03
5.52564585e+04 4.26627200e-03
5.52787828e+04 4.53281600e-03
5.53011070e+04 4.82112000e-03
5.53234313e+04 5.13292200e-03
5.53474997e+04 5.49753700e-03
5.53715680e+04 5.89311800e-03
5.53956364e+04 6.32063700e-03
5.54197047e+04 6.78174400e-03
5.54477263e+04 7.36058700e-03
5.54757479e+04 7.98045100e-03
5.55213008e+04 9.06419300e-03
5.56019162e+04 1.10105400e-02
5.56247993e+04 1.15216730e-02
5.56476823e+04 1.19778900e-02
5.56705654e+04 1.23583430e-02
5.56934484e+04 1.26494180e-02
5.57115967e+04 1.28087720e-02
5.57297450e+04 1.29005550e-02
5.57418438e+04 1.29201600e-02
5.57606455e+04 1.28788210e-02
5.57794472e+04 1.27578990e-02
5.57982489e+04 1.25632710e-02
5.58170506e+04 1.23015190e-02
5.58352395e+04 1.19902130e-02
5.58625229e+04 1.14401950e-02
5.58898062e+04 1.08207650e-02
5.59939861e+04 8.29449500e-03
5.60274726e+04 7.53072200e-03
5.60497968e+04 7.05410800e-03
5.60832832e+04 6.39258500e-03
5.61056075e+04 5.98708300e-03
5.61279318e+04 5.61041000e-03
5.61502560e+04 5.26089500e-03
5.61725803e+04 4.93738200e-03
5.61949046e+04 4.63819300e-03
5.62172288e+04 4.36159700e-03
5.62395531e+04 4.10613500e-03
5.62618774e+04 3.87032900e-03
5.62845505e+04 3.64923400e-03
5.63072235e+04 3.44508600e-03
5.63298966e+04 3.25689400e-03
5.63619878e+04 3.01523100e-03
5.63902419e+04 2.82236400e-03
5.64184961e+04 2.64717200e-03
5.64467502e+04 2.48752100e-03
5.64750044e+04 2.34164800e-03
5.65032585e+04 2.20874200e-03
5.65409307e+04 2.04862200e-03
5.65786029e+04 1.90513600e-03
5.66042216e+04 1.81712600e-03
5.66426495e+04 1.69670700e-03
5.66810775e+04 1.58794000e-03
5.67207651e+04 1.48693200e-03
5.67604527e+04 1.39603500e-03
5.68001403e+04 1.31400600e-03
5.68398278e+04 1.23975200e-03
5.68795154e+04 1.17236200e-03
5.69192030e+04 1.11102700e-03
5.69588906e+04 1.05507400e-03
5.69985782e+04 1.00392300e-03
5.70481877e+04 9.46357000e-04
5.70977971e+04 8.94130000e-04
5.71573285e+04 8.38033000e-04
5.72168599e+04 7.88174000e-04
5.72763913e+04 7.43686000e-04
5.73359227e+04 7.03834000e-04
5.73954541e+04 6.68007000e-04
5.74549854e+04 6.35695000e-04
5.75244387e+04 6.02012000e-04
5.75938920e+04 5.71739000e-04
5.76732672e+04 5.40928000e-04
5.77501619e+04 5.14421000e-04
5.78278834e+04 4.90463000e-04
5.79180073e+04 4.65733000e-04
5.80006897e+04 4.45618000e-04
5.80999087e+04 4.24042000e-04
5.81991277e+04 4.05024000e-04
5.82983466e+04 3.88104000e-04
5.84306386e+04 3.68381000e-04
5.85629306e+04 3.51308000e-04
5.86952225e+04 3.36453000e-04
5.88275145e+04 3.23453000e-04
5.89598064e+04 3.12038000e-04
5.91582444e+04 2.97312000e-04
5.93370832e+04 2.86063000e-04
5.95551202e+04 2.74424000e-04
5.97985994e+04 2.63596000e-04
6.00238058e+04 2.55157000e-04
6.02940535e+04 2.46671000e-04
6.05643011e+04 2.39641000e-04
6.09246314e+04 2.31884000e-04
6.12713582e+04 2.25806000e-04
6.17281020e+04 2.19462000e-04
6.21848459e+04 2.14439000e-04
6.27329385e+04 2.09765000e-04
6.34290000e+04 2.05377000e-04
6.41931180e+04 2.02017000e-04
6.49868994e+04 1.99897000e-04
6.55504401e+04 1.99342000e-04
6.59507691e+04 1.99906000e-04
6.63510981e+04 2.01705000e-04
6.65872940e+04 2.04319000e-04
6.67269670e+04 2.06936000e-04
6.68336138e+04 2.09888000e-04
6.69299497e+04 2.13630000e-04
6.70024579e+04 2.17467000e-04
6.70749662e+04 2.22629000e-04
6.71255878e+04 2.27345000e-04
6.71762093e+04 2.33353000e-04
6.72178142e+04 2.39631000e-04
6.72594192e+04 2.47537000e-04
6.72934347e+04 2.55653000e-04
6.73274501e+04 2.65675000e-04
6.73501271e+04 2.73760000e-04
6.73709191e+04 2.82537000e-04
6.73917111e+04 2.92831000e-04
6.74125031e+04 3.05000000e-04
6.74280971e+04 3.15729000e-04
6.74445223e+04 3.28808000e-04
6.74613631e+04 3.44497000e-04
6.74725903e+04 3.56504000e-04
6.74838175e+04 3.70055000e-04
6.74950447e+04 3.85444000e-04
6.75062719e+04 4.02993000e-04
6.75174991e+04 4.23092000e-04
6.75274548e+04 4.43438000e-04
6.75361392e+04 4.63493000e-04
6.75448235e+04 4.86130000e-04
6.75535079e+04 5.11849000e-04
6.75621922e+04 5.41234000e-04
6.75687055e+04 5.66109000e-04
6.75752187e+04 5.93838000e-04
6.75817320e+04 6.24898000e-04
6.75882452e+04 6.59868000e-04
6.75949514e+04 7.00718000e-04
6.75996796e+04 7.32995000e-04
6.76044077e+04 7.68629000e-04
6.76091358e+04 8.08138000e-04
6.76138640e+04 8.52160000e-04
6.76185921e+04 9.01492000e-04
6.76233202e+04 9.57187000e-04
6.76268663e+04 1.00400200e-03
6.76304124e+04 1.05611300e-03
6.76334833e+04 1.10652300e-03
6.76365543e+04 1.16316300e-03
6.76396252e+04 1.22797000e-03
6.76419284e+04 1.28368900e-03
6.76442315e+04 1.34752200e-03
6.76465347e+04 1.42209500e-03
6.76480702e+04 1.47954700e-03
6.76496056e+04 1.54482600e-03
6.76511411e+04 1.61973700e-03
6.76526765e+04 1.70652800e-03
6.76538281e+04 1.78107600e-03
6.76549797e+04 1.86528400e-03
6.76562212e+04 1.96880500e-03
6.76574628e+04 2.08793800e-03
6.76582904e+04 2.17743800e-03
6.76591181e+04 2.27612400e-03
6.76599458e+04 2.38508500e-03
6.76607735e+04 2.50552400e-03
6.76616012e+04 2.63877900e-03
6.76624288e+04 2.78633200e-03
6.76632565e+04 2.94981400e-03
6.76640842e+04 3.13103200e-03
6.76649119e+04 3.33197200e-03
6.76657396e+04 3.55481900e-03
6.76665672e+04 3.80197300e-03
6.76673949e+04 4.07606000e-03
6.76682226e+04 4.37995800e-03
6.76690261e+04 4.70644700e-03
6.76698295e+04 5.06710900e-03
6.76706330e+04 5.46533400e-03
6.76714364e+04 5.90479100e-03
6.76722399e+04 6.38946200e-03
6.76730434e+04 6.92363000e-03
6.76738468e+04 7.51191300e-03
6.76746503e+04 8.15926800e-03
6.76752915e+04 8.72189800e-03
6.76759328e+04 9.32842200e-03
6.76765741e+04 9.98188600e-03
6.76772153e+04 1.06854930e-02
6.76778566e+04 1.14426210e-02
6.76784978e+04 1.22567890e-02
6.76791391e+04 1.31317180e-02
6.76797804e+04 1.40713020e-02
6.76805851e+04 1.53481310e-02
6.76813898e+04 1.67416700e-02
6.76821945e+04 1.82607930e-02
6.76829993e+04 1.99148810e-02
6.76838040e+04 2.17137610e-02
6.76845372e+04 2.34876280e-02
6.76852347e+04 2.53019090e-02
6.76859322e+04 2.72472440e-02
6.76866298e+04 2.93311320e-02
6.76873273e+04 3.15612100e-02
6.76880230e+04 3.39391750e-02
6.76887152e+04 3.64652980e-02
6.76894075e+04 3.91593500e-02
6.76900997e+04 4.20295950e-02
6.76910226e+04 4.61454280e-02
6.76919617e+04 5.06912390e-02
6.76929169e+04 5.57081540e-02
6.76938721e+04 6.11445000e-02
6.76948274e+04 6.70236160e-02
6.76957387e+04 7.30668280e-02
6.76966062e+04 7.92316690e-02
6.76974737e+04 8.58159310e-02
6.76983412e+04 9.28363310e-02
6.76992577e+04 1.00744785e-01
6.77002233e+04 1.09641982e-01
6.77011888e+04 1.19139071e-01
6.77021543e+04 1.29254331e-01
6.77031430e+04 1.40269184e-01
6.77041547e+04 1.52246150e-01
6.77051664e+04 1.64949494e-01
6.77061781e+04 1.78389744e-01
6.77072659e+04 1.93670262e-01
6.77084297e+04 2.10974900e-01
6.77095935e+04 2.29264767e-01
6.77107573e+04 2.48528575e-01
6.77126133e+04 2.81213028e-01
6.77145245e+04 3.17267715e-01
6.77164356e+04 3.55551676e-01
6.77181614e+04 3.91811782e-01
6.77207502e+04 4.48624257e-01
6.77293409e+04 6.44256281e-01
6.77317417e+04 6.96222704e-01
6.77339540e+04 7.41223002e-01
6.77359778e+04 7.79238882e-01
6.77380016e+04 8.13663083e-01
6.77400253e+04 8.44021496e-01
6.77420491e+04 8.69948165e-01
6.77440729e+04 8.91198043e-01
6.77460967e+04 9.07656317e-01
6.77481205e+04 9.19340013e-01
6.77501095e+04 9.26310529e-01
6.77525525e+04 9.29123812e-01
6.77549954e+04 9.26217146e-01
6.77579270e+04 9.16319617e-01
6.77608585e+04 9.00901586e-01
6.77647672e+04 8.74448713e-01
6.77725847e+04 8.12401403e-01
6.77819832e+04 7.33164248e-01
6.77867265e+04 6.88887290e-01
6.77898887e+04 6.56034119e-01
6.77930509e+04 6.19781569e-01
6.77962131e+04 5.79848965e-01
6.77993754e+04 5.36349580e-01
6.78033281e+04 4.77779300e-01
6.78135185e+04 3.18661533e-01
6.78163724e+04 2.76085654e-01
6.78187049e+04 2.43064540e-01
6.78208878e+04 2.13955550e-01
6.78227714e+04 1.90413791e-01
6.78240271e+04 1.75588910e-01
6.78252828e+04 1.61487731e-01
6.78269425e+04 1.43986410e-01
6.78280489e+04 1.33046271e-01
6.78291553e+04 1.22689377e-01
6.78302685e+04 1.12855570e-01
6.78313882e+04 1.03549187e-01
6.78325080e+04 9.48212000e-02
6.78336278e+04 8.66590390e-02
6.78346978e+04 7.93746950e-02
6.78357180e+04 7.28838540e-02
6.78367383e+04 6.68223470e-02
6.78377585e+04 6.11746550e-02
6.78388123e+04 5.57578860e-02
6.78398998e+04 5.05929090e-02
6.78407155e+04 4.69896240e-02
6.78415311e+04 4.36079660e-02
6.78423467e+04 4.04386970e-02
6.78430816e+04 3.77571630e-02
6.78440078e+04 3.46023860e-02
6.78449339e+04 3.16852750e-02
6.78458601e+04 2.89925170e-02
6.78466065e+04 2.69767310e-02
6.78474564e+04 2.48397490e-02
6.78483064e+04 2.28622740e-02
6.78491564e+04 2.10349100e-02
6.78500063e+04 1.93484600e-02
6.78508563e+04 1.77941120e-02
6.78517772e+04 1.62493110e-02
6.78526980e+04 1.48391440e-02
6.78536189e+04 1.35536940e-02
6.78545397e+04 1.23835430e-02
6.78554606e+04 1.13197420e-02
6.78561325e+04 1.06058110e-02
6.78568623e+04 9.88571200e-03
6.78575921e+04 9.21962100e-03
6.78583219e+04 8.60393000e-03
6.78590518e+04 8.03518900e-03
6.78597816e+04 7.51015700e-03
6.78605114e+04 7.02576100e-03
6.78612413e+04 6.57910800e-03
6.78621354e+04 6.07933600e-03
6.78629292e+04 5.67587600e-03
6.78637231e+04 5.30707800e-03
6.78645169e+04 4.97009600e-03
6.78653107e+04 4.66228300e-03
6.78661046e+04 4.38117900e-03
6.78668984e+04 4.12450500e-03
6.78676922e+04 3.89015000e-03
6.78684860e+04 3.67616600e-03
6.78692799e+04 3.48075300e-03
6.78700737e+04 3.30225500e-03
6.78710566e+04 3.10241700e-03
6.78720395e+04 2.92355500e-03
6.78730224e+04 2.76331000e-03
6.78740053e+04 2.61956900e-03
6.78749882e+04 2.49044300e-03
6.78759710e+04 2.37424900e-03
6.78769539e+04 2.26948800e-03
6.78779368e+04 2.17482900e-03
6.78794112e+04 2.04923700e-03
6.78808855e+04 1.94032700e-03
6.78823598e+04 1.84525700e-03
6.78838342e+04 1.76168300e-03
6.78853085e+04 1.68766900e-03
6.78866741e+04 1.62625800e-03
6.78884223e+04 1.55597300e-03
6.78901706e+04 1.49342800e-03
6.78927929e+04 1.41115400e-03
6.78954153e+04 1.33969800e-03
6.78980377e+04 1.27659500e-03
6.78997859e+04 1.23828600e-03
6.79032824e+04 1.16898700e-03
6.79067789e+04 1.10765700e-03
6.79102754e+04 1.05275800e-03
6.79137719e+04 1.00320800e-03
6.79177036e+04 9.52890000e-04
6.79216353e+04 9.07460000e-04
6.79268775e+04 8.53344000e-04
6.79321197e+04 8.05483000e-04
6.79373620e+04 7.62900000e-04
6.79426042e+04 7.24810000e-04
6.79478465e+04 6.90568000e-04
6.79530887e+04 6.59644000e-04
6.79602243e+04 6.22119000e-04
6.79669960e+04 5.90668000e-04
6.79737676e+04 5.62660000e-04
6.79805393e+04 5.37593000e-04
6.79873110e+04 5.15049000e-04
6.79963399e+04 4.88339000e-04
6.80053688e+04 4.64890000e-04
6.80143977e+04 4.44196000e-04
6.80234266e+04 4.25825000e-04
6.80329766e+04 4.08525000e-04
6.80430477e+04 3.92310000e-04
6.80531188e+04 3.77888000e-04
6.80682255e+04 3.59092000e-04
6.80833321e+04 3.43078000e-04
6.80984388e+04 3.29250000e-04
6.81149453e+04 3.16222000e-04
6.81342516e+04 3.03271000e-04
6.81535578e+04 2.92295000e-04
6.81728641e+04 2.82844000e-04
6.81986057e+04 2.72247000e-04
6.82244916e+04 2.63380000e-04
6.82505216e+04 2.55846000e-04
6.82765517e+04 2.49523000e-04
6.83155967e+04 2.41635000e-04
6.83580631e+04 2.34783000e-04
6.84005295e+04 2.29292000e-04
6.84471216e+04 2.24380000e-04
6.84937137e+04 2.20359000e-04
6.85674176e+04 2.15401000e-04
6.86411215e+04 2.11654000e-04
6.87567993e+04 2.07369000e-04
6.88981753e+04 2.03752000e-04
6.90416898e+04 2.01225000e-04
6.92811176e+04 1.98477000e-04
6.96332406e+04 1.96157000e-04
7.02803130e+04 1.94489000e-04
7.05236743e+04 1.95413000e-04
7.06047947e+04 1.96815000e-04
7.06527563e+04 1.98804000e-04
7.06767371e+04 2.00559000e-04
7.07007179e+04 2.03467000e-04
7.07162602e+04 2.06487000e-04
7.07279169e+04 2.10020000e-04
7.07337453e+04 2.12740000e-04
7.07376309e+04 2.15328000e-04
7.07415165e+04 2.19056000e-04
7.07444307e+04 2.23093000e-04
7.07463735e+04 2.26677000e-04
7.07483163e+04 2.31247000e-04
7.07502590e+04 2.37115000e-04
7.07517161e+04 2.42610000e-04
7.07531732e+04 2.49276000e-04
7.07546303e+04 2.57368000e-04
7.07560874e+04 2.67193000e-04
7.07575445e+04 2.79116000e-04
7.07585159e+04 2.88439000e-04
7.07594873e+04 2.99032000e-04
7.07604587e+04 3.11056000e-04
7.07614301e+04 3.24692000e-04
7.07624015e+04 3.40140000e-04
7.07632067e+04 3.54476000e-04
7.07641651e+04 3.73551000e-04
7.07651235e+04 3.95053000e-04
7.07660819e+04 4.19258000e-04
7.07670403e+04 4.46468000e-04
7.07679987e+04 4.77013000e-04
7.07689571e+04 5.11249000e-04
7.07699156e+04 5.49564000e-04
7.07708740e+04 5.92377000e-04
7.07718324e+04 6.40137000e-04
7.07727908e+04 6.93330000e-04
7.07734457e+04 7.33068000e-04
7.07741166e+04 7.76838000e-04
7.07747875e+04 8.23903000e-04
7.07754583e+04 8.74467000e-04
7.07761292e+04 9.28745000e-04
7.07768001e+04 9.86957000e-04
7.07774710e+04 1.04933500e-03
7.07781419e+04 1.11611800e-03
7.07790665e+04 1.21583400e-03
7.07799502e+04 1.32002300e-03
7.07808340e+04 1.43351100e-03
7.07817177e+04 1.55693100e-03
7.07826015e+04 1.69093500e-03
7.07834487e+04 1.82995700e-03
7.07842228e+04 1.96654100e-03
7.07849969e+04 2.11274100e-03
7.07857710e+04 2.26903400e-03
7.07865451e+04 2.43590400e-03
7.07873191e+04 2.61383600e-03
7.07881096e+04 2.80746400e-03
7.07889002e+04 3.01365600e-03
7.07899542e+04 3.30901000e-03
7.07910081e+04 3.62881400e-03
7.07920629e+04 3.97448200e-03
7.07931183e+04 4.34719000e-03
7.07941738e+04 4.74776500e-03
7.07952293e+04 5.17719900e-03
7.07963378e+04 5.66025200e-03
7.07974993e+04 6.20260300e-03
7.07986609e+04 6.78280900e-03
7.07998224e+04 7.40149900e-03
7.08010447e+04 8.09450200e-03
7.08023277e+04 8.86834400e-03
7.08036107e+04 9.68943100e-03
7.08048937e+04 1.05569750e-02
7.08062007e+04 1.14871790e-02
7.08081973e+04 1.29939100e-02
7.08101938e+04 1.45952850e-02
7.08125622e+04 1.65988510e-02
7.08159678e+04 1.96204380e-02
7.08214109e+04 2.45311830e-02
7.08243506e+04 2.70567340e-02
7.08265554e+04 2.88166040e-02
7.08287602e+04 3.04158900e-02
7.08309650e+04 3.18157260e-02
7.08328422e+04 3.28238060e-02
7.08345556e+04 3.35791950e-02
7.08362691e+04 3.41648620e-02
7.08379825e+04 3.45713290e-02
7.08396959e+04 3.47919530e-02
7.08408382e+04 3.48338750e-02
7.08423222e+04 3.47620550e-02
7.08438062e+04 3.45484450e-02
7.08460322e+04 3.39684180e-02
7.08482582e+04 3.30916760e-02
7.08504842e+04 3.19419950e-02
7.08527102e+04 3.05498730e-02
7.08549362e+04 2.89511850e-02
7.08571622e+04 2.71856720e-02
7.08601302e+04 2.46447410e-02
7.08680573e+04 1.75187740e-02
7.08706636e+04 1.52738260e-02
7.08728934e+04 1.34525720e-02
7.08749351e+04 1.18841690e-02
7.08762961e+04 1.08973470e-02
7.08775456e+04 1.00354960e-02
7.08792522e+04 8.92886800e-03
7.08803900e+04 8.23738700e-03
7.08815278e+04 7.58326300e-03
7.08825531e+04 7.02576500e-03
7.08835784e+04 6.49837400e-03
7.08846037e+04 6.00073100e-03
7.08856291e+04 5.53233700e-03
7.08866254e+04 5.10460600e-03
7.08876218e+04 4.70323600e-03
7.08886181e+04 4.32746100e-03
7.08896144e+04 3.97644900e-03
7.08906741e+04 3.62929300e-03
7.08917338e+04 3.30800300e-03
7.08927935e+04 3.01139200e-03
7.08938532e+04 2.73824500e-03
7.08946869e+04 2.53903100e-03
7.08955205e+04 2.35296700e-03
7.08963542e+04 2.17944200e-03
7.08971879e+04 2.01785100e-03
7.08980216e+04 1.86759500e-03
7.08988740e+04 1.72506000e-03
7.08997359e+04 1.59174200e-03
7.09005977e+04 1.46864700e-03
7.09014596e+04 1.35516300e-03
7.09023214e+04 1.25069800e-03
7.09032569e+04 1.14685500e-03
7.09039786e+04 1.07308900e-03
7.09047004e+04 1.00451500e-03
7.09054221e+04 9.40834000e-04
7.09061439e+04 8.81757000e-04
7.09068656e+04 8.27005000e-04
7.09075874e+04 7.76313000e-04
7.09083091e+04 7.29426000e-04
7.09090007e+04 6.87845000e-04
7.09096620e+04 6.50950000e-04
7.09103233e+04 6.16688000e-04
7.09109846e+04 5.84896000e-04
7.09119766e+04 5.41501000e-04
7.09129686e+04 5.02823000e-04
7.09139606e+04 4.68408000e-04
7.09149526e+04 4.37835000e-04
7.09159446e+04 4.10719000e-04
7.09169366e+04 3.86704000e-04
7.09179286e+04 3.65468000e-04
7.09189206e+04 3.46714000e-04
7.09198252e+04 3.31547000e-04
7.09209732e+04 3.14663000e-04
7.09221211e+04 3.00103000e-04
7.09232690e+04 2.87565000e-04
7.09244170e+04 2.76780000e-04
7.09255649e+04 2.67512000e-04
7.09267129e+04 2.59552000e-04
7.09284348e+04 2.49673000e-04
7.09301567e+04 2.41816000e-04
7.09318786e+04 2.35558000e-04
7.09330266e+04 2.32105000e-04
7.09353225e+04 2.26556000e-04
7.09376184e+04 2.22390000e-04
7.09410622e+04 2.17917000e-04
7.09445060e+04 2.14820000e-04
7.09490978e+04 2.11939000e-04
7.09559855e+04 2.09017000e-04
7.09682504e+04 2.05605000e-04
7.09866478e+04 2.02322000e-04
7.10050452e+04 2.00219000e-04
7.10418399e+04 1.97749000e-04
7.10918175e+04 1.96031000e-04
7.11672429e+04 1.94599000e-04
7.12049555e+04 1.94093000e-04
7.16126296e+04 1.92637000e-04
7.35207198e+04 1.91939000e-04
7.85979288e+04 1.94163000e-04
8.26593257e+04 1.97374000e-04
8.41813157e+04 1.98889000e-04
8.54981730e+04 2.01115000e-04
8.59831500e+04 2.03054000e-04
8.62113257e+04 2.05023000e-04
8.63438251e+04 2.07119000e-04
8.64563817e+04 2.10135000e-04
8.65163070e+04 2.12647000e-04
8.65762323e+04 2.16311000e-04
8.66344062e+04 2.21707000e-04
8.66693105e+04 2.26415000e-04
8.66954318e+04 2.31078000e-04
8.67215531e+04 2.37185000e-04
8.67411440e+04 2.43121000e-04
8.67607350e+04 2.50699000e-04
8.67737956e+04 2.56942000e-04
8.67846792e+04 2.63122000e-04
8.67955628e+04 2.70455000e-04
8.68064464e+04 2.79233000e-04
8.68173300e+04 2.89844000e-04
8.68254927e+04 2.99331000e-04
8.68336554e+04 3.10487000e-04
8.68418180e+04 3.23758000e-04
8.68472598e+04 3.34079000e-04
8.68527016e+04 3.45873000e-04
8.68581434e+04 3.59504000e-04
8.68630757e+04 3.73907000e-04
8.68674985e+04 3.89044000e-04
8.68708156e+04 4.02270000e-04
8.68741327e+04 4.17703000e-04
8.68774498e+04 4.36199000e-04
8.68796612e+04 4.50861000e-04
8.68818726e+04 4.68020000e-04
8.68840840e+04 4.88424000e-04
8.68857425e+04 5.06446000e-04
8.68874010e+04 5.27385000e-04
8.68890596e+04 5.51904000e-04
8.68907181e+04 5.80815000e-04
8.68918238e+04 6.03012000e-04
8.68929295e+04 6.27945000e-04
8.68940352e+04 6.56010000e-04
8.68951409e+04 6.87656000e-04
8.68962466e+04 7.23391000e-04
8.68974231e+04 7.66551000e-04
8.68985995e+04 8.15782000e-04
8.68997759e+04 8.71977000e-04
8.69005602e+04 9.13805000e-04
8.69013445e+04 9.59507000e-04
8.69021288e+04 1.00944400e-03
8.69029131e+04 1.06400400e-03
8.69036974e+04 1.12360800e-03
8.69044817e+04 1.18871000e-03
8.69052660e+04 1.25980100e-03
8.69060503e+04 1.33740500e-03
8.69068346e+04 1.42209100e-03
8.69076189e+04 1.51446700e-03
8.69084032e+04 1.61518600e-03
8.69092161e+04 1.72912900e-03
8.69100575e+04 1.85820000e-03
8.69108990e+04 1.99956700e-03
8.69117404e+04 2.15429000e-03
8.69125819e+04 2.32350900e-03
8.69134234e+04 2.50843600e-03
8.69142648e+04 2.71036800e-03
8.69151063e+04 2.93067800e-03
8.69158460e+04 3.14070100e-03
8.69168031e+04 3.43689200e-03
8.69177602e+04 3.76293000e-03
8.69187172e+04 4.12138300e-03
8.69196742e+04 4.51497900e-03
8.69206313e+04 4.94660200e-03
8.69214835e+04 5.36545300e-03
8.69223358e+04 5.81914800e-03
8.69231880e+04 6.31005900e-03
8.69240403e+04 6.84065000e-03
8.69248925e+04 7.41350700e-03
8.69256540e+04 7.96324800e-03
8.69266087e+04 8.70622000e-03
8.69275634e+04 9.51270000e-03
8.69285181e+04 1.03868220e-02
8.69295273e+04 1.13891810e-02
8.69303252e+04 1.22418870e-02
8.69311230e+04 1.31506810e-02
8.69321868e+04 1.44542900e-02
8.69332505e+04 1.58687780e-02
8.69343205e+04 1.74098680e-02
8.69353905e+04 1.90763150e-02
8.69364604e+04 2.08747430e-02
8.69375303e+04 2.28116960e-02
8.69386889e+04 2.50727030e-02
8.69398474e+04 2.75116650e-02
8.69410059e+04 3.01362170e-02
8.69421644e+04 3.29535690e-02
8.69432250e+04 3.57073800e-02
8.69442855e+04 3.86330210e-02
8.69453460e+04 4.17346270e-02
8.69464066e+04 4.50157410e-02
8.69476104e+04 4.89614020e-02
8.69488143e+04 5.31450430e-02
8.69500182e+04 5.75683930e-02
8.69512220e+04 6.22315270e-02
8.69525334e+04 6.75824260e-02
8.69545005e+04 7.61288350e-02
8.69564676e+04 8.52752710e-02
8.69584296e+04 9.49552820e-02
8.69608820e+04 1.07752834e-01
8.69633344e+04 1.21191566e-01
8.69684356e+04 1.50378866e-01
8.69725558e+04 1.73991946e-01
8.69753026e+04 1.89060858e-01
8.69776322e+04 2.01060770e-01
8.69799619e+04 2.12078953e-01
8.69822915e+04 2.21875009e-01
8.69846212e+04 2.30227187e-01
8.69869508e+04 2.36940728e-01
8.69892805e+04 2.41855431e-01
8.69910277e+04 2.44287538e-01
8.69927749e+04 2.45606188e-01
8.69939397e+04 2.45857028e-01
8.69957486e+04 2.45246287e-01
8.69975574e+04 2.43428149e-01
8.69993662e+04 2.40429668e-01
8.70011751e+04 2.36295196e-01
8.70035868e+04 2.29122104e-01
8.70059986e+04 2.20221632e-01
8.70084104e+04 2.09815271e-01
8.70108222e+04 1.98153731e-01
8.70132339e+04 1.85507003e-01
8.70168561e+04 1.65273995e-01
8.70237797e+04 1.25478377e-01
8.70264400e+04 1.10750524e-01
8.70291004e+04 9.67323890e-02
8.70313222e+04 8.57076470e-02
8.70333247e+04 7.63779170e-02
8.70346597e+04 7.05008680e-02
8.70359930e+04 6.49157850e-02
8.70373247e+04 5.96274280e-02
8.70386563e+04 5.46317610e-02
8.70399880e+04 4.99294310e-02
8.70412142e+04 4.58573450e-02
8.70423350e+04 4.23491690e-02
8.70434559e+04 3.90420290e-02
8.70445767e+04 3.59318650e-02
8.70456772e+04 3.30651100e-02
8.70467574e+04 3.04264740e-02
8.70478376e+04 2.79559520e-02
8.70489178e+04 2.56477560e-02
8.70500202e+04 2.34529560e-02
8.70511450e+04 2.13744350e-02
8.70522697e+04 1.94507630e-02
8.70533945e+04 1.76743630e-02
8.70544494e+04 1.61352570e-02
8.70554344e+04 1.48032970e-02
8.70564195e+04 1.35677100e-02
8.70574046e+04 1.24233940e-02
8.70584531e+04 1.12999760e-02
8.70592871e+04 1.04722200e-02
8.70601211e+04 9.69960100e-03
8.70609551e+04 8.97925000e-03
8.70617891e+04 8.30836900e-03
8.70626019e+04 7.69957300e-03
8.70633723e+04 7.16133900e-03
8.70641427e+04 6.65881200e-03
8.70649131e+04 6.19006100e-03
8.70656835e+04 5.75320300e-03
8.70664539e+04 5.34643700e-03
8.70672947e+04 4.93475500e-03
8.70681356e+04 4.55467300e-03
8.70689764e+04 4.20412100e-03
8.70698172e+04 3.88112900e-03
8.70706581e+04 3.58381200e-03
8.70713081e+04 3.37045200e-03
8.70720475e+04 3.14410400e-03
8.70727869e+04 2.93412000e-03
8.70735263e+04 2.73944900e-03
8.70742657e+04 2.55909500e-03
8.70750051e+04 2.39211200e-03
8.70757444e+04 2.23761100e-03
8.70764838e+04 2.09474400e-03
8.70771513e+04 1.97510500e-03
8.70780445e+04 1.82784300e-03
8.70789377e+04 1.69415100e-03
8.70798310e+04 1.57286600e-03
8.70807242e+04 1.46290900e-03
8.70816174e+04 1.36328700e-03
8.70825107e+04 1.27307400e-03
8.70834039e+04 1.19142200e-03
8.70842971e+04 1.11754800e-03
8.70851903e+04 1.05073300e-03
8.70860836e+04 9.90316000e-04
8.70870296e+04 9.32630000e-04
8.70880021e+04 8.79416000e-04
8.70889745e+04 8.31730000e-04
8.70899470e+04 7.88986000e-04
8.70909195e+04 7.50656000e-04
8.70918919e+04 7.16265000e-04
8.70928644e+04 6.85384000e-04
8.70941610e+04 6.49011000e-04
8.70954576e+04 6.17397000e-04
8.70967542e+04 5.89849000e-04
8.70980509e+04 5.65771000e-04
8.70993475e+04 5.44653000e-04
8.71006441e+04 5.26059000e-04
8.71025890e+04 5.02098000e-04
8.71045340e+04 4.81956000e-04
8.71064789e+04 4.64824000e-04
8.71091029e+04 4.45391000e-04
8.71120665e+04 4.27243000e-04
8.71150301e+04 4.12025000e-04
8.71189815e+04 3.94980000e-04
8.71229329e+04 3.80588000e-04
8.71268843e+04 3.68125000e-04
8.71328115e+04 3.52108000e-04
8.71387386e+04 3.38528000e-04
8.71446658e+04 3.26834000e-04
8.71505929e+04 3.16658000e-04
8.71584958e+04 3.04995000e-04
8.71663987e+04 2.95078000e-04
8.71767617e+04 2.84153000e-04
8.71831733e+04 2.78353000e-04
8.71959964e+04 2.68499000e-04
8.72088196e+04 2.60477000e-04
8.72216428e+04 2.53857000e-04
8.72408775e+04 2.45908000e-04
8.72601123e+04 2.39646000e-04
8.72806244e+04 2.34365000e-04
8.73036914e+04 2.29692000e-04
8.73344474e+04 2.24999000e-04
8.73805814e+04 2.19866000e-04
8.74235084e+04 2.16568000e-04
8.74786063e+04 2.13629000e-04
8.75363672e+04 2.11282000e-04
8.76270028e+04 2.08988000e-04
8.77576222e+04 2.07119000e-04
8.80107189e+04 2.05456000e-04
8.85885623e+04 2.04626000e-04
8.99922464e+04 2.05733000e-04
9.57112264e+04 2.14630000e-04
1.00496073e+05 2.23808000e-04
1.04809820e+05 2.33650000e-04
1.07783494e+05 2.41552000e-04
1.10208754e+05 2.48566000e-04
1.13910000e+05 2.61085000e-04
1.16977004e+05 2.73076000e-04
1.20199492e+05 2.87590000e-04
1.23201529e+05 3.03028000e-04
1.25719326e+05 3.17812000e-04
1.28462217e+05 3.36130000e-04
1.31077657e+05 3.56054000e-04
1.33488062e+05 3.76971000e-04
1.35890889e+05 4.00683000e-04
1.38161341e+05 4.26153000e-04
1.40310351e+05 4.53490000e-04
1.42289878e+05 4.81914000e-04
1.44297332e+05 5.14383000e-04
1.46165650e+05 5.48486000e-04
1.47205975e+05 5.70066000e-04
1.47429750e+05 5.77179000e-04
1.47507582e+05 5.82615000e-04
1.47530931e+05 5.86464000e-04
1.47538714e+05 5.89546000e-04
1.47546497e+05 5.95567000e-04
1.47552335e+05 6.04064000e-04
1.47556214e+05 6.13028000e-04
1.47560082e+05 6.26005000e-04
1.47562983e+05 6.39401000e-04
1.47565884e+05 6.56971000e-04
1.47567818e+05 6.71576000e-04
1.47569751e+05 6.88971000e-04
1.47571685e+05 7.09634000e-04
1.47573619e+05 7.34106000e-04
1.47575553e+05 7.63003000e-04
1.47577487e+05 7.97017000e-04
1.47579421e+05 8.36926000e-04
1.47580871e+05 8.71244000e-04
1.47582321e+05 9.09764000e-04
1.47583772e+05 9.52916000e-04
1.47585222e+05 1.00116000e-03
1.47586899e+05 1.06394800e-03
1.47588576e+05 1.13502500e-03
1.47589834e+05 1.19430400e-03
1.47591091e+05 1.25913200e-03
1.47592349e+05 1.32991900e-03
1.47593607e+05 1.40709400e-03
1.47594864e+05 1.49109900e-03
1.47596122e+05 1.58239600e-03
1.47597380e+05 1.68145700e-03
1.47598638e+05 1.78876300e-03
1.47600269e+05 1.94111900e-03
1.47601901e+05 2.10932800e-03
1.47603533e+05 2.29452400e-03
1.47605165e+05 2.49784500e-03
1.47606796e+05 2.72046500e-03
1.47608207e+05 2.92935600e-03
1.47609074e+05 3.06558400e-03
1.47610808e+05 3.35682200e-03
1.47612541e+05 3.67413000e-03
1.47614275e+05 4.01868100e-03
1.47615684e+05 4.31951500e-03
1.47617092e+05 4.63955700e-03
1.47618971e+05 5.09706300e-03
1.47620849e+05 5.59049800e-03
1.47622673e+05 6.10480600e-03
1.47624444e+05 6.63723900e-03
1.47626214e+05 7.20249100e-03
1.47627984e+05 7.80032800e-03
1.47629814e+05 8.45182000e-03
1.47632647e+05 9.52569800e-03
1.47635481e+05 1.06733930e-02
1.47638718e+05 1.20647160e-02
1.47642159e+05 1.36186900e-02
1.47654608e+05 1.94628470e-02
1.47659098e+05 2.14349650e-02
1.47662071e+05 2.26316330e-02
1.47665044e+05 2.37119820e-02
1.47668018e+05 2.46526230e-02
1.47670991e+05 2.54326590e-02
1.47673965e+05 2.60342090e-02
1.47676938e+05 2.64432900e-02
1.47679912e+05 2.66502440e-02
1.47681398e+05 2.66761940e-02
1.47683728e+05 2.66123410e-02
1.47686057e+05 2.64218700e-02
1.47688387e+05 2.61075720e-02
1.47690716e+05 2.56740160e-02
1.47693822e+05 2.49214370e-02
1.47696928e+05 2.39870200e-02
1.47700034e+05 2.28936670e-02
1.47703140e+05 2.16673430e-02
1.47706246e+05 2.03360980e-02
1.47710847e+05 1.82332440e-02
1.47720756e+05 1.35660120e-02
1.47724119e+05 1.20488470e-02
1.47727481e+05 1.06069120e-02
1.47730300e+05 9.46936700e-03
1.47733119e+05 8.40522700e-03
1.47734998e+05 7.73937600e-03
1.47736746e+05 7.15218200e-03
1.47738495e+05 6.59681100e-03
1.47740243e+05 6.07348700e-03
1.47741992e+05 5.58219200e-03
1.47743927e+05 5.07530200e-03
1.47745863e+05 4.60653400e-03
1.47747315e+05 4.27936000e-03
1.47748766e+05 3.97256900e-03
1.47749734e+05 3.77907100e-03
1.47751507e+05 3.44676900e-03
1.47752836e+05 3.21571600e-03
1.47754166e+05 2.99964700e-03
1.47755495e+05 2.79796400e-03
1.47756825e+05 2.61006600e-03
1.47758538e+05 2.38723800e-03
1.47760252e+05 2.18497800e-03
1.47761965e+05 2.00193000e-03
1.47763107e+05 1.88992800e-03
1.47764250e+05 1.78549500e-03
1.47765392e+05 1.68825200e-03
1.47766894e+05 1.57067700e-03
1.47768291e+05 1.47121300e-03
1.47769688e+05 1.38058200e-03
1.47771084e+05 1.29814300e-03
1.47772481e+05 1.22332200e-03
1.47773878e+05 1.15553100e-03
1.47775274e+05 1.09423200e-03
1.47776671e+05 1.03890600e-03
1.47778068e+05 9.89067000e-04
1.47779465e+05 9.44253000e-04
1.47780861e+05 9.04035000e-04
1.47782410e+05 8.64319000e-04
1.47783958e+05 8.29241000e-04
1.47785507e+05 7.98324000e-04
1.47787055e+05 7.71134000e-04
1.47789120e+05 7.39995000e-04
1.47791185e+05 7.13925000e-04
1.47793249e+05 6.92177000e-04
1.47795314e+05 6.74097000e-04
1.47797378e+05 6.59116000e-04
1.47800476e+05 6.41394000e-04
1.47803573e+05 6.28172000e-04
1.47805637e+05 6.21309000e-04
1.47809766e+05 6.11110000e-04
1.47813896e+05 6.04320000e-04
1.47820090e+05 5.98142000e-04
1.47830413e+05 5.93323000e-04
1.47846930e+05 5.90606000e-04
1.47916650e+05 5.87916000e-04
1.48073816e+05 5.88895000e-04
1.49012067e+05 6.08778000e-04
1.50719746e+05 6.50540000e-04
1.52427911e+05 6.97375000e-04
1.54028107e+05 7.46363000e-04
1.55682673e+05 8.02846000e-04
1.57155531e+05 8.58688000e-04
1.58600486e+05 9.18967000e-04
1.60132181e+05 9.89391000e-04
1.61546091e+05 1.06079300e-03
1.63108830e+05 1.14692300e-03
1.64684703e+05 1.24160900e-03
1.66610771e+05 1.36744000e-03
1.72038778e+05 1.75335200e-03
1.73789749e+05 1.86906700e-03
1.75190525e+05 1.94946500e-03
1.76241107e+05 1.99990900e-03
1.77291689e+05 2.03822400e-03
1.78309311e+05 2.06407100e-03
1.79833188e+05 2.07811300e-03
1.80929785e+05 2.06878100e-03
1.82026383e+05 2.04379900e-03
1.83167350e+05 2.00222900e-03
1.84277430e+05 1.94830200e-03
1.85435102e+05 1.88031100e-03
1.87097123e+05 1.76736400e-03
1.92692253e+05 1.34745700e-03
1.94101004e+05 1.24745100e-03
1.95501780e+05 1.15484000e-03
1.96902556e+05 1.06893100e-03
1.98303332e+05 9.89890000e-04
1.99704109e+05 9.17600000e-04
2.01104885e+05 8.51766000e-04
2.02505661e+05 7.91979000e-04
2.03906437e+05 7.37777000e-04
2.05307213e+05 6.88682000e-04
2.06707990e+05 6.44218000e-04
2.08108766e+05 6.03938000e-04
2.09509542e+05 5.67424000e-04
2.10910318e+05 5.34290000e-04
2.12311094e+05 5.04192000e-04
2.14000155e+05 4.71573000e-04
2.15462841e+05 4.46020000e-04
2.17213811e+05 4.18438000e-04
2.18964782e+05 3.93851000e-04
2.20715752e+05 3.71717000e-04
2.22816916e+05 3.48118000e-04
2.24918080e+05 3.27258000e-04
2.27019245e+05 3.08756000e-04
2.29120409e+05 2.92286000e-04
2.31221573e+05 2.77577000e-04
2.33423554e+05 2.63849000e-04
2.36116951e+05 2.48962000e-04
2.38925842e+05 2.35363000e-04
2.41727395e+05 2.23475000e-04
2.44528947e+05 2.13007000e-04
2.47873602e+05 2.02045000e-04
2.50832440e+05 1.93573000e-04
2.54334381e+05 1.84793000e-04
2.57836321e+05 1.77089000e-04
2.62038650e+05 1.69093000e-04
2.66240978e+05 1.62206000e-04
2.71143695e+05 1.55328000e-04
2.76746800e+05 1.48678000e-04
2.82349905e+05 1.43072000e-04
2.88653398e+05 1.37775000e-04
2.94268629e+05 1.33921000e-04
2.96429413e+05 1.33046000e-04
2.97291997e+05 1.33656000e-04
2.97656186e+05 1.34715000e-04
2.97886170e+05 1.36358000e-04
2.97997987e+05 1.37785000e-04
2.98109804e+05 1.39980000e-04
2.98184053e+05 1.42172000e-04
2.98258301e+05 1.45358000e-04
2.98307800e+05 1.48363000e-04
2.98350993e+05 1.51884000e-04
2.98383387e+05 1.55333000e-04
2.98415781e+05 1.59765000e-04
2.98437378e+05 1.63433000e-04
2.98458974e+05 1.67875000e-04
2.98480570e+05 1.73363000e-04
2.98495435e+05 1.77931000e-04
2.98510299e+05 1.83324000e-04
2.98525164e+05 1.89765000e-04
2.98536312e+05 1.95473000e-04
2.98547461e+05 2.02151000e-04
2.98558609e+05 2.10117000e-04
2.98566042e+05 2.16408000e-04
2.98573474e+05 2.23807000e-04
2.98579048e+05 2.30362000e-04
2.98584622e+05 2.38119000e-04
2.98590197e+05 2.47548000e-04
2.98593913e+05 2.55097000e-04
2.98597629e+05 2.63979000e-04
2.98600647e+05 2.72425000e-04
2.98604128e+05 2.83886000e-04
2.98607609e+05 2.97648000e-04
2.98609930e+05 3.08393000e-04
2.98612250e+05 3.20639000e-04
2.98614571e+05 3.34635000e-04
2.98616891e+05 3.50669000e-04
2.98619212e+05 3.69074000e-04
2.98621532e+05 3.90232000e-04
2.98623273e+05 4.08171000e-04
2.98625013e+05 4.28112000e-04
2.98626754e+05 4.50287000e-04
2.98628494e+05 4.74950000e-04
2.98630235e+05 5.02381000e-04
2.98631975e+05 5.32887000e-04
2.98633716e+05 5.66809000e-04
2.98635456e+05 6.04512000e-04
2.98637088e+05 6.43670000e-04
2.98638504e+05 6.80905000e-04
2.98639920e+05 7.21442000e-04
2.98641336e+05 7.65551000e-04
2.98642752e+05 8.13528000e-04
2.98644168e+05 8.65687000e-04
2.98645584e+05 9.22364000e-04
2.98647000e+05 9.83910000e-04
2.98648416e+05 1.05070600e-03
2.98649832e+05 1.12315400e-03
2.98651248e+05 1.20168900e-03
2.98652401e+05 1.27048500e-03
2.98653765e+05 1.35773000e-03
2.98655128e+05 1.45184600e-03
2.98656492e+05 1.55329200e-03
2.98657855e+05 1.66257700e-03
2.98659219e+05 1.78020600e-03
2.98660582e+05 1.90674100e-03
2.98661945e+05 2.04273800e-03
2.98663650e+05 2.22696900e-03
2.98665184e+05 2.40724400e-03
2.98666718e+05 2.60219600e-03
2.98668252e+05 2.81280700e-03
2.98669785e+05 3.04010100e-03
2.98671326e+05 3.28632300e-03
2.98672882e+05 3.55415600e-03
2.98674437e+05 3.84260300e-03
2.98675993e+05 4.15286800e-03
2.98677548e+05 4.48624800e-03
2.98679104e+05 4.84406000e-03
2.98680659e+05 5.22768300e-03
2.98682214e+05 5.63845100e-03
2.98683770e+05 6.07780200e-03
2.98685325e+05 6.54717200e-03
2.98686881e+05 7.04805400e-03
2.98688434e+05 7.58114900e-03
2.98690504e+05 8.34516500e-03
2.98692574e+05 9.17363500e-03
2.98694644e+05 1.00700910e-02
2.98696684e+05 1.10234790e-02
2.98698694e+05 1.20339640e-02
2.98700704e+05 1.31179100e-02
2.98702714e+05 1.42782350e-02
2.98704738e+05 1.55265640e-02
2.98706777e+05 1.68672180e-02
2.98708815e+05 1.82941580e-02
2.98710853e+05 1.98094680e-02
2.98713107e+05 2.15906280e-02
2.98715578e+05 2.36713960e-02
2.98718049e+05 2.58883560e-02
2.98720520e+05 2.82420700e-02
2.98723068e+05 3.08129050e-02
2.98725695e+05 3.36121270e-02
2.98728322e+05 3.65594820e-02
2.98732263e+05 4.12456270e-02
2.98735388e+05 4.51731760e-02
2.98740076e+05 5.13720120e-02
2.98746090e+05 5.97514010e-02
2.98760678e+05 8.07575960e-02
2.98765983e+05 8.80545250e-02
2.98770285e+05 9.36015890e-02
2.98774588e+05 9.86929740e-02
2.98778889e+05 1.03218277e-01
2.98783191e+05 1.07075629e-01
2.98787493e+05 1.10175838e-01
2.98791795e+05 1.12445306e-01
2.98795022e+05 1.13568538e-01
2.98798248e+05 1.14177844e-01
2.98800399e+05 1.14294088e-01
2.98803716e+05 1.14016887e-01
2.98807033e+05 1.13190168e-01
2.98810349e+05 1.11825923e-01
2.98813666e+05 1.09943966e-01
2.98818088e+05 1.06676787e-01
2.98822510e+05 1.02619494e-01
2.98826933e+05 9.78710680e-02
2.98831355e+05 9.25437670e-02
2.98835777e+05 8.67587200e-02
2.98842304e+05 7.76493270e-02
2.98856518e+05 5.71883470e-02
2.98861520e+05 5.02928210e-02
2.98866523e+05 4.37552010e-02
2.98869472e+05 4.01042940e-02
2.98872422e+05 3.66223360e-02
2.98876109e+05 3.25233530e-02
2.98878322e+05 3.02050080e-02
2.98880821e+05 2.77157940e-02
2.98883320e+05 2.53662660e-02
2.98885820e+05 2.31565310e-02
2.98888319e+05 2.10859260e-02
2.98890409e+05 1.94599010e-02
2.98892499e+05 1.79282250e-02
2.98894589e+05 1.64889130e-02
2.98896679e+05 1.51396330e-02
2.98898650e+05 1.39473560e-02
2.98900621e+05 1.28303720e-02
2.98902592e+05 1.17860840e-02
2.98904563e+05 1.08117530e-02
2.98906456e+05 9.93892900e-03
2.98908350e+05 9.12549000e-03
2.98910243e+05 8.36870400e-03
2.98912137e+05 7.66597700e-03
2.98913925e+05 7.04944100e-03
2.98915713e+05 6.47647400e-03
2.98917502e+05 5.94477500e-03
2.98919290e+05 5.45219600e-03
2.98920837e+05 5.05582200e-03
2.98922385e+05 4.68571500e-03
2.98923932e+05 4.34054700e-03
2.98925479e+05 4.01897800e-03
2.98927026e+05 3.71972800e-03
2.98928628e+05 3.43224500e-03
2.98930256e+05 3.16171500e-03
2.98931883e+05 2.91180200e-03
2.98933511e+05 2.68117700e-03
2.98935139e+05 2.46861300e-03
2.98936793e+05 2.26993400e-03
2.98938499e+05 2.08198700e-03
2.98940204e+05 1.91005300e-03
2.98941910e+05 1.75296200e-03
2.98943616e+05 1.60958300e-03
2.98945322e+05 1.47888200e-03
2.98946877e+05 1.36993100e-03
2.98948432e+05 1.26998800e-03
2.98949986e+05 1.17838200e-03
2.98951541e+05 1.09448600e-03
2.98953096e+05 1.01771000e-03
2.98954651e+05 9.47511000e-04
2.98956206e+05 8.83369000e-04
2.98957761e+05 8.24803000e-04
2.98959429e+05 7.67653000e-04
2.98961098e+05 7.15891000e-04
2.98962766e+05 6.69033000e-04
2.98964434e+05 6.26644000e-04
2.98966102e+05 5.88312000e-04
2.98967771e+05 5.53668000e-04
2.98969439e+05 5.22363000e-04
2.98971107e+05 4.94087000e-04
2.98972775e+05 4.68547000e-04
2.98974444e+05 4.45483000e-04
2.98976112e+05 4.24650000e-04
2.98977780e+05 4.05833000e-04
2.98979448e+05 3.88828000e-04
2.98981951e+05 3.66331000e-04
2.98984453e+05 3.46968000e-04
2.98986972e+05 3.30168000e-04
2.98989491e+05 3.15661000e-04
2.98992010e+05 3.03097000e-04
2.98994529e+05 2.92177000e-04
2.98997048e+05 2.82648000e-04
2.99000826e+05 2.70501000e-04
2.99004604e+05 2.60416000e-04
2.99008383e+05 2.51935000e-04
2.99012161e+05 2.44709000e-04
2.99017199e+05 2.36566000e-04
2.99022237e+05 2.29708000e-04
2.99029794e+05 2.21140000e-04
2.99034831e+05 2.16266000e-04
2.99044907e+05 2.07937000e-04
2.99054982e+05 2.00984000e-04
2.99065058e+05 1.95037000e-04
2.99077001e+05 1.88985000e-04
2.99094916e+05 1.81462000e-04
2.99112831e+05 1.75351000e-04
2.99130746e+05 1.70308000e-04
2.99148661e+05 1.66087000e-04
2.99172547e+05 1.61455000e-04
2.99196434e+05 1.57702000e-04
2.99232263e+05 1.53250000e-04
2.99269363e+05 1.49722000e-04
2.99309002e+05 1.46780000e-04
2.99361854e+05 1.43784000e-04
2.99414706e+05 1.41548000e-04
2.99492707e+05 1.39143000e-04
2.99568155e+05 1.37539000e-04
2.99668752e+05 1.35900000e-04
2.99847405e+05 1.34077000e-04
3.00026057e+05 1.32929000e-04
3.00426174e+05 1.31507000e-04
3.01185523e+05 1.30236000e-04
3.03016774e+05 1.28730000e-04
3.09208695e+05 1.25459000e-04
3.18372290e+05 1.21588000e-04
3.28609773e+05 1.18108000e-04
3.40423524e+05 1.14934000e-04
3.48286718e+05 1.13670000e-04
3.50495714e+05 1.14199000e-04
3.51232046e+05 1.14798000e-04
3.51835298e+05 1.15862000e-04
3.52298101e+05 1.17398000e-04
3.52607632e+05 1.19124000e-04
3.52820622e+05 1.20902000e-04
3.52975966e+05 1.22702000e-04
3.53131310e+05 1.25153000e-04
3.53285336e+05 1.28492000e-04
3.53377752e+05 1.31159000e-04
3.53468160e+05 1.34503000e-04
3.53558568e+05 1.38769000e-04
3.53618840e+05 1.42339000e-04
3.53672078e+05 1.46154000e-04
3.53725317e+05 1.50690000e-04
3.53778555e+05 1.56267000e-04
3.53818483e+05 1.61294000e-04
3.53854923e+05 1.66681000e-04
3.53889617e+05 1.72722000e-04
3.53924311e+05 1.79842000e-04
3.53959005e+05 1.88293000e-04
3.53982135e+05 1.94850000e-04
3.54005264e+05 2.02339000e-04
3.54027289e+05 2.10506000e-04
3.54048208e+05 2.19369000e-04
3.54069127e+05 2.29526000e-04
3.54090047e+05 2.41263000e-04
3.54105736e+05 2.51322000e-04
3.54121426e+05 2.62664000e-04
3.54137115e+05 2.75526000e-04
3.54152805e+05 2.90212000e-04
3.54168494e+05 3.07118000e-04
3.54178954e+05 3.19871000e-04
3.54189097e+05 3.33578000e-04
3.54198926e+05 3.48317000e-04
3.54208753e+05 3.64731000e-04
3.54218581e+05 3.83126000e-04
3.54228410e+05 4.03898000e-04
3.54238237e+05 4.27591000e-04
3.54245608e+05 4.47729000e-04
3.54252980e+05 4.70398000e-04
3.54260351e+05 4.96235000e-04
3.54265827e+05 5.18007000e-04
3.54271865e+05 5.45231000e-04
3.54276394e+05 5.68392000e-04
3.54280923e+05 5.94460000e-04
3.54285452e+05 6.24078000e-04
3.54289981e+05 6.58061000e-04
3.54294509e+05 6.97436000e-04
3.54297529e+05 7.27304000e-04
3.54300548e+05 7.60595000e-04
3.54303567e+05 7.97837000e-04
3.54306586e+05 8.39644000e-04
3.54309606e+05 8.86720000e-04
3.54312781e+05 9.42808000e-04
3.54315280e+05 9.92368000e-04
3.54317778e+05 1.04735300e-03
3.54320277e+05 1.10842300e-03
3.54322775e+05 1.17630500e-03
3.54325274e+05 1.25180700e-03
3.54327773e+05 1.33582000e-03
3.54330271e+05 1.42932200e-03
3.54332770e+05 1.53337300e-03
3.54335269e+05 1.64914200e-03
3.54337767e+05 1.77788800e-03
3.54339815e+05 1.89407000e-03
3.54341863e+05 2.02070500e-03
3.54343912e+05 2.15865000e-03
3.54345960e+05 2.30881600e-03
3.54348008e+05 2.47216200e-03
3.54350056e+05 2.64969900e-03
3.54352104e+05 2.84249000e-03
3.54354153e+05 3.05163300e-03
3.54356538e+05 3.31740000e-03
3.54358923e+05 3.60883300e-03
3.54361309e+05 3.92793000e-03
3.54363694e+05 4.27675100e-03
3.54366080e+05 4.65741900e-03
3.54368329e+05 5.04754700e-03
3.54370511e+05 5.45653700e-03
3.54372692e+05 5.89744000e-03
3.54374874e+05 6.37197700e-03
3.54377056e+05 6.88186400e-03
3.54379239e+05 7.42929300e-03
3.54381426e+05 8.01653800e-03
3.54383613e+05 8.64434000e-03
3.54385801e+05 9.31427300e-03
3.54387988e+05 1.00278350e-02
3.54390942e+05 1.10632010e-02
3.54393242e+05 1.19281800e-02
3.54396308e+05 1.31640510e-02
3.54399374e+05 1.44964400e-02
3.54402441e+05 1.59269960e-02
3.54405703e+05 1.75576420e-02
3.54408965e+05 1.93001500e-02
3.54412227e+05 2.11530810e-02
3.54416418e+05 2.36901260e-02
3.54421059e+05 2.66938930e-02
3.54426628e+05 3.05384940e-02
3.54432001e+05 3.44515070e-02
3.54441960e+05 4.20289820e-02
3.54451919e+05 4.96173790e-02
3.54459270e+05 5.48960100e-02
3.54464015e+05 5.80288610e-02
3.54468760e+05 6.08713750e-02
3.54473505e+05 6.33643490e-02
3.54478249e+05 6.54547250e-02
3.54482994e+05 6.70981160e-02
3.54487739e+05 6.82603190e-02
3.54492484e+05 6.89190660e-02
3.54496442e+05 6.90761700e-02
3.54501199e+05 6.87951400e-02
3.54505956e+05 6.80161090e-02
3.54510713e+05 6.67673790e-02
3.54515470e+05 6.50892980e-02
3.54520227e+05 6.30327620e-02
3.54526570e+05 5.98058290e-02
3.54532913e+05 5.61705480e-02
3.54551255e+05 4.48921670e-02
3.54556911e+05 4.16051380e-02
3.54562567e+05 3.85688380e-02
3.54566809e+05 3.64961400e-02
3.54571699e+05 3.43535770e-02
3.54575175e+05 3.30019500e-02
3.54578651e+05 3.17972170e-02
3.54582128e+05 3.07401870e-02
3.54585604e+05 2.98288740e-02
3.54589080e+05 2.90588860e-02
3.54592556e+05 2.84234350e-02
3.54597556e+05 2.77273380e-02
3.54602128e+05 2.72909490e-02
3.54606699e+05 2.70158570e-02
3.54611270e+05 2.68703140e-02
3.54617366e+05 2.68200850e-02
3.54632604e+05 2.69294490e-02
3.54638699e+05 2.68822490e-02
3.54644795e+05 2.66981350e-02
3.54649698e+05 2.64239460e-02
3.54654601e+05 2.60225350e-02
3.54659503e+05 2.54867050e-02
3.54664406e+05 2.48151580e-02
3.54669309e+05 2.40120630e-02
3.54674213e+05 2.30864330e-02
3.54679116e+05 2.20513730e-02
3.54684018e+05 2.09232420e-02
3.54690498e+05 1.93214950e-02
3.54701836e+05 1.63463710e-02
3.54712227e+05 1.36071070e-02
3.54719104e+05 1.18723630e-02
3.54724834e+05 1.05069090e-02
3.54728272e+05 9.73022400e-03
3.54732124e+05 8.90192400e-03
3.54735977e+05 8.12073700e-03
3.54739829e+05 7.38849600e-03
3.54743682e+05 6.70624400e-03
3.54747065e+05 6.14843400e-03
3.54750448e+05 5.62903500e-03
3.54753832e+05 5.14737100e-03
3.54757215e+05 4.70244200e-03
3.54759953e+05 4.36852400e-03
3.54762690e+05 4.05706800e-03
3.54765427e+05 3.76718600e-03
3.54768164e+05 3.49798400e-03
3.54770901e+05 3.24848200e-03
3.54773963e+05 2.99145600e-03
3.54777189e+05 2.74453100e-03
3.54780414e+05 2.52036000e-03
3.54783639e+05 2.31727700e-03
3.54786865e+05 2.13365400e-03
3.54789015e+05 2.02126700e-03
3.54791875e+05 1.88330400e-03
3.54794735e+05 1.75756500e-03
3.54797595e+05 1.64306500e-03
3.54800456e+05 1.53887000e-03
3.54803316e+05 1.44409700e-03
3.54806176e+05 1.35791700e-03
3.54809036e+05 1.27955700e-03
3.54811896e+05 1.20829600e-03
3.54815121e+05 1.13563700e-03
3.54818346e+05 1.07028400e-03
3.54821570e+05 1.01143600e-03
3.54824795e+05 9.58377000e-04
3.54828019e+05 9.10460000e-04
3.54831244e+05 8.67104000e-04
3.54835544e+05 8.15507000e-04
3.54839843e+05 7.70033000e-04
3.54844142e+05 7.29772000e-04
3.54848060e+05 6.96966000e-04
3.54853365e+05 6.57547000e-04
3.54858670e+05 6.22952000e-04
3.54863974e+05 5.92351000e-04
3.54869279e+05 5.65081000e-04
3.54874584e+05 5.40605000e-04
3.54881656e+05 5.11586000e-04
3.54888729e+05 4.85980000e-04
3.54895802e+05 4.63180000e-04
3.54902875e+05 4.42722000e-04
3.54912805e+05 4.17273000e-04
3.54922735e+05 3.94977000e-04
3.54932665e+05 3.75272000e-04
3.54942595e+05 3.57729000e-04
3.54952525e+05 3.42015000e-04
3.54962455e+05 3.27866000e-04
3.54975695e+05 3.11072000e-04
3.54988934e+05 2.96276000e-04
3.55002175e+05 2.83155000e-04
3.55014631e+05 2.72106000e-04
3.55032140e+05 2.58364000e-04
3.55049650e+05 2.46377000e-04
3.55067159e+05 2.35855000e-04
3.55078832e+05 2.29537000e-04
3.55102178e+05 2.18318000e-04
3.55125524e+05 2.08672000e-04
3.55148870e+05 2.00305000e-04
3.55172216e+05 1.92998000e-04
3.55195562e+05 1.86580000e-04
3.55223183e+05 1.79946000e-04
3.55250805e+05 1.74191000e-04
3.55292237e+05 1.66849000e-04
3.55333669e+05 1.60716000e-04
3.55375102e+05 1.55551000e-04
3.55416534e+05 1.51165000e-04
3.55469651e+05 1.46517000e-04
3.55522768e+05 1.42634000e-04
3.55602443e+05 1.37882000e-04
3.55676755e+05 1.34423000e-04
3.55724509e+05 1.32491000e-04
3.55820017e+05 1.29335000e-04
3.55926611e+05 1.26625000e-04
3.56033206e+05 1.24435000e-04
3.56204407e+05 1.21800000e-04
3.56375608e+05 1.19882000e-04
3.56568493e+05 1.18269000e-04
3.56899907e+05 1.16380000e-04
3.57377076e+05 1.14703000e-04
3.58056794e+05 1.13346000e-04
3.59199924e+05 1.12158000e-04
3.61492414e+05 1.11041000e-04
3.67729388e+05 1.09600000e-04
3.90703390e+05 1.06595000e-04
3.95943331e+05 1.06080000e-04
3.97638055e+05 1.06419000e-04
3.98202962e+05 1.06971000e-04
3.98523068e+05 1.07816000e-04
3.98742031e+05 1.09030000e-04
3.98895453e+05 1.10607000e-04
3.98987506e+05 1.12161000e-04
3.99068212e+05 1.14262000e-04
3.99122016e+05 1.16253000e-04
3.99162369e+05 1.18272000e-04
3.99202722e+05 1.20962000e-04
3.99237588e+05 1.24051000e-04
3.99260831e+05 1.26683000e-04
3.99284074e+05 1.29962000e-04
3.99307318e+05 1.34130000e-04
3.99324751e+05 1.38073000e-04
3.99336372e+05 1.41248000e-04
3.99347994e+05 1.45049000e-04
3.99356710e+05 1.48496000e-04
3.99365427e+05 1.52712000e-04
3.99371238e+05 1.56148000e-04
3.99377048e+05 1.60299000e-04
3.99382859e+05 1.65444000e-04
3.99387218e+05 1.70190000e-04
3.99391350e+05 1.75618000e-04
3.99395369e+05 1.82007000e-04
3.99399388e+05 1.89787000e-04
3.99402067e+05 1.95927000e-04
3.99404747e+05 2.02980000e-04
3.99407426e+05 2.11101000e-04
3.99410105e+05 2.20466000e-04
3.99412785e+05 2.31283000e-04
3.99415464e+05 2.43787000e-04
3.99417474e+05 2.54434000e-04
3.99419483e+05 2.66310000e-04
3.99421493e+05 2.79557000e-04
3.99423502e+05 2.94331000e-04
3.99425512e+05 3.10806000e-04
3.99427521e+05 3.29170000e-04
3.99429531e+05 3.49631000e-04
3.99431540e+05 3.72414000e-04
3.99433249e+05 3.93806000e-04
3.99434959e+05 4.17225000e-04
3.99436668e+05 4.42846000e-04
3.99438377e+05 4.70863000e-04
3.99440086e+05 5.01481000e-04
3.99441795e+05 5.34916000e-04
3.99443504e+05 5.71408000e-04
3.99445213e+05 6.11202000e-04
3.99446922e+05 6.54569000e-04
3.99448631e+05 7.01790000e-04
3.99450528e+05 7.59071000e-04
3.99452042e+05 8.08781000e-04
3.99453556e+05 8.62269000e-04
3.99455070e+05 9.19787000e-04
3.99456585e+05 9.81595000e-04
3.99458099e+05 1.04797300e-03
3.99459613e+05 1.11919800e-03
3.99461128e+05 1.19557400e-03
3.99463159e+05 1.30667000e-03
3.99465071e+05 1.42089300e-03
3.99466982e+05 1.54521400e-03
3.99468893e+05 1.68037600e-03
3.99470805e+05 1.82713500e-03
3.99472673e+05 1.98259400e-03
3.99474457e+05 2.14270600e-03
3.99476240e+05 2.31502200e-03
3.99478023e+05 2.50024400e-03
3.99479807e+05 2.69913600e-03
3.99481590e+05 2.91244100e-03
3.99483285e+05 3.12924200e-03
3.99484980e+05 3.36046500e-03
3.99487239e+05 3.69240600e-03
3.99489499e+05 4.05292300e-03
3.99491774e+05 4.44643000e-03
3.99494063e+05 4.87532000e-03
3.99496353e+05 5.33891000e-03
3.99498643e+05 5.83900300e-03
3.99501070e+05 6.41104100e-03
3.99503636e+05 7.06464500e-03
3.99506201e+05 7.77100400e-03
3.99508767e+05 8.53237900e-03
3.99511261e+05 9.32754300e-03
3.99513686e+05 1.01536850e-02
3.99516110e+05 1.10339860e-02
3.99518534e+05 1.19697090e-02
3.99521132e+05 1.30350430e-02
3.99523903e+05 1.42440050e-02
3.99526673e+05 1.55284780e-02
3.99529444e+05 1.68885950e-02
3.99532399e+05 1.84213150e-02
3.99535535e+05 2.01410020e-02
3.99538672e+05 2.19527860e-02
3.99543378e+05 2.48341790e-02
3.99548393e+05 2.81021520e-02
3.99553407e+05 3.15433560e-02
3.99561488e+05 3.73503690e-02
3.99575700e+05 4.77439080e-02
3.99582017e+05 5.21283260e-02
3.99586893e+05 5.52879560e-02
3.99591769e+05 5.81817470e-02
3.99596644e+05 6.07490410e-02
3.99601520e+05 6.29340410e-02
3.99606396e+05 6.46879280e-02
3.99611272e+05 6.59705490e-02
3.99616148e+05 6.67521560e-02
3.99621024e+05 6.70144130e-02
3.99626243e+05 6.67128180e-02
3.99631463e+05 6.58172860e-02
3.99636683e+05 6.43519060e-02
3.99641903e+05 6.23556300e-02
3.99647122e+05 5.98803860e-02
3.99652342e+05 5.69890540e-02
3.99657562e+05 5.37526690e-02
3.99664522e+05 4.90330790e-02
3.99674961e+05 4.14645660e-02
3.99685236e+05 3.39545970e-02
3.99691638e+05 2.94644320e-02
3.99696756e+05 2.60559030e-02
3.99701233e+05 2.32386390e-02
3.99705710e+05 2.05939220e-02
3.99708812e+05 1.88695440e-02
3.99711914e+05 1.72372900e-02
3.99715016e+05 1.56989850e-02
3.99718118e+05 1.42554320e-02
3.99720470e+05 1.32242520e-02
3.99722821e+05 1.22470660e-02
3.99725172e+05 1.13232300e-02
3.99727524e+05 1.04518640e-02
3.99729903e+05 9.62245400e-03
3.99732283e+05 8.84436400e-03
3.99734662e+05 8.11607100e-03
3.99737041e+05 7.43594600e-03
3.99739512e+05 6.77876900e-03
3.99741983e+05 6.16957900e-03
3.99744454e+05 5.60622100e-03
3.99746925e+05 5.08648000e-03
3.99749091e+05 4.66493700e-03
3.99751257e+05 4.27367200e-03
3.99753423e+05 3.91112000e-03
3.99755589e+05 3.57579400e-03
3.99757313e+05 3.32724300e-03
3.99759038e+05 3.09424200e-03
3.99760763e+05 2.87606700e-03
3.99762487e+05 2.67198300e-03
3.99764212e+05 2.48127400e-03
3.99765968e+05 2.30014400e-03
3.99767740e+05 2.13001500e-03
3.99769511e+05 1.97186000e-03
3.99771283e+05 1.82498800e-03
3.99773055e+05 1.68876300e-03
3.99774841e+05 1.56154100e-03
3.99776656e+05 1.44203100e-03
3.99778471e+05 1.33173200e-03
3.99780286e+05 1.23005500e-03
3.99782101e+05 1.13642100e-03
3.99783916e+05 1.05028300e-03
3.99785609e+05 9.76203000e-04
3.99787303e+05 9.07800000e-04
3.99788997e+05 8.44693000e-04
3.99790690e+05 7.86526000e-04
3.99792384e+05 7.32949000e-04
3.99794078e+05 6.83645000e-04
3.99795771e+05 6.38308000e-04
3.99797465e+05 5.96653000e-04
3.99799033e+05 5.61131000e-04
3.99800601e+05 5.28331000e-04
3.99802169e+05 4.98062000e-04
3.99803737e+05 4.70144000e-04
3.99805305e+05 4.44408000e-04
3.99806873e+05 4.20697000e-04
3.99808441e+05 3.98861000e-04
3.99810009e+05 3.78762000e-04
3.99811577e+05 3.60268000e-04
3.99813145e+05 3.43261000e-04
3.99815497e+05 3.20287000e-04
3.99817849e+05 3.00047000e-04
3.99820201e+05 2.82227000e-04
3.99822553e+05 2.66542000e-04
3.99824982e+05 2.52314000e-04
3.99827412e+05 2.39846000e-04
3.99829841e+05 2.28916000e-04
3.99832271e+05 2.19331000e-04
3.99834700e+05 2.10917000e-04
3.99837129e+05 2.03524000e-04
3.99839559e+05 1.97018000e-04
3.99843203e+05 1.88673000e-04
3.99846847e+05 1.81732000e-04
3.99850491e+05 1.75924000e-04
3.99854135e+05 1.71030000e-04
3.99858994e+05 1.65624000e-04
3.99863852e+05 1.61204000e-04
3.99871140e+05 1.55905000e-04
3.99878429e+05 1.51721000e-04
3.99885717e+05 1.48291000e-04
3.99895434e+05 1.44511000e-04
3.99907235e+05 1.40741000e-04
3.99921120e+05 1.37081000e-04
3.99941948e+05 1.32662000e-04
3.99962775e+05 1.29156000e-04
3.99983603e+05 1.26315000e-04
4.00011373e+05 1.23288000e-04
4.00039143e+05 1.20900000e-04
4.00080798e+05 1.18142000e-04
4.00122453e+05 1.16059000e-04
4.00180618e+05 1.13918000e-04
4.00238784e+05 1.12375000e-04
4.00355115e+05 1.10378000e-04
4.00520623e+05 1.08730000e-04
4.00715024e+05 1.07633000e-04
4.01132721e+05 1.06538000e-04
4.01971437e+05 1.05786000e-04
4.04684622e+05 1.05169000e-04
4.32142991e+05 1.03352000e-04
4.56086773e+05 1.02584000e-04
4.71453018e+05 1.02865000e-04
4.84089248e+05 1.03776000e-04
4.93840835e+05 1.05205000e-04
5.00751402e+05 1.06884000e-04
5.06310969e+05 1.08885000e-04
5.10846254e+05 1.11249000e-04
5.14366016e+05 1.13831000e-04
5.17143334e+05 1.16648000e-04
5.19141689e+05 1.19375000e-04
5.20862312e+05 1.22495000e-04
5.22194275e+05 1.25687000e-04
5.23193247e+05 1.28766000e-04
5.24170923e+05 1.32639000e-04
5.24944547e+05 1.36581000e-04
5.25589232e+05 1.40720000e-04
5.26188040e+05 1.45560000e-04
5.26587246e+05 1.49510000e-04
5.26936550e+05 1.53619000e-04
5.27340628e+05 1.59297000e-04
5.27649775e+05 1.64527000e-04
5.27958923e+05 1.70738000e-04
5.28190784e+05 1.76213000e-04
5.28422645e+05 1.82590000e-04
5.28654444e+05 1.90052000e-04
5.28886244e+05 1.98829000e-04
5.29060093e+05 2.06494000e-04
5.29233943e+05 2.15352000e-04
5.29394604e+05 2.24790000e-04
5.29555265e+05 2.35638000e-04
5.29692214e+05 2.46292000e-04
5.29829163e+05 2.58491000e-04
5.29948993e+05 2.70667000e-04
5.30068823e+05 2.84519000e-04
5.30184373e+05 2.99812000e-04
5.30299924e+05 3.17348000e-04
5.30405845e+05 3.35686000e-04
5.30476459e+05 3.49423000e-04
5.30582380e+05 3.72581000e-04
5.30648159e+05 3.88679000e-04
5.30713937e+05 4.06502000e-04
5.30779715e+05 4.26205000e-04
5.30845493e+05 4.48028000e-04
5.30906392e+05 4.70390000e-04
5.30967292e+05 4.95133000e-04
5.31028191e+05 5.22601000e-04
5.31089091e+05 5.53220000e-04
5.31153414e+05 5.89398000e-04
5.31201656e+05 6.19569000e-04
5.31249898e+05 6.52838000e-04
5.31298141e+05 6.89540000e-04
5.31346383e+05 7.30097000e-04
5.31396270e+05 7.76719000e-04
5.31446157e+05 8.28911000e-04
5.31496045e+05 8.87575000e-04
5.31545932e+05 9.53767000e-04
5.31579190e+05 1.00264200e-03
5.31612448e+05 1.05574000e-03
5.31657361e+05 1.13529800e-03
5.31687302e+05 1.19409100e-03
5.31717244e+05 1.25798300e-03
5.31747185e+05 1.32755500e-03
5.31777127e+05 1.40355400e-03
5.31807068e+05 1.48680300e-03
5.31837010e+05 1.57819300e-03
5.31864570e+05 1.67041700e-03
5.31889749e+05 1.76226900e-03
5.31914928e+05 1.86219200e-03
5.31940107e+05 1.97110800e-03
5.31965286e+05 2.09008000e-03
5.31990465e+05 2.22033300e-03
5.32015644e+05 2.36324600e-03
5.32040823e+05 2.52029500e-03
5.32063131e+05 2.67250200e-03
5.32092285e+05 2.89209800e-03
5.32111721e+05 3.05308400e-03
5.32131157e+05 3.22724500e-03
5.32150594e+05 3.41602700e-03
5.32170030e+05 3.62089100e-03
5.32189466e+05 3.84326700e-03
5.32208903e+05 4.08459000e-03
5.32231907e+05 4.39683800e-03
5.32254912e+05 4.74062900e-03
5.32277917e+05 5.11894500e-03
5.32300922e+05 5.53473100e-03
5.32323926e+05 5.99075000e-03
5.32348239e+05 6.51891100e-03
5.32373205e+05 7.11219400e-03
5.32398171e+05 7.75642600e-03
5.32423138e+05 8.44740400e-03
5.32456426e+05 9.42520500e-03
5.32527197e+05 1.15610350e-02
5.32552176e+05 1.22567880e-02
5.32577156e+05 1.28709550e-02
5.32595890e+05 1.32571640e-02
5.32614625e+05 1.35646300e-02
5.32633360e+05 1.37821350e-02
5.32652094e+05 1.39014620e-02
5.32664584e+05 1.39241030e-02
5.32678380e+05 1.38956550e-02
5.32699073e+05 1.37496860e-02
5.32719766e+05 1.34864700e-02
5.32740459e+05 1.31179710e-02
5.32761152e+05 1.26600640e-02
5.32774948e+05 1.23142200e-02
5.32802539e+05 1.15513220e-02
5.32857720e+05 9.88921600e-03
5.32900243e+05 8.62008800e-03
5.32930105e+05 7.78670900e-03
5.32952502e+05 7.20521800e-03
5.32974899e+05 6.66458600e-03
5.32997296e+05 6.16549800e-03
5.33020198e+05 5.69723200e-03
5.33043354e+05 5.26509700e-03
5.33066509e+05 4.87187500e-03
5.33089664e+05 4.51463100e-03
5.33112819e+05 4.19033600e-03
5.33137484e+05 3.87790400e-03
5.33155940e+05 3.66452400e-03
5.33174396e+05 3.46718600e-03
5.33192852e+05 3.28458200e-03
5.33220536e+05 3.03540800e-03
5.33248220e+05 2.81227100e-03
5.33275904e+05 2.61197200e-03
5.33297998e+05 2.46680400e-03
5.33320091e+05 2.33336600e-03
5.33342185e+05 2.21055100e-03
5.33364279e+05 2.09733100e-03
5.33397419e+05 1.94329300e-03
5.33430560e+05 1.80571100e-03
5.33452653e+05 1.72217000e-03
5.33480300e+05 1.62595600e-03
5.33507946e+05 1.53799800e-03
5.33535593e+05 1.45735400e-03
5.33563239e+05 1.38328800e-03
5.33590886e+05 1.31517300e-03
5.33632356e+05 1.22272300e-03
5.33673825e+05 1.14038800e-03
5.33707410e+05 1.08022800e-03
5.33740994e+05 1.02520600e-03
5.33774579e+05 9.74797000e-04
5.33808163e+05 9.28527000e-04
5.33858540e+05 8.65894000e-04
5.33908917e+05 8.10258000e-04
5.33957426e+05 7.62357000e-04
5.34002199e+05 7.22448000e-04
5.34046973e+05 6.86191000e-04
5.34091746e+05 6.53176000e-04
5.34151444e+05 6.13580000e-04
5.34210062e+05 5.78963000e-04
5.34267601e+05 5.48516000e-04
5.34325140e+05 5.21124000e-04
5.34382679e+05 4.96398000e-04
5.34446554e+05 4.71543000e-04
5.34516762e+05 4.47095000e-04
5.34586971e+05 4.25266000e-04
5.34657180e+05 4.05673000e-04
5.34725306e+05 3.88607000e-04
5.34824368e+05 3.66433000e-04
5.34923431e+05 3.47077000e-04
5.35013827e+05 3.31608000e-04
5.35071203e+05 3.22551000e-04
5.35185954e+05 3.06368000e-04
5.35300954e+05 2.92280000e-04
5.35415954e+05 2.79886000e-04
5.35492621e+05 2.72449000e-04
5.35618983e+05 2.61506000e-04
5.35745345e+05 2.51917000e-04
5.35902946e+05 2.41561000e-04
5.36060548e+05 2.32637000e-04
5.36261049e+05 2.23033000e-04
5.36461551e+05 2.14976000e-04
5.36695499e+05 2.07131000e-04
5.36929448e+05 2.00650000e-04
5.37173235e+05 1.95075000e-04
5.37417021e+05 1.90459000e-04
5.37719368e+05 1.85816000e-04
5.38046231e+05 1.81872000e-04
5.38504039e+05 1.77713000e-04
5.38863390e+05 1.75362000e-04
5.39299208e+05 1.73362000e-04
5.39952935e+05 1.71657000e-04
5.40606662e+05 1.71143000e-04
5.41369344e+05 1.71774000e-04
5.42132025e+05 1.73274000e-04
5.42995785e+05 1.76030000e-04
5.43875298e+05 1.79832000e-04
5.44746934e+05 1.84540000e-04
5.45540839e+05 1.89659000e-04
5.46490206e+05 1.96885000e-04
5.47361842e+05 2.04666000e-04
5.48233478e+05 2.13698000e-04
5.49105114e+05 2.24152000e-04
5.49976750e+05 2.36268000e-04
5.50630477e+05 2.46571000e-04
5.51284204e+05 2.58223000e-04
5.51937931e+05 2.71200000e-04
5.52591659e+05 2.85871000e-04
5.53245386e+05 3.02451000e-04
5.53899113e+05 3.21234000e-04
5.54552840e+05 3.42545000e-04
5.54988658e+05 3.58372000e-04
5.55424476e+05 3.75695000e-04
5.55860294e+05 3.94649000e-04
5.56296112e+05 4.15416000e-04
5.56731930e+05 4.38196000e-04
5.57167748e+05 4.63204000e-04
5.57603566e+05 4.90683000e-04
5.58039384e+05 5.20890000e-04
5.58475202e+05 5.54095000e-04
5.58911020e+05 5.90581000e-04
5.59343668e+05 6.30325000e-04
5.59779486e+05 6.74160000e-04
5.60218474e+05 7.22408000e-04
5.60654292e+05 7.74489000e-04
5.61090110e+05 8.30812000e-04
5.61634883e+05 9.07033000e-04
5.63058101e+05 1.12387600e-03
5.63705019e+05 1.22202700e-03
5.63922928e+05 1.25360400e-03
5.64358746e+05 1.31007900e-03
5.64699632e+05 1.34744500e-03
5.64991543e+05 1.37392400e-03
5.65295973e+05 1.39462000e-03
5.65668702e+05 1.40983800e-03
5.65916436e+05 1.41326300e-03
5.66240973e+05 1.40917300e-03
5.66565510e+05 1.39639800e-03
5.66864700e+05 1.37690900e-03
5.67191563e+05 1.34786400e-03
5.67518427e+05 1.31223900e-03
5.67954245e+05 1.25604300e-03
5.68580055e+05 1.16389800e-03
5.69910000e+05 9.59335000e-04
5.70569153e+05 8.64086000e-04
5.71004971e+05 8.05742000e-04
5.71440789e+05 7.51586000e-04
5.71876607e+05 7.01638000e-04
5.72312425e+05 6.55861000e-04
5.72748243e+05 6.13923000e-04
5.73184061e+05 5.75744000e-04
5.73619879e+05 5.41009000e-04
5.74055697e+05 5.09436000e-04
5.74491515e+05 4.80750000e-04
5.74927333e+05 4.54689000e-04
5.75363152e+05 4.31011000e-04
5.75818805e+05 4.08545000e-04
5.76234788e+05 3.89900000e-04
5.76670606e+05 3.72094000e-04
5.77106424e+05 3.55917000e-04
5.77760151e+05 3.34311000e-04
5.78226522e+05 3.20661000e-04
5.78849696e+05 3.04545000e-04
5.79503423e+05 2.89950000e-04
5.80091574e+05 2.78746000e-04
5.80592968e+05 2.70533000e-04
5.81246695e+05 2.61813000e-04
5.81806188e+05 2.56234000e-04
5.82336240e+05 2.52866000e-04
5.82772058e+05 2.51800000e-04
5.83047646e+05 2.52168000e-04
5.83323233e+05 2.53556000e-04
5.83643694e+05 2.56783000e-04
5.83862660e+05 2.60268000e-04
5.84081626e+05 2.65154000e-04
5.84284439e+05 2.71274000e-04
5.84487253e+05 2.79338000e-04
5.84644295e+05 2.87320000e-04
5.84801336e+05 2.97222000e-04
5.84932588e+05 3.07448000e-04
5.85063840e+05 3.19869000e-04
5.85178728e+05 3.32974000e-04
5.85255321e+05 3.43162000e-04
5.85370210e+05 3.61073000e-04
5.85436321e+05 3.73075000e-04
5.85502433e+05 3.86687000e-04
5.85568545e+05 4.02097000e-04
5.85634657e+05 4.19605000e-04
5.85696753e+05 4.38326000e-04
5.85758850e+05 4.59656000e-04
5.85820946e+05 4.84030000e-04
5.85883042e+05 5.11944000e-04
5.85932463e+05 5.37292000e-04
5.85981884e+05 5.66016000e-04
5.86031305e+05 5.98625000e-04
5.86080726e+05 6.35759000e-04
5.86113674e+05 6.63407000e-04
5.86146621e+05 6.93798000e-04
5.86177364e+05 7.25013000e-04
5.86208108e+05 7.59313000e-04
5.86238851e+05 7.97079000e-04
5.86269595e+05 8.38789000e-04
5.86300338e+05 8.85013000e-04
5.86331081e+05 9.36398000e-04
5.86361825e+05 9.93728000e-04
5.86392568e+05 1.05801400e-03
5.86414732e+05 1.10935300e-03
5.86436895e+05 1.16546000e-03
5.86459059e+05 1.22693200e-03
5.86481223e+05 1.29444800e-03
5.86503387e+05 1.36879000e-03
5.86525550e+05 1.45087900e-03
5.86547714e+05 1.54183500e-03
5.86569877e+05 1.64302800e-03
5.86586446e+05 1.72632700e-03
5.86603015e+05 1.81703000e-03
5.86619584e+05 1.91601600e-03
5.86636154e+05 2.02429200e-03
5.86652723e+05 2.14301800e-03
5.86669292e+05 2.27355200e-03
5.86685861e+05 2.41749300e-03
5.86702430e+05 2.57672800e-03
5.86720019e+05 2.76498100e-03
5.86737608e+05 2.97609600e-03
5.86749334e+05 3.13134500e-03
5.86761060e+05 3.29966600e-03
5.86772786e+05 3.48249200e-03
5.86784512e+05 3.68144000e-03
5.86796238e+05 3.89833900e-03
5.86811044e+05 4.20111200e-03
5.86820915e+05 4.42306400e-03
5.86830786e+05 4.66297700e-03
5.86840657e+05 4.92266500e-03
5.86850528e+05 5.20411400e-03
5.86860399e+05 5.50951100e-03
5.86870269e+05 5.84122400e-03
5.86879147e+05 6.16414400e-03
5.86890973e+05 6.63406000e-03
5.86902799e+05 7.15398600e-03
5.86914624e+05 7.72917700e-03
5.86926450e+05 8.36501600e-03
5.86938276e+05 9.06675200e-03
5.86946866e+05 9.62059500e-03
5.86955456e+05 1.02134370e-02
5.86968340e+05 1.11786680e-02
5.86981225e+05 1.22372380e-02
5.86994110e+05 1.33887950e-02
5.87006994e+05 1.46289520e-02
5.87021020e+05 1.60685390e-02
5.87039720e+05 1.80985080e-02
5.87072446e+05 2.17374950e-02
5.87086940e+05 2.32636290e-02
5.87102371e+05 2.47376600e-02
5.87112658e+05 2.55977390e-02
5.87122946e+05 2.63348760e-02
5.87133233e+05 2.69300080e-02
5.87143520e+05 2.73671480e-02
5.87153808e+05 2.76342740e-02
5.87164095e+05 2.77239570e-02
5.87176038e+05 2.76025430e-02
5.87187980e+05 2.72436690e-02
5.87199923e+05 2.66609110e-02
5.87211866e+05 2.58756730e-02
5.87223808e+05 2.49156210e-02
5.87235751e+05 2.38128380e-02
5.87251674e+05 2.21798520e-02
5.87302882e+05 1.65294320e-02
5.87318081e+05 1.49460420e-02
5.87329481e+05 1.38269490e-02
5.87340880e+05 1.27752890e-02
5.87352280e+05 1.17953610e-02
5.87364254e+05 1.08449220e-02
5.87376228e+05 9.97454200e-03
5.87388203e+05 9.18145100e-03
5.87400177e+05 8.46155200e-03
5.87412152e+05 7.80988100e-03
5.87420573e+05 7.38954500e-03
5.87429432e+05 6.97874900e-03
5.87438291e+05 6.59795800e-03
5.87447151e+05 6.24496000e-03
5.87456010e+05 5.91763700e-03
5.87469299e+05 5.47039500e-03
5.87482588e+05 5.07009200e-03
5.87492181e+05 4.80708300e-03
5.87502509e+05 4.54581900e-03
5.87512837e+05 4.30515000e-03
5.87523165e+05 4.08313900e-03
5.87533492e+05 3.87804600e-03
5.87548984e+05 3.59874200e-03
5.87564476e+05 3.34937500e-03
5.87576292e+05 3.17683200e-03
5.87589596e+05 2.99875500e-03
5.87602900e+05 2.83601300e-03
5.87616204e+05 2.68695200e-03
5.87629508e+05 2.55011200e-03
5.87642812e+05 2.42420500e-03
5.87662768e+05 2.25339600e-03
5.87676072e+05 2.15015200e-03
5.87693523e+05 2.02604900e-03
5.87710975e+05 1.91338600e-03
5.87728426e+05 1.81083900e-03
5.87745878e+05 1.71726900e-03
5.87763330e+05 1.63168500e-03
5.87780781e+05 1.55322900e-03
5.87806958e+05 1.44729500e-03
5.87828780e+05 1.36839800e-03
5.87854973e+05 1.28338300e-03
5.87881165e+05 1.20745600e-03
5.87907357e+05 1.13937600e-03
5.87933549e+05 1.07814600e-03
5.87959742e+05 1.02291700e-03
5.87985934e+05 9.72961000e-04
5.88012126e+05 9.27654000e-04
5.88040145e+05 8.83724000e-04
5.88069990e+05 8.41444000e-04
5.88099835e+05 8.03219000e-04
5.88129680e+05 7.68571000e-04
5.88174448e+05 7.22502000e-04
5.88219216e+05 6.82600000e-04
5.88263984e+05 6.47762000e-04
5.88317376e+05 6.11670000e-04
5.88370768e+05 5.80787000e-04
5.88424160e+05 5.54435000e-04
5.88477552e+05 5.31955000e-04
5.88530945e+05 5.12626000e-04
5.88584117e+05 4.96204000e-04
5.88637180e+05 4.82386000e-04
5.88690243e+05 4.70973000e-04
5.88760994e+05 4.59072000e-04
5.88831744e+05 4.50518000e-04
5.88905006e+05 4.45197000e-04
5.88959952e+05 4.43575000e-04
5.88978267e+05 4.43541000e-04
5.89048490e+05 4.45529000e-04
5.89101158e+05 4.49312000e-04
5.89153825e+05 4.55429000e-04
5.89206492e+05 4.64119000e-04
5.89259159e+05 4.75679000e-04
5.89304737e+05 4.88349000e-04
5.89350314e+05 5.03893000e-04
5.89395892e+05 5.22732000e-04
5.89441470e+05 5.45415000e-04
5.89471855e+05 5.63082000e-04
5.89502239e+05 5.83140000e-04
5.89534302e+05 6.07218000e-04
5.89566364e+05 6.34694000e-04
5.89598427e+05 6.66083000e-04
5.89630489e+05 7.01997000e-04
5.89662552e+05 7.43171000e-04
5.89686599e+05 7.78025000e-04
5.89710646e+05 8.16768000e-04
5.89734693e+05 8.59891000e-04
5.89758739e+05 9.07920000e-04
5.89779866e+05 9.54644000e-04
5.89800993e+05 1.00609000e-03
5.89822120e+05 1.06275800e-03
5.89843248e+05 1.12515800e-03
5.89864375e+05 1.19380500e-03
5.89885502e+05 1.26920700e-03
5.89906629e+05 1.35184800e-03
5.89927756e+05 1.44215600e-03
5.89951085e+05 1.55111800e-03
5.89974414e+05 1.66976100e-03
5.89997744e+05 1.79753100e-03
5.90032738e+05 2.00345000e-03
5.90102726e+05 2.43619600e-03
5.90130378e+05 2.59669800e-03
5.90154357e+05 2.72013400e-03
5.90170344e+05 2.79079000e-03
5.90186330e+05 2.84994800e-03
5.90202316e+05 2.89595800e-03
5.90218303e+05 2.92747200e-03
5.90234289e+05 2.94353900e-03
5.90242282e+05 2.94560900e-03
5.90261985e+05 2.93365100e-03
5.90281688e+05 2.89802000e-03
5.90301391e+05 2.84032500e-03
5.90321093e+05 2.76303300e-03
5.90340796e+05 2.66927300e-03
5.90360499e+05 2.56259800e-03
5.90386769e+05 2.40658900e-03
5.90460337e+05 1.94543500e-03
5.90491904e+05 1.75845500e-03
5.90515578e+05 1.62797100e-03
5.90539253e+05 1.50711700e-03
5.90562928e+05 1.39623400e-03
5.90587627e+05 1.29105900e-03
5.90605457e+05 1.22156900e-03
5.90623287e+05 1.15721200e-03
5.90641117e+05 1.09769100e-03
5.90658947e+05 1.04265800e-03
5.90685692e+05 9.67762000e-04
5.90712437e+05 9.01122000e-04
5.90734667e+05 8.51353000e-04
5.90761296e+05 7.97680000e-04
5.90787925e+05 7.49711000e-04
5.90814554e+05 7.06749000e-04
5.90841183e+05 6.68191000e-04
5.90867812e+05 6.33499000e-04
5.90894441e+05 6.02203000e-04
5.90921070e+05 5.73900000e-04
5.90950263e+05 5.45892000e-04
5.90982020e+05 5.18545000e-04
5.91013776e+05 4.94024000e-04
5.91045532e+05 4.71979000e-04
5.91077289e+05 4.52124000e-04
5.91124924e+05 4.25832000e-04
5.91172559e+05 4.02960000e-04
5.91221670e+05 3.82400000e-04
5.91271521e+05 3.64164000e-04
5.91321371e+05 3.48142000e-04
5.91371221e+05 3.34010000e-04
5.91421072e+05 3.21519000e-04
5.91491812e+05 3.06059000e-04
5.91566825e+05 2.91976000e-04
5.91641838e+05 2.79875000e-04
5.91716850e+05 2.69427000e-04
5.91817936e+05 2.57434000e-04
5.91913304e+05 2.47847000e-04
5.92008673e+05 2.39547000e-04
5.92131222e+05 2.30540000e-04
5.92253770e+05 2.22928000e-04
5.92384529e+05 2.16051000e-04
5.92531706e+05 2.09476000e-04
5.92727942e+05 2.02133000e-04
5.92953719e+05 1.95360000e-04
5.93179497e+05 1.89893000e-04
5.93415824e+05 1.85159000e-04
5.93671708e+05 1.80957000e-04
5.93953201e+05 1.77192000e-04
5.94328525e+05 1.73207000e-04
5.94754924e+05 1.69787000e-04
5.95242502e+05 1.67022000e-04
5.95730079e+05 1.65299000e-04
5.96336592e+05 1.64501000e-04
5.96779610e+05 1.64974000e-04
5.97222628e+05 1.66310000e-04
5.97566919e+05 1.68225000e-04
5.97851575e+05 1.70507000e-04
5.98204293e+05 1.74412000e-04
5.98439438e+05 1.77854000e-04
5.98674584e+05 1.82194000e-04
5.98913631e+05 1.87740000e-04
5.99152678e+05 1.94714000e-04
5.99329750e+05 2.01081000e-04
5.99506821e+05 2.08731000e-04
5.99650345e+05 2.16164000e-04
5.99793870e+05 2.24914000e-04
5.99926020e+05 2.34369000e-04
6.00014121e+05 2.41633000e-04
6.00146272e+05 2.54198000e-04
6.00252072e+05 2.65949000e-04
6.00357873e+05 2.79541000e-04
6.00428406e+05 2.89887000e-04
6.00500458e+05 3.01641000e-04
6.00572510e+05 3.14745000e-04
6.00644562e+05 3.29506000e-04
6.00716614e+05 3.46244000e-04
6.00778447e+05 3.62422000e-04
6.00840279e+05 3.80557000e-04
6.00902112e+05 4.00959000e-04
6.00963944e+05 4.23973000e-04
6.01026832e+05 4.50516000e-04
6.01073997e+05 4.72894000e-04
6.01121163e+05 4.97793000e-04
6.01168328e+05 5.25551000e-04
6.01215493e+05 5.56609000e-04
6.01264858e+05 5.93229000e-04
6.01314223e+05 6.34741000e-04
6.01347133e+05 6.65522000e-04
6.01380043e+05 6.99224000e-04
6.01412953e+05 7.36341000e-04
6.01445863e+05 7.77321000e-04
6.01478772e+05 8.22669000e-04
6.01505647e+05 8.63362000e-04
6.01532522e+05 9.07714000e-04
6.01559397e+05 9.56176000e-04
6.01586272e+05 1.00936200e-03
6.01613146e+05 1.06793900e-03
6.01640021e+05 1.13263100e-03
6.01666896e+05 1.20431000e-03
6.01693770e+05 1.28402000e-03
6.01721638e+05 1.37643700e-03
6.01749505e+05 1.48040300e-03
6.01768083e+05 1.55715500e-03
6.01786661e+05 1.64072000e-03
6.01805239e+05 1.73192600e-03
6.01823817e+05 1.83171100e-03
6.01842395e+05 1.94118000e-03
6.01858279e+05 2.04343900e-03
6.01874163e+05 2.15470100e-03
6.01890047e+05 2.27607500e-03
6.01905930e+05 2.40883600e-03
6.01921814e+05 2.55446200e-03
6.01937698e+05 2.71468100e-03
6.01953581e+05 2.89153500e-03
6.01969465e+05 3.08745900e-03
6.01986360e+05 3.32007500e-03
6.01997624e+05 3.49103600e-03
6.02008887e+05 3.67639200e-03
6.02020151e+05 3.87783000e-03
6.02031414e+05 4.09728200e-03
6.02042677e+05 4.33699600e-03
6.02053941e+05 4.59958700e-03
6.02064458e+05 4.86814900e-03
6.02074230e+05 5.14050000e-03
6.02084001e+05 5.43764900e-03
6.02093772e+05 5.76276400e-03
6.02103543e+05 6.11953900e-03
6.02113314e+05 6.51226800e-03
6.02123086e+05 6.94599000e-03
6.02132857e+05 7.42659700e-03
6.02141129e+05 7.87523400e-03
6.02151288e+05 8.48622500e-03
6.02158061e+05 8.93512100e-03
6.02164834e+05 9.42138600e-03
6.02171607e+05 9.94902500e-03
6.02178380e+05 1.05224650e-02
6.02185153e+05 1.11466450e-02
6.02191925e+05 1.18269840e-02
6.02200291e+05 1.27537530e-02
6.02208656e+05 1.37877830e-02
6.02217021e+05 1.49427610e-02
6.02222598e+05 1.57872720e-02
6.02228174e+05 1.66968360e-02
6.02233751e+05 1.76763120e-02
6.02241386e+05 1.91397900e-02
6.02248657e+05 2.06757430e-02
6.02255927e+05 2.23619790e-02
6.02263197e+05 2.42093300e-02
6.02270467e+05 2.62277480e-02
6.02277527e+05 2.83596060e-02
6.02284165e+05 3.05245640e-02
6.02290803e+05 3.28484460e-02
6.02297442e+05 3.53326330e-02
6.02306293e+05 3.88918460e-02
6.02313598e+05 4.20345590e-02
6.02322235e+05 4.59731500e-02
6.02333751e+05 5.15490670e-02
6.02351025e+05 6.03870330e-02
6.02369682e+05 7.00388610e-02
6.02382581e+05 7.63559430e-02
6.02391180e+05 8.02285420e-02
6.02399779e+05 8.37217180e-02
6.02408378e+05 8.67466630e-02
6.02416977e+05 8.92229680e-02
6.02425576e+05 9.10822710e-02
6.02432704e+05 9.21176310e-02
6.02439832e+05 9.26720040e-02
6.02444584e+05 9.27685220e-02
6.02453425e+05 9.23641380e-02
6.02462267e+05 9.12130240e-02
6.02471108e+05 8.93503970e-02
6.02479949e+05 8.68322370e-02
6.02488791e+05 8.37320580e-02
6.02497632e+05 8.01370390e-02
6.02509421e+05 7.47411550e-02
6.02521209e+05 6.88761510e-02
6.02548318e+05 5.48474330e-02
6.02562456e+05 4.78339860e-02
6.02571882e+05 4.34372270e-02
6.02581748e+05 3.91322330e-02
6.02589479e+05 3.59928360e-02
6.02597210e+05 3.30681230e-02
6.02604941e+05 3.03606630e-02
6.02612671e+05 2.78683150e-02
6.02620402e+05 2.55852310e-02
6.02628131e+05 2.35025840e-02
6.02635861e+05 2.16091060e-02
6.02643590e+05 1.98923890e-02
6.02651319e+05 1.83391950e-02
6.02659049e+05 1.69360360e-02
6.02664836e+05 1.59756460e-02
6.02670623e+05 1.50864040e-02
6.02676410e+05 1.42630420e-02
6.02682198e+05 1.35005380e-02
6.02687985e+05 1.27940950e-02
6.02696666e+05 1.18298290e-02
6.02705346e+05 1.09677870e-02
6.02712308e+05 1.03418810e-02
6.02719269e+05 9.76794100e-03
6.02726231e+05 9.24078800e-03
6.02733192e+05 8.75577600e-03
6.02740154e+05 8.30872900e-03
6.02750596e+05 7.70133100e-03
6.02761038e+05 7.16019000e-03
6.02770257e+05 6.73013100e-03
6.02779476e+05 6.33917200e-03
6.02788696e+05 5.98269500e-03
6.02797915e+05 5.65671900e-03
6.02807134e+05 5.35780900e-03
6.02816353e+05 5.08299600e-03
6.02825572e+05 4.82971000e-03
6.02834792e+05 4.59572200e-03
6.02847628e+05 4.29845500e-03
6.02860464e+05 4.03039500e-03
6.02873300e+05 3.78780000e-03
6.02886136e+05 3.56751500e-03
6.02898972e+05 3.36685400e-03
6.02911809e+05 3.18352200e-03
6.02924645e+05 3.01554600e-03
6.02937481e+05 2.86122500e-03
6.02953806e+05 2.68238700e-03
6.02970132e+05 2.52071100e-03
6.02986457e+05 2.37405600e-03
6.03002783e+05 2.24061500e-03
6.03019108e+05 2.11884500e-03
6.03035434e+05 2.00741400e-03
6.03051759e+05 1.90516300e-03
6.03068085e+05 1.81108200e-03
6.03089840e+05 1.69691800e-03
6.03111596e+05 1.59400500e-03
6.03133351e+05 1.50091900e-03
6.03155106e+05 1.41645600e-03
6.03176862e+05 1.33958900e-03
6.03198617e+05 1.26943500e-03
6.03220373e+05 1.20522800e-03
6.03242128e+05 1.14628800e-03
6.03270110e+05 1.07730300e-03
6.03298092e+05 1.01507500e-03
6.03326074e+05 9.58767000e-04
6.03354056e+05 9.07655000e-04
6.03382038e+05 8.61119000e-04
6.03410020e+05 8.18639000e-04
6.03438002e+05 7.79765000e-04
6.03465983e+05 7.44084000e-04
6.03500658e+05 7.03765000e-04
6.03535332e+05 6.67235000e-04
6.03570007e+05 6.34027000e-04
6.03604681e+05 6.03797000e-04
6.03639356e+05 5.76272000e-04
6.03691367e+05 5.39258000e-04
6.03743379e+05 5.06487000e-04
6.03794272e+05 4.77981000e-04
6.03845164e+05 4.52522000e-04
6.03896057e+05 4.29702000e-04
6.03946949e+05 4.09210000e-04
6.04014806e+05 3.84925000e-04
6.04081810e+05 3.63824000e-04
6.04148813e+05 3.45188000e-04
6.04215816e+05 3.28639000e-04
6.04282820e+05 3.13880000e-04
6.04376307e+05 2.95749000e-04
6.04469795e+05 2.80027000e-04
6.04567238e+05 2.65798000e-04
6.04672593e+05 2.52430000e-04
6.04777948e+05 2.40914000e-04
6.04877428e+05 2.31296000e-04
6.04941790e+05 2.25615000e-04
6.05070514e+05 2.15556000e-04
6.05196112e+05 2.07094000e-04
6.05321709e+05 1.99673000e-04
6.05467975e+05 1.92112000e-04
6.05614240e+05 1.85491000e-04
6.05835321e+05 1.77130000e-04
6.06056402e+05 1.70185000e-04
6.06285252e+05 1.64153000e-04
6.06514100e+05 1.59100000e-04
6.06775979e+05 1.54185000e-04
6.07037858e+05 1.50031000e-04
6.07330407e+05 1.46109000e-04
6.07622956e+05 1.42791000e-04
6.08000777e+05 1.39201000e-04
6.08567509e+05 1.34867000e-04
6.09134240e+05 1.31450000e-04
6.09866172e+05 1.27983000e-04
6.10720091e+05 1.24853000e-04
6.11873832e+05 1.21633000e-04
6.13291828e+05 1.18680000e-04
6.15031716e+05 1.15952000e-04
6.17338824e+05 1.13281000e-04
6.19916613e+05 1.11027000e-04
6.23784091e+05 1.08545000e-04
6.28253001e+05 1.06482000e-04
6.34358119e+05 1.04519000e-04
6.41422051e+05 1.03014000e-04
6.49886724e+05 1.01918000e-04
6.60041411e+05 1.01297000e-04
6.66272340e+05 1.01228000e-04
6.78555100e+05 1.01673000e-04
6.90058529e+05 1.02784000e-04
7.00840689e+05 1.04549000e-04
7.08331655e+05 1.06350000e-04
7.11392200e+05 1.07590000e-04
7.12164448e+05 1.08319000e-04
7.12633439e+05 1.09248000e-04
7.12951715e+05 1.10558000e-04
7.13157907e+05 1.12177000e-04
7.13281623e+05 1.13823000e-04
7.13383314e+05 1.15933000e-04
7.13451108e+05 1.17990000e-04
7.13501953e+05 1.20125000e-04
7.13552799e+05 1.23027000e-04
7.13591100e+05 1.25958000e-04
7.13616634e+05 1.28436000e-04
7.13642168e+05 1.31505000e-04
7.13667702e+05 1.35431000e-04
7.13686853e+05 1.39258000e-04
7.13699620e+05 1.42506000e-04
7.13712387e+05 1.46671000e-04
7.13721962e+05 1.50741000e-04
7.13728346e+05 1.54119000e-04
7.13734729e+05 1.58227000e-04
7.13741113e+05 1.63297000e-04
7.13745900e+05 1.67914000e-04
7.13750688e+05 1.73408000e-04
7.13755475e+05 1.79983000e-04
7.13759936e+05 1.87295000e-04
7.13764233e+05 1.95650000e-04
7.13768530e+05 2.05548000e-04
7.13771395e+05 2.13151000e-04
7.13774259e+05 2.21673000e-04
7.13777124e+05 2.31227000e-04
7.13779988e+05 2.41938000e-04
7.13782853e+05 2.53945000e-04
7.13785718e+05 2.67401000e-04
7.13788582e+05 2.82473000e-04
7.13791447e+05 2.99348000e-04
7.13794311e+05 3.18228000e-04
7.13797176e+05 3.39338000e-04
7.13800041e+05 3.62921000e-04
7.13802905e+05 3.89243000e-04
7.13805650e+05 4.17300000e-04
7.13808395e+05 4.48414000e-04
7.13811139e+05 4.82882000e-04
7.13813884e+05 5.21027000e-04
7.13816629e+05 5.63192000e-04
7.13819373e+05 6.09751000e-04
7.13822118e+05 6.61098000e-04
7.13824863e+05 7.17656000e-04
7.13827730e+05 7.82804000e-04
7.13830598e+05 8.54682000e-04
7.13833465e+05 9.33873000e-04
7.13836333e+05 1.02099000e-03
7.13839200e+05 1.11668700e-03
7.13841941e+05 1.21679900e-03
7.13844618e+05 1.32337000e-03
7.13847294e+05 1.43922100e-03
7.13849972e+05 1.56500600e-03
7.13852649e+05 1.70137100e-03
7.13855229e+05 1.84347400e-03
7.13857616e+05 1.98481500e-03
7.13860004e+05 2.13616800e-03
7.13862391e+05 2.29805800e-03
7.13864778e+05 2.47101700e-03
7.13867165e+05 2.65557900e-03
7.13869671e+05 2.86233800e-03
7.13872176e+05 3.08312200e-03
7.13874681e+05 3.31857300e-03
7.13877186e+05 3.56931900e-03
7.13880526e+05 3.92856900e-03
7.13883435e+05 4.26568500e-03
7.13886343e+05 4.62638100e-03
7.13889252e+05 5.01161700e-03
7.13892161e+05 5.42226500e-03
7.13895457e+05 5.91948500e-03
7.13898754e+05 6.45158800e-03
7.13902050e+05 7.01962700e-03
7.13905347e+05 7.62451000e-03
7.13908674e+05 8.27321700e-03
7.13912002e+05 8.96081700e-03
7.13915329e+05 9.68773500e-03
7.13918657e+05 1.04541560e-02
7.13922750e+05 1.14510100e-02
7.13926843e+05 1.25069130e-02
7.13930936e+05 1.36205950e-02
7.13936419e+05 1.51997350e-02
7.13941982e+05 1.68971140e-02
7.13948936e+05 1.91391500e-02
7.13957280e+05 2.19730470e-02
7.13981452e+05 3.05292360e-02
7.13989509e+05 3.32694850e-02
7.13996255e+05 3.54267240e-02
7.14003001e+05 3.74100620e-02
7.14009748e+05 3.91754140e-02
7.14016494e+05 4.06819950e-02
7.14023240e+05 4.18939210e-02
7.14029986e+05 4.27816300e-02
7.14035046e+05 4.32210820e-02
7.14040105e+05 4.34593750e-02
7.14043479e+05 4.35046990e-02
7.14048807e+05 4.33904710e-02
7.14054135e+05 4.30505480e-02
7.14059463e+05 4.24902770e-02
7.14064791e+05 4.17184250e-02
7.14070119e+05 4.07468870e-02
7.14075447e+05 3.95904630e-02
7.14082551e+05 3.77911420e-02
7.14089655e+05 3.57405210e-02
7.14096759e+05 3.34895310e-02
7.14106405e+05 3.02083200e-02
7.14129552e+05 2.20095320e-02
7.14136854e+05 1.95206200e-02
7.14144156e+05 1.71485560e-02
7.14150825e+05 1.51093010e-02
7.14155271e+05 1.38260450e-02
7.14159716e+05 1.26081430e-02
7.14163784e+05 1.15533980e-02
7.14167473e+05 1.06470740e-02
7.14171162e+05 9.78919400e-03
7.14174851e+05 8.97986700e-03
7.14178284e+05 8.27006400e-03
7.14181461e+05 7.65002500e-03
7.14184639e+05 7.06496100e-03
7.14187816e+05 6.51416600e-03
7.14190935e+05 6.00616300e-03
7.14193995e+05 5.53827900e-03
7.14197054e+05 5.09970400e-03
7.14200114e+05 4.68946400e-03
7.14203253e+05 4.29689000e-03
7.14206473e+05 3.92295800e-03
7.14209692e+05 3.57671100e-03
7.14212911e+05 3.25681400e-03
7.14215926e+05 2.97993900e-03
7.14218735e+05 2.74061100e-03
7.14221546e+05 2.51845600e-03
7.14224355e+05 2.31257900e-03
7.14227285e+05 2.11431700e-03
7.14229572e+05 1.97055100e-03
7.14231859e+05 1.83592200e-03
7.14234146e+05 1.70997500e-03
7.14236432e+05 1.59228300e-03
7.14238750e+05 1.48096100e-03
7.14241131e+05 1.37453900e-03
7.14243512e+05 1.27568400e-03
7.14245893e+05 1.18395800e-03
7.14248274e+05 1.09893600e-03
7.14250654e+05 1.02021400e-03
7.14252847e+05 9.52943000e-04
7.14255040e+05 8.90392000e-04
7.14257232e+05 8.32277000e-04
7.14259425e+05 7.78328000e-04
7.14261618e+05 7.28290000e-04
7.14263810e+05 6.81916000e-04
7.14266003e+05 6.38973000e-04
7.14268195e+05 5.99237000e-04
7.14270986e+05 5.52969000e-04
7.14273777e+05 5.11147000e-04
7.14276568e+05 4.73387000e-04
7.14279358e+05 4.39333000e-04
7.14282149e+05 4.08655000e-04
7.14284940e+05 3.81046000e-04
7.14287730e+05 3.56222000e-04
7.14290521e+05 3.33924000e-04
7.14293312e+05 3.13911000e-04
7.14296102e+05 2.95962000e-04
7.14299193e+05 2.78250000e-04
7.14301653e+05 2.65618000e-04
7.14304112e+05 2.54159000e-04
7.14306572e+05 2.43768000e-04
7.14310262e+05 2.29971000e-04
7.14313952e+05 2.18064000e-04
7.14317641e+05 2.07786000e-04
7.14321331e+05 1.98911000e-04
7.14325021e+05 1.91241000e-04
7.14328711e+05 1.84606000e-04
7.14332400e+05 1.78855000e-04
7.14337320e+05 1.72344000e-04
7.14342240e+05 1.66923000e-04
7.14347159e+05 1.62385000e-04
7.14354539e+05 1.56867000e-04
7.14361918e+05 1.52516000e-04
7.14366838e+05 1.50102000e-04
7.14376677e+05 1.46130000e-04
7.14389481e+05 1.42145000e-04
7.14402286e+05 1.39015000e-04
7.14419359e+05 1.35671000e-04
7.14444968e+05 1.31758000e-04
7.14470578e+05 1.28698000e-04
7.14496187e+05 1.26230000e-04
7.14530333e+05 1.23605000e-04
7.14581552e+05 1.20660000e-04
7.14632770e+05 1.18500000e-04
7.14689508e+05 1.16748000e-04
7.14768838e+05 1.14992000e-04
7.14887833e+05 1.13194000e-04
7.14967163e+05 1.12390000e-04
7.15183571e+05 1.11037000e-04
7.15544251e+05 1.09965000e-04
7.16046461e+05 1.09437000e-04
7.16710308e+05 1.09282000e-04
7.21195841e+05 1.10642000e-04
7.25681373e+05 1.12508000e-04
7.32221618e+05 1.16057000e-04
7.37619040e+05 1.19734000e-04
7.42847580e+05 1.24138000e-04
7.47606247e+05 1.29062000e-04
7.51418006e+05 1.33856000e-04
7.55028919e+05 1.39231000e-04
7.58370610e+05 1.45169000e-04
7.61189690e+05 1.51140000e-04
7.63714107e+05 1.57544000e-04
7.65519378e+05 1.63118000e-04
7.66612264e+05 1.67265000e-04
7.67527290e+05 1.71524000e-04
7.68235731e+05 1.75871000e-04
7.68654729e+05 1.79238000e-04
7.69020432e+05 1.83050000e-04
7.69344846e+05 1.87502000e-04
7.69557190e+05 1.91293000e-04
7.69769534e+05 1.96151000e-04
7.69906568e+05 2.00102000e-04
7.70043602e+05 2.05017000e-04
7.70216445e+05 2.12983000e-04
7.70320151e+05 2.19142000e-04
7.70401861e+05 2.24995000e-04
7.70483570e+05 2.31947000e-04
7.70565280e+05 2.40520000e-04
7.70626562e+05 2.48211000e-04
7.70681387e+05 2.56236000e-04
7.70732982e+05 2.65096000e-04
7.70784578e+05 2.75500000e-04
7.70836174e+05 2.87764000e-04
7.70870571e+05 2.97207000e-04
7.70904968e+05 3.07927000e-04
7.70937846e+05 3.19601000e-04
7.70969204e+05 3.32270000e-04
7.71000563e+05 3.46705000e-04
7.71031921e+05 3.63254000e-04
7.71063279e+05 3.82378000e-04
7.71086798e+05 3.98760000e-04
7.71110317e+05 4.17223000e-04
7.71133835e+05 4.38135000e-04
7.71157354e+05 4.61956000e-04
7.71181662e+05 4.90266000e-04
7.71198921e+05 5.13095000e-04
7.71216179e+05 5.38611000e-04
7.71233437e+05 5.67269000e-04
7.71250695e+05 5.99622000e-04
7.71267953e+05 6.36364000e-04
7.71280897e+05 6.67320000e-04
7.71293840e+05 7.01694000e-04
7.71306784e+05 7.40050000e-04
7.71316533e+05 7.71983000e-04
7.71327402e+05 8.11147000e-04
7.71338272e+05 8.54643000e-04
7.71349142e+05 9.03201000e-04
7.71360011e+05 9.57722000e-04
7.71370881e+05 1.01932900e-03
7.71379033e+05 1.07102000e-03
7.71387185e+05 1.12821400e-03
7.71395337e+05 1.19178100e-03
7.71401706e+05 1.24654100e-03
7.71409009e+05 1.31565300e-03
7.71416312e+05 1.39249700e-03
7.71423614e+05 1.47826600e-03
7.71430917e+05 1.57435400e-03
7.71438220e+05 1.68238300e-03
7.71443697e+05 1.77235900e-03
7.71449174e+05 1.87099700e-03
7.71454652e+05 1.97928800e-03
7.71461334e+05 2.12607400e-03
7.71466190e+05 2.24404100e-03
7.71471046e+05 2.37254600e-03
7.71475902e+05 2.51258700e-03
7.71480758e+05 2.66523300e-03
7.71485615e+05 2.83161300e-03
7.71490471e+05 3.01293200e-03
7.71495327e+05 3.21045300e-03
7.71499535e+05 3.39570900e-03
7.71503742e+05 3.59499900e-03
7.71507950e+05 3.80923900e-03
7.71512157e+05 4.03934200e-03
7.71516365e+05 4.28625200e-03
7.71520572e+05 4.55088900e-03
7.71524780e+05 4.83418000e-03
7.71530915e+05 5.28256900e-03
7.71536699e+05 5.74570000e-03
7.71542482e+05 6.25019900e-03
7.71548265e+05 6.79786400e-03
7.71554049e+05 7.39016700e-03
7.71559832e+05 8.02817500e-03
7.71565522e+05 8.70105600e-03
7.71571213e+05 9.41875000e-03
7.71578799e+05 1.04442440e-02
7.71586386e+05 1.15449720e-02
7.71595611e+05 1.29762980e-02
7.71606474e+05 1.47722150e-02
7.71622769e+05 1.76119570e-02
7.71640698e+05 2.07575310e-02
7.71651295e+05 2.25198570e-02
7.71661893e+05 2.41334670e-02
7.71668958e+05 2.50957990e-02
7.71676023e+05 2.59469390e-02
7.71683089e+05 2.66709880e-02
7.71690154e+05 2.72539950e-02
7.71698386e+05 2.77403260e-02
7.71706619e+05 2.80065220e-02
7.71712107e+05 2.80578310e-02
7.71720474e+05 2.79402370e-02
7.71728842e+05 2.75896260e-02
7.71737209e+05 2.70159160e-02
7.71745576e+05 2.62350940e-02
7.71753944e+05 2.52684310e-02
7.71762311e+05 2.41414710e-02
7.71767889e+05 2.33151650e-02
7.71779046e+05 2.15230680e-02
7.71795780e+05 1.86236110e-02
7.71813539e+05 1.55009280e-02
7.71823689e+05 1.37845170e-02
7.71831809e+05 1.24768330e-02
7.71837411e+05 1.16161870e-02
7.71844555e+05 1.05737270e-02
7.71851699e+05 9.59749400e-03
7.71858843e+05 8.69052400e-03
7.71864114e+05 8.06654500e-03
7.71869212e+05 7.49967500e-03
7.71874310e+05 6.96841900e-03
7.71879408e+05 6.47211500e-03
7.71884506e+05 6.00984500e-03
7.71889604e+05 5.58047400e-03
7.71895666e+05 5.11087000e-03
7.71901729e+05 4.68348400e-03
7.71907791e+05 4.29569200e-03
7.71913853e+05 3.94474600e-03
7.71919916e+05 3.62785900e-03
7.71924278e+05 3.41935800e-03
7.71928961e+05 3.21240900e-03
7.71933644e+05 3.02173900e-03
7.71938327e+05 2.84617500e-03
7.71943010e+05 2.68457500e-03
7.71947693e+05 2.53586500e-03
7.71952376e+05 2.39901500e-03
7.71957059e+05 2.27306100e-03
7.71962687e+05 2.13483100e-03
7.71965973e+05 2.06020000e-03
7.71972546e+05 1.92313600e-03
7.71979119e+05 1.80069500e-03
7.71985691e+05 1.69109700e-03
7.71992264e+05 1.59276800e-03
7.71998837e+05 1.50432200e-03
7.72005410e+05 1.42454000e-03
7.72011982e+05 1.35236100e-03
7.72019632e+05 1.27670400e-03
7.72027282e+05 1.20884400e-03
7.72034932e+05 1.14771900e-03
7.72042582e+05 1.09243200e-03
7.72052782e+05 1.02650500e-03
7.72062981e+05 9.68137000e-04
7.72073181e+05 9.16138000e-04
7.72083381e+05 8.69548000e-04
7.72093581e+05 8.27585000e-04
7.72104667e+05 7.86485000e-04
7.72115753e+05 7.49432000e-04
7.72130534e+05 7.05392000e-04
7.72145315e+05 6.66544000e-04
7.72160096e+05 6.32066000e-04
7.72174878e+05 6.01300000e-04
7.72189659e+05 5.73714000e-04
7.72204440e+05 5.48871000e-04
7.72219477e+05 5.26038000e-04
7.72242416e+05 4.95243000e-04
7.72265354e+05 4.68533000e-04
7.72288292e+05 4.45199000e-04
7.72311231e+05 4.24691000e-04
7.72334169e+05 4.06571000e-04
7.72357108e+05 3.90478000e-04
7.72380046e+05 3.76118000e-04
7.72410630e+05 3.59256000e-04
7.72441215e+05 3.44586000e-04
7.72476966e+05 3.29711000e-04
7.72517884e+05 3.15151000e-04
7.72558802e+05 3.02755000e-04
7.72599720e+05 2.92135000e-04
7.72640638e+05 2.82950000e-04
7.72702015e+05 2.71276000e-04
7.72763392e+05 2.61652000e-04
7.72824596e+05 2.53708000e-04
7.72906086e+05 2.45076000e-04
7.72987576e+05 2.38127000e-04
7.73109810e+05 2.30020000e-04
7.73242900e+05 2.23422000e-04
7.73375989e+05 2.18587000e-04
7.73464715e+05 2.15974000e-04
7.73666258e+05 2.11606000e-04
7.73963105e+05 2.07465000e-04
7.74249018e+05 2.05238000e-04
7.74562192e+05 2.03996000e-04
7.74914114e+05 2.03550000e-04
7.75543524e+05 2.04260000e-04
7.76172934e+05 2.05948000e-04
7.77167415e+05 2.09993000e-04
7.78651229e+05 2.17658000e-04
7.80431807e+05 2.28796000e-04
7.81767799e+05 2.38439000e-04
7.83399436e+05 2.51605000e-04
7.84883250e+05 2.65201000e-04
7.86367065e+05 2.80420000e-04
7.87945713e+05 2.98712000e-04
7.89334694e+05 3.16783000e-04
7.90818508e+05 3.38462000e-04
7.92063329e+05 3.58705000e-04
7.93192611e+05 3.78827000e-04
7.94379663e+05 4.02003000e-04
7.95566715e+05 4.27368000e-04
7.96753766e+05 4.55053000e-04
7.98049632e+05 4.88065000e-04
7.99424632e+05 5.26045000e-04
8.01205210e+05 5.79797000e-04
8.06102866e+05 7.39430000e-04
8.07437231e+05 7.78911000e-04
8.08624282e+05 8.09261000e-04
8.09514571e+05 8.28084000e-04
8.10443825e+05 8.42883000e-04
8.11415694e+05 8.53002000e-04
8.12432058e+05 8.56840000e-04
8.13405405e+05 8.53754000e-04
8.14378752e+05 8.44460000e-04
8.15339137e+05 8.29458000e-04
8.16340118e+05 8.08831000e-04
8.17527169e+05 7.78513000e-04
8.19126277e+05 7.30888000e-04
8.22868902e+05 6.09483000e-04
8.24468016e+05 5.60058000e-04
8.25836530e+05 5.20473000e-04
8.27320345e+05 4.81217000e-04
8.28507397e+05 4.52508000e-04
8.29733522e+05 4.25390000e-04
8.30881500e+05 4.02300000e-04
8.32068551e+05 3.80614000e-04
8.33293102e+05 3.60458000e-04
8.34442655e+05 3.43538000e-04
8.35789186e+05 3.26019000e-04
8.36816758e+05 3.14490000e-04
8.37922147e+05 3.03862000e-04
8.38894098e+05 2.96509000e-04
8.39668378e+05 2.92435000e-04
8.40468290e+05 2.90681000e-04
8.40907924e+05 2.91474000e-04
8.41347559e+05 2.93891000e-04
8.41718853e+05 2.97999000e-04
8.42020000e+05 3.03304000e-04
8.42245662e+05 3.08903000e-04
8.42471325e+05 3.16389000e-04
8.42626854e+05 3.22984000e-04
8.42782384e+05 3.31179000e-04
8.42926303e+05 3.40505000e-04
8.43070222e+05 3.51972000e-04
8.43189855e+05 3.63549000e-04
8.43309487e+05 3.77436000e-04
8.43428520e+05 3.94193000e-04
8.43507076e+05 4.07254000e-04
8.43585632e+05 4.22398000e-04
8.43664187e+05 4.39936000e-04
8.43743038e+05 4.60374000e-04
8.43802396e+05 4.78022000e-04
8.43861755e+05 4.97957000e-04
8.43921113e+05 5.20679000e-04
8.43980472e+05 5.46741000e-04
8.44038478e+05 5.76009000e-04
8.44093781e+05 6.08024000e-04
8.44149084e+05 6.44791000e-04
8.44185952e+05 6.72535000e-04
8.44222821e+05 7.03336000e-04
8.44259689e+05 7.37599000e-04
8.44296558e+05 7.75800000e-04
8.44330026e+05 8.14374000e-04
8.44360093e+05 8.52658000e-04
8.44390160e+05 8.94876000e-04
8.44420227e+05 9.41584000e-04
8.44450294e+05 9.93420000e-04
8.44480361e+05 1.05112300e-03
8.44510429e+05 1.11554800e-03
8.44540496e+05 1.18769700e-03
8.44566739e+05 1.25793000e-03
8.44589158e+05 1.32406500e-03
8.44611576e+05 1.39661400e-03
8.44633995e+05 1.47640100e-03
8.44656414e+05 1.56436600e-03
8.44678833e+05 1.66158600e-03
8.44701252e+05 1.76929700e-03
8.44723670e+05 1.88891200e-03
8.44742685e+05 2.00087600e-03
8.44766101e+05 2.15372200e-03
8.44789516e+05 2.32527900e-03
8.44805127e+05 2.45136800e-03
8.44820737e+05 2.58786500e-03
8.44836348e+05 2.73572100e-03
8.44851958e+05 2.89591900e-03
8.44866663e+05 3.05900500e-03
8.44887362e+05 3.31022800e-03
8.44908061e+05 3.58884100e-03
8.44928760e+05 3.89695100e-03
8.44949458e+05 4.23624100e-03
8.44970157e+05 4.60761100e-03
8.44988348e+05 4.96025700e-03
8.45006538e+05 5.33619400e-03
8.45033824e+05 5.93801400e-03
8.45106587e+05 7.64056300e-03
8.45131074e+05 8.17852800e-03
8.45154162e+05 8.62963500e-03
8.45169554e+05 8.88761700e-03
8.45184946e+05 9.10332000e-03
8.45200337e+05 9.27071800e-03
8.45215729e+05 9.38499000e-03
8.45231121e+05 9.44279800e-03
8.45238817e+05 9.44994500e-03
8.45257279e+05 9.40773100e-03
8.45275741e+05 9.28374300e-03
8.45294203e+05 9.08332300e-03
8.45312664e+05 8.81471400e-03
8.45331126e+05 8.48840200e-03
8.45349588e+05 8.11633900e-03
8.45374204e+05 7.57062900e-03
8.45442190e+05 5.97561400e-03
8.45467978e+05 5.40234800e-03
8.45487319e+05 4.99878700e-03
8.45506659e+05 4.62148100e-03
8.45526000e+05 4.27193300e-03
8.45546384e+05 3.93387000e-03
8.45561363e+05 3.70489000e-03
8.45576343e+05 3.49180000e-03
8.45591323e+05 3.29388500e-03
8.45606303e+05 3.11032300e-03
8.45621283e+05 2.94021700e-03
8.45636262e+05 2.78264900e-03
8.45651242e+05 2.63670200e-03
8.45668003e+05 2.48608900e-03
8.45686544e+05 2.33371400e-03
8.45705085e+05 2.19488000e-03
8.45723627e+05 2.06824700e-03
8.45742168e+05 1.95260500e-03
8.45760709e+05 1.84685100e-03
8.45779251e+05 1.74998700e-03
8.45797792e+05 1.66110300e-03
8.45819608e+05 1.56565000e-03
8.45844697e+05 1.46666600e-03
8.45869786e+05 1.37782500e-03
8.45894876e+05 1.29787800e-03
8.45919965e+05 1.22575200e-03
8.45945055e+05 1.16051100e-03
8.45970144e+05 1.10132800e-03
8.45995233e+05 1.04745900e-03
8.46024970e+05 9.89619000e-04
8.46059353e+05 9.29805000e-04
8.46093736e+05 8.76570000e-04
8.46128119e+05 8.29035000e-04
8.46162502e+05 7.86446000e-04
8.46196885e+05 7.48164000e-04
8.46231269e+05 7.13639000e-04
8.46265652e+05 6.82375000e-04
8.46300867e+05 6.53286000e-04
8.46354938e+05 6.13610000e-04
8.46409008e+05 5.79153000e-04
8.46463079e+05 5.49131000e-04
8.46517150e+05 5.22666000e-04
8.46571221e+05 4.99174000e-04
8.46639775e+05 4.73051000e-04
8.46708329e+05 4.50372000e-04
8.46776883e+05 4.30576000e-04
8.46845438e+05 4.13203000e-04
8.46936843e+05 3.93043000e-04
8.47008803e+05 3.79261000e-04
8.47116742e+05 3.61410000e-04
8.47224681e+05 3.46163000e-04
8.47353758e+05 3.30794000e-04
8.47482836e+05 3.18070000e-04
8.47617380e+05 3.06669000e-04
8.47762859e+05 2.96082000e-04
8.47956831e+05 2.84505000e-04
8.48139059e+05 2.75444000e-04
8.48321288e+05 2.67826000e-04
8.48590088e+05 2.58517000e-04
8.48858887e+05 2.50900000e-04
8.49155812e+05 2.43979000e-04
8.49452738e+05 2.38246000e-04
8.49864128e+05 2.31646000e-04
8.50321988e+05 2.25659000e-04
8.50922115e+05 2.19275000e-04
8.51717966e+05 2.12533000e-04
8.52598257e+05 2.06547000e-04
8.53891059e+05 1.99518000e-04
8.55312156e+05 1.93253000e-04
8.56860910e+05 1.87642000e-04
8.58760132e+05 1.81974000e-04
8.61003332e+05 1.76475000e-04
8.63351272e+05 1.71908000e-04
8.65371537e+05 1.68911000e-04
8.66941900e+05 1.67336000e-04
8.67882457e+05 1.66939000e-04
8.68585745e+05 1.67181000e-04
8.69289033e+05 1.68295000e-04
8.69810453e+05 1.70314000e-04
8.70170725e+05 1.72892000e-04
8.70356725e+05 1.74907000e-04
8.70542726e+05 1.77694000e-04
8.70699016e+05 1.80901000e-04
8.70855306e+05 1.85219000e-04
8.70963876e+05 1.89191000e-04
8.71072445e+05 1.94291000e-04
8.71144825e+05 1.98567000e-04
8.71223415e+05 2.04291000e-04
8.71282358e+05 2.09487000e-04
8.71341301e+05 2.15719000e-04
8.71400243e+05 2.23245000e-04
8.71459186e+05 2.32439000e-04
8.71495237e+05 2.39143000e-04
8.71531288e+05 2.46875000e-04
8.71567339e+05 2.55853000e-04
8.71603390e+05 2.66346000e-04
8.71639442e+05 2.78712000e-04
8.71666480e+05 2.89507000e-04
8.71693518e+05 3.01899000e-04
8.71720557e+05 3.16220000e-04
8.71747595e+05 3.32899000e-04
8.71766454e+05 3.46230000e-04
8.71785312e+05 3.61233000e-04
8.71804171e+05 3.78214000e-04
8.71823030e+05 3.97554000e-04
8.71841889e+05 4.19736000e-04
8.71856033e+05 4.38610000e-04
8.71870177e+05 4.59773000e-04
8.71884321e+05 4.83649000e-04
8.71898465e+05 5.10780000e-04
8.71909926e+05 5.35634000e-04
8.71921388e+05 5.63571000e-04
8.71932849e+05 5.95211000e-04
8.71941446e+05 6.21845000e-04
8.71950042e+05 6.51433000e-04
8.71958638e+05 6.84497000e-04
8.71967234e+05 7.21679000e-04
8.71975830e+05 7.63775000e-04
8.71984426e+05 8.11761000e-04
8.71990157e+05 8.47610000e-04
8.71996697e+05 8.92915000e-04
8.72003237e+05 9.43604000e-04
8.72009777e+05 1.00052500e-03
8.72016318e+05 1.06466000e-03
8.72021223e+05 1.11817300e-03
8.72026128e+05 1.17691800e-03
8.72031033e+05 1.24149400e-03
8.72035938e+05 1.31255800e-03
8.72040843e+05 1.39083300e-03
8.72044663e+05 1.45727700e-03
8.72049031e+05 1.53973900e-03
8.72053399e+05 1.62971600e-03
8.72057768e+05 1.72790300e-03
8.72062136e+05 1.83503000e-03
8.72066504e+05 1.95188600e-03
8.72070873e+05 2.07929100e-03
8.72075241e+05 2.21811900e-03
8.72079164e+05 2.35326800e-03
8.72084380e+05 2.54954700e-03
8.72089595e+05 2.76628400e-03
8.72094811e+05 3.00518800e-03
8.72100027e+05 3.26801900e-03
8.72105243e+05 3.55653100e-03
8.72110327e+05 3.86415400e-03
8.72115410e+05 4.19941800e-03
8.72120495e+05 4.56386000e-03
8.72125578e+05 4.95889000e-03
8.72130662e+05 5.38581700e-03
8.72135606e+05 5.83264500e-03
8.72140480e+05 6.30455000e-03
8.72145355e+05 6.80823800e-03
8.72150229e+05 7.34408100e-03
8.72156728e+05 8.10868800e-03
8.72161551e+05 8.71294900e-03
8.72167949e+05 9.56156000e-03
8.72174348e+05 1.04616090e-02
8.72180746e+05 1.14095030e-02
8.72190436e+05 1.29251490e-02
8.72203419e+05 1.50700260e-02
8.72229385e+05 1.94612050e-02
8.72239943e+05 2.11453300e-02
8.72248075e+05 2.23473320e-02
8.72256206e+05 2.34373130e-02
8.72264338e+05 2.43900970e-02
8.72272470e+05 2.51828640e-02
8.72280602e+05 2.57960160e-02
8.72288734e+05 2.62140500e-02
8.72296866e+05 2.64262270e-02
8.72300932e+05 2.64531870e-02
8.72307694e+05 2.63805000e-02
8.72314456e+05 2.61623890e-02
8.72321218e+05 2.58027650e-02
8.72327980e+05 2.53080200e-02
8.72334742e+05 2.46868310e-02
8.72341504e+05 2.39499120e-02
8.72350520e+05 2.28089400e-02
8.72359535e+05 2.15173920e-02
8.72368551e+05 2.01108270e-02
8.72382245e+05 1.78364120e-02
8.72405210e+05 1.39499730e-02
8.72416752e+05 1.20914580e-02
8.72425439e+05 1.07738680e-02
8.72432389e+05 9.78073600e-03
8.72439297e+05 8.85274900e-03
8.72446080e+05 8.00221300e-03
8.72451167e+05 7.40489500e-03
8.72456255e+05 6.84270500e-03
8.72461342e+05 6.31555600e-03
8.72464734e+05 5.98340100e-03
8.72470598e+05 5.44479300e-03
8.72474997e+05 5.06985800e-03
8.72479395e+05 4.71903800e-03
8.72483794e+05 4.39151000e-03
8.72488192e+05 4.08641000e-03
8.72493167e+05 3.76714600e-03
8.72498141e+05 3.47389100e-03
8.72503116e+05 3.20514700e-03
8.72508091e+05 2.95939000e-03
8.72513065e+05 2.73509200e-03
8.72516669e+05 2.58515300e-03
8.72520560e+05 2.43436100e-03
8.72524450e+05 2.29441500e-03
8.72528341e+05 2.16462800e-03
8.72532232e+05 2.04435000e-03
8.72536123e+05 1.93293900e-03
8.72540013e+05 1.82979500e-03
8.72543904e+05 1.73433000e-03
8.72548871e+05 1.62275300e-03
8.72553403e+05 1.53016400e-03
8.72557935e+05 1.44558300e-03
8.72562467e+05 1.36829600e-03
8.72566999e+05 1.29764600e-03
8.72570021e+05 1.25392800e-03
8.72576064e+05 1.17385500e-03
8.72582106e+05 1.10258700e-03
8.72588149e+05 1.03902100e-03
8.72594192e+05 9.82190000e-04
8.72600888e+05 9.26058000e-04
8.72607584e+05 8.76146000e-04
8.72614279e+05 8.31589000e-04
8.72620975e+05 7.91649000e-04
8.72627671e+05 7.55698000e-04
8.72634366e+05 7.23199000e-04
8.72643294e+05 6.84461000e-04
8.72652221e+05 6.50166000e-04
8.72661149e+05 6.19598000e-04
8.72669598e+05 5.93576000e-04
8.72681553e+05 5.60812000e-04
8.72693509e+05 5.32012000e-04
8.72705464e+05 5.06493000e-04
8.72717420e+05 4.83722000e-04
8.72729375e+05 4.63283000e-04
8.72745316e+05 4.39089000e-04
8.72761256e+05 4.17827000e-04
8.72777196e+05 3.99014000e-04
8.72793137e+05 3.82266000e-04
8.72810809e+05 3.65743000e-04
8.72828482e+05 3.51048000e-04
8.72846154e+05 3.37914000e-04
8.72872663e+05 3.20672000e-04
8.72899172e+05 3.05868000e-04
8.72925680e+05 2.93048000e-04
8.72952189e+05 2.81867000e-04
8.72987534e+05 2.69051000e-04
8.73022879e+05 2.58172000e-04
8.73058224e+05 2.48844000e-04
8.73095920e+05 2.40291000e-04
8.73135969e+05 2.32507000e-04
8.73176018e+05 2.25814000e-04
8.73236091e+05 2.17346000e-04
8.73296164e+05 2.10375000e-04
8.73356237e+05 2.04606000e-04
8.73422625e+05 1.99283000e-04
8.73501640e+05 1.94084000e-04
8.73606993e+05 1.88683000e-04
8.73712347e+05 1.84326000e-04
8.73861495e+05 1.79576000e-04
8.73992877e+05 1.76454000e-04
8.74168052e+05 1.73194000e-04
8.74416519e+05 1.69856000e-04
8.74664985e+05 1.67489000e-04
8.74955444e+05 1.65421000e-04
8.75535921e+05 1.62838000e-04
8.76088409e+05 1.61276000e-04
8.76447405e+05 1.60458000e-04
8.77656544e+05 1.58871000e-04
8.79687812e+05 1.57537000e-04
8.82583373e+05 1.56984000e-04
8.85585355e+05 1.57476000e-04
8.88587337e+05 1.58813000e-04
8.91602443e+05 1.61315000e-04
8.94085472e+05 1.64510000e-04
8.96036423e+05 1.68088000e-04
8.97632656e+05 1.72097000e-04
8.98874170e+05 1.76216000e-04
8.99973797e+05 1.80962000e-04
9.00825122e+05 1.85659000e-04
9.01676446e+05 1.91623000e-04
9.02225621e+05 1.96392000e-04
9.02811545e+05 2.02573000e-04
9.03237207e+05 2.07960000e-04
9.03662869e+05 2.14337000e-04
9.04088531e+05 2.21932000e-04
9.04407777e+05 2.28638000e-04
9.04727024e+05 2.36443000e-04
9.05046271e+05 2.45579000e-04
9.05365517e+05 2.56351000e-04
9.05684764e+05 2.69086000e-04
9.05897595e+05 2.78938000e-04
9.06110426e+05 2.90151000e-04
9.06314389e+05 3.02338000e-04
9.06518352e+05 3.16142000e-04
9.06695711e+05 3.29665000e-04
9.06873070e+05 3.44891000e-04
9.07050429e+05 3.62020000e-04
9.07227789e+05 3.81296000e-04
9.07405148e+05 4.02998000e-04
9.07582507e+05 4.27411000e-04
9.07759866e+05 4.54811000e-04
9.07937225e+05 4.85431000e-04
9.08114585e+05 5.19404000e-04
9.08291944e+05 5.56693000e-04
9.08464869e+05 5.96021000e-04
9.08983645e+05 7.21221000e-04
9.09138834e+05 7.56083000e-04
9.09294023e+05 7.86585000e-04
9.09427043e+05 8.07609000e-04
9.09560062e+05 8.22832000e-04
9.09648742e+05 8.29020000e-04
9.09773156e+05 8.31959000e-04
9.09863816e+05 8.30073000e-04
9.09954476e+05 8.24665000e-04
9.10045136e+05 8.15859000e-04
9.10179704e+05 7.97142000e-04
9.10311427e+05 7.73526000e-04
9.10487057e+05 7.36029000e-04
9.11111955e+05 5.87382000e-04
9.11292640e+05 5.47238000e-04
9.11473325e+05 5.10572000e-04
9.11643756e+05 4.79131000e-04
9.11814187e+05 4.50954000e-04
9.11927807e+05 4.33691000e-04
9.12105167e+05 4.09363000e-04
9.12282526e+05 3.87811000e-04
9.12459885e+05 3.68744000e-04
9.12637244e+05 3.51881000e-04
9.12823471e+05 3.36288000e-04
9.13009699e+05 3.22565000e-04
9.13213662e+05 3.09347000e-04
9.13417625e+05 2.97763000e-04
9.13657060e+05 2.86023000e-04
9.13896495e+05 2.75924000e-04
9.14189137e+05 2.65366000e-04
9.14481780e+05 2.56480000e-04
9.14801027e+05 2.48346000e-04
9.15120273e+05 2.41560000e-04
9.15545935e+05 2.34154000e-04
9.15971597e+05 2.28205000e-04
9.16397259e+05 2.23443000e-04
9.17035752e+05 2.17950000e-04
9.17674246e+05 2.13940000e-04
9.18525570e+05 2.10269000e-04
9.19589725e+05 2.07531000e-04
9.20653880e+05 2.06197000e-04
9.21664828e+05 2.05855000e-04
9.23704458e+05 2.07016000e-04
9.25744089e+05 2.09596000e-04
9.28581836e+05 2.14910000e-04
9.31596943e+05 2.21919000e-04
9.36565059e+05 2.35378000e-04
9.46064312e+05 2.62578000e-04
9.50076536e+05 2.72528000e-04
9.53188752e+05 2.78719000e-04
9.56459107e+05 2.83298000e-04
9.59291329e+05 2.85395000e-04
9.60874043e+05 2.85711000e-04
9.63629222e+05 2.84743000e-04
9.66384401e+05 2.81943000e-04
9.69517176e+05 2.76749000e-04
9.72936348e+05 2.68872000e-04
9.76936884e+05 2.57648000e-04
9.91583368e+05 2.10252000e-04
9.96580257e+05 1.95343000e-04
1.00023402e+06 1.85499000e-04
1.00367040e+06 1.77024000e-04
1.00731471e+06 1.69132000e-04
1.01016304e+06 1.63947000e-04
1.01188316e+06 1.61657000e-04
1.01317331e+06 1.60909000e-04
1.01383867e+06 1.61316000e-04
1.01450404e+06 1.62676000e-04
1.01493390e+06 1.64626000e-04
1.01527632e+06 1.67261000e-04
1.01554681e+06 1.70425000e-04
1.01575246e+06 1.73869000e-04
1.01593194e+06 1.77972000e-04
1.01608150e+06 1.82504000e-04
1.01621082e+06 1.87579000e-04
1.01632664e+06 1.93362000e-04
1.01641930e+06 1.99150000e-04
1.01651196e+06 2.06290000e-04
1.01658368e+06 2.13026000e-04
1.01665540e+06 2.21148000e-04
1.01670919e+06 2.28394000e-04
1.01677194e+06 2.38408000e-04
1.01682661e+06 2.48806000e-04
1.01686827e+06 2.58076000e-04
1.01690992e+06 2.68792000e-04
1.01695158e+06 2.81245000e-04
1.01698282e+06 2.91941000e-04
1.01701232e+06 3.03309000e-04
1.01704703e+06 3.18566000e-04
1.01707827e+06 3.34392000e-04
1.01710950e+06 3.52625000e-04
1.01713813e+06 3.71893000e-04
1.01716416e+06 3.91969000e-04
1.01718976e+06 4.14582000e-04
1.01721157e+06 4.36542000e-04
1.01722880e+06 4.55946000e-04
1.01724663e+06 4.78283000e-04
1.01726632e+06 5.06015000e-04
1.01728108e+06 5.29291000e-04
1.01729584e+06 5.55036000e-04
1.01731306e+06 5.88712000e-04
1.01732660e+06 6.18385000e-04
1.01734013e+06 6.51373000e-04
1.01735489e+06 6.91794000e-04
1.01736596e+06 7.25659000e-04
1.01737519e+06 7.56563000e-04
1.01738626e+06 7.97342000e-04
1.01739733e+06 8.42763000e-04
1.01740841e+06 8.93603000e-04
1.01741948e+06 9.50805000e-04
1.01742993e+06 1.01170000e-03
1.01743947e+06 1.07403300e-03
1.01744869e+06 1.14155100e-03
1.01745792e+06 1.21727300e-03
1.01746672e+06 1.29829700e-03
1.01747468e+06 1.38018400e-03
1.01748216e+06 1.46539600e-03
1.01749012e+06 1.56628900e-03
1.01749809e+06 1.67893900e-03
1.01750547e+06 1.79511000e-03
1.01751285e+06 1.92397500e-03
1.01751961e+06 2.05446700e-03
1.01752589e+06 2.18708900e-03
1.01753253e+06 2.34082300e-03
1.01753893e+06 2.50292200e-03
1.01754483e+06 2.66581400e-03
1.01755074e+06 2.84228200e-03
1.01755664e+06 3.03332500e-03
1.01756230e+06 3.23090200e-03
1.01756772e+06 3.43389600e-03
1.01757338e+06 3.66148900e-03
1.01757928e+06 3.91649500e-03
1.01758519e+06 4.19013000e-03
1.01759109e+06 4.48305500e-03
1.01759699e+06 4.79582100e-03
1.01760290e+06 5.12884600e-03
1.01761176e+06 5.66686600e-03
1.01762061e+06 6.25118400e-03
1.01762750e+06 6.73699500e-03
1.01763734e+06 7.47646300e-03
1.01764620e+06 8.18431400e-03
1.01765832e+06 9.20798100e-03
1.01767769e+06 1.09353110e-02
1.01770113e+06 1.30440460e-02
1.01771448e+06 1.41750050e-02
1.01772420e+06 1.49331980e-02
1.01773256e+06 1.55266540e-02
1.01774117e+06 1.60683160e-02
1.01775003e+06 1.65410600e-02
1.01775889e+06 1.69181450e-02
1.01776753e+06 1.71858200e-02
1.01777707e+06 1.73593270e-02
1.01778475e+06 1.74031370e-02
1.01779322e+06 1.73510160e-02
1.01780170e+06 1.71946730e-02
1.01781056e+06 1.69234040e-02
1.01781941e+06 1.65480100e-02
1.01782729e+06 1.61335080e-02
1.01783836e+06 1.54363130e-02
1.01784697e+06 1.48148180e-02
1.01785989e+06 1.37803340e-02
1.01787447e+06 1.25123250e-02
1.01790793e+06 9.49970900e-03
1.01792029e+06 8.44023900e-03
1.01792915e+06 7.71945100e-03
1.01793702e+06 7.11086600e-03
1.01794637e+06 6.43141700e-03
1.01795523e+06 5.83360600e-03
1.01796409e+06 5.28194500e-03
1.01796999e+06 4.93989200e-03
1.01797590e+06 4.61824100e-03
1.01798180e+06 4.31663800e-03
1.01798771e+06 4.03458700e-03
1.01799361e+06 3.77146900e-03
1.01799952e+06 3.52657200e-03
1.01800542e+06 3.29910400e-03
1.01801133e+06 3.08822100e-03
1.01801723e+06 2.89303800e-03
1.01802314e+06 2.71264900e-03
1.01802904e+06 2.54613900e-03
1.01803593e+06 2.36821200e-03
1.01804183e+06 2.22867700e-03
1.01804774e+06 2.10022600e-03
1.01805512e+06 1.95391100e-03
1.01806250e+06 1.82205600e-03
1.01806988e+06 1.70317900e-03
1.01807726e+06 1.59598700e-03
1.01808349e+06 1.51368200e-03
1.01808935e+06 1.44242100e-03
1.01809707e+06 1.35676300e-03
1.01810562e+06 1.27163300e-03
1.01811485e+06 1.18980700e-03
1.01812407e+06 1.11700200e-03
1.01813361e+06 1.04995800e-03
1.01814406e+06 9.84638000e-04
1.01815514e+06 9.23447000e-04
1.01816621e+06 8.69216000e-04
1.01817728e+06 8.20897000e-04
1.01818835e+06 7.77626000e-04
1.01820127e+06 7.32579000e-04
1.01820865e+06 7.09125000e-04
1.01822341e+06 6.66518000e-04
1.01823817e+06 6.28854000e-04
1.01825417e+06 5.92730000e-04
1.01826801e+06 5.64806000e-04
1.01828246e+06 5.38473000e-04
1.01829230e+06 5.22001000e-04
1.01831199e+06 4.92142000e-04
1.01833290e+06 4.64286000e-04
1.01835043e+06 4.43533000e-04
1.01836857e+06 4.24186000e-04
1.01838785e+06 4.05687000e-04
1.01840768e+06 3.88574000e-04
1.01843449e+06 3.68070000e-04
1.01846297e+06 3.49072000e-04
1.01849480e+06 3.30645000e-04
1.01852831e+06 3.13878000e-04
1.01856367e+06 2.98578000e-04
1.01859827e+06 2.85568000e-04
1.01862978e+06 2.75140000e-04
1.01866565e+06 2.64661000e-04
1.01870729e+06 2.54051000e-04
1.01875264e+06 2.44067000e-04
1.01880422e+06 2.34324000e-04
1.01886066e+06 2.25242000e-04
1.01892063e+06 2.17053000e-04
1.01898754e+06 2.09347000e-04
1.01906302e+06 2.02066000e-04
1.01914645e+06 1.95383000e-04
1.01924133e+06 1.89147000e-04
1.01935104e+06 1.83281000e-04
1.01947591e+06 1.77909000e-04
1.01961735e+06 1.73046000e-04
1.01969257e+06 1.70846000e-04
1.01988389e+06 1.66318000e-04
1.02012569e+06 1.61991000e-04
1.02037282e+06 1.58675000e-04
1.02070231e+06 1.55390000e-04
1.02112791e+06 1.52317000e-04
1.02173242e+06 1.49267000e-04
1.02252134e+06 1.46505000e-04
1.02350000e+06 1.44082000e-04
1.02498941e+06 1.41390000e-04
1.02733918e+06 1.38395000e-04
1.02966045e+06 1.36439000e-04
1.03216736e+06 1.35561000e-04
1.03342006e+06 1.35952000e-04
1.03467275e+06 1.37191000e-04
1.03548647e+06 1.38803000e-04
1.03619400e+06 1.40949000e-04
1.03680045e+06 1.43647000e-04
1.03734591e+06 1.47028000e-04
1.03779029e+06 1.50757000e-04
1.03818529e+06 1.55098000e-04
1.03853093e+06 1.59973000e-04
1.03882718e+06 1.65225000e-04
1.03907406e+06 1.70614000e-04
1.03932094e+06 1.77177000e-04
1.03951844e+06 1.83510000e-04
1.03971595e+06 1.91069000e-04
1.03989370e+06 1.99155000e-04
1.04005170e+06 2.07658000e-04
1.04020970e+06 2.17670000e-04
1.04034796e+06 2.27928000e-04
1.04046646e+06 2.38133000e-04
1.04058496e+06 2.49922000e-04
1.04070346e+06 2.63534000e-04
1.04080221e+06 2.76593000e-04
1.04090097e+06 2.91564000e-04
1.04099972e+06 3.08705000e-04
1.04107872e+06 3.24320000e-04
1.04115772e+06 3.42005000e-04
1.04123672e+06 3.62036000e-04
1.04131572e+06 3.84733000e-04
1.04137497e+06 4.03858000e-04
1.04143422e+06 4.25152000e-04
1.04149348e+06 4.48880000e-04
1.04155273e+06 4.75365000e-04
1.04161198e+06 5.04989000e-04
1.04167123e+06 5.38200000e-04
1.04172061e+06 5.69081000e-04
1.04176998e+06 6.03350000e-04
1.04181936e+06 6.41445000e-04
1.04186873e+06 6.83854000e-04
1.04191811e+06 7.31111000e-04
1.04196748e+06 7.83833000e-04
1.04200452e+06 8.27479000e-04
1.04203661e+06 8.68524000e-04
1.04207611e+06 9.23533000e-04
1.04211561e+06 9.83920000e-04
1.04215511e+06 1.05020100e-03
1.04219461e+06 1.12292900e-03
1.04223411e+06 1.20265600e-03
1.04227361e+06 1.28991300e-03
1.04231312e+06 1.38516100e-03
1.04235262e+06 1.48874600e-03
1.04239212e+06 1.60078200e-03
1.04243656e+06 1.73658900e-03
1.04249704e+06 1.93580100e-03
1.04265875e+06 2.49677100e-03
1.04270812e+06 2.65165500e-03
1.04274762e+06 2.75811600e-03
1.04277725e+06 2.82421100e-03
1.04280817e+06 2.87821000e-03
1.04284051e+06 2.91641000e-03
1.04287285e+06 2.93447800e-03
1.04288415e+06 2.93586400e-03
1.04291163e+06 2.92846300e-03
1.04293911e+06 2.90602100e-03
1.04297107e+06 2.86196700e-03
1.04300438e+06 2.79739400e-03
1.04304388e+06 2.69974900e-03
1.04308338e+06 2.58407700e-03
1.04314263e+06 2.38869700e-03
1.04327841e+06 1.91441900e-03
1.04332532e+06 1.75954400e-03
1.04336976e+06 1.62204100e-03
1.04340926e+06 1.50842900e-03
1.04344876e+06 1.40329400e-03
1.04348826e+06 1.30654600e-03
1.04352776e+06 1.21785200e-03
1.04356726e+06 1.13676700e-03
1.04360676e+06 1.06277400e-03
1.04364626e+06 9.95325000e-04
1.04368577e+06 9.33878000e-04
1.04372527e+06 8.77914000e-04
1.04376477e+06 8.26944000e-04
1.04380920e+06 7.74948000e-04
1.04385858e+06 7.22986000e-04
1.04390796e+06 6.76410000e-04
1.04395733e+06 6.34610000e-04
1.04400665e+06 5.97078000e-04
1.04405603e+06 5.63241000e-04
1.04410546e+06 5.32687000e-04
1.04415977e+06 5.02467000e-04
1.04421902e+06 4.72913000e-04
1.04427828e+06 4.46455000e-04
1.04433753e+06 4.22725000e-04
1.04439678e+06 4.01398000e-04
1.04445603e+06 3.82209000e-04
1.04452515e+06 3.62176000e-04
1.04460416e+06 3.41800000e-04
1.04468316e+06 3.23761000e-04
1.04476216e+06 3.07788000e-04
1.04485103e+06 2.91957000e-04
1.04494979e+06 2.76462000e-04
1.04504854e+06 2.62890000e-04
1.04515717e+06 2.49894000e-04
1.04527567e+06 2.37522000e-04
1.04540404e+06 2.25973000e-04
1.04547317e+06 2.20370000e-04
1.04561142e+06 2.10403000e-04
1.04576943e+06 2.00656000e-04
1.04593977e+06 1.91706000e-04
1.04611012e+06 1.84083000e-04
1.04630762e+06 1.76569000e-04
1.04650512e+06 1.70203000e-04
1.04675200e+06 1.63519000e-04
1.04699888e+06 1.57944000e-04
1.04729514e+06 1.52408000e-04
1.04764077e+06 1.47141000e-04
1.04803578e+06 1.42299000e-04
1.04848016e+06 1.37958000e-04
1.04900965e+06 1.33892000e-04
1.04954760e+06 1.30612000e-04
1.05022004e+06 1.27376000e-04
1.05102697e+06 1.24379000e-04
1.05203584e+06 1.21521000e-04
1.05340392e+06 1.18624000e-04
1.05493852e+06 1.16201000e-04
1.05746410e+06 1.13265000e-04
1.06051906e+06 1.10658000e-04
1.06492665e+06 1.07847000e-04
1.07039197e+06 1.05264000e-04
1.07501926e+06 1.03812000e-04
1.07706030e+06 1.03568000e-04
1.07856579e+06 1.03813000e-04
1.08007127e+06 1.04696000e-04
1.08088347e+06 1.05906000e-04
1.08152129e+06 1.07610000e-04
1.08192738e+06 1.09320000e-04
1.08225488e+06 1.11302000e-04
1.08252435e+06 1.13554000e-04
1.08277357e+06 1.16375000e-04
1.08298225e+06 1.19535000e-04
1.08315616e+06 1.22979000e-04
1.08331435e+06 1.27003000e-04
1.08344898e+06 1.31332000e-04
1.08355668e+06 1.35617000e-04
1.08365091e+06 1.40168000e-04
1.08373300e+06 1.44922000e-04
1.08381640e+06 1.50691000e-04
1.08388938e+06 1.56709000e-04
1.08396236e+06 1.63870000e-04
1.08402491e+06 1.71146000e-04
1.08407333e+06 1.77704000e-04
1.08412982e+06 1.86596000e-04
1.08417824e+06 1.95497000e-04
1.08421455e+06 2.03114000e-04
1.08424683e+06 2.10685000e-04
1.08428757e+06 2.21511000e-04
1.08432689e+06 2.33556000e-04
1.08435969e+06 2.45061000e-04
1.08438625e+06 2.55528000e-04
1.08441437e+06 2.67927000e-04
1.08444562e+06 2.83558000e-04
1.08447276e+06 2.99013000e-04
1.08449541e+06 3.13490000e-04
1.08451826e+06 3.29796000e-04
1.08454169e+06 3.48593000e-04
1.08456511e+06 3.69865000e-04
1.08458561e+06 3.90875000e-04
1.08460201e+06 4.09566000e-04
1.08461894e+06 4.30882000e-04
1.08463729e+06 4.56708000e-04
1.08465520e+06 4.85073000e-04
1.08467292e+06 5.16787000e-04
1.08468953e+06 5.50436000e-04
1.08470337e+06 5.81912000e-04
1.08471555e+06 6.12631000e-04
1.08472828e+06 6.48266000e-04
1.08474157e+06 6.89940000e-04
1.08475154e+06 7.24707000e-04
1.08476150e+06 7.62968000e-04
1.08477147e+06 8.05247000e-04
1.08478144e+06 8.52174000e-04
1.08479140e+06 9.04499000e-04
1.08480137e+06 9.63116000e-04
1.08480884e+06 1.01185900e-03
1.08481632e+06 1.06527000e-03
1.08482365e+06 1.12283200e-03
1.08483071e+06 1.18361900e-03
1.08483902e+06 1.26282700e-03
1.08484732e+06 1.35150400e-03
1.08485355e+06 1.42505300e-03
1.08485950e+06 1.50162800e-03
1.08486670e+06 1.60334100e-03
1.08487335e+06 1.70709500e-03
1.08487944e+06 1.81138600e-03
1.08488542e+06 1.92319300e-03
1.08489175e+06 2.05289500e-03
1.08489820e+06 2.19777800e-03
1.08490493e+06 2.36410200e-03
1.08491144e+06 2.54105700e-03
1.08491775e+06 2.72917000e-03
1.08492406e+06 2.93483800e-03
1.08492982e+06 3.13885900e-03
1.08493513e+06 3.34197100e-03
1.08494045e+06 3.56008400e-03
1.08494599e+06 3.80408800e-03
1.08495174e+06 4.07687400e-03
1.08495728e+06 4.35831200e-03
1.08496260e+06 4.64677900e-03
1.08497057e+06 5.11430400e-03
1.08497854e+06 5.62510700e-03
1.08498651e+06 6.17990800e-03
1.08499449e+06 6.77921500e-03
1.08500246e+06 7.42239300e-03
1.08501043e+06 8.10813400e-03
1.08501841e+06 8.83424200e-03
1.08503081e+06 1.00349120e-02
1.08504498e+06 1.14913520e-02
1.08508064e+06 1.52766100e-02
1.08509403e+06 1.66096790e-02
1.08510345e+06 1.74711970e-02
1.08511231e+06 1.82066030e-02
1.08512072e+06 1.88237300e-02
1.08512825e+06 1.92991020e-02
1.08513645e+06 1.97250850e-02
1.08514464e+06 2.00483040e-02
1.08515495e+06 2.02997390e-02
1.08516429e+06 2.03723560e-02
1.08517285e+06 2.03077630e-02
1.08518140e+06 2.01191100e-02
1.08519026e+06 1.97972630e-02
1.08519912e+06 1.93537490e-02
1.08520709e+06 1.88585380e-02
1.08521723e+06 1.81116060e-02
1.08522570e+06 1.73997730e-02
1.08523832e+06 1.62207920e-02
1.08525169e+06 1.48621630e-02
1.08528416e+06 1.14070730e-02
1.08529767e+06 1.00212570e-02
1.08530897e+06 8.92539000e-03
1.08531694e+06 8.19465600e-03
1.08532491e+06 7.50391100e-03
1.08533289e+06 6.85540100e-03
1.08534086e+06 6.25078900e-03
1.08534883e+06 5.69044500e-03
1.08535680e+06 5.17443500e-03
1.08536478e+06 4.70165600e-03
1.08537009e+06 4.40984000e-03
1.08537585e+06 4.11405400e-03
1.08538161e+06 3.83861400e-03
1.08538692e+06 3.60180200e-03
1.08539224e+06 3.38084600e-03
1.08539755e+06 3.17499600e-03
1.08540287e+06 2.98354700e-03
1.08540818e+06 2.80567000e-03
1.08541416e+06 2.62081100e-03
1.08542081e+06 2.43301500e-03
1.08542745e+06 2.26233200e-03
1.08543409e+06 2.10732700e-03
1.08544103e+06 1.96077100e-03
1.08544831e+06 1.82206800e-03
1.08545555e+06 1.69801800e-03
1.08546244e+06 1.59141400e-03
1.08546992e+06 1.48717000e-03
1.08547615e+06 1.40837700e-03
1.08548237e+06 1.33620000e-03
1.08549068e+06 1.24912100e-03
1.08549898e+06 1.17132500e-03
1.08550646e+06 1.10823300e-03
1.08551393e+06 1.05093500e-03
1.08551892e+06 1.01561500e-03
1.08552888e+06 9.51101000e-04
1.08553885e+06 8.93744000e-04
1.08554881e+06 8.42501000e-04
1.08555878e+06 7.96503000e-04
1.08556875e+06 7.55025000e-04
1.08557871e+06 7.17458000e-04
1.08559200e+06 6.72587000e-04
1.08560529e+06 6.32792000e-04
1.08561857e+06 5.97279000e-04
1.08563186e+06 5.65418000e-04
1.08564626e+06 5.34425000e-04
1.08566287e+06 5.02549000e-04
1.08568058e+06 4.72432000e-04
1.08569835e+06 4.45633000e-04
1.08571626e+06 4.21545000e-04
1.08573506e+06 3.98947000e-04
1.08575617e+06 3.76381000e-04
1.08577955e+06 3.54323000e-04
1.08580368e+06 3.34272000e-04
1.08582856e+06 3.16024000e-04
1.08585570e+06 2.98486000e-04
1.08588550e+06 2.81615000e-04
1.08591724e+06 2.65929000e-04
1.08595017e+06 2.51730000e-04
1.08598431e+06 2.38858000e-04
1.08602096e+06 2.26799000e-04
1.08606035e+06 2.15517000e-04
1.08610144e+06 2.05286000e-04
1.08614474e+06 1.95912000e-04
1.08619193e+06 1.87059000e-04
1.08624248e+06 1.78869000e-04
1.08629625e+06 1.71365000e-04
1.08635621e+06 1.64195000e-04
1.08642320e+06 1.57378000e-04
1.08649569e+06 1.51137000e-04
1.08657348e+06 1.45497000e-04
1.08665844e+06 1.40334000e-04
1.08675404e+06 1.35502000e-04
1.08686434e+06 1.30924000e-04
1.08699188e+06 1.26624000e-04
1.08713180e+06 1.22788000e-04
1.08720355e+06 1.21109000e-04
1.08738892e+06 1.17559000e-04
1.08761136e+06 1.14279000e-04
1.08784461e+06 1.11667000e-04
1.08813193e+06 1.09252000e-04
1.08851502e+06 1.06920000e-04
1.08899582e+06 1.04887000e-04
1.08963228e+06 1.03086000e-04
1.09051087e+06 1.01503000e-04
1.09178360e+06 1.00105000e-04
1.09381355e+06 9.88165000e-05
1.09736641e+06 9.75317000e-05
1.10335028e+06 9.62661000e-05
1.11144626e+06 9.52746000e-05
1.11910807e+06 9.49176000e-05
1.12575523e+06 9.51746000e-05
1.13240239e+06 9.60734000e-05
1.13652603e+06 9.72304000e-05
1.13988799e+06 9.87433000e-05
1.14249739e+06 1.00497000e-04
1.14435615e+06 1.02361000e-04
1.14553197e+06 1.04108000e-04
1.14631569e+06 1.05876000e-04
1.14684675e+06 1.07737000e-04
1.14721623e+06 1.09735000e-04
1.14743788e+06 1.11503000e-04
1.14764252e+06 1.13827000e-04
1.14779141e+06 1.16207000e-04
1.14791465e+06 1.18911000e-04
1.14802027e+06 1.22036000e-04
1.14810603e+06 1.25396000e-04
1.14817418e+06 1.28844000e-04
1.14822529e+06 1.32074000e-04
1.14827025e+06 1.35529000e-04
1.14831928e+06 1.40150000e-04
1.14836150e+06 1.45067000e-04
1.14839118e+06 1.49206000e-04
1.14841776e+06 1.53516000e-04
1.14845006e+06 1.59728000e-04
1.14847717e+06 1.65996000e-04
1.14849913e+06 1.71980000e-04
1.14852185e+06 1.79268000e-04
1.14853938e+06 1.85860000e-04
1.14855520e+06 1.92740000e-04
1.14856970e+06 2.00050000e-04
1.14858166e+06 2.06992000e-04
1.14859234e+06 2.14089000e-04
1.14860301e+06 2.22256000e-04
1.14861280e+06 2.30941000e-04
1.14862220e+06 2.40642000e-04
1.14863119e+06 2.51529000e-04
1.14863979e+06 2.63778000e-04
1.14864780e+06 2.77209000e-04
1.14865303e+06 2.87269000e-04
1.14865816e+06 2.98281000e-04
1.14866504e+06 3.15141000e-04
1.14867123e+06 3.32720000e-04
1.14867685e+06 3.51040000e-04
1.14868202e+06 3.70136000e-04
1.14868718e+06 3.91728000e-04
1.14869235e+06 4.16166000e-04
1.14869751e+06 4.43844000e-04
1.14870211e+06 4.71524000e-04
1.14870639e+06 5.00292000e-04
1.14871068e+06 5.32191000e-04
1.14871481e+06 5.66242000e-04
1.14871803e+06 5.95150000e-04
1.14872170e+06 6.31021000e-04
1.14872534e+06 6.69782000e-04
1.14872891e+06 7.11183000e-04
1.14873272e+06 7.59315000e-04
1.14873650e+06 8.11617000e-04
1.14874003e+06 8.64566000e-04
1.14874359e+06 9.22461000e-04
1.14874714e+06 9.85159000e-04
1.14875070e+06 1.05303300e-03
1.14875426e+06 1.12639700e-03
1.14875793e+06 1.20839100e-03
1.14876172e+06 1.30003800e-03
1.14876552e+06 1.39928500e-03
1.14876931e+06 1.50664800e-03
1.14877310e+06 1.62256900e-03
1.14877690e+06 1.74758600e-03
1.14878022e+06 1.86484600e-03
1.14878448e+06 2.02697400e-03
1.14878875e+06 2.20262900e-03
1.14879302e+06 2.39247200e-03
1.14879733e+06 2.59956700e-03
1.14880174e+06 2.82757200e-03
1.14880669e+06 3.10502000e-03
1.14881164e+06 3.40554100e-03
1.14881660e+06 3.73020000e-03
1.14882155e+06 4.07978600e-03
1.14882743e+06 4.52733200e-03
1.14883183e+06 4.88721200e-03
1.14883623e+06 5.26817400e-03
1.14884268e+06 5.86361900e-03
1.14884739e+06 6.32812300e-03
1.14885250e+06 6.85963400e-03
1.14886018e+06 7.70889000e-03
1.14886785e+06 8.61761000e-03
1.14887553e+06 9.58097600e-03
1.14888327e+06 1.06018640e-02
1.14889446e+06 1.21455160e-02
1.14892486e+06 1.64836870e-02
1.14893490e+06 1.78541670e-02
1.14894336e+06 1.89391520e-02
1.14895109e+06 1.98550260e-02
1.14896128e+06 2.09258250e-02
1.14897088e+06 2.17650420e-02
1.14897902e+06 2.23280990e-02
1.14898619e+06 2.27014080e-02
1.14899304e+06 2.29443840e-02
1.14900174e+06 2.30871600e-02
1.14900398e+06 2.30934480e-02
1.14901060e+06 2.30387160e-02
1.14901722e+06 2.28754820e-02
1.14902406e+06 2.25947440e-02
1.14903164e+06 2.21571600e-02
1.14903736e+06 2.17427960e-02
1.14904603e+06 2.09880610e-02
1.14905271e+06 2.03127010e-02
1.14906161e+06 1.93021790e-02
1.14907249e+06 1.79290630e-02
1.14908633e+06 1.60314090e-02
1.14911393e+06 1.20873840e-02
1.14912392e+06 1.07069600e-02
1.14913250e+06 9.57452500e-03
1.14914066e+06 8.55263700e-03
1.14914884e+06 7.59020000e-03
1.14915430e+06 6.98622300e-03
1.14916066e+06 6.32133500e-03
1.14916672e+06 5.72905400e-03
1.14917278e+06 5.17703900e-03
1.14917747e+06 4.77796900e-03
1.14918207e+06 4.40855800e-03
1.14918677e+06 4.05537500e-03
1.14919225e+06 3.67239300e-03
1.14919753e+06 3.33180500e-03
1.14920281e+06 3.01826500e-03
1.14920810e+06 2.73066500e-03
1.14921162e+06 2.55272100e-03
1.14921651e+06 2.32305900e-03
1.14922121e+06 2.12073100e-03
1.14922590e+06 1.93525200e-03
1.14923045e+06 1.77060000e-03
1.14923500e+06 1.61996300e-03
1.14923904e+06 1.49703600e-03
1.14924359e+06 1.37028700e-03
1.14924814e+06 1.25498200e-03
1.14925218e+06 1.16139100e-03
1.14925623e+06 1.07560100e-03
1.14926027e+06 9.97049000e-04
1.14926355e+06 9.38224000e-04
1.14926734e+06 8.75531000e-04
1.14927114e+06 8.17991000e-04
1.14927493e+06 7.65259000e-04
1.14927938e+06 7.08871000e-04
1.14928325e+06 6.64549000e-04
1.14928719e+06 6.23354000e-04
1.14929120e+06 5.85179000e-04
1.14929516e+06 5.50886000e-04
1.14929957e+06 5.16415000e-04
1.14930332e+06 4.89809000e-04
1.14930789e+06 4.60514000e-04
1.14931262e+06 4.33402000e-04
1.14931691e+06 4.11392000e-04
1.14932241e+06 3.86239000e-04
1.14932792e+06 3.64190000e-04
1.14933343e+06 3.44839000e-04
1.14933910e+06 3.27355000e-04
1.14934509e+06 3.11182000e-04
1.14935146e+06 2.96240000e-04
1.14935798e+06 2.82925000e-04
1.14936532e+06 2.69981000e-04
1.14937414e+06 2.56770000e-04
1.14938295e+06 2.45590000e-04
1.14939176e+06 2.36027000e-04
1.14940076e+06 2.27587000e-04
1.14941015e+06 2.19933000e-04
1.14942067e+06 2.12453000e-04
1.14943193e+06 2.05480000e-04
1.14944692e+06 1.97484000e-04
1.14946353e+06 1.89934000e-04
1.14948274e+06 1.82520000e-04
1.14950337e+06 1.75761000e-04
1.14952643e+06 1.69348000e-04
1.14955392e+06 1.62927000e-04
1.14958659e+06 1.56628000e-04
1.14962269e+06 1.50944000e-04
1.14966130e+06 1.45990000e-04
1.14970373e+06 1.41568000e-04
1.14975420e+06 1.37357000e-04
1.14981493e+06 1.33387000e-04
1.14988526e+06 1.29860000e-04
1.14996815e+06 1.26748000e-04
1.15006828e+06 1.24015000e-04
1.15019073e+06 1.21682000e-04
1.15033422e+06 1.19810000e-04
1.15052907e+06 1.18299000e-04
1.15078214e+06 1.17301000e-04
1.15112741e+06 1.16936000e-04
1.15169791e+06 1.17645000e-04
1.15226840e+06 1.19225000e-04
1.15283890e+06 1.21477000e-04
1.15355203e+06 1.25157000e-04
1.15417957e+06 1.29244000e-04
1.15475007e+06 1.33852000e-04
1.15526352e+06 1.38906000e-04
1.15571992e+06 1.44316000e-04
1.15611927e+06 1.49948000e-04
1.15651862e+06 1.56626000e-04
1.15686092e+06 1.63371000e-04
1.15714617e+06 1.69899000e-04
1.15743142e+06 1.77432000e-04
1.15771666e+06 1.86142000e-04
1.15794486e+06 1.94144000e-04
1.15817306e+06 2.03272000e-04
1.15840126e+06 2.13708000e-04
1.15862946e+06 2.25651000e-04
1.15880061e+06 2.35805000e-04
1.15897176e+06 2.47207000e-04
1.15914291e+06 2.60006000e-04
1.15931406e+06 2.74406000e-04
1.15948521e+06 2.90687000e-04
1.15965636e+06 3.09108000e-04
1.15979898e+06 3.26386000e-04
1.15994161e+06 3.45732000e-04
1.16008423e+06 3.67390000e-04
1.16022686e+06 3.91671000e-04
1.16036948e+06 4.18918000e-04
1.16051211e+06 4.49422000e-04
1.16062621e+06 4.76519000e-04
1.16074031e+06 5.06367000e-04
1.16085441e+06 5.39113000e-04
1.16096850e+06 5.74955000e-04
1.16108260e+06 6.14083000e-04
1.16119670e+06 6.56714000e-04
1.16133933e+06 7.14715000e-04
1.16148195e+06 7.77694000e-04
1.16198114e+06 1.01447200e-03
1.16212376e+06 1.07654800e-03
1.16222360e+06 1.11408600e-03
1.16232830e+06 1.14602900e-03
1.16242695e+06 1.16809600e-03
1.16250900e+06 1.17941300e-03
1.16260063e+06 1.18382900e-03
1.16269496e+06 1.17940300e-03
1.16278928e+06 1.16601100e-03
1.16288887e+06 1.14286400e-03
1.16299377e+06 1.10984100e-03
1.16310787e+06 1.06581900e-03
1.16325050e+06 1.00279800e-03
1.16366411e+06 8.05823000e-04
1.16379247e+06 7.47664000e-04
1.16394308e+06 6.84224000e-04
1.16407772e+06 6.32212000e-04
1.16419182e+06 5.91882000e-04
1.16430592e+06 5.54984000e-04
1.16442002e+06 5.21274000e-04
1.16453412e+06 4.90554000e-04
1.16464902e+06 4.62486000e-04
1.16479084e+06 4.31314000e-04
1.16493347e+06 4.03339000e-04
1.16507609e+06 3.78426000e-04
1.16520596e+06 3.58180000e-04
1.16536134e+06 3.36590000e-04
1.16550397e+06 3.18973000e-04
1.16567512e+06 3.00272000e-04
1.16584627e+06 2.83803000e-04
1.16601742e+06 2.69280000e-04
1.16618856e+06 2.56427000e-04
1.16635972e+06 2.45025000e-04
1.16653086e+06 2.34921000e-04
1.16675906e+06 2.23106000e-04
1.16698726e+06 2.12851000e-04
1.16721546e+06 2.03982000e-04
1.16750071e+06 1.94470000e-04
1.16778596e+06 1.86381000e-04
1.16807121e+06 1.79502000e-04
1.16841351e+06 1.72547000e-04
1.16881286e+06 1.65849000e-04
1.16921221e+06 1.60385000e-04
1.16966861e+06 1.55342000e-04
1.17018205e+06 1.50868000e-04
1.17075255e+06 1.47059000e-04
1.17133779e+06 1.44146000e-04
1.17202191e+06 1.41743000e-04
1.17287766e+06 1.39909000e-04
1.17411494e+06 1.38960000e-04
1.17520779e+06 1.39504000e-04
1.17630065e+06 1.41035000e-04
1.17746962e+06 1.43723000e-04
1.17869599e+06 1.47662000e-04
1.17982300e+06 1.52338000e-04
1.18099543e+06 1.58380000e-04
1.18206850e+06 1.65084000e-04
1.18298827e+06 1.71881000e-04
1.18390805e+06 1.79798000e-04
1.18482782e+06 1.89015000e-04
1.18574760e+06 1.99742000e-04
1.18644592e+06 2.09095000e-04
1.18712726e+06 2.19307000e-04
1.18789374e+06 2.32308000e-04
1.18850692e+06 2.44026000e-04
1.18912011e+06 2.57069000e-04
1.18973329e+06 2.71582000e-04
1.19034647e+06 2.87724000e-04
1.19095966e+06 3.05674000e-04
1.19157284e+06 3.25608000e-04
1.19218602e+06 3.47708000e-04
1.19279921e+06 3.72155000e-04
1.19341239e+06 3.99129000e-04
1.19402557e+06 4.28808000e-04
1.19463876e+06 4.61407000e-04
1.19525194e+06 4.97218000e-04
1.19571183e+06 5.26573000e-04
1.19617172e+06 5.58458000e-04
1.19663160e+06 5.93699000e-04
1.19701484e+06 6.26218000e-04
1.19739808e+06 6.62917000e-04
1.19770468e+06 6.96266000e-04
1.19801127e+06 7.34249000e-04
1.19824121e+06 7.66638000e-04
1.19847115e+06 8.03280000e-04
1.19870110e+06 8.44972000e-04
1.19893104e+06 8.92524000e-04
1.19914732e+06 9.43561000e-04
1.19934407e+06 9.96125000e-04
1.19954502e+06 1.05616000e-03
1.19975246e+06 1.12510100e-03
1.20048273e+06 1.39402400e-03
1.20067507e+06 1.45684800e-03
1.20083782e+06 1.49955100e-03
1.20095877e+06 1.52253600e-03
1.20107742e+06 1.53615900e-03
1.20118539e+06 1.54004900e-03
1.20131201e+06 1.53407700e-03
1.20143862e+06 1.51720500e-03
1.20156951e+06 1.48909100e-03
1.20168219e+06 1.45696100e-03
1.20183444e+06 1.40429600e-03
1.20200853e+06 1.33545600e-03
1.20249597e+06 1.12766400e-03
1.20270488e+06 1.04284400e-03
1.20291378e+06 9.64320000e-04
1.20306244e+06 9.12912000e-04
1.20322714e+06 8.60693000e-04
1.20340122e+06 8.10471000e-04
1.20357531e+06 7.65027000e-04
1.20374940e+06 7.24069000e-04
1.20395830e+06 6.79945000e-04
1.20416721e+06 6.40612000e-04
1.20437611e+06 6.05526000e-04
1.20458501e+06 5.74136000e-04
1.20479392e+06 5.45923000e-04
1.20500282e+06 5.20492000e-04
1.20523725e+06 4.94771000e-04
1.20549026e+06 4.69885000e-04
1.20576880e+06 4.45369000e-04
1.20604734e+06 4.23451000e-04
1.20639551e+06 3.99092000e-04
1.20674369e+06 3.77504000e-04
1.20709186e+06 3.58305000e-04
1.20750967e+06 3.37851000e-04
1.20792296e+06 3.19938000e-04
1.20841492e+06 3.01127000e-04
1.20890236e+06 2.84720000e-04
1.20945944e+06 2.68241000e-04
1.21005118e+06 2.52926000e-04
1.21064323e+06 2.39501000e-04
1.21126994e+06 2.27023000e-04
1.21189665e+06 2.16049000e-04
1.21257559e+06 2.05614000e-04
1.21327194e+06 1.96191000e-04
1.21396829e+06 1.87903000e-04
1.21486512e+06 1.78616000e-04
1.21571803e+06 1.71034000e-04
1.21657959e+06 1.64391000e-04
1.21762411e+06 1.57504000e-04
1.21866863e+06 1.51682000e-04
1.21988723e+06 1.46011000e-04
1.22110584e+06 1.41334000e-04
1.22249853e+06 1.37023000e-04
1.22380529e+06 1.33825000e-04
1.22518070e+06 1.31223000e-04
1.22689996e+06 1.28949000e-04
1.22861923e+06 1.27620000e-04
1.23008523e+06 1.27226000e-04
1.23175920e+06 1.27618000e-04
1.23343317e+06 1.28888000e-04
1.23480858e+06 1.30695000e-04
1.23618399e+06 1.33271000e-04
1.23755940e+06 1.36728000e-04
1.23870029e+06 1.40387000e-04
1.23979444e+06 1.44666000e-04
1.24099792e+06 1.50403000e-04
1.24202948e+06 1.56331000e-04
1.24306104e+06 1.63355000e-04
1.24409260e+06 1.71633000e-04
1.24495223e+06 1.79632000e-04
1.24581186e+06 1.88726000e-04
1.24667149e+06 1.99037000e-04
1.24753112e+06 2.10585000e-04
1.24856268e+06 2.26102000e-04
1.24977532e+06 2.46299000e-04
1.25200121e+06 2.85131000e-04
1.25286084e+06 2.98452000e-04
1.25354855e+06 3.07362000e-04
1.25423625e+06 3.14189000e-04
1.25475203e+06 3.17711000e-04
1.25563379e+06 3.20287000e-04
1.25643118e+06 3.19043000e-04
1.25722856e+06 3.15362000e-04
1.25869495e+06 3.06446000e-04
1.25941983e+06 3.04208000e-04
1.25984077e+06 3.05098000e-04
1.26026170e+06 3.08394000e-04
1.26054232e+06 3.12572000e-04
1.26082294e+06 3.18943000e-04
1.26105679e+06 3.26383000e-04
1.26124387e+06 3.34215000e-04
1.26143095e+06 3.44161000e-04
1.26161569e+06 3.56473000e-04
1.26177704e+06 3.69800000e-04
1.26192671e+06 3.84868000e-04
1.26205767e+06 4.00719000e-04
1.26218862e+06 4.19582000e-04
1.26230087e+06 4.38678000e-04
1.26241312e+06 4.61044000e-04
1.26250666e+06 4.82715000e-04
1.26260020e+06 5.07746000e-04
1.26269374e+06 5.36605000e-04
1.26276857e+06 5.63027000e-04
1.26284340e+06 5.93021000e-04
1.26291823e+06 6.27035000e-04
1.26297436e+06 6.55667000e-04
1.26303048e+06 6.87472000e-04
1.26308661e+06 7.22850000e-04
1.26314273e+06 7.62269000e-04
1.26319885e+06 8.06302000e-04
1.26325498e+06 8.55611000e-04
1.26331110e+06 9.10958000e-04
1.26336723e+06 9.73254000e-04
1.26341400e+06 1.03135600e-03
1.26346077e+06 1.09597100e-03
1.26350754e+06 1.16794400e-03
1.26355431e+06 1.24818500e-03
1.26360108e+06 1.33777900e-03
1.26363616e+06 1.41196700e-03
1.26366655e+06 1.48170200e-03
1.26370397e+06 1.57513200e-03
1.26374139e+06 1.67769500e-03
1.26377880e+06 1.79025500e-03
1.26381622e+06 1.91377700e-03
1.26384953e+06 2.03379000e-03
1.26388227e+06 2.16167800e-03
1.26391911e+06 2.31807100e-03
1.26395653e+06 2.49098900e-03
1.26399395e+06 2.67852700e-03
1.26403136e+06 2.88067400e-03
1.26407346e+06 3.12453400e-03
1.26412490e+06 3.44220200e-03
1.26424767e+06 4.23348900e-03
1.26428860e+06 4.48331600e-03
1.26433069e+06 4.71550600e-03
1.26436343e+06 4.87051800e-03
1.26439211e+06 4.98283100e-03
1.26442207e+06 5.07291900e-03
1.26445289e+06 5.13338100e-03
1.26447923e+06 5.15742900e-03
1.26449006e+06 5.15972300e-03
1.26451913e+06 5.14386900e-03
1.26454821e+06 5.09647900e-03
1.26457389e+06 5.02958800e-03
1.26460196e+06 4.93174300e-03
1.26463002e+06 4.81087700e-03
1.26466743e+06 4.61996600e-03
1.26470777e+06 4.38557900e-03
1.26476609e+06 4.01660000e-03
1.26487088e+06 3.33936900e-03
1.26491532e+06 3.06781800e-03
1.26495741e+06 2.82635800e-03
1.26499482e+06 2.62653600e-03
1.26503224e+06 2.44135100e-03
1.26506966e+06 2.27073800e-03
1.26510707e+06 2.11419600e-03
1.26514449e+06 1.97097500e-03
1.26518191e+06 1.84019000e-03
1.26521932e+06 1.72089600e-03
1.26525674e+06 1.61213900e-03
1.26529415e+06 1.51298500e-03
1.26533157e+06 1.42255300e-03
1.26536782e+06 1.34250500e-03
1.26540289e+06 1.27147600e-03
1.26544382e+06 1.19579200e-03
1.26549059e+06 1.11763800e-03
1.26553736e+06 1.04732900e-03
1.26558179e+06 9.87027000e-04
1.26562622e+06 9.32397000e-04
1.26567767e+06 8.75338000e-04
1.26573379e+06 8.19587000e-04
1.26578992e+06 7.69713000e-04
1.26584604e+06 7.24992000e-04
1.26590216e+06 6.84788000e-04
1.26595829e+06 6.48550000e-04
1.26601441e+06 6.15820000e-04
1.26607521e+06 5.83843000e-04
1.26614537e+06 5.50774000e-04
1.26622020e+06 5.19312000e-04
1.26629503e+06 4.91298000e-04
1.26637454e+06 4.64842000e-04
1.26646340e+06 4.38643000e-04
1.26655694e+06 4.14246000e-04
1.26665048e+06 3.92682000e-04
1.26674870e+06 3.72686000e-04
1.26685627e+06 3.53361000e-04
1.26697320e+06 3.34901000e-04
1.26709948e+06 3.17443000e-04
1.26723336e+06 3.01236000e-04
1.26737308e+06 2.86424000e-04
1.26753444e+06 2.71700000e-04
1.26767475e+06 2.60450000e-04
1.26786183e+06 2.47378000e-04
1.26804891e+06 2.36041000e-04
1.26823599e+06 2.26197000e-04
1.26846984e+06 2.15553000e-04
1.26870369e+06 2.06386000e-04
1.26898431e+06 1.96948000e-04
1.26926493e+06 1.88861000e-04
1.26959232e+06 1.80787000e-04
1.26996648e+06 1.72947000e-04
1.27040834e+06 1.65140000e-04
1.27079051e+06 1.59402000e-04
1.27130007e+06 1.52835000e-04
1.27180963e+06 1.47245000e-04
1.27247324e+06 1.41084000e-04
1.27317684e+06 1.35612000e-04
1.27402115e+06 1.30109000e-04
1.27484513e+06 1.25596000e-04
1.27584729e+06 1.20965000e-04
1.27701648e+06 1.16463000e-04
1.27828921e+06 1.12403000e-04
1.27969722e+06 1.08672000e-04
1.28140831e+06 1.04960000e-04
1.28322673e+06 1.01731000e-04
1.28534822e+06 9.86681000e-05
1.28791168e+06 9.57217000e-05
1.29104341e+06 9.29035000e-05
1.29456372e+06 9.04611000e-05
1.29893220e+06 8.81702000e-05
1.30422625e+06 8.61150000e-05
1.31075651e+06 8.43014000e-05
1.31873165e+06 8.27654000e-05
1.32856609e+06 8.15153000e-05
1.34036355e+06 8.06363000e-05
1.35157662e+06 8.03103000e-05
1.35978869e+06 8.04886000e-05
1.36800077e+06 8.11701000e-05
1.37191666e+06 8.20167000e-05
1.37411508e+06 8.29619000e-05
1.37546093e+06 8.40433000e-05
1.37634262e+06 8.52975000e-05
1.37693045e+06 8.66825000e-05
1.37735110e+06 8.82117000e-05
1.37768212e+06 8.99817000e-05
1.37793440e+06 9.18924000e-05
1.37815864e+06 9.42285000e-05
1.37831881e+06 9.64587000e-05
1.37846766e+06 9.91575000e-05
1.37859170e+06 1.02045000e-04
1.37870334e+06 1.05336000e-04
1.37879256e+06 1.08618000e-04
1.37887898e+06 1.12542000e-04
1.37895580e+06 1.16826000e-04
1.37902301e+06 1.21387000e-04
1.37908250e+06 1.26250000e-04
1.37913455e+06 1.31319000e-04
1.37918661e+06 1.37348000e-04
1.37923122e+06 1.43475000e-04
1.37927248e+06 1.50131000e-04
1.37930270e+06 1.55745000e-04
1.37933004e+06 1.61468000e-04
1.37936457e+06 1.69744000e-04
1.37939623e+06 1.78573000e-04
1.37942501e+06 1.87868000e-04
1.37944991e+06 1.97099000e-04
1.37947062e+06 2.05778000e-04
1.37949307e+06 2.16414000e-04
1.37951090e+06 2.25935000e-04
1.37952761e+06 2.35879000e-04
1.37954433e+06 2.46977000e-04
1.37956104e+06 2.59432000e-04
1.37957776e+06 2.73507000e-04
1.37959224e+06 2.87267000e-04
1.37960519e+06 3.01039000e-04
1.37961578e+06 3.13499000e-04
1.37962831e+06 3.29904000e-04
1.37963823e+06 3.44374000e-04
1.37964920e+06 3.62164000e-04
1.37965860e+06 3.79166000e-04
1.37966820e+06 3.98509000e-04
1.37967468e+06 4.12830000e-04
1.37968471e+06 4.37366000e-04
1.37969223e+06 4.57929000e-04
1.37969947e+06 4.79756000e-04
1.37970816e+06 5.08920000e-04
1.37971685e+06 5.41846000e-04
1.37972396e+06 5.72011000e-04
1.37973106e+06 6.05484000e-04
1.37973817e+06 6.42703000e-04
1.37974528e+06 6.84132000e-04
1.37975239e+06 7.30331000e-04
1.37975950e+06 7.81872000e-04
1.37976601e+06 8.34374000e-04
1.37977134e+06 8.81457000e-04
1.37977667e+06 9.32598000e-04
1.37978378e+06 1.00770000e-03
1.37978911e+06 1.06966500e-03
1.37979445e+06 1.13689200e-03
1.37979978e+06 1.20978000e-03
1.37980511e+06 1.28874200e-03
1.37981162e+06 1.39413100e-03
1.37981794e+06 1.50636800e-03
1.37982505e+06 1.64538600e-03
1.37983019e+06 1.75475500e-03
1.37983532e+06 1.87210200e-03
1.37984243e+06 2.04847200e-03
1.37984953e+06 2.24190300e-03
1.37985664e+06 2.45334500e-03
1.37986375e+06 2.68369600e-03
1.37987086e+06 2.93363300e-03
1.37987560e+06 3.11143200e-03
1.37988207e+06 3.36921900e-03
1.37988997e+06 3.70700800e-03
1.37989755e+06 4.05543700e-03
1.37990608e+06 4.47538900e-03
1.37991461e+06 4.92397600e-03
1.37992457e+06 5.48128100e-03
1.37993736e+06 6.24528300e-03
1.37995016e+06 7.05171600e-03
1.37998878e+06 9.56866700e-03
1.38000355e+06 1.04732680e-02
1.38001571e+06 1.11522590e-02
1.38002582e+06 1.16548640e-02
1.38003498e+06 1.20516220e-02
1.38004414e+06 1.23847240e-02
1.38005283e+06 1.26357690e-02
1.38006326e+06 1.28472950e-02
1.38007159e+06 1.29424270e-02
1.38007887e+06 1.29702900e-02
1.38008647e+06 1.29440160e-02
1.38009406e+06 1.28616410e-02
1.38010070e+06 1.27446460e-02
1.38010986e+06 1.25165080e-02
1.38012044e+06 1.21625930e-02
1.38013166e+06 1.16918430e-02
1.38014019e+06 1.12760860e-02
1.38015156e+06 1.06568990e-02
1.38016617e+06 9.77814100e-03
1.38018932e+06 8.27982700e-03
1.38021016e+06 6.92035200e-03
1.38022296e+06 6.11980200e-03
1.38023149e+06 5.61000300e-03
1.38024286e+06 4.96718700e-03
1.38025139e+06 4.51601400e-03
1.38025960e+06 4.10849200e-03
1.38026555e+06 3.83064300e-03
1.38027214e+06 3.53937900e-03
1.38027830e+06 3.28374000e-03
1.38028551e+06 3.00394800e-03
1.38029321e+06 2.72829500e-03
1.38030052e+06 2.48824300e-03
1.38030763e+06 2.27390400e-03
1.38031473e+06 2.07775000e-03
1.38032184e+06 1.89878400e-03
1.38032895e+06 1.73605400e-03
1.38033448e+06 1.62003100e-03
1.38034040e+06 1.50530600e-03
1.38034672e+06 1.39322400e-03
1.38035205e+06 1.30634800e-03
1.38035738e+06 1.22608000e-03
1.38036272e+06 1.15197300e-03
1.38036805e+06 1.08359800e-03
1.38037338e+06 1.02058000e-03
1.38038049e+06 9.44202000e-04
1.38038582e+06 8.92181000e-04
1.38039115e+06 8.44286000e-04
1.38039648e+06 8.00187000e-04
1.38040359e+06 7.46790000e-04
1.38040951e+06 7.06554000e-04
1.38041583e+06 6.67490000e-04
1.38042333e+06 6.25723000e-04
1.38043044e+06 5.90271000e-04
1.38043873e+06 5.53352000e-04
1.38044591e+06 5.24782000e-04
1.38045324e+06 4.98486000e-04
1.38046120e+06 4.72743000e-04
1.38046827e+06 4.52098000e-04
1.38047752e+06 4.27780000e-04
1.38048559e+06 4.08759000e-04
1.38049527e+06 3.88240000e-04
1.38050495e+06 3.69881000e-04
1.38051463e+06 3.53371000e-04
1.38052754e+06 3.33791000e-04
1.38054045e+06 3.16542000e-04
1.38055335e+06 3.01229000e-04
1.38056895e+06 2.84874000e-04
1.38058556e+06 2.69588000e-04
1.38060093e+06 2.57081000e-04
1.38061910e+06 2.43960000e-04
1.38063974e+06 2.30903000e-04
1.38066222e+06 2.18507000e-04
1.38068475e+06 2.07658000e-04
1.38070555e+06 1.98813000e-04
1.38073028e+06 1.89518000e-04
1.38075979e+06 1.79879000e-04
1.38079117e+06 1.71045000e-04
1.38082503e+06 1.62849000e-04
1.38086185e+06 1.55210000e-04
1.38090203e+06 1.48099000e-04
1.38094578e+06 1.41525000e-04
1.38099322e+06 1.35496000e-04
1.38104471e+06 1.29979000e-04
1.38109948e+06 1.25047000e-04
1.38115846e+06 1.20595000e-04
1.38122630e+06 1.16340000e-04
1.38130608e+06 1.12245000e-04
1.38139774e+06 1.08448000e-04
1.38150082e+06 1.05044000e-04
1.38161827e+06 1.02002000e-04
1.38175440e+06 9.92716000e-05
1.38191207e+06 9.68637000e-05
1.38209407e+06 9.47672000e-05
1.38219144e+06 9.38511000e-05
1.38246375e+06 9.19544000e-05
1.38281058e+06 9.03624000e-05
1.38324333e+06 8.91488000e-05
1.38381183e+06 8.82933000e-05
1.38492872e+06 8.77669000e-05
1.38648504e+06 8.82328000e-05
1.38804137e+06 8.93275000e-05
1.38962744e+06 9.10331000e-05
1.39131319e+06 9.35313000e-05
1.39264098e+06 9.61352000e-05
1.39380411e+06 9.90348000e-05
1.39486149e+06 1.02332000e-04
1.39581314e+06 1.06006000e-04
1.39665904e+06 1.10005000e-04
1.39739921e+06 1.14235000e-04
1.39803364e+06 1.18548000e-04
1.39866807e+06 1.23650000e-04
1.39919676e+06 1.28644000e-04
1.39972546e+06 1.34483000e-04
1.40025415e+06 1.41324000e-04
1.40067710e+06 1.47692000e-04
1.40110005e+06 1.55032000e-04
1.40152301e+06 1.63515000e-04
1.40189309e+06 1.72056000e-04
1.40226318e+06 1.81858000e-04
1.40258039e+06 1.91443000e-04
1.40289761e+06 2.02322000e-04
1.40321482e+06 2.14670000e-04
1.40347917e+06 2.26278000e-04
1.40374351e+06 2.39291000e-04
1.40400786e+06 2.53889000e-04
1.40428444e+06 2.71066000e-04
1.40453655e+06 2.88673000e-04
1.40480090e+06 3.09348000e-04
1.40501237e+06 3.27715000e-04
1.40522385e+06 3.47926000e-04
1.40543533e+06 3.70078000e-04
1.40564680e+06 3.94294000e-04
1.40585828e+06 4.20718000e-04
1.40612262e+06 4.56788000e-04
1.40638697e+06 4.96081000e-04
1.40670419e+06 5.46679000e-04
1.40733862e+06 6.51315000e-04
1.40760296e+06 6.91467000e-04
1.40781444e+06 7.19256000e-04
1.40798666e+06 7.37790000e-04
1.40815060e+06 7.51127000e-04
1.40832772e+06 7.60231000e-04
1.40851743e+06 7.63620000e-04
1.40867490e+06 7.61109000e-04
1.40883238e+06 7.53871000e-04
1.40897756e+06 7.43263000e-04
1.40913617e+06 7.27619000e-04
1.40934765e+06 7.01539000e-04
1.40961199e+06 6.62820000e-04
1.41053720e+06 5.11712000e-04
1.41077511e+06 4.75063000e-04
1.41103946e+06 4.37455000e-04
1.41130380e+06 4.03148000e-04
1.41151528e+06 3.78126000e-04
1.41172676e+06 3.55261000e-04
1.41193824e+06 3.34391000e-04
1.41214971e+06 3.15415000e-04
1.41241406e+06 2.94059000e-04
1.41267840e+06 2.75025000e-04
1.41294275e+06 2.58095000e-04
1.41320709e+06 2.43024000e-04
1.41347144e+06 2.29591000e-04
1.41373579e+06 2.17614000e-04
1.41405300e+06 2.04881000e-04
1.41437022e+06 1.93669000e-04
1.41468743e+06 1.83801000e-04
1.41505752e+06 1.73716000e-04
1.41542760e+06 1.64920000e-04
1.41574482e+06 1.58261000e-04
1.41616777e+06 1.50468000e-04
1.41659072e+06 1.43693000e-04
1.41701368e+06 1.37799000e-04
1.41755206e+06 1.31333000e-04
1.41807106e+06 1.26002000e-04
1.41870549e+06 1.20468000e-04
1.41933992e+06 1.15806000e-04
1.42008009e+06 1.11249000e-04
1.42092600e+06 1.06945000e-04
1.42187764e+06 1.02997000e-04
1.42293502e+06 9.94580000e-05
1.42409815e+06 9.63394000e-05
1.42544631e+06 9.34771000e-05
1.42703239e+06 9.08684000e-05
1.42888281e+06 8.85431000e-05
1.43099757e+06 8.65630000e-05
1.43364103e+06 8.47713000e-05
1.43681318e+06 8.32835000e-05
1.44051403e+06 8.21452000e-05
1.44567170e+06 8.12655000e-05
1.45096013e+06 8.09881000e-05
1.45525685e+06 8.12474000e-05
1.45955357e+06 8.20518000e-05
1.46255224e+06 8.32193000e-05
1.46480124e+06 8.46650000e-05
1.46648799e+06 8.62889000e-05
1.46779991e+06 8.80498000e-05
1.46903686e+06 9.03154000e-05
1.47001143e+06 9.27047000e-05
1.47083606e+06 9.53248000e-05
1.47158573e+06 9.83618000e-05
1.47218546e+06 1.01403000e-04
1.47278520e+06 1.05170000e-04
1.47330996e+06 1.09239000e-04
1.47375976e+06 1.13476000e-04
1.47413460e+06 1.17684000e-04
1.47450943e+06 1.22654000e-04
1.47480930e+06 1.27304000e-04
1.47510916e+06 1.32698000e-04
1.47540903e+06 1.38961000e-04
1.47567141e+06 1.45302000e-04
1.47593380e+06 1.52634000e-04
1.47619618e+06 1.61113000e-04
1.47642108e+06 1.69476000e-04
1.47664598e+06 1.79024000e-04
1.47683340e+06 1.88038000e-04
1.47702081e+06 1.98183000e-04
1.47720823e+06 2.09590000e-04
1.47739565e+06 2.22422000e-04
1.47758306e+06 2.36855000e-04
1.47777048e+06 2.53068000e-04
1.47795790e+06 2.71230000e-04
1.47814532e+06 2.91474000e-04
1.47833273e+06 3.13870000e-04
1.47852015e+06 3.38422000e-04
1.47877316e+06 3.74354000e-04
1.47923233e+06 4.42239000e-04
1.47941975e+06 4.67932000e-04
1.47956968e+06 4.85877000e-04
1.47969178e+06 4.97886000e-04
1.47982766e+06 5.07895000e-04
1.47995625e+06 5.13733000e-04
1.48007902e+06 5.15641000e-04
1.48019807e+06 5.13958000e-04
1.48031712e+06 5.08917000e-04
1.48043180e+06 5.01090000e-04
1.48054425e+06 4.90788000e-04
1.48069418e+06 4.73847000e-04
1.48084412e+06 4.54140000e-04
1.48144385e+06 3.66692000e-04
1.48163127e+06 3.40722000e-04
1.48179069e+06 3.20446000e-04
1.48189400e+06 3.08670000e-04
1.48194243e+06 3.04133000e-04
1.48197039e+06 3.02659000e-04
1.48198437e+06 3.02651000e-04
1.48199901e+06 3.03544000e-04
1.48201365e+06 3.05843000e-04
1.48202791e+06 3.10117000e-04
1.48203878e+06 3.15303000e-04
1.48204966e+06 3.22757000e-04
1.48205909e+06 3.31592000e-04
1.48206779e+06 3.42208000e-04
1.48207359e+06 3.50856000e-04
1.48208161e+06 3.65264000e-04
1.48208674e+06 3.76164000e-04
1.48209357e+06 3.93054000e-04
1.48209869e+06 4.07703000e-04
1.48210341e+06 4.22879000e-04
1.48210904e+06 4.43265000e-04
1.48211492e+06 4.67512000e-04
1.48211819e+06 4.82396000e-04
1.48212407e+06 5.11960000e-04
1.48212995e+06 5.45380000e-04
1.48213583e+06 5.83015000e-04
1.48214110e+06 6.20656000e-04
1.48214592e+06 6.58500000e-04
1.48215043e+06 6.97144000e-04
1.48215495e+06 7.39063000e-04
1.48216046e+06 7.94975000e-04
1.48216648e+06 8.62205000e-04
1.48217252e+06 9.36657000e-04
1.48217867e+06 1.01986700e-03
1.48218484e+06 1.11142700e-03
1.48219050e+06 1.20269000e-03
1.48219744e+06 1.32462100e-03
1.48220410e+06 1.45207900e-03
1.48221052e+06 1.58503200e-03
1.48221781e+06 1.74792100e-03
1.48222357e+06 1.88552200e-03
1.48223140e+06 2.08523700e-03
1.48223986e+06 2.31647300e-03
1.48224833e+06 2.56284100e-03
1.48225713e+06 2.83359000e-03
1.48226785e+06 3.17969700e-03
1.48228756e+06 3.84653600e-03
1.48230683e+06 4.50255700e-03
1.48231974e+06 4.92103600e-03
1.48233073e+06 5.25063500e-03
1.48234093e+06 5.52670500e-03
1.48235178e+06 5.78036700e-03
1.48236185e+06 5.97271700e-03
1.48237038e+06 6.09924700e-03
1.48237792e+06 6.18124200e-03
1.48238759e+06 6.24328000e-03
1.48239483e+06 6.25714700e-03
1.48240196e+06 6.24327300e-03
1.48240910e+06 6.20221800e-03
1.48241653e+06 6.13115500e-03
1.48242460e+06 6.02265200e-03
1.48243415e+06 5.85416200e-03
1.48244504e+06 5.61445600e-03
1.48245486e+06 5.36023900e-03
1.48246614e+06 5.03173000e-03
1.48247719e+06 4.68118400e-03
1.48249182e+06 4.18946200e-03
1.48251814e+06 3.28722800e-03
1.48253030e+06 2.88731100e-03
1.48253917e+06 2.60922200e-03
1.48254769e+06 2.35545100e-03
1.48255671e+06 2.10324700e-03
1.48256272e+06 1.94514600e-03
1.48256849e+06 1.80147400e-03
1.48257575e+06 1.63154000e-03
1.48258267e+06 1.48161000e-03
1.48258875e+06 1.35896400e-03
1.48259458e+06 1.24982500e-03
1.48260041e+06 1.14852000e-03
1.48260516e+06 1.07163800e-03
1.48260990e+06 9.99712000e-04
1.48261573e+06 9.17952000e-04
1.48262005e+06 8.61861000e-04
1.48262587e+06 7.91900000e-04
1.48263148e+06 7.30506000e-04
1.48263510e+06 6.93900000e-04
1.48263974e+06 6.50134000e-04
1.48264437e+06 6.09797000e-04
1.48264901e+06 5.72715000e-04
1.48265365e+06 5.38691000e-04
1.48265841e+06 5.06729000e-04
1.48266337e+06 4.76496000e-04
1.48266838e+06 4.48774000e-04
1.48267312e+06 4.25071000e-04
1.48267841e+06 4.01207000e-04
1.48268399e+06 3.78828000e-04
1.48268984e+06 3.58078000e-04
1.48269482e+06 3.42422000e-04
1.48269973e+06 3.28619000e-04
1.48270628e+06 3.12484000e-04
1.48271282e+06 2.98648000e-04
1.48272019e+06 2.85466000e-04
1.48272756e+06 2.74446000e-04
1.48273574e+06 2.64339000e-04
1.48274229e+06 2.57614000e-04
1.48274966e+06 2.51261000e-04
1.48275784e+06 2.45455000e-04
1.48277012e+06 2.38700000e-04
1.48278240e+06 2.33702000e-04
1.48279468e+06 2.29955000e-04
1.48281105e+06 2.26277000e-04
1.48283597e+06 2.22403000e-04
1.48287750e+06 2.18038000e-04
1.48296859e+06 2.10918000e-04
1.48307460e+06 2.03767000e-04
1.48315024e+06 1.99073000e-04
1.48335803e+06 1.87511000e-04
1.48356070e+06 1.77771000e-04
1.48382037e+06 1.67010000e-04
1.48402212e+06 1.59735000e-04
1.48423593e+06 1.52931000e-04
1.48449655e+06 1.45676000e-04
1.48477276e+06 1.39014000e-04
1.48506598e+06 1.32921000e-04
1.48539208e+06 1.27133000e-04
1.48572787e+06 1.22051000e-04
1.48613092e+06 1.16908000e-04
1.48655076e+06 1.12435000e-04
1.48699693e+06 1.08468000e-04
1.48751746e+06 1.04646000e-04
1.48805038e+06 1.01434000e-04
1.48872273e+06 9.81564000e-05
1.48943560e+06 9.53883000e-05
1.49024977e+06 9.28940000e-05
1.49118802e+06 9.06605000e-05
1.49230962e+06 8.86421000e-05
1.49375166e+06 8.67562000e-05
1.49557307e+06 8.51421000e-05
1.49767863e+06 8.39591000e-05
1.50020628e+06 8.32010000e-05
1.50229846e+06 8.30084000e-05
1.50425249e+06 8.32621000e-05
1.50620653e+06 8.40718000e-05
1.50725198e+06 8.50583000e-05
1.50802616e+06 8.63151000e-05
1.50860419e+06 8.78073000e-05
1.50901648e+06 8.93871000e-05
1.50936455e+06 9.12815000e-05
1.50965653e+06 9.34852000e-05
1.50988756e+06 9.58392000e-05
1.51008009e+06 9.84201000e-05
1.51025895e+06 1.01529000e-04
1.51040799e+06 1.04839000e-04
1.51052722e+06 1.08151000e-04
1.51062628e+06 1.11529000e-04
1.51073016e+06 1.15848000e-04
1.51082250e+06 1.20532000e-04
1.51090329e+06 1.25483000e-04
1.51096081e+06 1.29634000e-04
1.51101125e+06 1.33815000e-04
1.51107378e+06 1.39833000e-04
1.51113185e+06 1.46424000e-04
1.51118546e+06 1.53585000e-04
1.51122437e+06 1.59583000e-04
1.51126069e+06 1.65910000e-04
1.51130220e+06 1.74163000e-04
1.51133333e+06 1.81200000e-04
1.51136101e+06 1.88174000e-04
1.51139560e+06 1.98012000e-04
1.51142846e+06 2.08726000e-04
1.51145959e+06 2.20356000e-04
1.51148682e+06 2.31949000e-04
1.51150887e+06 2.42482000e-04
1.51153222e+06 2.54949000e-04
1.51155491e+06 2.68587000e-04
1.51157271e+06 2.80501000e-04
1.51159036e+06 2.93549000e-04
1.51160961e+06 3.09385000e-04
1.51162907e+06 3.27407000e-04
1.51164869e+06 3.47988000e-04
1.51166585e+06 3.68379000e-04
1.51168056e+06 3.87958000e-04
1.51169527e+06 4.09823000e-04
1.51170876e+06 4.32223000e-04
1.51172225e+06 4.57273000e-04
1.51173328e+06 4.80070000e-04
1.51174431e+06 5.05272000e-04
1.51175535e+06 5.33255000e-04
1.51176638e+06 5.64459000e-04
1.51177603e+06 5.94819000e-04
1.51178477e+06 6.25106000e-04
1.51179304e+06 6.56597000e-04
1.51180132e+06 6.91151000e-04
1.51180959e+06 7.29168000e-04
1.51181772e+06 7.70254000e-04
1.51182553e+06 8.13747000e-04
1.51183289e+06 8.58639000e-04
1.51184208e+06 9.20808000e-04
1.51184898e+06 9.72344000e-04
1.51185510e+06 1.02205300e-03
1.51186292e+06 1.09128800e-03
1.51187120e+06 1.17245200e-03
1.51187904e+06 1.25766500e-03
1.51188606e+06 1.34136600e-03
1.51189320e+06 1.43443300e-03
1.51190065e+06 1.54069100e-03
1.51190785e+06 1.65311400e-03
1.51191484e+06 1.77196700e-03
1.51192183e+06 1.90111200e-03
1.51192820e+06 2.02846700e-03
1.51193409e+06 2.15455300e-03
1.51194291e+06 2.35982000e-03
1.51195174e+06 2.58557200e-03
1.51196056e+06 2.83282100e-03
1.51196939e+06 3.10251200e-03
1.51197822e+06 3.39527800e-03
1.51198705e+06 3.71149700e-03
1.51199587e+06 4.05117100e-03
1.51200470e+06 4.41398900e-03
1.51201352e+06 4.79921300e-03
1.51202676e+06 5.41606400e-03
1.51204000e+06 6.07382900e-03
1.51205692e+06 6.95895000e-03
1.51209321e+06 8.90348500e-03
1.51210608e+06 9.55849100e-03
1.51211895e+06 1.01677490e-02
1.51213170e+06 1.07090800e-02
1.51214298e+06 1.11233770e-02
1.51215181e+06 1.13983990e-02
1.51216395e+06 1.16977710e-02
1.51217277e+06 1.18535740e-02
1.51218116e+06 1.19506210e-02
1.51219284e+06 1.20006230e-02
1.51220273e+06 1.19644580e-02
1.51221261e+06 1.18570370e-02
1.51222242e+06 1.16822510e-02
1.51223321e+06 1.14156620e-02
1.51224204e+06 1.11438030e-02
1.51225283e+06 1.07523850e-02
1.51226410e+06 1.02825800e-02
1.51227597e+06 9.73354100e-03
1.51229019e+06 9.01996300e-03
1.51232099e+06 7.37402100e-03
1.51233889e+06 6.42250400e-03
1.51235286e+06 5.71090800e-03
1.51236610e+06 5.07474300e-03
1.51237493e+06 4.67507800e-03
1.51238375e+06 4.29695800e-03
1.51239405e+06 3.88454100e-03
1.51240288e+06 3.55626900e-03
1.51241171e+06 3.25150100e-03
1.51242053e+06 2.97002700e-03
1.51242666e+06 2.78799600e-03
1.51243304e+06 2.61007800e-03
1.51243917e+06 2.44966300e-03
1.51244799e+06 2.23624800e-03
1.51245388e+06 2.10503700e-03
1.51246074e+06 1.96255900e-03
1.51246945e+06 1.79742900e-03
1.51247594e+06 1.68477600e-03
1.51248325e+06 1.56813100e-03
1.51249038e+06 1.46404100e-03
1.51249737e+06 1.37049100e-03
1.51250448e+06 1.28332000e-03
1.51251237e+06 1.19528300e-03
1.51251887e+06 1.12911400e-03
1.51252553e+06 1.06665100e-03
1.51253411e+06 9.93617000e-04
1.51254101e+06 9.40378000e-04
1.51254791e+06 8.91557000e-04
1.51255488e+06 8.46257000e-04
1.51256200e+06 8.03809000e-04
1.51256982e+06 7.61280000e-04
1.51257794e+06 7.21088000e-04
1.51258622e+06 6.83882000e-04
1.51259449e+06 6.50043000e-04
1.51260369e+06 6.15936000e-04
1.51261472e+06 5.79249000e-04
1.51262575e+06 5.46559000e-04
1.51263678e+06 5.17302000e-04
1.51264825e+06 4.90027000e-04
1.51265914e+06 4.66663000e-04
1.51267356e+06 4.38983000e-04
1.51268827e+06 4.14003000e-04
1.51270299e+06 3.91785000e-04
1.51272015e+06 3.68797000e-04
1.51273486e+06 3.51222000e-04
1.51275018e+06 3.34697000e-04
1.51276919e+06 3.16367000e-04
1.51278688e+06 3.01141000e-04
1.51280805e+06 2.84894000e-04
1.51283215e+06 2.68605000e-04
1.51285744e+06 2.53630000e-04
1.51288514e+06 2.39289000e-04
1.51291403e+06 2.26231000e-04
1.51294316e+06 2.14712000e-04
1.51297453e+06 2.03835000e-04
1.51300951e+06 1.93263000e-04
1.51304497e+06 1.83940000e-04
1.51307840e+06 1.76222000e-04
1.51311454e+06 1.68863000e-04
1.51315594e+06 1.61485000e-04
1.51319764e+06 1.55005000e-04
1.51324160e+06 1.49036000e-04
1.51329445e+06 1.42828000e-04
1.51335479e+06 1.36782000e-04
1.51341961e+06 1.31284000e-04
1.51348889e+06 1.26325000e-04
1.51356378e+06 1.21822000e-04
1.51364969e+06 1.17525000e-04
1.51375038e+06 1.13389000e-04
1.51386227e+06 1.09652000e-04
1.51398611e+06 1.06339000e-04
1.51412918e+06 1.03315000e-04
1.51429418e+06 1.00590000e-04
1.51448197e+06 9.82123000e-05
1.51468811e+06 9.61987000e-05
1.51497898e+06 9.42080000e-05
1.51534256e+06 9.25415000e-05
1.51577885e+06 9.13300000e-05
1.51636058e+06 9.05217000e-05
1.51692413e+06 9.03052000e-05
1.51776945e+06 9.06873000e-05
1.51861477e+06 9.17066000e-05
1.51948736e+06 9.34180000e-05
1.52028803e+06 9.56614000e-05
1.52099986e+06 9.83653000e-05
1.52158158e+06 1.01228000e-04
1.52210514e+06 1.04474000e-04
1.52257052e+06 1.08049000e-04
1.52297773e+06 1.11868000e-04
1.52332676e+06 1.15801000e-04
1.52367580e+06 1.20492000e-04
1.52396666e+06 1.25121000e-04
1.52425753e+06 1.30558000e-04
1.52449022e+06 1.35618000e-04
1.52472291e+06 1.41464000e-04
1.52495560e+06 1.48229000e-04
1.52518829e+06 1.56080000e-04
1.52539190e+06 1.64032000e-04
1.52559550e+06 1.73203000e-04
1.52577002e+06 1.82212000e-04
1.52594454e+06 1.92491000e-04
1.52611905e+06 2.04194000e-04
1.52626449e+06 2.15233000e-04
1.52640992e+06 2.27657000e-04
1.52655535e+06 2.41621000e-04
1.52670078e+06 2.57322000e-04
1.52684621e+06 2.74973000e-04
1.52699165e+06 2.94792000e-04
1.52713708e+06 3.16988000e-04
1.52728251e+06 3.41726000e-04
1.52742794e+06 3.69102000e-04
1.52757337e+06 3.99112000e-04
1.52774789e+06 4.38032000e-04
1.52818419e+06 5.39857000e-04
1.52832962e+06 5.70544000e-04
1.52844596e+06 5.91442000e-04
1.52853697e+06 6.04521000e-04
1.52864031e+06 6.15256000e-04
1.52873941e+06 6.21144000e-04
1.52880777e+06 6.22301000e-04
1.52890788e+06 6.19655000e-04
1.52900798e+06 6.12293000e-04
1.52911495e+06 5.99580000e-04
1.52923129e+06 5.80927000e-04
1.52934764e+06 5.58222000e-04
1.52952216e+06 5.19504000e-04
1.52987120e+06 4.37600000e-04
1.53004571e+06 3.98707000e-04
1.53019115e+06 3.68778000e-04
1.53033658e+06 3.41490000e-04
1.53048201e+06 3.16835000e-04
1.53062744e+06 2.94715000e-04
1.53077287e+06 2.74961000e-04
1.53091830e+06 2.57367000e-04
1.53106374e+06 2.41715000e-04
1.53120917e+06 2.27792000e-04
1.53135460e+06 2.15402000e-04
1.53150003e+06 2.04391000e-04
1.53167455e+06 1.92715000e-04
1.53184907e+06 1.82457000e-04
1.53202359e+06 1.73462000e-04
1.53222719e+06 1.64308000e-04
1.53243079e+06 1.56368000e-04
1.53266349e+06 1.48525000e-04
1.53289618e+06 1.41765000e-04
1.53312887e+06 1.35939000e-04
1.53341973e+06 1.29711000e-04
1.53371059e+06 1.24424000e-04
1.53400146e+06 1.19928000e-04
1.53435050e+06 1.15370000e-04
1.53475770e+06 1.10957000e-04
1.53522309e+06 1.06841000e-04
1.53574664e+06 1.03113000e-04
1.53632837e+06 9.98131000e-05
1.53696827e+06 9.69465000e-05
1.53771360e+06 9.43469000e-05
1.53861165e+06 9.19617000e-05
1.53962967e+06 8.99542000e-05
1.54093855e+06 8.81022000e-05
1.54253830e+06 8.65707000e-05
1.54457435e+06 8.53454000e-05
1.54720181e+06 8.44884000e-05
1.55116301e+06 8.40838000e-05
1.55522862e+06 8.43929000e-05
1.55929423e+06 8.52909000e-05
1.56274095e+06 8.66007000e-05
1.56574805e+06 8.83392000e-05
1.56807002e+06 9.02828000e-05
1.56995296e+06 9.24942000e-05
1.57142774e+06 9.48726000e-05
1.57249266e+06 9.71614000e-05
1.57347558e+06 9.99399000e-05
1.57424396e+06 1.02784000e-04
1.57488275e+06 1.05832000e-04
1.57540540e+06 1.08994000e-04
1.57586997e+06 1.12526000e-04
1.57627647e+06 1.16393000e-04
1.57662490e+06 1.20496000e-04
1.57691526e+06 1.24679000e-04
1.57720272e+06 1.29718000e-04
1.57744952e+06 1.34971000e-04
1.57765858e+06 1.40310000e-04
1.57784441e+06 1.45947000e-04
1.57803024e+06 1.52619000e-04
1.57819284e+06 1.59506000e-04
1.57833221e+06 1.66415000e-04
1.57847159e+06 1.74449000e-04
1.57858773e+06 1.82198000e-04
1.57870387e+06 1.91135000e-04
1.57882002e+06 2.01437000e-04
1.57891293e+06 2.10889000e-04
1.57900585e+06 2.21659000e-04
1.57909876e+06 2.33918000e-04
1.57916845e+06 2.44288000e-04
1.57923813e+06 2.55873000e-04
1.57930782e+06 2.68834000e-04
1.57937751e+06 2.83364000e-04
1.57944719e+06 2.99704000e-04
1.57951688e+06 3.18133000e-04
1.57958656e+06 3.38978000e-04
1.57964464e+06 3.58519000e-04
1.57970271e+06 3.80358000e-04
1.57976078e+06 4.04796000e-04
1.57981885e+06 4.32160000e-04
1.57987692e+06 4.62834000e-04
1.57992338e+06 4.90088000e-04
1.57996984e+06 5.20056000e-04
1.58001630e+06 5.53001000e-04
1.58006275e+06 5.89176000e-04
1.58010921e+06 6.28834000e-04
1.58015567e+06 6.72205000e-04
1.58020212e+06 7.19477000e-04
1.58024858e+06 7.70755000e-04
1.58029504e+06 8.25981000e-04
1.58035311e+06 9.00048000e-04
1.58044058e+06 1.01926300e-03
1.58056507e+06 1.19209800e-03
1.58060863e+06 1.24807600e-03
1.58065511e+06 1.30162300e-03
1.58069885e+06 1.34400300e-03
1.58073986e+06 1.37496400e-03
1.58077968e+06 1.39561000e-03
1.58081601e+06 1.40553400e-03
1.58083304e+06 1.40712300e-03
1.58086602e+06 1.40456100e-03
1.58089899e+06 1.39466400e-03
1.58093383e+06 1.37659200e-03
1.58096867e+06 1.35129500e-03
1.58100352e+06 1.31958500e-03
1.58104997e+06 1.26904200e-03
1.58110804e+06 1.19620000e-03
1.58123000e+06 1.02808500e-03
1.58129968e+06 9.32641000e-04
1.58135775e+06 8.57114000e-04
1.58141002e+06 7.93612000e-04
1.58145648e+06 7.41262000e-04
1.58150293e+06 6.92927000e-04
1.58154939e+06 6.48559000e-04
1.58159585e+06 6.07991000e-04
1.58164619e+06 5.68038000e-04
1.58169846e+06 5.30595000e-04
1.58174684e+06 4.99292000e-04
1.58179184e+06 4.72843000e-04
1.58183540e+06 4.49495000e-04
1.58188621e+06 4.24762000e-04
1.58194428e+06 3.99393000e-04
1.58200235e+06 3.76743000e-04
1.58206042e+06 3.56507000e-04
1.58211850e+06 3.38409000e-04
1.58217947e+06 3.21428000e-04
1.58224625e+06 3.04875000e-04
1.58231594e+06 2.89552000e-04
1.58238562e+06 2.75960000e-04
1.58245531e+06 2.63894000e-04
1.58253080e+06 2.52325000e-04
1.58261791e+06 2.40604000e-04
1.58271083e+06 2.29704000e-04
1.58280955e+06 2.19696000e-04
1.58291989e+06 2.10089000e-04
1.58303603e+06 2.01447000e-04
1.58315798e+06 1.93770000e-04
1.58329154e+06 1.86692000e-04
1.58343673e+06 1.80270000e-04
1.58359352e+06 1.74546000e-04
1.58377935e+06 1.69210000e-04
1.58398841e+06 1.64527000e-04
1.58419747e+06 1.61038000e-04
1.58443556e+06 1.58262000e-04
1.58466785e+06 1.56593000e-04
1.58498724e+06 1.55726000e-04
1.58523405e+06 1.56216000e-04
1.58548085e+06 1.57780000e-04
1.58571314e+06 1.60420000e-04
1.58587871e+06 1.63247000e-04
1.58603253e+06 1.66907000e-04
1.58617771e+06 1.71581000e-04
1.58629386e+06 1.76544000e-04
1.58637008e+06 1.80642000e-04
1.58643904e+06 1.85109000e-04
1.58651961e+06 1.91536000e-04
1.58658519e+06 1.98062000e-04
1.58664116e+06 2.04884000e-04
1.58669487e+06 2.12844000e-04
1.58674343e+06 2.21586000e-04
1.58678202e+06 2.29903000e-04
1.58681287e+06 2.37660000e-04
1.58684373e+06 2.46638000e-04
1.58687533e+06 2.57402000e-04
1.58690589e+06 2.69699000e-04
1.58693186e+06 2.82004000e-04
1.58695288e+06 2.93522000e-04
1.58697467e+06 3.07296000e-04
1.58699545e+06 3.22600000e-04
1.58701013e+06 3.34998000e-04
1.58702625e+06 3.50463000e-04
1.58704172e+06 3.67551000e-04
1.58705666e+06 3.86628000e-04
1.58706870e+06 4.04261000e-04
1.58707928e+06 4.21783000e-04
1.58708952e+06 4.40870000e-04
1.58709942e+06 4.61654000e-04
1.58710895e+06 4.84240000e-04
1.58711828e+06 5.09168000e-04
1.58712726e+06 5.36244000e-04
1.58713313e+06 5.55804000e-04
1.58714160e+06 5.86955000e-04
1.58715006e+06 6.22022000e-04
1.58715712e+06 6.54643000e-04
1.58716371e+06 6.88217000e-04
1.58717147e+06 7.32110000e-04
1.58717923e+06 7.81220000e-04
1.58718663e+06 8.33551000e-04
1.58719298e+06 8.83098000e-04
1.58719933e+06 9.37386000e-04
1.58720561e+06 9.96145000e-04
1.58721171e+06 1.05844000e-03
1.58721755e+06 1.12338500e-03
1.58722366e+06 1.19710300e-03
1.58722988e+06 1.27886300e-03
1.58723567e+06 1.36132800e-03
1.58724131e+06 1.44804700e-03
1.58724696e+06 1.54136200e-03
1.58725260e+06 1.64162400e-03
1.58725918e+06 1.76782100e-03
1.58726539e+06 1.89639500e-03
1.58727090e+06 2.01845500e-03
1.58727649e+06 2.15070300e-03
1.58728327e+06 2.32203600e-03
1.58728853e+06 2.46409100e-03
1.58729531e+06 2.65830300e-03
1.58730208e+06 2.86576000e-03
1.58730885e+06 3.08660200e-03
1.58731826e+06 3.41554800e-03
1.58732842e+06 3.79935600e-03
1.58733858e+06 4.21166200e-03
1.58734987e+06 4.70056800e-03
1.58736003e+06 5.16499400e-03
1.58737527e+06 5.89578100e-03
1.58741120e+06 7.67797300e-03
1.58742625e+06 8.39138700e-03
1.58743980e+06 8.98461400e-03
1.58744996e+06 9.38695800e-03
1.58746011e+06 9.74393700e-03
1.58746915e+06 1.00173530e-02
1.58748006e+06 1.02858990e-02
1.58749175e+06 1.04916120e-02
1.58750014e+06 1.05836070e-02
1.58750839e+06 1.06271390e-02
1.58751204e+06 1.06313720e-02
1.58752107e+06 1.06021450e-02
1.58753010e+06 1.05168950e-02
1.58753951e+06 1.03701220e-02
1.58754967e+06 1.01483290e-02
1.58755795e+06 9.92227800e-03
1.58756773e+06 9.60718100e-03
1.58757827e+06 9.21647100e-03
1.58758927e+06 8.76032900e-03
1.58760404e+06 8.08900700e-03
1.58762368e+06 7.13162300e-03
1.58764900e+06 5.87332600e-03
1.58766425e+06 5.14398500e-03
1.58767384e+06 4.70595800e-03
1.58768513e+06 4.21713200e-03
1.58769529e+06 3.80489800e-03
1.58770545e+06 3.42116800e-03
1.58771222e+06 3.18182200e-03
1.58771975e+06 2.93152400e-03
1.58772652e+06 2.72042400e-03
1.58773348e+06 2.51732100e-03
1.58773864e+06 2.37561500e-03
1.58774552e+06 2.19840500e-03
1.58775305e+06 2.01919900e-03
1.58775869e+06 1.89452600e-03
1.58776433e+06 1.77786000e-03
1.58777045e+06 1.66012800e-03
1.58777703e+06 1.54297800e-03
1.58778315e+06 1.44263200e-03
1.58778879e+06 1.35684900e-03
1.58779476e+06 1.27288800e-03
1.58780065e+06 1.19643200e-03
1.58780631e+06 1.12848200e-03
1.58781230e+06 1.06222900e-03
1.58781854e+06 9.98876000e-04
1.58782489e+06 9.39952000e-04
1.58783124e+06 8.86164000e-04
1.58783865e+06 8.29354000e-04
1.58784500e+06 7.85287000e-04
1.58785135e+06 7.45114000e-04
1.58785558e+06 7.20319000e-04
1.58786405e+06 6.75073000e-04
1.58787251e+06 6.35029000e-04
1.58788098e+06 5.99554000e-04
1.58788945e+06 5.68074000e-04
1.58789791e+06 5.40081000e-04
1.58790638e+06 5.15130000e-04
1.58791484e+06 4.92827000e-04
1.58792331e+06 4.72835000e-04
1.58793413e+06 4.50182000e-04
1.58794426e+06 4.31478000e-04
1.58795548e+06 4.13161000e-04
1.58796332e+06 4.01641000e-04
1.58797767e+06 3.82859000e-04
1.58799305e+06 3.65497000e-04
1.58801034e+06 3.48699000e-04
1.58802892e+06 3.33232000e-04
1.58804813e+06 3.19473000e-04
1.58806735e+06 3.07549000e-04
1.58808785e+06 2.96479000e-04
1.58811091e+06 2.85685000e-04
1.58814130e+06 2.73617000e-04
1.58817350e+06 2.62953000e-04
1.58820570e+06 2.54007000e-04
1.58823790e+06 2.46433000e-04
1.58827009e+06 2.39971000e-04
1.58831594e+06 2.32310000e-04
1.58836920e+06 2.25187000e-04
1.58842767e+06 2.19040000e-04
1.58849673e+06 2.13476000e-04
1.58858115e+06 2.08474000e-04
1.58867916e+06 2.04446000e-04
1.58879414e+06 2.01435000e-04
1.58892693e+06 1.99538000e-04
1.58905973e+06 1.98867000e-04
1.58927654e+06 1.99720000e-04
1.58949334e+06 2.02037000e-04
1.58973229e+06 2.05937000e-04
1.58998890e+06 2.11397000e-04
1.59029862e+06 2.19477000e-04
1.59060834e+06 2.29073000e-04
1.59091806e+06 2.40210000e-04
1.59122377e+06 2.52784000e-04
1.59153751e+06 2.67425000e-04
1.59184723e+06 2.83709000e-04
1.59214860e+06 3.01425000e-04
1.59246667e+06 3.22192000e-04
1.59277639e+06 3.44448000e-04
1.59308611e+06 3.68635000e-04
1.59345778e+06 3.99720000e-04
1.59432500e+06 4.75169000e-04
1.59469667e+06 5.05327000e-04
1.59501452e+06 5.28450000e-04
1.59536903e+06 5.50406000e-04
1.59572975e+06 5.68504000e-04
1.59612139e+06 5.83759000e-04
1.59656254e+06 5.96308000e-04
1.59695148e+06 6.03323000e-04
1.59730328e+06 6.05642000e-04
1.59761134e+06 6.03541000e-04
1.59791940e+06 5.96945000e-04
1.59818844e+06 5.86867000e-04
1.59847488e+06 5.71679000e-04
1.59874986e+06 5.53082000e-04
1.59908093e+06 5.26358000e-04
1.60032672e+06 4.10682000e-04
1.60068265e+06 3.79216000e-04
1.60100542e+06 3.52845000e-04
1.60134527e+06 3.27499000e-04
1.60167658e+06 3.05191000e-04
1.60200689e+06 2.85257000e-04
1.60233920e+06 2.67362000e-04
1.60267051e+06 2.51478000e-04
1.60300182e+06 2.37366000e-04
1.60334621e+06 2.24342000e-04
1.60366444e+06 2.13652000e-04
1.60406202e+06 2.01862000e-04
1.60445959e+06 1.91562000e-04
1.60492342e+06 1.81143000e-04
1.60532100e+06 1.73388000e-04
1.60580644e+06 1.65151000e-04
1.60624092e+06 1.58772000e-04
1.60677876e+06 1.51935000e-04
1.60730886e+06 1.46151000e-04
1.60783896e+06 1.41181000e-04
1.60850158e+06 1.35900000e-04
1.60929672e+06 1.30671000e-04
1.61009187e+06 1.26412000e-04
1.61101953e+06 1.22421000e-04
1.61207973e+06 1.18855000e-04
1.61327245e+06 1.15832000e-04
1.61459769e+06 1.13424000e-04
1.61610801e+06 1.11622000e-04
1.61780901e+06 1.10533000e-04
1.61929088e+06 1.10253000e-04
1.62117597e+06 1.10681000e-04
1.62306107e+06 1.11887000e-04
1.62496085e+06 1.13907000e-04
1.62689821e+06 1.16864000e-04
1.62870990e+06 1.20577000e-04
1.63013615e+06 1.24302000e-04
1.63146139e+06 1.28573000e-04
1.63255996e+06 1.32893000e-04
1.63368378e+06 1.38256000e-04
1.63459790e+06 1.43593000e-04
1.63539494e+06 1.49210000e-04
1.63609974e+06 1.55205000e-04
1.63666146e+06 1.60900000e-04
1.63716446e+06 1.66913000e-04
1.63768251e+06 1.74248000e-04
1.63808760e+06 1.81024000e-04
1.63845746e+06 1.88253000e-04
1.63880690e+06 1.96195000e-04
1.63913016e+06 2.04765000e-04
1.63946190e+06 2.15057000e-04
1.63976511e+06 2.26090000e-04
1.64004295e+06 2.37901000e-04
1.64027929e+06 2.49527000e-04
1.64050257e+06 2.62114000e-04
1.64072039e+06 2.76143000e-04
1.64091717e+06 2.90563000e-04
1.64109298e+06 3.05141000e-04
1.64128361e+06 3.22959000e-04
1.64143907e+06 3.39294000e-04
1.64162638e+06 3.61400000e-04
1.64179979e+06 3.84467000e-04
1.64197320e+06 4.10392000e-04
1.64214661e+06 4.39417000e-04
1.64232589e+06 4.72845000e-04
1.64250515e+06 5.09782000e-04
1.64268917e+06 5.51184000e-04
1.64327892e+06 6.93644000e-04
1.64345234e+06 7.31894000e-04
1.64358727e+06 7.57434000e-04
1.64368846e+06 7.73031000e-04
1.64378965e+06 7.84832000e-04
1.64389085e+06 7.92432000e-04
1.64401671e+06 7.95949000e-04
1.64412767e+06 7.93410000e-04
1.64423863e+06 7.85500000e-04
1.64436084e+06 7.71210000e-04
1.64447590e+06 7.53015000e-04
1.64461882e+06 7.25272000e-04
1.64478867e+06 6.87416000e-04
1.64524553e+06 5.77561000e-04
1.64544221e+06 5.32538000e-04
1.64560610e+06 4.97730000e-04
1.64577000e+06 4.65850000e-04
1.64591587e+06 4.39996000e-04
1.64606174e+06 4.16498000e-04
1.64621271e+06 3.94505000e-04
1.64637390e+06 3.73439000e-04
1.64656262e+06 3.51571000e-04
1.64675133e+06 3.32367000e-04
1.64694005e+06 3.15554000e-04
1.64713610e+06 3.00276000e-04
1.64732707e+06 2.87219000e-04
1.64751804e+06 2.75754000e-04
1.64773327e+06 2.64472000e-04
1.64798590e+06 2.53073000e-04
1.64826108e+06 2.42537000e-04
1.64856303e+06 2.32819000e-04
1.64889936e+06 2.23835000e-04
1.64926988e+06 2.15747000e-04
1.64961443e+06 2.09626000e-04
1.65006015e+06 2.03300000e-04
1.65057437e+06 1.97777000e-04
1.65110093e+06 1.93763000e-04
1.65164829e+06 1.91152000e-04
1.65227825e+06 1.89973000e-04
1.65272649e+06 1.90484000e-04
1.65317472e+06 1.92238000e-04
1.65355960e+06 1.95008000e-04
1.65394447e+06 1.99233000e-04
1.65425238e+06 2.03967000e-04
1.65452949e+06 2.09585000e-04
1.65477581e+06 2.15941000e-04
1.65499134e+06 2.22854000e-04
1.65520687e+06 2.31323000e-04
1.65539161e+06 2.40100000e-04
1.65554914e+06 2.49000000e-04
1.65569951e+06 2.59003000e-04
1.65585346e+06 2.70999000e-04
1.65597662e+06 2.82168000e-04
1.65609979e+06 2.95065000e-04
1.65622295e+06 3.09896000e-04
1.65631532e+06 3.22560000e-04
1.65640614e+06 3.36602000e-04
1.65650006e+06 3.52974000e-04
1.65659243e+06 3.71175000e-04
1.65668480e+06 3.91777000e-04
1.65677717e+06 4.15133000e-04
1.65685415e+06 4.37094000e-04
1.65693112e+06 4.61735000e-04
1.65700810e+06 4.89400000e-04
1.65708507e+06 5.20464000e-04
1.65716205e+06 5.55330000e-04
1.65721978e+06 5.84348000e-04
1.65726981e+06 6.11780000e-04
1.65733139e+06 6.48699000e-04
1.65739297e+06 6.89357000e-04
1.65745455e+06 7.34090000e-04
1.65751613e+06 7.83231000e-04
1.65757771e+06 8.37078000e-04
1.65763929e+06 8.95867000e-04
1.65770088e+06 9.59714000e-04
1.65777015e+06 1.03740800e-03
1.65784713e+06 1.13015300e-03
1.65810115e+06 1.45214100e-03
1.65817812e+06 1.54013100e-03
1.65822431e+06 1.58594900e-03
1.65827409e+06 1.62731500e-03
1.65831668e+06 1.65491800e-03
1.65836286e+06 1.67576500e-03
1.65840905e+06 1.68640500e-03
1.65843294e+06 1.68773200e-03
1.65848139e+06 1.68161700e-03
1.65852983e+06 1.66404600e-03
1.65858180e+06 1.63334900e-03
1.65863918e+06 1.58686400e-03
1.65869007e+06 1.53632300e-03
1.65876314e+06 1.45241600e-03
1.65891228e+06 1.26278600e-03
1.65903640e+06 1.10526200e-03
1.65910953e+06 1.01786500e-03
1.65917880e+06 9.40935000e-04
1.65924038e+06 8.77812000e-04
1.65930197e+06 8.19751000e-04
1.65936354e+06 7.66603000e-04
1.65942512e+06 7.18106000e-04
1.65948671e+06 6.73954000e-04
1.65954829e+06 6.33817000e-04
1.65960987e+06 5.97354000e-04
1.65966952e+06 5.65230000e-04
1.65972725e+06 5.36887000e-04
1.65979461e+06 5.06874000e-04
1.65987158e+06 4.76081000e-04
1.65994856e+06 4.48577000e-04
1.66002553e+06 4.24006000e-04
1.66010251e+06 4.02032000e-04
1.66018333e+06 3.81410000e-04
1.66027186e+06 3.61285000e-04
1.66036423e+06 3.42621000e-04
1.66045660e+06 3.26035000e-04
1.66054897e+06 3.11293000e-04
1.66064903e+06 2.97140000e-04
1.66076450e+06 2.82762000e-04
1.66088766e+06 2.69348000e-04
1.66101852e+06 2.56986000e-04
1.66116477e+06 2.45069000e-04
1.66132449e+06 2.33990000e-04
1.66147267e+06 2.25239000e-04
1.66165741e+06 2.16059000e-04
1.66184215e+06 2.08458000e-04
1.66202690e+06 2.02266000e-04
1.66221164e+06 1.97366000e-04
1.66242717e+06 1.93124000e-04
1.66261191e+06 1.90771000e-04
1.66285053e+06 1.89560000e-04
1.66285823e+06 1.89559000e-04
1.66301218e+06 1.90250000e-04
1.66316613e+06 1.92260000e-04
1.66330236e+06 1.95405000e-04
1.66341481e+06 1.99299000e-04
1.66351320e+06 2.03980000e-04
1.66360489e+06 2.09705000e-04
1.66368188e+06 2.15811000e-04
1.66375884e+06 2.23419000e-04
1.66382244e+06 2.31133000e-04
1.66387867e+06 2.39313000e-04
1.66393489e+06 2.49065000e-04
1.66397706e+06 2.57647000e-04
1.66401220e+06 2.65805000e-04
1.66405437e+06 2.77019000e-04
1.66409654e+06 2.90075000e-04
1.66413730e+06 3.04820000e-04
1.66416682e+06 3.17074000e-04
1.66419493e+06 3.30209000e-04
1.66422164e+06 3.44227000e-04
1.66424694e+06 3.59111000e-04
1.66427013e+06 3.74338000e-04
1.66429192e+06 3.90235000e-04
1.66431652e+06 4.10333000e-04
1.66433575e+06 4.27876000e-04
1.66435457e+06 4.46845000e-04
1.66437570e+06 4.70565000e-04
1.66439835e+06 4.99283000e-04
1.66441843e+06 5.28092000e-04
1.66443530e+06 5.55106000e-04
1.66445216e+06 5.85064000e-04
1.66446903e+06 6.18380000e-04
1.66448590e+06 6.55526000e-04
1.66450276e+06 6.97036000e-04
1.66451990e+06 7.44299000e-04
1.66453677e+06 7.96546000e-04
1.66455126e+06 8.46549000e-04
1.66456286e+06 8.90325000e-04
1.66457445e+06 9.37761000e-04
1.66458781e+06 9.97289000e-04
1.66460221e+06 1.06791600e-03
1.66461662e+06 1.14572900e-03
1.66463068e+06 1.22910000e-03
1.66464473e+06 1.32030300e-03
1.66465861e+06 1.41836000e-03
1.66467194e+06 1.52043500e-03
1.66468459e+06 1.62444600e-03
1.66470237e+06 1.78232700e-03
1.66471923e+06 1.94443300e-03
1.66473610e+06 2.11749400e-03
1.66476140e+06 2.39392000e-03
1.66481870e+06 3.04870300e-03
1.66483966e+06 3.27515100e-03
1.66485646e+06 3.44193000e-03
1.66487385e+06 3.59513000e-03
1.66488931e+06 3.71059500e-03
1.66490196e+06 3.78819300e-03
1.66491883e+06 3.86528800e-03
1.66493184e+06 3.90261300e-03
1.66494433e+06 3.91944600e-03
1.66494942e+06 3.92088200e-03
1.66496618e+06 3.90335400e-03
1.66497926e+06 3.86633800e-03
1.66499496e+06 3.79610000e-03
1.66500879e+06 3.71250700e-03
1.66502285e+06 3.60876300e-03
1.66503972e+06 3.46262200e-03
1.66505817e+06 3.28091800e-03
1.66508285e+06 3.01288300e-03
1.66514373e+06 2.31698900e-03
1.66516341e+06 2.10356300e-03
1.66518028e+06 1.93075600e-03
1.66519715e+06 1.76898500e-03
1.66521402e+06 1.61920900e-03
1.66523158e+06 1.47641200e-03
1.66524494e+06 1.37688600e-03
1.66525899e+06 1.28032000e-03
1.66527305e+06 1.19183400e-03
1.66528711e+06 1.11101800e-03
1.66530187e+06 1.03388000e-03
1.66531592e+06 9.67229000e-04
1.66532857e+06 9.12476000e-04
1.66534122e+06 8.62287000e-04
1.66535387e+06 8.16289000e-04
1.66536863e+06 7.67441000e-04
1.66538550e+06 7.17315000e-04
1.66540237e+06 6.72577000e-04
1.66541924e+06 6.32564000e-04
1.66543610e+06 5.96699000e-04
1.66545438e+06 5.61928000e-04
1.66547019e+06 5.34843000e-04
1.66548671e+06 5.09165000e-04
1.66549795e+06 4.93048000e-04
1.66552044e+06 4.63746000e-04
1.66554434e+06 4.36339000e-04
1.66556402e+06 4.16233000e-04
1.66558510e+06 3.96819000e-04
1.66560619e+06 3.79322000e-04
1.66562727e+06 3.63496000e-04
1.66565679e+06 3.43751000e-04
1.66568912e+06 3.24857000e-04
1.66572180e+06 3.08176000e-04
1.66575237e+06 2.94422000e-04
1.66578466e+06 2.81541000e-04
1.66582234e+06 2.68306000e-04
1.66586258e+06 2.55966000e-04
1.66590326e+06 2.45057000e-04
1.66594670e+06 2.34859000e-04
1.66599590e+06 2.24815000e-04
1.66605212e+06 2.14932000e-04
1.66611538e+06 2.05447000e-04
1.66618566e+06 1.96525000e-04
1.66626297e+06 1.88263000e-04
1.66634730e+06 1.80710000e-04
1.66644043e+06 1.73756000e-04
1.66654600e+06 1.67228000e-04
1.66666511e+06 1.61158000e-04
1.66679645e+06 1.55666000e-04
1.66694402e+06 1.50641000e-04
1.66711542e+06 1.45908000e-04
1.66730807e+06 1.41551000e-04
1.66740829e+06 1.39590000e-04
1.66766204e+06 1.35482000e-04
1.66795808e+06 1.31677000e-04
1.66834035e+06 1.27829000e-04
1.66883182e+06 1.24006000e-04
1.66939604e+06 1.20607000e-04
1.67014243e+06 1.17114000e-04
1.67105328e+06 1.13775000e-04
1.67235883e+06 1.10074000e-04
1.67390791e+06 1.06666000e-04
1.67573150e+06 1.03508000e-04
1.67808663e+06 1.00308000e-04
1.68089944e+06 9.73475000e-05
1.68423669e+06 9.46603000e-05
1.68816514e+06 9.22856000e-05
1.69239433e+06 9.04005000e-05
1.69766228e+06 8.87009000e-05
1.70437451e+06 8.72703000e-05
1.71213254e+06 8.62900000e-05
1.72224042e+06 8.57300000e-05
1.72770551e+06 8.56717000e-05
1.74141656e+06 8.61317000e-05
1.74957892e+06 8.69240000e-05
1.74964319e+06 8.72754000e-05
1.74967542e+06 8.79002000e-05
1.74970229e+06 8.89814000e-05
1.74972382e+06 9.04794000e-05
1.74974000e+06 9.21533000e-05
1.74975618e+06 9.44626000e-05
1.74976831e+06 9.67178000e-05
1.74977842e+06 9.90069000e-05
1.74978987e+06 1.02119000e-04
1.74980012e+06 1.05438000e-04
1.74980952e+06 1.08974000e-04
1.74981858e+06 1.12872000e-04
1.74982703e+06 1.16981000e-04
1.74983579e+06 1.21750000e-04
1.74984525e+06 1.27527000e-04
1.74985390e+06 1.33410000e-04
1.74986517e+06 1.41972000e-04
1.74987442e+06 1.49791000e-04
1.74988408e+06 1.58725000e-04
1.74989374e+06 1.68457000e-04
1.74990179e+06 1.77173000e-04
1.74991266e+06 1.89798000e-04
1.74992353e+06 2.03370000e-04
1.74993440e+06 2.17830000e-04
1.74994768e+06 2.36588000e-04
1.74996670e+06 2.65162000e-04
1.74999534e+06 3.10618000e-04
1.75002883e+06 3.64128000e-04
1.75005008e+06 3.96363000e-04
1.75007057e+06 4.25076000e-04
1.75009105e+06 4.50790000e-04
1.75011154e+06 4.73091000e-04
1.75012672e+06 4.87305000e-04
1.75014265e+06 5.00140000e-04
1.75016086e+06 5.12310000e-04
1.75018211e+06 5.23444000e-04
1.75020791e+06 5.33190000e-04
1.75023826e+06 5.40547000e-04
1.75027317e+06 5.45258000e-04
1.75032780e+06 5.48272000e-04
1.80006414e+06 5.03636000e-04
2.00000000e+06 3.20080000e-04
3.00000000e+06 2.30016000e-04
4.00000000e+06 2.80004000e-04
5.00000000e+06 3.49988000e-04
6.00000000e+06 3.39996000e-04
7.00000000e+06 2.99992000e-04
8.00000000e+06 2.10008000e-04
9.00000000e+06 1.70032000e-04
1.00000000e+07 2.89980000e-04
1.01410820e+07 2.94232000e-04
1.02841544e+07 2.98525000e-04
1.04292453e+07 3.02877000e-04
1.05763832e+07 3.07291000e-04
1.07255969e+07 3.11768000e-04
1.08769158e+07 3.16307000e-04
1.10000000e+07 3.20000000e-04
1.11551902e+07 3.37071000e-04
1.13125698e+07 3.54383000e-04
1.14721698e+07 3.71939000e-04
1.16340215e+07 3.89742000e-04
1.17981566e+07 4.07797000e-04
1.19646074e+07 4.26107000e-04
1.20000000e+07 4.30000000e-04
1.21692984e+07 4.35079000e-04
1.23409853e+07 4.40230000e-04
1.25150944e+07 4.45453000e-04
1.26916598e+07 4.50750000e-04
1.26916598e+07 4.50750000e-04
1.28707163e+07 4.56121000e-04
1.30000000e+07 4.60000000e-04
1.31834066e+07 4.56332000e-04
1.33694007e+07 4.52612000e-04
1.35580189e+07 4.48840000e-04
1.37492982e+07 4.45014000e-04
1.39432760e+07 4.41134000e-04
1.40000000e+07 4.40000000e-04
1.41975148e+07 4.37037000e-04
1.43978162e+07 4.34033000e-04
1.46009434e+07 4.30986000e-04
1.48069365e+07 4.27896000e-04
1.50158357e+07 4.24762000e-04
1.52276821e+07 4.21585000e-04
1.54425173e+07 4.18362000e-04
1.54425173e+07 4.18362000e-04
1.56603834e+07 4.15094000e-04
1.58813232e+07 4.11780000e-04
1.60000000e+07 4.10000000e-04
1.62257312e+07 4.06990000e-04
1.64546471e+07 4.03938000e-04
1.66867925e+07 4.00843000e-04
1.69222131e+07 3.97704000e-04
1.71609551e+07 3.94521000e-04
1.74030653e+07 3.91292000e-04
1.75000000e+07 3.90000000e-04
1.77468935e+07 3.79137000e-04
1.79972702e+07 3.68120000e-04
1.82511793e+07 3.56948000e-04
1.85086706e+07 3.45618000e-04
1.87697946e+07 3.34129000e-04
1.90346026e+07 3.22477000e-04
1.93031466e+07 3.10662000e-04
1.95754793e+07 2.98679000e-04
1.95754793e+07 2.98679000e-04
1.98516541e+07 2.86527000e-04
2.00000000e+07 2.80000000e-04
2.00000100e+07 0.00000000e+00
2.02821741e+07 0.00000000e+00
2.05683191e+07 0.00000000e+00
2.08585011e+07 0.00000000e+00
2.11527770e+07 0.00000000e+00
2.14512046e+07 0.00000000e+00
2.17538425e+07 0.00000000e+00
2.17538425e+07 0.00000000e+00
2.20607500e+07 0.00000000e+00
2.23719875e+07 0.00000000e+00
2.26876160e+07 0.00000000e+00
2.26876160e+07 0.00000000e+00
2.30076974e+07 0.00000000e+00
2.33322946e+07 0.00000000e+00
2.36614713e+07 0.00000000e+00
2.39952920e+07 0.00000000e+00
2.43338224e+07 0.00000000e+00
2.46771289e+07 0.00000000e+00
2.46771289e+07 0.00000000e+00
2.50252787e+07 0.00000000e+00
2.53783404e+07 0.00000000e+00
2.57363831e+07 0.00000000e+00
2.60994771e+07 0.00000000e+00
2.64676937e+07 0.00000000e+00
2.64676938e+07 0.00000000e+00
2.68411053e+07 0.00000000e+00
2.72197849e+07 0.00000000e+00
2.76038071e+07 0.00000000e+00
2.79932471e+07 0.00000000e+00
2.79932471e+07 0.00000000e+00
2.83881815e+07 0.00000000e+00
2.87886876e+07 0.00000000e+00
2.91948442e+07 0.00000000e+00
2.96067309e+07 0.00000000e+00
3.00244286e+07 0.00000000e+00
3.04480192e+07 0.00000000e+00
3.08775859e+07 0.00000000e+00
3.08775859e+07 0.00000000e+00
3.13132131e+07 0.00000000e+00
3.17549862e+07 0.00000000e+00
3.22029919e+07 0.00000000e+00
3.26573181e+07 0.00000000e+00
3.31180541e+07 0.00000000e+00
3.35852902e+07 0.00000000e+00
3.40591182e+07 0.00000000e+00
3.45396311e+07 0.00000000e+00
3.45396311e+07 0.00000000e+00
3.50269231e+07 0.00000000e+00
3.55210899e+07 0.00000000e+00
3.60222286e+07 0.00000000e+00
3.65304374e+07 0.00000000e+00
3.70458161e+07 0.00000000e+00
3.75684659e+07 0.00000000e+00
3.80984893e+07 0.00000000e+00
3.86359904e+07 0.00000000e+00
3.91810747e+07 0.00000000e+00
3.97338491e+07 0.00000000e+00
4.02944222e+07 0.00000000e+00
4.08629040e+07 0.00000000e+00
4.14394060e+07 0.00000000e+00
4.14394060e+07 0.00000000e+00
4.20240414e+07 0.00000000e+00
4.26169250e+07 0.00000000e+00
4.26169250e+07 0.00000000e+00
4.32181731e+07 0.00000000e+00
4.38279038e+07 0.00000000e+00
4.44462366e+07 0.00000000e+00
4.50732930e+07 0.00000000e+00
4.57091960e+07 0.00000000e+00
4.57091960e+07 0.00000000e+00
4.63540705e+07 0.00000000e+00
4.70080430e+07 0.00000000e+00
4.76712419e+07 0.00000000e+00
4.76712419e+07 0.00000000e+00
4.83437973e+07 0.00000000e+00
4.90258412e+07 0.00000000e+00
4.97175076e+07 0.00000000e+00
5.04189321e+07 0.00000000e+00
5.04189322e+07 0.00000000e+00
5.11302525e+07 0.00000000e+00
5.18516084e+07 0.00000000e+00
5.25831412e+07 0.00000000e+00
5.33249947e+07 0.00000000e+00
5.33249947e+07 0.00000000e+00
5.40773144e+07 0.00000000e+00
5.48402480e+07 0.00000000e+00
5.56139451e+07 0.00000000e+00
5.63985578e+07 0.00000000e+00
5.71942399e+07 0.00000000e+00
5.80011477e+07 0.00000000e+00
5.88194395e+07 0.00000000e+00
5.96492759e+07 0.00000000e+00
6.04908198e+07 0.00000000e+00
6.13442364e+07 0.00000000e+00
6.13442364e+07 0.00000000e+00
6.22096932e+07 0.00000000e+00
6.30873600e+07 0.00000000e+00
6.30873600e+07 0.00000000e+00
6.39774091e+07 0.00000000e+00
6.48800151e+07 0.00000000e+00
6.57953554e+07 0.00000000e+00
6.67236094e+07 0.00000000e+00
6.76649594e+07 0.00000000e+00
6.86195902e+07 0.00000000e+00
6.95876891e+07 0.00000000e+00
7.05694462e+07 0.00000000e+00
7.15650540e+07 0.00000000e+00
7.25747081e+07 0.00000000e+00
7.35986066e+07 0.00000000e+00
7.46369505e+07 0.00000000e+00
7.56899435e+07 0.00000000e+00
7.56899435e+07 0.00000000e+00
7.67577923e+07 0.00000000e+00
7.78407066e+07 0.00000000e+00
7.89388989e+07 0.00000000e+00
8.00525847e+07 0.00000000e+00
8.11819825e+07 0.00000000e+00
8.11819825e+07 0.00000000e+00
8.23273142e+07 0.00000000e+00
8.34888044e+07 0.00000000e+00
8.34888044e+07 0.00000000e+00
8.46666812e+07 0.00000000e+00
8.58611756e+07 0.00000000e+00
8.70725223e+07 0.00000000e+00
8.83009588e+07 0.00000000e+00
8.95467264e+07 0.00000000e+00
9.08100695e+07 0.00000000e+00
9.20912362e+07 0.00000000e+00
9.33904777e+07 0.00000000e+00
9.47080493e+07 0.00000000e+00
9.60442094e+07 0.00000000e+00
9.73992203e+07 0.00000000e+00
9.87733480e+07 0.00000000e+00
1.00166862e+08 0.00000000e+00
1.01580036e+08 0.00000000e+00
1.03013148e+08 0.00000000e+00
1.04466478e+08 0.00000000e+00
1.05940312e+08 0.00000000e+00
1.07434939e+08 0.00000000e+00
1.08950652e+08 0.00000000e+00
1.10487750e+08 0.00000000e+00
1.12046533e+08 0.00000000e+00
1.13627308e+08 0.00000000e+00
1.15230385e+08 0.00000000e+00
1.16856078e+08 0.00000000e+00
1.18504707e+08 0.00000000e+00
1.18504707e+08 0.00000000e+00
1.20176595e+08 0.00000000e+00
1.21872071e+08 0.00000000e+00
1.23591466e+08 0.00000000e+00
1.23591466e+08 0.00000000e+00
1.25335120e+08 0.00000000e+00
1.27103372e+08 0.00000000e+00
1.28896572e+08 0.00000000e+00
1.30715071e+08 0.00000000e+00
1.30715071e+08 0.00000000e+00
1.32559225e+08 0.00000000e+00
1.34429397e+08 0.00000000e+00
1.36325954e+08 0.00000000e+00
1.38249268e+08 0.00000000e+00
1.40199716e+08 0.00000000e+00
1.42177682e+08 0.00000000e+00
1.42177682e+08 0.00000000e+00
1.44183553e+08 0.00000000e+00
1.46217724e+08 0.00000000e+00
1.48280592e+08 0.00000000e+00
1.50000000e+08 0.00000000e+00
