3346
1.00000000e-05 5.98761950e+00
1.10303700e-05 5.70110662e+00
1.21669100e-05 5.42830364e+00
1.34205500e-05 5.16855451e+00
1.48033600e-05 4.92123461e+00
1.63286500e-05 4.68574919e+00
1.80111100e-05 4.46153195e+00
1.98669100e-05 4.24804370e+00
2.19139400e-05 4.04477105e+00
2.41718900e-05 3.85122518e+00
2.66624800e-05 3.66694065e+00
2.94097100e-05 3.49147429e+00
3.24399900e-05 3.32440415e+00
3.57825100e-05 3.16532847e+00
3.94694300e-05 3.01386469e+00
4.35362400e-05 2.86964860e+00
4.80220800e-05 2.73233336e+00
5.29701300e-05 2.60158879e+00
5.84280100e-05 2.47710045e+00
6.44482500e-05 2.35856899e+00
7.10888100e-05 2.24570936e+00
7.84135800e-05 2.13825017e+00
8.64930800e-05 2.03593299e+00
9.54050600e-05 1.93851178e+00
1.05235300e-04 1.84575226e+00
1.16078400e-04 1.75743136e+00
1.28038800e-04 1.67333669e+00
1.41231500e-04 1.59326603e+00
1.55783600e-04 1.51702681e+00
1.71835100e-04 1.44443571e+00
1.89540400e-04 1.37531815e+00
2.09070100e-04 1.30950793e+00
2.30612000e-04 1.24684679e+00
2.54373600e-04 1.18718403e+00
2.80583500e-04 1.13037619e+00
3.09493900e-04 1.07628665e+00
3.41383200e-04 1.02478534e+00
3.76558300e-04 9.75748415e-01
4.15357700e-04 9.29057945e-01
4.58154900e-04 8.84601654e-01
5.05361800e-04 8.42272633e-01
5.57432800e-04 8.01969090e-01
6.14868900e-04 7.63594105e-01
6.78223200e-04 7.27055395e-01
7.48105200e-04 6.92265091e-01
8.25187700e-04 6.59139532e-01
9.10212500e-04 6.27599057e-01
1.00399800e-03 5.97567819e-01
1.10744690e-03 5.68973599e-01
1.22155490e-03 5.41747635e-01
1.34742020e-03 5.15824454e-01
1.48625420e-03 4.91141717e-01
1.63939330e-03 4.67640067e-01
1.80831140e-03 4.45262989e-01
1.99463430e-03 4.23956671e-01
2.20015530e-03 4.03669875e-01
2.42685260e-03 3.84353817e-01
2.67690810e-03 3.65962046e-01
2.95272860e-03 3.48450334e-01
3.25696870e-03 3.31776569e-01
3.59255680e-03 3.15900655e-01
3.96272290e-03 3.00784416e-01
4.37102980e-03 2.86391500e-01
4.82140740e-03 2.72687298e-01
5.31819050e-03 2.59638858e-01
5.86616070e-03 2.47214804e-01
6.47059200e-03 2.35385266e-01
7.13730200e-03 2.24121807e-01
7.87270780e-03 2.13397356e-01
8.68388760e-03 2.03186146e-01
9.57864890e-03 1.93463653e-01
1.05656037e-02 1.84206545e-01
1.16542513e-02 1.75392628e-01
1.28550698e-02 1.67000803e-01
1.41796170e-02 1.59011027e-01
1.56406415e-02 1.51404275e-01
1.72522055e-02 1.44162518e-01
1.90298201e-02 1.37268702e-01
2.09905947e-02 1.30706717e-01
2.31534016e-02 1.24461338e-01
2.52418800e-02 1.19211995e-01
2.53000000e-02 1.19075317e-01
2.79068348e-02 1.13393087e-01
3.07822700e-02 1.07986220e-01
3.39539812e-02 1.02840357e-01
3.74524958e-02 9.79408210e-02
4.13114868e-02 9.32732760e-02
4.55680964e-02 8.88247610e-02
5.02632940e-02 8.45843480e-02
5.54422705e-02 8.05428700e-02
6.11548730e-02 7.66923790e-02
6.74560846e-02 7.30241860e-02
7.44065538e-02 6.95306120e-02
8.20731781e-02 6.62037450e-02
9.05297481e-02 6.30358570e-02
9.98576572e-02 6.00194680e-02
1.10146686e-01 5.71473800e-02
1.21495864e-01 5.44127050e-02
1.34014427e-01 5.18088740e-02
1.47822865e-01 4.93296260e-02
1.63054082e-01 4.69690060e-02
1.79854678e-01 4.47213400e-02
1.98386355e-01 4.25812290e-02
2.18827480e-01 4.05435330e-02
2.41374796e-01 3.86033570e-02
2.66245319e-01 3.67560310e-02
2.93678424e-01 3.49971020e-02
3.23938153e-01 3.33223310e-02
3.57315753e-01 3.17276910e-02
3.94132478e-01 3.02093450e-02
4.34742686e-01 2.87636270e-02
4.79537247e-01 2.73870590e-02
5.28947302e-01 2.60763650e-02
5.83448419e-01 2.48284210e-02
6.43565164e-01 2.36402050e-02
7.09876156e-01 2.25088440e-02
7.83019630e-01 2.14316520e-02
8.63699584e-01 2.04059840e-02
9.52692555e-01 1.94292100e-02
1.05085509e+00 1.84990220e-02
1.15913199e+00 1.76134690e-02
1.27856542e+00 1.67714480e-02
1.42025333e+00 1.59135940e-02
1.57756539e+00 1.50986290e-02
1.75238785e+00 1.43248480e-02
1.94648825e+00 1.35909740e-02
2.16219395e+00 1.28955590e-02
2.40168586e+00 1.22355250e-02
2.68652296e+00 1.15682930e-02
2.98423775e+00 1.09761430e-02
3.29172450e+00 1.04507110e-02
3.63089376e+00 9.95044300e-03
4.00500998e+00 9.47412800e-03
4.41767399e+00 9.02059500e-03
4.87285764e+00 8.58876900e-03
5.37494203e+00 8.17763100e-03
5.92875966e+00 7.78621300e-03
6.53964097e+00 7.41350500e-03
7.21346563e+00 7.05863700e-03
7.95671913e+00 6.72078200e-03
8.77655520e+00 6.39910500e-03
9.68086468e+00 6.09282300e-03
1.06783514e+01 5.80121800e-03
1.17786162e+01 5.52355700e-03
1.29922489e+01 5.25916300e-03
1.43309306e+01 5.00743900e-03
1.58075460e+01 4.76777900e-03
1.74363073e+01 4.53950900e-03
1.92328912e+01 4.32165800e-03
2.10659881e+01 4.12893700e-03
2.30749305e+01 3.94478800e-03
2.52742142e+01 3.76862800e-03
2.78783921e+01 3.58826400e-03
3.07508966e+01 3.41651200e-03
3.39193752e+01 3.25300200e-03
3.74143241e+01 3.09732800e-03
4.12693820e+01 2.94907100e-03
4.55216532e+01 2.80789000e-03
5.02120655e+01 2.67351300e-03
5.53857636e+01 2.54558200e-03
6.10925437e+01 2.42376900e-03
6.73873331e+01 2.30775200e-03
7.43307184e+01 2.19732200e-03
8.19895289e+01 2.09217100e-03
9.04374799e+01 1.99205600e-03
9.97558819e+01 1.89674800e-03
1.10034424e+02 1.80600500e-03
1.21372035e+02 1.71964500e-03
1.33877839e+02 1.63740800e-03
1.47672204e+02 1.55911200e-03
1.62887897e+02 1.48457000e-03
1.79671369e+02 1.41365500e-03
1.98184159e+02 1.34612300e-03
2.18604450e+02 1.28179500e-03
2.41128786e+02 1.22058200e-03
2.65973961e+02 1.16231400e-03
2.93379106e+02 1.10684500e-03
3.23607995e+02 1.05404300e-03
3.56951575e+02 1.00378500e-03
3.93730777e+02 9.55949000e-04
4.34299595e+02 9.10415000e-04
4.79048501e+02 8.67075000e-04
5.28203730e+02 8.25990000e-04
5.82344029e+02 7.86923000e-04
6.41279753e+02 7.50197000e-04
7.07355263e+02 7.14613000e-04
7.79441278e+02 6.81181000e-04
8.65817310e+02 6.46641000e-04
9.48338808e+02 6.18229000e-04
1.04475452e+03 5.89455000e-04
1.15240284e+03 5.61702000e-04
1.27114291e+03 5.35317000e-04
1.40185814e+03 5.10267000e-04
1.54425420e+03 4.86738000e-04
1.70336944e+03 4.64091000e-04
1.89213324e+03 4.41018000e-04
2.08709287e+03 4.20591000e-04
2.30214056e+03 4.01201000e-04
2.53934610e+03 3.82790000e-04
2.80099258e+03 3.65310000e-04
3.08959831e+03 3.48731000e-04
3.40794109e+03 3.33014000e-04
3.75908495e+03 3.18120000e-04
4.17732751e+03 3.02980000e-04
4.60774659e+03 2.89666000e-04
5.08251475e+03 2.77131000e-04
5.65009430e+03 2.64404000e-04
6.22856036e+03 2.53419000e-04
6.85141640e+03 2.43381000e-04
7.54916237e+03 2.33893000e-04
8.28970817e+03 2.25532000e-04
9.07538290e+03 2.18250000e-04
9.66194791e+03 2.13821000e-04
1.04045809e+04 2.09753000e-04
1.10042835e+04 2.07799000e-04
1.13429380e+04 2.07262000e-04
1.17744330e+04 2.07891000e-04
1.21090087e+04 2.09477000e-04
1.24218215e+04 2.12355000e-04
1.26777000e+04 2.16070000e-04
1.28565595e+04 2.19774000e-04
1.30379424e+04 2.24792000e-04
1.32218843e+04 2.31376000e-04
1.33575992e+04 2.37762000e-04
1.34842367e+04 2.45284000e-04
1.35968432e+04 2.53581000e-04
1.36954188e+04 2.62431000e-04
1.37693505e+04 2.70296000e-04
1.38432822e+04 2.79482000e-04
1.39172139e+04 2.90252000e-04
1.39772000e+04 3.00422000e-04
1.40372440e+04 3.12148000e-04
1.40944757e+04 3.25074000e-04
1.41517074e+04 3.40054000e-04
1.42089392e+04 3.57476000e-04
1.42470937e+04 3.70773000e-04
1.42960998e+04 3.90196000e-04
1.43328544e+04 4.06780000e-04
1.43710499e+04 4.26179000e-04
1.44099660e+04 4.48652000e-04
1.44488821e+04 4.74315000e-04
1.44833312e+04 5.00217000e-04
1.45177803e+04 5.29683000e-04
1.45463687e+04 5.57359000e-04
1.45749571e+04 5.88255000e-04
1.45978278e+04 6.15867000e-04
1.46206986e+04 6.46425000e-04
1.46426019e+04 6.78787000e-04
1.46645052e+04 7.14628000e-04
1.46865048e+04 7.54639000e-04
1.47085043e+04 7.99301000e-04
1.47306434e+04 8.49663000e-04
1.47527825e+04 9.06212000e-04
1.47714624e+04 9.59661000e-04
1.47901422e+04 1.01938100e-03
1.48076290e+04 1.08159100e-03
1.48251157e+04 1.15071300e-03
1.48419179e+04 1.22518800e-03
1.48573512e+04 1.30123800e-03
1.48727846e+04 1.38614800e-03
1.48875210e+04 1.47560100e-03
1.49019090e+04 1.57370800e-03
1.49162971e+04 1.68255400e-03
1.49268747e+04 1.77136800e-03
1.49374522e+04 1.86820700e-03
1.49480298e+04 1.97394200e-03
1.49586074e+04 2.08986200e-03
1.49683307e+04 2.20672800e-03
1.49780541e+04 2.33464500e-03
1.49877774e+04 2.47490000e-03
1.49975007e+04 2.62941100e-03
1.50056799e+04 2.77190800e-03
1.50138592e+04 2.92723500e-03
1.50220384e+04 3.09669800e-03
1.50302177e+04 3.28173100e-03
1.50383969e+04 3.48531100e-03
1.50460958e+04 3.69597700e-03
1.50535546e+04 3.91998900e-03
1.50610134e+04 4.16608000e-03
1.50684722e+04 4.43713500e-03
1.50759310e+04 4.73645400e-03
1.50835037e+04 5.07307300e-03
1.50913042e+04 5.46114800e-03
1.50965046e+04 5.74643200e-03
1.51017050e+04 6.05546800e-03
1.51069053e+04 6.39091700e-03
1.51121057e+04 6.75580300e-03
1.51173061e+04 7.15360400e-03
1.51225064e+04 7.58852800e-03
1.51287899e+04 8.17096100e-03
1.51329789e+04 8.59892600e-03
1.51371679e+04 9.06288200e-03
1.51413569e+04 9.56622600e-03
1.51455458e+04 1.01125170e-02
1.51497348e+04 1.07069510e-02
1.51539238e+04 1.13567240e-02
1.51576472e+04 1.19872190e-02
1.51625340e+04 1.29007780e-02
1.51674208e+04 1.39261360e-02
1.51706787e+04 1.46800260e-02
1.51739365e+04 1.54969320e-02
1.51771944e+04 1.63845220e-02
1.51804522e+04 1.73523350e-02
1.51833683e+04 1.82955420e-02
1.51872298e+04 1.96715040e-02
1.51910914e+04 2.12126690e-02
1.51936657e+04 2.23445560e-02
1.51962401e+04 2.35706730e-02
1.51988144e+04 2.49022650e-02
1.52013888e+04 2.63526470e-02
1.52037924e+04 2.78275780e-02
1.52060253e+04 2.93147260e-02
1.52082582e+04 3.09274440e-02
1.52104911e+04 3.26801590e-02
1.52127240e+04 3.45896830e-02
1.52149569e+04 3.66758080e-02
1.52171899e+04 3.89617940e-02
1.52194228e+04 4.14750010e-02
1.52214057e+04 4.39231820e-02
1.52231385e+04 4.62508920e-02
1.52248714e+04 4.87756150e-02
1.52266043e+04 5.15211480e-02
1.52283372e+04 5.45151090e-02
1.52300701e+04 5.77898160e-02
1.52318029e+04 6.13832530e-02
1.52335358e+04 6.53405720e-02
1.52351038e+04 6.92800840e-02
1.52365071e+04 7.31348880e-02
1.52379103e+04 7.73433960e-02
1.52393135e+04 8.19545800e-02
1.52407167e+04 8.70274280e-02
1.52421199e+04 9.26335010e-02
1.52435231e+04 9.88609950e-02
1.52449263e+04 1.05819532e-01
1.52461577e+04 1.12636641e-01
1.52472172e+04 1.19126342e-01
1.52482768e+04 1.26288426e-01
1.52493363e+04 1.34233264e-01
1.52503959e+04 1.43095021e-01
1.52514554e+04 1.53037094e-01
1.52522501e+04 1.61320802e-01
1.52530447e+04 1.70422896e-01
1.52538394e+04 1.80458718e-01
1.52544683e+04 1.89149874e-01
1.52551963e+04 2.00143924e-01
1.52559242e+04 2.12265051e-01
1.52566522e+04 2.25662421e-01
1.52573802e+04 2.40504592e-01
1.52581081e+04 2.56981789e-01
1.52588361e+04 2.75306855e-01
1.52595641e+04 2.95718436e-01
1.52602025e+04 3.15546413e-01
1.52607515e+04 3.34189792e-01
1.52613004e+04 3.54451114e-01
1.52618494e+04 3.76474751e-01
1.52623983e+04 4.00416496e-01
1.52629473e+04 4.26440380e-01
1.52634962e+04 4.54721554e-01
1.52640451e+04 4.85444371e-01
1.52645301e+04 5.14770469e-01
1.52651614e+04 5.56263571e-01
1.52657928e+04 6.01798183e-01
1.52664242e+04 6.51705933e-01
1.52670555e+04 7.06328299e-01
1.52676869e+04 7.66012696e-01
1.52683034e+04 8.29525372e-01
1.52689200e+04 8.98528449e-01
1.52695366e+04 9.73345237e-01
1.52701532e+04 1.05428859e+00
1.52707698e+04 1.14165672e+00
1.52713418e+04 1.22870037e+00
1.52720748e+04 1.34899474e+00
1.52728078e+04 1.47945790e+00
1.52735409e+04 1.62037514e+00
1.52743334e+04 1.78470096e+00
1.52751853e+04 1.97532831e+00
1.52760373e+04 2.18030628e+00
1.52768892e+04 2.39924615e+00
1.52778561e+04 2.66376404e+00
1.52789380e+04 2.97810798e+00
1.52802904e+04 3.39386694e+00
1.52825892e+04 4.13679289e+00
1.52847974e+04 4.85124425e+00
1.52860592e+04 5.23816171e+00
1.52871538e+04 5.55026239e+00
1.52880811e+04 5.79183934e+00
1.52890083e+04 6.00796516e+00
1.52899356e+04 6.19470701e+00
1.52908629e+04 6.34857046e+00
1.52917901e+04 6.46661170e+00
1.52927174e+04 6.54653436e+00
1.52936447e+04 6.58676644e+00
1.52941083e+04 6.59171892e+00
1.52949374e+04 6.57526812e+00
1.52957664e+04 6.52663232e+00
1.52965955e+04 6.44658503e+00
1.52974245e+04 6.33639073e+00
1.52985299e+04 6.14559428e+00
1.52996353e+04 5.90946661e+00
1.53007407e+04 5.63422492e+00
1.53018461e+04 5.32684125e+00
1.53029515e+04 4.99476123e+00
1.53047955e+04 4.40647000e+00
1.53075614e+04 3.50788784e+00
1.53087585e+04 3.13412307e+00
1.53096483e+04 2.86776944e+00
1.53107605e+04 2.55181238e+00
1.53114278e+04 2.37241321e+00
1.53121876e+04 2.17814807e+00
1.53129475e+04 1.99498412e+00
1.53137073e+04 1.82319982e+00
1.53144671e+04 1.66291087e+00
1.53150993e+04 1.53827494e+00
1.53157315e+04 1.42147273e+00
1.53163637e+04 1.31234617e+00
1.53169959e+04 1.21069507e+00
1.53176282e+04 1.11627098e+00
1.53182218e+04 1.03393413e+00
1.53187962e+04 9.59863647e-01
1.53193707e+04 8.91051102e-01
1.53199451e+04 8.27240336e-01
1.53205195e+04 7.68172217e-01
1.53211416e+04 7.09243935e-01
1.53216200e+04 6.67295948e-01
1.53220983e+04 6.28103957e-01
1.53225766e+04 5.91518521e-01
1.53230550e+04 5.57392971e-01
1.53235333e+04 5.25584088e-01
1.53240117e+04 4.95952676e-01
1.53244900e+04 4.68364039e-01
1.53250282e+04 4.39600609e-01
1.53256264e+04 4.10261927e-01
1.53262246e+04 3.83466106e-01
1.53268228e+04 3.58996457e-01
1.53274210e+04 3.36650181e-01
1.53280192e+04 3.16238351e-01
1.53286173e+04 2.97585721e-01
1.53292155e+04 2.80530391e-01
1.53298894e+04 2.63044476e-01
1.53306390e+04 2.45518313e-01
1.53313885e+04 2.29786260e-01
1.53321381e+04 2.15635159e-01
1.53328877e+04 2.02875563e-01
1.53336372e+04 1.91341081e-01
1.53343868e+04 1.80884857e-01
1.53351363e+04 1.71378740e-01
1.53359977e+04 1.61482869e-01
1.53369709e+04 1.51450092e-01
1.53379441e+04 1.42463295e-01
1.53389172e+04 1.34372566e-01
1.53398904e+04 1.27052944e-01
1.53408636e+04 1.20400140e-01
1.53418367e+04 1.14326988e-01
1.53428099e+04 1.08760459e-01
1.53440422e+04 1.02343958e-01
1.53447878e+04 9.87638840e-02
1.53462792e+04 9.21994890e-02
1.53477705e+04 8.63249510e-02
1.53492619e+04 8.10376180e-02
1.53507532e+04 7.62547450e-02
1.53522446e+04 7.19089950e-02
1.53537359e+04 6.79447450e-02
1.53552272e+04 6.43156840e-02
1.53569009e+04 6.05939960e-02
1.53585747e+04 5.71993970e-02
1.53602484e+04 5.40930530e-02
1.53619221e+04 5.12421340e-02
1.53635958e+04 4.86185020e-02
1.53652695e+04 4.61979730e-02
1.53677800e+04 4.29027820e-02
1.53698311e+04 4.04731050e-02
1.53722595e+04 3.78614300e-02
1.53746879e+04 3.55011860e-02
1.53771164e+04 3.33604750e-02
1.53795448e+04 3.14123400e-02
1.53819732e+04 2.96337280e-02
1.53844016e+04 2.80048500e-02
1.53868300e+04 2.65088550e-02
1.53894047e+04 2.50520930e-02
1.53921256e+04 2.36417670e-02
1.53948466e+04 2.23499600e-02
1.53975675e+04 2.11638670e-02
1.54002885e+04 2.00720410e-02
1.54030094e+04 1.90642460e-02
1.54070908e+04 1.76908910e-02
1.54098118e+04 1.68570130e-02
1.54131517e+04 1.59129030e-02
1.54164916e+04 1.50478200e-02
1.54198316e+04 1.42533940e-02
1.54231715e+04 1.35218520e-02
1.54281814e+04 1.25271610e-02
1.54331913e+04 1.16389760e-02
1.54365312e+04 1.10992320e-02
1.54407107e+04 1.04767330e-02
1.54448901e+04 9.90686800e-03
1.54490696e+04 9.38379000e-03
1.54532491e+04 8.90238400e-03
1.54595182e+04 8.24762100e-03
1.54657874e+04 7.66230200e-03
1.54699669e+04 7.30689600e-03
1.54748646e+04 6.92288900e-03
1.54797623e+04 6.57031200e-03
1.54871089e+04 6.09133800e-03
1.54944555e+04 5.66328200e-03
1.55018021e+04 5.27980600e-03
1.55091487e+04 4.93514000e-03
1.55172984e+04 4.59224100e-03
1.55254481e+04 4.28537100e-03
1.55335978e+04 4.00955200e-03
1.55417475e+04 3.76067300e-03
1.55498971e+04 3.53539400e-03
1.55585125e+04 3.31967500e-03
1.55673607e+04 3.11962800e-03
1.55762090e+04 2.93851000e-03
1.55850572e+04 2.77301100e-03
1.55939054e+04 2.62162600e-03
1.56047906e+04 2.45303300e-03
1.56147634e+04 2.31349700e-03
1.56247362e+04 2.18643700e-03
1.56347090e+04 2.07043800e-03
1.56449644e+04 1.96135700e-03
1.56555025e+04 1.85899500e-03
1.56660407e+04 1.76535900e-03
1.56818478e+04 1.63879900e-03
1.56938081e+04 1.55263400e-03
1.57057685e+04 1.47394500e-03
1.57177288e+04 1.40211900e-03
1.57347766e+04 1.30956700e-03
1.57500392e+04 1.23503100e-03
1.57653017e+04 1.16753900e-03
1.57798545e+04 1.10936900e-03
1.57893198e+04 1.07387900e-03
1.58082503e+04 1.00916700e-03
1.58283172e+04 9.48067000e-04
1.58483841e+04 8.93216000e-04
1.58617620e+04 8.59743000e-04
1.58838929e+04 8.09405000e-04
1.59060238e+04 7.64622000e-04
1.59285220e+04 7.23752000e-04
1.59510202e+04 6.86795000e-04
1.59660190e+04 6.64136000e-04
1.59890290e+04 6.32344000e-04
1.60120390e+04 6.03558000e-04
1.60394721e+04 5.72702000e-04
1.60669052e+04 5.45092000e-04
1.61003389e+04 5.15021000e-04
1.61337726e+04 4.88423000e-04
1.61696807e+04 4.63176000e-04
1.62055888e+04 4.40826000e-04
1.62439714e+04 4.19701000e-04
1.62823539e+04 4.00988000e-04
1.63236889e+04 3.83017000e-04
1.63630555e+04 3.67821000e-04
1.64102956e+04 3.51699000e-04
1.64713051e+04 3.33588000e-04
1.65323146e+04 3.18021000e-04
1.65933241e+04 3.04562000e-04
1.66543337e+04 2.92868000e-04
1.67356797e+04 2.79465000e-04
1.68144837e+04 2.68404000e-04
1.68932876e+04 2.58911000e-04
1.69894000e+04 2.49051000e-04
1.71034316e+04 2.39238000e-04
1.72238265e+04 2.30641000e-04
1.73595444e+04 2.22624000e-04
1.74952624e+04 2.15967000e-04
1.76649098e+04 2.09120000e-04
1.78389000e+04 2.03367000e-04
1.80493930e+04 1.97707000e-04
1.83040374e+04 1.92269000e-04
1.86263159e+04 1.86887000e-04
1.89658697e+04 1.82532000e-04
1.94450533e+04 1.77881000e-04
1.99599757e+04 1.74183000e-04
2.06507000e+04 1.70561000e-04
2.16890466e+04 1.67051000e-04
2.31573750e+04 1.64486000e-04
2.42472497e+04 1.63653000e-04
2.53536986e+04 1.64141000e-04
2.64060328e+04 1.65759000e-04
2.73654495e+04 1.68491000e-04
2.81430508e+04 1.71772000e-04
2.87726791e+04 1.75354000e-04
2.93974310e+04 1.79944000e-04
2.99611530e+04 1.85234000e-04
3.05105000e+04 1.91644000e-04
3.09409482e+04 1.97827000e-04
3.13774693e+04 2.05386000e-04
3.18022610e+04 2.14198000e-04
3.21606753e+04 2.23141000e-04
3.25047577e+04 2.33355000e-04
3.27996855e+04 2.43606000e-04
3.30454587e+04 2.53427000e-04
3.33403865e+04 2.67102000e-04
3.35974966e+04 2.81058000e-04
3.37941879e+04 2.93206000e-04
3.40056646e+04 3.08058000e-04
3.41916234e+04 3.22880000e-04
3.43775822e+04 3.39653000e-04
3.45635409e+04 3.58716000e-04
3.47449244e+04 3.79920000e-04
3.48922646e+04 3.99355000e-04
3.50396047e+04 4.21200000e-04
3.51869449e+04 4.45741000e-04
3.53342851e+04 4.73533000e-04
3.54521572e+04 4.98448000e-04
3.55700293e+04 5.26165000e-04
3.56907532e+04 5.57791000e-04
3.57820090e+04 5.84288000e-04
3.58732649e+04 6.13343000e-04
3.59645207e+04 6.45241000e-04
3.60557766e+04 6.80368000e-04
3.61470324e+04 7.19170000e-04
3.62382882e+04 7.62170000e-04
3.63295441e+04 8.09920000e-04
3.64002134e+04 8.50663000e-04
3.64708826e+04 8.95213000e-04
3.65415519e+04 9.43982000e-04
3.66122212e+04 9.97514000e-04
3.66828905e+04 1.05644500e-03
3.67535598e+04 1.12152500e-03
3.68242291e+04 1.19363100e-03
3.68948983e+04 1.27371500e-03
3.69564429e+04 1.35099600e-03
3.70179874e+04 1.43640400e-03
3.70795320e+04 1.53099300e-03
3.71410765e+04 1.63614700e-03
3.72026210e+04 1.75352100e-03
3.72641656e+04 1.88493100e-03
3.73195398e+04 2.01710700e-03
3.73749140e+04 2.16443800e-03
3.74225752e+04 2.30557300e-03
3.74702365e+04 2.46203100e-03
3.75178978e+04 2.63586600e-03
3.75655590e+04 2.82970100e-03
3.76120236e+04 3.04091700e-03
3.76584882e+04 3.27674300e-03
3.76895748e+04 3.45063200e-03
3.77206613e+04 3.64029200e-03
3.77534536e+04 3.85851400e-03
3.77862459e+04 4.09752000e-03
3.78190381e+04 4.36012500e-03
3.78518304e+04 4.64944700e-03
3.78836979e+04 4.95979600e-03
3.79155655e+04 5.30303900e-03
3.79469085e+04 5.67727800e-03
3.79782515e+04 6.09281500e-03
3.80083828e+04 6.53799300e-03
3.80385141e+04 7.03569400e-03
3.80695957e+04 7.61189300e-03
3.80903167e+04 8.03665200e-03
3.81110377e+04 8.49748400e-03
3.81305304e+04 8.96508800e-03
3.81487948e+04 9.44382800e-03
3.81670591e+04 9.96274700e-03
3.81853235e+04 1.05251380e-02
3.82028580e+04 1.11101300e-02
3.82196627e+04 1.17189670e-02
3.82364673e+04 1.23812980e-02
3.82532720e+04 1.31020710e-02
3.82697341e+04 1.38711160e-02
3.82858537e+04 1.46921700e-02
3.83019733e+04 1.55891060e-02
3.83180928e+04 1.65712500e-02
3.83340587e+04 1.76387510e-02
3.83498708e+04 1.88015070e-02
3.83656829e+04 2.00838180e-02
3.83814950e+04 2.15019760e-02
3.83973236e+04 2.30749600e-02
3.84131687e+04 2.48219680e-02
3.84250525e+04 2.62700050e-02
3.84369364e+04 2.78523770e-02
3.84488202e+04 2.95835860e-02
3.84615029e+04 3.16150460e-02
3.84745851e+04 3.39367150e-02
3.84876672e+04 3.65230010e-02
3.85007494e+04 3.94155140e-02
3.85094708e+04 4.15379670e-02
3.85181922e+04 4.38352410e-02
3.85300233e+04 4.72664550e-02
3.85412288e+04 5.08938960e-02
3.85524344e+04 5.49498660e-02
3.85599048e+04 5.79355200e-02
3.85673751e+04 6.11757680e-02
3.85748455e+04 6.46978260e-02
3.85823158e+04 6.85321770e-02
3.85914121e+04 7.36672600e-02
3.86005084e+04 7.93816340e-02
3.86065725e+04 8.35658370e-02
3.86126367e+04 8.80940200e-02
3.86187009e+04 9.30044860e-02
3.86247651e+04 9.83384650e-02
3.86308293e+04 1.04140839e-01
3.86384227e+04 1.12139972e-01
3.86460161e+04 1.21064157e-01
3.86510783e+04 1.27606137e-01
3.86561406e+04 1.34688152e-01
3.86612029e+04 1.42370556e-01
3.86662651e+04 1.50718666e-01
3.86713274e+04 1.59807465e-01
3.86758272e+04 1.68578958e-01
3.86803270e+04 1.78075881e-01
3.86848268e+04 1.88378406e-01
3.86893266e+04 1.99576990e-01
3.86938264e+04 2.11774410e-01
3.86983262e+04 2.25087493e-01
3.87028260e+04 2.39648912e-01
3.87073258e+04 2.55608676e-01
3.87125495e+04 2.76116703e-01
3.87160320e+04 2.91115728e-01
3.87195145e+04 3.07300721e-01
3.87229971e+04 3.24794489e-01
3.87264796e+04 3.43733981e-01
3.87299621e+04 3.64268417e-01
3.87334446e+04 3.86557998e-01
3.87366764e+04 4.08963323e-01
3.87411479e+04 4.42984398e-01
3.87441289e+04 4.67812462e-01
3.87471099e+04 4.94530075e-01
3.87500909e+04 5.23296586e-01
3.87530719e+04 5.54278466e-01
3.87560529e+04 5.87646971e-01
3.87590339e+04 6.23574788e-01
3.87630753e+04 6.76673756e-01
3.87671167e+04 7.35190281e-01
3.87711581e+04 7.99468354e-01
3.87751995e+04 8.69753460e-01
3.87792409e+04 9.46141363e-01
3.87833189e+04 1.02928092e+00
3.87874151e+04 1.11848337e+00
3.87928766e+04 1.24477760e+00
3.88063446e+04 1.56926096e+00
3.88122099e+04 1.70031283e+00
3.88161201e+04 1.77775978e+00
3.88200303e+04 1.84394720e+00
3.88229630e+04 1.88459095e+00
3.88258956e+04 1.91643621e+00
3.88288283e+04 1.93870645e+00
3.88317610e+04 1.95085311e+00
3.88337161e+04 1.95317038e+00
3.88374794e+04 1.94454454e+00
3.88412428e+04 1.91908728e+00
3.88450062e+04 1.87785041e+00
3.88487695e+04 1.82246851e+00
3.88525329e+04 1.75503535e+00
3.88562963e+04 1.67795081e+00
3.88613141e+04 1.56452705e+00
3.88763441e+04 1.20319567e+00
3.88813149e+04 1.09026187e+00
3.88850431e+04 1.01048823e+00
3.88887712e+04 9.35562168e-01
3.88924994e+04 8.65758404e-01
3.88965481e+04 7.95824920e-01
3.89007571e+04 7.29471588e-01
3.89049661e+04 6.69293330e-01
3.89091751e+04 6.14894087e-01
3.89133841e+04 5.65828950e-01
3.89161901e+04 5.35853000e-01
3.89193107e+04 5.04888398e-01
3.89224314e+04 4.76239663e-01
3.89255520e+04 4.49722276e-01
3.89286726e+04 4.25160113e-01
3.89317933e+04 4.02387999e-01
3.89364742e+04 3.71259909e-01
3.89411552e+04 3.43375299e-01
3.89449633e+04 3.22815398e-01
3.89487714e+04 3.03962105e-01
3.89525796e+04 2.86644382e-01
3.89563877e+04 2.70705393e-01
3.89601958e+04 2.56005188e-01
3.89640039e+04 2.42422801e-01
3.89678121e+04 2.29854509e-01
3.89716202e+04 2.18209770e-01
3.89761848e+04 2.05353157e-01
3.89807494e+04 1.93573403e-01
3.89853140e+04 1.82751775e-01
3.89898786e+04 1.72786850e-01
3.89944432e+04 1.63594390e-01
3.89990079e+04 1.55102676e-01
3.90058548e+04 1.43540028e-01
3.90108440e+04 1.35905055e-01
3.90162578e+04 1.28286025e-01
3.90216716e+04 1.21282801e-01
3.90270854e+04 1.14824433e-01
3.90324992e+04 1.08854156e-01
3.90379131e+04 1.03328969e-01
3.90460338e+04 9.57942560e-02
3.90514476e+04 9.12199750e-02
3.90581775e+04 8.59776900e-02
3.90649074e+04 8.11791830e-02
3.90716373e+04 7.67761480e-02
3.90783673e+04 7.27189990e-02
3.90850972e+04 6.89646780e-02
3.90951921e+04 6.38401690e-02
3.91052869e+04 5.92650020e-02
3.91142250e+04 5.56184810e-02
3.91231631e+04 5.23048030e-02
3.91321012e+04 4.92786960e-02
3.91410392e+04 4.65051750e-02
3.91499773e+04 4.39564860e-02
3.91589154e+04 4.16116160e-02
3.91678534e+04 3.94562550e-02
3.91808604e+04 3.66059830e-02
3.91930670e+04 3.41968100e-02
3.92052736e+04 3.20155250e-02
3.92174803e+04 3.00351980e-02
3.92296869e+04 2.82329310e-02
3.92418935e+04 2.65902100e-02
3.92551292e+04 2.49699470e-02
3.92683649e+04 2.34960390e-02
3.92816006e+04 2.21503960e-02
3.92948363e+04 2.09152330e-02
3.93080720e+04 1.97785600e-02
3.93206946e+04 1.87793050e-02
3.93371161e+04 1.75898730e-02
3.93535376e+04 1.65112780e-02
3.93699591e+04 1.55296010e-02
3.93866712e+04 1.46181270e-02
3.94036741e+04 1.37717210e-02
3.94206770e+04 1.29983510e-02
3.94376799e+04 1.22892610e-02
3.94552603e+04 1.16151100e-02
3.94734182e+04 1.09757120e-02
3.94915762e+04 1.03904730e-02
3.95097341e+04 9.85092900e-03
3.95337300e+04 9.19876200e-03
3.95561053e+04 8.64884100e-03
3.95784806e+04 8.14754300e-03
3.96058563e+04 7.59155600e-03
3.96332320e+04 7.09486900e-03
3.96514824e+04 6.78757300e-03
3.96848005e+04 6.27785400e-03
3.97070125e+04 5.97030000e-03
3.97403305e+04 5.55193300e-03
3.97732740e+04 5.18061900e-03
3.98062174e+04 4.84623400e-03
3.98406758e+04 4.53117200e-03
3.98751343e+04 4.24587800e-03
3.98981065e+04 4.07024900e-03
3.99330699e+04 3.82465400e-03
3.99680333e+04 3.60137700e-03
4.00029967e+04 3.39779200e-03
4.00379601e+04 3.21176500e-03
4.00766085e+04 3.02444500e-03
4.01152568e+04 2.85407200e-03
4.01618233e+04 2.66747400e-03
4.02083899e+04 2.49923800e-03
4.02591898e+04 2.33416800e-03
4.03099896e+04 2.18578400e-03
4.03632574e+04 2.04582800e-03
4.04165251e+04 1.91984200e-03
4.04763738e+04 1.79262100e-03
4.05362225e+04 1.67836500e-03
4.06018295e+04 1.56611700e-03
4.06674365e+04 1.46562000e-03
4.07330435e+04 1.37535000e-03
4.07986505e+04 1.29396000e-03
4.08663837e+04 1.21804400e-03
4.09383691e+04 1.14526500e-03
4.10136957e+04 1.07661200e-03
4.10890223e+04 1.01466800e-03
4.11643488e+04 9.58605000e-04
4.12396754e+04 9.07703000e-04
4.13150020e+04 8.61343000e-04
4.13903285e+04 8.18999000e-04
4.14656551e+04 7.80248000e-04
4.15519668e+04 7.39756000e-04
4.16492636e+04 6.98424000e-04
4.17465604e+04 6.61111000e-04
4.18438573e+04 6.27331000e-04
4.19411541e+04 5.96653000e-04
4.20384509e+04 5.68704000e-04
4.21357477e+04 5.43173000e-04
4.22330445e+04 5.19827000e-04
4.23759355e+04 4.88947000e-04
4.25015923e+04 4.64632000e-04
4.26586632e+04 4.37490000e-04
4.28157342e+04 4.13494000e-04
4.29728052e+04 3.92118000e-04
4.31612904e+04 3.69473000e-04
4.33680897e+04 3.47751000e-04
4.35709461e+04 3.29125000e-04
4.37738025e+04 3.12673000e-04
4.40172301e+04 2.95406000e-04
4.42606578e+04 2.80360000e-04
4.45040854e+04 2.67179000e-04
4.47948284e+04 2.53457000e-04
4.50779000e+04 2.41861000e-04
4.53712297e+04 2.31360000e-04
4.56856304e+04 2.21526000e-04
4.60524311e+04 2.11584000e-04
4.64651130e+04 2.02025000e-04
4.68712757e+04 1.93951000e-04
4.73318000e+04 1.86099000e-04
4.78866826e+04 1.78136000e-04
4.84282329e+04 1.71591000e-04
4.90400925e+04 1.65348000e-04
4.97319600e+04 1.59455000e-04
5.05260373e+04 1.53814000e-04
5.14510827e+04 1.48455000e-04
5.23541916e+04 1.44174000e-04
5.34830776e+04 1.39764000e-04
5.47925000e+04 1.35654000e-04
5.62956745e+04 1.31911000e-04
5.80451948e+04 1.28439000e-04
6.04087000e+04 1.24820000e-04
6.46993739e+04 1.20354000e-04
6.84285072e+04 1.17537000e-04
7.27924180e+04 1.15115000e-04
7.79884207e+04 1.13020000e-04
8.50851757e+04 1.11055000e-04
9.54688527e+04 1.09458000e-04
1.05722700e+05 1.08818000e-04
1.15923650e+05 1.09721000e-04
1.22477209e+05 1.11203000e-04
1.25392743e+05 1.12295000e-04
1.28239627e+05 1.13701000e-04
1.31471639e+05 1.16038000e-04
1.33916930e+05 1.18454000e-04
1.36027996e+05 1.21215000e-04
1.37902392e+05 1.24394000e-04
1.39464389e+05 1.27777000e-04
1.40911285e+05 1.31670000e-04
1.42187594e+05 1.35962000e-04
1.43322090e+05 1.40647000e-04
1.44314775e+05 1.45614000e-04
1.45286955e+05 1.51513000e-04
1.46071045e+05 1.57200000e-04
1.46839414e+05 1.63821000e-04
1.47498015e+05 1.70499000e-04
1.48167334e+05 1.78463000e-04
1.48762364e+05 1.86802000e-04
1.49272391e+05 1.95091000e-04
1.49782417e+05 2.04664000e-04
1.50207439e+05 2.13812000e-04
1.50674930e+05 2.25384000e-04
1.51057348e+05 2.36246000e-04
1.51439766e+05 2.48621000e-04
1.51822184e+05 2.62784000e-04
1.52140866e+05 2.76235000e-04
1.52459547e+05 2.91418000e-04
1.52767769e+05 3.08109000e-04
1.53069016e+05 3.26590000e-04
1.53310013e+05 3.43243000e-04
1.53551011e+05 3.61836000e-04
1.53792009e+05 3.82661000e-04
1.54033006e+05 4.06087000e-04
1.54274004e+05 4.32530000e-04
1.54454752e+05 4.54726000e-04
1.54635500e+05 4.79159000e-04
1.54816249e+05 5.06324000e-04
1.54996997e+05 5.36392000e-04
1.55177745e+05 5.70068000e-04
1.55358494e+05 6.07582000e-04
1.55539242e+05 6.49859000e-04
1.55719990e+05 6.97548000e-04
1.55840489e+05 7.32838000e-04
1.55960988e+05 7.71449000e-04
1.56081486e+05 8.13699000e-04
1.56195960e+05 8.57639000e-04
1.56310434e+05 9.05578000e-04
1.56418883e+05 9.55365000e-04
1.56527332e+05 1.00991200e-03
1.56635781e+05 1.06980400e-03
1.56744230e+05 1.13574500e-03
1.56852679e+05 1.20855400e-03
1.56961128e+05 1.28921600e-03
1.57069577e+05 1.37889100e-03
1.57178026e+05 1.47883200e-03
1.57268400e+05 1.57121600e-03
1.57358774e+05 1.67254700e-03
1.57431074e+05 1.76143200e-03
1.57503373e+05 1.85812900e-03
1.57575672e+05 1.96333500e-03
1.57647972e+05 2.07804000e-03
1.57720271e+05 2.20338600e-03
1.57792570e+05 2.34069300e-03
1.57864869e+05 2.49147700e-03
1.57937169e+05 2.65750100e-03
1.58009468e+05 2.84080000e-03
1.58081767e+05 3.04375700e-03
1.58154067e+05 3.26908800e-03
1.58226366e+05 3.51950000e-03
1.58289628e+05 3.76218000e-03
1.58352890e+05 4.03109800e-03
1.58420670e+05 4.35072300e-03
1.58465858e+05 4.58540000e-03
1.58533638e+05 4.97336300e-03
1.58588622e+05 5.32178000e-03
1.58643605e+05 5.70506900e-03
1.58697177e+05 6.11880800e-03
1.58747924e+05 6.55271400e-03
1.58798671e+05 7.02436400e-03
1.58848947e+05 7.54225900e-03
1.58898989e+05 8.11117100e-03
1.58949030e+05 8.73364100e-03
1.58987156e+05 9.25301800e-03
1.59025283e+05 9.81229000e-03
1.59063409e+05 1.04143080e-02
1.59101536e+05 1.10629030e-02
1.59139663e+05 1.17611360e-02
1.59177789e+05 1.25108130e-02
1.59215916e+05 1.33142600e-02
1.59254042e+05 1.41765600e-02
1.59314109e+05 1.56488030e-02
1.59374176e+05 1.72597160e-02
1.59414221e+05 1.84095560e-02
1.59618808e+05 2.45934390e-02
1.59672884e+05 2.60986660e-02
1.59708935e+05 2.69852030e-02
1.59744986e+05 2.77431100e-02
1.59777446e+05 2.82991170e-02
1.59806314e+05 2.86797010e-02
1.59835182e+05 2.89411480e-02
1.59864050e+05 2.90780490e-02
1.59878485e+05 2.90958110e-02
1.59908745e+05 2.90223950e-02
1.59939005e+05 2.88087260e-02
1.59969266e+05 2.84588910e-02
1.59999526e+05 2.79809050e-02
1.60032207e+05 2.73360170e-02
1.60081227e+05 2.61757740e-02
1.60130248e+05 2.48340550e-02
1.60333589e+05 1.87000540e-02
1.60392191e+05 1.70247700e-02
1.60450793e+05 1.54718930e-02
1.60489861e+05 1.45093580e-02
1.60527988e+05 1.36307110e-02
1.60566115e+05 1.28086080e-02
1.60604241e+05 1.20407320e-02
1.60642368e+05 1.13256550e-02
1.60680494e+05 1.06613030e-02
1.60718621e+05 1.00440480e-02
1.60756747e+05 9.47036000e-03
1.60794874e+05 8.93782700e-03
1.60833001e+05 8.44389000e-03
1.60871127e+05 7.98516000e-03
1.60909254e+05 7.55861700e-03
1.60947380e+05 7.16324100e-03
1.60990602e+05 6.74903200e-03
1.61033824e+05 6.36600300e-03
1.61077046e+05 6.01186200e-03
1.61120268e+05 5.68471700e-03
1.61181412e+05 5.26413400e-03
1.61242555e+05 4.88644000e-03
1.61296515e+05 4.58354300e-03
1.61350475e+05 4.30904300e-03
1.61386448e+05 4.13784600e-03
1.61454229e+05 3.84239300e-03
1.61522009e+05 3.57659000e-03
1.61585271e+05 3.35216600e-03
1.61648533e+05 3.14823500e-03
1.61720832e+05 2.93706700e-03
1.61793132e+05 2.74622400e-03
1.61865431e+05 2.57353400e-03
1.61937730e+05 2.41678700e-03
1.62010030e+05 2.27418700e-03
1.62082329e+05 2.14407700e-03
1.62154628e+05 2.02511600e-03
1.62226927e+05 1.91605900e-03
1.62299227e+05 1.81592600e-03
1.62371526e+05 1.72409600e-03
1.62479975e+05 1.59933200e-03
1.62588424e+05 1.48787600e-03
1.62696873e+05 1.38825700e-03
1.62805322e+05 1.29891300e-03
1.62913771e+05 1.21850600e-03
1.63022220e+05 1.14588900e-03
1.63130669e+05 1.08008800e-03
1.63239118e+05 1.02029400e-03
1.63347567e+05 9.65813000e-04
1.63456016e+05 9.16094000e-04
1.63579527e+05 8.64633000e-04
1.63703038e+05 8.17646000e-04
1.63823537e+05 7.75900000e-04
1.63944036e+05 7.37805000e-04
1.64094660e+05 6.94761000e-04
1.64245283e+05 6.55655000e-04
1.64426031e+05 6.13814000e-04
1.64606780e+05 5.76594000e-04
1.64787528e+05 5.43175000e-04
1.64968276e+05 5.13312000e-04
1.65149024e+05 4.86314000e-04
1.65329772e+05 4.62010000e-04
1.65510521e+05 4.39924000e-04
1.65751519e+05 4.13592000e-04
1.65992516e+05 3.90251000e-04
1.66233514e+05 3.69486000e-04
1.66464732e+05 3.51660000e-04
1.66715509e+05 3.34320000e-04
1.66956507e+05 3.19371000e-04
1.67279557e+05 3.01615000e-04
1.67607766e+05 2.85739000e-04
1.67935974e+05 2.71766000e-04
1.68264183e+05 2.59421000e-04
1.68674444e+05 2.45890000e-04
1.69084705e+05 2.34183000e-04
1.69494966e+05 2.23947000e-04
1.69925566e+05 2.14605000e-04
1.70437526e+05 2.04975000e-04
1.71032549e+05 1.95541000e-04
1.71552866e+05 1.88523000e-04
1.72203264e+05 1.81105000e-04
1.72857099e+05 1.74978000e-04
1.73524685e+05 1.69825000e-04
1.74248927e+05 1.65406000e-04
1.75010940e+05 1.61878000e-04
1.75772953e+05 1.59520000e-04
1.76468685e+05 1.58355000e-04
1.76881033e+05 1.58186000e-04
1.77499555e+05 1.58762000e-04
1.78118076e+05 1.60524000e-04
1.78574901e+05 1.62820000e-04
1.79031725e+05 1.66188000e-04
1.79397184e+05 1.69915000e-04
1.79721382e+05 1.74209000e-04
1.80004318e+05 1.78930000e-04
1.80287254e+05 1.84795000e-04
1.80499456e+05 1.90127000e-04
1.80711658e+05 1.96489000e-04
1.80934352e+05 2.04482000e-04
1.81082815e+05 2.10736000e-04
1.81231277e+05 2.17914000e-04
1.81376154e+05 2.25953000e-04
1.81517446e+05 2.34981000e-04
1.81672899e+05 2.46525000e-04
1.81821312e+05 2.59406000e-04
1.81932622e+05 2.70571000e-04
1.82043932e+05 2.83241000e-04
1.82139341e+05 2.95559000e-04
1.82234749e+05 3.09457000e-04
1.82332747e+05 3.25633000e-04
1.82430744e+05 3.44064000e-04
1.82512840e+05 3.61572000e-04
1.82594935e+05 3.81214000e-04
1.82660612e+05 3.98826000e-04
1.82726288e+05 4.18425000e-04
1.82798576e+05 4.42556000e-04
1.82870863e+05 4.69789000e-04
1.82938646e+05 4.98658000e-04
1.83006429e+05 5.31310000e-04
1.83066104e+05 5.63619000e-04
1.83125780e+05 5.99927000e-04
1.83186144e+05 6.41692000e-04
1.83227306e+05 6.73357000e-04
1.83268468e+05 7.08034000e-04
1.83309630e+05 7.46109000e-04
1.83347691e+05 7.84523000e-04
1.83382652e+05 8.23008000e-04
1.83417612e+05 8.65191000e-04
1.83452573e+05 9.11403000e-04
1.83486785e+05 9.60944000e-04
1.83520250e+05 1.01406700e-03
1.83553714e+05 1.07243200e-03
1.83587178e+05 1.13675800e-03
1.83622702e+05 1.21249400e-03
1.83650889e+05 1.27871700e-03
1.83679076e+05 1.35090300e-03
1.83707264e+05 1.43018400e-03
1.83735451e+05 1.51756300e-03
1.83763085e+05 1.61209800e-03
1.83789614e+05 1.71221600e-03
1.83816142e+05 1.82277000e-03
1.83842671e+05 1.94529300e-03
1.83869199e+05 2.08150300e-03
1.83895727e+05 2.23319600e-03
1.83920152e+05 2.38904300e-03
1.83944576e+05 2.56256900e-03
1.83969001e+05 2.75677100e-03
1.83985284e+05 2.89959800e-03
1.84001567e+05 3.05444900e-03
1.84017850e+05 3.22271000e-03
1.84032860e+05 3.39105300e-03
1.84053465e+05 3.64554800e-03
1.84074071e+05 3.93069100e-03
1.84087808e+05 4.13986800e-03
1.84101545e+05 4.36643200e-03
1.84115282e+05 4.61286300e-03
1.84129019e+05 4.88182500e-03
1.84141453e+05 5.14702100e-03
1.84158150e+05 5.53978100e-03
1.84174847e+05 5.98004600e-03
1.84185978e+05 6.30335900e-03
1.84197109e+05 6.65371600e-03
1.84208240e+05 7.03459200e-03
1.84219371e+05 7.44988300e-03
1.84229718e+05 7.87051100e-03
1.84239280e+05 8.29232300e-03
1.84248842e+05 8.74952100e-03
1.84258405e+05 9.24614600e-03
1.84267967e+05 9.78682300e-03
1.84277529e+05 1.03768110e-02
1.84287091e+05 1.10221530e-02
1.84296654e+05 1.17298250e-02
1.84305060e+05 1.24097840e-02
1.84315934e+05 1.33804360e-02
1.84323183e+05 1.40917210e-02
1.84330432e+05 1.48606850e-02
1.84337682e+05 1.56937000e-02
1.84344931e+05 1.65980670e-02
1.84352181e+05 1.75821590e-02
1.84359430e+05 1.86554180e-02
1.84367939e+05 2.00433930e-02
1.84376448e+05 2.15887320e-02
1.84384957e+05 2.33147530e-02
1.84390630e+05 2.45792420e-02
1.84396303e+05 2.59455050e-02
1.84401976e+05 2.74239550e-02
1.84407472e+05 2.89742690e-02
1.84412792e+05 3.05962630e-02
1.84418111e+05 3.23493610e-02
1.84423431e+05 3.42461240e-02
1.84428751e+05 3.63002020e-02
1.84434070e+05 3.85263340e-02
1.84439390e+05 4.09402880e-02
1.84444710e+05 4.35587100e-02
1.84449518e+05 4.61158250e-02
1.84455962e+05 4.98508070e-02
1.84462407e+05 5.39671860e-02
1.84468852e+05 5.84958060e-02
1.84475297e+05 6.34647240e-02
1.84481741e+05 6.88964710e-02
1.84489052e+05 7.56363580e-02
1.84496362e+05 8.29932780e-02
1.84503672e+05 9.09440750e-02
1.84510982e+05 9.94319150e-02
1.84520729e+05 1.11413187e-01
1.84540863e+05 1.36999264e-01
1.84549492e+05 1.47383001e-01
1.84558120e+05 1.56761372e-01
1.84563873e+05 1.62216255e-01
1.84569905e+05 1.67078101e-01
1.84576218e+05 1.71075241e-01
1.84582530e+05 1.73828720e-01
1.84588842e+05 1.75245773e-01
1.84591998e+05 1.75436154e-01
1.84598617e+05 1.74704832e-01
1.84605236e+05 1.72471398e-01
1.84611855e+05 1.68819094e-01
1.84618474e+05 1.63881198e-01
1.84625093e+05 1.57831269e-01
1.84631712e+05 1.50871272e-01
1.84640538e+05 1.40550826e-01
1.84658189e+05 1.18225773e-01
1.84669111e+05 1.04511494e-01
1.84677790e+05 9.41705200e-02
1.84684300e+05 8.68730230e-02
1.84690810e+05 8.00278700e-02
1.84697319e+05 7.36637580e-02
1.84703798e+05 6.78170500e-02
1.84710276e+05 6.24506290e-02
1.84716755e+05 5.75477200e-02
1.84723233e+05 5.30840420e-02
1.84729711e+05 4.90304910e-02
1.84736561e+05 4.51557750e-02
1.84743597e+05 4.15763290e-02
1.84750632e+05 3.83620900e-02
1.84757667e+05 3.54741290e-02
1.84764703e+05 3.28765900e-02
1.84769393e+05 3.12899510e-02
1.84775521e+05 2.93746820e-02
1.84781649e+05 2.76216330e-02
1.84787778e+05 2.60144220e-02
1.84793906e+05 2.45383690e-02
1.84800034e+05 2.31804080e-02
1.84806163e+05 2.19289780e-02
1.84812291e+05 2.07738540e-02
1.84818419e+05 1.97059500e-02
1.84825591e+05 1.85560700e-02
1.84832763e+05 1.75029010e-02
1.84839935e+05 1.65360650e-02
1.84847107e+05 1.56464480e-02
1.84854279e+05 1.48260460e-02
1.84861451e+05 1.40679800e-02
1.84872209e+05 1.30348920e-02
1.84880201e+05 1.23393320e-02
1.84889013e+05 1.16352710e-02
1.84897826e+05 1.09900960e-02
1.84906638e+05 1.03972830e-02
1.84915450e+05 9.85118200e-03
1.84924263e+05 9.34698100e-03
1.84937481e+05 8.66058700e-03
1.84946293e+05 8.24463900e-03
1.84957449e+05 7.76044400e-03
1.84968605e+05 7.31849400e-03
1.84979761e+05 6.91383500e-03
1.84990916e+05 6.54209900e-03
1.85002072e+05 6.19962300e-03
1.85013228e+05 5.88349000e-03
1.85029961e+05 5.45343400e-03
1.85042550e+05 5.16091800e-03
1.85056573e+05 4.86260500e-03
1.85070595e+05 4.59001000e-03
1.85084617e+05 4.34024800e-03
1.85098640e+05 4.11086900e-03
1.85112662e+05 3.89974100e-03
1.85126684e+05 3.70497100e-03
1.85147718e+05 3.43992000e-03
1.85166882e+05 3.22339800e-03
1.85186047e+05 3.02754800e-03
1.85205212e+05 2.84940800e-03
1.85224376e+05 2.68696900e-03
1.85243541e+05 2.53875300e-03
1.85262705e+05 2.40309200e-03
1.85281870e+05 2.27840900e-03
1.85301034e+05 2.16351600e-03
1.85320465e+05 2.05607600e-03
1.85349610e+05 1.91014200e-03
1.85378755e+05 1.78015000e-03
1.85407901e+05 1.66378000e-03
1.85437046e+05 1.55922200e-03
1.85465627e+05 1.46674900e-03
1.85493079e+05 1.38611500e-03
1.85520532e+05 1.31254900e-03
1.85547984e+05 1.24530600e-03
1.85584587e+05 1.16392200e-03
1.85620181e+05 1.09289000e-03
1.85654766e+05 1.03062200e-03
1.85689351e+05 9.74150000e-04
1.85723936e+05 9.22759000e-04
1.85760660e+05 8.73133000e-04
1.85799524e+05 8.25532000e-04
1.85838388e+05 7.82306000e-04
1.85877252e+05 7.42931000e-04
1.85916102e+05 7.07015000e-04
1.85954938e+05 6.74269000e-04
1.85993775e+05 6.43921000e-04
1.86052030e+05 6.02965000e-04
1.86097849e+05 5.74022000e-04
1.86166576e+05 5.35197000e-04
1.86235304e+05 5.01065000e-04
1.86301997e+05 4.71955000e-04
1.86368691e+05 4.45957000e-04
1.86413153e+05 4.30118000e-04
1.86481467e+05 4.07996000e-04
1.86549782e+05 3.88153000e-04
1.86619783e+05 3.69857000e-04
1.86689785e+05 3.53391000e-04
1.86777287e+05 3.35029000e-04
1.86864789e+05 3.18654000e-04
1.86969791e+05 3.01329000e-04
1.87074793e+05 2.86119000e-04
1.87176500e+05 2.73112000e-04
1.87278206e+05 2.61581000e-04
1.87413815e+05 2.48079000e-04
1.87549423e+05 2.36356000e-04
1.87707633e+05 2.24545000e-04
1.87840416e+05 2.15963000e-04
1.87973200e+05 2.08264000e-04
1.88148361e+05 1.99437000e-04
1.88323522e+05 1.91799000e-04
1.88498683e+05 1.85170000e-04
1.88732231e+05 1.77563000e-04
1.88958480e+05 1.71285000e-04
1.89184730e+05 1.65907000e-04
1.89486396e+05 1.59825000e-04
1.89788062e+05 1.54729000e-04
1.90133693e+05 1.49849000e-04
1.90523288e+05 1.45297000e-04
1.91010282e+05 1.40682000e-04
1.91497276e+05 1.36938000e-04
1.92126227e+05 1.33088000e-04
1.92880968e+05 1.29481000e-04
1.93834848e+05 1.26014000e-04
1.94972104e+05 1.22961000e-04
1.96319243e+05 1.20304000e-04
1.97998304e+05 1.17913000e-04
2.00280507e+05 1.15664000e-04
2.03261591e+05 1.13730000e-04
2.06603671e+05 1.12314000e-04
2.11883188e+05 1.11029000e-04
2.23633111e+05 1.10158000e-04
2.36825921e+05 1.10987000e-04
2.49814662e+05 1.12898000e-04
2.58590832e+05 1.14812000e-04
2.65610187e+05 1.16686000e-04
2.74137000e+05 1.19685000e-04
2.82393347e+05 1.23361000e-04
2.89078060e+05 1.27022000e-04
2.95830793e+05 1.31490000e-04
3.01877523e+05 1.36374000e-04
3.07086802e+05 1.41433000e-04
3.11619956e+05 1.46760000e-04
3.15295180e+05 1.51947000e-04
3.18472968e+05 1.57460000e-04
3.20749899e+05 1.62292000e-04
3.22640943e+05 1.67188000e-04
3.24403357e+05 1.72874000e-04
3.25867582e+05 1.78967000e-04
3.26891204e+05 1.84354000e-04
3.27829455e+05 1.90518000e-04
3.28596967e+05 1.96816000e-04
3.29236561e+05 2.03297000e-04
3.29741237e+05 2.09437000e-04
3.30224918e+05 2.16517000e-04
3.30708600e+05 2.25097000e-04
3.31071361e+05 2.32822000e-04
3.31434122e+05 2.41997000e-04
3.31796883e+05 2.52988000e-04
3.32038724e+05 2.61601000e-04
3.32280565e+05 2.71529000e-04
3.32522406e+05 2.83030000e-04
3.32764247e+05 2.96431000e-04
3.32945627e+05 3.08028000e-04
3.33119450e+05 3.20644000e-04
3.33293273e+05 3.34982000e-04
3.33477677e+05 3.52467000e-04
3.33622781e+05 3.68200000e-04
3.33767886e+05 3.86058000e-04
3.33912990e+05 4.06388000e-04
3.34058095e+05 4.29633000e-04
3.34179015e+05 4.51675000e-04
3.34299936e+05 4.76459000e-04
3.34396672e+05 4.98747000e-04
3.34493408e+05 5.23587000e-04
3.34590144e+05 5.51301000e-04
3.34686881e+05 5.82333000e-04
3.34783617e+05 6.17210000e-04
3.34880353e+05 6.56499000e-04
3.34972177e+05 6.98682000e-04
3.35064001e+05 7.46418000e-04
3.35142930e+05 7.92860000e-04
3.35221859e+05 8.44571000e-04
3.35302677e+05 9.04343000e-04
3.35359075e+05 9.50657000e-04
3.35415474e+05 1.00105200e-03
3.35471872e+05 1.05610600e-03
3.35525388e+05 1.11348000e-03
3.35576024e+05 1.17288300e-03
3.35626659e+05 1.23775000e-03
3.35677294e+05 1.30870100e-03
3.35726796e+05 1.38457000e-03
3.35775164e+05 1.46560500e-03
3.35823532e+05 1.55422100e-03
3.35871901e+05 1.65125600e-03
3.35920269e+05 1.75763100e-03
3.35968637e+05 1.87435900e-03
3.36017005e+05 2.00253600e-03
3.36065373e+05 2.14333300e-03
3.36113742e+05 2.29797900e-03
3.36162110e+05 2.46771900e-03
3.36210478e+05 2.65376300e-03
3.36258846e+05 2.85719400e-03
3.36311749e+05 3.10053200e-03
3.36354827e+05 3.31516800e-03
3.36397904e+05 3.54537800e-03
3.36455342e+05 3.87440000e-03
3.36538828e+05 4.38282900e-03
3.36669074e+05 5.19194900e-03
3.36721173e+05 5.49167100e-03
3.36767387e+05 5.72520400e-03
3.36802047e+05 5.87300200e-03
3.36836708e+05 5.99310400e-03
3.36871368e+05 6.08200900e-03
3.36906028e+05 6.13566700e-03
3.36937289e+05 6.15109500e-03
3.36971623e+05 6.13218300e-03
3.37005957e+05 6.07707500e-03
3.37040291e+05 5.98741600e-03
3.37074625e+05 5.86559900e-03
3.37120404e+05 5.66174600e-03
3.37170283e+05 5.39897200e-03
3.37220163e+05 5.10636100e-03
3.37386428e+05 4.07367500e-03
3.37440087e+05 3.75523400e-03
3.37493745e+05 3.45686900e-03
3.37547404e+05 3.18081600e-03
3.37601062e+05 2.92752600e-03
3.37649430e+05 2.71865900e-03
3.37697799e+05 2.52768800e-03
3.37746167e+05 2.35337800e-03
3.37794535e+05 2.19452400e-03
3.37842903e+05 2.04988500e-03
3.37891271e+05 1.91822400e-03
3.37939639e+05 1.79835300e-03
3.37988008e+05 1.68915100e-03
3.38036376e+05 1.58958000e-03
3.38084744e+05 1.49869500e-03
3.38133112e+05 1.41563200e-03
3.38181480e+05 1.33962300e-03
3.38236556e+05 1.26077000e-03
3.38291631e+05 1.18929200e-03
3.38346706e+05 1.12479400e-03
3.38401782e+05 1.06577900e-03
3.38475751e+05 9.94364000e-04
3.38549720e+05 9.30925000e-04
3.38625815e+05 8.72705000e-04
3.38706161e+05 8.18112000e-04
3.38786507e+05 7.69881000e-04
3.38858068e+05 7.31075000e-04
3.38902846e+05 7.08564000e-04
3.38992403e+05 6.67689000e-04
3.39082715e+05 6.31057000e-04
3.39173027e+05 5.98518000e-04
3.39272787e+05 5.66399000e-04
3.39372546e+05 5.37972000e-04
3.39439052e+05 5.20652000e-04
3.39544857e+05 4.95718000e-04
3.39650663e+05 4.73641000e-04
3.39791233e+05 4.47572000e-04
3.39907619e+05 4.28819000e-04
3.39977148e+05 4.18377000e-04
3.40116206e+05 3.99682000e-04
3.40273403e+05 3.81267000e-04
3.40430599e+05 3.65280000e-04
3.40604422e+05 3.49833000e-04
3.40778245e+05 3.36445000e-04
3.40956603e+05 3.24497000e-04
3.41137984e+05 3.13878000e-04
3.41379824e+05 3.01742000e-04
3.41621665e+05 2.91467000e-04
3.41863506e+05 2.82763000e-04
3.42226267e+05 2.71997000e-04
3.42589028e+05 2.63364000e-04
3.42951789e+05 2.56424000e-04
3.43435471e+05 2.49162000e-04
3.43919153e+05 2.43633000e-04
3.44515874e+05 2.38595000e-04
3.45217756e+05 2.34508000e-04
3.45919638e+05 2.31922000e-04
3.46916769e+05 2.29918000e-04
3.47644407e+05 2.29470000e-04
3.48889680e+05 2.30226000e-04
3.50134953e+05 2.32132000e-04
3.51621188e+05 2.35904000e-04
3.53192660e+05 2.41276000e-04
3.54731568e+05 2.47827000e-04
3.56121957e+05 2.55003000e-04
3.57512347e+05 2.63288000e-04
3.59020553e+05 2.73929000e-04
3.60360861e+05 2.85076000e-04
3.61701168e+05 2.98063000e-04
3.62773415e+05 3.10135000e-04
3.63659100e+05 3.21537000e-04
3.64707786e+05 3.36703000e-04
3.65730026e+05 3.53892000e-04
3.66667062e+05 3.72094000e-04
3.67487049e+05 3.90387000e-04
3.68329580e+05 4.11761000e-04
3.69055062e+05 4.32806000e-04
3.69757249e+05 4.55936000e-04
3.70396013e+05 4.79756000e-04
3.71048368e+05 5.06989000e-04
3.71553557e+05 5.30783000e-04
3.72113028e+05 5.59991000e-04
3.72647194e+05 5.91197000e-04
3.73201803e+05 6.27689000e-04
3.73749897e+05 6.68383000e-04
3.74278263e+05 7.12725000e-04
3.74771393e+05 7.59317000e-04
3.75128015e+05 7.96650000e-04
3.75579729e+05 8.48905000e-04
3.75938775e+05 8.94774000e-04
3.76346256e+05 9.52465000e-04
3.76732819e+05 1.01252100e-03
3.77164810e+05 1.08741800e-03
3.77446065e+05 1.14093400e-03
3.77802688e+05 1.21490200e-03
3.78159310e+05 1.29612700e-03
3.78515933e+05 1.38525400e-03
3.78872556e+05 1.48297400e-03
3.79194278e+05 1.57907600e-03
3.79585802e+05 1.70668500e-03
3.79942425e+05 1.83327300e-03
3.80299048e+05 1.96991500e-03
3.80770091e+05 2.16473800e-03
3.82260474e+05 2.83192100e-03
3.82617097e+05 2.98022100e-03
3.82882320e+05 3.07959500e-03
3.83152031e+05 3.16724400e-03
3.83436710e+05 3.24180900e-03
3.83669839e+05 3.28825500e-03
3.83918949e+05 3.31988700e-03
3.84202692e+05 3.33267900e-03
3.84459020e+05 3.32228100e-03
3.84715348e+05 3.29219700e-03
3.84935939e+05 3.25095000e-03
3.85186575e+05 3.18859000e-03
3.85426092e+05 3.11531000e-03
3.85737547e+05 3.00380100e-03
3.86166150e+05 2.83018700e-03
3.87003202e+05 2.46948900e-03
3.87365928e+05 2.32357600e-03
3.87615712e+05 2.23492000e-03
3.87806207e+05 2.17742500e-03
3.87947000e+05 2.14477100e-03
3.88087792e+05 2.12379500e-03
3.88176284e+05 2.12016100e-03
3.88265423e+05 2.12743800e-03
3.88354562e+05 2.14918000e-03
3.88413987e+05 2.17559300e-03
3.88468666e+05 2.21243800e-03
3.88509676e+05 2.25037100e-03
3.88550685e+05 2.29950300e-03
3.88591695e+05 2.36359300e-03
3.88619034e+05 2.41713200e-03
3.88644467e+05 2.47647300e-03
3.88667993e+05 2.54161200e-03
3.88691519e+05 2.61885100e-03
3.88715046e+05 2.71079200e-03
3.88738572e+05 2.82100800e-03
3.88756216e+05 2.91861500e-03
3.88773861e+05 3.03197300e-03
3.88791505e+05 3.16447000e-03
3.88809150e+05 3.32056700e-03
3.88820913e+05 3.44060100e-03
3.88833004e+05 3.57997800e-03
3.88845094e+05 3.73856400e-03
3.88857185e+05 3.92014900e-03
3.88869275e+05 4.12957500e-03
3.88878343e+05 4.30866500e-03
3.88887411e+05 4.51039700e-03
3.88896479e+05 4.73917300e-03
3.88905547e+05 5.00069000e-03
3.88914615e+05 5.30247600e-03
3.88920891e+05 5.54013700e-03
3.88927399e+05 5.81663700e-03
3.88933907e+05 6.12979800e-03
3.88940415e+05 6.48737200e-03
3.88945296e+05 6.79055200e-03
3.88950177e+05 7.12937200e-03
3.88955058e+05 7.51002500e-03
3.88959939e+05 7.93993600e-03
3.88964820e+05 8.42799200e-03
3.88969701e+05 8.98478800e-03
3.88973609e+05 9.48846300e-03
3.88977516e+05 1.00516970e-02
3.88981424e+05 1.06830050e-02
3.88985331e+05 1.13920260e-02
3.88988262e+05 1.19812910e-02
3.88991193e+05 1.26253910e-02
3.88994123e+05 1.33298330e-02
3.88997054e+05 1.41005540e-02
3.88999985e+05 1.49439470e-02
3.89003660e+05 1.61150350e-02
3.89006359e+05 1.70629500e-02
3.89009057e+05 1.80923110e-02
3.89011756e+05 1.92095970e-02
3.89014455e+05 2.04216390e-02
3.89017154e+05 2.17354210e-02
3.89019852e+05 2.31583190e-02
3.89022551e+05 2.46978970e-02
3.89025964e+05 2.68238280e-02
3.89029376e+05 2.91646950e-02
3.89032789e+05 3.17365570e-02
3.89036201e+05 3.45555680e-02
3.89039613e+05 3.76376070e-02
3.89042685e+05 4.06491970e-02
3.89045586e+05 4.37101130e-02
3.89048487e+05 4.69895870e-02
3.89051389e+05 5.04951100e-02
3.89054290e+05 5.42328310e-02
3.89057322e+05 5.83932780e-02
3.89060616e+05 6.32125470e-02
3.89063911e+05 6.83464890e-02
3.89068303e+05 7.56813550e-02
3.89072695e+05 8.35676250e-02
3.89077115e+05 9.20383780e-02
3.89082649e+05 1.03355467e-01
3.89089291e+05 1.17845077e-01
3.89096771e+05 1.35071215e-01
3.89112569e+05 1.72551572e-01
3.89119590e+05 1.88553668e-01
3.89124872e+05 1.99846857e-01
3.89130155e+05 2.10233864e-01
3.89135437e+05 2.19483192e-01
3.89140719e+05 2.27379941e-01
3.89146002e+05 2.33734873e-01
3.89151284e+05 2.38391228e-01
3.89156566e+05 2.41232288e-01
3.89161848e+05 2.42185721e-01
3.89166112e+05 2.41560367e-01
3.89170375e+05 2.39698851e-01
3.89174639e+05 2.36632195e-01
3.89178903e+05 2.32410814e-01
3.89183166e+05 2.27103509e-01
3.89187430e+05 2.20795438e-01
3.89193114e+05 2.11000146e-01
3.89198799e+05 1.99867074e-01
3.89204484e+05 1.87683676e-01
3.89213550e+05 1.66819138e-01
3.89229110e+05 1.29915484e-01
3.89236744e+05 1.12591973e-01
3.89241265e+05 1.02843326e-01
3.89246917e+05 9.13228880e-02
3.89251373e+05 8.28226150e-02
3.89255631e+05 7.52123520e-02
3.89259889e+05 6.81210090e-02
3.89263083e+05 6.31477630e-02
3.89266276e+05 5.84700600e-02
3.89269270e+05 5.43511190e-02
3.89272164e+05 5.06102680e-02
3.89275057e+05 4.71007810e-02
3.89277951e+05 4.38163650e-02
3.89280845e+05 4.07497560e-02
3.89283887e+05 3.77519720e-02
3.89287226e+05 3.47169020e-02
3.89290564e+05 3.19345020e-02
3.89293903e+05 2.93901280e-02
3.89297241e+05 2.70687400e-02
3.89300579e+05 2.49552880e-02
3.89303275e+05 2.33900520e-02
3.89305971e+05 2.19428400e-02
3.89308667e+05 2.06060750e-02
3.89311363e+05 1.93724450e-02
3.89314059e+05 1.82347530e-02
3.89316755e+05 1.71862220e-02
3.89319451e+05 1.62203290e-02
3.89323048e+05 1.50495830e-02
3.89325751e+05 1.42509110e-02
3.89329355e+05 1.32839920e-02
3.89332960e+05 1.24180340e-02
3.89336564e+05 1.16420780e-02
3.89340169e+05 1.09460850e-02
3.89343773e+05 1.03210720e-02
3.89347378e+05 9.75889600e-03
3.89350982e+05 9.25233700e-03
3.89355316e+05 8.70774300e-03
3.89359651e+05 8.22441900e-03
3.89363985e+05 7.79386500e-03
3.89368319e+05 7.40880000e-03
3.89372654e+05 7.06298700e-03
3.89376988e+05 6.75112900e-03
3.89382767e+05 6.38040700e-03
3.89388546e+05 6.05318700e-03
3.89394325e+05 5.76232200e-03
3.89399589e+05 5.52412000e-03
3.89406714e+05 5.23595400e-03
3.89413838e+05 4.98080500e-03
3.89420962e+05 4.75320300e-03
3.89425711e+05 4.61460800e-03
3.89435210e+05 4.36430300e-03
3.89444708e+05 4.14438500e-03
3.89454207e+05 3.94966600e-03
3.89463706e+05 3.77610000e-03
3.89473204e+05 3.62049000e-03
3.89483518e+05 3.46889200e-03
3.89493830e+05 3.33279400e-03
3.89509300e+05 3.15312100e-03
3.89524769e+05 2.99782800e-03
3.89540239e+05 2.86248300e-03
3.89555708e+05 2.74363500e-03
3.89571178e+05 2.63857200e-03
3.89586647e+05 2.54511000e-03
3.89607273e+05 2.43550100e-03
3.89627899e+05 2.34006100e-03
3.89650885e+05 2.24745100e-03
3.89676229e+05 2.15924000e-03
3.89701574e+05 2.08284200e-03
3.89739590e+05 1.98525900e-03
3.89777607e+05 1.90372800e-03
3.89815624e+05 1.83473200e-03
3.89854626e+05 1.77421300e-03
3.89895598e+05 1.71949200e-03
3.89950229e+05 1.65676700e-03
3.90004859e+05 1.60348700e-03
3.90059490e+05 1.55790100e-03
3.90132880e+05 1.50519900e-03
3.90206269e+05 1.45946000e-03
3.90316355e+05 1.40134500e-03
3.90411196e+05 1.35819700e-03
3.90527490e+05 1.31192800e-03
3.90663553e+05 1.26433500e-03
3.90897302e+05 1.19456500e-03
3.91091845e+05 1.14406000e-03
3.91355162e+05 1.08383100e-03
3.91654589e+05 1.02352600e-03
3.91994742e+05 9.62899000e-04
3.92377353e+05 9.02519000e-04
3.92718198e+05 8.54548000e-04
3.93059043e+05 8.10896000e-04
3.93432324e+05 7.67852000e-04
3.93870478e+05 7.22057000e-04
3.94308633e+05 6.81296000e-04
3.94779854e+05 6.41817000e-04
3.95265133e+05 6.05525000e-04
3.95847468e+05 5.66948000e-04
3.96409406e+05 5.34100000e-04
3.96910861e+05 5.07824000e-04
3.97479130e+05 4.81239000e-04
3.98047400e+05 4.57265000e-04
3.98736152e+05 4.31582000e-04
3.99370185e+05 4.10579000e-04
4.00131025e+05 3.88298000e-04
4.00638251e+05 3.74951000e-04
4.01465674e+05 3.55529000e-04
4.02244673e+05 3.39234000e-04
4.03069075e+05 3.24118000e-04
4.03984280e+05 3.09133000e-04
4.04841336e+05 2.96793000e-04
4.05880002e+05 2.83610000e-04
4.06918667e+05 2.72051000e-04
4.07958912e+05 2.61903000e-04
4.09255664e+05 2.50760000e-04
4.10553995e+05 2.41099000e-04
4.12111993e+05 2.31155000e-04
4.13886970e+05 2.21565000e-04
4.15903121e+05 2.12475000e-04
4.17928519e+05 2.04895000e-04
4.20421315e+05 1.97267000e-04
4.22914112e+05 1.91151000e-04
4.25757420e+05 1.85694000e-04
4.28730637e+05 1.81412000e-04
4.31638900e+05 1.78504000e-04
4.34547163e+05 1.76743000e-04
4.37039959e+05 1.76167000e-04
4.39841992e+05 1.76632000e-04
4.42644025e+05 1.78322000e-04
4.44933815e+05 1.80859000e-04
4.47011146e+05 1.84188000e-04
4.49088476e+05 1.88792000e-04
4.50750341e+05 1.93557000e-04
4.52412205e+05 1.99523000e-04
4.53658603e+05 2.04916000e-04
4.54905002e+05 2.11397000e-04
4.56151400e+05 2.18955000e-04
4.57397798e+05 2.28001000e-04
4.58644197e+05 2.38788000e-04
4.59682862e+05 2.49404000e-04
4.60721527e+05 2.61720000e-04
4.61552459e+05 2.73075000e-04
4.62383392e+05 2.85973000e-04
4.63214324e+05 3.00638000e-04
4.64045256e+05 3.17334000e-04
4.64876188e+05 3.36336000e-04
4.65499387e+05 3.52351000e-04
4.66122586e+05 3.69878000e-04
4.66745786e+05 3.89269000e-04
4.67368985e+05 4.10392000e-04
4.67992184e+05 4.33607000e-04
4.68741692e+05 4.64037000e-04
4.69446315e+05 4.95135000e-04
4.70484981e+05 5.44863000e-04
4.72354578e+05 6.38188000e-04
4.73185510e+05 6.75766000e-04
4.73808709e+05 6.99428000e-04
4.74328042e+05 7.15457000e-04
4.74847375e+05 7.26890000e-04
4.75366707e+05 7.33286000e-04
4.75678307e+05 7.34597000e-04
4.76197639e+05 7.32284000e-04
4.76716972e+05 7.24870000e-04
4.77236305e+05 7.12496000e-04
4.77887169e+05 6.91143000e-04
4.78586569e+05 6.62681000e-04
4.79559134e+05 6.17125000e-04
4.81280099e+05 5.32763000e-04
4.82185004e+05 4.91298000e-04
4.82948964e+05 4.59007000e-04
4.83779896e+05 4.27189000e-04
4.84403095e+05 4.05636000e-04
4.85026294e+05 3.85836000e-04
4.85649493e+05 3.67938000e-04
4.86480426e+05 3.46520000e-04
4.87311358e+05 3.27698000e-04
4.88142290e+05 3.11189000e-04
4.88973222e+05 2.96705000e-04
4.89804154e+05 2.83994000e-04
4.90635086e+05 2.72830000e-04
4.91673752e+05 2.60717000e-04
4.92770250e+05 2.49869000e-04
4.93958815e+05 2.39978000e-04
4.95205214e+05 2.31310000e-04
4.96659345e+05 2.23065000e-04
4.97905743e+05 2.17203000e-04
4.99567608e+05 2.10981000e-04
5.01229472e+05 2.06185000e-04
5.02891336e+05 2.02562000e-04
5.04968667e+05 1.99408000e-04
5.07045997e+05 1.97458000e-04
5.09954260e+05 1.96482000e-04
5.12862523e+05 1.97206000e-04
5.15770786e+05 1.99419000e-04
5.18679048e+05 2.02972000e-04
5.21587311e+05 2.07880000e-04
5.24495574e+05 2.14128000e-04
5.27403836e+05 2.21888000e-04
5.29896633e+05 2.29866000e-04
5.32389430e+05 2.39339000e-04
5.34466760e+05 2.48637000e-04
5.36386328e+05 2.58776000e-04
5.38205955e+05 2.70309000e-04
5.39452353e+05 2.79572000e-04
5.40698752e+05 2.90567000e-04
5.41737417e+05 3.01525000e-04
5.42566808e+05 3.11855000e-04
5.43363732e+05 3.23607000e-04
5.44036286e+05 3.35246000e-04
5.44680194e+05 3.48552000e-04
5.45324102e+05 3.64591000e-04
5.45844875e+05 3.80196000e-04
5.46235455e+05 3.93943000e-04
5.46619144e+05 4.09624000e-04
5.47016615e+05 4.28637000e-04
5.47277002e+05 4.42991000e-04
5.47537389e+05 4.59242000e-04
5.47797776e+05 4.77708000e-04
5.48058162e+05 4.98832000e-04
5.48318549e+05 5.23168000e-04
5.48572608e+05 5.50639000e-04
5.48771062e+05 5.75272000e-04
5.48969516e+05 6.03139000e-04
5.49119238e+05 6.26723000e-04
5.49268961e+05 6.53034000e-04
5.49431702e+05 6.85083000e-04
5.49594444e+05 7.21009000e-04
5.49724637e+05 7.53316000e-04
5.49854831e+05 7.89325000e-04
5.49985024e+05 8.29518000e-04
5.50115217e+05 8.74562000e-04
5.50245411e+05 9.25245000e-04
5.50375604e+05 9.82432000e-04
5.50499186e+05 1.04396200e-03
5.50622768e+05 1.11377000e-03
5.50721367e+05 1.17650300e-03
5.50819965e+05 1.24610900e-03
5.50885698e+05 1.29733600e-03
5.50999553e+05 1.39611500e-03
5.51075457e+05 1.46963300e-03
5.51151361e+05 1.55021500e-03
5.51221708e+05 1.63145400e-03
5.51286500e+05 1.71398700e-03
5.51351292e+05 1.80431400e-03
5.51416083e+05 1.90312300e-03
5.51479603e+05 2.00916300e-03
5.51541852e+05 2.12286300e-03
5.51604101e+05 2.24753700e-03
5.51666349e+05 2.38458700e-03
5.51727123e+05 2.53190900e-03
5.51786422e+05 2.69008400e-03
5.51845721e+05 2.86441400e-03
5.51905020e+05 3.05682500e-03
5.51967396e+05 3.28110300e-03
5.52016486e+05 3.47510000e-03
5.52065575e+05 3.68666300e-03
5.52114665e+05 3.91731200e-03
5.52163754e+05 4.16868000e-03
5.52211230e+05 4.43363300e-03
5.52255478e+05 4.70196000e-03
5.52299725e+05 4.99275900e-03
5.52343973e+05 5.30777500e-03
5.52388221e+05 5.64860100e-03
5.52432469e+05 6.01682000e-03
5.52481735e+05 6.46129100e-03
5.52531000e+05 6.94278200e-03
5.52580266e+05 7.46218300e-03
5.52629532e+05 8.01963100e-03
5.52695220e+05 8.81768700e-03
5.52934717e+05 1.19088510e-02
5.52979952e+05 1.24422030e-02
5.53025186e+05 1.29128340e-02
5.53070420e+05 1.33043650e-02
5.53115655e+05 1.35996420e-02
5.53160889e+05 1.37821780e-02
5.53205788e+05 1.38426810e-02
5.53250226e+05 1.37801690e-02
5.53294664e+05 1.36011260e-02
5.53339102e+05 1.33138230e-02
5.53383539e+05 1.29325260e-02
5.53427977e+05 1.24749340e-02
5.53475324e+05 1.19226800e-02
5.53572926e+05 1.06761430e-02
5.53703062e+05 8.98076700e-03
5.53760943e+05 8.26753000e-03
5.53818824e+05 7.60109200e-03
5.53876706e+05 6.98494800e-03
5.53934587e+05 6.41934400e-03
5.53977576e+05 6.03259600e-03
5.54020565e+05 5.67407800e-03
5.54063554e+05 5.34166500e-03
5.54106544e+05 5.03369900e-03
5.54149533e+05 4.74860400e-03
5.54194066e+05 4.47577600e-03
5.54239373e+05 4.22000800e-03
5.54284679e+05 3.98427100e-03
5.54345087e+05 3.69814800e-03
5.54405495e+05 3.44104000e-03
5.54457150e+05 3.24162100e-03
5.54508805e+05 3.05926900e-03
5.54560459e+05 2.89208600e-03
5.54612114e+05 2.73853600e-03
5.54680987e+05 2.55311200e-03
5.54745461e+05 2.39718300e-03
5.54809934e+05 2.25610200e-03
5.54874408e+05 2.12814100e-03
5.54938881e+05 2.01182600e-03
5.55004828e+05 1.90356600e-03
5.55070774e+05 1.80497100e-03
5.55136720e+05 1.71506600e-03
5.55202666e+05 1.63303800e-03
5.55274660e+05 1.55123200e-03
5.55346654e+05 1.47640600e-03
5.55418648e+05 1.40798200e-03
5.55520862e+05 1.32083900e-03
5.55611520e+05 1.25188800e-03
5.55702177e+05 1.18945900e-03
5.55818301e+05 1.11843100e-03
5.55904206e+05 1.07074600e-03
5.56033063e+05 1.00782900e-03
5.56141627e+05 9.60334000e-04
5.56207238e+05 9.33669000e-04
5.56338460e+05 8.85498000e-04
5.56468654e+05 8.43117000e-04
5.56598847e+05 8.05353000e-04
5.56744094e+05 7.68007000e-04
5.56889341e+05 7.34979000e-04
5.57061440e+05 7.00283000e-04
5.57233539e+05 6.69850000e-04
5.57418658e+05 6.41157000e-04
5.57603777e+05 6.15944000e-04
5.57810866e+05 5.91337000e-04
5.58017954e+05 5.69831000e-04
5.58245793e+05 5.49102000e-04
5.58506179e+05 5.28687000e-04
5.58766566e+05 5.11125000e-04
5.59026953e+05 4.95987000e-04
5.59417533e+05 4.76851000e-04
5.59808113e+05 4.61095000e-04
5.60198693e+05 4.48085000e-04
5.60719467e+05 4.33969000e-04
5.61110047e+05 4.25319000e-04
5.61710418e+05 4.14600000e-04
5.62433605e+05 4.04509000e-04
5.63356962e+05 3.95037000e-04
5.64312513e+05 3.87923000e-04
5.65709598e+05 3.80827000e-04
5.67550054e+05 3.74937000e-04
5.70159980e+05 3.69984000e-04
5.74250814e+05 3.65440000e-04
5.78957720e+05 3.62631000e-04
5.86149557e+05 3.61550000e-04
5.87901274e+05 3.61052000e-04
5.90226540e+05 3.58290000e-04
5.92169440e+05 3.54002000e-04
5.94449481e+05 3.46545000e-04
6.00216349e+05 3.24054000e-04
6.02396811e+05 3.17600000e-04
6.03925539e+05 3.14652000e-04
6.05626732e+05 3.13347000e-04
6.06863976e+05 3.14044000e-04
6.08101220e+05 3.16177000e-04
6.09107090e+05 3.19483000e-04
6.10044120e+05 3.23894000e-04
6.11015570e+05 3.30473000e-04
6.11904956e+05 3.38683000e-04
6.12549374e+05 3.46545000e-04
6.13157111e+05 3.55731000e-04
6.13681018e+05 3.65641000e-04
6.14191874e+05 3.77580000e-04
6.14549348e+05 3.87646000e-04
6.14895621e+05 3.99282000e-04
6.15241894e+05 4.12994000e-04
6.15495332e+05 4.24805000e-04
6.15748770e+05 4.38524000e-04
6.16002209e+05 4.54532000e-04
6.16255647e+05 4.73317000e-04
6.16445726e+05 4.89697000e-04
6.16635805e+05 5.08558000e-04
6.16825883e+05 5.30369000e-04
6.17015962e+05 5.55753000e-04
6.17174361e+05 5.80279000e-04
6.17332760e+05 6.08389000e-04
6.17462647e+05 6.34880000e-04
6.17592534e+05 6.65103000e-04
6.17726645e+05 7.00817000e-04
6.17860757e+05 7.42014000e-04
6.17968691e+05 7.80005000e-04
6.18076625e+05 8.23145000e-04
6.18186465e+05 8.73703000e-04
6.18262232e+05 9.12865000e-04
6.18338000e+05 9.56253000e-04
6.18413767e+05 1.00460400e-03
6.18486164e+05 1.05596700e-03
6.18555191e+05 1.11036000e-03
6.18624218e+05 1.17101900e-03
6.18693245e+05 1.23889000e-03
6.18762586e+05 1.31522400e-03
6.18832242e+05 1.40134500e-03
6.18884484e+05 1.47361400e-03
6.18936726e+05 1.55324300e-03
6.18988968e+05 1.64108900e-03
6.19038155e+05 1.73219300e-03
6.19085814e+05 1.82941600e-03
6.19133474e+05 1.93682600e-03
6.19181134e+05 2.05575800e-03
6.19228793e+05 2.18770900e-03
6.19276532e+05 2.33472700e-03
6.19324427e+05 2.49929000e-03
6.19372323e+05 2.68367500e-03
6.19420218e+05 2.89073500e-03
6.19452149e+05 3.04278100e-03
6.19484079e+05 3.20755300e-03
6.19516009e+05 3.38660000e-03
6.19559561e+05 3.65642900e-03
6.19588596e+05 3.85468400e-03
6.19617630e+05 4.06930600e-03
6.19646665e+05 4.30173800e-03
6.19675700e+05 4.55350100e-03
6.19704735e+05 4.82625700e-03
6.19733769e+05 5.12177300e-03
6.19761814e+05 5.43052600e-03
6.19788868e+05 5.75166000e-03
6.19815923e+05 6.09719300e-03
6.19842978e+05 6.46868200e-03
6.19870032e+05 6.86758300e-03
6.19910614e+05 7.51875200e-03
6.19951196e+05 8.23248800e-03
6.19994148e+05 9.05240400e-03
6.20052995e+05 1.02586830e-02
6.20155979e+05 1.24303030e-02
6.20200114e+05 1.32794910e-02
6.20228688e+05 1.37599430e-02
6.20257262e+05 1.41655530e-02
6.20285836e+05 1.44803970e-02
6.20314410e+05 1.46908630e-02
6.20342983e+05 1.47875550e-02
6.20352508e+05 1.47935940e-02
6.20375117e+05 1.47553150e-02
6.20397725e+05 1.46446790e-02
6.20412798e+05 1.45324760e-02
6.20442943e+05 1.42220460e-02
6.20473088e+05 1.38084040e-02
6.20503233e+05 1.33089950e-02
6.20548450e+05 1.24457300e-02
6.20631247e+05 1.07110230e-02
6.20693879e+05 9.40205800e-03
6.20731458e+05 8.66117100e-03
6.20769038e+05 7.96892800e-03
6.20807255e+05 7.31974200e-03
6.20846746e+05 6.70708900e-03
6.20886237e+05 6.15204500e-03
6.20912565e+05 5.81304300e-03
6.20938893e+05 5.49759700e-03
6.20965220e+05 5.20422900e-03
6.21004712e+05 4.80233600e-03
6.21035866e+05 4.51489000e-03
6.21067020e+05 4.25120200e-03
6.21098173e+05 4.00920700e-03
6.21129327e+05 3.78691400e-03
6.21160481e+05 3.58257200e-03
6.21191635e+05 3.39473600e-03
6.21222789e+05 3.22189300e-03
6.21253943e+05 3.06234200e-03
6.21288662e+05 2.89861000e-03
6.21323382e+05 2.74838000e-03
6.21358102e+05 2.61029700e-03
6.21392822e+05 2.48315700e-03
6.21444902e+05 2.31076300e-03
6.21496982e+05 2.15772100e-03
6.21547440e+05 2.02551600e-03
6.21594653e+05 1.91439700e-03
6.21641866e+05 1.81379400e-03
6.21689080e+05 1.72237400e-03
6.21720555e+05 1.66600600e-03
6.21783507e+05 1.56308800e-03
6.21835438e+05 1.48696500e-03
6.21887369e+05 1.41794400e-03
6.21956611e+05 1.33537600e-03
6.22025853e+05 1.26206900e-03
6.22097953e+05 1.19447500e-03
6.22172912e+05 1.13225700e-03
6.22247871e+05 1.07672300e-03
6.22322830e+05 1.02714700e-03
6.22420196e+05 9.70316000e-04
6.22510026e+05 9.24274000e-04
6.22599855e+05 8.83701000e-04
6.22720733e+05 8.36221000e-04
6.22841611e+05 7.95261000e-04
6.22946881e+05 7.64161000e-04
6.23052150e+05 7.36749000e-04
6.23210054e+05 7.01738000e-04
6.23262689e+05 6.90893000e-04
6.23423464e+05 6.62242000e-04
6.23584239e+05 6.37961000e-04
6.23774317e+05 6.13887000e-04
6.23964396e+05 5.93903000e-04
6.24170315e+05 5.76043000e-04
6.24376233e+05 5.61370000e-04
6.24613832e+05 5.47543000e-04
6.24851430e+05 5.36480000e-04
6.25104868e+05 5.27228000e-04
6.25485026e+05 5.17124000e-04
6.25826111e+05 5.11090000e-04
6.26167195e+05 5.07295000e-04
6.26743803e+05 5.04932000e-04
6.27288996e+05 5.06368000e-04
6.27834188e+05 5.10424000e-04
6.28588949e+05 5.19821000e-04
6.29359253e+05 5.32624000e-04
6.29967133e+05 5.45012000e-04
6.30878952e+05 5.66937000e-04
6.31790772e+05 5.92090000e-04
6.32832625e+05 6.25074000e-04
6.33892314e+05 6.62928000e-04
6.34952003e+05 7.04955000e-04
6.35969681e+05 7.48395000e-04
6.37586983e+05 8.23435000e-04
6.40732242e+05 9.75501000e-04
6.41943963e+05 1.02860700e-03
6.43117825e+05 1.07306800e-03
6.44253154e+05 1.10769400e-03
6.46416955e+05 1.16005100e-03
6.46949583e+05 1.17829000e-03
6.47349054e+05 1.19856800e-03
6.47615368e+05 1.21786100e-03
6.47881682e+05 1.24445200e-03
6.48081417e+05 1.27143200e-03
6.48281153e+05 1.30692500e-03
6.48414310e+05 1.33709500e-03
6.48547467e+05 1.37450800e-03
6.48672301e+05 1.41775500e-03
6.48797136e+05 1.47115200e-03
6.48903245e+05 1.52686900e-03
6.49009355e+05 1.59413300e-03
6.49080095e+05 1.64688800e-03
6.49145633e+05 1.70325700e-03
6.49211171e+05 1.76787400e-03
6.49276709e+05 1.84192500e-03
6.49342247e+05 1.92670900e-03
6.49411167e+05 2.02948400e-03
6.49462856e+05 2.11725800e-03
6.49514545e+05 2.21537100e-03
6.49566235e+05 2.32493400e-03
6.49617924e+05 2.44700700e-03
6.49668963e+05 2.58092000e-03
6.49720002e+05 2.72904600e-03
6.49754028e+05 2.83592300e-03
6.49822081e+05 3.06785100e-03
6.49890133e+05 3.31997300e-03
6.50064423e+05 3.99460500e-03
6.50116710e+05 4.17586500e-03
6.50168997e+05 4.32700900e-03
6.50201564e+05 4.40073800e-03
6.50234132e+05 4.45531300e-03
6.50266699e+05 4.48884600e-03
6.50299267e+05 4.50002300e-03
6.50330312e+05 4.48946700e-03
6.50361357e+05 4.45870200e-03
6.50402751e+05 4.38802800e-03
6.50444145e+05 4.28688700e-03
6.50485538e+05 4.16118500e-03
6.50547628e+05 3.93886400e-03
6.50731150e+05 3.21220400e-03
6.50798306e+05 2.96106900e-03
6.50848673e+05 2.78728700e-03
6.50899040e+05 2.62753400e-03
6.50948315e+05 2.48474000e-03
6.50997591e+05 2.35489000e-03
6.51046866e+05 2.23724400e-03
6.51096142e+05 2.13091400e-03
6.51145417e+05 2.03482600e-03
6.51192905e+05 1.95086700e-03
6.51255030e+05 1.85262900e-03
6.51317154e+05 1.76606400e-03
6.51379279e+05 1.68953300e-03
6.51445191e+05 1.61725900e-03
6.51514891e+05 1.55013600e-03
6.51584590e+05 1.49114200e-03
6.51654289e+05 1.43898300e-03
6.51758838e+05 1.37142100e-03
6.51863387e+05 1.31336100e-03
6.51967936e+05 1.26381000e-03
6.52105254e+05 1.20913600e-03
6.52242573e+05 1.16281800e-03
6.52388064e+05 1.12126100e-03
6.52533555e+05 1.08581900e-03
6.52738905e+05 1.04349000e-03
6.52944255e+05 1.00790000e-03
6.53226464e+05 9.66953000e-04
6.53564591e+05 9.26045000e-04
6.53868630e+05 8.94753000e-04
6.54261293e+05 8.59702000e-04
6.54768429e+05 8.20368000e-04
6.55264888e+05 7.86493000e-04
6.55896775e+05 7.47479000e-04
6.56753670e+05 7.00396000e-04
6.57737670e+05 6.52221000e-04
6.58658118e+05 6.11756000e-04
6.59578566e+05 5.74673000e-04
6.60499013e+05 5.41057000e-04
6.61419461e+05 5.10112000e-04
6.62339909e+05 4.81982000e-04
6.63260356e+05 4.56047000e-04
6.64180804e+05 4.32451000e-04
6.65408068e+05 4.03893000e-04
6.66635331e+05 3.78385000e-04
6.67862595e+05 3.55575000e-04
6.69089859e+05 3.35133000e-04
6.70375296e+05 3.15928000e-04
6.71544386e+05 3.00236000e-04
6.72771649e+05 2.85322000e-04
6.74305729e+05 2.68623000e-04
6.75839808e+05 2.53874000e-04
6.77373888e+05 2.40717000e-04
6.79214783e+05 2.26799000e-04
6.81055679e+05 2.14586000e-04
6.82896574e+05 2.03821000e-04
6.84737470e+05 1.94330000e-04
6.86578365e+05 1.85796000e-04
6.88419260e+05 1.78250000e-04
6.90873787e+05 1.69338000e-04
6.93328315e+05 1.61588000e-04
6.95782842e+05 1.54827000e-04
6.98736069e+05 1.47802000e-04
7.01305528e+05 1.42618000e-04
7.03760055e+05 1.38460000e-04
7.05745241e+05 1.35812000e-04
7.07441846e+05 1.34255000e-04
7.08521171e+05 1.33896000e-04
7.09345711e+05 1.34215000e-04
7.10170250e+05 1.35328000e-04
7.10757572e+05 1.36998000e-04
7.11198064e+05 1.39017000e-04
7.11491725e+05 1.40917000e-04
7.11785385e+05 1.43448000e-04
7.12015420e+05 1.46021000e-04
7.12245454e+05 1.49281000e-04
7.12451017e+05 1.52991000e-04
7.12656580e+05 1.57665000e-04
7.12793622e+05 1.61493000e-04
7.12930663e+05 1.66096000e-04
7.13067705e+05 1.71633000e-04
7.13204747e+05 1.78318000e-04
7.13320376e+05 1.85121000e-04
7.13436005e+05 1.93243000e-04
7.13513091e+05 1.99559000e-04
7.13590177e+05 2.06798000e-04
7.13667263e+05 2.15089000e-04
7.13744349e+05 2.24656000e-04
7.13821435e+05 2.35739000e-04
7.13897030e+05 2.48319000e-04
7.13953726e+05 2.59078000e-04
7.14010422e+05 2.71222000e-04
7.14067118e+05 2.84976000e-04
7.14123814e+05 3.00585000e-04
7.14171617e+05 3.15403000e-04
7.14219419e+05 3.31961000e-04
7.14267221e+05 3.50490000e-04
7.14315024e+05 3.71222000e-04
7.14362826e+05 3.94423000e-04
7.14413240e+05 4.22046000e-04
7.14464959e+05 4.54109000e-04
7.14499439e+05 4.77742000e-04
7.14533918e+05 5.03328000e-04
7.14568398e+05 5.30965000e-04
7.14620117e+05 5.76379000e-04
7.14672338e+05 6.27006000e-04
7.14725561e+05 6.82999000e-04
7.14885231e+05 8.61039000e-04
7.14938455e+05 9.15119000e-04
7.14980733e+05 9.51442000e-04
7.15012443e+05 9.73282000e-04
7.15044152e+05 9.89520000e-04
7.15075861e+05 9.99536000e-04
7.15107569e+05 1.00294400e-03
7.15143822e+05 9.98553000e-04
7.15180075e+05 9.85534000e-04
7.15216328e+05 9.64573000e-04
7.15252581e+05 9.36778000e-04
7.15288833e+05 9.03492000e-04
7.15349254e+05 8.40049000e-04
7.15494265e+05 6.77676000e-04
7.15546902e+05 6.22332000e-04
7.15599538e+05 5.71445000e-04
7.15634629e+05 5.40218000e-04
7.15669720e+05 5.11230000e-04
7.15704811e+05 4.84414000e-04
7.15739902e+05 4.59664000e-04
7.15774993e+05 4.36865000e-04
7.15809494e+05 4.16232000e-04
7.15861246e+05 3.88344000e-04
7.15912998e+05 3.63753000e-04
7.15964750e+05 3.41958000e-04
7.16016502e+05 3.22642000e-04
7.16069804e+05 3.05023000e-04
7.16126206e+05 2.88567000e-04
7.16182608e+05 2.74062000e-04
7.16239010e+05 2.61244000e-04
7.16295412e+05 2.49871000e-04
7.16351814e+05 2.39701000e-04
7.16423547e+05 2.28272000e-04
7.16495280e+05 2.18312000e-04
7.16567013e+05 2.09633000e-04
7.16638745e+05 2.02015000e-04
7.16731891e+05 1.93346000e-04
7.16825037e+05 1.85883000e-04
7.16918182e+05 1.79536000e-04
7.17011328e+05 1.73933000e-04
7.17144087e+05 1.67117000e-04
7.17276846e+05 1.61406000e-04
7.17431018e+05 1.55897000e-04
7.17585190e+05 1.51316000e-04
7.17781576e+05 1.46492000e-04
7.17977962e+05 1.42537000e-04
7.18246539e+05 1.38239000e-04
7.18515117e+05 1.34772000e-04
7.18808778e+05 1.31753000e-04
7.19249269e+05 1.28249000e-04
7.19689761e+05 1.25573000e-04
7.20277083e+05 1.22854000e-04
7.21011235e+05 1.20310000e-04
7.22077714e+05 1.17605000e-04
7.23438711e+05 1.15085000e-04
7.25500333e+05 1.12235000e-04
7.28542661e+05 1.09066000e-04
7.32471845e+05 1.05827000e-04
7.37546307e+05 1.02398000e-04
7.44100821e+05 9.87371000e-05
7.51571324e+05 9.52945000e-05
7.60767551e+05 9.18032000e-05
7.71106383e+05 8.86282000e-05
7.82870620e+05 8.56978000e-05
7.96472575e+05 8.29982000e-05
8.10874645e+05 8.07971000e-05
8.24476600e+05 7.93181000e-05
8.37598486e+05 7.86916000e-05
8.43199291e+05 7.89261000e-05
8.48800096e+05 7.96877000e-05
8.52320602e+05 8.07206000e-05
8.55201016e+05 8.20984000e-05
8.57441338e+05 8.36694000e-05
8.59361614e+05 8.55309000e-05
8.61281890e+05 8.80468000e-05
8.62882120e+05 9.08038000e-05
8.64322327e+05 9.39357000e-05
8.65762534e+05 9.77669000e-05
8.67042718e+05 1.01772000e-04
8.70243178e+05 1.12875000e-04
8.71244506e+05 1.15721000e-04
8.72062488e+05 1.17354000e-04
8.73185953e+05 1.18248000e-04
8.74034899e+05 1.17741000e-04
8.74883845e+05 1.16295000e-04
8.75843983e+05 1.13729000e-04
8.77124167e+05 1.09344000e-04
8.79565610e+05 1.00427000e-04
8.81124742e+05 9.54263000e-05
8.82564949e+05 9.15526000e-05
8.84005156e+05 8.83684000e-05
8.85445363e+05 8.57789000e-05
8.87045593e+05 8.34423000e-05
8.88965869e+05 8.12454000e-05
8.91206191e+05 7.92893000e-05
8.94086605e+05 7.74241000e-05
8.97607111e+05 7.58002000e-05
9.02087755e+05 7.43576000e-05
9.08168629e+05 7.30314000e-05
9.16809871e+05 7.18019000e-05
9.28091493e+05 7.08189000e-05
9.36092642e+05 7.05367000e-05
9.41218379e+05 7.07563000e-05
9.44293821e+05 7.13057000e-05
9.46368038e+05 7.21380000e-05
9.47786503e+05 7.31718000e-05
9.48894483e+05 7.44860000e-05
9.49615270e+05 7.57549000e-05
9.50287017e+05 7.74119000e-05
9.50729453e+05 7.88777000e-05
9.51171888e+05 8.07730000e-05
9.51466845e+05 8.23611000e-05
9.51761802e+05 8.43094000e-05
9.52056759e+05 8.67184000e-05
9.52351716e+05 8.97279000e-05
9.52572934e+05 9.25127000e-05
9.52794152e+05 9.58860000e-05
9.52956378e+05 9.88417000e-05
9.53118604e+05 1.02329000e-04
9.53275915e+05 1.06323000e-04
9.53433225e+05 1.11047000e-04
9.53565956e+05 1.15756000e-04
9.53698686e+05 1.21273000e-04
9.53787173e+05 1.25494000e-04
9.53875660e+05 1.30262000e-04
9.53964148e+05 1.35644000e-04
9.54052635e+05 1.41760000e-04
9.54141122e+05 1.48729000e-04
9.54218548e+05 1.55659000e-04
9.54295974e+05 1.63518000e-04
9.54373400e+05 1.72451000e-04
9.54450827e+05 1.82613000e-04
9.54514377e+05 1.92058000e-04
9.54577926e+05 2.02709000e-04
9.54641476e+05 2.14731000e-04
9.54705026e+05 2.28339000e-04
9.54768575e+05 2.43837000e-04
9.54827324e+05 2.60133000e-04
9.54883673e+05 2.77782000e-04
9.54940022e+05 2.97738000e-04
9.54977587e+05 3.12549000e-04
9.55015153e+05 3.28702000e-04
9.55052719e+05 3.46325000e-04
9.55090284e+05 3.65573000e-04
9.55125642e+05 3.85323000e-04
9.55160999e+05 4.06796000e-04
9.55196357e+05 4.30144000e-04
9.55231714e+05 4.55532000e-04
9.55267071e+05 4.83133000e-04
9.55302429e+05 5.13106000e-04
9.55337786e+05 5.45597000e-04
9.55373144e+05 5.80713000e-04
9.55411588e+05 6.21883000e-04
9.55450032e+05 6.66100000e-04
9.55507698e+05 7.37808000e-04
9.55584587e+05 8.40611000e-04
9.55680697e+05 9.70593000e-04
9.55724400e+05 1.02532700e-03
9.55768104e+05 1.07343500e-03
9.55797239e+05 1.10041700e-03
9.55826375e+05 1.12235900e-03
9.55855510e+05 1.13852400e-03
9.55884645e+05 1.14836000e-03
9.55913781e+05 1.15155800e-03
9.55949211e+05 1.14643700e-03
9.55984640e+05 1.13175100e-03
9.56020070e+05 1.10820800e-03
9.56055499e+05 1.07686800e-03
9.56090929e+05 1.03907100e-03
9.56126358e+05 9.96355000e-04
9.56197218e+05 9.02724000e-04
9.56307683e+05 7.53032000e-04
9.56355642e+05 6.91964000e-04
9.56403601e+05 6.35224000e-04
9.56451561e+05 5.83214000e-04
9.56499520e+05 5.35993000e-04
9.56531493e+05 5.07161000e-04
9.56564013e+05 4.79934000e-04
9.56597081e+05 4.54285000e-04
9.56630148e+05 4.30550000e-04
9.56663216e+05 4.08602000e-04
9.56696283e+05 3.88314000e-04
9.56745884e+05 3.60729000e-04
9.56795485e+05 3.36202000e-04
9.56831294e+05 3.20181000e-04
9.56869844e+05 3.04343000e-04
9.56908394e+05 2.89821000e-04
9.56966218e+05 2.70240000e-04
9.57024043e+05 2.53003000e-04
9.57081868e+05 2.37818000e-04
9.57140740e+05 2.24110000e-04
9.57201704e+05 2.11498000e-04
9.57262669e+05 2.00272000e-04
9.57323633e+05 1.90254000e-04
9.57384598e+05 1.81298000e-04
9.57445562e+05 1.73269000e-04
9.57513598e+05 1.65255000e-04
9.57581634e+05 1.58116000e-04
9.57672349e+05 1.49721000e-04
9.57763063e+05 1.42422000e-04
9.57863725e+05 1.35429000e-04
9.57974334e+05 1.28809000e-04
9.58084943e+05 1.23104000e-04
9.58195552e+05 1.18209000e-04
9.58324595e+05 1.13212000e-04
9.58398334e+05 1.10666000e-04
9.58545813e+05 1.06216000e-04
9.58695289e+05 1.02381000e-04
9.58844764e+05 9.90956000e-05
9.59028805e+05 9.56575000e-05
9.59212846e+05 9.27823000e-05
9.59426229e+05 8.99616000e-05
9.59639612e+05 8.75989000e-05
9.59943786e+05 8.48445000e-05
9.60340135e+05 8.20422000e-05
9.60782570e+05 7.96884000e-05
9.61225006e+05 7.78806000e-05
9.61832709e+05 7.60143000e-05
9.62399672e+05 7.47138000e-05
9.63203061e+05 7.33575000e-05
9.64302268e+05 7.20729000e-05
9.65781354e+05 7.09477000e-05
9.67957051e+05 6.99433000e-05
9.71402005e+05 6.90611000e-05
9.77197910e+05 6.83013000e-05
9.89307370e+05 6.75354000e-05
1.01163316e+06 6.68356000e-05
1.02848165e+06 6.66358000e-05
1.04621529e+06 6.68246000e-05
1.05954058e+06 6.73776000e-05
1.07021111e+06 6.82534000e-05
1.07842951e+06 6.93670000e-05
1.08437539e+06 7.05762000e-05
1.08828612e+06 7.17667000e-05
1.09074818e+06 7.29447000e-05
1.09221222e+06 7.40597000e-05
1.09329069e+06 7.53491000e-05
1.09405152e+06 7.67536000e-05
1.09458274e+06 7.81949000e-05
1.09503900e+06 7.99549000e-05
1.09539887e+06 8.18943000e-05
1.09568413e+06 8.39737000e-05
1.09592297e+06 8.62687000e-05
1.09612201e+06 8.87390000e-05
1.09630307e+06 9.16017000e-05
1.09645717e+06 9.46744000e-05
1.09659586e+06 9.81226000e-05
1.09671913e+06 1.01916000e-04
1.09683001e+06 1.06096000e-04
1.09692547e+06 1.10455000e-04
1.09700901e+06 1.15021000e-04
1.09708061e+06 1.19653000e-04
1.09715336e+06 1.25195000e-04
1.09721802e+06 1.30986000e-04
1.09727345e+06 1.36764000e-04
1.09732887e+06 1.43462000e-04
1.09737506e+06 1.49890000e-04
1.09741351e+06 1.55950000e-04
1.09744778e+06 1.61993000e-04
1.09749071e+06 1.70550000e-04
1.09753005e+06 1.79535000e-04
1.09756582e+06 1.88841000e-04
1.09760159e+06 1.99440000e-04
1.09763574e+06 2.10997000e-04
1.09766447e+06 2.22017000e-04
1.09768800e+06 2.32088000e-04
1.09771292e+06 2.43936000e-04
1.09774061e+06 2.58761000e-04
1.09776691e+06 2.74749000e-04
1.09779045e+06 2.90918000e-04
1.09781273e+06 3.08142000e-04
1.09783497e+06 3.27523000e-04
1.09785673e+06 3.48980000e-04
1.09787549e+06 3.69834000e-04
1.09789157e+06 3.89734000e-04
1.09790818e+06 4.12584000e-04
1.09792533e+06 4.39014000e-04
1.09793820e+06 4.61040000e-04
1.09794892e+06 4.81052000e-04
1.09796178e+06 5.07334000e-04
1.09797424e+06 5.35495000e-04
1.09798529e+06 5.63054000e-04
1.09799635e+06 5.93413000e-04
1.09800901e+06 6.32203000e-04
1.09801925e+06 6.67289000e-04
1.09802930e+06 7.05460000e-04
1.09803573e+06 7.32136000e-04
1.09804538e+06 7.75946000e-04
1.09805489e+06 8.24309000e-04
1.09806307e+06 8.70660000e-04
1.09807038e+06 9.16428000e-04
1.09807724e+06 9.63690000e-04
1.09808407e+06 1.01549700e-03
1.09809034e+06 1.06767100e-03
1.09809661e+06 1.12489500e-03
1.09810421e+06 1.20198600e-03
1.09811105e+06 1.27961100e-03
1.09811789e+06 1.36620100e-03
1.09812416e+06 1.45450300e-03
1.09813042e+06 1.55243200e-03
1.09813555e+06 1.64056900e-03
1.09814068e+06 1.73667500e-03
1.09814581e+06 1.84152500e-03
1.09815008e+06 1.93617600e-03
1.09815521e+06 2.05926800e-03
1.09816034e+06 2.19362700e-03
1.09816547e+06 2.34025800e-03
1.09817108e+06 2.51575600e-03
1.09817696e+06 2.71890900e-03
1.09818209e+06 2.91290800e-03
1.09818665e+06 3.09970500e-03
1.09819140e+06 3.30965000e-03
1.09819601e+06 3.52925500e-03
1.09820185e+06 3.83174500e-03
1.09820641e+06 4.08769500e-03
1.09821097e+06 4.36205100e-03
1.09821553e+06 4.65571900e-03
1.09822008e+06 4.96957600e-03
1.09822464e+06 5.30446600e-03
1.09822996e+06 5.72274500e-03
1.09823674e+06 6.30108100e-03
1.09824265e+06 6.84740100e-03
1.09824972e+06 7.55445800e-03
1.09825489e+06 8.10902100e-03
1.09826036e+06 8.73100400e-03
1.09826856e+06 9.73117800e-03
1.09827677e+06 1.08103320e-02
1.09828497e+06 1.19643120e-02
1.09829455e+06 1.33978060e-02
1.09830686e+06 1.53563910e-02
1.09832509e+06 1.84138540e-02
1.09834471e+06 2.17248220e-02
1.09835648e+06 2.36129260e-02
1.09836582e+06 2.50071690e-02
1.09837433e+06 2.61663730e-02
1.09838284e+06 2.71959360e-02
1.09839014e+06 2.79589780e-02
1.09839895e+06 2.87159320e-02
1.09840533e+06 2.91417760e-02
1.09841263e+06 2.94947800e-02
1.09841878e+06 2.96776850e-02
1.09842612e+06 2.97548810e-02
1.09843305e+06 2.96861300e-02
1.09843998e+06 2.94809090e-02
1.09844758e+06 2.91026130e-02
1.09845579e+06 2.85218720e-02
1.09846551e+06 2.76184050e-02
1.09847281e+06 2.68020970e-02
1.09848208e+06 2.56153100e-02
1.09849363e+06 2.39438110e-02
1.09850639e+06 2.19154060e-02
1.09854286e+06 1.57732500e-02
1.09855517e+06 1.37919520e-02
1.09856338e+06 1.25386240e-02
1.09857250e+06 1.12231180e-02
1.09858070e+06 1.01162060e-02
1.09858891e+06 9.08690800e-03
1.09859529e+06 8.34174700e-03
1.09860016e+06 7.80684900e-03
1.09860567e+06 7.23416100e-03
1.09861248e+06 6.57694500e-03
1.09861887e+06 6.00950000e-03
1.09862376e+06 5.60552000e-03
1.09862888e+06 5.21036900e-03
1.09863344e+06 4.88141700e-03
1.09863800e+06 4.57320000e-03
1.09864255e+06 4.28499800e-03
1.09864711e+06 4.01591100e-03
1.09865167e+06 3.76491400e-03
1.09865623e+06 3.53109900e-03
1.09866079e+06 3.31364400e-03
1.09866535e+06 3.11157800e-03
1.09866991e+06 2.92399600e-03
1.09867447e+06 2.75000900e-03
1.09867941e+06 2.57585800e-03
1.09868463e+06 2.40673700e-03
1.09868976e+06 2.25462600e-03
1.09869489e+06 2.11522800e-03
1.09870002e+06 1.98753400e-03
1.09870515e+06 1.87052500e-03
1.09871027e+06 1.76331500e-03
1.09871626e+06 1.64948900e-03
1.09872139e+06 1.56067700e-03
1.09872652e+06 1.47919300e-03
1.09873222e+06 1.39640600e-03
1.09873905e+06 1.30674000e-03
1.09874589e+06 1.22639200e-03
1.09875273e+06 1.15423400e-03
1.09875995e+06 1.08584000e-03
1.09876793e+06 1.01832600e-03
1.09877477e+06 9.66314000e-04
1.09878160e+06 9.19029000e-04
1.09878864e+06 8.74706000e-04
1.09879607e+06 8.32081000e-04
1.09880551e+06 7.83299000e-04
1.09881472e+06 7.40698000e-04
1.09882393e+06 7.02304000e-04
1.09883314e+06 6.67524000e-04
1.09884286e+06 6.34206000e-04
1.09885514e+06 5.96379000e-04
1.09886691e+06 5.63941000e-04
1.09888123e+06 5.28689000e-04
1.09889351e+06 5.01629000e-04
1.09890579e+06 4.77070000e-04
1.09892085e+06 4.49888000e-04
1.09893459e+06 4.27539000e-04
1.09895060e+06 4.04035000e-04
1.09896889e+06 3.80053000e-04
1.09898689e+06 3.59003000e-04
1.09900432e+06 3.40695000e-04
1.09902290e+06 3.23123000e-04
1.09904450e+06 3.04851000e-04
1.09906795e+06 2.87255000e-04
1.09909243e+06 2.71005000e-04
1.09911907e+06 2.55384000e-04
1.09914785e+06 2.40542000e-04
1.09917737e+06 2.27165000e-04
1.09920763e+06 2.15087000e-04
1.09924022e+06 2.03634000e-04
1.09927561e+06 1.92733000e-04
1.09931275e+06 1.82728000e-04
1.09935162e+06 1.73573000e-04
1.09939355e+06 1.64951000e-04
1.09943835e+06 1.56935000e-04
1.09948454e+06 1.49745000e-04
1.09953326e+06 1.43149000e-04
1.09958699e+06 1.36849000e-04
1.09964607e+06 1.30885000e-04
1.09971131e+06 1.25258000e-04
1.09978522e+06 1.19859000e-04
1.09986790e+06 1.14782000e-04
1.09995724e+06 1.10201000e-04
1.10005264e+06 1.06136000e-04
1.10015559e+06 1.02500000e-04
1.10026941e+06 9.91906000e-05
1.10039846e+06 9.61314000e-05
1.10054540e+06 9.33018000e-05
1.10062344e+06 9.20082000e-05
1.10079731e+06 8.96369000e-05
1.10100949e+06 8.73870000e-05
1.10126411e+06 8.53511000e-05
1.10158249e+06 8.35057000e-05
1.10197140e+06 8.19453000e-05
1.10245235e+06 8.06851000e-05
1.10308943e+06 7.97015000e-05
1.10389058e+06 7.91051000e-05
1.10476433e+06 7.89326000e-05
1.10609482e+06 7.92528000e-05
1.10742532e+06 8.00642000e-05
1.10890316e+06 8.15393000e-05
1.10998170e+06 8.30911000e-05
1.11102261e+06 8.50928000e-05
1.11192573e+06 8.74097000e-05
1.11267962e+06 8.99205000e-05
1.11334337e+06 9.27237000e-05
1.11394795e+06 9.59278000e-05
1.11444235e+06 9.91611000e-05
1.11490891e+06 1.02861000e-04
1.11536159e+06 1.07211000e-04
1.11575227e+06 1.11722000e-04
1.11608057e+06 1.16190000e-04
1.11643535e+06 1.21863000e-04
1.11676403e+06 1.28043000e-04
1.11705695e+06 1.34451000e-04
1.11734986e+06 1.41840000e-04
1.11759396e+06 1.48851000e-04
1.11783805e+06 1.56745000e-04
1.11808217e+06 1.65576000e-04
1.11832624e+06 1.75398000e-04
1.11861915e+06 1.88457000e-04
1.11891207e+06 2.02689000e-04
1.11959553e+06 2.37420000e-04
1.11984591e+06 2.48844000e-04
1.12005240e+06 2.56704000e-04
1.12024973e+06 2.62361000e-04
1.12042381e+06 2.65494000e-04
1.12061373e+06 2.66725000e-04
1.12078810e+06 2.65767000e-04
1.12096247e+06 2.62846000e-04
1.12115774e+06 2.57516000e-04
1.12135302e+06 2.50343000e-04
1.12159711e+06 2.39438000e-04
1.12237822e+06 1.99869000e-04
1.12267113e+06 1.85803000e-04
1.12296404e+06 1.72978000e-04
1.12320814e+06 1.63353000e-04
1.12345224e+06 1.54717000e-04
1.12369633e+06 1.47004000e-04
1.12394043e+06 1.40154000e-04
1.12423334e+06 1.32938000e-04
1.12452625e+06 1.26668000e-04
1.12481917e+06 1.21238000e-04
1.12516090e+06 1.15790000e-04
1.12550263e+06 1.11145000e-04
1.12589319e+06 1.06646000e-04
1.12628374e+06 1.02853000e-04
1.12677193e+06 9.89086000e-05
1.12726012e+06 9.56568000e-05
1.12784595e+06 9.24796000e-05
1.12852941e+06 8.95247000e-05
1.12931051e+06 8.68801000e-05
1.13018926e+06 8.45839000e-05
1.13126327e+06 8.24695000e-05
1.13253257e+06 8.06432000e-05
1.13409478e+06 7.90648000e-05
1.13607527e+06 7.77525000e-05
1.13854058e+06 7.68020000e-05
1.14259088e+06 7.62826000e-05
1.14587622e+06 7.65741000e-05
1.14916156e+06 7.74495000e-05
1.15206618e+06 7.87883000e-05
1.15455585e+06 8.04508000e-05
1.15663057e+06 8.22999000e-05
1.15870530e+06 8.47139000e-05
1.16057420e+06 8.75124000e-05
1.16219084e+06 9.05653000e-05
1.16351866e+06 9.36410000e-05
1.16484649e+06 9.73734000e-05
1.16600833e+06 1.01324000e-04
1.16700420e+06 1.05339000e-04
1.16783409e+06 1.09235000e-04
1.16866398e+06 1.13753000e-04
1.16949387e+06 1.18989000e-04
1.17015778e+06 1.23817000e-04
1.17082169e+06 1.29327000e-04
1.17148561e+06 1.35640000e-04
1.17214952e+06 1.42897000e-04
1.17264745e+06 1.49098000e-04
1.17314539e+06 1.56024000e-04
1.17372631e+06 1.65197000e-04
1.17422424e+06 1.74156000e-04
1.17472218e+06 1.84294000e-04
1.17513712e+06 1.93785000e-04
1.17555207e+06 2.04383000e-04
1.17596701e+06 2.16220000e-04
1.17638196e+06 2.29482000e-04
1.17679690e+06 2.44351000e-04
1.17721185e+06 2.61059000e-04
1.17762679e+06 2.79803000e-04
1.17795875e+06 2.96462000e-04
1.17829070e+06 3.14776000e-04
1.17862266e+06 3.34851000e-04
1.17895462e+06 3.56809000e-04
1.17928657e+06 3.80779000e-04
1.17970152e+06 4.13575000e-04
1.18011646e+06 4.49371000e-04
1.18044842e+06 4.80078000e-04
1.18177624e+06 6.09824000e-04
1.18219119e+06 6.46526000e-04
1.18252314e+06 6.71579000e-04
1.18277211e+06 6.86817000e-04
1.18303197e+06 6.98717000e-04
1.18330375e+06 7.06440000e-04
1.18355786e+06 7.08872000e-04
1.18381519e+06 7.06454000e-04
1.18407251e+06 6.99277000e-04
1.18434396e+06 6.86984000e-04
1.18459787e+06 6.71486000e-04
1.18492982e+06 6.46637000e-04
1.18517879e+06 6.25254000e-04
1.18663110e+06 4.86048000e-04
1.18700455e+06 4.51892000e-04
1.18746135e+06 4.13464000e-04
1.18783444e+06 3.84957000e-04
1.18816640e+06 3.61865000e-04
1.18851440e+06 3.39910000e-04
1.18883031e+06 3.21940000e-04
1.18916226e+06 3.05030000e-04
1.18949422e+06 2.90105000e-04
1.18982618e+06 2.77257000e-04
1.19012845e+06 2.67543000e-04
1.19039120e+06 2.61037000e-04
1.19059765e+06 2.57636000e-04
1.19079441e+06 2.56347000e-04
1.19091418e+06 2.56922000e-04
1.19103395e+06 2.58966000e-04
1.19111940e+06 2.61695000e-04
1.19121699e+06 2.66557000e-04
1.19129957e+06 2.72593000e-04
1.19137089e+06 2.79790000e-04
1.19141875e+06 2.86010000e-04
1.19147599e+06 2.95396000e-04
1.19151540e+06 3.03377000e-04
1.19156045e+06 3.14419000e-04
1.19159986e+06 3.26203000e-04
1.19163740e+06 3.39739000e-04
1.19166414e+06 3.51063000e-04
1.19168901e+06 3.63094000e-04
1.19171904e+06 3.79916000e-04
1.19174531e+06 3.97098000e-04
1.19176877e+06 4.14755000e-04
1.19179129e+06 4.34116000e-04
1.19181381e+06 4.56215000e-04
1.19183634e+06 4.81478000e-04
1.19185839e+06 5.09739000e-04
1.19187903e+06 5.39791000e-04
1.19189827e+06 5.71298000e-04
1.19191704e+06 6.05619000e-04
1.19193581e+06 6.43758000e-04
1.19195457e+06 6.85938000e-04
1.19197334e+06 7.32285000e-04
1.19199211e+06 7.82794000e-04
1.19201088e+06 8.37275000e-04
1.19203903e+06 9.25462000e-04
1.19211307e+06 1.17223000e-03
1.19213643e+06 1.24384200e-03
1.19215401e+06 1.29182200e-03
1.19217041e+06 1.33040000e-03
1.19218542e+06 1.35943700e-03
1.19220137e+06 1.38276800e-03
1.19221545e+06 1.39631700e-03
1.19223209e+06 1.40331800e-03
1.19223576e+06 1.40351700e-03
1.19224875e+06 1.40029800e-03
1.19226174e+06 1.39102800e-03
1.19227565e+06 1.37462200e-03
1.19228928e+06 1.35241900e-03
1.19230414e+06 1.32194200e-03
1.19231926e+06 1.28499000e-03
1.19233932e+06 1.22845400e-03
1.19236202e+06 1.15692300e-03
1.19242941e+06 9.28823000e-04
1.19245756e+06 8.38526000e-04
1.19247632e+06 7.82498000e-04
1.19249509e+06 7.30389000e-04
1.19251386e+06 6.82425000e-04
1.19253263e+06 6.38641000e-04
1.19255140e+06 5.98930000e-04
1.19257017e+06 5.63086000e-04
1.19258893e+06 5.30841000e-04
1.19260770e+06 5.01891000e-04
1.19262835e+06 4.73479000e-04
1.19265087e+06 4.46119000e-04
1.19267339e+06 4.22068000e-04
1.19269591e+06 4.00885000e-04
1.19271843e+06 3.82179000e-04
1.19274095e+06 3.65612000e-04
1.19276348e+06 3.50891000e-04
1.19278975e+06 3.35715000e-04
1.19282166e+06 3.19714000e-04
1.19285731e+06 3.04410000e-04
1.19289485e+06 2.90683000e-04
1.19293426e+06 2.78395000e-04
1.19297931e+06 2.66487000e-04
1.19302998e+06 2.55232000e-04
1.19308441e+06 2.45116000e-04
1.19314447e+06 2.35799000e-04
1.19321391e+06 2.26872000e-04
1.19329461e+06 2.18345000e-04
1.19338423e+06 2.10587000e-04
1.19348276e+06 2.03604000e-04
1.19359584e+06 1.97052000e-04
1.19373190e+06 1.90626000e-04
1.19389143e+06 1.84448000e-04
1.19409788e+06 1.78049000e-04
1.19434186e+06 1.71954000e-04
1.19463091e+06 1.66109000e-04
1.19496128e+06 1.60611000e-04
1.19536622e+06 1.55033000e-04
1.19581797e+06 1.49861000e-04
1.19639191e+06 1.44406000e-04
1.19704467e+06 1.39309000e-04
1.19772261e+06 1.34935000e-04
1.19846190e+06 1.30990000e-04
1.19944175e+06 1.26787000e-04
1.20041468e+06 1.23476000e-04
1.20171474e+06 1.20016000e-04
1.20348902e+06 1.16400000e-04
1.20909225e+06 1.06977000e-04
1.21579798e+06 9.43558000e-05
1.21817177e+06 9.04602000e-05
1.22034949e+06 8.75173000e-05
1.22233439e+06 8.54613000e-05
1.22412080e+06 8.42002000e-05
1.22630419e+06 8.35593000e-05
1.22759438e+06 8.38078000e-05
1.22888456e+06 8.46271000e-05
1.22987701e+06 8.57925000e-05
1.23083065e+06 8.74964000e-05
1.23166342e+06 8.95575000e-05
1.23245738e+06 9.21566000e-05
1.23305285e+06 9.45928000e-05
1.23374756e+06 9.80364000e-05
1.23439134e+06 1.01842000e-04
1.23503775e+06 1.06225000e-04
1.23662567e+06 1.18071000e-04
1.23712190e+06 1.21273000e-04
1.23761812e+06 1.23690000e-04
1.23801973e+06 1.24861000e-04
1.23833765e+06 1.25171000e-04
1.23872861e+06 1.24755000e-04
1.23911957e+06 1.23542000e-04
1.23953934e+06 1.21428000e-04
1.24009386e+06 1.17628000e-04
1.24198490e+06 1.02000000e-04
1.24267961e+06 9.68211000e-05
1.24337433e+06 9.23167000e-05
1.24406904e+06 8.84751000e-05
1.24476376e+06 8.52388000e-05
1.24555772e+06 8.21645000e-05
1.24645093e+06 7.93492000e-05
1.24744338e+06 7.68475000e-05
1.24863431e+06 7.44901000e-05
1.25002375e+06 7.23808000e-05
1.25161167e+06 7.05497000e-05
1.25359656e+06 6.88435000e-05
1.25617694e+06 6.72372000e-05
1.25935277e+06 6.58353000e-05
1.26371955e+06 6.44962000e-05
1.26967425e+06 6.32647000e-05
1.27796121e+06 6.21378000e-05
1.28937439e+06 6.11456000e-05
1.29991236e+06 6.03971000e-05
1.30007164e+06 6.01801000e-05
1.87145871e+06 6.00054000e-05
2.00000000e+06 5.99976000e-05
2.18317588e+06 5.56042000e-05
2.32025351e+06 5.27058000e-05
2.47541565e+06 4.97866000e-05
2.64022888e+06 4.70396000e-05
2.80795409e+06 4.45623000e-05
2.99342427e+06 4.20829000e-05
3.36685675e+06 3.95171000e-05
3.77266176e+06 3.71855000e-05
4.00000000e+06 3.60016000e-05
5.00000000e+06 4.19980000e-05
5.46486874e+06 3.89991000e-05
5.97585056e+06 3.61278000e-05
6.04232460e+06 3.58708000e-05
6.92827234e+06 3.31996000e-05
7.00000000e+06 3.29992000e-05
7.26260503e+06 3.08999000e-05
7.55912954e+06 2.87692000e-05
8.00000000e+06 2.60040000e-05
8.16598188e+06 2.86122000e-05
8.32843799e+06 3.13588000e-05
8.50848684e+06 3.46434000e-05
8.68808809e+06 3.81832000e-05
8.88118432e+06 4.23008000e-05
9.00000000e+06 4.49960000e-05
1.00000000e+07 4.79992000e-05
1.01410820e+07 4.80000000e-05
1.02841544e+07 4.80000000e-05
1.04292453e+07 4.80000000e-05
1.05763832e+07 4.80000000e-05
1.07255969e+07 4.80000000e-05
1.08769158e+07 4.80000000e-05
1.10000000e+07 4.80000000e-05
1.10599833e+07 4.92319000e-05
1.11165146e+07 5.04156000e-05
1.11697752e+07 5.15511000e-05
1.12199387e+07 5.26388000e-05
1.12671715e+07 5.36794000e-05
1.13116329e+07 5.46737000e-05
1.13534747e+07 5.56225000e-05
1.13928420e+07 5.65269000e-05
1.14670240e+07 5.82626000e-05
1.15323294e+07 5.98250000e-05
1.15897766e+07 6.12264000e-05
1.16402776e+07 6.24796000e-05
1.16846464e+07 6.35971000e-05
1.17626992e+07 6.56011000e-05
1.18215808e+07 6.71454000e-05
1.18659354e+07 6.83275000e-05
1.19327794e+07 7.01397000e-05
1.20000000e+07 7.20000000e-05
1.21206667e+07 7.37235000e-05
1.22272450e+07 7.52653000e-05
1.23997494e+07 7.78024000e-05
1.24160170e+07 7.80416000e-05
1.25595061e+07 8.01908000e-05
1.26682102e+07 8.18414000e-05
1.28330328e+07 8.43813000e-05
1.30000000e+07 8.70000000e-05
1.30301412e+07 8.84937000e-05
1.30594072e+07 8.99651000e-05
1.30878213e+07 9.14139000e-05
1.31154064e+07 9.28396000e-05
1.31690182e+07 9.56656000e-05
1.32194782e+07 9.83930000e-05
1.32669600e+07 1.01021000e-04
1.33116291e+07 1.03548000e-04
1.33536429e+07 1.05974000e-04
1.33931514e+07 1.08300000e-04
1.34302967e+07 1.10528000e-04
1.34652139e+07 1.12657000e-04
1.34980313e+07 1.14691000e-04
1.35288702e+07 1.16631000e-04
1.35578457e+07 1.18480000e-04
1.36123421e+07 1.22026000e-04
1.36602062e+07 1.25215000e-04
1.37022252e+07 1.28074000e-04
1.37390979e+07 1.30629000e-04
1.37714429e+07 1.32906000e-04
1.38282300e+07 1.36988000e-04
1.38709739e+07 1.40131000e-04
1.39031185e+07 1.42536000e-04
1.39514752e+07 1.46220000e-04
1.40000000e+07 1.50000000e-04
1.41975148e+07 1.52907000e-04
1.43978162e+07 1.55855000e-04
1.44752483e+07 1.56995000e-04
1.46794680e+07 1.60033000e-04
1.48422421e+07 1.62455000e-04
1.50516395e+07 1.65606000e-04
1.52639910e+07 1.68802000e-04
1.54102522e+07 1.71003000e-04
1.56276632e+07 1.74320000e-04
1.58481414e+07 1.77683000e-04
1.60000000e+07 1.80000000e-04
1.60898636e+07 1.83266000e-04
1.62597204e+07 1.89549000e-04
1.64098154e+07 1.95224000e-04
1.65422846e+07 2.00329000e-04
1.66590722e+07 2.04905000e-04
1.67619374e+07 2.08994000e-04
1.68524654e+07 2.12639000e-04
1.70120674e+07 2.19172000e-04
1.71327601e+07 2.24203000e-04
1.73154065e+07 2.31967000e-04
1.75000000e+07 2.40000000e-04
1.77468935e+07 2.43929000e-04
1.79972702e+07 2.47914000e-04
1.82511793e+07 2.51955000e-04
1.85086706e+07 2.56053000e-04
1.87082869e+07 2.59230000e-04
1.89722272e+07 2.63474000e-04
1.92398912e+07 2.67778000e-04
1.95113314e+07 2.72142000e-04
1.97866012e+07 2.76569000e-04
2.00000000e+07 2.80000000e-04
2.00000100e+07 0.00000000e+00
2.02821741e+07 0.00000000e+00
2.05683191e+07 0.00000000e+00
2.08585011e+07 0.00000000e+00
2.11527770e+07 0.00000000e+00
2.14512046e+07 0.00000000e+00
2.17538425e+07 0.00000000e+00
2.17538425e+07 0.00000000e+00
2.20607500e+07 0.00000000e+00
2.23719875e+07 0.00000000e+00
2.26876160e+07 0.00000000e+00
2.26876160e+07 0.00000000e+00
2.30076974e+07 0.00000000e+00
2.33322946e+07 0.00000000e+00
2.36614713e+07 0.00000000e+00
2.39952920e+07 0.00000000e+00
2.43338224e+07 0.00000000e+00
2.46771289e+07 0.00000000e+00
2.46771289e+07 0.00000000e+00
2.50252787e+07 0.00000000e+00
2.53783404e+07 0.00000000e+00
2.57363831e+07 0.00000000e+00
2.60994771e+07 0.00000000e+00
2.64676937e+07 0.00000000e+00
2.64676938e+07 0.00000000e+00
2.68411053e+07 0.00000000e+00
2.72197849e+07 0.00000000e+00
2.76038071e+07 0.00000000e+00
2.79932471e+07 0.00000000e+00
2.79932471e+07 0.00000000e+00
2.83881815e+07 0.00000000e+00
2.87886876e+07 0.00000000e+00
2.91948442e+07 0.00000000e+00
2.96067309e+07 0.00000000e+00
3.00244286e+07 0.00000000e+00
3.04480192e+07 0.00000000e+00
3.08775859e+07 0.00000000e+00
3.08775859e+07 0.00000000e+00
3.13132131e+07 0.00000000e+00
3.17549862e+07 0.00000000e+00
3.22029919e+07 0.00000000e+00
3.26573181e+07 0.00000000e+00
3.31180541e+07 0.00000000e+00
3.35852902e+07 0.00000000e+00
3.40591182e+07 0.00000000e+00
3.45396311e+07 0.00000000e+00
3.45396311e+07 0.00000000e+00
3.50269231e+07 0.00000000e+00
3.55210899e+07 0.00000000e+00
3.60222286e+07 0.00000000e+00
3.65304374e+07 0.00000000e+00
3.70458161e+07 0.00000000e+00
3.75684659e+07 0.00000000e+00
3.80984893e+07 0.00000000e+00
3.86359904e+07 0.00000000e+00
3.91810747e+07 0.00000000e+00
3.97338491e+07 0.00000000e+00
4.02944222e+07 0.00000000e+00
4.08629040e+07 0.00000000e+00
4.14394060e+07 0.00000000e+00
4.14394060e+07 0.00000000e+00
4.20240414e+07 0.00000000e+00
4.26169250e+07 0.00000000e+00
4.26169250e+07 0.00000000e+00
4.32181731e+07 0.00000000e+00
4.38279038e+07 0.00000000e+00
4.44462366e+07 0.00000000e+00
4.50732930e+07 0.00000000e+00
4.57091960e+07 0.00000000e+00
4.57091960e+07 0.00000000e+00
4.63540705e+07 0.00000000e+00
4.70080430e+07 0.00000000e+00
4.76712419e+07 0.00000000e+00
4.76712419e+07 0.00000000e+00
4.83437973e+07 0.00000000e+00
4.90258412e+07 0.00000000e+00
4.97175076e+07 0.00000000e+00
5.04189321e+07 0.00000000e+00
5.04189322e+07 0.00000000e+00
5.11302525e+07 0.00000000e+00
5.18516084e+07 0.00000000e+00
5.25831412e+07 0.00000000e+00
5.33249947e+07 0.00000000e+00
5.33249947e+07 0.00000000e+00
5.40773144e+07 0.00000000e+00
5.48402480e+07 0.00000000e+00
5.56139451e+07 0.00000000e+00
5.63985578e+07 0.00000000e+00
5.71942399e+07 0.00000000e+00
5.80011477e+07 0.00000000e+00
5.88194395e+07 0.00000000e+00
5.96492759e+07 0.00000000e+00
6.04908198e+07 0.00000000e+00
6.13442364e+07 0.00000000e+00
6.13442364e+07 0.00000000e+00
6.22096932e+07 0.00000000e+00
6.30873600e+07 0.00000000e+00
6.30873600e+07 0.00000000e+00
6.39774091e+07 0.00000000e+00
6.48800151e+07 0.00000000e+00
6.57953554e+07 0.00000000e+00
6.67236094e+07 0.00000000e+00
6.76649594e+07 0.00000000e+00
6.86195902e+07 0.00000000e+00
6.95876891e+07 0.00000000e+00
7.05694462e+07 0.00000000e+00
7.15650540e+07 0.00000000e+00
7.25747081e+07 0.00000000e+00
7.35986066e+07 0.00000000e+00
7.46369505e+07 0.00000000e+00
7.56899435e+07 0.00000000e+00
7.56899435e+07 0.00000000e+00
7.67577923e+07 0.00000000e+00
7.78407066e+07 0.00000000e+00
7.89388989e+07 0.00000000e+00
8.00525847e+07 0.00000000e+00
8.11819825e+07 0.00000000e+00
8.11819825e+07 0.00000000e+00
8.23273142e+07 0.00000000e+00
8.34888044e+07 0.00000000e+00
8.34888044e+07 0.00000000e+00
8.46666812e+07 0.00000000e+00
8.58611756e+07 0.00000000e+00
8.70725223e+07 0.00000000e+00
8.83009588e+07 0.00000000e+00
8.95467264e+07 0.00000000e+00
9.08100695e+07 0.00000000e+00
9.20912362e+07 0.00000000e+00
9.33904777e+07 0.00000000e+00
9.47080493e+07 0.00000000e+00
9.60442094e+07 0.00000000e+00
9.73992203e+07 0.00000000e+00
9.87733480e+07 0.00000000e+00
1.00166862e+08 0.00000000e+00
1.01580036e+08 0.00000000e+00
1.03013148e+08 0.00000000e+00
1.04466478e+08 0.00000000e+00
1.05940312e+08 0.00000000e+00
1.07434939e+08 0.00000000e+00
1.08950652e+08 0.00000000e+00
1.10487750e+08 0.00000000e+00
1.12046533e+08 0.00000000e+00
1.13627308e+08 0.00000000e+00
1.15230385e+08 0.00000000e+00
1.16856078e+08 0.00000000e+00
1.18504707e+08 0.00000000e+00
1.18504707e+08 0.00000000e+00
1.20176595e+08 0.00000000e+00
1.21872071e+08 0.00000000e+00
1.23591466e+08 0.00000000e+00
1.23591466e+08 0.00000000e+00
1.25335120e+08 0.00000000e+00
1.27103372e+08 0.00000000e+00
1.28896572e+08 0.00000000e+00
1.30715071e+08 0.00000000e+00
1.30715071e+08 0.00000000e+00
1.32559225e+08 0.00000000e+00
1.34429397e+08 0.00000000e+00
1.36325954e+08 0.00000000e+00
1.38249268e+08 0.00000000e+00
1.40199716e+08 0.00000000e+00
1.42177682e+08 0.00000000e+00
1.42177682e+08 0.00000000e+00
1.44183553e+08 0.00000000e+00
1.46217724e+08 0.00000000e+00
1.48280592e+08 0.00000000e+00
1.50000000e+08 0.00000000e+00
