4183
1.00000000e-05 5.84371760e+01
1.10303700e-05 5.56462070e+01
1.21669100e-05 5.29890545e+01
1.34205500e-05 5.04593284e+01
1.48033600e-05 4.80509454e+01
1.63286500e-05 4.57581137e+01
1.80111100e-05 4.35753195e+01
1.98669100e-05 4.14973135e+01
2.19139400e-05 3.95190985e+01
2.41718900e-05 3.76359172e+01
2.66624800e-05 3.58432409e+01
2.94097100e-05 3.41367583e+01
3.24399900e-05 3.25123656e+01
3.57825100e-05 3.09661562e+01
3.94694300e-05 2.94944115e+01
4.35362400e-05 2.80935921e+01
4.80220800e-05 2.67603290e+01
5.29701300e-05 2.54914154e+01
5.84280100e-05 2.42837995e+01
6.44482500e-05 2.31345767e+01
7.10888100e-05 2.20409827e+01
7.84135800e-05 2.10003869e+01
8.64930800e-05 2.00102861e+01
9.54050600e-05 1.90682983e+01
1.05235300e-04 1.81721570e+01
1.16078400e-04 1.73197060e+01
1.28038800e-04 1.65088937e+01
1.41231500e-04 1.57377686e+01
1.55783600e-04 1.50044742e+01
1.71835100e-04 1.43072447e+01
1.89540400e-04 1.36444008e+01
2.09070100e-04 1.30143452e+01
2.30612000e-04 1.24155592e+01
2.54373600e-04 1.18465986e+01
2.82562700e-04 1.12684053e+01
3.13860300e-04 1.07215350e+01
3.48641700e-04 1.02039581e+01
3.87258400e-04 9.71472065e+00
4.30173500e-04 9.25200324e+00
4.77821000e-04 8.81494864e+00
5.30772100e-04 8.40192672e+00
5.89562300e-04 8.01216656e+00
6.54896300e-04 7.64420781e+00
7.27434800e-04 7.29735609e+00
8.08047600e-04 6.97030305e+00
8.97549700e-04 6.66242143e+00
9.97014300e-04 6.37253833e+00
1.10744690e-03 6.10008454e+00
1.23017180e-03 5.84400709e+00
1.36642980e-03 5.60378580e+00
1.52848680e-03 5.36402315e+00
1.70976350e-03 5.14051062e+00
1.91253940e-03 4.93245078e+00
2.13936440e-03 4.73908143e+00
2.39309040e-03 4.55967156e+00
2.69579130e-03 4.38352348e+00
3.03663170e-03 4.22159741e+00
3.42073380e-03 4.07297276e+00
3.88041270e-03 3.92935826e+00
4.40186350e-03 3.79898729e+00
5.02836410e-03 3.67480840e+00
5.74431390e-03 3.56338486e+00
6.60816850e-03 3.45887531e+00
7.65518250e-03 3.36203886e+00
8.93064410e-03 3.27338372e+00
1.04921098e-02 3.19321426e+00
1.24129315e-02 3.12160774e+00
1.48925884e-02 3.05606714e+00
1.81196710e-02 2.99742992e+00
2.25136658e-02 2.94463242e+00
2.52418800e-02 2.92116672e+00
2.53000000e-02 2.92072241e+00
3.27861652e-02 2.87672091e+00
4.40008235e-02 2.83874584e+00
6.24551369e-02 2.80584909e+00
9.37589430e-02 2.77912729e+00
1.42738633e-01 2.76247440e+00
3.52344802e-01 2.73772448e+00
8.41533105e+00 2.72470642e+00
1.42960998e+04 2.70025416e+00
1.49656111e+04 2.70639229e+00
1.50939963e+04 2.72025667e+00
1.51487489e+04 2.74060169e+00
1.51820304e+04 2.77019066e+00
1.52019993e+04 2.80476442e+00
1.52159912e+04 2.84824512e+00
1.52253191e+04 2.89449582e+00
1.52323150e+04 2.94563764e+00
1.52369789e+04 2.99288668e+00
1.52407551e+04 3.04288157e+00
1.52450878e+04 3.11987332e+00
1.52479762e+04 3.18898453e+00
1.52501425e+04 3.25490546e+00
1.52523088e+04 3.33811581e+00
1.52544752e+04 3.44584391e+00
1.52559194e+04 3.53640783e+00
1.52573636e+04 3.64689604e+00
1.52588078e+04 3.78285821e+00
1.52598910e+04 3.90568200e+00
1.52609741e+04 4.05026030e+00
1.52620573e+04 4.22069287e+00
1.52629377e+04 4.38149347e+00
1.52639765e+04 4.60098102e+00
1.52647556e+04 4.78960654e+00
1.52655347e+04 5.00135096e+00
1.52663138e+04 5.23863442e+00
1.52670929e+04 5.50397670e+00
1.52678720e+04 5.79996583e+00
1.52686511e+04 6.12921880e+00
1.52694302e+04 6.49433398e+00
1.52702093e+04 6.89783514e+00
1.52710343e+04 7.36960687e+00
1.52719512e+04 7.95064596e+00
1.52728680e+04 8.59430678e+00
1.52737849e+04 9.30280937e+00
1.52747017e+04 1.00774446e+01
1.52756186e+04 1.09183398e+01
1.52765400e+04 1.18289772e+01
1.52774614e+04 1.28025651e+01
1.52786899e+04 1.41906786e+01
1.52802256e+04 1.60476001e+01
1.52825430e+04 1.90104727e+01
1.52845533e+04 2.15940570e+01
1.52858935e+04 2.32376581e+01
1.52874343e+04 2.49696329e+01
1.52884616e+04 2.59926946e+01
1.52894888e+04 2.68841943e+01
1.52905160e+04 2.76239776e+01
1.52915432e+04 2.81948241e+01
1.52925705e+04 2.85831926e+01
1.52935977e+04 2.87797326e+01
1.52941113e+04 2.88043989e+01
1.52952490e+04 2.86835109e+01
1.52963867e+04 2.83245763e+01
1.52975243e+04 2.77383169e+01
1.52986620e+04 2.69419229e+01
1.52997997e+04 2.59582138e+01
1.53009374e+04 2.48145085e+01
1.53016959e+04 2.39781132e+01
1.53032128e+04 2.21709057e+01
1.53062466e+04 1.82873145e+01
1.53080422e+04 1.60054558e+01
1.53095385e+04 1.42000413e+01
1.53107355e+04 1.28481387e+01
1.53116353e+04 1.18959105e+01
1.53125361e+04 1.10024301e+01
1.53134370e+04 1.01714924e+01
1.53143378e+04 9.40432674e+00
1.53152386e+04 8.70093877e+00
1.53158392e+04 8.26694023e+00
1.53166501e+04 7.72411862e+00
1.53174611e+04 7.22927995e+00
1.53182720e+04 6.78020897e+00
1.53190829e+04 6.37438071e+00
1.53198939e+04 6.00905324e+00
1.53207048e+04 5.68135159e+00
1.53215158e+04 5.38834165e+00
1.53223267e+04 5.12709673e+00
1.53231115e+04 4.90181947e+00
1.53238962e+04 4.70108095e+00
1.53246809e+04 4.52248259e+00
1.53254657e+04 4.36376242e+00
1.53266428e+04 4.15837807e+00
1.53278199e+04 3.98655800e+00
1.53289971e+04 3.84266964e+00
1.53301742e+04 3.72187881e+00
1.53313513e+04 3.62009437e+00
1.53325284e+04 3.53390070e+00
1.53340979e+04 3.43842040e+00
1.53360679e+04 3.34274759e+00
1.53384384e+04 3.25342862e+00
1.53408089e+04 3.18389551e+00
1.53443646e+04 3.10445895e+00
1.53479203e+04 3.04485108e+00
1.53514760e+04 2.99839605e+00
1.53562170e+04 2.95028929e+00
1.53633284e+04 2.89801946e+00
1.53728103e+04 2.85158333e+00
1.53867673e+04 2.80858174e+00
1.54007243e+04 2.78197341e+00
1.54286384e+04 2.75195762e+00
1.54802957e+04 2.72548020e+00
1.55915479e+04 2.70879746e+00
1.65705608e+04 2.69810038e+00
3.34386958e+04 2.67319942e+00
3.58649973e+04 2.68028070e+00
3.67535598e+04 2.69649843e+00
3.72231359e+04 2.71984387e+00
3.75337848e+04 2.75222017e+00
3.77206613e+04 2.78665753e+00
3.78518304e+04 2.82408352e+00
3.79782515e+04 2.87810493e+00
3.80734813e+04 2.93783070e+00
3.81369677e+04 2.99243825e+00
3.82036108e+04 3.06871033e+00
3.82529421e+04 3.14302015e+00
3.83022733e+04 3.23867235e+00
3.83340323e+04 3.31576283e+00
3.83657913e+04 3.40990591e+00
3.83953212e+04 3.51648088e+00
3.84248511e+04 3.64688523e+00
3.84484289e+04 3.77277204e+00
3.84720067e+04 3.92328209e+00
3.84954399e+04 4.10497178e+00
3.85108693e+04 4.24668289e+00
3.85262987e+04 4.41069308e+00
3.85417280e+04 4.60078740e+00
3.85568854e+04 4.81875176e+00
3.85680494e+04 5.00396323e+00
3.85792135e+04 5.21334323e+00
3.85903775e+04 5.45097916e+00
3.86015415e+04 5.72239372e+00
3.86127691e+04 6.03634324e+00
3.86203390e+04 6.27623878e+00
3.86279089e+04 6.54266819e+00
3.86354788e+04 6.83911833e+00
3.86430487e+04 7.17000439e+00
3.86506186e+04 7.54082506e+00
3.86581885e+04 7.95812743e+00
3.86657584e+04 8.42960758e+00
3.86722160e+04 8.88183558e+00
3.86775612e+04 9.29649294e+00
3.86829065e+04 9.75255321e+00
3.86882518e+04 1.02552959e+01
3.86935970e+04 1.08113389e+01
3.86989423e+04 1.14286369e+01
3.87042876e+04 1.21161699e+01
3.87096328e+04 1.28840858e+01
3.87142573e+04 1.36224015e+01
3.87181610e+04 1.43060035e+01
3.87220647e+04 1.50514911e+01
3.87259684e+04 1.58659357e+01
3.87298721e+04 1.67572450e+01
3.87337758e+04 1.77342059e+01
3.87376795e+04 1.88066077e+01
3.87415832e+04 1.99853521e+01
3.87451430e+04 2.11631499e+01
3.87483587e+04 2.23201414e+01
3.87515745e+04 2.35735995e+01
3.87547903e+04 2.49318413e+01
3.87580061e+04 2.64034194e+01
3.87612218e+04 2.79969284e+01
3.87644376e+04 2.97207457e+01
3.87676534e+04 3.15826766e+01
3.87706979e+04 3.34788464e+01
3.87750078e+04 3.63931655e+01
3.87793176e+04 3.95810105e+01
3.87836275e+04 4.30355228e+01
3.87879374e+04 4.67345048e+01
3.87940018e+04 5.22723249e+01
3.88062833e+04 6.39017993e+01
3.88115468e+04 6.85656446e+01
3.88150558e+04 7.13809370e+01
3.88185649e+04 7.38656859e+01
3.88220079e+04 7.59073473e+01
3.88253849e+04 7.74654136e+01
3.88287620e+04 7.85336256e+01
3.88321390e+04 7.90776489e+01
3.88338275e+04 7.91470246e+01
3.88376391e+04 7.88046036e+01
3.88414507e+04 7.77869743e+01
3.88452623e+04 7.61378595e+01
3.88490738e+04 7.39247789e+01
3.88528854e+04 7.12337543e+01
3.88566970e+04 6.81627930e+01
3.88617791e+04 6.36542949e+01
3.88759764e+04 5.03053196e+01
3.88819446e+04 4.50081364e+01
3.88864207e+04 4.13150725e+01
3.88908968e+04 3.79001267e+01
3.88953729e+04 3.47764292e+01
3.88983570e+04 3.28555133e+01
3.89017027e+04 3.08512857e+01
3.89050485e+04 2.89986944e+01
3.89083942e+04 2.72895546e+01
3.89117400e+04 2.57147795e+01
3.89150857e+04 2.42648529e+01
3.89184314e+04 2.29302398e+01
3.89217772e+04 2.17016201e+01
3.89251229e+04 2.05701151e+01
3.89293261e+04 1.92735074e+01
3.89335292e+04 1.81019573e+01
3.89377324e+04 1.70419116e+01
3.89419356e+04 1.60812497e+01
3.89461388e+04 1.52090938e+01
3.89503420e+04 1.44156605e+01
3.89545451e+04 1.36921735e+01
3.89602433e+04 1.28094037e+01
3.89647282e+04 1.21843707e+01
3.89707080e+04 1.14342649e+01
3.89766879e+04 1.07672195e+01
3.89826678e+04 1.01719222e+01
3.89886476e+04 9.63878957e+00
3.89946275e+04 9.15964338e+00
3.90006073e+04 8.72754383e+00
3.90065872e+04 8.33681112e+00
3.90140456e+04 7.90013035e+00
3.90215041e+04 7.51161175e+00
3.90289625e+04 7.16402799e+00
3.90364210e+04 6.85203077e+00
3.90438794e+04 6.57128624e+00
3.90550671e+04 6.20060292e+00
3.90662547e+04 5.88090671e+00
3.90778446e+04 5.59324435e+00
3.90894344e+04 5.34194138e+00
3.91010242e+04 5.12178743e+00
3.91126141e+04 4.92853448e+00
3.91280672e+04 4.70450237e+00
3.91443482e+04 4.50172645e+00
3.91606292e+04 4.32811258e+00
3.91769101e+04 4.17894587e+00
3.91931911e+04 4.05001191e+00
3.92195571e+04 3.87276122e+00
3.92459231e+04 3.72580008e+00
3.92635004e+04 3.64304402e+00
3.92949990e+04 3.51823410e+00
3.93264976e+04 3.41557606e+00
3.93672847e+04 3.30867566e+00
3.94080718e+04 3.22278828e+00
3.94616932e+04 3.13427631e+00
3.95153146e+04 3.06498477e+00
3.95765962e+04 3.00339579e+00
3.96442900e+04 2.95096151e+00
3.97458306e+04 2.89278863e+00
3.98806248e+04 2.83947825e+00
4.00554419e+04 2.79428826e+00
4.02874119e+04 2.75708299e+00
4.06382778e+04 2.72496330e+00
4.12116107e+04 2.69903561e+00
4.23826569e+04 2.67733856e+00
4.81549750e+04 2.65566414e+00
9.78748319e+04 2.58367775e+00
1.42045782e+05 2.53183946e+00
1.47997325e+05 2.53907736e+00
1.50993611e+05 2.55732008e+00
1.52767769e+05 2.58405349e+00
1.53912507e+05 2.61713585e+00
1.54755999e+05 2.65812662e+00
1.55418743e+05 2.70862870e+00
1.55900738e+05 2.76264202e+00
1.56310434e+05 2.82681686e+00
1.56599632e+05 2.88725426e+00
1.56888829e+05 2.96568709e+00
1.57105727e+05 3.04077185e+00
1.57322625e+05 3.13474765e+00
1.57467223e+05 3.21111032e+00
1.57611822e+05 3.30195557e+00
1.57756420e+05 3.41055331e+00
1.57901019e+05 3.54110441e+00
1.58009468e+05 3.65730961e+00
1.58117917e+05 3.79337292e+00
1.58220341e+05 3.94369432e+00
1.58322765e+05 4.11939586e+00
1.58413139e+05 4.30081587e+00
1.58503513e+05 4.51191349e+00
1.58578825e+05 4.71490132e+00
1.58654137e+05 4.94627148e+00
1.58721918e+05 5.18453024e+00
1.58789698e+05 5.45579345e+00
1.58857479e+05 5.76468473e+00
1.58925259e+05 6.11597061e+00
1.58990922e+05 6.50448071e+00
1.59056584e+05 6.94912915e+00
1.59120129e+05 7.43298841e+00
1.59179437e+05 7.94447067e+00
1.59238745e+05 8.51580890e+00
1.59280684e+05 8.95802568e+00
1.59347193e+05 9.72310784e+00
1.59413703e+05 1.05613368e+01
1.59546016e+05 1.23695889e+01
1.59630736e+05 1.35176975e+01
1.59686635e+05 1.42083886e+01
1.59723901e+05 1.46091653e+01
1.59761167e+05 1.49460587e+01
1.59807568e+05 1.52539960e+01
1.59853967e+05 1.54294056e+01
1.59884901e+05 1.54660665e+01
1.59922203e+05 1.54144101e+01
1.59959505e+05 1.52701083e+01
1.59996807e+05 1.50370806e+01
1.60034108e+05 1.47248382e+01
1.60079535e+05 1.42556509e+01
1.60155247e+05 1.33320924e+01
1.60342627e+05 1.08303460e+01
1.60403630e+05 1.00652633e+01
1.60464632e+05 9.35740190e+00
1.60527894e+05 8.68881652e+00
1.60573081e+05 8.25860505e+00
1.60618268e+05 7.85715566e+00
1.60686049e+05 7.31593197e+00
1.60753829e+05 6.83848624e+00
1.60799016e+05 6.55367724e+00
1.60866797e+05 6.17229874e+00
1.60934578e+05 5.83603851e+00
1.61002358e+05 5.54004607e+00
1.61070139e+05 5.27891706e+00
1.61137919e+05 5.04872431e+00
1.61239590e+05 4.75105766e+00
1.61341261e+05 4.49998275e+00
1.61431635e+05 4.30891675e+00
1.61522009e+05 4.14388018e+00
1.61627446e+05 3.97770027e+00
1.61732882e+05 3.83505856e+00
1.61859406e+05 3.68972925e+00
1.61985930e+05 3.56608300e+00
1.62130528e+05 3.44713028e+00
1.62275127e+05 3.34740820e+00
1.62492025e+05 3.22508308e+00
1.62708923e+05 3.12732930e+00
1.62925821e+05 3.04852641e+00
1.63215018e+05 2.96501051e+00
1.63523796e+05 2.89563196e+00
1.63944036e+05 2.82412221e+00
1.64426031e+05 2.76406242e+00
1.65028525e+05 2.71027593e+00
1.65751519e+05 2.66528668e+00
1.66836008e+05 2.62095507e+00
1.68346235e+05 2.58362548e+00
1.70642310e+05 2.55186623e+00
1.78429460e+05 2.50701817e+00
1.83046144e+05 2.48712512e+00
1.83604622e+05 2.49561385e+00
1.83790782e+05 2.50878321e+00
1.83931104e+05 2.53102256e+00
1.84018301e+05 2.55680043e+00
1.84105498e+05 2.60051061e+00
1.84164094e+05 2.64762213e+00
1.84203158e+05 2.69295286e+00
1.84232457e+05 2.73884102e+00
1.84261755e+05 2.79915267e+00
1.84286003e+05 2.86380463e+00
1.84310251e+05 2.94660972e+00
1.84326417e+05 3.01541204e+00
1.84342582e+05 3.09880003e+00
1.84358748e+05 3.20066682e+00
1.84370872e+05 3.29231352e+00
1.84382996e+05 3.40035287e+00
1.84396553e+05 3.54537962e+00
1.84407502e+05 3.68563278e+00
1.84418450e+05 3.85134190e+00
1.84426662e+05 3.99559162e+00
1.84434873e+05 4.15997603e+00
1.84443085e+05 4.34761674e+00
1.84451296e+05 4.56192487e+00
1.84459508e+05 4.80653840e+00
1.84467719e+05 5.08515686e+00
1.84475930e+05 5.40134983e+00
1.84481955e+05 5.65903661e+00
1.84488530e+05 5.96628196e+00
1.84495105e+05 6.30119752e+00
1.84501680e+05 6.66349249e+00
1.84511542e+05 7.25490414e+00
1.84521405e+05 7.89442784e+00
1.84547484e+05 9.66621091e+00
1.84555592e+05 1.01777616e+01
1.84563700e+05 1.06354518e+01
1.84571808e+05 1.10184572e+01
1.84577889e+05 1.12453901e+01
1.84583970e+05 1.14134093e+01
1.84590052e+05 1.15178623e+01
1.84596133e+05 1.15560804e+01
1.84601219e+05 1.15367377e+01
1.84608848e+05 1.14222331e+01
1.84616477e+05 1.12117305e+01
1.84624106e+05 1.09165203e+01
1.84631735e+05 1.05511082e+01
1.84641907e+05 9.98311640e+00
1.84657165e+05 9.03797019e+00
1.84672423e+05 8.08328548e+00
1.84681634e+05 7.53857732e+00
1.84689883e+05 7.08322661e+00
1.84698133e+05 6.66363722e+00
1.84706383e+05 6.28187844e+00
1.84714633e+05 5.93787068e+00
1.84722882e+05 5.63003942e+00
1.84731132e+05 5.35583113e+00
1.84739381e+05 5.11217596e+00
1.84747414e+05 4.90120324e+00
1.84755230e+05 4.71802575e+00
1.84766953e+05 4.47872732e+00
1.84778677e+05 4.27555314e+00
1.84790400e+05 4.10230889e+00
1.84802124e+05 3.95377232e+00
1.84813847e+05 3.82562098e+00
1.84829479e+05 3.68056127e+00
1.84845110e+05 3.55929963e+00
1.84860742e+05 3.45705802e+00
1.84884863e+05 3.32801744e+00
1.84909322e+05 3.22341640e+00
1.84933780e+05 3.13897075e+00
1.84966392e+05 3.04958362e+00
1.84999004e+05 2.97900866e+00
1.85032465e+05 2.92162545e+00
1.85082658e+05 2.85522360e+00
1.85132851e+05 2.80447649e+00
1.85211654e+05 2.74683470e+00
1.85290457e+05 2.70550442e+00
1.85375405e+05 2.67311371e+00
1.85460353e+05 2.64840281e+00
1.85659855e+05 2.61020308e+00
1.85944745e+05 2.57919304e+00
1.86433478e+05 2.55220887e+00
1.87368612e+05 2.53013812e+00
1.89486396e+05 2.51268626e+00
2.00288829e+05 2.49444019e+00
2.18971667e+05 2.48432572e+00
2.44462864e+05 2.50118679e+00
2.60414957e+05 2.53127834e+00
2.74835872e+05 2.57758368e+00
2.82631586e+05 2.61375535e+00
2.91103998e+05 2.66392797e+00
3.00634222e+05 2.73937713e+00
3.08985856e+05 2.82295049e+00
3.17765826e+05 2.93052188e+00
3.25526375e+05 3.04508206e+00
3.29108642e+05 3.11449456e+00
3.30950441e+05 3.16868607e+00
3.32038724e+05 3.21997171e+00
3.32764247e+05 3.27318338e+00
3.33293273e+05 3.33078146e+00
3.33671149e+05 3.38868457e+00
3.33961358e+05 3.44823112e+00
3.34251567e+05 3.52685694e+00
3.34445040e+05 3.59437724e+00
3.34638513e+05 3.67916091e+00
3.34831985e+05 3.78628770e+00
3.34977090e+05 3.88659900e+00
3.35122194e+05 4.00989030e+00
3.35243115e+05 4.13506084e+00
3.35364035e+05 4.28502595e+00
3.35460771e+05 4.42879357e+00
3.35557508e+05 4.59885689e+00
3.35648198e+05 4.78703613e+00
3.35738888e+05 5.00931870e+00
3.35822777e+05 5.25217046e+00
3.35906665e+05 5.53656993e+00
3.35962591e+05 5.75376025e+00
3.36017005e+05 5.99130158e+00
3.36071419e+05 6.25641795e+00
3.36125834e+05 6.55203060e+00
3.36180248e+05 6.88245014e+00
3.36234662e+05 7.25091078e+00
3.36289076e+05 7.66013920e+00
3.36343490e+05 8.11267000e+00
3.36397904e+05 8.60967134e+00
3.36452958e+05 9.15669560e+00
3.36544715e+05 1.01397367e+01
3.36691525e+05 1.17674742e+01
3.36742257e+05 1.22847274e+01
3.36792989e+05 1.27397893e+01
3.36831038e+05 1.30200204e+01
3.36869087e+05 1.32387991e+01
3.36910216e+05 1.33965611e+01
3.36941741e+05 1.34578324e+01
3.36957503e+05 1.34672444e+01
3.36996549e+05 1.34309733e+01
3.37035595e+05 1.33171415e+01
3.37074642e+05 1.31308459e+01
3.37113688e+05 1.28787680e+01
3.37165749e+05 1.24617548e+01
3.37232161e+05 1.18404835e+01
3.37431396e+05 9.82768134e+00
3.37504090e+05 9.14448641e+00
3.37576784e+05 8.52458671e+00
3.37625246e+05 8.14860752e+00
3.37679660e+05 7.76221221e+00
3.37734075e+05 7.41097642e+00
3.37788489e+05 7.09303430e+00
3.37842903e+05 6.80694491e+00
3.37932460e+05 6.39534458e+00
3.38022017e+05 6.04289121e+00
3.38081721e+05 5.83678053e+00
3.38142559e+05 5.65153226e+00
3.38233816e+05 5.40686650e+00
3.38325073e+05 5.19671159e+00
3.38428611e+05 4.99341976e+00
3.38532149e+05 4.82136765e+00
3.38653070e+05 4.65225186e+00
3.38773990e+05 4.50912649e+00
3.38925140e+05 4.36115634e+00
3.39076291e+05 4.23968706e+00
3.39257671e+05 4.12018722e+00
3.39439052e+05 4.02324822e+00
3.39632525e+05 3.93936755e+00
3.39922734e+05 3.84067348e+00
3.40212943e+05 3.76543601e+00
3.40599888e+05 3.69079919e+00
3.41137984e+05 3.61850376e+00
3.41742585e+05 3.56464338e+00
3.42589028e+05 3.51777200e+00
3.43798232e+05 3.48175738e+00
3.45685677e+05 3.45911503e+00
3.48372046e+05 3.45314424e+00
3.52014056e+05 3.45493517e+00
3.56585420e+05 3.44256732e+00
3.60092799e+05 3.40833958e+00
3.63041476e+05 3.35537227e+00
3.65730026e+05 3.28297133e+00
3.68148210e+05 3.19429511e+00
3.70396013e+05 3.09018725e+00
3.75306327e+05 2.82173646e+00
3.76346256e+05 2.78241272e+00
3.77100471e+05 2.77096389e+00
3.77629891e+05 2.77730123e+00
3.78159310e+05 2.80034912e+00
3.78515933e+05 2.82811480e+00
3.78872556e+05 2.86850979e+00
3.79194278e+05 2.91793451e+00
3.79585802e+05 2.99784942e+00
3.79942425e+05 3.09261101e+00
3.80209892e+05 3.18023413e+00
3.80477359e+05 3.28334328e+00
3.80770091e+05 3.41672079e+00
3.81037558e+05 3.55780922e+00
3.81279761e+05 3.70419107e+00
3.81547228e+05 3.88567527e+00
3.81814695e+05 4.09007750e+00
3.82082162e+05 4.31599692e+00
3.82349630e+05 4.56589592e+00
3.82617097e+05 4.83226345e+00
3.83017176e+05 5.26325168e+00
3.84118425e+05 6.51112513e+00
3.84486363e+05 6.89443537e+00
3.84791676e+05 7.17939183e+00
3.85080202e+05 7.41450914e+00
3.85426092e+05 7.64793785e+00
3.85737547e+05 7.81077758e+00
3.86114517e+05 7.94836325e+00
3.86629105e+05 8.04391072e+00
3.86842366e+05 8.05607705e+00
3.87324286e+05 8.03030667e+00
3.87806207e+05 7.95655123e+00
3.88968440e+05 7.67986538e+00
3.89015835e+05 7.69907268e+00
3.89035643e+05 7.73946324e+00
3.89055450e+05 7.81620459e+00
3.89075258e+05 7.93921089e+00
3.89085161e+05 8.01823803e+00
3.89129728e+05 8.43140594e+00
3.89144584e+05 8.53423730e+00
3.89159439e+05 8.58731075e+00
3.89164391e+05 8.59185017e+00
3.89178310e+05 8.56817197e+00
3.89192229e+05 8.49533516e+00
3.89213108e+05 8.32199302e+00
3.89247906e+05 7.99742829e+00
3.89268785e+05 7.84599958e+00
3.89289664e+05 7.74133825e+00
3.89317502e+05 7.65914854e+00
3.89359259e+05 7.60075629e+00
3.89387098e+05 7.57872359e+00
3.89851306e+05 7.39050877e+00
3.91215629e+05 6.96328034e+00
3.92479920e+05 6.61509020e+00
3.93724427e+05 6.31886465e+00
3.95071022e+05 6.04488617e+00
3.96532014e+05 5.79354419e+00
3.98187886e+05 5.55399636e+00
3.99877411e+05 5.34781168e+00
4.01985007e+05 5.13066450e+00
4.04412808e+05 4.92102011e+00
4.07265415e+05 4.71477303e+00
4.10553995e+05 4.51400256e+00
4.14557479e+05 4.30751087e+00
4.19174917e+05 4.10523777e+00
4.24575976e+05 3.90240197e+00
4.30807968e+05 3.70029488e+00
4.38701824e+05 3.47651900e+00
4.61967925e+05 2.88255391e+00
4.64460722e+05 2.83384115e+00
4.66538052e+05 2.81668132e+00
4.67680584e+05 2.82555676e+00
4.68823116e+05 2.85355543e+00
4.69654048e+05 2.89109152e+00
4.70484981e+05 2.94669546e+00
4.71315913e+05 3.02339104e+00
4.72146845e+05 3.12337227e+00
4.72977777e+05 3.24692631e+00
4.73808709e+05 3.39142848e+00
4.76405372e+05 3.89170825e+00
4.77340171e+05 4.04618561e+00
4.78160667e+05 4.15457377e+00
4.78821038e+05 4.22085802e+00
4.79699686e+05 4.28311529e+00
4.80674179e+05 4.31920477e+00
4.81459767e+05 4.32805798e+00
4.83346897e+05 4.29955539e+00
4.85234027e+05 4.24203418e+00
4.90011887e+05 4.07566031e+00
4.93543349e+05 3.98329644e+00
4.97074811e+05 3.92139022e+00
5.00814006e+05 3.88473402e+00
5.04553201e+05 3.87304128e+00
5.08112370e+05 3.88436712e+00
5.13277989e+05 3.93083787e+00
5.17848116e+05 4.00571795e+00
5.22002777e+05 4.10134159e+00
5.26157438e+05 4.22441313e+00
5.30312099e+05 4.37617401e+00
5.34882226e+05 4.57689372e+00
5.39816909e+05 4.83085937e+00
5.45324102e+05 5.15331976e+00
5.48058162e+05 5.33925322e+00
5.49268961e+05 5.44875191e+00
5.50050121e+05 5.55217769e+00
5.50570894e+05 5.65713845e+00
5.50961474e+05 5.77523158e+00
5.51221861e+05 5.88753449e+00
5.51417151e+05 6.00101116e+00
5.51612441e+05 6.15101020e+00
5.51758909e+05 6.29750623e+00
5.51905376e+05 6.48330817e+00
5.52022550e+05 6.67154255e+00
5.52139724e+05 6.90527909e+00
5.52236244e+05 7.14046463e+00
5.52332764e+05 7.42319175e+00
5.52425698e+05 7.75137358e+00
5.52511462e+05 8.10844316e+00
5.52597225e+05 8.52487368e+00
5.52670834e+05 8.92889183e+00
5.52760876e+05 9.47414418e+00
5.52985981e+05 1.09084419e+01
5.53052156e+05 1.12771600e+01
5.53101787e+05 1.15041167e+01
5.53151418e+05 1.16752020e+01
5.53201049e+05 1.17829139e+01
5.53250680e+05 1.18216697e+01
5.53308189e+05 1.17817451e+01
5.53365698e+05 1.16588567e+01
5.53423207e+05 1.14648173e+01
5.53480716e+05 1.12135475e+01
5.53636795e+05 1.04050936e+01
5.53823770e+05 9.42131141e+00
5.53916457e+05 8.99238424e+00
5.54009143e+05 8.61698607e+00
5.54113501e+05 8.25417820e+00
5.54223695e+05 7.93458647e+00
5.54333889e+05 7.66718909e+00
5.54457014e+05 7.42171379e+00
5.54580138e+05 7.22038538e+00
5.54662221e+05 7.10627194e+00
5.54807061e+05 6.93851091e+00
5.54951901e+05 6.80320720e+00
5.55163465e+05 6.64888952e+00
5.55375029e+05 6.53004480e+00
5.55635416e+05 6.42200770e+00
5.56025996e+05 6.31047386e+00
5.56546769e+05 6.21823577e+00
5.57240049e+05 6.15085527e+00
5.58245793e+05 6.10786698e+00
5.59808113e+05 6.09271916e+00
5.63566027e+05 6.10339489e+00
5.66751532e+05 6.08151485e+00
5.69253729e+05 6.02891227e+00
5.72321621e+05 5.92132545e+00
5.81289200e+05 5.46975982e+00
5.83620680e+05 5.37365773e+00
5.85952160e+05 5.30489899e+00
5.88678434e+05 5.26560225e+00
5.93620883e+05 5.22847981e+00
5.95780685e+05 5.17955947e+00
5.97709581e+05 5.10657090e+00
6.00048696e+05 4.97877708e+00
6.02921254e+05 4.77833055e+00
6.12119762e+05 4.04558981e+00
6.14549348e+05 3.87484218e+00
6.16002209e+05 3.79598804e+00
6.17015962e+05 3.77045336e+00
6.17467927e+05 3.77859221e+00
6.17919892e+05 3.80956539e+00
6.18156435e+05 3.84236408e+00
6.18392977e+05 3.89385989e+00
6.18592470e+05 3.95943737e+00
6.18791963e+05 4.05317784e+00
6.18924479e+05 4.13969333e+00
6.19056996e+05 4.25403512e+00
6.19155814e+05 4.36241199e+00
6.19254631e+05 4.49852515e+00
6.19353152e+05 4.67096601e+00
6.19418436e+05 4.81028513e+00
6.19483720e+05 4.97609077e+00
6.19549004e+05 5.17316160e+00
6.19611754e+05 5.39793321e+00
6.19671970e+05 5.65316943e+00
6.19717133e+05 5.87615020e+00
6.19762295e+05 6.12985756e+00
6.19807457e+05 6.41772366e+00
6.19843252e+05 6.67229538e+00
6.19884735e+05 6.99856935e+00
6.19926218e+05 7.36075380e+00
6.19967701e+05 7.75675155e+00
6.20029925e+05 8.40646949e+00
6.20154373e+05 9.78443975e+00
6.20204140e+05 1.02860722e+01
6.20241465e+05 1.06046760e+01
6.20278790e+05 1.08515157e+01
6.20303673e+05 1.09669519e+01
6.20328557e+05 1.10375434e+01
6.20353440e+05 1.10608195e+01
6.20384327e+05 1.10237415e+01
6.20415213e+05 1.09163246e+01
6.20446100e+05 1.07437759e+01
6.20476987e+05 1.05140985e+01
6.20518169e+05 1.01384655e+01
6.20579942e+05 9.48765506e+00
6.20682898e+05 8.34170093e+00
6.20744154e+05 7.70337641e+00
6.20790096e+05 7.26891022e+00
6.20836038e+05 6.87598691e+00
6.20881980e+05 6.52449836e+00
6.20927921e+05 6.21245442e+00
6.20976029e+05 5.92444585e+00
6.21024136e+05 5.67176950e+00
6.21072244e+05 5.44997076e+00
6.21120351e+05 5.25499643e+00
6.21184495e+05 5.03105825e+00
6.21252903e+05 4.82893049e+00
6.21321312e+05 4.65815877e+00
6.21389720e+05 4.51345678e+00
6.21458129e+05 4.38920844e+00
6.21561979e+05 4.23286002e+00
6.21665829e+05 4.10805066e+00
6.21735063e+05 4.03548497e+00
6.21874388e+05 3.91511905e+00
6.22013713e+05 3.81850888e+00
6.22216068e+05 3.70993262e+00
6.22418422e+05 3.62675569e+00
6.22653909e+05 3.55144867e+00
6.22889395e+05 3.49191584e+00
6.23288561e+05 3.41431525e+00
6.23795437e+05 3.34101890e+00
6.24555752e+05 3.25995057e+00
6.25514242e+05 3.18348010e+00
6.26860209e+05 3.10174112e+00
6.28342543e+05 3.03441414e+00
6.29663193e+05 2.99233182e+00
6.30878952e+05 2.96895305e+00
6.31790772e+05 2.96223270e+00
6.32841543e+05 2.96890692e+00
6.33892314e+05 2.99276210e+00
6.34528128e+05 3.01632060e+00
6.35375879e+05 3.06048975e+00
6.35969681e+05 3.10066841e+00
6.36778332e+05 3.16881853e+00
6.37586983e+05 3.25329262e+00
6.38395635e+05 3.35520118e+00
6.39204286e+05 3.47515150e+00
6.39999530e+05 3.61142424e+00
6.40976479e+05 3.80135342e+00
6.42178735e+05 4.06553031e+00
6.47482211e+05 5.38703066e+00
6.48014839e+05 5.54716574e+00
6.48414310e+05 5.70393357e+00
6.48680624e+05 5.84636128e+00
6.48847070e+05 5.96413436e+00
6.49013516e+05 6.11561837e+00
6.49138351e+05 6.26246230e+00
6.49263185e+05 6.44834793e+00
6.49341207e+05 6.59084990e+00
6.49419229e+05 6.76112650e+00
6.49497250e+05 6.96345552e+00
6.49575272e+05 7.20346093e+00
6.49641157e+05 7.44180246e+00
6.49707042e+05 7.71819636e+00
6.49772927e+05 8.03593059e+00
6.49838812e+05 8.39637194e+00
6.49935981e+05 8.99673040e+00
6.50128414e+05 1.02470838e+01
6.50189386e+05 1.05848202e+01
6.50235115e+05 1.07870955e+01
6.50280844e+05 1.09320424e+01
6.50326573e+05 1.10134563e+01
6.50355607e+05 1.10307316e+01
6.50401167e+05 1.10037501e+01
6.50446727e+05 1.09154300e+01
6.50507473e+05 1.07207826e+01
6.50568220e+05 1.04590917e+01
6.50841578e+05 9.09691630e+00
6.50930324e+05 8.70307515e+00
6.51019070e+05 8.36216221e+00
6.51107816e+05 8.07425037e+00
6.51196562e+05 7.82796139e+00
6.51320096e+05 7.54869406e+00
6.51443631e+05 7.32699048e+00
6.51593432e+05 7.11691338e+00
6.51743234e+05 6.95474753e+00
6.51942969e+05 6.79111632e+00
6.52142705e+05 6.66829789e+00
6.52408162e+05 6.54867844e+00
6.52673619e+05 6.46137365e+00
6.53085360e+05 6.36571298e+00
6.53716610e+05 6.26798321e+00
6.54911344e+05 6.14706596e+00
6.66328515e+05 5.21602260e+00
6.70126654e+05 4.94910265e+00
6.73998913e+05 4.71530816e+00
6.77987520e+05 4.51011035e+00
6.82282942e+05 4.32290863e+00
6.87191997e+05 4.14329181e+00
6.92714683e+05 3.97457118e+00
6.98736069e+05 3.82206582e+00
7.05275900e+05 3.68603395e+00
7.09582928e+05 3.61819172e+00
7.11002289e+05 3.60874203e+00
7.11849012e+05 3.61634289e+00
7.12695735e+05 3.64714540e+00
7.13106860e+05 3.68563048e+00
7.13380944e+05 3.72996205e+00
7.13586506e+05 3.78081412e+00
7.13792069e+05 3.85518732e+00
7.13929111e+05 3.92496279e+00
7.14066153e+05 4.01901756e+00
7.14176275e+05 4.11924195e+00
7.14286398e+05 4.24888873e+00
7.14359814e+05 4.35643481e+00
7.14433229e+05 4.48672019e+00
7.14506644e+05 4.64305259e+00
7.14580059e+05 4.82865639e+00
7.14653475e+05 5.04517313e+00
7.14721485e+05 5.27234895e+00
7.14925517e+05 6.00792597e+00
7.14972397e+05 6.15212042e+00
7.15019277e+05 6.26487996e+00
7.15066157e+05 6.33830158e+00
7.15113036e+05 6.36689169e+00
7.15147497e+05 6.35728600e+00
7.15199189e+05 6.29631124e+00
7.15250880e+05 6.18696712e+00
7.15302572e+05 6.03927624e+00
7.15388724e+05 5.74839674e+00
7.15531029e+05 5.25038685e+00
7.15602182e+05 5.02541172e+00
7.15673335e+05 4.82851370e+00
7.15755774e+05 4.63430171e+00
7.15838213e+05 4.47289169e+00
7.15920652e+05 4.33965380e+00
7.16003092e+05 4.22962253e+00
7.16115968e+05 4.10861027e+00
7.16228844e+05 4.01302697e+00
7.16304094e+05 3.96061584e+00
7.16519752e+05 3.84880154e+00
7.16591637e+05 3.81811811e+00
7.16831460e+05 3.74087046e+00
7.17071284e+05 3.68643360e+00
7.17482409e+05 3.62407872e+00
7.18030576e+05 3.57246633e+00
7.18955608e+05 3.52161912e+00
7.20570744e+05 3.47173452e+00
7.23733228e+05 3.41266237e+00
7.30507253e+05 3.32313425e+00
7.41642878e+05 3.20777464e+00
7.55300562e+05 3.09442226e+00
7.71106383e+05 2.98922117e+00
7.89271540e+05 2.89272383e+00
8.07674185e+05 2.81704371e+00
8.22076255e+05 2.77561870e+00
8.33037831e+05 2.76260146e+00
8.38914163e+05 2.77055724e+00
8.45279590e+05 2.79760951e+00
8.49120142e+05 2.83483169e+00
8.52000556e+05 2.88012971e+00
8.54560924e+05 2.93973610e+00
8.56481200e+05 3.00195889e+00
8.58081430e+05 3.06957913e+00
8.59681660e+05 3.15713689e+00
8.60961844e+05 3.24492004e+00
8.62242028e+05 3.35224953e+00
8.63522212e+05 3.48451106e+00
8.64642373e+05 3.62401896e+00
8.65762534e+05 3.78795186e+00
8.66722672e+05 3.94957116e+00
8.68562936e+05 4.30013829e+00
8.70243178e+05 4.63246829e+00
8.71244506e+05 4.80317804e+00
8.72062488e+05 4.90907778e+00
8.72697916e+05 4.96245204e+00
8.73506175e+05 4.98846244e+00
8.74114998e+05 4.97432219e+00
8.74723822e+05 4.93537180e+00
8.75523937e+05 4.84882200e+00
8.76164029e+05 4.75592280e+00
8.78024843e+05 4.42466903e+00
8.79766731e+05 4.10099453e+00
8.81124742e+05 3.87519596e+00
8.82404926e+05 3.69083421e+00
8.83685110e+05 3.53408462e+00
8.84965294e+05 3.40216952e+00
8.86405501e+05 3.27890601e+00
8.88005731e+05 3.16756824e+00
8.89605961e+05 3.07664320e+00
8.91526237e+05 2.98914837e+00
8.93766559e+05 2.90896242e+00
8.96646973e+05 2.82988546e+00
9.00167479e+05 2.75835252e+00
9.04328077e+05 2.69619389e+00
9.10088905e+05 2.63424661e+00
9.17770009e+05 2.57566517e+00
9.29691723e+05 2.51050789e+00
9.51958440e+05 2.40395138e+00
9.53035033e+05 2.41355214e+00
9.53393897e+05 2.42420708e+00
9.53708518e+05 2.44243267e+00
9.54023139e+05 2.47435940e+00
9.54219777e+05 2.50645803e+00
9.54416415e+05 2.55389411e+00
9.54570730e+05 2.60778240e+00
9.54686466e+05 2.66226811e+00
9.54766648e+05 2.70905346e+00
9.54849854e+05 2.76906090e+00
9.54933060e+05 2.84342067e+00
9.55016267e+05 2.93600523e+00
9.55095805e+05 3.04531166e+00
9.55152708e+05 3.13962180e+00
9.55209611e+05 3.24995632e+00
9.55266514e+05 3.37882434e+00
9.55323417e+05 3.52866314e+00
9.55361353e+05 3.64200039e+00
9.55410192e+05 3.80565018e+00
9.55459032e+05 3.98913979e+00
9.55507871e+05 4.19208649e+00
9.55581131e+05 4.52834691e+00
9.55752069e+05 5.36123922e+00
9.55807140e+05 5.59501693e+00
9.55848443e+05 5.73767876e+00
9.55889746e+05 5.84406353e+00
9.55931049e+05 5.90943088e+00
9.55972353e+05 5.93157256e+00
9.56010299e+05 5.91401695e+00
9.56048245e+05 5.86230222e+00
9.56073542e+05 5.81075446e+00
9.56124137e+05 5.67435079e+00
9.56174732e+05 5.50538308e+00
9.56377111e+05 4.73702396e+00
9.56457187e+05 4.45568678e+00
9.56517244e+05 4.26668789e+00
9.56577301e+05 4.09782437e+00
9.56617340e+05 3.99626191e+00
9.56697416e+05 3.81663846e+00
9.56783445e+05 3.65331941e+00
9.56869474e+05 3.51613378e+00
9.56955503e+05 3.40064354e+00
9.57041532e+05 3.30360673e+00
9.57166889e+05 3.18724137e+00
9.57292246e+05 3.09303786e+00
9.57375817e+05 3.04058101e+00
9.57533127e+05 2.95903893e+00
9.57690438e+05 2.89406561e+00
9.57926403e+05 2.81877961e+00
9.58162369e+05 2.76169583e+00
9.58437662e+05 2.71143182e+00
9.58712955e+05 2.67301027e+00
9.59209466e+05 2.62290601e+00
9.59799380e+05 2.58248879e+00
9.60684251e+05 2.54322705e+00
9.62064927e+05 2.50659154e+00
9.64302268e+05 2.47355134e+00
9.68202333e+05 2.44267498e+00
9.75923696e+05 2.40909339e+00
9.91433273e+05 2.36828765e+00
1.00986022e+06 2.33736844e+00
1.02634113e+06 2.32692550e+00
1.03627821e+06 2.33461686e+00
1.04621529e+06 2.35719024e+00
1.05369806e+06 2.39081762e+00
1.05954058e+06 2.43201741e+00
1.06404183e+06 2.47467070e+00
1.06918289e+06 2.53968041e+00
1.07339574e+06 2.60751677e+00
1.07781313e+06 2.69684815e+00
1.08198874e+06 2.80076945e+00
1.08606907e+06 2.92216859e+00
1.09028921e+06 3.06925609e+00
1.09539887e+06 3.27321357e+00
1.09802204e+06 3.40093291e+00
1.09810494e+06 3.41494116e+00
1.09816861e+06 3.43912422e+00
1.09820561e+06 3.47051416e+00
1.09823505e+06 3.51159624e+00
1.09826180e+06 3.56483538e+00
1.09829956e+06 3.66667906e+00
1.09835898e+06 3.85634714e+00
1.09838391e+06 3.92149335e+00
1.09840533e+06 3.95852945e+00
1.09842708e+06 3.97284962e+00
1.09844929e+06 3.96135326e+00
1.09847341e+06 3.92137237e+00
1.09850016e+06 3.85215136e+00
1.09855867e+06 3.67262467e+00
1.09859469e+06 3.58159975e+00
1.09862029e+06 3.53403736e+00
1.09864780e+06 3.49808999e+00
1.09868492e+06 3.46872562e+00
1.09875501e+06 3.44566822e+00
1.09886895e+06 3.43724144e+00
1.10025805e+06 3.48564394e+00
1.10998170e+06 3.91379718e+00
1.11213820e+06 4.03138959e+00
1.11349402e+06 4.13153749e+00
1.11444235e+06 4.22726266e+00
1.11520182e+06 4.33034197e+00
1.11584991e+06 4.44680287e+00
1.11639959e+06 4.57588872e+00
1.11686167e+06 4.71413636e+00
1.11730104e+06 4.87864964e+00
1.11769159e+06 5.05856456e+00
1.11803333e+06 5.24733620e+00
1.11837506e+06 5.46899687e+00
1.11871679e+06 5.72507055e+00
1.11974199e+06 6.59359515e+00
1.12005240e+06 6.82009436e+00
1.12030668e+06 6.95829870e+00
1.12052057e+06 7.02897072e+00
1.12072594e+06 7.05175500e+00
1.12094184e+06 7.02700248e+00
1.12115774e+06 6.95729089e+00
1.12140184e+06 6.83176221e+00
1.12169475e+06 6.63411171e+00
1.12267113e+06 5.87734281e+00
1.12311050e+06 5.57354016e+00
1.12350105e+06 5.34153861e+00
1.12394043e+06 5.12201789e+00
1.12437980e+06 4.94057507e+00
1.12486799e+06 4.77588194e+00
1.12545381e+06 4.61772888e+00
1.12608846e+06 4.48265362e+00
1.12686956e+06 4.35298835e+00
1.12784595e+06 4.22892158e+00
1.12901760e+06 4.11531950e+00
1.13057981e+06 3.99891037e+00
1.13282548e+06 3.86848041e+00
1.13626722e+06 3.70674814e+00
1.14169255e+06 3.48873363e+00
1.14871607e+06 3.23664351e+00
1.16418257e+06 2.72535656e+00
1.16783409e+06 2.58875466e+00
1.17048974e+06 2.47208794e+00
1.17248147e+06 2.36782314e+00
1.17414125e+06 2.26442773e+00
1.17555207e+06 2.16089321e+00
1.17696288e+06 2.04126980e+00
1.17912059e+06 1.84372229e+00
1.17978451e+06 1.79424318e+00
1.18028244e+06 1.76960299e+00
1.18073888e+06 1.76199823e+00
1.18105009e+06 1.76802321e+00
1.18136130e+06 1.78521609e+00
1.18161026e+06 1.80862389e+00
1.18185923e+06 1.84168572e+00
1.18210820e+06 1.88482700e+00
1.18235717e+06 1.93863880e+00
1.18260613e+06 2.00311860e+00
1.18286578e+06 2.08161481e+00
1.18316065e+06 2.18309526e+00
1.18356783e+06 2.34077572e+00
1.18476385e+06 2.84363767e+00
1.18517879e+06 3.00449036e+00
1.18551075e+06 3.12012385e+00
1.18600662e+06 3.26955217e+00
1.18650661e+06 3.39148296e+00
1.18700455e+06 3.48701583e+00
1.18758547e+06 3.57049201e+00
1.18824938e+06 3.63774267e+00
1.18907927e+06 3.69134052e+00
1.19036070e+06 3.72646257e+00
1.19107248e+06 3.70940596e+00
1.19173499e+06 3.67573560e+00
1.19182736e+06 3.69453836e+00
1.19188279e+06 3.72642194e+00
1.19192220e+06 3.76648955e+00
1.19195598e+06 3.81781789e+00
1.19198930e+06 3.88820510e+00
1.19202308e+06 3.98348568e+00
1.19205311e+06 4.09048128e+00
1.19207938e+06 4.20133442e+00
1.19211786e+06 4.38849735e+00
1.19219856e+06 4.81650745e+00
1.19223235e+06 4.97398254e+00
1.19225781e+06 5.07074310e+00
1.19228106e+06 5.13826056e+00
1.19230439e+06 5.18411073e+00
1.19233616e+06 5.21120910e+00
1.19236847e+06 5.20107301e+00
1.19240078e+06 5.16078454e+00
1.19242471e+06 5.11706282e+00
1.19258049e+06 4.76135075e+00
1.19264571e+06 4.64005098e+00
1.19271093e+06 4.54492779e+00
1.19278553e+06 4.46288030e+00
1.19289110e+06 4.38124273e+00
1.19295491e+06 4.34393273e+00
1.19312007e+06 4.27606075e+00
1.19335279e+06 4.22167841e+00
1.19368498e+06 4.18513530e+00
1.19413542e+06 4.17191018e+00
1.19503316e+06 4.19766158e+00
1.19593090e+06 4.25200318e+00
1.19730578e+06 4.37075037e+00
1.19894303e+06 4.54834387e+00
1.20348902e+06 5.13318837e+00
1.20533941e+06 5.34616187e+00
1.20680615e+06 5.47544928e+00
1.20815487e+06 5.55237373e+00
1.20977343e+06 5.58596449e+00
1.21109166e+06 5.56535021e+00
1.21240989e+06 5.50776049e+00
1.21399781e+06 5.39717255e+00
1.21598271e+06 5.21498573e+00
1.22392231e+06 4.35950401e+00
1.22709815e+06 4.04800604e+00
1.22948003e+06 3.84179324e+00
1.23106795e+06 3.72849937e+00
1.23225889e+06 3.66872185e+00
1.23328024e+06 3.64772033e+00
1.23396050e+06 3.65979331e+00
1.23464077e+06 3.69845717e+00
1.23503775e+06 3.73781104e+00
1.23557823e+06 3.81445511e+00
1.23603020e+06 3.90055392e+00
1.23642718e+06 3.99276163e+00
1.23696362e+06 4.13942662e+00
1.23848651e+06 4.61860827e+00
1.23900755e+06 4.76028064e+00
1.23947220e+06 4.85906133e+00
1.23998863e+06 4.93339528e+00
1.24049108e+06 4.97037530e+00
1.24081917e+06 4.97651529e+00
1.24155090e+06 4.95088838e+00
1.24228264e+06 4.88976393e+00
1.24595470e+06 4.45230633e+00
1.24764186e+06 4.28098650e+00
1.24942827e+06 4.13043111e+00
1.25141318e+06 3.99341637e+00
1.25379505e+06 3.86008481e+00
1.25657392e+06 3.73499132e+00
1.25994825e+06 3.61351372e+00
1.26411653e+06 3.49442991e+00
1.26907878e+06 3.38246540e+00
1.27498386e+06 3.27721317e+00
1.28193101e+06 3.17917521e+00
1.29036684e+06 3.08513005e+00
1.29986854e+06 2.98532221e+00
1.29993427e+06 2.96773751e+00
1.30008789e+06 2.90342465e+00
1.30015625e+06 2.88771497e+00
1.31849911e+06 2.79545254e+00
1.34000000e+06 2.69262499e+00
1.36000000e+06 2.61073876e+00
1.37000000e+06 2.57781281e+00
1.37995312e+06 2.59076833e+00
1.38259375e+06 2.64921925e+00
1.38300000e+06 2.66060530e+00
1.38500000e+06 2.82392505e+00
1.38631250e+06 3.08935537e+00
1.38640000e+06 3.11369109e+00
1.38740000e+06 3.49427795e+00
1.38815000e+06 3.82533299e+00
1.38850000e+06 3.93534765e+00
1.38860000e+06 3.95970316e+00
1.38890000e+06 3.99136800e+00
1.38916250e+06 3.97440307e+00
1.38925000e+06 3.95879439e+00
1.38960000e+06 3.86082001e+00
1.39020000e+06 3.62829623e+00
1.39040000e+06 3.54777172e+00
1.39140000e+06 3.20097068e+00
1.39300000e+06 2.88275735e+00
1.39500000e+06 2.70668817e+00
1.40000000e+06 2.56007621e+00
1.41000000e+06 2.47529096e+00
1.42000000e+06 2.43112078e+00
1.44000000e+06 2.36395788e+00
1.53196790e+06 2.10372007e+00
1.75075000e+06 1.45070821e+00
1.75234000e+06 1.43751083e+00
1.75393500e+06 1.44439807e+00
1.75553000e+06 1.47004389e+00
1.75713000e+06 1.44734075e+00
1.76034000e+06 1.46002708e+00
1.76194000e+06 1.45699219e+00
1.76355000e+06 1.45807583e+00
1.76516000e+06 1.44018915e+00
1.76677000e+06 1.43324760e+00
1.76839000e+06 1.41831566e+00
1.77001000e+06 1.43513062e+00
1.77162000e+06 1.39758835e+00
1.77406000e+06 1.37612538e+00
1.77487000e+06 1.36807659e+00
1.77650000e+06 1.37389665e+00
1.77812000e+06 1.33527794e+00
1.77975000e+06 1.38042146e+00
1.78139000e+06 1.37667270e+00
1.78214031e+06 1.37715408e+00
1.78230875e+06 1.37316444e+00
1.78243000e+06 1.36390060e+00
1.78267677e+06 1.33976024e+00
1.78270354e+06 1.33924633e+00
1.78280505e+06 1.34388203e+00
1.78290656e+06 1.35623511e+00
1.78302000e+06 1.37735216e+00
1.78335000e+06 1.46115466e+00
1.78351500e+06 1.49711584e+00
1.78400000e+06 1.58446113e+00
1.78428875e+06 1.65181743e+00
1.78437125e+06 1.66365529e+00
1.78457234e+06 1.67731473e+00
1.78466000e+06 1.69404585e+00
1.78499000e+06 1.80610449e+00
1.78506617e+06 1.81661519e+00
1.78508561e+06 1.81704326e+00
1.78515948e+06 1.81246114e+00
1.78531500e+06 1.78573329e+00
1.78577531e+06 1.66748625e+00
1.78594938e+06 1.61515526e+00
1.78630000e+06 1.48924280e+00
1.78638250e+06 1.46688470e+00
1.78650625e+06 1.44358204e+00
1.78663000e+06 1.42733953e+00
1.78693000e+06 1.39747229e+00
1.78703250e+06 1.37985292e+00
1.78721812e+06 1.34340167e+00
1.78728000e+06 1.33850648e+00
1.78761000e+06 1.35504928e+00
1.78767188e+06 1.35265045e+00
1.78789875e+06 1.32409834e+00
1.78800188e+06 1.31682778e+00
1.78860000e+06 1.32420538e+00
1.78958000e+06 1.29234598e+00
1.79075176e+06 1.32355195e+00
1.79080977e+06 1.32359664e+00
1.79162188e+06 1.32222706e+00
1.79255000e+06 1.31303496e+00
1.79354000e+06 1.35404640e+00
1.79453000e+06 1.36273508e+00
1.79558188e+06 1.39977774e+00
1.79564375e+06 1.40014676e+00
1.79642734e+06 1.39981777e+00
1.79751000e+06 1.41211821e+00
1.79850000e+06 1.40725794e+00
1.79950000e+06 1.42660824e+00
1.80049000e+06 1.46056128e+00
1.80149000e+06 1.45979806e+00
1.80206750e+06 1.47388950e+00
1.80215000e+06 1.48034985e+00
1.80232000e+06 1.50298170e+00
1.80279938e+06 1.58309586e+00
1.80315000e+06 1.59274900e+00
1.80323250e+06 1.60329018e+00
1.80332531e+06 1.62415083e+00
1.80343875e+06 1.66085998e+00
1.80351188e+06 1.69228745e+00
1.80373500e+06 1.80131099e+00
1.80379875e+06 1.82090393e+00
1.80386685e+06 1.82795813e+00
1.80395568e+06 1.81977796e+00
1.80406879e+06 1.80479020e+00
1.80408039e+06 1.80449203e+00
1.80412551e+06 1.80759884e+00
1.80416934e+06 1.81811533e+00
1.80422348e+06 1.84136727e+00
1.80429051e+06 1.88239292e+00
1.80456500e+06 2.08620797e+00
1.80499695e+06 2.38834345e+00
1.80509844e+06 2.46980888e+00
1.80516031e+06 2.52811911e+00
1.80524797e+06 2.62220645e+00
1.80538977e+06 2.78081316e+00
1.80545938e+06 2.84502073e+00
1.80553312e+06 2.89260397e+00
1.80561281e+06 2.92134565e+00
1.80570844e+06 2.93321185e+00
1.80577945e+06 2.92620681e+00
1.80585047e+06 2.90326011e+00
1.80592828e+06 2.85993738e+00
1.80606234e+06 2.75884677e+00
1.80643875e+06 2.43991779e+00
1.80656500e+06 2.34777758e+00
1.80677750e+06 2.20226246e+00
1.80685094e+06 2.14251498e+00
1.80693859e+06 2.05972845e+00
1.80710875e+06 1.88546212e+00
1.80722219e+06 1.77844865e+00
1.80731500e+06 1.70100081e+00
1.80739750e+06 1.64212306e+00
1.80745938e+06 1.60703658e+00
1.80750125e+06 1.58889750e+00
1.80756500e+06 1.56983957e+00
1.80786867e+06 1.52403868e+00
1.80797469e+06 1.50136134e+00
1.80807524e+06 1.47253620e+00
1.80815844e+06 1.44048093e+00
1.80819781e+06 1.42228603e+00
1.80840500e+06 1.31573539e+00
1.80846875e+06 1.29169427e+00
1.80851543e+06 1.28070477e+00
1.80858344e+06 1.27488438e+00
1.80858803e+06 1.27486659e+00
1.80867073e+06 1.28005293e+00
1.80923594e+06 1.35937633e+00
1.80940547e+06 1.37456650e+00
1.81200000e+06 1.44276875e+00
1.81334000e+06 1.45753911e+00
1.81469000e+06 1.46810091e+00
1.81603000e+06 1.52744212e+00
1.81738000e+06 1.56600683e+00
1.81872000e+06 1.68500104e+00
1.82007000e+06 1.73862338e+00
1.82278000e+06 1.93011907e+00
1.82413000e+06 2.06113939e+00
1.82548000e+06 2.11052196e+00
1.82701000e+06 2.22637407e+00
1.82871000e+06 2.42445251e+00
1.83041000e+06 2.64754875e+00
1.83211000e+06 2.89526012e+00
1.83382000e+06 3.17964933e+00
1.83518000e+06 3.43499353e+00
1.83621000e+06 3.60112288e+00
1.83724000e+06 3.86719983e+00
1.83826000e+06 4.20844891e+00
1.83929000e+06 4.52532196e+00
1.84032000e+06 4.86923195e+00
1.84135000e+06 5.23061886e+00
1.84238000e+06 5.61691674e+00
1.84341000e+06 6.03649631e+00
1.84444000e+06 6.33119622e+00
1.84548000e+06 6.58091368e+00
1.84651000e+06 6.85488484e+00
1.84755000e+06 6.97290088e+00
1.84858000e+06 7.27673826e+00
1.84962000e+06 7.42454198e+00
1.85066000e+06 7.37207115e+00
1.85170000e+06 7.42295187e+00
1.85274000e+06 7.58041048e+00
1.85378000e+06 7.78140017e+00
1.85475500e+06 7.75881496e+00
1.85508000e+06 7.69764048e+00
1.85690000e+06 7.28285758e+00
1.85795000e+06 7.02155442e+00
1.85899000e+06 6.73446072e+00
1.86004000e+06 6.66929687e+00
1.86108000e+06 6.52366849e+00
1.86213000e+06 6.35261515e+00
1.86353000e+06 6.25471636e+00
1.86703000e+06 5.68661486e+00
1.86878000e+06 5.37988608e+00
1.87054000e+06 5.12857224e+00
1.87406000e+06 4.70039447e+00
1.87582000e+06 4.47537409e+00
1.87759000e+06 4.33427889e+00
1.87936000e+06 4.12472308e+00
1.88113000e+06 3.94180219e+00
1.88291000e+06 3.70459676e+00
1.88468000e+06 3.49485086e+00
1.88824000e+06 3.16994059e+00
1.89003000e+06 2.91281556e+00
1.89182000e+06 2.80934867e+00
1.89361000e+06 2.62722466e+00
1.89719000e+06 2.28236601e+00
1.89899000e+06 2.13379457e+00
1.90079000e+06 1.99974912e+00
1.90277000e+06 1.79805325e+00
1.90331000e+06 1.75424720e+00
1.90440000e+06 1.77323092e+00
1.90548000e+06 1.71267101e+00
1.90656000e+06 1.76568895e+00
1.90765000e+06 1.76106059e+00
1.90860801e+06 1.81165328e+00
1.90879961e+06 1.82793566e+00
1.90947234e+06 1.89944297e+00
1.90979594e+06 1.93869532e+00
1.91037000e+06 2.06528102e+00
1.91091000e+06 2.18607917e+00
1.91200000e+06 2.37328054e+00
1.91309000e+06 2.66365550e+00
1.91437000e+06 2.90933934e+00
1.91583000e+06 3.30725498e+00
1.91728000e+06 3.58562029e+00
1.91874000e+06 3.78726668e+00
1.92021000e+06 3.91380282e+00
1.92167000e+06 3.96613884e+00
1.92314000e+06 4.04447272e+00
1.92468594e+06 4.13802491e+00
1.92470312e+06 4.13802977e+00
1.92556250e+06 4.13515706e+00
1.92570000e+06 4.13683317e+00
1.92644000e+06 4.20237444e+00
1.92707875e+06 4.31439005e+00
1.92717000e+06 4.34277675e+00
1.92791000e+06 4.67614921e+00
1.92804875e+06 4.70731398e+00
1.92855750e+06 4.72978133e+00
1.92867266e+06 4.71197791e+00
1.92878781e+06 4.67293464e+00
1.92938500e+06 4.38255594e+00
1.93007406e+06 4.00154420e+00
1.93016625e+06 3.96592791e+00
1.93086000e+06 3.81906428e+00
1.93159000e+06 3.71068450e+00
1.93168250e+06 3.70590643e+00
1.93233000e+06 3.70737865e+00
1.93307000e+06 3.69321442e+00
1.93510000e+06 3.51203630e+00
1.93881000e+06 3.42811399e+00
1.94253000e+06 3.24548308e+00
1.94625000e+06 3.22472499e+00
1.94812000e+06 3.17824566e+00
1.94999000e+06 3.18816060e+00
1.95197750e+06 3.15604077e+00
1.95379875e+06 3.15827941e+00
1.95562000e+06 3.19566295e+00
1.95938000e+06 3.32035933e+00
1.96108000e+06 3.45398350e+00
1.96259000e+06 3.53876245e+00
1.96410000e+06 3.68291253e+00
1.96562000e+06 3.90241666e+00
1.96713000e+06 4.09308837e+00
1.96865000e+06 4.39261224e+00
1.97017000e+06 4.55755371e+00
1.97169000e+06 4.80061310e+00
1.97321000e+06 4.87162090e+00
1.97474000e+06 4.88015920e+00
1.97626500e+06 4.61977997e+00
1.97779000e+06 4.46607588e+00
1.97932000e+06 4.15352689e+00
1.98086000e+06 3.80734645e+00
1.98239000e+06 3.53453675e+00
1.98392000e+06 3.35054034e+00
1.98546000e+06 3.20717974e+00
1.98681250e+06 3.01942114e+00
1.98736594e+06 2.96364384e+00
1.98756445e+06 2.97686079e+00
1.98816000e+06 3.06589583e+00
1.98893000e+06 3.19338178e+00
1.98902024e+06 3.19905442e+00
1.98953006e+06 3.18611756e+00
1.98972406e+06 3.16196078e+00
1.99047000e+06 2.92652018e+00
1.99124000e+06 2.70169335e+00
1.99202000e+06 2.58986549e+00
1.99279000e+06 2.51353351e+00
1.99350445e+06 2.52778317e+00
1.99421891e+06 2.53064022e+00
1.99466695e+06 2.51165698e+00
1.99511500e+06 2.48496951e+00
1.99724000e+06 2.38378938e+00
2.00113000e+06 2.27544677e+00
2.00308000e+06 2.18801915e+00
2.00503000e+06 2.14163425e+00
2.00698000e+06 2.04473958e+00
2.00893000e+06 2.04605795e+00
2.01089000e+06 1.96344057e+00
2.01285000e+06 1.94909106e+00
2.01482000e+06 1.92110535e+00
2.01678000e+06 1.90296263e+00
2.01875000e+06 1.85933647e+00
2.02073000e+06 1.84517076e+00
2.02270000e+06 1.80877963e+00
2.02468000e+06 1.80059970e+00
2.02666000e+06 1.73761487e+00
2.02865000e+06 1.68846767e+00
2.03063000e+06 1.67361012e+00
2.03262000e+06 1.64155007e+00
2.03462000e+06 1.57810184e+00
2.03661000e+06 1.50533910e+00
2.03792250e+06 1.46553108e+00
2.03801000e+06 1.45634752e+00
2.03811000e+06 1.43879798e+00
2.03876000e+06 1.28312279e+00
2.03881000e+06 1.27337665e+00
2.03961000e+06 1.15513072e+00
2.04041000e+06 9.97312958e-01
2.04081500e+06 9.34062952e-01
2.04103095e+06 9.04284172e-01
2.04113615e+06 8.94021331e-01
2.04120734e+06 8.91927476e-01
2.04126834e+06 8.94401147e-01
2.04134967e+06 9.03365069e-01
2.04157625e+06 9.43631782e-01
2.04187625e+06 1.00101995e+00
2.04204500e+06 1.03828022e+00
2.04223875e+06 1.08921204e+00
2.04268250e+06 1.21308256e+00
2.04277000e+06 1.23951310e+00
2.04302000e+06 1.32367748e+00
2.04347938e+06 1.48712304e+00
2.04358250e+06 1.51766971e+00
2.04369594e+06 1.54033543e+00
2.04406297e+06 1.57534202e+00
2.04443000e+06 1.60179644e+00
2.04523000e+06 1.63134031e+00
2.04644000e+06 1.59571425e+00
2.04805000e+06 1.61899171e+00
2.05128000e+06 1.49368261e+00
2.05289500e+06 1.55185686e+00
2.05451000e+06 1.57601096e+00
2.05613000e+06 1.58838229e+00
2.05735000e+06 1.64149543e+00
2.05816000e+06 1.73991727e+00
2.05897000e+06 1.86323844e+00
2.05978000e+06 2.00411043e+00
2.06057438e+06 2.13020410e+00
2.06070125e+06 2.16694007e+00
2.06141000e+06 2.44137148e+00
2.06211875e+06 2.65155440e+00
2.06222000e+06 2.67145146e+00
2.06237375e+06 2.68644082e+00
2.06286703e+06 2.69400280e+00
2.06296458e+06 2.68549545e+00
2.06306213e+06 2.66108763e+00
2.06314188e+06 2.62617920e+00
2.06347297e+06 2.42677608e+00
2.06382953e+06 2.20949384e+00
2.06405875e+06 2.09300693e+00
2.06452992e+06 1.87462981e+00
2.06466984e+06 1.81935155e+00
2.06477125e+06 1.78920904e+00
2.06522688e+06 1.69317493e+00
2.06542938e+06 1.65547391e+00
2.06548000e+06 1.64914182e+00
2.06630000e+06 1.59171367e+00
2.06752000e+06 1.49698326e+00
2.06916000e+06 1.46769745e+00
2.07080000e+06 1.41783508e+00
2.07244000e+06 1.38754480e+00
2.07408000e+06 1.44813514e+00
2.07572000e+06 1.45716240e+00
2.07737000e+06 1.53983693e+00
2.07902000e+06 1.60374985e+00
2.08017312e+06 1.61537331e+00
2.08030188e+06 1.62848195e+00
2.08035375e+06 1.63717772e+00
2.08147500e+06 1.88375215e+00
2.08187438e+06 1.98121336e+00
2.08200375e+06 2.02385772e+00
2.08262625e+06 2.27367166e+00
2.08273000e+06 2.32258644e+00
2.08293750e+06 2.43491375e+00
2.08345625e+06 2.73264443e+00
2.08356000e+06 2.78411298e+00
2.08376500e+06 2.86726224e+00
2.08425828e+06 3.03290327e+00
2.08438031e+06 3.05973164e+00
2.08443188e+06 3.06460259e+00
2.08475103e+06 3.05481443e+00
2.08507018e+06 3.03040670e+00
2.08521162e+06 3.00606930e+00
2.08526188e+06 2.99192374e+00
2.08594598e+06 2.72317697e+00
2.08602703e+06 2.70138622e+00
2.08613534e+06 2.68963828e+00
2.08615935e+06 2.68939136e+00
2.08649553e+06 2.70282730e+00
2.08687973e+06 2.73433446e+00
2.08755208e+06 2.85516999e+00
2.08772594e+06 2.90417491e+00
2.08814094e+06 3.09221670e+00
2.08853000e+06 3.27181420e+00
2.08936000e+06 3.60503413e+00
2.09013812e+06 3.98080891e+00
2.09024188e+06 4.01162763e+00
2.09082547e+06 4.07285884e+00
2.09102000e+06 4.07976945e+00
2.09164250e+06 4.03056657e+00
2.09185000e+06 4.00082191e+00
2.09268000e+06 3.81107829e+00
2.09351000e+06 3.73025203e+00
2.09435000e+06 3.69249092e+00
2.09518000e+06 3.69332538e+00
2.09601000e+06 3.64657480e+00
2.09727000e+06 3.63103874e+00
2.09894000e+06 3.57605560e+00
2.10061000e+06 3.50227281e+00
2.10229000e+06 3.45226228e+00
2.10564000e+06 3.30951575e+00
2.10901000e+06 3.27956738e+00
2.11019125e+06 3.38582497e+00
2.11045375e+06 3.39353697e+00
2.11111000e+06 3.39600985e+00
2.11185180e+06 3.45287488e+00
2.11209906e+06 3.49266598e+00
2.11358750e+06 3.84181860e+00
2.11386578e+06 3.95727071e+00
2.11454312e+06 4.25958050e+00
2.11534000e+06 4.63706156e+00
2.11612750e+06 5.12868655e+00
2.11623312e+06 5.17416538e+00
2.11681750e+06 5.30441023e+00
2.11703000e+06 5.32156418e+00
2.11745250e+06 5.25889156e+00
2.11787500e+06 5.15174915e+00
2.11872000e+06 4.78011645e+00
2.11957000e+06 4.44894153e+00
2.11999500e+06 4.18617367e+00
2.12036688e+06 3.94839699e+00
2.12047312e+06 3.89599554e+00
2.12127000e+06 3.63549592e+00
2.12346805e+06 3.16804013e+00
2.12382000e+06 3.10411315e+00
2.12467000e+06 3.10597799e+00
2.12574000e+06 2.94533619e+00
2.12701000e+06 2.79276261e+00
2.12829000e+06 2.66039524e+00
2.13000000e+06 2.62998168e+00
2.13214000e+06 2.49233626e+00
2.13643000e+06 2.29933495e+00
2.13858000e+06 2.27593487e+00
2.14073000e+06 2.19522479e+00
2.14288000e+06 2.14496907e+00
2.14504000e+06 2.12375563e+00
2.14720000e+06 2.15137965e+00
2.14936000e+06 2.18535554e+00
2.15360692e+06 2.03410036e+00
2.15404625e+06 2.02769684e+00
2.15588000e+06 2.01936045e+00
2.15805000e+06 2.02992274e+00
2.16023000e+06 2.01007805e+00
2.16242000e+06 1.95903455e+00
2.16461000e+06 1.96862704e+00
2.16614809e+06 1.96762322e+00
2.16637740e+06 1.97406253e+00
2.16660672e+06 1.99011397e+00
2.16767500e+06 2.08306732e+00
2.16899000e+06 2.23977726e+00
2.17031000e+06 2.42594539e+00
2.17163000e+06 2.63457108e+00
2.17280562e+06 2.66733180e+00
2.17300672e+06 2.65962212e+00
2.17427000e+06 2.54367472e+00
2.17559000e+06 2.49957440e+00
2.17692000e+06 2.41433330e+00
2.17824000e+06 2.35668591e+00
2.17957000e+06 2.17869078e+00
2.18134000e+06 2.16130380e+00
2.18578000e+06 2.01470107e+00
2.18800000e+06 1.95820884e+00
2.19022000e+06 1.88600716e+00
2.19245000e+06 1.87463776e+00
2.19469000e+06 1.87655271e+00
2.19692000e+06 1.87036712e+00
2.20141000e+06 1.80740183e+00
2.20524407e+06 1.79607221e+00
2.20550200e+06 1.79597839e+00
2.20816000e+06 1.83966760e+00
2.21042000e+06 1.78719775e+00
2.21268000e+06 1.80525168e+00
2.21494000e+06 1.88833139e+00
2.21903000e+06 2.07539300e+00
2.22039000e+06 2.15268512e+00
2.22312000e+06 2.48848268e+00
2.22449000e+06 2.69332463e+00
2.22586000e+06 3.02005210e+00
2.22718719e+06 3.20225049e+00
2.22847156e+06 3.21595439e+00
2.22884742e+06 3.19053772e+00
2.22997500e+06 3.06913651e+00
2.23135000e+06 2.84400512e+00
2.23272000e+06 2.52462815e+00
2.23410000e+06 2.31262044e+00
2.23548000e+06 2.11631842e+00
2.23677375e+06 1.89352806e+00
2.23686000e+06 1.88305541e+00
2.23824000e+06 1.80213817e+00
2.24008000e+06 1.71023415e+00
2.24239000e+06 1.58825636e+00
2.24701000e+06 1.47513184e+00
2.24933000e+06 1.44565983e+00
2.25165000e+06 1.46987847e+00
2.25397500e+06 1.39935326e+00
2.25863000e+06 1.38696901e+00
2.26097000e+06 1.38841032e+00
2.26330000e+06 1.37323270e+00
2.26564500e+06 1.45908328e+00
2.26799000e+06 1.52118769e+00
2.27034000e+06 1.67384417e+00
2.27270000e+06 1.88592219e+00
2.27741000e+06 2.17832455e+00
2.27978000e+06 2.39006621e+00
2.28207594e+06 2.71347155e+00
2.28215000e+06 2.71893288e+00
2.28452000e+06 2.71128916e+00
2.28689000e+06 3.00878514e+00
2.28927000e+06 3.13673323e+00
2.29166000e+06 3.18864248e+00
2.29404500e+06 3.04885114e+00
2.29643000e+06 2.81975823e+00
2.29883000e+06 2.67474618e+00
2.30123000e+06 2.59603089e+00
2.30363000e+06 2.52563137e+00
2.30603000e+06 2.41213498e+00
2.30844000e+06 2.35267889e+00
2.31086000e+06 2.25037740e+00
2.31327000e+06 2.16230837e+00
2.31569000e+06 2.02666686e+00
2.31812000e+06 1.96431482e+00
2.32055000e+06 1.93424601e+00
2.32419500e+06 1.87997230e+00
2.32541000e+06 1.86361744e+00
2.32785000e+06 1.81183705e+00
2.33030000e+06 1.84207262e+00
2.33274000e+06 1.79515282e+00
2.33519000e+06 1.67062728e+00
2.33728000e+06 1.72624703e+00
2.33937000e+06 1.76519538e+00
2.34134000e+06 1.71732506e+00
2.34331000e+06 1.79148540e+00
2.34528500e+06 1.75247371e+00
2.34726000e+06 1.73945902e+00
2.34924000e+06 1.84551803e+00
2.35122000e+06 1.79984373e+00
2.35519000e+06 1.79278610e+00
2.35718000e+06 1.80752752e+00
2.35917000e+06 1.84152445e+00
2.36117000e+06 1.85203104e+00
2.36316000e+06 1.84480681e+00
2.36516000e+06 1.91072528e+00
2.36667000e+06 2.01077277e+00
2.36767000e+06 2.03510098e+00
2.36860750e+06 2.09361730e+00
2.36867000e+06 2.10137655e+00
2.37017750e+06 2.38235257e+00
2.37068000e+06 2.48845121e+00
2.37118000e+06 2.65147242e+00
2.37268000e+06 3.18921173e+00
2.37343750e+06 3.36773822e+00
2.37369000e+06 3.40957206e+00
2.37454613e+06 3.44026820e+00
2.37469805e+06 3.42990741e+00
2.37495125e+06 3.38247063e+00
2.37570500e+06 3.18645725e+00
2.37671000e+06 2.83174361e+00
2.37866688e+06 2.29302011e+00
2.37873000e+06 2.28012057e+00
2.37923500e+06 2.21158276e+00
2.38075000e+06 2.04664871e+00
2.38176000e+06 1.96028014e+00
2.38327000e+06 1.87278878e+00
2.38530000e+06 1.77714235e+00
2.38732000e+06 1.72460939e+00
2.38935000e+06 1.72604954e+00
2.39139000e+06 1.70388214e+00
2.39342000e+06 1.57444572e+00
2.39546000e+06 1.56447755e+00
2.39750000e+06 1.57508009e+00
2.39954000e+06 1.59365680e+00
2.40159000e+06 1.56377810e+00
2.40364000e+06 1.63101125e+00
2.40569000e+06 1.55544314e+00
2.40774000e+06 1.58699100e+00
2.40980000e+06 1.48305536e+00
2.41186000e+06 1.49101122e+00
2.41392000e+06 1.51271395e+00
2.41598500e+06 1.49040921e+00
2.41805000e+06 1.47721341e+00
2.42012000e+06 1.44431579e+00
2.42219500e+06 1.45094088e+00
2.42427000e+06 1.49921079e+00
2.42634500e+06 1.48707980e+00
2.42842000e+06 1.48074415e+00
2.43051000e+06 1.52069781e+00
2.43259000e+06 1.48628491e+00
2.43468000e+06 1.37455693e+00
2.43677000e+06 1.33685539e+00
2.43886000e+06 1.21565837e+00
2.44096000e+06 1.07343777e+00
2.44243656e+06 1.04664733e+00
2.44292875e+06 1.03900921e+00
2.44309692e+06 1.04243628e+00
2.44326508e+06 1.05162932e+00
2.44516000e+06 1.18971417e+00
2.44699750e+06 1.37463902e+00
2.44726000e+06 1.40774902e+00
2.44778750e+06 1.50556088e+00
2.44930406e+06 1.80460847e+00
2.44937000e+06 1.81471660e+00
2.45148000e+06 2.04439746e+00
2.45359000e+06 2.40930297e+00
2.45571000e+06 2.70329815e+00
2.45783000e+06 2.88978384e+00
2.45995000e+06 3.01032200e+00
2.46174438e+06 2.99805771e+00
2.46234250e+06 2.97894375e+00
2.46633000e+06 2.74544306e+00
2.46846000e+06 2.59549947e+00
2.47059000e+06 2.48135396e+00
2.47273000e+06 2.49708755e+00
2.47487000e+06 2.37872745e+00
2.47701500e+06 2.40283298e+00
2.47916000e+06 2.47904355e+00
2.48131000e+06 2.53200399e+00
2.48346000e+06 2.62282347e+00
2.48561000e+06 2.69242785e+00
2.48723000e+06 2.78009679e+00
2.48939000e+06 2.93146192e+00
2.49047000e+06 3.08011569e+00
2.49155000e+06 3.30700541e+00
2.49263000e+06 3.55039526e+00
2.49372000e+06 3.72224534e+00
2.49480000e+06 4.00443399e+00
2.49588000e+06 4.37223606e+00
2.49777875e+06 4.70608028e+00
2.49808428e+06 4.74387631e+00
2.49832422e+06 4.72300170e+00
2.49914688e+06 4.59122981e+00
2.50020125e+06 4.49202233e+00
2.50131000e+06 4.14734510e+00
2.50240000e+06 3.79608108e+00
2.50349000e+06 3.57605472e+00
2.50458000e+06 3.39057282e+00
2.50594000e+06 3.19999751e+00
2.50758000e+06 3.03182762e+00
2.50922000e+06 2.97245901e+00
2.51086000e+06 2.89492369e+00
2.51250000e+06 2.72989659e+00
2.51415000e+06 2.66547707e+00
2.51579000e+06 2.69151613e+00
2.51744000e+06 2.62491592e+00
2.51909000e+06 2.49522590e+00
2.52074000e+06 2.51233415e+00
2.52294000e+06 2.39082100e+00
2.52570000e+06 2.40171825e+00
2.52846000e+06 2.36205683e+00
2.53123000e+06 2.36778526e+00
2.53400000e+06 2.44716903e+00
2.53677000e+06 2.32360181e+00
2.53955000e+06 2.35763524e+00
2.54234000e+06 2.30811975e+00
2.54513000e+06 2.33752948e+00
2.54792000e+06 2.46034817e+00
2.55072500e+06 2.39685590e+00
2.55353000e+06 2.37100930e+00
2.55634000e+06 2.41510943e+00
2.55915000e+06 2.42126505e+00
2.56196000e+06 2.39592954e+00
2.56478000e+06 2.41805527e+00
2.56761000e+06 2.42375220e+00
2.57044000e+06 2.51750215e+00
2.57328000e+06 2.37322706e+00
2.57612000e+06 2.32899751e+00
2.57896000e+06 2.31337094e+00
2.58181000e+06 2.24726744e+00
2.58467000e+06 2.26391160e+00
2.58753000e+06 2.25785807e+00
2.59039000e+06 2.24204079e+00
2.59326500e+06 2.30304467e+00
2.59614000e+06 2.35454788e+00
2.59902000e+06 2.45709869e+00
2.60190000e+06 2.49496929e+00
2.60417250e+06 2.41645119e+00
2.60594000e+06 2.30821304e+00
2.60768000e+06 2.22623798e+00
2.60942000e+06 2.21579418e+00
2.61116000e+06 2.16767474e+00
2.61290000e+06 2.24222531e+00
2.61464000e+06 2.12313792e+00
2.61638500e+06 2.17076521e+00
2.61813000e+06 2.20309744e+00
2.61988000e+06 2.13385722e+00
2.62163000e+06 2.09349292e+00
2.62339000e+06 2.08233927e+00
2.62514000e+06 2.10539999e+00
2.62690000e+06 2.08564787e+00
2.62865000e+06 2.00693385e+00
2.63041000e+06 2.09419979e+00
2.63217000e+06 1.99359894e+00
2.63570000e+06 1.97368279e+00
2.63747000e+06 1.98986807e+00
2.63924000e+06 1.98114609e+00
2.64101000e+06 2.01994930e+00
2.64278000e+06 2.00392585e+00
2.64455000e+06 1.97737698e+00
2.64633000e+06 1.98025184e+00
2.64810000e+06 1.90030506e+00
2.64988000e+06 1.94384157e+00
2.65166000e+06 1.93461443e+00
2.65335887e+06 1.97682088e+00
2.65360156e+06 1.99486019e+00
2.65487891e+06 2.12905887e+00
2.65493000e+06 2.13106023e+00
2.65612000e+06 2.11493771e+00
2.65708223e+06 2.16764311e+00
2.65722517e+06 2.18444130e+00
2.65734719e+06 2.21107158e+00
2.65745875e+06 2.24835445e+00
2.65850000e+06 2.69477298e+00
2.65955000e+06 3.11611358e+00
2.65970000e+06 3.16441703e+00
2.66029500e+06 3.28957673e+00
2.66089000e+06 3.38534832e+00
2.66098336e+06 3.39179363e+00
2.66191717e+06 3.37291079e+00
2.66205057e+06 3.35336786e+00
2.66216902e+06 3.31353793e+00
2.66238608e+06 3.19983608e+00
2.66307928e+06 2.81447704e+00
2.66328016e+06 2.71294532e+00
2.66335500e+06 2.68181335e+00
2.66399250e+06 2.46807513e+00
2.66444250e+06 2.33302129e+00
2.66477750e+06 2.26838598e+00
2.66507500e+06 2.21530925e+00
2.66567000e+06 2.11931995e+00
2.66687000e+06 1.95207971e+00
2.66807000e+06 1.89886845e+00
2.66927000e+06 1.85761144e+00
2.67077000e+06 1.86990795e+00
2.67257000e+06 1.83704165e+00
2.67437000e+06 1.88086920e+00
2.67618000e+06 1.82179538e+00
2.67799000e+06 1.81690698e+00
2.67979000e+06 1.75309433e+00
2.68161000e+06 1.72008947e+00
2.68342000e+06 1.67376675e+00
2.68544047e+06 1.68234166e+00
2.68652219e+06 1.68201633e+00
2.68704711e+06 1.68617945e+00
2.68887000e+06 1.76103530e+00
2.69069000e+06 1.73823898e+00
2.69251000e+06 1.84504310e+00
2.69433000e+06 2.01016692e+00
2.69616000e+06 2.13092751e+00
2.69799000e+06 2.19951152e+00
2.70159281e+06 2.13942744e+00
2.70348000e+06 2.06982181e+00
2.70531000e+06 1.99062399e+00
2.70715000e+06 1.93254871e+00
2.70899000e+06 1.91956411e+00
2.71083000e+06 1.81746658e+00
2.71267000e+06 1.80744501e+00
2.71452000e+06 1.85234201e+00
2.71636000e+06 1.79707588e+00
2.71821000e+06 1.79857548e+00
2.72006000e+06 1.72619703e+00
2.72191000e+06 1.69403492e+00
2.72377000e+06 1.67761266e+00
2.72562000e+06 1.59049435e+00
2.72841000e+06 1.42823084e+00
2.72934000e+06 1.37356530e+00
2.73111281e+06 1.32891828e+00
2.73114188e+06 1.32883543e+00
2.73120000e+06 1.32930516e+00
2.73306500e+06 1.39596516e+00
2.73493000e+06 1.49916933e+00
2.73680000e+06 1.57428145e+00
2.74054000e+06 1.63928863e+00
2.74241000e+06 1.61325624e+00
2.74429000e+06 1.71629106e+00
2.74616000e+06 1.60065866e+00
2.74804000e+06 1.63236210e+00
2.74992000e+06 1.67057091e+00
2.75196000e+06 1.65038988e+00
2.75400000e+06 1.62488776e+00
2.75652000e+06 1.68512956e+00
2.75904000e+06 1.67139905e+00
2.76156000e+06 1.56973447e+00
2.76409000e+06 1.52567460e+00
2.76662000e+06 1.56697902e+00
2.76915000e+06 1.59255518e+00
2.77169000e+06 1.64534252e+00
2.77423000e+06 1.73598267e+00
2.77677000e+06 1.76811994e+00
2.77932000e+06 1.83280974e+00
2.78187000e+06 1.82343885e+00
2.78443000e+06 1.83846359e+00
2.78698000e+06 1.84155254e+00
2.78955000e+06 1.88387656e+00
2.79211000e+06 1.85957821e+00
2.79468000e+06 1.87413333e+00
2.79725500e+06 1.85554295e+00
2.79983000e+06 1.79981177e+00
2.80241000e+06 1.78740156e+00
2.80499500e+06 1.81707749e+00
2.80758000e+06 1.87088487e+00
2.81017000e+06 1.84114007e+00
2.81276000e+06 1.93509128e+00
2.81536000e+06 1.89994479e+00
2.81796000e+06 1.94789009e+00
2.82056000e+06 1.95186201e+00
2.82578000e+06 2.13285574e+00
2.82840000e+06 2.09685386e+00
2.83364000e+06 2.34394988e+00
2.83626000e+06 2.42939579e+00
2.83889000e+06 2.50817746e+00
2.84153000e+06 2.71227863e+00
2.84416000e+06 2.74910442e+00
2.84681000e+06 2.84878901e+00
2.84945000e+06 2.96756823e+00
2.85210000e+06 3.06104826e+00
2.85475000e+06 3.11500482e+00
2.85741000e+06 3.00067375e+00
2.86273000e+06 3.11139130e+00
2.86539000e+06 3.12304367e+00
2.86806500e+06 3.07621148e+00
2.87074000e+06 3.00256726e+00
2.87308000e+06 2.78486210e+00
2.87509000e+06 2.52067284e+00
2.87711000e+06 2.30947041e+00
2.87912000e+06 2.19094652e+00
2.88114000e+06 2.05030088e+00
2.88316000e+06 1.88118513e+00
2.88518000e+06 1.84094706e+00
2.88720000e+06 1.73268609e+00
2.88923000e+06 1.67509257e+00
2.89125000e+06 1.65261901e+00
2.89328000e+06 1.56042135e+00
2.89532000e+06 1.56497816e+00
2.89735000e+06 1.53904573e+00
2.89939000e+06 1.54442660e+00
2.90143000e+06 1.46170210e+00
2.90347000e+06 1.51752081e+00
2.90551000e+06 1.46725050e+00
2.90755000e+06 1.39183747e+00
2.90960000e+06 1.36771796e+00
2.91165000e+06 1.35506370e+00
2.91370000e+06 1.35245829e+00
2.91575000e+06 1.37249381e+00
2.91747000e+06 1.34657458e+00
2.91884000e+06 1.33455533e+00
2.92021000e+06 1.30201841e+00
2.92158500e+06 1.35090234e+00
2.92296000e+06 1.36565166e+00
2.92433000e+06 1.45047654e+00
2.92571000e+06 1.50832370e+00
2.92709000e+06 1.51928996e+00
2.92985000e+06 1.68355614e+00
2.93123000e+06 1.79895222e+00
2.93261000e+06 1.86060835e+00
2.93519750e+06 2.15516346e+00
2.93537000e+06 2.17686979e+00
2.93676000e+06 2.39124548e+00
2.93805375e+06 2.67979623e+00
2.93818344e+06 2.69172557e+00
2.93953000e+06 2.62234532e+00
2.94091000e+06 2.63056017e+00
2.94108375e+06 2.61209246e+00
2.94230000e+06 2.39232580e+00
2.94369000e+06 2.20510851e+00
2.94508000e+06 1.93477692e+00
2.94647000e+06 1.72520386e+00
2.94786000e+06 1.53712698e+00
2.94995250e+06 1.37136387e+00
2.95065000e+06 1.32079649e+00
2.95205000e+06 1.26392138e+00
2.95414000e+06 1.14507184e+00
2.95693000e+06 1.08558965e+00
2.96254000e+06 1.01058966e+00
2.96535000e+06 9.46909635e-01
2.96816000e+06 9.26160336e-01
2.97097000e+06 8.53095652e-01
2.97379000e+06 8.35183830e-01
2.97662000e+06 8.44683692e-01
2.97945000e+06 7.62703034e-01
2.98206167e+06 7.25341593e-01
2.98223578e+06 7.24468686e-01
2.98240989e+06 7.27626449e-01
2.98502156e+06 8.35173996e-01
2.98511000e+06 8.36423353e-01
2.98535961e+06 8.33203828e-01
2.98777250e+06 7.60352586e-01
2.98795000e+06 7.57664069e-01
2.98940494e+06 7.78776060e-01
2.99085988e+06 8.05277164e-01
2.99329000e+06 8.83693656e-01
2.99543000e+06 9.47685526e-01
2.99757000e+06 1.09902558e+00
2.99971000e+06 1.20906904e+00
3.00186000e+06 1.27963278e+00
3.00400000e+06 1.44208983e+00
3.00615000e+06 1.59072235e+00
3.00831000e+06 1.75722528e+00
3.01046000e+06 1.86151539e+00
3.01262000e+06 2.05524246e+00
3.01478000e+06 2.08274781e+00
3.01694000e+06 2.03435097e+00
3.01910000e+06 2.05379086e+00
3.02127000e+06 1.99120550e+00
3.02344000e+06 1.88756588e+00
3.02561000e+06 1.81249788e+00
3.02778000e+06 1.77364508e+00
3.02996000e+06 1.68421807e+00
3.03309477e+06 1.69260281e+00
3.03413969e+06 1.69389696e+00
3.03650000e+06 1.75686104e+00
3.03868000e+06 1.71445337e+00
3.04087000e+06 1.73171759e+00
3.04306000e+06 1.80673114e+00
3.04525500e+06 1.66139248e+00
3.04745000e+06 1.63335879e+00
3.04964000e+06 1.56880969e+00
3.05184000e+06 1.49282990e+00
3.05404000e+06 1.46758329e+00
3.05575965e+06 1.49430881e+00
3.05600531e+06 1.50573723e+00
3.05735000e+06 1.60995574e+00
3.05872812e+06 1.77084690e+00
3.05882000e+06 1.78648807e+00
3.06029000e+06 2.11553760e+00
3.06167750e+06 2.32493770e+00
3.06229541e+06 2.38698358e+00
3.06310075e+06 2.45397114e+00
3.06319406e+06 2.45595088e+00
3.06334957e+06 2.44421908e+00
3.06360875e+06 2.40243197e+00
3.06471500e+06 2.18612335e+00
3.06619000e+06 1.83652659e+00
3.06767000e+06 1.54977152e+00
3.06888406e+06 1.34903285e+00
3.06910375e+06 1.31695180e+00
3.06921938e+06 1.30616558e+00
3.06928875e+06 1.30185549e+00
3.07063000e+06 1.26017946e+00
3.07285000e+06 1.21901526e+00
3.07879000e+06 1.12517409e+00
3.08176500e+06 1.13758478e+00
3.08474000e+06 1.21400681e+00
3.08773000e+06 1.24053450e+00
3.09072000e+06 1.32476524e+00
3.09371000e+06 1.46968336e+00
3.09595000e+06 1.48318614e+00
3.09745000e+06 1.60814576e+00
3.09896000e+06 1.65922431e+00
3.10036625e+06 1.71639206e+00
3.10053031e+06 1.73624122e+00
3.10060062e+06 1.74853383e+00
3.10186625e+06 2.01615323e+00
3.10196000e+06 2.02914274e+00
3.10210062e+06 2.03869517e+00
3.10346000e+06 2.04004008e+00
3.10487562e+06 2.09423626e+00
3.10497000e+06 2.10382657e+00
3.10515750e+06 2.13384289e+00
3.10634402e+06 2.37422937e+00
3.10649375e+06 2.39485402e+00
3.10665875e+06 2.40497953e+00
3.10791807e+06 2.40774427e+00
3.10949000e+06 2.49598178e+00
3.11097641e+06 2.64075677e+00
3.11249820e+06 2.49488070e+00
3.11402000e+06 2.45669726e+00
3.11553000e+06 2.42755846e+00
3.11705000e+06 2.23176563e+00
3.11989000e+06 2.12446733e+00
3.12159000e+06 2.07614041e+00
3.12235000e+06 1.98941809e+00
3.12311000e+06 1.89989968e+00
3.12453500e+06 1.82403932e+00
3.12463000e+06 1.82134673e+00
3.12615000e+06 1.81321756e+00
3.12767000e+06 1.73713477e+00
3.12920000e+06 1.60610551e+00
3.13035781e+06 1.56339377e+00
3.13056655e+06 1.56010602e+00
3.13067258e+06 1.56311934e+00
3.13076773e+06 1.57280519e+00
3.13081531e+06 1.58027324e+00
3.13117273e+06 1.65728415e+00
3.13224500e+06 1.90754562e+00
3.13377000e+06 2.21986019e+00
3.13530000e+06 2.57979508e+00
3.13682000e+06 2.83291425e+00
3.13835000e+06 2.94301938e+00
3.13989000e+06 2.93819068e+00
3.14142000e+06 2.96548455e+00
3.14295000e+06 3.15496314e+00
3.14448000e+06 3.23504264e+00
3.14611562e+06 3.16521547e+00
3.14735875e+06 3.16626724e+00
3.14757516e+06 3.15421649e+00
3.14909000e+06 2.92551761e+00
3.15063000e+06 2.68202508e+00
3.15371000e+06 2.12939969e+00
3.15486500e+06 2.00478431e+00
3.15525000e+06 1.97518909e+00
3.15679000e+06 1.96456343e+00
3.15834000e+06 1.84508188e+00
3.15988000e+06 1.74688584e+00
3.16143000e+06 1.62597562e+00
3.16298000e+06 1.66973373e+00
3.16452000e+06 1.56855655e+00
3.16484090e+06 1.56376982e+00
3.16590047e+06 1.56483546e+00
3.16607000e+06 1.56424811e+00
3.16762000e+06 1.52660809e+00
3.16913125e+06 1.47677117e+00
3.16931594e+06 1.48332109e+00
3.17218312e+06 1.73018728e+00
3.17305000e+06 1.77529550e+00
3.17384000e+06 1.81067299e+00
3.17459320e+06 1.78385905e+00
3.17534641e+06 1.74265850e+00
3.17549219e+06 1.72549815e+00
3.17582627e+06 1.67069199e+00
3.17669488e+06 1.51935043e+00
3.17685281e+06 1.49812307e+00
3.17695000e+06 1.49312121e+00
3.17852828e+06 1.58598906e+00
3.17854656e+06 1.58614178e+00
3.17865625e+06 1.58386633e+00
3.18085000e+06 1.42676699e+00
3.18398000e+06 1.37090476e+00
3.18711000e+06 1.34832577e+00
3.19259500e+06 1.27677107e+00
3.19652000e+06 1.22679531e+00
3.19967000e+06 1.20412946e+00
3.20282000e+06 1.22471225e+00
3.20598000e+06 1.20567823e+00
3.20894500e+06 1.24973773e+00
3.21191000e+06 1.27991647e+00
3.21429000e+06 1.27790988e+00
3.21667000e+06 1.34021762e+00
3.21905000e+06 1.48910456e+00
3.22143000e+06 1.50538436e+00
3.22382000e+06 1.58788744e+00
3.22621000e+06 1.71027719e+00
3.22801000e+06 1.90953253e+00
3.22861000e+06 1.98657791e+00
3.23092531e+06 2.43138950e+00
3.23100000e+06 2.44167960e+00
3.23280000e+06 2.58884100e+00
3.23340000e+06 2.62881439e+00
3.23580000e+06 2.67975506e+00
3.23820500e+06 2.63386279e+00
3.24061000e+06 2.48342409e+00
3.24302000e+06 2.31334145e+00
3.24527938e+06 2.04317052e+00
3.24543000e+06 2.03145588e+00
3.24785000e+06 2.00775710e+00
3.24905500e+06 1.87796286e+00
3.25026000e+06 1.74386397e+00
3.25269000e+06 1.63260744e+00
3.25511000e+06 1.49331425e+00
3.25526125e+06 1.49175102e+00
3.25753000e+06 1.49446119e+00
3.26037000e+06 1.43828204e+00
3.26361000e+06 1.33160453e+00
3.26686000e+06 1.37165956e+00
3.27011000e+06 1.32445533e+00
3.27337000e+06 1.34941928e+00
3.27663000e+06 1.32465725e+00
3.27990000e+06 1.35413480e+00
3.28317000e+06 1.52699043e+00
3.28636336e+06 1.70165325e+00
3.28641445e+06 1.70211553e+00
3.28662136e+06 1.69537228e+00
3.28972500e+06 1.46473523e+00
3.29280469e+06 1.33147387e+00
3.29301000e+06 1.32652000e+00
3.29630000e+06 1.37477008e+00
3.29960000e+06 1.33910916e+00
3.30290000e+06 1.28851993e+00
3.30621000e+06 1.29971166e+00
3.30952000e+06 1.27760551e+00
3.31284000e+06 1.31074088e+00
3.31616000e+06 1.36294920e+00
3.31948500e+06 1.34718745e+00
3.32281000e+06 1.30689273e+00
3.32615000e+06 1.24368375e+00
3.32949500e+06 1.27760225e+00
3.33284000e+06 1.41721455e+00
3.33619000e+06 1.40503839e+00
3.33954000e+06 1.35126530e+00
3.34291000e+06 1.42856507e+00
3.34627000e+06 1.36348823e+00
3.34964500e+06 1.40126172e+00
3.35302000e+06 1.45418410e+00
3.35640000e+06 1.57432587e+00
3.35979000e+06 1.52542180e+00
3.36318000e+06 1.51700783e+00
3.36658000e+06 1.55901124e+00
3.36998000e+06 1.57315927e+00
3.37339000e+06 1.66347912e+00
3.37638000e+06 1.78349612e+00
3.37894000e+06 1.75872369e+00
3.38151000e+06 1.92043355e+00
3.38407000e+06 1.98633936e+00
3.38648406e+06 1.93598764e+00
3.38664500e+06 1.92653813e+00
3.38728875e+06 1.84455587e+00
3.38913953e+06 1.58810684e+00
3.38922000e+06 1.58116782e+00
3.39180000e+06 1.49970576e+00
3.39438000e+06 1.36062552e+00
3.39696000e+06 1.34227181e+00
3.39955000e+06 1.34816587e+00
3.40214000e+06 1.31262406e+00
3.40473000e+06 1.40205312e+00
3.40732000e+06 1.41830140e+00
3.40992000e+06 1.50638804e+00
3.41252000e+06 1.56502597e+00
3.41543215e+06 1.57894239e+00
3.41773000e+06 1.58170546e+00
3.42034000e+06 1.64667416e+00
3.42296000e+06 1.82379162e+00
3.42557000e+06 1.95172082e+00
3.42802625e+06 2.23278080e+00
3.42831305e+06 2.25302008e+00
3.42835406e+06 2.25404059e+00
3.43066119e+06 2.24175343e+00
3.43081500e+06 2.23516752e+00
3.43344000e+06 1.97324477e+00
3.43606000e+06 1.81245889e+00
3.43861750e+06 1.56095667e+00
3.43870000e+06 1.55677650e+00
3.44133000e+06 1.55454983e+00
3.44441000e+06 1.43580764e+00
3.44793000e+06 1.33216623e+00
3.45145000e+06 1.37886147e+00
3.45499000e+06 1.28350780e+00
3.45831000e+06 1.37707337e+00
3.46163000e+06 1.45983741e+00
3.46420688e+06 1.68186757e+00
3.46437328e+06 1.68697893e+00
3.46445656e+06 1.68707653e+00
3.46562250e+06 1.68322348e+00
3.46695500e+06 1.66858721e+00
3.46962000e+06 1.59097502e+00
3.47229000e+06 1.46520957e+00
3.47496000e+06 1.44266254e+00
3.47746312e+06 1.44392033e+00
3.47763000e+06 1.44081145e+00
3.48003781e+06 1.29201133e+00
3.48031000e+06 1.27938171e+00
3.48300000e+06 1.33982342e+00
3.48568000e+06 1.31378451e+00
3.48837000e+06 1.30952955e+00
3.49106000e+06 1.29848939e+00
3.49375500e+06 1.35728719e+00
3.49645000e+06 1.45605922e+00
3.49915000e+06 1.64590303e+00
3.50186000e+06 1.82508568e+00
3.50456000e+06 1.97925645e+00
3.50659625e+06 1.92634166e+00
3.50727500e+06 1.89992472e+00
3.50999000e+06 1.68593093e+00
3.51261531e+06 1.50553968e+00
3.51270000e+06 1.50232338e+00
3.51542000e+06 1.48349856e+00
3.51810734e+06 1.32948771e+00
3.51815000e+06 1.32870514e+00
3.52087500e+06 1.38665579e+00
3.52360000e+06 1.43508937e+00
3.52633000e+06 1.46183129e+00
3.52907000e+06 1.32686079e+00
3.53044000e+06 1.34686529e+00
3.53181000e+06 1.37982607e+00
3.53409000e+06 1.50926279e+00
3.53592000e+06 1.51111007e+00
3.53603438e+06 1.52004871e+00
3.53769281e+06 1.76233937e+00
3.53821000e+06 1.80113639e+00
3.53867000e+06 1.83173296e+00
3.53959000e+06 1.87660397e+00
3.54047883e+06 1.85340954e+00
3.54136766e+06 1.81314076e+00
3.54153969e+06 1.79400896e+00
3.54302346e+06 1.54938586e+00
3.54323133e+06 1.52191954e+00
3.54326000e+06 1.51947913e+00
3.54509000e+06 1.46684781e+00
3.54526250e+06 1.45050623e+00
3.54681500e+06 1.22912646e+00
3.54693000e+06 1.21895107e+00
3.54700906e+06 1.21580356e+00
3.54949953e+06 1.25744868e+00
3.55199000e+06 1.29135753e+00
3.55476000e+06 1.29786684e+00
3.56012688e+06 1.37212599e+00
3.56030000e+06 1.37229155e+00
3.56324375e+06 1.29538720e+00
3.56576856e+06 1.29897805e+00
3.56593688e+06 1.30189976e+00
3.56863000e+06 1.38857488e+00
3.57413371e+06 1.31679401e+00
3.57429719e+06 1.30920303e+00
3.57691281e+06 1.10767999e+00
3.57700000e+06 1.10440694e+00
3.57979000e+06 1.11726835e+00
3.58119000e+06 1.05656286e+00
3.58254625e+06 9.96692601e-01
3.58259000e+06 9.96135894e-01
3.58539000e+06 1.04885025e+00
3.58820000e+06 1.00087962e+00
3.59054000e+06 1.06441128e+00
3.59241000e+06 1.04728785e+00
3.59405062e+06 1.06263234e+00
3.59428500e+06 1.06963859e+00
3.59522250e+06 1.13195331e+00
3.59616000e+06 1.19713159e+00
3.59776461e+06 1.26776760e+00
3.59800328e+06 1.27295549e+00
3.59818298e+06 1.26806780e+00
3.59992000e+06 1.17211206e+00
3.60180000e+06 1.10808441e+00
3.60203500e+06 1.08998715e+00
3.60368000e+06 9.20067680e-01
3.60531604e+06 7.15858818e-01
3.60542511e+06 7.04023317e-01
3.60552570e+06 6.96442060e-01
3.60557000e+06 6.94622591e-01
3.60745000e+06 7.07877919e-01
3.60753859e+06 7.04700204e-01
3.60770194e+06 6.93337599e-01
3.60917204e+06 5.61976060e-01
3.60938055e+06 5.46684964e-01
3.60991156e+06 5.22376341e-01
3.61071359e+06 4.88134091e-01
3.61166312e+06 4.49714436e-01
3.61311500e+06 4.18808769e-01
3.61453000e+06 3.92848949e-01
3.61689852e+06 3.82344904e-01
3.61723688e+06 3.81495838e-01
3.61739234e+06 3.82611535e-01
3.61754781e+06 3.85285571e-01
3.62021500e+06 4.52996370e-01
3.62288219e+06 4.91446365e-01
3.62301555e+06 4.92067467e-01
3.62341625e+06 4.88317480e-01
3.62591000e+06 4.48334772e-01
3.62876000e+06 4.51297555e-01
3.63162000e+06 4.14226487e-01
3.63448000e+06 4.22004629e-01
3.63734000e+06 4.01993375e-01
3.64021000e+06 4.39467060e-01
3.64308000e+06 4.33481798e-01
3.64325377e+06 4.35988273e-01
3.64586031e+06 5.04333371e-01
3.64599500e+06 5.05660911e-01
3.64812125e+06 4.89243478e-01
3.64883000e+06 4.81544628e-01
3.65171000e+06 4.19289493e-01
3.65450000e+06 3.76152472e-01
3.65459000e+06 3.75660851e-01
3.65477062e+06 3.76318444e-01
3.65748000e+06 4.09067945e-01
3.66037000e+06 4.60238916e-01
3.66326000e+06 4.94583744e-01
3.66606938e+06 5.71286541e-01
3.66616000e+06 5.72133177e-01
3.66906000e+06 5.43636653e-01
3.67196000e+06 5.26448771e-01
3.67468812e+06 4.78344777e-01
3.67487000e+06 4.73824238e-01
3.67639320e+06 4.17483179e-01
3.67768906e+06 3.68798570e-01
3.67782547e+06 3.65682490e-01
3.67832562e+06 3.61565120e-01
3.68059906e+06 3.53613427e-01
3.68075856e+06 3.55553906e-01
3.68102438e+06 3.62345658e-01
3.68353219e+06 4.40530157e-01
3.68386656e+06 4.48754926e-01
3.68595641e+06 4.89958570e-01
3.68601388e+06 4.90169255e-01
3.68619343e+06 4.88111421e-01
3.68792906e+06 4.40317056e-01
3.68803570e+06 4.39244023e-01
3.68833813e+06 4.40954145e-01
3.68964864e+06 4.57387824e-01
3.68987906e+06 4.61941149e-01
3.69000094e+06 4.66369850e-01
3.69044273e+06 4.90430105e-01
3.69176812e+06 5.67533718e-01
3.69189000e+06 5.72845970e-01
3.69372750e+06 6.23238940e-01
3.69385000e+06 6.29986611e-01
3.69397188e+06 6.40033439e-01
3.69461458e+06 7.10563553e-01
3.69580000e+06 8.43462737e-01
3.69776000e+06 1.05379658e+00
3.69959750e+06 1.27152301e+00
3.69972000e+06 1.28250334e+00
3.70070000e+06 1.33427445e+00
3.70168000e+06 1.37067498e+00
3.70266000e+06 1.34791421e+00
3.70364000e+06 1.31303032e+00
3.70560000e+06 1.18341659e+00
3.70750844e+06 1.01462775e+00
3.70757000e+06 1.01082020e+00
3.70953000e+06 9.33393007e-01
3.71150000e+06 8.05711405e-01
3.71347000e+06 7.47470025e-01
3.71593000e+06 6.79378472e-01
3.71870789e+06 5.57244916e-01
3.71885533e+06 5.53297851e-01
3.71891317e+06 5.52700331e-01
3.71909196e+06 5.53998986e-01
3.72472734e+06 7.00663231e-01
3.72482000e+06 7.02235337e-01
3.72779000e+06 7.24306200e-01
3.73077000e+06 8.09292729e-01
3.73374000e+06 8.54150490e-01
3.73672000e+06 9.64662097e-01
3.73971000e+06 1.16037440e+00
3.74270000e+06 1.33789510e+00
3.74569000e+06 1.41134504e+00
3.74874000e+06 1.47655175e+00
3.75168000e+06 1.58256342e+00
3.75468500e+06 1.52643821e+00
3.75769000e+06 1.51957041e+00
3.76070000e+06 1.56094124e+00
3.76372000e+06 1.53226694e+00
3.76673500e+06 1.59606950e+00
3.76975000e+06 1.67748276e+00
3.77278000e+06 1.66583501e+00
3.77580000e+06 1.66725717e+00
3.77883500e+06 1.65771822e+00
3.78187000e+06 1.64284091e+00
3.78491000e+06 1.73044893e+00
3.78776000e+06 1.67360761e+00
3.78795000e+06 1.66566714e+00
3.79080938e+06 1.44193080e+00
3.79100000e+06 1.43187503e+00
3.79710000e+06 1.42349132e+00
3.80016000e+06 1.33095853e+00
3.80322000e+06 1.28393449e+00
3.80629000e+06 1.30683085e+00
3.80936000e+06 1.27088227e+00
3.81217500e+06 1.35633527e+00
3.81499000e+06 1.40709231e+00
3.81518219e+06 1.42290330e+00
3.81704000e+06 1.65704054e+00
3.81891090e+06 1.87570883e+00
3.81909992e+06 1.89002487e+00
3.81916422e+06 1.89157130e+00
3.82118711e+06 1.83131641e+00
3.82321000e+06 1.72493869e+00
3.82424000e+06 1.59073089e+00
3.82527000e+06 1.45331062e+00
3.82687625e+06 1.32371655e+00
3.82775969e+06 1.26163239e+00
3.82784000e+06 1.25933311e+00
3.83089156e+06 1.30782384e+00
3.83394312e+06 1.32000683e+00
3.83412062e+06 1.32934233e+00
3.83480594e+06 1.39721240e+00
3.83662000e+06 1.58796461e+00
3.83843125e+06 1.72985322e+00
3.83869000e+06 1.74198280e+00
3.83969508e+06 1.72846113e+00
3.84070016e+06 1.69735765e+00
3.84082984e+06 1.68557155e+00
3.84229491e+06 1.46501530e+00
3.84277516e+06 1.39322712e+00
3.84335750e+06 1.32826474e+00
3.84491000e+06 1.16223195e+00
3.84543000e+06 1.08280183e+00
3.84660305e+06 8.90135787e-01
3.84677062e+06 8.63680051e-01
3.84690875e+06 8.46191474e-01
3.84700625e+06 8.38368315e-01
3.84712432e+06 8.34807094e-01
3.84715314e+06 8.34783123e-01
3.84732606e+06 8.38751287e-01
3.84894000e+06 8.96915682e-01
3.84902938e+06 8.97589030e-01
3.84917156e+06 8.94628363e-01
3.84931375e+06 8.87886222e-01
3.85102000e+06 7.78136310e-01
3.85127188e+06 7.67801691e-01
3.85375000e+06 7.33347910e-01
3.85687000e+06 7.36108722e-01
3.86000000e+06 7.25080617e-01
3.86647625e+06 7.87715763e-01
3.86942000e+06 8.21228053e-01
3.87256000e+06 7.55292890e-01
3.87571000e+06 7.83551889e-01
3.87886000e+06 8.19791999e-01
3.88202000e+06 8.38920122e-01
3.88518000e+06 8.93915876e-01
3.88835000e+06 8.93231685e-01
3.89152000e+06 9.69234602e-01
3.89469000e+06 9.25869030e-01
3.89786000e+06 9.99513025e-01
3.90104000e+06 1.10288793e+00
3.90423000e+06 1.29981854e+00
3.90742000e+06 1.38451567e+00
3.91061000e+06 1.42543249e+00
3.91380000e+06 1.31373010e+00
3.91400000e+06 1.31670156e+00
3.91700000e+06 1.46202257e+00
3.92021000e+06 1.54484014e+00
3.92341000e+06 1.63852712e+00
3.92663000e+06 1.76532782e+00
3.92984000e+06 1.80982638e+00
3.93306000e+06 1.65589038e+00
3.93628000e+06 1.64175951e+00
3.93951000e+06 1.64069019e+00
3.94274000e+06 1.64308283e+00
3.94598000e+06 1.60568305e+00
3.94922000e+06 1.69876998e+00
3.95246000e+06 1.88369024e+00
3.95530375e+06 1.99275364e+00
3.95571000e+06 1.99854008e+00
3.95733750e+06 1.90089154e+00
3.95896500e+06 1.79562266e+00
3.96222000e+06 1.68329861e+00
3.96547000e+06 1.59556763e+00
3.96874000e+06 1.48478269e+00
3.97201000e+06 1.40691849e+00
3.97528000e+06 1.38372508e+00
3.97855000e+06 1.25282184e+00
3.98183000e+06 1.23590790e+00
3.98512000e+06 1.23772090e+00
3.98840000e+06 1.22325773e+00
3.99169500e+06 1.23053870e+00
3.99499000e+06 1.31182179e+00
3.99829000e+06 1.34258488e+00
4.00160000e+06 1.39121023e+00
4.00491000e+06 1.30570365e+00
4.00822000e+06 1.21178156e+00
4.01463953e+06 1.23364660e+00
4.01506750e+06 1.24055471e+00
4.01818000e+06 1.32560936e+00
4.02151000e+06 1.33734062e+00
4.02463188e+06 1.50706942e+00
4.02484000e+06 1.51328777e+00
4.02818000e+06 1.44222782e+00
4.02985000e+06 1.51024145e+00
4.03152000e+06 1.58511583e+00
4.03486000e+06 1.68706901e+00
4.03821000e+06 1.71534174e+00
4.04157000e+06 1.79731819e+00
4.04493000e+06 1.84515891e+00
4.04829000e+06 2.05515665e+00
4.05165000e+06 2.15129453e+00
4.05502500e+06 2.11563634e+00
4.05840000e+06 1.89162124e+00
4.06178000e+06 1.64197431e+00
4.06460000e+06 1.46386984e+00
4.06686000e+06 1.39899392e+00
4.06798500e+06 1.30284680e+00
4.06900453e+06 1.21443323e+00
4.06913660e+06 1.20997659e+00
4.06933362e+06 1.21364729e+00
4.07123812e+06 1.31936428e+00
4.07147270e+06 1.32718956e+00
4.07364000e+06 1.33061907e+00
4.07590500e+06 1.36175792e+00
4.07817000e+06 1.49006670e+00
4.08019394e+06 1.64339697e+00
4.08044000e+06 1.65450054e+00
4.08058188e+06 1.65175625e+00
4.08157500e+06 1.57552292e+00
4.08271000e+06 1.48703124e+00
4.08498000e+06 1.36194703e+00
4.08569250e+06 1.28585640e+00
4.08765188e+06 1.05776814e+00
4.08783000e+06 1.04063793e+00
4.08868250e+06 9.82646120e-01
4.09113344e+06 8.33756268e-01
4.09124000e+06 8.29041659e-01
4.09295000e+06 7.84700914e-01
4.09466000e+06 7.48362350e-01
4.09809000e+06 7.75215850e-01
4.10152000e+06 7.24117858e-01
4.10169854e+06 7.27066460e-01
4.10437664e+06 8.32247487e-01
4.10658953e+06 8.66251879e-01
4.10674156e+06 8.72859289e-01
4.10888844e+06 1.02658266e+00
4.10896000e+06 1.02988966e+00
4.11125000e+06 1.07796413e+00
4.11139375e+06 1.08807884e+00
4.11247188e+06 1.20813304e+00
4.11355000e+06 1.32827478e+00
4.11585000e+06 1.49882399e+00
4.11807812e+06 1.63409775e+00
4.11815000e+06 1.63554524e+00
4.11843812e+06 1.63058588e+00
4.12045500e+06 1.53680204e+00
4.12276000e+06 1.32595038e+00
4.12506000e+06 1.24498874e+00
4.12795000e+06 1.16130549e+00
4.13141000e+06 1.11335207e+00
4.13489000e+06 1.03152741e+00
4.13836000e+06 1.04454333e+00
4.14010000e+06 9.81889456e-01
4.14184000e+06 9.15691409e-01
4.14532000e+06 8.36860558e-01
4.14881000e+06 8.14153282e-01
4.15231000e+06 7.72387122e-01
4.15507328e+06 7.95870284e-01
4.15525750e+06 7.99731731e-01
4.15974375e+06 9.61170719e-01
4.15989000e+06 9.67960122e-01
4.16223000e+06 1.11341686e+00
4.16442375e+06 1.21748385e+00
4.16457000e+06 1.21984542e+00
4.16687344e+06 1.17318252e+00
4.16917688e+06 1.14971575e+00
4.16932344e+06 1.14123865e+00
4.16967227e+06 1.10639460e+00
4.17160000e+06 8.83345360e-01
4.17386688e+06 5.70321909e-01
4.17401344e+06 5.52555610e-01
4.17469044e+06 4.81667044e-01
4.17604444e+06 3.44043855e-01
4.17617984e+06 3.31495534e-01
4.17629000e+06 3.22632095e-01
4.17640016e+06 3.15272001e-01
4.17659637e+06 3.04751777e-01
4.17836231e+06 2.23127159e-01
4.17848796e+06 2.18220952e-01
4.17860328e+06 2.14967729e-01
4.17870368e+06 2.13507878e-01
4.17876832e+06 2.13269744e-01
4.17888162e+06 2.13873850e-01
4.17913338e+06 2.16910490e-01
4.18074892e+06 2.39720444e-01
4.18093981e+06 2.43488223e-01
4.18110539e+06 2.48741382e-01
4.18151246e+06 2.66266236e-01
4.18308207e+06 3.36733294e-01
4.18329308e+06 3.44623353e-01
4.18335000e+06 3.46127770e-01
4.18571000e+06 3.79227721e-01
4.18582062e+06 3.83317139e-01
4.18606492e+06 3.96768590e-01
4.18792250e+06 5.12564834e-01
4.18807000e+06 5.23275661e-01
4.18836500e+06 5.47950597e-01
4.19028250e+06 7.20863318e-01
4.19043000e+06 7.31763378e-01
4.19072500e+06 7.48502253e-01
4.19279000e+06 8.45035372e-01
4.19516000e+06 9.92104570e-01
4.19738188e+06 1.10557243e+00
4.19753000e+06 1.11621656e+00
4.19812250e+06 1.17540351e+00
4.19990000e+06 1.37439179e+00
4.20207096e+06 1.67784165e+00
4.20227000e+06 1.69672755e+00
4.20464000e+06 1.73956085e+00
4.20486312e+06 1.75876837e+00
4.20702000e+06 2.04358747e+00
4.20939000e+06 2.40492223e+00
4.21162125e+06 2.71090946e+00
4.21177000e+06 2.72523399e+00
4.21534750e+06 2.86671949e+00
4.21654000e+06 2.90869612e+00
4.21892000e+06 2.70610847e+00
4.22131000e+06 2.73406906e+00
4.22370000e+06 2.69282619e+00
4.22609000e+06 2.58807807e+00
4.22849000e+06 2.41923600e+00
4.23088000e+06 2.27908402e+00
4.23313000e+06 2.06818864e+00
4.23328000e+06 2.06055932e+00
4.23568000e+06 2.08586375e+00
4.23868000e+06 1.92241216e+00
4.24229000e+06 1.84594463e+00
4.24590000e+06 1.75486437e+00
4.24952000e+06 1.74875474e+00
4.25314000e+06 1.82538059e+00
4.25676000e+06 1.81645894e+00
4.26039500e+06 1.90649834e+00
4.26403000e+06 1.96602566e+00
4.26767000e+06 2.13168982e+00
4.27131500e+06 2.06513458e+00
4.27496000e+06 2.04633792e+00
4.27862000e+06 1.86088722e+00
4.28228000e+06 1.61410201e+00
4.28594000e+06 1.54298415e+00
4.28961000e+06 1.55035219e+00
4.29328000e+06 1.43771827e+00
4.29349562e+06 1.44163618e+00
4.29684500e+06 1.60354487e+00
4.29696000e+06 1.60550231e+00
4.30064500e+06 1.51634194e+00
4.30433000e+06 1.50066880e+00
4.30802000e+06 1.52739788e+00
4.31171000e+06 1.59238443e+00
4.31194156e+06 1.58366469e+00
4.31541500e+06 1.34756283e+00
4.31912000e+06 1.23678465e+00
4.32283000e+06 1.20882572e+00
4.32647734e+06 1.15523675e+00
4.32670621e+06 1.16155119e+00
4.33027000e+06 1.39106982e+00
4.33399000e+06 1.64187120e+00
4.33678750e+06 1.67436888e+00
4.33772000e+06 1.67705008e+00
4.34146000e+06 1.54756030e+00
4.34520000e+06 1.55844985e+00
4.34894000e+06 1.65059129e+00
4.35269000e+06 1.64645335e+00
4.35425500e+06 1.77127783e+00
4.35582000e+06 1.90128764e+00
4.35769500e+06 1.97357051e+00
4.35832000e+06 1.98355096e+00
4.36083000e+06 1.81971747e+00
4.36334000e+06 1.67963497e+00
4.36648000e+06 1.53139000e+00
4.37013219e+06 1.29273672e+00
4.37025000e+06 1.28775385e+00
4.37403000e+06 1.24479741e+00
4.37781000e+06 1.11884951e+00
4.38160000e+06 1.03525332e+00
4.38515312e+06 8.94882737e-01
4.38544938e+06 8.87305467e-01
4.38555328e+06 8.86398139e-01
4.38737164e+06 8.88738958e-01
4.38919000e+06 8.95086758e-01
4.39299000e+06 9.41747441e-01
4.39679000e+06 1.10402090e+00
4.40061000e+06 1.24986236e+00
4.40442000e+06 1.37038566e+00
4.40824000e+06 1.45622737e+00
4.41207000e+06 1.34474930e+00
4.41224953e+06 1.34897801e+00
4.41578031e+06 1.57219462e+00
4.41590000e+06 1.57449581e+00
4.41974000e+06 1.46272028e+00
4.42358000e+06 1.50405089e+00
4.42743000e+06 1.53682268e+00
4.43128000e+06 1.42621775e+00
4.43513000e+06 1.35532191e+00
4.43900000e+06 1.46234323e+00
4.44286000e+06 1.44556429e+00
4.44665125e+06 1.36506272e+00
4.44690359e+06 1.37077786e+00
4.45061000e+06 1.50947815e+00
4.45449000e+06 1.57360126e+00
4.45838000e+06 1.55562541e+00
4.46227000e+06 1.41395388e+00
4.46604812e+06 1.25876268e+00
4.46617000e+06 1.25726570e+00
4.46641406e+06 1.26098563e+00
4.47007500e+06 1.39436468e+00
4.47398000e+06 1.51034884e+00
4.47789000e+06 1.56661903e+00
4.48181000e+06 1.59878876e+00
4.48573000e+06 1.66189656e+00
4.48966000e+06 1.84027366e+00
4.49359500e+06 1.74989669e+00
4.49753000e+06 1.72897948e+00
4.50129500e+06 1.54003976e+00
4.50148000e+06 1.53562541e+00
4.50542000e+06 1.61856187e+00
4.50630000e+06 1.59163271e+00
4.50938000e+06 1.47010638e+00
4.51262844e+06 1.35649168e+00
4.51283147e+06 1.36134283e+00
4.51371125e+06 1.41748322e+00
4.51532000e+06 1.52460844e+00
4.51796000e+06 1.62910758e+00
4.52061000e+06 1.82698923e+00
4.52317719e+06 2.09670747e+00
4.52326000e+06 2.10086300e+00
4.52591000e+06 2.08614065e+00
4.52856000e+06 2.21188559e+00
4.53122000e+06 2.10719934e+00
4.53388000e+06 2.06164199e+00
4.53654000e+06 1.97312872e+00
4.53912156e+06 2.05247561e+00
4.54170312e+06 2.06546623e+00
4.54189055e+06 2.05757557e+00
4.54320250e+06 1.93051191e+00
4.54453500e+06 1.79717147e+00
4.54711672e+06 1.63017709e+00
4.54728375e+06 1.61163681e+00
4.54963922e+06 1.24028442e+00
4.54985899e+06 1.21234490e+00
4.55002602e+06 1.19982930e+00
4.55013031e+06 1.19494915e+00
4.55255000e+06 1.13530099e+00
4.55523000e+06 1.05486768e+00
4.56059000e+06 1.04450295e+00
4.56310719e+06 1.05178997e+00
4.56327500e+06 1.05626487e+00
4.56361062e+06 1.07409830e+00
4.56596000e+06 1.23283077e+00
4.56856594e+06 1.38976533e+00
4.56869072e+06 1.39218615e+00
4.56901137e+06 1.38646869e+00
4.57125594e+06 1.30089040e+00
4.57142406e+06 1.28825075e+00
4.57394594e+06 1.00807828e+00
4.57419875e+06 9.87547284e-01
4.57436750e+06 9.76477558e-01
4.57673000e+06 8.45348943e-01
4.57894484e+06 7.79112426e-01
4.57934563e+06 7.70775141e-01
4.57938781e+06 7.70707719e-01
4.57957238e+06 7.73797141e-01
4.57975695e+06 7.80347701e-01
4.58173977e+06 8.66854396e-01
4.58212825e+06 8.80455726e-01
4.58216868e+06 8.80767699e-01
4.58234778e+06 8.79059456e-01
4.58519504e+06 7.97521064e-01
4.58540938e+06 7.93271026e-01
4.58546296e+06 7.93115338e-01
4.58561893e+06 7.95951903e-01
4.58587887e+06 8.07780508e-01
4.58944312e+06 1.00847086e+00
4.58957000e+06 1.01287197e+00
4.58999027e+06 1.01761059e+00
4.59004578e+06 1.01772287e+00
4.59337625e+06 1.01738187e+00
4.59363000e+06 1.01878280e+00
4.59770000e+06 1.07858751e+00
4.60178000e+06 1.03644539e+00
4.60203531e+06 1.04299543e+00
4.60586500e+06 1.22145851e+00
4.60995000e+06 1.34279675e+00
4.61404000e+06 1.45385091e+00
4.62019000e+06 1.54292532e+00
4.62224000e+06 1.57441103e+00
4.62635000e+06 1.66706642e+00
4.63047000e+06 1.72527907e+00
4.63459000e+06 1.78922638e+00
4.63871000e+06 1.76449151e+00
4.64285000e+06 1.91068923e+00
4.64698000e+06 1.94295093e+00
4.65112000e+06 1.77436475e+00
4.65527000e+06 1.82508659e+00
4.65943000e+06 1.79180089e+00
4.66359000e+06 1.77022835e+00
4.66749000e+06 1.93123168e+00
4.66775000e+06 1.93555002e+00
4.66983500e+06 1.84559667e+00
4.67192000e+06 1.74725448e+00
4.67610000e+06 1.63469928e+00
4.68446000e+06 1.45333343e+00
4.68866000e+06 1.56575258e+00
4.69216000e+06 1.55323714e+00
4.69496000e+06 1.69731796e+00
4.69776000e+06 1.72358933e+00
4.69916500e+06 1.83551575e+00
4.70057000e+06 1.95470111e+00
4.70338000e+06 2.12932570e+00
4.70619000e+06 2.31692286e+00
4.70873656e+06 2.34006173e+00
4.70905033e+06 2.33023990e+00
4.71041000e+06 2.20848237e+00
4.71182000e+06 2.07123381e+00
4.71464000e+06 1.77882231e+00
4.71746000e+06 1.53665391e+00
4.72028000e+06 1.36799932e+00
4.72287233e+06 1.12406310e+00
4.72306578e+06 1.10962408e+00
4.72326477e+06 1.10196016e+00
4.72328688e+06 1.10159851e+00
4.72594000e+06 1.10595096e+00
4.72865393e+06 1.08339847e+00
4.72884065e+06 1.09025614e+00
4.72890289e+06 1.09446888e+00
4.73004630e+06 1.20412679e+00
4.73137521e+06 1.33681294e+00
4.73156070e+06 1.35918714e+00
4.73178219e+06 1.39294339e+00
4.73444000e+06 1.86996818e+00
4.73657000e+06 2.14691568e+00
4.73728000e+06 2.22561319e+00
4.73870000e+06 2.28186462e+00
4.74012000e+06 2.31508836e+00
4.74292438e+06 2.16815465e+00
4.74332500e+06 2.15874735e+00
4.75080000e+06 2.09668621e+00
4.75508500e+06 2.19243206e+00
4.75937000e+06 2.39460161e+00
4.76367000e+06 2.47420089e+00
4.76797000e+06 2.71380718e+00
4.76823906e+06 2.71924217e+00
4.77136692e+06 2.71566407e+00
4.77240953e+06 2.70941271e+00
4.77658000e+06 2.54725335e+00
4.78090000e+06 2.46949497e+00
4.78523000e+06 2.56484961e+00
4.78955000e+06 2.54375269e+00
4.79226500e+06 2.31060962e+00
4.79317000e+06 2.22685025e+00
4.79606000e+06 1.92249817e+00
4.79858875e+06 1.78047251e+00
4.79895000e+06 1.76778630e+00
4.80175938e+06 1.80400199e+00
4.80456875e+06 1.80672687e+00
4.80766000e+06 1.72146982e+00
4.81056500e+06 1.80099065e+00
4.81347000e+06 1.93792029e+00
4.81638000e+06 1.97753233e+00
4.81929500e+06 1.90773391e+00
4.82221000e+06 1.84391590e+00
4.82257500e+06 1.81102007e+00
4.82513000e+06 1.50771518e+00
4.82770496e+06 1.24603047e+00
4.82800438e+06 1.22190706e+00
4.82805000e+06 1.21973138e+00
4.83098000e+06 1.19181927e+00
4.83390000e+06 1.09446195e+00
4.83635609e+06 1.07455211e+00
4.83670696e+06 1.07362601e+00
4.83693682e+06 1.08033190e+00
4.83765547e+06 1.12840524e+00
4.83958156e+06 1.26212049e+00
4.83976500e+06 1.27113676e+00
4.84270000e+06 1.31929628e+00
4.84564000e+06 1.43367464e+00
4.84858000e+06 1.48067006e+00
4.85115250e+06 1.60728229e+00
4.85152000e+06 1.63239606e+00
4.85225750e+06 1.71419304e+00
4.85447000e+06 1.98212317e+00
4.85741000e+06 2.31000614e+00
4.86037000e+06 2.54636525e+00
4.86295125e+06 2.67502420e+00
4.86332000e+06 2.67987363e+00
4.86480000e+06 2.56504284e+00
4.86628000e+06 2.44274989e+00
4.86924000e+06 2.36670909e+00
4.87220000e+06 2.07748284e+00
4.87516000e+06 1.83227727e+00
4.87813000e+06 1.52307870e+00
4.88110000e+06 1.29404820e+00
4.88361754e+06 1.14610739e+00
4.88402359e+06 1.12756469e+00
4.88411511e+06 1.12640243e+00
4.88434064e+06 1.13055938e+00
4.88695688e+06 1.22863338e+00
4.88705000e+06 1.22950385e+00
4.88735516e+06 1.22421638e+00
4.89030500e+06 1.11762591e+00
4.89077000e+06 1.10683738e+00
4.89524500e+06 1.20470783e+00
4.89972000e+06 1.29350200e+00
4.90334312e+06 1.46487981e+00
4.90346000e+06 1.47429346e+00
4.90377750e+06 1.50965289e+00
4.90640250e+06 1.85004862e+00
4.90884266e+06 2.04039122e+00
4.90945000e+06 2.08196370e+00
4.91245000e+06 2.17092955e+00
4.91545500e+06 2.13291371e+00
4.91846000e+06 2.04969117e+00
4.92146000e+06 1.90848821e+00
4.92447000e+06 1.61579740e+00
4.92749000e+06 1.39257910e+00
4.92974750e+06 1.30407705e+00
4.93050000e+06 1.28378299e+00
4.93427000e+06 1.36172764e+00
4.93881000e+06 1.27539304e+00
4.93909375e+06 1.27342093e+00
4.94317266e+06 1.27313225e+00
4.94789000e+06 1.24077130e+00
4.95016750e+06 1.34307440e+00
4.95244500e+06 1.44814860e+00
4.95700000e+06 1.50061122e+00
4.96151978e+06 1.47051671e+00
4.96182109e+06 1.46107100e+00
4.96878781e+06 1.15297558e+00
4.97072000e+06 1.07120143e+00
4.97501375e+06 9.71523155e-01
4.97530000e+06 9.67619149e-01
4.97989500e+06 1.00824873e+00
4.98449000e+06 1.10332602e+00
4.98909000e+06 1.24625321e+00
4.99370000e+06 1.42204489e+00
4.99832000e+06 1.61959217e+00
5.00294000e+06 1.67023853e+00
5.00757000e+06 1.87947530e+00
5.01220000e+06 1.81036229e+00
5.01685000e+06 1.85473404e+00
5.02139626e+06 1.76793355e+00
5.02186656e+06 1.74332757e+00
5.03066438e+06 1.16000912e+00
5.03081000e+06 1.15291939e+00
5.03470000e+06 1.04879384e+00
5.03781000e+06 9.16184955e-01
5.03920000e+06 8.99575935e-01
5.04093000e+06 8.86543896e-01
5.04405000e+06 8.95336559e-01
5.04717000e+06 8.76710077e-01
5.05030000e+06 8.53228613e-01
5.05343000e+06 8.82164644e-01
5.05656000e+06 9.27879974e-01
5.05970000e+06 1.03930202e+00
5.06283000e+06 1.19529860e+00
5.06598000e+06 1.39594401e+00
5.06912000e+06 1.58216529e+00
5.07227000e+06 1.69507357e+00
5.07542000e+06 1.85125708e+00
5.07853309e+06 2.00945909e+00
5.07873258e+06 2.00526840e+00
5.08092702e+06 1.84013419e+00
5.08172500e+06 1.77899648e+00
5.08468281e+06 1.57899718e+00
5.08488000e+06 1.57014708e+00
5.08883000e+06 1.53754432e+00
5.09061125e+06 1.43429286e+00
5.09343156e+06 1.26138234e+00
5.09358000e+06 1.25538702e+00
5.09596000e+06 1.22392089e+00
5.09834000e+06 1.20288680e+00
5.10292965e+06 1.28851223e+00
5.10323562e+06 1.29979208e+00
5.10787000e+06 1.55590546e+00
5.11264000e+06 1.66860893e+00
5.11743000e+06 1.80147383e+00
5.12102250e+06 1.72735952e+00
5.12222000e+06 1.69339348e+00
5.12686031e+06 1.36331599e+00
5.12701000e+06 1.35747111e+00
5.13101000e+06 1.34890557e+00
5.13121062e+06 1.33927087e+00
5.13389085e+06 1.11970024e+00
5.13406953e+06 1.10877962e+00
5.13419492e+06 1.10604947e+00
5.13432031e+06 1.10915155e+00
5.13444570e+06 1.11750933e+00
5.13743000e+06 1.42126080e+00
5.14064000e+06 1.72108599e+00
5.14364938e+06 2.01512270e+00
5.14385000e+06 2.02889238e+00
5.14716434e+06 2.09048070e+00
5.14725867e+06 2.09077828e+00
5.14990008e+06 2.09006336e+00
5.15018938e+06 2.09492705e+00
5.15039062e+06 2.10683177e+00
5.15168617e+06 2.25007306e+00
5.15340938e+06 2.44393027e+00
5.15371156e+06 2.45963992e+00
5.15664052e+06 2.45002710e+00
5.15683578e+06 2.44402591e+00
5.15996000e+06 2.26327287e+00
5.16320000e+06 2.01647694e+00
5.16643000e+06 1.82983615e+00
5.16967000e+06 1.68441194e+00
5.17285938e+06 1.41254710e+00
5.17392500e+06 1.37999089e+00
5.17494000e+06 1.35169696e+00
5.17697000e+06 1.30473785e+00
5.18184000e+06 1.31384570e+00
5.18672000e+06 1.30151353e+00
5.19161000e+06 1.45062895e+00
5.19650000e+06 1.69712179e+00
5.20140000e+06 1.99059255e+00
5.20607984e+06 2.08014222e+00
5.20615656e+06 2.08046228e+00
5.20631000e+06 2.07903075e+00
5.20999625e+06 1.88688893e+00
5.21122500e+06 1.81612170e+00
5.21598641e+06 1.44040576e+00
5.21614000e+06 1.43167393e+00
5.22107000e+06 1.29782908e+00
5.22601000e+06 1.14698751e+00
5.22618402e+06 1.14526081e+00
5.23090441e+06 1.14953418e+00
5.23157875e+06 1.16057618e+00
5.24086000e+06 1.34248756e+00
5.24561289e+06 1.26495556e+00
5.24629188e+06 1.24797056e+00
5.25172375e+06 1.08988879e+00
5.25561438e+06 9.84225753e-01
5.25577000e+06 9.82130631e-01
5.26076000e+06 1.02540698e+00
5.26575000e+06 1.00326857e+00
5.27075000e+06 1.03335783e+00
5.27575000e+06 1.16191923e+00
5.27826030e+06 1.12148502e+00
5.28579118e+06 9.84602067e-01
5.29066281e+06 7.97620556e-01
5.29082000e+06 7.93650691e-01
5.29396375e+06 7.70735047e-01
5.29569281e+06 7.63519044e-01
5.29583297e+06 7.66812671e-01
5.29597313e+06 7.73588735e-01
5.29606656e+06 7.79677783e-01
5.29869361e+06 9.92615750e-01
5.30089000e+06 1.17120564e+00
5.30578219e+06 1.47082842e+00
5.30594000e+06 1.47756310e+00
5.31100000e+06 1.56934578e+00
5.31591156e+06 1.53282506e+00
5.31607000e+06 1.52627865e+00
5.31733750e+06 1.42714771e+00
5.32114000e+06 1.11099360e+00
5.32543762e+06 8.74292788e-01
5.32613078e+06 8.40069369e-01
5.32638895e+06 8.33871127e-01
5.33130000e+06 8.32549118e-01
5.33639000e+06 7.43657803e-01
5.34149000e+06 6.06925606e-01
5.34660000e+06 4.89251105e-01
5.35172000e+06 4.36391519e-01
5.35684000e+06 3.73715995e-01
5.36122355e+06 3.47705943e-01
5.36184977e+06 3.44846304e-01
5.36199020e+06 3.45849237e-01
5.36213062e+06 3.48376319e-01
5.36337547e+06 3.83970751e-01
5.36711000e+06 4.91857487e-01
5.37216969e+06 5.98964820e-01
5.37233062e+06 6.05273337e-01
5.37358031e+06 6.75936076e-01
5.37701695e+06 8.75267603e-01
5.37732938e+06 8.90177766e-01
5.37749062e+06 8.93054191e-01
5.38005047e+06 8.47601765e-01
5.38261031e+06 8.00069909e-01
5.38773000e+06 7.89884518e-01
5.39291000e+06 8.53641630e-01
5.39809000e+06 7.88982005e-01
5.40328000e+06 8.47554412e-01
5.40847000e+06 8.96539819e-01
5.41368000e+06 9.33015372e-01
5.41889000e+06 9.04831469e-01
5.42411000e+06 9.15899815e-01
5.42831328e+06 9.07872394e-01
5.42852000e+06 9.02719932e-01
5.42950000e+06 8.49949788e-01
5.43195000e+06 7.04848537e-01
5.43502938e+06 4.86576380e-01
5.43528765e+06 4.69698853e-01
5.43539531e+06 4.64990222e-01
5.43545000e+06 4.63457559e-01
5.43894000e+06 4.49556433e-01
5.43904938e+06 4.46104785e-01
5.43920318e+06 4.38309475e-01
5.43961454e+06 4.12046312e-01
5.44213516e+06 2.46860909e-01
5.44230670e+06 2.36618495e-01
5.44244000e+06 2.29909406e-01
5.44256988e+06 2.24755149e-01
5.44264508e+06 2.22348032e-01
5.44328766e+06 2.06270742e-01
5.44558849e+06 1.51786738e-01
5.44576483e+06 1.48352618e-01
5.44588361e+06 1.46936207e-01
5.44595369e+06 1.46607081e-01
5.44605638e+06 1.46858577e-01
5.44615906e+06 1.47877022e-01
5.44636443e+06 1.51162588e-01
5.44944500e+06 2.05664692e-01
5.45257691e+06 2.45536802e-01
5.45278570e+06 2.47664710e-01
5.45295000e+06 2.48329482e-01
5.45312692e+06 2.47596667e-01
5.45437850e+06 2.33069397e-01
5.45602979e+06 2.13440188e-01
5.45622637e+06 2.11899585e-01
5.45624930e+06 2.11878193e-01
5.45635049e+06 2.12597315e-01
5.45642875e+06 2.14307230e-01
5.45651113e+06 2.17374937e-01
5.45659340e+06 2.21727354e-01
5.45671166e+06 2.29816096e-01
5.45690463e+06 2.45440376e-01
5.45967150e+06 4.83687709e-01
5.45987031e+06 4.98866112e-01
5.46003500e+06 5.08491588e-01
5.46009000e+06 5.10891367e-01
5.46174000e+06 5.56051216e-01
5.46347250e+06 6.03795319e-01
5.46438000e+06 6.51127040e-01
5.46702000e+06 7.97157711e-01
5.46998844e+06 8.99909467e-01
5.47041250e+06 9.12008861e-01
5.47055000e+06 9.13005606e-01
5.47076373e+06 9.09614677e-01
5.47396969e+06 7.92528502e-01
5.47408000e+06 7.91044411e-01
5.47430062e+06 7.92845922e-01
5.47761000e+06 8.83887287e-01
5.48115000e+06 9.12303220e-01
5.48469000e+06 8.76639309e-01
5.48491125e+06 8.80522804e-01
5.48823000e+06 1.00293847e+00
5.49169395e+06 1.07019701e+00
5.49170086e+06 1.07021277e+00
5.49192099e+06 1.06768471e+00
5.49520906e+06 9.54247197e-01
5.49532000e+06 9.53341017e-01
5.49554250e+06 9.57038706e-01
5.49888000e+06 1.08657946e+00
5.50243000e+06 1.16104021e+00
5.50599000e+06 1.33388250e+00
5.50956000e+06 1.38592004e+00
5.51266078e+06 1.38790286e+00
5.51302061e+06 1.38325610e+00
5.51323156e+06 1.37193595e+00
5.51527107e+06 1.17444738e+00
5.51643550e+06 1.06088107e+00
5.51663422e+06 1.04645047e+00
5.51680188e+06 1.04132337e+00
5.52027000e+06 1.10627333e+00
5.52379188e+06 1.09529135e+00
5.52429500e+06 1.08616105e+00
5.52832000e+06 9.90540773e-01
5.53370000e+06 9.18470594e-01
5.53909000e+06 9.03799545e-01
5.54439807e+06 9.63780942e-01
5.54456930e+06 9.68091697e-01
5.54988000e+06 1.17981265e+00
5.55530000e+06 1.22870860e+00
5.56071000e+06 1.21782558e+00
5.56614000e+06 1.31093317e+00
5.57158000e+06 1.40746083e+00
5.57702500e+06 1.28573885e+00
5.58247000e+06 1.08557787e+00
5.58793000e+06 9.07551711e-01
5.59270750e+06 8.05416096e-01
5.59339000e+06 7.95278639e-01
5.59613000e+06 8.32645012e-01
5.59887000e+06 8.78886591e-01
5.60366500e+06 1.07016465e+00
5.60435000e+06 1.09906265e+00
5.60949688e+06 1.34792856e+00
5.60984000e+06 1.35866120e+00
5.61534500e+06 1.31409404e+00
5.62085000e+06 1.22406023e+00
5.62627391e+06 1.05395803e+00
5.62636000e+06 1.05333629e+00
5.62661112e+06 1.05699573e+00
5.63171719e+06 1.23042250e+00
5.63189000e+06 1.23235158e+00
5.63223562e+06 1.22794726e+00
5.63742000e+06 1.08223589e+00
5.64278688e+06 8.88113552e-01
5.64304672e+06 8.84060089e-01
5.64372963e+06 8.88094551e-01
5.64851000e+06 9.40474288e-01
5.65406000e+06 1.05065102e+00
5.65963000e+06 1.06224479e+00
5.66520000e+06 1.15058804e+00
5.67078000e+06 1.19167643e+00
5.67637000e+06 1.26513306e+00
5.68197000e+06 1.33517926e+00
5.68757000e+06 1.53538229e+00
5.69319000e+06 1.56570503e+00
5.69881000e+06 1.78031599e+00
5.70444000e+06 1.94827516e+00
5.71008000e+06 2.00561612e+00
5.71573000e+06 1.84975124e+00
5.72138000e+06 1.78108342e+00
5.72705000e+06 1.71718574e+00
5.73272000e+06 1.52024033e+00
5.73840000e+06 1.52237083e+00
5.74409000e+06 1.40497987e+00
5.74979000e+06 1.41152237e+00
5.75549000e+06 1.38185768e+00
5.76121000e+06 1.30007467e+00
5.76693000e+06 1.42380260e+00
5.77266000e+06 1.39322044e+00
5.78415000e+06 1.37312980e+00
5.78991000e+06 1.48316717e+00
5.79568000e+06 1.46358260e+00
5.80146000e+06 1.47920444e+00
5.80724000e+06 1.32160656e+00
5.81303000e+06 1.38835772e+00
5.81883000e+06 1.30000871e+00
5.82464500e+06 1.44720129e+00
5.83046000e+06 1.45804919e+00
5.83629000e+06 1.45702598e+00
5.84213000e+06 1.54564428e+00
5.84797000e+06 1.50425070e+00
5.85259062e+06 1.58592037e+00
5.85285000e+06 1.59408678e+00
5.85676000e+06 1.85867837e+00
5.86067000e+06 1.95543683e+00
5.86458000e+06 2.00187440e+00
5.86752000e+06 1.85638235e+00
5.86850000e+06 1.79882384e+00
5.87242000e+06 1.43661602e+00
5.87610438e+06 1.18005961e+00
5.87635000e+06 1.16658274e+00
5.88028000e+06 1.04061712e+00
5.88408719e+06 9.46476616e-01
5.88421000e+06 9.45256627e-01
5.88716500e+06 9.66344387e-01
5.88815000e+06 9.78207701e-01
5.89209000e+06 1.10051077e+00
5.89604000e+06 1.11301393e+00
5.89985885e+06 1.09969341e+00
5.90011344e+06 1.09364103e+00
5.90394000e+06 9.19446713e-01
5.90729672e+06 8.03887047e-01
5.90777625e+06 7.88914854e-01
5.90790000e+06 7.87380021e-01
5.90814781e+06 7.89137533e-01
5.91186500e+06 8.76316125e-01
5.91583000e+06 8.85736766e-01
5.91980000e+06 8.40934189e-01
5.92190000e+06 8.80817151e-01
5.92400000e+06 9.24231281e-01
5.92775000e+06 9.90463706e-01
5.93173000e+06 9.89803023e-01
5.93572000e+06 1.03871973e+00
5.93939633e+06 1.16459857e+00
5.93964766e+06 1.16876487e+00
5.93981149e+06 1.16501811e+00
5.94008453e+06 1.14899883e+00
5.94314320e+06 9.12627593e-01
5.94358016e+06 8.79980203e-01
5.94379863e+06 8.69132888e-01
5.94389227e+06 8.66220339e-01
5.94770000e+06 8.08112456e-01
5.95158125e+06 7.95425853e-01
5.95179399e+06 7.88784861e-01
5.95188797e+06 7.84094561e-01
5.95524534e+06 5.67244361e-01
5.95546917e+06 5.53521528e-01
5.95563168e+06 5.46344379e-01
5.95577266e+06 5.43621838e-01
5.95580350e+06 5.43516688e-01
5.95595769e+06 5.45267759e-01
5.95626608e+06 5.53475671e-01
5.95972000e+06 6.58565346e-01
5.96373000e+06 7.49041779e-01
5.96876000e+06 9.14955543e-01
5.97479000e+06 1.06737540e+00
5.98084000e+06 1.07253218e+00
5.98680531e+06 1.00185563e+00
5.98978797e+06 9.17237531e-01
5.99286531e+06 8.29321109e-01
5.99296000e+06 8.27954866e-01
5.99859135e+06 8.22669557e-01
5.99899939e+06 8.24473850e-01
5.99981547e+06 8.37364951e-01
6.00512000e+06 9.28931043e-01
6.01121000e+06 1.06820713e+00
6.01731000e+06 1.11413443e+00
6.02342000e+06 1.22076846e+00
6.02954000e+06 1.18421221e+00
6.03567000e+06 1.25485540e+00
6.04181000e+06 1.42406389e+00
6.04796500e+06 1.33129677e+00
6.05412000e+06 1.31247312e+00
6.06029000e+06 1.38077216e+00
6.06646000e+06 1.39650983e+00
6.07265000e+06 1.20543246e+00
6.07884000e+06 1.11512072e+00
6.08505000e+06 1.14317872e+00
6.09126000e+06 1.11061844e+00
6.09749000e+06 1.13449366e+00
6.10216250e+06 1.01184110e+00
6.10372000e+06 9.67782993e-01
6.11478644e+06 5.58112286e-01
6.11602438e+06 5.13203702e-01
6.11622000e+06 5.07851459e-01
6.11661125e+06 5.01053743e-01
6.12248000e+06 4.34119334e-01
6.12829498e+06 3.95568392e-01
6.12868265e+06 3.93942318e-01
6.12888132e+06 3.95172928e-01
6.13027199e+06 4.18480450e-01
6.13504000e+06 5.00796152e-01
6.14133000e+06 5.55833601e-01
6.14763000e+06 5.70818470e-01
6.14920750e+06 6.05690144e-01
6.15473000e+06 7.39171821e-01
6.16026000e+06 8.67390683e-01
6.16800000e+06 9.36291007e-01
6.17610000e+06 1.01803277e+00
6.18458500e+06 8.81251568e-01
6.19307000e+06 8.58683755e-01
6.20957750e+06 8.88806070e-01
6.21011000e+06 8.93535212e-01
6.21866000e+06 1.15118834e+00
6.22722000e+06 1.29176951e+00
6.23581000e+06 1.48051462e+00
6.24441000e+06 1.75673013e+00
6.25302000e+06 1.84109371e+00
6.26166000e+06 1.87365139e+00
6.27031000e+06 1.93852908e+00
6.27898000e+06 1.92099506e+00
6.28550000e+06 1.93372519e+00
6.28985000e+06 2.05704287e+00
6.29638250e+06 1.93886211e+00
6.29856000e+06 1.89378678e+00
6.30292000e+06 1.74110504e+00
6.30729000e+06 1.61766784e+00
6.31166000e+06 1.39798414e+00
6.31604000e+06 1.22845167e+00
6.32042000e+06 1.03528922e+00
6.32809375e+06 9.37057927e-01
6.32919000e+06 9.24004786e-01
6.33359000e+06 9.11455899e-01
6.33799000e+06 8.68478318e-01
6.34239000e+06 8.35796971e-01
6.34672248e+06 7.68814115e-01
6.34694155e+06 7.71186847e-01
6.34730666e+06 7.82053212e-01
6.35121500e+06 9.20966236e-01
6.35563000e+06 1.02620945e+00
6.36005000e+06 1.18018190e+00
6.36442809e+06 1.29591122e+00
6.36444539e+06 1.29595709e+00
6.36472474e+06 1.29174173e+00
6.36891500e+06 1.13922599e+00
6.37335000e+06 1.06236316e+00
6.37793562e+06 1.09542293e+00
6.38669000e+06 1.11460202e+00
6.39086188e+06 1.11682375e+00
6.39112341e+06 1.11382743e+00
6.39155930e+06 1.09976463e+00
6.39365156e+06 1.01966941e+00
6.39914561e+06 7.97760932e-01
6.39993047e+06 7.67100936e-01
6.40013984e+06 7.63796262e-01
6.40123988e+06 7.74690962e-01
6.40454000e+06 8.21926942e-01
6.40873062e+06 9.16517710e-01
6.40901000e+06 9.19675020e-01
6.41349000e+06 8.63500171e-01
6.41370000e+06 8.67052907e-01
6.41783000e+06 1.02998747e+00
6.41797000e+06 1.03329090e+00
6.42246000e+06 1.04481596e+00
6.42695000e+06 1.09024978e+00
6.43145000e+06 1.28246087e+00
6.43595000e+06 1.31638027e+00
6.44035430e+06 1.49581616e+00
6.44040715e+06 1.49621755e+00
6.44063177e+06 1.49102113e+00
6.44130562e+06 1.44990641e+00
6.44497000e+06 1.20304061e+00
6.44919812e+06 9.72212932e-01
6.44948000e+06 9.60171229e-01
6.45174500e+06 9.08199654e-01
6.45401000e+06 8.66009674e-01
6.45853000e+06 9.15387150e-01
6.45874234e+06 9.10323950e-01
6.46126393e+06 7.82467950e-01
6.46277688e+06 7.05467570e-01
6.46306000e+06 6.93905801e-01
6.46476250e+06 6.54768013e-01
6.46987000e+06 5.51624737e-01
6.47896000e+06 4.64349163e-01
6.48807000e+06 4.53829923e-01
6.49696080e+06 3.90557184e-01
6.49710192e+06 3.90524418e-01
6.49728259e+06 3.92373753e-01
6.49734281e+06 3.93566140e-01
6.49813275e+06 4.16738360e-01
6.50605438e+06 6.58804194e-01
6.50634000e+06 6.65305106e-01
6.50970000e+06 6.95727928e-01
6.51551000e+06 7.40861986e-01
6.52470500e+06 7.05777056e-01
6.53390000e+06 6.75126806e-01
6.54313000e+06 5.73721150e-01
6.55238000e+06 4.62168400e-01
6.56164000e+06 4.31239866e-01
6.56817203e+06 3.39642194e-01
6.57078484e+06 3.03083027e-01
6.57093000e+06 3.01849184e-01
6.58023000e+06 2.83428525e-01
6.58139500e+06 2.69848590e-01
6.58915408e+06 1.67920333e-01
6.58940438e+06 1.65098475e-01
6.58962309e+06 1.63717733e-01
6.58969617e+06 1.63582037e-01
6.59545169e+06 1.76264997e-01
6.59660279e+06 1.78871695e-01
6.59890500e+06 1.85368530e-01
6.60007438e+06 1.95605753e-01
6.60793340e+06 2.72439931e-01
6.60826014e+06 2.76754750e-01
6.60833336e+06 2.78193741e-01
6.60915178e+06 2.98736997e-01
6.61750328e+06 5.18236098e-01
6.61765000e+06 5.21116236e-01
6.62705000e+06 6.32419135e-01
6.63648000e+06 8.18276326e-01
6.64592000e+06 1.04693526e+00
6.65279812e+06 1.17817031e+00
6.65302000e+06 1.17960091e+00
6.65776000e+06 1.08638864e+00
6.66250000e+06 1.15065150e+00
6.66725000e+06 1.22264092e+00
6.67200000e+06 1.24384064e+00
6.68078555e+06 1.19344367e+00
6.68137125e+06 1.19246976e+00
6.68161693e+06 1.19889449e+00
6.68210829e+06 1.22734726e+00
6.68599188e+06 1.47118486e+00
6.68629000e+06 1.48368399e+00
6.68658812e+06 1.48707179e+00
6.69076188e+06 1.48531590e+00
6.69106000e+06 1.48689231e+00
6.69584500e+06 1.59332286e+00
6.70063000e+06 1.60964649e+00
6.70542000e+06 1.47735950e+00
6.71021000e+06 1.38394467e+00
6.71501000e+06 1.32756315e+00
6.71981000e+06 1.20096092e+00
6.72462000e+06 1.22140978e+00
6.72944000e+06 1.17138339e+00
6.73425000e+06 1.11634016e+00
6.73908000e+06 1.10334717e+00
6.74391000e+06 1.19413570e+00
6.74995000e+06 1.11500746e+00
6.75722000e+06 1.04995778e+00
6.76277750e+06 1.05615599e+00
6.76463000e+06 1.06014894e+00
6.77178000e+06 1.14270827e+00
6.77909000e+06 1.18586997e+00
6.78640500e+06 1.10544780e+00
6.79372000e+06 9.85084106e-01
6.80106000e+06 9.30831983e-01
6.80840000e+06 8.38103659e-01
6.81484000e+06 7.39133717e-01
6.81576000e+06 7.29176418e-01
6.81945000e+06 7.86171469e-01
6.82314000e+06 8.46219556e-01
6.83005875e+06 8.76193090e-01
6.83052000e+06 8.76266198e-01
6.83410438e+06 8.00374397e-01
6.83780438e+06 7.19641664e-01
6.83792000e+06 7.18448254e-01
6.84162000e+06 7.24331688e-01
6.84532000e+06 7.35338271e-01
6.85274000e+06 8.19005639e-01
6.86018000e+06 1.00883098e+00
6.86715500e+06 1.06831254e+00
6.86762000e+06 1.07009842e+00
6.87508000e+06 9.21020746e-01
6.88254000e+06 8.72675714e-01
6.89003000e+06 9.17959406e-01
6.89752000e+06 9.48473589e-01
6.90503000e+06 8.34127298e-01
6.91254000e+06 7.74323651e-01
6.92007000e+06 6.90015004e-01
6.92761000e+06 6.20547198e-01
6.93505188e+06 5.09980878e-01
6.93517000e+06 5.09406244e-01
6.93561355e+06 5.11568448e-01
6.94250344e+06 5.84082126e-01
6.94274000e+06 5.85284763e-01
6.95020156e+06 5.31935631e-01
6.95042399e+06 5.34325311e-01
6.95049813e+06 5.35954886e-01
6.95466080e+06 6.69357393e-01
6.95791500e+06 7.74323464e-01
6.96551000e+06 9.45520145e-01
6.97313000e+06 1.06399558e+00
6.98076500e+06 9.80672502e-01
6.98840000e+06 8.40998737e-01
6.99606000e+06 7.66065588e-01
7.00372000e+06 7.45038525e-01
7.01111863e+06 8.27488878e-01
7.01161188e+06 8.36079699e-01
7.01910000e+06 1.01614614e+00
7.02680000e+06 1.08743651e+00
7.03452000e+06 1.08835690e+00
7.04225000e+06 1.15782501e+00
7.05000000e+06 1.10794583e+00
7.05775000e+06 1.07735677e+00
7.06682000e+06 1.14910407e+00
7.07720000e+06 1.12965954e+00
7.08760000e+06 8.31953855e-01
7.09803000e+06 6.12804605e-01
7.10848000e+06 4.53711527e-01
7.11896000e+06 3.84890419e-01
7.12947000e+06 3.99701875e-01
7.13998000e+06 4.49492754e-01
7.15052000e+06 5.45733274e-01
7.16109000e+06 7.37369570e-01
7.17168000e+06 8.91236502e-01
7.18230000e+06 9.54836070e-01
7.19293000e+06 9.79316879e-01
7.20360000e+06 9.92231165e-01
7.21428000e+06 1.07777876e+00
7.22499000e+06 1.13201374e+00
7.23573000e+06 9.74884402e-01
7.24514000e+06 1.02846473e+00
7.25322000e+06 1.08463484e+00
7.26132000e+06 1.03273742e+00
7.26943000e+06 1.08788728e+00
7.27755000e+06 1.07702648e+00
7.28569000e+06 1.12118125e+00
7.29384000e+06 1.12436994e+00
7.30193819e+06 1.10804773e+00
7.30277594e+06 1.09573738e+00
7.30966938e+06 9.74047838e-01
7.31018000e+06 9.68732314e-01
7.31428000e+06 1.03931362e+00
7.31838000e+06 1.11540676e+00
7.32658000e+06 1.24517700e+00
7.33480000e+06 1.31125747e+00
7.34303000e+06 1.14084748e+00
7.35128000e+06 1.15786991e+00
7.35954500e+06 1.10137621e+00
7.36781000e+06 1.06890667e+00
7.37611000e+06 1.15911780e+00
7.38441000e+06 1.21344844e+00
7.39273000e+06 1.18700211e+00
7.40105000e+06 1.04776862e+00
7.40940000e+06 9.80800495e-01
7.41776500e+06 1.00083870e+00
7.42613000e+06 1.06519923e+00
7.43452000e+06 1.18407734e+00
7.44292000e+06 1.25606487e+00
7.45152562e+06 1.17636388e+00
7.46259000e+06 1.02237970e+00
7.47668000e+06 8.51528176e-01
7.49081000e+06 8.24633333e-01
7.50498000e+06 8.94929002e-01
7.51919000e+06 8.36236310e-01
7.53345000e+06 9.42325835e-01
7.54774000e+06 8.87107533e-01
7.56208000e+06 9.23047866e-01
7.57645000e+06 8.81256174e-01
7.59087000e+06 9.45886636e-01
7.60535000e+06 9.36338519e-01
7.61983000e+06 8.63569096e-01
7.63346125e+06 7.18028198e-01
7.63437000e+06 7.12087867e-01
7.63622883e+06 7.39636778e-01
7.64924062e+06 9.60232786e-01
7.66358000e+06 1.15253708e+00
7.67827000e+06 1.02707851e+00
7.69296000e+06 8.69823073e-01
7.70771000e+06 8.52536112e-01
7.72252500e+06 1.05674139e+00
7.73734000e+06 1.21854846e+00
7.75224500e+06 1.09201711e+00
7.76715000e+06 1.07667756e+00
7.78211000e+06 1.03949461e+00
7.79712000e+06 1.11817768e+00
7.81218000e+06 1.00467499e+00
7.83484000e+06 9.27398779e-01
7.86491594e+06 9.92343189e-01
7.92650000e+06 1.22515398e+00
7.95777125e+06 1.09066272e+00
8.01978000e+06 1.01016173e+00
8.05124000e+06 8.14203270e-01
8.08288000e+06 6.60106137e-01
8.11472000e+06 6.48993674e-01
8.14674000e+06 7.10270456e-01
8.17895000e+06 6.70880810e-01
8.21145500e+06 8.62019933e-01
8.24396000e+06 9.39014753e-01
8.27685500e+06 8.83500922e-01
8.30975000e+06 8.40951646e-01
8.34304000e+06 9.05906186e-01
8.37633000e+06 1.01016221e+00
8.40993000e+06 1.03520062e+00
8.44372000e+06 8.73027719e-01
8.47773000e+06 9.24665399e-01
8.51193000e+06 8.89003457e-01
8.54645500e+06 9.29327548e-01
8.58098000e+06 9.33894877e-01
8.61582000e+06 9.54550297e-01
8.65087000e+06 8.68561820e-01
8.68614000e+06 9.15829585e-01
8.72173500e+06 7.17351244e-01
8.75733000e+06 6.05760128e-01
8.79325000e+06 6.04296446e-01
8.82951000e+06 6.83693256e-01
8.86577000e+06 8.21181548e-01
8.90237000e+06 9.09709971e-01
8.93919000e+06 9.34133309e-01
9.01354000e+06 1.08666412e+00
9.05118000e+06 1.04765046e+00
9.08882000e+06 8.83221944e-01
9.12681000e+06 8.01390919e-01
9.16505000e+06 7.29573596e-01
9.20353000e+06 7.30940804e-01
9.24225000e+06 5.10719437e-01
9.28134000e+06 6.06323647e-01
9.32043000e+06 8.75464111e-01
9.35001000e+06 8.80850328e-01
9.36980000e+06 6.49506947e-01
9.38469500e+06 7.13080470e-01
9.38966000e+06 7.36297542e-01
9.40959000e+06 9.16539650e-01
9.42957000e+06 9.65077285e-01
9.45654297e+06 9.43028866e-01
9.46039625e+06 9.38941597e-01
9.50003000e+06 7.93593555e-01
9.54065000e+06 8.66987685e-01
9.58153000e+06 7.49055238e-01
9.62268000e+06 6.43434784e-01
9.66409000e+06 5.99472924e-01
9.70591000e+06 6.21577695e-01
9.74773000e+06 6.88498472e-01
9.78996000e+06 7.74509576e-01
9.83246000e+06 7.80421184e-01
9.87525000e+06 7.64923695e-01
9.93995000e+06 8.39422785e-01
1.01157000e+07 8.10807000e-01
1.02053000e+07 8.18257000e-01
1.02961000e+07 7.39907000e-01
1.03881000e+07 8.35787000e-01
1.04814000e+07 5.85847000e-01
1.05760000e+07 6.90776000e-01
1.06718000e+07 5.73605000e-01
1.07690000e+07 7.38733000e-01
1.08675000e+07 7.73330000e-01
1.09674000e+07 7.57486000e-01
1.10000000e+07 7.36280000e-01
1.10686000e+07 6.92395000e-01
1.11713000e+07 5.67282000e-01
1.12754000e+07 6.36583000e-01
1.13810000e+07 7.15238000e-01
1.14881000e+07 7.52857000e-01
1.15150000e+07 7.54150000e-01
1.15967000e+07 7.58069000e-01
1.17069000e+07 7.03074000e-01
1.18187000e+07 6.94584000e-01
1.19321000e+07 7.13788000e-01
1.20000000e+07 7.28240000e-01
1.20471000e+07 7.38560000e-01
1.21638000e+07 8.02212000e-01
1.22823000e+07 7.90130000e-01
1.24024000e+07 8.15532000e-01
1.25244000e+07 6.41251000e-01
1.26482000e+07 8.39976000e-01
1.27640000e+07 8.56380000e-01
1.27738000e+07 8.57766000e-01
1.29014000e+07 8.25989000e-01
1.30000000e+07 8.59940000e-01
1.30308000e+07 8.70758000e-01
1.31623000e+07 7.85879000e-01
1.32957000e+07 7.06011000e-01
1.34313000e+07 8.27697000e-01
1.35689000e+07 7.25896000e-01
1.37086000e+07 6.84417000e-01
1.38506000e+07 8.84635000e-01
1.39947000e+07 6.77076000e-01
1.40000000e+07 6.79990000e-01
1.41412000e+07 7.57545000e-01
1.42899000e+07 7.82799000e-01
1.44411000e+07 8.17193000e-01
1.45000000e+07 7.56140000e-01
1.45947000e+07 6.58443000e-01
1.47507000e+07 6.64748000e-01
1.49094000e+07 7.60828000e-01
1.50705000e+07 6.36368000e-01
1.52344000e+07 7.73217000e-01
1.54009000e+07 7.51179000e-01
1.55703000e+07 6.85361000e-01
1.57424000e+07 6.89779000e-01
1.59175000e+07 8.13700000e-01
1.60000000e+07 8.20350000e-01
1.60955000e+07 8.28140000e-01
1.62765000e+07 8.02222000e-01
1.64606000e+07 7.47482000e-01
1.66479000e+07 9.36411000e-01
1.68385000e+07 8.39583000e-01
1.70324000e+07 8.59836000e-01
1.72296000e+07 8.43801000e-01
1.74304000e+07 8.44124000e-01
1.75000000e+07 8.25560000e-01
1.76347000e+07 7.89320000e-01
1.78426000e+07 8.20039000e-01
1.80543000e+07 9.12442000e-01
1.82698000e+07 8.57780000e-01
1.84892000e+07 8.16954000e-01
1.87127000e+07 9.62177000e-01
1.89403000e+07 9.27601000e-01
1.91720000e+07 8.73765000e-01
1.94081000e+07 8.67935000e-01
1.96487000e+07 8.77842000e-01
1.99259078e+07 9.07148063e-01
2.00000000e+07 9.14981000e-01
2.00000100e+07 9.34117500e-01
2.02821741e+07 9.46919202e-01
2.03470500e+07 9.49862600e-01
2.06341102e+07 9.61460766e-01
2.09252204e+07 9.73222562e-01
2.09252204e+07 9.73222562e-01
2.10000000e+07 9.76243900e-01
2.10237100e+07 9.77096500e-01
2.13203167e+07 9.87303609e-01
2.16211080e+07 9.97654722e-01
2.16941700e+07 1.00016900e+00
2.17390800e+07 1.00164800e+00
2.20000000e+07 1.01008600e+00
2.23103804e+07 1.01980738e+00
2.24207100e+07 1.02326300e+00
2.27370259e+07 1.03281489e+00
2.30000000e+07 1.04075600e+00
2.33244886e+07 1.05009543e+00
2.36535551e+07 1.05956662e+00
2.39872642e+07 1.06917144e+00
2.40000000e+07 1.06953800e+00
2.43385968e+07 1.07862120e+00
2.46819706e+07 1.08783254e+00
2.50000000e+07 1.09636400e+00
2.53527050e+07 1.10514008e+00
2.54924400e+07 1.10861700e+00
2.57429600e+07 1.11459100e+00
2.60000000e+07 1.12053300e+00
2.63668132e+07 1.12848666e+00
2.65457700e+07 1.13236700e+00
2.68175100e+07 1.13788000e+00
2.70000000e+07 1.14146200e+00
2.73809214e+07 1.14864409e+00
2.74675800e+07 1.15027800e+00
2.78550981e+07 1.15722380e+00
2.80000000e+07 1.15982100e+00
2.83950296e+07 1.16645093e+00
2.87354300e+07 1.17216400e+00
2.90000000e+07 1.17636200e+00
2.93482400e+07 1.18172800e+00
2.97622908e+07 1.18785338e+00
3.00000000e+07 1.19137000e+00
3.04232460e+07 1.19714815e+00
3.08524632e+07 1.20300783e+00
3.10000000e+07 1.20502200e+00
3.11385600e+07 1.20679100e+00
3.15778690e+07 1.21207073e+00
3.20000000e+07 1.21714400e+00
3.24514624e+07 1.22209597e+00
3.26149300e+07 1.22388900e+00
3.28989800e+07 1.22683300e+00
3.30000000e+07 1.22785400e+00
3.32549600e+07 1.23037200e+00
3.36359700e+07 1.23398200e+00
3.40000000e+07 1.23726400e+00
3.44796788e+07 1.24120504e+00
3.49661250e+07 1.24520168e+00
3.50000000e+07 1.24548000e+00
3.52714900e+07 1.24747100e+00
3.57691072e+07 1.25065114e+00
3.58395000e+07 1.25110100e+00
3.59287000e+07 1.25160800e+00
3.60000000e+07 1.25200200e+00
3.62073700e+07 1.25309000e+00
3.67181908e+07 1.25528697e+00
3.70000000e+07 1.25649900e+00
3.72540800e+07 1.25735900e+00
3.74085800e+07 1.25783000e+00
3.75209600e+07 1.25814900e+00
3.80000000e+07 1.25929400e+00
3.83384600e+07 1.25990600e+00
3.88793467e+07 1.26053066e+00
3.90000000e+07 1.26067000e+00
3.95502198e+07 1.26078555e+00
4.00000000e+07 1.26088000e+00
4.03208500e+07 1.26086100e+00
4.08897046e+07 1.26113238e+00
4.10000000e+07 1.26118500e+00
4.10471800e+07 1.26121900e+00
4.13061900e+07 1.26141400e+00
4.18889460e+07 1.26182977e+00
4.20000000e+07 1.26190900e+00
4.25925444e+07 1.26198603e+00
4.30000000e+07 1.26203900e+00
4.36066526e+07 1.26131928e+00
4.39078100e+07 1.26096200e+00
4.40000000e+07 1.26076800e+00
4.40503000e+07 1.26065500e+00
4.46717704e+07 1.25856424e+00
4.50000000e+07 1.25746000e+00
4.56348690e+07 1.25421265e+00
4.60000000e+07 1.25234500e+00
4.61928700e+07 1.25121900e+00
4.67235200e+07 1.24787800e+00
4.70000000e+07 1.24599900e+00
4.76630854e+07 1.24096618e+00
4.80000000e+07 1.23840900e+00
4.84216500e+07 1.23483300e+00
4.86189800e+07 1.23308300e+00
4.87828000e+07 1.23159400e+00
4.90000000e+07 1.22956800e+00
4.90243200e+07 1.22933700e+00
4.97159649e+07 1.22242967e+00
4.98131600e+07 1.22145900e+00
4.98450300e+07 1.22112500e+00
5.00000000e+07 1.21948000e+00
5.07054100e+07 1.21162103e+00
5.10000000e+07 1.20833900e+00
5.17195182e+07 1.19981871e+00
5.17705000e+07 1.19921500e+00
5.20000000e+07 1.19641500e+00
5.27336264e+07 1.18716984e+00
5.30000000e+07 1.18381300e+00
5.31859100e+07 1.18140400e+00
5.35186000e+07 1.17704600e+00
5.40000000e+07 1.17063700e+00
5.47618428e+07 1.16026944e+00
5.47756900e+07 1.16008100e+00
5.50000000e+07 1.15698000e+00
5.57759510e+07 1.14620204e+00
5.60000000e+07 1.14309000e+00
5.67900592e+07 1.13207973e+00
5.70000000e+07 1.12915400e+00
5.78041674e+07 1.11790209e+00
5.80000000e+07 1.11516200e+00
5.82374400e+07 1.11183200e+00
5.90000000e+07 1.10111300e+00
5.95397500e+07 1.09350300e+00
6.00000000e+07 1.08700000e+00
6.04206800e+07 1.08106900e+00
6.06356100e+07 1.07805500e+00
6.10000000e+07 1.07297100e+00
6.18606002e+07 1.06110591e+00
6.20000000e+07 1.05918400e+00
6.28747084e+07 1.04735182e+00
6.30000000e+07 1.04565700e+00
6.35278000e+07 1.03862700e+00
6.40000000e+07 1.03240500e+00
6.44189800e+07 1.02693700e+00
6.50000000e+07 1.01944000e+00
6.59170330e+07 1.00791473e+00
6.60000000e+07 1.00687200e+00
6.69311412e+07 9.95436469e-01
6.70000000e+07 9.94590800e-01
6.79452494e+07 9.82970849e-01
6.80000000e+07 9.82297800e-01
6.89593576e+07 9.70246734e-01
6.90000000e+07 9.69736200e-01
6.93655800e+07 9.65031700e-01
7.00000000e+07 9.56680000e-01
7.09875740e+07 9.43269535e-01
7.10000000e+07 9.43100800e-01
7.20000000e+07 9.29275100e-01
7.30000000e+07 9.15436500e-01
7.40000000e+07 9.01791800e-01
7.50000000e+07 8.88520000e-01
7.60000000e+07 8.75666500e-01
7.70000000e+07 8.63104800e-01
7.80000000e+07 8.50753800e-01
7.90000000e+07 8.38540500e-01
8.00000000e+07 8.26400000e-01
8.10000000e+07 8.13938800e-01
8.20000000e+07 8.01103700e-01
8.30000000e+07 7.88309000e-01
8.40000000e+07 7.75922600e-01
8.50000000e+07 7.64270000e-01
8.60000000e+07 7.53538300e-01
8.70000000e+07 7.43437100e-01
8.80000000e+07 7.33577700e-01
8.90000000e+07 7.23608600e-01
9.00000000e+07 7.13220000e-01
9.10000000e+07 7.02615200e-01
9.20000000e+07 6.92204400e-01
9.30000000e+07 6.82004600e-01
9.40000000e+07 6.72032600e-01
9.50000000e+07 6.62300000e-01
9.60000000e+07 6.52748500e-01
9.70000000e+07 6.43340700e-01
9.80000000e+07 6.34118200e-01
9.90000000e+07 6.25116400e-01
1.00000000e+08 6.16370000e-01
1.01410820e+08 6.04526096e-01
1.02000000e+08 5.99579900e-01
1.03439036e+08 5.88044944e-01
1.04000000e+08 5.83548400e-01
1.05467253e+08 5.72251287e-01
1.06000000e+08 5.68149400e-01
1.07495469e+08 5.57028418e-01
1.08000000e+08 5.53276500e-01
1.09523686e+08 5.42276633e-01
1.10000000e+08 5.38838000e-01
1.11551902e+08 5.27890340e-01
1.12000000e+08 5.24729300e-01
1.13580118e+08 5.13816212e-01
1.14000000e+08 5.10916300e-01
1.15608335e+08 5.00063257e-01
1.16000000e+08 4.97420300e-01
1.17636551e+08 4.86649993e-01
1.18000000e+08 4.84258100e-01
1.19664768e+08 4.73591018e-01
1.20000000e+08 4.71443000e-01
1.21692984e+08 4.60911878e-01
1.22000000e+08 4.59002100e-01
1.23721200e+08 4.48609148e-01
1.24000000e+08 4.46925700e-01
1.25749417e+08 4.36646652e-01
1.26000000e+08 4.35174300e-01
1.27777633e+08 4.24988195e-01
1.28000000e+08 4.23714000e-01
1.29805850e+08 4.13603048e-01
1.30000000e+08 4.12516000e-01
1.31834066e+08 4.02537122e-01
1.32000000e+08 4.01634300e-01
1.33862282e+08 3.91836087e-01
1.34000000e+08 3.91111500e-01
1.35890499e+08 3.81466648e-01
1.36000000e+08 3.80908000e-01
1.37918715e+08 3.71391269e-01
1.38000000e+08 3.70988100e-01
1.39946932e+08 3.61575562e-01
1.40000000e+08 3.61319000e-01
1.41975148e+08 3.52081035e-01
1.42000000e+08 3.51964800e-01
1.44000000e+08 3.42968900e-01
1.46000000e+08 3.34275400e-01
1.48000000e+08 3.25834500e-01
1.50000000e+08 3.17602000e-01
