7475
1.00000000e-05 6.44247955e+01
1.10303700e-05 6.13473136e+01
1.21669100e-05 5.84173581e+01
1.34205500e-05 5.56278829e+01
1.48033600e-05 5.29721800e+01
1.63286500e-05 5.04438629e+01
1.80111100e-05 4.80368515e+01
1.98669100e-05 4.57453572e+01
2.19139400e-05 4.35638696e+01
2.41718900e-05 4.14871424e+01
2.66624800e-05 3.95101816e+01
2.94097100e-05 3.76282326e+01
3.24399900e-05 3.58367698e+01
3.57825100e-05 3.41314847e+01
3.94694300e-05 3.25082762e+01
4.35362400e-05 3.09632407e+01
4.80220800e-05 2.94926624e+01
5.29701300e-05 2.80930042e+01
5.84280100e-05 2.67609000e+01
6.44482500e-05 2.54931457e+01
7.10888100e-05 2.42866921e+01
7.84135800e-05 2.31386371e+01
8.64930800e-05 2.20462191e+01
9.54050600e-05 2.10068101e+01
1.05235300e-04 2.00179093e+01
1.16078400e-04 1.90771374e+01
1.28038800e-04 1.81822304e+01
1.41231500e-04 1.73310346e+01
1.55783600e-04 1.65215010e+01
1.71835100e-04 1.57516804e+01
1.89540400e-04 1.50197190e+01
2.09070100e-04 1.43238531e+01
2.30612000e-04 1.36624060e+01
2.54373600e-04 1.30337826e+01
2.80583500e-04 1.24393773e+01
2.82562700e-04 1.23950785e+01
3.09493900e-04 1.18741168e+01
3.13860300e-04 1.17907699e+01
3.41383200e-04 1.13367561e+01
3.48641700e-04 1.12186245e+01
3.76558300e-04 1.08260293e+01
3.87258400e-04 1.06775928e+01
4.15357700e-04 1.03408075e+01
4.30173500e-04 1.01656710e+01
4.58154900e-04 9.87994086e+00
4.77821000e-04 9.68191629e+00
5.05361800e-04 9.44240130e+00
5.30772100e-04 9.22453149e+00
5.57432800e-04 9.02714392e+00
5.89562300e-04 8.79266885e+00
6.14868900e-04 8.63323480e+00
6.54896300e-04 8.38471667e+00
6.78223200e-04 8.25972278e+00
7.27434800e-04 7.99991181e+00
7.48105200e-04 7.90575960e+00
8.08047600e-04 7.63680840e+00
8.25187700e-04 7.57048171e+00
8.97549700e-04 7.29471783e+00
9.10212500e-04 7.25311558e+00
9.97014300e-04 6.97234241e+00
1.00399800e-03 6.95287631e+00
1.10744690e-03 6.66905814e+00
1.22155490e-03 6.40373473e+00
1.23017180e-03 6.38397999e+00
1.34742020e-03 6.15312396e+00
1.36642980e-03 6.11623061e+00
1.48625420e-03 5.91764782e+00
1.52848680e-03 5.84868360e+00
1.63939330e-03 5.69491651e+00
1.70976350e-03 5.59882854e+00
1.80831140e-03 5.48465775e+00
1.91253940e-03 5.36579513e+00
1.99463430e-03 5.28642117e+00
2.13936440e-03 5.14875192e+00
2.20015530e-03 5.09976601e+00
2.39309040e-03 4.94690213e+00
2.42685260e-03 4.92437844e+00
2.67690810e-03 4.76047406e+00
2.69579130e-03 4.74828664e+00
2.95272860e-03 4.60990833e+00
3.03663170e-03 4.56544947e+00
3.25696870e-03 4.46811668e+00
3.42073380e-03 4.39700197e+00
3.59255680e-03 4.33519187e+00
3.88041270e-03 4.23350393e+00
3.96272290e-03 4.20956382e+00
4.37102980e-03 4.09308770e+00
4.40186350e-03 4.08444057e+00
4.82140740e-03 3.98851665e+00
5.02836410e-03 3.94205980e+00
5.31819050e-03 3.88934147e+00
5.74431390e-03 3.81336228e+00
5.86616070e-03 3.79585858e+00
6.47059200e-03 3.71090465e+00
6.60816850e-03 3.69193635e+00
7.13730200e-03 3.63405851e+00
7.65518250e-03 3.57860840e+00
7.87270780e-03 3.56031641e+00
8.68388760e-03 3.49372149e+00
8.93064410e-03 3.47388861e+00
9.57864890e-03 3.43357723e+00
1.04921098e-02 3.37811014e+00
1.05656037e-02 3.37468102e+00
1.16542513e-02 3.32528329e+00
1.24129315e-02 3.29169839e+00
1.28550698e-02 3.27692225e+00
1.41796170e-02 3.23392294e+00
1.48925884e-02 3.21136612e+00
1.56406415e-02 3.19387903e+00
1.72522055e-02 3.15735459e+00
1.81196710e-02 3.13822830e+00
1.90298201e-02 3.12376242e+00
2.09905947e-02 3.09364010e+00
2.25136658e-02 3.07094108e+00
2.31534016e-02 3.06359131e+00
2.52418800e-02 3.04037872e+00
2.53000000e-02 3.03979773e+00
2.79068348e-02 3.01879328e+00
3.07822700e-02 2.99648544e+00
3.27861652e-02 2.98145596e+00
3.39539812e-02 2.97560681e+00
3.74524958e-02 2.95886060e+00
4.13114868e-02 2.94112575e+00
4.40008235e-02 2.92920853e+00
4.55680964e-02 2.92477677e+00
5.02632940e-02 2.91216668e+00
5.54422705e-02 2.89889313e+00
6.11548730e-02 2.88485933e+00
6.24551369e-02 2.88178453e+00
6.74560846e-02 2.87460433e+00
7.44065538e-02 2.86517764e+00
8.20731781e-02 2.85530633e+00
9.05297481e-02 2.84491968e+00
9.37589430e-02 2.84111891e+00
9.98576572e-02 2.83707322e+00
1.10146686e-01 2.83070291e+00
1.21495864e-01 2.82410956e+00
1.34014427e-01 2.81724947e+00
1.42738633e-01 2.81271688e+00
1.47822865e-01 2.81120369e+00
1.63054082e-01 2.80704459e+00
1.79854678e-01 2.80281314e+00
1.98386355e-01 2.79848485e+00
2.18827480e-01 2.79403350e+00
2.41374796e-01 2.78943098e+00
2.66245319e-01 2.78464698e+00
2.93678424e-01 2.77964880e+00
3.23938153e-01 2.77440102e+00
3.52344802e-01 2.76968966e+00
3.57315753e-01 2.76944415e+00
3.94132478e-01 2.76786636e+00
4.34742686e-01 2.76635507e+00
4.79537247e-01 2.76490618e+00
5.28947302e-01 2.76351571e+00
5.83448419e-01 2.76217977e+00
6.43565164e-01 2.76089450e+00
7.09876156e-01 2.75965607e+00
7.83019630e-01 2.75846079e+00
8.63699584e-01 2.75730486e+00
9.52692555e-01 2.75618440e+00
1.05085509e+00 2.75509573e+00
1.15913199e+00 2.75403535e+00
1.27856542e+00 2.75300050e+00
1.42025333e+00 2.75191389e+00
1.57756539e+00 2.75084493e+00
1.75238785e+00 2.74978889e+00
1.94648825e+00 2.74874164e+00
2.16219395e+00 2.74769795e+00
2.40168586e+00 2.74665125e+00
2.68652296e+00 2.74552414e+00
2.98423775e+00 2.74445131e+00
3.29172450e+00 2.74342943e+00
3.63089376e+00 2.74238156e+00
4.00500998e+00 2.74130121e+00
4.41767399e+00 2.74018142e+00
4.87285764e+00 2.73901467e+00
5.37494203e+00 2.73779290e+00
5.92875966e+00 2.73650732e+00
6.53964097e+00 2.73514831e+00
7.21346563e+00 2.73370552e+00
7.95671913e+00 2.73216765e+00
8.41533105e+00 2.73124726e+00
8.77655520e+00 2.73110491e+00
9.68086468e+00 2.73079708e+00
1.06783514e+01 2.73050377e+00
1.17786162e+01 2.73022422e+00
1.29922489e+01 2.72995775e+00
1.43309306e+01 2.72970373e+00
1.58075460e+01 2.72946155e+00
1.74363073e+01 2.72923049e+00
1.92328912e+01 2.72900956e+00
2.10659881e+01 2.72881371e+00
2.30749305e+01 2.72862612e+00
2.52742142e+01 2.72844620e+00
2.78783921e+01 2.72826137e+00
3.07508966e+01 2.72808471e+00
3.39193752e+01 2.72791577e+00
3.74143241e+01 2.72775412e+00
4.12693820e+01 2.72759926e+00
4.55216532e+01 2.72745081e+00
5.02120655e+01 2.72730840e+00
5.53857636e+01 2.72717162e+00
6.10925437e+01 2.72704004e+00
6.73873331e+01 2.72691325e+00
7.43307184e+01 2.72679093e+00
8.19895289e+01 2.72667267e+00
9.04374799e+01 2.72655810e+00
9.97558819e+01 2.72644685e+00
1.10034424e+02 2.72633851e+00
1.21372035e+02 2.72623275e+00
1.33877839e+02 2.72612911e+00
1.47672204e+02 2.72602720e+00
1.62887897e+02 2.72592662e+00
1.79671369e+02 2.72582698e+00
1.98184159e+02 2.72572777e+00
2.18604450e+02 2.72562849e+00
2.41128786e+02 2.72552873e+00
2.65973961e+02 2.72542794e+00
2.93379106e+02 2.72532557e+00
3.23607995e+02 2.72522104e+00
3.56951575e+02 2.72511371e+00
3.93730777e+02 2.72500293e+00
4.34299595e+02 2.72488797e+00
4.79048501e+02 2.72476804e+00
5.28203730e+02 2.72464283e+00
5.82344029e+02 2.72451111e+00
6.41279753e+02 2.72437352e+00
7.07355263e+02 2.72422485e+00
7.79441278e+02 2.72406805e+00
8.65817310e+02 2.72388568e+00
9.48338808e+02 2.72371604e+00
1.04475452e+03 2.72352226e+00
1.15240284e+03 2.72331028e+00
1.27114291e+03 2.72308068e+00
1.40185814e+03 2.72283192e+00
1.54425420e+03 2.72256469e+00
1.70336944e+03 2.72226973e+00
1.89213324e+03 2.72192360e+00
2.08709287e+03 2.72156952e+00
2.30214056e+03 2.72118209e+00
2.53934610e+03 2.72075772e+00
2.80099258e+03 2.72029245e+00
3.08959831e+03 2.71978195e+00
3.40794109e+03 2.71922141e+00
3.75908495e+03 2.71860556e+00
4.17732751e+03 2.71787463e+00
4.60774659e+03 2.71712469e+00
5.08251475e+03 2.71629962e+00
5.65009430e+03 2.71531553e+00
6.22856036e+03 2.71431454e+00
6.85141640e+03 2.71323854e+00
7.54916237e+03 2.71203491e+00
8.28970817e+03 2.71075916e+00
9.07538290e+03 2.70940726e+00
9.66194791e+03 2.70839897e+00
1.04045809e+04 2.70712394e+00
1.10042835e+04 2.70609565e+00
1.13429380e+04 2.70551553e+00
1.17744330e+04 2.70477769e+00
1.21090087e+04 2.70420667e+00
1.24218215e+04 2.70367420e+00
1.26777000e+04 2.70324000e+00
1.28565595e+04 2.70293760e+00
1.30379424e+04 2.70263219e+00
1.32218843e+04 2.70232397e+00
1.33575992e+04 2.70209809e+00
1.34842367e+04 2.70188888e+00
1.35968432e+04 2.70170446e+00
1.36954188e+04 2.70154461e+00
1.37693505e+04 2.70142595e+00
1.38432822e+04 2.70130860e+00
1.39172139e+04 2.70119285e+00
1.39772000e+04 2.70110035e+00
1.40372440e+04 2.70100932e+00
1.40944757e+04 2.70092430e+00
1.41517074e+04 2.70084133e+00
1.42089392e+04 2.70076080e+00
1.42470937e+04 2.70070880e+00
1.42960998e+04 2.70064436e+00
1.43328544e+04 2.70099791e+00
1.43710499e+04 2.70136749e+00
1.44099660e+04 2.70174675e+00
1.44488821e+04 2.70212920e+00
1.44833312e+04 2.70247093e+00
1.45177803e+04 2.70281623e+00
1.45463687e+04 2.70310600e+00
1.45749571e+04 2.70339900e+00
1.45978278e+04 2.70363629e+00
1.46206986e+04 2.70387653e+00
1.46426019e+04 2.70410970e+00
1.46645052e+04 2.70434636e+00
1.46865048e+04 2.70458806e+00
1.47085043e+04 2.70483442e+00
1.47306434e+04 2.70508775e+00
1.47527825e+04 2.70534727e+00
1.47714624e+04 2.70557198e+00
1.47901422e+04 2.70580296e+00
1.48076290e+04 2.70602549e+00
1.48251157e+04 2.70625493e+00
1.48419179e+04 2.70648345e+00
1.48573512e+04 2.70670099e+00
1.48727846e+04 2.70692740e+00
1.48875210e+04 2.70715196e+00
1.49019090e+04 2.70738197e+00
1.49162971e+04 2.70762273e+00
1.49268747e+04 2.70780852e+00
1.49374522e+04 2.70800233e+00
1.49480298e+04 2.70820505e+00
1.49586074e+04 2.70841794e+00
1.49656111e+04 2.70856633e+00
1.49683307e+04 2.70889272e+00
1.49780541e+04 2.71007066e+00
1.49877774e+04 2.71126094e+00
1.49975007e+04 2.71246548e+00
1.50056799e+04 2.71349126e+00
1.50138592e+04 2.71452986e+00
1.50220384e+04 2.71558261e+00
1.50302177e+04 2.71665092e+00
1.50383969e+04 2.71773778e+00
1.50460958e+04 2.71877986e+00
1.50535546e+04 2.71980935e+00
1.50610134e+04 2.72086091e+00
1.50684722e+04 2.72193745e+00
1.50759310e+04 2.72304224e+00
1.50835037e+04 2.72419664e+00
1.50913042e+04 2.72542710e+00
1.50939963e+04 2.72586550e+00
1.50965046e+04 2.72693515e+00
1.51017050e+04 2.72917654e+00
1.51069053e+04 2.73144434e+00
1.51121057e+04 2.73374159e+00
1.51173061e+04 2.73607175e+00
1.51225064e+04 2.73843903e+00
1.51287899e+04 2.74135628e+00
1.51329789e+04 2.74334079e+00
1.51371679e+04 2.74536129e+00
1.51413569e+04 2.74742118e+00
1.51455458e+04 2.74952401e+00
1.51487489e+04 2.75116873e+00
1.51497348e+04 2.75218517e+00
1.51539238e+04 2.75655917e+00
1.51576472e+04 2.76049997e+00
1.51625340e+04 2.76575814e+00
1.51674208e+04 2.77112810e+00
1.51706787e+04 2.77477840e+00
1.51739365e+04 2.77849171e+00
1.51771944e+04 2.78227570e+00
1.51804522e+04 2.78613992e+00
1.51820304e+04 2.78805345e+00
1.51833683e+04 2.79080267e+00
1.51872298e+04 2.79886437e+00
1.51910914e+04 2.80709130e+00
1.51936657e+04 2.81268036e+00
1.51962401e+04 2.81836364e+00
1.51988144e+04 2.82415241e+00
1.52013888e+04 2.83005996e+00
1.52019993e+04 2.83149172e+00
1.52037924e+04 2.83816409e+00
1.52060253e+04 2.84659021e+00
1.52082582e+04 2.85514185e+00
1.52104911e+04 2.86383350e+00
1.52127240e+04 2.87268196e+00
1.52149569e+04 2.88170704e+00
1.52159912e+04 2.88597972e+00
1.52171899e+04 2.89315045e+00
1.52194228e+04 2.90673514e+00
1.52214057e+04 2.91901512e+00
1.52231385e+04 2.92993500e+00
1.52248714e+04 2.94105189e+00
1.52253191e+04 2.94398066e+00
1.52266043e+04 2.95541236e+00
1.52283372e+04 2.97107399e+00
1.52300701e+04 2.98701644e+00
1.52318029e+04 3.00327762e+00
1.52323150e+04 3.00819027e+00
1.52335358e+04 3.02334596e+00
1.52351038e+04 3.04317081e+00
1.52365071e+04 3.06124110e+00
1.52369789e+04 3.06743683e+00
1.52379103e+04 3.08256043e+00
1.52393135e+04 3.10574928e+00
1.52407167e+04 3.12939994e+00
1.52407551e+04 3.13006261e+00
1.52421199e+04 3.15976691e+00
1.52435231e+04 3.19092969e+00
1.52449263e+04 3.22282332e+00
1.52450878e+04 3.22658683e+00
1.52461577e+04 3.25810936e+00
1.52472172e+04 3.28995082e+00
1.52479762e+04 3.31324124e+00
1.52482768e+04 3.32441928e+00
1.52493363e+04 3.36460613e+00
1.52501425e+04 3.39588154e+00
1.52503959e+04 3.40773189e+00
1.52514554e+04 3.45837225e+00
1.52522501e+04 3.49717959e+00
1.52523088e+04 3.50010965e+00
1.52530447e+04 3.54513400e+00
1.52538394e+04 3.59468716e+00
1.52544683e+04 3.63465115e+00
1.52544752e+04 3.63509784e+00
1.52551963e+04 3.69120615e+00
1.52559194e+04 3.74859213e+00
1.52559242e+04 3.74904393e+00
1.52566522e+04 3.81813410e+00
1.52573636e+04 3.88706259e+00
1.52573802e+04 3.88896151e+00
1.52581081e+04 3.97397241e+00
1.52588078e+04 4.05745242e+00
1.52588361e+04 4.06137525e+00
1.52595641e+04 4.16433422e+00
1.52598910e+04 4.21155200e+00
1.52602025e+04 4.26281795e+00
1.52607515e+04 4.35473356e+00
1.52609741e+04 4.39266719e+00
1.52613004e+04 4.45605707e+00
1.52618494e+04 4.56445507e+00
1.52620573e+04 4.60623491e+00
1.52623983e+04 4.68339688e+00
1.52629377e+04 4.80748158e+00
1.52629473e+04 4.80994955e+00
1.52634962e+04 4.95421599e+00
1.52639765e+04 5.08258490e+00
1.52640451e+04 5.10303877e+00
1.52645301e+04 5.24976979e+00
1.52647556e+04 5.31920020e+00
1.52651614e+04 5.45616148e+00
1.52655347e+04 5.58453675e+00
1.52657928e+04 5.68174720e+00
1.52663138e+04 5.88161899e+00
1.52664242e+04 5.92791603e+00
1.52670555e+04 6.19756407e+00
1.52670929e+04 6.21384154e+00
1.52676869e+04 6.49563409e+00
1.52678720e+04 6.58505118e+00
1.52683034e+04 6.81181646e+00
1.52686511e+04 6.99765283e+00
1.52689200e+04 7.15376846e+00
1.52694302e+04 7.45476969e+00
1.52695366e+04 7.52277932e+00
1.52701532e+04 7.92305362e+00
1.52702093e+04 7.96007724e+00
1.52707698e+04 8.35997824e+00
1.52710343e+04 8.55152069e+00
1.52713418e+04 8.79316146e+00
1.52719512e+04 9.27935040e+00
1.52720748e+04 9.38643936e+00
1.52728078e+04 1.00315026e+01
1.52728680e+04 1.00853376e+01
1.52735409e+04 1.07346085e+01
1.52737849e+04 1.09737851e+01
1.52743334e+04 1.15508974e+01
1.52747017e+04 1.19445734e+01
1.52751853e+04 1.24962873e+01
1.52756186e+04 1.29979123e+01
1.52760373e+04 1.35124311e+01
1.52765400e+04 1.41384784e+01
1.52768892e+04 1.45972231e+01
1.52774614e+04 1.53583395e+01
1.52778561e+04 1.59123563e+01
1.52786899e+04 1.70966958e+01
1.52789380e+04 1.74688116e+01
1.52802256e+04 1.94215336e+01
1.52802904e+04 1.95243664e+01
1.52825430e+04 2.31323440e+01
1.52825892e+04 2.32066026e+01
1.52845533e+04 2.63663215e+01
1.52847974e+04 2.67446763e+01
1.52858935e+04 2.84249929e+01
1.52860592e+04 2.86621404e+01
1.52871538e+04 3.02045575e+01
1.52874343e+04 3.05929830e+01
1.52880811e+04 3.14055779e+01
1.52884616e+04 3.18732199e+01
1.52890083e+04 3.24751884e+01
1.52894888e+04 3.29889167e+01
1.52899356e+04 3.34006890e+01
1.52905160e+04 3.39149930e+01
1.52908629e+04 3.41653050e+01
1.52915432e+04 3.46300042e+01
1.52917901e+04 3.47547859e+01
1.52925705e+04 3.51170611e+01
1.52927174e+04 3.51578432e+01
1.52935977e+04 3.53644598e+01
1.52936447e+04 3.53687562e+01
1.52941083e+04 3.53959747e+01
1.52941113e+04 3.53960587e+01
1.52949374e+04 3.52918899e+01
1.52952490e+04 3.52404986e+01
1.52957664e+04 3.50468939e+01
1.52963867e+04 3.47913223e+01
1.52965955e+04 3.46635592e+01
1.52974245e+04 3.41261460e+01
1.52975243e+04 3.40574783e+01
1.52985299e+04 3.31799955e+01
1.52986620e+04 3.30592970e+01
1.52996353e+04 3.20098210e+01
1.52997997e+04 3.18267477e+01
1.53007407e+04 3.06464450e+01
1.53009374e+04 3.03940450e+01
1.53016959e+04 2.93467431e+01
1.53018461e+04 2.91259147e+01
1.53029515e+04 2.74768896e+01
1.53032128e+04 2.70823245e+01
1.53047955e+04 2.45513434e+01
1.53062466e+04 2.22223531e+01
1.53075614e+04 2.01242971e+01
1.53080422e+04 1.93632401e+01
1.53087585e+04 1.82752473e+01
1.53095385e+04 1.71006855e+01
1.53096483e+04 1.69437821e+01
1.53107355e+04 1.54070559e+01
1.53107605e+04 1.53734841e+01
1.53114278e+04 1.44878904e+01
1.53116353e+04 1.42152775e+01
1.53121876e+04 1.35262211e+01
1.53125361e+04 1.30965704e+01
1.53129475e+04 1.26179979e+01
1.53134370e+04 1.20558091e+01
1.53137073e+04 1.17644761e+01
1.53143378e+04 1.10945164e+01
1.53144671e+04 1.09662695e+01
1.53150993e+04 1.03479900e+01
1.53152386e+04 1.02134755e+01
1.53157315e+04 9.76621545e+00
1.53158392e+04 9.66982963e+00
1.53163637e+04 9.22816662e+00
1.53166501e+04 8.99041630e+00
1.53169959e+04 8.72379911e+00
1.53174611e+04 8.37050526e+00
1.53176282e+04 8.25302771e+00
1.53182218e+04 7.84193108e+00
1.53182720e+04 7.80767247e+00
1.53187962e+04 7.47772102e+00
1.53190829e+04 7.29989858e+00
1.53193707e+04 7.13581881e+00
1.53198939e+04 6.84198013e+00
1.53199451e+04 6.81560765e+00
1.53205195e+04 6.52441584e+00
1.53207048e+04 6.43196875e+00
1.53211416e+04 6.23277758e+00
1.53215158e+04 6.06477365e+00
1.53216200e+04 6.02207552e+00
1.53220983e+04 5.82878404e+00
1.53223267e+04 5.73773094e+00
1.53225766e+04 5.64686814e+00
1.53230550e+04 5.47542609e+00
1.53231115e+04 5.45545661e+00
1.53235333e+04 5.31949205e+00
1.53238962e+04 5.20418533e+00
1.53240117e+04 5.17075879e+00
1.53244900e+04 5.03430651e+00
1.53246809e+04 4.98064215e+00
1.53250282e+04 4.89183979e+00
1.53254657e+04 4.78190760e+00
1.53256264e+04 4.74598035e+00
1.53262246e+04 4.61481474e+00
1.53266428e+04 4.52473612e+00
1.53268228e+04 4.49110640e+00
1.53274210e+04 4.38144589e+00
1.53278199e+04 4.30959370e+00
1.53280192e+04 4.27844661e+00
1.53286173e+04 4.18667388e+00
1.53289971e+04 4.12942820e+00
1.53292155e+04 4.10078469e+00
1.53298894e+04 4.01414820e+00
1.53301742e+04 3.97826411e+00
1.53306390e+04 3.92721011e+00
1.53313513e+04 3.85066139e+00
1.53313885e+04 3.84715669e+00
1.53321381e+04 3.77811966e+00
1.53325284e+04 3.74289093e+00
1.53328877e+04 3.71492378e+00
1.53336372e+04 3.65778992e+00
1.53340979e+04 3.62333447e+00
1.53343868e+04 3.60527764e+00
1.53351363e+04 3.55936886e+00
1.53359977e+04 3.50764023e+00
1.53360679e+04 3.50350665e+00
1.53369709e+04 3.46017405e+00
1.53379441e+04 3.41451850e+00
1.53384384e+04 3.39178208e+00
1.53389172e+04 3.37375570e+00
1.53398904e+04 3.33789016e+00
1.53408089e+04 3.30466952e+00
1.53408636e+04 3.30307384e+00
1.53418367e+04 3.27525953e+00
1.53428099e+04 3.24795183e+00
1.53440422e+04 3.21400595e+00
1.53443646e+04 3.20525492e+00
1.53447878e+04 3.19612750e+00
1.53462792e+04 3.16456237e+00
1.53477705e+04 3.13368693e+00
1.53479203e+04 3.13064501e+00
1.53492619e+04 3.10836139e+00
1.53507532e+04 3.08409422e+00
1.53514760e+04 3.07254453e+00
1.53522446e+04 3.06250672e+00
1.53537359e+04 3.04340973e+00
1.53552272e+04 3.02464794e+00
1.53562170e+04 3.01240417e+00
1.53569009e+04 3.00585603e+00
1.53585747e+04 2.99015954e+00
1.53602484e+04 2.97475124e+00
1.53619221e+04 2.95959843e+00
1.53633284e+04 2.94705706e+00
1.53635958e+04 2.94532861e+00
1.53652695e+04 2.93471140e+00
1.53677800e+04 2.91912120e+00
1.53698311e+04 2.90664674e+00
1.53722595e+04 2.89214226e+00
1.53728103e+04 2.88890941e+00
1.53746879e+04 2.88129959e+00
1.53771164e+04 2.87167691e+00
1.53795448e+04 2.86224681e+00
1.53819732e+04 2.85298623e+00
1.53844016e+04 2.84387538e+00
1.53867673e+04 2.83512922e+00
1.53868300e+04 2.83497106e+00
1.53894047e+04 2.82860580e+00
1.53921256e+04 2.82200814e+00
1.53948466e+04 2.81552900e+00
1.53975675e+04 2.80915557e+00
1.54002885e+04 2.80287641e+00
1.54007243e+04 2.80188401e+00
1.54030094e+04 2.79858053e+00
1.54070908e+04 2.79281846e+00
1.54098118e+04 2.78905877e+00
1.54131517e+04 2.78452324e+00
1.54164916e+04 2.78006675e+00
1.54198316e+04 2.77568091e+00
1.54231715e+04 2.77135796e+00
1.54281814e+04 2.76497614e+00
1.54286384e+04 2.76440377e+00
1.54331913e+04 2.76126295e+00
1.54365312e+04 2.75901130e+00
1.54407107e+04 2.75624658e+00
1.54448901e+04 2.75353450e+00
1.54490696e+04 2.75086921e+00
1.54532491e+04 2.74824559e+00
1.54595182e+04 2.74437750e+00
1.54657874e+04 2.74057887e+00
1.54699669e+04 2.73808125e+00
1.54748646e+04 2.73518687e+00
1.54797623e+04 2.73232393e+00
1.54802957e+04 2.73201573e+00
1.54871089e+04 2.73054988e+00
1.54944555e+04 2.72902017e+00
1.55018021e+04 2.72753504e+00
1.55091487e+04 2.72608872e+00
1.55172984e+04 2.72452374e+00
1.55254481e+04 2.72299479e+00
1.55335978e+04 2.72149689e+00
1.55417475e+04 2.72002593e+00
1.55498971e+04 2.71857857e+00
1.55585125e+04 2.71707093e+00
1.55673607e+04 2.71554406e+00
1.55762090e+04 2.71403611e+00
1.55850572e+04 2.71254378e+00
1.55915479e+04 2.71145942e+00
1.55939054e+04 2.71139333e+00
1.56047906e+04 2.71110580e+00
1.56147634e+04 2.71085730e+00
1.56247362e+04 2.71062127e+00
1.56347090e+04 2.71039630e+00
1.56449644e+04 2.71017517e+00
1.56555025e+04 2.70995766e+00
1.56660407e+04 2.70974888e+00
1.56818478e+04 2.70944961e+00
1.56938081e+04 2.70923276e+00
1.57057685e+04 2.70902339e+00
1.57177288e+04 2.70882088e+00
1.57347766e+04 2.70854205e+00
1.57500392e+04 2.70830075e+00
1.57653017e+04 2.70806650e+00
1.57798545e+04 2.70784932e+00
1.57893198e+04 2.70771041e+00
1.58082503e+04 2.70743885e+00
1.58283172e+04 2.70715849e+00
1.58483841e+04 2.70688438e+00
1.58617620e+04 2.70670474e+00
1.58838929e+04 2.70641259e+00
1.59060238e+04 2.70612599e+00
1.59285220e+04 2.70583930e+00
1.59510202e+04 2.70555652e+00
1.59660190e+04 2.70536998e+00
1.59890290e+04 2.70508677e+00
1.60120390e+04 2.70480657e+00
1.60394721e+04 2.70447597e+00
1.60669052e+04 2.70414861e+00
1.61003389e+04 2.70375323e+00
1.61337726e+04 2.70336132e+00
1.61696807e+04 2.70294373e+00
1.62055888e+04 2.70252903e+00
1.62439714e+04 2.70208853e+00
1.62823539e+04 2.70165043e+00
1.63236889e+04 2.70118082e+00
1.63630555e+04 2.70073548e+00
1.64102956e+04 2.70020320e+00
1.64713051e+04 2.69951847e+00
1.65323146e+04 2.69883629e+00
1.65705608e+04 2.69840996e+00
1.65933241e+04 2.69837134e+00
1.66543337e+04 2.69826958e+00
1.67356797e+04 2.69813609e+00
1.68144837e+04 2.69800870e+00
1.68932876e+04 2.69788288e+00
1.69894000e+04 2.69773114e+00
1.71034316e+04 2.69755299e+00
1.72238265e+04 2.69736666e+00
1.73595444e+04 2.69715830e+00
1.74952624e+04 2.69695129e+00
1.76649098e+04 2.69669401e+00
1.78389000e+04 2.69643141e+00
1.80493930e+04 2.69611502e+00
1.83040374e+04 2.69573367e+00
1.86263159e+04 2.69525253e+00
1.89658697e+04 2.69474693e+00
1.94450533e+04 2.69403490e+00
1.99599757e+04 2.69327106e+00
2.06507000e+04 2.69224779e+00
2.16890466e+04 2.69071146e+00
2.31573750e+04 2.68854133e+00
2.42472497e+04 2.68693161e+00
2.53536986e+04 2.68529874e+00
2.64060328e+04 2.68374689e+00
2.73654495e+04 2.68233332e+00
2.81430508e+04 2.68118869e+00
2.87726791e+04 2.68026281e+00
2.93974310e+04 2.67934513e+00
2.99611530e+04 2.67851825e+00
3.05105000e+04 2.67771370e+00
3.09409482e+04 2.67708445e+00
3.13774693e+04 2.67644762e+00
3.18022610e+04 2.67582934e+00
3.21606753e+04 2.67530919e+00
3.25047577e+04 2.67481147e+00
3.27996855e+04 2.67438634e+00
3.30454587e+04 2.67403335e+00
3.33403865e+04 2.67361165e+00
3.34386958e+04 2.67347186e+00
3.35974966e+04 2.67394395e+00
3.37941879e+04 2.67453015e+00
3.40056646e+04 2.67516220e+00
3.41916234e+04 2.67571976e+00
3.43775822e+04 2.67627926e+00
3.45635409e+04 2.67684105e+00
3.47449244e+04 2.67739163e+00
3.48922646e+04 2.67784109e+00
3.50396047e+04 2.67829295e+00
3.51869449e+04 2.67874751e+00
3.53342851e+04 2.67920532e+00
3.54521572e+04 2.67957425e+00
3.55700293e+04 2.67994599e+00
3.56907532e+04 2.68032995e+00
3.57820090e+04 2.68062278e+00
3.58649973e+04 2.68089141e+00
3.58732649e+04 2.68104494e+00
3.59645207e+04 2.68274241e+00
3.60557766e+04 2.68444310e+00
3.61470324e+04 2.68614748e+00
3.62382882e+04 2.68785605e+00
3.63295441e+04 2.68956936e+00
3.64002134e+04 2.69089994e+00
3.64708826e+04 2.69223432e+00
3.65415519e+04 2.69357292e+00
3.66122212e+04 2.69491628e+00
3.66828905e+04 2.69626504e+00
3.67535598e+04 2.69761996e+00
3.68242291e+04 2.70120545e+00
3.68948983e+04 2.70479893e+00
3.69564429e+04 2.70793596e+00
3.70179874e+04 2.71108112e+00
3.70795320e+04 2.71423545e+00
3.71410765e+04 2.71740035e+00
3.72026210e+04 2.72057747e+00
3.72231359e+04 2.72164119e+00
3.72641656e+04 2.72600498e+00
3.73195398e+04 2.73190833e+00
3.73749140e+04 2.73782685e+00
3.74225752e+04 2.74293531e+00
3.74702365e+04 2.74805910e+00
3.75178978e+04 2.75320026e+00
3.75337848e+04 2.75492065e+00
3.75655590e+04 2.76090518e+00
3.76120236e+04 2.76967883e+00
3.76584882e+04 2.77847709e+00
3.76895748e+04 2.78437957e+00
3.77206613e+04 2.79029782e+00
3.77534536e+04 2.79987254e+00
3.77862459e+04 2.80946805e+00
3.78190381e+04 2.81908715e+00
3.78518304e+04 2.82873297e+00
3.78836979e+04 2.84266073e+00
3.79155655e+04 2.85662139e+00
3.79469085e+04 2.87038892e+00
3.79782515e+04 2.88419775e+00
3.80083828e+04 2.90354053e+00
3.80385141e+04 2.92293584e+00
3.80695957e+04 2.94300564e+00
3.80734813e+04 2.94552224e+00
3.80903167e+04 2.96034826e+00
3.81110377e+04 2.97863217e+00
3.81305304e+04 2.99586631e+00
3.81369677e+04 3.00157207e+00
3.81487948e+04 3.01541796e+00
3.81670591e+04 3.03684016e+00
3.81853235e+04 3.05830584e+00
3.82028580e+04 3.07895883e+00
3.82036108e+04 3.07984774e+00
3.82196627e+04 3.10460886e+00
3.82364673e+04 3.13058480e+00
3.82529421e+04 3.15610807e+00
3.82532720e+04 3.15676189e+00
3.82697341e+04 3.18945062e+00
3.82858537e+04 3.22152718e+00
3.83019733e+04 3.25367961e+00
3.83022733e+04 3.25427974e+00
3.83180928e+04 3.29364320e+00
3.83340323e+04 3.33339982e+00
3.83340587e+04 3.33347963e+00
3.83498708e+04 3.38151415e+00
3.83656829e+04 3.42966822e+00
3.83657913e+04 3.42999946e+00
3.83814950e+04 3.48808315e+00
3.83953212e+04 3.53935685e+00
3.83973236e+04 3.54839824e+00
3.84131687e+04 3.62011746e+00
3.84248511e+04 3.67313069e+00
3.84250525e+04 3.67423061e+00
3.84369364e+04 3.73926329e+00
3.84484289e+04 3.80229862e+00
3.84488202e+04 3.80485345e+00
3.84615029e+04 3.88784565e+00
3.84720067e+04 3.95676123e+00
3.84745851e+04 3.97721015e+00
3.84876672e+04 4.08122898e+00
3.84954399e+04 4.14321336e+00
3.85007494e+04 4.19315184e+00
3.85094708e+04 4.27537624e+00
3.85108693e+04 4.28858923e+00
3.85181922e+04 4.36835887e+00
3.85262987e+04 4.45687933e+00
3.85300233e+04 4.50384806e+00
3.85412288e+04 4.64553101e+00
3.85417280e+04 4.65186199e+00
3.85524344e+04 4.80969551e+00
3.85568854e+04 4.87548055e+00
3.85599048e+04 4.92677840e+00
3.85673751e+04 5.05395217e+00
3.85680494e+04 5.06545692e+00
3.85748455e+04 5.19612025e+00
3.85792135e+04 5.28028303e+00
3.85823158e+04 5.34791249e+00
3.85903775e+04 5.52406234e+00
3.85914121e+04 5.54980012e+00
3.86005084e+04 5.77665886e+00
3.86015415e+04 5.80248819e+00
3.86065725e+04 5.94663919e+00
3.86126367e+04 6.12073534e+00
3.86127691e+04 6.12454446e+00
3.86187009e+04 6.31733007e+00
3.86203390e+04 6.37068414e+00
3.86247651e+04 6.53035660e+00
3.86279089e+04 6.64401476e+00
3.86308293e+04 6.76117450e+00
3.86354788e+04 6.94815716e+00
3.86384227e+04 7.07993638e+00
3.86430487e+04 7.28758114e+00
3.86460161e+04 7.43642825e+00
3.86506186e+04 7.66783709e+00
3.86510783e+04 7.69377455e+00
3.86561406e+04 7.97992235e+00
3.86581885e+04 8.09592342e+00
3.86612029e+04 8.28824448e+00
3.86657584e+04 8.57949056e+00
3.86662651e+04 8.61581494e+00
3.86713274e+04 8.97941738e+00
3.86722160e+04 9.04337510e+00
3.86758272e+04 9.33055646e+00
3.86775612e+04 9.46873157e+00
3.86803270e+04 9.71054612e+00
3.86829065e+04 9.93653497e+00
3.86848268e+04 1.01215443e+01
3.86882518e+04 1.04521979e+01
3.86893266e+04 1.05666834e+01
3.86935970e+04 1.10224916e+01
3.86938264e+04 1.10496021e+01
3.86983262e+04 1.15825740e+01
3.86989423e+04 1.16557181e+01
3.87028260e+04 1.21678237e+01
3.87042876e+04 1.23610027e+01
3.87073258e+04 1.28082568e+01
3.87096328e+04 1.31487517e+01
3.87125495e+04 1.36258669e+01
3.87142573e+04 1.39058735e+01
3.87160320e+04 1.42243034e+01
3.87181610e+04 1.46070136e+01
3.87195145e+04 1.48717903e+01
3.87220647e+04 1.53716021e+01
3.87229971e+04 1.55708055e+01
3.87259684e+04 1.62068898e+01
3.87264796e+04 1.63263796e+01
3.87298721e+04 1.71209830e+01
3.87299621e+04 1.71440273e+01
3.87334446e+04 1.80378685e+01
3.87337758e+04 1.81230603e+01
3.87366764e+04 1.89399860e+01
3.87376795e+04 1.92232036e+01
3.87411479e+04 2.02968741e+01
3.87415832e+04 2.04319626e+01
3.87441289e+04 2.12954309e+01
3.87451430e+04 2.16400514e+01
3.87471099e+04 2.23653424e+01
3.87483587e+04 2.28267231e+01
3.87500909e+04 2.35185958e+01
3.87515745e+04 2.41123157e+01
3.87530719e+04 2.47603165e+01
3.87547903e+04 2.55053552e+01
3.87560529e+04 2.60972658e+01
3.87580061e+04 2.70146066e+01
3.87590339e+04 2.75363094e+01
3.87612218e+04 2.86492500e+01
3.87630753e+04 2.96671569e+01
3.87644376e+04 3.04171445e+01
3.87671167e+04 3.20071407e+01
3.87676534e+04 3.23264024e+01
3.87706979e+04 3.42709947e+01
3.87711581e+04 3.45895260e+01
3.87750078e+04 3.72595840e+01
3.87751995e+04 3.74047558e+01
3.87792409e+04 4.04704053e+01
3.87793176e+04 4.05287160e+01
3.87833189e+04 4.38173944e+01
3.87836275e+04 4.40715256e+01
3.87874151e+04 4.74046618e+01
3.87879374e+04 4.78650675e+01
3.87928766e+04 5.24896217e+01
3.87940018e+04 5.35442114e+01
3.88062833e+04 6.54695841e+01
3.88063446e+04 6.55253499e+01
3.88115468e+04 7.02511419e+01
3.88122099e+04 7.07979491e+01
3.88150558e+04 7.31376174e+01
3.88161201e+04 7.39123143e+01
3.88185649e+04 7.56848272e+01
3.88200303e+04 7.65786417e+01
3.88220079e+04 7.77787012e+01
3.88229630e+04 7.82326023e+01
3.88253849e+04 7.93763039e+01
3.88258956e+04 7.95434019e+01
3.88287620e+04 8.04718282e+01
3.88288283e+04 8.04830207e+01
3.88317610e+04 8.09676018e+01
3.88321390e+04 8.10289501e+01
3.88337161e+04 8.10956155e+01
3.88338275e+04 8.10999395e+01
3.88374794e+04 8.07634924e+01
3.88376391e+04 8.07480681e+01
3.88412428e+04 7.97615648e+01
3.88414507e+04 7.97037836e+01
3.88450062e+04 7.81265139e+01
3.88452623e+04 7.80119411e+01
3.88487695e+04 7.59239418e+01
3.88490738e+04 7.57417945e+01
3.88525329e+04 7.32376804e+01
3.88528854e+04 7.29815688e+01
3.88562963e+04 7.01636170e+01
3.88566970e+04 6.98316854e+01
3.88613141e+04 6.56313565e+01
3.88617791e+04 6.52076425e+01
3.88759764e+04 5.15173541e+01
3.88763441e+04 5.11821898e+01
3.88813149e+04 4.66572503e+01
3.88819446e+04 4.60849255e+01
3.88850431e+04 4.34621705e+01
3.88864207e+04 4.22978744e+01
3.88887712e+04 4.04573479e+01
3.88908968e+04 3.87958907e+01
3.88924994e+04 3.76475183e+01
3.88953729e+04 3.55925528e+01
3.88965481e+04 3.48157721e+01
3.88983570e+04 3.36228214e+01
3.89007571e+04 3.21472382e+01
3.89017027e+04 3.15672368e+01
3.89049661e+04 2.97136030e+01
3.89050485e+04 2.96669230e+01
3.89083942e+04 2.79145412e+01
3.89091751e+04 2.75369025e+01
3.89117400e+04 2.62997746e+01
3.89133841e+04 2.55680914e+01
3.89150857e+04 2.48125041e+01
3.89161901e+04 2.43601563e+01
3.89184314e+04 2.34438533e+01
3.89193107e+04 2.31122251e+01
3.89217772e+04 2.21838657e+01
3.89224314e+04 2.19566100e+01
3.89251229e+04 2.10234838e+01
3.89255520e+04 2.08874613e+01
3.89286726e+04 1.99002393e+01
3.89293261e+04 1.96938993e+01
3.89317933e+04 1.89882113e+01
3.89335292e+04 1.84928012e+01
3.89364742e+04 1.77304907e+01
3.89377324e+04 1.74056763e+01
3.89411552e+04 1.66029974e+01
3.89419356e+04 1.64204115e+01
3.89449633e+04 1.57758202e+01
3.89461388e+04 1.55260896e+01
3.89487714e+04 1.50160900e+01
3.89503420e+04 1.47124806e+01
3.89525796e+04 1.43171485e+01
3.89545451e+04 1.39705909e+01
3.89563877e+04 1.36774265e+01
3.89601958e+04 1.30727615e+01
3.89602433e+04 1.30652396e+01
3.89640039e+04 1.25277264e+01
3.89647282e+04 1.24244032e+01
3.89678121e+04 1.20273861e+01
3.89707080e+04 1.16552639e+01
3.89716202e+04 1.15507256e+01
3.89761848e+04 1.10286917e+01
3.89766879e+04 1.09712743e+01
3.89807494e+04 1.05564671e+01
3.89826678e+04 1.03609477e+01
3.89853140e+04 1.01187466e+01
3.89886476e+04 9.81426384e+00
3.89898786e+04 9.71293890e+00
3.89944432e+04 9.33799950e+00
3.89946275e+04 9.32289504e+00
3.89990079e+04 8.99822356e+00
3.90006073e+04 8.87994540e+00
3.90058548e+04 8.52820853e+00
3.90065872e+04 8.47923033e+00
3.90108440e+04 8.22348767e+00
3.90140456e+04 8.03152961e+00
3.90162578e+04 7.91318245e+00
3.90215041e+04 7.63311127e+00
3.90216716e+04 7.62508719e+00
3.90270854e+04 7.36632997e+00
3.90289625e+04 7.27678239e+00
3.90324992e+04 7.12493609e+00
3.90364210e+04 6.95688253e+00
3.90379131e+04 6.89919540e+00
3.90438794e+04 6.66907940e+00
3.90460338e+04 6.59569926e+00
3.90514476e+04 6.41174796e+00
3.90550671e+04 6.28900349e+00
3.90581775e+04 6.19769733e+00
3.90649074e+04 6.00058605e+00
3.90662547e+04 5.96120443e+00
3.90716373e+04 5.82408505e+00
3.90778446e+04 5.66627846e+00
3.90783673e+04 5.65462961e+00
3.90850972e+04 5.50495004e+00
3.90894344e+04 5.40870434e+00
3.90951921e+04 5.29641206e+00
3.91010242e+04 5.18298436e+00
3.91052869e+04 5.10997449e+00
3.91126141e+04 4.98481019e+00
3.91142250e+04 4.96079813e+00
3.91231631e+04 4.82790432e+00
3.91280672e+04 4.75514683e+00
3.91321012e+04 4.70353870e+00
3.91410392e+04 4.58944367e+00
3.91443482e+04 4.54728808e+00
3.91499773e+04 4.48565618e+00
3.91589154e+04 4.38799936e+00
3.91606292e+04 4.36931093e+00
3.91678534e+04 4.30137986e+00
3.91769101e+04 4.21641749e+00
3.91808604e+04 4.18426882e+00
3.91930670e+04 4.08519174e+00
3.91931911e+04 4.08418654e+00
3.92052736e+04 4.00080032e+00
3.92174803e+04 3.91675846e+00
3.92195571e+04 3.90248978e+00
3.92296869e+04 3.84453185e+00
3.92418935e+04 3.77485074e+00
3.92459231e+04 3.75189700e+00
3.92551292e+04 3.70742655e+00
3.92635004e+04 3.66708176e+00
3.92683649e+04 3.64726501e+00
3.92816006e+04 3.59347427e+00
3.92948363e+04 3.53979402e+00
3.92949990e+04 3.53913536e+00
3.93080720e+04 3.49540603e+00
3.93206946e+04 3.45326789e+00
3.93264976e+04 3.43393505e+00
3.93371161e+04 3.40533541e+00
3.93535376e+04 3.36121719e+00
3.93672847e+04 3.32436514e+00
3.93699591e+04 3.31857369e+00
3.93866712e+04 3.28247059e+00
3.94036741e+04 3.24582042e+00
3.94080718e+04 3.23635997e+00
3.94206770e+04 3.21497945e+00
3.94376799e+04 3.18620397e+00
3.94552603e+04 3.15651012e+00
3.94616932e+04 3.14566490e+00
3.94734182e+04 3.13010049e+00
3.94915762e+04 3.10605088e+00
3.95097341e+04 3.08204696e+00
3.95153146e+04 3.07468403e+00
3.95337300e+04 3.05567576e+00
3.95561053e+04 3.03263829e+00
3.95765962e+04 3.01158555e+00
3.95784806e+04 3.01008370e+00
3.96058563e+04 2.98832304e+00
3.96332320e+04 2.96662168e+00
3.96442900e+04 2.95787019e+00
3.96514824e+04 2.95362850e+00
3.96848005e+04 2.93403080e+00
3.97070125e+04 2.92099793e+00
3.97403305e+04 2.90149159e+00
3.97458306e+04 2.89827857e+00
3.97732740e+04 2.88711556e+00
3.98062174e+04 2.87375222e+00
3.98406758e+04 2.85980903e+00
3.98751343e+04 2.84589562e+00
3.98806248e+04 2.84368215e+00
3.98981065e+04 2.83902950e+00
3.99330699e+04 2.82974591e+00
3.99680333e+04 2.82048463e+00
4.00029967e+04 2.81124305e+00
4.00379601e+04 2.80201902e+00
4.00554419e+04 2.79741530e+00
4.00766085e+04 2.79391783e+00
4.01152568e+04 2.78754872e+00
4.01618233e+04 2.77989340e+00
4.02083899e+04 2.77225643e+00
4.02591898e+04 2.76394366e+00
4.02874119e+04 2.75933472e+00
4.03099896e+04 2.75720192e+00
4.03632574e+04 2.75218562e+00
4.04165251e+04 2.74718329e+00
4.04763738e+04 2.74157727e+00
4.05362225e+04 2.73598423e+00
4.06018295e+04 2.72986605e+00
4.06382778e+04 2.72647359e+00
4.06674365e+04 2.72511028e+00
4.07330435e+04 2.72205309e+00
4.07986505e+04 2.71900477e+00
4.08663837e+04 2.71586577e+00
4.09383691e+04 2.71253761e+00
4.10136957e+04 2.70906248e+00
4.10890223e+04 2.70559407e+00
4.11643488e+04 2.70213153e+00
4.12116107e+04 2.69996228e+00
4.12396754e+04 2.69942333e+00
4.13150020e+04 2.69798133e+00
4.13903285e+04 2.69654334e+00
4.14656551e+04 2.69510894e+00
4.15519668e+04 2.69346928e+00
4.16492636e+04 2.69162524e+00
4.17465604e+04 2.68978522e+00
4.18438573e+04 2.68794873e+00
4.19411541e+04 2.68611534e+00
4.20384509e+04 2.68428469e+00
4.21357477e+04 2.68245645e+00
4.22330445e+04 2.68063039e+00
4.23759355e+04 2.67795204e+00
4.23826569e+04 2.67782621e+00
4.25015923e+04 2.67735660e+00
4.26586632e+04 2.67673968e+00
4.28157342e+04 2.67612590e+00
4.29728052e+04 2.67551474e+00
4.31612904e+04 2.67478435e+00
4.33680897e+04 2.67398612e+00
4.35709461e+04 2.67320579e+00
4.37738025e+04 2.67242763e+00
4.40172301e+04 2.67149632e+00
4.42606578e+04 2.67056723e+00
4.45040854e+04 2.66964001e+00
4.47948284e+04 2.66853458e+00
4.50779000e+04 2.66746008e+00
4.53712297e+04 2.66634816e+00
4.56856304e+04 2.66515778e+00
4.60524311e+04 2.66377055e+00
4.64651130e+04 2.66221141e+00
4.68712757e+04 2.66067824e+00
4.73318000e+04 2.65894117e+00
4.78866826e+04 2.65684968e+00
4.81549750e+04 2.65583903e+00
4.84282329e+04 2.65544010e+00
4.90400925e+04 2.65454798e+00
4.97319600e+04 2.65354037e+00
5.05260373e+04 2.65238504e+00
5.14510827e+04 2.65104036e+00
5.23541916e+04 2.64972852e+00
5.34830776e+04 2.64808966e+00
5.47925000e+04 2.64618972e+00
5.62956745e+04 2.64400962e+00
5.80451948e+04 2.64147312e+00
6.04087000e+04 2.63804753e+00
6.46993739e+04 2.63183085e+00
6.84285072e+04 2.62642885e+00
7.27924180e+04 2.62010818e+00
7.79884207e+04 2.61258311e+00
8.50851757e+04 2.60230618e+00
9.54688527e+04 2.58727068e+00
9.78748319e+04 2.58378706e+00
1.05722700e+05 2.57457644e+00
1.15923650e+05 2.56260568e+00
1.22477209e+05 2.55491601e+00
1.25392743e+05 2.55149548e+00
1.28239627e+05 2.54815583e+00
1.31471639e+05 2.54436514e+00
1.33916930e+05 2.54149780e+00
1.36027996e+05 2.53902305e+00
1.37902392e+05 2.53682647e+00
1.39464389e+05 2.53499672e+00
1.40911285e+05 2.53330256e+00
1.42045782e+05 2.53197495e+00
1.42187594e+05 2.53214789e+00
1.43322090e+05 2.53353227e+00
1.44314775e+05 2.53474448e+00
1.45286955e+05 2.53593269e+00
1.46071045e+05 2.53689194e+00
1.46839414e+05 2.53783300e+00
1.47498015e+05 2.53864063e+00
1.47997325e+05 2.53925380e+00
1.48167334e+05 2.54029091e+00
1.48762364e+05 2.54392206e+00
1.49272391e+05 2.54703562e+00
1.49782417e+05 2.55015046e+00
1.50207439e+05 2.55274733e+00
1.50674930e+05 2.55560519e+00
1.50993611e+05 2.55755452e+00
1.51057348e+05 2.55851672e+00
1.51439766e+05 2.56429146e+00
1.51822184e+05 2.57006799e+00
1.52140866e+05 2.57488341e+00
1.52459547e+05 2.57970056e+00
1.52767769e+05 2.58436160e+00
1.53069016e+05 2.59308596e+00
1.53310013e+05 2.60006732e+00
1.53551011e+05 2.60705062e+00
1.53792009e+05 2.61403616e+00
1.53912507e+05 2.61753022e+00
1.54033006e+05 2.62339776e+00
1.54274004e+05 2.63513585e+00
1.54454752e+05 2.64394179e+00
1.54635500e+05 2.65274996e+00
1.54755999e+05 2.65862389e+00
1.54816249e+05 2.66322404e+00
1.54996997e+05 2.67702741e+00
1.55177745e+05 2.69083438e+00
1.55358494e+05 2.70464519e+00
1.55418743e+05 2.70925037e+00
1.55539242e+05 2.72278189e+00
1.55719990e+05 2.74308457e+00
1.55840489e+05 2.75662320e+00
1.55900738e+05 2.76339416e+00
1.55960988e+05 2.77285094e+00
1.56081486e+05 2.79176814e+00
1.56195960e+05 2.80974329e+00
1.56310434e+05 2.82772244e+00
1.56418883e+05 2.85043625e+00
1.56527332e+05 2.87315481e+00
1.56599632e+05 2.88830410e+00
1.56635781e+05 2.89812815e+00
1.56744230e+05 2.92760642e+00
1.56852679e+05 2.95709155e+00
1.56888829e+05 2.96692253e+00
1.56961128e+05 2.99200456e+00
1.57069577e+05 3.02963663e+00
1.57105727e+05 3.04218405e+00
1.57178026e+05 3.07357595e+00
1.57268400e+05 3.11282495e+00
1.57322625e+05 3.13637966e+00
1.57358774e+05 3.15551089e+00
1.57431074e+05 3.19378111e+00
1.57467223e+05 3.21292010e+00
1.57503373e+05 3.23567979e+00
1.57575672e+05 3.28120762e+00
1.57611822e+05 3.30397626e+00
1.57647972e+05 3.33118308e+00
1.57720271e+05 3.38560730e+00
1.57756420e+05 3.41282535e+00
1.57792570e+05 3.44553182e+00
1.57864869e+05 3.51095816e+00
1.57901019e+05 3.54367890e+00
1.57937169e+05 3.58249701e+00
1.58009468e+05 3.66015041e+00
1.58081767e+05 3.75106228e+00
1.58117917e+05 3.79652934e+00
1.58154067e+05 3.84969665e+00
1.58220341e+05 3.94719295e+00
1.58226366e+05 3.95754913e+00
1.58289628e+05 4.06631338e+00
1.58322765e+05 4.12329890e+00
1.58352890e+05 4.18390029e+00
1.58413139e+05 4.30513108e+00
1.58420670e+05 4.32275835e+00
1.58465858e+05 4.42854196e+00
1.58503513e+05 4.51671442e+00
1.58533638e+05 4.59808220e+00
1.58578825e+05 4.72016102e+00
1.58588622e+05 4.75031986e+00
1.58643605e+05 4.91962145e+00
1.58654137e+05 4.95205789e+00
1.58697177e+05 5.10368093e+00
1.58721918e+05 5.19086059e+00
1.58747924e+05 5.29516138e+00
1.58789698e+05 5.46273442e+00
1.58798671e+05 5.50370840e+00
1.58848947e+05 5.73334750e+00
1.58857479e+05 5.77232398e+00
1.58898989e+05 5.98792835e+00
1.58925259e+05 6.12440857e+00
1.58949030e+05 6.26534772e+00
1.58987156e+05 6.49145353e+00
1.58990922e+05 6.51378896e+00
1.59025283e+05 6.74697627e+00
1.59056584e+05 6.95943569e+00
1.59063409e+05 7.01151331e+00
1.59101536e+05 7.30247761e+00
1.59120129e+05 7.44439181e+00
1.59139663e+05 7.61321408e+00
1.59177789e+05 7.94277403e+00
1.59179437e+05 7.95701620e+00
1.59215916e+05 8.30920399e+00
1.59238745e+05 8.52963947e+00
1.59254042e+05 8.69128800e+00
1.59280684e+05 8.97285522e+00
1.59314109e+05 9.35817975e+00
1.59347193e+05 9.73964391e+00
1.59374176e+05 1.00804360e+01
1.59413703e+05 1.05797315e+01
1.59414221e+05 1.05868228e+01
1.59546016e+05 1.23919821e+01
1.59618808e+05 1.33806489e+01
1.59630736e+05 1.35426229e+01
1.59672884e+05 1.40645838e+01
1.59686635e+05 1.42348254e+01
1.59708935e+05 1.44751986e+01
1.59723901e+05 1.46364651e+01
1.59744986e+05 1.48275180e+01
1.59761167e+05 1.49740790e+01
1.59777446e+05 1.50823885e+01
1.59806314e+05 1.52743561e+01
1.59807568e+05 1.52826871e+01
1.59835182e+05 1.53873312e+01
1.59853967e+05 1.54584358e+01
1.59864050e+05 1.54704335e+01
1.59878485e+05 1.54875581e+01
1.59884901e+05 1.54951467e+01
1.59908745e+05 1.54620688e+01
1.59922203e+05 1.54433375e+01
1.59939005e+05 1.53782175e+01
1.59959505e+05 1.52986800e+01
1.59969266e+05 1.52375876e+01
1.59996807e+05 1.50651045e+01
1.59999526e+05 1.50422949e+01
1.60032207e+05 1.47680920e+01
1.60034108e+05 1.47521292e+01
1.60079535e+05 1.42818667e+01
1.60081227e+05 1.42611870e+01
1.60130248e+05 1.36618753e+01
1.60155247e+05 1.33561723e+01
1.60333589e+05 1.09697073e+01
1.60342627e+05 1.08487877e+01
1.60392191e+05 1.02257425e+01
1.60403630e+05 1.00819850e+01
1.60450793e+05 9.53345427e+00
1.60464632e+05 9.37253285e+00
1.60489861e+05 9.10527355e+00
1.60527894e+05 8.70244940e+00
1.60527988e+05 8.70155133e+00
1.60566115e+05 8.33773765e+00
1.60573081e+05 8.27127336e+00
1.60604241e+05 7.99381272e+00
1.60618268e+05 7.86893331e+00
1.60642368e+05 7.67604649e+00
1.60680494e+05 7.37094326e+00
1.60686049e+05 7.32650335e+00
1.60718621e+05 7.09653676e+00
1.60753829e+05 6.84800051e+00
1.60756747e+05 6.82956290e+00
1.60794874e+05 6.58872287e+00
1.60799016e+05 6.56256140e+00
1.60833001e+05 6.37090241e+00
1.60866797e+05 6.18033600e+00
1.60871127e+05 6.15880074e+00
1.60909254e+05 5.96922776e+00
1.60934578e+05 5.84333452e+00
1.60947380e+05 5.78729243e+00
1.60990602e+05 5.59813094e+00
1.61002358e+05 5.54669092e+00
1.61033824e+05 5.42518618e+00
1.61070139e+05 5.28498552e+00
1.61077046e+05 5.26146971e+00
1.61120268e+05 5.11435472e+00
1.61137919e+05 5.05428761e+00
1.61181412e+05 4.92665312e+00
1.61239590e+05 4.75596242e+00
1.61242555e+05 4.74862108e+00
1.61296515e+05 4.61506519e+00
1.61341261e+05 4.50433867e+00
1.61350475e+05 4.48481206e+00
1.61386448e+05 4.40858770e+00
1.61431635e+05 4.31285763e+00
1.61454229e+05 4.27150005e+00
1.61522009e+05 4.14745677e+00
1.61585271e+05 4.04752440e+00
1.61627446e+05 3.98091648e+00
1.61648533e+05 3.95232030e+00
1.61720832e+05 3.85429756e+00
1.61732882e+05 3.83796382e+00
1.61793132e+05 3.76860038e+00
1.61859406e+05 3.69231717e+00
1.61865431e+05 3.68641490e+00
1.61937730e+05 3.61560312e+00
1.61985930e+05 3.56840472e+00
1.62010030e+05 3.54853171e+00
1.62082329e+05 3.48892524e+00
1.62130528e+05 3.44919505e+00
1.62154628e+05 3.43253503e+00
1.62226927e+05 3.38256493e+00
1.62275127e+05 3.34925750e+00
1.62299227e+05 3.33563243e+00
1.62371526e+05 3.29476556e+00
1.62479975e+05 3.23347821e+00
1.62492025e+05 3.22667003e+00
1.62588424e+05 3.18312482e+00
1.62696873e+05 3.13414828e+00
1.62708923e+05 3.12870763e+00
1.62805322e+05 3.09360471e+00
1.62913771e+05 3.05412286e+00
1.62925821e+05 3.04973685e+00
1.63022220e+05 3.02183368e+00
1.63130669e+05 2.99044941e+00
1.63215018e+05 2.96604409e+00
1.63239118e+05 2.96061591e+00
1.63347567e+05 2.93619432e+00
1.63456016e+05 2.91177749e+00
1.63523796e+05 2.89651981e+00
1.63579527e+05 2.88701322e+00
1.63703038e+05 2.86594904e+00
1.63823537e+05 2.84540269e+00
1.63944036e+05 2.82486002e+00
1.64094660e+05 2.80604828e+00
1.64245283e+05 2.78724049e+00
1.64426031e+05 2.76467623e+00
1.64606780e+05 2.74850307e+00
1.64787528e+05 2.73233371e+00
1.64968276e+05 2.71616789e+00
1.65028525e+05 2.71078024e+00
1.65149024e+05 2.70326404e+00
1.65329772e+05 2.69199242e+00
1.65510521e+05 2.68072302e+00
1.65751519e+05 2.66570027e+00
1.65992516e+05 2.65582546e+00
1.66233514e+05 2.64595323e+00
1.66464732e+05 2.63648371e+00
1.66715509e+05 2.62621513e+00
1.66836008e+05 2.62128192e+00
1.66956507e+05 2.61829597e+00
1.67279557e+05 2.61029311e+00
1.67607766e+05 2.60216461e+00
1.67935974e+05 2.59403802e+00
1.68264183e+05 2.58591306e+00
1.68346235e+05 2.58388219e+00
1.68674444e+05 2.57933160e+00
1.69084705e+05 2.57364517e+00
1.69494966e+05 2.56796022e+00
1.69925566e+05 2.56199482e+00
1.70437526e+05 2.55490377e+00
1.70642310e+05 2.55206796e+00
1.71032549e+05 2.54981429e+00
1.71552866e+05 2.54681064e+00
1.72203264e+05 2.54305743e+00
1.72857099e+05 2.53928571e+00
1.73524685e+05 2.53543577e+00
1.74248927e+05 2.53126027e+00
1.75010940e+05 2.52686812e+00
1.75772953e+05 2.52247715e+00
1.76468685e+05 2.51846910e+00
1.76881033e+05 2.51609412e+00
1.77499555e+05 2.51253248e+00
1.78118076e+05 2.50897203e+00
1.78429460e+05 2.50718026e+00
1.78574901e+05 2.50655429e+00
1.79031725e+05 2.50458923e+00
1.79397184e+05 2.50301821e+00
1.79721382e+05 2.50162556e+00
1.80004318e+05 2.50041112e+00
1.80287254e+05 2.49919783e+00
1.80499456e+05 2.49828879e+00
1.80711658e+05 2.49738079e+00
1.80934352e+05 2.49642920e+00
1.81082815e+05 2.49579574e+00
1.81231277e+05 2.49516320e+00
1.81376154e+05 2.49454697e+00
1.81517446e+05 2.49394718e+00
1.81672899e+05 2.49328889e+00
1.81821312e+05 2.49266226e+00
1.81932622e+05 2.49219380e+00
1.82043932e+05 2.49172684e+00
1.82139341e+05 2.49132805e+00
1.82234749e+05 2.49093083e+00
1.82332747e+05 2.49052475e+00
1.82430744e+05 2.49012091e+00
1.82512840e+05 2.48978467e+00
1.82594935e+05 2.48945057e+00
1.82660612e+05 2.48918518e+00
1.82726288e+05 2.48892179e+00
1.82798576e+05 2.48863443e+00
1.82870863e+05 2.48835019e+00
1.82938646e+05 2.48808698e+00
1.83006429e+05 2.48782756e+00
1.83046144e+05 2.48767793e+00
1.83066104e+05 2.48799213e+00
1.83125780e+05 2.48893549e+00
1.83186144e+05 2.48989478e+00
1.83227306e+05 2.49055210e+00
1.83268468e+05 2.49121242e+00
1.83309630e+05 2.49187614e+00
1.83347691e+05 2.49249308e+00
1.83382652e+05 2.49306296e+00
1.83417612e+05 2.49363653e+00
1.83452573e+05 2.49421414e+00
1.83486785e+05 2.49478370e+00
1.83520250e+05 2.49534547e+00
1.83553714e+05 2.49591248e+00
1.83587178e+05 2.49648546e+00
1.83604622e+05 2.49678780e+00
1.83622702e+05 2.49810532e+00
1.83650889e+05 2.50016557e+00
1.83679076e+05 2.50223180e+00
1.83707264e+05 2.50430512e+00
1.83735451e+05 2.50638653e+00
1.83763085e+05 2.50843599e+00
1.83789614e+05 2.51041278e+00
1.83790782e+05 2.51050029e+00
1.83816142e+05 2.51462526e+00
1.83842671e+05 2.51895220e+00
1.83869199e+05 2.52329284e+00
1.83895727e+05 2.52764895e+00
1.83920152e+05 2.53167578e+00
1.83931104e+05 2.53348942e+00
1.83944576e+05 2.53756784e+00
1.83969001e+05 2.54498259e+00
1.83985284e+05 2.54993914e+00
1.84001567e+05 2.55490768e+00
1.84017850e+05 2.55988966e+00
1.84018301e+05 2.56002820e+00
1.84032860e+05 2.56748940e+00
1.84053465e+05 2.57807311e+00
1.84074071e+05 2.58868751e+00
1.84087808e+05 2.59578285e+00
1.84101545e+05 2.60289557e+00
1.84105498e+05 2.60494795e+00
1.84115282e+05 2.61299007e+00
1.84129019e+05 2.62430368e+00
1.84141453e+05 2.63456591e+00
1.84158150e+05 2.64838276e+00
1.84164094e+05 2.65331865e+00
1.84174847e+05 2.66607958e+00
1.84185978e+05 2.67931964e+00
1.84197109e+05 2.69258674e+00
1.84203158e+05 2.69981357e+00
1.84208240e+05 2.70794664e+00
1.84219371e+05 2.72579580e+00
1.84229718e+05 2.74242190e+00
1.84232457e+05 2.74683234e+00
1.84239280e+05 2.76117987e+00
1.84248842e+05 2.78132156e+00
1.84258405e+05 2.80150246e+00
1.84261755e+05 2.80858824e+00
1.84267967e+05 2.82550275e+00
1.84277529e+05 2.85158820e+00
1.84286003e+05 2.87475332e+00
1.84287091e+05 2.87854390e+00
1.84296654e+05 2.91190549e+00
1.84305060e+05 2.94129073e+00
1.84310251e+05 2.95948292e+00
1.84315934e+05 2.98417556e+00
1.84323183e+05 3.01574117e+00
1.84326417e+05 3.02984676e+00
1.84330432e+05 3.05098780e+00
1.84337682e+05 3.08921658e+00
1.84342582e+05 3.11510503e+00
1.84344931e+05 3.13020157e+00
1.84352181e+05 3.17686770e+00
1.84358748e+05 3.21922120e+00
1.84359430e+05 3.22448125e+00
1.84367939e+05 3.29019018e+00
1.84370872e+05 3.31288948e+00
1.84376448e+05 3.36359643e+00
1.84382996e+05 3.42326970e+00
1.84384957e+05 3.44465286e+00
1.84390630e+05 3.50660199e+00
1.84396303e+05 3.56865183e+00
1.84396553e+05 3.57139026e+00
1.84401976e+05 3.64227043e+00
1.84407472e+05 3.71422787e+00
1.84407502e+05 3.71461607e+00
1.84412792e+05 3.79629497e+00
1.84418111e+05 3.87856199e+00
1.84418450e+05 3.88381210e+00
1.84423431e+05 3.97308471e+00
1.84426662e+05 4.03108520e+00
1.84428751e+05 4.07371161e+00
1.84434070e+05 4.18243307e+00
1.84434873e+05 4.19886661e+00
1.84439390e+05 4.30413288e+00
1.84443085e+05 4.39037559e+00
1.84444710e+05 4.43358609e+00
1.84449518e+05 4.56162910e+00
1.84451296e+05 4.60907130e+00
1.84455962e+05 4.75078372e+00
1.84459508e+05 4.85865354e+00
1.84462407e+05 4.95889101e+00
1.84467719e+05 5.14285659e+00
1.84468852e+05 5.18727624e+00
1.84475297e+05 5.44040938e+00
1.84475930e+05 5.46534874e+00
1.84481741e+05 5.71878834e+00
1.84481955e+05 5.72813020e+00
1.84488530e+05 6.04143751e+00
1.84489052e+05 6.06848275e+00
1.84495105e+05 6.38292597e+00
1.84496362e+05 6.45344286e+00
1.84501680e+05 6.75226993e+00
1.84503672e+05 6.87389543e+00
1.84510982e+05 7.32074893e+00
1.84511542e+05 7.35502455e+00
1.84520729e+05 7.96203199e+00
1.84521405e+05 8.00669958e+00
1.84540863e+05 9.35340930e+00
1.84547484e+05 9.81117737e+00
1.84549492e+05 9.94028602e+00
1.84555592e+05 1.03317746e+01
1.84558120e+05 1.04772643e+01
1.84563700e+05 1.07975040e+01
1.84563873e+05 1.08058400e+01
1.84569905e+05 1.10956531e+01
1.84571808e+05 1.11867402e+01
1.84576218e+05 1.13540823e+01
1.84577889e+05 1.14171946e+01
1.84582530e+05 1.15474374e+01
1.84583970e+05 1.15875614e+01
1.84588842e+05 1.16723332e+01
1.84590052e+05 1.16931810e+01
1.84591998e+05 1.17055325e+01
1.84596133e+05 1.17310598e+01
1.84598617e+05 1.17213358e+01
1.84601219e+05 1.17105647e+01
1.84605236e+05 1.16489084e+01
1.84608848e+05 1.15927118e+01
1.84611855e+05 1.15080625e+01
1.84616477e+05 1.13771020e+01
1.84618474e+05 1.12983101e+01
1.84624106e+05 1.10752543e+01
1.84625093e+05 1.10270477e+01
1.84631712e+05 1.07030524e+01
1.84631735e+05 1.07019533e+01
1.84640538e+05 1.02001153e+01
1.84641907e+05 1.01219356e+01
1.84657165e+05 9.15749076e+00
1.84658189e+05 9.09214403e+00
1.84669111e+05 8.39503190e+00
1.84672423e+05 8.18385085e+00
1.84677790e+05 7.86004222e+00
1.84681634e+05 7.62843914e+00
1.84684300e+05 7.47829042e+00
1.84689883e+05 7.16422832e+00
1.84690810e+05 7.11615195e+00
1.84697319e+05 6.77870197e+00
1.84698133e+05 6.73656636e+00
1.84703798e+05 6.46932367e+00
1.84706383e+05 6.34755411e+00
1.84710276e+05 6.18198069e+00
1.84714633e+05 5.99702435e+00
1.84716755e+05 5.91623663e+00
1.84722882e+05 5.68336517e+00
1.84723233e+05 5.67146323e+00
1.84729711e+05 5.45207094e+00
1.84731132e+05 5.40405819e+00
1.84736561e+05 5.24062745e+00
1.84739381e+05 5.15589688e+00
1.84743597e+05 5.04304329e+00
1.84747414e+05 4.94103546e+00
1.84750632e+05 4.86414937e+00
1.84755230e+05 4.75450045e+00
1.84757667e+05 4.70374597e+00
1.84764703e+05 4.55754488e+00
1.84766953e+05 4.51084252e+00
1.84769393e+05 4.46773986e+00
1.84775521e+05 4.35961896e+00
1.84778677e+05 4.30402508e+00
1.84781649e+05 4.25924860e+00
1.84787778e+05 4.16708031e+00
1.84790400e+05 4.12769161e+00
1.84793906e+05 4.08243174e+00
1.84800034e+05 4.00342897e+00
1.84802124e+05 3.97652600e+00
1.84806163e+05 3.93155475e+00
1.84812291e+05 3.86341026e+00
1.84813847e+05 3.84612358e+00
1.84818419e+05 3.80290146e+00
1.84825591e+05 3.73519528e+00
1.84829479e+05 3.69854644e+00
1.84832763e+05 3.67258677e+00
1.84839935e+05 3.61598266e+00
1.84845110e+05 3.57519375e+00
1.84847107e+05 3.56188609e+00
1.84854279e+05 3.51415519e+00
1.84860742e+05 3.47120096e+00
1.84861451e+05 3.46733206e+00
1.84872209e+05 3.40874842e+00
1.84880201e+05 3.36529825e+00
1.84884863e+05 3.33998428e+00
1.84889013e+05 3.32190423e+00
1.84897826e+05 3.28357203e+00
1.84906638e+05 3.24529176e+00
1.84909322e+05 3.23364736e+00
1.84915450e+05 3.21210878e+00
1.84924263e+05 3.18117905e+00
1.84933780e+05 3.14782349e+00
1.84937481e+05 3.13748841e+00
1.84946293e+05 3.11291829e+00
1.84957449e+05 3.08185648e+00
1.84966392e+05 3.05698977e+00
1.84968605e+05 3.05211360e+00
1.84979761e+05 3.02756682e+00
1.84990916e+05 3.00305297e+00
1.84999004e+05 2.98530248e+00
1.85002072e+05 2.97994649e+00
1.85013228e+05 2.96049960e+00
1.85029961e+05 2.93137330e+00
1.85032465e+05 2.92702070e+00
1.85042550e+05 2.91344480e+00
1.85056573e+05 2.89459571e+00
1.85070595e+05 2.87577248e+00
1.85082658e+05 2.85959874e+00
1.85084617e+05 2.85758300e+00
1.85098640e+05 2.84317641e+00
1.85112662e+05 2.82878797e+00
1.85126684e+05 2.81441599e+00
1.85132851e+05 2.80810376e+00
1.85147718e+05 2.79704170e+00
1.85166882e+05 2.78280693e+00
1.85186047e+05 2.76859283e+00
1.85205212e+05 2.75439643e+00
1.85211654e+05 2.74962950e+00
1.85224376e+05 2.74284918e+00
1.85243541e+05 2.73264959e+00
1.85262705e+05 2.72246261e+00
1.85281870e+05 2.71228656e+00
1.85290457e+05 2.70773135e+00
1.85301034e+05 2.70363478e+00
1.85320465e+05 2.69611857e+00
1.85349610e+05 2.68485947e+00
1.85375405e+05 2.67490880e+00
1.85378755e+05 2.67391928e+00
1.85407901e+05 2.66532468e+00
1.85437046e+05 2.65674190e+00
1.85460353e+05 2.64988662e+00
1.85465627e+05 2.64885972e+00
1.85493079e+05 2.64352266e+00
1.85520532e+05 2.63819267e+00
1.85547984e+05 2.63286901e+00
1.85584587e+05 2.62577907e+00
1.85620181e+05 2.61889266e+00
1.85654766e+05 2.61220822e+00
1.85659855e+05 2.61122539e+00
1.85689351e+05 2.60796666e+00
1.85723936e+05 2.60415072e+00
1.85760660e+05 2.60010366e+00
1.85799524e+05 2.59582576e+00
1.85838388e+05 2.59155224e+00
1.85877252e+05 2.58728256e+00
1.85916102e+05 2.58301782e+00
1.85944745e+05 2.57987590e+00
1.85954938e+05 2.57930448e+00
1.85993775e+05 2.57712987e+00
1.86052030e+05 2.57387251e+00
1.86097849e+05 2.57131382e+00
1.86166576e+05 2.56748037e+00
1.86235304e+05 2.56365162e+00
1.86301997e+05 2.55994021e+00
1.86368691e+05 2.55623191e+00
1.86413153e+05 2.55376121e+00
1.86433478e+05 2.55263241e+00
1.86481467e+05 2.55148425e+00
1.86549782e+05 2.54985207e+00
1.86619783e+05 2.54818162e+00
1.86689785e+05 2.54651299e+00
1.86777287e+05 2.54442944e+00
1.86864789e+05 2.54234786e+00
1.86969791e+05 2.53985230e+00
1.87074793e+05 2.53735886e+00
1.87176500e+05 2.53494540e+00
1.87278206e+05 2.53253343e+00
1.87368612e+05 2.53039070e+00
1.87413815e+05 2.53001370e+00
1.87549423e+05 2.52888448e+00
1.87707633e+05 2.52756892e+00
1.87840416e+05 2.52646612e+00
1.87973200e+05 2.52536420e+00
1.88148361e+05 2.52391194e+00
1.88323522e+05 2.52246087e+00
1.88498683e+05 2.52101080e+00
1.88732231e+05 2.51907862e+00
1.88958480e+05 2.51720790e+00
1.89184730e+05 2.51533808e+00
1.89486396e+05 2.51284609e+00
1.89788062e+05 2.51233145e+00
1.90133693e+05 2.51174278e+00
1.90523288e+05 2.51108017e+00
1.91010282e+05 2.51025299e+00
1.91497276e+05 2.50942668e+00
1.92126227e+05 2.50836049e+00
1.92880968e+05 2.50708207e+00
1.93834848e+05 2.50546743e+00
1.94972104e+05 2.50354347e+00
1.96319243e+05 2.50126540e+00
1.97998304e+05 2.49842696e+00
2.00280507e+05 2.49456991e+00
2.00288829e+05 2.49455585e+00
2.03261591e+05 2.49294453e+00
2.06603671e+05 2.49113379e+00
2.11883188e+05 2.48827429e+00
2.18971667e+05 2.48443622e+00
2.23633111e+05 2.48751918e+00
2.36825921e+05 2.49624635e+00
2.44462864e+05 2.50129890e+00
2.49814662e+05 2.51139516e+00
2.58590832e+05 2.52795218e+00
2.60414957e+05 2.53139364e+00
2.65610187e+05 2.54807683e+00
2.74137000e+05 2.57545930e+00
2.74835872e+05 2.57770368e+00
2.82393347e+05 2.61277329e+00
2.82631586e+05 2.61387884e+00
2.89078060e+05 2.65205763e+00
2.91103998e+05 2.66405633e+00
2.95830793e+05 2.70148069e+00
3.00634222e+05 2.73951250e+00
3.01877523e+05 2.75195500e+00
3.07086802e+05 2.80408841e+00
3.08985856e+05 2.82309415e+00
3.11619956e+05 2.85537000e+00
3.15295180e+05 2.90040370e+00
3.17765826e+05 2.93067811e+00
3.18472968e+05 2.94111807e+00
3.20749899e+05 2.97473465e+00
3.22640943e+05 3.00265488e+00
3.24403357e+05 3.02867710e+00
3.25526375e+05 3.04525961e+00
3.25867582e+05 3.05187249e+00
3.26891204e+05 3.07171228e+00
3.27829455e+05 3.08989867e+00
3.28596967e+05 3.10477681e+00
3.29108642e+05 3.11469656e+00
3.29236561e+05 3.11846163e+00
3.29741237e+05 3.13331693e+00
3.30224918e+05 3.14755544e+00
3.30708600e+05 3.16179545e+00
3.30950441e+05 3.16891632e+00
3.31071361e+05 3.17461730e+00
3.31434122e+05 3.19172169e+00
3.31796883e+05 3.20882789e+00
3.32038724e+05 3.22023331e+00
3.32280565e+05 3.23798046e+00
3.32522406e+05 3.25572919e+00
3.32764247e+05 3.27347981e+00
3.32945627e+05 3.29323932e+00
3.33119450e+05 3.31217702e+00
3.33293273e+05 3.33111644e+00
3.33477677e+05 3.35939065e+00
3.33622781e+05 3.38164118e+00
3.33671149e+05 3.38905872e+00
3.33767886e+05 3.40891948e+00
3.33912990e+05 3.43871309e+00
3.33961358e+05 3.44864526e+00
3.34058095e+05 3.47486935e+00
3.34179015e+05 3.50765217e+00
3.34251567e+05 3.52732349e+00
3.34299936e+05 3.54421349e+00
3.34396672e+05 3.57799593e+00
3.34445040e+05 3.59488841e+00
3.34493408e+05 3.61609677e+00
3.34590144e+05 3.65851632e+00
3.34638513e+05 3.67972773e+00
3.34686881e+05 3.70652497e+00
3.34783617e+05 3.76012324e+00
3.34831985e+05 3.78692455e+00
3.34880353e+05 3.82038132e+00
3.34972177e+05 3.88390179e+00
3.34977090e+05 3.88730024e+00
3.35064001e+05 3.96119190e+00
3.35122194e+05 4.01067096e+00
3.35142930e+05 4.03214810e+00
3.35221859e+05 4.11390292e+00
3.35243115e+05 4.13592113e+00
3.35302677e+05 4.20983491e+00
3.35359075e+05 4.27982585e+00
3.35364035e+05 4.28598104e+00
3.35415474e+05 4.36247391e+00
3.35460771e+05 4.42983884e+00
3.35471872e+05 4.44936393e+00
3.35525388e+05 4.54350416e+00
3.35557508e+05 4.60000805e+00
3.35576024e+05 4.63844983e+00
3.35626659e+05 4.74358141e+00
3.35648198e+05 4.78830406e+00
3.35677294e+05 4.85966056e+00
3.35726796e+05 4.98106569e+00
3.35738888e+05 5.01072353e+00
3.35775164e+05 5.11580142e+00
3.35822777e+05 5.25372330e+00
3.35823532e+05 5.25628666e+00
3.35871901e+05 5.42036196e+00
3.35906665e+05 5.53829764e+00
3.35920269e+05 5.59115754e+00
3.35962591e+05 5.75562002e+00
3.35968637e+05 5.78202843e+00
3.36017005e+05 5.99330412e+00
3.36017005e+05 5.99330460e+00
3.36065373e+05 6.22910450e+00
3.36071419e+05 6.25858061e+00
3.36113742e+05 6.48863712e+00
3.36125834e+05 6.55437101e+00
3.36162110e+05 6.77477842e+00
3.36180248e+05 6.88498763e+00
3.36210478e+05 7.08980418e+00
3.36234662e+05 7.25366626e+00
3.36258846e+05 7.43564736e+00
3.36289076e+05 7.66313544e+00
3.36311749e+05 7.85179354e+00
3.36343490e+05 8.11592869e+00
3.36354827e+05 8.21952647e+00
3.36397904e+05 8.61321672e+00
3.36452958e+05 9.16055635e+00
3.36455342e+05 9.18610262e+00
3.36538828e+05 1.00810497e+01
3.36544715e+05 1.01441561e+01
3.36669074e+05 1.15237464e+01
3.36691525e+05 1.17727953e+01
3.36721173e+05 1.20752488e+01
3.36742257e+05 1.22903256e+01
3.36767387e+05 1.25158635e+01
3.36792989e+05 1.27456237e+01
3.36802047e+05 1.28123745e+01
3.36831038e+05 1.30259939e+01
3.36836708e+05 1.30586115e+01
3.36869087e+05 1.32448753e+01
3.36871368e+05 1.32536291e+01
3.36906028e+05 1.33866335e+01
3.36910216e+05 1.34026988e+01
3.36937289e+05 1.34553313e+01
3.36941741e+05 1.34639810e+01
3.36957503e+05 1.34733844e+01
3.36971623e+05 1.34602602e+01
3.36996549e+05 1.34370655e+01
3.37005957e+05 1.34096239e+01
3.37035595e+05 1.33231412e+01
3.37040291e+05 1.33007249e+01
3.37074625e+05 1.31367902e+01
3.37074642e+05 1.31367114e+01
3.37113688e+05 1.28844597e+01
3.37120404e+05 1.28306335e+01
3.37165749e+05 1.24671777e+01
3.37170283e+05 1.24247333e+01
3.37220163e+05 1.19578254e+01
3.37232161e+05 1.18455153e+01
3.37386428e+05 1.02860436e+01
3.37431396e+05 9.83148815e+00
3.37440087e+05 9.74975468e+00
3.37493745e+05 9.24516233e+00
3.37504090e+05 9.14789006e+00
3.37547404e+05 8.77830562e+00
3.37576784e+05 8.52762884e+00
3.37601062e+05 8.33915846e+00
3.37625246e+05 8.15143061e+00
3.37649430e+05 7.97959485e+00
3.37679660e+05 7.76481151e+00
3.37697799e+05 7.64766109e+00
3.37734075e+05 7.41337338e+00
3.37746167e+05 7.34267567e+00
3.37788489e+05 7.09524868e+00
3.37794535e+05 7.06344123e+00
3.37842903e+05 6.80899480e+00
3.37891271e+05 6.58656457e+00
3.37932460e+05 6.39716073e+00
3.37939639e+05 6.36888738e+00
3.37988008e+05 6.17842391e+00
3.38022017e+05 6.04451035e+00
3.38036376e+05 5.99491016e+00
3.38081721e+05 5.83828491e+00
3.38084744e+05 5.82907468e+00
3.38133112e+05 5.68171343e+00
3.38142559e+05 5.65293305e+00
3.38181480e+05 5.54852208e+00
3.38233816e+05 5.40813119e+00
3.38236556e+05 5.40181850e+00
3.38291631e+05 5.27491439e+00
3.38325073e+05 5.19786172e+00
3.38346706e+05 5.15536030e+00
3.38401782e+05 5.04716351e+00
3.38428611e+05 4.99445964e+00
3.38475751e+05 4.91608029e+00
3.38532149e+05 4.82231364e+00
3.38549720e+05 4.79772400e+00
3.38625815e+05 4.69124178e+00
3.38653070e+05 4.65310605e+00
3.38706161e+05 4.59022907e+00
3.38773990e+05 4.50990388e+00
3.38786507e+05 4.49764254e+00
3.38858068e+05 4.42754914e+00
3.38902846e+05 4.38369050e+00
3.38925140e+05 4.36185473e+00
3.38992403e+05 4.30777014e+00
3.39076291e+05 4.24032072e+00
3.39082715e+05 4.23608576e+00
3.39173027e+05 4.17655228e+00
3.39257671e+05 4.12075849e+00
3.39272787e+05 4.11267529e+00
3.39372546e+05 4.05933043e+00
3.39439052e+05 4.02376887e+00
3.39439052e+05 4.02376883e+00
3.39544857e+05 3.97787167e+00
3.39632525e+05 3.93984498e+00
3.39650663e+05 3.93367276e+00
3.39791233e+05 3.88584177e+00
3.39907619e+05 3.84624257e+00
3.39922734e+05 3.84110003e+00
3.39977148e+05 3.82698480e+00
3.40116206e+05 3.79091484e+00
3.40212943e+05 3.76582436e+00
3.40273403e+05 3.75415527e+00
3.40430599e+05 3.72381807e+00
3.40599888e+05 3.69114943e+00
3.40604422e+05 3.69053978e+00
3.40778245e+05 3.66717254e+00
3.40956603e+05 3.64319750e+00
3.41137984e+05 3.61881764e+00
3.41379824e+05 3.59726136e+00
3.41621665e+05 3.57570692e+00
3.41742585e+05 3.56493050e+00
3.41863506e+05 3.55823023e+00
3.42226267e+05 3.53813173e+00
3.42589028e+05 3.51803536e+00
3.42951789e+05 3.50722404e+00
3.43435471e+05 3.49281093e+00
3.43798232e+05 3.48200240e+00
3.43919153e+05 3.48055042e+00
3.44515874e+05 3.47338693e+00
3.45217756e+05 3.46496286e+00
3.45685677e+05 3.45934781e+00
3.45919638e+05 3.45882695e+00
3.46916769e+05 3.45660869e+00
3.47644407e+05 3.45499098e+00
3.48372046e+05 3.45337415e+00
3.48889680e+05 3.45362901e+00
3.50134953e+05 3.45424327e+00
3.51621188e+05 3.45497788e+00
3.52014056e+05 3.45517242e+00
3.53192660e+05 3.45198773e+00
3.54731568e+05 3.44783075e+00
3.56121957e+05 3.44407622e+00
3.56585420e+05 3.44282508e+00
3.57512347e+05 3.43378494e+00
3.59020553e+05 3.41907733e+00
3.60092799e+05 3.40862243e+00
3.60360861e+05 3.40380945e+00
3.61701168e+05 3.37974638e+00
3.62773415e+05 3.36049762e+00
3.63041476e+05 3.35568586e+00
3.63659100e+05 3.33906160e+00
3.64707786e+05 3.31083631e+00
3.65730026e+05 3.28332522e+00
3.66667062e+05 3.24898176e+00
3.67487049e+05 3.21893064e+00
3.68148210e+05 3.19470227e+00
3.68329580e+05 3.18630663e+00
3.69055062e+05 3.15272672e+00
3.69757249e+05 3.12022778e+00
3.70396013e+05 3.09066701e+00
3.71048368e+05 3.05502950e+00
3.71553557e+05 3.02743421e+00
3.72113028e+05 2.99687667e+00
3.72647194e+05 2.96770459e+00
3.73201803e+05 2.93742018e+00
3.73749897e+05 2.90749609e+00
3.74278263e+05 2.87865428e+00
3.74771393e+05 2.85174107e+00
3.75128015e+05 2.83228154e+00
3.75306327e+05 2.82255374e+00
3.75579729e+05 2.81224699e+00
3.75938775e+05 2.79871591e+00
3.76346256e+05 2.78336519e+00
3.76732819e+05 2.77755730e+00
3.77100471e+05 2.77204015e+00
3.77164810e+05 2.77282147e+00
3.77446065e+05 2.77624170e+00
3.77629891e+05 2.77848029e+00
3.77802688e+05 2.78603871e+00
3.78159310e+05 2.80164525e+00
3.78515933e+05 2.82950005e+00
3.78872556e+05 2.86999276e+00
3.79194278e+05 2.91951359e+00
3.79585802e+05 2.99955611e+00
3.79942425e+05 3.09444428e+00
3.80209892e+05 3.18216988e+00
3.80299048e+05 3.21657375e+00
3.80477359e+05 3.28538694e+00
3.80770091e+05 3.41888553e+00
3.81037558e+05 3.56009369e+00
3.81279761e+05 3.70658397e+00
3.81547228e+05 3.88818790e+00
3.81814695e+05 4.09270986e+00
3.82082162e+05 4.31874902e+00
3.82260474e+05 4.48542811e+00
3.82349630e+05 4.56876492e+00
3.82617097e+05 4.83524367e+00
3.82882320e+05 5.12105713e+00
3.83017176e+05 5.26637510e+00
3.83152031e+05 5.41922941e+00
3.83436710e+05 5.74188573e+00
3.83669839e+05 6.00610050e+00
3.83918949e+05 6.28840957e+00
3.84118425e+05 6.51445401e+00
3.84202692e+05 6.60224552e+00
3.84459020e+05 6.86927284e+00
3.84486363e+05 6.89775444e+00
3.84715348e+05 7.11144496e+00
3.84791676e+05 7.18266975e+00
3.84935939e+05 7.30020144e+00
3.85080202e+05 7.41772420e+00
3.85186575e+05 7.48948483e+00
3.85426092e+05 7.65105316e+00
3.85737547e+05 7.81378138e+00
3.86114517e+05 7.95121435e+00
3.86166150e+05 7.96078052e+00
3.86629105e+05 8.04654141e+00
3.86842366e+05 8.05861585e+00
3.87003202e+05 8.04994590e+00
3.87324286e+05 8.03264700e+00
3.87365928e+05 8.02625727e+00
3.87615712e+05 7.98794043e+00
3.87806207e+05 7.95872866e+00
3.87947000e+05 7.92517839e+00
3.88087792e+05 7.89163983e+00
3.88176284e+05 7.87056946e+00
3.88265423e+05 7.84935599e+00
3.88354562e+05 7.82815699e+00
3.88413987e+05 7.81403625e+00
3.88468666e+05 7.80105595e+00
3.88509676e+05 7.79133102e+00
3.88550685e+05 7.78161731e+00
3.88591695e+05 7.77191853e+00
3.88619034e+05 7.76546350e+00
3.88644467e+05 7.75946820e+00
3.88667993e+05 7.75393260e+00
3.88691519e+05 7.74840912e+00
3.88715046e+05 7.74290032e+00
3.88738572e+05 7.73740981e+00
3.88756216e+05 7.73330685e+00
3.88773861e+05 7.72921969e+00
3.88791505e+05 7.72515164e+00
3.88809150e+05 7.72110719e+00
3.88820913e+05 7.71842688e+00
3.88833004e+05 7.71568792e+00
3.88845094e+05 7.71296819e+00
3.88857185e+05 7.71027144e+00
3.88869275e+05 7.70760255e+00
3.88878343e+05 7.70562288e+00
3.88887411e+05 7.70366587e+00
3.88896479e+05 7.70173590e+00
3.88905547e+05 7.69983868e+00
3.88914615e+05 7.69798173e+00
3.88920891e+05 7.69672515e+00
3.88927399e+05 7.69545233e+00
3.88933907e+05 7.69421617e+00
3.88940415e+05 7.69302443e+00
3.88945296e+05 7.69216562e+00
3.88950177e+05 7.69134244e+00
3.88955058e+05 7.69056111e+00
3.88959939e+05 7.68982903e+00
3.88964820e+05 7.68915509e+00
3.88968440e+05 7.68870629e+00
3.88969701e+05 7.68936132e+00
3.88973609e+05 7.69144855e+00
3.88977516e+05 7.69359533e+00
3.88981424e+05 7.69581019e+00
3.88985331e+05 7.69810276e+00
3.88988262e+05 7.69987972e+00
3.88991193e+05 7.70171147e+00
3.88994123e+05 7.70360357e+00
3.88997054e+05 7.70556194e+00
3.88999985e+05 7.70759299e+00
3.89003660e+05 7.71025364e+00
3.89006359e+05 7.71229523e+00
3.89009057e+05 7.71441827e+00
3.89011756e+05 7.71662922e+00
3.89014455e+05 7.71893498e+00
3.89015835e+05 7.72016623e+00
3.89017154e+05 7.72349674e+00
3.89019852e+05 7.73042273e+00
3.89022551e+05 7.73746541e+00
3.89025964e+05 7.74654999e+00
3.89029376e+05 7.75584951e+00
3.89032789e+05 7.76537982e+00
3.89035643e+05 7.77355759e+00
3.89036201e+05 7.77618186e+00
3.89039613e+05 7.79248515e+00
3.89042685e+05 7.80739722e+00
3.89045586e+05 7.82169842e+00
3.89048487e+05 7.83621818e+00
3.89051389e+05 7.85096438e+00
3.89054290e+05 7.86594239e+00
3.89055450e+05 7.87202932e+00
3.89057322e+05 7.88622321e+00
3.89060616e+05 7.91150047e+00
3.89063911e+05 7.93709241e+00
3.89068303e+05 7.97170460e+00
3.89072695e+05 8.00686819e+00
3.89075258e+05 8.02768949e+00
3.89077115e+05 8.04606810e+00
3.89082649e+05 8.10155045e+00
3.89085161e+05 8.12707319e+00
3.89089291e+05 8.17437133e+00
3.89096771e+05 8.26094179e+00
3.89112569e+05 8.44487969e+00
3.89119590e+05 8.52597361e+00
3.89124872e+05 8.58623772e+00
3.89129728e+05 8.64080075e+00
3.89130155e+05 8.64459345e+00
3.89135437e+05 8.69040717e+00
3.89140719e+05 8.73486763e+00
3.89144584e+05 8.76626635e+00
3.89146002e+05 8.77303779e+00
3.89151284e+05 8.79656546e+00
3.89156566e+05 8.81827818e+00
3.89159439e+05 8.82906165e+00
3.89161848e+05 8.83170485e+00
3.89164391e+05 8.83366293e+00
3.89166112e+05 8.83048325e+00
3.89170375e+05 8.82136885e+00
3.89174639e+05 8.81104948e+00
3.89178310e+05 8.80116922e+00
3.89178903e+05 8.79748338e+00
3.89183166e+05 8.76986538e+00
3.89187430e+05 8.74124714e+00
3.89192229e+05 8.70786022e+00
3.89193114e+05 8.69898777e+00
3.89198799e+05 8.64065859e+00
3.89204484e+05 8.58127908e+00
3.89213108e+05 8.48982912e+00
3.89213550e+05 8.48469050e+00
3.89229110e+05 8.30265661e+00
3.89236744e+05 8.21413441e+00
3.89241265e+05 8.16221312e+00
3.89246917e+05 8.09797572e+00
3.89247906e+05 8.08686443e+00
3.89251373e+05 8.05510780e+00
3.89255631e+05 8.01661460e+00
3.89259889e+05 7.97864032e+00
3.89263083e+05 7.95050542e+00
3.89266276e+05 7.92266534e+00
3.89268785e+05 7.90101786e+00
3.89269270e+05 7.89791998e+00
3.89272164e+05 7.87967301e+00
3.89275057e+05 7.86165740e+00
3.89277951e+05 7.84386686e+00
3.89280845e+05 7.82629413e+00
3.89283887e+05 7.80804682e+00
3.89287226e+05 7.78827693e+00
3.89289664e+05 7.77402317e+00
3.89290564e+05 7.77061442e+00
3.89293903e+05 7.75821351e+00
3.89297241e+05 7.74603558e+00
3.89300579e+05 7.73406588e+00
3.89303275e+05 7.72454131e+00
3.89305971e+05 7.71513476e+00
3.89308667e+05 7.70583865e+00
3.89311363e+05 7.69664598e+00
3.89314059e+05 7.68754895e+00
3.89316755e+05 7.67854108e+00
3.89317502e+05 7.67606702e+00
3.89319451e+05 7.67264401e+00
3.89323048e+05 7.66644335e+00
3.89325751e+05 7.66186447e+00
3.89329355e+05 7.65585729e+00
3.89332960e+05 7.64995092e+00
3.89336564e+05 7.64413469e+00
3.89340169e+05 7.63839829e+00
3.89343773e+05 7.63273301e+00
3.89347378e+05 7.62713043e+00
3.89350982e+05 7.62158360e+00
3.89355316e+05 7.61497793e+00
3.89359259e+05 7.60902433e+00
3.89359651e+05 7.60867109e+00
3.89363985e+05 7.60481014e+00
3.89368319e+05 7.60099469e+00
3.89372654e+05 7.59721840e+00
3.89376988e+05 7.59347615e+00
3.89382767e+05 7.58853154e+00
3.89387098e+05 7.58485879e+00
3.89388546e+05 7.58418952e+00
3.89394325e+05 7.58155554e+00
3.89399589e+05 7.57918294e+00
3.89406714e+05 7.57600629e+00
3.89413838e+05 7.57286264e+00
3.89420962e+05 7.56974659e+00
3.89425711e+05 7.56768237e+00
3.89435210e+05 7.56358078e+00
3.89444708e+05 7.55950954e+00
3.89454207e+05 7.55546354e+00
3.89463706e+05 7.55143869e+00
3.89473204e+05 7.54743180e+00
3.89483518e+05 7.54309876e+00
3.89493830e+05 7.53878121e+00
3.89509300e+05 7.53232937e+00
3.89524769e+05 7.52590192e+00
3.89540239e+05 7.51949440e+00
3.89555708e+05 7.51310343e+00
3.89571178e+05 7.50672620e+00
3.89586647e+05 7.50036057e+00
3.89607273e+05 7.49188807e+00
3.89627899e+05 7.48342975e+00
3.89650885e+05 7.47401770e+00
3.89676229e+05 7.46365347e+00
3.89701574e+05 7.45330105e+00
3.89739590e+05 7.43778949e+00
3.89777607e+05 7.42229395e+00
3.89815624e+05 7.40681094e+00
3.89851306e+05 7.39228813e+00
3.89854626e+05 7.39124338e+00
3.89895598e+05 7.37835831e+00
3.89950229e+05 7.36118845e+00
3.90004859e+05 7.34402803e+00
3.90059490e+05 7.32687531e+00
3.90132880e+05 7.30384104e+00
3.90206269e+05 7.28081376e+00
3.90316355e+05 7.24628328e+00
3.90411196e+05 7.21654111e+00
3.90527490e+05 7.18007830e+00
3.90663553e+05 7.13742348e+00
3.90897302e+05 7.06415675e+00
3.91091845e+05 7.00318638e+00
3.91215629e+05 6.96439609e+00
3.91355162e+05 6.92593637e+00
3.91654589e+05 6.84341262e+00
3.91994742e+05 6.74967287e+00
3.92377353e+05 6.64423984e+00
3.92479920e+05 6.61597828e+00
3.92718198e+05 6.55922816e+00
3.93059043e+05 6.47805447e+00
3.93432324e+05 6.38916066e+00
3.93724427e+05 6.31960197e+00
3.93870478e+05 6.28987107e+00
3.94308633e+05 6.20068335e+00
3.94779854e+05 6.10476900e+00
3.95071022e+05 6.04550621e+00
3.95265133e+05 6.01209769e+00
3.95847468e+05 5.91187709e+00
3.96409406e+05 5.81517127e+00
3.96532014e+05 5.79407187e+00
3.96910861e+05 5.73924593e+00
3.97479130e+05 5.65701025e+00
3.98047400e+05 5.57477717e+00
3.98187886e+05 5.55444839e+00
3.98736152e+05 5.48751926e+00
3.99370185e+05 5.41012270e+00
3.99877411e+05 5.34820741e+00
4.00131025e+05 5.32207001e+00
4.00638251e+05 5.26979673e+00
4.01465674e+05 5.18452726e+00
4.01985007e+05 5.13100917e+00
4.02244673e+05 5.10858115e+00
4.03069075e+05 5.03737772e+00
4.03984280e+05 4.95833329e+00
4.04412808e+05 4.92132307e+00
4.04841336e+05 4.89033379e+00
4.05880002e+05 4.81522380e+00
4.06918667e+05 4.74011544e+00
4.07265415e+05 4.71504170e+00
4.07958912e+05 4.67269638e+00
4.09255664e+05 4.59351751e+00
4.10553995e+05 4.51424366e+00
4.12111993e+05 4.43387530e+00
4.13886970e+05 4.34231598e+00
4.14557479e+05 4.30772941e+00
4.15903121e+05 4.24877567e+00
4.17928519e+05 4.16004283e+00
4.19174917e+05 4.10543885e+00
4.20421315e+05 4.05862678e+00
4.22914112e+05 3.96500414e+00
4.24575976e+05 3.90258993e+00
4.25757420e+05 3.86427275e+00
4.28730637e+05 3.76784532e+00
4.30807968e+05 3.70047421e+00
4.31638900e+05 3.67691803e+00
4.34547163e+05 3.59447252e+00
4.37039959e+05 3.52380588e+00
4.38701824e+05 3.47669544e+00
4.39841992e+05 3.44758803e+00
4.42644025e+05 3.37605605e+00
4.44933815e+05 3.31760207e+00
4.47011146e+05 3.26457280e+00
4.49088476e+05 3.21154480e+00
4.50750341e+05 3.16912349e+00
4.52412205e+05 3.12670338e+00
4.53658603e+05 3.09488921e+00
4.54905002e+05 3.06307614e+00
4.56151400e+05 3.03126414e+00
4.57397798e+05 2.99945362e+00
4.58644197e+05 2.96764485e+00
4.59682862e+05 2.94113917e+00
4.60721527e+05 2.91463519e+00
4.61552459e+05 2.89343350e+00
4.61967925e+05 2.88283343e+00
4.62383392e+05 2.87472109e+00
4.63214324e+05 2.85849817e+00
4.64045256e+05 2.84227728e+00
4.64460722e+05 2.83416799e+00
4.64876188e+05 2.83074552e+00
4.65499387e+05 2.82561359e+00
4.66122586e+05 2.82048316e+00
4.66538052e+05 2.81706413e+00
4.66745786e+05 2.81868431e+00
4.67368985e+05 2.82354658e+00
4.67680584e+05 2.82597876e+00
4.67992184e+05 2.83362637e+00
4.68741692e+05 2.85202409e+00
4.68823116e+05 2.85402306e+00
4.69446315e+05 2.88220263e+00
4.69654048e+05 2.89159660e+00
4.70484981e+05 2.94724032e+00
4.71315913e+05 3.02397738e+00
4.72146845e+05 3.12400009e+00
4.72354578e+05 3.15489896e+00
4.72977777e+05 3.24759268e+00
4.73185510e+05 3.28372761e+00
4.73808709e+05 3.39212791e+00
4.74328042e+05 3.49219989e+00
4.74847375e+05 3.59226727e+00
4.75366707e+05 3.69232964e+00
4.75678307e+05 3.75236451e+00
4.76197639e+05 3.85241816e+00
4.76405372e+05 3.89243757e+00
4.76716972e+05 3.94392558e+00
4.77236305e+05 4.02973396e+00
4.77340171e+05 4.04689470e+00
4.77887169e+05 4.11913552e+00
4.78160667e+05 4.15525378e+00
4.78586569e+05 4.19798610e+00
4.78821038e+05 4.22150972e+00
4.79559134e+05 4.27377349e+00
4.79699686e+05 4.28372553e+00
4.80674179e+05 4.31976724e+00
4.81280099e+05 4.32656596e+00
4.81459767e+05 4.32858251e+00
4.82185004e+05 4.31759553e+00
4.82948964e+05 4.30602465e+00
4.83346897e+05 4.29999916e+00
4.83779896e+05 4.28678444e+00
4.84403095e+05 4.26776728e+00
4.85026294e+05 4.24875188e+00
4.85234027e+05 4.24241405e+00
4.85649493e+05 4.22793482e+00
4.86480426e+05 4.19897882e+00
4.87311358e+05 4.17002541e+00
4.88142290e+05 4.14107432e+00
4.88973222e+05 4.11212525e+00
4.89804154e+05 4.08317795e+00
4.90011887e+05 4.07594151e+00
4.90635086e+05 4.05963363e+00
4.91673752e+05 4.03245568e+00
4.92770250e+05 4.00376639e+00
4.93543349e+05 3.98353988e+00
4.93958815e+05 3.97625333e+00
4.95205214e+05 3.95439541e+00
4.96659345e+05 3.92889637e+00
4.97074811e+05 3.92161133e+00
4.97905743e+05 3.91346160e+00
4.99567608e+05 3.89716373e+00
5.00814006e+05 3.88494140e+00
5.01229472e+05 3.88364101e+00
5.02891336e+05 3.87844062e+00
5.04553201e+05 3.87324132e+00
5.04968667e+05 3.87456277e+00
5.07045997e+05 3.88117121e+00
5.08112370e+05 3.88456422e+00
5.09954260e+05 3.90113355e+00
5.12862523e+05 3.92729748e+00
5.13277989e+05 3.93103539e+00
5.15770786e+05 3.97188097e+00
5.17848116e+05 4.00591991e+00
5.18679048e+05 4.02504565e+00
5.21587311e+05 4.09198711e+00
5.22002777e+05 4.10155036e+00
5.24495574e+05 4.17539864e+00
5.26157438e+05 4.22463169e+00
5.27403836e+05 4.27016328e+00
5.29896633e+05 4.36122779e+00
5.30312099e+05 4.37640545e+00
5.32389430e+05 4.46764958e+00
5.34466760e+05 4.55889511e+00
5.34882226e+05 4.57714455e+00
5.36386328e+05 4.65456175e+00
5.38205955e+05 4.74822123e+00
5.39452353e+05 4.81237694e+00
5.39816909e+05 4.83114216e+00
5.40698752e+05 4.88278412e+00
5.41737417e+05 4.94361162e+00
5.42566808e+05 4.99218495e+00
5.43363732e+05 5.03885863e+00
5.44036286e+05 5.07825008e+00
5.44680194e+05 5.11596585e+00
5.45324102e+05 5.15368435e+00
5.45844875e+05 5.18911586e+00
5.46235455e+05 5.21569153e+00
5.46619144e+05 5.24180045e+00
5.47016615e+05 5.26885006e+00
5.47277002e+05 5.28657237e+00
5.47537389e+05 5.30429657e+00
5.47797776e+05 5.32202298e+00
5.48058162e+05 5.33975205e+00
5.48318549e+05 5.36332449e+00
5.48572608e+05 5.38632785e+00
5.48771062e+05 5.40429968e+00
5.48969516e+05 5.42227473e+00
5.49119238e+05 5.43583848e+00
5.49268961e+05 5.44940494e+00
5.49431702e+05 5.47098403e+00
5.49594444e+05 5.49256699e+00
5.49724637e+05 5.50983693e+00
5.49854831e+05 5.52711058e+00
5.49985024e+05 5.54438840e+00
5.50050121e+05 5.55302973e+00
5.50115217e+05 5.56617235e+00
5.50245411e+05 5.59246324e+00
5.50375604e+05 5.61876060e+00
5.50499186e+05 5.64372982e+00
5.50570894e+05 5.65822292e+00
5.50622768e+05 5.67393649e+00
5.50721367e+05 5.70381082e+00
5.50819965e+05 5.73369203e+00
5.50885698e+05 5.75361765e+00
5.50961474e+05 5.77659466e+00
5.50999553e+05 5.79305097e+00
5.51075457e+05 5.82586120e+00
5.51151361e+05 5.85867853e+00
5.51221708e+05 5.88910017e+00
5.51221861e+05 5.88916614e+00
5.51286500e+05 5.92680816e+00
5.51351292e+05 5.96454672e+00
5.51416083e+05 6.00229376e+00
5.51417151e+05 6.00291607e+00
5.51479603e+05 6.05098883e+00
5.51541852e+05 6.09891474e+00
5.51604101e+05 6.14685161e+00
5.51612441e+05 6.15327610e+00
5.51666349e+05 6.20731355e+00
5.51727123e+05 6.26824657e+00
5.51758909e+05 6.30012292e+00
5.51786422e+05 6.33509880e+00
5.51845721e+05 6.41049712e+00
5.51905020e+05 6.48591352e+00
5.51905376e+05 6.48636627e+00
5.51967396e+05 6.58622133e+00
5.52016486e+05 6.66527517e+00
5.52022550e+05 6.67504379e+00
5.52065575e+05 6.76105449e+00
5.52114665e+05 6.85920817e+00
5.52139724e+05 6.90932472e+00
5.52163754e+05 6.96800031e+00
5.52211230e+05 7.08394684e+00
5.52236244e+05 7.14504996e+00
5.52255478e+05 7.20150533e+00
5.52299725e+05 7.33140739e+00
5.52332764e+05 7.42841972e+00
5.52343973e+05 7.46808288e+00
5.52388221e+05 7.62467720e+00
5.52425698e+05 7.75733406e+00
5.52432469e+05 7.78557798e+00
5.52481735e+05 7.99113732e+00
5.52511462e+05 8.11519499e+00
5.52531000e+05 8.21025684e+00
5.52580266e+05 8.44998989e+00
5.52597225e+05 8.53252776e+00
5.52629532e+05 8.71021632e+00
5.52670834e+05 8.93741325e+00
5.52695220e+05 9.08537855e+00
5.52760876e+05 9.48380928e+00
5.52934717e+05 1.05937149e+01
5.52979952e+05 1.08824673e+01
5.52985981e+05 1.09209468e+01
5.53025186e+05 1.11398007e+01
5.53052156e+05 1.12903063e+01
5.53070420e+05 1.13739861e+01
5.53101787e+05 1.15176258e+01
5.53115655e+05 1.15655207e+01
5.53151418e+05 1.16889460e+01
5.53160889e+05 1.17095389e+01
5.53201049e+05 1.17967502e+01
5.53205788e+05 1.18004573e+01
5.53250226e+05 1.18350955e+01
5.53250680e+05 1.18354480e+01
5.53294664e+05 1.18047358e+01
5.53308189e+05 1.17952588e+01
5.53339102e+05 1.17290027e+01
5.53365698e+05 1.16719423e+01
5.53383539e+05 1.16115904e+01
5.53423207e+05 1.14773414e+01
5.53427977e+05 1.14564493e+01
5.53475324e+05 1.12490290e+01
5.53480716e+05 1.12254013e+01
5.53572926e+05 1.07465982e+01
5.53636795e+05 1.04149377e+01
5.53703062e+05 1.00654088e+01
5.53760943e+05 9.76014835e+00
5.53818824e+05 9.45493467e+00
5.53823770e+05 9.42885986e+00
5.53876706e+05 9.18332476e+00
5.53916457e+05 8.99898075e+00
5.53934587e+05 8.92537157e+00
5.53977576e+05 8.75087069e+00
5.54009143e+05 8.62275541e+00
5.54020565e+05 8.58295015e+00
5.54063554e+05 8.43316342e+00
5.54106544e+05 8.28340113e+00
5.54113501e+05 8.25916576e+00
5.54149533e+05 8.15442641e+00
5.54194066e+05 8.02499368e+00
5.54223695e+05 7.93889498e+00
5.54239373e+05 7.90076358e+00
5.54284679e+05 7.79058746e+00
5.54333889e+05 7.67094028e+00
5.54345087e+05 7.64856157e+00
5.54405495e+05 7.52786726e+00
5.54457014e+05 7.42495594e+00
5.54457150e+05 7.42473205e+00
5.54508805e+05 7.34008596e+00
5.54560459e+05 7.25545504e+00
5.54580138e+05 7.22321897e+00
5.54612114e+05 7.17866999e+00
5.54662221e+05 7.10887558e+00
5.54680987e+05 7.08708910e+00
5.54745461e+05 7.01225652e+00
5.54807061e+05 6.94077330e+00
5.54809934e+05 6.93808280e+00
5.54874408e+05 6.87772614e+00
5.54938881e+05 6.81738122e+00
5.54951901e+05 6.80519765e+00
5.55004828e+05 6.76650520e+00
5.55070774e+05 6.71830459e+00
5.55136720e+05 6.67011266e+00
5.55163465e+05 6.65057132e+00
5.55202666e+05 6.62850149e+00
5.55274660e+05 6.58797753e+00
5.55346654e+05 6.54746056e+00
5.55375029e+05 6.53149424e+00
5.55418648e+05 6.51335473e+00
5.55520862e+05 6.47085825e+00
5.55611520e+05 6.43317441e+00
5.55635416e+05 6.42324313e+00
5.55702177e+05 6.40413276e+00
5.55818301e+05 6.37090143e+00
5.55904206e+05 6.34632285e+00
5.56025996e+05 6.31148514e+00
5.56033063e+05 6.31022995e+00
5.56141627e+05 6.29095395e+00
5.56207238e+05 6.27930641e+00
5.56338460e+05 6.25601649e+00
5.56468654e+05 6.23291458e+00
5.56546769e+05 6.21905623e+00
5.56598847e+05 6.21397967e+00
5.56744094e+05 6.19982563e+00
5.56889341e+05 6.18567592e+00
5.57061440e+05 6.16891472e+00
5.57233539e+05 6.15215779e+00
5.57240049e+05 6.15152411e+00
5.57418658e+05 6.14386218e+00
5.57603777e+05 6.13592447e+00
5.57810866e+05 6.12704831e+00
5.58017954e+05 6.11817526e+00
5.58245793e+05 6.10841608e+00
5.58506179e+05 6.10587103e+00
5.58766566e+05 6.10332883e+00
5.59026953e+05 6.10078906e+00
5.59417533e+05 6.09698297e+00
5.59808113e+05 6.09318026e+00
5.60198693e+05 6.09427683e+00
5.60719467e+05 6.09574216e+00
5.61110047e+05 6.09684310e+00
5.61710418e+05 6.09853795e+00
5.62433605e+05 6.10058234e+00
5.63356962e+05 6.10319600e+00
5.63566027e+05 6.10378837e+00
5.64312513e+05 6.09865548e+00
5.65709598e+05 6.08905233e+00
5.66751532e+05 6.08189234e+00
5.67550054e+05 6.06510280e+00
5.69253729e+05 6.02928397e+00
5.70159980e+05 5.99750126e+00
5.72321621e+05 5.92169303e+00
5.74250814e+05 5.82454567e+00
5.78957720e+05 5.58752496e+00
5.81289200e+05 5.47012210e+00
5.83620680e+05 5.37401966e+00
5.85952160e+05 5.30526057e+00
5.86149557e+05 5.30241524e+00
5.87901274e+05 5.27716535e+00
5.88678434e+05 5.26596238e+00
5.90226540e+05 5.25433281e+00
5.92169440e+05 5.23973551e+00
5.93620883e+05 5.22882906e+00
5.94449481e+05 5.21005828e+00
5.95780685e+05 5.17990082e+00
5.97709581e+05 5.10690473e+00
6.00048696e+05 4.97910179e+00
6.00216349e+05 4.96740236e+00
6.02396811e+05 4.81524374e+00
6.02921254e+05 4.77864714e+00
6.03925539e+05 4.69864522e+00
6.05626732e+05 4.56312917e+00
6.06863976e+05 4.46457268e+00
6.08101220e+05 4.36601764e+00
6.09107090e+05 4.28589467e+00
6.10044120e+05 4.21125655e+00
6.11015570e+05 4.13387873e+00
6.11904956e+05 4.06303965e+00
6.12119762e+05 4.04593111e+00
6.12549374e+05 4.01574388e+00
6.13157111e+05 3.97304226e+00
6.13681018e+05 3.93623276e+00
6.14191874e+05 3.90034254e+00
6.14549348e+05 3.87522983e+00
6.14895621e+05 3.85644747e+00
6.15241894e+05 3.83766720e+00
6.15495332e+05 3.82392362e+00
6.15748770e+05 3.81018195e+00
6.16002209e+05 3.79644257e+00
6.16255647e+05 3.79007769e+00
6.16445726e+05 3.78530631e+00
6.16635805e+05 3.78053742e+00
6.16825883e+05 3.77577148e+00
6.17015962e+05 3.77100911e+00
6.17174361e+05 3.77388604e+00
6.17332760e+05 3.77676655e+00
6.17462647e+05 3.77913201e+00
6.17467927e+05 3.77922832e+00
6.17592534e+05 3.78779666e+00
6.17726645e+05 3.79702301e+00
6.17860757e+05 3.80625484e+00
6.17919892e+05 3.81032822e+00
6.17968691e+05 3.81711173e+00
6.18076625e+05 3.83212088e+00
6.18156435e+05 3.84322396e+00
6.18186465e+05 3.84977536e+00
6.18262232e+05 3.86630928e+00
6.18338000e+05 3.88284742e+00
6.18392977e+05 3.89485123e+00
6.18413767e+05 3.90169860e+00
6.18486164e+05 3.92554843e+00
6.18555191e+05 3.94829344e+00
6.18592470e+05 3.96058049e+00
6.18624218e+05 3.97552667e+00
6.18693245e+05 4.00802985e+00
6.18762586e+05 4.04068928e+00
6.18791963e+05 4.05452938e+00
6.18832242e+05 4.08087623e+00
6.18884484e+05 4.11505545e+00
6.18924479e+05 4.14122791e+00
6.18936726e+05 4.15181355e+00
6.18988968e+05 4.19697833e+00
6.19038155e+05 4.23951044e+00
6.19056996e+05 4.25580575e+00
6.19085814e+05 4.28747107e+00
6.19133474e+05 4.33984835e+00
6.19155814e+05 4.36440456e+00
6.19181134e+05 4.39934422e+00
6.19228793e+05 4.46512330e+00
6.19254631e+05 4.50079243e+00
6.19276532e+05 4.53919203e+00
6.19324427e+05 4.62318821e+00
6.19353152e+05 4.67357588e+00
6.19372323e+05 4.71456107e+00
6.19418436e+05 4.81316816e+00
6.19420218e+05 4.81770248e+00
6.19452149e+05 4.89894980e+00
6.19483720e+05 4.97929647e+00
6.19484079e+05 4.98038203e+00
6.19516009e+05 5.07694810e+00
6.19549004e+05 5.17675262e+00
6.19559561e+05 5.21463440e+00
6.19588596e+05 5.31883530e+00
6.19611754e+05 5.40195908e+00
6.19617630e+05 5.42691094e+00
6.19646665e+05 5.55021129e+00
6.19671970e+05 5.65769059e+00
6.19675700e+05 5.67613622e+00
6.19704735e+05 5.81976292e+00
6.19717133e+05 5.88110265e+00
6.19733769e+05 5.97473072e+00
6.19761814e+05 6.13258598e+00
6.19762295e+05 6.13529380e+00
6.19788868e+05 6.30499093e+00
6.19807457e+05 6.42371273e+00
6.19815923e+05 6.48403053e+00
6.19842978e+05 6.67681044e+00
6.19843252e+05 6.67876811e+00
6.19870032e+05 6.88979525e+00
6.19884735e+05 7.00567285e+00
6.19910614e+05 7.23203735e+00
6.19926218e+05 7.36854698e+00
6.19951196e+05 7.60743091e+00
6.19967701e+05 7.76529910e+00
6.19994148e+05 8.04194930e+00
6.20029925e+05 8.41625527e+00
6.20052995e+05 8.67217712e+00
6.20154373e+05 9.79683620e+00
6.20155979e+05 9.81305197e+00
6.20200114e+05 1.02587749e+01
6.20204140e+05 1.02994194e+01
6.20228688e+05 1.05093740e+01
6.20241465e+05 1.06186173e+01
6.20257262e+05 1.07233111e+01
6.20278790e+05 1.08659185e+01
6.20285836e+05 1.08986823e+01
6.20303673e+05 1.09815637e+01
6.20314410e+05 1.10121006e+01
6.20328557e+05 1.10522821e+01
6.20342983e+05 1.10658259e+01
6.20352508e+05 1.10747413e+01
6.20353440e+05 1.10756115e+01
6.20375117e+05 1.10495529e+01
6.20384327e+05 1.10384517e+01
6.20397725e+05 1.09917884e+01
6.20412798e+05 1.09392577e+01
6.20415213e+05 1.09308322e+01
6.20442943e+05 1.07756357e+01
6.20446100e+05 1.07579546e+01
6.20473088e+05 1.05569004e+01
6.20476987e+05 1.05278423e+01
6.20503233e+05 1.02880113e+01
6.20518169e+05 1.01514893e+01
6.20548450e+05 9.83188522e+00
6.20579942e+05 9.49944099e+00
6.20631247e+05 8.92731683e+00
6.20682898e+05 8.35133249e+00
6.20693879e+05 8.23667206e+00
6.20731458e+05 7.84433049e+00
6.20744154e+05 7.71180372e+00
6.20769038e+05 7.47602079e+00
6.20790096e+05 7.27652144e+00
6.20807255e+05 7.12947738e+00
6.20836038e+05 6.88286012e+00
6.20846746e+05 6.80076704e+00
6.20881980e+05 6.53071025e+00
6.20886237e+05 6.50173008e+00
6.20912565e+05 6.32256919e+00
6.20927921e+05 6.21808347e+00
6.20938893e+05 6.15226890e+00
6.20965220e+05 5.99435855e+00
6.20976029e+05 5.92954008e+00
6.21004712e+05 5.77859672e+00
6.21024136e+05 5.67639261e+00
6.21035866e+05 5.62220713e+00
6.21067020e+05 5.47830896e+00
6.21072244e+05 5.45418138e+00
6.21098173e+05 5.34889060e+00
6.21120351e+05 5.25884739e+00
6.21129327e+05 5.22744688e+00
6.21160481e+05 5.11847751e+00
6.21184495e+05 5.03449604e+00
6.21191635e+05 5.01335575e+00
6.21222789e+05 4.92113208e+00
6.21252903e+05 4.83199815e+00
6.21253943e+05 4.82939837e+00
6.21288662e+05 4.74256154e+00
6.21321312e+05 4.66091611e+00
6.21323382e+05 4.65652729e+00
6.21358102e+05 4.58294747e+00
6.21389720e+05 4.51595130e+00
6.21392822e+05 4.51030605e+00
6.21444902e+05 4.41554247e+00
6.21458129e+05 4.39148033e+00
6.21496982e+05 4.33287220e+00
6.21547440e+05 4.25677513e+00
6.21561979e+05 4.23485132e+00
6.21594653e+05 4.19550639e+00
6.21641866e+05 4.13866379e+00
6.21665829e+05 4.10981805e+00
6.21689080e+05 4.08540370e+00
6.21720555e+05 4.05235682e+00
6.21735063e+05 4.03712726e+00
6.21783507e+05 3.99519660e+00
6.21835438e+05 3.95025584e+00
6.21874388e+05 3.91655425e+00
6.21887369e+05 3.90753562e+00
6.21956611e+05 3.85943969e+00
6.22013713e+05 3.81978380e+00
6.22025853e+05 3.81325717e+00
6.22097953e+05 3.77450309e+00
6.22172912e+05 3.73422057e+00
6.22216068e+05 3.71103290e+00
6.22247871e+05 3.69793666e+00
6.22322830e+05 3.66707553e+00
6.22418422e+05 3.62772704e+00
6.22420196e+05 3.62715876e+00
6.22510026e+05 3.59838582e+00
6.22599855e+05 3.56961836e+00
6.22653909e+05 3.55231114e+00
6.22720733e+05 3.53539110e+00
6.22841611e+05 3.50479120e+00
6.22889395e+05 3.49269698e+00
6.22946881e+05 3.48150437e+00
6.23052150e+05 3.46101185e+00
6.23210054e+05 3.43027917e+00
6.23262689e+05 3.42003579e+00
6.23288561e+05 3.41500153e+00
6.23423464e+05 3.39546996e+00
6.23584239e+05 3.37219700e+00
6.23774317e+05 3.34468679e+00
6.23795437e+05 3.34163057e+00
6.23964396e+05 3.32359762e+00
6.24170315e+05 3.30162374e+00
6.24376233e+05 3.27965306e+00
6.24555752e+05 3.26050149e+00
6.24613832e+05 3.25586438e+00
6.24851430e+05 3.23689718e+00
6.25104868e+05 3.21666804e+00
6.25485026e+05 3.18632810e+00
6.25514242e+05 3.18399671e+00
6.25826111e+05 3.16505175e+00
6.26167195e+05 3.14433430e+00
6.26743803e+05 3.10931525e+00
6.26860209e+05 3.10224636e+00
6.27288996e+05 3.08277219e+00
6.27834188e+05 3.05801383e+00
6.28342543e+05 3.03493089e+00
6.28588949e+05 3.02708227e+00
6.29359253e+05 3.00254944e+00
6.29663193e+05 2.99287064e+00
6.29967133e+05 2.98703214e+00
6.30878952e+05 2.96951999e+00
6.31790772e+05 2.96282479e+00
6.32832625e+05 2.96947535e+00
6.32841543e+05 2.96953231e+00
6.33892314e+05 2.99342503e+00
6.34528128e+05 3.01700874e+00
6.34952003e+05 3.03911013e+00
6.35375879e+05 3.06121280e+00
6.35969681e+05 3.10141681e+00
6.36778332e+05 3.16960445e+00
6.37586983e+05 3.25411606e+00
6.38395635e+05 3.35606371e+00
6.39204286e+05 3.47605313e+00
6.39999530e+05 3.61236432e+00
6.40732242e+05 3.75484662e+00
6.40976479e+05 3.80233963e+00
6.41943963e+05 4.01497137e+00
6.42178735e+05 4.06656781e+00
6.43117825e+05 4.30060223e+00
6.44253154e+05 4.58353406e+00
6.46416955e+05 5.12275423e+00
6.46949583e+05 5.25549071e+00
6.47349054e+05 5.35504969e+00
6.47482211e+05 5.38823887e+00
6.47615368e+05 5.42828230e+00
6.47881682e+05 5.50837641e+00
6.48014839e+05 5.54842818e+00
6.48081417e+05 5.57456515e+00
6.48281153e+05 5.65298454e+00
6.48414310e+05 5.70527067e+00
6.48547467e+05 5.77652193e+00
6.48672301e+05 5.84332818e+00
6.48680624e+05 5.84778259e+00
6.48797136e+05 5.93027356e+00
6.48847070e+05 5.96563173e+00
6.48903245e+05 6.01678712e+00
6.49009355e+05 6.11342554e+00
6.49013516e+05 6.11721561e+00
6.49080095e+05 6.19558213e+00
6.49138351e+05 6.26415929e+00
6.49145633e+05 6.27500900e+00
6.49211171e+05 6.37266355e+00
6.49263185e+05 6.45017457e+00
6.49276709e+05 6.47489027e+00
6.49341207e+05 6.59277526e+00
6.49342247e+05 6.59504699e+00
6.49411167e+05 6.74556083e+00
6.49419229e+05 6.76316967e+00
6.49462856e+05 6.87637957e+00
6.49497250e+05 6.96563806e+00
6.49514545e+05 7.01887213e+00
6.49566235e+05 7.17798555e+00
6.49575272e+05 7.20580721e+00
6.49617924e+05 7.36020283e+00
6.49641157e+05 7.44431042e+00
6.49668963e+05 7.56103282e+00
6.49707042e+05 7.72088779e+00
6.49720002e+05 7.78342720e+00
6.49754028e+05 7.94762692e+00
6.49772927e+05 8.03883092e+00
6.49822081e+05 8.30790664e+00
6.49838812e+05 8.39950178e+00
6.49890133e+05 8.71677864e+00
6.49935981e+05 9.00022784e+00
6.50064423e+05 9.83528785e+00
6.50116710e+05 1.01752081e+01
6.50128414e+05 1.02512935e+01
6.50168997e+05 1.04762054e+01
6.50189386e+05 1.05891934e+01
6.50201564e+05 1.06430890e+01
6.50234132e+05 1.07872013e+01
6.50235115e+05 1.07915518e+01
6.50266699e+05 1.08916971e+01
6.50280844e+05 1.09365361e+01
6.50299267e+05 1.09693417e+01
6.50326573e+05 1.10179470e+01
6.50330312e+05 1.10201705e+01
6.50355607e+05 1.10351960e+01
6.50361357e+05 1.10317850e+01
6.50401167e+05 1.10081408e+01
6.50402751e+05 1.10050678e+01
6.50444145e+05 1.09247230e+01
6.50446727e+05 1.09197090e+01
6.50485538e+05 1.07952302e+01
6.50507473e+05 1.07248652e+01
6.50547628e+05 1.05517368e+01
6.50568220e+05 1.04629490e+01
6.50731150e+05 9.65040743e+00
6.50798306e+05 9.31551032e+00
6.50841578e+05 9.09972806e+00
6.50848673e+05 9.06822061e+00
6.50899040e+05 8.84453983e+00
6.50930324e+05 8.70561202e+00
6.50948315e+05 8.63644913e+00
6.50997591e+05 8.44702953e+00
6.51019070e+05 8.36446582e+00
6.51046866e+05 8.27422302e+00
6.51096142e+05 8.11425564e+00
6.51107816e+05 8.07635852e+00
6.51145417e+05 7.97193377e+00
6.51192905e+05 7.84006177e+00
6.51196562e+05 7.82990647e+00
6.51255030e+05 7.69763947e+00
6.51317154e+05 7.55711094e+00
6.51320096e+05 7.55045650e+00
6.51379279e+05 7.44416996e+00
6.51443631e+05 7.32860945e+00
6.51445191e+05 7.32641934e+00
6.51514891e+05 7.22860795e+00
6.51584590e+05 7.13080483e+00
6.51593432e+05 7.11839790e+00
6.51654289e+05 7.05247238e+00
6.51743234e+05 6.95612903e+00
6.51758838e+05 6.94333520e+00
6.51863387e+05 6.85762643e+00
6.51942969e+05 6.79239196e+00
6.51967936e+05 6.77702779e+00
6.52105254e+05 6.69253548e+00
6.52142705e+05 6.66949439e+00
6.52242573e+05 6.62445860e+00
6.52388064e+05 6.55885625e+00
6.52408162e+05 6.54979481e+00
6.52533555e+05 6.50852438e+00
6.52673619e+05 6.46243060e+00
6.52738905e+05 6.44724905e+00
6.52944255e+05 6.39950405e+00
6.53085360e+05 6.36670041e+00
6.53226464e+05 6.34483422e+00
6.53564591e+05 6.29244482e+00
6.53716610e+05 6.26889361e+00
6.53868630e+05 6.25349228e+00
6.54261293e+05 6.21371637e+00
6.54768429e+05 6.16235053e+00
6.54911344e+05 6.14787658e+00
6.55264888e+05 6.11902178e+00
6.55896775e+05 6.06745385e+00
6.56753670e+05 5.99752900e+00
6.57737670e+05 5.91723792e+00
6.58658118e+05 5.84213713e+00
6.59578566e+05 5.76703971e+00
6.60499013e+05 5.69194576e+00
6.61419461e+05 5.61685449e+00
6.62339909e+05 5.54176602e+00
6.63260356e+05 5.46667976e+00
6.64180804e+05 5.39159583e+00
6.65408068e+05 5.29148683e+00
6.66328515e+05 5.21640736e+00
6.66635331e+05 5.19483903e+00
6.67862595e+05 5.10856841e+00
6.69089859e+05 5.02230016e+00
6.70126654e+05 4.94942229e+00
6.70375296e+05 4.93440638e+00
6.71544386e+05 4.86380482e+00
6.72771649e+05 4.78969170e+00
6.73998913e+05 4.71558012e+00
6.74305729e+05 4.69979234e+00
6.75839808e+05 4.62085535e+00
6.77373888e+05 4.54191996e+00
6.77987520e+05 4.51034643e+00
6.79214783e+05 4.45685094e+00
6.81055679e+05 4.37660942e+00
6.82282942e+05 4.32311604e+00
6.82896574e+05 4.30066035e+00
6.84737470e+05 4.23329455e+00
6.86578365e+05 4.16592971e+00
6.87191997e+05 4.14347509e+00
6.88419260e+05 4.10597659e+00
6.90873787e+05 4.03098073e+00
6.92714683e+05 3.97473471e+00
6.93328315e+05 3.95919114e+00
6.95782842e+05 3.89701788e+00
6.98736069e+05 3.82221362e+00
7.01305528e+05 3.76876237e+00
7.03760055e+05 3.71770277e+00
7.05275900e+05 3.68617039e+00
7.05745241e+05 3.67877692e+00
7.07441846e+05 3.65205127e+00
7.08521171e+05 3.63504990e+00
7.09345711e+05 3.62206247e+00
7.09582928e+05 3.61832626e+00
7.10170250e+05 3.61441683e+00
7.10757572e+05 3.61050828e+00
7.11002289e+05 3.60888015e+00
7.11198064e+05 3.61063847e+00
7.11491725e+05 3.61327651e+00
7.11785385e+05 3.61591517e+00
7.11849012e+05 3.61648705e+00
7.12015420e+05 3.62254258e+00
7.12245454e+05 3.63091415e+00
7.12451017e+05 3.63839593e+00
7.12656580e+05 3.64587867e+00
7.12695735e+05 3.64730416e+00
7.12793622e+05 3.65647001e+00
7.12930663e+05 3.66930297e+00
7.13067705e+05 3.68213687e+00
7.13106860e+05 3.68580402e+00
7.13204747e+05 3.70164150e+00
7.13320376e+05 3.72035070e+00
7.13380944e+05 3.73015143e+00
7.13436005e+05 3.74377640e+00
7.13513091e+05 3.76285224e+00
7.13586506e+05 3.78102057e+00
7.13590177e+05 3.78234902e+00
7.13667263e+05 3.81024726e+00
7.13744349e+05 3.83814677e+00
7.13792069e+05 3.85541884e+00
7.13821435e+05 3.87037495e+00
7.13897030e+05 3.90887697e+00
7.13929111e+05 3.92521720e+00
7.13953726e+05 3.94211582e+00
7.14010422e+05 3.98103973e+00
7.14066153e+05 4.01930230e+00
7.14067118e+05 4.02018134e+00
7.14123814e+05 4.07179677e+00
7.14171617e+05 4.11531722e+00
7.14176275e+05 4.11955897e+00
7.14219419e+05 4.17036640e+00
7.14267221e+05 4.22666230e+00
7.14286398e+05 4.24924754e+00
7.14315024e+05 4.29119321e+00
7.14359814e+05 4.35682777e+00
7.14362826e+05 4.36217532e+00
7.14413240e+05 4.45166887e+00
7.14433229e+05 4.48715463e+00
7.14464959e+05 4.55474148e+00
7.14499439e+05 4.62818695e+00
7.14506644e+05 4.64353568e+00
7.14533918e+05 4.71250853e+00
7.14568398e+05 4.79970525e+00
7.14580059e+05 4.82919759e+00
7.14620117e+05 4.94737128e+00
7.14653475e+05 5.04578185e+00
7.14672338e+05 5.10880889e+00
7.14721485e+05 5.27302766e+00
7.14725561e+05 5.28772676e+00
7.14885231e+05 5.86354883e+00
7.14925517e+05 6.00882794e+00
7.14938455e+05 6.04863499e+00
7.14972397e+05 6.15306470e+00
7.14980733e+05 6.17312357e+00
7.15012443e+05 6.24941501e+00
7.15019277e+05 6.26585674e+00
7.15044152e+05 6.30482758e+00
7.15066157e+05 6.33929805e+00
7.15075861e+05 6.34521920e+00
7.15107569e+05 6.36456059e+00
7.15113036e+05 6.36789397e+00
7.15143822e+05 6.35930895e+00
7.15147497e+05 6.35828323e+00
7.15180075e+05 6.31984326e+00
7.15199189e+05 6.29728572e+00
7.15216328e+05 6.26102125e+00
7.15250880e+05 6.18790520e+00
7.15252581e+05 6.18304587e+00
7.15288833e+05 6.07943282e+00
7.15302572e+05 6.04016531e+00
7.15349254e+05 5.88249960e+00
7.15388724e+05 5.74919259e+00
7.15494265e+05 5.37972363e+00
7.15531029e+05 5.25102587e+00
7.15546902e+05 5.20082282e+00
7.15599538e+05 5.03434250e+00
7.15602182e+05 5.02598081e+00
7.15634629e+05 4.93616238e+00
7.15669720e+05 4.83902747e+00
7.15673335e+05 4.82902217e+00
7.15704811e+05 4.75484568e+00
7.15739902e+05 4.67215292e+00
7.15755774e+05 4.63475106e+00
7.15774993e+05 4.59710935e+00
7.15809494e+05 4.52953766e+00
7.15838213e+05 4.47329245e+00
7.15861246e+05 4.43605436e+00
7.15912998e+05 4.35238872e+00
7.15920652e+05 4.34001433e+00
7.15964750e+05 4.28113913e+00
7.16003092e+05 4.22995018e+00
7.16016502e+05 4.21556856e+00
7.16069804e+05 4.15840697e+00
7.16115968e+05 4.10890182e+00
7.16126206e+05 4.10022930e+00
7.16182608e+05 4.05245350e+00
7.16228844e+05 4.01329052e+00
7.16239010e+05 4.00620751e+00
7.16295412e+05 3.96691276e+00
7.16304094e+05 3.96086415e+00
7.16351814e+05 3.93611366e+00
7.16423547e+05 3.89891006e+00
7.16495280e+05 3.86170797e+00
7.16519752e+05 3.84901689e+00
7.16567013e+05 3.82883842e+00
7.16591637e+05 3.81832513e+00
7.16638745e+05 3.80314646e+00
7.16731891e+05 3.77313536e+00
7.16825037e+05 3.74312546e+00
7.16831460e+05 3.74105591e+00
7.16918182e+05 3.72136523e+00
7.17011328e+05 3.70021673e+00
7.17071284e+05 3.68660445e+00
7.17144087e+05 3.67555870e+00
7.17276846e+05 3.65541757e+00
7.17431018e+05 3.63202897e+00
7.17482409e+05 3.62423309e+00
7.17585190e+05 3.61455271e+00
7.17781576e+05 3.59605728e+00
7.17977962e+05 3.57756273e+00
7.18030576e+05 3.57260803e+00
7.18246539e+05 3.56073349e+00
7.18515117e+05 3.54596685e+00
7.18808778e+05 3.52982186e+00
7.18955608e+05 3.52174971e+00
7.19249269e+05 3.51267744e+00
7.19689761e+05 3.49906987e+00
7.20277083e+05 3.48092730e+00
7.20570744e+05 3.47185636e+00
7.21011235e+05 3.46362687e+00
7.22077714e+05 3.44370337e+00
7.23438711e+05 3.41827876e+00
7.23733228e+05 3.41277705e+00
7.25500333e+05 3.38941987e+00
7.28542661e+05 3.34920812e+00
7.30507253e+05 3.32324170e+00
7.32471845e+05 3.30288787e+00
7.37546307e+05 3.25031550e+00
7.41642878e+05 3.20787475e+00
7.44100821e+05 3.18747361e+00
7.51571324e+05 3.12546849e+00
7.55300562e+05 3.09451614e+00
7.60767551e+05 3.05812663e+00
7.71106383e+05 2.98930980e+00
7.82870620e+05 2.92681263e+00
7.89271540e+05 2.89280826e+00
7.96472575e+05 2.86319287e+00
8.07674185e+05 2.81712500e+00
8.10874645e+05 2.80791895e+00
8.22076255e+05 2.77569828e+00
8.24476600e+05 2.77284753e+00
8.33037831e+05 2.76268037e+00
8.37598486e+05 2.76885468e+00
8.38914163e+05 2.77063599e+00
8.43199291e+05 2.78884743e+00
8.45279590e+05 2.79768872e+00
8.48800096e+05 2.83180953e+00
8.49120142e+05 2.83491147e+00
8.52000556e+05 2.88021034e+00
8.52320602e+05 2.88766123e+00
8.54560924e+05 2.93981789e+00
8.55201016e+05 2.96055913e+00
8.56481200e+05 3.00204189e+00
8.57441338e+05 3.04261470e+00
8.58081430e+05 3.06966342e+00
8.59361614e+05 3.13971087e+00
8.59681660e+05 3.15722284e+00
8.60961844e+05 3.24500767e+00
8.61281890e+05 3.27184046e+00
8.62242028e+05 3.35233923e+00
8.62882120e+05 3.41847110e+00
8.63522212e+05 3.48460326e+00
8.64322327e+05 3.58425350e+00
8.64642373e+05 3.62411375e+00
8.65762534e+05 3.78804963e+00
8.66722672e+05 3.94967193e+00
8.67042718e+05 4.01064113e+00
8.68562936e+05 4.30024534e+00
8.70243178e+05 4.63258117e+00
8.71244506e+05 4.80329376e+00
8.72062488e+05 4.90919513e+00
8.72697916e+05 4.96256990e+00
8.73185953e+05 4.97827569e+00
8.73506175e+05 4.98858050e+00
8.74034899e+05 4.97630028e+00
8.74114998e+05 4.97443979e+00
8.74723822e+05 4.93548837e+00
8.74883845e+05 4.91817814e+00
8.75523937e+05 4.84893658e+00
8.75843983e+05 4.80248613e+00
8.76164029e+05 4.75603543e+00
8.77124167e+05 4.58511264e+00
8.78024843e+05 4.42477508e+00
8.79565610e+05 4.13846689e+00
8.79766731e+05 4.10109431e+00
8.81124742e+05 3.87529139e+00
8.82404926e+05 3.69092619e+00
8.82564949e+05 3.67133206e+00
8.83685110e+05 3.53417370e+00
8.84005156e+05 3.50119421e+00
8.84965294e+05 3.40225616e+00
8.85445363e+05 3.36116746e+00
8.86405501e+05 3.27899039e+00
8.87045593e+05 3.23445434e+00
8.88005731e+05 3.16765058e+00
8.88965869e+05 3.11309446e+00
8.89605961e+05 3.07672389e+00
8.91206191e+05 3.00381013e+00
8.91526237e+05 2.98922745e+00
8.93766559e+05 2.90904005e+00
8.94086605e+05 2.90025352e+00
8.96646973e+05 2.82996170e+00
8.97607111e+05 2.81045228e+00
9.00167479e+05 2.75842750e+00
9.02087755e+05 2.72973828e+00
9.04328077e+05 2.69626776e+00
9.08168629e+05 2.65496873e+00
9.10088905e+05 2.63431937e+00
9.16809871e+05 2.58305965e+00
9.17770009e+05 2.57573689e+00
9.28091493e+05 2.51932465e+00
9.29691723e+05 2.51057865e+00
9.36092642e+05 2.47994707e+00
9.41218379e+05 2.45541828e+00
9.44293821e+05 2.44070142e+00
9.46368038e+05 2.43077617e+00
9.47786503e+05 2.42398919e+00
9.48894483e+05 2.41868832e+00
9.49615270e+05 2.41524028e+00
9.50287017e+05 2.41202732e+00
9.50729453e+05 2.40991153e+00
9.51171888e+05 2.40779617e+00
9.51466845e+05 2.40638625e+00
9.51761802e+05 2.40497669e+00
9.51958440e+05 2.40403730e+00
9.52056759e+05 2.40491488e+00
9.52351716e+05 2.40754823e+00
9.52572934e+05 2.40952378e+00
9.52794152e+05 2.41149991e+00
9.52956378e+05 2.41294956e+00
9.53035033e+05 2.41365267e+00
9.53118604e+05 2.41613576e+00
9.53275915e+05 2.42081041e+00
9.53393897e+05 2.42431695e+00
9.53433225e+05 2.42659633e+00
9.53565956e+05 2.43428996e+00
9.53698686e+05 2.44198439e+00
9.53708518e+05 2.44255441e+00
9.53787173e+05 2.45053985e+00
9.53875660e+05 2.45952401e+00
9.53964148e+05 2.46850878e+00
9.54023139e+05 2.47449912e+00
9.54052635e+05 2.47931595e+00
9.54141122e+05 2.49376731e+00
9.54218548e+05 2.50641309e+00
9.54219777e+05 2.50661381e+00
9.54295974e+05 2.52500305e+00
9.54373400e+05 2.54368993e+00
9.54416415e+05 2.55407221e+00
9.54450827e+05 2.56609364e+00
9.54514377e+05 2.58829532e+00
9.54570730e+05 2.60798390e+00
9.54577926e+05 2.61137300e+00
9.54641476e+05 2.64130266e+00
9.54686466e+05 2.66249247e+00
9.54705026e+05 2.67332585e+00
9.54766648e+05 2.70929683e+00
9.54768575e+05 2.71068739e+00
9.54827324e+05 2.75307280e+00
9.54849854e+05 2.76932809e+00
9.54883673e+05 2.79956185e+00
9.54933060e+05 2.84371594e+00
9.54940022e+05 2.85146410e+00
9.54977587e+05 2.89327879e+00
9.55015153e+05 2.93509471e+00
9.55016267e+05 2.93633445e+00
9.55052719e+05 2.98644601e+00
9.55090284e+05 3.03809023e+00
9.55095805e+05 3.04568032e+00
9.55125642e+05 3.09514761e+00
9.55152708e+05 3.14002356e+00
9.55160999e+05 3.15610459e+00
9.55196357e+05 3.22468569e+00
9.55209611e+05 3.25039598e+00
9.55231714e+05 3.30046767e+00
9.55266514e+05 3.37930704e+00
9.55267071e+05 3.38077418e+00
9.55302429e+05 3.47390823e+00
9.55323417e+05 3.52919553e+00
9.55337786e+05 3.57213733e+00
9.55361353e+05 3.64256939e+00
9.55373144e+05 3.68208891e+00
9.55410192e+05 3.80627057e+00
9.55411588e+05 3.81151419e+00
9.55450032e+05 3.95599296e+00
9.55459032e+05 3.98981708e+00
9.55507698e+05 4.19210459e+00
9.55507871e+05 4.19282453e+00
9.55581131e+05 4.52918290e+00
9.55584587e+05 4.54602631e+00
9.55680697e+05 5.01445242e+00
9.55724400e+05 5.22745044e+00
9.55752069e+05 5.36229500e+00
9.55768104e+05 5.43038046e+00
9.55797239e+05 5.55408814e+00
9.55807140e+05 5.59612480e+00
9.55826375e+05 5.66257621e+00
9.55848443e+05 5.73881336e+00
9.55855510e+05 5.75701978e+00
9.55884645e+05 5.83207400e+00
9.55889746e+05 5.84521245e+00
9.55913781e+05 5.88325293e+00
9.55931049e+05 5.91057994e+00
9.55949211e+05 5.92031314e+00
9.55972353e+05 5.93270940e+00
9.55984640e+05 5.92701952e+00
9.56010299e+05 5.91513165e+00
9.56020070e+05 5.90180878e+00
9.56048245e+05 5.86338551e+00
9.56055499e+05 5.84859681e+00
9.56073542e+05 5.81181208e+00
9.56090929e+05 5.76491896e+00
9.56124137e+05 5.67534982e+00
9.56126358e+05 5.66792817e+00
9.56174732e+05 5.50631552e+00
9.56197218e+05 5.42091552e+00
9.56307683e+05 5.00136986e+00
9.56355642e+05 4.81922503e+00
9.56377111e+05 4.73769052e+00
9.56403601e+05 4.64458830e+00
9.56451561e+05 4.47603761e+00
9.56457187e+05 4.45626445e+00
9.56499520e+05 4.32300161e+00
9.56517244e+05 4.26720790e+00
9.56531493e+05 4.22713203e+00
9.56564013e+05 4.13566723e+00
9.56577301e+05 4.09829400e+00
9.56597081e+05 4.04810609e+00
9.56617340e+05 3.99670165e+00
9.56630148e+05 3.96796099e+00
9.56663216e+05 3.89376369e+00
9.56696283e+05 3.81956782e+00
9.56697416e+05 3.81702614e+00
9.56745884e+05 3.72498628e+00
9.56783445e+05 3.65366157e+00
9.56795485e+05 3.63445564e+00
9.56831294e+05 3.57733756e+00
9.56869474e+05 3.51643827e+00
9.56869844e+05 3.51594168e+00
9.56908394e+05 3.46417563e+00
9.56955503e+05 3.40091741e+00
9.56966218e+05 3.38882742e+00
9.57024043e+05 3.32358640e+00
9.57041532e+05 3.30385514e+00
9.57081868e+05 3.26640181e+00
9.57140740e+05 3.21173945e+00
9.57166889e+05 3.18746007e+00
9.57201704e+05 3.16129004e+00
9.57262669e+05 3.11546499e+00
9.57292246e+05 3.09323327e+00
9.57323633e+05 3.07352664e+00
9.57375817e+05 3.04076360e+00
9.57384598e+05 3.03621087e+00
9.57445562e+05 3.00460180e+00
9.57513598e+05 2.96932717e+00
9.57533127e+05 2.95920214e+00
9.57581634e+05 2.93916251e+00
9.57672349e+05 2.90168660e+00
9.57690438e+05 2.89421388e+00
9.57763063e+05 2.87103650e+00
9.57863725e+05 2.83891286e+00
9.57926403e+05 2.81891129e+00
9.57974334e+05 2.80731326e+00
9.58084943e+05 2.78054952e+00
9.58162369e+05 2.76181551e+00
9.58195552e+05 2.75575542e+00
9.58324595e+05 2.73218917e+00
9.58398334e+05 2.71872306e+00
9.58437662e+05 2.71154130e+00
9.58545813e+05 2.69644386e+00
9.58695289e+05 2.67557831e+00
9.58712955e+05 2.67311226e+00
9.58844764e+05 2.65980817e+00
9.59028805e+05 2.64123266e+00
9.59209466e+05 2.62299885e+00
9.59212846e+05 2.62276723e+00
9.59426229e+05 2.60814474e+00
9.59639612e+05 2.59352271e+00
9.59799380e+05 2.58257494e+00
9.59943786e+05 2.57616633e+00
9.60340135e+05 2.55857755e+00
9.60684251e+05 2.54330726e+00
9.60782570e+05 2.54069789e+00
9.61225006e+05 2.52895629e+00
9.61832709e+05 2.51282932e+00
9.62064927e+05 2.50666702e+00
9.62399672e+05 2.50172286e+00
9.63203061e+05 2.48985736e+00
9.64302268e+05 2.47362341e+00
9.65781354e+05 2.46191253e+00
9.67957051e+05 2.44468679e+00
9.68202333e+05 2.44274486e+00
9.71402005e+05 2.42882809e+00
9.75923696e+05 2.40916186e+00
9.77197910e+05 2.40580923e+00
9.89307370e+05 2.37394844e+00
9.91433273e+05 2.36835512e+00
1.00986022e+06 2.33743533e+00
1.01163316e+06 2.33631187e+00
1.02634113e+06 2.32699216e+00
1.02848165e+06 2.32864891e+00
1.03627821e+06 2.33468358e+00
1.04621529e+06 2.35725706e+00
1.05369806e+06 2.39088476e+00
1.05954058e+06 2.43208479e+00
1.06404183e+06 2.47473845e+00
1.06918289e+06 2.53974858e+00
1.07021111e+06 2.55630522e+00
1.07339574e+06 2.60758545e+00
1.07781313e+06 2.69691743e+00
1.07842951e+06 2.71225779e+00
1.08198874e+06 2.80083954e+00
1.08437539e+06 2.87184835e+00
1.08606907e+06 2.92223968e+00
1.08828612e+06 2.99951293e+00
1.09028921e+06 3.06932882e+00
1.09074818e+06 3.08764937e+00
1.09221222e+06 3.14608915e+00
1.09329069e+06 3.18913887e+00
1.09405152e+06 3.21950943e+00
1.09458274e+06 3.24071494e+00
1.09503900e+06 3.25892879e+00
1.09539887e+06 3.27329546e+00
1.09568413e+06 3.28718643e+00
1.09592297e+06 3.29881791e+00
1.09612201e+06 3.30851141e+00
1.09630307e+06 3.31732993e+00
1.09645717e+06 3.32483571e+00
1.09659586e+06 3.33159162e+00
1.09671913e+06 3.33759758e+00
1.09683001e+06 3.34300014e+00
1.09692547e+06 3.34765263e+00
1.09700901e+06 3.35172432e+00
1.09708061e+06 3.35521507e+00
1.09715336e+06 3.35876273e+00
1.09721802e+06 3.36191698e+00
1.09727345e+06 3.36462139e+00
1.09732887e+06 3.36732677e+00
1.09737506e+06 3.36958204e+00
1.09741351e+06 3.37145989e+00
1.09744778e+06 3.37313479e+00
1.09749071e+06 3.37523322e+00
1.09753005e+06 3.37715797e+00
1.09756582e+06 3.37890882e+00
1.09760159e+06 3.38066097e+00
1.09763574e+06 3.38233540e+00
1.09766447e+06 3.38374511e+00
1.09768800e+06 3.38490102e+00
1.09771292e+06 3.38612610e+00
1.09774061e+06 3.38748897e+00
1.09776691e+06 3.38878557e+00
1.09779045e+06 3.38994759e+00
1.09781273e+06 3.39104979e+00
1.09783497e+06 3.39215211e+00
1.09785673e+06 3.39323275e+00
1.09787549e+06 3.39416705e+00
1.09789157e+06 3.39496987e+00
1.09790818e+06 3.39580173e+00
1.09792533e+06 3.39666332e+00
1.09793820e+06 3.39731168e+00
1.09794892e+06 3.39785364e+00
1.09796178e+06 3.39850620e+00
1.09797424e+06 3.39914098e+00
1.09798529e+06 3.39970670e+00
1.09799635e+06 3.40027521e+00
1.09800901e+06 3.40093041e+00
1.09801925e+06 3.40146445e+00
1.09802204e+06 3.40161079e+00
1.09802930e+06 3.40286527e+00
1.09803573e+06 3.40397857e+00
1.09804538e+06 3.40565250e+00
1.09805489e+06 3.40730867e+00
1.09806307e+06 3.40873672e+00
1.09807038e+06 3.41001716e+00
1.09807724e+06 3.41122389e+00
1.09808407e+06 3.41243127e+00
1.09809034e+06 3.41354287e+00
1.09809661e+06 3.41465935e+00
1.09810421e+06 3.41602063e+00
1.09810494e+06 3.41615138e+00
1.09811105e+06 3.41854257e+00
1.09811789e+06 3.42122670e+00
1.09812416e+06 3.42369604e+00
1.09813042e+06 3.42617464e+00
1.09813555e+06 3.42821084e+00
1.09814068e+06 3.43025500e+00
1.09814581e+06 3.43230791e+00
1.09815008e+06 3.43402588e+00
1.09815521e+06 3.43609704e+00
1.09816034e+06 3.43817945e+00
1.09816547e+06 3.44027414e+00
1.09816861e+06 3.44156262e+00
1.09817108e+06 3.44373524e+00
1.09817696e+06 3.44893310e+00
1.09818209e+06 3.45347795e+00
1.09818665e+06 3.45753208e+00
1.09819140e+06 3.46177053e+00
1.09819601e+06 3.46589818e+00
1.09820185e+06 3.47115550e+00
1.09820561e+06 3.47455705e+00
1.09820641e+06 3.47571527e+00
1.09821097e+06 3.48235063e+00
1.09821553e+06 3.48900529e+00
1.09822008e+06 3.49568015e+00
1.09822464e+06 3.50237603e+00
1.09822996e+06 3.51021431e+00
1.09823505e+06 3.51775321e+00
1.09823674e+06 3.52126134e+00
1.09824265e+06 3.53356781e+00
1.09824972e+06 3.54834205e+00
1.09825489e+06 3.55918177e+00
1.09826036e+06 3.57069204e+00
1.09826180e+06 3.57374238e+00
1.09826856e+06 3.59280311e+00
1.09827677e+06 3.61601586e+00
1.09828497e+06 3.63929805e+00
1.09829455e+06 3.66655452e+00
1.09829956e+06 3.68087468e+00
1.09830686e+06 3.70532102e+00
1.09832509e+06 3.76658763e+00
1.09834471e+06 3.83250630e+00
1.09835648e+06 3.87195775e+00
1.09835898e+06 3.88033410e+00
1.09836582e+06 3.89922815e+00
1.09837433e+06 3.92263425e+00
1.09838284e+06 3.94590810e+00
1.09838391e+06 3.94880059e+00
1.09839014e+06 3.96022125e+00
1.09839895e+06 3.97621372e+00
1.09840533e+06 3.98767116e+00
1.09840533e+06 3.98767188e+00
1.09841263e+06 3.99282747e+00
1.09841878e+06 3.99706432e+00
1.09842612e+06 4.00197438e+00
1.09842708e+06 4.00259501e+00
1.09843305e+06 3.99944494e+00
1.09843998e+06 3.99565412e+00
1.09844758e+06 3.99134296e+00
1.09844929e+06 3.99033457e+00
1.09845579e+06 3.97911411e+00
1.09846551e+06 3.96208899e+00
1.09847281e+06 3.94918062e+00
1.09847341e+06 3.94809676e+00
1.09848208e+06 3.92456791e+00
1.09849363e+06 3.89300511e+00
1.09850016e+06 3.87505689e+00
1.09850639e+06 3.85494716e+00
1.09854286e+06 3.73689194e+00
1.09855517e+06 3.69714091e+00
1.09855867e+06 3.68588282e+00
1.09856338e+06 3.67325729e+00
1.09857250e+06 3.64889808e+00
1.09858070e+06 3.62705234e+00
1.09858891e+06 3.60528168e+00
1.09859469e+06 3.59001248e+00
1.09859529e+06 3.58881215e+00
1.09860016e+06 3.57924438e+00
1.09860567e+06 3.56842217e+00
1.09861248e+06 3.55511558e+00
1.09861887e+06 3.54269190e+00
1.09862029e+06 3.53992924e+00
1.09862376e+06 3.53511189e+00
1.09862888e+06 3.52802675e+00
1.09863344e+06 3.52173968e+00
1.09863800e+06 3.51547204e+00
1.09864255e+06 3.50922572e+00
1.09864711e+06 3.50299982e+00
1.09864780e+06 3.50206824e+00
1.09865167e+06 3.49878936e+00
1.09865623e+06 3.49494809e+00
1.09866079e+06 3.49112397e+00
1.09866535e+06 3.48731524e+00
1.09866991e+06 3.48352099e+00
1.09867447e+06 3.47974034e+00
1.09867941e+06 3.47565890e+00
1.09868463e+06 3.47135703e+00
1.09868492e+06 3.47112393e+00
1.09868976e+06 3.46938651e+00
1.09869489e+06 3.46755995e+00
1.09870002e+06 3.46574543e+00
1.09870515e+06 3.46394126e+00
1.09871027e+06 3.46214689e+00
1.09871626e+06 3.46006466e+00
1.09872139e+06 3.45828869e+00
1.09872652e+06 3.45652037e+00
1.09873222e+06 3.45456293e+00
1.09873905e+06 3.45222394e+00
1.09874589e+06 3.44989393e+00
1.09875273e+06 3.44757212e+00
1.09875501e+06 3.44680086e+00
1.09875995e+06 3.44638872e+00
1.09876793e+06 3.44573119e+00
1.09877477e+06 3.44517340e+00
1.09878160e+06 3.44462040e+00
1.09878864e+06 3.44405573e+00
1.09879607e+06 3.44346354e+00
1.09880551e+06 3.44271647e+00
1.09881472e+06 3.44199274e+00
1.09882393e+06 3.44127329e+00
1.09883314e+06 3.44055738e+00
1.09884286e+06 3.43980522e+00
1.09885514e+06 3.43885929e+00
1.09886691e+06 3.43795669e+00
1.09886895e+06 3.43780035e+00
1.09888123e+06 3.43819799e+00
1.09889351e+06 3.43859878e+00
1.09890579e+06 3.43900205e+00
1.09892085e+06 3.43949966e+00
1.09893459e+06 3.43995604e+00
1.09895060e+06 3.44049037e+00
1.09896889e+06 3.44110369e+00
1.09898689e+06 3.44170995e+00
1.09900432e+06 3.44229902e+00
1.09902290e+06 3.44292869e+00
1.09904450e+06 3.44366306e+00
1.09906795e+06 3.44446275e+00
1.09909243e+06 3.44529932e+00
1.09911907e+06 3.44621196e+00
1.09914785e+06 3.44720002e+00
1.09917737e+06 3.44821525e+00
1.09920763e+06 3.44925751e+00
1.09924022e+06 3.45038178e+00
1.09927561e+06 3.45160407e+00
1.09931275e+06 3.45288826e+00
1.09935162e+06 3.45423327e+00
1.09939355e+06 3.45568593e+00
1.09943835e+06 3.45723882e+00
1.09948454e+06 3.45884096e+00
1.09953326e+06 3.46053217e+00
1.09958699e+06 3.46239790e+00
1.09964607e+06 3.46445073e+00
1.09971131e+06 3.46671834e+00
1.09978522e+06 3.46928824e+00
1.09986790e+06 3.47216405e+00
1.09995724e+06 3.47527269e+00
1.10005264e+06 3.47859274e+00
1.10015559e+06 3.48217636e+00
1.10025805e+06 3.48574346e+00
1.10026941e+06 3.48624325e+00
1.10039846e+06 3.49192258e+00
1.10054540e+06 3.49838979e+00
1.10062344e+06 3.50182476e+00
1.10079731e+06 3.50947839e+00
1.10100949e+06 3.51881910e+00
1.10126411e+06 3.53002857e+00
1.10158249e+06 3.54404524e+00
1.10197140e+06 3.56116848e+00
1.10245235e+06 3.58234439e+00
1.10308943e+06 3.61039536e+00
1.10389058e+06 3.64567115e+00
1.10476433e+06 3.68414393e+00
1.10609482e+06 3.74272892e+00
1.10742532e+06 3.80131436e+00
1.10890316e+06 3.86638834e+00
1.10998170e+06 3.91388027e+00
1.11102261e+06 3.97064235e+00
1.11192573e+06 4.01989111e+00
1.11213820e+06 4.03147771e+00
1.11267962e+06 4.07147187e+00
1.11334337e+06 4.12050243e+00
1.11349402e+06 4.13163101e+00
1.11394795e+06 4.17745300e+00
1.11444235e+06 4.22736182e+00
1.11490891e+06 4.29068935e+00
1.11520182e+06 4.33044765e+00
1.11536159e+06 4.35915847e+00
1.11575227e+06 4.42936912e+00
1.11584991e+06 4.44691592e+00
1.11608057e+06 4.50108582e+00
1.11639959e+06 4.57601001e+00
1.11643535e+06 4.58671091e+00
1.11676403e+06 4.68505265e+00
1.11686167e+06 4.71426654e+00
1.11705695e+06 4.78738782e+00
1.11730104e+06 4.87879025e+00
1.11734986e+06 4.90128085e+00
1.11759396e+06 5.01373468e+00
1.11769159e+06 5.05871657e+00
1.11783805e+06 5.13962344e+00
1.11803333e+06 5.24750001e+00
1.11808217e+06 5.27918315e+00
1.11832624e+06 5.43750646e+00
1.11837506e+06 5.46917444e+00
1.11861915e+06 5.65209510e+00
1.11871679e+06 5.72526375e+00
1.11891207e+06 5.89070650e+00
1.11959553e+06 6.46975763e+00
1.11974199e+06 6.59383925e+00
1.11984591e+06 6.66967257e+00
1.12005240e+06 6.82035106e+00
1.12024973e+06 6.92761080e+00
1.12030668e+06 6.95856209e+00
1.12042381e+06 6.99726714e+00
1.12052057e+06 7.02923684e+00
1.12061373e+06 7.03957327e+00
1.12072594e+06 7.05202111e+00
1.12078810e+06 7.04489450e+00
1.12094184e+06 7.02726567e+00
1.12096247e+06 7.02060608e+00
1.12115774e+06 6.95754841e+00
1.12135302e+06 6.85711829e+00
1.12140184e+06 6.83201037e+00
1.12159711e+06 6.70023465e+00
1.12169475e+06 6.63434620e+00
1.12237822e+06 6.10457335e+00
1.12267113e+06 5.87752861e+00
1.12296404e+06 5.67498069e+00
1.12311050e+06 5.57370736e+00
1.12320814e+06 5.51570313e+00
1.12345224e+06 5.37069352e+00
1.12350105e+06 5.34169178e+00
1.12369633e+06 5.24412085e+00
1.12394043e+06 5.12215804e+00
1.12423334e+06 5.00118895e+00
1.12437980e+06 4.94070487e+00
1.12452625e+06 4.89129380e+00
1.12481917e+06 4.79247249e+00
1.12486799e+06 4.77600240e+00
1.12516090e+06 4.69692120e+00
1.12545381e+06 4.61784069e+00
1.12550263e+06 4.60744962e+00
1.12589319e+06 4.52432188e+00
1.12608846e+06 4.48275837e+00
1.12628374e+06 4.45034016e+00
1.12677193e+06 4.36929542e+00
1.12686956e+06 4.35308661e+00
1.12726012e+06 4.30345730e+00
1.12784595e+06 4.22901406e+00
1.12852941e+06 4.16274322e+00
1.12901760e+06 4.11540737e+00
1.12931051e+06 4.09357967e+00
1.13018926e+06 4.02809724e+00
1.13057981e+06 3.99899419e+00
1.13126327e+06 3.95929676e+00
1.13253257e+06 3.88557366e+00
1.13282548e+06 3.86856076e+00
1.13409478e+06 3.80891354e+00
1.13607527e+06 3.71584585e+00
1.13626722e+06 3.70682582e+00
1.13854058e+06 3.61547096e+00
1.14169255e+06 3.48881003e+00
1.14259088e+06 3.45656692e+00
1.14587622e+06 3.33864869e+00
1.14871607e+06 3.23672084e+00
1.14916156e+06 3.22199386e+00
1.15206618e+06 3.12597534e+00
1.15455585e+06 3.04367426e+00
1.15663057e+06 2.97509050e+00
1.15870530e+06 2.90650730e+00
1.16057420e+06 2.84472848e+00
1.16219084e+06 2.79128932e+00
1.16351866e+06 2.74739760e+00
1.16418257e+06 2.72545207e+00
1.16484649e+06 2.70061722e+00
1.16600833e+06 2.65715693e+00
1.16700420e+06 2.61990589e+00
1.16783409e+06 2.58886390e+00
1.16866398e+06 2.55241006e+00
1.16949387e+06 2.51595695e+00
1.17015778e+06 2.48679510e+00
1.17048974e+06 2.47221451e+00
1.17082169e+06 2.45483980e+00
1.17148561e+06 2.42009118e+00
1.17214952e+06 2.38534350e+00
1.17248147e+06 2.36797017e+00
1.17264745e+06 2.35763270e+00
1.17314539e+06 2.32662100e+00
1.17372631e+06 2.29044178e+00
1.17414125e+06 2.26460039e+00
1.17422424e+06 2.25851162e+00
1.17472218e+06 2.22198016e+00
1.17513712e+06 2.19153832e+00
1.17555207e+06 2.16109759e+00
1.17596701e+06 2.12592607e+00
1.17638196e+06 2.09075598e+00
1.17679690e+06 2.05558749e+00
1.17696288e+06 2.04152083e+00
1.17721185e+06 2.01873692e+00
1.17762679e+06 1.98076575e+00
1.17795875e+06 1.95039049e+00
1.17829070e+06 1.92001688e+00
1.17862266e+06 1.88964503e+00
1.17895462e+06 1.85927506e+00
1.17912059e+06 1.84409108e+00
1.17928657e+06 1.83173329e+00
1.17970152e+06 1.80084164e+00
1.17978451e+06 1.79466391e+00
1.18011646e+06 1.77826576e+00
1.18028244e+06 1.77006771e+00
1.18044842e+06 1.76731770e+00
1.18073888e+06 1.76250669e+00
1.18105009e+06 1.76856208e+00
1.18136130e+06 1.78578537e+00
1.18161026e+06 1.80921750e+00
1.18177624e+06 1.83127493e+00
1.18185923e+06 1.84230288e+00
1.18210820e+06 1.88546619e+00
1.18219119e+06 1.90341079e+00
1.18235717e+06 1.93929785e+00
1.18252314e+06 1.98229691e+00
1.18260613e+06 2.00379526e+00
1.18277211e+06 2.05398352e+00
1.18286578e+06 2.08230592e+00
1.18303197e+06 2.13951011e+00
1.18316065e+06 2.18379763e+00
1.18330375e+06 2.23921950e+00
1.18355786e+06 2.33762642e+00
1.18356783e+06 2.34148450e+00
1.18381519e+06 2.44548306e+00
1.18407251e+06 2.55366525e+00
1.18434396e+06 2.66778619e+00
1.18459787e+06 2.77452424e+00
1.18476385e+06 2.84429673e+00
1.18492982e+06 2.90862538e+00
1.18517879e+06 3.00511561e+00
1.18551075e+06 3.12071729e+00
1.18600662e+06 3.27009808e+00
1.18650661e+06 3.39198094e+00
1.18663110e+06 3.41585232e+00
1.18700455e+06 3.48746772e+00
1.18746135e+06 3.55307039e+00
1.18758547e+06 3.57089599e+00
1.18783444e+06 3.59609596e+00
1.18816640e+06 3.62969820e+00
1.18824938e+06 3.63809930e+00
1.18851440e+06 3.65519845e+00
1.18883031e+06 3.67558311e+00
1.18907927e+06 3.69164978e+00
1.18916226e+06 3.69392016e+00
1.18949422e+06 3.70300365e+00
1.18982618e+06 3.71208923e+00
1.19012845e+06 3.72036437e+00
1.19036070e+06 3.72672436e+00
1.19039120e+06 3.72599277e+00
1.19059765e+06 3.72104217e+00
1.19079441e+06 3.71632591e+00
1.19091418e+06 3.71345629e+00
1.19103395e+06 3.71058814e+00
1.19107248e+06 3.70966616e+00
1.19111940e+06 3.70728307e+00
1.19121699e+06 3.70232802e+00
1.19129957e+06 3.69813719e+00
1.19137089e+06 3.69451978e+00
1.19141875e+06 3.69209369e+00
1.19147599e+06 3.68919390e+00
1.19151540e+06 3.68719882e+00
1.19156045e+06 3.68492067e+00
1.19159986e+06 3.68292944e+00
1.19163740e+06 3.68103530e+00
1.19166414e+06 3.67968738e+00
1.19168901e+06 3.67843556e+00
1.19171904e+06 3.67692624e+00
1.19173499e+06 3.67612595e+00
1.19174531e+06 3.67823395e+00
1.19176877e+06 3.68302690e+00
1.19179129e+06 3.68763062e+00
1.19181381e+06 3.69223687e+00
1.19182736e+06 3.69500977e+00
1.19183634e+06 3.70018228e+00
1.19185839e+06 3.71289632e+00
1.19187903e+06 3.72480276e+00
1.19188279e+06 3.72696788e+00
1.19189827e+06 3.74273441e+00
1.19191704e+06 3.76184845e+00
1.19192220e+06 3.76710566e+00
1.19193581e+06 3.78780716e+00
1.19195457e+06 3.81636458e+00
1.19195598e+06 3.81850731e+00
1.19197334e+06 3.85523021e+00
1.19198930e+06 3.88898032e+00
1.19199211e+06 3.89692747e+00
1.19201088e+06 3.94991624e+00
1.19202308e+06 3.98436117e+00
1.19203903e+06 4.04125289e+00
1.19205311e+06 4.09145366e+00
1.19207938e+06 4.20239438e+00
1.19211307e+06 4.36636846e+00
1.19211786e+06 4.38968426e+00
1.19213643e+06 4.48824472e+00
1.19215401e+06 4.58153507e+00
1.19217041e+06 4.66853126e+00
1.19218542e+06 4.74818836e+00
1.19219856e+06 4.81788610e+00
1.19220137e+06 4.83100848e+00
1.19221545e+06 4.89662267e+00
1.19223209e+06 4.97417422e+00
1.19223235e+06 4.97538587e+00
1.19223576e+06 4.98834092e+00
1.19224875e+06 5.03770223e+00
1.19225781e+06 5.07213693e+00
1.19226174e+06 5.08353710e+00
1.19227565e+06 5.12391906e+00
1.19228106e+06 5.13962637e+00
1.19228928e+06 5.15577077e+00
1.19230414e+06 5.18492768e+00
1.19230439e+06 5.18543204e+00
1.19231926e+06 5.19807910e+00
1.19233616e+06 5.21244646e+00
1.19233932e+06 5.21144691e+00
1.19236202e+06 5.20425514e+00
1.19236847e+06 5.20220808e+00
1.19240078e+06 5.16181024e+00
1.19242471e+06 5.11800752e+00
1.19242941e+06 5.10727968e+00
1.19245756e+06 5.04290390e+00
1.19247632e+06 4.99999089e+00
1.19249509e+06 4.95708180e+00
1.19251386e+06 4.91417685e+00
1.19253263e+06 4.87127608e+00
1.19255140e+06 4.82837938e+00
1.19257017e+06 4.78548655e+00
1.19258049e+06 4.76189610e+00
1.19258893e+06 4.74617487e+00
1.19260770e+06 4.71123962e+00
1.19262835e+06 4.67281390e+00
1.19264571e+06 4.64050337e+00
1.19265087e+06 4.63297114e+00
1.19267339e+06 4.60009831e+00
1.19269591e+06 4.56722835e+00
1.19271093e+06 4.54531620e+00
1.19271843e+06 4.53705496e+00
1.19274095e+06 4.51226897e+00
1.19276348e+06 4.48748482e+00
1.19278553e+06 4.46321845e+00
1.19278975e+06 4.45995110e+00
1.19282166e+06 4.43526264e+00
1.19285731e+06 4.40767187e+00
1.19289110e+06 4.38153479e+00
1.19289485e+06 4.37933905e+00
1.19293426e+06 4.35628216e+00
1.19295491e+06 4.34420567e+00
1.19297931e+06 4.33417240e+00
1.19302998e+06 4.31333699e+00
1.19308441e+06 4.29096000e+00
1.19312007e+06 4.27630033e+00
1.19314447e+06 4.27059505e+00
1.19321391e+06 4.25435910e+00
1.19329461e+06 4.23549234e+00
1.19335279e+06 4.22189172e+00
1.19338423e+06 4.21843086e+00
1.19348276e+06 4.20758480e+00
1.19359584e+06 4.19513914e+00
1.19368498e+06 4.18532814e+00
1.19373190e+06 4.18394831e+00
1.19389143e+06 4.17925823e+00
1.19409788e+06 4.17319032e+00
1.19413542e+06 4.17208729e+00
1.19434186e+06 4.17800401e+00
1.19463091e+06 4.18628918e+00
1.19496128e+06 4.19576023e+00
1.19503316e+06 4.19782120e+00
1.19536622e+06 4.21797722e+00
1.19581797e+06 4.24531682e+00
1.19593090e+06 4.25215197e+00
1.19639191e+06 4.29196407e+00
1.19704467e+06 4.34833810e+00
1.19730578e+06 4.37088799e+00
1.19772261e+06 4.41609981e+00
1.19846190e+06 4.49628633e+00
1.19894303e+06 4.54847280e+00
1.19944175e+06 4.61263103e+00
1.20041468e+06 4.73779614e+00
1.20171474e+06 4.90504644e+00
1.20348902e+06 5.13330477e+00
1.20533941e+06 5.34627516e+00
1.20680615e+06 5.47556010e+00
1.20815487e+06 5.55248228e+00
1.20909225e+06 5.57193462e+00
1.20977343e+06 5.58607018e+00
1.21109166e+06 5.56545342e+00
1.21240989e+06 5.50786122e+00
1.21399781e+06 5.39727029e+00
1.21579798e+06 5.23203570e+00
1.21598271e+06 5.21507978e+00
1.21817177e+06 4.97920746e+00
1.22034949e+06 4.74455830e+00
1.22233439e+06 4.53068582e+00
1.22392231e+06 4.35958835e+00
1.22412080e+06 4.34011959e+00
1.22630419e+06 4.12596409e+00
1.22709815e+06 4.04808975e+00
1.22759438e+06 4.00512885e+00
1.22888456e+06 3.89343107e+00
1.22948003e+06 3.84187857e+00
1.22987701e+06 3.81355557e+00
1.23083065e+06 3.74551766e+00
1.23106795e+06 3.72858745e+00
1.23166342e+06 3.69870017e+00
1.23225889e+06 3.66881336e+00
1.23245738e+06 3.66473254e+00
1.23305285e+06 3.65249057e+00
1.23328024e+06 3.64781605e+00
1.23374756e+06 3.65611225e+00
1.23396050e+06 3.65989261e+00
1.23439134e+06 3.68438216e+00
1.23464077e+06 3.69856070e+00
1.23503775e+06 3.73791727e+00
1.23557823e+06 3.81456537e+00
1.23603020e+06 3.90066755e+00
1.23642718e+06 3.99287822e+00
1.23662567e+06 4.04714782e+00
1.23696362e+06 4.13954687e+00
1.23712190e+06 4.18934972e+00
1.23761812e+06 4.34549023e+00
1.23801973e+06 4.47185934e+00
1.23833765e+06 4.57189217e+00
1.23848651e+06 4.61873328e+00
1.23872861e+06 4.68455963e+00
1.23900755e+06 4.76040453e+00
1.23911957e+06 4.78421852e+00
1.23947220e+06 4.85918310e+00
1.23953934e+06 4.86884796e+00
1.23998863e+06 4.93351363e+00
1.24009386e+06 4.94125779e+00
1.24049108e+06 4.97048965e+00
1.24081917e+06 4.97662692e+00
1.24155090e+06 4.95099397e+00
1.24198490e+06 4.91473687e+00
1.24228264e+06 4.88986371e+00
1.24267961e+06 4.84256804e+00
1.24337433e+06 4.75980128e+00
1.24406904e+06 4.67703519e+00
1.24476376e+06 4.59426971e+00
1.24555772e+06 4.49968121e+00
1.24595470e+06 4.45238724e+00
1.24645093e+06 4.40199749e+00
1.24744338e+06 4.30121862e+00
1.24764186e+06 4.28106295e+00
1.24863431e+06 4.19741911e+00
1.24942827e+06 4.13050439e+00
1.25002375e+06 4.08939907e+00
1.25141318e+06 3.99348715e+00
1.25161167e+06 3.98237596e+00
1.25359656e+06 3.87126462e+00
1.25379505e+06 3.86015353e+00
1.25617694e+06 3.75292906e+00
1.25657392e+06 3.73505838e+00
1.25935277e+06 3.63501678e+00
1.25994825e+06 3.61357937e+00
1.26371955e+06 3.50583572e+00
1.26411653e+06 3.49449432e+00
1.26907878e+06 3.38252879e+00
1.26967425e+06 3.37191500e+00
1.27498386e+06 3.27727571e+00
1.27796121e+06 3.23525904e+00
1.28193101e+06 3.17923700e+00
1.28937439e+06 3.09625533e+00
1.29036684e+06 3.08519113e+00
1.29986854e+06 2.98538261e+00
1.29991236e+06 2.97365956e+00
1.29993427e+06 2.96779788e+00
1.30000000e+06 2.94028041e+00
1.30007164e+06 2.91028662e+00
1.30008789e+06 2.90348483e+00
1.30015625e+06 2.88777515e+00
1.31730000e+06 2.80154417e+00
1.31849911e+06 2.79721279e+00
1.34000000e+06 2.72486784e+00
1.36000000e+06 2.67133634e+00
1.37000000e+06 2.65258776e+00
1.37995312e+06 2.67965419e+00
1.38259375e+06 2.74184882e+00
1.38300000e+06 2.75381083e+00
1.38500000e+06 2.91996605e+00
1.38631250e+06 3.18725715e+00
1.38640000e+06 3.21171692e+00
1.38740000e+06 3.59372152e+00
1.38815000e+06 3.92583986e+00
1.38850000e+06 4.03635073e+00
1.38860000e+06 4.06084801e+00
1.38890000e+06 4.09293817e+00
1.38916250e+06 4.07634540e+00
1.38925000e+06 4.06086077e+00
1.38960000e+06 3.96338260e+00
1.39020000e+06 3.73170946e+00
1.39040000e+06 3.65146850e+00
1.39140000e+06 3.30608519e+00
1.39300000e+06 2.99014024e+00
1.39500000e+06 2.81690654e+00
1.40000000e+06 2.67738326e+00
1.41000000e+06 2.60677538e+00
1.42000000e+06 2.57678256e+00
1.44000000e+06 2.53797440e+00
1.50000000e+06 2.45325904e+00
1.53196790e+06 2.37935313e+00
1.75000000e+06 1.84147257e+00
1.75075000e+06 1.83937897e+00
1.75234000e+06 1.82648892e+00
1.75393500e+06 1.83368447e+00
1.75553000e+06 1.85963859e+00
1.75713000e+06 1.83724472e+00
1.76034000e+06 1.85055152e+00
1.76194000e+06 1.84782589e+00
1.76355000e+06 1.84922074e+00
1.76516000e+06 1.83164526e+00
1.76677000e+06 1.82501491e+00
1.76839000e+06 1.81039610e+00
1.77001000e+06 1.82752420e+00
1.77162000e+06 1.79029313e+00
1.77406000e+06 1.76930179e+00
1.77487000e+06 1.76140957e+00
1.77650000e+06 1.76754470e+00
1.77812000e+06 1.72923912e+00
1.77975000e+06 1.77469771e+00
1.78139000e+06 1.77126595e+00
1.78214031e+06 1.77189236e+00
1.78230875e+06 1.76793528e+00
1.78243000e+06 1.75869487e+00
1.78267677e+06 1.73460221e+00
1.78270354e+06 1.73409347e+00
1.78280505e+06 1.73874880e+00
1.78290656e+06 1.75112150e+00
1.78302000e+06 1.77226047e+00
1.78335000e+06 1.85612676e+00
1.78351500e+06 1.89211983e+00
1.78400000e+06 1.97955887e+00
1.78428875e+06 2.04697099e+00
1.78437125e+06 2.05882479e+00
1.78457234e+06 2.07252310e+00
1.78466000e+06 2.08927116e+00
1.78499000e+06 2.20139359e+00
1.78506617e+06 2.21191902e+00
1.78508561e+06 2.21235084e+00
1.78515948e+06 2.20778300e+00
1.78531500e+06 2.18108521e+00
1.78577531e+06 2.06292715e+00
1.78594938e+06 2.01062980e+00
1.78630000e+06 1.88478512e+00
1.78638250e+06 1.86244296e+00
1.78650625e+06 1.83916422e+00
1.78663000e+06 1.82294563e+00
1.78693000e+06 1.79313638e+00
1.78703250e+06 1.77553682e+00
1.78721812e+06 1.73912145e+00
1.78728000e+06 1.73423822e+00
1.78761000e+06 1.75084481e+00
1.78767188e+06 1.74845794e+00
1.78789875e+06 1.71994968e+00
1.78800188e+06 1.71269906e+00
1.78860000e+06 1.72019227e+00
1.78958000e+06 1.68852230e+00
1.79075176e+06 1.71995476e+00
1.79080977e+06 1.72001066e+00
1.79162188e+06 1.71879805e+00
1.79255000e+06 1.70978535e+00
1.79354000e+06 1.75098815e+00
1.79453000e+06 1.75986819e+00
1.79558188e+06 1.79711417e+00
1.79564375e+06 1.79749515e+00
1.79642734e+06 1.79731763e+00
1.79751000e+06 1.80982734e+00
1.79850000e+06 1.80515843e+00
1.79950000e+06 1.82470202e+00
1.80049000e+06 1.85884642e+00
1.80149000e+06 1.85827649e+00
1.80206750e+06 1.87247956e+00
1.80215000e+06 1.87895585e+00
1.80232000e+06 1.90162056e+00
1.80279938e+06 1.98182738e+00
1.80315000e+06 1.99154830e+00
1.80323250e+06 2.00210542e+00
1.80332531e+06 2.02298401e+00
1.80343875e+06 2.05971509e+00
1.80351188e+06 2.09115670e+00
1.80373500e+06 2.20022336e+00
1.80379875e+06 2.21982863e+00
1.80386685e+06 2.22689599e+00
1.80395568e+06 2.21873299e+00
1.80406879e+06 2.20376709e+00
1.80408039e+06 2.20347117e+00
1.80412551e+06 2.20658670e+00
1.80416934e+06 2.21711166e+00
1.80422348e+06 2.24037406e+00
1.80429051e+06 2.28141267e+00
1.80456500e+06 2.48528078e+00
1.80499695e+06 2.78749975e+00
1.80509844e+06 2.86898480e+00
1.80516031e+06 2.92730699e+00
1.80524797e+06 3.02141127e+00
1.80538977e+06 3.18004539e+00
1.80545938e+06 3.24426641e+00
1.80553312e+06 3.29186391e+00
1.80561281e+06 3.32062099e+00
1.80570844e+06 3.33250567e+00
1.80577945e+06 3.32551436e+00
1.80585047e+06 3.30258139e+00
1.80592828e+06 3.25927370e+00
1.80606234e+06 3.15820900e+00
1.80643875e+06 2.83935278e+00
1.80656500e+06 2.74723697e+00
1.80677750e+06 2.60176293e+00
1.80685094e+06 2.54202964e+00
1.80693859e+06 2.45926006e+00
1.80710875e+06 2.28502661e+00
1.80722219e+06 2.17803507e+00
1.80731500e+06 2.10060517e+00
1.80739750e+06 2.04174337e+00
1.80745938e+06 2.00666885e+00
1.80750125e+06 1.98853786e+00
1.80756500e+06 1.96949225e+00
1.80786867e+06 1.92375006e+00
1.80797469e+06 1.90109321e+00
1.80807524e+06 1.87228751e+00
1.80815844e+06 1.84024832e+00
1.80819781e+06 1.82206103e+00
1.80840500e+06 1.71555044e+00
1.80846875e+06 1.69152164e+00
1.80851543e+06 1.68054117e+00
1.80858344e+06 1.67473392e+00
1.80858803e+06 1.67471702e+00
1.80867073e+06 1.67991934e+00
1.80923594e+06 1.75935199e+00
1.80940547e+06 1.77457493e+00
1.81200000e+06 1.84327869e+00
1.81334000e+06 1.85830806e+00
1.81469000e+06 1.86913081e+00
1.81603000e+06 1.92873103e+00
1.81738000e+06 1.96755668e+00
1.81872000e+06 2.08680991e+00
1.82007000e+06 2.14069319e+00
1.82278000e+06 2.33271270e+00
1.82413000e+06 2.46399397e+00
1.82548000e+06 2.51363748e+00
1.82701000e+06 2.62978533e+00
1.82871000e+06 2.82819237e+00
1.83041000e+06 3.05161721e+00
1.83211000e+06 3.29965717e+00
1.83382000e+06 3.58437692e+00
1.83518000e+06 3.83998399e+00
1.83621000e+06 4.00631243e+00
1.83724000e+06 4.27258848e+00
1.83826000e+06 4.61403471e+00
1.83929000e+06 4.93110686e+00
1.84032000e+06 5.27521594e+00
1.84135000e+06 5.63680194e+00
1.84238000e+06 6.02329891e+00
1.84341000e+06 6.44307757e+00
1.84444000e+06 6.73797657e+00
1.84548000e+06 6.98789506e+00
1.84651000e+06 7.26206531e+00
1.84755000e+06 7.38028237e+00
1.84858000e+06 7.68431885e+00
1.84962000e+06 7.83232359e+00
1.85066000e+06 7.78005378e+00
1.85170000e+06 7.83113553e+00
1.85274000e+06 7.98879516e+00
1.85378000e+06 8.18998588e+00
1.85475500e+06 8.16758913e+00
1.85508000e+06 8.10647747e+00
1.85690000e+06 7.69204636e+00
1.85795000e+06 7.43094616e+00
1.85899000e+06 7.14405348e+00
1.86004000e+06 7.07909259e+00
1.86108000e+06 6.93366523e+00
1.86213000e+06 6.76281485e+00
1.86353000e+06 6.66518667e+00
1.86703000e+06 6.09776170e+00
1.86878000e+06 5.79137118e+00
1.87054000e+06 5.54039753e+00
1.87145871e+06 5.42882193e+00
1.87406000e+06 5.11290016e+00
1.87582000e+06 4.88821997e+00
1.87759000e+06 4.74746690e+00
1.87936000e+06 4.53825322e+00
1.88113000e+06 4.35567446e+00
1.88291000e+06 4.11881309e+00
1.88468000e+06 3.90940932e+00
1.88824000e+06 3.58518717e+00
1.89003000e+06 3.32840813e+00
1.89182000e+06 3.22528724e+00
1.89361000e+06 3.04350922e+00
1.89719000e+06 2.69934256e+00
1.89899000e+06 2.55111905e+00
1.90079000e+06 2.41742153e+00
1.90277000e+06 2.21610838e+00
1.90331000e+06 2.17240670e+00
1.90440000e+06 2.19160111e+00
1.90548000e+06 2.13124996e+00
1.90656000e+06 2.18447666e+00
1.90689700e+06 2.18311083e+00
1.90765000e+06 2.18005899e+00
1.90860801e+06 2.23083685e+00
1.90879961e+06 2.24715627e+00
1.90947234e+06 2.31879361e+00
1.90979594e+06 2.35810851e+00
1.91037000e+06 2.48480518e+00
1.91091000e+06 2.60570770e+00
1.91200000e+06 2.79311976e+00
1.91309000e+06 3.08370541e+00
1.91437000e+06 3.32963667e+00
1.91583000e+06 3.72783452e+00
1.91728000e+06 4.00648010e+00
1.91874000e+06 4.20840870e+00
1.92021000e+06 4.33522899e+00
1.92167000e+06 4.38784721e+00
1.92314000e+06 4.46646524e+00
1.92468594e+06 4.56031625e+00
1.92470312e+06 4.56032443e+00
1.92556250e+06 4.55761783e+00
1.92570000e+06 4.55932052e+00
1.92644000e+06 4.62500483e+00
1.92707875e+06 4.73714390e+00
1.92717000e+06 4.76554824e+00
1.92791000e+06 5.09906374e+00
1.92804875e+06 5.13025533e+00
1.92855750e+06 5.15282101e+00
1.92867266e+06 5.13503985e+00
1.92878781e+06 5.09601884e+00
1.92938500e+06 4.80575558e+00
1.93007406e+06 4.42487703e+00
1.93016625e+06 4.38927856e+00
1.93086000e+06 4.24254902e+00
1.93159000e+06 4.13431035e+00
1.93168250e+06 4.12955016e+00
1.93233000e+06 4.13114754e+00
1.93307000e+06 4.11712634e+00
1.93510000e+06 3.93634061e+00
1.93881000e+06 3.85313542e+00
1.94253000e+06 3.67122356e+00
1.94625000e+06 3.65118452e+00
1.94812000e+06 3.60506665e+00
1.94999000e+06 3.61534305e+00
1.95197750e+06 3.58360739e+00
1.95379875e+06 3.58619807e+00
1.95562000e+06 3.62393365e+00
1.95938000e+06 3.74935681e+00
1.96108000e+06 3.88330958e+00
1.96259000e+06 3.96838040e+00
1.96410000e+06 4.11282236e+00
1.96562000e+06 4.33262029e+00
1.96713000e+06 4.52358388e+00
1.96865000e+06 4.82340155e+00
1.97017000e+06 4.98863683e+00
1.97169000e+06 5.23199003e+00
1.97321000e+06 5.30329163e+00
1.97474000e+06 5.31212567e+00
1.97626500e+06 5.05204121e+00
1.97779000e+06 4.89863190e+00
1.97932000e+06 4.58637865e+00
1.98086000e+06 4.24049588e+00
1.98239000e+06 3.96798192e+00
1.98392000e+06 3.78428125e+00
1.98546000e+06 3.64121832e+00
1.98681250e+06 3.45372115e+00
1.98736594e+06 3.39805083e+00
1.98756445e+06 3.41130615e+00
1.98816000e+06 3.50045630e+00
1.98893000e+06 3.62809109e+00
1.98902024e+06 3.63378117e+00
1.98953006e+06 3.62094286e+00
1.98972406e+06 3.59682358e+00
1.99047000e+06 3.36152716e+00
1.99124000e+06 3.13684917e+00
1.99202000e+06 3.02517208e+00
1.99279000e+06 2.94898893e+00
1.99350445e+06 2.96337669e+00
1.99421891e+06 2.96637184e+00
1.99466695e+06 2.94747521e+00
1.99511500e+06 2.92087434e+00
1.99724000e+06 2.82010496e+00
2.00000000e+06 2.74376812e+00
2.00113000e+06 2.71221777e+00
2.00308000e+06 2.62465543e+00
2.00503000e+06 2.57813580e+00
2.00698000e+06 2.48110641e+00
2.00893000e+06 2.48229005e+00
2.01089000e+06 2.39953726e+00
2.01285000e+06 2.38505233e+00
2.01482000e+06 2.35693052e+00
2.01678000e+06 2.33865238e+00
2.01875000e+06 2.29489012e+00
2.02073000e+06 2.28058761e+00
2.02270000e+06 2.24406037e+00
2.02468000e+06 2.23574365e+00
2.02666000e+06 2.17262202e+00
2.02865000e+06 2.12333733e+00
2.03063000e+06 2.10834298e+00
2.03262000e+06 2.07614545e+00
2.03462000e+06 2.01255904e+00
2.03661000e+06 1.93965881e+00
2.03792250e+06 1.89976011e+00
2.03801000e+06 1.89057051e+00
2.03811000e+06 1.87301406e+00
2.03876000e+06 1.71729396e+00
2.03881000e+06 1.70754436e+00
2.03961000e+06 1.58924316e+00
2.04041000e+06 1.43137013e+00
2.04081500e+06 1.36809214e+00
2.04103095e+06 1.33829844e+00
2.04113615e+06 1.32802833e+00
2.04120734e+06 1.32592956e+00
2.04126834e+06 1.32839902e+00
2.04134967e+06 1.33735732e+00
2.04157625e+06 1.37760838e+00
2.04187625e+06 1.43497582e+00
2.04204500e+06 1.47222443e+00
2.04223875e+06 1.52314286e+00
2.04268250e+06 1.64698273e+00
2.04277000e+06 1.67340722e+00
2.04302000e+06 1.75755433e+00
2.04347938e+06 1.92096815e+00
2.04358250e+06 1.95150770e+00
2.04369594e+06 1.97416558e+00
2.04406297e+06 2.00914681e+00
2.04443000e+06 2.03557587e+00
2.04523000e+06 2.06506447e+00
2.04644000e+06 2.02935481e+00
2.04805000e+06 2.05252104e+00
2.05128000e+06 1.92698878e+00
2.05289500e+06 1.98505145e+00
2.05451000e+06 2.00909397e+00
2.05613000e+06 2.02135338e+00
2.05735000e+06 2.07438223e+00
2.05816000e+06 2.17274811e+00
2.05897000e+06 2.29601331e+00
2.05978000e+06 2.43682934e+00
2.06057438e+06 2.56286813e+00
2.06070125e+06 2.59959533e+00
2.06141000e+06 2.87397778e+00
2.06211875e+06 3.08411173e+00
2.06222000e+06 3.10400179e+00
2.06237375e+06 3.11898053e+00
2.06286703e+06 3.12650843e+00
2.06296458e+06 3.11799434e+00
2.06306213e+06 3.09357978e+00
2.06314188e+06 3.05866584e+00
2.06347297e+06 2.85923985e+00
2.06382953e+06 2.64193297e+00
2.06405875e+06 2.52543023e+00
2.06452992e+06 2.30702055e+00
2.06466984e+06 2.25173263e+00
2.06477125e+06 2.22158311e+00
2.06522688e+06 2.12551752e+00
2.06542938e+06 2.08780251e+00
2.06548000e+06 2.08146692e+00
2.06630000e+06 2.02398212e+00
2.06752000e+06 1.92916742e+00
2.06916000e+06 1.89976830e+00
2.07080000e+06 1.84979263e+00
2.07244000e+06 1.81938904e+00
2.07408000e+06 1.87986607e+00
2.07572000e+06 1.88878003e+00
2.07737000e+06 1.97134056e+00
2.07902000e+06 2.03513948e+00
2.08017312e+06 2.04668328e+00
2.08030188e+06 2.05978302e+00
2.08035375e+06 2.06847521e+00
2.08147500e+06 2.31497217e+00
2.08187438e+06 2.41240579e+00
2.08200375e+06 2.45504121e+00
2.08262625e+06 2.70481214e+00
2.08273000e+06 2.75371975e+00
2.08293750e+06 2.86603273e+00
2.08345625e+06 3.16372757e+00
2.08356000e+06 3.21518895e+00
2.08376500e+06 3.29832404e+00
2.08425828e+06 3.46393099e+00
2.08438031e+06 3.49075093e+00
2.08443188e+06 3.49561832e+00
2.08475103e+06 3.48580811e+00
2.08507018e+06 3.46137833e+00
2.08521162e+06 3.43703116e+00
2.08526188e+06 3.42288213e+00
2.08594598e+06 3.15408809e+00
2.08602703e+06 3.13229174e+00
2.08613534e+06 3.12053632e+00
2.08615935e+06 3.12028774e+00
2.08649553e+06 3.13370045e+00
2.08687973e+06 3.16518107e+00
2.08755208e+06 3.28597015e+00
2.08772594e+06 3.33496306e+00
2.08814094e+06 3.52297617e+00
2.08853000e+06 3.70254679e+00
2.08936000e+06 4.03570938e+00
2.09013812e+06 4.41143040e+00
2.09024188e+06 4.44224195e+00
2.09082547e+06 4.50343284e+00
2.09102000e+06 4.51033001e+00
2.09164250e+06 4.46108412e+00
2.09185000e+06 4.43132513e+00
2.09268000e+06 4.24152416e+00
2.09351000e+06 4.16064056e+00
2.09435000e+06 4.12282141e+00
2.09518000e+06 4.12359853e+00
2.09601000e+06 4.07679061e+00
2.09727000e+06 4.06116749e+00
2.09859300e+06 4.01751759e+00
2.09894000e+06 4.00635197e+00
2.10061000e+06 3.93381577e+00
2.10229000e+06 3.88505929e+00
2.10564000e+06 3.74481341e+00
2.10901000e+06 3.71738061e+00
2.11019125e+06 3.82451996e+00
2.11045375e+06 3.83242790e+00
2.11111000e+06 3.83539065e+00
2.11185180e+06 3.89280940e+00
2.11209906e+06 3.93278508e+00
2.11358750e+06 4.28304876e+00
2.11386578e+06 4.39870859e+00
2.11454312e+06 4.70152399e+00
2.11534000e+06 5.07959989e+00
2.11612750e+06 5.57181272e+00
2.11623312e+06 5.61737039e+00
2.11681750e+06 5.74805145e+00
2.11703000e+06 5.76536403e+00
2.11745250e+06 5.70300679e+00
2.11787500e+06 5.59617976e+00
2.11872000e+06 5.22517782e+00
2.11957000e+06 4.89463739e+00
2.11999500e+06 4.63218677e+00
2.12036688e+06 4.39468768e+00
2.12047312e+06 4.34236555e+00
2.12127000e+06 4.08246076e+00
2.12346805e+06 3.61664573e+00
2.12382000e+06 3.55298147e+00
2.12467000e+06 3.55548080e+00
2.12574000e+06 3.39563771e+00
2.12701000e+06 3.24401214e+00
2.12829000e+06 3.11260024e+00
2.13000000e+06 3.08346312e+00
2.13214000e+06 2.94741513e+00
2.13643000e+06 2.75761614e+00
2.13858000e+06 2.73582095e+00
2.14073000e+06 2.65671576e+00
2.14288000e+06 2.60806493e+00
2.14504000e+06 2.58846385e+00
2.14720000e+06 2.61770022e+00
2.14936000e+06 2.65328847e+00
2.15360692e+06 2.50520344e+00
2.15404625e+06 2.49912787e+00
2.15588000e+06 2.49216030e+00
2.15805000e+06 2.50434241e+00
2.16023000e+06 2.48612501e+00
2.16242000e+06 2.43671625e+00
2.16461000e+06 2.44794349e+00
2.16614809e+06 2.44808779e+00
2.16637740e+06 2.45469828e+00
2.16660672e+06 2.47092090e+00
2.16767500e+06 2.56467168e+00
2.16899000e+06 2.72236321e+00
2.17031000e+06 2.90951667e+00
2.17163000e+06 3.11912769e+00
2.17280562e+06 3.15276597e+00
2.17300672e+06 3.14520640e+00
2.17427000e+06 3.03020199e+00
2.17559000e+06 2.98708699e+00
2.17692000e+06 2.90283869e+00
2.17824000e+06 2.84617663e+00
2.17957000e+06 2.66917429e+00
2.18134000e+06 2.65310854e+00
2.18317588e+06 2.59386058e+00
2.18578000e+06 2.50982011e+00
2.18800000e+06 2.45498503e+00
2.19022000e+06 2.38444050e+00
2.19245000e+06 2.37473571e+00
2.19469000e+06 2.37832274e+00
2.19692000e+06 2.37380176e+00
2.20141000e+06 2.31418809e+00
2.20524407e+06 2.30572047e+00
2.20550200e+06 2.30581919e+00
2.20816000e+06 2.35149249e+00
2.21042000e+06 2.30070965e+00
2.21268000e+06 2.32045059e+00
2.21494000e+06 2.40521731e+00
2.21903000e+06 2.59533195e+00
2.22039000e+06 2.67363927e+00
2.22312000e+06 3.01147467e+00
2.22449000e+06 3.21733928e+00
2.22586000e+06 3.54508940e+00
2.22718719e+06 3.72827849e+00
2.22847156e+06 3.74294113e+00
2.22884742e+06 3.71780502e+00
2.22997500e+06 3.59724551e+00
2.23135000e+06 3.37314051e+00
2.23272000e+06 3.05478619e+00
2.23410000e+06 2.84380860e+00
2.23548000e+06 2.64853670e+00
2.23677375e+06 2.42671208e+00
2.23686000e+06 2.41630381e+00
2.23824000e+06 2.33641669e+00
2.24008000e+06 2.24588616e+00
2.24239000e+06 2.12563271e+00
2.24701000e+06 2.01595685e+00
2.24933000e+06 1.98821663e+00
2.25000000e+06 1.99571094e+00
2.25165000e+06 2.01337943e+00
2.25397500e+06 1.94347989e+00
2.25863000e+06 1.93234832e+00
2.26097000e+06 1.93441934e+00
2.26330000e+06 1.91986873e+00
2.26564500e+06 2.00635037e+00
2.26799000e+06 2.06908583e+00
2.27034000e+06 2.22237471e+00
2.27270000e+06 2.43508781e+00
2.27741000e+06 2.72875766e+00
2.27978000e+06 2.94113710e+00
2.28207594e+06 3.26516029e+00
2.28215000e+06 3.27064155e+00
2.28452000e+06 3.26363561e+00
2.28689000e+06 3.56176937e+00
2.28927000e+06 3.69035793e+00
2.29166000e+06 3.74291034e+00
2.29404500e+06 3.60376082e+00
2.29643000e+06 3.37530972e+00
2.29883000e+06 3.23094353e+00
2.30123000e+06 3.15287409e+00
2.30363000e+06 3.08312042e+00
2.30603000e+06 2.97026988e+00
2.30844000e+06 2.91146234e+00
2.31086000e+06 2.80981208e+00
2.31327000e+06 2.72239160e+00
2.31569000e+06 2.58740132e+00
2.31812000e+06 2.52570321e+00
2.32025351e+06 2.49987734e+00
2.32055000e+06 2.49628832e+00
2.32419500e+06 2.44299551e+00
2.32541000e+06 2.42696762e+00
2.32785000e+06 2.37584385e+00
2.33030000e+06 2.40673873e+00
2.33274000e+06 2.36047555e+00
2.33519000e+06 2.23660933e+00
2.33728000e+06 2.29279151e+00
2.33937000e+06 2.33230230e+00
2.34134000e+06 2.28496212e+00
2.34331000e+06 2.35965260e+00
2.34528500e+06 2.32117240e+00
2.34726000e+06 2.30868920e+00
2.34924000e+06 2.41528104e+00
2.35122000e+06 2.37013957e+00
2.35519000e+06 2.36415030e+00
2.35718000e+06 2.37942724e+00
2.35917000e+06 2.41395970e+00
2.36117000e+06 2.42500450e+00
2.36316000e+06 2.41831580e+00
2.36516000e+06 2.48477248e+00
2.36667000e+06 2.58522632e+00
2.36767000e+06 2.60982364e+00
2.36860750e+06 2.66859225e+00
2.36867000e+06 2.67636832e+00
2.37017750e+06 2.95775002e+00
2.37068000e+06 3.06398389e+00
2.37118000e+06 3.22713965e+00
2.37268000e+06 3.76528262e+00
2.37343750e+06 3.94401296e+00
2.37369000e+06 3.98591475e+00
2.37454613e+06 4.01684128e+00
2.37469805e+06 4.00652138e+00
2.37495125e+06 3.95915273e+00
2.37570500e+06 3.76334219e+00
2.37671000e+06 3.40889901e+00
2.37866688e+06 2.87070212e+00
2.37873000e+06 2.85781956e+00
2.37923500e+06 2.78941765e+00
2.38075000e+06 2.62489130e+00
2.38176000e+06 2.53879453e+00
2.38327000e+06 2.45170952e+00
2.38530000e+06 2.35660938e+00
2.38732000e+06 2.30462002e+00
2.38935000e+06 2.30660646e+00
2.39139000e+06 2.28498803e+00
2.39342000e+06 2.15609790e+00
2.39546000e+06 2.14667871e+00
2.39750000e+06 2.15783023e+00
2.39954000e+06 2.17695592e+00
2.40159000e+06 2.14762889e+00
2.40364000e+06 2.21541371e+00
2.40569000e+06 2.14039727e+00
2.40774000e+06 2.17249680e+00
2.40980000e+06 2.06911553e+00
2.41186000e+06 2.07762575e+00
2.41392000e+06 2.09988284e+00
2.41598500e+06 2.07813381e+00
2.41805000e+06 2.06549371e+00
2.42012000e+06 2.03315315e+00
2.42219500e+06 2.04033663e+00
2.42427000e+06 2.08916494e+00
2.42634500e+06 2.07759235e+00
2.42842000e+06 2.07181510e+00
2.43051000e+06 2.11233119e+00
2.43259000e+06 2.07847804e+00
2.43468000e+06 1.96731249e+00
2.43677000e+06 1.93017339e+00
2.43886000e+06 1.80953880e+00
2.44096000e+06 1.66788333e+00
2.44243656e+06 1.64149024e+00
2.44292875e+06 1.63398457e+00
2.44309692e+06 1.63745690e+00
2.44326508e+06 1.64669519e+00
2.44516000e+06 1.78528998e+00
2.44699750e+06 1.97070932e+00
2.44726000e+06 2.00388996e+00
2.44778750e+06 2.10184377e+00
2.44930406e+06 2.40129948e+00
2.44937000e+06 2.41142535e+00
2.45148000e+06 2.64167403e+00
2.45359000e+06 3.00714736e+00
2.45571000e+06 3.30171305e+00
2.45783000e+06 3.48876924e+00
2.45995000e+06 3.60987791e+00
2.46174438e+06 3.59809650e+00
2.46234250e+06 3.57914350e+00
2.46633000e+06 3.34671588e+00
2.46846000e+06 3.19734549e+00
2.47059000e+06 3.08377318e+00
2.47273000e+06 3.10008266e+00
2.47487000e+06 2.98229845e+00
2.47541565e+06 2.98857735e+00
2.47701500e+06 3.00698122e+00
2.47916000e+06 3.08376903e+00
2.48131000e+06 3.13730805e+00
2.48346000e+06 3.22870612e+00
2.48561000e+06 3.29888909e+00
2.48723000e+06 3.38699398e+00
2.48939000e+06 3.53894039e+00
2.49047000e+06 3.68788480e+00
2.49155000e+06 3.91506516e+00
2.49263000e+06 4.15874565e+00
2.49372000e+06 4.33088906e+00
2.49480000e+06 4.61336834e+00
2.49588000e+06 4.98146105e+00
2.49777875e+06 5.31581624e+00
2.49808428e+06 5.35369450e+00
2.49832422e+06 5.33288446e+00
2.49914688e+06 5.20133395e+00
2.50000000e+06 5.12129192e+00
2.50020125e+06 5.10234110e+00
2.50131000e+06 4.75758146e+00
2.50240000e+06 4.40623643e+00
2.50349000e+06 4.18612906e+00
2.50458000e+06 4.00056615e+00
2.50594000e+06 3.80988976e+00
2.50758000e+06 3.64159799e+00
2.50922000e+06 3.58210749e+00
2.51040000e+06 3.52623218e+00
2.51086000e+06 3.50466815e+00
2.51250000e+06 3.34029590e+00
2.51415000e+06 3.27653523e+00
2.51579000e+06 3.30322914e+00
2.51744000e+06 3.23728778e+00
2.51909000e+06 3.10825661e+00
2.52074000e+06 3.12602370e+00
2.52294000e+06 3.00538902e+00
2.52570000e+06 3.01738834e+00
2.52846000e+06 2.97882899e+00
2.53123000e+06 2.98566348e+00
2.53400000e+06 3.06615332e+00
2.53677000e+06 2.94369216e+00
2.53955000e+06 2.97883565e+00
2.54234000e+06 2.93043421e+00
2.54513000e+06 2.96095799e+00
2.54792000e+06 3.08489073e+00
2.55072500e+06 3.02251850e+00
2.55353000e+06 2.99779194e+00
2.55634000e+06 3.04301410e+00
2.55915000e+06 3.05029176e+00
2.56196000e+06 3.02607829e+00
2.56478000e+06 3.04933005e+00
2.56761000e+06 3.05615700e+00
2.57044000e+06 3.15103697e+00
2.57328000e+06 3.00789590e+00
2.57612000e+06 2.96480036e+00
2.57896000e+06 2.95030781e+00
2.58181000e+06 2.88534231e+00
2.58467000e+06 2.90312848e+00
2.58753000e+06 2.89821695e+00
2.59039000e+06 2.88354167e+00
2.59326500e+06 2.94569354e+00
2.59614000e+06 2.99834474e+00
2.59902000e+06 3.10204554e+00
2.60190000e+06 3.14106612e+00
2.60417250e+06 3.06345544e+00
2.60594000e+06 2.95592305e+00
2.60768000e+06 2.87464277e+00
2.60942000e+06 2.86489376e+00
2.61116000e+06 2.81746910e+00
2.61290000e+06 2.89271446e+00
2.61464000e+06 2.77432185e+00
2.61638500e+06 2.82264592e+00
2.61813000e+06 2.85567493e+00
2.61988000e+06 2.78713349e+00
2.62163000e+06 2.74746797e+00
2.62339000e+06 2.73701709e+00
2.62514000e+06 2.76077658e+00
2.62690000e+06 2.74172723e+00
2.62865000e+06 2.66371199e+00
2.63041000e+06 2.75168070e+00
2.63217000e+06 2.65178262e+00
2.63570000e+06 2.63327600e+00
2.63747000e+06 2.65016805e+00
2.63924000e+06 2.64215283e+00
2.64022888e+06 2.66422656e+00
2.64101000e+06 2.68166280e+00
2.64278000e+06 2.66634612e+00
2.64455000e+06 2.64050402e+00
2.64633000e+06 2.64408964e+00
2.64810000e+06 2.56484962e+00
2.64988000e+06 2.60909689e+00
2.65166000e+06 2.60058051e+00
2.65335887e+06 2.64346532e+00
2.65360156e+06 2.66160154e+00
2.65487891e+06 2.79631027e+00
2.65493000e+06 2.79833203e+00
2.65612000e+06 2.78268468e+00
2.65708223e+06 2.83577430e+00
2.65722517e+06 2.85262957e+00
2.65734719e+06 2.87930857e+00
2.65745875e+06 2.91663599e+00
2.65850000e+06 3.36347029e+00
2.65955000e+06 3.78523016e+00
2.65970000e+06 3.83359351e+00
2.66029500e+06 3.95899079e+00
2.66089000e+06 4.05499997e+00
2.66098336e+06 4.06148256e+00
2.66191717e+06 4.04297259e+00
2.66205057e+06 4.02348293e+00
2.66216902e+06 3.98370030e+00
2.66238608e+06 3.87008512e+00
2.66307928e+06 3.48500287e+00
2.66328016e+06 3.38355136e+00
2.66335500e+06 3.35244928e+00
2.66399250e+06 3.13896562e+00
2.66444250e+06 3.00409146e+00
2.66477750e+06 2.93958992e+00
2.66507500e+06 2.88663198e+00
2.66567000e+06 2.79088027e+00
2.66687000e+06 2.62411919e+00
2.66807000e+06 2.57138709e+00
2.66927000e+06 2.53060925e+00
2.67077000e+06 2.54350471e+00
2.67257000e+06 2.51135716e+00
2.67437000e+06 2.55590345e+00
2.67618000e+06 2.49755237e+00
2.67799000e+06 2.49338671e+00
2.67979000e+06 2.43029280e+00
2.68161000e+06 2.39801468e+00
2.68342000e+06 2.35241469e+00
2.68544047e+06 2.36179638e+00
2.68652219e+06 2.36190299e+00
2.68704711e+06 2.36627571e+00
2.68887000e+06 2.44185945e+00
2.69069000e+06 2.41978986e+00
2.69251000e+06 2.52732071e+00
2.69433000e+06 2.69317126e+00
2.69616000e+06 2.81466258e+00
2.69799000e+06 2.88397731e+00
2.70159281e+06 2.82533184e+00
2.70348000e+06 2.75647977e+00
2.70531000e+06 2.67801268e+00
2.70715000e+06 2.62067212e+00
2.70899000e+06 2.60842223e+00
2.71083000e+06 2.50705942e+00
2.71267000e+06 2.49777257e+00
2.71452000e+06 2.54340828e+00
2.71636000e+06 2.48887687e+00
2.71821000e+06 2.49111518e+00
2.72006000e+06 2.41947544e+00
2.72191000e+06 2.38805204e+00
2.72377000e+06 2.37237248e+00
2.72562000e+06 2.28599288e+00
2.72841000e+06 2.12484343e+00
2.72934000e+06 2.07054924e+00
2.73111281e+06 2.02661011e+00
2.73114188e+06 2.02653886e+00
2.73120000e+06 2.02703180e+00
2.73306500e+06 2.09443650e+00
2.73493000e+06 2.19838537e+00
2.73680000e+06 2.27424419e+00
2.74054000e+06 2.34074476e+00
2.74241000e+06 2.31545907e+00
2.74429000e+06 2.41924458e+00
2.74616000e+06 2.30435888e+00
2.74804000e+06 2.33681301e+00
2.74992000e+06 2.37577251e+00
2.75000000e+06 2.37501304e+00
2.75196000e+06 2.35599267e+00
2.75400000e+06 2.33087486e+00
2.75652000e+06 2.39159141e+00
2.75904000e+06 2.37833564e+00
2.76156000e+06 2.27714581e+00
2.76409000e+06 2.23356257e+00
2.76662000e+06 2.27534362e+00
2.76915000e+06 2.30139640e+00
2.77169000e+06 2.35466226e+00
2.77423000e+06 2.44578092e+00
2.77677000e+06 2.47839670e+00
2.77932000e+06 2.54356690e+00
2.78187000e+06 2.53467640e+00
2.78443000e+06 2.55018342e+00
2.78698000e+06 2.55375277e+00
2.78955000e+06 2.59656096e+00
2.79211000e+06 2.57274489e+00
2.79468000e+06 2.58778417e+00
2.79725500e+06 2.56967890e+00
2.79983000e+06 2.51443282e+00
2.80241000e+06 2.50250866e+00
2.80499500e+06 2.53267158e+00
2.80758000e+06 2.58696595e+00
2.80795409e+06 2.58274021e+00
2.81017000e+06 2.55770909e+00
2.81276000e+06 2.65214823e+00
2.81536000e+06 2.61749156e+00
2.81796000e+06 2.66592668e+00
2.82056000e+06 2.67038842e+00
2.82578000e+06 2.85236556e+00
2.82840000e+06 2.81685727e+00
2.83364000e+06 3.06494046e+00
2.83626000e+06 3.15087996e+00
2.83889000e+06 3.23015710e+00
2.84153000e+06 3.43475562e+00
2.84416000e+06 3.47207689e+00
2.84681000e+06 3.57226072e+00
2.84945000e+06 3.69153729e+00
2.85210000e+06 3.78551656e+00
2.85475000e+06 3.83997236e+00
2.85741000e+06 3.72614241e+00
2.86273000e+06 3.83786221e+00
2.86539000e+06 3.85001570e+00
2.86806500e+06 3.80368746e+00
2.87074000e+06 3.73054719e+00
2.87308000e+06 3.51328287e+00
2.87509000e+06 3.24947228e+00
2.87711000e+06 3.03865040e+00
2.87912000e+06 2.92050518e+00
2.88114000e+06 2.78024009e+00
2.88316000e+06 2.61150489e+00
2.88518000e+06 2.57164737e+00
2.88720000e+06 2.46376696e+00
2.88923000e+06 2.40655587e+00
2.89125000e+06 2.38446286e+00
2.89328000e+06 2.29264764e+00
2.89532000e+06 2.29758877e+00
2.89735000e+06 2.27203878e+00
2.89939000e+06 2.27780397e+00
2.90143000e+06 2.19546379e+00
2.90347000e+06 2.25166682e+00
2.90551000e+06 2.20178083e+00
2.90755000e+06 2.12675212e+00
2.90960000e+06 2.10301881e+00
2.91165000e+06 2.09075075e+00
2.91370000e+06 2.08853155e+00
2.91575000e+06 2.10895327e+00
2.91747000e+06 2.08335808e+00
2.91884000e+06 2.07159692e+00
2.92021000e+06 2.03931810e+00
2.92158500e+06 2.08846107e+00
2.92296000e+06 2.10346943e+00
2.92433000e+06 2.18855241e+00
2.92571000e+06 2.24665955e+00
2.92709000e+06 2.25788579e+00
2.92985000e+06 2.42267193e+00
2.93123000e+06 2.53832799e+00
2.93261000e+06 2.60024410e+00
2.93519750e+06 2.89528668e+00
2.93537000e+06 2.91702551e+00
2.93676000e+06 3.13166306e+00
2.93805375e+06 3.42045754e+00
2.93818344e+06 3.43241132e+00
2.93953000e+06 3.36328475e+00
2.94091000e+06 3.37175958e+00
2.94108375e+06 3.35332460e+00
2.94230000e+06 3.13378707e+00
2.94369000e+06 2.94683165e+00
2.94508000e+06 2.67676192e+00
2.94647000e+06 2.46745073e+00
2.94786000e+06 2.27963571e+00
2.94995250e+06 2.11426681e+00
2.95065000e+06 2.06383084e+00
2.95205000e+06 2.00721948e+00
2.95414000e+06 1.88876368e+00
2.95693000e+06 1.82980710e+00
2.96254000e+06 1.75586399e+00
2.96535000e+06 1.69271335e+00
2.96816000e+06 1.67249343e+00
2.97097000e+06 1.59995813e+00
2.97379000e+06 1.58257757e+00
2.97662000e+06 1.59261058e+00
2.97945000e+06 1.51116308e+00
2.98206167e+06 1.47429365e+00
2.98223578e+06 1.47345355e+00
2.98240989e+06 1.47664411e+00
2.98502156e+06 1.58468368e+00
2.98511000e+06 1.58594970e+00
2.98535961e+06 1.58277719e+00
2.98777250e+06 1.51038052e+00
2.98795000e+06 1.50772545e+00
2.98940494e+06 1.52911154e+00
2.99085988e+06 1.55588674e+00
2.99329000e+06 1.63476105e+00
2.99342427e+06 1.63880126e+00
2.99543000e+06 1.69915609e+00
2.99757000e+06 1.85089932e+00
2.99971000e+06 1.96134595e+00
3.00000000e+06 1.97091848e+00
3.00186000e+06 2.03189638e+00
3.00400000e+06 2.19427526e+00
3.00615000e+06 2.34282924e+00
3.00831000e+06 2.50925327e+00
3.00924700e+06 2.55467012e+00
3.01046000e+06 2.61346486e+00
3.01262000e+06 2.80711306e+00
3.01478000e+06 2.83453954e+00
3.01694000e+06 2.78606383e+00
3.01910000e+06 2.80542485e+00
3.02127000e+06 2.74276026e+00
3.02344000e+06 2.63904141e+00
3.02561000e+06 2.56389418e+00
3.02778000e+06 2.52496214e+00
3.02996000e+06 2.43545553e+00
3.03309477e+06 2.44372581e+00
3.03413969e+06 2.44498181e+00
3.03650000e+06 2.50785971e+00
3.03868000e+06 2.46537244e+00
3.04087000e+06 2.48255670e+00
3.04306000e+06 2.55749028e+00
3.04525500e+06 2.41207148e+00
3.04745000e+06 2.38395764e+00
3.04964000e+06 2.31932858e+00
3.05184000e+06 2.24326846e+00
3.05404000e+06 2.21794152e+00
3.05575965e+06 2.24460425e+00
3.05600531e+06 2.25602370e+00
3.05735000e+06 2.36019311e+00
3.05872812e+06 2.52103395e+00
3.05882000e+06 2.53667177e+00
3.06029000e+06 2.86566762e+00
3.06167750e+06 3.07501706e+00
3.06229541e+06 3.13704038e+00
3.06310075e+06 3.20399853e+00
3.06319406e+06 3.20597487e+00
3.06334957e+06 3.19423739e+00
3.06360875e+06 3.15244082e+00
3.06471500e+06 2.93609180e+00
3.06619000e+06 2.58644119e+00
3.06767000e+06 2.29963208e+00
3.06888406e+06 2.09884908e+00
3.06910375e+06 2.06676001e+00
3.06921938e+06 2.05596956e+00
3.06928875e+06 2.05165694e+00
3.07063000e+06 2.00993194e+00
3.07285000e+06 1.96868668e+00
3.07582900e+06 1.92151514e+00
3.07879000e+06 1.87462862e+00
3.08176500e+06 1.88693069e+00
3.08474000e+06 1.96324409e+00
3.08773000e+06 1.98966261e+00
3.09072000e+06 2.07378417e+00
3.09371000e+06 2.21859312e+00
3.09595000e+06 2.23201411e+00
3.09745000e+06 2.35691896e+00
3.09896000e+06 2.40794238e+00
3.10036625e+06 2.46505878e+00
3.10053031e+06 2.48490195e+00
3.10060062e+06 2.49719199e+00
3.10186625e+06 2.76476518e+00
3.10196000e+06 2.77775127e+00
3.10210062e+06 2.78729856e+00
3.10346000e+06 2.78859384e+00
3.10487562e+06 2.84273833e+00
3.10497000e+06 2.85232519e+00
3.10515750e+06 2.88233467e+00
3.10634402e+06 3.12267782e+00
3.10649375e+06 3.14329701e+00
3.10665875e+06 3.15341649e+00
3.10791807e+06 3.15613525e+00
3.10949000e+06 3.24431536e+00
3.11097641e+06 3.38903608e+00
3.11249820e+06 3.24310445e+00
3.11402000e+06 3.20486544e+00
3.11553000e+06 3.17567151e+00
3.11705000e+06 2.97982318e+00
3.11989000e+06 2.87242118e+00
3.12159000e+06 2.82403219e+00
3.12235000e+06 2.73728212e+00
3.12311000e+06 2.64773596e+00
3.12453500e+06 2.57182357e+00
3.12463000e+06 2.56912751e+00
3.12615000e+06 2.56094284e+00
3.12767000e+06 2.48480455e+00
3.12920000e+06 2.35371942e+00
3.13035781e+06 2.31096541e+00
3.13056655e+06 2.30767004e+00
3.13067258e+06 2.31067949e+00
3.13076773e+06 2.32036186e+00
3.13081531e+06 2.32782817e+00
3.13117273e+06 2.40482603e+00
3.13224500e+06 2.65504835e+00
3.13377000e+06 2.96730724e+00
3.13530000e+06 3.32718626e+00
3.13682000e+06 3.58024994e+00
3.13835000e+06 3.69029920e+00
3.13989000e+06 3.68541427e+00
3.14142000e+06 3.71265228e+00
3.14295000e+06 3.90207500e+00
3.14448000e+06 3.98209864e+00
3.14611562e+06 3.91221174e+00
3.14735875e+06 3.91321812e+00
3.14757516e+06 3.90115947e+00
3.14909000e+06 3.67240528e+00
3.15063000e+06 3.42885652e+00
3.15371000e+06 2.87611867e+00
3.15486500e+06 2.75146112e+00
3.15525000e+06 2.72185184e+00
3.15679000e+06 2.71116995e+00
3.15834000e+06 2.59163181e+00
3.15988000e+06 2.49337954e+00
3.16143000e+06 2.37241272e+00
3.16298000e+06 2.41611424e+00
3.16452000e+06 2.31488083e+00
3.16484090e+06 2.31008238e+00
3.16590047e+06 2.31110933e+00
3.16607000e+06 2.31051579e+00
3.16762000e+06 2.27281918e+00
3.16913125e+06 2.22292708e+00
3.16931594e+06 2.22947025e+00
3.17218312e+06 2.47623175e+00
3.17305000e+06 2.52130832e+00
3.17376000e+06 2.55307736e+00
3.17384000e+06 2.55668232e+00
3.17459320e+06 2.53007963e+00
3.17534641e+06 2.48909032e+00
3.17549219e+06 2.47197086e+00
3.17582627e+06 2.41725840e+00
3.17669488e+06 2.26616045e+00
3.17685281e+06 2.24497738e+00
3.17695000e+06 2.24000278e+00
3.17852828e+06 2.33331328e+00
3.17854656e+06 2.33347113e+00
3.17865625e+06 2.33122644e+00
3.18085000e+06 2.17474236e+00
3.18398000e+06 2.11975798e+00
3.18711000e+06 2.09805684e+00
3.19259500e+06 2.02804047e+00
3.19652000e+06 1.97916553e+00
3.19967000e+06 1.95738313e+00
3.20282000e+06 1.97884938e+00
3.20598000e+06 1.96070162e+00
3.20894500e+06 2.00559269e+00
3.21191000e+06 2.03660300e+00
3.21429000e+06 2.03526391e+00
3.21667000e+06 2.09823915e+00
3.21905000e+06 2.24779359e+00
3.22143000e+06 2.26474089e+00
3.22382000e+06 2.34791428e+00
3.22621000e+06 2.47097433e+00
3.22801000e+06 2.67073450e+00
3.22861000e+06 2.74794816e+00
3.23092531e+06 3.19340911e+00
3.23100000e+06 3.20372016e+00
3.23280000e+06 3.35138639e+00
3.23340000e+06 3.39152806e+00
3.23580000e+06 3.44314184e+00
3.23820500e+06 3.39792408e+00
3.24061000e+06 3.24815989e+00
3.24302000e+06 3.07875316e+00
3.24527938e+06 2.80921590e+00
3.24543000e+06 2.79754351e+00
3.24785000e+06 2.77452345e+00
3.24905500e+06 2.64506716e+00
3.25026000e+06 2.51130623e+00
3.25269000e+06 2.40073122e+00
3.25511000e+06 2.26211675e+00
3.25526125e+06 2.26059594e+00
3.25753000e+06 2.26394241e+00
3.26037000e+06 2.20855977e+00
3.26361000e+06 2.10279096e+00
3.26686000e+06 2.14375749e+00
3.27011000e+06 2.09746477e+00
3.27337000e+06 2.12334302e+00
3.27663000e+06 2.09949530e+00
3.27990000e+06 2.12988996e+00
3.28317000e+06 2.30366270e+00
3.28636336e+06 2.47922114e+00
3.28641445e+06 2.47969775e+00
3.28662136e+06 2.47301253e+00
3.28972500e+06 2.24324593e+00
3.29280469e+06 2.11084831e+00
3.29301000e+06 2.10595202e+00
3.29630000e+06 2.15512482e+00
3.29960000e+06 2.12038943e+00
3.30290000e+06 2.07072572e+00
3.30621000e+06 2.08284578e+00
3.30952000e+06 2.06166796e+00
3.31284000e+06 2.09573447e+00
3.31616000e+06 2.14887392e+00
3.31948500e+06 2.13404471e+00
3.32281000e+06 2.09468253e+00
3.32615000e+06 2.03241029e+00
3.32949500e+06 2.06726694e+00
3.33284000e+06 2.20781738e+00
3.33619000e+06 2.19658077e+00
3.33954000e+06 2.14374723e+00
3.34291000e+06 2.22199216e+00
3.34627000e+06 2.15785767e+00
3.34964500e+06 2.19657772e+00
3.35302000e+06 2.25044666e+00
3.35640000e+06 2.37153640e+00
3.35979000e+06 2.32358309e+00
3.36318000e+06 2.31611989e+00
3.36658000e+06 2.35907687e+00
3.36685675e+06 2.36030608e+00
3.36998000e+06 2.37417848e+00
3.37339000e+06 2.46545471e+00
3.37638000e+06 2.58631029e+00
3.37894000e+06 2.56225585e+00
3.38151000e+06 2.72468650e+00
3.38407000e+06 2.79131030e+00
3.38648406e+06 2.74163563e+00
3.38664500e+06 2.73223126e+00
3.38728875e+06 2.65042955e+00
3.38913953e+06 2.39449959e+00
3.38922000e+06 2.38758314e+00
3.39180000e+06 2.30684468e+00
3.39438000e+06 2.16848803e+00
3.39696000e+06 2.15085792e+00
3.39955000e+06 2.15747838e+00
3.40214000e+06 2.12266297e+00
3.40473000e+06 2.21281843e+00
3.40732000e+06 2.22979311e+00
3.40992000e+06 2.31860896e+00
3.41252000e+06 2.37797609e+00
3.41543215e+06 2.39270926e+00
3.41773000e+06 2.39611679e+00
3.42034000e+06 2.46181750e+00
3.42296000e+06 2.63966978e+00
3.42557000e+06 2.76833099e+00
3.42802625e+06 3.05007986e+00
3.42831305e+06 3.07039957e+00
3.42835406e+06 3.07143159e+00
3.43066119e+06 3.05979149e+00
3.43081500e+06 3.05324872e+00
3.43344000e+06 2.79206218e+00
3.43606000e+06 2.63201112e+00
3.43861750e+06 2.38122618e+00
3.43870000e+06 2.37706915e+00
3.44133000e+06 2.37558010e+00
3.44441000e+06 2.25770174e+00
3.44793000e+06 2.15504756e+00
3.45145000e+06 2.20273003e+00
3.45499000e+06 2.10836920e+00
3.45831000e+06 2.20286591e+00
3.46163000e+06 2.28656109e+00
3.46420688e+06 2.50931397e+00
3.46437328e+06 2.51447200e+00
3.46445656e+06 2.51459295e+00
3.46562250e+06 2.51106691e+00
3.46695500e+06 2.49680436e+00
3.46962000e+06 2.41993960e+00
3.47229000e+06 2.29492299e+00
3.47496000e+06 2.27312479e+00
3.47746312e+06 2.27508462e+00
3.47763000e+06 2.27202254e+00
3.48003781e+06 2.12389773e+00
3.48031000e+06 2.11134444e+00
3.48300000e+06 2.17254060e+00
3.48568000e+06 2.14725333e+00
3.48837000e+06 2.14375282e+00
3.49106000e+06 2.13346711e+00
3.49375500e+06 2.19302075e+00
3.49645000e+06 2.29254863e+00
3.49915000e+06 2.48314969e+00
3.50000000e+06 2.53958929e+00
3.50186000e+06 2.66260497e+00
3.50456000e+06 2.81682543e+00
3.50659625e+06 2.76394811e+00
3.50727500e+06 2.73754367e+00
3.50999000e+06 2.52359984e+00
3.51261531e+06 2.34325691e+00
3.51270000e+06 2.34004217e+00
3.51542000e+06 2.32126741e+00
3.51810734e+06 2.16730601e+00
3.51815000e+06 2.16652423e+00
3.52087500e+06 2.22452503e+00
3.52360000e+06 2.27300876e+00
3.52633000e+06 2.29980092e+00
3.52907000e+06 2.16488085e+00
3.53044000e+06 2.18491056e+00
3.53181000e+06 2.21789655e+00
3.53409000e+06 2.34737523e+00
3.53592000e+06 2.34925619e+00
3.53603438e+06 2.35819694e+00
3.53769281e+06 2.60051812e+00
3.53821000e+06 2.63932466e+00
3.53867000e+06 2.66992969e+00
3.53959000e+06 2.71481764e+00
3.54047883e+06 2.69163956e+00
3.54136766e+06 2.65138714e+00
3.54153969e+06 2.63225851e+00
3.54302346e+06 2.38766271e+00
3.54323133e+06 2.36020022e+00
3.54326000e+06 2.35776034e+00
3.54509000e+06 2.30516270e+00
3.54526250e+06 2.28882429e+00
3.54681500e+06 2.06747309e+00
3.54693000e+06 2.05729982e+00
3.54700906e+06 2.05415377e+00
3.54949953e+06 2.09584472e+00
3.55199000e+06 2.12979940e+00
3.55476000e+06 2.13635969e+00
3.56012688e+06 2.21071761e+00
3.56030000e+06 2.21088636e+00
3.56324375e+06 2.13403619e+00
3.56576856e+06 2.13767350e+00
3.56593688e+06 2.14059831e+00
3.56863000e+06 2.22732299e+00
3.57413371e+06 2.15564341e+00
3.57429719e+06 2.14805544e+00
3.57691281e+06 1.94658054e+00
3.57700000e+06 1.94330909e+00
3.57979000e+06 1.95622185e+00
3.58119000e+06 1.89554213e+00
3.58254625e+06 1.83569683e+00
3.58259000e+06 1.83514093e+00
3.58539000e+06 1.88790681e+00
3.58820000e+06 1.83998790e+00
3.59054000e+06 1.90356262e+00
3.59241000e+06 1.88647361e+00
3.59405062e+06 1.90184829e+00
3.59428500e+06 1.90885885e+00
3.59522250e+06 1.97119083e+00
3.59616000e+06 2.03638636e+00
3.59776461e+06 2.10705190e+00
3.59800328e+06 2.11224418e+00
3.59818298e+06 2.10735980e+00
3.59992000e+06 2.01143603e+00
3.60180000e+06 1.94744298e+00
3.60203500e+06 1.92935004e+00
3.60368000e+06 1.75946085e+00
3.60531604e+06 1.55528210e+00
3.60542511e+06 1.54344860e+00
3.60552570e+06 1.53586920e+00
3.60557000e+06 1.53405054e+00
3.60745000e+06 1.54734047e+00
3.60753859e+06 1.54416438e+00
3.60770194e+06 1.53280479e+00
3.60917204e+06 1.40147030e+00
3.60938055e+06 1.38618304e+00
3.60991156e+06 1.36188419e+00
3.61071359e+06 1.32765670e+00
3.61166312e+06 1.28925452e+00
3.61311500e+06 1.25837558e+00
3.61453000e+06 1.23244180e+00
3.61689852e+06 1.22198134e+00
3.61723688e+06 1.22113850e+00
3.61739234e+06 1.22225706e+00
3.61754781e+06 1.22493396e+00
3.62021500e+06 1.29269385e+00
3.62288219e+06 1.33119293e+00
3.62301555e+06 1.33181648e+00
3.62341625e+06 1.32807387e+00
3.62591000e+06 1.28813706e+00
3.62876000e+06 1.29115229e+00
3.63162000e+06 1.25413386e+00
3.63448000e+06 1.26196464e+00
3.63734000e+06 1.24200602e+00
3.64021000e+06 1.27953252e+00
3.64308000e+06 1.27360008e+00
3.64325377e+06 1.27610975e+00
3.64586031e+06 1.34450282e+00
3.64599500e+06 1.34583284e+00
3.64812125e+06 1.32945454e+00
3.64883000e+06 1.32176873e+00
3.65171000e+06 1.25956660e+00
3.65450000e+06 1.21648092e+00
3.65459000e+06 1.21599096e+00
3.65477062e+06 1.21665188e+00
3.65748000e+06 1.24945124e+00
3.66037000e+06 1.30067540e+00
3.66326000e+06 1.33507341e+00
3.66606938e+06 1.41182791e+00
3.66616000e+06 1.41267622e+00
3.66906000e+06 1.38423306e+00
3.67196000e+06 1.36709855e+00
3.67468812e+06 1.31904477e+00
3.67487000e+06 1.31452758e+00
3.67639320e+06 1.25821455e+00
3.67768906e+06 1.20955379e+00
3.67782547e+06 1.20644022e+00
3.67832562e+06 1.20233205e+00
3.68059906e+06 1.19442220e+00
3.68075856e+06 1.19636562e+00
3.68102438e+06 1.20316226e+00
3.68353219e+06 1.28139291e+00
3.68386656e+06 1.28962383e+00
3.68595641e+06 1.33086594e+00
3.68601388e+06 1.33107768e+00
3.68619343e+06 1.32902315e+00
3.68792906e+06 1.28126073e+00
3.68803570e+06 1.28018966e+00
3.68833813e+06 1.28190535e+00
3.68964864e+06 1.29836315e+00
3.68987906e+06 1.30292071e+00
3.69000094e+06 1.30735165e+00
3.69044273e+06 1.33142004e+00
3.69176812e+06 1.40854805e+00
3.69189000e+06 1.41386254e+00
3.69372750e+06 1.46428933e+00
3.69385000e+06 1.47103925e+00
3.69397188e+06 1.48108832e+00
3.69461458e+06 1.55163027e+00
3.69580000e+06 1.68455127e+00
3.69776000e+06 1.89492118e+00
3.69959750e+06 2.11268143e+00
3.69972000e+06 2.12366401e+00
3.70070000e+06 2.17545316e+00
3.70168000e+06 2.21187172e+00
3.70266000e+06 2.18912899e+00
3.70364000e+06 2.15426314e+00
3.70560000e+06 2.02468548e+00
3.70750844e+06 1.85593176e+00
3.70757000e+06 1.85212534e+00
3.70953000e+06 1.77473422e+00
3.71150000e+06 1.64708887e+00
3.71347000e+06 1.58888375e+00
3.71593000e+06 1.52083747e+00
3.71870789e+06 1.39875504e+00
3.71885533e+06 1.39481069e+00
3.71891317e+06 1.39421423e+00
3.71909196e+06 1.39551618e+00
3.72472734e+06 1.54228413e+00
3.72482000e+06 1.54385795e+00
3.72779000e+06 1.56598347e+00
3.73077000e+06 1.65102484e+00
3.73374000e+06 1.69593726e+00
3.73672000e+06 1.80650371e+00
3.73971000e+06 2.00227104e+00
3.74270000e+06 2.17984677e+00
3.74569000e+06 2.25335174e+00
3.74868300e+06 2.31739491e+00
3.74874000e+06 2.31861458e+00
3.74910000e+06 2.33160223e+00
3.75168000e+06 2.42520567e+00
3.75468500e+06 2.36974762e+00
3.75769000e+06 2.36354698e+00
3.76070000e+06 2.40558607e+00
3.76372000e+06 2.37758226e+00
3.76673500e+06 2.44205419e+00
3.76975000e+06 2.52413683e+00
3.77266176e+06 2.51359007e+00
3.77278000e+06 2.51316179e+00
3.77580000e+06 2.51525443e+00
3.77883500e+06 2.50638930e+00
3.78187000e+06 2.49218581e+00
3.78491000e+06 2.58046876e+00
3.78776000e+06 2.52426018e+00
3.78795000e+06 2.51636189e+00
3.79080938e+06 2.29326038e+00
3.79100000e+06 2.28324693e+00
3.79710000e+06 2.27621752e+00
3.80016000e+06 2.18436410e+00
3.80322000e+06 2.13801942e+00
3.80629000e+06 2.16159737e+00
3.80936000e+06 2.12633038e+00
3.81217500e+06 2.21240836e+00
3.81499000e+06 2.26379037e+00
3.81518219e+06 2.27964403e+00
3.81704000e+06 2.51419373e+00
3.81891090e+06 2.73327739e+00
3.81909992e+06 2.74763540e+00
3.81916422e+06 2.74919610e+00
3.82118711e+06 2.68939033e+00
3.82321000e+06 2.58346172e+00
3.82424000e+06 2.44948260e+00
3.82527000e+06 2.31229100e+00
3.82687625e+06 2.18305355e+00
3.82775969e+06 2.12116552e+00
3.82784000e+06 2.11888407e+00
3.83089156e+06 2.16805230e+00
3.83394312e+06 2.18091278e+00
3.83412062e+06 2.19028769e+00
3.83480594e+06 2.25830991e+00
3.83662000e+06 2.44946487e+00
3.83843125e+06 2.59175561e+00
3.83869000e+06 2.60394263e+00
3.83969508e+06 2.59064411e+00
3.84070016e+06 2.55976377e+00
3.84082984e+06 2.54800646e+00
3.84229491e+06 2.32777548e+00
3.84277516e+06 2.25609392e+00
3.84335750e+06 2.19126083e+00
3.84491000e+06 2.02557272e+00
3.84543000e+06 1.94625805e+00
3.84660305e+06 1.75385244e+00
3.84677062e+06 1.72743391e+00
3.84690875e+06 1.70997600e+00
3.84700625e+06 1.70217449e+00
3.84712432e+06 1.69863948e+00
3.84715314e+06 1.69862191e+00
3.84732606e+06 1.70262846e+00
3.84894000e+06 1.76115118e+00
3.84902938e+06 1.76184437e+00
3.84917156e+06 1.75891527e+00
3.84931375e+06 1.75220470e+00
3.85102000e+06 1.64283360e+00
3.85127188e+06 1.63255490e+00
3.85375000e+06 1.59865130e+00
3.85687000e+06 1.60210480e+00
3.86000000e+06 1.59177161e+00
3.86647625e+06 1.65584458e+00
3.86942000e+06 1.69001043e+00
3.87256000e+06 1.62477240e+00
3.87571000e+06 1.65373075e+00
3.87886000e+06 1.69067021e+00
3.88202000e+06 1.71049990e+00
3.88518000e+06 1.76619722e+00
3.88835000e+06 1.76621682e+00
3.89152000e+06 1.84292353e+00
3.89469000e+06 1.80026175e+00
3.89786000e+06 1.87460953e+00
3.90104000e+06 1.97869045e+00
3.90423000e+06 2.17632929e+00
3.90742000e+06 2.26173465e+00
3.91061000e+06 2.30335970e+00
3.91380000e+06 2.19236554e+00
3.91400000e+06 2.19538140e+00
3.91700000e+06 2.34136846e+00
3.92021000e+06 2.42489870e+00
3.92341000e+06 2.51929613e+00
3.92663000e+06 2.64681172e+00
3.92984000e+06 2.69202295e+00
3.93306000e+06 2.53880184e+00
3.93628000e+06 2.52538586e+00
3.93951000e+06 2.52503365e+00
3.94274000e+06 2.52814340e+00
3.94598000e+06 2.49146295e+00
3.94922000e+06 2.58526922e+00
3.95246000e+06 2.77090881e+00
3.95530375e+06 2.88060356e+00
3.95571000e+06 2.88648020e+00
3.95733750e+06 2.78919299e+00
3.95896500e+06 2.68428544e+00
3.96222000e+06 2.57268405e+00
3.96547000e+06 2.48567462e+00
3.96874000e+06 2.37561567e+00
3.97201000e+06 2.29847747e+00
3.97528000e+06 2.27601005e+00
3.97855000e+06 2.14583280e+00
3.98183000e+06 2.12964707e+00
3.98512000e+06 2.13219050e+00
3.98840000e+06 2.11845554e+00
3.99169500e+06 2.12646806e+00
3.99499000e+06 2.20848269e+00
3.99829000e+06 2.23997843e+00
4.00000000e+06 2.26547873e+00
4.00160000e+06 2.28898829e+00
4.00491000e+06 2.20349178e+00
4.00822000e+06 2.10957976e+00
4.01463953e+06 2.13146432e+00
4.01506750e+06 2.13837374e+00
4.01818000e+06 2.22343785e+00
4.02151000e+06 2.23517924e+00
4.02463188e+06 2.40491754e+00
4.02484000e+06 2.41113652e+00
4.02818000e+06 2.34008673e+00
4.02985000e+06 2.40810544e+00
4.03152000e+06 2.48298490e+00
4.03486000e+06 2.58494824e+00
4.03821000e+06 2.61323116e+00
4.04157000e+06 2.69521783e+00
4.04493000e+06 2.74306876e+00
4.04829000e+06 2.95307672e+00
4.05165000e+06 3.04922482e+00
4.05502500e+06 3.01357690e+00
4.05840000e+06 2.78957206e+00
4.06178000e+06 2.53993542e+00
4.06460000e+06 2.36183952e+00
4.06686000e+06 2.29697048e+00
4.06798500e+06 2.20082678e+00
4.06900453e+06 2.11241631e+00
4.06913660e+06 2.10796007e+00
4.06933362e+06 2.11163137e+00
4.07123812e+06 2.21735415e+00
4.07147270e+06 2.22518015e+00
4.07364000e+06 2.22861625e+00
4.07590500e+06 2.25976199e+00
4.07817000e+06 2.38807766e+00
4.08019394e+06 2.54141408e+00
4.08044000e+06 2.55251840e+00
4.08058188e+06 2.54977454e+00
4.08157500e+06 2.47354423e+00
4.08271000e+06 2.38505601e+00
4.08498000e+06 2.25997870e+00
4.08569250e+06 2.18389024e+00
4.08765188e+06 1.95580794e+00
4.08783000e+06 1.93867827e+00
4.08868250e+06 1.88068905e+00
4.09113344e+06 1.73180665e+00
4.09124000e+06 1.72709237e+00
4.09295000e+06 1.68275683e+00
4.09466000e+06 1.64642346e+00
4.09809000e+06 1.67328740e+00
4.10152000e+06 1.62219984e+00
4.10169854e+06 1.62514898e+00
4.10437664e+06 1.73033815e+00
4.10658953e+06 1.76434928e+00
4.10674156e+06 1.77095715e+00
4.10888844e+06 1.92468705e+00
4.10896000e+06 1.92799427e+00
4.11125000e+06 1.97607570e+00
4.11139375e+06 1.98619085e+00
4.11247188e+06 2.10624833e+00
4.11355000e+06 2.22639335e+00
4.11396000e+06 2.25679685e+00
4.11585000e+06 2.39694955e+00
4.11807812e+06 2.53223009e+00
4.11815000e+06 2.53367780e+00
4.11843812e+06 2.52871932e+00
4.12045500e+06 2.43494161e+00
4.12276000e+06 2.22409696e+00
4.12506000e+06 2.14314232e+00
4.12795000e+06 2.05946786e+00
4.13141000e+06 2.01152496e+00
4.13489000e+06 1.92971089e+00
4.13836000e+06 1.94273736e+00
4.14010000e+06 1.88008878e+00
4.14184000e+06 1.81389602e+00
4.14532000e+06 1.73507576e+00
4.14881000e+06 1.71237910e+00
4.15231000e+06 1.67062358e+00
4.15507328e+06 1.69411515e+00
4.15525750e+06 1.69797716e+00
4.15974375e+06 1.85942979e+00
4.15989000e+06 1.86621964e+00
4.16223000e+06 2.01168349e+00
4.16442375e+06 2.11575716e+00
4.16457000e+06 2.11811917e+00
4.16687344e+06 2.07146328e+00
4.16917688e+06 2.04800351e+00
4.16932344e+06 2.03952686e+00
4.16967227e+06 2.00468387e+00
4.17160000e+06 1.78164049e+00
4.17386688e+06 1.46862394e+00
4.17401344e+06 1.45085808e+00
4.17469044e+06 1.37997158e+00
4.17604444e+06 1.24235251e+00
4.17617984e+06 1.22980460e+00
4.17629000e+06 1.22094149e+00
4.17640016e+06 1.21358173e+00
4.17659637e+06 1.20306211e+00
4.17836231e+06 1.12144286e+00
4.17848796e+06 1.11653704e+00
4.17860328e+06 1.11328416e+00
4.17870368e+06 1.11182462e+00
4.17876832e+06 1.11158668e+00
4.17888162e+06 1.11219113e+00
4.17913338e+06 1.11522854e+00
4.18074892e+06 1.13804340e+00
4.18093981e+06 1.14181176e+00
4.18110539e+06 1.14706543e+00
4.18151246e+06 1.16459152e+00
4.18308207e+06 1.23506335e+00
4.18329308e+06 1.24295405e+00
4.18335000e+06 1.24445864e+00
4.18571000e+06 1.27756577e+00
4.18582062e+06 1.28165553e+00
4.18606492e+06 1.29510772e+00
4.18792250e+06 1.41090961e+00
4.18807000e+06 1.42162089e+00
4.18836500e+06 1.44629672e+00
4.19028250e+06 1.61921528e+00
4.19043000e+06 1.63011578e+00
4.19072500e+06 1.64685556e+00
4.19279000e+06 1.74339496e+00
4.19516000e+06 1.89047136e+00
4.19738188e+06 2.00394598e+00
4.19753000e+06 2.01459056e+00
4.19812250e+06 2.07377931e+00
4.19990000e+06 2.27277300e+00
4.20207096e+06 2.57622946e+00
4.20227000e+06 2.59511597e+00
4.20464000e+06 2.63795648e+00
4.20486312e+06 2.65716468e+00
4.20702000e+06 2.94199034e+00
4.20939000e+06 3.30333231e+00
4.21162125e+06 3.60932632e+00
4.21177000e+06 3.62365130e+00
4.21534750e+06 3.76514769e+00
4.21654000e+06 3.80712794e+00
4.21892000e+06 3.60454753e+00
4.22131000e+06 3.63251539e+00
4.22200000e+06 3.62061055e+00
4.22370000e+06 3.59154324e+00
4.22609000e+06 3.48717277e+00
4.22849000e+06 3.31870993e+00
4.23088000e+06 3.17893560e+00
4.23313000e+06 2.96839575e+00
4.23328000e+06 2.96079014e+00
4.23568000e+06 2.98647380e+00
4.23868000e+06 2.82349624e+00
4.24229000e+06 2.74759914e+00
4.24590000e+06 2.65708931e+00
4.24952000e+06 2.65155168e+00
4.25314000e+06 2.72874954e+00
4.25676000e+06 2.72039990e+00
4.26039500e+06 2.81101367e+00
4.26403000e+06 2.87111537e+00
4.26767000e+06 3.03735470e+00
4.27131500e+06 2.97137541e+00
4.27496000e+06 2.95315471e+00
4.27862000e+06 2.76828234e+00
4.28228000e+06 2.52207545e+00
4.28594000e+06 2.45153592e+00
4.28961000e+06 2.45948387e+00
4.29328000e+06 2.34742985e+00
4.29349562e+06 2.35138184e+00
4.29684500e+06 2.51381977e+00
4.29696000e+06 2.51579538e+00
4.30064500e+06 2.42721729e+00
4.30433000e+06 2.41212643e+00
4.30802000e+06 2.43943857e+00
4.31171000e+06 2.50500819e+00
4.31194156e+06 2.49632504e+00
4.31541500e+06 2.26077203e+00
4.31912000e+06 2.15057929e+00
4.32283000e+06 2.12320658e+00
4.32647734e+06 2.07019394e+00
4.32670621e+06 2.07654454e+00
4.33027000e+06 2.30662630e+00
4.33399000e+06 2.55801549e+00
4.33678750e+06 2.59095521e+00
4.33772000e+06 2.59378375e+00
4.34146000e+06 2.46488494e+00
4.34520000e+06 2.47636546e+00
4.34894000e+06 2.56909787e+00
4.35269000e+06 2.56555248e+00
4.35425500e+06 2.69062425e+00
4.35582000e+06 2.82088135e+00
4.35769500e+06 2.89346049e+00
4.35832000e+06 2.90353970e+00
4.36083000e+06 2.74010282e+00
4.36334000e+06 2.60041693e+00
4.36648000e+06 2.45266812e+00
4.37013219e+06 2.21459194e+00
4.37025000e+06 2.20962768e+00
4.37403000e+06 2.16726853e+00
4.37781000e+06 2.04191792e+00
4.38160000e+06 1.95892060e+00
4.38515312e+06 1.81911145e+00
4.38544938e+06 1.81158100e+00
4.38555328e+06 1.81069009e+00
4.38737164e+06 1.81331823e+00
4.38919000e+06 1.81995335e+00
4.39299000e+06 1.86721448e+00
4.39679000e+06 2.03008839e+00
4.40061000e+06 2.17653346e+00
4.40442000e+06 2.29765879e+00
4.40824000e+06 2.38410411e+00
4.41207000e+06 2.27323123e+00
4.41224953e+06 2.27748831e+00
4.41578031e+06 2.50126283e+00
4.41590000e+06 2.50358293e+00
4.41974000e+06 2.39241417e+00
4.42358000e+06 2.43435155e+00
4.42743000e+06 2.46773169e+00
4.43128000e+06 2.35773511e+00
4.43513000e+06 2.28744761e+00
4.43900000e+06 2.39508044e+00
4.44286000e+06 2.37891143e+00
4.44665125e+06 2.29900893e+00
4.44690359e+06 2.30476394e+00
4.45061000e+06 2.44404989e+00
4.45449000e+06 2.50878609e+00
4.45596300e+06 2.50221205e+00
4.45838000e+06 2.49142494e+00
4.46227000e+06 2.35036812e+00
4.46604812e+06 2.19577396e+00
4.46617000e+06 2.19429623e+00
4.46641406e+06 2.19805473e+00
4.47007500e+06 2.33201230e+00
4.47398000e+06 2.44861354e+00
4.47789000e+06 2.50550160e+00
4.48181000e+06 2.53829079e+00
4.48573000e+06 2.60201804e+00
4.48966000e+06 2.78101617e+00
4.49359500e+06 2.69126103e+00
4.49753000e+06 2.67096564e+00
4.50000000e+06 2.54740347e+00
4.50129500e+06 2.48247344e+00
4.50148000e+06 2.47806726e+00
4.50442500e+06 2.54018919e+00
4.50542000e+06 2.56117775e+00
4.50630000e+06 2.53428746e+00
4.50938000e+06 2.41289717e+00
4.51262844e+06 2.29942595e+00
4.51283147e+06 2.30428607e+00
4.51371125e+06 2.36046532e+00
4.51532000e+06 2.46766159e+00
4.51796000e+06 2.57227734e+00
4.51859100e+06 2.61942345e+00
4.52061000e+06 2.77027604e+00
4.52317719e+06 3.04010767e+00
4.52326000e+06 3.04426686e+00
4.52591000e+06 3.02966156e+00
4.52856000e+06 3.15552355e+00
4.53122000e+06 3.05095479e+00
4.53388000e+06 3.00551493e+00
4.53654000e+06 2.91711915e+00
4.53671100e+06 2.92238256e+00
4.53912156e+06 2.99658007e+00
4.54170312e+06 3.00968471e+00
4.54189055e+06 3.00180233e+00
4.54320250e+06 2.87479662e+00
4.54453500e+06 2.74151503e+00
4.54711672e+06 2.57463469e+00
4.54728375e+06 2.55610178e+00
4.54963922e+06 2.18485343e+00
4.54985899e+06 2.15692362e+00
4.55002602e+06 2.14441540e+00
4.55013031e+06 2.13953986e+00
4.55255000e+06 2.07999857e+00
4.55523000e+06 1.99968364e+00
4.56059000e+06 1.98955565e+00
4.56310719e+06 1.99695386e+00
4.56327500e+06 2.00143617e+00
4.56361062e+06 2.01928442e+00
4.56596000e+06 2.17812066e+00
4.56856594e+06 2.33517033e+00
4.56869072e+06 2.33759666e+00
4.56901137e+06 2.33189336e+00
4.57125594e+06 2.24641421e+00
4.57142406e+06 2.23378199e+00
4.57394594e+06 1.95372091e+00
4.57419875e+06 1.93320108e+00
4.57436750e+06 1.92213881e+00
4.57673000e+06 1.79111454e+00
4.57894484e+06 1.72497585e+00
4.57934563e+06 1.71665627e+00
4.57938781e+06 1.71659071e+00
4.57957238e+06 1.71968829e+00
4.57975695e+06 1.72624700e+00
4.58173977e+06 1.81284127e+00
4.58212825e+06 1.82645976e+00
4.58216868e+06 1.82677352e+00
4.58234778e+06 1.82507319e+00
4.58519504e+06 1.74366056e+00
4.58540938e+06 1.73941999e+00
4.58546296e+06 1.73926667e+00
4.58561893e+06 1.74211012e+00
4.58587887e+06 1.75395021e+00
4.58944312e+06 1.95479799e+00
4.58957000e+06 1.95920471e+00
4.58999027e+06 1.96396189e+00
4.59004578e+06 1.96407662e+00
4.59337625e+06 1.96388273e+00
4.59363000e+06 1.96529486e+00
4.59770000e+06 2.02527934e+00
4.60178000e+06 1.98331743e+00
4.60203531e+06 1.98987875e+00
4.60586500e+06 2.16851099e+00
4.60995000e+06 2.29002966e+00
4.61404000e+06 2.40126447e+00
4.62019000e+06 2.49061052e+00
4.62224000e+06 2.52218678e+00
4.62635000e+06 2.61502371e+00
4.63047000e+06 2.67341834e+00
4.63459000e+06 2.73754762e+00
4.63871000e+06 2.71299473e+00
4.64285000e+06 2.85937531e+00
4.64698000e+06 2.89181943e+00
4.65112000e+06 2.72341612e+00
4.65527000e+06 2.77432126e+00
4.65943000e+06 2.74121930e+00
4.66359000e+06 2.71983051e+00
4.66749000e+06 2.88100610e+00
4.66775000e+06 2.88533592e+00
4.66983500e+06 2.79547467e+00
4.67192000e+06 2.69722457e+00
4.67610000e+06 2.58485400e+00
4.68446000e+06 2.40385741e+00
4.68866000e+06 2.51646207e+00
4.69216000e+06 2.50410122e+00
4.69496000e+06 2.64830571e+00
4.69776000e+06 2.67470076e+00
4.69916500e+06 2.78668924e+00
4.70057000e+06 2.90593666e+00
4.70338000e+06 3.08068536e+00
4.70619000e+06 3.26840664e+00
4.70873656e+06 3.29165799e+00
4.70905033e+06 3.28185002e+00
4.71041000e+06 3.16015254e+00
4.71182000e+06 3.02296626e+00
4.71464000e+06 2.73067932e+00
4.71746000e+06 2.48863548e+00
4.72028000e+06 2.32010545e+00
4.72287233e+06 2.07628373e+00
4.72306578e+06 2.06185325e+00
4.72326477e+06 2.05419812e+00
4.72328688e+06 2.05383745e+00
4.72594000e+06 2.05830708e+00
4.72865393e+06 2.03587447e+00
4.72884065e+06 2.04274038e+00
4.72890289e+06 2.04695587e+00
4.73004630e+06 2.15666429e+00
4.73137521e+06 2.28940913e+00
4.73156070e+06 2.31179153e+00
4.73178219e+06 2.34555756e+00
4.73444000e+06 2.82269974e+00
4.73657000e+06 3.09974133e+00
4.73728000e+06 3.17847020e+00
4.73870000e+06 3.23478435e+00
4.74012000e+06 3.26807081e+00
4.74292438e+06 3.12126097e+00
4.74332500e+06 3.11187136e+00
4.75080000e+06 3.05014039e+00
4.75508500e+06 3.14607550e+00
4.75937000e+06 3.34843432e+00
4.76367000e+06 3.42822353e+00
4.76797000e+06 3.66801975e+00
4.76823906e+06 3.67346662e+00
4.77136692e+06 3.67002668e+00
4.77240953e+06 3.66382137e+00
4.77658000e+06 3.50184622e+00
4.78090000e+06 3.42427865e+00
4.78523000e+06 3.51982454e+00
4.78955000e+06 3.49891843e+00
4.79226500e+06 3.26589528e+00
4.79317000e+06 3.18217589e+00
4.79606000e+06 2.87795146e+00
4.79858875e+06 2.73603749e+00
4.79895000e+06 2.72336724e+00
4.80175938e+06 2.75970702e+00
4.80456875e+06 2.76255598e+00
4.80766000e+06 2.67743547e+00
4.81056500e+06 2.75708461e+00
4.81347000e+06 2.89414257e+00
4.81638000e+06 2.93388314e+00
4.81929500e+06 2.86421347e+00
4.82221000e+06 2.80052422e+00
4.82257500e+06 2.76764451e+00
4.82459300e+06 2.52817620e+00
4.82513000e+06 2.46445249e+00
4.82770496e+06 2.20288162e+00
4.82800438e+06 2.17877145e+00
4.82805000e+06 2.17659779e+00
4.83098000e+06 2.14881521e+00
4.83390000e+06 2.05158698e+00
4.83635609e+06 2.03178572e+00
4.83670696e+06 2.03087514e+00
4.83693682e+06 2.03759119e+00
4.83765547e+06 2.08569630e+00
4.83958156e+06 2.21949670e+00
4.83976500e+06 2.22852108e+00
4.84270000e+06 2.27681035e+00
4.84564000e+06 2.39131869e+00
4.84858000e+06 2.43844408e+00
4.85115250e+06 2.56517004e+00
4.85152000e+06 2.59030006e+00
4.85225750e+06 2.67212964e+00
4.85447000e+06 2.94015759e+00
4.85741000e+06 3.26817053e+00
4.86037000e+06 3.50466050e+00
4.86295125e+06 3.63343357e+00
4.86332000e+06 3.63829930e+00
4.86480000e+06 3.52353394e+00
4.86628000e+06 3.40130642e+00
4.86924000e+06 3.32539648e+00
4.87220000e+06 3.03630109e+00
4.87516000e+06 2.79122638e+00
4.87813000e+06 2.48215911e+00
4.88110000e+06 2.25325991e+00
4.88361754e+06 2.10543040e+00
4.88402359e+06 2.08690565e+00
4.88411511e+06 2.08574744e+00
4.88434064e+06 2.08991436e+00
4.88695688e+06 2.18810402e+00
4.88705000e+06 2.18897861e+00
4.88735516e+06 2.18370463e+00
4.89030500e+06 2.07724457e+00
4.89077000e+06 2.06647660e+00
4.89524500e+06 2.16454489e+00
4.89972000e+06 2.25353689e+00
4.90334312e+06 2.42507488e+00
4.90346000e+06 2.43449370e+00
4.90377750e+06 2.46986716e+00
4.90600000e+06 2.75816714e+00
4.90640250e+06 2.81040602e+00
4.90884266e+06 3.00102063e+00
4.90945000e+06 3.04266081e+00
4.91245000e+06 3.13196107e+00
4.91545500e+06 3.09428021e+00
4.91846000e+06 3.01139264e+00
4.92146000e+06 2.87052410e+00
4.92447000e+06 2.57816882e+00
4.92749000e+06 2.35528716e+00
4.92974750e+06 2.26703676e+00
4.93050000e+06 2.24682659e+00
4.93427000e+06 2.32519149e+00
4.93881000e+06 2.23936297e+00
4.93909375e+06 2.23742249e+00
4.94317266e+06 2.23758849e+00
4.94789000e+06 2.20575340e+00
4.95016750e+06 2.30831037e+00
4.95244500e+06 2.41363845e+00
4.95700000e+06 2.46660883e+00
4.96151978e+06 2.43701815e+00
4.96182109e+06 2.42760603e+00
4.96878781e+06 2.12028720e+00
4.97072000e+06 2.03872844e+00
4.97501375e+06 1.93952879e+00
4.97530000e+06 1.93565670e+00
4.97989500e+06 1.97679849e+00
4.98449000e+06 2.07238800e+00
4.98909000e+06 2.21582796e+00
4.99370000e+06 2.39213353e+00
4.99832000e+06 2.59019581e+00
5.00000000e+06 2.60879994e+00
5.00294000e+06 2.64054869e+00
5.00757000e+06 2.84902835e+00
5.00847700e+06 2.83534105e+00
5.01220000e+06 2.77940515e+00
5.01685000e+06 2.82332492e+00
5.02139626e+06 2.73608253e+00
5.02186656e+06 2.71143084e+00
5.03066438e+06 2.12725724e+00
5.03081000e+06 2.12015336e+00
5.03470000e+06 2.01564970e+00
5.03781000e+06 1.88273852e+00
5.03864500e+06 1.87268000e+00
5.03920000e+06 1.86599439e+00
5.04093000e+06 1.85279420e+00
5.04405000e+06 1.86128360e+00
5.04717000e+06 1.84235385e+00
5.05030000e+06 1.81856815e+00
5.05343000e+06 1.84719995e+00
5.05656000e+06 1.89261104e+00
5.05970000e+06 2.00372788e+00
5.06283000e+06 2.15942023e+00
5.06539100e+06 2.32229920e+00
5.06598000e+06 2.35982941e+00
5.06912000e+06 2.54611844e+00
5.07227000e+06 2.65909469e+00
5.07542000e+06 2.81534616e+00
5.07853309e+06 2.97361534e+00
5.07873258e+06 2.96942895e+00
5.08092702e+06 2.80434209e+00
5.08172500e+06 2.74322160e+00
5.08468281e+06 2.54328611e+00
5.08488000e+06 2.53444027e+00
5.08883000e+06 2.50192273e+00
5.09061125e+06 2.39870970e+00
5.09343156e+06 2.22586004e+00
5.09358000e+06 2.21986792e+00
5.09596000e+06 2.18845314e+00
5.09834000e+06 2.16747040e+00
5.10292965e+06 2.25319485e+00
5.10323562e+06 2.26448131e+00
5.10574900e+06 2.40343430e+00
5.10711900e+06 2.47933426e+00
5.10787000e+06 2.52094073e+00
5.11264000e+06 2.63430049e+00
5.11743000e+06 2.76782442e+00
5.12102250e+06 2.69420439e+00
5.12222000e+06 2.66040311e+00
5.12686031e+06 2.33096406e+00
5.12701000e+06 2.32513977e+00
5.13101000e+06 2.31712458e+00
5.13121062e+06 2.30751748e+00
5.13389085e+06 2.08831561e+00
5.13406953e+06 2.07741957e+00
5.13419492e+06 2.07470668e+00
5.13432031e+06 2.07782601e+00
5.13444570e+06 2.08620104e+00
5.13743000e+06 2.39036311e+00
5.14064000e+06 2.69062995e+00
5.14364938e+06 2.98508070e+00
5.14385000e+06 2.99887799e+00
5.14716434e+06 3.06092231e+00
5.14725867e+06 3.06123287e+00
5.14990008e+06 3.06088137e+00
5.15018938e+06 3.06578486e+00
5.15039062e+06 3.07771727e+00
5.15168617e+06 3.22113681e+00
5.15340938e+06 3.41523111e+00
5.15371156e+06 3.43098234e+00
5.15664052e+06 3.42177250e+00
5.15683578e+06 3.41579818e+00
5.15996000e+06 3.23547498e+00
5.16320000e+06 2.98912483e+00
5.16643000e+06 2.80292844e+00
5.16967000e+06 2.65795001e+00
5.17285938e+06 2.38652398e+00
5.17392500e+06 2.35411439e+00
5.17494000e+06 2.32596011e+00
5.17697000e+06 2.27928030e+00
5.18058000e+06 2.28652838e+00
5.18184000e+06 2.28905819e+00
5.18672000e+06 2.27739744e+00
5.19161000e+06 2.42718565e+00
5.19650000e+06 2.67435128e+00
5.20140000e+06 2.96849621e+00
5.20607984e+06 3.05868976e+00
5.20615656e+06 3.05902038e+00
5.20631000e+06 3.05760996e+00
5.20999625e+06 2.86597532e+00
5.21122500e+06 2.79537714e+00
5.21598641e+06 2.42031631e+00
5.21614000e+06 2.41160561e+00
5.22107000e+06 2.27843906e+00
5.22601000e+06 2.12827716e+00
5.22618402e+06 2.12657440e+00
5.23090441e+06 2.13149723e+00
5.23157875e+06 2.14263201e+00
5.24086000e+06 2.32582036e+00
5.24561289e+06 2.24894229e+00
5.24629188e+06 2.23205070e+00
5.25172375e+06 2.07471628e+00
5.25561438e+06 1.96958854e+00
5.25577000e+06 1.96751483e+00
5.26076000e+06 2.01147773e+00
5.26575000e+06 1.99002587e+00
5.27075000e+06 2.02080306e+00
5.27575000e+06 2.15005239e+00
5.27826030e+06 2.10996356e+00
5.28579118e+06 1.97411675e+00
5.29066281e+06 1.78780551e+00
5.29082000e+06 1.78385727e+00
5.29396375e+06 1.76137416e+00
5.29569281e+06 1.75439605e+00
5.29583297e+06 1.75770896e+00
5.29597313e+06 1.76450431e+00
5.29606656e+06 1.77060621e+00
5.29869361e+06 1.98390562e+00
5.30089000e+06 2.16279771e+00
5.30578219e+06 2.46309358e+00
5.30594000e+06 2.46984997e+00
5.31076700e+06 2.55807042e+00
5.31100000e+06 2.56232885e+00
5.31591156e+06 2.52648413e+00
5.31607000e+06 2.51995952e+00
5.31733750e+06 2.42100303e+00
5.32114000e+06 2.10537227e+00
5.32543762e+06 1.86926296e+00
5.32613078e+06 1.83513494e+00
5.32638895e+06 1.82897223e+00
5.33130000e+06 1.82832615e+00
5.33639000e+06 1.74013539e+00
5.34149000e+06 1.60410512e+00
5.34660000e+06 1.48713393e+00
5.35172000e+06 1.43497903e+00
5.35684000e+06 1.37300819e+00
5.36122355e+06 1.34760146e+00
5.36184977e+06 1.34482801e+00
5.36199020e+06 1.34585027e+00
5.36213062e+06 1.34839668e+00
5.36337547e+06 1.38416245e+00
5.36711000e+06 1.49256318e+00
5.37216969e+06 1.60036690e+00
5.37233062e+06 1.60669756e+00
5.37358031e+06 1.67753230e+00
5.37701695e+06 1.87733683e+00
5.37732938e+06 1.89228999e+00
5.37749062e+06 1.89518861e+00
5.38005047e+06 1.85008850e+00
5.38261031e+06 1.80290897e+00
5.38773000e+06 1.79342822e+00
5.39291000e+06 1.85789827e+00
5.39809000e+06 1.79395159e+00
5.40328000e+06 1.85323831e+00
5.40847000e+06 1.90293804e+00
5.41368000e+06 1.94013066e+00
5.41889000e+06 1.91266383e+00
5.42411000e+06 1.92445063e+00
5.42831328e+06 1.91700172e+00
5.42852000e+06 1.91187771e+00
5.42950000e+06 1.85924244e+00
5.43195000e+06 1.71447840e+00
5.43502938e+06 1.49663006e+00
5.43528765e+06 1.47978808e+00
5.43539531e+06 1.47509427e+00
5.43545000e+06 1.47356914e+00
5.43790000e+06 1.46414767e+00
5.43894000e+06 1.46021638e+00
5.43904938e+06 1.45678694e+00
5.43920318e+06 1.44902286e+00
5.43961454e+06 1.42284322e+00
5.44213516e+06 1.25816961e+00
5.44230670e+06 1.24796203e+00
5.44244000e+06 1.24128001e+00
5.44256988e+06 1.23615212e+00
5.44264508e+06 1.23376027e+00
5.44328766e+06 1.21781345e+00
5.44558849e+06 1.16379662e+00
5.44576483e+06 1.16039831e+00
5.44588361e+06 1.15900601e+00
5.44595369e+06 1.15869112e+00
5.44605638e+06 1.15896346e+00
5.44615906e+06 1.16000276e+00
5.44636443e+06 1.16333002e+00
5.44944500e+06 1.21845762e+00
5.45257691e+06 1.25896564e+00
5.45278570e+06 1.26113595e+00
5.45295000e+06 1.26183408e+00
5.45312692e+06 1.26113719e+00
5.45437850e+06 1.24686404e+00
5.45602979e+06 1.22757012e+00
5.45622637e+06 1.22606943e+00
5.45624930e+06 1.22605269e+00
5.45635049e+06 1.22679236e+00
5.45642875e+06 1.22851817e+00
5.45651113e+06 1.23160260e+00
5.45659340e+06 1.23597172e+00
5.45671166e+06 1.24408447e+00
5.45690463e+06 1.25974794e+00
5.45967150e+06 1.49855707e+00
5.45987031e+06 1.51377584e+00
5.46003500e+06 1.52343475e+00
5.46009000e+06 1.52584570e+00
5.46174000e+06 1.57134057e+00
5.46347250e+06 1.61943645e+00
5.46438000e+06 1.66695243e+00
5.46486874e+06 1.69408637e+00
5.46702000e+06 1.81351914e+00
5.46998844e+06 1.91687362e+00
5.47000000e+06 1.91720586e+00
5.47041250e+06 1.92910815e+00
5.47055000e+06 1.93014916e+00
5.47076373e+06 1.92682703e+00
5.47396969e+06 1.81077288e+00
5.47408000e+06 1.80932430e+00
5.47430062e+06 1.81119683e+00
5.47761000e+06 1.90330352e+00
5.48115000e+06 1.93285900e+00
5.48469000e+06 1.89833465e+00
5.48491125e+06 1.90228937e+00
5.48823000e+06 2.02577337e+00
5.49169395e+06 2.09414698e+00
5.49170086e+06 2.09416496e+00
5.49192099e+06 2.09170777e+00
5.49520906e+06 1.97932871e+00
5.49532000e+06 1.97845824e+00
5.49554250e+06 1.98222756e+00
5.49888000e+06 2.11284268e+00
5.50000000e+06 2.13669506e+00
5.50243000e+06 2.18775638e+00
5.50599000e+06 2.36073405e+00
5.50956000e+06 2.41290735e+00
5.51115000e+06 2.41398455e+00
5.51266078e+06 2.41500809e+00
5.51302061e+06 2.41037501e+00
5.51323156e+06 2.39906288e+00
5.51527107e+06 2.20165187e+00
5.51643550e+06 2.08812984e+00
5.51663422e+06 2.07370680e+00
5.51680188e+06 2.06858607e+00
5.52027000e+06 2.13366792e+00
5.52379188e+06 2.12281987e+00
5.52429500e+06 2.11370871e+00
5.52832000e+06 2.01824149e+00
5.53370000e+06 1.94637591e+00
5.53909000e+06 1.93190983e+00
5.54439807e+06 1.99209308e+00
5.54456930e+06 1.99641035e+00
5.54988000e+06 2.20833326e+00
5.55530000e+06 2.25743532e+00
5.56071000e+06 2.24675804e+00
5.56614000e+06 2.34007212e+00
5.57158000e+06 2.43680665e+00
5.57702500e+06 2.31529174e+00
5.58247000e+06 2.11533782e+00
5.58793000e+06 1.93751930e+00
5.59270750e+06 1.83556536e+00
5.59339000e+06 1.82545386e+00
5.59613000e+06 1.86292443e+00
5.59887000e+06 1.90927021e+00
5.60366500e+06 2.10073061e+00
5.60435000e+06 2.12965466e+00
5.60949688e+06 2.37871630e+00
5.60984000e+06 2.38946199e+00
5.61534500e+06 2.34510417e+00
5.62085000e+06 2.25527971e+00
5.62627391e+06 2.08538377e+00
5.62636000e+06 2.08476531e+00
5.62661112e+06 2.08843430e+00
5.63171719e+06 2.26205524e+00
5.63189000e+06 2.26399089e+00
5.63223562e+06 2.25959972e+00
5.63742000e+06 2.11408550e+00
5.64278688e+06 1.92016725e+00
5.64304672e+06 1.91612367e+00
5.64372963e+06 1.92018410e+00
5.64851000e+06 1.97274563e+00
5.65406000e+06 2.08313342e+00
5.65963000e+06 2.09493901e+00
5.66520000e+06 2.18349408e+00
5.67078000e+06 2.22479466e+00
5.67637000e+06 2.29846387e+00
5.68197000e+06 2.36872303e+00
5.68757000e+06 2.56913902e+00
5.69319000e+06 2.59967548e+00
5.69881000e+06 2.81450016e+00
5.70193800e+06 2.90793639e+00
5.70444000e+06 2.98267343e+00
5.71008000e+06 3.04022887e+00
5.71573000e+06 2.88457885e+00
5.72138000e+06 2.81612589e+00
5.72705000e+06 2.75244383e+00
5.73272000e+06 2.55571404e+00
5.73840000e+06 2.55806054e+00
5.74409000e+06 2.44088596e+00
5.74979000e+06 2.44764522e+00
5.75549000e+06 2.41819729e+00
5.76121000e+06 2.33663180e+00
5.76693000e+06 2.46057726e+00
5.77266000e+06 2.43021300e+00
5.78415000e+06 2.41055930e+00
5.78991000e+06 2.52081572e+00
5.79568000e+06 2.50145057e+00
5.80146000e+06 2.51729221e+00
5.80724000e+06 2.35991414e+00
5.81303000e+06 2.42688548e+00
5.81883000e+06 2.33875704e+00
5.82464500e+06 2.48617075e+00
5.83046000e+06 2.49723979e+00
5.83629000e+06 2.49643828e+00
5.84213000e+06 2.58527867e+00
5.84797000e+06 2.54410717e+00
5.84870000e+06 2.55703770e+00
5.85259062e+06 2.62611632e+00
5.85285000e+06 2.63430351e+00
5.85676000e+06 2.89920837e+00
5.86067000e+06 2.99628009e+00
5.86458000e+06 3.04303093e+00
5.86752000e+06 2.89777443e+00
5.86850000e+06 2.84029444e+00
5.87242000e+06 2.47840069e+00
5.87610438e+06 2.22213947e+00
5.87635000e+06 2.20868228e+00
5.88028000e+06 2.08303153e+00
5.88408719e+06 1.98919605e+00
5.88421000e+06 1.98798590e+00
5.88716500e+06 2.00931042e+00
5.88815000e+06 2.02125265e+00
5.89209000e+06 2.14387139e+00
5.89604000e+06 2.15669102e+00
5.89985885e+06 2.14367646e+00
5.90011344e+06 2.13764448e+00
5.90394000e+06 1.96375675e+00
5.90729672e+06 1.84846602e+00
5.90777625e+06 1.83353225e+00
5.90790000e+06 1.83200733e+00
5.90814781e+06 1.83378470e+00
5.91186500e+06 1.92126111e+00
5.91583000e+06 1.93099942e+00
5.91980000e+06 1.88651492e+00
5.92190000e+06 1.92656613e+00
5.92400000e+06 1.97014851e+00
5.92442200e+06 1.97763568e+00
5.92775000e+06 2.03668139e+00
5.93173000e+06 2.03633958e+00
5.93572000e+06 2.08557596e+00
5.93939633e+06 2.21174935e+00
5.93964766e+06 2.21593579e+00
5.93981149e+06 2.21220215e+00
5.94008453e+06 2.19620475e+00
5.94314320e+06 1.96007857e+00
5.94358016e+06 1.92746619e+00
5.94379863e+06 1.91663638e+00
5.94389227e+06 1.91373133e+00
5.94770000e+06 1.85592852e+00
5.94976400e+06 1.84934731e+00
5.95158125e+06 1.84355288e+00
5.95179399e+06 1.83692894e+00
5.95188797e+06 1.83224617e+00
5.95524534e+06 1.61566496e+00
5.95546917e+06 1.60196006e+00
5.95563168e+06 1.59479593e+00
5.95577266e+06 1.59208468e+00
5.95580350e+06 1.59198200e+00
5.95595769e+06 1.59374543e+00
5.95626608e+06 1.60197805e+00
5.95972000e+06 1.70734445e+00
5.96373000e+06 1.79814216e+00
5.96876000e+06 1.96445893e+00
5.97470100e+06 2.11510513e+00
5.97479000e+06 2.11736191e+00
5.97585056e+06 2.11835087e+00
5.98084000e+06 2.12300346e+00
5.98680531e+06 2.05280489e+00
5.98978797e+06 1.96842578e+00
5.99286531e+06 1.88075594e+00
5.99296000e+06 1.87939728e+00
5.99859135e+06 1.87456320e+00
5.99899939e+06 1.87640019e+00
5.99981547e+06 1.88935668e+00
6.00000000e+06 1.89255676e+00
6.00512000e+06 1.98060608e+00
6.01121000e+06 2.11948788e+00
6.01530000e+06 2.15001697e+00
6.01731000e+06 2.16513124e+00
6.02342000e+06 2.27170708e+00
6.02954000e+06 2.23509254e+00
6.03567000e+06 2.30567734e+00
6.04181000e+06 2.47482735e+00
6.04232460e+06 2.46706649e+00
6.04796500e+06 2.38200161e+00
6.05412000e+06 2.36311935e+00
6.06029000e+06 2.43135962e+00
6.06646000e+06 2.44703853e+00
6.07265000e+06 2.25590221e+00
6.07884000e+06 2.16553152e+00
6.08505000e+06 2.19353038e+00
6.09126000e+06 2.16091096e+00
6.09749000e+06 2.18472684e+00
6.10216250e+06 2.06202978e+00
6.10372000e+06 2.01795684e+00
6.11478644e+06 1.60818074e+00
6.11602438e+06 1.56326037e+00
6.11622000e+06 1.55790626e+00
6.11661125e+06 1.55110482e+00
6.12248000e+06 1.48411452e+00
6.12829498e+06 1.44550820e+00
6.12868265e+06 1.44387843e+00
6.12888132e+06 1.44510715e+00
6.13027199e+06 1.46840143e+00
6.13504000e+06 1.55067172e+00
6.14133000e+06 1.60564927e+00
6.14763000e+06 1.62057414e+00
6.14920750e+06 1.65543079e+00
6.15473000e+06 1.78885987e+00
6.16026000e+06 1.91702607e+00
6.16800000e+06 1.98585268e+00
6.17610000e+06 2.06751730e+00
6.17763800e+06 2.04270955e+00
6.18458500e+06 1.93065529e+00
6.19307000e+06 1.90800667e+00
6.20885500e+06 1.93666026e+00
6.20957750e+06 1.93802117e+00
6.21011000e+06 1.94278165e+00
6.21866000e+06 2.20093796e+00
6.22722000e+06 2.34202289e+00
6.23581000e+06 2.53127354e+00
6.24441000e+06 2.80799517e+00
6.25302000e+06 2.89286546e+00
6.26166000e+06 2.92593161e+00
6.27031000e+06 2.99131836e+00
6.27898000e+06 2.97429458e+00
6.28550000e+06 2.98740842e+00
6.28985000e+06 3.11098211e+00
6.29638250e+06 2.99318579e+00
6.29856000e+06 2.94823861e+00
6.30292000e+06 2.79581346e+00
6.30464000e+06 2.74733071e+00
6.30729000e+06 2.67263353e+00
6.31166000e+06 2.45320715e+00
6.31604000e+06 2.28393259e+00
6.32042000e+06 2.09102804e+00
6.32809375e+06 1.99324861e+00
6.32919000e+06 1.98026002e+00
6.33359000e+06 1.96797022e+00
6.33799000e+06 1.92525172e+00
6.34239000e+06 1.89282946e+00
6.34672248e+06 1.82610172e+00
6.34694155e+06 1.82848735e+00
6.34730666e+06 1.83937521e+00
6.35121500e+06 1.97851837e+00
6.35563000e+06 2.08402155e+00
6.36005000e+06 2.23825427e+00
6.36442809e+06 2.35424138e+00
6.36444539e+06 2.35428827e+00
6.36472474e+06 2.35008936e+00
6.36891500e+06 2.19782036e+00
6.37335000e+06 2.12121868e+00
6.37391200e+06 2.12530347e+00
6.37793562e+06 2.15454846e+00
6.38669000e+06 2.17424304e+00
6.39086188e+06 2.17671042e+00
6.39112341e+06 2.17372950e+00
6.39155930e+06 2.15969237e+00
6.39365156e+06 2.07972035e+00
6.39914561e+06 1.85813538e+00
6.39993047e+06 1.82752160e+00
6.40013984e+06 1.82422925e+00
6.40123988e+06 1.83518873e+00
6.40454000e+06 1.88261903e+00
6.40873062e+06 1.97745656e+00
6.40901000e+06 1.98063032e+00
6.41349000e+06 1.92471927e+00
6.41370000e+06 1.92828437e+00
6.41783000e+06 2.09146212e+00
6.41797000e+06 2.09477379e+00
6.42246000e+06 2.10656324e+00
6.42695000e+06 2.15226145e+00
6.43145000e+06 2.34473751e+00
6.43595000e+06 2.37892189e+00
6.44035430e+06 2.55861712e+00
6.44040715e+06 2.55902162e+00
6.44063177e+06 2.55383842e+00
6.44130562e+06 2.51276338e+00
6.44497000e+06 2.26611335e+00
6.44919812e+06 2.03553464e+00
6.44948000e+06 2.02350954e+00
6.45174500e+06 1.97167133e+00
6.45401000e+06 1.92961472e+00
6.45853000e+06 1.97925835e+00
6.45874234e+06 1.97420766e+00
6.46126393e+06 1.84650014e+00
6.46277688e+06 1.76958884e+00
6.46306000e+06 1.75804375e+00
6.46476250e+06 1.71900621e+00
6.46987000e+06 1.61616368e+00
6.47896000e+06 1.52942335e+00
6.48807000e+06 1.51944054e+00
6.49696080e+06 1.45669132e+00
6.49710192e+06 1.45666687e+00
6.49728259e+06 1.45852684e+00
6.49734281e+06 1.45972277e+00
6.49813275e+06 1.48294151e+00
6.50000000e+06 1.54011025e+00
6.50605438e+06 1.72529928e+00
6.50634000e+06 1.73180878e+00
6.50897600e+06 1.75575544e+00
6.50970000e+06 1.76233260e+00
6.51551000e+06 1.80764130e+00
6.52470500e+06 1.77283277e+00
6.53390000e+06 1.74245892e+00
6.54313000e+06 1.64133071e+00
6.55238000e+06 1.53005601e+00
6.56164000e+06 1.49940582e+00
6.56174900e+06 1.49788061e+00
6.56817203e+06 1.40800450e+00
6.57078484e+06 1.37152388e+00
6.57093000e+06 1.37029440e+00
6.58023000e+06 1.35215330e+00
6.58139500e+06 1.33860838e+00
6.58915408e+06 1.23691337e+00
6.58940438e+06 1.23409903e+00
6.58962309e+06 1.23272486e+00
6.58969617e+06 1.23259136e+00
6.59545169e+06 1.24544734e+00
6.59660279e+06 1.24808864e+00
6.59890500e+06 1.25465468e+00
6.60007438e+06 1.26492705e+00
6.60793340e+06 1.34199747e+00
6.60826014e+06 1.34632211e+00
6.60833336e+06 1.34776330e+00
6.60915178e+06 1.36833116e+00
6.61750328e+06 1.58808131e+00
6.61765000e+06 1.59096586e+00
6.62705000e+06 1.70255132e+00
6.63648000e+06 1.88869198e+00
6.64592000e+06 2.11763468e+00
6.65279812e+06 2.24907649e+00
6.65302000e+06 2.25051375e+00
6.65776000e+06 2.15744397e+00
6.66250000e+06 2.22184931e+00
6.66725000e+06 2.29398152e+00
6.67200000e+06 2.31532402e+00
6.68078555e+06 2.26519115e+00
6.68137125e+06 2.26423484e+00
6.68161693e+06 2.27066696e+00
6.68210829e+06 2.29913450e+00
6.68599188e+06 2.54308884e+00
6.68629000e+06 2.55559693e+00
6.68658812e+06 2.55899369e+00
6.69076188e+06 2.55736327e+00
6.69106000e+06 2.55894864e+00
6.69584500e+06 2.66552303e+00
6.70063000e+06 2.68199049e+00
6.70542000e+06 2.54984749e+00
6.71021000e+06 2.45657665e+00
6.71138200e+06 2.44284539e+00
6.71501000e+06 2.40033942e+00
6.71981000e+06 2.27388148e+00
6.72462000e+06 2.29447492e+00
6.72944000e+06 2.24459342e+00
6.73425000e+06 2.18969478e+00
6.73908000e+06 2.17684698e+00
6.74391000e+06 2.26778070e+00
6.74995000e+06 2.18883403e+00
6.75722000e+06 2.12400288e+00
6.76277750e+06 2.13036815e+00
6.76463000e+06 2.13441679e+00
6.77178000e+06 2.21719105e+00
6.77750700e+06 2.25117812e+00
6.77909000e+06 2.26057254e+00
6.78640500e+06 2.18037048e+00
6.79372000e+06 2.06022691e+00
6.80106000e+06 2.00619565e+00
6.80840000e+06 1.91368820e+00
6.80875800e+06 1.90819722e+00
6.81484000e+06 1.81491218e+00
6.81576000e+06 1.80498258e+00
6.81945000e+06 1.86208875e+00
6.82314000e+06 1.92224795e+00
6.83005875e+06 1.95242983e+00
6.83052000e+06 1.95251683e+00
6.83410438e+06 1.87673296e+00
6.83780438e+06 1.79611165e+00
6.83792000e+06 1.79492172e+00
6.84162000e+06 1.80091657e+00
6.84532000e+06 1.81203458e+00
6.85274000e+06 1.89592538e+00
6.86018000e+06 2.08597476e+00
6.86715500e+06 2.14566636e+00
6.86762000e+06 2.14746625e+00
6.87508000e+06 1.99861321e+00
6.88254000e+06 1.95049283e+00
6.88771600e+06 1.98194220e+00
6.89003000e+06 1.99600207e+00
6.89752000e+06 2.02674180e+00
6.90045400e+06 1.98215744e+00
6.90503000e+06 1.91262165e+00
6.91254000e+06 1.85304416e+00
6.92007000e+06 1.76896226e+00
6.92761000e+06 1.69972151e+00
6.92827234e+06 1.68990086e+00
6.93505188e+06 1.58937929e+00
6.93517000e+06 1.58880821e+00
6.93561355e+06 1.59098377e+00
6.94250344e+06 1.66370493e+00
6.94274000e+06 1.66491469e+00
6.95020156e+06 1.61179025e+00
6.95042399e+06 1.61418663e+00
6.95049813e+06 1.61581844e+00
6.95466080e+06 1.74934630e+00
6.95791500e+06 1.85441036e+00
6.96551000e+06 2.02583575e+00
6.97313000e+06 2.14454065e+00
6.98076500e+06 2.06144749e+00
6.98840000e+06 1.92200364e+00
6.99606000e+06 1.84730116e+00
7.00000000e+06 1.83660432e+00
7.00372000e+06 1.82648522e+00
7.01111863e+06 1.90911950e+00
7.01161188e+06 1.91772259e+00
7.01578400e+06 2.01815311e+00
7.01681900e+06 2.04306742e+00
7.01910000e+06 2.09797588e+00
7.02680000e+06 2.16946002e+00
7.03452000e+06 2.17057470e+00
7.04225000e+06 2.24023734e+00
7.05000000e+06 2.19055320e+00
7.05775000e+06 2.16015917e+00
7.06682000e+06 2.23213473e+00
7.07720000e+06 2.21295142e+00
7.08143000e+06 2.09197181e+00
7.08760000e+06 1.91550747e+00
7.09803000e+06 1.69662070e+00
7.10848000e+06 1.53779061e+00
7.11896000e+06 1.46923325e+00
7.12947000e+06 1.48430921e+00
7.13420500e+06 1.50686032e+00
7.13998000e+06 1.53436459e+00
7.15052000e+06 1.63087036e+00
7.16109000e+06 1.82277267e+00
7.17168000e+06 1.97690611e+00
7.18230000e+06 2.04077295e+00
7.19293000e+06 2.06552128e+00
7.20360000e+06 2.07870410e+00
7.20747000e+06 2.10980048e+00
7.21428000e+06 2.16452047e+00
7.22499000e+06 2.21902498e+00
7.23573000e+06 2.06216594e+00
7.24514000e+06 2.11598308e+00
7.25322000e+06 2.17235654e+00
7.26132000e+06 2.12066297e+00
7.26260503e+06 2.12943378e+00
7.26943000e+06 2.17601693e+00
7.27755000e+06 2.16536049e+00
7.28569000e+06 2.20972013e+00
7.29384000e+06 2.21311393e+00
7.30193819e+06 2.19699553e+00
7.30277594e+06 2.18470626e+00
7.30966938e+06 2.06319021e+00
7.31018000e+06 2.05788754e+00
7.31428000e+06 2.12857203e+00
7.31838000e+06 2.20476836e+00
7.32658000e+06 2.33474497e+00
7.33480000e+06 2.40103232e+00
7.34303000e+06 2.23082946e+00
7.35128000e+06 2.24805952e+00
7.35954500e+06 2.19177383e+00
7.36781000e+06 2.15951229e+00
7.37573000e+06 2.24579260e+00
7.37611000e+06 2.24993232e+00
7.38441000e+06 2.30447192e+00
7.39273000e+06 2.27823506e+00
7.40105000e+06 2.13921104e+00
7.40940000e+06 2.07245313e+00
7.41776500e+06 2.09270194e+00
7.42613000e+06 2.15727307e+00
7.43452000e+06 2.27636241e+00
7.44292000e+06 2.34856142e+00
7.45152562e+06 2.26907709e+00
7.46259000e+06 2.11537147e+00
7.47668000e+06 1.94487469e+00
7.49081000e+06 1.91833558e+00
7.50000000e+06 1.96415744e+00
7.50498000e+06 1.98896104e+00
7.51919000e+06 1.93054917e+00
7.53345000e+06 2.03692050e+00
7.54774000e+06 1.98198460e+00
7.55912954e+06 2.01075527e+00
7.56208000e+06 2.01820832e+00
7.56561800e+06 2.00798882e+00
7.56665200e+06 2.00500211e+00
7.57645000e+06 1.97670177e+00
7.59087000e+06 2.04161889e+00
7.60535000e+06 2.03235863e+00
7.61983000e+06 1.95987707e+00
7.63346125e+06 1.81460716e+00
7.63437000e+06 1.80868489e+00
7.63622883e+06 1.83627076e+00
7.64924062e+06 2.05712543e+00
7.66358000e+06 2.24971479e+00
7.67827000e+06 2.12454825e+00
7.69296000e+06 1.96758485e+00
7.70771000e+06 1.95059112e+00
7.72252500e+06 2.15509091e+00
7.73734000e+06 2.31719250e+00
7.75224500e+06 2.19095746e+00
7.76715000e+06 2.17591421e+00
7.78211000e+06 2.13902866e+00
7.79712000e+06 2.21801013e+00
7.81218000e+06 2.10480683e+00
7.83484000e+06 2.02798109e+00
7.86491594e+06 2.09352340e+00
7.92650000e+06 2.32755847e+00
7.95777125e+06 2.19368887e+00
8.00000000e+06 2.13970617e+00
8.01978000e+06 2.11296877e+00
8.05124000e+06 1.91532661e+00
8.08288000e+06 1.75953614e+00
8.11472000e+06 1.74671964e+00
8.14674000e+06 1.80628274e+00
8.16598188e+06 1.78172202e+00
8.17895000e+06 1.76516927e+00
8.21145500e+06 1.95456880e+00
8.24396000e+06 2.02982403e+00
8.27685500e+06 1.97254973e+00
8.30975000e+06 1.92823999e+00
8.32843799e+06 1.96370334e+00
8.34304000e+06 1.99141295e+00
8.37633000e+06 2.09388741e+00
8.40993000e+06 2.11712768e+00
8.44372000e+06 1.95314646e+00
8.47773000e+06 2.00296405e+00
8.50000000e+06 1.97855026e+00
8.50848684e+06 1.96976544e+00
8.51193000e+06 1.96620139e+00
8.54645500e+06 2.00678915e+00
8.58098000e+06 2.01162014e+00
8.61582000e+06 2.03254164e+00
8.65087000e+06 1.94682083e+00
8.68614000e+06 1.99435795e+00
8.68808809e+06 1.98351028e+00
8.72173500e+06 1.79615150e+00
8.75733000e+06 1.68483228e+00
8.76887000e+06 1.68445020e+00
8.79325000e+06 1.68369723e+00
8.82951000e+06 1.76345171e+00
8.86577000e+06 1.90129767e+00
8.88118432e+06 1.93873401e+00
8.90237000e+06 1.99018714e+00
8.93919000e+06 2.01497372e+00
9.00000000e+06 2.14032680e+00
9.01354000e+06 2.16826059e+00
9.05118000e+06 2.12968102e+00
9.08882000e+06 1.96568660e+00
9.12681000e+06 1.88429370e+00
9.16505000e+06 1.81291738e+00
9.20353000e+06 1.81472837e+00
9.24225000e+06 1.59495355e+00
9.28134000e+06 1.69100857e+00
9.32043000e+06 1.96059985e+00
9.35001000e+06 1.96632720e+00
9.36980000e+06 1.73521205e+00
9.38469500e+06 1.79895735e+00
9.38966000e+06 1.82223168e+00
9.40959000e+06 2.00270364e+00
9.42957000e+06 2.05147169e+00
9.45654297e+06 2.02973435e+00
9.46039625e+06 2.02569152e+00
9.50000000e+06 1.88091023e+00
9.50003000e+06 1.88080061e+00
9.54065000e+06 1.95473406e+00
9.58153000e+06 1.83734440e+00
9.62268000e+06 1.73227030e+00
9.66409000e+06 1.68885826e+00
9.70591000e+06 1.71151829e+00
9.74773000e+06 1.77899432e+00
9.78996000e+06 1.86556613e+00
9.83246000e+06 1.87204202e+00
9.87525000e+06 1.85711267e+00
9.93995000e+06 1.93247081e+00
1.00000000e+07 1.92349071e+00
1.01157000e+07 1.90559198e+00
1.01410820e+07 1.90790857e+00
1.02053000e+07 1.91376966e+00
1.02841544e+07 1.84636775e+00
1.02961000e+07 1.83615709e+00
1.03881000e+07 1.93278427e+00
1.04292453e+07 1.82289484e+00
1.04814000e+07 1.68360200e+00
1.05760000e+07 1.78929930e+00
1.05763832e+07 1.78883372e+00
1.06718000e+07 1.67290633e+00
1.07255969e+07 1.76473604e+00
1.07690000e+07 1.83882374e+00
1.08675000e+07 1.87422070e+00
1.08769158e+07 1.87280384e+00
1.09674000e+07 1.85918804e+00
1.10000000e+07 1.83824680e+00
1.10599833e+07 1.79971269e+00
1.10686000e+07 1.79417718e+00
1.11165146e+07 1.73567686e+00
1.11697752e+07 1.67064957e+00
1.11713000e+07 1.66878785e+00
1.12199387e+07 1.70103652e+00
1.12671715e+07 1.73235312e+00
1.12754000e+07 1.73780883e+00
1.13116329e+07 1.76469904e+00
1.13534747e+07 1.79575197e+00
1.13810000e+07 1.81617986e+00
1.13928420e+07 1.82030754e+00
1.14670240e+07 1.84616462e+00
1.14881000e+07 1.85351094e+00
1.15150000e+07 1.85473163e+00
1.15323294e+07 1.85551631e+00
1.15897766e+07 1.85811757e+00
1.15967000e+07 1.85843107e+00
1.16402776e+07 1.83656671e+00
1.16846464e+07 1.81430535e+00
1.17069000e+07 1.80314000e+00
1.17626992e+07 1.79875276e+00
1.18187000e+07 1.79434972e+00
1.18215808e+07 1.79482985e+00
1.18659354e+07 1.80222207e+00
1.19321000e+07 1.81324925e+00
1.19327794e+07 1.81339204e+00
1.20000000e+07 1.82751900e+00
1.20471000e+07 1.83741831e+00
1.21206667e+07 1.87688691e+00
1.21638000e+07 1.90002796e+00
1.22272450e+07 1.89299257e+00
1.22823000e+07 1.88688756e+00
1.23997494e+07 1.91067995e+00
1.24024000e+07 1.91121689e+00
1.24160170e+07 1.89164293e+00
1.25244000e+07 1.73584628e+00
1.25595061e+07 1.79188545e+00
1.26482000e+07 1.93346561e+00
1.26682102e+07 1.93612150e+00
1.27640000e+07 1.94883542e+00
1.27738000e+07 1.95013616e+00
1.28330328e+07 1.93486973e+00
1.29014000e+07 1.91724908e+00
1.30000000e+07 1.95034230e+00
1.30301412e+07 1.96045117e+00
1.30308000e+07 1.96067210e+00
1.30594072e+07 1.94175364e+00
1.30878213e+07 1.92296293e+00
1.31154064e+07 1.90472045e+00
1.31623000e+07 1.87370904e+00
1.31690182e+07 1.86958034e+00
1.32194782e+07 1.83856982e+00
1.32669600e+07 1.80938961e+00
1.32957000e+07 1.79172732e+00
1.33116291e+07 1.80576955e+00
1.33536429e+07 1.84280674e+00
1.33931514e+07 1.87763531e+00
1.34302967e+07 1.91038072e+00
1.34313000e+07 1.91126523e+00
1.34652139e+07 1.88563743e+00
1.34980313e+07 1.86083829e+00
1.35288702e+07 1.83753423e+00
1.35578457e+07 1.81563835e+00
1.35689000e+07 1.80728500e+00
1.36123421e+07 1.79369848e+00
1.36602062e+07 1.77872910e+00
1.37022252e+07 1.76558777e+00
1.37086000e+07 1.76359409e+00
1.37390979e+07 1.80611291e+00
1.37714429e+07 1.85120688e+00
1.38282300e+07 1.93037701e+00
1.38506000e+07 1.96156441e+00
1.38709739e+07 1.93189582e+00
1.39031185e+07 1.88508660e+00
1.39514752e+07 1.81466937e+00
1.39947000e+07 1.75172518e+00
1.40000000e+07 1.75455532e+00
1.41412000e+07 1.82986732e+00
1.41975148e+07 1.83853680e+00
1.42899000e+07 1.85275919e+00
1.43978162e+07 1.87559299e+00
1.44411000e+07 1.88475134e+00
1.44752483e+07 1.84881233e+00
1.45000000e+07 1.82276270e+00
1.45947000e+07 1.72310212e+00
1.46794680e+07 1.72477051e+00
1.47507000e+07 1.72617249e+00
1.48422421e+07 1.77969574e+00
1.49094000e+07 1.81896190e+00
1.50516395e+07 1.70612359e+00
1.50705000e+07 1.69116155e+00
1.52344000e+07 1.82461215e+00
1.52639910e+07 1.82008192e+00
1.54009000e+07 1.79912184e+00
1.54102522e+07 1.79529425e+00
1.55703000e+07 1.72979144e+00
1.56276632e+07 1.73007462e+00
1.57424000e+07 1.73064105e+00
1.58481414e+07 1.80328337e+00
1.59175000e+07 1.85093146e+00
1.60000000e+07 1.85587087e+00
1.60898636e+07 1.86124365e+00
1.60955000e+07 1.86158064e+00
1.62597204e+07 1.83448835e+00
1.62765000e+07 1.83172014e+00
1.64098154e+07 1.78917661e+00
1.64606000e+07 1.77297029e+00
1.65422846e+07 1.85358623e+00
1.66479000e+07 1.95781990e+00
1.66590722e+07 1.95190094e+00
1.67619374e+07 1.89740336e+00
1.68385000e+07 1.85684084e+00
1.68524654e+07 1.85799539e+00
1.70120674e+07 1.87119014e+00
1.70324000e+07 1.87287111e+00
1.71327601e+07 1.86252493e+00
1.72296000e+07 1.85254173e+00
1.73154065e+07 1.85081120e+00
1.74304000e+07 1.84849215e+00
1.75000000e+07 1.82841259e+00
1.76347000e+07 1.78954249e+00
1.77468935e+07 1.80392940e+00
1.78426000e+07 1.81620213e+00
1.79972702e+07 1.88069269e+00
1.80543000e+07 1.90447156e+00
1.82511793e+07 1.85068855e+00
1.82698000e+07 1.84560180e+00
1.84892000e+07 1.80049189e+00
1.85086706e+07 1.81276307e+00
1.87082869e+07 1.93856962e+00
1.87127000e+07 1.94135092e+00
1.89403000e+07 1.90233093e+00
1.89722272e+07 1.89428919e+00
1.91720000e+07 1.84397090e+00
1.92398912e+07 1.84096886e+00
1.94081000e+07 1.83353094e+00
1.95113314e+07 1.83576599e+00
1.96487000e+07 1.83874013e+00
1.97866012e+07 1.85062629e+00
1.99259078e+07 1.86263359e+00
2.00000000e+07 1.86901985e+00
2.00000100e+07 1.88355000e+00
2.02821741e+07 1.89139521e+00
2.03470500e+07 1.89319900e+00
2.05683191e+07 1.89825537e+00
2.06341102e+07 1.89975881e+00
2.08585011e+07 1.90488651e+00
2.09252204e+07 1.90641116e+00
2.09252204e+07 1.90641116e+00
2.10000000e+07 1.90812000e+00
2.10237100e+07 1.90855700e+00
2.11527770e+07 1.91074195e+00
2.13203167e+07 1.91357820e+00
2.14512046e+07 1.91579398e+00
2.16211080e+07 1.91867025e+00
2.16941700e+07 1.91990710e+00
2.17390800e+07 1.92060330e+00
2.17538425e+07 1.92082379e+00
2.17538425e+07 1.92082379e+00
2.20000000e+07 1.92450040e+00
2.20607500e+07 1.92536626e+00
2.23103804e+07 1.92892419e+00
2.23719875e+07 1.92980227e+00
2.24207100e+07 1.93049670e+00
2.26876160e+07 1.93415130e+00
2.26876160e+07 1.93415130e+00
2.27370259e+07 1.93482784e+00
2.30000000e+07 1.93842860e+00
2.30076974e+07 1.93852629e+00
2.33244886e+07 1.94254698e+00
2.33322946e+07 1.94264605e+00
2.36535551e+07 1.94672345e+00
2.36614713e+07 1.94682392e+00
2.39872642e+07 1.95095886e+00
2.39952920e+07 1.95106075e+00
2.40000000e+07 1.95112050e+00
2.43338224e+07 1.95476074e+00
2.43385968e+07 1.95481280e+00
2.46771289e+07 1.95850438e+00
2.46771289e+07 1.95850438e+00
2.46819706e+07 1.95855718e+00
2.50000000e+07 1.96202520e+00
2.50252787e+07 1.96225683e+00
2.53527050e+07 1.96525708e+00
2.53783404e+07 1.96549199e+00
2.54924400e+07 1.96653750e+00
2.57363831e+07 1.96854994e+00
2.57429600e+07 1.96860420e+00
2.60000000e+07 1.97056040e+00
2.60994771e+07 1.97119156e+00
2.63668132e+07 1.97288776e+00
2.64676937e+07 1.97352782e+00
2.64676938e+07 1.97352782e+00
2.65457700e+07 1.97402320e+00
2.68175100e+07 1.97541610e+00
2.68411053e+07 1.97552374e+00
2.70000000e+07 1.97624860e+00
2.72197849e+07 1.97711038e+00
2.73809214e+07 1.97774221e+00
2.74675800e+07 1.97808200e+00
2.76038071e+07 1.97851648e+00
2.78550981e+07 1.97931795e+00
2.79932471e+07 1.97975856e+00
2.79932471e+07 1.97975856e+00
2.80000000e+07 1.97978010e+00
2.83881815e+07 1.98067472e+00
2.83950296e+07 1.98069050e+00
2.87354300e+07 1.98147500e+00
2.87886876e+07 1.98155949e+00
2.90000000e+07 1.98189470e+00
2.91948442e+07 1.98213663e+00
2.93482400e+07 1.98232710e+00
2.96067309e+07 1.98253436e+00
2.97622908e+07 1.98265910e+00
3.00000000e+07 1.98284970e+00
3.00244286e+07 1.98284940e+00
3.04232460e+07 1.98284457e+00
3.04480192e+07 1.98284427e+00
3.08524632e+07 1.98283939e+00
3.08775859e+07 1.98283908e+00
3.08775859e+07 1.98283908e+00
3.10000000e+07 1.98283760e+00
3.11385600e+07 1.98274930e+00
3.13132131e+07 1.98254970e+00
3.15778690e+07 1.98224724e+00
3.17549862e+07 1.98204482e+00
3.20000000e+07 1.98176480e+00
3.22029919e+07 1.98139531e+00
3.24514624e+07 1.98094305e+00
3.26149300e+07 1.98064550e+00
3.26573181e+07 1.98055267e+00
3.28989800e+07 1.98002340e+00
3.30000000e+07 1.97978630e+00
3.31180541e+07 1.97949325e+00
3.32549600e+07 1.97915340e+00
3.35852902e+07 1.97825720e+00
3.36359700e+07 1.97811970e+00
3.40000000e+07 1.97703820e+00
3.40591182e+07 1.97683730e+00
3.44796788e+07 1.97540815e+00
3.45396311e+07 1.97520442e+00
3.45396311e+07 1.97520442e+00
3.49661250e+07 1.97375511e+00
3.50000000e+07 1.97364000e+00
3.50269231e+07 1.97353300e+00
3.52714900e+07 1.97256100e+00
3.55210899e+07 1.97135908e+00
3.57691072e+07 1.97016477e+00
3.58395000e+07 1.96982580e+00
3.59287000e+07 1.96934060e+00
3.60000000e+07 1.96894300e+00
3.60222286e+07 1.96881364e+00
3.62073700e+07 1.96773620e+00
3.65304374e+07 1.96559456e+00
3.67181908e+07 1.96434993e+00
3.70000000e+07 1.96248180e+00
3.70458161e+07 1.96214285e+00
3.72540800e+07 1.96060210e+00
3.74085800e+07 1.95941620e+00
3.75209600e+07 1.95853450e+00
3.75684659e+07 1.95814464e+00
3.80000000e+07 1.95460320e+00
3.80984893e+07 1.95374975e+00
3.83384600e+07 1.95167030e+00
3.86359904e+07 1.94894358e+00
3.88793467e+07 1.94671333e+00
3.90000000e+07 1.94560760e+00
3.91810747e+07 1.94382445e+00
3.95502198e+07 1.94018926e+00
3.97338491e+07 1.93838095e+00
4.00000000e+07 1.93576000e+00
4.02944222e+07 1.93271429e+00
4.03208500e+07 1.93244090e+00
4.08629040e+07 1.92660086e+00
4.08897046e+07 1.92631211e+00
4.10000000e+07 1.92512380e+00
4.10471800e+07 1.92460220e+00
4.13061900e+07 1.92170710e+00
4.14394060e+07 1.92017393e+00
4.14394060e+07 1.92017393e+00
4.18889460e+07 1.91500021e+00
4.20000000e+07 1.91372210e+00
4.20240414e+07 1.91343332e+00
4.25925444e+07 1.90660457e+00
4.26169250e+07 1.90631172e+00
4.26169250e+07 1.90631172e+00
4.30000000e+07 1.90171030e+00
4.32181731e+07 1.89899049e+00
4.36066526e+07 1.89414760e+00
4.38279038e+07 1.89138943e+00
4.39078100e+07 1.89039330e+00
4.40000000e+07 1.88922570e+00
4.40503000e+07 1.88858760e+00
4.44462366e+07 1.88350234e+00
4.46717704e+07 1.88060566e+00
4.50000000e+07 1.87639000e+00
4.50732930e+07 1.87542551e+00
4.56348690e+07 1.86803551e+00
4.57091960e+07 1.86705741e+00
4.57091960e+07 1.86705741e+00
4.60000000e+07 1.86323060e+00
4.61928700e+07 1.86065150e+00
4.63540705e+07 1.85847222e+00
4.67235200e+07 1.85347760e+00
4.70000000e+07 1.84969750e+00
4.70080430e+07 1.84958557e+00
4.76630854e+07 1.84046994e+00
4.76712419e+07 1.84035643e+00
4.76712419e+07 1.84035643e+00
4.80000000e+07 1.83578140e+00
4.83437973e+07 1.83090122e+00
4.84216500e+07 1.82979610e+00
4.86189800e+07 1.82697110e+00
4.87828000e+07 1.82461510e+00
4.90000000e+07 1.82147510e+00
4.90243200e+07 1.82112190e+00
4.90258412e+07 1.82109959e+00
4.97159649e+07 1.81098001e+00
4.97175076e+07 1.81095739e+00
4.98131600e+07 1.80955480e+00
4.98450300e+07 1.80908290e+00
5.00000000e+07 1.80678000e+00
5.04189321e+07 1.80045417e+00
5.04189322e+07 1.80045417e+00
5.07054100e+07 1.79612838e+00
5.10000000e+07 1.79168010e+00
5.11302525e+07 1.78965933e+00
5.17195182e+07 1.78051734e+00
5.17705000e+07 1.77972640e+00
5.18516084e+07 1.77844704e+00
5.20000000e+07 1.77610640e+00
5.25831412e+07 1.76670599e+00
5.27336264e+07 1.76428012e+00
5.30000000e+07 1.75998610e+00
5.31859100e+07 1.75692470e+00
5.33249947e+07 1.75461253e+00
5.33249947e+07 1.75461253e+00
5.35186000e+07 1.75139400e+00
5.40000000e+07 1.74326790e+00
5.40773144e+07 1.74193163e+00
5.47618428e+07 1.73010053e+00
5.47756900e+07 1.72986120e+00
5.48402480e+07 1.72872402e+00
5.50000000e+07 1.72591000e+00
5.56139451e+07 1.71506761e+00
5.57759510e+07 1.71220655e+00
5.60000000e+07 1.70824980e+00
5.63985578e+07 1.70122928e+00
5.67900592e+07 1.69433306e+00
5.70000000e+07 1.69063500e+00
5.71942399e+07 1.68721787e+00
5.78041674e+07 1.67648785e+00
5.80000000e+07 1.67304270e+00
5.80011477e+07 1.67302252e+00
5.82374400e+07 1.66886800e+00
5.88194395e+07 1.65863485e+00
5.90000000e+07 1.65546010e+00
5.95397500e+07 1.64596690e+00
5.96492759e+07 1.64404008e+00
6.00000000e+07 1.63787000e+00
6.04206800e+07 1.63049470e+00
6.04908198e+07 1.62927224e+00
6.06356100e+07 1.62674870e+00
6.10000000e+07 1.62043220e+00
6.13442364e+07 1.61453960e+00
6.13442364e+07 1.61453960e+00
6.18606002e+07 1.60570054e+00
6.20000000e+07 1.60331430e+00
6.22096932e+07 1.59979311e+00
6.28747084e+07 1.58862611e+00
6.30000000e+07 1.58652220e+00
6.30873600e+07 1.58507714e+00
6.30873600e+07 1.58507714e+00
6.35278000e+07 1.57779160e+00
6.39774091e+07 1.57042989e+00
6.40000000e+07 1.57006000e+00
6.44189800e+07 1.56326090e+00
6.48800151e+07 1.55585690e+00
6.50000000e+07 1.55393000e+00
6.57953554e+07 1.54145469e+00
6.59170330e+07 1.53954615e+00
6.60000000e+07 1.53824480e+00
6.67236094e+07 1.52714261e+00
6.69311412e+07 1.52395849e+00
6.70000000e+07 1.52290200e+00
6.76649594e+07 1.51272812e+00
6.79452494e+07 1.50843968e+00
6.80000000e+07 1.50760200e+00
6.86195902e+07 1.49798906e+00
6.89593576e+07 1.49271757e+00
6.90000000e+07 1.49208700e+00
6.93655800e+07 1.48631600e+00
6.95876891e+07 1.48274990e+00
7.00000000e+07 1.47613000e+00
7.05694462e+07 1.46677685e+00
7.09875740e+07 1.45990910e+00
7.10000000e+07 1.45970500e+00
7.15650540e+07 1.45031550e+00
7.20000000e+07 1.44308800e+00
7.25747081e+07 1.43355934e+00
7.30000000e+07 1.42650800e+00
7.35986066e+07 1.41672617e+00
7.40000000e+07 1.41016700e+00
7.46369505e+07 1.40002229e+00
7.50000000e+07 1.39424000e+00
7.56899435e+07 1.38356933e+00
7.56899435e+07 1.38356933e+00
7.60000000e+07 1.37877400e+00
7.67577923e+07 1.36731012e+00
7.70000000e+07 1.36364600e+00
7.78407066e+07 1.35114301e+00
7.80000000e+07 1.34877400e+00
7.89388989e+07 1.33498158e+00
7.90000000e+07 1.33408400e+00
8.00000000e+07 1.31951000e+00
8.00525847e+07 1.31872891e+00
8.10000000e+07 1.30465600e+00
8.11819825e+07 1.30189187e+00
8.11819825e+07 1.30189187e+00
8.20000000e+07 1.28946700e+00
8.23273142e+07 1.28452161e+00
8.30000000e+07 1.27435800e+00
8.34888044e+07 1.26719164e+00
8.34888044e+07 1.26719164e+00
8.40000000e+07 1.25969700e+00
8.46666812e+07 1.25043880e+00
8.50000000e+07 1.24581000e+00
8.58611756e+07 1.23469308e+00
8.60000000e+07 1.23290100e+00
8.70000000e+07 1.22068700e+00
8.70725223e+07 1.21982246e+00
8.80000000e+07 1.20876600e+00
8.83009588e+07 1.20515690e+00
8.90000000e+07 1.19677400e+00
8.95467264e+07 1.19000334e+00
9.00000000e+07 1.18439000e+00
9.08100695e+07 1.17420662e+00
9.10000000e+07 1.17181900e+00
9.20000000e+07 1.15947900e+00
9.20912362e+07 1.15837559e+00
9.30000000e+07 1.14738500e+00
9.33904777e+07 1.14276448e+00
9.40000000e+07 1.13555200e+00
9.47080493e+07 1.12736553e+00
9.50000000e+07 1.12399000e+00
9.60000000e+07 1.11266400e+00
9.60442094e+07 1.11217270e+00
9.70000000e+07 1.10155100e+00
9.73992203e+07 1.09721028e+00
9.80000000e+07 1.09067800e+00
9.87733480e+07 1.08247200e+00
9.90000000e+07 1.08006700e+00
1.00000000e+08 1.06974000e+00
1.00166862e+08 1.06808615e+00
1.01410820e+08 1.05575666e+00
1.01580036e+08 1.05407947e+00
1.02000000e+08 1.04991700e+00
1.03013148e+08 1.04035593e+00
1.03439036e+08 1.03633681e+00
1.04000000e+08 1.03104300e+00
1.04466478e+08 1.02682487e+00
1.05467253e+08 1.01777537e+00
1.05940312e+08 1.01349773e+00
1.06000000e+08 1.01295800e+00
1.07434939e+08 1.00045093e+00
1.07495469e+08 9.99923341e-01
1.08000000e+08 9.95525800e-01
1.08950652e+08 9.87493832e-01
1.09523686e+08 9.82652333e-01
1.10000000e+08 9.78628000e-01
1.10487750e+08 9.74628425e-01
1.11551902e+08 9.65902326e-01
1.12000000e+08 9.62227900e-01
1.12046533e+08 9.61858619e-01
1.13580118e+08 9.49688317e-01
1.13627308e+08 9.49313826e-01
1.14000000e+08 9.46356200e-01
1.15230385e+08 9.36914041e-01
1.15608335e+08 9.34013598e-01
1.16000000e+08 9.31007900e-01
1.16856078e+08 9.24659352e-01
1.17636551e+08 9.18871482e-01
1.18000000e+08 9.16176200e-01
1.18504707e+08 9.12561689e-01
1.18504707e+08 9.12561688e-01
1.19664768e+08 9.04253800e-01
1.20000000e+08 9.01853000e-01
1.20176595e+08 9.00639843e-01
1.21692984e+08 8.90222708e-01
1.21872071e+08 8.88992435e-01
1.22000000e+08 8.88113600e-01
1.23591466e+08 8.77660531e-01
1.23591466e+08 8.77660531e-01
1.23721200e+08 8.76808412e-01
1.24000000e+08 8.74977200e-01
1.25335120e+08 8.66553731e-01
1.25749417e+08 8.63939867e-01
1.26000000e+08 8.62358900e-01
1.27103372e+08 8.55642065e-01
1.27777633e+08 8.51537469e-01
1.28000000e+08 8.50183800e-01
1.28896572e+08 8.44895010e-01
1.29805850e+08 8.39531274e-01
1.30000000e+08 8.38386000e-01
1.30715071e+08 8.34322825e-01
1.30715071e+08 8.34322824e-01
1.31834066e+08 8.27964470e-01
1.32000000e+08 8.27021600e-01
1.32559225e+08 8.23983889e-01
1.33862282e+08 8.16905682e-01
1.34000000e+08 8.16157600e-01
1.34429397e+08 8.13923811e-01
1.35890499e+08 8.06322942e-01
1.36000000e+08 8.05753300e-01
1.36325954e+08 8.04126528e-01
1.37918715e+08 7.96177377e-01
1.38000000e+08 7.95771700e-01
1.38249268e+08 7.94576124e-01
1.39946932e+08 7.86433535e-01
1.40000000e+08 7.86179000e-01
1.40199716e+08 7.85268694e-01
1.41975148e+08 7.77176275e-01
1.42000000e+08 7.77063000e-01
1.42177682e+08 7.76300452e-01
1.42177682e+08 7.76300451e-01
1.44000000e+08 7.68479700e-01
1.44183553e+08 7.67734135e-01
1.46000000e+08 7.60356000e-01
1.46217724e+08 7.59514542e-01
1.48000000e+08 7.52626400e-01
1.48280592e+08 7.51588994e-01
1.50000000e+08 7.45232000e-01
