9211
1.00000000e-05 5.71092133e+01
1.10303700e-05 5.43813386e+01
1.21669100e-05 5.17842387e+01
1.34205500e-05 4.93116679e+01
1.48033600e-05 4.69576803e+01
1.63286500e-05 4.47166150e+01
1.80111100e-05 4.25830825e+01
1.98669100e-05 4.05519524e+01
2.19139400e-05 3.86183398e+01
2.41718900e-05 3.67775949e+01
2.66624800e-05 3.50252909e+01
2.94097100e-05 3.33572137e+01
3.24399900e-05 3.17693519e+01
3.57825100e-05 3.02578867e+01
3.94694300e-05 2.88191831e+01
4.35362400e-05 2.74497811e+01
4.80220800e-05 2.61463872e+01
5.29701300e-05 2.49058668e+01
5.84280100e-05 2.37252361e+01
6.44482500e-05 2.26016555e+01
7.10888100e-05 2.15324224e+01
7.84135800e-05 2.05149647e+01
8.64930800e-05 1.95468351e+01
9.54050600e-05 1.86257044e+01
1.05235300e-04 1.77493563e+01
1.16078400e-04 1.69156823e+01
1.28038800e-04 1.61226761e+01
1.41231500e-04 1.53684289e+01
1.55783600e-04 1.46511251e+01
1.71835100e-04 1.39690375e+01
1.89540400e-04 1.33205231e+01
2.09070100e-04 1.27040196e+01
2.30612000e-04 1.21180408e+01
2.54373600e-04 1.15611738e+01
2.80583500e-04 1.10346491e+01
2.82562700e-04 1.09954194e+01
3.09493900e-04 1.05339773e+01
3.13860300e-04 1.04601721e+01
3.41383200e-04 1.00580553e+01
3.48641700e-04 9.95345479e+00
3.76558300e-04 9.60576123e+00
3.87258400e-04 9.47433717e+00
4.15357700e-04 9.17609494e+00
4.30173500e-04 9.02104453e+00
4.58154900e-04 8.76803771e+00
4.77821000e-04 8.59274118e+00
5.05361800e-04 8.38067849e+00
5.30772100e-04 8.18783526e+00
5.57432800e-04 8.01309151e+00
5.89562300e-04 7.80557539e+00
6.14868900e-04 7.66444917e+00
6.54896300e-04 7.44453392e+00
6.78223200e-04 7.33390867e+00
7.27434800e-04 7.10403423e+00
7.48105200e-04 7.02071824e+00
8.08047600e-04 6.78279550e+00
8.25187700e-04 6.72411258e+00
8.97549700e-04 6.48020685e+00
9.10212500e-04 6.44340595e+00
9.97014300e-04 6.19511851e+00
1.00399800e-03 6.17790256e+00
1.10744690e-03 5.92697650e+00
1.22155490e-03 5.69245688e+00
1.23017180e-03 5.67500105e+00
1.34742020e-03 5.47099954e+00
1.36642980e-03 5.43840824e+00
1.48625420e-03 5.26297393e+00
1.52848680e-03 5.20206894e+00
1.63939330e-03 5.06626645e+00
1.70976350e-03 4.98143385e+00
1.80831140e-03 4.88063382e+00
1.91253940e-03 4.77572957e+00
1.99463430e-03 4.70567520e+00
2.13936440e-03 4.58421659e+00
2.20015530e-03 4.54099809e+00
2.39309040e-03 4.40618604e+00
2.42685260e-03 4.38632178e+00
2.67690810e-03 4.24183170e+00
2.69579130e-03 4.23109195e+00
2.95272860e-03 4.10915635e+00
3.03663170e-03 4.06999623e+00
3.25696870e-03 3.98426674e+00
3.42073380e-03 3.92165718e+00
3.59255680e-03 3.86723978e+00
3.88041270e-03 3.77775632e+00
3.96272290e-03 3.75668875e+00
4.37102980e-03 3.65424099e+00
4.40186350e-03 3.64663881e+00
4.82140740e-03 3.56230644e+00
5.02836410e-03 3.52148408e+00
5.31819050e-03 3.47515527e+00
5.74431390e-03 3.40842203e+00
5.86616070e-03 3.39304480e+00
6.47059200e-03 3.31845775e+00
6.60816850e-03 3.30181339e+00
7.13730200e-03 3.25101130e+00
7.65518250e-03 3.20237046e+00
7.87270780e-03 3.18631554e+00
8.68388760e-03 3.12790610e+00
8.93064410e-03 3.11052202e+00
9.57864890e-03 3.07516035e+00
1.04921098e-02 3.02653905e+00
1.05656037e-02 3.02354575e+00
1.16542513e-02 2.98046841e+00
1.24998802e-02 2.94785323e+00
1.28550698e-02 2.93760245e+00
1.41796170e-02 2.90051997e+00
1.51026960e-02 2.87536544e+00
1.56406415e-02 2.86461545e+00
1.72522055e-02 2.83344841e+00
1.85040202e-02 2.80993470e+00
1.90298201e-02 2.80285860e+00
2.09905947e-02 2.77741226e+00
2.31534016e-02 2.75024071e+00
2.52418800e-02 2.73031601e+00
2.53000000e-02 2.72980636e+00
2.79068348e-02 2.71136682e+00
3.07822700e-02 2.69180440e+00
3.27861652e-02 2.67863764e+00
3.39539812e-02 2.67351219e+00
3.74524958e-02 2.65885782e+00
4.13114868e-02 2.64335811e+00
4.43090356e-02 2.63176336e+00
4.55680964e-02 2.62866541e+00
5.02632940e-02 2.61771496e+00
5.54422705e-02 2.60621105e+00
6.11548730e-02 2.59407092e+00
6.33362665e-02 2.58961630e+00
6.74560846e-02 2.58448361e+00
7.44065538e-02 2.57632358e+00
8.20731781e-02 2.56779852e+00
9.05297481e-02 2.55884825e+00
9.57477306e-02 2.55356708e+00
9.98576572e-02 2.55119598e+00
1.10146686e-01 2.54567106e+00
1.21495864e-01 2.53996823e+00
1.34014427e-01 2.53405044e+00
1.46794615e-01 2.52833737e+00
1.47822865e-01 2.52807957e+00
1.63054082e-01 2.52459877e+00
1.79854678e-01 2.52108097e+00
1.98386355e-01 2.51750696e+00
2.18827480e-01 2.51385631e+00
2.41374796e-01 2.51010718e+00
2.66245319e-01 2.50623614e+00
2.93678424e-01 2.50221796e+00
3.23938153e-01 2.49802541e+00
3.57315753e-01 2.49362905e+00
3.94132478e-01 2.48899698e+00
3.96912728e-01 2.48866135e+00
4.34742686e-01 2.48742740e+00
4.79537247e-01 2.48616329e+00
5.28947302e-01 2.48495646e+00
5.83448419e-01 2.48380384e+00
6.43565164e-01 2.48270253e+00
7.09876156e-01 2.48164965e+00
7.83019630e-01 2.48064243e+00
8.63699584e-01 2.47967816e+00
9.52692555e-01 2.47875420e+00
1.05085509e+00 2.47786809e+00
1.15913199e+00 2.47701746e+00
1.27856542e+00 2.47620073e+00
1.42025333e+00 2.47535923e+00
1.57756539e+00 2.47454927e+00
1.75238785e+00 2.47376845e+00
1.94648825e+00 2.47301543e+00
2.17733945e+00 2.47223755e+00
2.41862759e+00 2.47152934e+00
2.68652296e+00 2.47083976e+00
2.98423775e+00 2.47016514e+00
3.29172450e+00 2.46954605e+00
3.63089376e+00 2.46893477e+00
4.00500998e+00 2.46832865e+00
4.41767399e+00 2.46772502e+00
4.87285764e+00 2.46712102e+00
5.37494203e+00 2.46651363e+00
5.92875966e+00 2.46589968e+00
6.53964097e+00 2.46527582e+00
7.21346563e+00 2.46463848e+00
7.95671913e+00 2.46398382e+00
8.77655520e+00 2.46330777e+00
9.68086468e+00 2.46260590e+00
1.06783514e+01 2.46187344e+00
1.17786162e+01 2.46110526e+00
1.29922489e+01 2.46029575e+00
1.43309306e+01 2.45943887e+00
1.58075460e+01 2.45852792e+00
1.74363073e+01 2.45755529e+00
1.90981708e+01 2.45659097e+00
2.09194538e+01 2.45555982e+00
2.18174116e+01 2.45506226e+00
2.29132978e+01 2.45496591e+00
2.52742142e+01 2.45478511e+00
2.78783921e+01 2.45461154e+00
3.07508966e+01 2.45444461e+00
3.39193752e+01 2.45428393e+00
3.74143241e+01 2.45412901e+00
4.12693820e+01 2.45397930e+00
4.55216532e+01 2.45383435e+00
5.02120655e+01 2.45369374e+00
5.53857636e+01 2.45355690e+00
6.10925437e+01 2.45342344e+00
6.73873331e+01 2.45329284e+00
7.43307184e+01 2.45316458e+00
8.19895289e+01 2.45303815e+00
9.04374799e+01 2.45291303e+00
9.97558819e+01 2.45278867e+00
1.10034424e+02 2.45266450e+00
1.21372035e+02 2.45253993e+00
1.33877839e+02 2.45241429e+00
1.47672204e+02 2.45228691e+00
1.62887897e+02 2.45215711e+00
1.79671369e+02 2.45202410e+00
1.98184159e+02 2.45188706e+00
2.18604450e+02 2.45174511e+00
2.41128786e+02 2.45159731e+00
2.65973961e+02 2.45144263e+00
2.93379106e+02 2.45127996e+00
3.23607995e+02 2.45110811e+00
3.56951575e+02 2.45092576e+00
3.93730777e+02 2.45073149e+00
4.34299595e+02 2.45052374e+00
4.79048501e+02 2.45030080e+00
5.28203730e+02 2.45006180e+00
5.82344029e+02 2.44980415e+00
6.41279753e+02 2.44952898e+00
7.12345018e+02 2.44920265e+00
7.80238992e+02 2.44889546e+00
8.60617845e+02 2.44853628e+00
9.48577407e+02 2.44814757e+00
1.04580300e+03 2.44772208e+00
1.15209405e+03 2.44726084e+00
1.27080231e+03 2.44674950e+00
1.40174190e+03 2.44618913e+00
1.54513441e+03 2.44557890e+00
1.70434035e+03 2.44490467e+00
1.87811936e+03 2.44417185e+00
2.07062237e+03 2.44336310e+00
2.28286794e+03 2.44247431e+00
2.51573106e+03 2.44150203e+00
2.77483630e+03 2.44042298e+00
2.99717182e+03 2.43949911e+00
3.25999855e+03 2.43840953e+00
3.47222122e+03 2.43753177e+00
3.67235422e+03 2.43670623e+00
3.77751472e+03 2.43627343e+00
3.91827900e+03 2.43569625e+00
4.02165333e+03 2.43527434e+00
4.11332877e+03 2.43490216e+00
4.17136043e+03 2.43466815e+00
4.23021082e+03 2.43443227e+00
4.28989148e+03 2.43419506e+00
4.34634651e+03 2.43397341e+00
4.38610048e+03 2.43381953e+00
4.41591596e+03 2.43370562e+00
4.45118395e+03 2.43357309e+00
4.48196595e+03 2.43345979e+00
4.50890021e+03 2.43336296e+00
4.53198671e+03 2.43328218e+00
4.55716139e+03 2.43319689e+00
4.57440874e+03 2.43314061e+00
4.59165609e+03 2.43308629e+00
4.59947981e+03 2.43306272e+00
4.60730354e+03 2.43325205e+00
4.62295099e+03 2.43363310e+00
4.63859844e+03 2.43401696e+00
4.65424589e+03 2.43440410e+00
4.66578033e+03 2.43469202e+00
4.67731477e+03 2.43498257e+00
4.68884921e+03 2.43527610e+00
4.70038365e+03 2.43557310e+00
4.71191809e+03 2.43587416e+00
4.72345253e+03 2.43617991e+00
4.73400459e+03 2.43646462e+00
4.74455665e+03 2.43675512e+00
4.75332790e+03 2.43700165e+00
4.76209915e+03 2.43725337e+00
4.77050096e+03 2.43750069e+00
4.77816389e+03 2.43773214e+00
4.78582681e+03 2.43797041e+00
4.79445020e+03 2.43824720e+00
4.80051928e+03 2.43844869e+00
4.80658837e+03 2.43865727e+00
4.81265745e+03 2.43887348e+00
4.81803548e+03 2.43907235e+00
4.82341351e+03 2.43927907e+00
4.82879154e+03 2.43949477e+00
4.83416957e+03 2.43972079e+00
4.83843905e+03 2.43990855e+00
4.84270854e+03 2.44010456e+00
4.84697802e+03 2.44030979e+00
4.85124750e+03 2.44052616e+00
4.85301648e+03 2.44062106e+00
4.85551698e+03 2.44134128e+00
4.85994932e+03 2.44263304e+00
4.86446310e+03 2.44396663e+00
4.86897688e+03 2.44532141e+00
4.87198607e+03 2.44623811e+00
4.87499525e+03 2.44716725e+00
4.87800444e+03 2.44811038e+00
4.88101363e+03 2.44906914e+00
4.88463185e+03 2.45024581e+00
4.88825007e+03 2.45145175e+00
4.89066222e+03 2.45227404e+00
4.89307436e+03 2.45311343e+00
4.89548651e+03 2.45397232e+00
4.89789866e+03 2.45485299e+00
4.90031080e+03 2.45575794e+00
4.90180088e+03 2.45633570e+00
4.90321089e+03 2.45773442e+00
4.90611097e+03 2.46065698e+00
4.90804436e+03 2.46263414e+00
4.90997775e+03 2.46463739e+00
4.91191114e+03 2.46667014e+00
4.91384453e+03 2.46873633e+00
4.91577792e+03 2.47084018e+00
4.91809234e+03 2.47341481e+00
4.92040677e+03 2.47605949e+00
4.92194972e+03 2.47786701e+00
4.92348225e+03 2.47970233e+00
4.92349267e+03 2.47972683e+00
4.92503562e+03 2.48340015e+00
4.92657857e+03 2.48712454e+00
4.92812151e+03 2.49090650e+00
4.92944364e+03 2.49419861e+00
4.93076577e+03 2.49754384e+00
4.93208790e+03 2.50094850e+00
4.93341002e+03 2.50441985e+00
4.93473215e+03 2.50796630e+00
4.93600782e+03 2.51147000e+00
4.93605428e+03 2.51169115e+00
4.93737640e+03 2.51808128e+00
4.93869853e+03 2.52458110e+00
4.93975026e+03 2.52984056e+00
4.94080199e+03 2.53518915e+00
4.94185371e+03 2.54063801e+00
4.94290544e+03 2.54620018e+00
4.94383630e+03 2.55123690e+00
4.94395717e+03 2.55223565e+00
4.94500890e+03 2.56107282e+00
4.94606063e+03 2.57007805e+00
4.94711235e+03 2.57927732e+00
4.94792834e+03 2.58656833e+00
4.94853339e+03 2.59208867e+00
4.94874432e+03 2.59488431e+00
4.94956031e+03 2.60587460e+00
4.95037629e+03 2.61706693e+00
4.95119228e+03 2.62849439e+00
4.95200826e+03 2.64019913e+00
4.95223908e+03 2.64359103e+00
4.95262025e+03 2.65165646e+00
4.95323224e+03 2.66482256e+00
4.95393917e+03 2.68035080e+00
4.95453705e+03 2.69380453e+00
4.95501835e+03 2.70492281e+00
4.95513492e+03 2.70858760e+00
4.95558333e+03 2.72296542e+00
4.95603174e+03 2.73762898e+00
4.95640799e+03 2.75021488e+00
4.95648015e+03 2.75338498e+00
4.95692856e+03 2.77348133e+00
4.95737697e+03 2.79405037e+00
4.95779762e+03 2.81387562e+00
4.95782537e+03 2.81557443e+00
4.95827378e+03 2.84369960e+00
4.95861535e+03 2.86565923e+00
4.95872404e+03 2.87283055e+00
4.95899956e+03 2.89579521e+00
4.95928772e+03 2.92033109e+00
4.95957587e+03 2.94537271e+00
4.95965047e+03 2.95200272e+00
4.95986403e+03 2.97556329e+00
4.96015218e+03 3.00799337e+00
4.96034529e+03 3.03020781e+00
4.96044034e+03 3.04352345e+00
4.96072849e+03 3.08469821e+00
4.96101665e+03 3.12677801e+00
4.96104010e+03 3.13028597e+00
4.96130480e+03 3.17859943e+00
4.96149690e+03 3.21428472e+00
4.96173492e+03 3.25927504e+00
4.96174531e+03 3.26159986e+00
4.96199371e+03 3.31819426e+00
4.96219813e+03 3.36566885e+00
4.96224211e+03 3.37737941e+00
4.96249052e+03 3.44471975e+00
4.96266134e+03 3.49193283e+00
4.96273892e+03 3.51649528e+00
4.96298732e+03 3.59658104e+00
4.96312456e+03 3.64169071e+00
4.96323573e+03 3.68357462e+00
4.96348413e+03 3.77886857e+00
4.96360010e+03 3.82416040e+00
4.96369807e+03 3.86731292e+00
4.96391202e+03 3.96302072e+00
4.96396600e+03 3.98757040e+00
4.96412596e+03 4.06822658e+00
4.96433190e+03 4.17370230e+00
4.96433990e+03 4.17824427e+00
4.96455385e+03 4.30150965e+00
4.96469781e+03 4.38575622e+00
4.96476779e+03 4.43105413e+00
4.96498174e+03 4.57159497e+00
4.96506371e+03 4.62628638e+00
4.96519568e+03 4.72344242e+00
4.96542961e+03 4.89844572e+00
4.96544583e+03 4.91181796e+00
4.96569598e+03 5.12149887e+00
4.96579552e+03 5.20638591e+00
4.96594614e+03 5.34752989e+00
4.96616142e+03 5.55263424e+00
4.96619629e+03 5.58907308e+00
4.96644644e+03 5.85466481e+00
4.96652733e+03 5.94199109e+00
4.96670421e+03 6.15079508e+00
4.96689323e+03 6.37759686e+00
4.96696579e+03 6.47259702e+00
4.96722736e+03 6.82049907e+00
4.96725913e+03 6.86344428e+00
4.96748894e+03 7.20235631e+00
4.96765318e+03 7.44834475e+00
4.96775052e+03 7.60748589e+00
4.96800890e+03 8.03611055e+00
4.96804723e+03 8.10064054e+00
4.96826088e+03 8.49170114e+00
4.96844128e+03 8.82647695e+00
4.96851286e+03 8.97047933e+00
4.96876483e+03 9.48404087e+00
4.96883533e+03 9.62963184e+00
4.96901681e+03 1.00343303e+01
4.96922938e+03 1.05153647e+01
4.96935727e+03 1.08258333e+01
4.96958935e+03 1.13972879e+01
4.96962272e+03 1.14847581e+01
4.96993228e+03 1.23074529e+01
4.96997665e+03 1.24324121e+01
4.97027521e+03 1.32860054e+01
4.97033058e+03 1.34532315e+01
4.97061815e+03 1.43342287e+01
4.97068451e+03 1.45501318e+01
4.97101443e+03 1.56373453e+01
4.97107539e+03 1.58407064e+01
4.97134435e+03 1.67878048e+01
4.97140339e+03 1.69980880e+01
4.97167427e+03 1.80102331e+01
4.97183078e+03 1.86021460e+01
4.97211142e+03 1.97172531e+01
4.97225816e+03 2.03083441e+01
4.97264757e+03 2.19472458e+01
4.97268555e+03 2.21089492e+01
4.97307650e+03 2.38528976e+01
4.97332186e+03 2.49590057e+01
4.97371988e+03 2.68370495e+01
4.97402622e+03 2.82980420e+01
4.97466387e+03 3.14491248e+01
4.97617425e+03 3.89410406e+01
4.97624361e+03 3.92811827e+01
4.97697055e+03 4.26989747e+01
4.97702132e+03 4.29218654e+01
4.97758267e+03 4.53434315e+01
4.97769749e+03 4.58290741e+01
4.97814402e+03 4.75481950e+01
4.97825910e+03 4.79794011e+01
4.97870537e+03 4.94632945e+01
4.97885352e+03 4.99381390e+01
4.97926673e+03 5.10548045e+01
4.97944794e+03 5.15201959e+01
4.97982808e+03 5.22831377e+01
4.98004235e+03 5.26860383e+01
4.98024909e+03 5.29496969e+01
4.98063677e+03 5.33999473e+01
4.98067010e+03 5.34175950e+01
4.98109112e+03 5.35912476e+01
4.98123119e+03 5.36379736e+01
4.98123146e+03 5.36378949e+01
4.98170324e+03 5.34566301e+01
4.98180850e+03 5.34023528e+01
4.98217503e+03 5.29883795e+01
4.98238580e+03 5.27233823e+01
4.98264682e+03 5.22416064e+01
4.98296311e+03 5.16192373e+01
4.98311861e+03 5.12280646e+01
4.98354041e+03 5.01188818e+01
4.98359039e+03 4.99627748e+01
4.98406218e+03 4.84400665e+01
4.98411772e+03 4.82548960e+01
4.98469123e+03 4.60969606e+01
4.98469503e+03 4.60823023e+01
4.98507990e+03 4.44787268e+01
4.98532028e+03 4.34086483e+01
4.98584964e+03 4.10117833e+01
4.98594933e+03 4.05325632e+01
4.98681181e+03 3.63372920e+01
4.98682148e+03 3.62894986e+01
4.98835492e+03 2.86757855e+01
4.98840617e+03 2.84233687e+01
4.98892027e+03 2.59865978e+01
4.98916895e+03 2.48193089e+01
4.98955919e+03 2.30618678e+01
4.98964331e+03 2.26876828e+01
4.99008351e+03 2.08046900e+01
4.99009162e+03 2.07714729e+01
4.99052371e+03 1.90253813e+01
4.99057831e+03 1.88153333e+01
4.99095852e+03 1.73717831e+01
4.99096391e+03 1.73515722e+01
4.99133873e+03 1.60219713e+01
4.99140939e+03 1.57745958e+01
4.99171894e+03 1.47561590e+01
4.99186016e+03 1.42975848e+01
4.99203543e+03 1.37610679e+01
4.99219823e+03 1.32690498e+01
4.99235193e+03 1.28288889e+01
4.99253631e+03 1.23079156e+01
4.99266842e+03 1.19552025e+01
4.99287438e+03 1.14130949e+01
4.99298491e+03 1.11396212e+01
4.99323899e+03 1.05206540e+01
4.99332345e+03 1.03285332e+01
4.99357735e+03 9.75945636e+00
4.99361687e+03 9.67198368e+00
4.99383126e+03 9.23117769e+00
4.99399474e+03 8.89940910e+00
4.99408516e+03 8.72947401e+00
4.99433906e+03 8.25882117e+00
4.99437262e+03 8.19741202e+00
4.99457571e+03 7.85454622e+00
4.99475050e+03 7.56334547e+00
4.99481236e+03 7.46840922e+00
4.99504900e+03 7.11026997e+00
4.99512080e+03 7.00309108e+00
4.99528565e+03 6.77654461e+00
4.99547593e+03 6.51878072e+00
4.99552230e+03 6.46096899e+00
4.99577291e+03 6.15333290e+00
4.99583106e+03 6.08304376e+00
4.99603050e+03 5.86191897e+00
4.99618619e+03 5.69209816e+00
4.99628808e+03 5.59033854e+00
4.99654133e+03 5.34171568e+00
4.99654567e+03 5.33781609e+00
4.99680326e+03 5.11073278e+00
4.99689646e+03 5.02999905e+00
4.99707732e+03 4.88722801e+00
4.99725159e+03 4.75190481e+00
4.99728198e+03 4.73042863e+00
4.99748664e+03 4.58790574e+00
4.99760672e+03 4.50546045e+00
4.99769131e+03 4.45271680e+00
4.99789597e+03 4.32698320e+00
4.99796186e+03 4.28707795e+00
4.99810063e+03 4.21089423e+00
4.99830530e+03 4.10021112e+00
4.99831699e+03 4.09397752e+00
4.99850996e+03 4.00089962e+00
4.99867212e+03 3.92390793e+00
4.99873727e+03 3.89578111e+00
4.99898721e+03 3.78979979e+00
4.99898769e+03 3.78960277e+00
4.99923716e+03 3.69579816e+00
4.99938206e+03 3.64231302e+00
4.99948710e+03 3.60771066e+00
4.99973705e+03 3.52695916e+00
4.99977642e+03 3.51446539e+00
4.99998699e+03 3.45655992e+00
5.00023694e+03 3.38915007e+00
5.00036798e+03 3.35444285e+00
5.00048688e+03 3.32794136e+00
5.00077917e+03 3.26418756e+00
5.00095953e+03 3.22562736e+00
5.00103015e+03 3.21290445e+00
5.00128113e+03 3.16859452e+00
5.00153211e+03 3.12510672e+00
5.00155109e+03 3.12187525e+00
5.00178309e+03 3.08767008e+00
5.00194545e+03 3.06416892e+00
5.00203407e+03 3.05327161e+00
5.00228504e+03 3.02301859e+00
5.00261968e+03 2.98353262e+00
5.00273419e+03 2.97031496e+00
5.00295432e+03 2.94983041e+00
5.00328896e+03 2.91944070e+00
5.00352293e+03 2.89861660e+00
5.00356936e+03 2.89538240e+00
5.00384976e+03 2.87625962e+00
5.00427037e+03 2.84824881e+00
5.00469097e+03 2.82093260e+00
5.00470604e+03 2.81997487e+00
5.00511157e+03 2.80039110e+00
5.00553218e+03 2.78057492e+00
5.00588915e+03 2.76411296e+00
5.00595278e+03 2.76186030e+00
5.00637338e+03 2.74732742e+00
5.00693419e+03 2.72841682e+00
5.00746662e+03 2.71088366e+00
5.00749499e+03 2.71019003e+00
5.00796552e+03 2.69896931e+00
5.00853589e+03 2.68565989e+00
5.00910627e+03 2.67262212e+00
5.00967665e+03 2.65981482e+00
5.00983284e+03 2.65636985e+00
5.01043715e+03 2.64653463e+00
5.01119765e+03 2.63444927e+00
5.01195815e+03 2.62260998e+00
5.01261561e+03 2.61255676e+00
5.01271865e+03 2.61138652e+00
5.01347915e+03 2.60293164e+00
5.01434689e+03 2.59347812e+00
5.01532187e+03 2.58306983e+00
5.01623149e+03 2.57354171e+00
5.01629685e+03 2.57305736e+00
5.01727183e+03 2.56600186e+00
5.01824681e+03 2.55909465e+00
5.01922179e+03 2.55231788e+00
5.02019677e+03 2.54565653e+00
5.02105267e+03 2.53989884e+00
5.02117174e+03 2.53934155e+00
5.02226902e+03 2.53431537e+00
5.02348859e+03 2.52884863e+00
5.02470817e+03 2.52349257e+00
5.02592774e+03 2.51823381e+00
5.02714731e+03 2.51306106e+00
5.02828443e+03 2.50830931e+00
5.02836688e+03 2.50810729e+00
5.02958645e+03 2.50518749e+00
5.03080603e+03 2.50232877e+00
5.03223086e+03 2.49905800e+00
5.03386094e+03 2.49539688e+00
5.03549103e+03 2.49181154e+00
5.03712111e+03 2.48829261e+00
5.03875120e+03 2.48483205e+00
5.04033736e+03 2.48151488e+00
5.04038129e+03 2.48144618e+00
5.04201137e+03 2.47894234e+00
5.04364146e+03 2.47647936e+00
5.04550829e+03 2.47370347e+00
5.04761188e+03 2.47062639e+00
5.04971546e+03 2.46759680e+00
5.04997971e+03 2.46722147e+00
5.05181905e+03 2.46591784e+00
5.05392263e+03 2.46446353e+00
5.05602622e+03 2.46304141e+00
5.05812980e+03 2.46164785e+00
5.06023339e+03 2.46027982e+00
5.06263000e+03 2.45874906e+00
5.06531963e+03 2.45706248e+00
5.06800925e+03 2.45540511e+00
5.07069888e+03 2.45377336e+00
5.07338851e+03 2.45216404e+00
5.07607814e+03 2.45057448e+00
5.07876777e+03 2.44900259e+00
5.07999339e+03 2.44829354e+00
5.08145740e+03 2.44802600e+00
5.08548730e+03 2.44731572e+00
5.08951493e+03 2.44663328e+00
5.09354256e+03 2.44597457e+00
5.09757019e+03 2.44533554e+00
5.10159782e+03 2.44471351e+00
5.10561122e+03 2.44410862e+00
5.10959617e+03 2.44352104e+00
5.11358112e+03 2.44294494e+00
5.11756607e+03 2.44237916e+00
5.12287934e+03 2.44163869e+00
5.12720085e+03 2.44104643e+00
5.13219547e+03 2.44037173e+00
5.13719010e+03 2.43970656e+00
5.14218472e+03 2.43904933e+00
5.14551447e+03 2.43861523e+00
5.15217397e+03 2.43775567e+00
5.15807642e+03 2.43700228e+00
5.16397887e+03 2.43625583e+00
5.16988131e+03 2.43551545e+00
5.17546153e+03 2.43482050e+00
5.17578376e+03 2.43481619e+00
5.18247638e+03 2.43473243e+00
5.18916900e+03 2.43465425e+00
5.19586162e+03 2.43458061e+00
5.20535109e+03 2.43448267e+00
5.21374165e+03 2.43440173e+00
5.22213221e+03 2.43432558e+00
5.23071818e+03 2.43425217e+00
5.23650730e+03 2.43420437e+00
5.24808553e+03 2.43411366e+00
5.26066765e+03 2.43402076e+00
5.27324977e+03 2.43393285e+00
5.28554436e+03 2.43385102e+00
5.29783895e+03 2.43377263e+00
5.31049213e+03 2.43369502e+00
5.32314531e+03 2.43362012e+00
5.33917950e+03 2.43352842e+00
5.35521370e+03 2.43343963e+00
5.37506433e+03 2.43333324e+00
5.39491497e+03 2.43323004e+00
5.41873574e+03 2.43310955e+00
5.43944448e+03 2.43300722e+00
5.46015322e+03 2.43290684e+00
5.48476443e+03 2.43278962e+00
5.51347751e+03 2.43265515e+00
5.54629246e+03 2.43250390e+00
5.58490259e+03 2.43232855e+00
5.62699365e+03 2.43213986e+00
5.66908471e+03 2.43195317e+00
5.71117577e+03 2.43176806e+00
5.77327377e+03 2.43149716e+00
5.84169455e+03 2.43120085e+00
5.92379948e+03 2.43084754e+00
6.00737363e+03 2.43048975e+00
6.12794841e+03 2.42997551e+00
6.25684328e+03 2.42942785e+00
6.40312000e+03 2.42880786e+00
6.63151920e+03 2.42784209e+00
6.95710573e+03 2.42646810e+00
7.25217408e+03 2.42522429e+00
7.67017721e+03 2.42346378e+00
8.17478345e+03 2.42134006e+00
8.82480416e+03 2.41860586e+00
9.66590084e+03 2.41506967e+00
1.07202447e+04 2.41063883e+00
1.17315821e+04 2.40639007e+00
1.25834395e+04 2.40281224e+00
1.33594610e+04 2.39955401e+00
1.38172416e+04 2.39763275e+00
1.40121780e+04 2.39681534e+00
1.42098646e+04 2.39598722e+00
1.43760045e+04 2.39529245e+00
1.44658334e+04 2.39491779e+00
1.45286273e+04 2.39465660e+00
1.45911336e+04 2.39439750e+00
1.46324212e+04 2.39422704e+00
1.46717172e+04 2.39406558e+00
1.47140806e+04 2.39389265e+00
1.47447576e+04 2.39376844e+00
1.47754347e+04 2.39364542e+00
1.47976993e+04 2.39355713e+00
1.48199639e+04 2.39346997e+00
1.48393980e+04 2.39339507e+00
1.48588319e+04 2.39332156e+00
1.48685489e+04 2.39328567e+00
1.48761377e+04 2.39354616e+00
1.48876749e+04 2.39394320e+00
1.48992121e+04 2.39434126e+00
1.49102168e+04 2.39472194e+00
1.49206889e+04 2.39508546e+00
1.49311611e+04 2.39545045e+00
1.49416333e+04 2.39581717e+00
1.49517747e+04 2.39617430e+00
1.49591326e+04 2.39643487e+00
1.49664905e+04 2.39669698e+00
1.49738485e+04 2.39696091e+00
1.49812064e+04 2.39722695e+00
1.49884095e+04 2.39748983e+00
1.49953030e+04 2.39774406e+00
1.50021964e+04 2.39800149e+00
1.50067920e+04 2.39817524e+00
1.50113877e+04 2.39835097e+00
1.50159833e+04 2.39852897e+00
1.50205789e+04 2.39870959e+00
1.50247516e+04 2.39887623e+00
1.50285012e+04 2.39902845e+00
1.50322509e+04 2.39918337e+00
1.50360006e+04 2.39934137e+00
1.50397503e+04 2.39950289e+00
1.50434999e+04 2.39966848e+00
1.50472496e+04 2.39983880e+00
1.50509993e+04 2.40001469e+00
1.50520963e+04 2.40006792e+00
1.50541902e+04 2.40089196e+00
1.50568224e+04 2.40193203e+00
1.50594546e+04 2.40297643e+00
1.50620868e+04 2.40402574e+00
1.50647190e+04 2.40508068e+00
1.50673512e+04 2.40614208e+00
1.50699834e+04 2.40721096e+00
1.50726156e+04 2.40828858e+00
1.50747927e+04 2.40918757e+00
1.50765146e+04 2.40990432e+00
1.50782366e+04 2.41062673e+00
1.50799586e+04 2.41135555e+00
1.50816806e+04 2.41209160e+00
1.50834025e+04 2.41283588e+00
1.50851245e+04 2.41358957e+00
1.50868465e+04 2.41435412e+00
1.50875034e+04 2.41465034e+00
1.50883796e+04 2.41581165e+00
1.50897240e+04 2.41760292e+00
1.50910683e+04 2.41940445e+00
1.50924127e+04 2.42121789e+00
1.50937571e+04 2.42304544e+00
1.50951014e+04 2.42488996e+00
1.50961097e+04 2.42628681e+00
1.50971180e+04 2.42769763e+00
1.50981262e+04 2.42912530e+00
1.50989323e+04 2.43028123e+00
1.50989859e+04 2.43035934e+00
1.50998722e+04 2.43312044e+00
1.51005771e+04 2.43533365e+00
1.51012820e+04 2.43756427e+00
1.51019870e+04 2.43981562e+00
1.51026919e+04 2.44209157e+00
1.51033968e+04 2.44439698e+00
1.51035789e+04 2.44500179e+00
1.51041017e+04 2.44844276e+00
1.51045717e+04 2.45155905e+00
1.51050416e+04 2.45469652e+00
1.51055116e+04 2.45785791e+00
1.51059815e+04 2.46104632e+00
1.51064326e+04 2.46413563e+00
1.51068838e+04 2.46725651e+00
1.51070237e+04 2.46823569e+00
1.51073349e+04 2.47209399e+00
1.51077860e+04 2.47772719e+00
1.51082371e+04 2.48340494e+00
1.51086882e+04 2.48913268e+00
1.51091393e+04 2.49491606e+00
1.51093202e+04 2.49725998e+00
1.51095904e+04 2.50262221e+00
1.51100416e+04 2.51164334e+00
1.51104927e+04 2.52074167e+00
1.51107934e+04 2.52685446e+00
1.51110426e+04 2.53195842e+00
1.51111814e+04 2.53608152e+00
1.51115693e+04 2.54768334e+00
1.51119572e+04 2.55936663e+00
1.51123452e+04 2.57113876e+00
1.51127331e+04 2.58300765e+00
1.51127650e+04 2.58399072e+00
1.51131210e+04 2.59881991e+00
1.51135090e+04 2.61508972e+00
1.51138969e+04 2.63148299e+00
1.51139132e+04 2.63217639e+00
1.51142033e+04 2.64782606e+00
1.51145096e+04 2.66444354e+00
1.51148160e+04 2.68115553e+00
1.51150615e+04 2.69462579e+00
1.51151224e+04 2.69880624e+00
1.51154287e+04 2.71994256e+00
1.51157351e+04 2.74119154e+00
1.51160414e+04 2.76255975e+00
1.51161398e+04 2.76946895e+00
1.51164878e+04 2.79960608e+00
1.51169079e+04 2.83624264e+00
1.51172181e+04 2.86350336e+00
1.51173279e+04 2.87501467e+00
1.51177480e+04 2.91933570e+00
1.51180268e+04 2.94896913e+00
1.51181680e+04 2.96633995e+00
1.51185881e+04 3.01835567e+00
1.51188356e+04 3.04920988e+00
1.51189820e+04 3.07023964e+00
1.51193760e+04 3.12714064e+00
1.51196443e+04 3.16613700e+00
1.51197699e+04 3.18705553e+00
1.51201639e+04 3.25302482e+00
1.51204530e+04 3.30173448e+00
1.51205578e+04 3.32184853e+00
1.51209298e+04 3.39362552e+00
1.51212618e+04 3.45806375e+00
1.51214112e+04 3.49093381e+00
1.51218926e+04 3.59747682e+00
1.51220705e+04 3.63710391e+00
1.51223740e+04 3.71323859e+00
1.51228768e+04 3.84014686e+00
1.51228792e+04 3.84075679e+00
1.51234010e+04 3.98909204e+00
1.51236880e+04 4.07118674e+00
1.51239252e+04 4.14589133e+00
1.51243348e+04 4.27562205e+00
1.51244494e+04 4.31499541e+00
1.51249712e+04 4.49523551e+00
1.51249816e+04 4.49884168e+00
1.51254907e+04 4.68972951e+00
1.51256285e+04 4.74167126e+00
1.51260101e+04 4.89905505e+00
1.51265295e+04 5.11432682e+00
1.51265987e+04 5.14313215e+00
1.51270763e+04 5.36258279e+00
1.51275689e+04 5.59007541e+00
1.51276503e+04 5.63110075e+00
1.51282243e+04 5.92188636e+00
1.51285392e+04 6.08209268e+00
1.51287983e+04 6.22392168e+00
1.51293899e+04 6.54900076e+00
1.51294175e+04 6.56521072e+00
1.51300819e+04 6.95662781e+00
1.51304445e+04 7.17126724e+00
1.51310784e+04 7.56950953e+00
1.51314991e+04 7.83501697e+00
1.51320817e+04 8.22281322e+00
1.51330811e+04 8.89067648e+00
1.51337763e+04 9.36972018e+00
1.51359184e+04 1.08473002e+01
1.51361488e+04 1.09998401e+01
1.51371656e+04 1.16706447e+01
1.51373371e+04 1.17833013e+01
1.51381271e+04 1.22670017e+01
1.51384011e+04 1.24336337e+01
1.51390887e+04 1.28132159e+01
1.51395194e+04 1.30487419e+01
1.51400503e+04 1.33000116e+01
1.51406647e+04 1.35870303e+01
1.51410119e+04 1.37183830e+01
1.51418101e+04 1.40148217e+01
1.51419734e+04 1.40619570e+01
1.51425737e+04 1.42304947e+01
1.51429350e+04 1.43062546e+01
1.51433372e+04 1.43876796e+01
1.51436562e+04 1.44286144e+01
1.51441008e+04 1.44828216e+01
1.51443774e+04 1.44955445e+01
1.51448582e+04 1.45150535e+01
1.51448643e+04 1.45152698e+01
1.51456109e+04 1.44742048e+01
1.51458977e+04 1.44564935e+01
1.51463637e+04 1.43802115e+01
1.51469310e+04 1.42835936e+01
1.51471164e+04 1.42339475e+01
1.51478692e+04 1.40276222e+01
1.51479644e+04 1.40009668e+01
1.51486220e+04 1.37574449e+01
1.51489977e+04 1.36162053e+01
1.51493747e+04 1.34440896e+01
1.51500311e+04 1.31406396e+01
1.51503784e+04 1.29560408e+01
1.51510644e+04 1.25875561e+01
1.51513821e+04 1.23966493e+01
1.51523858e+04 1.17889262e+01
1.51524422e+04 1.17545358e+01
1.51537743e+04 1.08758361e+01
1.51538200e+04 1.08455481e+01
1.51569818e+04 8.67097492e+00
1.51571174e+04 8.58056580e+00
1.51580768e+04 7.94327247e+00
1.51581422e+04 7.90169333e+00
1.51591671e+04 7.25322374e+00
1.51591718e+04 7.25021321e+00
1.51600827e+04 6.71023085e+00
1.51602669e+04 6.60151982e+00
1.51606931e+04 6.36663952e+00
1.51611871e+04 6.09550751e+00
1.51613035e+04 6.03613245e+00
1.51618921e+04 5.73724208e+00
1.51621074e+04 5.62838729e+00
1.51624587e+04 5.46486930e+00
1.51630254e+04 5.20242768e+00
1.51630276e+04 5.20140456e+00
1.51635921e+04 4.96420400e+00
1.51639479e+04 4.81545083e+00
1.51641179e+04 4.75119754e+00
1.51646029e+04 4.56887164e+00
1.51648681e+04 4.46963937e+00
1.51650878e+04 4.39537503e+00
1.51655728e+04 4.23233100e+00
1.51656519e+04 4.20586689e+00
1.51660422e+04 4.08720943e+00
1.51663675e+04 3.98884959e+00
1.51664961e+04 3.95352129e+00
1.51669500e+04 3.82952832e+00
1.51670831e+04 3.79336223e+00
1.51674038e+04 3.71458188e+00
1.51677987e+04 3.61818258e+00
1.51678632e+04 3.60399022e+00
1.51683282e+04 3.50246557e+00
1.51685142e+04 3.46209761e+00
1.51687931e+04 3.40788559e+00
1.51692298e+04 3.32357617e+00
1.51692581e+04 3.31870352e+00
1.51697202e+04 3.23967080e+00
1.51699454e+04 3.20141735e+00
1.51701795e+04 3.16679238e+00
1.51706388e+04 3.09935548e+00
1.51708995e+04 3.06130503e+00
1.51709832e+04 3.05094707e+00
1.51713277e+04 3.00859315e+00
1.51717316e+04 2.95922812e+00
1.51718536e+04 2.94440712e+00
1.51721355e+04 2.91560633e+00
1.51725393e+04 2.87462362e+00
1.51728077e+04 2.84757304e+00
1.51729432e+04 2.83637391e+00
1.51733471e+04 2.80325578e+00
1.51737729e+04 2.76859362e+00
1.51739790e+04 2.75192922e+00
1.51742097e+04 2.73710366e+00
1.51746464e+04 2.70925741e+00
1.51750831e+04 2.68162521e+00
1.51751504e+04 2.67739877e+00
1.51755199e+04 2.65909485e+00
1.51758110e+04 2.64477187e+00
1.51761765e+04 2.62689791e+00
1.51763218e+04 2.61983830e+00
1.51765420e+04 2.61144671e+00
1.51769075e+04 2.59762280e+00
1.51772730e+04 2.58389389e+00
1.51774931e+04 2.57567728e+00
1.51776385e+04 2.57168154e+00
1.51780040e+04 2.56171444e+00
1.51783695e+04 2.55182213e+00
1.51787350e+04 2.54199871e+00
1.51791521e+04 2.53086502e+00
1.51792502e+04 2.52826333e+00
1.51795692e+04 2.52246014e+00
1.51799863e+04 2.51493944e+00
1.51804034e+04 2.50748050e+00
1.51808205e+04 2.50007709e+00
1.51810072e+04 2.49678477e+00
1.51812376e+04 2.49413333e+00
1.51816547e+04 2.48937741e+00
1.51820718e+04 2.48466257e+00
1.51824889e+04 2.47998451e+00
1.51829060e+04 2.47533977e+00
1.51833500e+04 2.47043098e+00
1.51834189e+04 2.46999372e+00
1.51838887e+04 2.46705051e+00
1.51843584e+04 2.46413682e+00
1.51848281e+04 2.46124915e+00
1.51852979e+04 2.45838466e+00
1.51860025e+04 2.45412551e+00
1.51867071e+04 2.44990482e+00
1.51868641e+04 2.44897164e+00
1.51874117e+04 2.44723099e+00
1.51881163e+04 2.44501823e+00
1.51888209e+04 2.44282802e+00
1.51895255e+04 2.44065671e+00
1.51902301e+04 2.43850149e+00
1.51910245e+04 2.43608767e+00
1.51915495e+04 2.43450308e+00
1.51919986e+04 2.43387303e+00
1.51929728e+04 2.43252433e+00
1.51939469e+04 2.43119037e+00
1.51952457e+04 2.42943063e+00
1.51965446e+04 2.42768865e+00
1.51978434e+04 2.42596130e+00
1.51991422e+04 2.42424629e+00
1.52004411e+04 2.42254181e+00
1.52019522e+04 2.42057015e+00
1.52036757e+04 2.41833436e+00
1.52053992e+04 2.41611039e+00
1.52056059e+04 2.41584489e+00
1.52071227e+04 2.41527469e+00
1.52088461e+04 2.41463564e+00
1.52105696e+04 2.41400435e+00
1.52122931e+04 2.41337991e+00
1.52140166e+04 2.41276152e+00
1.52161083e+04 2.41201823e+00
1.52185682e+04 2.41115291e+00
1.52210281e+04 2.41029583e+00
1.52234880e+04 2.40944584e+00
1.52259479e+04 2.40860201e+00
1.52284078e+04 2.40776354e+00
1.52308677e+04 2.40692978e+00
1.52333276e+04 2.40610018e+00
1.52363304e+04 2.40509242e+00
1.52398763e+04 2.40390854e+00
1.52434221e+04 2.40273030e+00
1.52469679e+04 2.40155688e+00
1.52505138e+04 2.40038757e+00
1.52525830e+04 2.39970727e+00
1.52540596e+04 2.39967483e+00
1.52576054e+04 2.39960005e+00
1.52611512e+04 2.39952799e+00
1.52653359e+04 2.39944602e+00
1.52701595e+04 2.39935512e+00
1.52749831e+04 2.39926751e+00
1.52798067e+04 2.39918268e+00
1.52846303e+04 2.39910022e+00
1.52894539e+04 2.39901982e+00
1.52942775e+04 2.39894125e+00
1.53015129e+04 2.39882637e+00
1.53090080e+04 2.39871044e+00
1.53165032e+04 2.39859701e+00
1.53239983e+04 2.39848573e+00
1.53314934e+04 2.39837627e+00
1.53389886e+04 2.39826838e+00
1.53466475e+04 2.39815951e+00
1.53569685e+04 2.39801465e+00
1.53672896e+04 2.39787147e+00
1.53776106e+04 2.39772972e+00
1.53889661e+04 2.39757516e+00
1.54013560e+04 2.39740789e+00
1.54137458e+04 2.39724180e+00
1.54323307e+04 2.39699433e+00
1.54506639e+04 2.39675187e+00
1.54689970e+04 2.39651075e+00
1.54812192e+04 2.39635047e+00
1.55060648e+04 2.39602588e+00
1.55309104e+04 2.39570247e+00
1.55598786e+04 2.39532650e+00
1.55888469e+04 2.39495151e+00
1.56298141e+04 2.39442238e+00
1.56707813e+04 2.39389413e+00
1.57226146e+04 2.39322684e+00
1.57794842e+04 2.39249564e+00
1.58687408e+04 2.39134927e+00
1.59645031e+04 2.39012041e+00
1.60860151e+04 2.38856213e+00
1.61086030e+04 2.38846254e+00
1.63151689e+04 2.38755317e+00
1.66083184e+04 2.38626392e+00
1.72007369e+04 2.38366025e+00
1.83702238e+04 2.37852243e+00
2.01807236e+04 2.37057004e+00
2.21491084e+04 2.36192517e+00
2.45538249e+04 2.35136496e+00
2.71987085e+04 2.33975101e+00
3.03048839e+04 2.32611241e+00
3.38013871e+04 2.31076089e+00
3.76189774e+04 2.29400049e+00
4.20805435e+04 2.27441369e+00
4.70128478e+04 2.25276119e+00
5.22825558e+04 2.22962832e+00
5.55283660e+04 2.21538038e+00
5.93082978e+04 2.19523247e+00
6.04087000e+04 2.18936714e+00
6.80199875e+04 2.14879880e+00
7.38414500e+04 2.11777106e+00
7.44743877e+04 2.11372006e+00
8.03679148e+04 2.07600046e+00
8.59239434e+04 2.04044167e+00
8.73585240e+04 2.03126052e+00
9.15582248e+04 1.99928206e+00
9.62353387e+04 1.96366918e+00
9.82718329e+04 1.94816308e+00
1.01096547e+05 1.92285774e+00
1.03584971e+05 1.90056537e+00
1.06475227e+05 1.87467394e+00
1.08012139e+05 1.85820647e+00
1.11081352e+05 1.82532169e+00
1.14192818e+05 1.79198491e+00
1.15048387e+05 1.78281844e+00
1.17283158e+05 1.75439901e+00
1.20249357e+05 1.71667903e+00
1.22241024e+05 1.69135251e+00
1.23111969e+05 1.67860247e+00
1.25870589e+05 1.63821936e+00
1.26535150e+05 1.62849124e+00
1.28185652e+05 1.60131095e+00
1.30215125e+05 1.56789076e+00
1.30722494e+05 1.55953597e+00
1.32244599e+05 1.53080329e+00
1.34274072e+05 1.49249424e+00
1.34781440e+05 1.48291733e+00
1.36303545e+05 1.45046445e+00
1.38226543e+05 1.40946567e+00
1.38333019e+05 1.40719567e+00
1.39855124e+05 1.37080101e+00
1.41377229e+05 1.33440757e+00
1.42899334e+05 1.29373280e+00
1.44421439e+05 1.25305952e+00
1.45915956e+05 1.20837370e+00
1.47211965e+05 1.16962482e+00
1.48480385e+05 1.12767622e+00
1.49495122e+05 1.09411902e+00
1.49748806e+05 1.08493740e+00
1.51017227e+05 1.03903158e+00
1.51524595e+05 1.02067031e+00
1.52184174e+05 9.94582924e-01
1.53249647e+05 9.52444081e-01
1.53655542e+05 9.36392226e-01
1.54467332e+05 9.01398665e-01
1.55482068e+05 8.57659923e-01
1.55685016e+05 8.48232729e-01
1.56699752e+05 8.01100246e-01
1.57105647e+05 7.82248661e-01
1.57714489e+05 7.51923311e-01
1.58729226e+05 7.01385381e-01
1.59541015e+05 6.58332576e-01
1.60149857e+05 6.26045743e-01
1.60418876e+05 6.10949324e-01
1.61164593e+05 5.69105950e-01
1.61570488e+05 5.46332778e-01
1.61976383e+05 5.22218101e-01
1.62788172e+05 4.73993991e-01
1.63378445e+05 4.38933414e-01
1.63599962e+05 4.25224635e-01
1.64208804e+05 3.87550225e-01
1.64817646e+05 3.49880608e-01
1.65426487e+05 3.12215506e-01
1.65957601e+05 2.79364187e-01
1.66035329e+05 2.74538816e-01
1.66644171e+05 2.36747570e-01
1.67092736e+05 2.08910238e-01
1.67253014e+05 1.99195277e-01
1.67557435e+05 1.80747253e-01
1.67861855e+05 1.62882541e-01
1.68064803e+05 1.50975772e-01
1.68470698e+05 1.28053840e-01
1.68889276e+05 1.05512960e-01
1.69079539e+05 9.57382910e-02
1.69142960e+05 9.24811980e-02
1.69383961e+05 8.06283060e-02
1.69586908e+05 7.11745350e-02
1.69634474e+05 6.89596780e-02
1.69853276e+05 5.93264680e-02
1.70004793e+05 5.30183450e-02
1.70094276e+05 4.94632130e-02
1.70151231e+05 4.72015740e-02
1.70254315e+05 4.33237890e-02
1.70416212e+05 3.75275840e-02
1.70538471e+05 3.34398490e-02
1.70601644e+05 3.14477670e-02
1.70628995e+05 3.05859650e-02
1.70712235e+05 2.80972500e-02
1.70791908e+05 2.58403030e-02
1.70868013e+05 2.38085670e-02
1.70927767e+05 2.22984280e-02
1.71014575e+05 2.02367850e-02
1.71079681e+05 1.87872960e-02
1.71134381e+05 1.76556360e-02
1.71143894e+05 1.74590760e-02
1.71208108e+05 1.62313380e-02
1.71270340e+05 1.51356460e-02
1.71332572e+05 1.41350560e-02
1.71387979e+05 1.33243360e-02
1.71443386e+05 1.25906440e-02
1.71496618e+05 1.19669370e-02
1.71545503e+05 1.14633190e-02
1.71594388e+05 1.10244340e-02
1.71616381e+05 1.08532960e-02
1.71630626e+05 1.07428640e-02
1.71670512e+05 1.04808480e-02
1.71710398e+05 1.02659000e-02
1.71750284e+05 1.00974560e-02
1.71795187e+05 9.96252100e-03
1.71832626e+05 9.89796200e-03
1.71870065e+05 9.87830700e-03
1.71901776e+05 9.89955600e-03
1.71933486e+05 9.95300200e-03
1.71965197e+05 1.00395310e-02
1.71996907e+05 1.01597740e-02
1.72028618e+05 1.03142160e-02
1.72060328e+05 1.05033450e-02
1.72092039e+05 1.07278500e-02
1.72123749e+05 1.09893180e-02
1.72163388e+05 1.13688680e-02
1.72203026e+05 1.18054260e-02
1.72242664e+05 1.22993500e-02
1.72282302e+05 1.28513420e-02
1.72317976e+05 1.33998210e-02
1.72353651e+05 1.39987470e-02
1.72389325e+05 1.46485480e-02
1.72425000e+05 1.53517270e-02
1.72469964e+05 1.63129010e-02
1.72514929e+05 1.73565000e-02
1.72559893e+05 1.84897690e-02
1.72604858e+05 1.97052130e-02
1.72631118e+05 2.04789940e-02
1.72662420e+05 2.14024780e-02
1.72719982e+05 2.32430180e-02
1.72778423e+05 2.52759200e-02
1.72838624e+05 2.75330710e-02
1.72898824e+05 2.99768780e-02
1.72952335e+05 3.22975930e-02
1.73002503e+05 3.46055690e-02
1.73052670e+05 3.70403150e-02
1.73087749e+05 3.88602150e-02
1.73120228e+05 4.05464470e-02
1.73187786e+05 4.43097080e-02
1.73232825e+05 4.69562260e-02
1.73298228e+05 5.10098600e-02
1.73363631e+05 5.53177150e-02
1.73434980e+05 6.03136330e-02
1.73506328e+05 6.56383710e-02
1.73544381e+05 6.86599330e-02
1.73582434e+05 7.16831960e-02
1.73658539e+05 7.81194370e-02
1.73734644e+05 8.49585140e-02
1.73810749e+05 9.22136990e-02
1.73886855e+05 9.98986040e-02
1.73962960e+05 1.08035164e-01
1.74001012e+05 1.12355455e-01
1.74048578e+05 1.17758201e-01
1.74134197e+05 1.28078741e-01
1.74243994e+05 1.42243491e-01
1.74353792e+05 1.57456202e-01
1.74457644e+05 1.72968227e-01
1.74478256e+05 1.76048055e-01
1.74569424e+05 1.90610220e-01
1.74660591e+05 2.06046606e-01
1.74762065e+05 2.24273099e-01
1.74863538e+05 2.43637309e-01
1.74863538e+05 2.43637328e-01
1.74965012e+05 2.64197690e-01
1.75066486e+05 2.86000075e-01
1.75167959e+05 3.09098157e-01
1.75269433e+05 3.33547716e-01
1.75269433e+05 3.33547740e-01
1.75370907e+05 3.59413068e-01
1.75472380e+05 3.86748409e-01
1.75573854e+05 4.15616682e-01
1.75675328e+05 4.46095076e-01
1.75675328e+05 4.46095106e-01
1.75789486e+05 4.82453700e-01
1.75903644e+05 5.21077265e-01
1.76030486e+05 5.66593486e-01
1.76081222e+05 5.86107026e-01
1.76182696e+05 6.25141572e-01
1.76334907e+05 6.88406658e-01
1.76487117e+05 7.56432802e-01
1.76639328e+05 8.29814654e-01
1.76791538e+05 9.08565589e-01
1.76893012e+05 9.65077732e-01
1.76943749e+05 9.93338222e-01
1.77095959e+05 1.08415786e+00
1.77248170e+05 1.18173383e+00
1.77298906e+05 1.21651537e+00
1.77400380e+05 1.28608781e+00
1.77552591e+05 1.39800488e+00
1.77704801e+05 1.51747837e+00
1.77857012e+05 1.64538370e+00
1.78009222e+05 1.78168229e+00
1.78110696e+05 1.87876164e+00
1.78161433e+05 1.92730637e+00
1.78313643e+05 2.08220439e+00
1.78465854e+05 2.24736041e+00
1.78516590e+05 2.30586242e+00
1.78618064e+05 2.42287735e+00
1.78821011e+05 2.67403329e+00
1.79023959e+05 2.94533499e+00
1.79226906e+05 3.23785002e+00
1.79404485e+05 3.51236153e+00
1.79480590e+05 3.63855876e+00
1.79632801e+05 3.89096618e+00
1.79835748e+05 4.25195272e+00
1.80038695e+05 4.63675808e+00
1.80241643e+05 5.04527639e+00
1.80444590e+05 5.47717935e+00
1.80647537e+05 5.93227369e+00
1.80951958e+05 6.65541044e+00
1.81053432e+05 6.90942681e+00
1.81256379e+05 7.41743288e+00
1.81459327e+05 7.95739326e+00
1.81865221e+05 9.03724086e+00
1.82169642e+05 9.84705899e+00
1.82474063e+05 1.06568113e+01
1.82791808e+05 1.14637277e+01
1.82880486e+05 1.16888982e+01
1.83188755e+05 1.24087428e+01
1.83206439e+05 1.24500328e+01
1.83481081e+05 1.30218763e+01
1.83539011e+05 1.31424795e+01
1.83773408e+05 1.35586678e+01
1.83877566e+05 1.37435803e+01
1.84007432e+05 1.39345562e+01
1.84137298e+05 1.41255027e+01
1.84326364e+05 1.43448771e+01
1.84465687e+05 1.45065046e+01
1.84605010e+05 1.46242094e+01
1.84706484e+05 1.47099170e+01
1.85010905e+05 1.48870949e+01
1.85492905e+05 1.49855626e+01
1.85547000e+05 1.49764684e+01
1.85860747e+05 1.49236900e+01
1.86228589e+05 1.47857853e+01
1.86634484e+05 1.45400220e+01
1.86837431e+05 1.43798383e+01
1.87193859e+05 1.40985419e+01
1.87320066e+05 1.39766236e+01
1.87750694e+05 1.35606717e+01
1.88163157e+05 1.31623090e+01
1.88536172e+05 1.28020855e+01
1.88818787e+05 1.25291867e+01
1.89164650e+05 1.21952529e+01
1.89367598e+05 1.19993330e+01
1.89518472e+05 1.18537075e+01
1.89644665e+05 1.17319319e+01
1.89712061e+05 1.16669176e+01
1.89720381e+05 1.16603984e+01
1.89797575e+05 1.15999484e+01
1.89836172e+05 1.15697454e+01
1.89874768e+05 1.15395685e+01
1.89907886e+05 1.15137051e+01
1.89932724e+05 1.14943348e+01
1.89957562e+05 1.14749984e+01
1.89974120e+05 1.14621343e+01
1.89990679e+05 1.14493002e+01
1.90003098e+05 1.14397007e+01
1.90017256e+05 1.14287937e+01
1.90027274e+05 1.14211070e+01
1.90037292e+05 1.14134548e+01
1.90044806e+05 1.14077451e+01
1.90052320e+05 1.14020685e+01
1.90059833e+05 1.13964357e+01
1.90064842e+05 1.13927126e+01
1.90069851e+05 1.13890235e+01
1.90074861e+05 1.13853780e+01
1.90078617e+05 1.13826807e+01
1.90082374e+05 1.13800233e+01
1.90086131e+05 1.13774155e+01
1.90089244e+05 1.13753008e+01
1.90092036e+05 1.13734479e+01
1.90094828e+05 1.13716440e+01
1.90096212e+05 1.13707782e+01
1.90097620e+05 1.13743486e+01
1.90100411e+05 1.13814973e+01
1.90103203e+05 1.13887267e+01
1.90105995e+05 1.13960508e+01
1.90107856e+05 1.14009941e+01
1.90109717e+05 1.14059921e+01
1.90111578e+05 1.14110509e+01
1.90113439e+05 1.14161768e+01
1.90115300e+05 1.14213769e+01
1.90116200e+05 1.14239300e+01
1.90117161e+05 1.14314863e+01
1.90118992e+05 1.14459644e+01
1.90120823e+05 1.14605370e+01
1.90122654e+05 1.14752145e+01
1.90124485e+05 1.14900047e+01
1.90126316e+05 1.15049191e+01
1.90128147e+05 1.15199665e+01
1.90129525e+05 1.15313949e+01
1.90129978e+05 1.15381788e+01
1.90131810e+05 1.15657124e+01
1.90133962e+05 1.15982957e+01
1.90136114e+05 1.16311301e+01
1.90138267e+05 1.16642339e+01
1.90139519e+05 1.16836557e+01
1.90140419e+05 1.17052781e+01
1.90142572e+05 1.17572683e+01
1.90144410e+05 1.18019329e+01
1.90146092e+05 1.18430044e+01
1.90147773e+05 1.18842962e+01
1.90149513e+05 1.19272944e+01
1.90150015e+05 1.19441750e+01
1.90152257e+05 1.20199383e+01
1.90154191e+05 1.20856727e+01
1.90156126e+05 1.21517396e+01
1.90156175e+05 1.21534354e+01
1.90158060e+05 1.22331991e+01
1.90160640e+05 1.23428744e+01
1.90162574e+05 1.24255355e+01
1.90162838e+05 1.24368485e+01
1.90165040e+05 1.25492483e+01
1.90167505e+05 1.26756512e+01
1.90169500e+05 1.27783695e+01
1.90169971e+05 1.28060895e+01
1.90172436e+05 1.29518780e+01
1.90175246e+05 1.31185885e+01
1.90176163e+05 1.31732245e+01
1.90179460e+05 1.33942833e+01
1.90185590e+05 1.38067488e+01
1.90195168e+05 1.44518562e+01
1.90199482e+05 1.47410942e+01
1.90200700e+05 1.48110477e+01
1.90204103e+05 1.50051100e+01
1.90207505e+05 1.51977885e+01
1.90208784e+05 1.52695553e+01
1.90210908e+05 1.53592469e+01
1.90214310e+05 1.55009980e+01
1.90214754e+05 1.55192011e+01
1.90217713e+05 1.55985330e+01
1.90220724e+05 1.56772328e+01
1.90221116e+05 1.56811900e+01
1.90224518e+05 1.57131943e+01
1.90226219e+05 1.57282690e+01
1.90226695e+05 1.57322483e+01
1.90229078e+05 1.57129132e+01
1.90231936e+05 1.56879852e+01
1.90232541e+05 1.56823492e+01
1.90234794e+05 1.56258585e+01
1.90237652e+05 1.55525786e+01
1.90238387e+05 1.55333449e+01
1.90240510e+05 1.54523485e+01
1.90242284e+05 1.53837966e+01
1.90243368e+05 1.53289988e+01
1.90247179e+05 1.51344268e+01
1.90250079e+05 1.49849454e+01
1.90250990e+05 1.49277114e+01
1.90254801e+05 1.46867981e+01
1.90257874e+05 1.44915773e+01
1.90260236e+05 1.43308220e+01
1.90270823e+05 1.36086435e+01
1.90275157e+05 1.33139458e+01
1.90277361e+05 1.31645211e+01
1.90278046e+05 1.31234486e+01
1.90281657e+05 1.29077427e+01
1.90284789e+05 1.27214687e+01
1.90285156e+05 1.26997759e+01
1.90287200e+05 1.25966630e+01
1.90289610e+05 1.24755938e+01
1.90292020e+05 1.23550673e+01
1.90293260e+05 1.22933605e+01
1.90294533e+05 1.22424632e+01
1.90296417e+05 1.21674927e+01
1.90298302e+05 1.20928465e+01
1.90300186e+05 1.20185227e+01
1.90301674e+05 1.19600718e+01
1.90302070e+05 1.19481995e+01
1.90304097e+05 1.18878021e+01
1.90306124e+05 1.18277405e+01
1.90308151e+05 1.17680036e+01
1.90310088e+05 1.17111917e+01
1.90310177e+05 1.17092697e+01
1.90312204e+05 1.16659860e+01
1.90314237e+05 1.16228557e+01
1.90316272e+05 1.15799232e+01
1.90318307e+05 1.15372332e+01
1.90318502e+05 1.15331775e+01
1.90320343e+05 1.15080113e+01
1.90322378e+05 1.14803985e+01
1.90323735e+05 1.14620987e+01
1.90325660e+05 1.14362729e+01
1.90327586e+05 1.14105992e+01
1.90329511e+05 1.13850629e+01
1.90331123e+05 1.13637873e+01
1.90331436e+05 1.13615429e+01
1.90333361e+05 1.13478585e+01
1.90335286e+05 1.13342807e+01
1.90337211e+05 1.13207990e+01
1.90339136e+05 1.13074045e+01
1.90341252e+05 1.12927750e+01
1.90343367e+05 1.12782313e+01
1.90345483e+05 1.12637634e+01
1.90347598e+05 1.12493628e+01
1.90347951e+05 1.12469759e+01
1.90349714e+05 1.12413519e+01
1.90351829e+05 1.12346579e+01
1.90353945e+05 1.12280106e+01
1.90357118e+05 1.12181153e+01
1.90360292e+05 1.12082969e+01
1.90363465e+05 1.11985422e+01
1.90366638e+05 1.11888403e+01
1.90368754e+05 1.11823969e+01
1.90372985e+05 1.11695591e+01
1.90373192e+05 1.11689312e+01
1.90377261e+05 1.11624184e+01
1.90381538e+05 1.11556156e+01
1.90387240e+05 1.11465964e+01
1.90392942e+05 1.11376219e+01
1.90398644e+05 1.11286819e+01
1.90407196e+05 1.11153200e+01
1.90415750e+05 1.11020018e+01
1.90423676e+05 1.10896899e+01
1.90424302e+05 1.10890306e+01
1.90435706e+05 1.10770697e+01
1.90447110e+05 1.10651429e+01
1.90458514e+05 1.10532423e+01
1.90473996e+05 1.10371186e+01
1.90493555e+05 1.10167876e+01
1.90513115e+05 1.09964884e+01
1.90542454e+05 1.09660803e+01
1.90571793e+05 1.09357073e+01
1.90601132e+05 1.09053590e+01
1.90642694e+05 1.08623953e+01
1.90674137e+05 1.08299066e+01
1.90686699e+05 1.08195698e+01
1.90752707e+05 1.07652900e+01
1.90825144e+05 1.07057466e+01
1.90910436e+05 1.06356571e+01
1.91024159e+05 1.05422203e+01
1.91191256e+05 1.04049569e+01
1.91387984e+05 1.02433735e+01
1.91642005e+05 1.00573891e+01
1.91945391e+05 9.83527939e+00
1.92164104e+05 9.67517196e+00
1.92305336e+05 9.58336914e+00
1.92587799e+05 9.39977506e+00
1.92984763e+05 9.14177371e+00
1.93070007e+05 9.08637410e+00
1.93410983e+05 8.89101927e+00
1.93812176e+05 8.66118022e+00
1.93929991e+05 8.59368866e+00
1.94283438e+05 8.41550811e+00
1.94705567e+05 8.20271645e+00
1.94857723e+05 8.12601996e+00
1.95162036e+05 7.99105524e+00
1.95618506e+05 7.78861876e+00
1.95815015e+05 7.70147489e+00
1.96109779e+05 7.58697792e+00
1.96404543e+05 7.47248590e+00
1.96797562e+05 7.31983557e+00
1.97317482e+05 7.14395713e+00
1.97825088e+05 6.97225264e+00
1.97951990e+05 6.92932839e+00
1.98332694e+05 6.81773997e+00
1.98840300e+05 6.66896207e+00
1.99094103e+05 6.59457626e+00
1.99384944e+05 6.52064645e+00
2.00040702e+05 6.35396521e+00
2.00368581e+05 6.27062843e+00
2.00696460e+05 6.19848521e+00
2.01352217e+05 6.05420554e+00
2.01680096e+05 5.98206825e+00
2.01844035e+05 5.95089620e+00
2.02344403e+05 5.85575778e+00
2.03143047e+05 5.70391172e+00
2.03888738e+05 5.58251106e+00
2.04565000e+05 5.47241766e+00
2.04783567e+05 5.43683677e+00
2.05230981e+05 5.37400429e+00
2.06051155e+05 5.25882787e+00
2.06324547e+05 5.22043694e+00
2.06871329e+05 5.15448688e+00
2.07691503e+05 5.05556563e+00
2.08238286e+05 4.98962002e+00
2.08511677e+05 4.96133185e+00
2.09331851e+05 4.87647032e+00
2.10150373e+05 4.79178186e+00
2.11107399e+05 4.70738285e+00
2.12064425e+05 4.62298618e+00
2.12383434e+05 4.59485478e+00
2.13021451e+05 4.54720691e+00
2.13978477e+05 4.47573694e+00
2.14935503e+05 4.40426897e+00
2.15024256e+05 4.39869155e+00
2.16079489e+05 4.33238028e+00
2.17174399e+05 4.26357750e+00
2.17721854e+05 4.22917692e+00
2.18269309e+05 4.20026314e+00
2.19637946e+05 4.12798067e+00
2.20776922e+05 4.06782919e+00
2.21072682e+05 4.05476628e+00
2.22255724e+05 4.00251607e+00
2.23575378e+05 3.94423365e+00
2.24231685e+05 3.91524870e+00
2.24887991e+05 3.89126086e+00
2.26200604e+05 3.84328676e+00
2.27216899e+05 3.80614391e+00
2.27979120e+05 3.77828775e+00
2.28233194e+05 3.76900271e+00
2.28823329e+05 3.75160745e+00
2.29413464e+05 3.73421323e+00
2.29914809e+05 3.71943722e+00
2.30416153e+05 3.70466236e+00
2.30796944e+05 3.69344154e+00
2.31143341e+05 3.68323545e+00
2.31379185e+05 3.67628757e+00
2.31615030e+05 3.66934068e+00
2.31850875e+05 3.66239506e+00
2.32063096e+05 3.65895078e+00
2.32247722e+05 3.65595576e+00
2.32428376e+05 3.65302678e+00
2.32563867e+05 3.65083136e+00
2.32699357e+05 3.64863735e+00
2.32823069e+05 3.64663561e+00
2.32946781e+05 3.64463560e+00
2.33052819e+05 3.64292304e+00
2.33158858e+05 3.64121243e+00
2.33252936e+05 3.63969677e+00
2.33347014e+05 3.63818336e+00
2.33429133e+05 3.63686458e+00
2.33429133e+05 3.63686459e+00
2.33511251e+05 3.63897957e+00
2.33585522e+05 3.64089510e+00
2.33659794e+05 3.64281364e+00
2.33721543e+05 3.64441151e+00
2.33783291e+05 3.64601216e+00
2.33846114e+05 3.64764426e+00
2.33889429e+05 3.64877201e+00
2.33932743e+05 3.64990201e+00
2.33976058e+05 3.65103462e+00
2.33999428e+05 3.65164737e+00
2.34016889e+05 3.65326123e+00
2.34055238e+05 3.65680855e+00
2.34093586e+05 3.66035899e+00
2.34131934e+05 3.66391307e+00
2.34171479e+05 3.66758239e+00
2.34189527e+05 3.66925936e+00
2.34212221e+05 3.67368511e+00
2.34242777e+05 3.67964815e+00
2.34273334e+05 3.68561530e+00
2.34303890e+05 3.69158714e+00
2.34332116e+05 3.69710829e+00
2.34359177e+05 3.70240636e+00
2.34386238e+05 3.70770972e+00
2.34402800e+05 3.71095929e+00
2.34413299e+05 3.71489312e+00
2.34440360e+05 3.72503964e+00
2.34467755e+05 3.73531972e+00
2.34495820e+05 3.74586070e+00
2.34517062e+05 3.75384823e+00
2.34523884e+05 3.75805961e+00
2.34542593e+05 3.76961770e+00
2.34561303e+05 3.78118275e+00
2.34580012e+05 3.79275551e+00
2.34598722e+05 3.80433691e+00
2.34616091e+05 3.81509726e+00
2.34631324e+05 3.82454229e+00
2.34632120e+05 3.82531902e+00
2.34648149e+05 3.84097651e+00
2.34664177e+05 3.85664404e+00
2.34680206e+05 3.87232296e+00
2.34690362e+05 3.88226508e+00
2.34696235e+05 3.89042137e+00
2.34712264e+05 3.91269565e+00
2.34728293e+05 3.93498643e+00
2.34742101e+05 3.95420464e+00
2.34749399e+05 3.96437117e+00
2.34759484e+05 3.98381404e+00
2.34771072e+05 4.00617236e+00
2.34782660e+05 4.02854486e+00
2.34788758e+05 4.04032511e+00
2.34794248e+05 4.05444962e+00
2.34805837e+05 4.08427655e+00
2.34817425e+05 4.11412409e+00
2.34827543e+05 4.14020623e+00
2.34829013e+05 4.14516460e+00
2.34838746e+05 4.17802388e+00
2.34848479e+05 4.21090311e+00
2.34856633e+05 4.23846560e+00
2.34858212e+05 4.24535446e+00
2.34867946e+05 4.28782988e+00
2.34877679e+05 4.33033378e+00
2.34885722e+05 4.36548670e+00
2.34887412e+05 4.37474620e+00
2.34897145e+05 4.42812909e+00
2.34905115e+05 4.47187792e+00
2.34906878e+05 4.48369343e+00
2.34917568e+05 4.55540164e+00
2.34924508e+05 4.60200299e+00
2.34928257e+05 4.63314433e+00
2.34935384e+05 4.69238215e+00
2.34942510e+05 4.75165783e+00
2.34943901e+05 4.76323691e+00
2.34949636e+05 4.82111406e+00
2.34956763e+05 4.89307662e+00
2.34957693e+05 4.90247572e+00
2.34963889e+05 4.97669240e+00
2.34971485e+05 5.06773813e+00
2.34972330e+05 5.07985340e+00
2.34980770e+05 5.20097807e+00
2.34985277e+05 5.26570017e+00
2.34986397e+05 5.28466953e+00
2.34992024e+05 5.38000145e+00
2.34995620e+05 5.44097632e+00
2.34997651e+05 5.48091558e+00
2.35003278e+05 5.59167886e+00
2.35005964e+05 5.64460142e+00
2.35008905e+05 5.71223370e+00
2.35014059e+05 5.83088324e+00
2.35016308e+05 5.88267743e+00
2.35019214e+05 5.96132934e+00
2.35024369e+05 6.10092964e+00
2.35026652e+05 6.16279241e+00
2.35029524e+05 6.25480448e+00
2.35034679e+05 6.42005451e+00
2.35036996e+05 6.49437925e+00
2.35039834e+05 6.59937976e+00
2.35043892e+05 6.74961502e+00
2.35044989e+05 6.79525909e+00
2.35050144e+05 7.00988158e+00
2.35050788e+05 7.03671587e+00
2.35056121e+05 7.28616849e+00
2.35057431e+05 7.34750331e+00
2.35062099e+05 7.59173914e+00
2.35063823e+05 7.68205156e+00
2.35068076e+05 7.93042215e+00
2.35070215e+05 8.05540622e+00
2.35074054e+05 8.30526010e+00
2.35076606e+05 8.47152224e+00
2.35080031e+05 8.71938812e+00
2.35082998e+05 8.93426459e+00
2.35086013e+05 9.17612499e+00
2.35089389e+05 9.44714000e+00
2.35091998e+05 9.67797613e+00
2.35095781e+05 1.00130328e+01
2.35097982e+05 1.02267221e+01
2.35102173e+05 1.06338118e+01
2.35103967e+05 1.08238229e+01
2.35108830e+05 1.13392666e+01
2.35109951e+05 1.14679958e+01
2.35115754e+05 1.21348484e+01
2.35115838e+05 1.21451917e+01
2.35122678e+05 1.29888434e+01
2.35123427e+05 1.30877009e+01
2.35132913e+05 1.43400410e+01
2.35133063e+05 1.43598771e+01
2.35154421e+05 1.73060915e+01
2.35157297e+05 1.77026484e+01
2.35164544e+05 1.86250474e+01
2.35166266e+05 1.88439852e+01
2.35171294e+05 1.94069141e+01
2.35174528e+05 1.97686358e+01
2.35178043e+05 2.01039502e+01
2.35180035e+05 2.02937264e+01
2.35183105e+05 2.05374634e+01
2.35185543e+05 2.07307438e+01
2.35188167e+05 2.08919934e+01
2.35191051e+05 2.10688214e+01
2.35193229e+05 2.11601591e+01
2.35196558e+05 2.12992923e+01
2.35198291e+05 2.13362246e+01
2.35202066e+05 2.14161467e+01
2.35203160e+05 2.14220891e+01
2.35204784e+05 2.14307415e+01
2.35204820e+05 2.14309281e+01
2.35211138e+05 2.13508449e+01
2.35211408e+05 2.13473644e+01
2.35217492e+05 2.11187152e+01
2.35217997e+05 2.10996335e+01
2.35223846e+05 2.07423970e+01
2.35224586e+05 2.06970724e+01
2.35230200e+05 2.02348829e+01
2.35231174e+05 2.01544907e+01
2.35236554e+05 1.96130038e+01
2.35237763e+05 1.94911105e+01
2.35242908e+05 1.88963845e+01
2.35244352e+05 1.87292811e+01
2.35251380e+05 1.78276526e+01
2.35253137e+05 1.76020685e+01
2.35264088e+05 1.60962966e+01
2.35278584e+05 1.41028673e+01
2.35280312e+05 1.38653629e+01
2.35286616e+05 1.30471658e+01
2.35288130e+05 1.28506920e+01
2.35292640e+05 1.23032397e+01
2.35295949e+05 1.19017103e+01
2.35298664e+05 1.15986113e+01
2.35303768e+05 1.10291724e+01
2.35304688e+05 1.09360380e+01
2.35310676e+05 1.03304294e+01
2.35311587e+05 1.02384117e+01
2.35316664e+05 9.77599073e+00
2.35318711e+05 9.58970059e+00
2.35322652e+05 9.26403838e+00
2.35324447e+05 9.11584060e+00
2.35328640e+05 8.80422056e+00
2.35332094e+05 8.54769767e+00
2.35334628e+05 8.38170792e+00
2.35339742e+05 8.04690819e+00
2.35340620e+05 7.99635529e+00
2.35346614e+05 7.65150613e+00
2.35347389e+05 7.60694306e+00
2.35352609e+05 7.34351025e+00
2.35355037e+05 7.22102817e+00
2.35358603e+05 7.06316013e+00
2.35362685e+05 6.88259237e+00
2.35364597e+05 6.80826501e+00
2.35368593e+05 6.65306803e+00
2.35370332e+05 6.58557009e+00
2.35373965e+05 6.46148701e+00
2.35377980e+05 6.32445559e+00
2.35379337e+05 6.28391605e+00
2.35384709e+05 6.12356439e+00
2.35386641e+05 6.06590957e+00
2.35390081e+05 5.97654290e+00
2.35395303e+05 5.84092761e+00
2.35395452e+05 5.83753284e+00
2.35400824e+05 5.71555570e+00
2.35403964e+05 5.64429367e+00
2.35406196e+05 5.60111836e+00
2.35411568e+05 5.49725490e+00
2.35416957e+05 5.39312250e+00
2.35417892e+05 5.37807694e+00
2.35424217e+05 5.27644643e+00
2.35429949e+05 5.18440027e+00
2.35430541e+05 5.17640338e+00
2.35436866e+05 5.09111645e+00
2.35442941e+05 5.00924631e+00
2.35443191e+05 5.00639281e+00
2.35449515e+05 4.93413724e+00
2.35455934e+05 4.86086836e+00
2.35459002e+05 4.83162228e+00
2.35466436e+05 4.76083821e+00
2.35473256e+05 4.69593868e+00
2.35474979e+05 4.68247310e+00
2.35483521e+05 4.61572932e+00
2.35490579e+05 4.56062317e+00
2.35492064e+05 4.55098828e+00
2.35500607e+05 4.49558162e+00
2.35507902e+05 4.44829330e+00
2.35509149e+05 4.44157545e+00
2.35517692e+05 4.39557673e+00
2.35526234e+05 4.34960760e+00
2.35527561e+05 4.34247535e+00
2.35535348e+05 4.30801896e+00
2.35545032e+05 4.26519844e+00
2.35549554e+05 4.24521820e+00
2.35554717e+05 4.22713033e+00
2.35564401e+05 4.19322528e+00
2.35574085e+05 4.15934149e+00
2.35582543e+05 4.12976770e+00
2.35588611e+05 4.11284459e+00
2.35603138e+05 4.07236899e+00
2.35604536e+05 4.06847452e+00
2.35614747e+05 4.04598038e+00
2.35628282e+05 4.01618665e+00
2.35641817e+05 3.98641468e+00
2.35648523e+05 3.97167317e+00
2.35655351e+05 3.96038528e+00
2.35668886e+05 3.93802903e+00
2.35682421e+05 3.91568791e+00
2.35692509e+05 3.89904574e+00
2.35695955e+05 3.89499100e+00
2.35709490e+05 3.87907966e+00
2.35724557e+05 3.86137886e+00
2.35741157e+05 3.84189118e+00
2.35757757e+05 3.82241605e+00
2.35759287e+05 3.82062159e+00
2.35774357e+05 3.80817485e+00
2.35790957e+05 3.79447392e+00
2.35807556e+05 3.78078196e+00
2.35824156e+05 3.76709789e+00
2.35826066e+05 3.76552486e+00
2.35849056e+05 3.75048730e+00
2.35867660e+05 3.73832758e+00
2.35870584e+05 3.73641727e+00
2.35886264e+05 3.72930798e+00
2.35914171e+05 3.71666627e+00
2.35942077e+05 3.70403587e+00
2.35969983e+05 3.69141528e+00
2.35997889e+05 3.67880321e+00
2.35998670e+05 3.67845072e+00
2.36025907e+05 3.67052652e+00
2.36053924e+05 3.66238175e+00
2.36081940e+05 3.65424267e+00
2.36109957e+05 3.64610858e+00
2.36126755e+05 3.64123435e+00
2.36137975e+05 3.63926804e+00
2.36169792e+05 3.63369621e+00
2.36203511e+05 3.62779641e+00
2.36237229e+05 3.62190099e+00
2.36282186e+05 3.61404608e+00
2.36327144e+05 3.60619662e+00
2.36357138e+05 3.60096282e+00
2.36367196e+05 3.60001434e+00
2.36407248e+05 3.59624079e+00
2.36447301e+05 3.59247014e+00
2.36487353e+05 3.58870203e+00
2.36531908e+05 3.58451295e+00
2.36576462e+05 3.58032624e+00
2.36621016e+05 3.57614168e+00
2.36684498e+05 3.57018255e+00
2.36741281e+05 3.56485492e+00
2.36752872e+05 3.56376777e+00
2.36798063e+05 3.56165922e+00
2.36856938e+05 3.55891432e+00
2.36896886e+05 3.55705266e+00
2.36976782e+05 3.55333162e+00
2.37053177e+05 3.54977607e+00
2.37129572e+05 3.54622222e+00
2.37227955e+05 3.54164788e+00
2.37326337e+05 3.53707570e+00
2.37431476e+05 3.53219151e+00
2.37536616e+05 3.52730902e+00
2.37649653e+05 3.52206123e+00
2.37762691e+05 3.51913039e+00
2.37892214e+05 3.51577341e+00
2.38021737e+05 3.51241766e+00
2.38167744e+05 3.50863601e+00
2.38362421e+05 3.50359541e+00
2.38557097e+05 3.49855623e+00
2.38780164e+05 3.49278358e+00
2.39031621e+05 3.48627758e+00
2.39283078e+05 3.47977270e+00
2.39534536e+05 3.47326872e+00
2.39903828e+05 3.46371812e+00
2.40309767e+05 3.45322096e+00
2.40796895e+05 3.44382517e+00
2.41378686e+05 3.43260473e+00
2.42007808e+05 3.42047254e+00
2.42636931e+05 3.40834104e+00
2.43640263e+05 3.38899472e+00
2.44803725e+05 3.36656189e+00
2.46203326e+05 3.33957704e+00
2.47602927e+05 3.31797411e+00
2.49410139e+05 3.29008043e+00
2.51800858e+05 3.25318148e+00
2.53551376e+05 3.22616407e+00
2.54134883e+05 3.21890456e+00
2.56995644e+05 3.18331405e+00
2.60069675e+05 3.14507102e+00
2.61914093e+05 3.12212555e+00
2.63270147e+05 3.10860764e+00
2.67338306e+05 3.06805466e+00
2.71109969e+05 3.03045789e+00
2.72522500e+05 3.01637766e+00
2.75343845e+05 2.99531598e+00
2.79759442e+05 2.96235363e+00
2.83943414e+05 2.93112092e+00
2.87558255e+05 2.90413725e+00
2.90395974e+05 2.88295516e+00
2.91833169e+05 2.87222767e+00
2.92014762e+05 2.87108388e+00
2.93633549e+05 2.86088827e+00
2.94608220e+05 2.85474998e+00
2.95488657e+05 2.84920567e+00
2.96135623e+05 2.84513205e+00
2.96674761e+05 2.84173781e+00
2.97224301e+05 2.83827867e+00
2.97641657e+05 2.83565215e+00
2.97975541e+05 2.83355140e+00
2.98225954e+05 2.83197619e+00
2.98484521e+05 2.83035012e+00
2.98743088e+05 2.82872457e+00
2.98937013e+05 2.82750585e+00
2.99188276e+05 2.82592748e+00
2.99360290e+05 2.82484750e+00
2.99560428e+05 2.82695467e+00
2.99710532e+05 2.82853567e+00
2.99860636e+05 2.83011736e+00
2.99999453e+05 2.83158083e+00
3.00138269e+05 2.83304514e+00
3.00235137e+05 2.83406754e+00
3.00332005e+05 2.83509055e+00
3.00428873e+05 2.83611426e+00
3.00524936e+05 2.83713025e+00
3.00525741e+05 2.83716189e+00
3.00618970e+05 2.84082745e+00
3.00712199e+05 2.84449401e+00
3.00795727e+05 2.84778011e+00
3.00879256e+05 2.85106738e+00
3.00913152e+05 2.85240188e+00
3.00953375e+05 2.85595520e+00
3.01027494e+05 2.86250412e+00
3.01101065e+05 2.86900613e+00
3.01173540e+05 2.87541298e+00
3.01246015e+05 2.88182173e+00
3.01255426e+05 2.88265420e+00
3.01293710e+05 2.88916239e+00
3.01340783e+05 2.89716617e+00
3.01387857e+05 2.90517121e+00
3.01434930e+05 2.91317762e+00
3.01479431e+05 2.92074805e+00
3.01502595e+05 2.92468962e+00
3.01521359e+05 2.93002474e+00
3.01563288e+05 2.94194786e+00
3.01605216e+05 2.95387297e+00
3.01648995e+05 2.96632688e+00
3.01667375e+05 2.97155656e+00
3.01694626e+05 2.98320103e+00
3.01728848e+05 2.99782717e+00
3.01763071e+05 3.01245556e+00
3.01784094e+05 3.02144338e+00
3.01797293e+05 3.02953395e+00
3.01831946e+05 3.05077681e+00
3.01866813e+05 3.07215499e+00
3.01900813e+05 3.09300499e+00
3.01901680e+05 3.09376146e+00
3.01936548e+05 3.12416009e+00
3.01971415e+05 3.15456418e+00
3.01992278e+05 3.17276043e+00
3.02004929e+05 3.18792346e+00
3.02035737e+05 3.22485435e+00
3.02060877e+05 3.25499733e+00
3.02066544e+05 3.26386590e+00
3.02087083e+05 3.29601200e+00
3.02107621e+05 3.32816196e+00
3.02126857e+05 3.35827783e+00
3.02128160e+05 3.36088081e+00
3.02148698e+05 3.40194327e+00
3.02168070e+05 3.44067838e+00
3.02169971e+05 3.44448108e+00
3.02186275e+05 3.48468198e+00
3.02204480e+05 3.52957672e+00
3.02213085e+05 3.55080025e+00
3.02222685e+05 3.58001397e+00
3.02240890e+05 3.63542014e+00
3.02256199e+05 3.68201748e+00
3.02259096e+05 3.69285893e+00
3.02277301e+05 3.76100607e+00
3.02290683e+05 3.81110610e+00
3.02295506e+05 3.83310683e+00
3.02311720e+05 3.90707801e+00
3.02325166e+05 3.96842549e+00
3.02325945e+05 3.97261627e+00
3.02340169e+05 4.04920494e+00
3.02348155e+05 4.09221351e+00
3.02354393e+05 4.13092436e+00
3.02368617e+05 4.21921174e+00
3.02371144e+05 4.23490174e+00
3.02382841e+05 4.31935717e+00
3.02394134e+05 4.40090526e+00
3.02397065e+05 4.42562450e+00
3.02411289e+05 4.54557686e+00
3.02417123e+05 4.59477665e+00
3.02424102e+05 4.66379902e+00
3.02435504e+05 4.77656791e+00
3.02440112e+05 4.82214172e+00
3.02446906e+05 4.89968751e+00
3.02456984e+05 5.01471124e+00
3.02458308e+05 5.03187256e+00
3.02469710e+05 5.17960021e+00
3.02473856e+05 5.23331316e+00
3.02481112e+05 5.34043292e+00
3.02490727e+05 5.48238105e+00
3.02492514e+05 5.51251643e+00
3.02503916e+05 5.70482885e+00
3.02507599e+05 5.76695430e+00
3.02514535e+05 5.90099809e+00
3.02524372e+05 6.09110398e+00
3.02524471e+05 6.09302921e+00
3.02534208e+05 6.30550749e+00
3.02537125e+05 6.36918063e+00
3.02544044e+05 6.53710505e+00
3.02549779e+05 6.67631998e+00
3.02553880e+05 6.78713400e+00
3.02562433e+05 7.01827717e+00
3.02563716e+05 7.05688944e+00
3.02573552e+05 7.35291814e+00
3.02575087e+05 7.39910897e+00
3.02583388e+05 7.67469897e+00
3.02585587e+05 7.74770400e+00
3.02595764e+05 8.11685318e+00
3.02596087e+05 8.12856316e+00
3.02606587e+05 8.54425664e+00
3.02606951e+05 8.55996534e+00
3.02617087e+05 8.99720140e+00
3.02618139e+05 9.04648017e+00
3.02627588e+05 9.48948409e+00
3.02629326e+05 9.57774040e+00
3.02638088e+05 1.00226423e+01
3.02640513e+05 1.01553798e+01
3.02648588e+05 1.05973910e+01
3.02653077e+05 1.08646033e+01
3.02663969e+05 1.15130171e+01
3.02668395e+05 1.17990162e+01
3.02678610e+05 1.24592098e+01
3.02683712e+05 1.28116213e+01
3.02698133e+05 1.38077318e+01
3.02727416e+05 1.58953367e+01
3.02729665e+05 1.60463737e+01
3.02744382e+05 1.70343236e+01
3.02746528e+05 1.71783737e+01
3.02754193e+05 1.76316959e+01
3.02760554e+05 1.80078754e+01
3.02764003e+05 1.81831696e+01
3.02769905e+05 1.84830215e+01
3.02773814e+05 1.86495819e+01
3.02779256e+05 1.88813493e+01
3.02783625e+05 1.90265712e+01
3.02788607e+05 1.91920745e+01
3.02793436e+05 1.93029135e+01
3.02797958e+05 1.94066228e+01
3.02803247e+05 1.94703157e+01
3.02807308e+05 1.95191787e+01
3.02808152e+05 1.95222604e+01
3.02811984e+05 1.95362055e+01
3.02819229e+05 1.95055075e+01
3.02820465e+05 1.95002527e+01
3.02828946e+05 1.93796110e+01
3.02830306e+05 1.93472772e+01
3.02837427e+05 1.91779837e+01
3.02841383e+05 1.90406431e+01
3.02850148e+05 1.87363244e+01
3.02852461e+05 1.86297796e+01
3.02862869e+05 1.81501646e+01
3.02863538e+05 1.81133274e+01
3.02874615e+05 1.75030068e+01
3.02875590e+05 1.74492514e+01
3.02888312e+05 1.66653780e+01
3.02889384e+05 1.65937449e+01
3.02934328e+05 1.35919865e+01
3.02939197e+05 1.32668006e+01
3.02950367e+05 1.25618030e+01
3.02953873e+05 1.23405444e+01
3.02962397e+05 1.18360028e+01
3.02966264e+05 1.16071225e+01
3.02974426e+05 1.11571170e+01
3.02978654e+05 1.09240451e+01
3.02986456e+05 1.05269754e+01
3.02991045e+05 1.02934324e+01
3.02998943e+05 9.92478263e+00
3.03003436e+05 9.71508357e+00
3.03011658e+05 9.36479757e+00
3.03015826e+05 9.18725543e+00
3.03024374e+05 8.85604888e+00
3.03028217e+05 8.70714277e+00
3.03037089e+05 8.39507205e+00
3.03040607e+05 8.27133217e+00
3.03049805e+05 7.98141389e+00
3.03056007e+05 7.78590944e+00
3.03058282e+05 7.72207432e+00
3.03068276e+05 7.44157954e+00
3.03069814e+05 7.39841682e+00
3.03078270e+05 7.18571407e+00
3.03083621e+05 7.05114427e+00
3.03088265e+05 6.94634949e+00
3.03097428e+05 6.73959332e+00
3.03098259e+05 6.72272917e+00
3.03108253e+05 6.51999940e+00
3.03111234e+05 6.45953765e+00
3.03118248e+05 6.33344674e+00
3.03128242e+05 6.15377885e+00
3.03129643e+05 6.12858992e+00
3.03138236e+05 5.99359408e+00
3.03148052e+05 5.83940081e+00
3.03150012e+05 5.81241438e+00
3.03161788e+05 5.65028858e+00
3.03166461e+05 5.58595597e+00
3.03173564e+05 5.49994443e+00
3.03184870e+05 5.36303988e+00
3.03185340e+05 5.35803658e+00
3.03197115e+05 5.23253179e+00
3.03204663e+05 5.15210006e+00
3.03208891e+05 5.11254996e+00
3.03225840e+05 4.95403879e+00
3.03226555e+05 4.94816575e+00
3.03240155e+05 4.83649906e+00
3.03247016e+05 4.78016936e+00
3.03255580e+05 4.71828288e+00
3.03268193e+05 4.62713653e+00
3.03271004e+05 4.60974104e+00
3.03286429e+05 4.51430302e+00
3.03299958e+05 4.43060039e+00
3.03301854e+05 4.42072497e+00
3.03317278e+05 4.34036036e+00
3.03331723e+05 4.26510574e+00
3.03332703e+05 4.26075042e+00
3.03348127e+05 4.19215868e+00
3.03363488e+05 4.12385574e+00
3.03365244e+05 4.11728460e+00
3.03384053e+05 4.04689882e+00
3.03402267e+05 3.97874894e+00
3.03402863e+05 3.97688723e+00
3.03421672e+05 3.91810106e+00
3.03440481e+05 3.85932071e+00
3.03441046e+05 3.85755678e+00
3.03459291e+05 3.81057893e+00
3.03478100e+05 3.76215248e+00
3.03492751e+05 3.72443627e+00
3.03506313e+05 3.69605639e+00
3.03527286e+05 3.65217671e+00
3.03544455e+05 3.61625939e+00
3.03548259e+05 3.60984562e+00
3.03579719e+05 3.55680997e+00
3.03599260e+05 3.52387112e+00
3.03611178e+05 3.50706610e+00
3.03642638e+05 3.46271359e+00
3.03657164e+05 3.44223592e+00
3.03674097e+05 3.42339787e+00
3.03711073e+05 3.38226696e+00
3.03744020e+05 3.34562189e+00
3.03748048e+05 3.34220064e+00
3.03785024e+05 3.31080152e+00
3.03822000e+05 3.27940643e+00
3.03846732e+05 3.25840982e+00
3.03858976e+05 3.25081354e+00
3.03891899e+05 3.23039075e+00
3.03933094e+05 3.20483934e+00
3.03974289e+05 3.17929075e+00
3.03981154e+05 3.17503313e+00
3.04015483e+05 3.15917409e+00
3.04056678e+05 3.14014540e+00
3.04097873e+05 3.12111858e+00
3.04104739e+05 3.11794773e+00
3.04139068e+05 3.10595089e+00
3.04180263e+05 3.09155620e+00
3.04223466e+05 3.07646141e+00
3.04228323e+05 3.07476421e+00
3.04268676e+05 3.06468591e+00
3.04336492e+05 3.04775070e+00
3.04403174e+05 3.03110085e+00
3.04467589e+05 3.01501897e+00
3.04475493e+05 3.01304585e+00
3.04532003e+05 3.00370265e+00
3.04598946e+05 2.99263601e+00
3.04667153e+05 2.98136161e+00
3.04735360e+05 2.97008827e+00
3.04756004e+05 2.96667644e+00
3.04824115e+05 2.95963290e+00
3.04912871e+05 2.95045572e+00
3.04972041e+05 2.94433821e+00
3.05064294e+05 2.93480122e+00
3.05156547e+05 2.92526516e+00
3.05197862e+05 2.92099488e+00
3.05280492e+05 2.91606593e+00
3.05404438e+05 2.90867362e+00
3.05552048e+05 2.89987106e+00
3.05699659e+05 2.89106955e+00
3.05841652e+05 2.88260378e+00
3.05850677e+05 2.88231460e+00
3.06001695e+05 2.87747608e+00
3.06201747e+05 2.87106743e+00
3.06445698e+05 2.86325362e+00
3.06657414e+05 2.85647304e+00
3.06864109e+05 2.84985383e+00
3.06898559e+05 2.84875070e+00
3.07139703e+05 2.84485068e+00
3.07415297e+05 2.84039409e+00
3.07779872e+05 2.83449930e+00
3.08135795e+05 2.82874499e+00
3.08580700e+05 2.82155268e+00
3.08847643e+05 2.81723762e+00
3.09114586e+05 2.81502815e+00
3.09689254e+05 2.81027222e+00
3.10378857e+05 2.80456563e+00
3.11250438e+05 2.79735371e+00
3.12289630e+05 2.78875542e+00
3.13204927e+05 2.78118262e+00
3.13712278e+05 2.77885960e+00
3.15629557e+05 2.77008156e+00
3.18018362e+05 2.75914523e+00
3.21637556e+05 2.74257659e+00
3.26175282e+05 2.72180342e+00
3.31758527e+05 2.69624441e+00
3.33215000e+05 2.69112752e+00
3.41999225e+05 2.66026722e+00
3.52868644e+05 2.62208177e+00
3.53509897e+05 2.61982900e+00
3.64714158e+05 2.58850060e+00
3.74961357e+05 2.55984865e+00
3.81790133e+05 2.54075518e+00
3.87373851e+05 2.52514329e+00
3.91097165e+05 2.51473337e+00
3.92517241e+05 2.51076319e+00
3.94111605e+05 2.50715747e+00
3.96417172e+05 2.50194374e+00
3.98239500e+05 2.49782320e+00
3.99578588e+05 2.49479568e+00
4.00806085e+05 2.49202084e+00
4.01810223e+05 2.48975131e+00
4.02646930e+05 2.48786058e+00
4.03483638e+05 2.48997228e+00
4.04134693e+05 2.49161587e+00
4.04767439e+05 2.49321372e+00
4.04893583e+05 2.49353238e+00
4.05241998e+05 2.49667386e+00
4.05716558e+05 2.50095316e+00
4.06191117e+05 2.50523303e+00
4.06507490e+05 2.50808667e+00
4.06823863e+05 2.51094070e+00
4.07140236e+05 2.51379520e+00
4.07456608e+05 2.52196612e+00
4.07772981e+05 2.53013773e+00
4.08024323e+05 2.53663023e+00
4.08135932e+05 2.53951351e+00
4.08247541e+05 2.54462993e+00
4.08443296e+05 2.55360432e+00
4.08638063e+05 2.56253391e+00
4.08832831e+05 2.57146412e+00
4.09022654e+05 2.58541130e+00
4.09212478e+05 2.59935928e+00
4.09378574e+05 2.61156455e+00
4.09402302e+05 2.61330827e+00
4.09544670e+05 2.62922614e+00
4.09687037e+05 2.64514478e+00
4.09829405e+05 2.66106428e+00
4.09876861e+05 2.66637110e+00
4.09971773e+05 2.68117672e+00
4.10114141e+05 2.70338626e+00
4.10161597e+05 2.71078987e+00
4.10256509e+05 2.73035871e+00
4.10398876e+05 2.75971344e+00
4.10446332e+05 2.76949888e+00
4.10505652e+05 2.78575954e+00
4.10612428e+05 2.81502989e+00
4.10719204e+05 2.84430161e+00
4.10731068e+05 2.84755417e+00
4.10825980e+05 2.88111863e+00
4.10920892e+05 2.91468466e+00
4.10932756e+05 2.91991094e+00
4.11039531e+05 2.96694939e+00
4.11110715e+05 2.99830994e+00
4.11146307e+05 3.01745250e+00
4.11253083e+05 3.07488279e+00
4.11339699e+05 3.13087807e+00
4.11395451e+05 3.16692144e+00
4.11426316e+05 3.19102499e+00
4.11514462e+05 3.25986396e+00
4.11537819e+05 3.27810599e+00
4.11605666e+05 3.34215851e+00
4.11666469e+05 3.39956298e+00
4.11680187e+05 3.41251441e+00
4.11727272e+05 3.46555040e+00
4.11786962e+05 3.53278716e+00
4.11787333e+05 3.53327940e+00
4.11847395e+05 3.61301461e+00
4.11893738e+05 3.67454062e+00
4.11907456e+05 3.69631440e+00
4.11967517e+05 3.79165058e+00
4.12021740e+05 3.87772072e+00
4.12029989e+05 3.89081546e+00
4.12075962e+05 3.97725042e+00
4.12111739e+05 4.04451811e+00
4.12130184e+05 4.08434909e+00
4.12184406e+05 4.20144278e+00
4.12198494e+05 4.23186812e+00
4.12237794e+05 4.32767124e+00
4.12285250e+05 4.44336151e+00
4.12291182e+05 4.46011754e+00
4.12344570e+05 4.61092563e+00
4.12373952e+05 4.69392494e+00
4.12397958e+05 4.77084897e+00
4.12435681e+05 4.89173321e+00
4.12451345e+05 4.94644559e+00
4.12497411e+05 5.10734919e+00
4.12504733e+05 5.13603028e+00
4.12558121e+05 5.34515362e+00
4.12590006e+05 5.47004964e+00
4.12611509e+05 5.56558063e+00
4.12683090e+05 5.88359424e+00
4.12683249e+05 5.88438949e+00
4.12754989e+05 6.24343875e+00
4.12776175e+05 6.34947360e+00
4.12856392e+05 6.78359862e+00
4.12868472e+05 6.84897823e+00
4.13045414e+05 7.83907050e+00
4.13080157e+05 8.03347762e+00
4.13102003e+05 8.14452802e+00
4.13155429e+05 8.41610396e+00
4.13158592e+05 8.42981428e+00
4.13215181e+05 8.67507554e+00
4.13230701e+05 8.74233323e+00
4.13261827e+05 8.84928138e+00
4.13280882e+05 8.91474476e+00
4.13316881e+05 9.00403103e+00
4.13334900e+05 9.04871531e+00
4.13371935e+05 9.10211523e+00
4.13388919e+05 9.12659865e+00
4.13390286e+05 9.12727770e+00
4.13424931e+05 9.14446769e+00
4.13433719e+05 9.14032071e+00
4.13477151e+05 9.11981151e+00
4.13478945e+05 9.11896387e+00
4.13520583e+05 9.05391531e+00
4.13532959e+05 9.03457803e+00
4.13564015e+05 8.95629521e+00
4.13586973e+05 8.89841988e+00
4.13621925e+05 8.77654894e+00
4.13666204e+05 8.62214339e+00
4.13689958e+05 8.51863654e+00
4.13741855e+05 8.29248266e+00
4.13757990e+05 8.21263272e+00
4.13984765e+05 7.09037159e+00
4.14044456e+05 6.79498144e+00
4.14064847e+05 6.70075980e+00
4.14142890e+05 6.34015975e+00
4.14144929e+05 6.33162930e+00
4.14198317e+05 6.10829068e+00
4.14241324e+05 5.92838326e+00
4.14251705e+05 5.88997038e+00
4.14305093e+05 5.69242415e+00
4.14336977e+05 5.57444798e+00
4.14358481e+05 5.50337704e+00
4.14411869e+05 5.32692942e+00
4.14432631e+05 5.25831256e+00
4.14465257e+05 5.16426200e+00
4.14518644e+05 5.01036568e+00
4.14526059e+05 4.98899171e+00
4.14572032e+05 4.87315812e+00
4.14619488e+05 4.75359123e+00
4.14625420e+05 4.73999696e+00
4.14678808e+05 4.61765188e+00
4.14681774e+05 4.61085534e+00
4.14732196e+05 4.50895734e+00
4.14785584e+05 4.40106844e+00
4.14792999e+05 4.38608421e+00
4.14838972e+05 4.30680764e+00
4.14892360e+05 4.21474688e+00
4.14904224e+05 4.19428971e+00
4.14972442e+05 4.09247180e+00
4.15006551e+05 4.04156478e+00
4.15052524e+05 3.98091256e+00
4.15108878e+05 3.90656740e+00
4.15115922e+05 3.89862805e+00
4.15179320e+05 3.82717777e+00
4.15242718e+05 3.75572930e+00
4.15251245e+05 3.74611968e+00
4.15306116e+05 3.69411152e+00
4.15373964e+05 3.62980601e+00
4.15393613e+05 3.61118263e+00
4.15441811e+05 3.57309778e+00
4.15543581e+05 3.49268293e+00
4.15559709e+05 3.47993993e+00
4.15610872e+05 3.44605794e+00
4.15710975e+05 3.37976932e+00
4.15725805e+05 3.36994915e+00
4.15811077e+05 3.32375626e+00
4.15899316e+05 3.27595835e+00
4.15933424e+05 3.25748224e+00
4.15954186e+05 3.24831308e+00
4.16063928e+05 3.19984911e+00
4.16141044e+05 3.16579450e+00
4.16182568e+05 3.15060428e+00
4.16301208e+05 3.10720537e+00
4.16378324e+05 3.07899702e+00
4.16434678e+05 3.06258914e+00
4.16568148e+05 3.02372987e+00
4.16663059e+05 2.99609757e+00
4.16710515e+05 2.98509542e+00
4.16852883e+05 2.95209030e+00
4.16947795e+05 2.93008762e+00
4.16995251e+05 2.92144677e+00
4.17137619e+05 2.89552517e+00
4.17291851e+05 2.86744437e+00
4.17327442e+05 2.86096438e+00
4.17446082e+05 2.84461822e+00
4.17624042e+05 2.82009981e+00
4.17802002e+05 2.79558222e+00
4.18001712e+05 2.77552644e+00
4.18201422e+05 2.75547139e+00
4.18411019e+05 2.73442417e+00
4.18648299e+05 2.71773441e+00
4.18885579e+05 2.70104528e+00
4.19122858e+05 2.68435667e+00
4.19201952e+05 2.67879395e+00
4.19360138e+05 2.67119531e+00
4.19676511e+05 2.65599862e+00
4.19992884e+05 2.64080247e+00
4.20151070e+05 2.63320463e+00
4.20309257e+05 2.62825616e+00
4.20625630e+05 2.61835962e+00
4.21100189e+05 2.60351539e+00
4.21574748e+05 2.58867171e+00
4.22049308e+05 2.57956788e+00
4.22682053e+05 2.56742997e+00
4.23321572e+05 2.55516263e+00
4.23537002e+05 2.55103035e+00
4.24075577e+05 2.54502278e+00
4.24937298e+05 2.53541116e+00
4.26014448e+05 2.52339714e+00
4.26683281e+05 2.51593759e+00
4.27278210e+05 2.51227922e+00
4.28825026e+05 2.50276798e+00
4.30713772e+05 2.49115476e+00
4.32096519e+05 2.48265303e+00
4.33018351e+05 2.47947562e+00
4.35962991e+05 2.46932636e+00
4.39931494e+05 2.45564864e+00
4.42543943e+05 2.44664488e+00
4.45619087e+05 2.44049111e+00
4.53940532e+05 2.42383933e+00
4.67152216e+05 2.39740233e+00
4.76234812e+05 2.37922803e+00
4.99884941e+05 2.34353991e+00
5.32905058e+05 2.29371286e+00
5.46737558e+05 2.27283988e+00
5.73568170e+05 2.23735300e+00
6.06838997e+05 2.19334846e+00
6.10006456e+05 2.18915915e+00
6.21109396e+05 2.17447453e+00
6.27239808e+05 2.16636678e+00
6.30918336e+05 2.16150204e+00
6.33423225e+05 2.15818970e+00
6.35223477e+05 2.15580946e+00
6.36483723e+05 2.15414349e+00
6.37566052e+05 2.15271305e+00
6.38023354e+05 2.15210886e+00
6.38419682e+05 2.15302396e+00
6.39096348e+05 2.15458669e+00
6.39568539e+05 2.15567746e+00
6.39993511e+05 2.15665942e+00
6.40418483e+05 2.15764172e+00
6.40710876e+05 2.15831783e+00
6.41003268e+05 2.15899422e+00
6.41270032e+05 2.15961163e+00
6.41295661e+05 2.15987783e+00
6.41512617e+05 2.16213160e+00
6.41729573e+05 2.16438569e+00
6.41941852e+05 2.16659156e+00
6.42154131e+05 2.16879788e+00
6.42295651e+05 2.17026908e+00
6.42352258e+05 2.17085768e+00
6.42437170e+05 2.17303438e+00
6.42571586e+05 2.17648044e+00
6.42706001e+05 2.17992689e+00
6.42833334e+05 2.18319220e+00
6.42960668e+05 2.18645802e+00
6.43003113e+05 2.18754682e+00
6.43074325e+05 2.19117561e+00
6.43187981e+05 2.19696782e+00
6.43301666e+05 2.20276219e+00
6.43415408e+05 2.20856027e+00
6.43491235e+05 2.21242622e+00
6.43493870e+05 2.21256060e+00
6.43567063e+05 2.21939209e+00
6.43635592e+05 2.22578889e+00
6.43704122e+05 2.23218623e+00
6.43772651e+05 2.23858423e+00
6.43841181e+05 2.24498301e+00
6.43854973e+05 2.24627097e+00
6.43901928e+05 2.25350219e+00
6.43962675e+05 2.26285820e+00
6.44023422e+05 2.27221515e+00
6.44084169e+05 2.28157313e+00
6.44095708e+05 2.28335094e+00
6.44147391e+05 2.29524974e+00
6.44194808e+05 2.30616731e+00
6.44242224e+05 2.31708588e+00
6.44258203e+05 2.32076578e+00
6.44289641e+05 2.33111385e+00
6.44337058e+05 2.34672297e+00
6.44384419e+05 2.36231553e+00
6.44420699e+05 2.37426125e+00
6.44431781e+05 2.37930240e+00
6.44479142e+05 2.40085042e+00
6.44526021e+05 2.42218109e+00
6.44526504e+05 2.42247296e+00
6.44558078e+05 2.44155821e+00
6.44589653e+05 2.46064490e+00
6.44618348e+05 2.47799245e+00
6.44631343e+05 2.48584898e+00
6.44647043e+05 2.49812697e+00
6.44675738e+05 2.52056865e+00
6.44701557e+05 2.54076269e+00
6.44704433e+05 2.54356601e+00
6.44733128e+05 2.57153696e+00
6.44761823e+05 2.59951030e+00
6.44762034e+05 2.59971650e+00
6.44790518e+05 2.63374707e+00
6.44819213e+05 2.66803337e+00
6.44822512e+05 2.67197567e+00
6.44841968e+05 2.70082749e+00
6.44864723e+05 2.73457391e+00
6.44882990e+05 2.76166606e+00
6.44887478e+05 2.76987808e+00
6.44910233e+05 2.81151393e+00
6.44928348e+05 2.84466216e+00
6.44932988e+05 2.85488091e+00
6.44955743e+05 2.90499639e+00
6.44974597e+05 2.94652462e+00
6.44978498e+05 2.95698977e+00
6.45001253e+05 3.01804387e+00
6.45021293e+05 3.07181758e+00
6.45027033e+05 3.09025379e+00
6.45044220e+05 3.14545430e+00
6.45052423e+05 3.17180248e+00
6.45061407e+05 3.20536236e+00
6.45078593e+05 3.26956959e+00
6.45083553e+05 3.28809947e+00
6.45095780e+05 3.34140524e+00
6.45112967e+05 3.41633813e+00
6.45114683e+05 3.42382171e+00
6.45130154e+05 3.50286355e+00
6.45145345e+05 3.58048826e+00
6.45145813e+05 3.58287926e+00
6.45165141e+05 3.69684006e+00
6.45169161e+05 3.72054600e+00
6.45184936e+05 3.82616554e+00
6.45192508e+05 3.87686732e+00
6.45204732e+05 3.96979588e+00
6.45214926e+05 4.04729851e+00
6.45217929e+05 4.07320871e+00
6.45231126e+05 4.18706582e+00
6.45237343e+05 4.24070489e+00
6.45250083e+05 4.36554604e+00
6.45259760e+05 4.46038031e+00
6.45267362e+05 4.54495347e+00
6.45282177e+05 4.70977726e+00
6.45284642e+05 4.74084206e+00
6.45301921e+05 4.95865476e+00
6.45304594e+05 4.99235447e+00
6.45319200e+05 5.20016894e+00
6.45327011e+05 5.31131229e+00
6.45336479e+05 5.46243740e+00
6.45349428e+05 5.66913333e+00
6.45350861e+05 5.69455421e+00
6.45365243e+05 5.94971421e+00
6.45371845e+05 6.06686122e+00
6.45386816e+05 6.36025666e+00
6.45398391e+05 6.58713257e+00
6.45408388e+05 6.79975686e+00
6.45424937e+05 7.15172819e+00
6.45437152e+05 7.42329468e+00
6.45479394e+05 8.36243580e+00
6.45486876e+05 8.52876721e+00
6.45497968e+05 8.75439436e+00
6.45513422e+05 9.06871679e+00
6.45516542e+05 9.12407070e+00
6.45529845e+05 9.36003815e+00
6.45535116e+05 9.43892698e+00
6.45546269e+05 9.60582701e+00
6.45549046e+05 9.63807536e+00
6.45562692e+05 9.79646961e+00
6.45562977e+05 9.79868210e+00
6.45576907e+05 9.90697523e+00
6.45579116e+05 9.92413697e+00
6.45590837e+05 9.96650014e+00
6.45595539e+05 9.98347975e+00
6.45600124e+05 9.98691108e+00
6.45601014e+05 9.98757389e+00
6.45613381e+05 9.96780676e+00
6.45616313e+05 9.95146447e+00
6.45631932e+05 9.86434468e+00
6.45632502e+05 9.85862782e+00
6.45648690e+05 9.69597821e+00
6.45650484e+05 9.67795422e+00
6.45664879e+05 9.47678828e+00
6.45669035e+05 9.41869657e+00
6.45681068e+05 9.21183570e+00
6.45687586e+05 9.09974928e+00
6.45697256e+05 8.90731412e+00
6.45712322e+05 8.60747927e+00
6.45718841e+05 8.46445136e+00
6.45779378e+05 7.13628141e+00
6.45786527e+05 6.97945191e+00
6.45799104e+05 6.71882667e+00
6.45808555e+05 6.52298873e+00
6.45818830e+05 6.32415683e+00
6.45827877e+05 6.14909081e+00
6.45838556e+05 5.95797812e+00
6.45847199e+05 5.80330615e+00
6.45858282e+05 5.62173014e+00
6.45866520e+05 5.48675399e+00
6.45871432e+05 5.41364365e+00
6.45884459e+05 5.21974726e+00
6.45885842e+05 5.19915404e+00
6.45897361e+05 5.04422008e+00
6.45905164e+05 4.93928007e+00
6.45910264e+05 4.87750989e+00
6.45923167e+05 4.72124923e+00
6.45924486e+05 4.70527606e+00
6.45936069e+05 4.57916937e+00
6.45943807e+05 4.49493553e+00
6.45948972e+05 4.44524731e+00
6.45961875e+05 4.32112210e+00
6.45969210e+05 4.25056315e+00
6.45981228e+05 4.14964532e+00
6.45992822e+05 4.05230529e+00
6.45996476e+05 4.02538060e+00
6.46011724e+05 3.91303592e+00
6.46016435e+05 3.87833006e+00
6.46026972e+05 3.81010670e+00
6.46040047e+05 3.72545367e+00
6.46042219e+05 3.71305707e+00
6.46057467e+05 3.62604554e+00
6.46063660e+05 3.59071047e+00
6.46072715e+05 3.54584972e+00
6.46087963e+05 3.47031586e+00
6.46095143e+05 3.43474800e+00
6.46103210e+05 3.40057192e+00
6.46120513e+05 3.32727623e+00
6.46126626e+05 3.30138218e+00
6.46137816e+05 3.26066764e+00
6.46155119e+05 3.19771424e+00
6.46158110e+05 3.18683307e+00
6.46172421e+05 3.14192860e+00
6.46189593e+05 3.08805634e+00
6.46189724e+05 3.08770038e+00
6.46215678e+05 3.01745184e+00
6.46222437e+05 2.99915970e+00
6.46241633e+05 2.95586989e+00
6.46266277e+05 2.90029536e+00
6.46273746e+05 2.88345452e+00
6.46290922e+05 2.85177234e+00
6.46315567e+05 2.80631759e+00
6.46325055e+05 2.78881941e+00
6.46340212e+05 2.76575775e+00
6.46364857e+05 2.72826270e+00
6.46376364e+05 2.71075681e+00
6.46389502e+05 2.69473822e+00
6.46414147e+05 2.66469157e+00
6.46438792e+05 2.63464724e+00
6.46444776e+05 2.62735199e+00
6.46470182e+05 2.60255323e+00
6.46501572e+05 2.57191575e+00
6.46509074e+05 2.56459433e+00
6.46532962e+05 2.54591710e+00
6.46564353e+05 2.52137671e+00
6.46595743e+05 2.49683815e+00
6.46599350e+05 2.49401898e+00
6.46627133e+05 2.47716036e+00
6.46658523e+05 2.45811476e+00
6.46689625e+05 2.43924564e+00
6.46689914e+05 2.43911714e+00
6.46723063e+05 2.42435902e+00
6.46756213e+05 2.40960210e+00
6.46793442e+05 2.39303049e+00
6.46805937e+05 2.38823263e+00
6.46855661e+05 2.36914122e+00
6.46867167e+05 2.36472396e+00
6.46905385e+05 2.35349985e+00
6.46955109e+05 2.33889815e+00
6.47004492e+05 2.32439808e+00
6.47014617e+05 2.32142524e+00
6.47053874e+05 2.31350707e+00
6.47103256e+05 2.30354761e+00
6.47152639e+05 2.29358902e+00
6.47218482e+05 2.28031203e+00
6.47245321e+05 2.27490038e+00
6.47288588e+05 2.26907585e+00
6.47358695e+05 2.25963932e+00
6.47428801e+05 2.25020372e+00
6.47476025e+05 2.24384843e+00
6.47498908e+05 2.24188332e+00
6.47589889e+05 2.23407105e+00
6.47680870e+05 2.22625974e+00
6.47772214e+05 2.21841802e+00
6.47837127e+05 2.21284581e+00
6.47864286e+05 2.21150191e+00
6.47956358e+05 2.20694645e+00
6.48070538e+05 2.20129781e+00
6.48154029e+05 2.19716783e+00
6.48279264e+05 2.19097350e+00
6.48365591e+05 2.18670397e+00
6.48386796e+05 2.18617909e+00
6.48518371e+05 2.18292282e+00
6.48664850e+05 2.17929821e+00
6.48826233e+05 2.17530534e+00
6.48906924e+05 2.17330903e+00
6.49090544e+05 2.16876668e+00
6.49274164e+05 2.16422477e+00
6.49485421e+05 2.16205449e+00
6.49696679e+05 2.15988457e+00
6.49964483e+05 2.15713424e+00
6.50267446e+05 2.15402328e+00
6.50579197e+05 2.15082244e+00
6.50929918e+05 2.14722184e+00
6.50968887e+05 2.14682181e+00
6.51299315e+05 2.14568184e+00
6.51733367e+05 2.14418469e+00
6.52305888e+05 2.14221028e+00
6.52995272e+05 2.13983326e+00
6.53775253e+05 2.13714420e+00
6.54815227e+05 2.13355919e+00
6.55486877e+05 2.13124407e+00
6.56158527e+05 2.13036953e+00
6.57935601e+05 2.12805605e+00
6.60321359e+05 2.12495057e+00
6.63789441e+05 2.12043666e+00
6.68347733e+05 2.11450415e+00
6.73574837e+05 2.10770156e+00
6.75419620e+05 2.10673265e+00
6.79630890e+05 2.10452103e+00
6.84082926e+05 2.10218329e+00
6.86748249e+05 2.10078400e+00
6.87290453e+05 2.10125613e+00
6.89758989e+05 2.10340593e+00
6.91650133e+05 2.10505321e+00
6.93135069e+05 2.10634697e+00
6.94312069e+05 2.10737275e+00
6.95297464e+05 2.10823184e+00
6.96118626e+05 2.10894806e+00
6.96437030e+05 2.10922591e+00
6.96865690e+05 2.11066500e+00
6.97501605e+05 2.11280024e+00
6.98010337e+05 2.11450873e+00
6.98519069e+05 2.11621758e+00
6.98843161e+05 2.11730645e+00
6.99187752e+05 2.11846445e+00
6.99630797e+05 2.11995379e+00
6.99926160e+05 2.12094705e+00
7.00221524e+05 2.12194070e+00
7.00533224e+05 2.12490841e+00
7.00763640e+05 2.12710262e+00
7.00994055e+05 2.12929727e+00
7.01217749e+05 2.13142842e+00
7.01441444e+05 2.13356018e+00
7.01625869e+05 2.13531826e+00
7.01810294e+05 2.13707693e+00
7.01957834e+05 2.13848441e+00
7.02031604e+05 2.13918843e+00
7.02105374e+05 2.14083022e+00
7.02251970e+05 2.14409346e+00
7.02398566e+05 2.14735744e+00
7.02523528e+05 2.15014044e+00
7.02648489e+05 2.15292421e+00
7.02777159e+05 2.15579156e+00
7.02888427e+05 2.15827213e+00
7.02905829e+05 2.15903496e+00
7.03024097e+05 2.16422068e+00
7.03102942e+05 2.16767857e+00
7.03181788e+05 2.17113718e+00
7.03258940e+05 2.17452226e+00
7.03334400e+05 2.17783395e+00
7.03409860e+05 2.18114656e+00
7.03425349e+05 2.18182677e+00
7.03485319e+05 2.18660712e+00
7.03556915e+05 2.19231531e+00
7.03624646e+05 2.19771661e+00
7.03692378e+05 2.20311924e+00
7.03760110e+05 2.20852337e+00
7.03827189e+05 2.21387716e+00
7.03830156e+05 2.21427159e+00
7.03884428e+05 2.22148577e+00
7.03938699e+05 2.22870134e+00
7.03992970e+05 2.23591859e+00
7.04047242e+05 2.24313774e+00
7.04086333e+05 2.24833917e+00
7.04101510e+05 2.25134925e+00
7.04155775e+05 2.26211346e+00
7.04210040e+05 2.27288055e+00
7.04248297e+05 2.28047392e+00
7.04264304e+05 2.28494113e+00
7.04318569e+05 2.30008922e+00
7.04354745e+05 2.31019038e+00
7.04389756e+05 2.31996828e+00
7.04410262e+05 2.32569659e+00
7.04423602e+05 2.33088515e+00
7.04457448e+05 2.34405215e+00
7.04491294e+05 2.35722189e+00
7.04524752e+05 2.37024372e+00
7.04525140e+05 2.37044753e+00
7.04558985e+05 2.38822895e+00
7.04592831e+05 2.40601434e+00
7.04626677e+05 2.42380424e+00
7.04639241e+05 2.43040963e+00
7.04655777e+05 2.44192265e+00
7.04692308e+05 2.46736254e+00
7.04715567e+05 2.48356442e+00
7.04728839e+05 2.49527143e+00
7.04753193e+05 2.51675789e+00
7.04777547e+05 2.53824878e+00
7.04782757e+05 2.54284700e+00
7.04801901e+05 2.56421962e+00
7.04826255e+05 2.59141363e+00
7.04848065e+05 2.61577174e+00
7.04849947e+05 2.61787446e+00
7.04876962e+05 2.65557980e+00
7.04900340e+05 2.68821695e+00
7.04905860e+05 2.69758840e+00
7.04925125e+05 2.73030159e+00
7.04944390e+05 2.76302146e+00
7.04950732e+05 2.77379619e+00
7.04963655e+05 2.80089312e+00
7.04982920e+05 2.84129789e+00
7.05000127e+05 2.87739505e+00
7.05000382e+05 2.87803736e+00
7.05023870e+05 2.93737625e+00
7.05031727e+05 2.95723240e+00
7.05047358e+05 3.00330534e+00
7.05063016e+05 3.04947162e+00
7.05063327e+05 3.05038696e+00
7.05078675e+05 3.10348514e+00
7.05094334e+05 3.15766765e+00
7.05094927e+05 3.15971897e+00
7.05109993e+05 3.22122913e+00
7.05124622e+05 3.28096718e+00
7.05126526e+05 3.28874754e+00
7.05145021e+05 3.37652568e+00
7.05150226e+05 3.40123867e+00
7.05158620e+05 3.44685917e+00
7.05172219e+05 3.52078580e+00
7.05173926e+05 3.53006549e+00
7.05185819e+05 3.60448178e+00
7.05197626e+05 3.67837811e+00
7.05199418e+05 3.69134698e+00
7.05213017e+05 3.78978081e+00
7.05221326e+05 3.84993017e+00
7.05226617e+05 3.89329558e+00
7.05237126e+05 3.97944352e+00
7.05238498e+05 3.99203649e+00
7.05250380e+05 4.10104154e+00
7.05255951e+05 4.15216205e+00
7.05262262e+05 4.21774297e+00
7.05274144e+05 4.34124240e+00
7.05274777e+05 4.34782849e+00
7.05286025e+05 4.48051326e+00
7.05293603e+05 4.56991611e+00
7.05297907e+05 4.62759578e+00
7.05309789e+05 4.78685433e+00
7.05312428e+05 4.82224478e+00
7.05321670e+05 4.96300344e+00
7.05331254e+05 5.10900553e+00
7.05336585e+05 5.20119549e+00
7.05350080e+05 5.43461204e+00
7.05351500e+05 5.46200429e+00
7.05364199e+05 5.70697773e+00
7.05366415e+05 5.75380105e+00
7.05378318e+05 6.00536915e+00
7.05381330e+05 6.07547454e+00
7.05395392e+05 6.40286950e+00
7.05396245e+05 6.42469081e+00
7.05410713e+05 6.79480173e+00
7.05412990e+05 6.85797847e+00
7.05426034e+05 7.21989970e+00
7.05430651e+05 7.35963564e+00
7.05448311e+05 7.89425341e+00
7.05449016e+05 7.91557452e+00
7.05471859e+05 8.66345063e+00
7.05471998e+05 8.66798547e+00
7.05519712e+05 1.02855852e+01
7.05524731e+05 1.04557209e+01
7.05535915e+05 1.08010918e+01
7.05546377e+05 1.11240668e+01
7.05552119e+05 1.12799931e+01
7.05560807e+05 1.15158440e+01
7.05568322e+05 1.16894084e+01
7.05575238e+05 1.18490472e+01
7.05580475e+05 1.19443194e+01
7.05589668e+05 1.21114570e+01
7.05592627e+05 1.21487108e+01
7.05604098e+05 1.22929810e+01
7.05604780e+05 1.22974019e+01
7.05616932e+05 1.23760927e+01
7.05618529e+05 1.23864129e+01
7.05625034e+05 1.23975938e+01
7.05625744e+05 1.23988054e+01
7.05636699e+05 1.23734777e+01
7.05639437e+05 1.23540520e+01
7.05647653e+05 1.22956456e+01
7.05653840e+05 1.22163682e+01
7.05664085e+05 1.20849455e+01
7.05668243e+05 1.20057084e+01
7.05680516e+05 1.17716622e+01
7.05682645e+05 1.17198023e+01
7.05696948e+05 1.13712840e+01
7.05697048e+05 1.13684195e+01
7.05711451e+05 1.09573673e+01
7.05713380e+05 1.09023169e+01
7.05730655e+05 1.03522248e+01
7.05735289e+05 1.02046589e+01
7.05788048e+05 8.43079775e+00
7.05790061e+05 8.36313319e+00
7.05806815e+05 7.83227289e+00
7.05808528e+05 7.77800651e+00
7.05820890e+05 7.41579144e+00
7.05831065e+05 7.11770253e+00
7.05834965e+05 7.01322546e+00
7.05846090e+05 6.71525676e+00
7.05849040e+05 6.64242674e+00
7.05861114e+05 6.34441904e+00
7.05863045e+05 6.30078472e+00
7.05876139e+05 6.00495269e+00
7.05877016e+05 5.98690382e+00
7.05890987e+05 5.69938452e+00
7.05891164e+05 5.69573435e+00
7.05904957e+05 5.43806212e+00
7.05906189e+05 5.41506155e+00
7.05918928e+05 5.19954864e+00
7.05921214e+05 5.16088946e+00
7.05934155e+05 4.96633015e+00
7.05941554e+05 4.85510708e+00
7.05945981e+05 4.79706947e+00
7.05957807e+05 4.64204536e+00
7.05961895e+05 4.58846823e+00
7.05969634e+05 4.49996197e+00
7.05981460e+05 4.36472632e+00
7.05982236e+05 4.35585197e+00
7.05993286e+05 4.24541314e+00
7.06002577e+05 4.15257608e+00
7.06005113e+05 4.13036588e+00
7.06016939e+05 4.02679665e+00
7.06022918e+05 3.97444401e+00
7.06030064e+05 3.91940590e+00
7.06043259e+05 3.81781538e+00
7.06044490e+05 3.80961614e+00
7.06058914e+05 3.71354348e+00
7.06070380e+05 3.63719897e+00
7.06073340e+05 3.62041343e+00
7.06087765e+05 3.53862216e+00
7.06097501e+05 3.48342681e+00
7.06102189e+05 3.46063612e+00
7.06116615e+05 3.39053279e+00
7.06124622e+05 3.35162495e+00
7.06131039e+05 3.32498174e+00
7.06147059e+05 3.25848888e+00
7.06155736e+05 3.22247769e+00
7.06164673e+05 3.19124009e+00
7.06182286e+05 3.12968280e+00
7.06190845e+05 3.09977934e+00
7.06199900e+05 3.07323875e+00
7.06217514e+05 3.02162648e+00
7.06225952e+05 2.99690399e+00
7.06235127e+05 2.97415044e+00
7.06252741e+05 2.93047845e+00
7.06261060e+05 2.90985519e+00
7.06270355e+05 2.89080462e+00
7.06289266e+05 2.85205107e+00
7.06309475e+05 2.81064704e+00
7.06313722e+05 2.80194565e+00
7.06329683e+05 2.77559691e+00
7.06349892e+05 2.74224251e+00
7.06366384e+05 2.71502650e+00
7.06370100e+05 2.71004731e+00
7.06400413e+05 2.66943938e+00
7.06419046e+05 2.64448445e+00
7.06430726e+05 2.63186681e+00
7.06453659e+05 2.60709808e+00
7.06479317e+05 2.57939240e+00
7.06482599e+05 2.57584849e+00
7.06504975e+05 2.55634724e+00
7.06530632e+05 2.53398993e+00
7.06546152e+05 2.52046902e+00
7.06556290e+05 2.51352317e+00
7.06594777e+05 2.48716176e+00
7.06630890e+05 2.46243324e+00
7.06633264e+05 2.46122033e+00
7.06661852e+05 2.44661792e+00
7.06693370e+05 2.43052250e+00
7.06724887e+05 2.41443052e+00
7.06756405e+05 2.39834150e+00
7.06757996e+05 2.39752978e+00
7.06787923e+05 2.38658713e+00
7.06835200e+05 2.36930533e+00
7.06882477e+05 2.35202822e+00
7.06892123e+05 2.34850395e+00
7.06929453e+05 2.33875278e+00
7.06976279e+05 2.32652451e+00
7.07023105e+05 2.31429925e+00
7.07026250e+05 2.31347828e+00
7.07069931e+05 2.30523187e+00
7.07116757e+05 2.29639395e+00
7.07165446e+05 2.28720644e+00
7.07214046e+05 2.27803786e+00
7.07217863e+05 2.27752787e+00
7.07270279e+05 2.27052588e+00
7.07322695e+05 2.26352560e+00
7.07357640e+05 2.25885962e+00
7.07401842e+05 2.25295858e+00
7.07427528e+05 2.25078918e+00
7.07495966e+05 2.24501106e+00
7.07564404e+05 2.23923469e+00
7.07632842e+05 2.23345985e+00
7.07701280e+05 2.22768633e+00
7.07711479e+05 2.22682616e+00
7.07772948e+05 2.22347420e+00
7.07844614e+05 2.21956721e+00
7.07916281e+05 2.21566117e+00
7.07987948e+05 2.21175600e+00
7.08021116e+05 2.20994908e+00
7.08081609e+05 2.20832744e+00
7.08175270e+05 2.20581772e+00
7.08237710e+05 2.20414512e+00
7.08365594e+05 2.20072064e+00
7.08493477e+05 2.19729747e+00
7.08628146e+05 2.19369388e+00
7.08713780e+05 2.19140303e+00
7.08762814e+05 2.19106829e+00
7.08906167e+05 2.19009060e+00
7.09049520e+05 2.18911373e+00
7.09145089e+05 2.18846285e+00
7.09299364e+05 2.18741273e+00
7.09453640e+05 2.18636323e+00
7.09635274e+05 2.18512828e+00
7.09816907e+05 2.18389389e+00
7.09944766e+05 2.18302534e+00
7.10036599e+05 2.18350820e+00
7.10256291e+05 2.18466391e+00
7.10495373e+05 2.18592217e+00
7.10734455e+05 2.18718092e+00
7.10993753e+05 2.18854652e+00
7.11253051e+05 2.18991250e+00
7.11546498e+05 2.19145877e+00
7.11854273e+05 2.19308088e+00
7.12294444e+05 2.19540128e+00
7.12440118e+05 2.19616936e+00
7.12734615e+05 2.19942076e+00
7.13266467e+05 2.20529316e+00
7.13761681e+05 2.21076139e+00
7.14495299e+05 2.21886260e+00
7.14935470e+05 2.22372359e+00
7.15228918e+05 2.22864750e+00
7.16109260e+05 2.24341966e+00
7.17136326e+05 2.26065429e+00
7.17576497e+05 2.26804071e+00
7.18035406e+05 2.27877558e+00
7.19419912e+05 2.31116260e+00
7.19924076e+05 2.32295639e+00
7.20804418e+05 2.35052903e+00
7.21962680e+05 2.38680655e+00
7.22271655e+05 2.39931377e+00
7.23738892e+05 2.45870748e+00
7.24912682e+05 2.51816290e+00
7.25206129e+05 2.53302684e+00
7.26059871e+05 2.58679979e+00
7.26646766e+05 2.62376558e+00
7.27406985e+05 2.68170646e+00
7.27847156e+05 2.71525476e+00
7.28580775e+05 2.78278578e+00
7.29020946e+05 2.82330459e+00
7.29607840e+05 2.88781493e+00
7.30048012e+05 2.93619792e+00
7.30634906e+05 3.01246490e+00
7.31075077e+05 3.06966539e+00
7.31515248e+05 3.13690916e+00
7.31955420e+05 3.20415318e+00
7.32248867e+05 3.25638669e+00
7.32835762e+05 3.36085408e+00
7.33129209e+05 3.42177333e+00
7.33716104e+05 3.54361230e+00
7.34009551e+05 3.61403913e+00
7.34449723e+05 3.71967976e+00
7.34743170e+05 3.79987465e+00
7.35183341e+05 3.92016738e+00
7.35476788e+05 4.01192045e+00
7.35916959e+05 4.14955050e+00
7.36210407e+05 4.25382075e+00
7.36650578e+05 4.41022659e+00
7.36944025e+05 4.52747482e+00
7.37237473e+05 4.64472341e+00
7.37677644e+05 4.83946602e+00
7.37824368e+05 4.90438041e+00
7.38411262e+05 5.19061553e+00
7.38998157e+05 5.50477434e+00
7.39144881e+05 5.59120650e+00
7.39731776e+05 5.93693591e+00
7.40018838e+05 6.12182686e+00
7.40465394e+05 6.40944447e+00
7.42519526e+05 7.85744994e+00
7.42959697e+05 8.16773611e+00
7.43253145e+05 8.35715323e+00
7.43693316e+05 8.64127791e+00
7.43840039e+05 8.72180271e+00
7.44317977e+05 8.98410303e+00
7.44750563e+05 9.17701386e+00
7.45209250e+05 9.33345590e+00
7.45610422e+05 9.42302512e+00
7.45650597e+05 9.43199473e+00
7.46016480e+05 9.46377373e+00
7.46234588e+05 9.48271701e+00
7.46422538e+05 9.47292506e+00
7.46651274e+05 9.46100756e+00
7.46866509e+05 9.42673953e+00
7.47067961e+05 9.39466539e+00
7.47361408e+05 9.31693938e+00
7.47508132e+05 9.27807599e+00
7.47948303e+05 9.11674659e+00
7.48095027e+05 9.06296978e+00
7.48681921e+05 8.79168677e+00
7.49684820e+05 8.24415629e+00
7.51176224e+05 7.37272792e+00
7.51763119e+05 7.02980564e+00
7.52056566e+05 6.87039543e+00
7.52643461e+05 6.55157579e+00
7.52790185e+05 6.47875104e+00
7.53523804e+05 6.11462819e+00
7.54257422e+05 5.78731115e+00
7.54404146e+05 5.72184792e+00
7.54991041e+05 5.48887801e+00
7.55284488e+05 5.37239339e+00
7.55724659e+05 5.21784461e+00
7.56164830e+05 5.06329627e+00
7.56458277e+05 4.97241167e+00
7.57045172e+05 4.79064300e+00
7.57191896e+05 4.75058261e+00
7.57925515e+05 4.55028120e+00
7.58805857e+05 4.33829508e+00
7.59686199e+05 4.15286526e+00
7.59832923e+05 4.12196038e+00
7.60562074e+05 3.98826177e+00
7.60859988e+05 3.93363578e+00
7.61593607e+05 3.81742244e+00
7.62033778e+05 3.74769465e+00
7.62620673e+05 3.66764281e+00
7.63207568e+05 3.58759123e+00
7.63794463e+05 3.51851729e+00
7.64381357e+05 3.44944358e+00
7.64968252e+05 3.38988543e+00
7.65848594e+05 3.30054849e+00
7.66142042e+05 3.27567662e+00
7.67609279e+05 3.15131774e+00
7.69369963e+05 3.02699612e+00
7.71130647e+05 2.92368145e+00
7.71424095e+05 2.90646241e+00
7.73184779e+05 2.82132409e+00
7.73771674e+05 2.79294476e+00
7.75480050e+05 2.72533651e+00
7.76412701e+05 2.68842740e+00
7.77879938e+05 2.64099620e+00
7.79347175e+05 2.59356524e+00
7.80520964e+05 2.56255570e+00
7.82868544e+05 2.50053698e+00
7.84555866e+05 2.46411752e+00
7.86206508e+05 2.42849008e+00
7.87416978e+05 2.40236356e+00
7.87857149e+05 2.39435198e+00
7.88922428e+05 2.37496312e+00
7.89764557e+05 2.35963605e+00
7.90394182e+05 2.34817691e+00
7.91022295e+05 2.33674562e+00
7.91457929e+05 2.32881760e+00
7.91893563e+05 2.32088990e+00
7.92246900e+05 2.31446017e+00
7.92512099e+05 2.30963453e+00
7.92777299e+05 2.30480917e+00
7.93042498e+05 2.29998415e+00
7.93307697e+05 2.29515958e+00
7.93518806e+05 2.29131946e+00
7.93729914e+05 2.28747980e+00
7.93872272e+05 2.28489091e+00
7.94014629e+05 2.28230237e+00
7.94152841e+05 2.27978959e+00
7.94291052e+05 2.27727728e+00
7.94423217e+05 2.27621100e+00
7.94555382e+05 2.27514534e+00
7.94677635e+05 2.27416029e+00
7.94799887e+05 2.27317601e+00
7.94881389e+05 2.27252035e+00
7.94954080e+05 2.27193601e+00
7.94995932e+05 2.27159986e+00
7.95026770e+05 2.27200463e+00
7.95099461e+05 2.27295929e+00
7.95172152e+05 2.27391461e+00
7.95252295e+05 2.27496871e+00
7.95312403e+05 2.27575996e+00
7.95355421e+05 2.27632676e+00
7.95372510e+05 2.27726571e+00
7.95432618e+05 2.28056900e+00
7.95492726e+05 2.28387320e+00
7.95549391e+05 2.28698921e+00
7.95606057e+05 2.29010638e+00
7.95662723e+05 2.29322489e+00
7.95714910e+05 2.29609836e+00
7.95719389e+05 2.29667878e+00
7.95757166e+05 2.30157521e+00
7.95794943e+05 2.30647255e+00
7.95846141e+05 2.31311146e+00
7.95879382e+05 2.31742292e+00
7.95880274e+05 2.31762760e+00
7.95914406e+05 2.32545979e+00
7.95948538e+05 2.33329331e+00
7.95982671e+05 2.34112831e+00
7.96016803e+05 2.34896498e+00
7.96043854e+05 2.35517725e+00
7.96050935e+05 2.35787374e+00
7.96081321e+05 2.36944553e+00
7.96107959e+05 2.37959197e+00
7.96134597e+05 2.38974009e+00
7.96157689e+05 2.39853886e+00
7.96161236e+05 2.40053743e+00
7.96187874e+05 2.41555201e+00
7.96214512e+05 2.43056904e+00
7.96233580e+05 2.44132001e+00
7.96241151e+05 2.44724727e+00
7.96267789e+05 2.46810586e+00
7.96291441e+05 2.48662870e+00
7.96309470e+05 2.50075072e+00
7.96312106e+05 2.50353540e+00
7.96332771e+05 2.52537128e+00
7.96353436e+05 2.54721008e+00
7.96364095e+05 2.55847636e+00
7.96374101e+05 2.57206395e+00
7.96394767e+05 2.60013005e+00
7.96414135e+05 2.62643857e+00
7.96415432e+05 2.62869108e+00
7.96436097e+05 2.66459043e+00
7.96453978e+05 2.69565870e+00
7.96464174e+05 2.71337567e+00
7.96476626e+05 2.74027662e+00
7.96497534e+05 2.78545085e+00
7.96499274e+05 2.78995399e+00
7.96521922e+05 2.84856208e+00
7.96530894e+05 2.87178177e+00
7.96544570e+05 2.91413347e+00
7.96559669e+05 2.96089453e+00
7.96564253e+05 2.97509452e+00
7.96580830e+05 3.03657922e+00
7.96597613e+05 3.09883434e+00
7.96601249e+05 3.11488817e+00
7.96621667e+05 3.20505147e+00
7.96629368e+05 3.23906368e+00
7.96642086e+05 3.30490996e+00
7.96659520e+05 3.39519457e+00
7.96662504e+05 3.41304628e+00
7.96685382e+05 3.54995025e+00
7.96689672e+05 3.57562847e+00
7.96703913e+05 3.67259822e+00
7.96719824e+05 3.78095751e+00
7.96731709e+05 3.87104134e+00
7.96749976e+05 4.00950891e+00
7.96759506e+05 4.08838070e+00
7.96795204e+05 4.38385224e+00
7.96824364e+05 4.63033173e+00
7.96840432e+05 4.76613744e+00
7.96848756e+05 4.83127707e+00
7.96870586e+05 5.00207179e+00
7.96873149e+05 5.01958867e+00
7.96889410e+05 5.13071162e+00
7.96893203e+05 5.15662355e+00
7.96905672e+05 5.22660582e+00
7.96915820e+05 5.28354633e+00
7.96921934e+05 5.30866012e+00
7.96938195e+05 5.37543386e+00
7.96938437e+05 5.37642594e+00
7.96954457e+05 5.41486111e+00
7.96961054e+05 5.43067921e+00
7.96967170e+05 5.43615103e+00
7.96976132e+05 5.44415298e+00
7.96986241e+05 5.43975226e+00
7.96994163e+05 5.43628931e+00
7.97005311e+05 5.41585169e+00
7.97012194e+05 5.40322427e+00
7.97024382e+05 5.36162642e+00
7.97039240e+05 5.31089732e+00
7.97043453e+05 5.28993626e+00
7.97056166e+05 5.22666281e+00
7.97066287e+05 5.17628809e+00
7.97081594e+05 5.08090327e+00
7.97102348e+05 4.95155826e+00
7.97119735e+05 4.82926055e+00
7.97164506e+05 4.51433792e+00
7.97191024e+05 4.32782168e+00
7.97192503e+05 4.31741563e+00
7.97210912e+05 4.19633546e+00
7.97228565e+05 4.08023591e+00
7.97230800e+05 4.06703505e+00
7.97250689e+05 3.94959881e+00
7.97264627e+05 3.86730630e+00
7.97271390e+05 3.83222493e+00
7.97293717e+05 3.71642739e+00
7.97299469e+05 3.68659640e+00
7.97316044e+05 3.61190852e+00
7.97330929e+05 3.54484247e+00
7.97334312e+05 3.52959985e+00
7.97353255e+05 3.45602576e+00
7.97369154e+05 3.39428474e+00
7.97375582e+05 3.37285964e+00
7.97392250e+05 3.31730995e+00
7.97403997e+05 3.27816690e+00
7.97410702e+05 3.25899727e+00
7.97429154e+05 3.20625158e+00
7.97438839e+05 3.17856634e+00
7.97447605e+05 3.15766377e+00
7.97466056e+05 3.11366874e+00
7.97484508e+05 3.06967793e+00
7.97491103e+05 3.05395572e+00
7.97502959e+05 3.03098033e+00
7.97521411e+05 2.99522857e+00
7.97542066e+05 2.95521117e+00
7.97543367e+05 2.95269079e+00
7.97564924e+05 2.91838415e+00
7.97587782e+05 2.88201102e+00
7.97594262e+05 2.87170016e+00
7.97610640e+05 2.85002466e+00
7.97633498e+05 2.81977570e+00
7.97645158e+05 2.80434737e+00
7.97656356e+05 2.79229319e+00
7.97679214e+05 2.76769070e+00
7.97702072e+05 2.74309036e+00
7.97713019e+05 2.73131093e+00
7.97727015e+05 2.71927051e+00
7.97754042e+05 2.69602289e+00
7.97780879e+05 2.67294119e+00
7.97781070e+05 2.67281060e+00
7.97808097e+05 2.65427593e+00
7.97835124e+05 2.63574295e+00
7.97862152e+05 2.61721146e+00
7.97863396e+05 2.61635810e+00
7.97902693e+05 2.59557356e+00
7.97929720e+05 2.58127981e+00
7.97960570e+05 2.56496569e+00
7.97966002e+05 2.56257385e+00
7.98002284e+05 2.54660039e+00
7.98038567e+05 2.53062840e+00
7.98057743e+05 2.52218731e+00
7.98074849e+05 2.51653799e+00
7.98111131e+05 2.50455652e+00
7.98147413e+05 2.49257602e+00
7.98201837e+05 2.47460691e+00
7.98203503e+05 2.47405676e+00
7.98254356e+05 2.46200223e+00
7.98305922e+05 2.44977971e+00
7.98357489e+05 2.43755827e+00
7.98391288e+05 2.42954858e+00
7.98409056e+05 2.42638013e+00
7.98460623e+05 2.41718556e+00
7.98529235e+05 2.40495283e+00
7.98579072e+05 2.39606826e+00
7.98597704e+05 2.39371351e+00
7.98666172e+05 2.38506103e+00
7.98734641e+05 2.37640933e+00
7.98809637e+05 2.36693365e+00
7.98861024e+05 2.36044139e+00
7.98891159e+05 2.35787841e+00
7.98972681e+05 2.35094568e+00
7.99054204e+05 2.34401355e+00
7.99175417e+05 2.33370719e+00
7.99283952e+05 2.32447964e+00
7.99296096e+05 2.32382283e+00
7.99416774e+05 2.31729640e+00
7.99549563e+05 2.31011571e+00
7.99682351e+05 2.30293561e+00
7.99834789e+05 2.29469364e+00
7.99987227e+05 2.28645215e+00
7.99992856e+05 2.28614782e+00
8.00088852e+05 2.28291311e+00
8.00288843e+05 2.27617461e+00
8.00488834e+05 2.26943659e+00
8.00735813e+05 2.26111602e+00
8.00982792e+05 2.25279594e+00
8.01219750e+05 2.24481379e+00
8.01236931e+05 2.24442174e+00
8.01491070e+05 2.23862300e+00
8.01793806e+05 2.23171579e+00
8.02096542e+05 2.22480892e+00
8.02427166e+05 2.21726613e+00
8.02766113e+05 2.20953386e+00
8.03105061e+05 2.20180198e+00
8.03416429e+05 2.19469963e+00
8.03725917e+05 2.18764062e+00
8.03952809e+05 2.18246587e+00
8.04179701e+05 2.17729151e+00
8.04367534e+05 2.17300827e+00
8.04555367e+05 2.16872541e+00
8.04709301e+05 2.16521589e+00
8.04863235e+05 2.16170681e+00
8.05003846e+05 2.15850190e+00
8.05144457e+05 2.15529755e+00
8.05267445e+05 2.15249537e+00
8.05270447e+05 2.15242699e+00
8.05390433e+05 2.15070023e+00
8.05472425e+05 2.14952071e+00
8.05554057e+05 2.14834681e+00
8.05635689e+05 2.14717343e+00
8.05717321e+05 2.14600068e+00
8.05798953e+05 2.14482868e+00
8.05876277e+05 2.14371934e+00
8.05934270e+05 2.14288797e+00
8.05992263e+05 2.14205727e+00
8.06050256e+05 2.14122735e+00
8.06108249e+05 2.14039833e+00
8.06128868e+05 2.14010394e+00
8.06161087e+05 2.14088556e+00
8.06213925e+05 2.14216849e+00
8.06266763e+05 2.14345267e+00
8.06319601e+05 2.14473832e+00
8.06354827e+05 2.14559640e+00
8.06390052e+05 2.14645543e+00
8.06420691e+05 2.14720349e+00
8.06451331e+05 2.14795249e+00
8.06454661e+05 2.14803400e+00
8.06481970e+05 2.15035515e+00
8.06512609e+05 2.15296050e+00
8.06543249e+05 2.15556722e+00
8.06563258e+05 2.15727056e+00
8.06573888e+05 2.15907284e+00
8.06604527e+05 2.16426933e+00
8.06635167e+05 2.16946792e+00
8.06657795e+05 2.17330886e+00
8.06680423e+05 2.17715130e+00
8.06703052e+05 2.18099548e+00
8.06704847e+05 2.18130060e+00
8.06725680e+05 2.18752003e+00
8.06748309e+05 2.19427765e+00
8.06770937e+05 2.20103779e+00
8.06775641e+05 2.20244389e+00
8.06793565e+05 2.21072771e+00
8.06816194e+05 2.22118922e+00
8.06832517e+05 2.22873855e+00
8.06846436e+05 2.23517730e+00
8.06848841e+05 2.23681104e+00
8.06865166e+05 2.24789951e+00
8.06881489e+05 2.25899081e+00
8.06897123e+05 2.26961652e+00
8.06897813e+05 2.27028176e+00
8.06914137e+05 2.28602370e+00
8.06930461e+05 2.30176985e+00
8.06946785e+05 2.31752072e+00
8.06947811e+05 2.31851062e+00
8.06959673e+05 2.33407265e+00
8.06972560e+05 2.35098389e+00
8.06981603e+05 2.36285294e+00
8.06985447e+05 2.36943298e+00
8.06998335e+05 2.39149322e+00
8.07011222e+05 2.41355893e+00
8.07015394e+05 2.42070446e+00
8.07024109e+05 2.43967580e+00
8.07036997e+05 2.46773596e+00
8.07040738e+05 2.47588444e+00
8.07049884e+05 2.50051678e+00
8.07059992e+05 2.52774576e+00
8.07066082e+05 2.54415453e+00
8.07070100e+05 2.55757921e+00
8.07080208e+05 2.59135877e+00
8.07090315e+05 2.62514450e+00
8.07091426e+05 2.62885616e+00
8.07100423e+05 2.66617704e+00
8.07110531e+05 2.70811001e+00
8.07116769e+05 2.73399468e+00
8.07120639e+05 2.75321436e+00
8.07130747e+05 2.80342556e+00
8.07134383e+05 2.82149502e+00
8.07144324e+05 2.87854425e+00
8.07151998e+05 2.92259400e+00
8.07157901e+05 2.96148632e+00
8.07169612e+05 3.03865374e+00
8.07171478e+05 3.05263622e+00
8.07185055e+05 3.15437507e+00
8.07187226e+05 3.17064486e+00
8.07198632e+05 3.26663071e+00
8.07204840e+05 3.31888030e+00
8.07214475e+05 3.40849275e+00
8.07222454e+05 3.48271998e+00
8.07231450e+05 3.57437713e+00
8.07245939e+05 3.72201692e+00
8.07259743e+05 3.87195730e+00
8.07288035e+05 4.17929028e+00
8.07304653e+05 4.35977959e+00
8.07305246e+05 4.36567008e+00
8.07322575e+05 4.53767785e+00
8.07322791e+05 4.53981635e+00
8.07334128e+05 4.63769151e+00
8.07340928e+05 4.69638304e+00
8.07345680e+05 4.72899444e+00
8.07357233e+05 4.80823901e+00
8.07359066e+05 4.82080516e+00
8.07368785e+05 4.86642697e+00
8.07377203e+05 4.90590896e+00
8.07380338e+05 4.91432605e+00
8.07386114e+05 4.92982027e+00
8.07389295e+05 4.93834293e+00
8.07399573e+05 4.94865512e+00
8.07401387e+05 4.95046732e+00
8.07413032e+05 4.94168406e+00
8.07414570e+05 4.94051782e+00
8.07426491e+05 4.91040685e+00
8.07427754e+05 4.90721113e+00
8.07439949e+05 4.85631710e+00
8.07440938e+05 4.85218932e+00
8.07453408e+05 4.77779876e+00
8.07460713e+05 4.73420338e+00
8.07466867e+05 4.68704167e+00
8.07480489e+05 4.58261475e+00
8.07484812e+05 4.54399929e+00
8.07506856e+05 4.34706327e+00
8.07542209e+05 4.01264805e+00
8.07558923e+05 3.85457446e+00
8.07559591e+05 3.84825842e+00
8.07575636e+05 3.70882042e+00
8.07585958e+05 3.61913518e+00
8.07588171e+05 3.60179854e+00
8.07601098e+05 3.50054500e+00
8.07605733e+05 3.46424271e+00
8.07614809e+05 3.40169630e+00
8.07628520e+05 3.30722143e+00
8.07631710e+05 3.28524563e+00
8.07642231e+05 3.22241445e+00
8.07651094e+05 3.16949447e+00
8.07655942e+05 3.14406664e+00
8.07669653e+05 3.07216251e+00
8.07670478e+05 3.06783199e+00
8.07679391e+05 3.02821797e+00
8.07689130e+05 2.98493989e+00
8.07698869e+05 2.94166807e+00
8.07699555e+05 2.93861871e+00
8.07713477e+05 2.88799184e+00
8.07728085e+05 2.83488041e+00
8.07728632e+05 2.83289202e+00
8.07742693e+05 2.79091052e+00
8.07754688e+05 2.75510421e+00
8.07757708e+05 2.74608890e+00
8.07768939e+05 2.71835062e+00
8.07783190e+05 2.68315839e+00
8.07786785e+05 2.67428340e+00
8.07797441e+05 2.65293708e+00
8.07811693e+05 2.62439556e+00
8.07825554e+05 2.59664051e+00
8.07825944e+05 2.59601985e+00
8.07840195e+05 2.57336136e+00
8.07854446e+05 2.55070677e+00
8.07864322e+05 2.53500995e+00
8.07871302e+05 2.52644665e+00
8.07890762e+05 2.50257653e+00
8.07910221e+05 2.47871113e+00
8.07922475e+05 2.46368525e+00
8.07929681e+05 2.45698357e+00
8.07949141e+05 2.43888832e+00
8.07968600e+05 2.42079618e+00
8.07982492e+05 2.40788260e+00
8.07988060e+05 2.40387453e+00
8.08007520e+05 2.38986883e+00
8.08030587e+05 2.37326934e+00
8.08042509e+05 2.36469164e+00
8.08057262e+05 2.35669083e+00
8.08083937e+05 2.34222756e+00
8.08110612e+05 2.32776683e+00
8.08122531e+05 2.32130632e+00
8.08137287e+05 2.31547275e+00
8.08163962e+05 2.30492886e+00
8.08190637e+05 2.29438668e+00
8.08217312e+05 2.28384590e+00
8.08242565e+05 2.27386843e+00
8.08249085e+05 2.27205248e+00
8.08285955e+05 2.26178508e+00
8.08322826e+05 2.25151952e+00
8.08359696e+05 2.24125549e+00
8.08385099e+05 2.23418482e+00
8.08396567e+05 2.23186488e+00
8.08433437e+05 2.22440720e+00
8.08470308e+05 2.21695054e+00
8.08507178e+05 2.20949479e+00
8.08527633e+05 2.20535913e+00
8.08560346e+05 2.20085605e+00
8.08612446e+05 2.19368589e+00
8.08664545e+05 2.18651689e+00
8.08716644e+05 2.17934891e+00
8.08768743e+05 2.17218185e+00
8.08824328e+05 2.16453621e+00
8.08845998e+05 2.16155585e+00
8.08886884e+05 2.15763145e+00
8.08949440e+05 2.15162809e+00
8.08970292e+05 2.14962720e+00
8.09040990e+05 2.14284403e+00
8.09111688e+05 2.13606210e+00
8.09164363e+05 2.13101007e+00
8.09182387e+05 2.12989097e+00
8.09253085e+05 2.12550259e+00
8.09307091e+05 2.12215130e+00
8.09361097e+05 2.11880096e+00
8.09415103e+05 2.11545166e+00
8.09469109e+05 2.11210355e+00
8.09523115e+05 2.10875677e+00
8.09545568e+05 2.10736598e+00
8.09578476e+05 2.10674270e+00
8.09634515e+05 2.10568323e+00
8.09671874e+05 2.10497812e+00
8.09709233e+05 2.10427413e+00
8.09746593e+05 2.10357142e+00
8.09747125e+05 2.10356143e+00
8.09783952e+05 2.10516816e+00
8.09821311e+05 2.10679979e+00
8.09854915e+05 2.10826907e+00
8.09884765e+05 2.10957566e+00
8.09885695e+05 2.10961643e+00
8.09914615e+05 2.11367356e+00
8.09944465e+05 2.11786299e+00
8.09974314e+05 2.12205443e+00
8.10004164e+05 2.12624818e+00
8.10024266e+05 2.12907411e+00
8.10034014e+05 2.13181454e+00
8.10063864e+05 2.14020899e+00
8.10089582e+05 2.14744425e+00
8.10099849e+05 2.15033398e+00
8.10111168e+05 2.15557320e+00
8.10132754e+05 2.16556771e+00
8.10154340e+05 2.17556479e+00
8.10175433e+05 2.18533628e+00
8.10175927e+05 2.18568229e+00
8.10197513e+05 2.20082339e+00
8.10219099e+05 2.21596827e+00
8.10232121e+05 2.22510699e+00
8.10240685e+05 2.23319999e+00
8.10259892e+05 2.25135439e+00
8.10269913e+05 2.26082768e+00
8.10276721e+05 2.26902876e+00
8.10293549e+05 2.28930487e+00
8.10307705e+05 2.30636460e+00
8.10310377e+05 2.31048005e+00
8.10327205e+05 2.33640147e+00
8.10342348e+05 2.35973019e+00
8.10344034e+05 2.36299332e+00
8.10360862e+05 2.39556848e+00
8.10373841e+05 2.42069709e+00
8.10377690e+05 2.42994952e+00
8.10392498e+05 2.46555022e+00
8.10405334e+05 2.49641387e+00
8.10411681e+05 2.51535574e+00
8.10430865e+05 2.57261232e+00
8.10436827e+05 2.59041254e+00
8.10450048e+05 2.63802917e+00
8.10460447e+05 2.67549198e+00
8.10469231e+05 2.71258378e+00
8.10484067e+05 2.77524543e+00
8.10488414e+05 2.79665551e+00
8.10507687e+05 2.89159935e+00
8.10508993e+05 2.89904370e+00
8.10529571e+05 3.01639659e+00
8.10531307e+05 3.02629667e+00
8.10550150e+05 3.14944732e+00
8.10554927e+05 3.18067175e+00
8.10570728e+05 3.29747695e+00
8.10578547e+05 3.35527550e+00
8.10598167e+05 3.51660263e+00
8.10602632e+05 3.55332420e+00
8.10638760e+05 3.88154414e+00
8.10660183e+05 4.08732750e+00
8.10683439e+05 4.31070449e+00
8.10698944e+05 4.45960652e+00
8.10698973e+05 4.45989365e+00
8.10714448e+05 4.59844168e+00
8.10723059e+05 4.67552791e+00
8.10730407e+05 4.73340890e+00
8.10746820e+05 4.86267718e+00
8.10747144e+05 4.86522989e+00
8.10763233e+05 4.97087378e+00
8.10765208e+05 4.98383583e+00
8.10779647e+05 5.05729916e+00
8.10786147e+05 5.09036105e+00
8.10787853e+05 5.09591014e+00
8.10805516e+05 5.15331201e+00
8.10808523e+05 5.16307736e+00
8.10823179e+05 5.18145723e+00
8.10830899e+05 5.19112324e+00
8.10840842e+05 5.18563470e+00
8.10849585e+05 5.18079171e+00
8.10858504e+05 5.16220856e+00
8.10868271e+05 5.14184331e+00
8.10876167e+05 5.11468147e+00
8.10886957e+05 5.07754948e+00
8.10893830e+05 5.04449856e+00
8.10914986e+05 4.94273207e+00
8.10917380e+05 4.92845547e+00
8.10943015e+05 4.77554439e+00
8.10982108e+05 4.51493142e+00
8.11005517e+05 4.35888933e+00
8.11023073e+05 4.24186984e+00
8.11036446e+05 4.15274797e+00
8.11040630e+05 4.12720062e+00
8.11058186e+05 4.02002037e+00
8.11073818e+05 3.92460606e+00
8.11076484e+05 3.91017877e+00
8.11096263e+05 3.80317148e+00
8.11111190e+05 3.72243107e+00
8.11116043e+05 3.69976338e+00
8.11135822e+05 3.60739381e+00
8.11149858e+05 3.54185418e+00
8.11155602e+05 3.51912001e+00
8.11175381e+05 3.44083865e+00
8.11189824e+05 3.38368541e+00
8.11191808e+05 3.37708517e+00
8.11208235e+05 3.32245225e+00
8.11224662e+05 3.26782512e+00
8.11229789e+05 3.25077565e+00
8.11241088e+05 3.21919948e+00
8.11257515e+05 3.17329955e+00
8.11269754e+05 3.13910444e+00
8.11273942e+05 3.12919224e+00
8.11290369e+05 3.09031519e+00
8.11306796e+05 3.05144172e+00
8.11309719e+05 3.04452301e+00
8.11324937e+05 3.01370398e+00
8.11343078e+05 2.97696715e+00
8.11349685e+05 2.96359057e+00
8.11361220e+05 2.94427670e+00
8.11379361e+05 2.91390466e+00
8.11406573e+05 2.86835137e+00
8.11409632e+05 2.86323081e+00
8.11433785e+05 2.83068692e+00
8.11451927e+05 2.80624541e+00
8.11471069e+05 2.78045790e+00
8.11478087e+05 2.77275103e+00
8.11504248e+05 2.74402728e+00
8.11530408e+05 2.71530631e+00
8.11535482e+05 2.70973547e+00
8.11556568e+05 2.69144452e+00
8.11582728e+05 2.66875366e+00
8.11608889e+05 2.64606479e+00
8.11621367e+05 2.63524315e+00
8.11635049e+05 2.62589200e+00
8.11661209e+05 2.60801389e+00
8.11695152e+05 2.58481942e+00
8.11707252e+05 2.57655161e+00
8.11729094e+05 2.56440289e+00
8.11763037e+05 2.54552588e+00
8.11793137e+05 2.52878720e+00
8.11796979e+05 2.52714411e+00
8.11830921e+05 2.51263097e+00
8.11864864e+05 2.49811901e+00
8.11898806e+05 2.48360809e+00
8.11932748e+05 2.46909812e+00
8.11943910e+05 2.46432671e+00
8.11969842e+05 2.45612446e+00
8.12025482e+05 2.43852663e+00
8.12081122e+05 2.42093050e+00
8.12094684e+05 2.41664152e+00
8.12136761e+05 2.40665691e+00
8.12192401e+05 2.39345503e+00
8.12248544e+05 2.38013499e+00
8.12259893e+05 2.37744248e+00
8.12305690e+05 2.36931167e+00
8.12362837e+05 2.35916670e+00
8.12419984e+05 2.34902242e+00
8.12496180e+05 2.33549761e+00
8.12508952e+05 2.33323071e+00
8.12576711e+05 2.32462013e+00
8.12661578e+05 2.31383649e+00
8.12746444e+05 2.30305362e+00
8.12760504e+05 2.30126733e+00
8.12831311e+05 2.29421919e+00
8.12917027e+05 2.28568746e+00
8.13003592e+05 2.27707164e+00
8.13095907e+05 2.26788414e+00
8.13133441e+05 2.26540690e+00
8.13220006e+05 2.25969387e+00
8.13357789e+05 2.25060121e+00
8.13495572e+05 2.24150913e+00
8.13640816e+05 2.23192529e+00
8.13700279e+05 2.22800177e+00
8.13786059e+05 2.22434023e+00
8.14027800e+05 2.21402215e+00
8.14269542e+05 2.20370479e+00
8.14505387e+05 2.19363956e+00
8.14573301e+05 2.19074130e+00
8.14741233e+05 2.18603195e+00
8.15015980e+05 2.17832757e+00
8.15290726e+05 2.17062351e+00
8.15584998e+05 2.16237223e+00
8.15896436e+05 2.15363995e+00
8.16061827e+05 2.15049392e+00
8.16565742e+05 2.14090907e+00
8.17059337e+05 2.13152084e+00
8.17715745e+05 2.11903628e+00
8.18264159e+05 2.10860596e+00
8.18542703e+05 2.10475228e+00
8.19535054e+05 2.09102344e+00
8.21023580e+05 2.07043076e+00
8.22429410e+05 2.05098261e+00
8.22677497e+05 2.04755064e+00
8.23835240e+05 2.03525249e+00
8.25224530e+05 2.02049508e+00
8.26547664e+05 2.00644077e+00
8.27076918e+05 2.00081922e+00
8.27870798e+05 1.99672362e+00
8.28929305e+05 1.99126320e+00
8.29987813e+05 1.98580322e+00
8.30517066e+05 1.98307346e+00
8.30781693e+05 1.98408798e+00
8.31574887e+05 1.98712930e+00
8.31840200e+05 1.98814673e+00
8.32369454e+05 1.99438965e+00
8.32898707e+05 2.00063287e+00
8.33163334e+05 2.00375464e+00
8.33427961e+05 2.01057456e+00
8.33957215e+05 2.02421475e+00
8.34221841e+05 2.03103505e+00
8.34486468e+05 2.04208252e+00
8.35015722e+05 2.06417794e+00
8.35544975e+05 2.09670884e+00
8.35809602e+05 2.11297463e+00
8.36008072e+05 2.12987091e+00
8.36405012e+05 2.16366398e+00
8.36801953e+05 2.20830564e+00
8.37000423e+05 2.23062680e+00
8.37198893e+05 2.25872904e+00
8.37397363e+05 2.28683165e+00
8.37595833e+05 2.32085816e+00
8.37794303e+05 2.35488505e+00
8.37893538e+05 2.37542121e+00
8.38191243e+05 2.43703021e+00
8.38488949e+05 2.51126369e+00
8.38588184e+05 2.53600840e+00
8.38786654e+05 2.59442540e+00
8.38885889e+05 2.62363417e+00
8.39084359e+05 2.69126400e+00
8.39183594e+05 2.72507919e+00
8.39382064e+05 2.80317937e+00
8.39481299e+05 2.84222980e+00
8.39679769e+05 2.93246412e+00
8.39779004e+05 2.97758162e+00
8.39977474e+05 3.08184829e+00
8.40076709e+05 3.13398205e+00
8.40275179e+05 3.25430048e+00
8.40374414e+05 3.31446011e+00
8.40572885e+05 3.45296970e+00
8.40672120e+05 3.52222500e+00
8.40870590e+05 3.68074318e+00
8.40969825e+05 3.76000273e+00
8.41168295e+05 3.93715846e+00
8.41366765e+05 4.13101648e+00
8.41466000e+05 4.23647514e+00
8.41565235e+05 4.34193418e+00
8.41763705e+05 4.57094051e+00
8.42061410e+05 4.94808488e+00
8.42160645e+05 5.08586815e+00
8.42371520e+05 5.37865845e+00
8.42888369e+05 6.17053889e+00
8.42910077e+05 6.20379798e+00
8.43186074e+05 6.63546151e+00
8.43483779e+05 7.10107377e+00
8.43682250e+05 7.39073465e+00
8.43781485e+05 7.53556413e+00
8.43880720e+05 7.66472087e+00
8.44006239e+05 7.82808546e+00
8.44126465e+05 7.96206480e+00
8.44230993e+05 8.07854871e+00
8.44402187e+05 8.23107046e+00
8.44453408e+05 8.27670466e+00
8.44583939e+05 8.36082697e+00
8.44675824e+05 8.42004254e+00
8.44765691e+05 8.45504156e+00
8.44886609e+05 8.50213182e+00
8.44969659e+05 8.51359622e+00
8.45097394e+05 8.53122769e+00
8.45173627e+05 8.52236314e+00
8.45349094e+05 8.50195727e+00
8.45436828e+05 8.47034020e+00
8.45600794e+05 8.41124939e+00
8.45700029e+05 8.35370082e+00
8.45898499e+05 8.23860207e+00
8.46196204e+05 8.01199328e+00
8.46593144e+05 7.65771825e+00
8.46824693e+05 7.43564975e+00
8.47122398e+05 7.15013408e+00
8.47420103e+05 6.86461967e+00
8.47519338e+05 6.76944875e+00
8.47717808e+05 6.58878765e+00
8.47916278e+05 6.40812755e+00
8.48015513e+05 6.32434452e+00
8.48313218e+05 6.07299710e+00
8.48610924e+05 5.84341932e+00
8.48710159e+05 5.76689388e+00
8.48908629e+05 5.62844487e+00
8.49107099e+05 5.48999665e+00
8.49206334e+05 5.42772662e+00
8.49504039e+05 5.24091774e+00
8.49801744e+05 5.07334475e+00
8.49900979e+05 5.01748741e+00
8.50099449e+05 4.91736846e+00
8.50297919e+05 4.81725002e+00
8.50397155e+05 4.77246539e+00
8.50694860e+05 4.63811226e+00
8.50992565e+05 4.52052757e+00
8.51290270e+05 4.40294345e+00
8.51687210e+05 4.26856693e+00
8.51885680e+05 4.20137903e+00
8.52084150e+05 4.14363985e+00
8.52481091e+05 4.02816211e+00
8.52878031e+05 3.92847218e+00
8.53076501e+05 3.87862746e+00
8.53341128e+05 3.82198838e+00
8.53870381e+05 3.70871086e+00
8.54399635e+05 3.61343431e+00
8.54664262e+05 3.56579628e+00
8.54928889e+05 3.52542474e+00
8.55458142e+05 3.44468206e+00
8.55987396e+05 3.37713266e+00
8.56516649e+05 3.30958363e+00
8.56781276e+05 3.28166068e+00
8.57575157e+05 3.19789236e+00
8.58369037e+05 3.12910609e+00
8.58898291e+05 3.08324881e+00
8.59162917e+05 3.06450661e+00
8.60221424e+05 2.98953827e+00
8.61279932e+05 2.92831102e+00
8.61809185e+05 2.89769758e+00
8.62603066e+05 2.86072394e+00
8.63661573e+05 2.81142610e+00
8.63926200e+05 2.80169052e+00
8.65439534e+05 2.74601564e+00
8.65992814e+05 2.72566088e+00
8.66837095e+05 2.70149010e+00
8.67664053e+05 2.67781541e+00
8.68656404e+05 2.64940601e+00
8.68739100e+05 2.64758420e+00
8.69814146e+05 2.62390106e+00
8.70641105e+05 2.60568356e+00
8.71468064e+05 2.58746642e+00
8.71818220e+05 2.57975298e+00
8.72149003e+05 2.57438799e+00
8.72625806e+05 2.56665499e+00
8.73101770e+05 2.55893586e+00
8.73537313e+05 2.55187263e+00
8.73948940e+05 2.54519761e+00
8.74279723e+05 2.53983392e+00
8.74610507e+05 2.53447061e+00
8.74859825e+05 2.53042851e+00
8.75109143e+05 2.52638676e+00
8.75356000e+05 2.52436956e+00
8.75602857e+05 2.52235288e+00
8.75810193e+05 2.52065957e+00
8.76017529e+05 2.51896680e+00
8.76172652e+05 2.51770077e+00
8.76327775e+05 2.51643522e+00
8.76492686e+05 2.51509042e+00
8.76657597e+05 2.51374636e+00
8.76804652e+05 2.51254858e+00
8.76898210e+05 2.51178702e+00
8.76902688e+05 2.51182990e+00
8.77049743e+05 2.51323881e+00
8.77135412e+05 2.51406012e+00
8.77221081e+05 2.51488195e+00
8.77306750e+05 2.51570433e+00
8.77392419e+05 2.51652730e+00
8.77467127e+05 2.51724558e+00
8.77541835e+05 2.51796449e+00
8.77616544e+05 2.51868412e+00
8.77667518e+05 2.51917568e+00
8.77691252e+05 2.52013475e+00
8.77763928e+05 2.52307242e+00
8.77836604e+05 2.52601111e+00
8.77909281e+05 2.52895099e+00
8.77981957e+05 2.53189218e+00
8.78043874e+05 2.53439919e+00
8.78105791e+05 2.53690755e+00
8.78129103e+05 2.53785252e+00
8.78167708e+05 2.54141202e+00
8.78229625e+05 2.54712266e+00
8.78291542e+05 2.55283538e+00
8.78349914e+05 2.55822328e+00
8.78391486e+05 2.56206229e+00
8.78406514e+05 2.56460119e+00
8.78463113e+05 2.57416653e+00
8.78500846e+05 2.58054520e+00
8.78538579e+05 2.58692552e+00
8.78576312e+05 2.59330773e+00
8.78614045e+05 2.59969203e+00
8.78647216e+05 2.60530641e+00
8.78653870e+05 2.60643301e+00
8.78680387e+05 2.61428961e+00
8.78713558e+05 2.62411990e+00
8.78746729e+05 2.63395275e+00
8.78779900e+05 2.64378855e+00
8.78811591e+05 2.65318866e+00
8.78813071e+05 2.65386637e+00
8.78846242e+05 2.66905952e+00
8.78879413e+05 2.68425694e+00
8.78904103e+05 2.69557199e+00
8.78928793e+05 2.70689006e+00
8.78929882e+05 2.70738932e+00
8.78953483e+05 2.72255685e+00
8.78978173e+05 2.73842792e+00
8.79002863e+05 2.75430339e+00
8.79005654e+05 2.75609795e+00
8.79027553e+05 2.77496060e+00
8.79052243e+05 2.79623201e+00
8.79076934e+05 2.81750963e+00
8.79078336e+05 2.81871872e+00
8.79104269e+05 2.84764601e+00
8.79122493e+05 2.86797939e+00
8.79132848e+05 2.87953545e+00
8.79140717e+05 2.89079736e+00
8.79158941e+05 2.91688392e+00
8.79177165e+05 2.94297660e+00
8.79187360e+05 2.95757747e+00
8.79195389e+05 2.97183968e+00
8.79213613e+05 3.00421910e+00
8.79223701e+05 3.02214860e+00
8.79230025e+05 3.03570651e+00
8.79251928e+05 3.08267364e+00
8.79260042e+05 3.10007835e+00
8.79266530e+05 3.11680497e+00
8.79281132e+05 3.15446012e+00
8.79290225e+05 3.17791711e+00
8.79295733e+05 3.19484221e+00
8.79310335e+05 3.23972177e+00
8.79320409e+05 3.27069135e+00
8.79324937e+05 3.28739916e+00
8.79339539e+05 3.34128829e+00
8.79350592e+05 3.38209299e+00
8.79356638e+05 3.40913484e+00
8.79373737e+05 3.48563865e+00
8.79380775e+05 3.51714156e+00
8.79390836e+05 3.57077193e+00
8.79402235e+05 3.63155623e+00
8.79403413e+05 3.63783859e+00
8.79413634e+05 3.70152778e+00
8.79425034e+05 3.77257133e+00
8.79426050e+05 3.77891046e+00
8.79435804e+05 3.85022828e+00
8.79448688e+05 3.94445728e+00
8.79451017e+05 3.96451441e+00
8.79466230e+05 4.09555365e+00
8.79471325e+05 4.13945352e+00
8.79476372e+05 4.18935265e+00
8.79486417e+05 4.28868957e+00
8.79486514e+05 4.28976291e+00
8.79496656e+05 4.40189413e+00
8.79501509e+05 4.45555524e+00
8.79506798e+05 4.52104668e+00
8.79516745e+05 4.64422400e+00
8.79517159e+05 4.64935597e+00
8.79531371e+05 4.84654090e+00
8.79532809e+05 4.86649951e+00
8.79545998e+05 5.07090789e+00
8.79548460e+05 5.10907565e+00
8.79560624e+05 5.31876526e+00
8.79564110e+05 5.37886445e+00
8.79575251e+05 5.59116202e+00
8.79579760e+05 5.67711474e+00
8.79589877e+05 5.88856376e+00
8.79595411e+05 6.00423749e+00
8.79604811e+05 6.21760007e+00
8.79611061e+05 6.35947748e+00
8.79619745e+05 6.57422325e+00
8.79635017e+05 6.95195294e+00
8.79639657e+05 7.07593557e+00
8.79668240e+05 7.83988221e+00
8.79694090e+05 8.53302727e+00
8.79701463e+05 8.73070900e+00
8.79710467e+05 8.95411409e+00
8.79718075e+05 9.14283018e+00
8.79726845e+05 9.33751985e+00
8.79734687e+05 9.51155983e+00
8.79739128e+05 9.59427189e+00
8.79751298e+05 9.82084800e+00
8.79751410e+05 9.82248973e+00
8.79763693e+05 1.00019417e+01
8.79764893e+05 1.00194510e+01
8.79775976e+05 1.01314811e+01
8.79780759e+05 1.01797691e+01
8.79788259e+05 1.02159383e+01
8.79796625e+05 1.02561844e+01
8.79800542e+05 1.02607222e+01
8.79801914e+05 1.02622940e+01
8.79814522e+05 1.02299201e+01
8.79818012e+05 1.02209135e+01
8.79828502e+05 1.01367397e+01
8.79834110e+05 1.00916703e+01
8.79842482e+05 9.98221833e+00
8.79850208e+05 9.88112249e+00
8.79856461e+05 9.77173626e+00
8.79866306e+05 9.59944958e+00
8.79870441e+05 9.51214811e+00
8.79882404e+05 9.25952149e+00
8.79884421e+05 9.21144238e+00
8.79898502e+05 8.87575773e+00
8.79903061e+05 8.75674951e+00
8.79930698e+05 8.03519934e+00
8.79940340e+05 7.77993908e+00
8.79962894e+05 7.18293932e+00
8.79967421e+05 7.06943867e+00
8.79982191e+05 6.69926454e+00
8.79985182e+05 6.62917687e+00
8.79998503e+05 6.31715837e+00
8.79999321e+05 6.29801315e+00
8.80011824e+05 6.02781818e+00
8.80016451e+05 5.92785018e+00
8.80025383e+05 5.75208560e+00
8.80033581e+05 5.59082351e+00
8.80039420e+05 5.48727919e+00
8.80050711e+05 5.28712212e+00
8.80053457e+05 5.24358109e+00
8.80067494e+05 5.02107883e+00
8.80067841e+05 5.01557821e+00
8.80081531e+05 4.82261163e+00
8.80084971e+05 4.77413115e+00
8.80095567e+05 4.64178575e+00
8.80102101e+05 4.56020341e+00
8.80106695e+05 4.50941806e+00
8.80117822e+05 4.38643041e+00
8.80118994e+05 4.37347717e+00
8.80128950e+05 4.27595708e+00
8.80135651e+05 4.21032516e+00
8.80140077e+05 4.17183530e+00
8.80151204e+05 4.07508976e+00
8.80152308e+05 4.06549925e+00
8.80162332e+05 3.99014919e+00
8.80173459e+05 3.90652393e+00
8.80177293e+05 3.87772068e+00
8.80184586e+05 3.83151477e+00
8.80197990e+05 3.74662408e+00
8.80202278e+05 3.71947666e+00
8.80211394e+05 3.67054715e+00
8.80224798e+05 3.59862370e+00
8.80227263e+05 3.58539957e+00
8.80238201e+05 3.53409379e+00
8.80243919e+05 3.50728046e+00
8.80251605e+05 3.47636072e+00
8.80265009e+05 3.42245010e+00
8.80277233e+05 3.37329520e+00
8.80278412e+05 3.36939608e+00
8.80291816e+05 3.32510897e+00
8.80306518e+05 3.27654253e+00
8.80310546e+05 3.26323956e+00
8.80321220e+05 3.23393639e+00
8.80335922e+05 3.19358465e+00
8.80343859e+05 3.17180427e+00
8.80350624e+05 3.15624243e+00
8.80372677e+05 3.10552422e+00
8.80377172e+05 3.09518822e+00
8.80394730e+05 3.06165323e+00
8.80409432e+05 3.03357925e+00
8.80417897e+05 3.01741702e+00
8.80430362e+05 2.99849838e+00
8.80451293e+05 2.96674001e+00
8.80472224e+05 2.93498932e+00
8.80478985e+05 2.92473535e+00
8.80493154e+05 2.90815348e+00
8.80514085e+05 2.88366546e+00
8.80535015e+05 2.85918302e+00
8.80540072e+05 2.85326963e+00
8.80555946e+05 2.83919281e+00
8.80576877e+05 2.82063646e+00
8.80604171e+05 2.79644415e+00
8.80621522e+05 2.78106887e+00
8.80631465e+05 2.77445965e+00
8.80658759e+05 2.75632271e+00
8.80686054e+05 2.73819029e+00
8.80702972e+05 2.72695347e+00
8.80713348e+05 2.72178608e+00
8.80740642e+05 2.70819684e+00
8.80767936e+05 2.69461074e+00
8.80795230e+05 2.68102747e+00
8.80807453e+05 2.67494605e+00
8.80830674e+05 2.66621541e+00
8.80866119e+05 2.65289319e+00
8.80901563e+05 2.63957413e+00
8.80911934e+05 2.63567786e+00
8.80937007e+05 2.62884072e+00
8.80972451e+05 2.61917806e+00
8.81007896e+05 2.60951763e+00
8.81043340e+05 2.59985912e+00
8.81068655e+05 2.59296192e+00
8.81078784e+05 2.59118341e+00
8.81115853e+05 2.58467600e+00
8.81152923e+05 2.57817012e+00
8.81208527e+05 2.56841386e+00
8.81264131e+05 2.55866019e+00
8.81314867e+05 2.54976227e+00
8.81319735e+05 2.54917540e+00
8.81375339e+05 2.54247301e+00
8.81429789e+05 2.53591129e+00
8.81484239e+05 2.52935097e+00
8.81508839e+05 2.52638768e+00
8.81538689e+05 2.52411306e+00
8.81593140e+05 2.51996502e+00
8.81665740e+05 2.51443578e+00
8.81738813e+05 2.50887199e+00
8.81811885e+05 2.50330944e+00
8.81884958e+05 2.49774796e+00
8.81943126e+05 2.49332163e+00
8.81958031e+05 2.49270286e+00
8.82038603e+05 2.48935892e+00
8.82119175e+05 2.48601584e+00
8.82199747e+05 2.48267350e+00
8.82280319e+05 2.47933183e+00
8.82365607e+05 2.47579516e+00
8.82450896e+05 2.47225904e+00
8.82578829e+05 2.46695573e+00
8.82681589e+05 2.46269662e+00
8.82701244e+05 2.46227538e+00
8.82860786e+05 2.45885731e+00
8.82940557e+05 2.45714865e+00
8.83082778e+05 2.45410285e+00
8.83225000e+05 2.45105760e+00
8.83367215e+05 2.44801299e+00
8.83509429e+05 2.44496881e+00
8.83714910e+05 2.44057103e+00
8.83920391e+05 2.43617379e+00
8.84095609e+05 2.43242462e+00
8.84153874e+05 2.43173269e+00
8.84387357e+05 2.42896043e+00
8.84647951e+05 2.42586677e+00
8.84908545e+05 2.42277350e+00
8.85206343e+05 2.41923901e+00
8.85488932e+05 2.41588537e+00
8.85912817e+05 2.41085536e+00
8.86289603e+05 2.40638461e+00
8.86782172e+05 2.40054043e+00
8.87208019e+05 2.39548820e+00
8.87329689e+05 2.39454563e+00
8.87938042e+05 2.38983313e+00
8.88739040e+05 2.38362876e+00
8.89681986e+05 2.37632531e+00
8.90782090e+05 2.36780502e+00
8.92157043e+05 2.35715642e+00
8.93780770e+05 2.34458150e+00
8.96021608e+05 2.33233394e+00
8.98996958e+05 2.31607221e+00
9.03310257e+05 2.29249836e+00
9.03797654e+05 2.28983458e+00
9.09483425e+05 2.26753006e+00
9.17572442e+05 2.23579827e+00
9.18701928e+05 2.23280861e+00
9.31501316e+05 2.19892997e+00
9.49358290e+05 2.15166482e+00
9.57822543e+05 2.12926129e+00
9.59403593e+05 2.12540402e+00
9.63336621e+05 2.11580885e+00
9.66549122e+05 2.10797175e+00
9.68498673e+05 2.10321595e+00
9.68678731e+05 2.10243936e+00
9.70218024e+05 2.09580068e+00
9.71263830e+05 2.09129054e+00
9.72138686e+05 2.08751788e+00
9.72817785e+05 2.08458961e+00
9.73465374e+05 2.08179748e+00
9.73968509e+05 2.07962844e+00
9.74147849e+05 2.07885541e+00
9.74482181e+05 2.07643008e+00
9.74816514e+05 2.07400499e+00
9.75150846e+05 2.07158019e+00
9.75485111e+05 2.06915621e+00
9.75720126e+05 2.06745224e+00
9.75955141e+05 2.06574856e+00
9.76185013e+05 2.06408253e+00
9.76414885e+05 2.06241694e+00
9.76562990e+05 2.06134410e+00
9.76711095e+05 2.06027156e+00
9.76859200e+05 2.05919937e+00
9.77007305e+05 2.05812761e+00
9.77142465e+05 2.05714996e+00
9.77277626e+05 2.05617281e+00
9.77367733e+05 2.05552174e+00
9.77464030e+05 2.05482629e+00
9.77560327e+05 2.05413126e+00
9.77656624e+05 2.05343674e+00
9.77752921e+05 2.05274284e+00
9.77777451e+05 2.05256625e+00
9.77835386e+05 2.05336241e+00
9.77917850e+05 2.05449629e+00
9.78000314e+05 2.05563089e+00
9.78062163e+05 2.05648240e+00
9.78123253e+05 2.05732404e+00
9.78183965e+05 2.05816107e+00
9.78244676e+05 2.05899880e+00
9.78255090e+05 2.05914263e+00
9.78305388e+05 2.06191938e+00
9.78366099e+05 2.06527195e+00
9.78425834e+05 2.06857168e+00
9.78483617e+05 2.07176474e+00
9.78541400e+05 2.07495916e+00
9.78541673e+05 2.07497426e+00
9.78599182e+05 2.08158042e+00
9.78637704e+05 2.08600647e+00
9.78676226e+05 2.09043348e+00
9.78689778e+05 2.09199130e+00
9.78714748e+05 2.09687962e+00
9.78748260e+05 2.10344136e+00
9.78781772e+05 2.11000413e+00
9.78815285e+05 2.11656804e+00
9.78837883e+05 2.12099508e+00
9.78848797e+05 2.12446433e+00
9.78882309e+05 2.13511824e+00
9.78915822e+05 2.14577380e+00
9.78949334e+05 2.15643122e+00
9.78966734e+05 2.16196577e+00
9.78982846e+05 2.16960975e+00
9.79009586e+05 2.18229706e+00
9.79036325e+05 2.19498607e+00
9.79052635e+05 2.20272718e+00
9.79063064e+05 2.20951643e+00
9.79089803e+05 2.22692562e+00
9.79116542e+05 2.24433726e+00
9.79117061e+05 2.24467487e+00
9.79143282e+05 2.26723390e+00
9.79170021e+05 2.29024201e+00
9.79181486e+05 2.30010925e+00
9.79196760e+05 2.31719462e+00
9.79227107e+05 2.35114649e+00
9.79237026e+05 2.36224538e+00
9.79257454e+05 2.39153764e+00
9.79277685e+05 2.42055097e+00
9.79292565e+05 2.44189217e+00
9.79297917e+05 2.45138074e+00
9.79318148e+05 2.48725565e+00
9.79329591e+05 2.50754928e+00
9.79338380e+05 2.52612539e+00
9.79358611e+05 2.56889381e+00
9.79366618e+05 2.58582209e+00
9.79384862e+05 2.63168316e+00
9.79403644e+05 2.67890161e+00
9.79411113e+05 2.70112368e+00
9.79437364e+05 2.77923526e+00
9.79440670e+05 2.78907413e+00
9.79463615e+05 2.86938133e+00
9.79477696e+05 2.91867128e+00
9.79489866e+05 2.96799004e+00
9.79511530e+05 3.05579103e+00
9.79518968e+05 3.09004097e+00
9.79545363e+05 3.21158016e+00
9.79549496e+05 3.23282093e+00
9.79579196e+05 3.38546093e+00
9.79590199e+05 3.44800200e+00
9.79629946e+05 3.67391156e+00
9.79661431e+05 3.86049544e+00
9.79692591e+05 4.04514102e+00
9.79713364e+05 4.16822825e+00
9.79714528e+05 4.17512828e+00
9.79734137e+05 4.27981482e+00
9.79748361e+05 4.35574767e+00
9.79754910e+05 4.38540179e+00
9.79775683e+05 4.47945382e+00
9.79779970e+05 4.49885763e+00
9.79796456e+05 4.55826115e+00
9.79803676e+05 4.58426820e+00
9.79817229e+05 4.62041082e+00
9.79827382e+05 4.64747800e+00
9.79827616e+05 4.64786340e+00
9.79843211e+05 4.67357379e+00
9.79851088e+05 4.68655230e+00
9.79866605e+05 4.69586412e+00
9.79874794e+05 4.70077078e+00
9.79889998e+05 4.69251974e+00
9.79903922e+05 4.68495083e+00
9.79913392e+05 4.66884950e+00
9.79933050e+05 4.63540854e+00
9.79936785e+05 4.62593304e+00
9.79952381e+05 4.58636081e+00
9.79952469e+05 4.58613798e+00
9.79983572e+05 4.48280870e+00
9.79991306e+05 4.45711389e+00
9.80030143e+05 4.30047058e+00
9.80030359e+05 4.29952427e+00
9.80085312e+05 4.05921298e+00
9.80117978e+05 3.91637579e+00
9.80142477e+05 3.80925617e+00
9.80146654e+05 3.79099486e+00
9.80166976e+05 3.71081561e+00
9.80191475e+05 3.61416566e+00
9.80203988e+05 3.56480705e+00
9.80217164e+05 3.51991549e+00
9.80245233e+05 3.42429523e+00
9.80259479e+05 3.37577011e+00
9.80263946e+05 3.36294908e+00
9.80282659e+05 3.30924569e+00
9.80310728e+05 3.22869733e+00
9.80314970e+05 3.21652458e+00
9.80338797e+05 3.15947329e+00
9.80357510e+05 3.11467095e+00
9.80370461e+05 3.08366384e+00
9.80379757e+05 3.06501350e+00
9.80402005e+05 3.02038184e+00
9.80424252e+05 2.97575348e+00
9.80425953e+05 2.97234333e+00
9.80446500e+05 2.93771362e+00
9.80468748e+05 2.90022119e+00
9.80481444e+05 2.87882669e+00
9.80490995e+05 2.86529616e+00
9.80513243e+05 2.83378243e+00
9.80535490e+05 2.80227087e+00
9.80537684e+05 2.79916404e+00
9.80562438e+05 2.76953130e+00
9.80589387e+05 2.73727514e+00
9.80593924e+05 2.73184450e+00
9.80616335e+05 2.70961868e+00
9.80643283e+05 2.68289509e+00
9.80668911e+05 2.65748245e+00
9.80670231e+05 2.65641512e+00
9.80697179e+05 2.63463338e+00
9.80737601e+05 2.60196335e+00
9.80743897e+05 2.59687527e+00
9.80768490e+05 2.58058493e+00
9.80803317e+05 2.55751594e+00
9.80832695e+05 2.53805817e+00
9.80838145e+05 2.53522155e+00
9.80872973e+05 2.51709545e+00
9.80907801e+05 2.49897060e+00
9.80935304e+05 2.48465829e+00
9.80942628e+05 2.48172163e+00
9.80977456e+05 2.46775850e+00
9.81029698e+05 2.44681545e+00
9.81071555e+05 2.43003670e+00
9.81089218e+05 2.42295690e+00
9.81113412e+05 2.41507285e+00
9.81155269e+05 2.40143408e+00
9.81191827e+05 2.38952288e+00
9.81218055e+05 2.38314453e+00
9.81280840e+05 2.36787713e+00
9.81343626e+05 2.35261093e+00
9.81392231e+05 2.34079334e+00
9.81407237e+05 2.33807489e+00
9.81471261e+05 2.32647712e+00
9.81535286e+05 2.31488016e+00
9.81592636e+05 2.30449270e+00
9.81599310e+05 2.30364882e+00
9.81663334e+05 2.29555434e+00
9.81750055e+05 2.28459118e+00
9.81838132e+05 2.27345749e+00
9.81909581e+05 2.26442619e+00
9.81926208e+05 2.26305896e+00
9.82014284e+05 2.25581719e+00
9.82096006e+05 2.24909827e+00
9.82209059e+05 2.23980405e+00
9.82322112e+05 2.23051039e+00
9.82383517e+05 2.22546289e+00
9.82458292e+05 2.22165880e+00
9.82606036e+05 2.21414325e+00
9.82753779e+05 2.20662826e+00
9.82907134e+05 2.19882830e+00
9.82975936e+05 2.19532901e+00
9.83060488e+05 2.19279808e+00
9.83230835e+05 2.18769943e+00
9.83401181e+05 2.18260107e+00
9.83683012e+05 2.17416663e+00
9.83904333e+05 2.16754352e+00
9.83964843e+05 2.16656474e+00
9.84282521e+05 2.16142670e+00
9.84603981e+05 2.15622787e+00
9.84889379e+05 2.15161254e+00
9.85067623e+05 2.14873011e+00
9.85424112e+05 2.14296548e+00
9.85958845e+05 2.13869473e+00
9.86482322e+05 2.13451418e+00
9.87172788e+05 2.12900035e+00
9.88126954e+05 2.12138109e+00
9.88275578e+05 2.12019435e+00
9.89315941e+05 2.11625429e+00
9.90740193e+05 2.11086072e+00
9.92851578e+05 2.10286539e+00
9.94419121e+05 2.09692968e+00
9.95906688e+05 2.09389462e+00
1.00059666e+06 2.08432618e+00
1.00913543e+06 2.06690585e+00
1.01122422e+06 2.06264447e+00
1.02596016e+06 2.03933993e+00
1.05028594e+06 2.00086962e+00
1.07104267e+06 1.96804393e+00
1.08645688e+06 1.94366741e+00
1.09866944e+06 1.91872156e+00
1.10827550e+06 1.89910012e+00
1.11144504e+06 1.89262610e+00
1.11588240e+06 1.88023372e+00
1.12210330e+06 1.86286066e+00
1.12758457e+06 1.84755348e+00
1.13217714e+06 1.82970855e+00
1.13593469e+06 1.81510847e+00
1.13854352e+06 1.80497204e+00
1.13916961e+06 1.80160095e+00
1.14198703e+06 1.78643138e+00
1.14449140e+06 1.77294765e+00
1.14636968e+06 1.76283514e+00
1.14696152e+06 1.75845949e+00
1.14903296e+06 1.74314512e+00
1.15080848e+06 1.73001886e+00
1.15228808e+06 1.71908065e+00
1.15258400e+06 1.71612172e+00
1.15406360e+06 1.70132742e+00
1.15569498e+06 1.68501599e+00
1.15672688e+06 1.67469891e+00
1.15702280e+06 1.67077009e+00
1.15820648e+06 1.65505529e+00
1.15939016e+06 1.63934100e+00
1.16027792e+06 1.62755571e+00
1.16131364e+06 1.60960378e+00
1.16220140e+06 1.59421697e+00
1.16308916e+06 1.57883074e+00
1.16391774e+06 1.56040066e+00
1.16477590e+06 1.54131313e+00
1.16536774e+06 1.52814990e+00
1.16548611e+06 1.52482776e+00
1.16619632e+06 1.50489569e+00
1.16690653e+06 1.48496450e+00
1.16726163e+06 1.47499939e+00
1.16749837e+06 1.46677002e+00
1.16809021e+06 1.44619745e+00
1.16868205e+06 1.42562588e+00
1.16880042e+06 1.42151179e+00
1.16927389e+06 1.40148156e+00
1.16974736e+06 1.38145232e+00
1.17010246e+06 1.36643115e+00
1.17022083e+06 1.36045237e+00
1.17069430e+06 1.33653838e+00
1.17116778e+06 1.31262575e+00
1.17164125e+06 1.28446746e+00
1.17199635e+06 1.26334994e+00
1.17211472e+06 1.25631114e+00
1.17235146e+06 1.23990089e+00
1.17270656e+06 1.21528685e+00
1.17294330e+06 1.19887846e+00
1.17306166e+06 1.18944878e+00
1.17341677e+06 1.16116147e+00
1.17365350e+06 1.14230453e+00
1.17377187e+06 1.13158985e+00
1.17412698e+06 1.09944803e+00
1.17430453e+06 1.08337823e+00
1.17442290e+06 1.07127338e+00
1.17471882e+06 1.04101333e+00
1.17489637e+06 1.02285866e+00
1.17501474e+06 1.00931669e+00
1.17531066e+06 9.75464342e-01
1.17542902e+06 9.61924559e-01
1.17560658e+06 9.39335417e-01
1.17590250e+06 9.01690128e-01
1.17596168e+06 8.94161804e-01
1.17619842e+06 8.60924247e-01
1.17643515e+06 8.27689710e-01
1.17667189e+06 7.91371141e-01
1.17690862e+06 7.55055936e-01
1.17714536e+06 7.15862030e-01
1.17732291e+06 6.86469701e-01
1.17738210e+06 6.76029998e-01
1.17761883e+06 6.34275759e-01
1.17779638e+06 6.02963865e-01
1.17785557e+06 5.92075131e-01
1.17809230e+06 5.48525736e-01
1.17832904e+06 5.04982387e-01
1.17856578e+06 4.61445575e-01
1.17880251e+06 4.17915747e-01
1.17898006e+06 3.86628392e-01
1.17903925e+06 3.76763188e-01
1.17915762e+06 3.57036544e-01
1.17927598e+06 3.38733676e-01
1.17933517e+06 3.29584141e-01
1.17945354e+06 3.12915845e-01
1.17951272e+06 3.05482468e-01
1.17960150e+06 2.94335374e-01
1.17971986e+06 2.81503638e-01
1.17980864e+06 2.73390870e-01
1.17989742e+06 2.66785652e-01
1.17998619e+06 2.61772285e-01
1.18007497e+06 2.58472614e-01
1.18016374e+06 2.57002990e-01
1.18018594e+06 2.56958233e-01
1.18026362e+06 2.57912832e-01
1.18034130e+06 2.60545849e-01
1.18040048e+06 2.63770122e-01
1.18045966e+06 2.68151458e-01
1.18051885e+06 2.73724420e-01
1.18057803e+06 2.80527045e-01
1.18063722e+06 2.88603686e-01
1.18069640e+06 2.97999904e-01
1.18075558e+06 3.08759812e-01
1.18078518e+06 3.14842405e-01
1.18081477e+06 3.20923826e-01
1.18087395e+06 3.34530967e-01
1.18093314e+06 3.49622122e-01
1.18099232e+06 3.66250425e-01
1.18105150e+06 3.84481296e-01
1.18108110e+06 3.94511547e-01
1.18113288e+06 4.12061163e-01
1.18119946e+06 4.36833233e-01
1.18128824e+06 4.72970021e-01
1.18131783e+06 4.86161889e-01
1.18137702e+06 5.12541056e-01
1.18146579e+06 5.55600296e-01
1.18152498e+06 5.86630214e-01
1.18155457e+06 6.02142629e-01
1.18165096e+06 6.56532096e-01
1.18171776e+06 6.97013736e-01
1.18176948e+06 7.28352102e-01
1.18190129e+06 8.13840429e-01
1.18204849e+06 9.15591178e-01
1.18209260e+06 9.47875222e-01
1.18228073e+06 1.08556220e+00
1.18228446e+06 1.08829686e+00
1.18246885e+06 1.22767792e+00
1.18266450e+06 1.37555327e+00
1.18282702e+06 1.49837415e+00
1.18306376e+06 1.66917786e+00
1.18324131e+06 1.78930369e+00
1.18330050e+06 1.82645473e+00
1.18341886e+06 1.90075058e+00
1.18359642e+06 2.00279719e+00
1.18377397e+06 2.09499224e+00
1.18395152e+06 2.17689743e+00
1.18418826e+06 2.27128016e+00
1.18424744e+06 2.29097531e+00
1.18442499e+06 2.35006487e+00
1.18454336e+06 2.38208424e+00
1.18466173e+06 2.41410766e+00
1.18483928e+06 2.45152603e+00
1.18495765e+06 2.47647571e+00
1.18507602e+06 2.49482662e+00
1.18525357e+06 2.52235877e+00
1.18531275e+06 2.52858966e+00
1.18554949e+06 2.55352068e+00
1.18560867e+06 2.55975521e+00
1.18578622e+06 2.57054574e+00
1.18602296e+06 2.58493981e+00
1.18625970e+06 2.58990706e+00
1.18649643e+06 2.59488000e+00
1.18661480e+06 2.59736908e+00
1.18673317e+06 2.59593323e+00
1.18696990e+06 2.59306625e+00
1.18720664e+06 2.59020353e+00
1.18739159e+06 2.58797004e+00
1.18744338e+06 2.58623991e+00
1.18768011e+06 2.57833421e+00
1.18791685e+06 2.57043169e+00
1.18821277e+06 2.56055745e+00
1.18850869e+06 2.55068699e+00
1.18868624e+06 2.54476675e+00
1.18880461e+06 2.54014523e+00
1.18910053e+06 2.52859442e+00
1.18939645e+06 2.51704624e+00
1.18969237e+06 2.50550039e+00
1.18999121e+06 2.49384263e+00
1.19028421e+06 2.48241468e+00
1.19057580e+06 2.47104314e+00
1.19097125e+06 2.45562329e+00
1.19138987e+06 2.43930270e+00
1.19170462e+06 2.42703318e+00
1.19182299e+06 2.42334603e+00
1.19217810e+06 2.41228608e+00
1.19253320e+06 2.40122728e+00
1.19290690e+06 2.38959038e+00
1.19337312e+06 2.37507397e+00
1.19383935e+06 2.36055890e+00
1.19395362e+06 2.35700157e+00
1.19430872e+06 2.34872524e+00
1.19478219e+06 2.33769119e+00
1.19525566e+06 2.32665807e+00
1.19584750e+06 2.31286781e+00
1.19632098e+06 2.30183652e+00
1.19651830e+06 2.29864952e+00
1.19714955e+06 2.28845548e+00
1.19779860e+06 2.27797493e+00
1.19845160e+06 2.26743140e+00
1.19892507e+06 2.25978716e+00
1.19919726e+06 2.25718377e+00
1.19999038e+06 2.24959880e+00
1.20078827e+06 2.24196910e+00
1.20129808e+06 2.23709462e+00
1.20155876e+06 2.23625157e+00
1.20229805e+06 2.23386133e+00
1.20290448e+06 2.23190113e+00
1.20333428e+06 2.23051215e+00
1.20364478e+06 2.23180907e+00
1.20464713e+06 2.23599667e+00
1.20506695e+06 2.23775107e+00
1.20540515e+06 2.24218446e+00
1.20616316e+06 2.25212212e+00
1.20679962e+06 2.26046685e+00
1.20746272e+06 2.27779143e+00
1.20806900e+06 2.29363244e+00
1.20860532e+06 2.31581245e+00
1.20910057e+06 2.33629454e+00
1.20955954e+06 2.36364476e+00
1.20993151e+06 2.38581166e+00
1.21001851e+06 2.39290032e+00
1.21043636e+06 2.42694916e+00
1.21066107e+06 2.44526021e+00
1.21075286e+06 2.45518783e+00
1.21112004e+06 2.49489928e+00
1.21130363e+06 2.51475551e+00
1.21139542e+06 2.52759046e+00
1.21167080e+06 2.56609609e+00
1.21185439e+06 2.59176711e+00
1.21194618e+06 2.60787697e+00
1.21222157e+06 2.65620755e+00
1.21231336e+06 2.67231814e+00
1.21249695e+06 2.71178392e+00
1.21272643e+06 2.76111729e+00
1.21277233e+06 2.77318463e+00
1.21304771e+06 2.84559022e+00
1.21313951e+06 2.86972598e+00
1.21327720e+06 2.91364464e+00
1.21350668e+06 2.98684388e+00
1.21373617e+06 3.07424059e+00
1.21382796e+06 3.10919997e+00
1.21393063e+06 3.15543516e+00
1.21414924e+06 3.25388554e+00
1.21433283e+06 3.35069633e+00
1.21442462e+06 3.39910264e+00
1.21454059e+06 3.47003206e+00
1.21470000e+06 3.56754193e+00
1.21474590e+06 3.59994539e+00
1.21492949e+06 3.72956140e+00
1.21497539e+06 3.76196597e+00
1.21511308e+06 3.87305299e+00
1.21521395e+06 3.95443791e+00
1.21529969e+06 4.03286275e+00
1.21548025e+06 4.19801918e+00
1.21566384e+06 4.38712844e+00
1.21573633e+06 4.46179753e+00
1.21589333e+06 4.64227328e+00
1.21603102e+06 4.80055776e+00
1.21607691e+06 4.85857997e+00
1.21681127e+06 5.78694409e+00
1.21687893e+06 5.87248712e+00
1.21704075e+06 6.05889599e+00
1.21708665e+06 6.11176650e+00
1.21722434e+06 6.24690427e+00
1.21727024e+06 6.29194875e+00
1.21736203e+06 6.36190414e+00
1.21746564e+06 6.44085934e+00
1.21750204e+06 6.45913842e+00
1.21763201e+06 6.52439943e+00
1.21765605e+06 6.52914604e+00
1.21781039e+06 6.55960631e+00
1.21785033e+06 6.56748723e+00
1.21794580e+06 6.55299105e+00
1.21802508e+06 6.54095007e+00
1.21808121e+06 6.51689770e+00
1.21819983e+06 6.46606396e+00
1.21823134e+06 6.44464155e+00
1.21837176e+06 6.34916682e+00
1.21855535e+06 6.18422092e+00
1.21873894e+06 5.98537123e+00
1.21878484e+06 5.93565774e+00
1.21949624e+06 5.06620580e+00
1.21961098e+06 4.92597331e+00
1.21970278e+06 4.82143067e+00
1.21988636e+06 4.61234797e+00
1.21993226e+06 4.56494996e+00
1.22011585e+06 4.37536063e+00
1.22016175e+06 4.32796394e+00
1.22029944e+06 4.20119642e+00
1.22043713e+06 4.07443074e+00
1.22048303e+06 4.03717841e+00
1.22066661e+06 3.88817145e+00
1.22071251e+06 3.85092027e+00
1.22085020e+06 3.75304909e+00
1.22098789e+06 3.65517947e+00
1.22103379e+06 3.62674273e+00
1.22121738e+06 3.51299769e+00
1.22126327e+06 3.48456187e+00
1.22140097e+06 3.41093930e+00
1.22158455e+06 3.31277751e+00
1.22181404e+06 3.20777609e+00
1.22190583e+06 3.16577629e+00
1.22204352e+06 3.11188414e+00
1.22222711e+06 3.04002932e+00
1.22227301e+06 3.02475592e+00
1.22250249e+06 2.94839045e+00
1.22259429e+06 2.91784479e+00
1.22273198e+06 2.87940175e+00
1.22296146e+06 2.81533119e+00
1.22300736e+06 2.80251730e+00
1.22323685e+06 2.74940572e+00
1.22346633e+06 2.69629512e+00
1.22374171e+06 2.64358167e+00
1.22392530e+06 2.60844000e+00
1.22401709e+06 2.59399094e+00
1.22429248e+06 2.55064462e+00
1.22447606e+06 2.52174757e+00
1.22456786e+06 2.51009817e+00
1.22493503e+06 2.46350156e+00
1.22511862e+06 2.44020373e+00
1.22530221e+06 2.42172620e+00
1.22566939e+06 2.38477194e+00
1.22585298e+06 2.36629516e+00
1.22603656e+06 2.35178836e+00
1.22649553e+06 2.31552219e+00
1.22667912e+06 2.30101601e+00
1.22695450e+06 2.28418411e+00
1.22741347e+06 2.25613159e+00
1.22768885e+06 2.23930042e+00
1.22796424e+06 2.22653662e+00
1.22851500e+06 2.20100963e+00
1.22888218e+06 2.18399201e+00
1.22915756e+06 2.17454646e+00
1.22980012e+06 2.15250742e+00
1.23044268e+06 2.13046886e+00
1.23053447e+06 2.12819967e+00
1.23136061e+06 2.10777756e+00
1.23222692e+06 2.08636319e+00
1.23239330e+06 2.08225060e+00
1.23308175e+06 2.07016491e+00
1.23399969e+06 2.05405101e+00
1.23491763e+06 2.03793745e+00
1.23514712e+06 2.03510535e+00
1.23652403e+06 2.01811321e+00
1.23790094e+06 2.00112148e+00
1.23835991e+06 1.99545768e+00
1.23950733e+06 1.98556402e+00
1.24134321e+06 1.96973456e+00
1.24340858e+06 1.95192679e+00
1.24591217e+06 1.93646218e+00
1.24855432e+06 1.92014210e+00
1.25139330e+06 1.90260663e+00
1.25415719e+06 1.88947730e+00
1.25618709e+06 1.87983489e+00
1.25832410e+06 1.86968388e+00
1.26046112e+06 1.85953317e+00
1.26218223e+06 1.85135836e+00
1.26307267e+06 1.84712923e+00
1.26351789e+06 1.84599490e+00
1.26463094e+06 1.84315943e+00
1.26552138e+06 1.84089137e+00
1.26630051e+06 1.83890715e+00
1.26696834e+06 1.83720674e+00
1.26752487e+06 1.83887873e+00
1.26807583e+06 1.84053438e+00
1.26854888e+06 1.84195631e+00
1.26887444e+06 1.84293526e+00
1.26894957e+06 1.84392070e+00
1.26935027e+06 1.84917692e+00
1.26970645e+06 1.85384961e+00
1.27001810e+06 1.85793869e+00
1.27028523e+06 1.86551150e+00
1.27055237e+06 1.87308481e+00
1.27077498e+06 1.87939640e+00
1.27099759e+06 1.89041251e+00
1.27122020e+06 1.90142927e+00
1.27135376e+06 1.90803974e+00
1.27139828e+06 1.91149782e+00
1.27157637e+06 1.92533076e+00
1.27175446e+06 1.93916439e+00
1.27179898e+06 1.94262298e+00
1.27188803e+06 1.95271721e+00
1.27202159e+06 1.96785912e+00
1.27215516e+06 1.98300166e+00
1.27228872e+06 2.00413215e+00
1.27242229e+06 2.02526350e+00
1.27246681e+06 2.03230760e+00
1.27255586e+06 2.05138767e+00
1.27266716e+06 2.07523862e+00
1.27273394e+06 2.08954975e+00
1.27277847e+06 2.10204905e+00
1.27288977e+06 2.13329833e+00
1.27295655e+06 2.15204860e+00
1.27300108e+06 2.16797988e+00
1.27311238e+06 2.20780940e+00
1.27315690e+06 2.22374181e+00
1.27322369e+06 2.25354701e+00
1.27331273e+06 2.29328852e+00
1.27333499e+06 2.30322421e+00
1.27340177e+06 2.33966485e+00
1.27349082e+06 2.38825374e+00
1.27357986e+06 2.44669489e+00
1.27364665e+06 2.49052696e+00
1.27366891e+06 2.50782766e+00
1.27375795e+06 2.57703216e+00
1.27378021e+06 2.59433374e+00
1.27384699e+06 2.65481719e+00
1.27391378e+06 2.71530208e+00
1.27393604e+06 2.73847158e+00
1.27402508e+06 2.83115154e+00
1.27404734e+06 2.85432204e+00
1.27413639e+06 2.95919538e+00
1.27418091e+06 3.01163301e+00
1.27428108e+06 3.14258157e+00
1.27441465e+06 3.31718003e+00
1.27451482e+06 3.45080595e+00
1.27462613e+06 3.59927723e+00
1.27464839e+06 3.62897058e+00
1.27471810e+06 3.71033655e+00
1.27476767e+06 3.76820393e+00
1.27480003e+06 3.79820682e+00
1.27487496e+06 3.86768615e+00
1.27487686e+06 3.86891481e+00
1.27494666e+06 3.91407269e+00
1.27496872e+06 3.92834220e+00
1.27501327e+06 3.94420048e+00
1.27505474e+06 3.95896295e+00
1.27507570e+06 3.96083941e+00
1.27511587e+06 3.96443398e+00
1.27513813e+06 3.96054124e+00
1.27520492e+06 3.94885917e+00
1.27527170e+06 3.91861534e+00
1.27529396e+06 3.90853299e+00
1.27533848e+06 3.87671952e+00
1.27540526e+06 3.82899635e+00
1.27542752e+06 3.80813955e+00
1.27551657e+06 3.72470906e+00
1.27556109e+06 3.67559828e+00
1.27582822e+06 3.38092867e+00
1.27593953e+06 3.25815144e+00
1.27598405e+06 3.20904155e+00
1.27605083e+06 3.14123706e+00
1.27613988e+06 3.05083316e+00
1.27616214e+06 3.02823268e+00
1.27622892e+06 2.96828204e+00
1.27631797e+06 2.88834976e+00
1.27640701e+06 2.81884032e+00
1.27647379e+06 2.76670952e+00
1.27649605e+06 2.75183228e+00
1.27658510e+06 2.69232488e+00
1.27665188e+06 2.64769541e+00
1.27667414e+06 2.63513765e+00
1.27676319e+06 2.58490793e+00
1.27682997e+06 2.54723657e+00
1.27685223e+06 2.53677068e+00
1.27696353e+06 2.48444270e+00
1.27703032e+06 2.45304676e+00
1.27707484e+06 2.43585068e+00
1.27718614e+06 2.39286177e+00
1.27725293e+06 2.36706910e+00
1.27729745e+06 2.35313816e+00
1.27740875e+06 2.31831184e+00
1.27749780e+06 2.29045153e+00
1.27754232e+06 2.27934847e+00
1.27767589e+06 2.24604029e+00
1.27778719e+06 2.21828420e+00
1.27792076e+06 2.19209030e+00
1.27805432e+06 2.16589709e+00
1.27809884e+06 2.15716622e+00
1.27818789e+06 2.14370815e+00
1.27834692e+06 2.11967264e+00
1.27849954e+06 2.09660682e+00
1.27867763e+06 2.07629831e+00
1.27885572e+06 2.05599038e+00
1.27894476e+06 2.04583669e+00
1.27907833e+06 2.03460484e+00
1.27930094e+06 2.01588569e+00
1.27952355e+06 1.99716707e+00
1.27979068e+06 1.98107812e+00
1.28005781e+06 1.96498967e+00
1.28023590e+06 1.95426433e+00
1.28036947e+06 1.94865480e+00
1.28072564e+06 1.93369658e+00
1.28112634e+06 1.91686913e+00
1.28117086e+06 1.91499947e+00
1.28157156e+06 1.90353283e+00
1.28205017e+06 1.88983705e+00
1.28238409e+06 1.88028214e+00
1.28260670e+06 1.87603684e+00
1.28327453e+06 1.86330147e+00
1.28394236e+06 1.85056649e+00
1.28416497e+06 1.84632161e+00
1.28472149e+06 1.83935505e+00
1.28572324e+06 1.82681568e+00
1.28683629e+06 1.81288345e+00
1.28694759e+06 1.81149027e+00
1.28817195e+06 1.80102321e+00
1.28955662e+06 1.78918593e+00
1.29038667e+06 1.78209022e+00
1.29167879e+06 1.77104466e+00
1.29214797e+06 1.76703408e+00
1.29297091e+06 1.76128094e+00
1.29400958e+06 1.75402005e+00
1.29484946e+06 1.74814917e+00
1.29554225e+06 1.74330676e+00
1.29609953e+06 1.73941186e+00
1.29656393e+06 1.73616642e+00
1.29700738e+06 1.73306776e+00
1.29736702e+06 1.73055508e+00
1.29772666e+06 1.72804284e+00
1.29801438e+06 1.72603347e+00
1.29828024e+06 1.72417718e+00
1.29850649e+06 1.72259787e+00
1.29869686e+06 1.72126940e+00
1.29888369e+06 1.71996617e+00
1.29906333e+06 1.71871356e+00
1.29921423e+06 1.71766185e+00
1.29936514e+06 1.71661071e+00
1.29949448e+06 1.71571030e+00
1.29962382e+06 1.71481054e+00
1.29974776e+06 1.71394913e+00
1.29984474e+06 1.71327566e+00
1.29989727e+06 1.71291123e+00
1.29994172e+06 1.71330987e+00
1.30003871e+06 1.71418042e+00
1.30011953e+06 1.71490657e+00
1.30019946e+06 1.71562557e+00
1.30027586e+06 1.71631358e+00
1.30035226e+06 1.71700255e+00
1.30041337e+06 1.71755455e+00
1.30047449e+06 1.71810744e+00
1.30048723e+06 1.71822286e+00
1.30053561e+06 1.72023725e+00
1.30059673e+06 1.72278307e+00
1.30064257e+06 1.72469331e+00
1.30068841e+06 1.72660451e+00
1.30073424e+06 1.72851672e+00
1.30078008e+06 1.73043015e+00
1.30082592e+06 1.73234491e+00
1.30084120e+06 1.73298372e+00
1.30087176e+06 1.73607014e+00
1.30091760e+06 1.74070156e+00
1.30095580e+06 1.74456279e+00
1.30099400e+06 1.74842577e+00
1.30103219e+06 1.75229078e+00
1.30104747e+06 1.75383766e+00
1.30107039e+06 1.75814445e+00
1.30110019e+06 1.76374522e+00
1.30113456e+06 1.77020987e+00
1.30116512e+06 1.77595901e+00
1.30118957e+06 1.78056028e+00
1.30119568e+06 1.78244840e+00
1.30122624e+06 1.79189365e+00
1.30124916e+06 1.79897958e+00
1.30126826e+06 1.80488620e+00
1.30128965e+06 1.81150403e+00
1.30129347e+06 1.81268592e+00
1.30131181e+06 1.82126690e+00
1.30133626e+06 1.83271056e+00
1.30136070e+06 1.84415836e+00
1.30137293e+06 1.84988441e+00
1.30138515e+06 1.85780750e+00
1.30140807e+06 1.87266765e+00
1.30142335e+06 1.88257767e+00
1.30142793e+06 1.88643614e+00
1.30144627e+06 1.90187006e+00
1.30146460e+06 1.91730859e+00
1.30146766e+06 1.91988269e+00
1.30148294e+06 1.93660534e+00
1.30150127e+06 1.95667736e+00
1.30151350e+06 1.97006393e+00
1.30151961e+06 1.97859787e+00
1.30153795e+06 2.00421159e+00
1.30154711e+06 2.01702286e+00
1.30155628e+06 2.03296724e+00
1.30157232e+06 2.06088120e+00
1.30158073e+06 2.07550704e+00
1.30158607e+06 2.08691716e+00
1.30159983e+06 2.11627011e+00
1.30160747e+06 2.13258158e+00
1.30161281e+06 2.14627398e+00
1.30162657e+06 2.18148897e+00
1.30163268e+06 2.19714578e+00
1.30164184e+06 2.22490580e+00
1.30165445e+06 2.26309406e+00
1.30165712e+06 2.27251228e+00
1.30167050e+06 2.31963317e+00
1.30167470e+06 2.33444653e+00
1.30168386e+06 2.37251567e+00
1.30169723e+06 2.42804869e+00
1.30169991e+06 2.43916306e+00
1.30170907e+06 2.48444127e+00
1.30172130e+06 2.54483176e+00
1.30172359e+06 2.55615760e+00
1.30173352e+06 2.61357646e+00
1.30174575e+06 2.68426765e+00
1.30175797e+06 2.76554271e+00
1.30176637e+06 2.82143471e+00
1.30177019e+06 2.85009515e+00
1.30178242e+06 2.94182448e+00
1.30178547e+06 2.96476077e+00
1.30179464e+06 3.04104512e+00
1.30180381e+06 3.11735211e+00
1.30181298e+06 3.20074860e+00
1.30182214e+06 3.28417898e+00
1.30183131e+06 3.37403938e+00
1.30184048e+06 3.46392399e+00
1.30185499e+06 3.61623836e+00
1.30186798e+06 3.75254147e+00
1.30190800e+06 4.18806532e+00
1.30191411e+06 4.25457940e+00
1.30192929e+06 4.40961309e+00
1.30194037e+06 4.52269670e+00
1.30194553e+06 4.56915910e+00
1.30195928e+06 4.69303781e+00
1.30196119e+06 4.71024810e+00
1.30197188e+06 4.79128197e+00
1.30197914e+06 4.84625248e+00
1.30198411e+06 4.87636019e+00
1.30199442e+06 4.93888344e+00
1.30199566e+06 4.94453757e+00
1.30200838e+06 5.00235814e+00
1.30201132e+06 5.01031935e+00
1.30202511e+06 5.04757496e+00
1.30202729e+06 5.05344061e+00
1.30202790e+06 5.05405179e+00
1.30203751e+06 5.06359976e+00
1.30203911e+06 5.06294889e+00
1.30205033e+06 5.05834633e+00
1.30205102e+06 5.05806068e+00
1.30206242e+06 5.03548409e+00
1.30206452e+06 5.03132186e+00
1.30207884e+06 4.98084607e+00
1.30209106e+06 4.92102615e+00
1.30209106e+06 4.92101986e+00
1.30210405e+06 4.83928769e+00
1.30210940e+06 4.80561624e+00
1.30211895e+06 4.73210007e+00
1.30212773e+06 4.66444156e+00
1.30214015e+06 4.55294889e+00
1.30215638e+06 4.40710478e+00
1.30216393e+06 4.33284579e+00
1.30220451e+06 3.93331135e+00
1.30222247e+06 3.75658820e+00
1.30222323e+06 3.74907884e+00
1.30223775e+06 3.61431397e+00
1.30224691e+06 3.52922251e+00
1.30225608e+06 3.45020011e+00
1.30226678e+06 3.35802368e+00
1.30226830e+06 3.34597179e+00
1.30228053e+06 3.24957245e+00
1.30228817e+06 3.18934071e+00
1.30229275e+06 3.15684393e+00
1.30230498e+06 3.07020171e+00
1.30230956e+06 3.03772380e+00
1.30231720e+06 2.98979239e+00
1.30232942e+06 2.91311715e+00
1.30233248e+06 2.89395192e+00
1.30234165e+06 2.84393183e+00
1.30235463e+06 2.77309033e+00
1.30235693e+06 2.76059041e+00
1.30236724e+06 2.71239585e+00
1.30237870e+06 2.65886190e+00
1.30238290e+06 2.63923488e+00
1.30239207e+06 2.60275349e+00
1.30240735e+06 2.54196979e+00
1.30240811e+06 2.53893111e+00
1.30242263e+06 2.48929791e+00
1.30243103e+06 2.46056984e+00
1.30243791e+06 2.44050095e+00
1.30245242e+06 2.39813760e+00
1.30245930e+06 2.37807496e+00
1.30246618e+06 2.36106931e+00
1.30248222e+06 2.32140368e+00
1.30248604e+06 2.31195781e+00
1.30249597e+06 2.29109412e+00
1.30250972e+06 2.26220890e+00
1.30251583e+06 2.24937374e+00
1.30252806e+06 2.22782673e+00
1.30254639e+06 2.19551179e+00
1.30254945e+06 2.19012717e+00
1.30256473e+06 2.16776004e+00
1.30258306e+06 2.14092404e+00
1.30258612e+06 2.13645376e+00
1.30260140e+06 2.11855345e+00
1.30261973e+06 2.09707915e+00
1.30263807e+06 2.07560800e+00
1.30264112e+06 2.07203129e+00
1.30265641e+06 2.05792880e+00
1.30267780e+06 2.03819183e+00
1.30269155e+06 2.02550689e+00
1.30270224e+06 2.01764515e+00
1.30272669e+06 1.99968079e+00
1.30274808e+06 1.98396554e+00
1.30275114e+06 1.98224479e+00
1.30277711e+06 1.96762220e+00
1.30280614e+06 1.95128386e+00
1.30283670e+06 1.93409008e+00
1.30283670e+06 1.93408963e+00
1.30286726e+06 1.92060288e+00
1.30288560e+06 1.91251324e+00
1.30289782e+06 1.90837956e+00
1.30292838e+06 1.89804914e+00
1.30295961e+06 1.88749524e+00
1.30299236e+06 1.87642679e+00
1.30301089e+06 1.87016823e+00
1.30302722e+06 1.86635127e+00
1.30306437e+06 1.85767097e+00
1.30310257e+06 1.84874707e+00
1.30314267e+06 1.83937905e+00
1.30317132e+06 1.83268874e+00
1.30318660e+06 1.83032977e+00
1.30323244e+06 1.82325498e+00
1.30327828e+06 1.81618160e+00
1.30332412e+06 1.80910973e+00
1.30336996e+06 1.80203891e+00
1.30338524e+06 1.79968242e+00
1.30341961e+06 1.79634052e+00
1.30347691e+06 1.79077198e+00
1.30353803e+06 1.78483348e+00
1.30359915e+06 1.77889610e+00
1.30366409e+06 1.77258870e+00
1.30369083e+06 1.76999195e+00
1.30373667e+06 1.76732024e+00
1.30381306e+06 1.76286849e+00
1.30389117e+06 1.75831805e+00
1.30397270e+06 1.75356927e+00
1.30406113e+06 1.74841872e+00
1.30413917e+06 1.74387487e+00
1.30415997e+06 1.74317601e+00
1.30426402e+06 1.73968254e+00
1.30437326e+06 1.73601516e+00
1.30449440e+06 1.73194953e+00
1.30462517e+06 1.72756090e+00
1.30476039e+06 1.72302387e+00
1.30489708e+06 1.71843774e+00
1.30490563e+06 1.71827406e+00
1.30506795e+06 1.71516485e+00
1.30524370e+06 1.71179908e+00
1.30543930e+06 1.70805384e+00
1.30564706e+06 1.70407614e+00
1.30588450e+06 1.69953075e+00
1.30612195e+06 1.69498581e+00
1.30638287e+06 1.68999202e+00
1.30663070e+06 1.68524907e+00
1.30687853e+06 1.68050653e+00
1.30712637e+06 1.67576438e+00
1.30737420e+06 1.67102264e+00
1.30759379e+06 1.66682162e+00
1.30780460e+06 1.66278907e+00
1.30801541e+06 1.65875700e+00
1.30817787e+06 1.65565009e+00
1.30832178e+06 1.65289848e+00
1.30846568e+06 1.65014734e+00
1.30860959e+06 1.64739679e+00
1.30873452e+06 1.64500946e+00
1.30883654e+06 1.64306039e+00
1.30893857e+06 1.64111193e+00
1.30903754e+06 1.63922247e+00
1.30912561e+06 1.63754169e+00
1.30921063e+06 1.63591996e+00
1.30927865e+06 1.63462323e+00
1.30934666e+06 1.63332723e+00
1.30941468e+06 1.63203205e+00
1.30943381e+06 1.63166801e+00
1.30946569e+06 1.63152604e+00
1.30951670e+06 1.63129956e+00
1.30952521e+06 1.63126195e+00
1.30956772e+06 1.63236655e+00
1.30961873e+06 1.63369299e+00
1.30966974e+06 1.63502052e+00
1.30971480e+06 1.63619424e+00
1.30974987e+06 1.63710857e+00
1.30978197e+06 1.63794604e+00
1.30978771e+06 1.63809595e+00
1.30982278e+06 1.64150054e+00
1.30986019e+06 1.64513349e+00
1.30989419e+06 1.64843743e+00
1.30992820e+06 1.65174277e+00
1.30994521e+06 1.65339626e+00
1.30996221e+06 1.65660046e+00
1.30999197e+06 1.66220938e+00
1.31001577e+06 1.66669781e+00
1.31002682e+06 1.66878234e+00
1.31004043e+06 1.67269241e+00
1.31006763e+06 1.68051430e+00
1.31009484e+06 1.68833857e+00
1.31012205e+06 1.70001967e+00
1.31014755e+06 1.71097342e+00
1.31016116e+06 1.71681677e+00
1.31016966e+06 1.72205967e+00
1.31019006e+06 1.73464286e+00
1.31020877e+06 1.74618048e+00
1.31021047e+06 1.74760648e+00
1.31023087e+06 1.76472545e+00
1.31025128e+06 1.78184754e+00
1.31025468e+06 1.78470196e+00
1.31027168e+06 1.80329872e+00
1.31028869e+06 1.82190109e+00
1.31029209e+06 1.82654787e+00
1.31030994e+06 1.85095277e+00
1.31031929e+06 1.86373815e+00
1.31032525e+06 1.87380607e+00
1.31034055e+06 1.89969475e+00
1.31034820e+06 1.91264175e+00
1.31035500e+06 1.92669554e+00
1.31037030e+06 1.95831748e+00
1.31037371e+06 1.96534635e+00
1.31038731e+06 1.99902875e+00
1.31039666e+06 2.02219122e+00
1.31040431e+06 2.04455960e+00
1.31041792e+06 2.08433450e+00
1.31041919e+06 2.08878368e+00
1.31043195e+06 2.13325579e+00
1.31044342e+06 2.17328260e+00
1.31044512e+06 2.18032777e+00
1.31045873e+06 2.23667831e+00
1.31046425e+06 2.25957066e+00
1.31047233e+06 2.29797933e+00
1.31048126e+06 2.34043437e+00
1.31048593e+06 2.36564752e+00
1.31049954e+06 2.43900231e+00
1.31051314e+06 2.52250192e+00
1.31051909e+06 2.55904047e+00
1.31052674e+06 2.61205529e+00
1.31053695e+06 2.68274270e+00
1.31054035e+06 2.70891599e+00
1.31055395e+06 2.81360110e+00
1.31055395e+06 2.81360955e+00
1.31057095e+06 2.95733734e+00
1.31057265e+06 2.97326098e+00
1.31059348e+06 3.16827156e+00
1.31059646e+06 3.19612537e+00
1.31061771e+06 3.41397267e+00
1.31062452e+06 3.48892732e+00
1.31065677e+06 3.84435484e+00
1.31066830e+06 3.97252693e+00
1.31068913e+06 4.20403463e+00
1.31069827e+06 4.30562447e+00
1.31070869e+06 4.41137633e+00
1.31072356e+06 4.56245105e+00
1.31072399e+06 4.56626115e+00
1.31073781e+06 4.69015722e+00
1.31074072e+06 4.71624669e+00
1.31075087e+06 4.79464843e+00
1.31075695e+06 4.84154521e+00
1.31076344e+06 4.88261201e+00
1.31077272e+06 4.94124936e+00
1.31077595e+06 4.95690792e+00
1.31078723e+06 5.01154856e+00
1.31079183e+06 5.02716291e+00
1.31080049e+06 5.05655476e+00
1.31080722e+06 5.06841966e+00
1.31081751e+06 5.08653307e+00
1.31082261e+06 5.08903344e+00
1.31082389e+06 5.08965658e+00
1.31083962e+06 5.07686070e+00
1.31084195e+06 5.07495489e+00
1.31085322e+06 5.04510330e+00
1.31086002e+06 5.02707257e+00
1.31086682e+06 4.99903176e+00
1.31087362e+06 4.97098281e+00
1.31088383e+06 4.91488717e+00
1.31089403e+06 4.85877953e+00
1.31090551e+06 4.77862115e+00
1.31091953e+06 4.68064199e+00
1.31092868e+06 4.60576745e+00
1.31095099e+06 4.42295948e+00
1.31098032e+06 4.16773356e+00
1.31100115e+06 3.98649682e+00
1.31102008e+06 3.82183778e+00
1.31102052e+06 3.81798393e+00
1.31104037e+06 3.66036424e+00
1.31105387e+06 3.55323694e+00
1.31105573e+06 3.53842290e+00
1.31106747e+06 3.45463766e+00
1.31107980e+06 3.36664742e+00
1.31108107e+06 3.35846695e+00
1.31109468e+06 3.27125865e+00
1.31110530e+06 3.20313988e+00
1.31110828e+06 3.18632550e+00
1.31112188e+06 3.10947535e+00
1.31113251e+06 3.04943740e+00
1.31113549e+06 3.03488185e+00
1.31114888e+06 2.96937051e+00
1.31116184e+06 2.90594831e+00
1.31116184e+06 2.90594342e+00
1.31117566e+06 2.84810740e+00
1.31119160e+06 2.78136789e+00
1.31119181e+06 2.78047626e+00
1.31120860e+06 2.72022888e+00
1.31122008e+06 2.67905253e+00
1.31122603e+06 2.66075356e+00
1.31124346e+06 2.60717490e+00
1.31125090e+06 2.58430859e+00
1.31125961e+06 2.56171594e+00
1.31127619e+06 2.51874060e+00
1.31128725e+06 2.49009457e+00
1.31129532e+06 2.47259210e+00
1.31131573e+06 2.42837989e+00
1.31132423e+06 2.40995998e+00
1.31133613e+06 2.38842524e+00
1.31135654e+06 2.35151229e+00
1.31136461e+06 2.33690208e+00
1.31137694e+06 2.31865496e+00
1.31139735e+06 2.28845301e+00
1.31141690e+06 2.25951140e+00
1.31141775e+06 2.25849435e+00
1.31143986e+06 2.23204735e+00
1.31146536e+06 2.20153392e+00
1.31147217e+06 2.19339719e+00
1.31149257e+06 2.17349915e+00
1.31151978e+06 2.14696918e+00
1.31152573e+06 2.14116574e+00
1.31154698e+06 2.12452231e+00
1.31157376e+06 2.10355257e+00
1.31159800e+06 2.08458006e+00
1.31159969e+06 2.08354579e+00
1.31162733e+06 2.06672613e+00
1.31165921e+06 2.04732101e+00
1.31169407e+06 2.02610553e+00
1.31169492e+06 2.02558825e+00
1.31173148e+06 2.00804424e+00
1.31177112e+06 1.98902325e+00
1.31177654e+06 1.98642268e+00
1.31181108e+06 1.97368472e+00
1.31185146e+06 1.95879273e+00
1.31187770e+06 1.94911607e+00
1.31189418e+06 1.94401604e+00
1.31193977e+06 1.92990786e+00
1.31194996e+06 1.92675515e+00
1.31198654e+06 1.91795397e+00
1.31203436e+06 1.90644608e+00
1.31208431e+06 1.89442742e+00
1.31212682e+06 1.88419935e+00
1.31213745e+06 1.88241934e+00
1.31219696e+06 1.87245258e+00
1.31226285e+06 1.86141886e+00
1.31233087e+06 1.85002989e+00
1.31236487e+06 1.84433574e+00
1.31240101e+06 1.84026488e+00
1.31247753e+06 1.83164503e+00
1.31256255e+06 1.82206809e+00
1.31265607e+06 1.81153413e+00
1.31267095e+06 1.80985843e+00
1.31275808e+06 1.80349561e+00
1.31286813e+06 1.79545957e+00
1.31298689e+06 1.78678803e+00
1.31309930e+06 1.77858070e+00
1.31311737e+06 1.77776097e+00
1.31325985e+06 1.77129619e+00
1.31341603e+06 1.76421084e+00
1.31359294e+06 1.75618565e+00
1.31368750e+06 1.75189567e+00
1.31371388e+06 1.75069940e+00
1.31390860e+06 1.74548386e+00
1.31413983e+06 1.73929109e+00
1.31440059e+06 1.73230794e+00
1.31467825e+06 1.72487271e+00
1.31471791e+06 1.72427547e+00
1.31512256e+06 1.71818288e+00
1.31555020e+06 1.71174472e+00
1.31610529e+06 1.70338805e+00
1.31622091e+06 1.70164761e+00
1.31682264e+06 1.69684985e+00
1.31804184e+06 1.68712977e+00
1.31858562e+06 1.68279482e+00
1.31914597e+06 1.68119952e+00
1.32022118e+06 1.67813880e+00
1.32128484e+06 1.67511137e+00
1.32133109e+06 1.67523503e+00
1.32234850e+06 1.67795589e+00
1.32311156e+06 1.67999686e+00
1.32327342e+06 1.68145730e+00
1.32410585e+06 1.68896852e+00
1.32484578e+06 1.69564557e+00
1.32493828e+06 1.69648026e+00
1.32549323e+06 1.70706748e+00
1.32604818e+06 1.71765509e+00
1.32614067e+06 1.71941976e+00
1.32660313e+06 1.73355331e+00
1.32706559e+06 1.74768729e+00
1.32756545e+06 1.77020573e+00
1.32789802e+06 1.78518863e+00
1.32799051e+06 1.79101330e+00
1.32836048e+06 1.81431246e+00
1.32854546e+06 1.82596232e+00
1.32873045e+06 1.84143897e+00
1.32900792e+06 1.86465440e+00
1.32910042e+06 1.87239304e+00
1.32933165e+06 1.89745777e+00
1.32960912e+06 1.92753603e+00
1.32988660e+06 1.96606018e+00
1.33007158e+06 1.99174344e+00
1.33016407e+06 2.00789648e+00
1.33039530e+06 2.04827974e+00
1.33048780e+06 2.06443333e+00
1.33062653e+06 2.09431941e+00
1.33085776e+06 2.14413035e+00
1.33108899e+06 2.20433085e+00
1.33118149e+06 2.22841145e+00
1.33132022e+06 2.27144668e+00
1.33150521e+06 2.32882790e+00
1.33155145e+06 2.34566022e+00
1.33178268e+06 2.42982306e+00
1.33201391e+06 2.52699555e+00
1.33206016e+06 2.54643034e+00
1.33224514e+06 2.63520350e+00
1.33233764e+06 2.67959065e+00
1.33246603e+06 2.74918943e+00
1.33266136e+06 2.85506696e+00
1.33270760e+06 2.88260156e+00
1.33344754e+06 3.32315900e+00
1.33355194e+06 3.38531558e+00
1.33366405e+06 3.44262445e+00
1.33379584e+06 3.50998506e+00
1.33385701e+06 3.53421740e+00
1.33400423e+06 3.59253122e+00
1.33401621e+06 3.59565922e+00
1.33416040e+06 3.63328217e+00
1.33419375e+06 3.64198571e+00
1.33429171e+06 3.65200073e+00
1.33441871e+06 3.66498216e+00
1.33456024e+06 3.65379494e+00
1.33460369e+06 3.65036032e+00
1.33470178e+06 3.62872161e+00
1.33478867e+06 3.60955196e+00
1.33483492e+06 3.59323470e+00
1.33497366e+06 3.54428121e+00
1.33516367e+06 3.45476530e+00
1.33520866e+06 3.43357036e+00
1.33534363e+06 3.35642537e+00
1.33568280e+06 3.16255345e+00
1.33614538e+06 2.88811150e+00
1.33640728e+06 2.74572103e+00
1.33645353e+06 2.72057848e+00
1.33663851e+06 2.63083658e+00
1.33673101e+06 2.58596623e+00
1.33686974e+06 2.52673074e+00
1.33700848e+06 2.46749607e+00
1.33706779e+06 2.44546669e+00
1.33728596e+06 2.36442456e+00
1.33751719e+06 2.29080762e+00
1.33759069e+06 2.26740707e+00
1.33774842e+06 2.22521730e+00
1.33793340e+06 2.17573778e+00
1.33797725e+06 2.16606631e+00
1.33821088e+06 2.11453913e+00
1.33830337e+06 2.09413996e+00
1.33844211e+06 2.06917438e+00
1.33867334e+06 2.02756583e+00
1.33871958e+06 2.02088219e+00
1.33899706e+06 1.98078113e+00
1.33909051e+06 1.96727604e+00
1.33922829e+06 1.95185034e+00
1.33949732e+06 1.92173094e+00
1.33959826e+06 1.91043041e+00
1.33978324e+06 1.89507986e+00
1.34015321e+06 1.86437949e+00
1.34056307e+06 1.84027062e+00
1.34070816e+06 1.83173656e+00
1.34097354e+06 1.82164892e+00
1.34135561e+06 1.80712610e+00
1.34144810e+06 1.80532022e+00
1.34191056e+06 1.79629145e+00
1.34203564e+06 1.79384962e+00
1.34244976e+06 1.79176946e+00
1.34248812e+06 1.79157677e+00
1.34301735e+06 1.79648704e+00
1.34324359e+06 1.79858640e+00
1.34348292e+06 1.80476743e+00
1.34399906e+06 1.81809773e+00
1.34413037e+06 1.82375404e+00
1.34468532e+06 1.84765983e+00
1.34477781e+06 1.85331930e+00
1.34540219e+06 1.89152510e+00
1.34549468e+06 1.89906423e+00
1.34607270e+06 1.94617941e+00
1.34616519e+06 1.95577780e+00
1.34672014e+06 2.01336866e+00
1.34687841e+06 2.03350133e+00
1.34727509e+06 2.08396240e+00
1.34755257e+06 2.12617399e+00
1.34783005e+06 2.16838586e+00
1.34817132e+06 2.22938807e+00
1.34829404e+06 2.25132289e+00
1.34875035e+06 2.34712142e+00
1.34890296e+06 2.37915926e+00
1.34939846e+06 2.50242676e+00
1.34951802e+06 2.53217155e+00
1.34998049e+06 2.66594240e+00
1.35044295e+06 2.81697649e+00
1.35065699e+06 2.89532090e+00
1.35090541e+06 2.98624957e+00
1.35136786e+06 3.17437420e+00
1.35185273e+06 3.39141203e+00
1.35234359e+06 3.63092515e+00
1.35302607e+06 3.99078042e+00
1.35332530e+06 4.15464706e+00
1.35381615e+06 4.42345708e+00
1.35430701e+06 4.69226685e+00
1.35445605e+06 4.77388561e+00
1.35479786e+06 4.94639076e+00
1.35493270e+06 5.01444095e+00
1.35528936e+06 5.17331181e+00
1.35545541e+06 5.24728106e+00
1.35581112e+06 5.37698183e+00
1.35594071e+06 5.42423464e+00
1.35629317e+06 5.52142009e+00
1.35638901e+06 5.54784492e+00
1.35677522e+06 5.61986796e+00
1.35680924e+06 5.62621149e+00
1.35720636e+06 5.66602322e+00
1.35756476e+06 5.67745187e+00
1.35765971e+06 5.67358006e+00
1.35796066e+06 5.66130821e+00
1.35835656e+06 5.62066909e+00
1.35884742e+06 5.54077218e+00
1.35955993e+06 5.38258332e+00
1.36031998e+06 5.17701394e+00
1.36105626e+06 4.97787292e+00
1.36180852e+06 4.77441069e+00
1.36228340e+06 4.64597316e+00
1.36252883e+06 4.58561006e+00
1.36326511e+06 4.40452238e+00
1.36383545e+06 4.28211777e+00
1.36424682e+06 4.19383266e+00
1.36449225e+06 4.14914672e+00
1.36522853e+06 4.01508997e+00
1.36603631e+06 3.89340558e+00
1.36621024e+06 3.86720515e+00
1.36687584e+06 3.78646631e+00
1.36719195e+06 3.74812294e+00
1.36788931e+06 3.68230402e+00
1.36817366e+06 3.65546666e+00
1.36890277e+06 3.60478817e+00
1.36915537e+06 3.58723135e+00
1.37002666e+06 3.54681707e+00
1.37013708e+06 3.54169537e+00
1.37092970e+06 3.52206468e+00
1.37111878e+06 3.51738176e+00
1.37194316e+06 3.51274628e+00
1.37212867e+06 3.51545683e+00
1.37312625e+06 3.53003400e+00
1.37332763e+06 3.53741303e+00
1.37430934e+06 3.57338567e+00
1.37476916e+06 3.59949331e+00
1.37553648e+06 3.64306003e+00
1.37701048e+06 3.75557207e+00
1.37903741e+06 3.94098411e+00
1.38044503e+06 4.06974422e+00
1.38153151e+06 4.16912879e+00
1.38224378e+06 4.21879828e+00
1.38289930e+06 4.26450948e+00
1.38347699e+06 4.29039161e+00
1.38416989e+06 4.32143491e+00
1.38471020e+06 4.32978265e+00
1.38561552e+06 4.34376939e+00
1.38603716e+06 4.33706466e+00
1.38690013e+06 4.32334158e+00
1.38818473e+06 4.27634050e+00
1.38993215e+06 4.17254263e+00
1.39089700e+06 4.09719308e+00
1.39221244e+06 3.99446491e+00
1.39290920e+06 3.94005307e+00
1.39360596e+06 3.88564189e+00
1.39411269e+06 3.84607063e+00
1.39458960e+06 3.80882874e+00
1.39503144e+06 3.77432601e+00
1.39543480e+06 3.74282888e+00
1.39578774e+06 3.71526958e+00
1.39588858e+06 3.70739571e+00
1.39609026e+06 3.69452966e+00
1.39634236e+06 3.67844769e+00
1.39659446e+06 3.66236640e+00
1.39684656e+06 3.64628590e+00
1.39704824e+06 3.63342223e+00
1.39724992e+06 3.62055935e+00
1.39740118e+06 3.61561952e+00
1.39756800e+06 3.61017246e+00
1.39772891e+06 3.60491894e+00
1.39787009e+06 3.60031072e+00
1.39801630e+06 3.59553896e+00
1.39815748e+06 3.59093289e+00
1.39824319e+06 3.58813714e+00
1.39827849e+06 3.58895725e+00
1.39839950e+06 3.59177025e+00
1.39850034e+06 3.59411552e+00
1.39860118e+06 3.59646200e+00
1.39865412e+06 3.59769461e+00
1.39870202e+06 3.60204546e+00
1.39880286e+06 3.61120669e+00
1.39888353e+06 3.61853702e+00
1.39896420e+06 3.62586879e+00
1.39904487e+06 3.63320219e+00
1.39906504e+06 3.63503600e+00
1.39912554e+06 3.64685474e+00
1.39920622e+06 3.66261518e+00
1.39926672e+06 3.67443714e+00
1.39930706e+06 3.68231957e+00
1.39932722e+06 3.68878437e+00
1.39938773e+06 3.70818066e+00
1.39944823e+06 3.72757903e+00
1.39950874e+06 3.74697976e+00
1.39955823e+06 3.77069673e+00
1.39960224e+06 3.79178347e+00
1.39966000e+06 3.81946280e+00
1.39967008e+06 3.82429603e+00
1.39971546e+06 3.85498628e+00
1.39976588e+06 3.88908978e+00
1.39981126e+06 3.91978612e+00
1.39981630e+06 3.92441062e+00
1.39986672e+06 3.97065961e+00
1.39991714e+06 4.01691310e+00
1.39993226e+06 4.03079067e+00
1.39996756e+06 4.07316626e+00
1.40001294e+06 4.12765410e+00
1.40003310e+06 4.15187315e+00
1.40005327e+06 4.18263290e+00
1.40009361e+06 4.24415711e+00
1.40012386e+06 4.29030416e+00
1.40013394e+06 4.30938311e+00
1.40017428e+06 4.38570464e+00
1.40020453e+06 4.44295048e+00
1.40021462e+06 4.46608395e+00
1.40025495e+06 4.55862470e+00
1.40027512e+06 4.60489879e+00
1.40029529e+06 4.66008609e+00
1.40033562e+06 4.77046870e+00
1.40034571e+06 4.79806647e+00
1.40037596e+06 4.89571914e+00
1.40041630e+06 5.02593153e+00
1.40045663e+06 5.17709135e+00
1.40048688e+06 5.29046783e+00
1.40049697e+06 5.33330361e+00
1.40054132e+06 5.52170284e+00
1.40055747e+06 5.59033431e+00
1.40061014e+06 5.83664075e+00
1.40072058e+06 6.35308363e+00
1.40072638e+06 6.38020530e+00
1.40076419e+06 6.55069086e+00
1.40077932e+06 6.61887940e+00
1.40080957e+06 6.73779445e+00
1.40083982e+06 6.85669487e+00
1.40084487e+06 6.87235258e+00
1.40087577e+06 6.96829887e+00
1.40088016e+06 6.98193662e+00
1.40090604e+06 7.04025828e+00
1.40092055e+06 7.07292673e+00
1.40093674e+06 7.09317503e+00
1.40096418e+06 7.12745750e+00
1.40096798e+06 7.12889506e+00
1.40098932e+06 7.13696109e+00
1.40099944e+06 7.13223227e+00
1.40103024e+06 7.11781295e+00
1.40103090e+06 7.11684760e+00
1.40106423e+06 7.06792201e+00
1.40107116e+06 7.05775751e+00
1.40109192e+06 7.00674396e+00
1.40112218e+06 6.93242099e+00
1.40116251e+06 6.79791384e+00
1.40117260e+06 6.76428292e+00
1.40121293e+06 6.60110849e+00
1.40125327e+06 6.43792197e+00
1.40131220e+06 6.18041553e+00
1.40137175e+06 5.92016068e+00
1.40141965e+06 5.71086081e+00
1.40143478e+06 5.64476935e+00
1.40146503e+06 5.52547023e+00
1.40150537e+06 5.36641384e+00
1.40151041e+06 5.34653291e+00
1.40154570e+06 5.22332067e+00
1.40158100e+06 5.10011627e+00
1.40158604e+06 5.08484348e+00
1.40162638e+06 4.96266978e+00
1.40165663e+06 4.87104566e+00
1.40166671e+06 4.84497870e+00
1.40170705e+06 4.74071856e+00
1.40173730e+06 4.66252876e+00
1.40174738e+06 4.64066625e+00
1.40178772e+06 4.55322272e+00
1.40182301e+06 4.47671482e+00
1.40182806e+06 4.46767221e+00
1.40186839e+06 4.39533676e+00
1.40190873e+06 4.32300616e+00
1.40191881e+06 4.30492460e+00
1.40194780e+06 4.26253525e+00
1.40198562e+06 4.20724933e+00
1.40202469e+06 4.15012481e+00
1.40202974e+06 4.14384114e+00
1.40208016e+06 4.08100902e+00
1.40213058e+06 4.02807902e+00
1.40218100e+06 3.97515290e+00
1.40221125e+06 3.94339930e+00
1.40223142e+06 3.92675617e+00
1.40228436e+06 3.88307126e+00
1.40234234e+06 3.83522922e+00
1.40236251e+06 3.81858959e+00
1.40240284e+06 3.79261260e+00
1.40246335e+06 3.75364999e+00
1.40252385e+06 3.71468991e+00
1.40258436e+06 3.68460359e+00
1.40264486e+06 3.65451923e+00
1.40270536e+06 3.62443662e+00
1.40272553e+06 3.61440961e+00
1.40277091e+06 3.59723582e+00
1.40284654e+06 3.56861474e+00
1.40292721e+06 3.53808752e+00
1.40296755e+06 3.52282478e+00
1.40300788e+06 3.51142318e+00
1.40308856e+06 3.48862151e+00
1.40317427e+06 3.46439621e+00
1.40327007e+06 3.43732238e+00
1.40329024e+06 3.43162292e+00
1.40337091e+06 3.41484450e+00
1.40347175e+06 3.39387278e+00
1.40357763e+06 3.37185369e+00
1.40369360e+06 3.34773874e+00
1.40371376e+06 3.34354503e+00
1.40381965e+06 3.32730158e+00
1.40394979e+06 3.30733671e+00
1.40408372e+06 3.28679269e+00
1.40423309e+06 3.26388140e+00
1.40428351e+06 3.25614787e+00
1.40438435e+06 3.24443712e+00
1.40453561e+06 3.22687176e+00
1.40468687e+06 3.20930707e+00
1.40488855e+06 3.18588834e+00
1.40509023e+06 3.16247040e+00
1.40529191e+06 3.14387970e+00
1.40549359e+06 3.12528959e+00
1.40574569e+06 3.10205263e+00
1.40599779e+06 3.07881630e+00
1.40630031e+06 3.05093340e+00
1.40660283e+06 3.02305116e+00
1.40692828e+06 2.99305637e+00
1.40722623e+06 2.96559648e+00
1.40770302e+06 2.92165515e+00
1.40798216e+06 2.89592970e+00
1.40826131e+06 2.87020487e+00
1.40832821e+06 2.86403987e+00
1.40852890e+06 2.84151716e+00
1.40876305e+06 2.81524121e+00
1.40896375e+06 2.79271960e+00
1.40913100e+06 2.77395215e+00
1.40919789e+06 2.76644538e+00
1.40930433e+06 2.75130487e+00
1.40946549e+06 2.72838197e+00
1.40959929e+06 2.70935109e+00
1.40973309e+06 2.69032090e+00
1.40979999e+06 2.68080618e+00
1.40983344e+06 2.67477290e+00
1.40995051e+06 2.65365753e+00
1.41004417e+06 2.63676598e+00
1.41014117e+06 2.61927192e+00
1.41023483e+06 2.60238181e+00
1.41028835e+06 2.59273096e+00
1.41031511e+06 2.58688493e+00
1.41039539e+06 2.56934800e+00
1.41047567e+06 2.55181216e+00
1.41054256e+06 2.53720021e+00
1.41060946e+06 2.52258893e+00
1.41067636e+06 2.50797935e+00
1.41072988e+06 2.49629242e+00
1.41078340e+06 2.48460686e+00
1.41083692e+06 2.47292262e+00
1.41089044e+06 2.46123989e+00
1.41093058e+06 2.45247885e+00
1.41097072e+06 2.44371920e+00
1.41101086e+06 2.43496065e+00
1.41105100e+06 2.42620382e+00
1.41109114e+06 2.41744871e+00
1.41110451e+06 2.41453091e+00
1.41113127e+06 2.41153087e+00
1.41117141e+06 2.40703317e+00
1.41120152e+06 2.40366150e+00
1.41122828e+06 2.40066595e+00
1.41124500e+06 2.39879469e+00
1.41126173e+06 2.39854802e+00
1.41126194e+06 2.39854494e+00
1.41129518e+06 2.40132758e+00
1.41132863e+06 2.40413059e+00
1.41133464e+06 2.40463490e+00
1.41136208e+06 2.41251560e+00
1.41139134e+06 2.42092525e+00
1.41140169e+06 2.42389977e+00
1.41141476e+06 2.43070934e+00
1.41143901e+06 2.44335055e+00
1.41144277e+06 2.44531251e+00
1.41146577e+06 2.46336079e+00
1.41149086e+06 2.48305353e+00
1.41149253e+06 2.48497417e+00
1.41151929e+06 2.51569789e+00
1.41153769e+06 2.53682475e+00
1.41154605e+06 2.55004197e+00
1.41157281e+06 2.59234424e+00
1.41157783e+06 2.60027607e+00
1.41159957e+06 2.64489463e+00
1.41161295e+06 2.67235551e+00
1.41162633e+06 2.70675596e+00
1.41164640e+06 2.75835827e+00
1.41165309e+06 2.77942387e+00
1.41167818e+06 2.85842684e+00
1.41167985e+06 2.86469883e+00
1.41170615e+06 2.96338331e+00
1.41173246e+06 3.07797153e+00
1.41175967e+06 3.21392907e+00
1.41177275e+06 3.28814641e+00
1.41178689e+06 3.36838865e+00
1.41181365e+06 3.53853407e+00
1.41184041e+06 3.72625398e+00
1.41186716e+06 3.93007230e+00
1.41187218e+06 3.97095593e+00
1.41189727e+06 4.17534430e+00
1.41190730e+06 4.26158330e+00
1.41193908e+06 4.53465758e+00
1.41196584e+06 4.76459751e+00
1.41198758e+06 4.95141591e+00
1.41199427e+06 5.00889663e+00
1.41200765e+06 5.11628528e+00
1.41202794e+06 5.27908363e+00
1.41203150e+06 5.30765266e+00
1.41204866e+06 5.43056262e+00
1.41205913e+06 5.50554328e+00
1.41206280e+06 5.53185544e+00
1.41208097e+06 5.64344917e+00
1.41209141e+06 5.70752056e+00
1.41210282e+06 5.76448964e+00
1.41211975e+06 5.84899012e+00
1.41212560e+06 5.87128105e+00
1.41214531e+06 5.94627073e+00
1.41214593e+06 5.94793790e+00
1.41216929e+06 6.01063712e+00
1.41217240e+06 6.01520234e+00
1.41220024e+06 6.05596992e+00
1.41220166e+06 6.05650816e+00
1.41222122e+06 6.06391427e+00
1.41223511e+06 6.05417612e+00
1.41225862e+06 6.03768253e+00
1.41228779e+06 5.98308029e+00
1.41229866e+06 5.96272940e+00
1.41234048e+06 5.84461353e+00
1.41235030e+06 5.81686015e+00
1.41237392e+06 5.73341878e+00
1.41240236e+06 5.63300071e+00
1.41242912e+06 5.53849335e+00
1.41244730e+06 5.47426326e+00
1.41245588e+06 5.44356687e+00
1.41248264e+06 5.34773368e+00
1.41250940e+06 5.25190616e+00
1.41253615e+06 5.15608768e+00
1.41255288e+06 5.09620211e+00
1.41256291e+06 5.06426446e+00
1.41258967e+06 4.97910539e+00
1.41261643e+06 4.89394756e+00
1.41262647e+06 4.86201490e+00
1.41264319e+06 4.81602578e+00
1.41266995e+06 4.74244964e+00
1.41269838e+06 4.66427712e+00
1.41270340e+06 4.65048098e+00
1.41273016e+06 4.58835238e+00
1.41276361e+06 4.51069276e+00
1.41278702e+06 4.45633590e+00
1.41279706e+06 4.43691366e+00
1.41283051e+06 4.37217801e+00
1.41286396e+06 4.30744324e+00
1.41287399e+06 4.28802356e+00
1.41289741e+06 4.25080910e+00
1.41293086e+06 4.19764937e+00
1.41297100e+06 4.13385990e+00
1.41297100e+06 4.13385831e+00
1.41301114e+06 4.08192258e+00
1.41305128e+06 4.02998892e+00
1.41308473e+06 3.98671130e+00
1.41309142e+06 3.97975216e+00
1.41313155e+06 3.93799269e+00
1.41317169e+06 3.89623565e+00
1.41321183e+06 3.85447880e+00
1.41326535e+06 3.80724384e+00
1.41327873e+06 3.79543528e+00
1.41331887e+06 3.76579722e+00
1.41337239e+06 3.72628094e+00
1.41342591e+06 3.68676510e+00
1.41343929e+06 3.67688713e+00
1.41347608e+06 3.65562930e+00
1.41352626e+06 3.62664273e+00
1.41359316e+06 3.58799483e+00
1.41362661e+06 3.56867168e+00
1.41366006e+06 3.55374680e+00
1.41373365e+06 3.52091351e+00
1.41381393e+06 3.48509636e+00
1.41385406e+06 3.46718848e+00
1.41390089e+06 3.45127577e+00
1.41399455e+06 3.41945200e+00
1.41408821e+06 3.38762872e+00
1.41413504e+06 3.37171761e+00
1.41418354e+06 3.35927899e+00
1.41428222e+06 3.33397361e+00
1.41438257e+06 3.30824002e+00
1.41446619e+06 3.28679562e+00
1.41449964e+06 3.28039338e+00
1.41463344e+06 3.25478465e+00
1.41478396e+06 3.22597542e+00
1.41486758e+06 3.20997053e+00
1.41490103e+06 3.20356879e+00
1.41503483e+06 3.18475948e+00
1.41520208e+06 3.16124826e+00
1.41540278e+06 3.13303543e+00
1.41546968e+06 3.12363131e+00
1.41563692e+06 3.10650605e+00
1.41590452e+06 3.07910612e+00
1.41617211e+06 3.05170667e+00
1.41621767e+06 3.04704231e+00
1.41649099e+06 3.02654267e+00
1.41680987e+06 3.00262681e+00
1.41717430e+06 2.97529480e+00
1.41726541e+06 2.97025600e+00
1.41773049e+06 2.94453516e+00
1.41833433e+06 2.91113997e+00
1.41853561e+06 2.90000833e+00
1.41903882e+06 2.87933345e+00
1.41988986e+06 2.84436774e+00
1.42040967e+06 2.82301131e+00
1.42092947e+06 2.80686097e+00
1.42215849e+06 2.76867579e+00
1.42299765e+06 2.74260345e+00
1.42383682e+06 2.72251321e+00
1.42595542e+06 2.67179259e+00
1.42638893e+06 2.66141428e+00
1.42859258e+06 2.62020262e+00
1.43083236e+06 2.57831563e+00
1.43231388e+06 2.55651571e+00
1.43629182e+06 2.49798242e+00
1.43701508e+06 2.48949455e+00
1.44240873e+06 2.42619753e+00
1.44943321e+06 2.35951383e+00
1.45003639e+06 2.35378785e+00
1.45797797e+06 2.29355379e+00
1.46031509e+06 2.27582767e+00
1.46768426e+06 2.23059207e+00
1.47336491e+06 2.19572168e+00
1.47739055e+06 2.17392209e+00
1.48653608e+06 2.12439777e+00
1.49763632e+06 2.06428897e+00
1.49959752e+06 2.05366898e+00
1.49963925e+06 2.05344322e+00
1.49966056e+06 2.05332811e+00
1.49968187e+06 2.05321329e+00
1.49969381e+06 2.05314914e+00
1.49970574e+06 2.05308522e+00
1.49971662e+06 2.05302721e+00
1.49972751e+06 2.05296950e+00
1.49973778e+06 2.05291537e+00
1.49974685e+06 2.05286797e+00
1.49975592e+06 2.05282099e+00
1.49976362e+06 2.05278145e+00
1.49976982e+06 2.05274996e+00
1.49977724e+06 2.05271265e+00
1.49978293e+06 2.05268436e+00
1.49978862e+06 2.05265641e+00
1.49979557e+06 2.05262270e+00
1.49980126e+06 2.05259555e+00
1.49980695e+06 2.05256883e+00
1.49981239e+06 2.05254371e+00
1.49981896e+06 2.05251392e+00
1.49982503e+06 2.05248705e+00
1.49983034e+06 2.05246406e+00
1.49983539e+06 2.05244265e+00
1.49984121e+06 2.05241864e+00
1.49984639e+06 2.05239782e+00
1.49985309e+06 2.05237176e+00
1.49985992e+06 2.05234625e+00
1.49986650e+06 2.05232273e+00
1.49987256e+06 2.05230195e+00
1.49987863e+06 2.05228209e+00
1.49988470e+06 2.05226319e+00
1.49989153e+06 2.05224307e+00
1.49989722e+06 2.05222726e+00
1.49990404e+06 2.05220942e+00
1.49991087e+06 2.05219281e+00
1.49991770e+06 2.05217742e+00
1.49992794e+06 2.05215655e+00
1.49993527e+06 2.05214325e+00
1.49993628e+06 2.05210057e+00
1.49994792e+06 2.05161250e+00
1.49996131e+06 2.05105355e+00
1.49997813e+06 2.05035593e+00
1.50002503e+06 2.04841754e+00
1.50004392e+06 2.04763266e+00
1.50006135e+06 2.04690284e+00
1.50007298e+06 2.04641265e+00
1.50008267e+06 2.04600110e+00
1.50008783e+06 2.04601312e+00
1.50010462e+06 2.04604528e+00
1.50011883e+06 2.04606665e+00
1.50013433e+06 2.04608401e+00
1.50014983e+06 2.04609555e+00
1.50016824e+06 2.04610247e+00
1.50018584e+06 2.04610316e+00
1.50020667e+06 2.04609795e+00
1.50023767e+06 2.04608132e+00
1.50026868e+06 2.04605792e+00
1.50033069e+06 2.04600202e+00
1.60000000e+06 1.95003277e+00
1.70000000e+06 1.89993916e+00
1.75075000e+06 1.83924690e+00
1.75234000e+06 1.82642836e+00
1.75393500e+06 1.83361964e+00
1.75553000e+06 1.85964027e+00
1.75713000e+06 1.83717095e+00
1.76034000e+06 1.85051535e+00
1.76194000e+06 1.84777656e+00
1.76355000e+06 1.84919370e+00
1.76516000e+06 1.83159655e+00
1.76677000e+06 1.82498460e+00
1.76839000e+06 1.81032321e+00
1.77001000e+06 1.82753251e+00
1.77162000e+06 1.79017107e+00
1.77487000e+06 1.76131141e+00
1.77650000e+06 1.76754935e+00
1.77812000e+06 1.72911569e+00
1.77975000e+06 1.77470783e+00
1.78139000e+06 1.77121700e+00
1.78214031e+06 1.77190040e+00
1.78237000e+06 1.76484360e+00
1.78272094e+06 1.73616622e+00
1.78281762e+06 1.74018304e+00
1.78291430e+06 1.75249478e+00
1.78297875e+06 1.76376193e+00
1.78318500e+06 1.81351212e+00
1.78335000e+06 1.85556759e+00
1.78359750e+06 1.90729573e+00
1.78400000e+06 1.97868445e+00
1.78433000e+06 2.05145389e+00
1.78443989e+06 2.06325476e+00
1.78457234e+06 2.07260000e+00
1.78466000e+06 2.08928621e+00
1.78499000e+06 2.20155756e+00
1.78507339e+06 2.21210438e+00
1.78508950e+06 2.21223404e+00
1.78518614e+06 2.20424740e+00
1.78531500e+06 2.18098909e+00
1.78588750e+06 2.03061672e+00
1.78597000e+06 2.00420162e+00
1.78630000e+06 1.88476381e+00
1.78638250e+06 1.86278724e+00
1.78656812e+06 1.83113557e+00
1.78695000e+06 1.78960603e+00
1.78721812e+06 1.73871988e+00
1.78728000e+06 1.73383491e+00
1.78761000e+06 1.75108072e+00
1.78767188e+06 1.74872293e+00
1.78795031e+06 1.71550279e+00
1.78800188e+06 1.71287914e+00
1.78860000e+06 1.72025063e+00
1.78958000e+06 1.68835196e+00
1.79075176e+06 1.71992851e+00
1.79080977e+06 1.71997946e+00
1.79162188e+06 1.71876935e+00
1.79255000e+06 1.70966035e+00
1.79354000e+06 1.75100157e+00
1.79453000e+06 1.75975139e+00
1.79564375e+06 1.79747959e+00
1.79641719e+06 1.79726531e+00
1.79751000e+06 1.80981845e+00
1.79850000e+06 1.80507890e+00
1.79950000e+06 1.82464237e+00
1.80049000e+06 1.85886771e+00
1.80149000e+06 1.85828470e+00
1.80210875e+06 1.87602355e+00
1.80227750e+06 1.89509041e+00
1.80279938e+06 1.98107572e+00
1.80315000e+06 1.99134281e+00
1.80323250e+06 2.00216868e+00
1.80334852e+06 2.02979851e+00
1.80343359e+06 2.05804676e+00
1.80352250e+06 2.09619144e+00
1.80370844e+06 2.18951616e+00
1.80377750e+06 2.21482268e+00
1.80384908e+06 2.22673801e+00
1.80385754e+06 2.22709377e+00
1.80393241e+06 2.22235920e+00
1.80406976e+06 2.20339712e+00
1.80408232e+06 2.20311198e+00
1.80413614e+06 2.20813253e+00
1.80419351e+06 2.22611464e+00
1.80425828e+06 2.26073084e+00
1.80438719e+06 2.35334224e+00
1.80459016e+06 2.50154044e+00
1.80499406e+06 2.78609522e+00
1.80510875e+06 2.87822898e+00
1.80519125e+06 2.95852067e+00
1.80541812e+06 3.20658094e+00
1.80548000e+06 3.25899705e+00
1.80554375e+06 3.29647349e+00
1.80561945e+06 3.32188306e+00
1.80572039e+06 3.33241087e+00
1.80578410e+06 3.32495403e+00
1.80584781e+06 3.30383294e+00
1.80591539e+06 3.26686808e+00
1.80608297e+06 3.14105916e+00
1.80645938e+06 2.82445972e+00
1.80682000e+06 2.56726764e+00
1.80688188e+06 2.51360959e+00
1.80715000e+06 2.24480899e+00
1.80726859e+06 2.13893631e+00
1.80735754e+06 2.06953628e+00
1.80742078e+06 2.02757000e+00
1.80748055e+06 1.99661958e+00
1.80753586e+06 1.97656832e+00
1.80756500e+06 1.96902828e+00
1.80782000e+06 1.93122849e+00
1.80798500e+06 1.89771235e+00
1.80810875e+06 1.86006881e+00
1.80817125e+06 1.83420830e+00
1.80838906e+06 1.72247759e+00
1.80844750e+06 1.69823514e+00
1.80850695e+06 1.68204432e+00
1.80857620e+06 1.67462788e+00
1.80866715e+06 1.67883972e+00
1.80930375e+06 1.76614515e+00
1.80943938e+06 1.77648316e+00
1.81200000e+06 1.84327530e+00
1.81401500e+06 1.86327151e+00
1.81469000e+06 1.86904069e+00
1.81603000e+06 1.92872017e+00
1.81738000e+06 1.96742815e+00
1.81872000e+06 2.08686063e+00
1.82007000e+06 2.14061276e+00
1.82278000e+06 2.33263546e+00
1.82413000e+06 2.46405662e+00
1.82548000e+06 2.51353875e+00
1.82701000e+06 2.62969006e+00
1.82871000e+06 2.82813978e+00
1.83041000e+06 3.05156596e+00
1.83211000e+06 3.29959759e+00
1.83382000e+06 3.58431413e+00
1.83518000e+06 3.83999980e+00
1.83621000e+06 4.00612759e+00
1.83724000e+06 4.27243821e+00
1.83826000e+06 4.61405345e+00
1.83929000e+06 4.93136473e+00
1.84083500e+06 5.45590067e+00
1.84238000e+06 6.02352269e+00
1.84341000e+06 6.44324338e+00
1.84444000e+06 6.73801621e+00
1.84548000e+06 6.98781364e+00
1.84651000e+06 7.26228898e+00
1.84755000e+06 7.37994509e+00
1.84858000e+06 7.68453466e+00
1.84962000e+06 7.83260085e+00
1.85066000e+06 7.77985641e+00
1.85170000e+06 7.83094198e+00
1.85274000e+06 7.98869687e+00
1.85378000e+06 8.19031079e+00
1.85475500e+06 8.16785384e+00
1.85508000e+06 8.10665806e+00
1.85768750e+06 7.49738839e+00
1.85899000e+06 7.14366978e+00
1.86004000e+06 7.07919964e+00
1.86108000e+06 6.93367549e+00
1.86213000e+06 6.76263151e+00
1.86353000e+06 6.66531208e+00
1.86703000e+06 6.09776210e+00
1.86878000e+06 5.79129394e+00
1.87054000e+06 5.54033857e+00
1.87494000e+06 5.00001046e+00
1.87582000e+06 4.88811577e+00
1.87759000e+06 4.74750188e+00
1.87936000e+06 4.53819772e+00
1.88113000e+06 4.35569990e+00
1.88291000e+06 4.11876297e+00
1.88468000e+06 3.90933810e+00
1.88824000e+06 3.58524696e+00
1.89003000e+06 3.32824518e+00
1.89182000e+06 3.22533184e+00
1.89361000e+06 3.04348892e+00
1.89719000e+06 2.69933409e+00
1.89899000e+06 2.55108248e+00
1.90079000e+06 2.41750459e+00
1.90324250e+06 2.17444504e+00
1.90331000e+06 2.17163971e+00
1.90440000e+06 2.19170656e+00
1.90548000e+06 2.13105337e+00
1.90656000e+06 2.18455271e+00
1.90765000e+06 2.17998607e+00
1.90874000e+06 2.24060870e+00
1.90983000e+06 2.36581721e+00
1.91091000e+06 2.60580180e+00
1.91200000e+06 2.79294011e+00
1.91309000e+06 3.08381382e+00
1.91437000e+06 3.32948303e+00
1.91583000e+06 3.72794676e+00
1.91689522e+06 3.93261469e+00
1.91728000e+06 4.00654402e+00
1.91874000e+06 4.20846892e+00
1.92021000e+06 4.33529312e+00
1.92167000e+06 4.38779928e+00
1.92314000e+06 4.46642582e+00
1.92468594e+06 4.56038006e+00
1.92470312e+06 4.56038188e+00
1.92556250e+06 4.55750956e+00
1.92570000e+06 4.55915761e+00
1.92644000e+06 4.62499827e+00
1.92714719e+06 4.75739328e+00
1.92791000e+06 5.09789772e+00
1.92809500e+06 5.13476701e+00
1.92855750e+06 5.15328655e+00
1.92867266e+06 5.13542056e+00
1.92878781e+06 5.09629782e+00
1.92938500e+06 4.80658565e+00
1.93012000e+06 4.41030022e+00
1.93030500e+06 4.35121395e+00
1.93041720e+06 4.32910862e+00
1.93086000e+06 4.24186455e+00
1.93163625e+06 4.13089744e+00
1.93168250e+06 4.12936440e+00
1.93233000e+06 4.13116046e+00
1.93307000e+06 4.11722735e+00
1.93510000e+06 3.93614348e+00
1.93881000e+06 3.85309737e+00
1.94253000e+06 3.67107275e+00
1.94625000e+06 3.65114041e+00
1.94812000e+06 3.60500426e+00
1.94999000e+06 3.61530806e+00
1.95186000e+06 3.58395792e+00
1.95374000e+06 3.58533772e+00
1.95562000e+06 3.62391300e+00
1.95683429e+06 3.66439864e+00
1.95938000e+06 3.74927511e+00
1.96108000e+06 3.88334203e+00
1.96259000e+06 3.96830820e+00
1.96410000e+06 4.11273264e+00
1.96562000e+06 4.33264881e+00
1.96713000e+06 4.52345823e+00
1.96865000e+06 4.82354127e+00
1.97017000e+06 4.98854225e+00
1.97169000e+06 5.23216913e+00
1.97321000e+06 5.30334033e+00
1.97474000e+06 5.31240941e+00
1.97626500e+06 5.05190759e+00
1.97779000e+06 4.89879690e+00
1.97932000e+06 4.58640733e+00
1.98086000e+06 4.24041026e+00
1.98239000e+06 3.96788162e+00
1.98392000e+06 3.78423493e+00
1.98546000e+06 3.64142115e+00
1.98714938e+06 3.41308729e+00
1.98735992e+06 3.39912406e+00
1.98758776e+06 3.41735985e+00
1.98796750e+06 3.47013172e+00
1.98893000e+06 3.62817491e+00
1.98902625e+06 3.63360210e+00
1.98961578e+06 3.61264013e+00
1.98970000e+06 3.59863572e+00
1.99085500e+06 3.24668333e+00
1.99124000e+06 3.13657581e+00
1.99202000e+06 3.02510341e+00
1.99279000e+06 2.94877910e+00
1.99351656e+06 2.96370436e+00
1.99424312e+06 2.96560397e+00
1.99724000e+06 2.82002561e+00
2.00113000e+06 2.71224074e+00
2.00281180e+06 2.63667184e+00
2.00308000e+06 2.62462051e+00
2.00503000e+06 2.57817512e+00
2.00698000e+06 2.48102815e+00
2.00893000e+06 2.48236334e+00
2.01089000e+06 2.39948226e+00
2.01285000e+06 2.38506240e+00
2.01482000e+06 2.35691457e+00
2.01678000e+06 2.33866972e+00
2.01875000e+06 2.29485617e+00
2.02073000e+06 2.28061159e+00
2.02270000e+06 2.24403582e+00
2.02468000e+06 2.23578554e+00
2.02666000e+06 2.17260983e+00
2.02865000e+06 2.12330481e+00
2.03063000e+06 2.10834895e+00
2.03262000e+06 2.07616808e+00
2.03462000e+06 2.01256878e+00
2.03661000e+06 1.93951440e+00
2.03796625e+06 1.89426792e+00
2.03806000e+06 1.88133003e+00
2.03878500e+06 1.71243177e+00
2.03961000e+06 1.58930422e+00
2.04041000e+06 1.43145922e+00
2.04103016e+06 1.33860786e+00
2.04111875e+06 1.32939903e+00
2.04120734e+06 1.32630377e+00
2.04128867e+06 1.33056712e+00
2.04137000e+06 1.34093204e+00
2.04192000e+06 1.44426546e+00
2.04202000e+06 1.46690622e+00
2.04262000e+06 1.62910030e+00
2.04282000e+06 1.68970942e+00
2.04348875e+06 1.92240973e+00
2.04363281e+06 1.96243834e+00
2.04372125e+06 1.97794253e+00
2.04443000e+06 2.03543544e+00
2.04523000e+06 2.06516585e+00
2.04644000e+06 2.02927678e+00
2.04805000e+06 2.05263164e+00
2.05128000e+06 1.92691949e+00
2.05289500e+06 1.98508105e+00
2.05451000e+06 2.00909742e+00
2.05613000e+06 2.02128690e+00
2.05735000e+06 2.07424511e+00
2.05816000e+06 2.17269019e+00
2.05897000e+06 2.29596179e+00
2.05978000e+06 2.43674593e+00
2.06054875e+06 2.55591679e+00
2.06065062e+06 2.58353580e+00
2.06141000e+06 2.87435928e+00
2.06211875e+06 3.08413822e+00
2.06222000e+06 3.10351767e+00
2.06242500e+06 3.12098940e+00
2.06285342e+06 3.12720093e+00
2.06295300e+06 3.11986836e+00
2.06305258e+06 3.09622815e+00
2.06315779e+06 3.04930078e+00
2.06385500e+06 2.62984811e+00
2.06431344e+06 2.40448992e+00
2.06454266e+06 2.30067304e+00
2.06469524e+06 2.24482806e+00
2.06499906e+06 2.17257291e+00
2.06542938e+06 2.08862926e+00
2.06548000e+06 2.08216355e+00
2.06630000e+06 2.02402759e+00
2.06752000e+06 1.92905490e+00
2.06916000e+06 1.89978191e+00
2.07080000e+06 1.84976562e+00
2.07244000e+06 1.81928059e+00
2.07408000e+06 1.87991755e+00
2.07572000e+06 1.88870135e+00
2.07737000e+06 1.97135208e+00
2.07902000e+06 2.03528856e+00
2.08021156e+06 2.05104415e+00
2.08035375e+06 2.06913593e+00
2.08169500e+06 2.36625223e+00
2.08190000e+06 2.42203976e+00
2.08231500e+06 2.57747362e+00
2.08273000e+06 2.75706579e+00
2.08350812e+06 3.18770547e+00
2.08376500e+06 3.29362256e+00
2.08397000e+06 3.37031620e+00
2.08432875e+06 3.48138159e+00
2.08443188e+06 3.49540936e+00
2.08488578e+06 3.47724882e+00
2.08515812e+06 3.44828505e+00
2.08526188e+06 3.42257663e+00
2.08598812e+06 3.14357937e+00
2.08610282e+06 3.12271532e+00
2.08610809e+06 3.12233007e+00
2.08648013e+06 3.13350856e+00
2.08685217e+06 3.16174029e+00
2.08759625e+06 3.29553757e+00
2.08770000e+06 3.32618802e+00
2.08790750e+06 3.41132139e+00
2.08853000e+06 3.70236288e+00
2.08936000e+06 4.03554160e+00
2.09013812e+06 4.41182753e+00
2.09024188e+06 4.44253799e+00
2.09094705e+06 4.51019000e+00
2.09098353e+06 4.51082387e+00
2.09143500e+06 4.47289040e+00
2.09185000e+06 4.42927560e+00
2.09268000e+06 4.24123809e+00
2.09351000e+06 4.16055095e+00
2.09435000e+06 4.12272986e+00
2.09518000e+06 4.12369027e+00
2.09601000e+06 4.07669429e+00
2.09727000e+06 4.06120443e+00
2.09894000e+06 4.00639707e+00
2.10061000e+06 3.93378227e+00
2.10179084e+06 3.89954179e+00
2.10229000e+06 3.88506788e+00
2.10564000e+06 3.74473679e+00
2.10901000e+06 3.71719353e+00
2.11019125e+06 3.82462697e+00
2.11045375e+06 3.83248495e+00
2.11111000e+06 3.83523842e+00
2.11185180e+06 3.89263146e+00
2.11209906e+06 3.93265069e+00
2.11358750e+06 4.28289494e+00
2.11401188e+06 4.46613959e+00
2.11523375e+06 5.02334542e+00
2.11534000e+06 5.07876377e+00
2.11612750e+06 5.57022499e+00
2.11628625e+06 5.63349895e+00
2.11695031e+06 5.76620280e+00
2.11700344e+06 5.76829305e+00
2.11745250e+06 5.70318948e+00
2.11787500e+06 5.59649842e+00
2.11872000e+06 5.22505533e+00
2.11957000e+06 4.89509509e+00
2.12042000e+06 4.37084540e+00
2.12063250e+06 4.28066436e+00
2.12127000e+06 4.08166600e+00
2.12360750e+06 3.58807539e+00
2.12382000e+06 3.55577899e+00
2.12392625e+06 3.55270286e+00
2.12456375e+06 3.55862228e+00
2.12467000e+06 3.55584627e+00
2.12574000e+06 3.39557318e+00
2.12701000e+06 3.24397387e+00
2.12829000e+06 3.11244154e+00
2.13000000e+06 3.08353539e+00
2.13214000e+06 2.94732430e+00
2.13643000e+06 2.75751043e+00
2.13858000e+06 2.73585738e+00
2.14073000e+06 2.65668468e+00
2.14288000e+06 2.60802997e+00
2.14504000e+06 2.58840939e+00
2.14828000e+06 2.63611669e+00
2.14936000e+06 2.65334987e+00
2.15363875e+06 2.50384900e+00
2.15588000e+06 2.49218561e+00
2.15805000e+06 2.50435812e+00
2.16023000e+06 2.48613322e+00
2.16242000e+06 2.43665484e+00
2.16461000e+06 2.44792778e+00
2.16596944e+06 2.44743852e+00
2.16639308e+06 2.45552946e+00
2.16767500e+06 2.56464929e+00
2.16899000e+06 2.72231528e+00
2.17031000e+06 2.90947333e+00
2.17163000e+06 3.11929274e+00
2.17282625e+06 3.15215410e+00
2.17427000e+06 3.02999095e+00
2.17559000e+06 2.98712884e+00
2.17692000e+06 2.90278215e+00
2.17824000e+06 2.84633365e+00
2.17957000e+06 2.66894742e+00
2.18134000e+06 2.65313349e+00
2.18578000e+06 2.50977609e+00
2.18800000e+06 2.45498099e+00
2.19022000e+06 2.38437816e+00
2.19245000e+06 2.37472326e+00
2.19469000e+06 2.37832303e+00
2.19692000e+06 2.37380907e+00
2.20141000e+06 2.31408868e+00
2.20365000e+06 2.30551346e+00
2.20590500e+06 2.30790887e+00
2.20816000e+06 2.35150921e+00
2.21021921e+06 2.30516484e+00
2.21042000e+06 2.30064593e+00
2.21268000e+06 2.32039254e+00
2.21494000e+06 2.40511785e+00
2.21903000e+06 2.59523158e+00
2.22039000e+06 2.67351558e+00
2.22312000e+06 3.01142389e+00
2.22449000e+06 3.21716486e+00
2.22586000e+06 3.54498915e+00
2.22723000e+06 3.72915119e+00
2.22849297e+06 3.74194486e+00
2.22886348e+06 3.71612677e+00
2.22997500e+06 3.59735679e+00
2.23135000e+06 3.37325719e+00
2.23272000e+06 3.05464341e+00
2.23410000e+06 2.84379219e+00
2.23548000e+06 2.64879317e+00
2.23686000e+06 2.41773485e+00
2.23824000e+06 2.33641380e+00
2.24123500e+06 2.18541439e+00
2.24239000e+06 2.12557865e+00
2.24701000e+06 2.01593058e+00
2.24933000e+06 1.98815038e+00
2.25165000e+06 2.01343355e+00
2.25397000e+06 1.94351269e+00
2.25863000e+06 1.93234395e+00
2.26097000e+06 1.93443301e+00
2.26330000e+06 1.91979447e+00
2.26564500e+06 2.00636746e+00
2.26799000e+06 2.06901518e+00
2.27034000e+06 2.22232442e+00
2.27270000e+06 2.43513637e+00
2.27741000e+06 2.72868941e+00
2.27978000e+06 2.94088187e+00
2.28215000e+06 3.26945488e+00
2.28452000e+06 3.26340612e+00
2.28689000e+06 3.56189545e+00
2.28927000e+06 3.69040730e+00
2.29166000e+06 3.74305092e+00
2.29404500e+06 3.60382471e+00
2.29643000e+06 3.37524301e+00
2.29883000e+06 3.23101770e+00
2.30363000e+06 3.08324569e+00
2.30603000e+06 2.97023365e+00
2.30844000e+06 2.91145908e+00
2.31020000e+06 2.83678009e+00
2.31086000e+06 2.80971853e+00
2.31327000e+06 2.72242372e+00
2.31569000e+06 2.58734116e+00
2.31812000e+06 2.52568053e+00
2.32055000e+06 2.49637974e+00
2.32260912e+06 2.46700514e+00
2.32541000e+06 2.42704894e+00
2.32785000e+06 2.37579197e+00
2.33030000e+06 2.40680242e+00
2.33274000e+06 2.36052953e+00
2.33519000e+06 2.23646801e+00
2.33728000e+06 2.29281011e+00
2.33937000e+06 2.33238225e+00
2.34134000e+06 2.28485406e+00
2.34331000e+06 2.35975660e+00
2.34528500e+06 2.32115267e+00
2.34726000e+06 2.30857803e+00
2.34924000e+06 2.41541402e+00
2.35122000e+06 2.37010687e+00
2.35519000e+06 2.36413429e+00
2.35718000e+06 2.37940716e+00
2.35917000e+06 2.41398360e+00
2.36117000e+06 2.42501387e+00
2.36316000e+06 2.41824957e+00
2.36516000e+06 2.48471801e+00
2.36667000e+06 2.58531198e+00
2.36767000e+06 2.61009186e+00
2.36867000e+06 2.67840137e+00
2.37017750e+06 2.95769179e+00
2.37068000e+06 3.06413861e+00
2.37143000e+06 3.31551960e+00
2.37268000e+06 3.76532336e+00
2.37356375e+06 3.96894527e+00
2.37369000e+06 3.98692446e+00
2.37460531e+06 4.01346442e+00
2.37478795e+06 3.99157277e+00
2.37564219e+06 3.78373736e+00
2.37671000e+06 3.40858963e+00
2.37860375e+06 2.88503745e+00
2.37873000e+06 2.85821465e+00
2.37974000e+06 2.73267657e+00
2.38075000e+06 2.62474375e+00
2.38176000e+06 2.53874231e+00
2.38327000e+06 2.45169118e+00
2.38530000e+06 2.35658938e+00
2.38744688e+06 2.30360879e+00
2.38935000e+06 2.30662464e+00
2.39139000e+06 2.28508668e+00
2.39342000e+06 2.15598651e+00
2.39546000e+06 2.14666164e+00
2.39750000e+06 2.15781803e+00
2.39954000e+06 2.17699903e+00
2.40159000e+06 2.14753678e+00
2.40364000e+06 2.21553466e+00
2.40569000e+06 2.14029784e+00
2.40774000e+06 2.17262283e+00
2.40980000e+06 2.06901791e+00
2.41186000e+06 2.07760593e+00
2.41392000e+06 2.09991967e+00
2.41598500e+06 2.07812143e+00
2.41805000e+06 2.06550776e+00
2.42012000e+06 2.03312315e+00
2.42219500e+06 2.04029531e+00
2.42427000e+06 2.08923676e+00
2.42796065e+06 2.07369593e+00
2.42842000e+06 2.07176172e+00
2.43051000e+06 2.11239482e+00
2.43259000e+06 2.07854569e+00
2.43468000e+06 1.96724951e+00
2.43677000e+06 1.93025232e+00
2.43886000e+06 1.80955619e+00
2.44096000e+06 1.66781129e+00
2.44292875e+06 1.63538656e+00
2.44307641e+06 1.63848634e+00
2.44411000e+06 1.70660875e+00
2.44516000e+06 1.78518801e+00
2.44712875e+06 1.98575277e+00
2.44726000e+06 2.00382308e+00
2.44937000e+06 2.40999075e+00
2.45148000e+06 2.64155054e+00
2.45359000e+06 3.00720561e+00
2.45571000e+06 3.30180607e+00
2.45783000e+06 3.48883243e+00
2.45995000e+06 3.60996101e+00
2.46204344e+06 3.59174823e+00
2.46234250e+06 3.57930658e+00
2.46633000e+06 3.34673178e+00
2.46846000e+06 3.19731776e+00
2.47059000e+06 3.08366199e+00
2.47273000e+06 3.10020271e+00
2.47487000e+06 2.98217854e+00
2.47701500e+06 3.00694185e+00
2.47916000e+06 3.08379561e+00
2.48131000e+06 3.13727413e+00
2.48346000e+06 3.22872596e+00
2.48561000e+06 3.29885225e+00
2.48723000e+06 3.38688469e+00
2.48939000e+06 3.53877615e+00
2.49047000e+06 3.68775844e+00
2.49155000e+06 3.91503608e+00
2.49263000e+06 4.15887956e+00
2.49372000e+06 4.33068924e+00
2.49480000e+06 4.61321292e+00
2.49588000e+06 4.98176979e+00
2.49777875e+06 5.31473781e+00
2.49805000e+06 5.34935218e+00
2.49912562e+06 5.20386285e+00
2.50000000e+06 5.12178059e+00
2.50020125e+06 5.10269338e+00
2.50131500e+06 4.75296201e+00
2.50240000e+06 4.40586391e+00
2.50349000e+06 4.18607552e+00
2.50458000e+06 4.00050734e+00
2.50594000e+06 3.80982324e+00
2.50758000e+06 3.64147414e+00
2.50922000e+06 3.58214312e+00
2.51086000e+06 3.50479098e+00
2.51250000e+06 3.34018554e+00
2.51415000e+06 3.27643769e+00
2.51579000e+06 3.30333050e+00
2.51744000e+06 3.23735647e+00
2.51909000e+06 3.10808460e+00
2.52074000e+06 3.12614802e+00
2.52294000e+06 3.00528021e+00
2.52570000e+06 3.01742475e+00
2.52846000e+06 2.97879887e+00
2.53123000e+06 2.98561271e+00
2.53400000e+06 3.06628861e+00
2.53677000e+06 2.94358333e+00
2.53714899e+06 2.94839671e+00
2.53955000e+06 2.97889066e+00
2.54234000e+06 2.93038078e+00
2.54513000e+06 2.96089486e+00
2.54792000e+06 3.08501500e+00
2.55072500e+06 3.02249405e+00
2.55353000e+06 2.99773959e+00
2.55634000e+06 3.04303444e+00
2.55915000e+06 3.05031910e+00
2.56196000e+06 3.02604592e+00
2.56478000e+06 3.04933390e+00
2.56761000e+06 3.05609248e+00
2.57044000e+06 3.15119208e+00
2.57328000e+06 3.00783056e+00
2.57612000e+06 2.96477793e+00
2.57896000e+06 2.95034044e+00
2.58181000e+06 2.88528196e+00
2.58467000e+06 2.90314242e+00
2.58753000e+06 2.89822698e+00
2.59039000e+06 2.88349076e+00
2.59326500e+06 2.94570447e+00
2.59614000e+06 2.99831212e+00
2.59902000e+06 3.10209325e+00
2.60190000e+06 3.14115751e+00
2.60417250e+06 3.06350738e+00
2.60594000e+06 2.95589674e+00
2.60768000e+06 2.87456176e+00
2.60942000e+06 2.86494027e+00
2.61116000e+06 2.81732178e+00
2.61290000e+06 2.89292621e+00
2.61464000e+06 2.77412946e+00
2.61638500e+06 2.82266320e+00
2.61813000e+06 2.85579079e+00
2.61988000e+06 2.78710389e+00
2.62163000e+06 2.74743754e+00
2.62339000e+06 2.73697810e+00
2.62514000e+06 2.76082679e+00
2.62690000e+06 2.74179618e+00
2.62865000e+06 2.66352735e+00
2.63041000e+06 2.75188566e+00
2.63217000e+06 2.65167659e+00
2.63570000e+06 2.63323933e+00
2.63747000e+06 2.65019485e+00
2.63924000e+06 2.64209780e+00
2.64101000e+06 2.68171838e+00
2.64278000e+06 2.66635176e+00
2.64455000e+06 2.64047257e+00
2.64633000e+06 2.64418239e+00
2.64810000e+06 2.56470515e+00
2.64842596e+06 2.57284486e+00
2.64988000e+06 2.60915465e+00
2.65166000e+06 2.60052069e+00
2.65335887e+06 2.64336475e+00
2.65360156e+06 2.66154552e+00
2.65487891e+06 2.79647612e+00
2.65493000e+06 2.79850946e+00
2.65612000e+06 2.78267166e+00
2.65709617e+06 2.83805527e+00
2.65727281e+06 2.86122008e+00
2.65739367e+06 2.89367748e+00
2.65796078e+06 3.13246505e+00
2.65850000e+06 3.36362760e+00
2.65955000e+06 3.78539735e+00
2.65970000e+06 3.83384599e+00
2.66029500e+06 3.95906802e+00
2.66093668e+06 4.05939473e+00
2.66098336e+06 4.06172158e+00
2.66191717e+06 4.04340919e+00
2.66205057e+06 4.02403077e+00
2.66216902e+06 3.98429161e+00
2.66271985e+06 3.68688435e+00
2.66324266e+06 3.40186458e+00
2.66343000e+06 3.32364981e+00
2.66433000e+06 3.03472172e+00
2.66448000e+06 2.99583466e+00
2.66567000e+06 2.79138056e+00
2.66687000e+06 2.62408178e+00
2.66927000e+06 2.53066957e+00
2.67077000e+06 2.54355823e+00
2.67257000e+06 2.51127970e+00
2.67437000e+06 2.55601377e+00
2.67618000e+06 2.49749118e+00
2.67799000e+06 2.49345084e+00
2.67979000e+06 2.43025788e+00
2.68161000e+06 2.39802308e+00
2.68342000e+06 2.35235810e+00
2.68533486e+06 2.36166372e+00
2.68669809e+06 2.36207853e+00
2.68696958e+06 2.36587572e+00
2.68887000e+06 2.44210934e+00
2.69069000e+06 2.41965083e+00
2.69251000e+06 2.52725944e+00
2.69433000e+06 2.69321878e+00
2.69616000e+06 2.81470854e+00
2.69799000e+06 2.88408544e+00
2.70176438e+06 2.82030158e+00
2.70348000e+06 2.75649169e+00
2.70531000e+06 2.67799287e+00
2.70715000e+06 2.62061961e+00
2.70899000e+06 2.60851597e+00
2.71083000e+06 2.50696299e+00
2.71267000e+06 2.49771846e+00
2.71452000e+06 2.54352102e+00
2.71636000e+06 2.48881424e+00
2.71821000e+06 2.49119653e+00
2.72006000e+06 2.41943776e+00
2.72191000e+06 2.38803473e+00
2.72377000e+06 2.37244939e+00
2.72562000e+06 2.28599144e+00
2.72934000e+06 2.07057838e+00
2.73120000e+06 2.02785212e+00
2.73306500e+06 2.09440888e+00
2.73493000e+06 2.19842054e+00
2.73680000e+06 2.27428880e+00
2.74054000e+06 2.34081591e+00
2.74241000e+06 2.31531670e+00
2.74429000e+06 2.41947579e+00
2.74616000e+06 2.30428591e+00
2.74992000e+06 2.37591547e+00
2.75000000e+06 2.37515265e+00
2.75196000e+06 2.35599479e+00
2.75400000e+06 2.33080431e+00
2.75652000e+06 2.39165144e+00
2.75702710e+06 2.38898659e+00
2.75904000e+06 2.37840868e+00
2.76156000e+06 2.27710116e+00
2.76409000e+06 2.23349983e+00
2.76662000e+06 2.27535274e+00
2.76915000e+06 2.30137492e+00
2.77169000e+06 2.35463566e+00
2.77423000e+06 2.44583179e+00
2.77677000e+06 2.47837100e+00
2.77932000e+06 2.54362722e+00
2.78187000e+06 2.53466423e+00
2.78443000e+06 2.55019473e+00
2.78698000e+06 2.55371857e+00
2.78955000e+06 2.59661216e+00
2.79211000e+06 2.57271862e+00
2.79468000e+06 2.58780819e+00
2.79725500e+06 2.56970096e+00
2.79983000e+06 2.51439861e+00
2.80241000e+06 2.50248051e+00
2.80499500e+06 2.53265172e+00
2.80758000e+06 2.58703315e+00
2.81017000e+06 2.55761334e+00
2.81276000e+06 2.65225049e+00
2.81536000e+06 2.61742763e+00
2.81796000e+06 2.66596571e+00
2.82056000e+06 2.67032389e+00
2.82578000e+06 2.85246322e+00
2.82840000e+06 2.81673630e+00
2.83364000e+06 3.06496984e+00
2.83626000e+06 3.15088340e+00
2.83889000e+06 3.23006624e+00
2.84153000e+06 3.43488157e+00
2.84416000e+06 3.47202646e+00
2.84681000e+06 3.57224121e+00
2.84945000e+06 3.69155689e+00
2.85210000e+06 3.78554283e+00
2.85475000e+06 3.84010278e+00
2.85741000e+06 3.72601959e+00
2.86273000e+06 3.83789276e+00
2.86539000e+06 3.85005414e+00
2.86806500e+06 3.80370858e+00
2.87074000e+06 3.73067658e+00
2.87308000e+06 3.51335654e+00
2.87509000e+06 3.24941453e+00
2.87711000e+06 3.03856116e+00
2.87912000e+06 2.92052511e+00
2.88015129e+06 2.84892103e+00
2.88114000e+06 2.78027298e+00
2.88316000e+06 2.61137713e+00
2.88518000e+06 2.57171383e+00
2.88720000e+06 2.46371029e+00
2.88923000e+06 2.40652105e+00
2.89125000e+06 2.38453034e+00
2.89328000e+06 2.29255454e+00
2.89532000e+06 2.29762137e+00
2.89735000e+06 2.27200457e+00
2.89939000e+06 2.27789683e+00
2.90143000e+06 2.19532776e+00
2.90347000e+06 2.25177137e+00
2.90551000e+06 2.20180105e+00
2.90755000e+06 2.12669589e+00
2.90960000e+06 2.10300920e+00
2.91165000e+06 2.09074015e+00
2.91370000e+06 2.08850562e+00
2.91575000e+06 2.10900670e+00
2.91747000e+06 2.08334393e+00
2.91884000e+06 2.07162664e+00
2.92021000e+06 2.03919647e+00
2.92158500e+06 2.08852151e+00
2.92296000e+06 2.10336534e+00
2.92433000e+06 2.18859936e+00
2.92571000e+06 2.24673208e+00
2.92709000e+06 2.25778101e+00
2.92985000e+06 2.42261241e+00
2.93123000e+06 2.53841446e+00
2.93261000e+06 2.60014264e+00
2.93537000e+06 2.91716107e+00
2.93676000e+06 3.13152616e+00
2.93805375e+06 3.42071997e+00
2.93818344e+06 3.43264992e+00
2.93953000e+06 3.36304917e+00
2.94091000e+06 3.36827317e+00
2.94230000e+06 3.13308776e+00
2.94369000e+06 2.94694249e+00
2.94508000e+06 2.67666199e+00
2.94647000e+06 2.46742817e+00
2.94786000e+06 2.27957419e+00
2.95065000e+06 2.06390785e+00
2.95205000e+06 2.00725466e+00
2.95414000e+06 1.88869047e+00
2.95693000e+06 1.82979205e+00
2.96254000e+06 1.75587817e+00
2.96535000e+06 1.69268243e+00
2.96816000e+06 1.67253384e+00
2.97097000e+06 1.59991354e+00
2.97379000e+06 1.58255589e+00
2.97662000e+06 1.59267056e+00
2.97945000e+06 1.51113881e+00
2.98219156e+06 1.47376441e+00
2.98235186e+06 1.47692090e+00
2.98493312e+06 1.57936488e+00
2.98511000e+06 1.58350620e+00
2.98795000e+06 1.50808291e+00
2.99078688e+06 1.55419283e+00
2.99329000e+06 1.63479426e+00
2.99543000e+06 1.69907155e+00
2.99757000e+06 1.85093735e+00
2.99971000e+06 1.96137546e+00
3.00000000e+06 1.97090229e+00
3.00186000e+06 2.03180840e+00
3.00400000e+06 2.19429634e+00
3.00615000e+06 2.34281512e+00
3.00831000e+06 2.50931376e+00
3.01046000e+06 2.61337634e+00
3.01262000e+06 2.80726532e+00
3.01478000e+06 2.83460380e+00
3.01694000e+06 2.78599103e+00
3.01910000e+06 2.80550227e+00
3.02127000e+06 2.74279831e+00
3.02344000e+06 2.63901473e+00
3.02561000e+06 2.56385978e+00
3.02778000e+06 2.52501077e+00
3.02996000e+06 2.43538406e+00
3.03312031e+06 2.44370499e+00
3.03417375e+06 2.44502645e+00
3.03650000e+06 2.50793933e+00
3.03868000e+06 2.46532135e+00
3.04087000e+06 2.48249978e+00
3.04306000e+06 2.55769841e+00
3.04525500e+06 2.41196273e+00
3.04745000e+06 2.38399168e+00
3.04964000e+06 2.31934005e+00
3.05184000e+06 2.24322673e+00
3.05404000e+06 2.21788730e+00
3.05575965e+06 2.24454365e+00
3.05600531e+06 2.25596774e+00
3.05735000e+06 2.36012830e+00
3.05872812e+06 2.52202143e+00
3.05882000e+06 2.53753944e+00
3.06029000e+06 2.86567330e+00
3.06177000e+06 3.08575746e+00
3.06300457e+06 3.19858196e+00
3.06318832e+06 3.20604945e+00
3.06333845e+06 3.19678408e+00
3.06348857e+06 3.17455626e+00
3.06471500e+06 2.93610022e+00
3.06619000e+06 2.58634565e+00
3.06767000e+06 2.29961466e+00
3.06905750e+06 2.07267587e+00
3.06915000e+06 2.06209217e+00
3.06933500e+06 2.04945384e+00
3.07063000e+06 2.00988751e+00
3.07285000e+06 1.96867891e+00
3.07879000e+06 1.87458852e+00
3.08176500e+06 1.88688825e+00
3.08474000e+06 1.96328283e+00
3.08773000e+06 1.98962205e+00
3.09072000e+06 2.07373681e+00
3.09378000e+06 2.22114992e+00
3.09397250e+06 2.22346522e+00
3.09568750e+06 2.22286112e+00
3.09595000e+06 2.22961439e+00
3.09745000e+06 2.35706438e+00
3.09933500e+06 2.42151553e+00
3.10041312e+06 2.47067409e+00
3.10050688e+06 2.48256638e+00
3.10191312e+06 2.77025323e+00
3.10208891e+06 2.78718668e+00
3.10227055e+06 2.78958006e+00
3.10333256e+06 2.78766400e+00
3.10346000e+06 2.78853124e+00
3.10487562e+06 2.84305507e+00
3.10506375e+06 2.86650882e+00
3.10637625e+06 3.12925992e+00
3.10656438e+06 3.14850948e+00
3.10680916e+06 3.15482522e+00
3.10774923e+06 3.15425529e+00
3.10798000e+06 3.15821607e+00
3.10949000e+06 3.24399117e+00
3.11100000e+06 3.38794325e+00
3.11251000e+06 3.24218606e+00
3.11402000e+06 3.20484399e+00
3.11553000e+06 3.17589897e+00
3.11705000e+06 2.97967083e+00
3.12008000e+06 2.86663425e+00
3.12159000e+06 2.82411726e+00
3.12311000e+06 2.64765671e+00
3.12463000e+06 2.57008702e+00
3.12615000e+06 2.56105205e+00
3.12767000e+06 2.48487668e+00
3.12920000e+06 2.35365127e+00
3.13049141e+06 2.30740897e+00
3.13053594e+06 2.30693870e+00
3.13067258e+06 2.31032134e+00
3.13081531e+06 2.32793933e+00
3.13188758e+06 2.57332154e+00
3.13224500e+06 2.65524691e+00
3.13377000e+06 2.96724290e+00
3.13530000e+06 3.32732481e+00
3.13682000e+06 3.58044745e+00
3.13835000e+06 3.69045290e+00
3.13989000e+06 3.68536658e+00
3.14142000e+06 3.71243237e+00
3.14295000e+06 3.90222451e+00
3.14448000e+06 3.98230003e+00
3.14611562e+06 3.91213700e+00
3.14735875e+06 3.91334924e+00
3.14753914e+06 3.90490741e+00
3.14844109e+06 3.76956822e+00
3.15063000e+06 3.42890413e+00
3.15371000e+06 2.87606928e+00
3.15505750e+06 2.73370523e+00
3.15525000e+06 2.72113862e+00
3.15679000e+06 2.71131734e+00
3.15834000e+06 2.59159731e+00
3.15988000e+06 2.49341570e+00
3.16143000e+06 2.37218998e+00
3.16298000e+06 2.41632012e+00
3.16452000e+06 2.31476368e+00
3.16488328e+06 2.31006304e+00
3.16590047e+06 2.31113995e+00
3.16607000e+06 2.31056947e+00
3.16762000e+06 2.27300713e+00
3.16918000e+06 2.22503120e+00
3.16937375e+06 2.23322153e+00
3.17150500e+06 2.41829083e+00
3.17228000e+06 2.48265159e+00
3.17384000e+06 2.55560413e+00
3.17500625e+06 2.51039743e+00
3.17539500e+06 2.48295183e+00
3.17558938e+06 2.45727838e+00
3.17677385e+06 2.25407558e+00
3.17690141e+06 2.24109130e+00
3.17695000e+06 2.23965323e+00
3.17854656e+06 2.33363384e+00
3.17865625e+06 2.33135011e+00
3.18085000e+06 2.17460995e+00
3.18398000e+06 2.11972012e+00
3.18711000e+06 2.09808590e+00
3.19652000e+06 1.97912424e+00
3.19967000e+06 1.95733865e+00
3.20282000e+06 1.97886905e+00
3.20598000e+06 1.96064078e+00
3.20894500e+06 2.00558984e+00
3.21191000e+06 2.03661001e+00
3.21429000e+06 2.03518939e+00
3.21667000e+06 2.09815022e+00
3.21905000e+06 2.24790660e+00
3.22143000e+06 2.26467413e+00
3.22382000e+06 2.34787051e+00
3.22621000e+06 2.47091976e+00
3.22846000e+06 2.72539017e+00
3.22861000e+06 2.74713638e+00
3.23100000e+06 3.20137038e+00
3.23340000e+06 3.39102203e+00
3.23580000e+06 3.44320898e+00
3.23820500e+06 3.39799797e+00
3.24061000e+06 3.24817182e+00
3.24302000e+06 3.07901306e+00
3.24543000e+06 2.79878651e+00
3.24785000e+06 2.77473351e+00
3.24905500e+06 2.64506127e+00
3.25026000e+06 2.51115100e+00
3.25269000e+06 2.40074288e+00
3.25511000e+06 2.26197782e+00
3.25753000e+06 2.26397126e+00
3.26037000e+06 2.20858300e+00
3.26361000e+06 2.10268698e+00
3.26686000e+06 2.14380952e+00
3.27011000e+06 2.09740619e+00
3.27337000e+06 2.12336611e+00
3.27663000e+06 2.09943609e+00
3.27984891e+06 2.12812500e+00
3.28030875e+06 2.14858654e+00
3.28633781e+06 2.47853250e+00
3.28638891e+06 2.47901373e+00
3.28660699e+06 2.47184753e+00
3.28726125e+06 2.42730553e+00
3.28972500e+06 2.24326005e+00
3.29301000e+06 2.10648568e+00
3.29630000e+06 2.15517759e+00
3.29960000e+06 2.12039068e+00
3.30290000e+06 2.07068258e+00
3.30621000e+06 2.08285831e+00
3.30952000e+06 2.06161755e+00
3.31284000e+06 2.09571068e+00
3.31616000e+06 2.14891490e+00
3.31948500e+06 2.13405061e+00
3.32281000e+06 2.09468832e+00
3.32615000e+06 2.03233966e+00
3.32949500e+06 2.06719815e+00
3.33284000e+06 2.20790933e+00
3.33619000e+06 2.19660012e+00
3.33954000e+06 2.14366322e+00
3.34291000e+06 2.22207695e+00
3.34627000e+06 2.15778182e+00
3.34964500e+06 2.19656235e+00
3.35302000e+06 2.25039861e+00
3.35640000e+06 2.37163108e+00
3.35979000e+06 2.32355475e+00
3.36318000e+06 2.31608699e+00
3.36333574e+06 2.31805687e+00
3.36658000e+06 2.35909216e+00
3.36998000e+06 2.37411824e+00
3.37339000e+06 2.46541865e+00
3.37638000e+06 2.58641891e+00
3.37894000e+06 2.56209588e+00
3.38151000e+06 2.72476152e+00
3.38407000e+06 2.79145703e+00
3.38632312e+06 2.74659766e+00
3.38664500e+06 2.72996108e+00
3.38922000e+06 2.39034020e+00
3.39180000e+06 2.30692220e+00
3.39438000e+06 2.16838692e+00
3.39696000e+06 2.15083318e+00
3.39955000e+06 2.15751108e+00
3.40214000e+06 2.12255711e+00
3.40473000e+06 2.21287364e+00
3.40732000e+06 2.22972722e+00
3.40992000e+06 2.31862944e+00
3.41252000e+06 2.37804332e+00
3.41513000e+06 2.39238240e+00
3.41773000e+06 2.39626612e+00
3.42034000e+06 2.46172563e+00
3.42296000e+06 2.63971465e+00
3.42557000e+06 2.76805746e+00
3.42819000e+06 3.06367619e+00
3.42835406e+06 3.07122644e+00
3.43073810e+06 3.05760017e+00
3.43089703e+06 3.04889466e+00
3.43344000e+06 2.79203655e+00
3.43606000e+06 2.63210123e+00
3.43861750e+06 2.38273347e+00
3.43886438e+06 2.37446816e+00
3.44116562e+06 2.37760642e+00
3.44133000e+06 2.37587180e+00
3.44441000e+06 2.25767689e+00
3.44793000e+06 2.15495809e+00
3.45145000e+06 2.20282053e+00
3.45499000e+06 2.10824783e+00
3.45831000e+06 2.20286464e+00
3.46163000e+06 2.28629396e+00
3.46429000e+06 2.51184256e+00
3.46695500e+06 2.49659130e+00
3.46962000e+06 2.41997105e+00
3.47229000e+06 2.29483270e+00
3.47496000e+06 2.27310958e+00
3.47746312e+06 2.27519649e+00
3.47763000e+06 2.27225484e+00
3.48031000e+06 2.11306941e+00
3.48300000e+06 2.17264135e+00
3.48568000e+06 2.14723841e+00
3.48837000e+06 2.14375945e+00
3.49106000e+06 2.13341654e+00
3.49375500e+06 2.19299170e+00
3.49645000e+06 2.29242250e+00
3.49957500e+06 2.51158002e+00
3.50000000e+06 2.53976351e+00
3.50186000e+06 2.66262609e+00
3.50456000e+06 2.81684194e+00
3.50727500e+06 2.73714751e+00
3.50999000e+06 2.52367778e+00
3.51270000e+06 2.34079170e+00
3.51542000e+06 2.32147322e+00
3.51815000e+06 2.16830017e+00
3.52087500e+06 2.22455686e+00
3.52360000e+06 2.27302386e+00
3.52633000e+06 2.29992983e+00
3.52907000e+06 2.16484375e+00
3.53112500e+06 2.19926488e+00
3.53181000e+06 2.21766719e+00
3.53409000e+06 2.34751572e+00
3.53592000e+06 2.34978647e+00
3.53609156e+06 2.36474047e+00
3.53769281e+06 2.60054799e+00
3.53844000e+06 2.65298646e+00
3.53913000e+06 2.69708490e+00
3.53959000e+06 2.71527354e+00
3.54119562e+06 2.66339295e+00
3.54142500e+06 2.64447838e+00
3.54320266e+06 2.36248821e+00
3.54326000e+06 2.35705791e+00
3.54509000e+06 2.30470203e+00
3.54532000e+06 2.28120782e+00
3.54677547e+06 2.07300327e+00
3.54694078e+06 2.05742404e+00
3.54700906e+06 2.05463078e+00
3.54949953e+06 2.09585233e+00
3.55199000e+06 2.12982658e+00
3.55476000e+06 2.13633678e+00
3.56012688e+06 2.21076437e+00
3.56030000e+06 2.21097108e+00
3.56307000e+06 2.13670580e+00
3.56585000e+06 2.13904487e+00
3.56863000e+06 2.22744075e+00
3.57413644e+06 2.15566483e+00
3.57426449e+06 2.15021392e+00
3.57682562e+06 1.95318237e+00
3.57700000e+06 1.94467931e+00
3.57979000e+06 1.95638050e+00
3.58259000e+06 1.83659134e+00
3.58539000e+06 1.88800951e+00
3.58820000e+06 1.83988596e+00
3.59054000e+06 1.90364815e+00
3.59241000e+06 1.88659470e+00
3.59428500e+06 1.90975712e+00
3.59616000e+06 2.03651365e+00
3.59752043e+06 2.09554113e+00
3.59797391e+06 2.11242124e+00
3.59894695e+06 2.06340322e+00
3.59989797e+06 2.01230168e+00
3.60180000e+06 1.94646966e+00
3.60274000e+06 1.85822108e+00
3.60368000e+06 1.75956363e+00
3.60539650e+06 1.54601554e+00
3.60551094e+06 1.53678486e+00
3.60557000e+06 1.53418573e+00
3.60745000e+06 1.54731434e+00
3.60756812e+06 1.54230597e+00
3.60928094e+06 1.39365293e+00
3.60934000e+06 1.38980848e+00
3.61052000e+06 1.33566826e+00
3.61170000e+06 1.28864156e+00
3.61453000e+06 1.23251880e+00
3.61570000e+06 1.22836705e+00
3.61737000e+06 1.22329752e+00
3.62021500e+06 1.29271619e+00
3.62306000e+06 1.33073904e+00
3.62591000e+06 1.28804557e+00
3.62876000e+06 1.29118541e+00
3.63162000e+06 1.25409991e+00
3.63448000e+06 1.26198915e+00
3.63734000e+06 1.24196424e+00
3.64021000e+06 1.27957545e+00
3.64308000e+06 1.27422298e+00
3.64595000e+06 1.34434199e+00
3.64883000e+06 1.32164431e+00
3.65171000e+06 1.25959384e+00
3.65459000e+06 1.21724358e+00
3.65748000e+06 1.24949115e+00
3.66037000e+06 1.30069058e+00
3.66326000e+06 1.33498562e+00
3.66616000e+06 1.41160144e+00
3.66906000e+06 1.38421380e+00
3.67196000e+06 1.36709424e+00
3.67487000e+06 1.31429411e+00
3.67778000e+06 1.20851388e+00
3.67923500e+06 1.19859491e+00
3.68069000e+06 1.19655089e+00
3.68211109e+06 1.23733842e+00
3.68353219e+06 1.28120639e+00
3.68470250e+06 1.30697719e+00
3.68604000e+06 1.32902826e+00
3.68799000e+06 1.28180049e+00
3.68896500e+06 1.28946511e+00
3.68994000e+06 1.30645217e+00
3.69091500e+06 1.35914779e+00
3.69189000e+06 1.41319787e+00
3.69385000e+06 1.47262610e+00
3.69397188e+06 1.48153596e+00
3.69488594e+06 1.58251233e+00
3.69580000e+06 1.68459682e+00
3.69776000e+06 1.89488885e+00
3.69959750e+06 2.11273661e+00
3.69972000e+06 2.12365187e+00
3.70119000e+06 2.19754976e+00
3.70168000e+06 2.21227496e+00
3.70315000e+06 2.17349812e+00
3.70364000e+06 2.15451656e+00
3.70560000e+06 2.02484859e+00
3.70757000e+06 1.85289007e+00
3.70953000e+06 1.77480731e+00
3.71150000e+06 1.64707282e+00
3.71593000e+06 1.52094584e+00
3.71879750e+06 1.39618233e+00
3.71893633e+06 1.39426783e+00
3.71916797e+06 1.39728327e+00
3.72482000e+06 1.54361992e+00
3.72779000e+06 1.56593391e+00
3.73077000e+06 1.65105645e+00
3.73374000e+06 1.69588629e+00
3.73672000e+06 1.80643931e+00
3.73971000e+06 2.00228970e+00
3.74270000e+06 2.17992048e+00
3.74569000e+06 2.25334074e+00
3.74855344e+06 2.31397568e+00
3.74868000e+06 2.31665561e+00
3.75168000e+06 2.42534382e+00
3.75468500e+06 2.36971464e+00
3.75769000e+06 2.36351757e+00
3.76070000e+06 2.40564948e+00
3.76372000e+06 2.37751788e+00
3.76673500e+06 2.44203977e+00
3.76975000e+06 2.52420070e+00
3.77278000e+06 2.51315113e+00
3.77580000e+06 2.51526734e+00
3.77883500e+06 2.50639725e+00
3.78187000e+06 2.49211598e+00
3.78491000e+06 2.58047902e+00
3.78795000e+06 2.51573553e+00
3.79100000e+06 2.28397171e+00
3.79710000e+06 2.27628831e+00
3.80016000e+06 2.18433426e+00
3.80322000e+06 2.13797250e+00
3.80629000e+06 2.16164916e+00
3.80936000e+06 2.12623372e+00
3.81217500e+06 2.21243636e+00
3.81499000e+06 2.26419857e+00
3.81524625e+06 2.28711045e+00
3.81704000e+06 2.51419914e+00
3.81897125e+06 2.73934591e+00
3.81916422e+06 2.74889254e+00
3.82118711e+06 2.68943928e+00
3.82321000e+06 2.58364292e+00
3.82424000e+06 2.44949072e+00
3.82527000e+06 2.31221755e+00
3.82719750e+06 2.15928250e+00
3.82784000e+06 2.12087288e+00
3.83094000e+06 2.16881856e+00
3.83404000e+06 2.18718847e+00
3.83428188e+06 2.20414406e+00
3.83662000e+06 2.44950660e+00
3.83856062e+06 2.59957827e+00
3.83869000e+06 2.60433087e+00
3.83969508e+06 2.59019488e+00
3.84070016e+06 2.55938933e+00
3.84089469e+06 2.54036015e+00
3.84284000e+06 2.24841655e+00
3.84491000e+06 2.02548091e+00
3.84569000e+06 1.90347478e+00
3.84674219e+06 1.73227871e+00
3.84689250e+06 1.71207761e+00
3.84699000e+06 1.70351531e+00
3.84711546e+06 1.69921930e+00
3.84735165e+06 1.70313767e+00
3.84900500e+06 1.76110836e+00
3.84903750e+06 1.76125978e+00
3.84922336e+06 1.75619211e+00
3.85108500e+06 1.64047251e+00
3.85115000e+06 1.63795716e+00
3.85245000e+06 1.61480204e+00
3.85375000e+06 1.59857478e+00
3.85687000e+06 1.60211995e+00
3.86000000e+06 1.59172870e+00
3.86471000e+06 1.63784804e+00
3.86942000e+06 1.69009288e+00
3.87256000e+06 1.62470416e+00
3.87571000e+06 1.65372909e+00
3.87886000e+06 1.69068058e+00
3.88202000e+06 1.71047750e+00
3.88518000e+06 1.76623974e+00
3.88835000e+06 1.76616225e+00
3.89152000e+06 1.84301434e+00
3.89469000e+06 1.80016568e+00
3.89686800e+06 1.85095109e+00
3.89786000e+06 1.87457017e+00
3.90104000e+06 1.97863253e+00
3.90423000e+06 2.17642049e+00
3.90742000e+06 2.26178327e+00
3.91061000e+06 2.30350568e+00
3.91380000e+06 2.19420688e+00
3.91547300e+06 2.26786531e+00
3.91550000e+06 2.26906012e+00
3.91700000e+06 2.34147630e+00
3.92021000e+06 2.42491203e+00
3.92341000e+06 2.51928860e+00
3.92663000e+06 2.64687815e+00
3.92984000e+06 2.69218594e+00
3.93306000e+06 2.53871440e+00
3.93628000e+06 2.52539269e+00
3.93951000e+06 2.52504235e+00
3.94253812e+06 2.52873800e+00
3.94598000e+06 2.49138639e+00
3.94922000e+06 2.58521817e+00
3.95246000e+06 2.77079658e+00
3.95571000e+06 2.88568315e+00
3.95733750e+06 2.78920095e+00
3.95896500e+06 2.68422537e+00
3.96222000e+06 2.57268344e+00
3.96547000e+06 2.48570482e+00
3.96874000e+06 2.37559294e+00
3.97201000e+06 2.29844250e+00
3.97528000e+06 2.27608766e+00
3.97855000e+06 2.14575630e+00
3.98183000e+06 2.12964286e+00
3.98512000e+06 2.13220380e+00
3.98840000e+06 2.11844544e+00
3.99169500e+06 2.12642145e+00
3.99499000e+06 2.20851796e+00
3.99829000e+06 2.23999484e+00
4.00000000e+06 2.26608388e+00
4.00160000e+06 2.28911504e+00
4.00491000e+06 2.20349570e+00
4.00822000e+06 2.10949392e+00
4.01463953e+06 2.13141922e+00
4.01506750e+06 2.13833918e+00
4.01818000e+06 2.22349213e+00
4.02151000e+06 2.23496524e+00
4.02484000e+06 2.41041057e+00
4.02818000e+06 2.34004907e+00
4.03152000e+06 2.48312862e+00
4.03486000e+06 2.58499937e+00
4.03821000e+06 2.61319129e+00
4.04157000e+06 2.69524253e+00
4.04493000e+06 2.74295597e+00
4.04829000e+06 2.95315822e+00
4.05165000e+06 3.04931731e+00
4.05502500e+06 3.01370368e+00
4.05840000e+06 2.78959114e+00
4.06178000e+06 2.53991039e+00
4.06460000e+06 2.36175656e+00
4.06686000e+06 2.29701342e+00
4.06886391e+06 2.12273510e+00
4.06907484e+06 2.10948083e+00
4.06914547e+06 2.10792695e+00
4.06935496e+06 2.11233104e+00
4.07138000e+06 2.22236831e+00
4.07171933e+06 2.22767312e+00
4.07350979e+06 2.22818185e+00
4.07533875e+06 2.25019954e+00
4.07590500e+06 2.25962778e+00
4.07817000e+06 2.38795745e+00
4.08036906e+06 2.55191176e+00
4.08044000e+06 2.55320380e+00
4.08065281e+06 2.54611633e+00
4.08271000e+06 2.38503083e+00
4.08498000e+06 2.25991428e+00
4.08604875e+06 2.14216603e+00
4.08774094e+06 1.94678802e+00
4.08783000e+06 1.93869775e+00
4.08942844e+06 1.83501732e+00
4.09108016e+06 1.73539098e+00
4.09124000e+06 1.72757362e+00
4.09380500e+06 1.66261094e+00
4.09466000e+06 1.64623311e+00
4.09809000e+06 1.67334496e+00
4.10152000e+06 1.62252882e+00
4.10178404e+06 1.62806211e+00
4.10433641e+06 1.72890982e+00
4.10662977e+06 1.76601854e+00
4.10781500e+06 1.84751456e+00
4.10896000e+06 1.92658786e+00
4.11125000e+06 1.97590561e+00
4.11139375e+06 1.98606432e+00
4.11355000e+06 2.22648421e+00
4.11585000e+06 2.39703677e+00
4.11786250e+06 2.52193955e+00
4.11815000e+06 2.53106169e+00
4.11930250e+06 2.49175488e+00
4.12045500e+06 2.43519186e+00
4.12276000e+06 2.22396689e+00
4.12506000e+06 2.14312306e+00
4.12795000e+06 2.05943121e+00
4.13141000e+06 2.01154237e+00
4.13489000e+06 1.92964558e+00
4.13836000e+06 1.94277513e+00
4.14184000e+06 1.81380368e+00
4.14532000e+06 1.73503510e+00
4.14881000e+06 1.71239313e+00
4.15231000e+06 1.67057510e+00
4.15507328e+06 1.69408391e+00
4.15525750e+06 1.69793773e+00
4.15974375e+06 1.85939225e+00
4.15989000e+06 1.86616547e+00
4.16223000e+06 2.01169634e+00
4.16442375e+06 2.11459955e+00
4.16457000e+06 2.11733238e+00
4.16687344e+06 2.07141120e+00
4.16917688e+06 2.04787462e+00
4.16932344e+06 2.03915445e+00
4.16989258e+06 1.97910195e+00
4.17160000e+06 1.78165980e+00
4.17386688e+06 1.46869133e+00
4.17394000e+06 1.45971728e+00
4.17452750e+06 1.39653543e+00
4.17600543e+06 1.24653924e+00
4.17625328e+06 1.22405962e+00
4.17640016e+06 1.21376775e+00
4.17687635e+06 1.19044415e+00
4.17813741e+06 1.13187052e+00
4.17839903e+06 1.12019860e+00
4.17858492e+06 1.11394992e+00
4.17871359e+06 1.11204571e+00
4.17877396e+06 1.11191014e+00
4.17895507e+06 1.11311341e+00
4.18078342e+06 1.13887216e+00
4.18099500e+06 1.14359521e+00
4.18106859e+06 1.14603587e+00
4.18224150e+06 1.19734842e+00
4.18327641e+06 1.24242737e+00
4.18335000e+06 1.24455259e+00
4.18571000e+06 1.27761552e+00
4.18585750e+06 1.28346190e+00
4.18676094e+06 1.33847167e+00
4.18783031e+06 1.40498201e+00
4.18799625e+06 1.41635971e+00
4.18829125e+06 1.44064570e+00
4.19028250e+06 1.61888361e+00
4.19043000e+06 1.62945869e+00
4.19220000e+06 1.71516811e+00
4.19279000e+06 1.74331593e+00
4.19516000e+06 1.89049492e+00
4.19745594e+06 2.00874269e+00
4.19782625e+06 2.04337199e+00
4.19812250e+06 2.07374826e+00
4.19990000e+06 2.27263165e+00
4.20219594e+06 2.59004407e+00
4.20227000e+06 2.59583103e+00
4.20464000e+06 2.63778077e+00
4.20486312e+06 2.65706475e+00
4.20702000e+06 2.94193680e+00
4.20939000e+06 3.30316163e+00
4.21177000e+06 3.62213851e+00
4.21534750e+06 3.76519412e+00
4.21654000e+06 3.80742138e+00
4.21892000e+06 3.60431155e+00
4.22131000e+06 3.63259889e+00
4.22370000e+06 3.59161259e+00
4.22609000e+06 3.48722814e+00
4.22849000e+06 3.31867747e+00
4.23088000e+06 3.17901930e+00
4.23320500e+06 2.96348248e+00
4.23328000e+06 2.96059724e+00
4.23568000e+06 2.98663421e+00
4.23868000e+06 2.82341252e+00
4.24229000e+06 2.74760515e+00
4.24590000e+06 2.65702605e+00
4.24952000e+06 2.65149660e+00
4.25314000e+06 2.72880481e+00
4.25676000e+06 2.72032947e+00
4.26039500e+06 2.81102932e+00
4.26403000e+06 2.87104616e+00
4.26767000e+06 3.03750100e+00
4.27131500e+06 2.97134222e+00
4.27496000e+06 2.95326409e+00
4.27862000e+06 2.76831451e+00
4.28228000e+06 2.52196191e+00
4.28594000e+06 2.45148702e+00
4.28961000e+06 2.45957930e+00
4.29328000e+06 2.34908309e+00
4.29512000e+06 2.43171823e+00
4.29696000e+06 2.51519475e+00
4.29801307e+06 2.49003775e+00
4.30064500e+06 2.42716327e+00
4.30433000e+06 2.41209962e+00
4.30802000e+06 2.43940627e+00
4.31171000e+06 2.50367134e+00
4.31356250e+06 2.38522157e+00
4.31541500e+06 2.26063902e+00
4.31912000e+06 2.15051866e+00
4.32283000e+06 2.12329809e+00
4.32655000e+06 2.07295072e+00
4.32678250e+06 2.08105987e+00
4.33027000e+06 2.30662518e+00
4.33399000e+06 2.55810278e+00
4.33755973e+06 2.59570323e+00
4.33955172e+06 2.53116543e+00
4.34116700e+06 2.47569654e+00
4.34150000e+06 2.46426129e+00
4.34522000e+06 2.47660679e+00
4.34894000e+06 2.56916335e+00
4.35269000e+06 2.56535138e+00
4.35425500e+06 2.69061267e+00
4.35582000e+06 2.82091178e+00
4.35808562e+06 2.90415261e+00
4.35824188e+06 2.90542640e+00
4.35832000e+06 2.90427486e+00
4.36083000e+06 2.74008210e+00
4.36334000e+06 2.60039418e+00
4.36648000e+06 2.45278624e+00
4.37025000e+06 2.21014148e+00
4.37403000e+06 2.16732489e+00
4.37781000e+06 2.04188832e+00
4.38160000e+06 1.95902099e+00
4.38539000e+06 1.81302547e+00
4.38919000e+06 1.82002987e+00
4.39299000e+06 1.86714364e+00
4.39679000e+06 2.03010437e+00
4.40061000e+06 2.17654520e+00
4.40442000e+06 2.29767620e+00
4.40824000e+06 2.38424134e+00
4.41207000e+06 2.27359744e+00
4.41230938e+06 2.28057157e+00
4.41578031e+06 2.50094606e+00
4.41590000e+06 2.50333864e+00
4.41974000e+06 2.39230321e+00
4.42358000e+06 2.43436141e+00
4.42743000e+06 2.46782084e+00
4.43128000e+06 2.35771113e+00
4.43513000e+06 2.28733878e+00
4.43900000e+06 2.39516749e+00
4.44286000e+06 2.37903013e+00
4.44673000e+06 2.30112826e+00
4.45061000e+06 2.44417467e+00
4.45449000e+06 2.50883315e+00
4.45838000e+06 2.49150307e+00
4.46227000e+06 2.35037513e+00
4.46568250e+06 2.20977121e+00
4.46617000e+06 2.19725185e+00
4.46812250e+06 2.26038329e+00
4.47007500e+06 2.33203087e+00
4.47398000e+06 2.44864728e+00
4.47789000e+06 2.50551928e+00
4.48181000e+06 2.53827256e+00
4.48573000e+06 2.60194293e+00
4.48966000e+06 2.78118105e+00
4.49359500e+06 2.69120989e+00
4.49753000e+06 2.67108223e+00
4.50000000e+06 2.54847134e+00
4.50138750e+06 2.47933704e+00
4.50148000e+06 2.47792192e+00
4.50542000e+06 2.56096239e+00
4.51139094e+06 2.33828856e+00
4.51262844e+06 2.29952597e+00
4.51279666e+06 2.30274440e+00
4.51330133e+06 2.33320236e+00
4.51532000e+06 2.46774361e+00
4.51796000e+06 2.57219123e+00
4.52061000e+06 2.77020627e+00
4.52309438e+06 3.03250797e+00
4.52326000e+06 3.04277816e+00
4.52591000e+06 3.02949280e+00
4.52856000e+06 3.15574860e+00
4.53122000e+06 3.05090408e+00
4.53388000e+06 3.00555898e+00
4.53654000e+06 2.91695808e+00
4.53896776e+06 2.99185541e+00
4.53912172e+06 2.99660511e+00
4.54170344e+06 3.00984076e+00
4.54190253e+06 3.00100090e+00
4.54453500e+06 2.74121248e+00
4.54720000e+06 2.56388794e+00
4.54753500e+06 2.51997594e+00
4.54965492e+06 2.18269098e+00
4.54985899e+06 2.15702469e+00
4.55002602e+06 2.14405675e+00
4.55013031e+06 2.13924082e+00
4.55255000e+06 2.08001462e+00
4.55523000e+06 1.99961474e+00
4.56059000e+06 1.98952848e+00
4.56310719e+06 1.99693101e+00
4.56327500e+06 2.00202967e+00
4.56461750e+06 2.08742154e+00
4.56596000e+06 2.17814342e+00
4.56856594e+06 2.33520440e+00
4.56865000e+06 2.33714399e+00
4.56896524e+06 2.33314666e+00
4.57117188e+06 2.25018476e+00
4.57134000e+06 2.23935186e+00
4.57201250e+06 2.17058940e+00
4.57386188e+06 1.96200065e+00
4.57403000e+06 1.94674961e+00
4.57538000e+06 1.86418651e+00
4.57673000e+06 1.79099728e+00
4.57869172e+06 1.73249735e+00
4.57938781e+06 1.71738780e+00
4.57955393e+06 1.71934046e+00
4.58005227e+06 1.73907267e+00
4.58204562e+06 1.82513378e+00
4.58213000e+06 1.82656616e+00
4.58233630e+06 1.82516101e+00
4.58543078e+06 1.73924857e+00
4.58546296e+06 1.73917200e+00
4.58562200e+06 1.74240155e+00
4.58631117e+06 1.77935485e+00
4.58944312e+06 1.95385779e+00
4.58969688e+06 1.96150012e+00
4.59004578e+06 1.96396368e+00
4.59337625e+06 1.96386666e+00
4.59363000e+06 1.96526600e+00
4.59770000e+06 2.02534913e+00
4.60178000e+06 1.98447927e+00
4.60382250e+06 2.07383125e+00
4.60586500e+06 2.16857866e+00
4.60995000e+06 2.29002917e+00
4.61404000e+06 2.40130565e+00
4.62224000e+06 2.52217331e+00
4.62635000e+06 2.61504492e+00
4.63047000e+06 2.67341538e+00
4.63459000e+06 2.73760454e+00
4.63871000e+06 2.71288555e+00
4.64285000e+06 2.85944845e+00
4.64698000e+06 2.89193815e+00
4.65112000e+06 2.72328076e+00
4.65527000e+06 2.77437243e+00
4.65943000e+06 2.74121281e+00
4.66359000e+06 2.71961370e+00
4.66775000e+06 2.88459869e+00
4.66983500e+06 2.79547969e+00
4.67192000e+06 2.69717731e+00
4.67610000e+06 2.58483648e+00
4.68446000e+06 2.40373231e+00
4.68866000e+06 2.51653878e+00
4.69216000e+06 2.50395480e+00
4.69496000e+06 2.64842008e+00
4.69776000e+06 2.67451547e+00
4.69916500e+06 2.78667969e+00
4.70057000e+06 2.90599999e+00
4.70338000e+06 3.08066747e+00
4.70619000e+06 3.26853806e+00
4.70873656e+06 3.29161054e+00
4.70905033e+06 3.28201094e+00
4.71041000e+06 3.16016803e+00
4.71182000e+06 3.02298053e+00
4.71464000e+06 2.73063317e+00
4.71746000e+06 2.48856779e+00
4.72028000e+06 2.32020987e+00
4.72285022e+06 2.07859680e+00
4.72302156e+06 2.06462208e+00
4.72324266e+06 2.05453017e+00
4.72328688e+06 2.05374430e+00
4.72594000e+06 2.05834061e+00
4.72865945e+06 2.03587416e+00
4.72880332e+06 2.04048025e+00
4.72894719e+06 2.05011616e+00
4.73087410e+06 2.23920531e+00
4.73156070e+06 2.31248011e+00
4.73195938e+06 2.37778772e+00
4.73444000e+06 2.82277251e+00
4.73692500e+06 3.14293701e+00
4.73728000e+06 3.17895346e+00
4.73941000e+06 3.25691338e+00
4.74012000e+06 3.26870565e+00
4.74292438e+06 3.12118901e+00
4.74332500e+06 3.11184298e+00
4.75080000e+06 3.05006206e+00
4.75508500e+06 3.14601105e+00
4.75937000e+06 3.34850642e+00
4.76367000e+06 3.42812682e+00
4.76797000e+06 3.66810953e+00
4.76823906e+06 3.67343812e+00
4.76944522e+06 3.67057088e+00
4.77240953e+06 3.66352424e+00
4.77658000e+06 3.50179190e+00
4.78090000e+06 3.42417686e+00
4.78523000e+06 3.51989050e+00
4.78955000e+06 3.49902463e+00
4.79317000e+06 3.18192476e+00
4.79606000e+06 2.87781874e+00
4.79858875e+06 2.73597755e+00
4.79895000e+06 2.72322796e+00
4.80175938e+06 2.75973777e+00
4.80456875e+06 2.76260890e+00
4.80766000e+06 2.67729668e+00
4.81056500e+06 2.75702963e+00
4.81347000e+06 2.89422180e+00
4.81638000e+06 2.93397265e+00
4.81929500e+06 2.86419477e+00
4.82221000e+06 2.79930463e+00
4.82367000e+06 2.63721017e+00
4.82513000e+06 2.46439058e+00
4.82780477e+06 2.19381107e+00
4.82805000e+06 2.17670924e+00
4.83098000e+06 2.14888139e+00
4.83390000e+06 2.05154448e+00
4.83670983e+06 2.03109980e+00
4.83688931e+06 2.03585894e+00
4.83724828e+06 2.05817854e+00
4.83967328e+06 2.22469999e+00
4.83976500e+06 2.22862950e+00
4.84270000e+06 2.27674232e+00
4.84564000e+06 2.39137073e+00
4.84858000e+06 2.43838113e+00
4.85133625e+06 2.57617889e+00
4.85152000e+06 2.59016420e+00
4.85262625e+06 2.71690096e+00
4.85447000e+06 2.94018595e+00
4.85741000e+06 3.26824998e+00
4.86037000e+06 3.50474311e+00
4.86295125e+06 3.63353071e+00
4.86332000e+06 3.63841177e+00
4.86628000e+06 3.40099871e+00
4.86924000e+06 3.32558944e+00
4.87220000e+06 3.03626571e+00
4.87516000e+06 2.79128762e+00
4.87813000e+06 2.48208485e+00
4.88110000e+06 2.25320809e+00
4.88371905e+06 2.10033114e+00
4.88402359e+06 2.08810633e+00
4.88407000e+06 2.08782976e+00
4.88707906e+06 2.18770151e+00
4.88710812e+06 2.18777728e+00
4.88728250e+06 2.18555063e+00
4.89053750e+06 2.07013842e+00
4.89077000e+06 2.06618010e+00
4.89524500e+06 2.16455709e+00
4.89972000e+06 2.25345404e+00
4.90299250e+06 2.40659405e+00
4.90346000e+06 2.43697723e+00
4.90421000e+06 2.52620697e+00
4.90646000e+06 2.81531216e+00
4.90945000e+06 3.04190067e+00
4.91245000e+06 3.13206584e+00
4.91545500e+06 3.09431657e+00
4.91846000e+06 3.01143721e+00
4.92146000e+06 2.87065699e+00
4.92447000e+06 2.57810882e+00
4.92749000e+06 2.35524670e+00
4.93012375e+06 2.25431995e+00
4.93050000e+06 2.24640279e+00
4.93427000e+06 2.32528967e+00
4.93881000e+06 2.23977428e+00
4.94335000e+06 2.23735761e+00
4.94789000e+06 2.20568413e+00
4.95244500e+06 2.41376780e+00
4.95700000e+06 2.46666130e+00
4.96149969e+06 2.43717628e+00
4.96214250e+06 2.41369707e+00
4.96816375e+06 2.14742101e+00
4.97080000e+06 2.03624453e+00
4.97530000e+06 1.93595516e+00
4.97989500e+06 1.97677313e+00
4.98449000e+06 2.07235599e+00
4.98909000e+06 2.21577778e+00
4.99250000e+06 2.34533424e+00
4.99370000e+06 2.39204738e+00
4.99832000e+06 2.59036478e+00
5.00000000e+06 2.61018713e+00
5.00294000e+06 2.64050849e+00
5.00757000e+06 2.84919086e+00
5.01220000e+06 2.77934212e+00
5.01685000e+06 2.82339229e+00
5.02139626e+06 2.73611640e+00
5.02186656e+06 2.71164114e+00
5.03066438e+06 2.12719310e+00
5.03081000e+06 2.12007153e+00
5.03470000e+06 2.01568400e+00
5.03781000e+06 1.88279566e+00
5.04093000e+06 1.85288236e+00
5.04405000e+06 1.86130418e+00
5.04717000e+06 1.84235715e+00
5.05030000e+06 1.81852280e+00
5.05343000e+06 1.84718573e+00
5.05656000e+06 1.89255878e+00
5.05970000e+06 2.00368283e+00
5.06283000e+06 2.15938327e+00
5.06598000e+06 2.35984847e+00
5.06912000e+06 2.54618176e+00
5.07227000e+06 2.65905609e+00
5.07542000e+06 2.81534379e+00
5.07853309e+06 2.97381827e+00
5.07873258e+06 2.96953995e+00
5.08172500e+06 2.74316943e+00
5.08478141e+06 2.53803519e+00
5.08488000e+06 2.53431093e+00
5.08883000e+06 2.50192522e+00
5.09350578e+06 2.22238294e+00
5.09358000e+06 2.21982102e+00
5.09715000e+06 2.17592742e+00
5.09834000e+06 2.16734608e+00
5.10310500e+06 2.26025151e+00
5.10787000e+06 2.52106450e+00
5.11264000e+06 2.63427770e+00
5.11743000e+06 2.76789610e+00
5.12207031e+06 2.66706018e+00
5.12222000e+06 2.66080506e+00
5.12686031e+06 2.33224324e+00
5.12701000e+06 2.32605825e+00
5.13101000e+06 2.31727470e+00
5.13121062e+06 2.30764962e+00
5.13402878e+06 2.07993088e+00
5.13419492e+06 2.07476849e+00
5.13432031e+06 2.07779683e+00
5.13444570e+06 2.08628011e+00
5.13743000e+06 2.39039671e+00
5.14064000e+06 2.69061369e+00
5.14374969e+06 2.99307392e+00
5.14385000e+06 2.99903550e+00
5.14716434e+06 3.06095180e+00
5.14725867e+06 3.06125389e+00
5.14990008e+06 3.06090934e+00
5.15023969e+06 3.06896162e+00
5.15190000e+06 3.24726534e+00
5.15351000e+06 3.42184390e+00
5.15371156e+06 3.43104647e+00
5.15664052e+06 3.42385784e+00
5.15683578e+06 3.41782938e+00
5.15996000e+06 3.23556680e+00
5.16320000e+06 2.98906738e+00
5.16643000e+06 2.80288605e+00
5.16826000e+06 2.72103413e+00
5.16967000e+06 2.65815095e+00
5.17291000e+06 2.38521506e+00
5.17494000e+06 2.32596706e+00
5.17697000e+06 2.27921345e+00
5.18184000e+06 2.28907688e+00
5.18672000e+06 2.27731548e+00
5.19161000e+06 2.42712857e+00
5.19650000e+06 2.67431955e+00
5.20140000e+06 2.96860514e+00
5.20615656e+06 3.05912152e+00
5.20631000e+06 3.05776005e+00
5.20999625e+06 2.86598206e+00
5.21122500e+06 2.79543099e+00
5.21598641e+06 2.42023742e+00
5.21614000e+06 2.41150223e+00
5.22107000e+06 2.27845103e+00
5.22601000e+06 2.12845028e+00
5.22617677e+06 2.12743416e+00
5.23084640e+06 2.13136336e+00
5.23134672e+06 2.13824514e+00
5.24086000e+06 2.32591169e+00
5.24582500e+06 2.24479921e+00
5.25079000e+06 2.10076447e+00
5.25577000e+06 1.96783268e+00
5.26076000e+06 2.01152152e+00
5.26575000e+06 1.98999466e+00
5.27075000e+06 2.02074589e+00
5.27575000e+06 2.15014467e+00
5.28077059e+06 2.06575823e+00
5.28579118e+06 1.97417713e+00
5.29066281e+06 1.78776282e+00
5.29082000e+06 1.78381947e+00
5.29548650e+06 1.75340822e+00
5.29555527e+06 1.75339204e+00
5.29577152e+06 1.75571626e+00
5.29592895e+06 1.76182310e+00
5.29600766e+06 1.76650676e+00
5.29753495e+06 1.88946707e+00
5.30089500e+06 2.16319985e+00
5.30578234e+06 2.46220430e+00
5.30594000e+06 2.46938655e+00
5.31100000e+06 2.56239630e+00
5.31591156e+06 2.52659563e+00
5.31607000e+06 2.52008523e+00
5.31733750e+06 2.42101444e+00
5.32114000e+06 2.10531850e+00
5.32581886e+06 1.84958309e+00
5.32613078e+06 1.83516114e+00
5.32636906e+06 1.82928418e+00
5.32660020e+06 1.82771686e+00
5.33099679e+06 1.82950519e+00
5.33130000e+06 1.82844838e+00
5.33639000e+06 1.74016013e+00
5.34149000e+06 1.60409557e+00
5.34660000e+06 1.48709986e+00
5.35172000e+06 1.43498450e+00
5.35684000e+06 1.37299726e+00
5.35919000e+06 1.35955405e+00
5.36125116e+06 1.34776314e+00
5.36188133e+06 1.34520546e+00
5.36206810e+06 1.34738500e+00
5.36262840e+06 1.36231039e+00
5.36711000e+06 1.49256745e+00
5.37208938e+06 1.59748328e+00
5.37225000e+06 1.60309236e+00
5.37257250e+06 1.61894542e+00
5.37703207e+06 1.87824604e+00
5.37732938e+06 1.89242182e+00
5.37749062e+06 1.89531574e+00
5.38005047e+06 1.84995597e+00
5.38261031e+06 1.80286215e+00
5.38773000e+06 1.79339046e+00
5.39291000e+06 1.85796595e+00
5.39809000e+06 1.79388848e+00
5.40328000e+06 1.85324448e+00
5.40847000e+06 1.90294460e+00
5.41368000e+06 1.94016300e+00
5.41889000e+06 1.91264448e+00
5.42411000e+06 1.92446340e+00
5.42831328e+06 1.91707033e+00
5.42852000e+06 1.91184671e+00
5.42976031e+06 1.84285850e+00
5.43195000e+06 1.71454425e+00
5.43502938e+06 1.49665956e+00
5.43523467e+06 1.48287590e+00
5.43539531e+06 1.47506229e+00
5.43545000e+06 1.47348255e+00
5.43894000e+06 1.46029448e+00
5.43904938e+06 1.45678128e+00
5.43925445e+06 1.44578560e+00
5.44222809e+06 1.25248909e+00
5.44238531e+06 1.24380866e+00
5.44249469e+06 1.23895907e+00
5.44265021e+06 1.23372263e+00
5.44325519e+06 1.21861486e+00
5.44557428e+06 1.16418537e+00
5.44577594e+06 1.16030674e+00
5.44591266e+06 1.15890585e+00
5.44595712e+06 1.15878365e+00
5.44610473e+06 1.15953283e+00
5.44635074e+06 1.16308218e+00
5.44944500e+06 1.21847344e+00
5.45241604e+06 1.25689029e+00
5.45289524e+06 1.26166848e+00
5.45295000e+06 1.26181639e+00
5.45315477e+06 1.26098643e+00
5.45612398e+06 1.22675171e+00
5.45625258e+06 1.22604833e+00
5.45637093e+06 1.22708545e+00
5.45646307e+06 1.22957972e+00
5.45653855e+06 1.23288258e+00
5.45663453e+06 1.23859142e+00
5.45679906e+06 1.25099102e+00
5.45967836e+06 1.49897893e+00
5.45992516e+06 1.51722025e+00
5.46010375e+06 1.52651992e+00
5.46160250e+06 1.56783850e+00
5.46339000e+06 1.61638018e+00
5.46350000e+06 1.62070056e+00
5.46438000e+06 1.66696500e+00
5.46702000e+06 1.81357272e+00
5.47001223e+06 1.91738185e+00
5.47049484e+06 1.92981444e+00
5.47055000e+06 1.93005863e+00
5.47076373e+06 1.92679114e+00
5.47396969e+06 1.81067287e+00
5.47408000e+06 1.80922903e+00
5.47430062e+06 1.81113792e+00
5.47761000e+06 1.90335783e+00
5.48115000e+06 1.93292153e+00
5.48469000e+06 1.89959166e+00
5.48646000e+06 1.96051059e+00
5.48823000e+06 2.02587019e+00
5.49132750e+06 2.08921869e+00
5.49177000e+06 2.09219474e+00
5.49348953e+06 2.03733222e+00
5.49520906e+06 1.97918512e+00
5.49532000e+06 1.97833682e+00
5.49554250e+06 1.98215613e+00
5.49888000e+06 2.11287507e+00
5.50000000e+06 2.13656095e+00
5.50243000e+06 2.18766796e+00
5.50599000e+06 2.36082792e+00
5.50956000e+06 2.41294299e+00
5.51261924e+06 2.41498553e+00
5.51292528e+06 2.41298100e+00
5.51312947e+06 2.40559439e+00
5.51323156e+06 2.39904329e+00
5.51415195e+06 2.31280411e+00
5.51647733e+06 2.08426245e+00
5.51666219e+06 2.07208883e+00
5.51680188e+06 2.06835593e+00
5.52027000e+06 2.13373084e+00
5.52379188e+06 2.12286226e+00
5.52429500e+06 2.11372184e+00
5.52832000e+06 2.01821501e+00
5.53370000e+06 1.94635065e+00
5.53909000e+06 1.93188016e+00
5.54448500e+06 1.99432956e+00
5.54988000e+06 2.20841962e+00
5.55530000e+06 2.25746604e+00
5.56071000e+06 2.24671219e+00
5.56614000e+06 2.34007414e+00
5.57158000e+06 2.43691791e+00
5.57702500e+06 2.31534000e+00
5.58247000e+06 2.11532613e+00
5.58793000e+06 1.93749266e+00
5.59270750e+06 1.83554542e+00
5.59339000e+06 1.82537351e+00
5.59613000e+06 1.86292098e+00
5.59887000e+06 1.90922961e+00
5.60435000e+06 2.12975728e+00
5.60966844e+06 2.38550563e+00
5.60984000e+06 2.38979003e+00
5.61534500e+06 2.34513065e+00
5.62085000e+06 2.25532073e+00
5.62627391e+06 2.08539558e+00
5.62636000e+06 2.08485617e+00
5.62666242e+06 2.08991114e+00
5.63119875e+06 2.24481182e+00
5.63189000e+06 2.26147859e+00
5.63465500e+06 2.19279841e+00
5.63742000e+06 2.11413174e+00
5.64261375e+06 1.92608983e+00
5.64296000e+06 1.91820027e+00
5.64573500e+06 1.94163917e+00
5.64851000e+06 1.97271551e+00
5.65406000e+06 2.08318332e+00
5.65963000e+06 2.09490870e+00
5.66520000e+06 2.18352397e+00
5.67078000e+06 2.22478346e+00
5.67637000e+06 2.29847045e+00
5.68197000e+06 2.36866293e+00
5.68757000e+06 2.56922786e+00
5.69319000e+06 2.59958124e+00
5.69881000e+06 2.81453073e+00
5.70444000e+06 2.98272681e+00
5.71008000e+06 3.04032663e+00
5.71573000e+06 2.88454168e+00
5.72138000e+06 2.81612473e+00
5.72705000e+06 2.75251555e+00
5.73272000e+06 2.55561829e+00
5.73840000e+06 2.55811808e+00
5.74409000e+06 2.44083005e+00
5.74979000e+06 2.44766568e+00
5.75549000e+06 2.41822337e+00
5.76121000e+06 2.33653121e+00
5.76693000e+06 2.46065128e+00
5.77266000e+06 2.43020117e+00
5.78415000e+06 2.41050179e+00
5.78991000e+06 2.52088135e+00
5.79568000e+06 2.50143796e+00
5.80146000e+06 2.51737554e+00
5.80724000e+06 2.35979854e+00
5.81303000e+06 2.42695877e+00
5.81883000e+06 2.33864560e+00
5.82464500e+06 2.48623535e+00
5.83046000e+06 2.49725010e+00
5.83629000e+06 2.49639755e+00
5.84213000e+06 2.58534247e+00
5.84797000e+06 2.54407825e+00
5.85254500e+06 2.62547606e+00
5.85285000e+06 2.63431801e+00
5.85676000e+06 2.89932991e+00
5.86067000e+06 2.99631076e+00
5.86458000e+06 3.04320021e+00
5.86752000e+06 2.89779768e+00
5.86850000e+06 2.84039699e+00
5.87242000e+06 2.47833164e+00
5.87610438e+06 2.22210008e+00
5.87635000e+06 2.20861328e+00
5.88028000e+06 2.08306649e+00
5.88421000e+06 1.98841459e+00
5.88716500e+06 2.00930058e+00
5.88815000e+06 2.02119420e+00
5.89209000e+06 2.14395263e+00
5.89604000e+06 2.15671175e+00
5.89985885e+06 2.14375908e+00
5.90011344e+06 2.13772348e+00
5.90394000e+06 1.96373933e+00
5.90777625e+06 1.83348272e+00
5.90790000e+06 1.83192993e+00
5.90814781e+06 1.83373848e+00
5.91186500e+06 1.92132415e+00
5.91583000e+06 1.93104293e+00
5.91980000e+06 1.88647855e+00
5.92377000e+06 1.96582247e+00
5.92775000e+06 2.03673187e+00
5.93173000e+06 2.03630991e+00
5.93572000e+06 2.08552347e+00
5.93939633e+06 2.21186343e+00
5.93964766e+06 2.21613315e+00
5.93980564e+06 2.21233430e+00
5.94006895e+06 2.19670167e+00
5.94358016e+06 1.92729917e+00
5.94370500e+06 1.92052909e+00
5.94395469e+06 1.91228366e+00
5.94770000e+06 1.85588854e+00
5.95157500e+06 1.84362803e+00
5.95179399e+06 1.83696979e+00
5.95188797e+06 1.83236572e+00
5.95546917e+06 1.60191682e+00
5.95563168e+06 1.59483044e+00
5.95578808e+06 1.59216360e+00
5.95580350e+06 1.59213570e+00
5.95595769e+06 1.59371464e+00
5.95651278e+06 1.60975312e+00
5.95972000e+06 1.70737155e+00
5.96373000e+06 1.79811407e+00
5.96876000e+06 1.96448410e+00
5.97479000e+06 2.11743647e+00
5.98084000e+06 2.12304415e+00
5.98680531e+06 2.05285355e+00
5.98978797e+06 1.96843613e+00
5.99286531e+06 1.88071155e+00
5.99296000e+06 1.87934632e+00
5.99874547e+06 1.87481968e+00
5.99914388e+06 1.87787583e+00
6.00000000e+06 1.89261554e+00
6.00512000e+06 1.98059252e+00
6.01121000e+06 2.11953431e+00
6.01731000e+06 2.16511405e+00
6.02342000e+06 2.27177372e+00
6.02954000e+06 2.23504567e+00
6.03567000e+06 2.30563821e+00
6.04181000e+06 2.47495985e+00
6.04796500e+06 2.38197439e+00
6.05412000e+06 2.36308339e+00
6.06029000e+06 2.43138428e+00
6.06646000e+06 2.44714225e+00
6.07265000e+06 2.25586386e+00
6.07884000e+06 2.16547540e+00
6.08505000e+06 2.19355741e+00
6.09126000e+06 2.16088412e+00
6.09684500e+06 2.18230770e+00
6.09749000e+06 2.18478186e+00
6.10372500e+06 2.01772361e+00
6.11477115e+06 1.60891856e+00
6.11602438e+06 1.56352231e+00
6.11622000e+06 1.55839606e+00
6.11935000e+06 1.51928713e+00
6.12248000e+06 1.48410419e+00
6.12867652e+06 1.44385045e+00
6.12890024e+06 1.44529689e+00
6.13116226e+06 1.48376085e+00
6.13504000e+06 1.55069777e+00
6.14133000e+06 1.60567104e+00
6.14763000e+06 1.62057494e+00
6.14992254e+06 1.67306581e+00
6.15670500e+06 1.83537324e+00
6.16026000e+06 1.91707045e+00
6.16765000e+06 1.98222247e+00
6.17610000e+06 2.06759102e+00
6.18458500e+06 1.93061867e+00
6.19307000e+06 1.90797608e+00
6.20159000e+06 1.92145173e+00
6.21011000e+06 1.94315244e+00
6.21866000e+06 2.20098301e+00
6.22722000e+06 2.34200625e+00
6.23581000e+06 2.53123881e+00
6.24441000e+06 2.80805872e+00
6.25302000e+06 2.89288699e+00
6.26166000e+06 2.92591192e+00
6.27031000e+06 2.99134266e+00
6.27898000e+06 2.97427752e+00
6.28550000e+06 2.98733640e+00
6.28985000e+06 3.11111284e+00
6.29638250e+06 2.99319430e+00
6.29856000e+06 2.94828316e+00
6.30292000e+06 2.79579389e+00
6.30729000e+06 2.67269827e+00
6.31166000e+06 2.45317202e+00
6.31604000e+06 2.28395725e+00
6.32042000e+06 2.09094365e+00
6.32809375e+06 1.99323004e+00
6.32919000e+06 1.98023508e+00
6.33359000e+06 1.96799366e+00
6.33799000e+06 1.92524792e+00
6.34239000e+06 1.89286756e+00
6.34668900e+06 1.82690488e+00
6.34673109e+06 1.82625900e+00
6.34694128e+06 1.82855536e+00
6.34757183e+06 1.84916048e+00
6.35121500e+06 1.97856839e+00
6.35563000e+06 2.08399201e+00
6.36005000e+06 2.23826795e+00
6.36444539e+06 2.35405083e+00
6.36472474e+06 2.35011997e+00
6.36891500e+06 2.19776815e+00
6.37335000e+06 2.12115966e+00
6.37751875e+06 2.15164859e+00
6.37918625e+06 2.15759003e+00
6.38669000e+06 2.17425286e+00
6.39086188e+06 2.17676567e+00
6.39112341e+06 2.17374697e+00
6.39190801e+06 2.14648541e+00
6.39365156e+06 2.07972954e+00
6.39914561e+06 1.85808945e+00
6.39993047e+06 1.82745710e+00
6.40013984e+06 1.82424680e+00
6.40233992e+06 1.85045320e+00
6.40454000e+06 1.88258207e+00
6.40887031e+06 1.97970676e+00
6.40901000e+06 1.98071863e+00
6.41349000e+06 1.92461998e+00
6.41370000e+06 1.92821347e+00
6.41783000e+06 2.09152985e+00
6.41797000e+06 2.09486455e+00
6.42246000e+06 2.10654328e+00
6.42695000e+06 2.15216830e+00
6.43145000e+06 2.34484760e+00
6.43595000e+06 2.37882884e+00
6.44035430e+06 2.55880778e+00
6.44040715e+06 2.55921167e+00
6.44063177e+06 2.55397909e+00
6.44130562e+06 2.51279123e+00
6.44497000e+06 2.26607633e+00
6.44919812e+06 2.03550494e+00
6.44948000e+06 2.02348783e+00
6.45287750e+06 1.94806987e+00
6.45401000e+06 1.92937725e+00
6.45853000e+06 1.97937825e+00
6.45874234e+06 1.97430154e+00
6.46291844e+06 1.76324342e+00
6.46306000e+06 1.75788790e+00
6.46476250e+06 1.71900042e+00
6.46987000e+06 1.61613396e+00
6.47896000e+06 1.52939876e+00
6.48807000e+06 1.51945650e+00
6.49653743e+06 1.45951880e+00
6.49710192e+06 1.45669740e+00
6.49729380e+06 1.45881677e+00
6.49748568e+06 1.46332035e+00
6.50000000e+06 1.53976827e+00
6.50023539e+06 1.54691928e+00
6.50605438e+06 1.72531594e+00
6.50634000e+06 1.73181363e+00
6.51522344e+06 1.80629706e+00
6.51551000e+06 1.80775240e+00
6.52470500e+06 1.77282796e+00
6.53150806e+06 1.75037368e+00
6.53390000e+06 1.74247881e+00
6.54313000e+06 1.64133186e+00
6.55238000e+06 1.53002794e+00
6.56164000e+06 1.49943487e+00
6.57078484e+06 1.37149999e+00
6.57093000e+06 1.37026581e+00
6.58023000e+06 1.35218099e+00
6.58139500e+06 1.33861159e+00
6.58915408e+06 1.23706254e+00
6.58940438e+06 1.23415902e+00
6.58962309e+06 1.23272745e+00
6.58969617e+06 1.23257287e+00
6.59660279e+06 1.24808572e+00
6.59890500e+06 1.25465455e+00
6.60065906e+06 1.27058548e+00
6.60811383e+06 1.34386452e+00
6.60826000e+06 1.34620470e+00
6.60855344e+06 1.35261854e+00
6.61750328e+06 1.58810521e+00
6.61765000e+06 1.59099531e+00
6.62705000e+06 1.70252588e+00
6.63648000e+06 1.88867707e+00
6.64592000e+06 2.11765139e+00
6.65279812e+06 2.24913566e+00
6.65302000e+06 2.25061055e+00
6.65776000e+06 2.15733823e+00
6.66250000e+06 2.22184744e+00
6.66725000e+06 2.29401464e+00
6.67200000e+06 2.31535524e+00
6.68078555e+06 2.26521956e+00
6.68137125e+06 2.26417408e+00
6.68159469e+06 2.26955774e+00
6.68181812e+06 2.28015680e+00
6.68599188e+06 2.54315316e+00
6.68629000e+06 2.55572344e+00
6.68658812e+06 2.55908312e+00
6.69076188e+06 2.55732648e+00
6.69106000e+06 2.55888352e+00
6.69584500e+06 2.66557570e+00
6.70063000e+06 2.68208028e+00
6.70542000e+06 2.54982613e+00
6.71021000e+06 2.45654904e+00
6.71501000e+06 2.40038032e+00
6.71981000e+06 2.27378474e+00
6.72462000e+06 2.29451582e+00
6.72944000e+06 2.24459306e+00
6.73425000e+06 2.18966595e+00
6.73908000e+06 2.17677935e+00
6.74391000e+06 2.26787520e+00
6.74995000e+06 2.18881776e+00
6.75722000e+06 2.12397917e+00
6.76450000e+06 2.13338545e+00
6.77178000e+06 2.21721214e+00
6.77909000e+06 2.26061755e+00
6.78640500e+06 2.18038822e+00
6.79372000e+06 2.06020272e+00
6.80106000e+06 2.00621464e+00
6.80840000e+06 1.91369858e+00
6.81484000e+06 1.81489478e+00
6.81576000e+06 1.80490158e+00
6.81945000e+06 1.86208853e+00
6.82314000e+06 1.92226665e+00
6.83052000e+06 1.95248650e+00
6.83410438e+06 1.87660220e+00
6.83780438e+06 1.79608459e+00
6.83792000e+06 1.79491090e+00
6.84533000e+06 1.81212894e+00
6.85274000e+06 1.89588196e+00
6.86018000e+06 2.08600406e+00
6.86762000e+06 2.14743749e+00
6.87508000e+06 1.99856986e+00
6.88254000e+06 1.95045252e+00
6.89003000e+06 1.99600437e+00
6.89752000e+06 2.02679689e+00
6.90503000e+06 1.91259561e+00
6.91254000e+06 1.85305126e+00
6.92007000e+06 1.76895342e+00
6.92761000e+06 1.69973542e+00
6.93505188e+06 1.58932843e+00
6.93517000e+06 1.58875949e+00
6.93561355e+06 1.59096586e+00
6.94250344e+06 1.66373033e+00
6.94274000e+06 1.66495883e+00
6.95020156e+06 1.61183162e+00
6.95042399e+06 1.61429735e+00
6.95079469e+06 1.62404143e+00
6.95791500e+06 1.85443531e+00
6.96551000e+06 2.02585243e+00
6.97313000e+06 2.14461233e+00
6.98076500e+06 2.06146539e+00
6.98840000e+06 1.92197435e+00
6.99606000e+06 1.84727668e+00
7.00000000e+06 1.83659936e+00
7.00372000e+06 1.82645873e+00
7.01141000e+06 1.91410545e+00
7.01910000e+06 2.09803071e+00
7.02680000e+06 2.16948512e+00
7.03452000e+06 2.17053641e+00
7.04225000e+06 2.24028415e+00
7.05000000e+06 2.19053700e+00
7.05775000e+06 2.16010636e+00
7.06682000e+06 2.23215435e+00
7.07720000e+06 2.21301578e+00
7.08760000e+06 1.91546171e+00
7.09803000e+06 1.69657620e+00
7.10848000e+06 1.53773276e+00
7.11896000e+06 1.46917427e+00
7.12947000e+06 1.48426248e+00
7.13998000e+06 1.53431466e+00
7.15052000e+06 1.63080578e+00
7.16109000e+06 1.82274350e+00
7.17168000e+06 1.97688810e+00
7.18230000e+06 2.04073741e+00
7.19293000e+06 2.06547357e+00
7.20360000e+06 2.07862808e+00
7.21428000e+06 2.16447141e+00
7.22499000e+06 2.21902443e+00
7.23573000e+06 2.06204030e+00
7.24514000e+06 2.11590617e+00
7.25322000e+06 2.17233012e+00
7.26132000e+06 2.12055921e+00
7.26943000e+06 2.17597597e+00
7.27755000e+06 2.16526871e+00
7.28569000e+06 2.20966132e+00
7.29384000e+06 2.21304279e+00
7.30193819e+06 2.19695070e+00
7.30277594e+06 2.18464019e+00
7.30966938e+06 2.06307189e+00
7.31018000e+06 2.05771470e+00
7.31428000e+06 2.12849144e+00
7.31838000e+06 2.20469829e+00
7.32658000e+06 2.33468728e+00
7.33480000e+06 2.40104711e+00
7.34303000e+06 2.23067113e+00
7.35128000e+06 2.24800255e+00
7.35954500e+06 2.19141447e+00
7.36781000e+06 2.15938910e+00
7.37611000e+06 2.24986923e+00
7.38441000e+06 2.30442359e+00
7.39273000e+06 2.27820662e+00
7.40105000e+06 2.13911152e+00
7.40940000e+06 2.07234332e+00
7.41776500e+06 2.09260776e+00
7.42613000e+06 2.15717656e+00
7.43452000e+06 2.27630257e+00
7.44292000e+06 2.34853897e+00
7.45152562e+06 2.26901037e+00
7.46259000e+06 2.11528999e+00
7.47668000e+06 1.94476726e+00
7.49081000e+06 1.91823952e+00
7.50000000e+06 1.96410842e+00
7.50498000e+06 1.98891540e+00
7.51919000e+06 1.93043759e+00
7.53345000e+06 2.03688000e+00
7.54774000e+06 1.98188748e+00
7.55554400e+06 2.00162094e+00
7.56208000e+06 2.01814809e+00
7.57645000e+06 1.97659963e+00
7.59087000e+06 2.04155380e+00
7.60535000e+06 2.03228964e+00
7.61983000e+06 1.95981035e+00
7.63346125e+06 1.81450406e+00
7.63437000e+06 1.80858389e+00
7.63802125e+06 1.86644619e+00
7.64897500e+06 2.05328444e+00
7.66358000e+06 2.24969101e+00
7.67827000e+06 2.12445972e+00
7.69296000e+06 1.96746784e+00
7.70771000e+06 1.95045775e+00
7.72252500e+06 2.15501498e+00
7.73734000e+06 2.31716699e+00
7.75224500e+06 2.19085382e+00
7.76715000e+06 2.17582780e+00
7.78211000e+06 2.13892068e+00
7.79712000e+06 2.21796664e+00
7.81218000e+06 2.10470835e+00
7.83484000e+06 2.02788457e+00
7.86491594e+06 2.09373626e+00
7.88390400e+06 2.16581778e+00
7.92650000e+06 2.32751858e+00
7.93449100e+06 2.29331652e+00
7.94999600e+06 2.22695401e+00
7.95710750e+06 2.19651628e+00
7.96002250e+06 2.19056020e+00
8.00000000e+06 2.13869119e+00
8.01978000e+06 2.11291553e+00
8.02255800e+06 2.09546109e+00
8.03985800e+06 1.98676355e+00
8.05124000e+06 1.91524938e+00
8.08288000e+06 1.75944908e+00
8.11472000e+06 1.74664025e+00
8.14674000e+06 1.80622083e+00
8.17895000e+06 1.76507457e+00
8.21145500e+06 1.95415851e+00
8.22862700e+06 1.99410254e+00
8.24396000e+06 2.02976884e+00
8.25588500e+06 2.00900378e+00
8.27685500e+06 1.97248861e+00
8.29196500e+06 1.95212993e+00
8.30975000e+06 1.92816743e+00
8.34304000e+06 1.99140605e+00
8.35649000e+06 2.03278658e+00
8.35752400e+06 2.03596780e+00
8.37633000e+06 2.09383683e+00
8.40993000e+06 2.11710845e+00
8.44372000e+06 1.95310841e+00
8.47773000e+06 2.00297762e+00
8.50000000e+06 1.97904722e+00
8.51193000e+06 1.96620640e+00
8.54645500e+06 2.00679932e+00
8.58098000e+06 2.01162574e+00
8.61582000e+06 2.03255980e+00
8.65087000e+06 1.94681750e+00
8.68614000e+06 1.99439059e+00
8.72173500e+06 1.79616047e+00
8.75051400e+06 1.70615039e+00
8.75733000e+06 1.68483256e+00
8.78585566e+06 1.68393297e+00
8.79325000e+06 1.68369981e+00
8.82951000e+06 1.76345814e+00
8.86577000e+06 1.90131349e+00
8.90237000e+06 1.99020536e+00
8.93919000e+06 2.01497477e+00
8.97625000e+06 2.08958512e+00
9.00000000e+06 2.13968654e+00
9.01354000e+06 2.16828116e+00
9.05118000e+06 2.12971018e+00
9.07350900e+06 2.03241112e+00
9.08882000e+06 1.96569313e+00
9.12681000e+06 1.88430773e+00
9.16505000e+06 1.81292615e+00
9.19641000e+06 1.81442283e+00
9.20353000e+06 1.81476264e+00
9.24225000e+06 1.59493676e+00
9.27645375e+06 1.67833632e+00
9.28134000e+06 1.69099635e+00
9.32043000e+06 1.96063411e+00
9.32571000e+06 1.96165795e+00
9.32674300e+06 1.96185826e+00
9.35001000e+06 1.96637484e+00
9.36918156e+06 1.74040606e+00
9.36980000e+06 1.73501201e+00
9.38469500e+06 1.79897605e+00
9.38966000e+06 1.82223714e+00
9.40959000e+06 2.00275108e+00
9.42957000e+06 2.05150998e+00
9.45268969e+06 2.03349558e+00
9.46039625e+06 2.02572701e+00
9.50000000e+06 1.88092351e+00
9.50003000e+06 1.88081392e+00
9.54065000e+06 1.95478325e+00
9.58153000e+06 1.83737446e+00
9.62268000e+06 1.73229621e+00
9.66409000e+06 1.68888228e+00
9.70591000e+06 1.71154445e+00
9.74773000e+06 1.77902186e+00
9.78996000e+06 1.86560006e+00
9.83246000e+06 1.87207155e+00
9.87525000e+06 1.85713336e+00
9.93995000e+06 1.93250336e+00
1.00000000e+07 1.92403539e+00
1.01157000e+07 1.90561668e+00
1.01410820e+07 1.90793303e+00
1.02053000e+07 1.91379352e+00
1.02841544e+07 1.84639173e+00
1.02961000e+07 1.83618109e+00
1.03881000e+07 1.93280837e+00
1.04292453e+07 1.82291897e+00
1.04814000e+07 1.68362619e+00
1.05760000e+07 1.78932353e+00
1.05763832e+07 1.78885796e+00
1.06718000e+07 1.67293060e+00
1.07255969e+07 1.76476031e+00
1.07690000e+07 1.83884801e+00
1.08675000e+07 1.87424595e+00
1.08769158e+07 1.87282904e+00
1.09670000e+07 1.85927299e+00
1.09674000e+07 1.85921319e+00
1.10000000e+07 1.83826996e+00
1.10020000e+07 1.83697856e+00
1.10686000e+07 1.79419445e+00
1.11551902e+07 1.68847250e+00
1.11713000e+07 1.66880331e+00
1.12419028e+07 1.71561301e+00
1.12754000e+07 1.73782172e+00
1.13810000e+07 1.81619090e+00
1.14005058e+07 1.82298931e+00
1.14268146e+07 1.83215880e+00
1.14881000e+07 1.85351883e+00
1.15674917e+07 1.85711460e+00
1.15967000e+07 1.85843751e+00
1.17069000e+07 1.80314714e+00
1.17306882e+07 1.80127653e+00
1.17817613e+07 1.79726035e+00
1.18187000e+07 1.79435568e+00
1.19321000e+07 1.81325417e+00
1.19479808e+07 1.81659182e+00
1.20000000e+07 1.82752462e+00
1.20471000e+07 1.83742359e+00
1.21638000e+07 1.90003299e+00
1.21692984e+07 1.89942324e+00
1.22823000e+07 1.88689174e+00
1.23409853e+07 1.89877977e+00
1.24024000e+07 1.91122069e+00
1.24899960e+07 1.78530424e+00
1.25244000e+07 1.73584959e+00
1.26482000e+07 1.93346886e+00
1.26662074e+07 1.93585880e+00
1.27738000e+07 1.95013849e+00
1.28449048e+07 1.93181015e+00
1.29014000e+07 1.91724763e+00
1.30000000e+07 1.95033192e+00
1.30308000e+07 1.96066672e+00
1.30603524e+07 1.94112346e+00
1.31171872e+07 1.90353820e+00
1.31623000e+07 1.87370490e+00
1.32244199e+07 1.83552942e+00
1.32957000e+07 1.79172483e+00
1.33189674e+07 1.81223642e+00
1.34022508e+07 1.88565580e+00
1.34313000e+07 1.91126449e+00
1.34755509e+07 1.87782555e+00
1.35400172e+07 1.82911060e+00
1.35689000e+07 1.80728498e+00
1.36535763e+07 1.78080325e+00
1.37086000e+07 1.76359528e+00
1.37393702e+07 1.80649406e+00
1.38040692e+07 1.89669544e+00
1.38506000e+07 1.96156738e+00
1.39016894e+07 1.88717110e+00
1.39625700e+07 1.79851715e+00
1.39630000e+07 1.79789099e+00
1.39947000e+07 1.75172636e+00
1.40000000e+07 1.75455241e+00
1.41412000e+07 1.82986839e+00
1.41975148e+07 1.83853805e+00
1.42899000e+07 1.85276076e+00
1.43978162e+07 1.87559528e+00
1.44411000e+07 1.88475392e+00
1.45000000e+07 1.82276754e+00
1.45947000e+07 1.72310429e+00
1.46009434e+07 1.72322714e+00
1.47507000e+07 1.72617385e+00
1.48069365e+07 1.75905441e+00
1.49094000e+07 1.81896316e+00
1.49666296e+07 1.77356295e+00
1.50705000e+07 1.69116254e+00
1.51777818e+07 1.77851289e+00
1.52344000e+07 1.82461229e+00
1.53919129e+07 1.80049808e+00
1.54009000e+07 1.79912222e+00
1.55703000e+07 1.72979108e+00
1.56090651e+07 1.72998245e+00
1.57424000e+07 1.73064069e+00
1.58292809e+07 1.79032612e+00
1.59175000e+07 1.85093082e+00
1.60000000e+07 1.85586641e+00
1.60898636e+07 1.86123959e+00
1.60955000e+07 1.86157663e+00
1.61745690e+07 1.84852936e+00
1.62543853e+07 1.83535916e+00
1.62765000e+07 1.83171020e+00
1.63295708e+07 1.81477249e+00
1.64003729e+07 1.79217605e+00
1.64606000e+07 1.77295490e+00
1.64670288e+07 1.77929946e+00
1.65297646e+07 1.84121371e+00
1.65887966e+07 1.89947277e+00
1.66443304e+07 1.95427978e+00
1.66479000e+07 1.95780264e+00
1.66965623e+07 1.93202102e+00
1.67949392e+07 1.87990072e+00
1.68385000e+07 1.85682235e+00
1.68814943e+07 1.86037686e+00
1.69575959e+07 1.86666890e+00
1.70244662e+07 1.87219802e+00
1.70324000e+07 1.87285405e+00
1.70831939e+07 1.86761858e+00
1.71864554e+07 1.85697570e+00
1.72296000e+07 1.85252917e+00
1.72643109e+07 1.85182997e+00
1.73229339e+07 1.85064939e+00
1.74112419e+07 1.84887145e+00
1.74304000e+07 1.84848586e+00
1.75000000e+07 1.82840648e+00
1.75365506e+07 1.81784486e+00
1.75726047e+07 1.80742704e+00
1.76081678e+07 1.79715139e+00
1.76347000e+07 1.78948537e+00
1.76432455e+07 1.79057793e+00
1.76778434e+07 1.79500167e+00
1.77119670e+07 1.79936506e+00
1.77456217e+07 1.80366879e+00
1.77788130e+07 1.80791356e+00
1.78115464e+07 1.81210004e+00
1.78426000e+07 1.81607196e+00
1.78438271e+07 1.81658320e+00
1.78756606e+07 1.82984606e+00
1.79070521e+07 1.84292508e+00
1.79690155e+07 1.86874236e+00
1.80292469e+07 1.89383908e+00
1.80543000e+07 1.90427843e+00
1.80877886e+07 1.89512120e+00
1.81446822e+07 1.87956503e+00
1.81999684e+07 1.86444927e+00
1.82536877e+07 1.84976287e+00
1.82698000e+07 1.84535816e+00
1.83058794e+07 1.83793278e+00
1.83565824e+07 1.82749859e+00
1.84058348e+07 1.81736372e+00
1.84536741e+07 1.80752041e+00
1.84892000e+07 1.80021126e+00
1.85001371e+07 1.80710287e+00
1.85452596e+07 1.83553601e+00
1.85890769e+07 1.86314743e+00
1.86316237e+07 1.88995885e+00
1.86729338e+07 1.91599157e+00
1.87127000e+07 1.94105195e+00
1.87130403e+07 1.94099358e+00
1.87519756e+07 1.93431669e+00
1.87897714e+07 1.92783574e+00
1.88264588e+07 1.92154540e+00
1.88620679e+07 1.91544042e+00
1.88966286e+07 1.90951568e+00
1.89301695e+07 1.90376619e+00
1.89403000e+07 1.90202986e+00
1.89953247e+07 1.88817312e+00
1.90566113e+07 1.87274105e+00
1.91142471e+07 1.85822971e+00
1.91684389e+07 1.84458677e+00
1.91720000e+07 1.84369035e+00
1.92193833e+07 1.84160203e+00
1.92672667e+07 1.83949273e+00
1.93122656e+07 1.83751144e+00
1.93545476e+07 1.83565063e+00
1.93942710e+07 1.83390317e+00
1.94081000e+07 1.83329508e+00
1.94315858e+07 1.83380948e+00
1.94666335e+07 1.83457774e+00
1.95325186e+07 1.83602357e+00
1.95903509e+07 1.83729446e+00
1.96410946e+07 1.83841097e+00
1.96487000e+07 1.83857850e+00
1.96856032e+07 1.84177305e+00
1.97246309e+07 1.84515237e+00
1.97931157e+07 1.85108426e+00
1.98446352e+07 1.85554837e+00
1.98833629e+07 1.85890503e+00
1.99259078e+07 1.86259371e+00
1.99415962e+07 1.86395390e+00
2.00000000e+07 1.86901950e+00
2.00000100e+07 1.92661000e+00
2.02821741e+07 1.93376738e+00
2.05683191e+07 1.94102574e+00
2.08585011e+07 1.94838649e+00
2.09617300e+07 1.95100500e+00
2.10000000e+07 1.95174000e+00
2.11527770e+07 1.95430754e+00
2.12962722e+07 1.95671908e+00
2.14512046e+07 1.95932284e+00
2.15967243e+07 1.96176841e+00
2.17538425e+07 1.96440890e+00
2.17538425e+07 1.96440890e+00
2.19014152e+07 1.96688897e+00
2.19715000e+07 1.96806680e+00
2.20000000e+07 1.96849000e+00
2.20607500e+07 1.96937379e+00
2.23103804e+07 1.97300538e+00
2.23719875e+07 1.97390164e+00
2.24685900e+07 1.97530700e+00
2.25004200e+07 1.97576150e+00
2.26876160e+07 1.97838042e+00
2.26876160e+07 1.97838042e+00
2.28178604e+07 1.98020257e+00
2.29329000e+07 1.98181200e+00
2.30000000e+07 1.98273130e+00
2.30076974e+07 1.98283471e+00
2.33219700e+07 1.98705680e+00
2.33322946e+07 1.98718857e+00
2.36510010e+07 1.99125598e+00
2.36614713e+07 1.99138960e+00
2.39846741e+07 1.99551440e+00
2.39952920e+07 1.99564991e+00
2.40000000e+07 1.99571000e+00
2.43338224e+07 1.99943623e+00
2.43385968e+07 1.99948952e+00
2.46771289e+07 2.00326831e+00
2.46771289e+07 2.00326831e+00
2.46819706e+07 2.00332236e+00
2.50000000e+07 2.00687230e+00
2.50252787e+07 2.00709317e+00
2.53527050e+07 2.00995406e+00
2.53783404e+07 2.01017805e+00
2.57103860e+07 2.01307929e+00
2.57363831e+07 2.01330644e+00
2.60000000e+07 2.01560980e+00
2.60994771e+07 2.01631984e+00
2.61685400e+07 2.01681280e+00
2.64676937e+07 2.01847253e+00
2.64676938e+07 2.01847253e+00
2.65377310e+07 2.01886110e+00
2.68411053e+07 2.02054424e+00
2.69121306e+07 2.02093830e+00
2.70000000e+07 2.02142580e+00
2.72197849e+07 2.02223562e+00
2.73809214e+07 2.02282934e+00
2.76038071e+07 2.02365058e+00
2.77672169e+07 2.02425269e+00
2.78766500e+07 2.02465590e+00
2.79932471e+07 2.02500971e+00
2.79932471e+07 2.02500971e+00
2.80000000e+07 2.02503020e+00
2.83881815e+07 2.02586945e+00
2.83950296e+07 2.02588425e+00
2.87886876e+07 2.02673534e+00
2.87956324e+07 2.02675036e+00
2.90000000e+07 2.02719220e+00
2.91948442e+07 2.02738266e+00
2.94091378e+07 2.02759214e+00
2.96067309e+07 2.02778528e+00
2.98240478e+07 2.02799771e+00
3.00000000e+07 2.02816970e+00
3.00244286e+07 2.02818389e+00
3.00459800e+07 2.02819640e+00
3.04480192e+07 2.02818077e+00
3.04698747e+07 2.02817992e+00
3.08775859e+07 2.02816406e+00
3.08775859e+07 2.02816406e+00
3.08997498e+07 2.02816320e+00
3.10000000e+07 2.02815930e+00
3.13132131e+07 2.02782050e+00
3.14373542e+07 2.02768621e+00
3.17549862e+07 2.02734263e+00
3.18808787e+07 2.02720645e+00
3.19668100e+07 2.02711350e+00
3.20000000e+07 2.02705980e+00
3.22029919e+07 2.02670278e+00
3.23854400e+07 2.02638190e+00
3.26573181e+07 2.02582278e+00
3.26813800e+07 2.02577330e+00
3.30000000e+07 2.02503630e+00
3.31180541e+07 2.02473188e+00
3.33622400e+07 2.02410220e+00
3.35852902e+07 2.02344567e+00
3.38329211e+07 2.02271678e+00
3.40000000e+07 2.02222500e+00
3.40591182e+07 2.02203076e+00
3.43813200e+07 2.02097210e+00
3.45396311e+07 2.02040350e+00
3.45396311e+07 2.02040350e+00
3.48663785e+07 2.01922992e+00
3.50000000e+07 2.01875000e+00
3.50269231e+07 2.01863545e+00
3.54546600e+07 2.01681550e+00
3.55210899e+07 2.01646610e+00
3.59548614e+07 2.01418461e+00
3.60000000e+07 2.01394720e+00
3.60222286e+07 2.01381061e+00
3.64305300e+07 2.01130160e+00
3.65304374e+07 2.01060653e+00
3.69444992e+07 2.00772582e+00
3.70000000e+07 2.00733970e+00
3.70458161e+07 2.00699664e+00
3.71443700e+07 2.00625870e+00
3.73609200e+07 2.00458180e+00
3.74825800e+07 2.00361230e+00
3.75684659e+07 2.00289357e+00
3.80000000e+07 1.99928230e+00
3.80984893e+07 1.99840587e+00
3.84033600e+07 1.99569290e+00
3.86359904e+07 1.99350528e+00
3.89451623e+07 1.99059788e+00
3.90000000e+07 1.99008220e+00
3.91810747e+07 1.98828032e+00
3.95502198e+07 1.98460694e+00
3.96698900e+07 1.98341610e+00
3.97338491e+07 1.98276125e+00
3.97708800e+07 1.98238210e+00
4.00000000e+07 1.98001000e+00
4.02820200e+07 1.97703080e+00
4.02944222e+07 1.97689435e+00
4.08503268e+07 1.97077814e+00
4.08629040e+07 1.97063976e+00
4.10000000e+07 1.96913140e+00
4.14394060e+07 1.96400603e+00
4.14394060e+07 1.96400603e+00
4.15784362e+07 1.96238434e+00
4.20000000e+07 1.95746710e+00
4.20240414e+07 1.95717171e+00
4.25925444e+07 1.95018663e+00
4.26169250e+07 1.94988707e+00
4.26169250e+07 1.94988707e+00
4.30000000e+07 1.94518030e+00
4.32181731e+07 1.94239421e+00
4.36066526e+07 1.93743328e+00
4.38279038e+07 1.93460788e+00
4.40000000e+07 1.93241020e+00
4.41843700e+07 1.93001350e+00
4.44462366e+07 1.92658369e+00
4.45649600e+07 1.92502870e+00
4.50000000e+07 1.91928000e+00
4.50732930e+07 1.91829690e+00
4.56348690e+07 1.91076434e+00
4.57091960e+07 1.90976738e+00
4.57091960e+07 1.90976738e+00
4.57587200e+07 1.90910310e+00
4.60000000e+07 1.90581990e+00
4.61461300e+07 1.90382190e+00
4.61986400e+07 1.90310180e+00
4.63540705e+07 1.90094862e+00
4.68504196e+07 1.89407271e+00
4.68551200e+07 1.89400760e+00
4.69627200e+07 1.89250140e+00
4.70000000e+07 1.89197820e+00
4.70080430e+07 1.89186508e+00
4.71333800e+07 1.89010230e+00
4.76712419e+07 1.88243177e+00
4.76712419e+07 1.88243177e+00
4.77983471e+07 1.88061910e+00
4.80000000e+07 1.87774330e+00
4.81790200e+07 1.87515300e+00
4.83332400e+07 1.87291090e+00
4.83437973e+07 1.87275573e+00
4.90000000e+07 1.86311080e+00
4.90258412e+07 1.86272239e+00
4.96913018e+07 1.85271998e+00
4.97175076e+07 1.85232609e+00
5.00000000e+07 1.84808000e+00
5.04189321e+07 1.84160955e+00
5.04189322e+07 1.84160955e+00
5.07054100e+07 1.83718487e+00
5.10000000e+07 1.83263490e+00
5.11302525e+07 1.83058590e+00
5.12423500e+07 1.82882250e+00
5.15285700e+07 1.82428050e+00
5.18516084e+07 1.81909137e+00
5.19678700e+07 1.81722380e+00
5.20000000e+07 1.81670280e+00
5.25831412e+07 1.80708803e+00
5.27336264e+07 1.80460684e+00
5.30000000e+07 1.80021490e+00
5.33249947e+07 1.79465739e+00
5.33249947e+07 1.79465739e+00
5.37477346e+07 1.78742841e+00
5.40000000e+07 1.78311460e+00
5.40773144e+07 1.78174277e+00
5.47618428e+07 1.76959680e+00
5.48402480e+07 1.76820561e+00
5.49676300e+07 1.76594540e+00
5.50000000e+07 1.76536000e+00
5.56139451e+07 1.75427049e+00
5.57759510e+07 1.75134423e+00
5.60000000e+07 1.74729730e+00
5.62113200e+07 1.74348670e+00
5.63985578e+07 1.74011394e+00
5.70000000e+07 1.72928000e+00
5.71078000e+07 1.72733930e+00
5.71942399e+07 1.72578378e+00
5.76366200e+07 1.71782300e+00
5.76378600e+07 1.71780140e+00
5.80000000e+07 1.71128740e+00
5.80011477e+07 1.71126676e+00
5.88182756e+07 1.69657046e+00
5.88194395e+07 1.69654953e+00
5.90000000e+07 1.69330210e+00
5.95312000e+07 1.68374640e+00
5.96492759e+07 1.68162164e+00
5.96948300e+07 1.68080190e+00
6.00000000e+07 1.67531000e+00
6.04908198e+07 1.66653351e+00
6.07239300e+07 1.66236520e+00
6.07558700e+07 1.66179770e+00
6.10000000e+07 1.65747340e+00
6.13442364e+07 1.65144599e+00
6.13442364e+07 1.65144599e+00
6.18606002e+07 1.64240472e+00
6.20000000e+07 1.63996390e+00
6.22096932e+07 1.63636225e+00
6.28747084e+07 1.62494009e+00
6.30000000e+07 1.62278810e+00
6.30873600e+07 1.62131701e+00
6.30873600e+07 1.62131701e+00
6.38888166e+07 1.60782096e+00
6.39774091e+07 1.60632912e+00
6.40000000e+07 1.60594870e+00
6.44253300e+07 1.59888990e+00
6.48800151e+07 1.59142095e+00
6.50000000e+07 1.58945000e+00
6.56810100e+07 1.57847080e+00
6.57953554e+07 1.57665530e+00
6.60000000e+07 1.57340610e+00
6.67236094e+07 1.56204927e+00
6.69311412e+07 1.55879212e+00
6.70000000e+07 1.55771140e+00
6.76649594e+07 1.54730459e+00
6.79452494e+07 1.54291796e+00
6.80000000e+07 1.54206110e+00
6.86195902e+07 1.53222814e+00
6.89593576e+07 1.52683600e+00
6.90000000e+07 1.52619100e+00
6.95876891e+07 1.51659933e+00
6.99734658e+07 1.51030306e+00
7.00000000e+07 1.50987000e+00
7.04397400e+07 1.50252300e+00
7.05694462e+07 1.50033453e+00
7.10000000e+07 1.49307000e+00
7.13196900e+07 1.48764600e+00
7.15343700e+07 1.48399700e+00
7.15650540e+07 1.48347489e+00
7.20000000e+07 1.47607400e+00
7.25747081e+07 1.46632753e+00
7.30000000e+07 1.45911500e+00
7.35986066e+07 1.44910989e+00
7.40000000e+07 1.44240100e+00
7.44233300e+07 1.43544300e+00
7.46369505e+07 1.43198570e+00
7.50000000e+07 1.42611000e+00
7.53135100e+07 1.42110700e+00
7.56899435e+07 1.41517555e+00
7.56899435e+07 1.41517555e+00
7.60000000e+07 1.41029000e+00
7.67577923e+07 1.39856392e+00
7.70000000e+07 1.39481600e+00
7.78407066e+07 1.38202717e+00
7.80000000e+07 1.37960400e+00
7.89388989e+07 1.36549517e+00
7.90000000e+07 1.36457700e+00
8.00000000e+07 1.34967000e+00
8.00525847e+07 1.34887103e+00
8.10000000e+07 1.33447600e+00
8.11819825e+07 1.33164836e+00
8.11819825e+07 1.33164836e+00
8.20000000e+07 1.31893800e+00
8.23273142e+07 1.31387903e+00
8.30000000e+07 1.30348200e+00
8.34888044e+07 1.29615140e+00
8.34888044e+07 1.29615140e+00
8.40000000e+07 1.28848500e+00
8.46666812e+07 1.27901479e+00
8.50000000e+07 1.27428000e+00
8.58611756e+07 1.26290990e+00
8.60000000e+07 1.26107700e+00
8.70000000e+07 1.24858500e+00
8.70725223e+07 1.24770074e+00
8.80000000e+07 1.23639200e+00
8.83009588e+07 1.23270074e+00
8.90000000e+07 1.22412700e+00
8.95467264e+07 1.21720162e+00
9.00000000e+07 1.21146000e+00
9.08100695e+07 1.20104413e+00
9.10000000e+07 1.19860200e+00
9.20000000e+07 1.18598000e+00
9.20912362e+07 1.18485141e+00
9.30000000e+07 1.17361000e+00
9.33904777e+07 1.16888366e+00
9.40000000e+07 1.16150600e+00
9.47080493e+07 1.15313261e+00
9.50000000e+07 1.14968000e+00
9.60000000e+07 1.13809600e+00
9.60442094e+07 1.13759347e+00
9.70000000e+07 1.12672900e+00
9.73992203e+07 1.12228887e+00
9.80000000e+07 1.11560700e+00
9.87733480e+07 1.10721385e+00
9.90000000e+07 1.10475400e+00
1.00000000e+08 1.09419000e+00
1.00166862e+08 1.09249827e+00
1.01410820e+08 1.07988640e+00
1.01580036e+08 1.07817080e+00
1.02000000e+08 1.07391300e+00
1.03013148e+08 1.06413410e+00
1.03439036e+08 1.06002342e+00
1.04000000e+08 1.05460900e+00
1.04466478e+08 1.05029478e+00
1.05467253e+08 1.04103911e+00
1.05940312e+08 1.03666403e+00
1.06000000e+08 1.03611200e+00
1.07434939e+08 1.02332024e+00
1.07495469e+08 1.02278064e+00
1.08000000e+08 1.01828300e+00
1.08950652e+08 1.01006794e+00
1.09523686e+08 1.00511607e+00
1.10000000e+08 1.00100000e+00
1.10487750e+08 9.96908972e-01
1.11551902e+08 9.87983344e-01
1.12000000e+08 9.84224900e-01
1.12046533e+08 9.83847161e-01
1.13580118e+08 9.71398131e-01
1.13627308e+08 9.71015063e-01
1.14000000e+08 9.67989700e-01
1.15230385e+08 9.58331301e-01
1.15608335e+08 9.55364432e-01
1.16000000e+08 9.52289900e-01
1.16856078e+08 9.45795990e-01
1.17636551e+08 9.39875596e-01
1.18000000e+08 9.37118600e-01
1.18504707e+08 9.33421468e-01
1.18504707e+08 9.33421468e-01
1.19664768e+08 9.24923678e-01
1.20000000e+08 9.22468000e-01
1.20176595e+08 9.21227126e-01
1.21692984e+08 9.10571994e-01
1.21872071e+08 9.09313614e-01
1.22000000e+08 9.08414700e-01
1.23591466e+08 8.97722593e-01
1.23591466e+08 8.97722592e-01
1.23721200e+08 8.96850988e-01
1.24000000e+08 8.94977900e-01
1.25335120e+08 8.86361773e-01
1.25749417e+08 8.83688126e-01
1.26000000e+08 8.82071000e-01
1.27103372e+08 8.75200631e-01
1.27777633e+08 8.71002211e-01
1.28000000e+08 8.69617600e-01
1.28896572e+08 8.64207862e-01
1.29805850e+08 8.58721464e-01
1.30000000e+08 8.57550000e-01
1.30715071e+08 8.53393937e-01
1.30715071e+08 8.53393936e-01
1.31834066e+08 8.46890225e-01
1.32000000e+08 8.45925800e-01
1.32559225e+08 8.42818605e-01
1.33862282e+08 8.35578493e-01
1.34000000e+08 8.34813300e-01
1.34429397e+08 8.32528434e-01
1.35890499e+08 8.24753766e-01
1.36000000e+08 8.24171100e-01
1.36325954e+08 8.22507104e-01
1.37918715e+08 8.14376059e-01
1.38000000e+08 8.13961100e-01
1.38249268e+08 8.12738179e-01
1.39946932e+08 8.04409356e-01
1.40000000e+08 8.04149000e-01
1.40199716e+08 8.03217883e-01
1.41975148e+08 7.94940465e-01
1.42000000e+08 7.94824600e-01
1.42177682e+08 7.94044630e-01
1.42177682e+08 7.94044630e-01
1.44000000e+08 7.86045200e-01
1.44183553e+08 7.85282619e-01
1.46000000e+08 7.77736100e-01
1.46217724e+08 7.76875439e-01
1.48000000e+08 7.69830100e-01
1.48280592e+08 7.68769026e-01
1.50000000e+08 7.62267000e-01
