4696
1.00000000e-05 5.40729588e+00
1.10303700e-05 5.14855201e+00
1.21669100e-05 4.90218925e+00
1.34205500e-05 4.66761518e+00
1.48033600e-05 4.44426568e+00
1.63286500e-05 4.23160365e+00
1.80111100e-05 4.02911768e+00
1.98669100e-05 3.83632085e+00
2.19139400e-05 3.65274952e+00
2.41718900e-05 3.47796223e+00
2.66624800e-05 3.31153867e+00
2.94097100e-05 3.15307863e+00
3.24399900e-05 3.00220104e+00
3.57825100e-05 2.85854307e+00
3.94694300e-05 2.72175927e+00
4.35362400e-05 2.59152069e+00
4.80220800e-05 2.46751414e+00
5.29701300e-05 2.34944142e+00
5.84280100e-05 2.23701857e+00
6.44482500e-05 2.12997526e+00
7.10888100e-05 2.02805407e+00
7.84135800e-05 1.93100990e+00
8.64930800e-05 1.83860937e+00
9.54050600e-05 1.75063030e+00
1.05235300e-04 1.66686110e+00
1.16078400e-04 1.58710032e+00
1.28038800e-04 1.51115618e+00
1.41231500e-04 1.43884602e+00
1.55783600e-04 1.36999597e+00
1.71835100e-04 1.30444046e+00
1.89540400e-04 1.24202184e+00
2.09070100e-04 1.18259000e+00
2.30612000e-04 1.12600203e+00
2.54373600e-04 1.07212184e+00
2.80583500e-04 1.02081987e+00
3.09493900e-04 9.71972736e-01
3.41383200e-04 9.25462985e-01
3.76558300e-04 8.81178766e-01
4.15357700e-04 8.39013585e-01
4.58154900e-04 7.98866045e-01
5.05361800e-04 7.60639600e-01
5.57432800e-04 7.24242323e-01
6.14868900e-04 6.89586687e-01
6.78223200e-04 6.56589352e-01
7.48105200e-04 6.25170968e-01
8.25187700e-04 5.95255980e-01
9.10212500e-04 5.66772449e-01
1.00399800e-03 5.39651878e-01
1.10744690e-03 5.13829048e-01
1.22155490e-03 4.89241860e-01
1.34742020e-03 4.65831187e-01
1.48625420e-03 4.43540732e-01
1.63939330e-03 4.22316891e-01
1.80831140e-03 4.02108624e-01
1.99463430e-03 3.82867335e-01
2.20015530e-03 3.64546752e-01
2.42685260e-03 3.47102818e-01
2.67690810e-03 3.30493583e-01
2.95272860e-03 3.14679105e-01
3.25696870e-03 2.99621353e-01
3.59255680e-03 2.85284117e-01
3.96272290e-03 2.71632919e-01
4.37102980e-03 2.58634931e-01
4.82140740e-03 2.46258897e-01
5.31819050e-03 2.34475058e-01
5.86616070e-03 2.23255081e-01
6.47059200e-03 2.12571991e-01
7.13730200e-03 2.02400108e-01
7.87270780e-03 1.92714987e-01
8.68388760e-03 1.83493364e-01
9.57864890e-03 1.74713096e-01
1.05656037e-02 1.66353123e-01
1.16542513e-02 1.58393412e-01
1.28550698e-02 1.50814926e-01
1.41796170e-02 1.43599585e-01
1.56406415e-02 1.36730238e-01
1.72522055e-02 1.30190640e-01
1.90298201e-02 1.23965437e-01
2.09905947e-02 1.18040135e-01
2.31534016e-02 1.12401019e-01
2.52418800e-02 1.07661488e-01
2.53000000e-02 1.07538086e-01
2.79068348e-02 1.02407857e-01
3.07822700e-02 9.75260930e-02
3.39539812e-02 9.28794140e-02
3.74524958e-02 8.84542680e-02
4.13114868e-02 8.42377750e-02
4.55680964e-02 8.02186830e-02
5.02632940e-02 7.63876700e-02
5.54422705e-02 7.27367640e-02
6.11548730e-02 6.92587860e-02
6.74560846e-02 6.59457550e-02
7.44065538e-02 6.27906040e-02
8.20731781e-02 5.97861010e-02
9.05297481e-02 5.69252160e-02
9.98576572e-02 5.42011650e-02
1.10146686e-01 5.16074440e-02
1.21495864e-01 4.91378350e-02
1.34014427e-01 4.67864110e-02
1.47822865e-01 4.45475180e-02
1.63054082e-01 4.24157660e-02
1.79854678e-01 4.03860190e-02
1.98386355e-01 3.84533910e-02
2.18827480e-01 3.66132450e-02
2.41374796e-01 3.48611670e-02
2.66245319e-01 3.31929490e-02
2.93678424e-01 3.16045620e-02
3.23938153e-01 3.00921620e-02
3.57315753e-01 2.86521090e-02
3.94132478e-01 2.72809540e-02
4.34742686e-01 2.59754240e-02
4.79537247e-01 2.47323770e-02
5.28947302e-01 2.35487840e-02
5.83448419e-01 2.24217980e-02
6.43565164e-01 2.13487540e-02
7.09876156e-01 2.03270630e-02
7.83019630e-01 1.93542450e-02
8.63699584e-01 1.84279110e-02
9.52692555e-01 1.75458050e-02
1.05085509e+00 1.67058610e-02
1.15913199e+00 1.59061510e-02
1.27856542e+00 1.51455900e-02
1.42025333e+00 1.43707260e-02
1.57756539e+00 1.36347410e-02
1.75238785e+00 1.29361400e-02
1.94648825e+00 1.22744030e-02
2.17733945e+00 1.16050900e-02
2.41862759e+00 1.10103510e-02
2.68652296e+00 1.04467580e-02
2.98423775e+00 9.91215100e-03
3.29172450e+00 9.43766700e-03
3.63089376e+00 8.98589100e-03
4.00500998e+00 8.55571700e-03
4.41767399e+00 8.14615800e-03
4.87285764e+00 7.75622200e-03
5.37494203e+00 7.38495600e-03
5.92875966e+00 7.03145600e-03
6.53964097e+00 6.69488300e-03
7.21346563e+00 6.37443000e-03
7.95671913e+00 6.06931800e-03
8.77655520e+00 5.77881900e-03
9.68086468e+00 5.50223500e-03
1.06783514e+01 5.23887400e-03
1.17786162e+01 4.98813300e-03
1.29922489e+01 4.74937800e-03
1.43309306e+01 4.52206100e-03
1.58075460e+01 4.30553800e-03
1.74363073e+01 4.09889600e-03
1.90981708e+01 3.91612400e-03
2.09194538e+01 3.74149400e-03
2.29132978e+01 3.57438500e-03
2.52742142e+01 3.40327800e-03
2.78783921e+01 3.24040000e-03
3.07508966e+01 3.08527400e-03
3.39193752e+01 2.93760400e-03
3.74143241e+01 2.79704000e-03
4.12693820e+01 2.66315800e-03
4.55216532e+01 2.53567300e-03
5.02120655e+01 2.41432500e-03
5.53857636e+01 2.29873800e-03
6.10925437e+01 2.18871600e-03
6.73873331e+01 2.08397200e-03
7.43307184e+01 1.98422200e-03
8.19895289e+01 1.88925000e-03
9.04374799e+01 1.79882200e-03
9.97558819e+01 1.71273900e-03
1.10034424e+02 1.63078500e-03
1.21372035e+02 1.55277600e-03
1.33877839e+02 1.47849500e-03
1.47672204e+02 1.40777700e-03
1.62887897e+02 1.34046600e-03
1.79671369e+02 1.27638500e-03
1.98184159e+02 1.21537400e-03
2.18604450e+02 1.15729500e-03
2.41128786e+02 1.10200300e-03
2.65973961e+02 1.04936300e-03
2.93379106e+02 9.99251000e-04
3.23607995e+02 9.51553000e-04
3.56951575e+02 9.06150000e-04
3.93730777e+02 8.62931000e-04
4.34299595e+02 8.21794000e-04
4.79048501e+02 7.82642000e-04
5.28203730e+02 7.45525000e-04
5.82344029e+02 7.10237000e-04
6.41279753e+02 6.77118000e-04
7.12345018e+02 6.42652000e-04
7.80238992e+02 6.14310000e-04
8.60617845e+02 5.85252000e-04
9.48577407e+02 5.57800000e-04
1.04580300e+03 5.31614000e-04
1.15209405e+03 5.06922000e-04
1.27080231e+03 4.83125000e-04
1.40174190e+03 4.60526000e-04
1.54513441e+03 4.39220000e-04
1.70434035e+03 4.18856000e-04
1.87811936e+03 3.99761000e-04
2.07062237e+03 3.81626000e-04
2.28286794e+03 3.64543000e-04
2.51573106e+03 3.48643000e-04
2.77483630e+03 3.33758000e-04
2.99717182e+03 3.23025000e-04
3.25999855e+03 3.12891000e-04
3.47222122e+03 3.06749000e-04
3.67235422e+03 3.03165000e-04
3.77751472e+03 3.02267000e-04
3.91827900e+03 3.03205000e-04
4.02165333e+03 3.05868000e-04
4.11332877e+03 3.10199000e-04
4.17136043e+03 3.14529000e-04
4.23021082e+03 3.20350000e-04
4.28989148e+03 3.28252000e-04
4.34634651e+03 3.38472000e-04
4.38610048e+03 3.47858000e-04
4.41591596e+03 3.56403000e-04
4.45118395e+03 3.68724000e-04
4.48196595e+03 3.81848000e-04
4.50890021e+03 3.95639000e-04
4.53198671e+03 4.09668000e-04
4.55716139e+03 4.27773000e-04
4.57440874e+03 4.42333000e-04
4.59165609e+03 4.58845000e-04
4.60730354e+03 4.75968000e-04
4.62295099e+03 4.95457000e-04
4.63859844e+03 5.17766000e-04
4.65424589e+03 5.43357000e-04
4.66578033e+03 5.64757000e-04
4.67731477e+03 5.88794000e-04
4.68884921e+03 6.15806000e-04
4.70038365e+03 6.46286000e-04
4.71191809e+03 6.80826000e-04
4.72345253e+03 7.20059000e-04
4.73400459e+03 7.60949000e-04
4.74455665e+03 8.07638000e-04
4.75332790e+03 8.51497000e-04
4.76209915e+03 9.00543000e-04
4.77050096e+03 9.53729000e-04
4.77816389e+03 1.00812400e-03
4.78582681e+03 1.06932800e-03
4.79445020e+03 1.14686200e-03
4.80051928e+03 1.20812300e-03
4.80658837e+03 1.27646900e-03
4.81265745e+03 1.35244600e-03
4.81803548e+03 1.42705000e-03
4.82341351e+03 1.50950100e-03
4.82879154e+03 1.60094100e-03
4.83416957e+03 1.70268600e-03
4.83843905e+03 1.79179700e-03
4.84270854e+03 1.88916000e-03
4.84697802e+03 1.99573700e-03
4.85124750e+03 2.11345300e-03
4.85551698e+03 2.24384800e-03
4.85994932e+03 2.39431800e-03
4.86446310e+03 2.56566100e-03
4.86897688e+03 2.75818000e-03
4.87198607e+03 2.90005200e-03
4.87499525e+03 3.05435800e-03
4.87800444e+03 3.22264700e-03
4.88101363e+03 3.40657700e-03
4.88463185e+03 3.65158600e-03
4.88825007e+03 3.92587000e-03
4.89066222e+03 4.12706100e-03
4.89307436e+03 4.34534700e-03
4.89548651e+03 4.58312600e-03
4.89789866e+03 4.84269200e-03
4.90031080e+03 5.12653900e-03
4.90321089e+03 5.50426300e-03
4.90611097e+03 5.92765400e-03
4.90804436e+03 6.23870900e-03
4.90997775e+03 6.57584900e-03
4.91191114e+03 6.94249600e-03
4.91384453e+03 7.34257700e-03
4.91577792e+03 7.78032100e-03
4.91809234e+03 8.36048200e-03
4.92040677e+03 9.01069500e-03
4.92194972e+03 9.48856800e-03
4.92349267e+03 1.00067210e-02
4.92503562e+03 1.05701620e-02
4.92657857e+03 1.11846660e-02
4.92812151e+03 1.18567420e-02
4.92944364e+03 1.24840390e-02
4.93076577e+03 1.31644710e-02
4.93208790e+03 1.39043240e-02
4.93341002e+03 1.47108690e-02
4.93473215e+03 1.55925150e-02
4.93605428e+03 1.65590000e-02
4.93737640e+03 1.76217140e-02
4.93869853e+03 1.87941250e-02
4.93975026e+03 1.98157180e-02
4.94080199e+03 2.09264420e-02
4.94185371e+03 2.21374490e-02
4.94290544e+03 2.34617510e-02
4.94395717e+03 2.49146020e-02
4.94500890e+03 2.65140190e-02
4.94606063e+03 2.82815010e-02
4.94711235e+03 3.02430280e-02
4.94792834e+03 3.19186070e-02
4.94874432e+03 3.37480410e-02
4.94956031e+03 3.57530140e-02
4.95037629e+03 3.79600320e-02
4.95119228e+03 4.04021620e-02
4.95200826e+03 4.31215980e-02
4.95262025e+03 4.53757450e-02
4.95323224e+03 4.78464750e-02
4.95393917e+03 5.10200780e-02
4.95453705e+03 5.40250240e-02
4.95513492e+03 5.73873890e-02
4.95558333e+03 6.01898980e-02
4.95603174e+03 6.32782010e-02
4.95648015e+03 6.67027030e-02
4.95692856e+03 7.05248650e-02
4.95737697e+03 7.48197110e-02
4.95782537e+03 7.96786560e-02
4.95827378e+03 8.52128760e-02
4.95861535e+03 8.99639530e-02
4.95899956e+03 9.59570470e-02
4.95928772e+03 1.00969607e-01
4.95957587e+03 1.06487902e-01
4.95986403e+03 1.12575107e-01
4.96015218e+03 1.19301980e-01
4.96044034e+03 1.26747585e-01
4.96072849e+03 1.35000065e-01
4.96101665e+03 1.44157459e-01
4.96130480e+03 1.54328360e-01
4.96149690e+03 1.61730929e-01
4.96174531e+03 1.72112884e-01
4.96199371e+03 1.83491640e-01
4.96224211e+03 1.95964647e-01
4.96249052e+03 2.09637219e-01
4.96273892e+03 2.24622938e-01
4.96298732e+03 2.41043995e-01
4.96323573e+03 2.59031500e-01
4.96348413e+03 2.78725762e-01
4.96369807e+03 2.97170234e-01
4.96391202e+03 3.17093055e-01
4.96412596e+03 3.38600926e-01
4.96433990e+03 3.61805911e-01
4.96455385e+03 3.86825432e-01
4.96476779e+03 4.13782225e-01
4.96498174e+03 4.42804258e-01
4.96519568e+03 4.74024452e-01
4.96544583e+03 5.13501555e-01
4.96569598e+03 5.56401623e-01
4.96594614e+03 6.02961571e-01
4.96619629e+03 6.53425734e-01
4.96644644e+03 7.08044954e-01
4.96670421e+03 7.68944907e-01
4.96696579e+03 8.35825986e-01
4.96722736e+03 9.08125125e-01
4.96748894e+03 9.86144874e-01
4.96775052e+03 1.07018584e+00
4.96800890e+03 1.15940124e+00
4.96826088e+03 1.25261353e+00
4.96851286e+03 1.35221001e+00
4.96876483e+03 1.45843208e+00
4.96901681e+03 1.57150912e+00
4.96935727e+03 1.73555624e+00
4.96962272e+03 1.87271349e+00
4.96997665e+03 2.06855753e+00
4.97033058e+03 2.27954266e+00
4.97068451e+03 2.50590442e+00
4.97101443e+03 2.73084280e+00
4.97134435e+03 2.96918359e+00
4.97167427e+03 3.22075617e+00
4.97211142e+03 3.57392446e+00
4.97264757e+03 4.03632989e+00
4.97307650e+03 4.42752402e+00
4.97371988e+03 5.04475134e+00
4.97466387e+03 5.99832119e+00
4.97617425e+03 7.55207511e+00
4.97702132e+03 8.37568271e+00
4.97758267e+03 8.87845667e+00
4.97814402e+03 9.33393730e+00
4.97870537e+03 9.73164918e+00
4.97926673e+03 1.00621164e+01
4.97982808e+03 1.03172469e+01
4.98024909e+03 1.04552446e+01
4.98067010e+03 1.05452674e+01
4.98109112e+03 1.05860234e+01
4.98123146e+03 1.05885389e+01
4.98170324e+03 1.05563602e+01
4.98217503e+03 1.04621524e+01
4.98264682e+03 1.03076298e+01
4.98311861e+03 1.00955755e+01
4.98359039e+03 9.82975444e+00
4.98406218e+03 9.51480349e+00
4.98469123e+03 9.02781483e+00
4.98532028e+03 8.47735878e+00
4.98594933e+03 7.87882957e+00
4.98682148e+03 6.99896237e+00
4.98835492e+03 5.42348698e+00
4.98892027e+03 4.86464859e+00
4.98955919e+03 4.26232641e+00
4.99009162e+03 3.78980105e+00
4.99057831e+03 3.38452585e+00
4.99095852e+03 3.08693799e+00
4.99133873e+03 2.80669855e+00
4.99171894e+03 2.54414904e+00
4.99203543e+03 2.33917404e+00
4.99235193e+03 2.14648912e+00
4.99266842e+03 1.96595385e+00
4.99298491e+03 1.79734899e+00
4.99332345e+03 1.62987439e+00
4.99357735e+03 1.51274851e+00
4.99383126e+03 1.40266114e+00
4.99408516e+03 1.29938714e+00
4.99433906e+03 1.20268524e+00
4.99457571e+03 1.11824951e+00
4.99481236e+03 1.03909171e+00
4.99504900e+03 9.64995156e-01
4.99528565e+03 8.95739126e-01
4.99552230e+03 8.31101162e-01
4.99577291e+03 7.67438338e-01
4.99603050e+03 7.06862948e-01
4.99628808e+03 6.50935386e-01
4.99654567e+03 5.99377389e-01
4.99680326e+03 5.51917696e-01
4.99707732e+03 5.05626766e-01
4.99728198e+03 4.73703403e-01
4.99748664e+03 4.43904571e-01
4.99769131e+03 4.16110292e-01
4.99789597e+03 3.90204810e-01
4.99810063e+03 3.66076232e-01
4.99830530e+03 3.43617491e-01
4.99850996e+03 3.22725474e-01
4.99873727e+03 3.01239295e-01
4.99898721e+03 2.79550841e-01
4.99923716e+03 2.59736146e-01
4.99948710e+03 2.41643540e-01
4.99973705e+03 2.25131020e-01
4.99998699e+03 2.10065867e-01
5.00023694e+03 1.96324601e-01
5.00048688e+03 1.83792302e-01
5.00077917e+03 1.70528102e-01
5.00103015e+03 1.60222733e-01
5.00128113e+03 1.50823085e-01
5.00153211e+03 1.42245703e-01
5.00178309e+03 1.34414143e-01
5.00203407e+03 1.27258305e-01
5.00228504e+03 1.20714165e-01
5.00261968e+03 1.12840018e-01
5.00295432e+03 1.05826009e-01
5.00328896e+03 9.95630480e-02
5.00356936e+03 9.48233630e-02
5.00384976e+03 9.04938860e-02
5.00427037e+03 8.46730860e-02
5.00469097e+03 7.95468800e-02
5.00511157e+03 7.50066890e-02
5.00553218e+03 7.09618410e-02
5.00595278e+03 6.73368170e-02
5.00637338e+03 6.40688510e-02
5.00693419e+03 6.01781550e-02
5.00749499e+03 5.67307490e-02
5.00796552e+03 5.41228640e-02
5.00853589e+03 5.12539460e-02
5.00910627e+03 4.86567010e-02
5.00967665e+03 4.62899160e-02
5.01043715e+03 4.34370980e-02
5.01119765e+03 4.08761980e-02
5.01195815e+03 3.85613760e-02
5.01271865e+03 3.64570470e-02
5.01347915e+03 3.45349790e-02
5.01434689e+03 3.25354630e-02
5.01532187e+03 3.05023850e-02
5.01629685e+03 2.86648370e-02
5.01727183e+03 2.69969330e-02
5.01824681e+03 2.54773110e-02
5.01922179e+03 2.40881420e-02
5.02019677e+03 2.28143890e-02
5.02117174e+03 2.16432290e-02
5.02226902e+03 2.04341540e-02
5.02348859e+03 1.92099570e-02
5.02470817e+03 1.80964370e-02
5.02592774e+03 1.70802150e-02
5.02714731e+03 1.61500060e-02
5.02836688e+03 1.52962350e-02
5.02958645e+03 1.45106770e-02
5.03080603e+03 1.37862000e-02
5.03223086e+03 1.30088640e-02
5.03386094e+03 1.22003820e-02
5.03549103e+03 1.14676800e-02
5.03712111e+03 1.08013860e-02
5.03875120e+03 1.01934680e-02
5.04038129e+03 9.63708100e-03
5.04201137e+03 9.12645000e-03
5.04364146e+03 8.65668500e-03
5.04550829e+03 8.16349900e-03
5.04761188e+03 7.65861200e-03
5.04971546e+03 7.20121400e-03
5.05181905e+03 6.78553700e-03
5.05392263e+03 6.40646500e-03
5.05602622e+03 6.05958300e-03
5.05812980e+03 5.74125500e-03
5.06023339e+03 5.44846600e-03
5.06263000e+03 5.14272000e-03
5.06531963e+03 4.83093500e-03
5.06800925e+03 4.54835500e-03
5.07069888e+03 4.29139500e-03
5.07338851e+03 4.05686100e-03
5.07607814e+03 3.84209400e-03
5.07876777e+03 3.64499700e-03
5.08145740e+03 3.46375100e-03
5.08548730e+03 3.21834600e-03
5.08951493e+03 3.00051900e-03
5.09354256e+03 2.80642400e-03
5.09757019e+03 2.63200200e-03
5.10159782e+03 2.47457800e-03
5.10561122e+03 2.33266300e-03
5.10959617e+03 2.20476800e-03
5.11358112e+03 2.08835700e-03
5.11756607e+03 1.98226500e-03
5.12287934e+03 1.85471300e-03
5.12720085e+03 1.76097000e-03
5.13219547e+03 1.66242300e-03
5.13719010e+03 1.57341400e-03
5.14218472e+03 1.49234500e-03
5.14551447e+03 1.44235200e-03
5.15217397e+03 1.35100600e-03
5.15807642e+03 1.27849900e-03
5.16397887e+03 1.21293700e-03
5.16988131e+03 1.15343700e-03
5.17578376e+03 1.09924400e-03
5.18247638e+03 1.04355600e-03
5.18916900e+03 9.93449000e-04
5.19586162e+03 9.47880000e-04
5.20535109e+03 8.89735000e-04
5.21374165e+03 8.43991000e-04
5.22213221e+03 8.03031000e-04
5.23071818e+03 7.65643000e-04
5.23650730e+03 7.42123000e-04
5.24808553e+03 6.99971000e-04
5.26066765e+03 6.59847000e-04
5.27324977e+03 6.24708000e-04
5.28554436e+03 5.94448000e-04
5.29783895e+03 5.67627000e-04
5.31049213e+03 5.43090000e-04
5.32314531e+03 5.21268000e-04
5.33917950e+03 4.96815000e-04
5.35521370e+03 4.75286000e-04
5.37506433e+03 4.52149000e-04
5.39491497e+03 4.32210000e-04
5.41873574e+03 4.11633000e-04
5.43944448e+03 3.96165000e-04
5.46015322e+03 3.82645000e-04
5.48476443e+03 3.68654000e-04
5.51347751e+03 3.54626000e-04
5.54629246e+03 3.41008000e-04
5.58490259e+03 3.27603000e-04
5.62699365e+03 3.15466000e-04
5.66908471e+03 3.05322000e-04
5.71117577e+03 2.96758000e-04
5.77327377e+03 2.86314000e-04
5.84169455e+03 2.76988000e-04
5.92379948e+03 2.68063000e-04
6.00737363e+03 2.60819000e-04
6.12794841e+03 2.52317000e-04
6.25684328e+03 2.45289000e-04
6.40312000e+03 2.38838000e-04
6.63151920e+03 2.31062000e-04
6.95710573e+03 2.22716000e-04
7.25217408e+03 2.16540000e-04
7.67017721e+03 2.09295000e-04
8.17478345e+03 2.02097000e-04
8.82480416e+03 1.94335000e-04
9.66590084e+03 1.86031000e-04
1.07202447e+04 1.77521000e-04
1.17315821e+04 1.70707000e-04
1.25834395e+04 1.65902000e-04
1.33594610e+04 1.62614000e-04
1.38172416e+04 1.61463000e-04
1.40121780e+04 1.61699000e-04
1.42098646e+04 1.62753000e-04
1.43760045e+04 1.64834000e-04
1.44658334e+04 1.66953000e-04
1.45286273e+04 1.69147000e-04
1.45911336e+04 1.72218000e-04
1.46324212e+04 1.74935000e-04
1.46717172e+04 1.78300000e-04
1.47140806e+04 1.83055000e-04
1.47447576e+04 1.87521000e-04
1.47754347e+04 1.93168000e-04
1.47976993e+04 1.98268000e-04
1.48199639e+04 2.04493000e-04
1.48393980e+04 2.11106000e-04
1.48588319e+04 2.19118000e-04
1.48761377e+04 2.27780000e-04
1.48876749e+04 2.34576000e-04
1.48992121e+04 2.42398000e-04
1.49102168e+04 2.50847000e-04
1.49206889e+04 2.60154000e-04
1.49311611e+04 2.70919000e-04
1.49416333e+04 2.83427000e-04
1.49517747e+04 2.97526000e-04
1.49591326e+04 3.09215000e-04
1.49664905e+04 3.22451000e-04
1.49738485e+04 3.37494000e-04
1.49812064e+04 3.54659000e-04
1.49884095e+04 3.73900000e-04
1.49953030e+04 3.94960000e-04
1.50021964e+04 4.19217000e-04
1.50067920e+04 4.37521000e-04
1.50113877e+04 4.57808000e-04
1.50159833e+04 4.80365000e-04
1.50205789e+04 5.05539000e-04
1.50247516e+04 5.31035000e-04
1.50285012e+04 5.56430000e-04
1.50322509e+04 5.84518000e-04
1.50360006e+04 6.15680000e-04
1.50397503e+04 6.50370000e-04
1.50434999e+04 6.89129000e-04
1.50472496e+04 7.32619000e-04
1.50509993e+04 7.81674000e-04
1.50541902e+04 8.28588000e-04
1.50568224e+04 8.71456000e-04
1.50594546e+04 9.18645000e-04
1.50620868e+04 9.70753000e-04
1.50647190e+04 1.02848400e-03
1.50673512e+04 1.09267800e-03
1.50699834e+04 1.16435400e-03
1.50726156e+04 1.24476900e-03
1.50747927e+04 1.31897600e-03
1.50765146e+04 1.38334900e-03
1.50782366e+04 1.45340200e-03
1.50799586e+04 1.52985300e-03
1.50816806e+04 1.61353800e-03
1.50834025e+04 1.70544800e-03
1.50851245e+04 1.80677100e-03
1.50868465e+04 1.91895400e-03
1.50883796e+04 2.02942000e-03
1.50897240e+04 2.13577200e-03
1.50910683e+04 2.25237400e-03
1.50924127e+04 2.38090000e-03
1.50937571e+04 2.52352000e-03
1.50951014e+04 2.68311800e-03
1.50961097e+04 2.81628200e-03
1.50971180e+04 2.96340600e-03
1.50981262e+04 3.12738100e-03
1.50989323e+04 3.27309400e-03
1.50998722e+04 3.46298300e-03
1.51005771e+04 3.62235900e-03
1.51012820e+04 3.79917900e-03
1.51019870e+04 3.99669300e-03
1.51026919e+04 4.21883900e-03
1.51033968e+04 4.47041700e-03
1.51041017e+04 4.75723100e-03
1.51045717e+04 4.97143100e-03
1.51050416e+04 5.20681100e-03
1.51055116e+04 5.46611600e-03
1.51059815e+04 5.75244000e-03
1.51064326e+04 6.05594400e-03
1.51068838e+04 6.39101900e-03
1.51073349e+04 6.76153200e-03
1.51077860e+04 7.17178500e-03
1.51082371e+04 7.62657900e-03
1.51086882e+04 8.13125400e-03
1.51091393e+04 8.69168300e-03
1.51095904e+04 9.31440000e-03
1.51100416e+04 1.00066080e-02
1.51104927e+04 1.07761870e-02
1.51107934e+04 1.13364850e-02
1.51111814e+04 1.21202220e-02
1.51115693e+04 1.29785740e-02
1.51119572e+04 1.39184000e-02
1.51123452e+04 1.49470690e-02
1.51127331e+04 1.60724880e-02
1.51131210e+04 1.73031200e-02
1.51135090e+04 1.86480000e-02
1.51138969e+04 2.01167210e-02
1.51142033e+04 2.13708620e-02
1.51145096e+04 2.27139480e-02
1.51148160e+04 2.41515390e-02
1.51151224e+04 2.56894410e-02
1.51154287e+04 2.73337110e-02
1.51157351e+04 2.90906510e-02
1.51160414e+04 3.09668140e-02
1.51164878e+04 3.39279530e-02
1.51169079e+04 3.69784350e-02
1.51173279e+04 4.03044350e-02
1.51177480e+04 4.39258920e-02
1.51181680e+04 4.78635030e-02
1.51185881e+04 5.21385530e-02
1.51189820e+04 5.64744980e-02
1.51193760e+04 6.11452040e-02
1.51197699e+04 6.61697330e-02
1.51201639e+04 7.15673160e-02
1.51205578e+04 7.73575270e-02
1.51209298e+04 8.32030060e-02
1.51214112e+04 9.13393950e-02
1.51218926e+04 1.00153736e-01
1.51223740e+04 1.09680670e-01
1.51228768e+04 1.20428111e-01
1.51234010e+04 1.32539447e-01
1.51239252e+04 1.45614246e-01
1.51244494e+04 1.59688024e-01
1.51249712e+04 1.74720937e-01
1.51254907e+04 1.90725591e-01
1.51260101e+04 2.07787931e-01
1.51265295e+04 2.25922733e-01
1.51270763e+04 2.46175773e-01
1.51276503e+04 2.68725619e-01
1.51282243e+04 2.92579011e-01
1.51287983e+04 3.17709019e-01
1.51294175e+04 3.46199699e-01
1.51300819e+04 3.78283642e-01
1.51310784e+04 4.29090805e-01
1.51320817e+04 4.83014187e-01
1.51337763e+04 5.78434816e-01
1.51361488e+04 7.13766989e-01
1.51371656e+04 7.69255778e-01
1.51381271e+04 8.18733021e-01
1.51390887e+04 8.64221499e-01
1.51400503e+04 9.04709021e-01
1.51410119e+04 9.39258004e-01
1.51419734e+04 9.67044906e-01
1.51429350e+04 9.87390245e-01
1.51436562e+04 9.97454559e-01
1.51443774e+04 1.00290225e+00
1.51448582e+04 1.00392830e+00
1.51456109e+04 1.00133084e+00
1.51463637e+04 9.93644717e-01
1.51471164e+04 9.80989098e-01
1.51478692e+04 9.63559270e-01
1.51486220e+04 9.41620602e-01
1.51493747e+04 9.15501991e-01
1.51503784e+04 8.74847889e-01
1.51513821e+04 8.28487217e-01
1.51523858e+04 7.77555527e-01
1.51537743e+04 7.01776912e-01
1.51571174e+04 5.11387613e-01
1.51581422e+04 4.55184111e-01
1.51591671e+04 4.01553844e-01
1.51600827e+04 3.56339834e-01
1.51606931e+04 3.27797755e-01
1.51613035e+04 3.00627763e-01
1.51618921e+04 2.75783036e-01
1.51624587e+04 2.53148026e-01
1.51630254e+04 2.31791626e-01
1.51635921e+04 2.11718520e-01
1.51641179e+04 1.94233873e-01
1.51646029e+04 1.79070424e-01
1.51650878e+04 1.64815169e-01
1.51655728e+04 1.51448412e-01
1.51660422e+04 1.39334393e-01
1.51664961e+04 1.28369619e-01
1.51669500e+04 1.18115974e-01
1.51674038e+04 1.08547742e-01
1.51678632e+04 9.95330000e-02
1.51683282e+04 9.10661800e-02
1.51687931e+04 8.32292440e-02
1.51692581e+04 7.59902980e-02
1.51697202e+04 6.93564930e-02
1.51701795e+04 6.32863300e-02
1.51706388e+04 5.77069740e-02
1.51709832e+04 5.38264240e-02
1.51713277e+04 5.01926390e-02
1.51717316e+04 4.62294760e-02
1.51721355e+04 4.25693380e-02
1.51725393e+04 3.91935150e-02
1.51729432e+04 3.60839080e-02
1.51733471e+04 3.32230760e-02
1.51737729e+04 3.04581000e-02
1.51742097e+04 2.78701930e-02
1.51746464e+04 2.55145830e-02
1.51750831e+04 2.33730220e-02
1.51755199e+04 2.14282820e-02
1.51758110e+04 2.02331260e-02
1.51761765e+04 1.88393890e-02
1.51765420e+04 1.75564130e-02
1.51769075e+04 1.63760630e-02
1.51772730e+04 1.52907140e-02
1.51776385e+04 1.42931920e-02
1.51780040e+04 1.33767660e-02
1.51783695e+04 1.25351290e-02
1.51787350e+04 1.17623830e-02
1.51791521e+04 1.09576460e-02
1.51795692e+04 1.02279090e-02
1.51799863e+04 9.56615400e-03
1.51804034e+04 8.96600100e-03
1.51808205e+04 8.42154300e-03
1.51812376e+04 7.92743200e-03
1.51816547e+04 7.47873900e-03
1.51820718e+04 7.07101600e-03
1.51824889e+04 6.70018100e-03
1.51829060e+04 6.36256500e-03
1.51834189e+04 5.98800100e-03
1.51838887e+04 5.67987800e-03
1.51843584e+04 5.40121400e-03
1.51848281e+04 5.14863600e-03
1.51852979e+04 4.91917100e-03
1.51860025e+04 4.61260200e-03
1.51867071e+04 4.34448800e-03
1.51874117e+04 4.10847400e-03
1.51881163e+04 3.89931100e-03
1.51888209e+04 3.71267200e-03
1.51895255e+04 3.54498700e-03
1.51902301e+04 3.39333700e-03
1.51910245e+04 3.23858900e-03
1.51919986e+04 3.06844000e-03
1.51929728e+04 2.91613200e-03
1.51939469e+04 2.77856300e-03
1.51952457e+04 2.61400900e-03
1.51965446e+04 2.46720500e-03
1.51978434e+04 2.33504200e-03
1.51991422e+04 2.21520400e-03
1.52004411e+04 2.10591200e-03
1.52019522e+04 1.99018900e-03
1.52036757e+04 1.87111900e-03
1.52053992e+04 1.76386100e-03
1.52071227e+04 1.66678500e-03
1.52088461e+04 1.57856300e-03
1.52105696e+04 1.49810100e-03
1.52122931e+04 1.42448000e-03
1.52140166e+04 1.35692500e-03
1.52161083e+04 1.28213600e-03
1.52185682e+04 1.20300500e-03
1.52210281e+04 1.13211200e-03
1.52234880e+04 1.06831600e-03
1.52259479e+04 1.01067100e-03
1.52284078e+04 9.58389000e-04
1.52308677e+04 9.10818000e-04
1.52333276e+04 8.67408000e-04
1.52363304e+04 8.19376000e-04
1.52398763e+04 7.68750000e-04
1.52434221e+04 7.23764000e-04
1.52469679e+04 6.83587000e-04
1.52505138e+04 6.47537000e-04
1.52540596e+04 6.15051000e-04
1.52576054e+04 5.85669000e-04
1.52611512e+04 5.59013000e-04
1.52653359e+04 5.30628000e-04
1.52701595e+04 5.01495000e-04
1.52749831e+04 4.75648000e-04
1.52798067e+04 4.52583000e-04
1.52846303e+04 4.31887000e-04
1.52894539e+04 4.13255000e-04
1.52942775e+04 3.96447000e-04
1.53015129e+04 3.74212000e-04
1.53090080e+04 3.54255000e-04
1.53165032e+04 3.36801000e-04
1.53239983e+04 3.21492000e-04
1.53314934e+04 3.08011000e-04
1.53389886e+04 2.96085000e-04
1.53466475e+04 2.85287000e-04
1.53569685e+04 2.72589000e-04
1.53672896e+04 2.61567000e-04
1.53776106e+04 2.51971000e-04
1.53889661e+04 2.42815000e-04
1.54013560e+04 2.34196000e-04
1.54137458e+04 2.26754000e-04
1.54323307e+04 2.17264000e-04
1.54506639e+04 2.09555000e-04
1.54689970e+04 2.03180000e-04
1.54812192e+04 1.99401000e-04
1.55060648e+04 1.92952000e-04
1.55309104e+04 1.87684000e-04
1.55598786e+04 1.82646000e-04
1.55888469e+04 1.78591000e-04
1.56298141e+04 1.74033000e-04
1.56707813e+04 1.70353000e-04
1.57226146e+04 1.66773000e-04
1.57794842e+04 1.63776000e-04
1.58687408e+04 1.60311000e-04
1.59645031e+04 1.57658000e-04
1.61086030e+04 1.54872000e-04
1.63151689e+04 1.52224000e-04
1.66083184e+04 1.49753000e-04
1.72007369e+04 1.46517000e-04
1.83702238e+04 1.42174000e-04
2.01807236e+04 1.37002000e-04
2.21491084e+04 1.32378000e-04
2.45538249e+04 1.27712000e-04
2.71987085e+04 1.23513000e-04
3.03048839e+04 1.19511000e-04
3.38013871e+04 1.15937000e-04
3.76189774e+04 1.12901000e-04
4.20805435e+04 1.10212000e-04
4.70128478e+04 1.08122000e-04
5.22825558e+04 1.06715000e-04
5.93082978e+04 1.05823000e-04
6.04087000e+04 1.05754000e-04
6.80199875e+04 1.06376000e-04
7.44743877e+04 1.07793000e-04
8.03679148e+04 1.09899000e-04
8.59239434e+04 1.12653000e-04
9.15582248e+04 1.16312000e-04
9.62353387e+04 1.20179000e-04
1.01096547e+05 1.25037000e-04
1.03584971e+05 1.27837000e-04
1.08012139e+05 1.33893000e-04
1.11081352e+05 1.38837000e-04
1.14192818e+05 1.44580000e-04
1.17283158e+05 1.51159000e-04
1.20249357e+05 1.58456000e-04
1.23111969e+05 1.66535000e-04
1.25870589e+05 1.75539000e-04
1.28185652e+05 1.84139000e-04
1.30215125e+05 1.92636000e-04
1.32244599e+05 2.02160000e-04
1.34274072e+05 2.12881000e-04
1.36303545e+05 2.24999000e-04
1.38226543e+05 2.38032000e-04
1.39855124e+05 2.50412000e-04
1.41377229e+05 2.63192000e-04
1.42899334e+05 2.77555000e-04
1.44421439e+05 2.93413000e-04
1.45915956e+05 3.11050000e-04
1.47211965e+05 3.27897000e-04
1.48480385e+05 3.46240000e-04
1.49748806e+05 3.66696000e-04
1.51017227e+05 3.89425000e-04
1.52184174e+05 4.12768000e-04
1.53249647e+05 4.36398000e-04
1.54467332e+05 4.66526000e-04
1.55685016e+05 5.00509000e-04
1.56699752e+05 5.32325000e-04
1.57714489e+05 5.67662000e-04
1.58729226e+05 6.07329000e-04
1.59541015e+05 6.42491000e-04
1.60418876e+05 6.84500000e-04
1.61164593e+05 7.23920000e-04
1.61976383e+05 7.71248000e-04
1.62788172e+05 8.23832000e-04
1.63599962e+05 8.82441000e-04
1.64208804e+05 9.30739000e-04
1.64817646e+05 9.83831000e-04
1.65426487e+05 1.04143800e-03
1.66035329e+05 1.10505600e-03
1.66644171e+05 1.17436700e-03
1.67253014e+05 1.25103500e-03
1.67861855e+05 1.33574400e-03
1.68470698e+05 1.42959200e-03
1.69079539e+05 1.53383500e-03
1.69586908e+05 1.62978400e-03
1.70094276e+05 1.73509800e-03
1.70601644e+05 1.85092300e-03
1.71134381e+05 1.98532200e-03
1.71616381e+05 2.11968900e-03
1.72123749e+05 2.27602100e-03
1.72631118e+05 2.44958000e-03
1.73087749e+05 2.62249800e-03
1.73544381e+05 2.81332800e-03
1.74001012e+05 3.02427100e-03
1.74457644e+05 3.25780000e-03
1.74863538e+05 3.48658900e-03
1.75269433e+05 3.73768000e-03
1.75675328e+05 4.01336600e-03
1.76081222e+05 4.31615100e-03
1.76487117e+05 4.64864900e-03
1.76893012e+05 5.01350900e-03
1.77298906e+05 5.41327500e-03
1.77704801e+05 5.85019900e-03
1.78110696e+05 6.32595600e-03
1.78516590e+05 6.84146600e-03
1.79023959e+05 7.53984300e-03
1.79480590e+05 8.21514400e-03
1.81053432e+05 1.06733580e-02
1.81459327e+05 1.12539100e-02
1.81865221e+05 1.17615730e-02
1.82169642e+05 1.20748120e-02
1.82474063e+05 1.23225190e-02
1.82791808e+05 1.24926390e-02
1.83188755e+05 1.25807530e-02
1.83481081e+05 1.25402370e-02
1.83773408e+05 1.24249820e-02
1.84007432e+05 1.22730950e-02
1.84326364e+05 1.19937840e-02
1.84605010e+05 1.16888760e-02
1.85010905e+05 1.11622950e-02
1.85547000e+05 1.03646840e-02
1.86837431e+05 8.30897200e-03
1.87320066e+05 7.57718500e-03
1.87750694e+05 6.96685000e-03
1.88163157e+05 6.42543300e-03
1.88536172e+05 5.97548600e-03
1.88818787e+05 5.65932500e-03
1.89164650e+05 5.31191800e-03
1.89367598e+05 5.13511700e-03
1.89518472e+05 5.02804400e-03
1.89644665e+05 4.96617800e-03
1.89720381e+05 4.95385500e-03
1.89797575e+05 4.97598100e-03
1.89836172e+05 5.00893400e-03
1.89874768e+05 5.06805000e-03
1.89907886e+05 5.14822600e-03
1.89932724e+05 5.23550200e-03
1.89957562e+05 5.35677700e-03
1.89974120e+05 5.46439800e-03
1.89990679e+05 5.60212400e-03
1.90003098e+05 5.73141000e-03
1.90017256e+05 5.91537200e-03
1.90027274e+05 6.07675900e-03
1.90037292e+05 6.27267100e-03
1.90044806e+05 6.44904100e-03
1.90052320e+05 6.65847000e-03
1.90059833e+05 6.91170500e-03
1.90064842e+05 7.11273300e-03
1.90069851e+05 7.34759100e-03
1.90074861e+05 7.62617300e-03
1.90078617e+05 7.87187500e-03
1.90082374e+05 8.15745300e-03
1.90086131e+05 8.49269200e-03
1.90089244e+05 8.81694300e-03
1.90092036e+05 9.15106400e-03
1.90094828e+05 9.53399400e-03
1.90097620e+05 9.97469700e-03
1.90100411e+05 1.04835900e-02
1.90103203e+05 1.10729680e-02
1.90105995e+05 1.17570330e-02
1.90107856e+05 1.22736760e-02
1.90109717e+05 1.28450880e-02
1.90111578e+05 1.34772100e-02
1.90113439e+05 1.41765050e-02
1.90115300e+05 1.49499800e-02
1.90117161e+05 1.58051970e-02
1.90118992e+05 1.67343010e-02
1.90120823e+05 1.77586410e-02
1.90122654e+05 1.88871660e-02
1.90124485e+05 2.01291220e-02
1.90126316e+05 2.14945350e-02
1.90128147e+05 2.29936480e-02
1.90129978e+05 2.46374810e-02
1.90131810e+05 2.64371370e-02
1.90133962e+05 2.87679560e-02
1.90136114e+05 3.13498150e-02
1.90138267e+05 3.42024360e-02
1.90140419e+05 3.73459820e-02
1.90142572e+05 4.08006130e-02
1.90144410e+05 4.40121480e-02
1.90146092e+05 4.71706800e-02
1.90147773e+05 5.05496060e-02
1.90150015e+05 5.54119400e-02
1.90152257e+05 6.06983720e-02
1.90154191e+05 6.56134760e-02
1.90156126e+05 7.08642220e-02
1.90158060e+05 7.64575950e-02
1.90160640e+05 8.44549080e-02
1.90162574e+05 9.08594240e-02
1.90165040e+05 9.95243510e-02
1.90167505e+05 1.08742277e-01
1.90169971e+05 1.18494251e-01
1.90172436e+05 1.28751752e-01
1.90175246e+05 1.41009564e-01
1.90179460e+05 1.60374161e-01
1.90185590e+05 1.90024596e-01
1.90195168e+05 2.36978108e-01
1.90200700e+05 2.62373022e-01
1.90204103e+05 2.76648300e-01
1.90207505e+05 2.89539698e-01
1.90210908e+05 3.00767635e-01
1.90214310e+05 3.10080084e-01
1.90217713e+05 3.17263122e-01
1.90221116e+05 3.22147518e-01
1.90224518e+05 3.24617109e-01
1.90226219e+05 3.24925415e-01
1.90229078e+05 3.24045344e-01
1.90231936e+05 3.21428117e-01
1.90234794e+05 3.17117897e-01
1.90237652e+05 3.11187444e-01
1.90240510e+05 3.03735135e-01
1.90243368e+05 2.94882417e-01
1.90247179e+05 2.81148569e-01
1.90250990e+05 2.65557859e-01
1.90254801e+05 2.48521858e-01
1.90260236e+05 2.22568074e-01
1.90270823e+05 1.70557397e-01
1.90275157e+05 1.50142393e-01
1.90278046e+05 1.37136451e-01
1.90281657e+05 1.21720618e-01
1.90284789e+05 1.09201375e-01
1.90287200e+05 1.00151241e-01
1.90289610e+05 9.16280780e-02
1.90292020e+05 8.36429880e-02
1.90294533e+05 7.58950900e-02
1.90296417e+05 7.04677210e-02
1.90298302e+05 6.53647700e-02
1.90300186e+05 6.05804400e-02
1.90302070e+05 5.61067510e-02
1.90304097e+05 5.16310260e-02
1.90306124e+05 4.74911990e-02
1.90308151e+05 4.36732280e-02
1.90310177e+05 4.01615030e-02
1.90312204e+05 3.69402530e-02
1.90314237e+05 3.39851170e-02
1.90316272e+05 3.12850540e-02
1.90318307e+05 2.88275300e-02
1.90320343e+05 2.65956510e-02
1.90322378e+05 2.45731520e-02
1.90323735e+05 2.33331670e-02
1.90325660e+05 2.17121860e-02
1.90327586e+05 2.02421070e-02
1.90329511e+05 1.89105870e-02
1.90331436e+05 1.77061750e-02
1.90333361e+05 1.66177880e-02
1.90335286e+05 1.56352350e-02
1.90337211e+05 1.47488130e-02
1.90339136e+05 1.39495390e-02
1.90341252e+05 1.31617750e-02
1.90343367e+05 1.24590710e-02
1.90345483e+05 1.18321140e-02
1.90347598e+05 1.12724880e-02
1.90349714e+05 1.07725840e-02
1.90351829e+05 1.03255570e-02
1.90353945e+05 9.92527000e-03
1.90357118e+05 9.40064400e-03
1.90360292e+05 8.95298000e-03
1.90363465e+05 8.56892800e-03
1.90366638e+05 8.23743400e-03
1.90368754e+05 8.04105700e-03
1.90372985e+05 7.69727400e-03
1.90377261e+05 7.40383800e-03
1.90381538e+05 7.15300700e-03
1.90387240e+05 6.86977700e-03
1.90392942e+05 6.63136400e-03
1.90398644e+05 6.42714600e-03
1.90407196e+05 6.16922300e-03
1.90415750e+05 5.95502800e-03
1.90424302e+05 5.77376900e-03
1.90435706e+05 5.57102000e-03
1.90447110e+05 5.40231700e-03
1.90458514e+05 5.25981100e-03
1.90473996e+05 5.09856800e-03
1.90493555e+05 4.93442700e-03
1.90513115e+05 4.80214100e-03
1.90542454e+05 4.64442900e-03
1.90571793e+05 4.52177000e-03
1.90601132e+05 4.42375900e-03
1.90642694e+05 4.31291300e-03
1.90686699e+05 4.21597500e-03
1.90752707e+05 4.10422500e-03
1.90825144e+05 4.00397600e-03
1.90910436e+05 3.90781200e-03
1.91024159e+05 3.79554500e-03
1.91191256e+05 3.65655900e-03
1.91387984e+05 3.51287500e-03
1.91642005e+05 3.34770400e-03
1.91945391e+05 3.16858400e-03
1.92305336e+05 2.97687200e-03
1.92587799e+05 2.83788000e-03
1.92984763e+05 2.65762800e-03
1.93410983e+05 2.48209700e-03
1.93812176e+05 2.33227700e-03
1.94283438e+05 2.17181100e-03
1.94705567e+05 2.04088700e-03
1.95162036e+05 1.91242300e-03
1.95618506e+05 1.79451100e-03
1.96109779e+05 1.67945400e-03
1.96404543e+05 1.61536900e-03
1.96797562e+05 1.53563400e-03
1.97317482e+05 1.43882100e-03
1.97825088e+05 1.35257400e-03
1.98332694e+05 1.27378500e-03
1.98840300e+05 1.20166500e-03
1.99384944e+05 1.13100700e-03
2.00040702e+05 1.05381700e-03
2.00696460e+05 9.84312000e-04
2.01352217e+05 9.21533000e-04
2.01844035e+05 8.78263000e-04
2.02344403e+05 8.37541000e-04
2.03143047e+05 7.78304000e-04
2.03888738e+05 7.28716000e-04
2.04565000e+05 6.87815000e-04
2.05230981e+05 6.50970000e-04
2.06051155e+05 6.09946000e-04
2.06871329e+05 5.72561000e-04
2.07691503e+05 5.39012000e-04
2.08511677e+05 5.08291000e-04
2.09331851e+05 4.80549000e-04
2.10150373e+05 4.55082000e-04
2.11107399e+05 4.28258000e-04
2.12064425e+05 4.03770000e-04
2.13021451e+05 3.81762000e-04
2.13978477e+05 3.61578000e-04
2.15024256e+05 3.41719000e-04
2.16079489e+05 3.23493000e-04
2.17174399e+05 3.06379000e-04
2.18269309e+05 2.90885000e-04
2.19637946e+05 2.73500000e-04
2.21072682e+05 2.57475000e-04
2.22255724e+05 2.45711000e-04
2.23575378e+05 2.34028000e-04
2.24887991e+05 2.23946000e-04
2.26200604e+05 2.15445000e-04
2.27216899e+05 2.10128000e-04
2.27979120e+05 2.07112000e-04
2.28823329e+05 2.04953000e-04
2.29413464e+05 2.04490000e-04
2.29914809e+05 2.05196000e-04
2.30416153e+05 2.07057000e-04
2.30796944e+05 2.09741000e-04
2.31143341e+05 2.13422000e-04
2.31379185e+05 2.16866000e-04
2.31615030e+05 2.21311000e-04
2.31850875e+05 2.27016000e-04
2.32063096e+05 2.33537000e-04
2.32247722e+05 2.40612000e-04
2.32428376e+05 2.49135000e-04
2.32563867e+05 2.56851000e-04
2.32699357e+05 2.65972000e-04
2.32823069e+05 2.75829000e-04
2.32946781e+05 2.87417000e-04
2.33052819e+05 2.99086000e-04
2.33158858e+05 3.12701000e-04
2.33252936e+05 3.26794000e-04
2.33347014e+05 3.43134000e-04
2.33429133e+05 3.59635000e-04
2.33511251e+05 3.78603000e-04
2.33585522e+05 3.98394000e-04
2.33659794e+05 4.21192000e-04
2.33721543e+05 4.42962000e-04
2.33783291e+05 4.67514000e-04
2.33846114e+05 4.96090000e-04
2.33889429e+05 5.18270000e-04
2.33932743e+05 5.42695000e-04
2.33976058e+05 5.69730000e-04
2.34016889e+05 5.98087000e-04
2.34055238e+05 6.27591000e-04
2.34093586e+05 6.60239000e-04
2.34131934e+05 6.96521000e-04
2.34171479e+05 7.38270000e-04
2.34212221e+05 7.86607000e-04
2.34242777e+05 8.26891000e-04
2.34273334e+05 8.71309000e-04
2.34303890e+05 9.20412000e-04
2.34332116e+05 9.70492000e-04
2.34359177e+05 1.02331200e-03
2.34386238e+05 1.08145700e-03
2.34413299e+05 1.14566500e-03
2.34440360e+05 1.21678000e-03
2.34467755e+05 1.29691800e-03
2.34495820e+05 1.38890300e-03
2.34523884e+05 1.49245200e-03
2.34542593e+05 1.56907500e-03
2.34561303e+05 1.65266000e-03
2.34580012e+05 1.74396300e-03
2.34598722e+05 1.84390000e-03
2.34616091e+05 1.94535300e-03
2.34632120e+05 2.04728400e-03
2.34648149e+05 2.15813700e-03
2.34664177e+05 2.27902600e-03
2.34680206e+05 2.41131100e-03
2.34696235e+05 2.55652700e-03
2.34712264e+05 2.71633300e-03
2.34728293e+05 2.89264400e-03
2.34742101e+05 3.05952500e-03
2.34759484e+05 3.29221900e-03
2.34771072e+05 3.46326000e-03
2.34782660e+05 3.64867500e-03
2.34794248e+05 3.85013500e-03
2.34805837e+05 4.06962700e-03
2.34817425e+05 4.30947700e-03
2.34829013e+05 4.57229400e-03
2.34838746e+05 4.81293300e-03
2.34848479e+05 5.07385300e-03
2.34858212e+05 5.35738100e-03
2.34867946e+05 5.66622600e-03
2.34877679e+05 6.00354000e-03
2.34887412e+05 6.37297000e-03
2.34897145e+05 6.77873700e-03
2.34906878e+05 7.22575000e-03
2.34917568e+05 7.77109500e-03
2.34928257e+05 8.38221000e-03
2.34935384e+05 8.83147700e-03
2.34942510e+05 9.31861000e-03
2.34949636e+05 9.84798500e-03
2.34956763e+05 1.04246270e-02
2.34963889e+05 1.10543160e-02
2.34972330e+05 1.18779100e-02
2.34980770e+05 1.27981620e-02
2.34986397e+05 1.34728310e-02
2.34992024e+05 1.42024900e-02
2.34997651e+05 1.49930950e-02
2.35003278e+05 1.58513760e-02
2.35008905e+05 1.67849360e-02
2.35014059e+05 1.77135480e-02
2.35019214e+05 1.87198870e-02
2.35024369e+05 1.98121380e-02
2.35029524e+05 2.09993740e-02
2.35034679e+05 2.22916160e-02
2.35039834e+05 2.36998840e-02
2.35044989e+05 2.52362300e-02
2.35050144e+05 2.69137070e-02
2.35056121e+05 2.90542730e-02
2.35062099e+05 3.14270490e-02
2.35068076e+05 3.40566780e-02
2.35074054e+05 3.69683910e-02
2.35080031e+05 4.01871180e-02
2.35086013e+05 4.37391690e-02
2.35091998e+05 4.76444310e-02
2.35097982e+05 5.19171350e-02
2.35103967e+05 5.65664510e-02
2.35109951e+05 6.15921560e-02
2.35115838e+05 6.68918740e-02
2.35123427e+05 7.42040410e-02
2.35132913e+05 8.39721220e-02
2.35154421e+05 1.07134868e-01
2.35164544e+05 1.17383684e-01
2.35171294e+05 1.23525517e-01
2.35178043e+05 1.28878918e-01
2.35183105e+05 1.32262142e-01
2.35188167e+05 1.35024700e-01
2.35193229e+05 1.37107182e-01
2.35198291e+05 1.38463777e-01
2.35203160e+05 1.39055469e-01
2.35204784e+05 1.39094612e-01
2.35211138e+05 1.38486540e-01
2.35217492e+05 1.36688239e-01
2.35223846e+05 1.33763154e-01
2.35230200e+05 1.29811851e-01
2.35236554e+05 1.24965369e-01
2.35242908e+05 1.19376914e-01
2.35251380e+05 1.11059397e-01
2.35264088e+05 9.75354900e-02
2.35278584e+05 8.19556690e-02
2.35286616e+05 7.37518800e-02
2.35292640e+05 6.79331220e-02
2.35298664e+05 6.24522900e-02
2.35304688e+05 5.73380780e-02
2.35310676e+05 5.26312900e-02
2.35316664e+05 4.83019310e-02
2.35322652e+05 4.43419970e-02
2.35328640e+05 4.07363930e-02
2.35334628e+05 3.74650030e-02
2.35340620e+05 3.45025990e-02
2.35346614e+05 3.18257640e-02
2.35352609e+05 2.94103460e-02
2.35358603e+05 2.72315780e-02
2.35364597e+05 2.52658320e-02
2.35368593e+05 2.40627250e-02
2.35373965e+05 2.25683760e-02
2.35379337e+05 2.12024260e-02
2.35384709e+05 1.99522230e-02
2.35390081e+05 1.88062800e-02
2.35395452e+05 1.77542360e-02
2.35400824e+05 1.67867800e-02
2.35406196e+05 1.58955770e-02
2.35411568e+05 1.50731890e-02
2.35417892e+05 1.41841060e-02
2.35424217e+05 1.33716230e-02
2.35430541e+05 1.26273300e-02
2.35436866e+05 1.19438920e-02
2.35443191e+05 1.13148920e-02
2.35449515e+05 1.07347630e-02
2.35459002e+05 9.94568800e-03
2.35466436e+05 9.38748000e-03
2.35474979e+05 8.80313700e-03
2.35483521e+05 8.27277800e-03
2.35492064e+05 7.78997600e-03
2.35500607e+05 7.34916100e-03
2.35509149e+05 6.94556500e-03
2.35517692e+05 6.57508300e-03
2.35526234e+05 6.23418600e-03
2.35535348e+05 5.89968900e-03
2.35545032e+05 5.57374700e-03
2.35554717e+05 5.27493300e-03
2.35564401e+05 5.00032300e-03
2.35574085e+05 4.74733100e-03
2.35588611e+05 4.40350100e-03
2.35603138e+05 4.09688500e-03
2.35614747e+05 3.87509700e-03
2.35628282e+05 3.63940800e-03
2.35641817e+05 3.42548100e-03
2.35655351e+05 3.23076800e-03
2.35668886e+05 3.05309000e-03
2.35682421e+05 2.89053600e-03
2.35695955e+05 2.74136900e-03
2.35709490e+05 2.60406100e-03
2.35724557e+05 2.46360100e-03
2.35741157e+05 2.32232300e-03
2.35757757e+05 2.19359800e-03
2.35774357e+05 2.07602800e-03
2.35790957e+05 1.96840500e-03
2.35807556e+05 1.86966300e-03
2.35824156e+05 1.77881100e-03
2.35849056e+05 1.65543200e-03
2.35867660e+05 1.57221200e-03
2.35886264e+05 1.49587200e-03
2.35914171e+05 1.39248900e-03
2.35942077e+05 1.30042200e-03
2.35969983e+05 1.21816300e-03
2.35997889e+05 1.14442300e-03
2.36025907e+05 1.07783900e-03
2.36053924e+05 1.01774600e-03
2.36081940e+05 9.63326000e-04
2.36109957e+05 9.13906000e-04
2.36137975e+05 8.68865000e-04
2.36169792e+05 8.22360000e-04
2.36203511e+05 7.77902000e-04
2.36237229e+05 7.37804000e-04
2.36282186e+05 6.90014000e-04
2.36327144e+05 6.47657000e-04
2.36367196e+05 6.14022000e-04
2.36407248e+05 5.83694000e-04
2.36447301e+05 5.56263000e-04
2.36487353e+05 5.31377000e-04
2.36531908e+05 5.06300000e-04
2.36576462e+05 4.83575000e-04
2.36621016e+05 4.63001000e-04
2.36684498e+05 4.36799000e-04
2.36741281e+05 4.15951000e-04
2.36798063e+05 3.97238000e-04
2.36856938e+05 3.80001000e-04
2.36896886e+05 3.69100000e-04
2.36976782e+05 3.49587000e-04
2.37053177e+05 3.33366000e-04
2.37129572e+05 3.18841000e-04
2.37227955e+05 3.02517000e-04
2.37326337e+05 2.88353000e-04
2.37431476e+05 2.75203000e-04
2.37536616e+05 2.63734000e-04
2.37649653e+05 2.52930000e-04
2.37762691e+05 2.43552000e-04
2.37892214e+05 2.34092000e-04
2.38021737e+05 2.25850000e-04
2.38167744e+05 2.17756000e-04
2.38362421e+05 2.08564000e-04
2.38557097e+05 2.00802000e-04
2.38780164e+05 1.93304000e-04
2.39031621e+05 1.86214000e-04
2.39283078e+05 1.80243000e-04
2.39534536e+05 1.75162000e-04
2.39903828e+05 1.68920000e-04
2.40309767e+05 1.63259000e-04
2.40796895e+05 1.57709000e-04
2.41378686e+05 1.52320000e-04
2.42007808e+05 1.47572000e-04
2.42636931e+05 1.43527000e-04
2.43640263e+05 1.38211000e-04
2.44803725e+05 1.33151000e-04
2.46203326e+05 1.28082000e-04
2.47602927e+05 1.23761000e-04
2.49410139e+05 1.18941000e-04
2.51800858e+05 1.13512000e-04
2.54134883e+05 1.08919000e-04
2.56995644e+05 1.04026000e-04
2.60069675e+05 9.95056000e-05
2.63270147e+05 9.54027000e-05
2.67338306e+05 9.09405000e-05
2.71109969e+05 8.74114000e-05
2.75343845e+05 8.40377000e-05
2.79759442e+05 8.11138000e-05
2.83943414e+05 7.89089000e-05
2.87558255e+05 7.75751000e-05
2.90395974e+05 7.71247000e-05
2.92014762e+05 7.73401000e-05
2.93633549e+05 7.80738000e-05
2.94608220e+05 7.90057000e-05
2.95488657e+05 8.03605000e-05
2.96135623e+05 8.18195000e-05
2.96674761e+05 8.34745000e-05
2.97224301e+05 8.57557000e-05
2.97641657e+05 8.80509000e-05
2.97975541e+05 9.03578000e-05
2.98225954e+05 9.24431000e-05
2.98484521e+05 9.50218000e-05
2.98743088e+05 9.81221000e-05
2.98937013e+05 1.00884000e-04
2.99188276e+05 1.05162000e-04
2.99360290e+05 1.08660000e-04
2.99560428e+05 1.13455000e-04
2.99710532e+05 1.17680000e-04
2.99860636e+05 1.22591000e-04
2.99999453e+05 1.27858000e-04
3.00138269e+05 1.33952000e-04
3.00235137e+05 1.38796000e-04
3.00332005e+05 1.44253000e-04
3.00428873e+05 1.50397000e-04
3.00525741e+05 1.57346000e-04
3.00618970e+05 1.64924000e-04
3.00712199e+05 1.73513000e-04
3.00795727e+05 1.82251000e-04
3.00879256e+05 1.92149000e-04
3.00953375e+05 2.02068000e-04
3.01027494e+05 2.13225000e-04
3.01101065e+05 2.25818000e-04
3.01173540e+05 2.39980000e-04
3.01246015e+05 2.56019000e-04
3.01293710e+05 2.67765000e-04
3.01340783e+05 2.80644000e-04
3.01387857e+05 2.94778000e-04
3.01434930e+05 3.10304000e-04
3.01479431e+05 3.26528000e-04
3.01521359e+05 3.43407000e-04
3.01563288e+05 3.62039000e-04
3.01605216e+05 3.82645000e-04
3.01648995e+05 4.06555000e-04
3.01694626e+05 4.34423000e-04
3.01728848e+05 4.57692000e-04
3.01763071e+05 4.83248000e-04
3.01797293e+05 5.11378000e-04
3.01831946e+05 5.42841000e-04
3.01866813e+05 5.78018000e-04
3.01901680e+05 6.17323000e-04
3.01936548e+05 6.61364000e-04
3.01971415e+05 7.10871000e-04
3.02004929e+05 7.64464000e-04
3.02035737e+05 8.19739000e-04
3.02066544e+05 8.81713000e-04
3.02087083e+05 9.27432000e-04
3.02107621e+05 9.77170000e-04
3.02128160e+05 1.03134700e-03
3.02148698e+05 1.09045100e-03
3.02168070e+05 1.15124500e-03
3.02186275e+05 1.21339300e-03
3.02204480e+05 1.28099800e-03
3.02222685e+05 1.35472200e-03
3.02240890e+05 1.43531500e-03
3.02259096e+05 1.52362800e-03
3.02277301e+05 1.62063500e-03
3.02295506e+05 1.72744700e-03
3.02311720e+05 1.83184400e-03
3.02325945e+05 1.93147100e-03
3.02340169e+05 2.03952400e-03
3.02354393e+05 2.15700000e-03
3.02368617e+05 2.28499600e-03
3.02382841e+05 2.42474400e-03
3.02397065e+05 2.57767200e-03
3.02411289e+05 2.74544200e-03
3.02424102e+05 2.91085700e-03
3.02435504e+05 3.07077000e-03
3.02446906e+05 3.24395200e-03
3.02458308e+05 3.43179400e-03
3.02469710e+05 3.63585400e-03
3.02481112e+05 3.85788700e-03
3.02492514e+05 4.09986500e-03
3.02503916e+05 4.36397200e-03
3.02514535e+05 4.63194700e-03
3.02524372e+05 4.90098400e-03
3.02534208e+05 5.19196200e-03
3.02544044e+05 5.50697400e-03
3.02553880e+05 5.84833200e-03
3.02563716e+05 6.21850500e-03
3.02573552e+05 6.62003900e-03
3.02583388e+05 7.05546900e-03
3.02595764e+05 7.65537300e-03
3.02606951e+05 8.25125600e-03
3.02618139e+05 8.90145500e-03
3.02629326e+05 9.60870800e-03
3.02640513e+05 1.03747760e-02
3.02653077e+05 1.13055370e-02
3.02668395e+05 1.25364860e-02
3.02683712e+05 1.38587620e-02
3.02729665e+05 1.80426710e-02
3.02744382e+05 1.92873490e-02
3.02754193e+05 2.00376200e-02
3.02764003e+05 2.07009960e-02
3.02773814e+05 2.12584080e-02
3.02783625e+05 2.16927930e-02
3.02793436e+05 2.19902890e-02
3.02803247e+05 2.21411930e-02
3.02808152e+05 2.21599590e-02
3.02819229e+05 2.20626320e-02
3.02830306e+05 2.17762270e-02
3.02841383e+05 2.13128530e-02
3.02852461e+05 2.06911750e-02
3.02863538e+05 1.99349950e-02
3.02874615e+05 1.90715340e-02
3.02889384e+05 1.78028460e-02
3.02934328e+05 1.37091700e-02
3.02950367e+05 1.23363520e-02
3.02962397e+05 1.13736920e-02
3.02974426e+05 1.04763470e-02
3.02986456e+05 9.64716500e-03
3.02998943e+05 8.85841700e-03
3.03011658e+05 8.12800400e-03
3.03024374e+05 7.46688700e-03
3.03037089e+05 6.87006000e-03
3.03049805e+05 6.33216400e-03
3.03058282e+05 6.00361400e-03
3.03068276e+05 5.64460000e-03
3.03078270e+05 5.31383500e-03
3.03088265e+05 5.00888300e-03
3.03098259e+05 4.72748900e-03
3.03108253e+05 4.46758700e-03
3.03118248e+05 4.22730200e-03
3.03128242e+05 4.00491900e-03
3.03138236e+05 3.79887800e-03
3.03150012e+05 3.57515800e-03
3.03161788e+05 3.37007600e-03
3.03173564e+05 3.18175100e-03
3.03185340e+05 3.00846800e-03
3.03197115e+05 2.84866500e-03
3.03208891e+05 2.70097500e-03
3.03226555e+05 2.49967300e-03
3.03240155e+05 2.35946400e-03
3.03255580e+05 2.21425500e-03
3.03271004e+05 2.08212500e-03
3.03286429e+05 1.96159700e-03
3.03301854e+05 1.85138200e-03
3.03317278e+05 1.75036400e-03
3.03332703e+05 1.65756100e-03
3.03348127e+05 1.57209500e-03
3.03365244e+05 1.48490900e-03
3.03384053e+05 1.39738700e-03
3.03402863e+05 1.31760000e-03
3.03421672e+05 1.24470400e-03
3.03440481e+05 1.17795700e-03
3.03459291e+05 1.11670600e-03
3.03478100e+05 1.06037500e-03
3.03506313e+05 9.83984000e-04
3.03527286e+05 9.32752000e-04
3.03548259e+05 8.85722000e-04
3.03579719e+05 8.21995000e-04
3.03611178e+05 7.65343000e-04
3.03642638e+05 7.14855000e-04
3.03674097e+05 6.69604000e-04
3.03711073e+05 6.22115000e-04
3.03748048e+05 5.79973000e-04
3.03785024e+05 5.42462000e-04
3.03822000e+05 5.08984000e-04
3.03858976e+05 4.79038000e-04
3.03891899e+05 4.54771000e-04
3.03933094e+05 4.27251000e-04
3.03974289e+05 4.02546000e-04
3.04015483e+05 3.80298000e-04
3.04056678e+05 3.60196000e-04
3.04097873e+05 3.41973000e-04
3.04139068e+05 3.25413000e-04
3.04180263e+05 3.10361000e-04
3.04223466e+05 2.96059000e-04
3.04268676e+05 2.82296000e-04
3.04336492e+05 2.63787000e-04
3.04403174e+05 2.47841000e-04
3.04467589e+05 2.34267000e-04
3.04532003e+05 2.22169000e-04
3.04598946e+05 2.10924000e-04
3.04667153e+05 2.00675000e-04
3.04735360e+05 1.91476000e-04
3.04824115e+05 1.80922000e-04
3.04912871e+05 1.71631000e-04
3.04972041e+05 1.66039000e-04
3.05064294e+05 1.58200000e-04
3.05156547e+05 1.51282000e-04
3.05280492e+05 1.43169000e-04
3.05404438e+05 1.36165000e-04
3.05552048e+05 1.29022000e-04
3.05699659e+05 1.22928000e-04
3.05850677e+05 1.17567000e-04
3.06001695e+05 1.12955000e-04
3.06201747e+05 1.07761000e-04
3.06445698e+05 1.02543000e-04
3.06657414e+05 9.87446000e-05
3.06864109e+05 9.56131000e-05
3.07139703e+05 9.21010000e-05
3.07415297e+05 8.91791000e-05
3.07779872e+05 8.60118000e-05
3.08135795e+05 8.35117000e-05
3.08580700e+05 8.09743000e-05
3.09114586e+05 7.85777000e-05
3.09689254e+05 7.65614000e-05
3.10378857e+05 7.46697000e-05
3.11250438e+05 7.28434000e-05
3.12289630e+05 7.12141000e-05
3.13712278e+05 6.95707000e-05
3.15629557e+05 6.79888000e-05
3.18018362e+05 6.65707000e-05
3.21637556e+05 6.50182000e-05
3.26175282e+05 6.35799000e-05
3.33215000e+05 6.18631000e-05
3.41999225e+05 6.02139000e-05
3.52868644e+05 5.86226000e-05
3.64714158e+05 5.73274000e-05
3.74961357e+05 5.65974000e-05
3.81790133e+05 5.64214000e-05
3.87373851e+05 5.66344000e-05
3.91097165e+05 5.71198000e-05
3.94111605e+05 5.78853000e-05
3.96417172e+05 5.88678000e-05
3.98239500e+05 6.00493000e-05
3.99578588e+05 6.12681000e-05
4.00806085e+05 6.27682000e-05
4.01810223e+05 6.43905000e-05
4.02646930e+05 6.61204000e-05
4.03483638e+05 6.83206000e-05
4.04134693e+05 7.04694000e-05
4.04767439e+05 7.30461000e-05
4.05241998e+05 7.53885000e-05
4.05716558e+05 7.81842000e-05
4.06191117e+05 8.15417000e-05
4.06507490e+05 8.41720000e-05
4.06823863e+05 8.71961000e-05
4.07140236e+05 9.06865000e-05
4.07456608e+05 9.47416000e-05
4.07772981e+05 9.94764000e-05
4.08024323e+05 1.03831000e-04
4.08247541e+05 1.08236000e-04
4.08443296e+05 1.12594000e-04
4.08638063e+05 1.17459000e-04
4.08832831e+05 1.22935000e-04
4.09022654e+05 1.28969000e-04
4.09212478e+05 1.35807000e-04
4.09378574e+05 1.42571000e-04
4.09544670e+05 1.50157000e-04
4.09687037e+05 1.57459000e-04
4.09829405e+05 1.65615000e-04
4.09971773e+05 1.74747000e-04
4.10114141e+05 1.85011000e-04
4.10256509e+05 1.96594000e-04
4.10398876e+05 2.09681000e-04
4.10505652e+05 2.20673000e-04
4.10612428e+05 2.32882000e-04
4.10719204e+05 2.46438000e-04
4.10825980e+05 2.61528000e-04
4.10932756e+05 2.78381000e-04
4.11039531e+05 2.97272000e-04
4.11146307e+05 3.18528000e-04
4.11253083e+05 3.42501000e-04
4.11339699e+05 3.64227000e-04
4.11426316e+05 3.88319000e-04
4.11514462e+05 4.15793000e-04
4.11605666e+05 4.47652000e-04
4.11666469e+05 4.71146000e-04
4.11727272e+05 4.96654000e-04
4.11787333e+05 5.23996000e-04
4.11847395e+05 5.53688000e-04
4.11907456e+05 5.86017000e-04
4.11967517e+05 6.21201000e-04
4.12021740e+05 6.55558000e-04
4.12075962e+05 6.92849000e-04
4.12130184e+05 7.33315000e-04
4.12184406e+05 7.77161000e-04
4.12237794e+05 8.23927000e-04
4.12291182e+05 8.74570000e-04
4.12344570e+05 9.29380000e-04
4.12397958e+05 9.88637000e-04
4.12451345e+05 1.05264200e-03
4.12504733e+05 1.12167000e-03
4.12558121e+05 1.19591700e-03
4.12611509e+05 1.27569000e-03
4.12683249e+05 1.39139400e-03
4.12754989e+05 1.51585300e-03
4.12856392e+05 1.70474400e-03
4.13045414e+05 2.06319100e-03
4.13102003e+05 2.16368000e-03
4.13158592e+05 2.25332100e-03
4.13215181e+05 2.32858800e-03
4.13261827e+05 2.37743000e-03
4.13316881e+05 2.41732400e-03
4.13371935e+05 2.43668000e-03
4.13390286e+05 2.43813500e-03
4.13433719e+05 2.43130800e-03
4.13477151e+05 2.41058200e-03
4.13520583e+05 2.37676600e-03
4.13564015e+05 2.33065100e-03
4.13621925e+05 2.25306100e-03
4.13689958e+05 2.14415700e-03
4.13757990e+05 2.02208900e-03
4.13984765e+05 1.59123200e-03
4.14064847e+05 1.44765900e-03
4.14144929e+05 1.31450500e-03
4.14198317e+05 1.23214200e-03
4.14251705e+05 1.15545400e-03
4.14305093e+05 1.08409900e-03
4.14358481e+05 1.01785800e-03
4.14411869e+05 9.56469000e-04
4.14465257e+05 8.99662000e-04
4.14518644e+05 8.47166000e-04
4.14572032e+05 7.98677000e-04
4.14625420e+05 7.53877000e-04
4.14678808e+05 7.12480000e-04
4.14732196e+05 6.74229000e-04
4.14785584e+05 6.38865000e-04
4.14838972e+05 6.06153000e-04
4.14892360e+05 5.75992000e-04
4.14972442e+05 5.34770000e-04
4.15052524e+05 4.97738000e-04
4.15115922e+05 4.71174000e-04
4.15179320e+05 4.46732000e-04
4.15242718e+05 4.24225000e-04
4.15306116e+05 4.03504000e-04
4.15373964e+05 3.83161000e-04
4.15441811e+05 3.64516000e-04
4.15543581e+05 3.39202000e-04
4.15610872e+05 3.23895000e-04
4.15710975e+05 3.03433000e-04
4.15811077e+05 2.85037000e-04
4.15899316e+05 2.70397000e-04
4.15954186e+05 2.61902000e-04
4.16063928e+05 2.46386000e-04
4.16182568e+05 2.31430000e-04
4.16301208e+05 2.18126000e-04
4.16434678e+05 2.04804000e-04
4.16568148e+05 1.92981000e-04
4.16710515e+05 1.81786000e-04
4.16852883e+05 1.71854000e-04
4.16995251e+05 1.63005000e-04
4.17137619e+05 1.55089000e-04
4.17291851e+05 1.47436000e-04
4.17446082e+05 1.40603000e-04
4.17624042e+05 1.33567000e-04
4.17802002e+05 1.27327000e-04
4.18001712e+05 1.21138000e-04
4.18201422e+05 1.15682000e-04
4.18411019e+05 1.10606000e-04
4.18648299e+05 1.05554000e-04
4.18885579e+05 1.01124000e-04
4.19122858e+05 9.72277000e-05
4.19360138e+05 9.37636000e-05
4.19676511e+05 8.97309000e-05
4.19992884e+05 8.62441000e-05
4.20309257e+05 8.32146000e-05
4.20625630e+05 8.05719000e-05
4.21100189e+05 7.71861000e-05
4.21574748e+05 7.43532000e-05
4.22049308e+05 7.19671000e-05
4.22682053e+05 6.93244000e-05
4.23321572e+05 6.71401000e-05
4.24075577e+05 6.50346000e-05
4.24937298e+05 6.31042000e-05
4.26014448e+05 6.12083000e-05
4.27278210e+05 5.95026000e-05
4.28825026e+05 5.79319000e-05
4.30713772e+05 5.65251000e-05
4.33018351e+05 5.52904000e-05
4.35962991e+05 5.41743000e-05
4.39931494e+05 5.31457000e-05
4.45619087e+05 5.21659000e-05
4.53940532e+05 5.12325000e-05
4.67152216e+05 5.02489000e-05
4.99884941e+05 4.87366000e-05
5.32905058e+05 4.76179000e-05
5.73568170e+05 4.66134000e-05
6.06838997e+05 4.61166000e-05
6.10006456e+05 4.60953000e-05
6.21109396e+05 4.62381000e-05
6.27239808e+05 4.65828000e-05
6.30918336e+05 4.70728000e-05
6.33423225e+05 4.77048000e-05
6.35223477e+05 4.84751000e-05
6.36483723e+05 4.93086000e-05
6.37566052e+05 5.03657000e-05
6.38419682e+05 5.15534000e-05
6.39096348e+05 5.28474000e-05
6.39568539e+05 5.40186000e-05
6.39993511e+05 5.53410000e-05
6.40418483e+05 5.69969000e-05
6.40710876e+05 5.83948000e-05
6.41003268e+05 6.00746000e-05
6.41295661e+05 6.21014000e-05
6.41512617e+05 6.38934000e-05
6.41729573e+05 6.60014000e-05
6.41941852e+05 6.84386000e-05
6.42154131e+05 7.13231000e-05
6.42295651e+05 7.35582000e-05
6.42437170e+05 7.61121000e-05
6.42571586e+05 7.88770000e-05
6.42706001e+05 8.20357000e-05
6.42833334e+05 8.54626000e-05
6.42960668e+05 8.93973000e-05
6.43074325e+05 9.34135000e-05
6.43187981e+05 9.79884000e-05
6.43301666e+05 1.03281000e-04
6.43415408e+05 1.09411000e-04
6.43491235e+05 1.14067000e-04
6.43567063e+05 1.19247000e-04
6.43635592e+05 1.24437000e-04
6.43704122e+05 1.30168000e-04
6.43772651e+05 1.36558000e-04
6.43841181e+05 1.43724000e-04
6.43901928e+05 1.50815000e-04
6.43962675e+05 1.58708000e-04
6.44023422e+05 1.67518000e-04
6.44084169e+05 1.77376000e-04
6.44147391e+05 1.88932000e-04
6.44194808e+05 1.98624000e-04
6.44242224e+05 2.09348000e-04
6.44289641e+05 2.21229000e-04
6.44337058e+05 2.34438000e-04
6.44384419e+05 2.49180000e-04
6.44431781e+05 2.65721000e-04
6.44479142e+05 2.84344000e-04
6.44526504e+05 3.05347000e-04
6.44558078e+05 3.20889000e-04
6.44589653e+05 3.37865000e-04
6.44618348e+05 3.54686000e-04
6.44647043e+05 3.73000000e-04
6.44675738e+05 3.92993000e-04
6.44704433e+05 4.14871000e-04
6.44733128e+05 4.38864000e-04
6.44761823e+05 4.65239000e-04
6.44790518e+05 4.94305000e-04
6.44819213e+05 5.26420000e-04
6.44841968e+05 5.54328000e-04
6.44864723e+05 5.84656000e-04
6.44887478e+05 6.17701000e-04
6.44910233e+05 6.53824000e-04
6.44932988e+05 6.93424000e-04
6.44955743e+05 7.36927000e-04
6.44978498e+05 7.84810000e-04
6.45001253e+05 8.37635000e-04
6.45027033e+05 9.04315000e-04
6.45044220e+05 9.53357000e-04
6.45061407e+05 1.00654100e-03
6.45078593e+05 1.06431700e-03
6.45095780e+05 1.12718700e-03
6.45112967e+05 1.19570800e-03
6.45130154e+05 1.27050500e-03
6.45145345e+05 1.34240100e-03
6.45165141e+05 1.44515400e-03
6.45184936e+05 1.55943900e-03
6.45204732e+05 1.68682700e-03
6.45217929e+05 1.77988700e-03
6.45231126e+05 1.88010100e-03
6.45250083e+05 2.03774100e-03
6.45267362e+05 2.19686900e-03
6.45284642e+05 2.37218000e-03
6.45301921e+05 2.56507300e-03
6.45319200e+05 2.77685200e-03
6.45336479e+05 3.00861700e-03
6.45350861e+05 3.21730200e-03
6.45365243e+05 3.44047300e-03
6.45386816e+05 3.80166700e-03
6.45408388e+05 4.19159500e-03
6.45437152e+05 4.74496900e-03
6.45479394e+05 5.57757300e-03
6.45497968e+05 5.92571400e-03
6.45516542e+05 6.24515400e-03
6.45535116e+05 6.52212500e-03
6.45549046e+05 6.69399600e-03
6.45562977e+05 6.82961300e-03
6.45576907e+05 6.92494600e-03
6.45590837e+05 6.97708600e-03
6.45600124e+05 6.98700600e-03
6.45616313e+05 6.95643600e-03
6.45632502e+05 6.86646900e-03
6.45648690e+05 6.72092300e-03
6.45664879e+05 6.52568100e-03
6.45681068e+05 6.28822600e-03
6.45697256e+05 6.01708300e-03
6.45718841e+05 5.61857700e-03
6.45779378e+05 4.42939400e-03
6.45799104e+05 4.05890500e-03
6.45818830e+05 3.70970300e-03
6.45838556e+05 3.38569000e-03
6.45858282e+05 3.08860500e-03
6.45871432e+05 2.90562000e-03
6.45884459e+05 2.73599000e-03
6.45897361e+05 2.57900700e-03
6.45910264e+05 2.43253400e-03
6.45923167e+05 2.29604400e-03
6.45936069e+05 2.16897300e-03
6.45948972e+05 2.05074900e-03
6.45961875e+05 1.94079700e-03
6.45981228e+05 1.79014600e-03
6.45996476e+05 1.68246100e-03
6.46011724e+05 1.58353800e-03
6.46026972e+05 1.49258100e-03
6.46042219e+05 1.40885800e-03
6.46057467e+05 1.33170500e-03
6.46072715e+05 1.26051900e-03
6.46087963e+05 1.19474800e-03
6.46103210e+05 1.13389400e-03
6.46120513e+05 1.07023200e-03
6.46137816e+05 1.01175000e-03
6.46155119e+05 9.57936000e-04
6.46172421e+05 9.08328000e-04
6.46189724e+05 8.62508000e-04
6.46215678e+05 8.00096000e-04
6.46241633e+05 7.44363000e-04
6.46266277e+05 6.96829000e-04
6.46290922e+05 6.53881000e-04
6.46315567e+05 6.14961000e-04
6.46340212e+05 5.79592000e-04
6.46364857e+05 5.47365000e-04
6.46389502e+05 5.17927000e-04
6.46414147e+05 4.90966000e-04
6.46438792e+05 4.66210000e-04
6.46470182e+05 4.37513000e-04
6.46501572e+05 4.11623000e-04
6.46532962e+05 3.88185000e-04
6.46564353e+05 3.66903000e-04
6.46595743e+05 3.47532000e-04
6.46627133e+05 3.29859000e-04
6.46658523e+05 3.13687000e-04
6.46689914e+05 2.98843000e-04
6.46723063e+05 2.84459000e-04
6.46756213e+05 2.71274000e-04
6.46805937e+05 2.53493000e-04
6.46855661e+05 2.37699000e-04
6.46905385e+05 2.23580000e-04
6.46955109e+05 2.10945000e-04
6.47004492e+05 1.99687000e-04
6.47053874e+05 1.89550000e-04
6.47103256e+05 1.80397000e-04
6.47152639e+05 1.72111000e-04
6.47218482e+05 1.62179000e-04
6.47288588e+05 1.52801000e-04
6.47358695e+05 1.44511000e-04
6.47428801e+05 1.37162000e-04
6.47498908e+05 1.30612000e-04
6.47589889e+05 1.23097000e-04
6.47680870e+05 1.16535000e-04
6.47772214e+05 1.10761000e-04
6.47864286e+05 1.05605000e-04
6.47956358e+05 1.01045000e-04
6.48070538e+05 9.61081000e-05
6.48154029e+05 9.28624000e-05
6.48279264e+05 8.86282000e-05
6.48386796e+05 8.54023000e-05
6.48518371e+05 8.19262000e-05
6.48664850e+05 7.85676000e-05
6.48826233e+05 7.54207000e-05
6.48906924e+05 7.39702000e-05
6.49090544e+05 7.10866000e-05
6.49274164e+05 6.86255000e-05
6.49485421e+05 6.62317000e-05
6.49696679e+05 6.41864000e-05
6.49964483e+05 6.20097000e-05
6.50267446e+05 5.99815000e-05
6.50579197e+05 5.82681000e-05
6.50929918e+05 5.66897000e-05
6.51299315e+05 5.53335000e-05
6.51733367e+05 5.40445000e-05
6.52305888e+05 5.27124000e-05
6.52995272e+05 5.15006000e-05
6.53775253e+05 5.04863000e-05
6.54815227e+05 4.95184000e-05
6.56158527e+05 4.86754000e-05
6.57935601e+05 4.79711000e-05
6.60321359e+05 4.74274000e-05
6.63789441e+05 4.70511000e-05
6.68347733e+05 4.69233000e-05
6.75419620e+05 4.72108000e-05
6.79630890e+05 4.75858000e-05
6.84082926e+05 4.83020000e-05
6.87290453e+05 4.91311000e-05
6.89758989e+05 5.00890000e-05
6.91650133e+05 5.11380000e-05
6.93135069e+05 5.22736000e-05
6.94312069e+05 5.34778000e-05
6.95297464e+05 5.47901000e-05
6.96118626e+05 5.61853000e-05
6.96865690e+05 5.77904000e-05
6.97501605e+05 5.95019000e-05
6.98010337e+05 6.11686000e-05
6.98519069e+05 6.31942000e-05
6.98843161e+05 6.47222000e-05
6.99187752e+05 6.66082000e-05
6.99630797e+05 6.95041000e-05
6.99926160e+05 7.18074000e-05
7.00221524e+05 7.45030000e-05
7.00533224e+05 7.78524000e-05
7.00763640e+05 8.07447000e-05
7.00994055e+05 8.40837000e-05
7.01217749e+05 8.78355000e-05
7.01441444e+05 9.21933000e-05
7.01625869e+05 9.63471000e-05
7.01810294e+05 1.01084000e-04
7.01957834e+05 1.05410000e-04
7.02105374e+05 1.10301000e-04
7.02251970e+05 1.15809000e-04
7.02398566e+05 1.22067000e-04
7.02523528e+05 1.28108000e-04
7.02648489e+05 1.34924000e-04
7.02777159e+05 1.42915000e-04
7.02905829e+05 1.52069000e-04
7.03024097e+05 1.61678000e-04
7.03102942e+05 1.68819000e-04
7.03181788e+05 1.76686000e-04
7.03258940e+05 1.85118000e-04
7.03334400e+05 1.94241000e-04
7.03409860e+05 2.04296000e-04
7.03485319e+05 2.15440000e-04
7.03556915e+05 2.27147000e-04
7.03624646e+05 2.39396000e-04
7.03692378e+05 2.52971000e-04
7.03760110e+05 2.68050000e-04
7.03830156e+05 2.85459000e-04
7.03884428e+05 3.00404000e-04
7.03938699e+05 3.16764000e-04
7.03992970e+05 3.34785000e-04
7.04047242e+05 3.54709000e-04
7.04101510e+05 3.76792000e-04
7.04155775e+05 4.01370000e-04
7.04210040e+05 4.28824000e-04
7.04264304e+05 4.59586000e-04
7.04318569e+05 4.94169000e-04
7.04354745e+05 5.19654000e-04
7.04389756e+05 5.46434000e-04
7.04423602e+05 5.74584000e-04
7.04457448e+05 6.05198000e-04
7.04491294e+05 6.38553000e-04
7.04525140e+05 6.75012000e-04
7.04558985e+05 7.14995000e-04
7.04592831e+05 7.58952000e-04
7.04626677e+05 8.07415000e-04
7.04655777e+05 8.53144000e-04
7.04692308e+05 9.16492000e-04
7.04728839e+05 9.87423000e-04
7.04753193e+05 1.03964300e-03
7.04777547e+05 1.09637500e-03
7.04801901e+05 1.15812300e-03
7.04826255e+05 1.22546500e-03
7.04848065e+05 1.29108200e-03
7.04876962e+05 1.38678000e-03
7.04905860e+05 1.49389900e-03
7.04925125e+05 1.57255300e-03
7.04944390e+05 1.65772900e-03
7.04963655e+05 1.75014600e-03
7.04982920e+05 1.85061900e-03
7.05000382e+05 1.94942200e-03
7.05023870e+05 2.09534900e-03
7.05047358e+05 2.25831000e-03
7.05063016e+05 2.37776500e-03
7.05078675e+05 2.50698100e-03
7.05094334e+05 2.64703500e-03
7.05109993e+05 2.79912200e-03
7.05124622e+05 2.95325300e-03
7.05145021e+05 3.18995200e-03
7.05158620e+05 3.36351500e-03
7.05172219e+05 3.55120700e-03
7.05185819e+05 3.75453700e-03
7.05199418e+05 3.97519900e-03
7.05213017e+05 4.21509400e-03
7.05226617e+05 4.47632200e-03
7.05238498e+05 4.72384000e-03
7.05250380e+05 4.99112800e-03
7.05262262e+05 5.28004900e-03
7.05274144e+05 5.59262500e-03
7.05286025e+05 5.93104900e-03
7.05297907e+05 6.29766300e-03
7.05309789e+05 6.69497900e-03
7.05321670e+05 7.12562900e-03
7.05336585e+05 7.71762100e-03
7.05351500e+05 8.37190900e-03
7.05366415e+05 9.09372300e-03
7.05381330e+05 9.88762400e-03
7.05396245e+05 1.07570400e-02
7.05412990e+05 1.18251560e-02
7.05430651e+05 1.30555240e-02
7.05448311e+05 1.43846970e-02
7.05471859e+05 1.62815200e-02
7.05519712e+05 2.02872600e-02
7.05535915e+05 2.15645310e-02
7.05552119e+05 2.27290560e-02
7.05568322e+05 2.37333110e-02
7.05580475e+05 2.43541010e-02
7.05592627e+05 2.48427140e-02
7.05604780e+05 2.51855860e-02
7.05616932e+05 2.53729730e-02
7.05625034e+05 2.54086900e-02
7.05639437e+05 2.52946830e-02
7.05653840e+05 2.49584480e-02
7.05668243e+05 2.44135520e-02
7.05682645e+05 2.36812330e-02
7.05697048e+05 2.27887760e-02
7.05711451e+05 2.17675850e-02
7.05730655e+05 2.02632080e-02
7.05788048e+05 1.54745750e-02
7.05806815e+05 1.39946940e-02
7.05820890e+05 1.29493400e-02
7.05834965e+05 1.19677220e-02
7.05849040e+05 1.10537850e-02
7.05863045e+05 1.02127610e-02
7.05877016e+05 9.44092300e-03
7.05890987e+05 8.73374300e-03
7.05904957e+05 8.08780500e-03
7.05918928e+05 7.49905800e-03
7.05934155e+05 6.91735400e-03
7.05945981e+05 6.50515500e-03
7.05957807e+05 6.12468100e-03
7.05969634e+05 5.77340800e-03
7.05981460e+05 5.44894800e-03
7.05993286e+05 5.14906500e-03
7.06005113e+05 4.87167000e-03
7.06016939e+05 4.61483100e-03
7.06030064e+05 4.35167400e-03
7.06044490e+05 4.08649800e-03
7.06058914e+05 3.84392600e-03
7.06073340e+05 3.62162200e-03
7.06087765e+05 3.41752300e-03
7.06102189e+05 3.22981000e-03
7.06116615e+05 3.05686700e-03
7.06131039e+05 2.89725800e-03
7.06147059e+05 2.73408100e-03
7.06164673e+05 2.56997100e-03
7.06182286e+05 2.42014900e-03
7.06199900e+05 2.28305100e-03
7.06217514e+05 2.15731900e-03
7.06235127e+05 2.04176300e-03
7.06252741e+05 1.93533800e-03
7.06270355e+05 1.83711900e-03
7.06289266e+05 1.73986900e-03
7.06309475e+05 1.64436600e-03
7.06329683e+05 1.55666000e-03
7.06349892e+05 1.47594500e-03
7.06370100e+05 1.40149300e-03
7.06400413e+05 1.30015100e-03
7.06430726e+05 1.20965000e-03
7.06453659e+05 1.14752000e-03
7.06479317e+05 1.08373500e-03
7.06504975e+05 1.02534000e-03
7.06530632e+05 9.71758000e-04
7.06556290e+05 9.22465000e-04
7.06594777e+05 8.55528000e-04
7.06633264e+05 7.95933000e-04
7.06661852e+05 7.55874000e-04
7.06693370e+05 7.15363000e-04
7.06724887e+05 6.78238000e-04
7.06756405e+05 6.44124000e-04
7.06787923e+05 6.12707000e-04
7.06835200e+05 5.70044000e-04
7.06882477e+05 5.32072000e-04
7.06929453e+05 4.98337000e-04
7.06976279e+05 4.68054000e-04
7.07023105e+05 4.40730000e-04
7.07069931e+05 4.16003000e-04
7.07116757e+05 3.93546000e-04
7.07165446e+05 3.72322000e-04
7.07217863e+05 3.51615000e-04
7.07270279e+05 3.32837000e-04
7.07322695e+05 3.15770000e-04
7.07357640e+05 3.05269000e-04
7.07427528e+05 2.86029000e-04
7.07495966e+05 2.69175000e-04
7.07564404e+05 2.54074000e-04
7.07632842e+05 2.40500000e-04
7.07701280e+05 2.28248000e-04
7.07772948e+05 2.16668000e-04
7.07844614e+05 2.06189000e-04
7.07916281e+05 1.96662000e-04
7.07987948e+05 1.88001000e-04
7.08081609e+05 1.77838000e-04
7.08175270e+05 1.68725000e-04
7.08237710e+05 1.63206000e-04
7.08365594e+05 1.53041000e-04
7.08493477e+05 1.44188000e-04
7.08628146e+05 1.36072000e-04
7.08762814e+05 1.28967000e-04
7.08906167e+05 1.22370000e-04
7.09049520e+05 1.16586000e-04
7.09145089e+05 1.13091000e-04
7.09299364e+05 1.08049000e-04
7.09453640e+05 1.03628000e-04
7.09635274e+05 9.90819000e-05
7.09816907e+05 9.50943000e-05
7.10036599e+05 9.09334000e-05
7.10256291e+05 8.73673000e-05
7.10495373e+05 8.40255000e-05
7.10734455e+05 8.11721000e-05
7.10993753e+05 7.84946000e-05
7.11253051e+05 7.61996000e-05
7.11546498e+05 7.39817000e-05
7.11854273e+05 7.20112000e-05
7.12294444e+05 6.96894000e-05
7.12734615e+05 6.78265000e-05
7.13266467e+05 6.60504000e-05
7.13761681e+05 6.47598000e-05
7.14495299e+05 6.33363000e-05
7.15228918e+05 6.23357000e-05
7.16109260e+05 6.15676000e-05
7.17136326e+05 6.11099000e-05
7.18035406e+05 6.10061000e-05
7.19419912e+05 6.12925000e-05
7.20804418e+05 6.20102000e-05
7.22271655e+05 6.32056000e-05
7.23738892e+05 6.48693000e-05
7.24912682e+05 6.65492000e-05
7.26059871e+05 6.85341000e-05
7.27406985e+05 7.13585000e-05
7.28580775e+05 7.43460000e-05
7.29607840e+05 7.74350000e-05
7.30634906e+05 8.10588000e-05
7.31515248e+05 8.46560000e-05
7.32248867e+05 8.80591000e-05
7.33129209e+05 9.27158000e-05
7.34009551e+05 9.80782000e-05
7.34743170e+05 1.03178000e-04
7.35476788e+05 1.08916000e-04
7.36210407e+05 1.15390000e-04
7.36944025e+05 1.22651000e-04
7.37677644e+05 1.30798000e-04
7.38411262e+05 1.39842000e-04
7.39144881e+05 1.49838000e-04
7.40018838e+05 1.62870000e-04
7.42519526e+05 2.03302000e-04
7.43253145e+05 2.13967000e-04
7.43840039e+05 2.21186000e-04
7.44317977e+05 2.25896000e-04
7.44750563e+05 2.29019000e-04
7.45209250e+05 2.31037000e-04
7.45610422e+05 2.31630000e-04
7.46016480e+05 2.31079000e-04
7.46422538e+05 2.29411000e-04
7.46866509e+05 2.26387000e-04
7.47361408e+05 2.21662000e-04
7.47948303e+05 2.14536000e-04
7.48681921e+05 2.03911000e-04
7.51176224e+05 1.63526000e-04
7.52056566e+05 1.50298000e-04
7.52790185e+05 1.40231000e-04
7.53523804e+05 1.31073000e-04
7.54257422e+05 1.22851000e-04
7.54991041e+05 1.15478000e-04
7.55724659e+05 1.08924000e-04
7.56458277e+05 1.03081000e-04
7.57191896e+05 9.78978000e-05
7.57925515e+05 9.32802000e-05
7.58805857e+05 8.84082000e-05
7.59686199e+05 8.41586000e-05
7.60562074e+05 8.04631000e-05
7.61593607e+05 7.66900000e-05
7.62620673e+05 7.34483000e-05
7.63794463e+05 7.02768000e-05
7.64968252e+05 6.75833000e-05
7.66142042e+05 6.52665000e-05
7.67609279e+05 6.28111000e-05
7.69369963e+05 6.03978000e-05
7.71130647e+05 5.84389000e-05
7.73184779e+05 5.66086000e-05
7.75480050e+05 5.50135000e-05
7.77879938e+05 5.37601000e-05
7.80520964e+05 5.27985000e-05
7.82868544e+05 5.23053000e-05
7.84555866e+05 5.21947000e-05
7.86206508e+05 5.23663000e-05
7.87857149e+05 5.29040000e-05
7.88922428e+05 5.35995000e-05
7.89764557e+05 5.44594000e-05
7.90394182e+05 5.53630000e-05
7.91022295e+05 5.65974000e-05
7.91457929e+05 5.77299000e-05
7.91893563e+05 5.91803000e-05
7.92246900e+05 6.06652000e-05
7.92512099e+05 6.20269000e-05
7.92777299e+05 6.36639000e-05
7.93042498e+05 6.56445000e-05
7.93307697e+05 6.80683000e-05
7.93518806e+05 7.04109000e-05
7.93729914e+05 7.32143000e-05
7.93872272e+05 7.54325000e-05
7.94014629e+05 7.79935000e-05
7.94152841e+05 8.08623000e-05
7.94291052e+05 8.41862000e-05
7.94423217e+05 8.78795000e-05
7.94555382e+05 9.21913000e-05
7.94677635e+05 9.68633000e-05
7.94799887e+05 1.02311000e-04
7.94881389e+05 1.06462000e-04
7.94954080e+05 1.10610000e-04
7.95026770e+05 1.15239000e-04
7.95099461e+05 1.20426000e-04
7.95172152e+05 1.26262000e-04
7.95252295e+05 1.33542000e-04
7.95312403e+05 1.39678000e-04
7.95372510e+05 1.46527000e-04
7.95432618e+05 1.54196000e-04
7.95492726e+05 1.62794000e-04
7.95549391e+05 1.71897000e-04
7.95606057e+05 1.82154000e-04
7.95662723e+05 1.93761000e-04
7.95719389e+05 2.06952000e-04
7.95757166e+05 2.16763000e-04
7.95794943e+05 2.27492000e-04
7.95846141e+05 2.43684000e-04
7.95880274e+05 2.55715000e-04
7.95914406e+05 2.68918000e-04
7.95948538e+05 2.83441000e-04
7.95982671e+05 2.99447000e-04
7.96016803e+05 3.17123000e-04
7.96050935e+05 3.36701000e-04
7.96081321e+05 3.55956000e-04
7.96107959e+05 3.74440000e-04
7.96134597e+05 3.94608000e-04
7.96161236e+05 4.16665000e-04
7.96187874e+05 4.40846000e-04
7.96214512e+05 4.67416000e-04
7.96241151e+05 4.96684000e-04
7.96267789e+05 5.29019000e-04
7.96291441e+05 5.60648000e-04
7.96312106e+05 5.90813000e-04
7.96332771e+05 6.23611000e-04
7.96353436e+05 6.59333000e-04
7.96374101e+05 6.98307000e-04
7.96394767e+05 7.40906000e-04
7.96415432e+05 7.87548000e-04
7.96436097e+05 8.38712000e-04
7.96453978e+05 8.87044000e-04
7.96476626e+05 9.54297000e-04
7.96499274e+05 1.02910800e-03
7.96521922e+05 1.11245700e-03
7.96544570e+05 1.20543000e-03
7.96559669e+05 1.27332700e-03
7.96580830e+05 1.37721200e-03
7.96601249e+05 1.48790400e-03
7.96621667e+05 1.60969500e-03
7.96642086e+05 1.74333000e-03
7.96662504e+05 1.88938800e-03
7.96685382e+05 2.06815200e-03
7.96703913e+05 2.22450600e-03
7.96731709e+05 2.47688700e-03
7.96759506e+05 2.74650700e-03
7.96824364e+05 3.39459900e-03
7.96848756e+05 3.62003200e-03
7.96873149e+05 3.81835200e-03
7.96889410e+05 3.92962100e-03
7.96905672e+05 4.02029900e-03
7.96921934e+05 4.08760500e-03
7.96938195e+05 4.12941700e-03
7.96954457e+05 4.14441400e-03
7.96967170e+05 4.13714600e-03
7.96986241e+05 4.09544200e-03
7.97005311e+05 4.01858400e-03
7.97024382e+05 3.90988900e-03
7.97043453e+05 3.77382000e-03
7.97056166e+05 3.67047700e-03
7.97081594e+05 3.44099600e-03
7.97119735e+05 3.06418500e-03
7.97164506e+05 2.61658800e-03
7.97191024e+05 2.36582900e-03
7.97210912e+05 2.18932500e-03
7.97230800e+05 2.02426700e-03
7.97250689e+05 1.87125200e-03
7.97271390e+05 1.72482000e-03
7.97293717e+05 1.58113300e-03
7.97316044e+05 1.45141900e-03
7.97330929e+05 1.37220700e-03
7.97353255e+05 1.26347600e-03
7.97375582e+05 1.16585400e-03
7.97392250e+05 1.09955100e-03
7.97410702e+05 1.03210300e-03
7.97429154e+05 9.70345000e-04
7.97447605e+05 9.13741000e-04
7.97466056e+05 8.61806000e-04
7.97484508e+05 8.14100000e-04
7.97502959e+05 7.70223000e-04
7.97521411e+05 7.29806000e-04
7.97542066e+05 6.88260000e-04
7.97564924e+05 6.46354000e-04
7.97587782e+05 6.08258000e-04
7.97610640e+05 5.73552000e-04
7.97633498e+05 5.41868000e-04
7.97656356e+05 5.12883000e-04
7.97679214e+05 4.86316000e-04
7.97702072e+05 4.61914000e-04
7.97727015e+05 4.37499000e-04
7.97754042e+05 4.13368000e-04
7.97781070e+05 3.91393000e-04
7.97808097e+05 3.71332000e-04
7.97835124e+05 3.52962000e-04
7.97862152e+05 3.36078000e-04
7.97902693e+05 3.13197000e-04
7.97929720e+05 2.99405000e-04
7.97966002e+05 2.82522000e-04
7.98002284e+05 2.67295000e-04
7.98038567e+05 2.53526000e-04
7.98074849e+05 2.41040000e-04
7.98111131e+05 2.29660000e-04
7.98147413e+05 2.19252000e-04
7.98201837e+05 2.05261000e-04
7.98254356e+05 1.93347000e-04
7.98305922e+05 1.82932000e-04
7.98357489e+05 1.73599000e-04
7.98409056e+05 1.65211000e-04
7.98460623e+05 1.57663000e-04
7.98529235e+05 1.48765000e-04
7.98597704e+05 1.40944000e-04
7.98666172e+05 1.34026000e-04
7.98734641e+05 1.27888000e-04
7.98809637e+05 1.21918000e-04
7.98891159e+05 1.16188000e-04
7.98972681e+05 1.11149000e-04
7.99054204e+05 1.06705000e-04
7.99175417e+05 1.00954000e-04
7.99296096e+05 9.61068000e-05
7.99416774e+05 9.19503000e-05
7.99549563e+05 8.80495000e-05
7.99682351e+05 8.47303000e-05
7.99834789e+05 8.15017000e-05
7.99987227e+05 7.87520000e-05
8.00088852e+05 7.71509000e-05
8.00288843e+05 7.44830000e-05
8.00488834e+05 7.22872000e-05
8.00735813e+05 7.01206000e-05
8.00982792e+05 6.84279000e-05
8.01236931e+05 6.70892000e-05
8.01491070e+05 6.60882000e-05
8.01793806e+05 6.52685000e-05
8.02096542e+05 6.47817000e-05
8.02427166e+05 6.46199000e-05
8.02766113e+05 6.48384000e-05
8.03105061e+05 6.54537000e-05
8.03416429e+05 6.64256000e-05
8.03725917e+05 6.78460000e-05
8.03952809e+05 6.92455000e-05
8.04179701e+05 7.10330000e-05
8.04367534e+05 7.28743000e-05
8.04555367e+05 7.51054000e-05
8.04709301e+05 7.73267000e-05
8.04863235e+05 7.99811000e-05
8.05003846e+05 8.28680000e-05
8.05144457e+05 8.63044000e-05
8.05267445e+05 8.98883000e-05
8.05390433e+05 9.41254000e-05
8.05472425e+05 9.73947000e-05
8.05554057e+05 1.01102000e-04
8.05635689e+05 1.05323000e-04
8.05717321e+05 1.10172000e-04
8.05798953e+05 1.15769000e-04
8.05876277e+05 1.21885000e-04
8.05934270e+05 1.27110000e-04
8.05992263e+05 1.33005000e-04
8.06050256e+05 1.39672000e-04
8.06108249e+05 1.47245000e-04
8.06161087e+05 1.55088000e-04
8.06213925e+05 1.64003000e-04
8.06266763e+05 1.74168000e-04
8.06319601e+05 1.85796000e-04
8.06354827e+05 1.94531000e-04
8.06390052e+05 2.04213000e-04
8.06420691e+05 2.13511000e-04
8.06451331e+05 2.23735000e-04
8.06481970e+05 2.35008000e-04
8.06512609e+05 2.47473000e-04
8.06543249e+05 2.61299000e-04
8.06573888e+05 2.76686000e-04
8.06604527e+05 2.93872000e-04
8.06635167e+05 3.13157000e-04
8.06657795e+05 3.28959000e-04
8.06680423e+05 3.46280000e-04
8.06703052e+05 3.65328000e-04
8.06725680e+05 3.86342000e-04
8.06748309e+05 4.09599000e-04
8.06770937e+05 4.35416000e-04
8.06793565e+05 4.64176000e-04
8.06816194e+05 4.96342000e-04
8.06832517e+05 5.21973000e-04
8.06848841e+05 5.49915000e-04
8.06865166e+05 5.80451000e-04
8.06881489e+05 6.13902000e-04
8.06897813e+05 6.50639000e-04
8.06914137e+05 6.91090000e-04
8.06930461e+05 7.35757000e-04
8.06946785e+05 7.85229000e-04
8.06959673e+05 8.28130000e-04
8.06972560e+05 8.74841000e-04
8.06985447e+05 9.25802000e-04
8.06998335e+05 9.81507000e-04
8.07011222e+05 1.04251000e-03
8.07024109e+05 1.10943100e-03
8.07036997e+05 1.18296400e-03
8.07049884e+05 1.26388100e-03
8.07059992e+05 1.33306700e-03
8.07070100e+05 1.40776900e-03
8.07080208e+05 1.48847100e-03
8.07090315e+05 1.57568100e-03
8.07100423e+05 1.66993600e-03
8.07110531e+05 1.77178100e-03
8.07120639e+05 1.88177300e-03
8.07130747e+05 2.00044700e-03
8.07144324e+05 2.17440900e-03
8.07157901e+05 2.36602400e-03
8.07171478e+05 2.57607400e-03
8.07185055e+05 2.80490600e-03
8.07198632e+05 3.05228000e-03
8.07214475e+05 3.36300000e-03
8.07231450e+05 3.71880100e-03
8.07259743e+05 4.34616800e-03
8.07288035e+05 4.97507900e-03
8.07305246e+05 5.33187600e-03
8.07322575e+05 5.65147300e-03
8.07334128e+05 5.83415500e-03
8.07345680e+05 5.98710800e-03
8.07357233e+05 6.10629900e-03
8.07368785e+05 6.18848000e-03
8.07380338e+05 6.23136600e-03
8.07386114e+05 6.23765400e-03
8.07399573e+05 6.21285900e-03
8.07413032e+05 6.13390300e-03
8.07426491e+05 6.00380600e-03
8.07439949e+05 5.82740300e-03
8.07453408e+05 5.61098500e-03
8.07466867e+05 5.36187700e-03
8.07484812e+05 4.99248200e-03
8.07542209e+05 3.72017600e-03
8.07558923e+05 3.37026900e-03
8.07575636e+05 3.04337600e-03
8.07588171e+05 2.81558300e-03
8.07601098e+05 2.59720200e-03
8.07614809e+05 2.38414900e-03
8.07628520e+05 2.18987000e-03
8.07642231e+05 2.01358500e-03
8.07655942e+05 1.85422100e-03
8.07669653e+05 1.71052700e-03
8.07679391e+05 1.61725000e-03
8.07689130e+05 1.53072100e-03
8.07698869e+05 1.45046100e-03
8.07713477e+05 1.34081100e-03
8.07728085e+05 1.24274000e-03
8.07742693e+05 1.15489500e-03
8.07754688e+05 1.08955100e-03
8.07768939e+05 1.01898700e-03
8.07783190e+05 9.55257000e-04
8.07797441e+05 8.97574000e-04
8.07811693e+05 8.45247000e-04
8.07825944e+05 7.97670000e-04
8.07840195e+05 7.54311000e-04
8.07854446e+05 7.14704000e-04
8.07871302e+05 6.72146000e-04
8.07890762e+05 6.28074000e-04
8.07910221e+05 5.88714000e-04
8.07929681e+05 5.53442000e-04
8.07949141e+05 5.21731000e-04
8.07968600e+05 4.93134000e-04
8.07988060e+05 4.67268000e-04
8.08007520e+05 4.43802000e-04
8.08030587e+05 4.18704000e-04
8.08057262e+05 3.92871000e-04
8.08083937e+05 3.69987000e-04
8.08110612e+05 3.49643000e-04
8.08137287e+05 3.31501000e-04
8.08163962e+05 3.15269000e-04
8.08190637e+05 3.00693000e-04
8.08217312e+05 2.87562000e-04
8.08249085e+05 2.73580000e-04
8.08285955e+05 2.59324000e-04
8.08322826e+05 2.46873000e-04
8.08359696e+05 2.35953000e-04
8.08396567e+05 2.26363000e-04
8.08433437e+05 2.17931000e-04
8.08470308e+05 2.10510000e-04
8.08507178e+05 2.03985000e-04
8.08560346e+05 1.95984000e-04
8.08612446e+05 1.89533000e-04
8.08664545e+05 1.84234000e-04
8.08716644e+05 1.79960000e-04
8.08768743e+05 1.76607000e-04
8.08824328e+05 1.73948000e-04
8.08886884e+05 1.72007000e-04
8.08949440e+05 1.71119000e-04
8.08970292e+05 1.71052000e-04
8.09040990e+05 1.71647000e-04
8.09111688e+05 1.73488000e-04
8.09182387e+05 1.76606000e-04
8.09253085e+05 1.81068000e-04
8.09307091e+05 1.85453000e-04
8.09361097e+05 1.90781000e-04
8.09415103e+05 1.97163000e-04
8.09469109e+05 2.04724000e-04
8.09523115e+05 2.13608000e-04
8.09578476e+05 2.24282000e-04
8.09634515e+05 2.36975000e-04
8.09671874e+05 2.46651000e-04
8.09709233e+05 2.57432000e-04
8.09746593e+05 2.69503000e-04
8.09783952e+05 2.83054000e-04
8.09821311e+05 2.98277000e-04
8.09854915e+05 3.13595000e-04
8.09884765e+05 3.28681000e-04
8.09914615e+05 3.45349000e-04
8.09944465e+05 3.63805000e-04
8.09974314e+05 3.84283000e-04
8.10004164e+05 4.07061000e-04
8.10034014e+05 4.32463000e-04
8.10063864e+05 4.60876000e-04
8.10089582e+05 4.88131000e-04
8.10111168e+05 5.13272000e-04
8.10132754e+05 5.40748000e-04
8.10154340e+05 5.70843000e-04
8.10175927e+05 6.03875000e-04
8.10197513e+05 6.40200000e-04
8.10219099e+05 6.80229000e-04
8.10240685e+05 7.24440000e-04
8.10259892e+05 7.67744000e-04
8.10276721e+05 8.09123000e-04
8.10293549e+05 8.54072000e-04
8.10310377e+05 9.02969000e-04
8.10327205e+05 9.56231000e-04
8.10344034e+05 1.01431600e-03
8.10360862e+05 1.07773100e-03
8.10377690e+05 1.14703100e-03
8.10392498e+05 1.21336200e-03
8.10411681e+05 1.30749100e-03
8.10430865e+05 1.41182300e-03
8.10450048e+05 1.52740300e-03
8.10469231e+05 1.65525900e-03
8.10488414e+05 1.79632100e-03
8.10508993e+05 1.96316800e-03
8.10529571e+05 2.14659200e-03
8.10550150e+05 2.34652000e-03
8.10570728e+05 2.56199700e-03
8.10598167e+05 2.86960000e-03
8.10660183e+05 3.59846400e-03
8.10683439e+05 3.85525400e-03
8.10698944e+05 4.01143900e-03
8.10714448e+05 4.15080900e-03
8.10730407e+05 4.27249600e-03
8.10746820e+05 4.37052600e-03
8.10763233e+05 4.43759200e-03
8.10779647e+05 4.47123300e-03
8.10787853e+05 4.47508300e-03
8.10805516e+05 4.45386600e-03
8.10823179e+05 4.39335100e-03
8.10840842e+05 4.29614900e-03
8.10858504e+05 4.16627900e-03
8.10876167e+05 4.00884200e-03
8.10893830e+05 3.82962900e-03
8.10917380e+05 3.56718800e-03
8.10982108e+05 2.80551500e-03
8.11005517e+05 2.54441400e-03
8.11023073e+05 2.36000400e-03
8.11040630e+05 2.18693600e-03
8.11058186e+05 2.02589200e-03
8.11076484e+05 1.87101500e-03
8.11096263e+05 1.71817400e-03
8.11116043e+05 1.57977500e-03
8.11135822e+05 1.45485700e-03
8.11155602e+05 1.34233400e-03
8.11175381e+05 1.24108700e-03
8.11191808e+05 1.16476600e-03
8.11208235e+05 1.09482800e-03
8.11224662e+05 1.03068300e-03
8.11241088e+05 9.71792000e-04
8.11257515e+05 9.17668000e-04
8.11273942e+05 8.67870000e-04
8.11290369e+05 8.22001000e-04
8.11306796e+05 7.79694000e-04
8.11324937e+05 7.36716000e-04
8.11343078e+05 6.97281000e-04
8.11361220e+05 6.61036000e-04
8.11379361e+05 6.27665000e-04
8.11406573e+05 5.82386000e-04
8.11433785e+05 5.42112000e-04
8.11451927e+05 5.17691000e-04
8.11478087e+05 4.85487000e-04
8.11504248e+05 4.56439000e-04
8.11530408e+05 4.30169000e-04
8.11556568e+05 4.06345000e-04
8.11582728e+05 3.84682000e-04
8.11608889e+05 3.64933000e-04
8.11635049e+05 3.46879000e-04
8.11661209e+05 3.30327000e-04
8.11695152e+05 3.10823000e-04
8.11729094e+05 2.93282000e-04
8.11763037e+05 2.77458000e-04
8.11796979e+05 2.63139000e-04
8.11830921e+05 2.50143000e-04
8.11864864e+05 2.38321000e-04
8.11898806e+05 2.27538000e-04
8.11932748e+05 2.17666000e-04
8.11969842e+05 2.07790000e-04
8.12025482e+05 1.94548000e-04
8.12081122e+05 1.82941000e-04
8.12136761e+05 1.72673000e-04
8.12192401e+05 1.63561000e-04
8.12248544e+05 1.55379000e-04
8.12305690e+05 1.47940000e-04
8.12362837e+05 1.41273000e-04
8.12419984e+05 1.35272000e-04
8.12496180e+05 1.28188000e-04
8.12576711e+05 1.21591000e-04
8.12661578e+05 1.15524000e-04
8.12746444e+05 1.10235000e-04
8.12831311e+05 1.05604000e-04
8.12917027e+05 1.01414000e-04
8.13003592e+05 9.76540000e-05
8.13133441e+05 9.27871000e-05
8.13220006e+05 8.99263000e-05
8.13357789e+05 8.59498000e-05
8.13495572e+05 8.25497000e-05
8.13640816e+05 7.94853000e-05
8.13786059e+05 7.68410000e-05
8.14027800e+05 7.31767000e-05
8.14269542e+05 7.02266000e-05
8.14505387e+05 6.78655000e-05
8.14741233e+05 6.59083000e-05
8.15015980e+05 6.40286000e-05
8.15290726e+05 6.24734000e-05
8.15584998e+05 6.11020000e-05
8.16061827e+05 5.93501000e-05
8.16565742e+05 5.79550000e-05
8.17059337e+05 5.69267000e-05
8.17715745e+05 5.59285000e-05
8.18542703e+05 5.50901000e-05
8.19535054e+05 5.45099000e-05
8.21023580e+05 5.42267000e-05
8.22429410e+05 5.44404000e-05
8.23835240e+05 5.50165000e-05
8.25224530e+05 5.59564000e-05
8.26547664e+05 5.72215000e-05
8.27870798e+05 5.89147000e-05
8.28929305e+05 6.06526000e-05
8.29987813e+05 6.28199000e-05
8.30781693e+05 6.47974000e-05
8.31574887e+05 6.71510000e-05
8.32369454e+05 6.99674000e-05
8.32898707e+05 7.21547000e-05
8.33427961e+05 7.46466000e-05
8.33957215e+05 7.74917000e-05
8.34486468e+05 8.07538000e-05
8.35015722e+05 8.45122000e-05
8.35544975e+05 8.88613000e-05
8.36008072e+05 9.32479000e-05
8.36405012e+05 9.75061000e-05
8.36801953e+05 1.02328000e-04
8.37198893e+05 1.07789000e-04
8.37595833e+05 1.13982000e-04
8.37893538e+05 1.19190000e-04
8.38191243e+05 1.24959000e-04
8.38488949e+05 1.31350000e-04
8.38786654e+05 1.38439000e-04
8.39084359e+05 1.46312000e-04
8.39382064e+05 1.55065000e-04
8.39679769e+05 1.64806000e-04
8.39977474e+05 1.75643000e-04
8.40275179e+05 1.87686000e-04
8.40572885e+05 2.01045000e-04
8.40870590e+05 2.15821000e-04
8.41168295e+05 2.32074000e-04
8.41466000e+05 2.49813000e-04
8.41763705e+05 2.68990000e-04
8.42160645e+05 2.96381000e-04
8.42888369e+05 3.48488000e-04
8.43186074e+05 3.68463000e-04
8.43483779e+05 3.86049000e-04
8.43682250e+05 3.95828000e-04
8.43880720e+05 4.03546000e-04
8.44126465e+05 4.09822000e-04
8.44402187e+05 4.12764000e-04
8.44583939e+05 4.11571000e-04
8.44765691e+05 4.08244000e-04
8.44969659e+05 4.01992000e-04
8.45173627e+05 3.93468000e-04
8.45436828e+05 3.79571000e-04
8.45700029e+05 3.63185000e-04
8.46824693e+05 2.83756000e-04
8.47122398e+05 2.63599000e-04
8.47420103e+05 2.44793000e-04
8.47717808e+05 2.27442000e-04
8.48015513e+05 2.11577000e-04
8.48313218e+05 1.97177000e-04
8.48610924e+05 1.84167000e-04
8.48908629e+05 1.72446000e-04
8.49206334e+05 1.61900000e-04
8.49504039e+05 1.52418000e-04
8.49801744e+05 1.43895000e-04
8.50099449e+05 1.36226000e-04
8.50397155e+05 1.29316000e-04
8.50694860e+05 1.23079000e-04
8.50992565e+05 1.17450000e-04
8.51290270e+05 1.12363000e-04
8.51687210e+05 1.06304000e-04
8.52084150e+05 1.00955000e-04
8.52481091e+05 9.62277000e-05
8.52878031e+05 9.20468000e-05
8.53341128e+05 8.77338000e-05
8.53870381e+05 8.34500000e-05
8.54399635e+05 7.97410000e-05
8.54928889e+05 7.65156000e-05
8.55458142e+05 7.36971000e-05
8.55987396e+05 7.12284000e-05
8.56781276e+05 6.80584000e-05
8.57575157e+05 6.54083000e-05
8.58369037e+05 6.31822000e-05
8.59162917e+05 6.13041000e-05
8.60221424e+05 5.92352000e-05
8.61279932e+05 5.75684000e-05
8.62603066e+05 5.59396000e-05
8.63926200e+05 5.47264000e-05
8.65439534e+05 5.37821000e-05
8.66837095e+05 5.32945000e-05
8.67664053e+05 5.31948000e-05
8.68739100e+05 5.33184000e-05
8.69814146e+05 5.37594000e-05
8.70641105e+05 5.44001000e-05
8.71468064e+05 5.54022000e-05
8.72149003e+05 5.65937000e-05
8.72625806e+05 5.76989000e-05
8.73101770e+05 5.90974000e-05
8.73537313e+05 6.07092000e-05
8.73948940e+05 6.26121000e-05
8.74279723e+05 6.44850000e-05
8.74610507e+05 6.67487000e-05
8.74859825e+05 6.87810000e-05
8.75109143e+05 7.11691000e-05
8.75356000e+05 7.39568000e-05
8.75602857e+05 7.72594000e-05
8.75810193e+05 8.05285000e-05
8.76017529e+05 8.43484000e-05
8.76172652e+05 8.76600000e-05
8.76327775e+05 9.14511000e-05
8.76492686e+05 9.60840000e-05
8.76657597e+05 1.01449000e-04
8.76804652e+05 1.06992000e-04
8.76902688e+05 1.11190000e-04
8.77049743e+05 1.18329000e-04
8.77135412e+05 1.23024000e-04
8.77221081e+05 1.28235000e-04
8.77306750e+05 1.33988000e-04
8.77392419e+05 1.40343000e-04
8.77467127e+05 1.46478000e-04
8.77541835e+05 1.53255000e-04
8.77616544e+05 1.60743000e-04
8.77691252e+05 1.69038000e-04
8.77763928e+05 1.78003000e-04
8.77836604e+05 1.87993000e-04
8.77909281e+05 1.99160000e-04
8.77981957e+05 2.11648000e-04
8.78043874e+05 2.23528000e-04
8.78105791e+05 2.36770000e-04
8.78167708e+05 2.51549000e-04
8.78229625e+05 2.68104000e-04
8.78291542e+05 2.86746000e-04
8.78349914e+05 3.06565000e-04
8.78406514e+05 3.28193000e-04
8.78463113e+05 3.52535000e-04
8.78500846e+05 3.70518000e-04
8.78538579e+05 3.90169000e-04
8.78576312e+05 4.11701000e-04
8.78614045e+05 4.35337000e-04
8.78647216e+05 4.58061000e-04
8.78680387e+05 4.82824000e-04
8.78713558e+05 5.09877000e-04
8.78746729e+05 5.39513000e-04
8.78779900e+05 5.72074000e-04
8.78813071e+05 6.07964000e-04
8.78846242e+05 6.47650000e-04
8.78879413e+05 6.91643000e-04
8.78904103e+05 7.27546000e-04
8.78928793e+05 7.66511000e-04
8.78953483e+05 8.08931000e-04
8.78978173e+05 8.55232000e-04
8.79002863e+05 9.05872000e-04
8.79027553e+05 9.61389000e-04
8.79052243e+05 1.02242900e-03
8.79076934e+05 1.08976200e-03
8.79104269e+05 1.17275100e-03
8.79122493e+05 1.23368800e-03
8.79140717e+05 1.29968400e-03
8.79158941e+05 1.37130400e-03
8.79177165e+05 1.44918600e-03
8.79195389e+05 1.53405300e-03
8.79213613e+05 1.62672900e-03
8.79230025e+05 1.71767600e-03
8.79251928e+05 1.85158000e-03
8.79266530e+05 1.94985700e-03
8.79281132e+05 2.05626600e-03
8.79295733e+05 2.17170800e-03
8.79310335e+05 2.29719500e-03
8.79324937e+05 2.43387500e-03
8.79339539e+05 2.58305900e-03
8.79356638e+05 2.77569000e-03
8.79373737e+05 2.99034100e-03
8.79390836e+05 3.23026400e-03
8.79402235e+05 3.40608400e-03
8.79413634e+05 3.59604700e-03
8.79425034e+05 3.80153600e-03
8.79435804e+05 4.01133600e-03
8.79451017e+05 4.33636500e-03
8.79466230e+05 4.69897800e-03
8.79476372e+05 4.96396100e-03
8.79486514e+05 5.24929900e-03
8.79496656e+05 5.55656800e-03
8.79506798e+05 5.88738200e-03
8.79516745e+05 6.23626500e-03
8.79531371e+05 6.79646100e-03
8.79545998e+05 7.41687600e-03
8.79560624e+05 8.10147600e-03
8.79575251e+05 8.85315200e-03
8.79589877e+05 9.67316800e-03
8.79604811e+05 1.05798440e-02
8.79619745e+05 1.15524190e-02
8.79639657e+05 1.29371040e-02
8.79694090e+05 1.69428490e-02
8.79710467e+05 1.80850410e-02
8.79726845e+05 1.91272760e-02
8.79739128e+05 1.98173650e-02
8.79751410e+05 2.04095250e-02
8.79763693e+05 2.08880620e-02
8.79775976e+05 2.12398080e-02
8.79788259e+05 2.14548360e-02
8.79800542e+05 2.15270090e-02
8.79814522e+05 2.14329390e-02
8.79828502e+05 2.11549630e-02
8.79842482e+05 2.07034600e-02
8.79856461e+05 2.00948220e-02
8.79870441e+05 1.93502870e-02
8.79884421e+05 1.84945090e-02
8.79903061e+05 1.72262080e-02
8.79940340e+05 1.44833910e-02
8.79967421e+05 1.25141600e-02
8.79985182e+05 1.12990790e-02
8.79998503e+05 1.04429230e-02
8.80011824e+05 9.64001900e-03
8.80025383e+05 8.88021300e-03
8.80039420e+05 8.15554200e-03
8.80053457e+05 7.49277300e-03
8.80067494e+05 6.88945400e-03
8.80081531e+05 6.34218800e-03
8.80095567e+05 5.84701800e-03
8.80106695e+05 5.48868200e-03
8.80117822e+05 5.15825500e-03
8.80128950e+05 4.85361100e-03
8.80140077e+05 4.57269400e-03
8.80151204e+05 4.31354100e-03
8.80162332e+05 4.07430700e-03
8.80173459e+05 3.85327100e-03
8.80184586e+05 3.64884800e-03
8.80197990e+05 3.42260100e-03
8.80211394e+05 3.21604300e-03
8.80224798e+05 3.02712300e-03
8.80238201e+05 2.85402100e-03
8.80251605e+05 2.69511700e-03
8.80265009e+05 2.54898000e-03
8.80278412e+05 2.41433700e-03
8.80291816e+05 2.29006000e-03
8.80306518e+05 2.16447500e-03
8.80321220e+05 2.04898500e-03
8.80335922e+05 1.94255500e-03
8.80350624e+05 1.84427500e-03
8.80372677e+05 1.71039900e-03
8.80394730e+05 1.59074900e-03
8.80409432e+05 1.51792500e-03
8.80430362e+05 1.42272800e-03
8.80451293e+05 1.33640300e-03
8.80472224e+05 1.25790100e-03
8.80493154e+05 1.18632300e-03
8.80514085e+05 1.12089500e-03
8.80535015e+05 1.06094000e-03
8.80555946e+05 1.00586500e-03
8.80576877e+05 9.55142000e-04
8.80604171e+05 8.94788000e-04
8.80631465e+05 8.40205000e-04
8.80658759e+05 7.90685000e-04
8.80686054e+05 7.45632000e-04
8.80713348e+05 7.04540000e-04
8.80740642e+05 6.66975000e-04
8.80767936e+05 6.32549000e-04
8.80795230e+05 6.00905000e-04
8.80830674e+05 5.63474000e-04
8.80866119e+05 5.29682000e-04
8.80901563e+05 4.99077000e-04
8.80937007e+05 4.71275000e-04
8.80972451e+05 4.45950000e-04
8.81007896e+05 4.22820000e-04
8.81043340e+05 4.01636000e-04
8.81078784e+05 3.82177000e-04
8.81115853e+05 3.63469000e-04
8.81152923e+05 3.46283000e-04
8.81208527e+05 3.23065000e-04
8.81264131e+05 3.02433000e-04
8.81319735e+05 2.83958000e-04
8.81375339e+05 2.67375000e-04
8.81429789e+05 2.52746000e-04
8.81484239e+05 2.39516000e-04
8.81538689e+05 2.27516000e-04
8.81593140e+05 2.16600000e-04
8.81665740e+05 2.03527000e-04
8.81738813e+05 1.91820000e-04
8.81811885e+05 1.81343000e-04
8.81884958e+05 1.71932000e-04
8.81958031e+05 1.63464000e-04
8.82038603e+05 1.55082000e-04
8.82119175e+05 1.47544000e-04
8.82199747e+05 1.40753000e-04
8.82280319e+05 1.34635000e-04
8.82365607e+05 1.28774000e-04
8.82450896e+05 1.23464000e-04
8.82578829e+05 1.16377000e-04
8.82701244e+05 1.10407000e-04
8.82860786e+05 1.03729000e-04
8.82940557e+05 1.00762000e-04
8.83082778e+05 9.59970000e-05
8.83225000e+05 9.17923000e-05
8.83367215e+05 8.80789000e-05
8.83509429e+05 8.47882000e-05
8.83714910e+05 8.06898000e-05
8.83920391e+05 7.71321000e-05
8.84153874e+05 7.36927000e-05
8.84387357e+05 7.07524000e-05
8.84647951e+05 6.79813000e-05
8.84908545e+05 6.55965000e-05
8.85206343e+05 6.32778000e-05
8.85488932e+05 6.14083000e-05
8.85912817e+05 5.90642000e-05
8.86289603e+05 5.73447000e-05
8.86782172e+05 5.54937000e-05
8.87329689e+05 5.38337000e-05
8.87938042e+05 5.23580000e-05
8.88739040e+05 5.08361000e-05
8.89681986e+05 4.94751000e-05
8.90782090e+05 4.82853000e-05
8.92157043e+05 4.71890000e-05
8.93780770e+05 4.62546000e-05
8.96021608e+05 4.53526000e-05
8.98996958e+05 4.45460000e-05
9.03310257e+05 4.37970000e-05
9.09483425e+05 4.31406000e-05
9.18701928e+05 4.25637000e-05
9.31501316e+05 4.21199000e-05
9.49358290e+05 4.18964000e-05
9.59403593e+05 4.21026000e-05
9.63336621e+05 4.23606000e-05
9.66549122e+05 4.28297000e-05
9.68678731e+05 4.34087000e-05
9.70218024e+05 4.40953000e-05
9.71263830e+05 4.47945000e-05
9.72138686e+05 4.56128000e-05
9.72817785e+05 4.64742000e-05
9.73465374e+05 4.75665000e-05
9.73968509e+05 4.86806000e-05
9.74482181e+05 5.01498000e-05
9.74816514e+05 5.13585000e-05
9.75150846e+05 5.28435000e-05
9.75485111e+05 5.46737000e-05
9.75720126e+05 5.62349000e-05
9.75955141e+05 5.80969000e-05
9.76185013e+05 6.02764000e-05
9.76414885e+05 6.28886000e-05
9.76562990e+05 6.48656000e-05
9.76711095e+05 6.71465000e-05
9.76859200e+05 6.97773000e-05
9.77007305e+05 7.28297000e-05
9.77142465e+05 7.60545000e-05
9.77277626e+05 7.97828000e-05
9.77367733e+05 8.26298000e-05
9.77464030e+05 8.60229000e-05
9.77560327e+05 8.98327000e-05
9.77656624e+05 9.41582000e-05
9.77752921e+05 9.90931000e-05
9.77835386e+05 1.03888000e-04
9.77917850e+05 1.09298000e-04
9.78000314e+05 1.15438000e-04
9.78062163e+05 1.20599000e-04
9.78123253e+05 1.26257000e-04
9.78183965e+05 1.32490000e-04
9.78244676e+05 1.39432000e-04
9.78305388e+05 1.47198000e-04
9.78366099e+05 1.55914000e-04
9.78425834e+05 1.65563000e-04
9.78483617e+05 1.76070000e-04
9.78541400e+05 1.87938000e-04
9.78599182e+05 2.01410000e-04
9.78637704e+05 2.11415000e-04
9.78676226e+05 2.22380000e-04
9.78714748e+05 2.34451000e-04
9.78748260e+05 2.45957000e-04
9.78781772e+05 2.58500000e-04
9.78815285e+05 2.72184000e-04
9.78848797e+05 2.87143000e-04
9.78882309e+05 3.03557000e-04
9.78915822e+05 3.21621000e-04
9.78949334e+05 3.41547000e-04
9.78982846e+05 3.63581000e-04
9.79009586e+05 3.82877000e-04
9.79036325e+05 4.03877000e-04
9.79063064e+05 4.26767000e-04
9.79089803e+05 4.51767000e-04
9.79116542e+05 4.79141000e-04
9.79143282e+05 5.09182000e-04
9.79170021e+05 5.42210000e-04
9.79196760e+05 5.78576000e-04
9.79227107e+05 6.24388000e-04
9.79257454e+05 6.75643000e-04
9.79277685e+05 7.13211000e-04
9.79297917e+05 7.53801000e-04
9.79318148e+05 7.97697000e-04
9.79338380e+05 8.45188000e-04
9.79358611e+05 8.96570000e-04
9.79384862e+05 9.69522000e-04
9.79411113e+05 1.05014700e-03
9.79437364e+05 1.13900000e-03
9.79463615e+05 1.23652700e-03
9.79489866e+05 1.34301600e-03
9.79518968e+05 1.47154300e-03
9.79549496e+05 1.61745500e-03
9.79590199e+05 1.82620900e-03
9.79661431e+05 2.20514100e-03
9.79692591e+05 2.36095000e-03
9.79713364e+05 2.45558600e-03
9.79734137e+05 2.53970100e-03
9.79754910e+05 2.61066100e-03
9.79775683e+05 2.66609500e-03
9.79796456e+05 2.70407200e-03
9.79817229e+05 2.72324800e-03
9.79827616e+05 2.72555000e-03
9.79843211e+05 2.71982500e-03
9.79866605e+05 2.69092800e-03
9.79889998e+05 2.63894100e-03
9.79913392e+05 2.56617000e-03
9.79936785e+05 2.47568400e-03
9.79952381e+05 2.40727800e-03
9.79983572e+05 2.25614800e-03
9.80030359e+05 2.00971300e-03
9.80085312e+05 1.71852700e-03
9.80117978e+05 1.55548500e-03
9.80142477e+05 1.44103000e-03
9.80166976e+05 1.33418700e-03
9.80191475e+05 1.23524400e-03
9.80217164e+05 1.13992400e-03
9.80245233e+05 1.04526700e-03
9.80263946e+05 9.87380000e-04
9.80282659e+05 9.33422000e-04
9.80310728e+05 8.59365000e-04
9.80338797e+05 7.92899000e-04
9.80357510e+05 7.52438000e-04
9.80379757e+05 7.07994000e-04
9.80402005e+05 6.67188000e-04
9.80424252e+05 6.29687000e-04
9.80446500e+05 5.95188000e-04
9.80468748e+05 5.63413000e-04
9.80490995e+05 5.34113000e-04
9.80513243e+05 5.07059000e-04
9.80535490e+05 4.82044000e-04
9.80562438e+05 4.54211000e-04
9.80589387e+05 4.28814000e-04
9.80616335e+05 4.05600000e-04
9.80643283e+05 3.84336000e-04
9.80670231e+05 3.64802000e-04
9.80697179e+05 3.46808000e-04
9.80737601e+05 3.22391000e-04
9.80768490e+05 3.05593000e-04
9.80803317e+05 2.88356000e-04
9.80838145e+05 2.72711000e-04
9.80872973e+05 2.58470000e-04
9.80907801e+05 2.45475000e-04
9.80942628e+05 2.33591000e-04
9.80977456e+05 2.22704000e-04
9.81029698e+05 2.08023000e-04
9.81071555e+05 1.97493000e-04
9.81113412e+05 1.87905000e-04
9.81155269e+05 1.79164000e-04
9.81218055e+05 1.67432000e-04
9.81280840e+05 1.57098000e-04
9.81343626e+05 1.47955000e-04
9.81407237e+05 1.39752000e-04
9.81471261e+05 1.32435000e-04
9.81535286e+05 1.25903000e-04
9.81599310e+05 1.20027000e-04
9.81663334e+05 1.14738000e-04
9.81750055e+05 1.08384000e-04
9.81838132e+05 1.02730000e-04
9.81926208e+05 9.77616000e-05
9.82014284e+05 9.33854000e-05
9.82096006e+05 8.97650000e-05
9.82209059e+05 8.53351000e-05
9.82322112e+05 8.14621000e-05
9.82458292e+05 7.74602000e-05
9.82606036e+05 7.37386000e-05
9.82753779e+05 7.05765000e-05
9.82907134e+05 6.77498000e-05
9.83060488e+05 6.53100000e-05
9.83230835e+05 6.29972000e-05
9.83401181e+05 6.09709000e-05
9.83683012e+05 5.82156000e-05
9.83964843e+05 5.59867000e-05
9.84282521e+05 5.39777000e-05
9.84603981e+05 5.23224000e-05
9.84889379e+05 5.11253000e-05
9.85067623e+05 5.04435000e-05
9.85424112e+05 4.93129000e-05
9.85958845e+05 4.79706000e-05
9.86482322e+05 4.69530000e-05
9.87172788e+05 4.59312000e-05
9.88126954e+05 4.49138000e-05
9.89315941e+05 4.40476000e-05
9.90740193e+05 4.33556000e-05
9.92851578e+05 4.27163000e-05
9.95906688e+05 4.21934000e-05
1.00059666e+06 4.17910000e-05
1.00913543e+06 4.14927000e-05
1.02596016e+06 4.13585000e-05
1.05028594e+06 4.15287000e-05
1.07104267e+06 4.19468000e-05
1.08645688e+06 4.25300000e-05
1.09866944e+06 4.32688000e-05
1.10827550e+06 4.41375000e-05
1.11588240e+06 4.51136000e-05
1.12210330e+06 4.62021000e-05
1.12758457e+06 4.74836000e-05
1.13217714e+06 4.88935000e-05
1.13593469e+06 5.03703000e-05
1.13916961e+06 5.19543000e-05
1.14198703e+06 5.36491000e-05
1.14449140e+06 5.54804000e-05
1.14696152e+06 5.76733000e-05
1.14903296e+06 5.98965000e-05
1.15080848e+06 6.21529000e-05
1.15258400e+06 6.48172000e-05
1.15406360e+06 6.74194000e-05
1.15569498e+06 7.08017000e-05
1.15702280e+06 7.40396000e-05
1.15820648e+06 7.73806000e-05
1.15939016e+06 8.12397000e-05
1.16027792e+06 8.45569000e-05
1.16131364e+06 8.89257000e-05
1.16220140e+06 9.32178000e-05
1.16308916e+06 9.81037000e-05
1.16391774e+06 1.03295000e-04
1.16477590e+06 1.09440000e-04
1.16548611e+06 1.15228000e-04
1.16619632e+06 1.21776000e-04
1.16690653e+06 1.29209000e-04
1.16749837e+06 1.36208000e-04
1.16809021e+06 1.44053000e-04
1.16868205e+06 1.52903000e-04
1.16927389e+06 1.62892000e-04
1.16974736e+06 1.71867000e-04
1.17022083e+06 1.81860000e-04
1.17069430e+06 1.93017000e-04
1.17116778e+06 2.05520000e-04
1.17164125e+06 2.19566000e-04
1.17199635e+06 2.31292000e-04
1.17235146e+06 2.44170000e-04
1.17270656e+06 2.58391000e-04
1.17306166e+06 2.74069000e-04
1.17341677e+06 2.91481000e-04
1.17377187e+06 3.10786000e-04
1.17412698e+06 3.32323000e-04
1.17442290e+06 3.52116000e-04
1.17471882e+06 3.73977000e-04
1.17501474e+06 3.98109000e-04
1.17531066e+06 4.24792000e-04
1.17560658e+06 4.54370000e-04
1.17590250e+06 4.87229000e-04
1.17619842e+06 5.23757000e-04
1.17643515e+06 5.56000000e-04
1.17667189e+06 5.91329000e-04
1.17690862e+06 6.30022000e-04
1.17714536e+06 6.72445000e-04
1.17738210e+06 7.19002000e-04
1.17761883e+06 7.70133000e-04
1.17785557e+06 8.26311000e-04
1.17809230e+06 8.88029000e-04
1.17832904e+06 9.55793000e-04
1.17856578e+06 1.03009300e-03
1.17880251e+06 1.11137800e-03
1.17903925e+06 1.19999800e-03
1.17927598e+06 1.29614500e-03
1.17951272e+06 1.39988600e-03
1.17980864e+06 1.53946200e-03
1.18078518e+06 2.03560300e-03
1.18108110e+06 2.17423900e-03
1.18131783e+06 2.26995600e-03
1.18152498e+06 2.33772400e-03
1.18171776e+06 2.38421700e-03
1.18190129e+06 2.41165200e-03
1.18209260e+06 2.42154300e-03
1.18228073e+06 2.41203300e-03
1.18246885e+06 2.38387300e-03
1.18266450e+06 2.33665000e-03
1.18282702e+06 2.28451900e-03
1.18306376e+06 2.19149900e-03
1.18330050e+06 2.08364300e-03
1.18424744e+06 1.60242400e-03
1.18454336e+06 1.45886900e-03
1.18483928e+06 1.32542800e-03
1.18507602e+06 1.22688000e-03
1.18531275e+06 1.13604800e-03
1.18554949e+06 1.05265700e-03
1.18578622e+06 9.76382000e-04
1.18602296e+06 9.06800000e-04
1.18625970e+06 8.43423000e-04
1.18649643e+06 7.85746000e-04
1.18673317e+06 7.33270000e-04
1.18696990e+06 6.85512000e-04
1.18720664e+06 6.42021000e-04
1.18744338e+06 6.02382000e-04
1.18768011e+06 5.66218000e-04
1.18791685e+06 5.33241000e-04
1.18821277e+06 4.95925000e-04
1.18850869e+06 4.62389000e-04
1.18880461e+06 4.32242000e-04
1.18910053e+06 4.05079000e-04
1.18939645e+06 3.80549000e-04
1.18969237e+06 3.58344000e-04
1.18999121e+06 3.38017000e-04
1.19028421e+06 3.19928000e-04
1.19057580e+06 3.03454000e-04
1.19097125e+06 2.83369000e-04
1.19138987e+06 2.64500000e-04
1.19182299e+06 2.47214000e-04
1.19217810e+06 2.34531000e-04
1.19253320e+06 2.23002000e-04
1.19290690e+06 2.12023000e-04
1.19337312e+06 1.99726000e-04
1.19383935e+06 1.88775000e-04
1.19430872e+06 1.78944000e-04
1.19478219e+06 1.70083000e-04
1.19525566e+06 1.62161000e-04
1.19584750e+06 1.53389000e-04
1.19651830e+06 1.44752000e-04
1.19714955e+06 1.37721000e-04
1.19779860e+06 1.31429000e-04
1.19845160e+06 1.25954000e-04
1.19919726e+06 1.20606000e-04
1.19999038e+06 1.15853000e-04
1.20078827e+06 1.11928000e-04
1.20155876e+06 1.08863000e-04
1.20229805e+06 1.06572000e-04
1.20290448e+06 1.05145000e-04
1.20364478e+06 1.03959000e-04
1.20464713e+06 1.03311000e-04
1.20540515e+06 1.03656000e-04
1.20616316e+06 1.04762000e-04
1.20679962e+06 1.06383000e-04
1.20746272e+06 1.08853000e-04
1.20806900e+06 1.11936000e-04
1.20860532e+06 1.15458000e-04
1.20910057e+06 1.19508000e-04
1.20955954e+06 1.24079000e-04
1.21001851e+06 1.29582000e-04
1.21043636e+06 1.35557000e-04
1.21075286e+06 1.40838000e-04
1.21112004e+06 1.47898000e-04
1.21139542e+06 1.53963000e-04
1.21167080e+06 1.60797000e-04
1.21194618e+06 1.68534000e-04
1.21222157e+06 1.77265000e-04
1.21249695e+06 1.87166000e-04
1.21277233e+06 1.98440000e-04
1.21304771e+06 2.11274000e-04
1.21327720e+06 2.23365000e-04
1.21350668e+06 2.36941000e-04
1.21373617e+06 2.52155000e-04
1.21393063e+06 2.66539000e-04
1.21414924e+06 2.84513000e-04
1.21433283e+06 3.01277000e-04
1.21454059e+06 3.22314000e-04
1.21474590e+06 3.45413000e-04
1.21492949e+06 3.68232000e-04
1.21511308e+06 3.93302000e-04
1.21529969e+06 4.21203000e-04
1.21548025e+06 4.50638000e-04
1.21566384e+06 4.83138000e-04
1.21589333e+06 5.27142000e-04
1.21607691e+06 5.64901000e-04
1.21681127e+06 7.24648000e-04
1.21704075e+06 7.70324000e-04
1.21722434e+06 8.01766000e-04
1.21736203e+06 8.21027000e-04
1.21750204e+06 8.35841000e-04
1.21765605e+06 8.46142000e-04
1.21781039e+06 8.49791000e-04
1.21794580e+06 8.47160000e-04
1.21808121e+06 8.39041000e-04
1.21823134e+06 8.24228000e-04
1.21837176e+06 8.05356000e-04
1.21855535e+06 7.74712000e-04
1.21873894e+06 7.38930000e-04
1.21949624e+06 5.73827000e-04
1.21970278e+06 5.30570000e-04
1.21993226e+06 4.85718000e-04
1.22011585e+06 4.52552000e-04
1.22029944e+06 4.21960000e-04
1.22048303e+06 3.93846000e-04
1.22066661e+06 3.68105000e-04
1.22085020e+06 3.44599000e-04
1.22103379e+06 3.23169000e-04
1.22121738e+06 3.03649000e-04
1.22140097e+06 2.85877000e-04
1.22158455e+06 2.69726000e-04
1.22181404e+06 2.51524000e-04
1.22204352e+06 2.35242000e-04
1.22227301e+06 2.20688000e-04
1.22250249e+06 2.07654000e-04
1.22273198e+06 1.95954000e-04
1.22296146e+06 1.85444000e-04
1.22323685e+06 1.74162000e-04
1.22346633e+06 1.65746000e-04
1.22374171e+06 1.56692000e-04
1.22401709e+06 1.48575000e-04
1.22429248e+06 1.41312000e-04
1.22456786e+06 1.34793000e-04
1.22493503e+06 1.27085000e-04
1.22530221e+06 1.20317000e-04
1.22566939e+06 1.14358000e-04
1.22603656e+06 1.09096000e-04
1.22649553e+06 1.03331000e-04
1.22695450e+06 9.83069000e-05
1.22741347e+06 9.39269000e-05
1.22796424e+06 8.93569000e-05
1.22851500e+06 8.54069000e-05
1.22915756e+06 8.14404000e-05
1.22980012e+06 7.80399000e-05
1.23053447e+06 7.47139000e-05
1.23136061e+06 7.15427000e-05
1.23222692e+06 6.87396000e-05
1.23308175e+06 6.63883000e-05
1.23399969e+06 6.42275000e-05
1.23514712e+06 6.19491000e-05
1.23652403e+06 5.97059000e-05
1.23790094e+06 5.78696000e-05
1.23950733e+06 5.61231000e-05
1.24134321e+06 5.45169000e-05
1.24340858e+06 5.30877000e-05
1.24591217e+06 5.17636000e-05
1.24855432e+06 5.07353000e-05
1.25139330e+06 4.99767000e-05
1.25415719e+06 4.95443000e-05
1.25618709e+06 4.94364000e-05
1.25832410e+06 4.95679000e-05
1.26046112e+06 4.99948000e-05
1.26218223e+06 5.07001000e-05
1.26351789e+06 5.15820000e-05
1.26463094e+06 5.26548000e-05
1.26552138e+06 5.38362000e-05
1.26630051e+06 5.52047000e-05
1.26696834e+06 5.67225000e-05
1.26752487e+06 5.83206000e-05
1.26807583e+06 6.02923000e-05
1.26854888e+06 6.23965000e-05
1.26894957e+06 6.45745000e-05
1.26935027e+06 6.72173000e-05
1.26970645e+06 7.00603000e-05
1.27001810e+06 7.30345000e-05
1.27028523e+06 7.60421000e-05
1.27055237e+06 7.95660000e-05
1.27077498e+06 8.29863000e-05
1.27099759e+06 8.69505000e-05
1.27122020e+06 9.15475000e-05
1.27139828e+06 9.57849000e-05
1.27157637e+06 1.00633000e-04
1.27175446e+06 1.06164000e-04
1.27188803e+06 1.10855000e-04
1.27202159e+06 1.16115000e-04
1.27215516e+06 1.22006000e-04
1.27228872e+06 1.28621000e-04
1.27242229e+06 1.36080000e-04
1.27255586e+06 1.44495000e-04
1.27266716e+06 1.52370000e-04
1.27277847e+06 1.61175000e-04
1.27288977e+06 1.71019000e-04
1.27300108e+06 1.82045000e-04
1.27311238e+06 1.94408000e-04
1.27322369e+06 2.08252000e-04
1.27331273e+06 2.20566000e-04
1.27340177e+06 2.34157000e-04
1.27349082e+06 2.49123000e-04
1.27357986e+06 2.65584000e-04
1.27366891e+06 2.83665000e-04
1.27375795e+06 3.03488000e-04
1.27384699e+06 3.25152000e-04
1.27393604e+06 3.48734000e-04
1.27402508e+06 3.74293000e-04
1.27413639e+06 4.08801000e-04
1.27428108e+06 4.56754000e-04
1.27451482e+06 5.36394000e-04
1.27462613e+06 5.71608000e-04
1.27471810e+06 5.96987000e-04
1.27480003e+06 6.15380000e-04
1.27487686e+06 6.28096000e-04
1.27494666e+06 6.35270000e-04
1.27501327e+06 6.37909000e-04
1.27507570e+06 6.36547000e-04
1.27513813e+06 6.31503000e-04
1.27520492e+06 6.22274000e-04
1.27527170e+06 6.09442000e-04
1.27533848e+06 5.93394000e-04
1.27542752e+06 5.68049000e-04
1.27556109e+06 5.25043000e-04
1.27582822e+06 4.34058000e-04
1.27593953e+06 3.97925000e-04
1.27605083e+06 3.64287000e-04
1.27613988e+06 3.39449000e-04
1.27622892e+06 3.16593000e-04
1.27631797e+06 2.95638000e-04
1.27640701e+06 2.76490000e-04
1.27649605e+06 2.59039000e-04
1.27658510e+06 2.43162000e-04
1.27667414e+06 2.28728000e-04
1.27676319e+06 2.15621000e-04
1.27685223e+06 2.03744000e-04
1.27696353e+06 1.90386000e-04
1.27707484e+06 1.78450000e-04
1.27718614e+06 1.67799000e-04
1.27729745e+06 1.58287000e-04
1.27740875e+06 1.49794000e-04
1.27754232e+06 1.40733000e-04
1.27767589e+06 1.32697000e-04
1.27778719e+06 1.26726000e-04
1.27792076e+06 1.20323000e-04
1.27805432e+06 1.14601000e-04
1.27818789e+06 1.09495000e-04
1.27834692e+06 1.04091000e-04
1.27849954e+06 9.95057000e-05
1.27867763e+06 9.47885000e-05
1.27885572e+06 9.06508000e-05
1.27907833e+06 8.61549000e-05
1.27930094e+06 8.22731000e-05
1.27952355e+06 7.89201000e-05
1.27979068e+06 7.54613000e-05
1.28005781e+06 7.25055000e-05
1.28036947e+06 6.95790000e-05
1.28072564e+06 6.67781000e-05
1.28112634e+06 6.41735000e-05
1.28157156e+06 6.18073000e-05
1.28205017e+06 5.97459000e-05
1.28260670e+06 5.78142000e-05
1.28327453e+06 5.59961000e-05
1.28394236e+06 5.45824000e-05
1.28472149e+06 5.33131000e-05
1.28572324e+06 5.21103000e-05
1.28683629e+06 5.11840000e-05
1.28817195e+06 5.04846000e-05
1.28955662e+06 5.01251000e-05
1.29038667e+06 5.00679000e-05
1.29167879e+06 5.02282000e-05
1.29297091e+06 5.07280000e-05
1.29400958e+06 5.14789000e-05
1.29484946e+06 5.24234000e-05
1.29554225e+06 5.35355000e-05
1.29609953e+06 5.47514000e-05
1.29656393e+06 5.60758000e-05
1.29700738e+06 5.77054000e-05
1.29736702e+06 5.93881000e-05
1.29772666e+06 6.15071000e-05
1.29801438e+06 6.36270000e-05
1.29828024e+06 6.60347000e-05
1.29850649e+06 6.85215000e-05
1.29869686e+06 7.10238000e-05
1.29888369e+06 7.39365000e-05
1.29906333e+06 7.72589000e-05
1.29921423e+06 8.05511000e-05
1.29936514e+06 8.44178000e-05
1.29949448e+06 8.82984000e-05
1.29962382e+06 9.28261000e-05
1.29974776e+06 9.78753000e-05
1.29984474e+06 1.02440000e-04
1.29994172e+06 1.07678000e-04
1.30003871e+06 1.13684000e-04
1.30011953e+06 1.19400000e-04
1.30019946e+06 1.25829000e-04
1.30027586e+06 1.32812000e-04
1.30035226e+06 1.40751000e-04
1.30041337e+06 1.47931000e-04
1.30047449e+06 1.55993000e-04
1.30053561e+06 1.65064000e-04
1.30059673e+06 1.75296000e-04
1.30064257e+06 1.83875000e-04
1.30068841e+06 1.93370000e-04
1.30073424e+06 2.03909000e-04
1.30078008e+06 2.15636000e-04
1.30082592e+06 2.28729000e-04
1.30087176e+06 2.43400000e-04
1.30091760e+06 2.59911000e-04
1.30095580e+06 2.75322000e-04
1.30099400e+06 2.92484000e-04
1.30103219e+06 3.11666000e-04
1.30107039e+06 3.33192000e-04
1.30110019e+06 3.51868000e-04
1.30113456e+06 3.75796000e-04
1.30116512e+06 3.99522000e-04
1.30119568e+06 4.25914000e-04
1.30122624e+06 4.55381000e-04
1.30124916e+06 4.79795000e-04
1.30126826e+06 5.01856000e-04
1.30128965e+06 5.28640000e-04
1.30131181e+06 5.58966000e-04
1.30133626e+06 5.95880000e-04
1.30136070e+06 6.36926000e-04
1.30138515e+06 6.82734000e-04
1.30140807e+06 7.30682000e-04
1.30142793e+06 7.76752000e-04
1.30144627e+06 8.23521000e-04
1.30146460e+06 8.74906000e-04
1.30148294e+06 9.31519000e-04
1.30150127e+06 9.94059000e-04
1.30151961e+06 1.06334600e-03
1.30153795e+06 1.14034300e-03
1.30155628e+06 1.22616000e-03
1.30157232e+06 1.30951700e-03
1.30158607e+06 1.38789300e-03
1.30159983e+06 1.47342000e-03
1.30161281e+06 1.56146700e-03
1.30162657e+06 1.66320800e-03
1.30164184e+06 1.78766600e-03
1.30165712e+06 1.92551500e-03
1.30167050e+06 2.05831200e-03
1.30168386e+06 2.20360100e-03
1.30169723e+06 2.36251600e-03
1.30170907e+06 2.51557600e-03
1.30172130e+06 2.68654600e-03
1.30173352e+06 2.87148000e-03
1.30174575e+06 3.07113500e-03
1.30175797e+06 3.28607800e-03
1.30177019e+06 3.51677200e-03
1.30178242e+06 3.76339800e-03
1.30179464e+06 4.02584300e-03
1.30181298e+06 4.44817000e-03
1.30183131e+06 4.90191800e-03
1.30185499e+06 5.52519700e-03
1.30190800e+06 6.97084000e-03
1.30192929e+06 7.51449900e-03
1.30194553e+06 7.89017400e-03
1.30195928e+06 8.17233400e-03
1.30197188e+06 8.39570300e-03
1.30198411e+06 8.57538400e-03
1.30199566e+06 8.70845200e-03
1.30201132e+06 8.82710200e-03
1.30202511e+06 8.86994600e-03
1.30202790e+06 8.87143400e-03
1.30203911e+06 8.85299600e-03
1.30205033e+06 8.79580600e-03
1.30206242e+06 8.69191700e-03
1.30207884e+06 8.48476900e-03
1.30209106e+06 8.28537700e-03
1.30210405e+06 8.03629800e-03
1.30211895e+06 7.71033700e-03
1.30214015e+06 7.18944900e-03
1.30216393e+06 6.55500900e-03
1.30220451e+06 5.44396200e-03
1.30222247e+06 4.97108800e-03
1.30223775e+06 4.58725900e-03
1.30225608e+06 4.15450000e-03
1.30226830e+06 3.88469400e-03
1.30228053e+06 3.63062200e-03
1.30229275e+06 3.39253200e-03
1.30230498e+06 3.17030000e-03
1.30231720e+06 2.96362400e-03
1.30232942e+06 2.77193700e-03
1.30234165e+06 2.59457800e-03
1.30235463e+06 2.42097800e-03
1.30236724e+06 2.26614900e-03
1.30237870e+06 2.13629400e-03
1.30239207e+06 1.99690300e-03
1.30240735e+06 1.85223400e-03
1.30242263e+06 1.72164500e-03
1.30243791e+06 1.60367900e-03
1.30245242e+06 1.50206000e-03
1.30246618e+06 1.41421400e-03
1.30248222e+06 1.32100500e-03
1.30249597e+06 1.24821400e-03
1.30250972e+06 1.18130300e-03
1.30252806e+06 1.10024700e-03
1.30254639e+06 1.02741000e-03
1.30256473e+06 9.61763000e-04
1.30258306e+06 9.02416000e-04
1.30260140e+06 8.48616000e-04
1.30261973e+06 7.99712000e-04
1.30263807e+06 7.55137000e-04
1.30265641e+06 7.14407000e-04
1.30267780e+06 6.71185000e-04
1.30270224e+06 6.26744000e-04
1.30272669e+06 5.86892000e-04
1.30275114e+06 5.51020000e-04
1.30277711e+06 5.16696000e-04
1.30280614e+06 4.82336000e-04
1.30283670e+06 4.50094000e-04
1.30286726e+06 4.21311000e-04
1.30289782e+06 3.95515000e-04
1.30292838e+06 3.72316000e-04
1.30295961e+06 3.50948000e-04
1.30299236e+06 3.30746000e-04
1.30302722e+06 3.11409000e-04
1.30306437e+06 2.92924000e-04
1.30310257e+06 2.75891000e-04
1.30314267e+06 2.59868000e-04
1.30318660e+06 2.44197000e-04
1.30323244e+06 2.29634000e-04
1.30327828e+06 2.16640000e-04
1.30332412e+06 2.05009000e-04
1.30336996e+06 1.94567000e-04
1.30341961e+06 1.84420000e-04
1.30347691e+06 1.73994000e-04
1.30353803e+06 1.64148000e-04
1.30359915e+06 1.55433000e-04
1.30366409e+06 1.47243000e-04
1.30373667e+06 1.39181000e-04
1.30381306e+06 1.31733000e-04
1.30389117e+06 1.25055000e-04
1.30397270e+06 1.18946000e-04
1.30406113e+06 1.13157000e-04
1.30415997e+06 1.07531000e-04
1.30426402e+06 1.02402000e-04
1.30437326e+06 9.77642000e-05
1.30449440e+06 9.33570000e-05
1.30462517e+06 8.92922000e-05
1.30476039e+06 8.57172000e-05
1.30490563e+06 8.24736000e-05
1.30506795e+06 7.94147000e-05
1.30524370e+06 7.66923000e-05
1.30543930e+06 7.42169000e-05
1.30564706e+06 7.21189000e-05
1.30588450e+06 7.02665000e-05
1.30612195e+06 6.88912000e-05
1.30638287e+06 6.78538000e-05
1.30663070e+06 6.72824000e-05
1.30687853e+06 6.70969000e-05
1.30712637e+06 6.73006000e-05
1.30737420e+06 6.79189000e-05
1.30759379e+06 6.88667000e-05
1.30780460e+06 7.02079000e-05
1.30801541e+06 7.20493000e-05
1.30817787e+06 7.38972000e-05
1.30832178e+06 7.59475000e-05
1.30846568e+06 7.84742000e-05
1.30860959e+06 8.15718000e-05
1.30873452e+06 8.48421000e-05
1.30883654e+06 8.80401000e-05
1.30893857e+06 9.18302000e-05
1.30903754e+06 9.61775000e-05
1.30912561e+06 1.00734000e-04
1.30921063e+06 1.05886000e-04
1.30927865e+06 1.10666000e-04
1.30934666e+06 1.16162000e-04
1.30941468e+06 1.22488000e-04
1.30946569e+06 1.27892000e-04
1.30951670e+06 1.33981000e-04
1.30956772e+06 1.40863000e-04
1.30961873e+06 1.48665000e-04
1.30966974e+06 1.57547000e-04
1.30971480e+06 1.66458000e-04
1.30974987e+06 1.74214000e-04
1.30978197e+06 1.82039000e-04
1.30982278e+06 1.93136000e-04
1.30986019e+06 2.04612000e-04
1.30989419e+06 2.16311000e-04
1.30992820e+06 2.29413000e-04
1.30996221e+06 2.44148000e-04
1.30999197e+06 2.58605000e-04
1.31001577e+06 2.71385000e-04
1.31004043e+06 2.85918000e-04
1.31006763e+06 3.03695000e-04
1.31009484e+06 3.23564000e-04
1.31012205e+06 3.45858000e-04
1.31014755e+06 3.69323000e-04
1.31016966e+06 3.91989000e-04
1.31019006e+06 4.15112000e-04
1.31021047e+06 4.40647000e-04
1.31023087e+06 4.68922000e-04
1.31025128e+06 5.00325000e-04
1.31027168e+06 5.35305000e-04
1.31029209e+06 5.74398000e-04
1.31030994e+06 6.12466000e-04
1.31032525e+06 6.48347000e-04
1.31034055e+06 6.87587000e-04
1.31035500e+06 7.28080000e-04
1.31037030e+06 7.74983000e-04
1.31038731e+06 8.32517000e-04
1.31040431e+06 8.96426000e-04
1.31041919e+06 9.58169000e-04
1.31043195e+06 1.01583900e-03
1.31044512e+06 1.08042700e-03
1.31045873e+06 1.15283500e-03
1.31047233e+06 1.23147600e-03
1.31048593e+06 1.31674600e-03
1.31049954e+06 1.40899400e-03
1.31051314e+06 1.50849900e-03
1.31052674e+06 1.61545100e-03
1.31054035e+06 1.72988500e-03
1.31055395e+06 1.85169500e-03
1.31057265e+06 2.03062800e-03
1.31059348e+06 2.24368500e-03
1.31062452e+06 2.58036900e-03
1.31066830e+06 3.06151100e-03
1.31068913e+06 3.27468900e-03
1.31070869e+06 3.45457700e-03
1.31072399e+06 3.57660600e-03
1.31073781e+06 3.66952600e-03
1.31075087e+06 3.74015800e-03
1.31076344e+06 3.79087100e-03
1.31077595e+06 3.82348100e-03
1.31079183e+06 3.83817500e-03
1.31080722e+06 3.82351100e-03
1.31082261e+06 3.78086300e-03
1.31083962e+06 3.70287300e-03
1.31085322e+06 3.61904600e-03
1.31086682e+06 3.51827200e-03
1.31088383e+06 3.37196200e-03
1.31090551e+06 3.15993500e-03
1.31092868e+06 2.91275300e-03
1.31098032e+06 2.34334100e-03
1.31100115e+06 2.12460200e-03
1.31102008e+06 1.93731600e-03
1.31104037e+06 1.75101000e-03
1.31105387e+06 1.63612800e-03
1.31106747e+06 1.52776800e-03
1.31108107e+06 1.42686800e-03
1.31109468e+06 1.33326100e-03
1.31110828e+06 1.24669700e-03
1.31112188e+06 1.16683000e-03
1.31113549e+06 1.09327600e-03
1.31114888e+06 1.02663300e-03
1.31116184e+06 9.67174000e-04
1.31117566e+06 9.08884000e-04
1.31119160e+06 8.47563000e-04
1.31120860e+06 7.88494000e-04
1.31122603e+06 7.34009000e-04
1.31124346e+06 6.84970000e-04
1.31125961e+06 6.43835000e-04
1.31127619e+06 6.05459000e-04
1.31129532e+06 5.65462000e-04
1.31131573e+06 5.27237000e-04
1.31133613e+06 4.93008000e-04
1.31135654e+06 4.62260000e-04
1.31137694e+06 4.34557000e-04
1.31139735e+06 4.09524000e-04
1.31141775e+06 3.86839000e-04
1.31143986e+06 3.64592000e-04
1.31146536e+06 3.41542000e-04
1.31149257e+06 3.19625000e-04
1.31151978e+06 3.00076000e-04
1.31154698e+06 2.82571000e-04
1.31157376e+06 2.67076000e-04
1.31159969e+06 2.53508000e-04
1.31162733e+06 2.40415000e-04
1.31165921e+06 2.26830000e-04
1.31169407e+06 2.13582000e-04
1.31173148e+06 2.00957000e-04
1.31177112e+06 1.89110000e-04
1.31181108e+06 1.78526000e-04
1.31185146e+06 1.69019000e-04
1.31189418e+06 1.60077000e-04
1.31193977e+06 1.51610000e-04
1.31198654e+06 1.43909000e-04
1.31203436e+06 1.36913000e-04
1.31208431e+06 1.30423000e-04
1.31213745e+06 1.24301000e-04
1.31219696e+06 1.18253000e-04
1.31226285e+06 1.12381000e-04
1.31233087e+06 1.07082000e-04
1.31240101e+06 1.02310000e-04
1.31247753e+06 9.77781000e-05
1.31256255e+06 9.34163000e-05
1.31265607e+06 8.92876000e-05
1.31275808e+06 8.54362000e-05
1.31286813e+06 8.18993000e-05
1.31298689e+06 7.86671000e-05
1.31311737e+06 7.56768000e-05
1.31325985e+06 7.29320000e-05
1.31341603e+06 7.04338000e-05
1.31359294e+06 6.80904000e-05
1.31368750e+06 6.69890000e-05
1.31390860e+06 6.48479000e-05
1.31413983e+06 6.30572000e-05
1.31440059e+06 6.14526000e-05
1.31471791e+06 5.99423000e-05
1.31512256e+06 5.85113000e-05
1.31555020e+06 5.74289000e-05
1.31610529e+06 5.64748000e-05
1.31682264e+06 5.57475000e-05
1.31804184e+06 5.53194000e-05
1.31914597e+06 5.55447000e-05
1.32022118e+06 5.61644000e-05
1.32133109e+06 5.72074000e-05
1.32234850e+06 5.85548000e-05
1.32327342e+06 6.01707000e-05
1.32410585e+06 6.20259000e-05
1.32484578e+06 6.40816000e-05
1.32549323e+06 6.62812000e-05
1.32604818e+06 6.85486000e-05
1.32660313e+06 7.12562000e-05
1.32706559e+06 7.39360000e-05
1.32756545e+06 7.73645000e-05
1.32799051e+06 8.08274000e-05
1.32836048e+06 8.43457000e-05
1.32873045e+06 8.84270000e-05
1.32900792e+06 9.19366000e-05
1.32933165e+06 9.66105000e-05
1.32960912e+06 1.01201000e-04
1.32988660e+06 1.06437000e-04
1.33016407e+06 1.12410000e-04
1.33039530e+06 1.18050000e-04
1.33062653e+06 1.24401000e-04
1.33085776e+06 1.31554000e-04
1.33108899e+06 1.39617000e-04
1.33132022e+06 1.48710000e-04
1.33155145e+06 1.58965000e-04
1.33178268e+06 1.70504000e-04
1.33201391e+06 1.83436000e-04
1.33224514e+06 1.97827000e-04
1.33246603e+06 2.12959000e-04
1.33270760e+06 2.30963000e-04
1.33344754e+06 2.89870000e-04
1.33366405e+06 3.05585000e-04
1.33385701e+06 3.17516000e-04
1.33401621e+06 3.25285000e-04
1.33416040e+06 3.30311000e-04
1.33429171e+06 3.33018000e-04
1.33441871e+06 3.33806000e-04
1.33456024e+06 3.32595000e-04
1.33470178e+06 3.29305000e-04
1.33483492e+06 3.24372000e-04
1.33497366e+06 3.17492000e-04
1.33516367e+06 3.05873000e-04
1.33534363e+06 2.93134000e-04
1.33614538e+06 2.30934000e-04
1.33640728e+06 2.12212000e-04
1.33663851e+06 1.97200000e-04
1.33686974e+06 1.83669000e-04
1.33706779e+06 1.73253000e-04
1.33728596e+06 1.62974000e-04
1.33751719e+06 1.53308000e-04
1.33774842e+06 1.44787000e-04
1.33797725e+06 1.37360000e-04
1.33821088e+06 1.30695000e-04
1.33844211e+06 1.24911000e-04
1.33871958e+06 1.18878000e-04
1.33899706e+06 1.13679000e-04
1.33922829e+06 1.09922000e-04
1.33949732e+06 1.06120000e-04
1.33978324e+06 1.02647000e-04
1.34015321e+06 9.88871000e-05
1.34056307e+06 9.55249000e-05
1.34097354e+06 9.28710000e-05
1.34144810e+06 9.05269000e-05
1.34191056e+06 8.88722000e-05
1.34244976e+06 8.75919000e-05
1.34301735e+06 8.68793000e-05
1.34348292e+06 8.67334000e-05
1.34413037e+06 8.71109000e-05
1.34477781e+06 8.80984000e-05
1.34549468e+06 8.98763000e-05
1.34616519e+06 9.21885000e-05
1.34687841e+06 9.53476000e-05
1.34755257e+06 9.90320000e-05
1.34817132e+06 1.03052000e-04
1.34875035e+06 1.07409000e-04
1.34939846e+06 1.12963000e-04
1.34998049e+06 1.18606000e-04
1.35065699e+06 1.25940000e-04
1.35136786e+06 1.34372000e-04
1.35332530e+06 1.59196000e-04
1.35381615e+06 1.64801000e-04
1.35430701e+06 1.69607000e-04
1.35479786e+06 1.73348000e-04
1.35528936e+06 1.75790000e-04
1.35581112e+06 1.76795000e-04
1.35629317e+06 1.76120000e-04
1.35677522e+06 1.74039000e-04
1.35720636e+06 1.71057000e-04
1.35765971e+06 1.67044000e-04
1.35835656e+06 1.59505000e-04
1.36031998e+06 1.35545000e-04
1.36105626e+06 1.27216000e-04
1.36180852e+06 1.19589000e-04
1.36252883e+06 1.13195000e-04
1.36326511e+06 1.07561000e-04
1.36383545e+06 1.03796000e-04
1.36449225e+06 1.00059000e-04
1.36522853e+06 9.65518000e-05
1.36603631e+06 9.34401000e-05
1.36687584e+06 9.09009000e-05
1.36788931e+06 8.86713000e-05
1.36890277e+06 8.72131000e-05
1.37002666e+06 8.63598000e-05
1.37092970e+06 8.61755000e-05
1.37212867e+06 8.65249000e-05
1.37332763e+06 8.74383000e-05
1.37476916e+06 8.91031000e-05
1.37903741e+06 9.53353000e-05
1.38044503e+06 9.68357000e-05
1.38224378e+06 9.76333000e-05
1.38347699e+06 9.72891000e-05
1.38471020e+06 9.62458000e-05
1.38603716e+06 9.44723000e-05
1.38993215e+06 8.80761000e-05
1.39089700e+06 8.69165000e-05
1.39221244e+06 8.61883000e-05
1.39290920e+06 8.64516000e-05
1.39360596e+06 8.72852000e-05
1.39411269e+06 8.84338000e-05
1.39458960e+06 9.00579000e-05
1.39503144e+06 9.21742000e-05
1.39543480e+06 9.47841000e-05
1.39578774e+06 9.77524000e-05
1.39609026e+06 1.00949000e-04
1.39634236e+06 1.04201000e-04
1.39659446e+06 1.08124000e-04
1.39684656e+06 1.12852000e-04
1.39704824e+06 1.17358000e-04
1.39724992e+06 1.22654000e-04
1.39740118e+06 1.27262000e-04
1.39756800e+06 1.33117000e-04
1.39772891e+06 1.39640000e-04
1.39787009e+06 1.46238000e-04
1.39801630e+06 1.54103000e-04
1.39815748e+06 1.62853000e-04
1.39827849e+06 1.71458000e-04
1.39839950e+06 1.81271000e-04
1.39850034e+06 1.90546000e-04
1.39860118e+06 2.01024000e-04
1.39870202e+06 2.12869000e-04
1.39880286e+06 2.26270000e-04
1.39888353e+06 2.38337000e-04
1.39896420e+06 2.51846000e-04
1.39904487e+06 2.66983000e-04
1.39912554e+06 2.83977000e-04
1.39920622e+06 3.03078000e-04
1.39926672e+06 3.19047000e-04
1.39932722e+06 3.36689000e-04
1.39938773e+06 3.56197000e-04
1.39944823e+06 3.77796000e-04
1.39950874e+06 4.01748000e-04
1.39955823e+06 4.23362000e-04
1.39960224e+06 4.44328000e-04
1.39966000e+06 4.74604000e-04
1.39971546e+06 5.06967000e-04
1.39976588e+06 5.39622000e-04
1.39981630e+06 5.75810000e-04
1.39986672e+06 6.15989000e-04
1.39991714e+06 6.60664000e-04
1.39996756e+06 7.10421000e-04
1.40001294e+06 7.60147000e-04
1.40005327e+06 8.08814000e-04
1.40009361e+06 8.62181000e-04
1.40013394e+06 9.20737000e-04
1.40017428e+06 9.85000000e-04
1.40021462e+06 1.05552900e-03
1.40025495e+06 1.13290300e-03
1.40029529e+06 1.21770800e-03
1.40033562e+06 1.31050000e-03
1.40037596e+06 1.41176400e-03
1.40041630e+06 1.52185700e-03
1.40045663e+06 1.64093300e-03
1.40049697e+06 1.76881700e-03
1.40054132e+06 1.91869200e-03
1.40061014e+06 2.16542500e-03
1.40072058e+06 2.57015100e-03
1.40076419e+06 2.71907500e-03
1.40080957e+06 2.85696800e-03
1.40084487e+06 2.94715400e-03
1.40087577e+06 3.01071900e-03
1.40090604e+06 3.05697700e-03
1.40093674e+06 3.08620100e-03
1.40096798e+06 3.09672300e-03
1.40099944e+06 3.08741700e-03
1.40103090e+06 3.05849000e-03
1.40106423e+06 3.00753400e-03
1.40109192e+06 2.95061800e-03
1.40112218e+06 2.87507500e-03
1.40116251e+06 2.75642500e-03
1.40121293e+06 2.58742500e-03
1.40131220e+06 2.22494200e-03
1.40137175e+06 2.00763000e-03
1.40141965e+06 1.84067700e-03
1.40146503e+06 1.69221700e-03
1.40150537e+06 1.56935400e-03
1.40154570e+06 1.45547000e-03
1.40158604e+06 1.35054400e-03
1.40162638e+06 1.25427500e-03
1.40166671e+06 1.16621000e-03
1.40170705e+06 1.08580900e-03
1.40174738e+06 1.01249000e-03
1.40178772e+06 9.45667000e-04
1.40182806e+06 8.84767000e-04
1.40186839e+06 8.29244000e-04
1.40190873e+06 7.78590000e-04
1.40194780e+06 7.33730000e-04
1.40198562e+06 6.93900000e-04
1.40202974e+06 6.51427000e-04
1.40208016e+06 6.07532000e-04
1.40213058e+06 5.68002000e-04
1.40218100e+06 5.32353000e-04
1.40223142e+06 5.00161000e-04
1.40228436e+06 4.69640000e-04
1.40234234e+06 4.39564000e-04
1.40240284e+06 4.11407000e-04
1.40246335e+06 3.86126000e-04
1.40252385e+06 3.63374000e-04
1.40258436e+06 3.42847000e-04
1.40264486e+06 3.24284000e-04
1.40270536e+06 3.07465000e-04
1.40277091e+06 2.90982000e-04
1.40284654e+06 2.73885000e-04
1.40292721e+06 2.57575000e-04
1.40300788e+06 2.43001000e-04
1.40308856e+06 2.29964000e-04
1.40317427e+06 2.17583000e-04
1.40327007e+06 2.05256000e-04
1.40337091e+06 1.93726000e-04
1.40347175e+06 1.83493000e-04
1.40357763e+06 1.73970000e-04
1.40369360e+06 1.64745000e-04
1.40381965e+06 1.55912000e-04
1.40394979e+06 1.47887000e-04
1.40408372e+06 1.40643000e-04
1.40423309e+06 1.33555000e-04
1.40438435e+06 1.27304000e-04
1.40453561e+06 1.21817000e-04
1.40468687e+06 1.17006000e-04
1.40488855e+06 1.11445000e-04
1.40509023e+06 1.06674000e-04
1.40529191e+06 1.02586000e-04
1.40549359e+06 9.90857000e-05
1.40574569e+06 9.53885000e-05
1.40599779e+06 9.23200000e-05
1.40630031e+06 8.93420000e-05
1.40660283e+06 8.70189000e-05
1.40692828e+06 8.51683000e-05
1.40722623e+06 8.40346000e-05
1.40770302e+06 8.32484000e-05
1.40798216e+06 8.34944000e-05
1.40826131e+06 8.42752000e-05
1.40852890e+06 8.56482000e-05
1.40876305e+06 8.74611000e-05
1.40896375e+06 8.95838000e-05
1.40913100e+06 9.18661000e-05
1.40930433e+06 9.48361000e-05
1.40946549e+06 9.82588000e-05
1.40959929e+06 1.01717000e-04
1.40973309e+06 1.05855000e-04
1.40983344e+06 1.09518000e-04
1.40995051e+06 1.14516000e-04
1.41004417e+06 1.19183000e-04
1.41014117e+06 1.24797000e-04
1.41023483e+06 1.31091000e-04
1.41031511e+06 1.37324000e-04
1.41039539e+06 1.44493000e-04
1.41047567e+06 1.52749000e-04
1.41054256e+06 1.60630000e-04
1.41060946e+06 1.69608000e-04
1.41067636e+06 1.79853000e-04
1.41072988e+06 1.89138000e-04
1.41078340e+06 1.99570000e-04
1.41083692e+06 2.11317000e-04
1.41089044e+06 2.24582000e-04
1.41093058e+06 2.35701000e-04
1.41097072e+06 2.47986000e-04
1.41101086e+06 2.61598000e-04
1.41105100e+06 2.76712000e-04
1.41109114e+06 2.93533000e-04
1.41113127e+06 3.12303000e-04
1.41117141e+06 3.33313000e-04
1.41120152e+06 3.50761000e-04
1.41122828e+06 3.67649000e-04
1.41126173e+06 3.90801000e-04
1.41129518e+06 4.16495000e-04
1.41132863e+06 4.45064000e-04
1.41136208e+06 4.76903000e-04
1.41139134e+06 5.07815000e-04
1.41141476e+06 5.34846000e-04
1.41143901e+06 5.65229000e-04
1.41146577e+06 6.01848000e-04
1.41149253e+06 6.42036000e-04
1.41151929e+06 6.86141000e-04
1.41154605e+06 7.34534000e-04
1.41157281e+06 7.87585000e-04
1.41159957e+06 8.45653000e-04
1.41162633e+06 9.09061000e-04
1.41165309e+06 9.78057000e-04
1.41167985e+06 1.05278600e-03
1.41170615e+06 1.13180200e-03
1.41173246e+06 1.21606600e-03
1.41177275e+06 1.35392200e-03
1.41187218e+06 1.71407500e-03
1.41190730e+06 1.83380700e-03
1.41193908e+06 1.93054400e-03
1.41196584e+06 1.99961300e-03
1.41198758e+06 2.04526600e-03
1.41200765e+06 2.07782100e-03
1.41202794e+06 2.10048900e-03
1.41204866e+06 2.11239200e-03
1.41205913e+06 2.11396700e-03
1.41208097e+06 2.10760200e-03
1.41210282e+06 2.08841100e-03
1.41212560e+06 2.05539300e-03
1.41214593e+06 2.01561800e-03
1.41217240e+06 1.95095500e-03
1.41220166e+06 1.86557500e-03
1.41223511e+06 1.75489800e-03
1.41228779e+06 1.56547400e-03
1.41234048e+06 1.37375900e-03
1.41237392e+06 1.25725700e-03
1.41240236e+06 1.16366000e-03
1.41242912e+06 1.08099500e-03
1.41245588e+06 1.00399000e-03
1.41248264e+06 9.32742000e-04
1.41250940e+06 8.67166000e-04
1.41253615e+06 8.07046000e-04
1.41256291e+06 7.52074000e-04
1.41258967e+06 7.01905000e-04
1.41261643e+06 6.56167000e-04
1.41264319e+06 6.14491000e-04
1.41266995e+06 5.76515000e-04
1.41269838e+06 5.39831000e-04
1.41273016e+06 5.02827000e-04
1.41276361e+06 4.67907000e-04
1.41279706e+06 4.36622000e-04
1.41283051e+06 4.08535000e-04
1.41286396e+06 3.83264000e-04
1.41289741e+06 3.60480000e-04
1.41293086e+06 3.39890000e-04
1.41297100e+06 3.17703000e-04
1.41301114e+06 2.97900000e-04
1.41305128e+06 2.80165000e-04
1.41309142e+06 2.64235000e-04
1.41313155e+06 2.49891000e-04
1.41317169e+06 2.36945000e-04
1.41321183e+06 2.25229000e-04
1.41326535e+06 2.11247000e-04
1.41331887e+06 1.98857000e-04
1.41337239e+06 1.87836000e-04
1.41342591e+06 1.78000000e-04
1.41347608e+06 1.69723000e-04
1.41352626e+06 1.62249000e-04
1.41359316e+06 1.53343000e-04
1.41366006e+06 1.45466000e-04
1.41373365e+06 1.37823000e-04
1.41381393e+06 1.30509000e-04
1.41390089e+06 1.23590000e-04
1.41399455e+06 1.17101000e-04
1.41408821e+06 1.11447000e-04
1.41418354e+06 1.06419000e-04
1.41428222e+06 1.01859000e-04
1.41438257e+06 9.77907000e-05
1.41449964e+06 9.36504000e-05
1.41463344e+06 8.95544000e-05
1.41478396e+06 8.55889000e-05
1.41486758e+06 8.36469000e-05
1.41503483e+06 8.02432000e-05
1.41520208e+06 7.73314000e-05
1.41540278e+06 7.43754000e-05
1.41563692e+06 7.14950000e-05
1.41590452e+06 6.87774000e-05
1.41617211e+06 6.65365000e-05
1.41649099e+06 6.43394000e-05
1.41680987e+06 6.25375000e-05
1.41726541e+06 6.04512000e-05
1.41773049e+06 5.87586000e-05
1.41833433e+06 5.70260000e-05
1.41903882e+06 5.54598000e-05
1.41988986e+06 5.40109000e-05
1.42092947e+06 5.26650000e-05
1.42215849e+06 5.14646000e-05
1.42383682e+06 5.02477000e-05
1.42595542e+06 4.91349000e-05
1.42859258e+06 4.81406000e-05
1.43231388e+06 4.71708000e-05
1.43701508e+06 4.63657000e-05
1.44240873e+06 4.57862000e-05
1.44943321e+06 4.53752000e-05
1.45797797e+06 4.52246000e-05
1.46768426e+06 4.54010000e-05
1.47739055e+06 4.58885000e-05
1.48653608e+06 4.66683000e-05
1.49763632e+06 4.81561000e-05
1.49959752e+06 4.85431000e-05
1.49963925e+06 4.87426000e-05
1.49966056e+06 4.90240000e-05
1.49968187e+06 4.95808000e-05
1.49969381e+06 5.00922000e-05
1.49970574e+06 5.08162000e-05
1.49971662e+06 5.17244000e-05
1.49972751e+06 5.29431000e-05
1.49973778e+06 5.44583000e-05
1.49974685e+06 5.61612000e-05
1.49975592e+06 5.82817000e-05
1.49976362e+06 6.04734000e-05
1.49976982e+06 6.25350000e-05
1.49977724e+06 6.54033000e-05
1.49978293e+06 6.79324000e-05
1.49978862e+06 7.07776000e-05
1.49979557e+06 7.47306000e-05
1.49980126e+06 7.83902000e-05
1.49980695e+06 8.24679000e-05
1.49981239e+06 8.67859000e-05
1.49981896e+06 9.26023000e-05
1.49982503e+06 9.85934000e-05
1.49983034e+06 1.04359000e-04
1.49983539e+06 1.10332000e-04
1.49984121e+06 1.17815000e-04
1.49984639e+06 1.25068000e-04
1.49985309e+06 1.35296000e-04
1.49985992e+06 1.46757000e-04
1.49986650e+06 1.58827000e-04
1.49987256e+06 1.70907000e-04
1.49987863e+06 1.83917000e-04
1.49988470e+06 1.97876000e-04
1.49989153e+06 2.14732000e-04
1.49989722e+06 2.29723000e-04
1.49990404e+06 2.48850000e-04
1.49991087e+06 2.69211000e-04
1.49991770e+06 2.90790000e-04
1.49992794e+06 3.25376000e-04
1.49993628e+06 3.55425000e-04
1.49994792e+06 3.99900000e-04
1.49996131e+06 4.54373000e-04
1.49997813e+06 5.26514000e-04
1.50002503e+06 7.34993000e-04
1.50004392e+06 8.14913000e-04
1.50006135e+06 8.83324000e-04
1.50007298e+06 9.25311000e-04
1.50008783e+06 9.74165000e-04
1.50010462e+06 1.02249000e-03
1.50011883e+06 1.05754100e-03
1.50013433e+06 1.08983000e-03
1.50014983e+06 1.11629300e-03
1.50016824e+06 1.14093300e-03
1.50018584e+06 1.15857900e-03
1.50020667e+06 1.17341800e-03
1.50023767e+06 1.18664000e-03
1.50026868e+06 1.19309600e-03
1.50033069e+06 1.19690200e-03
1.91689522e+06 1.20000000e-03
1.93041720e+06 1.20000000e-03
1.95683429e+06 1.20000000e-03
2.00281180e+06 1.19756300e-03
2.10179084e+06 1.11382000e-03
2.21021921e+06 1.03269000e-03
2.32260912e+06 9.58550000e-04
2.42796065e+06 8.96353000e-04
2.53714899e+06 8.38621000e-04
2.64842596e+06 7.85886000e-04
2.75702710e+06 7.39657000e-04
2.88015129e+06 6.92270000e-04
3.00000000e+06 6.50025000e-04
3.36333574e+06 6.08782000e-04
3.74855344e+06 5.71823000e-04
4.00000000e+06 5.49990000e-04
4.29801307e+06 5.04909000e-04
4.53896776e+06 4.72652000e-04
4.76944522e+06 4.45172000e-04
5.00000000e+06 4.20021000e-04
6.00000000e+06 4.59984000e-04
6.53150806e+06 4.26379000e-04
7.00000000e+06 4.00012000e-04
8.00000000e+06 4.09991000e-04
8.78585566e+06 3.78066000e-04
9.00000000e+06 3.70004000e-04
1.00000000e+07 3.50004000e-04
1.01410820e+07 3.50000000e-04
1.02841544e+07 3.50000000e-04
1.04292453e+07 3.50000000e-04
1.05763832e+07 3.50000000e-04
1.07255969e+07 3.50000000e-04
1.08769158e+07 3.50000000e-04
1.10000000e+07 3.50000000e-04
1.11551902e+07 3.59060000e-04
1.12419028e+07 3.64122000e-04
1.14005058e+07 3.73526000e-04
1.14268146e+07 3.75086000e-04
1.15674917e+07 3.83526000e-04
1.17306882e+07 3.93440000e-04
1.17817613e+07 3.96542000e-04
1.19479808e+07 4.06792000e-04
1.20000000e+07 4.10000000e-04
1.21692984e+07 4.16750000e-04
1.23409853e+07 4.23594000e-04
1.24899960e+07 4.29535000e-04
1.26662074e+07 4.36606000e-04
1.28449048e+07 4.43776000e-04
1.30000000e+07 4.50000000e-04
1.30603524e+07 4.58164000e-04
1.31171872e+07 4.65953000e-04
1.32244199e+07 4.80915000e-04
1.33189674e+07 4.94400000e-04
1.34022508e+07 5.06509000e-04
1.34755509e+07 5.17348000e-04
1.35400172e+07 5.27022000e-04
1.36535763e+07 5.44389000e-04
1.37393702e+07 5.57789000e-04
1.38040692e+07 5.68055000e-04
1.39016894e+07 5.83809000e-04
1.40000000e+07 6.00000000e-04
1.41975148e+07 6.09823000e-04
1.43978162e+07 6.19785000e-04
1.46009434e+07 6.29887000e-04
1.48069365e+07 6.40132000e-04
1.49666296e+07 6.48074000e-04
1.51777818e+07 6.58684000e-04
1.53919129e+07 6.69444000e-04
1.56090651e+07 6.80356000e-04
1.58292809e+07 6.91422000e-04
1.60000000e+07 7.00000000e-04
1.60898636e+07 7.20056000e-04
1.61745690e+07 7.39381000e-04
1.62543853e+07 7.57968000e-04
1.63295708e+07 7.75818000e-04
1.64003729e+07 7.92934000e-04
1.64670288e+07 8.09322000e-04
1.65297646e+07 8.24994000e-04
1.65887966e+07 8.39962000e-04
1.66443304e+07 8.54241000e-04
1.66965623e+07 8.67848000e-04
1.67949392e+07 8.93949000e-04
1.68814943e+07 9.17429000e-04
1.69575959e+07 9.38480000e-04
1.70244662e+07 9.57295000e-04
1.70831939e+07 9.74068000e-04
1.71864554e+07 1.00413100e-03
1.72643109e+07 1.02728500e-03
1.73229339e+07 1.04500000e-03
1.74112419e+07 1.07214700e-03
1.75000000e+07 1.10000000e-03
1.75365506e+07 1.12007500e-03
1.75726047e+07 1.14019400e-03
1.76081678e+07 1.16035100e-03
1.76432455e+07 1.18054100e-03
1.76778434e+07 1.20075900e-03
1.77119670e+07 1.22100000e-03
1.77456217e+07 1.24125700e-03
1.77788130e+07 1.26152600e-03
1.78115464e+07 1.28180100e-03
1.78438271e+07 1.30207800e-03
1.78756606e+07 1.32235200e-03
1.79070521e+07 1.34261600e-03
1.79690155e+07 1.38342500e-03
1.80292469e+07 1.42414100e-03
1.80877886e+07 1.46472600e-03
1.81446822e+07 1.50514600e-03
1.81999684e+07 1.54536600e-03
1.82536877e+07 1.58535400e-03
1.83058794e+07 1.62507900e-03
1.83565824e+07 1.66451200e-03
1.84058348e+07 1.70362400e-03
1.84536741e+07 1.74239000e-03
1.85001371e+07 1.78078600e-03
1.85452596e+07 1.81878900e-03
1.85890769e+07 1.85637700e-03
1.86316237e+07 1.89353200e-03
1.86729338e+07 1.93023400e-03
1.87130403e+07 1.96646700e-03
1.87519756e+07 2.00221700e-03
1.87897714e+07 2.03746900e-03
1.88264588e+07 2.07221100e-03
1.88620679e+07 2.10643300e-03
1.88966286e+07 2.14012400e-03
1.89301695e+07 2.17327600e-03
1.89953247e+07 2.23897600e-03
1.90566113e+07 2.30237200e-03
1.91142471e+07 2.36343600e-03
1.91684389e+07 2.42215300e-03
1.92193833e+07 2.47852500e-03
1.92672667e+07 2.53256400e-03
1.93122656e+07 2.58429500e-03
1.93545476e+07 2.63375300e-03
1.93942710e+07 2.68097800e-03
1.94315858e+07 2.72602100e-03
1.94666335e+07 2.76893600e-03
1.95325186e+07 2.85123000e-03
1.95903509e+07 2.92524200e-03
1.96410946e+07 2.99157600e-03
1.96856032e+07 3.05085100e-03
1.97246309e+07 3.10368000e-03
1.97931157e+07 3.19834100e-03
1.98446352e+07 3.27122600e-03
1.98833629e+07 3.32697800e-03
1.99415962e+07 3.41239300e-03
2.00000000e+07 3.50000000e-03
2.00000100e+07 0.00000000e+00
2.02821741e+07 0.00000000e+00
2.05683191e+07 0.00000000e+00
2.08585011e+07 0.00000000e+00
2.11527770e+07 0.00000000e+00
2.14512046e+07 0.00000000e+00
2.17538425e+07 0.00000000e+00
2.17538425e+07 0.00000000e+00
2.20607500e+07 0.00000000e+00
2.23719875e+07 0.00000000e+00
2.26876160e+07 0.00000000e+00
2.26876160e+07 0.00000000e+00
2.30076974e+07 0.00000000e+00
2.33322946e+07 0.00000000e+00
2.36614713e+07 0.00000000e+00
2.39952920e+07 0.00000000e+00
2.43338224e+07 0.00000000e+00
2.46771289e+07 0.00000000e+00
2.46771289e+07 0.00000000e+00
2.50252787e+07 0.00000000e+00
2.53783404e+07 0.00000000e+00
2.57363831e+07 0.00000000e+00
2.60994771e+07 0.00000000e+00
2.64676937e+07 0.00000000e+00
2.64676938e+07 0.00000000e+00
2.68411053e+07 0.00000000e+00
2.72197849e+07 0.00000000e+00
2.76038071e+07 0.00000000e+00
2.79932471e+07 0.00000000e+00
2.79932471e+07 0.00000000e+00
2.83881815e+07 0.00000000e+00
2.87886876e+07 0.00000000e+00
2.91948442e+07 0.00000000e+00
2.96067309e+07 0.00000000e+00
3.00244286e+07 0.00000000e+00
3.04480192e+07 0.00000000e+00
3.08775859e+07 0.00000000e+00
3.08775859e+07 0.00000000e+00
3.13132131e+07 0.00000000e+00
3.17549862e+07 0.00000000e+00
3.22029919e+07 0.00000000e+00
3.26573181e+07 0.00000000e+00
3.31180541e+07 0.00000000e+00
3.35852902e+07 0.00000000e+00
3.40591182e+07 0.00000000e+00
3.45396311e+07 0.00000000e+00
3.45396311e+07 0.00000000e+00
3.50269231e+07 0.00000000e+00
3.55210899e+07 0.00000000e+00
3.60222286e+07 0.00000000e+00
3.65304374e+07 0.00000000e+00
3.70458161e+07 0.00000000e+00
3.75684659e+07 0.00000000e+00
3.80984893e+07 0.00000000e+00
3.86359904e+07 0.00000000e+00
3.91810747e+07 0.00000000e+00
3.97338491e+07 0.00000000e+00
4.02944222e+07 0.00000000e+00
4.08629040e+07 0.00000000e+00
4.14394060e+07 0.00000000e+00
4.14394060e+07 0.00000000e+00
4.20240414e+07 0.00000000e+00
4.26169250e+07 0.00000000e+00
4.26169250e+07 0.00000000e+00
4.32181731e+07 0.00000000e+00
4.38279038e+07 0.00000000e+00
4.44462366e+07 0.00000000e+00
4.50732930e+07 0.00000000e+00
4.57091960e+07 0.00000000e+00
4.57091960e+07 0.00000000e+00
4.63540705e+07 0.00000000e+00
4.70080430e+07 0.00000000e+00
4.76712419e+07 0.00000000e+00
4.76712419e+07 0.00000000e+00
4.83437973e+07 0.00000000e+00
4.90258412e+07 0.00000000e+00
4.97175076e+07 0.00000000e+00
5.04189321e+07 0.00000000e+00
5.04189322e+07 0.00000000e+00
5.11302525e+07 0.00000000e+00
5.18516084e+07 0.00000000e+00
5.25831412e+07 0.00000000e+00
5.33249947e+07 0.00000000e+00
5.33249947e+07 0.00000000e+00
5.40773144e+07 0.00000000e+00
5.48402480e+07 0.00000000e+00
5.56139451e+07 0.00000000e+00
5.63985578e+07 0.00000000e+00
5.71942399e+07 0.00000000e+00
5.80011477e+07 0.00000000e+00
5.88194395e+07 0.00000000e+00
5.96492759e+07 0.00000000e+00
6.04908198e+07 0.00000000e+00
6.13442364e+07 0.00000000e+00
6.13442364e+07 0.00000000e+00
6.22096932e+07 0.00000000e+00
6.30873600e+07 0.00000000e+00
6.30873600e+07 0.00000000e+00
6.39774091e+07 0.00000000e+00
6.48800151e+07 0.00000000e+00
6.57953554e+07 0.00000000e+00
6.67236094e+07 0.00000000e+00
6.76649594e+07 0.00000000e+00
6.86195902e+07 0.00000000e+00
6.95876891e+07 0.00000000e+00
7.05694462e+07 0.00000000e+00
7.15650540e+07 0.00000000e+00
7.25747081e+07 0.00000000e+00
7.35986066e+07 0.00000000e+00
7.46369505e+07 0.00000000e+00
7.56899435e+07 0.00000000e+00
7.56899435e+07 0.00000000e+00
7.67577923e+07 0.00000000e+00
7.78407066e+07 0.00000000e+00
7.89388989e+07 0.00000000e+00
8.00525847e+07 0.00000000e+00
8.11819825e+07 0.00000000e+00
8.11819825e+07 0.00000000e+00
8.23273142e+07 0.00000000e+00
8.34888044e+07 0.00000000e+00
8.34888044e+07 0.00000000e+00
8.46666812e+07 0.00000000e+00
8.58611756e+07 0.00000000e+00
8.70725223e+07 0.00000000e+00
8.83009588e+07 0.00000000e+00
8.95467264e+07 0.00000000e+00
9.08100695e+07 0.00000000e+00
9.20912362e+07 0.00000000e+00
9.33904777e+07 0.00000000e+00
9.47080493e+07 0.00000000e+00
9.60442094e+07 0.00000000e+00
9.73992203e+07 0.00000000e+00
9.87733480e+07 0.00000000e+00
1.00166862e+08 0.00000000e+00
1.01580036e+08 0.00000000e+00
1.03013148e+08 0.00000000e+00
1.04466478e+08 0.00000000e+00
1.05940312e+08 0.00000000e+00
1.07434939e+08 0.00000000e+00
1.08950652e+08 0.00000000e+00
1.10487750e+08 0.00000000e+00
1.12046533e+08 0.00000000e+00
1.13627308e+08 0.00000000e+00
1.15230385e+08 0.00000000e+00
1.16856078e+08 0.00000000e+00
1.18504707e+08 0.00000000e+00
1.18504707e+08 0.00000000e+00
1.20176595e+08 0.00000000e+00
1.21872071e+08 0.00000000e+00
1.23591466e+08 0.00000000e+00
1.23591466e+08 0.00000000e+00
1.25335120e+08 0.00000000e+00
1.27103372e+08 0.00000000e+00
1.28896572e+08 0.00000000e+00
1.30715071e+08 0.00000000e+00
1.30715071e+08 0.00000000e+00
1.32559225e+08 0.00000000e+00
1.34429397e+08 0.00000000e+00
1.36325954e+08 0.00000000e+00
1.38249268e+08 0.00000000e+00
1.40199716e+08 0.00000000e+00
1.42177682e+08 0.00000000e+00
1.42177682e+08 0.00000000e+00
1.44183553e+08 0.00000000e+00
1.46217724e+08 0.00000000e+00
1.48280592e+08 0.00000000e+00
1.50000000e+08 0.00000000e+00
