4655
1.00000000e-05 5.17019174e+01
1.10303700e-05 4.92327866e+01
1.21669100e-05 4.68820494e+01
1.34205500e-05 4.46440527e+01
1.48033600e-05 4.25134146e+01
1.63286500e-05 4.04850113e+01
1.80111100e-05 3.85539648e+01
1.98669100e-05 3.67156315e+01
2.19139400e-05 3.49655903e+01
2.41718900e-05 3.32996327e+01
2.66624800e-05 3.17137522e+01
2.94097100e-05 3.02041351e+01
3.24399900e-05 2.87671509e+01
3.57825100e-05 2.73993436e+01
3.94694300e-05 2.60974238e+01
4.35362400e-05 2.48582604e+01
4.80220800e-05 2.36788731e+01
5.29701300e-05 2.25564254e+01
5.84280100e-05 2.14882175e+01
6.44482500e-05 2.04716802e+01
7.10888100e-05 1.95043683e+01
7.84135800e-05 1.85839548e+01
8.64930800e-05 1.77082257e+01
9.54050600e-05 1.68750741e+01
1.05235300e-04 1.60824952e+01
1.16078400e-04 1.53285820e+01
1.28038800e-04 1.46115199e+01
1.41231500e-04 1.39295829e+01
1.55783600e-04 1.32811291e+01
1.71835100e-04 1.26645970e+01
1.89540400e-04 1.20785013e+01
2.09070100e-04 1.15214296e+01
2.30612000e-04 1.09920388e+01
2.54373600e-04 1.04890520e+01
2.82562700e-04 9.97794357e+00
3.13860300e-04 9.49456767e+00
3.48641700e-04 9.03713000e+00
3.87258400e-04 8.60478672e+00
4.30173500e-04 8.19592947e+00
4.77821000e-04 7.80980003e+00
5.30772100e-04 7.44495729e+00
5.89562300e-04 7.10071928e+00
6.54896300e-04 6.77579503e+00
7.27434800e-04 6.46957002e+00
8.08047600e-04 6.18088761e+00
8.97549700e-04 5.90919233e+00
9.97014300e-04 5.65344711e+00
1.10744690e-03 5.41314745e+00
1.23017180e-03 5.18736191e+00
1.36642980e-03 4.97562913e+00
1.52848680e-03 4.76438130e+00
1.70976350e-03 4.56753559e+00
1.91253940e-03 4.38438442e+00
2.13936440e-03 4.21425081e+00
2.39309040e-03 4.05648528e+00
2.69579130e-03 3.90168106e+00
3.03663170e-03 3.75946974e+00
3.42073380e-03 3.62903232e+00
3.88041270e-03 3.50308792e+00
4.40186350e-03 3.38885117e+00
5.02836410e-03 3.28013426e+00
5.74431390e-03 3.18267207e+00
6.60816850e-03 3.09134038e+00
7.65518250e-03 3.00679072e+00
8.93064410e-03 2.92945007e+00
1.04921098e-02 2.85956340e+00
1.24998802e-02 2.79479667e+00
1.51026960e-02 2.73610593e+00
1.85040202e-02 2.68412791e+00
2.31534016e-02 2.63783969e+00
2.52418800e-02 2.62265452e+00
2.53000000e-02 2.62226827e+00
3.27861652e-02 2.58404733e+00
4.43090356e-02 2.55035587e+00
6.33362665e-02 2.52150444e+00
9.57477306e-02 2.49816568e+00
1.46794615e-01 2.48362313e+00
3.96912728e-01 2.46146977e+00
2.18174116e+01 2.45139603e+00
4.59947981e+03 2.43259531e+00
4.85301648e+03 2.43845358e+00
4.90180088e+03 2.45101508e+00
4.92348225e+03 2.46969911e+00
4.93600782e+03 2.49494496e+00
4.94383630e+03 2.52648926e+00
4.94853339e+03 2.55881354e+00
4.95223908e+03 2.59961925e+00
4.95501835e+03 2.64819100e+00
4.95640799e+03 2.68406328e+00
4.95779762e+03 2.73449767e+00
4.95872404e+03 2.78117117e+00
4.95965047e+03 2.84393897e+00
4.96034529e+03 2.90591621e+00
4.96104010e+03 2.98530056e+00
4.96173492e+03 3.08759628e+00
4.96219813e+03 3.17191261e+00
4.96266134e+03 3.27198992e+00
4.96312456e+03 3.39070932e+00
4.96360010e+03 3.53543684e+00
4.96396600e+03 3.66505031e+00
4.96433190e+03 3.81276420e+00
4.96469781e+03 3.98079206e+00
4.96506371e+03 4.17151985e+00
4.96542961e+03 4.38750357e+00
4.96579552e+03 4.63145836e+00
4.96616142e+03 4.90624216e+00
4.96652733e+03 5.21483642e+00
4.96689323e+03 5.56032273e+00
4.96725913e+03 5.94584418e+00
4.96765318e+03 6.40943275e+00
4.96804723e+03 6.92706018e+00
4.96844128e+03 7.50255865e+00
4.96883533e+03 8.13956549e+00
4.96922938e+03 8.84143382e+00
4.96958935e+03 9.54181824e+00
4.96993228e+03 1.02634476e+01
4.97027521e+03 1.10394693e+01
4.97061815e+03 1.18707703e+01
4.97107539e+03 1.30658252e+01
4.97140339e+03 1.39838816e+01
4.97183078e+03 1.52549470e+01
4.97225816e+03 1.66078598e+01
4.97268555e+03 1.80379857e+01
4.97332186e+03 2.02960975e+01
4.97402622e+03 2.29438425e+01
4.97624361e+03 3.16616666e+01
4.97697055e+03 3.43726529e+01
4.97769749e+03 3.68574516e+01
4.97825910e+03 3.85639316e+01
4.97885352e+03 4.01192775e+01
4.97944794e+03 4.13757204e+01
4.98004235e+03 4.22985567e+01
4.98063677e+03 4.28618067e+01
4.98123119e+03 4.30494394e+01
4.98180850e+03 4.28670098e+01
4.98238580e+03 4.23302631e+01
4.98296311e+03 4.14537705e+01
4.98354041e+03 4.02609670e+01
4.98411772e+03 3.87830881e+01
4.98469503e+03 3.70578074e+01
4.98507990e+03 3.57910155e+01
4.98584964e+03 3.30380949e+01
4.98681181e+03 2.93285821e+01
4.98840617e+03 2.30505316e+01
4.98916895e+03 2.01890921e+01
4.98964331e+03 1.85000119e+01
4.99008351e+03 1.70076914e+01
4.99052371e+03 1.55953861e+01
4.99096391e+03 1.42686055e+01
4.99140939e+03 1.30166930e+01
4.99186016e+03 1.18448965e+01
4.99219823e+03 1.10289911e+01
4.99253631e+03 1.02666015e+01
4.99287438e+03 9.55686231e+00
4.99323899e+03 8.84899763e+00
4.99361687e+03 8.17636853e+00
4.99399474e+03 7.56324711e+00
4.99437262e+03 7.00670233e+00
4.99475050e+03 6.50356293e+00
4.99512080e+03 6.05910586e+00
4.99547593e+03 5.67501330e+00
4.99583106e+03 5.32928091e+00
4.99618619e+03 5.01904031e+00
4.99654133e+03 4.74146861e+00
4.99689646e+03 4.49382375e+00
4.99725159e+03 4.27346166e+00
4.99760672e+03 4.07786341e+00
4.99796186e+03 3.90464080e+00
4.99831699e+03 3.75155354e+00
4.99867212e+03 3.61651092e+00
4.99898769e+03 3.51008943e+00
4.99938206e+03 3.39306551e+00
4.99977642e+03 3.29170776e+00
5.00036798e+03 3.16468857e+00
5.00095953e+03 3.06250488e+00
5.00155109e+03 2.98022165e+00
5.00194545e+03 2.93438413e+00
5.00273419e+03 2.85987511e+00
5.00352293e+03 2.80300846e+00
5.00470604e+03 2.74059066e+00
5.00588915e+03 2.69622772e+00
5.00746662e+03 2.65397853e+00
5.00983284e+03 2.61066585e+00
5.01261561e+03 2.57581460e+00
5.01623149e+03 2.54475369e+00
5.02105267e+03 2.51811257e+00
5.02828443e+03 2.49295535e+00
5.04033736e+03 2.47186281e+00
5.04997971e+03 2.46007247e+00
5.07999339e+03 2.44473113e+00
5.17546153e+03 2.43371830e+00
1.48685489e+04 2.39306169e+00
1.50520963e+04 2.39927012e+00
1.50875034e+04 2.41268405e+00
1.50989859e+04 2.42707540e+00
1.51035789e+04 2.44045726e+00
1.51070237e+04 2.46172973e+00
1.51093202e+04 2.48831861e+00
1.51110426e+04 2.52011853e+00
1.51127650e+04 2.56781720e+00
1.51139132e+04 2.61199298e+00
1.51150615e+04 2.66924206e+00
1.51161398e+04 2.73784978e+00
1.51172181e+04 2.82406857e+00
1.51180268e+04 2.90242916e+00
1.51188356e+04 2.99434733e+00
1.51196443e+04 3.10156958e+00
1.51204530e+04 3.22591725e+00
1.51212618e+04 3.36925062e+00
1.51220705e+04 3.53343031e+00
1.51228792e+04 3.72027323e+00
1.51236880e+04 3.93149057e+00
1.51243348e+04 4.11901189e+00
1.51249816e+04 4.32380092e+00
1.51256285e+04 4.54642017e+00
1.51265987e+04 4.91464778e+00
1.51275689e+04 5.32454555e+00
1.51285392e+04 5.77572898e+00
1.51293899e+04 6.20407194e+00
1.51304445e+04 6.77449404e+00
1.51314991e+04 7.38331208e+00
1.51330811e+04 8.35138899e+00
1.51359184e+04 1.01466729e+01
1.51373371e+04 1.10052175e+01
1.51384011e+04 1.16019382e+01
1.51395194e+04 1.21663865e+01
1.51406647e+04 1.26602442e+01
1.51418101e+04 1.30524974e+01
1.51425737e+04 1.32507503e+01
1.51433372e+04 1.33946765e+01
1.51441008e+04 1.34820087e+01
1.51448643e+04 1.35113628e+01
1.51458977e+04 1.34580906e+01
1.51469310e+04 1.32994872e+01
1.51479644e+04 1.30401812e+01
1.51489977e+04 1.26876223e+01
1.51500311e+04 1.22517227e+01
1.51510644e+04 1.17443950e+01
1.51524422e+04 1.09800606e+01
1.51538200e+04 1.01463766e+01
1.51569818e+04 8.15186103e+00
1.51580768e+04 7.48449893e+00
1.51591718e+04 6.84889540e+00
1.51602669e+04 6.25379236e+00
1.51611871e+04 5.78969919e+00
1.51621074e+04 5.36120458e+00
1.51630276e+04 4.96969157e+00
1.51639479e+04 4.61556376e+00
1.51648681e+04 4.29836632e+00
1.51656519e+04 4.05646053e+00
1.51663675e+04 3.85737368e+00
1.51670831e+04 3.67805262e+00
1.51677987e+04 3.51738236e+00
1.51685142e+04 3.37416705e+00
1.51692298e+04 3.24714542e+00
1.51699454e+04 3.13503686e+00
1.51708995e+04 3.00653511e+00
1.51718536e+04 2.89928332e+00
1.51728077e+04 2.81044544e+00
1.51739790e+04 2.72269260e+00
1.51751504e+04 2.65432534e+00
1.51763218e+04 2.60150882e+00
1.51774931e+04 2.56098742e+00
1.51792502e+04 2.51747737e+00
1.51810072e+04 2.48858447e+00
1.51833500e+04 2.46439262e+00
1.51868641e+04 2.44467973e+00
1.51915495e+04 2.43135619e+00
1.52056059e+04 2.41409267e+00
1.52525830e+04 2.39907869e+00
1.60860151e+04 2.38840682e+00
5.55283660e+04 2.21527408e+00
7.38414500e+04 2.11766341e+00
8.73585240e+04 2.03114694e+00
9.82718329e+04 1.94804087e+00
1.06475227e+05 1.87454215e+00
1.15048387e+05 1.78267204e+00
1.22241024e+05 1.69118843e+00
1.26535150e+05 1.62831323e+00
1.30722494e+05 1.55934095e+00
1.34781440e+05 1.48270142e+00
1.38333019e+05 1.40695683e+00
1.41377229e+05 1.33414438e+00
1.44421439e+05 1.25276611e+00
1.47211965e+05 1.16929692e+00
1.49495122e+05 1.09375642e+00
1.51524595e+05 1.02027074e+00
1.53655542e+05 9.35945785e-01
1.55482068e+05 8.57165078e-01
1.57105647e+05 7.81702201e-01
1.58729226e+05 7.00778052e-01
1.60149857e+05 6.25374117e-01
1.61570488e+05 5.45585194e-01
1.63378445e+05 4.38066966e-01
1.65957601e+05 2.78267253e-01
1.67092736e+05 2.07679386e-01
1.67557435e+05 1.79453863e-01
1.68064803e+05 1.49608745e-01
1.68470698e+05 1.26624248e-01
1.68889276e+05 1.04011701e-01
1.69142960e+05 9.09353690e-02
1.69383961e+05 7.90369020e-02
1.69634474e+05 6.73200210e-02
1.69853276e+05 5.76413940e-02
1.70004793e+05 5.13018210e-02
1.70151231e+05 4.54534740e-02
1.70254315e+05 4.15521560e-02
1.70416212e+05 3.57189930e-02
1.70538471e+05 3.16033480e-02
1.70628995e+05 2.87281420e-02
1.70712235e+05 2.62184270e-02
1.70791908e+05 2.39413800e-02
1.70868013e+05 2.18904450e-02
1.70927767e+05 2.03652310e-02
1.71014575e+05 1.82816880e-02
1.71079681e+05 1.68157740e-02
1.71143894e+05 1.54711020e-02
1.71208108e+05 1.42254630e-02
1.71270340e+05 1.31124230e-02
1.71332572e+05 1.20944840e-02
1.71387979e+05 1.12683190e-02
1.71443386e+05 1.05191810e-02
1.71496618e+05 9.88063400e-03
1.71545503e+05 9.36338900e-03
1.71594388e+05 8.91087600e-03
1.71630626e+05 8.61878600e-03
1.71670512e+05 8.34448000e-03
1.71710398e+05 8.11724200e-03
1.71750284e+05 7.93650800e-03
1.71795187e+05 7.78773800e-03
1.71832626e+05 7.71164300e-03
1.71870065e+05 7.68045200e-03
1.71901776e+05 7.69193000e-03
1.71933486e+05 7.73560500e-03
1.71965197e+05 7.81236400e-03
1.71996907e+05 7.92283600e-03
1.72028618e+05 8.06750700e-03
1.72060328e+05 8.24686500e-03
1.72092039e+05 8.46160000e-03
1.72123749e+05 8.71329700e-03
1.72163388e+05 9.07928800e-03
1.72203026e+05 9.50228600e-03
1.72242664e+05 9.98265100e-03
1.72282302e+05 1.05210840e-02
1.72317976e+05 1.10573590e-02
1.72353651e+05 1.16440820e-02
1.72389325e+05 1.22816800e-02
1.72425000e+05 1.29726550e-02
1.72469964e+05 1.39184480e-02
1.72514929e+05 1.49466660e-02
1.72559893e+05 1.60645530e-02
1.72604858e+05 1.72646160e-02
1.72662420e+05 1.89410450e-02
1.72719982e+05 2.07597870e-02
1.72778423e+05 2.27705580e-02
1.72838624e+05 2.50049120e-02
1.72898824e+05 2.74259230e-02
1.72952335e+05 2.97263740e-02
1.73002503e+05 3.20153520e-02
1.73052670e+05 3.44311010e-02
1.73120228e+05 3.79103760e-02
1.73187786e+05 4.16454040e-02
1.73232825e+05 4.42731000e-02
1.73298228e+05 4.82994010e-02
1.73363631e+05 5.25799240e-02
1.73434980e+05 5.75460250e-02
1.73506328e+05 6.28409450e-02
1.73582434e+05 6.88522890e-02
1.73658539e+05 7.52533730e-02
1.73734644e+05 8.20572930e-02
1.73810749e+05 8.92773210e-02
1.73886855e+05 9.69270690e-02
1.73962960e+05 1.05028472e-01
1.74048578e+05 1.14709604e-01
1.74134197e+05 1.24986357e-01
1.74243994e+05 1.39094955e-01
1.74353792e+05 1.54251514e-01
1.74478256e+05 1.72778637e-01
1.74569424e+05 1.87289414e-01
1.74660591e+05 2.02674411e-01
1.74762065e+05 2.20843707e-01
1.74863538e+05 2.40150739e-01
1.74965012e+05 2.60648328e-01
1.75066486e+05 2.82387940e-01
1.75167959e+05 3.05423250e-01
1.75269433e+05 3.29810060e-01
1.75370907e+05 3.55606466e-01
1.75472380e+05 3.82872886e-01
1.75573854e+05 4.11672237e-01
1.75675328e+05 4.42081740e-01
1.75789486e+05 4.78355176e-01
1.75903644e+05 5.16893582e-01
1.76030486e+05 5.62315183e-01
1.76182696e+05 6.20742296e-01
1.76334907e+05 6.83882696e-01
1.76487117e+05 7.51784153e-01
1.76639328e+05 8.25029182e-01
1.76791538e+05 9.03643295e-01
1.76943749e+05 9.88274742e-01
1.77095959e+05 1.07894447e+00
1.77248170e+05 1.17637053e+00
1.77400380e+05 1.28056530e+00
1.77552591e+05 1.39231853e+00
1.77704801e+05 1.51162817e+00
1.77857012e+05 1.63935509e+00
1.78009222e+05 1.77547527e+00
1.78161433e+05 1.92091598e+00
1.78313643e+05 2.07562068e+00
1.78465854e+05 2.24058338e+00
1.78618064e+05 2.41589621e+00
1.78821011e+05 2.66677280e+00
1.79023959e+05 2.93779515e+00
1.79226906e+05 3.23001004e+00
1.79404485e+05 3.50425894e+00
1.79632801e+05 3.88251314e+00
1.79835748e+05 4.24318250e+00
1.80038695e+05 4.62767067e+00
1.80241643e+05 5.03587179e+00
1.80444590e+05 5.46745756e+00
1.80647537e+05 5.92223471e+00
1.80951958e+05 6.64489568e+00
1.81256379e+05 7.40646925e+00
1.82474063e+05 1.06444888e+01
1.82880486e+05 1.16763859e+01
1.83206439e+05 1.24374545e+01
1.83539011e+05 1.31299621e+01
1.83877566e+05 1.37312229e+01
1.84137298e+05 1.41133433e+01
1.84465687e+05 1.44946633e+01
1.84706484e+05 1.46983598e+01
1.85010905e+05 1.48759326e+01
1.85492905e+05 1.49751174e+01
1.85860747e+05 1.49138251e+01
1.86228589e+05 1.47765064e+01
1.86634484e+05 1.45313897e+01
1.87193859e+05 1.40907734e+01
1.89712061e+05 1.16619624e+01
1.90096212e+05 1.13610257e+01
1.90116200e+05 1.14085666e+01
1.90129525e+05 1.15071647e+01
1.90139519e+05 1.16476250e+01
1.90149513e+05 1.18729719e+01
1.90156175e+05 1.20824284e+01
1.90162838e+05 1.23450630e+01
1.90169500e+05 1.26617359e+01
1.90176163e+05 1.30280004e+01
1.90199482e+05 1.44843125e+01
1.90208784e+05 1.49757971e+01
1.90214754e+05 1.52081846e+01
1.90220724e+05 1.53556469e+01
1.90226695e+05 1.54074692e+01
1.90232541e+05 1.53618336e+01
1.90238387e+05 1.52240737e+01
1.90242284e+05 1.50855567e+01
1.90250079e+05 1.47156613e+01
1.90257874e+05 1.42577315e+01
1.90277361e+05 1.30243012e+01
1.90285156e+05 1.25919499e+01
1.90293260e+05 1.22135404e+01
1.90301674e+05 1.19030244e+01
1.90310088e+05 1.16708753e+01
1.90318502e+05 1.15045631e+01
1.90331123e+05 1.13458852e+01
1.90347951e+05 1.12357866e+01
1.90373192e+05 1.11612482e+01
1.90423676e+05 1.10839029e+01
1.90674137e+05 1.08256630e+01
1.91387984e+05 1.02398606e+01
1.92164104e+05 9.67211987e+00
1.93070007e+05 9.08375158e+00
1.93929991e+05 8.59139650e+00
1.94857723e+05 8.12402189e+00
1.95815015e+05 7.69972640e+00
1.96797562e+05 7.31829994e+00
1.97951990e+05 6.92799551e+00
1.99094103e+05 6.59340752e+00
2.00368581e+05 6.26960937e+00
2.01680096e+05 5.98117556e+00
2.03143047e+05 5.70313342e+00
2.04783567e+05 5.43616105e+00
2.06324547e+05 5.21983946e+00
2.08238286e+05 4.98910149e+00
2.10150373e+05 4.79132678e+00
2.12383434e+05 4.59445835e+00
2.14935503e+05 4.40392557e+00
2.17721854e+05 4.22887829e+00
2.20776922e+05 4.06756841e+00
2.24231685e+05 3.91501971e+00
2.28233194e+05 3.76879625e+00
2.31850875e+05 3.66216804e+00
2.33429133e+05 3.63650495e+00
2.33999428e+05 3.65106141e+00
2.34189527e+05 3.66849968e+00
2.34402800e+05 3.70983854e+00
2.34517062e+05 3.75238095e+00
2.34631324e+05 3.82250007e+00
2.34690362e+05 3.87976176e+00
2.34749399e+05 3.96121395e+00
2.34788758e+05 4.03657043e+00
2.34827543e+05 4.13566727e+00
2.34856633e+05 4.23315423e+00
2.34885722e+05 4.35917785e+00
2.34905115e+05 4.46473313e+00
2.34924508e+05 4.59383511e+00
2.34943901e+05 4.75381496e+00
2.34957693e+05 4.89196891e+00
2.34971485e+05 5.05594266e+00
2.34985277e+05 5.25236166e+00
2.34995620e+05 5.42626848e+00
2.35005964e+05 5.62830429e+00
2.35016308e+05 5.86452487e+00
2.35026652e+05 6.14245452e+00
2.35036996e+05 6.47145468e+00
2.35043892e+05 6.72470574e+00
2.35050788e+05 7.00957154e+00
2.35057431e+05 7.31792891e+00
2.35063823e+05 7.64986591e+00
2.35070215e+05 8.02030785e+00
2.35076606e+05 8.43317934e+00
2.35082998e+05 8.89231585e+00
2.35089389e+05 9.40119762e+00
2.35095781e+05 9.96268724e+00
2.35102173e+05 1.05786391e+01
2.35108830e+05 1.12786157e+01
2.35115754e+05 1.20680321e+01
2.35122678e+05 1.29153612e+01
2.35133063e+05 1.42757432e+01
2.35157297e+05 1.75926020e+01
2.35166266e+05 1.87250348e+01
2.35174528e+05 1.96425452e+01
2.35180035e+05 2.01635160e+01
2.35185543e+05 2.05971511e+01
2.35191051e+05 2.09326103e+01
2.35196558e+05 2.11612928e+01
2.35202066e+05 2.12772242e+01
2.35204820e+05 2.12918369e+01
2.35211408e+05 2.12089544e+01
2.35217997e+05 2.09631779e+01
2.35224586e+05 2.05637695e+01
2.35231174e+05 2.00254224e+01
2.35237763e+05 1.93672089e+01
2.35244352e+05 1.86113221e+01
2.35253137e+05 1.74928791e+01
2.35280312e+05 1.37851720e+01
2.35288130e+05 1.27784030e+01
2.35295949e+05 1.18367878e+01
2.35303768e+05 1.09710530e+01
2.35311587e+05 1.01864386e+01
2.35318711e+05 9.54275232e+00
2.35324447e+05 9.07257928e+00
2.35332094e+05 8.50884853e+00
2.35339742e+05 8.01197152e+00
2.35347389e+05 7.57542966e+00
2.35355037e+05 7.19250052e+00
2.35362685e+05 6.85669936e+00
2.35370332e+05 6.56199113e+00
2.35377980e+05 6.30290808e+00
2.35386641e+05 6.04636964e+00
2.35395303e+05 5.82314411e+00
2.35403964e+05 5.62802788e+00
2.35416957e+05 5.37880687e+00
2.35429949e+05 5.17170320e+00
2.35442941e+05 4.99790659e+00
2.35455934e+05 4.85066742e+00
2.35473256e+05 4.68701775e+00
2.35490579e+05 4.55274930e+00
2.35507902e+05 4.44128883e+00
2.35527561e+05 4.33628984e+00
2.35549554e+05 4.23978397e+00
2.35582543e+05 4.12522057e+00
2.35604536e+05 4.06440436e+00
2.35648523e+05 3.96834416e+00
2.35692509e+05 3.89626639e+00
2.35759287e+05 3.81843883e+00
2.35826066e+05 3.76375551e+00
2.35870584e+05 3.73485706e+00
2.35998670e+05 3.67730815e+00
2.36126755e+05 3.64034745e+00
2.36357138e+05 3.60034035e+00
2.36752872e+05 3.56335564e+00
2.37649653e+05 3.52180830e+00
2.40309767e+05 3.45305770e+00
2.46203326e+05 3.33944896e+00
2.53551376e+05 3.22605400e+00
2.61914093e+05 3.12202841e+00
2.72522500e+05 3.01629137e+00
2.91833169e+05 2.87215035e+00
2.99360290e+05 2.82473884e+00
3.00524936e+05 2.83697296e+00
3.00913152e+05 2.85220519e+00
3.01255426e+05 2.88239586e+00
3.01502595e+05 2.92435377e+00
3.01667375e+05 2.97113878e+00
3.01784094e+05 3.02094285e+00
3.01900813e+05 3.09238865e+00
3.01992278e+05 3.17201620e+00
3.02060877e+05 3.25412702e+00
3.02126857e+05 3.35724992e+00
3.02169971e+05 3.44332334e+00
3.02213085e+05 3.54948440e+00
3.02256199e+05 3.68050790e+00
3.02290683e+05 3.80940695e+00
3.02325166e+05 3.96649947e+00
3.02348155e+05 4.09010803e+00
3.02371144e+05 4.23259191e+00
3.02394134e+05 4.39835911e+00
3.02417123e+05 4.59195590e+00
3.02440112e+05 4.81900097e+00
3.02456984e+05 5.01130127e+00
3.02473856e+05 5.22959659e+00
3.02490727e+05 5.47831911e+00
3.02507599e+05 5.76249739e+00
3.02524471e+05 6.08812528e+00
3.02537125e+05 6.36389524e+00
3.02549779e+05 6.67061397e+00
3.02562433e+05 7.01210695e+00
3.02575087e+05 7.39242100e+00
3.02585587e+05 7.74054195e+00
3.02596087e+05 8.12089059e+00
3.02606587e+05 8.53602478e+00
3.02617087e+05 8.98836104e+00
3.02627588e+05 9.47998528e+00
3.02638088e+05 1.00124336e+01
3.02648588e+05 1.05864180e+01
3.02663969e+05 1.15008363e+01
3.02678610e+05 1.24457915e+01
3.02698133e+05 1.37925601e+01
3.02727416e+05 1.58774988e+01
3.02746528e+05 1.71589222e+01
3.02760554e+05 1.79874076e+01
3.02769905e+05 1.84619852e+01
3.02779256e+05 1.88598500e+01
3.02788607e+05 1.91702306e+01
3.02797958e+05 1.93845630e+01
3.02807308e+05 1.94970220e+01
3.02811984e+05 1.95140792e+01
3.02820465e+05 1.94782220e+01
3.02828946e+05 1.93577996e+01
3.02837427e+05 1.91565053e+01
3.02850148e+05 1.87155034e+01
3.02862869e+05 1.81301840e+01
3.02875590e+05 1.74302637e+01
3.02888312e+05 1.66474830e+01
3.02939197e+05 1.32535082e+01
3.02953873e+05 1.23284886e+01
3.02966264e+05 1.15960373e+01
3.02978654e+05 1.09138602e+01
3.02991045e+05 1.02840751e+01
3.03003436e+05 9.70648324e+00
3.03015826e+05 9.17934414e+00
3.03028217e+05 8.69985628e+00
3.03040607e+05 8.26461095e+00
3.03056007e+05 7.77981768e+00
3.03069814e+05 7.39282312e+00
3.03083621e+05 7.04599369e+00
3.03097428e+05 6.73484243e+00
3.03111234e+05 6.45514173e+00
3.03129643e+05 6.12461389e+00
3.03148052e+05 5.83578842e+00
3.03166461e+05 5.58266063e+00
3.03184870e+05 5.36002450e+00
3.03204663e+05 5.14934605e+00
3.03225840e+05 4.95153097e+00
3.03247016e+05 4.77787449e+00
3.03268193e+05 4.62503032e+00
3.03299958e+05 4.42873547e+00
3.03331723e+05 4.26344229e+00
3.03363488e+05 4.12236189e+00
3.03402267e+05 3.97742881e+00
3.03441046e+05 3.85638066e+00
3.03492751e+05 3.72341556e+00
3.03544455e+05 3.61536514e+00
3.03599260e+05 3.52308431e+00
3.03657164e+05 3.44154196e+00
3.03744020e+05 3.34503733e+00
3.03846732e+05 3.25792087e+00
3.03981154e+05 3.17463429e+00
3.04104739e+05 3.11760852e+00
3.04228323e+05 3.07446963e+00
3.04475493e+05 3.01281307e+00
3.04756004e+05 2.96648742e+00
3.05197862e+05 2.92084630e+00
3.05841652e+05 2.88248589e+00
3.06898559e+05 2.84865553e+00
3.08847643e+05 2.81715784e+00
3.13204927e+05 2.78111246e+00
3.31758527e+05 2.69618219e+00
3.53509897e+05 2.61977045e+00
3.92517241e+05 2.51070571e+00
4.02646930e+05 2.48779446e+00
4.04893583e+05 2.49345871e+00
4.07140236e+05 2.51370451e+00
4.08135932e+05 2.53940748e+00
4.08832831e+05 2.57134118e+00
4.09402302e+05 2.61316462e+00
4.09876861e+05 2.66620244e+00
4.10161597e+05 2.71060100e+00
4.10446332e+05 2.76928431e+00
4.10731068e+05 2.84730606e+00
4.10920892e+05 2.91440815e+00
4.11110715e+05 2.99799850e+00
4.11253083e+05 3.07454029e+00
4.11395451e+05 3.16654171e+00
4.11537819e+05 3.27768204e+00
4.11680187e+05 3.41203751e+00
4.11786962e+05 3.53226333e+00
4.11893738e+05 3.67396199e+00
4.12029989e+05 3.89015423e+00
4.12111739e+05 4.04379856e+00
4.12198494e+05 4.23107862e+00
4.12285250e+05 4.44249257e+00
4.12373952e+05 4.69296295e+00
4.12435681e+05 4.89069935e+00
4.12497411e+05 5.10623699e+00
4.12590006e+05 5.46880608e+00
4.12683090e+05 5.88220310e+00
4.12776175e+05 6.34791828e+00
4.12868472e+05 6.84725058e+00
4.13080157e+05 8.03135273e+00
4.13155429e+05 8.41385565e+00
4.13230701e+05 8.73998839e+00
4.13280882e+05 8.91235352e+00
4.13334900e+05 9.04629165e+00
4.13388919e+05 9.12416062e+00
4.13424931e+05 9.14203500e+00
4.13478945e+05 9.11655468e+00
4.13532959e+05 9.03221440e+00
4.13586973e+05 8.89611999e+00
4.13666204e+05 8.61996121e+00
4.13741855e+05 8.29043162e+00
4.14044456e+05 6.79349722e+00
4.14142890e+05 6.33884185e+00
4.14241324e+05 5.92721289e+00
4.14336977e+05 5.57340344e+00
4.14432631e+05 5.25737818e+00
4.14526059e+05 4.98815128e+00
4.14619488e+05 4.75283238e+00
4.14681774e+05 4.61014498e+00
4.14792999e+05 4.38544989e+00
4.14904224e+05 4.19371982e+00
4.15006551e+05 4.04104578e+00
4.15108878e+05 3.90609327e+00
4.15251245e+05 3.74569824e+00
4.15393613e+05 3.61080487e+00
4.15559709e+05 3.47960440e+00
4.15725805e+05 3.36964844e+00
4.15933424e+05 3.25721712e+00
4.16141044e+05 3.16555784e+00
4.16378324e+05 3.07878659e+00
4.16663059e+05 2.99591205e+00
4.16947795e+05 2.92992167e+00
4.17327442e+05 2.86081852e+00
4.17802002e+05 2.79545489e+00
4.18411019e+05 2.73431356e+00
4.19201952e+05 2.67869788e+00
4.20151070e+05 2.63311990e+00
4.21574748e+05 2.58859736e+00
4.23537002e+05 2.55096381e+00
4.26683281e+05 2.51587728e+00
4.32096519e+05 2.48259725e+00
4.42543943e+05 2.44659218e+00
4.76234812e+05 2.37917820e+00
5.46737558e+05 2.27279260e+00
6.38023354e+05 2.15205786e+00
6.41270032e+05 2.15954971e+00
6.42352258e+05 2.17078310e+00
6.43003113e+05 2.18745592e+00
6.43493870e+05 2.21244635e+00
6.43854973e+05 2.24612564e+00
6.44095708e+05 2.28317145e+00
6.44258203e+05 2.32055243e+00
6.44420699e+05 2.37399940e+00
6.44526021e+05 2.42187596e+00
6.44631343e+05 2.48548600e+00
6.44701557e+05 2.54035001e+00
6.44762034e+05 2.59925105e+00
6.44822512e+05 2.67144520e+00
6.44882990e+05 2.76105488e+00
6.44928348e+05 2.84397681e+00
6.44974597e+05 2.94574802e+00
6.45021293e+05 3.07092811e+00
6.45052423e+05 3.17082374e+00
6.45083553e+05 3.28701701e+00
6.45114683e+05 3.42261853e+00
6.45145813e+05 3.58153443e+00
6.45169161e+05 3.71907764e+00
6.45192508e+05 3.87525915e+00
6.45214926e+05 4.04553980e+00
6.45237343e+05 4.23877309e+00
6.45259760e+05 4.45825345e+00
6.45282177e+05 4.70743009e+00
6.45304594e+05 4.98975663e+00
6.45327011e+05 5.30843067e+00
6.45349428e+05 5.66593682e+00
6.45371845e+05 6.06331020e+00
6.45398391e+05 6.58312168e+00
6.45424937e+05 7.14721823e+00
6.45486876e+05 8.52304940e+00
6.45513422e+05 9.06252530e+00
6.45529845e+05 9.35359462e+00
6.45546269e+05 9.59916728e+00
6.45562692e+05 9.78964277e+00
6.45579116e+05 9.91720376e+00
6.45595539e+05 9.97649764e+00
6.45601014e+05 9.98058856e+00
6.45613381e+05 9.96084479e+00
6.45631932e+05 9.85747505e+00
6.45650484e+05 9.67125493e+00
6.45669035e+05 9.41223185e+00
6.45687586e+05 9.09357024e+00
6.45712322e+05 8.60174033e+00
6.45786527e+05 6.97515678e+00
6.45808555e+05 6.51909714e+00
6.45827877e+05 6.14552971e+00
6.45847199e+05 5.80005063e+00
6.45866520e+05 5.48378003e+00
6.45885842e+05 5.19643488e+00
6.45905164e+05 4.93678964e+00
6.45924486e+05 4.70299301e+00
6.45943807e+05 4.49283746e+00
6.45969210e+05 4.24867945e+00
6.45992822e+05 4.05059702e+00
6.46016435e+05 3.87677462e+00
6.46040047e+05 3.72403288e+00
6.46063660e+05 3.58940768e+00
6.46095143e+05 3.43358191e+00
6.46126626e+05 3.30033261e+00
6.46158110e+05 3.18588371e+00
6.46189593e+05 3.08719348e+00
6.46222437e+05 2.99837412e+00
6.46273746e+05 2.88277071e+00
6.46325055e+05 2.78821807e+00
6.46376364e+05 2.71022319e+00
6.46444776e+05 2.62689125e+00
6.46509074e+05 2.56418831e+00
6.46599350e+05 2.49367348e+00
6.46689625e+05 2.43894666e+00
6.46793442e+05 2.39277253e+00
6.46867167e+05 2.36448953e+00
6.47014617e+05 2.32122763e+00
6.47245321e+05 2.27474179e+00
6.47476025e+05 2.24371568e+00
6.47837127e+05 2.21273868e+00
6.48365591e+05 2.18661793e+00
6.49274164e+05 2.16415614e+00
6.50968887e+05 2.14676526e+00
6.55486877e+05 2.13119497e+00
6.73574837e+05 2.10765442e+00
6.86748249e+05 2.10073501e+00
6.96437030e+05 2.10916904e+00
7.00221524e+05 2.12186620e+00
7.02031604e+05 2.13908057e+00
7.02888427e+05 2.15812130e+00
7.03425349e+05 2.18162019e+00
7.03827189e+05 2.21359244e+00
7.04086333e+05 2.24796855e+00
7.04248297e+05 2.28002341e+00
7.04410262e+05 2.32513310e+00
7.04524752e+05 2.36956913e+00
7.04639241e+05 2.42958247e+00
7.04715567e+05 2.48260277e+00
7.04782757e+05 2.54173742e+00
7.04849947e+05 2.61657714e+00
7.04900340e+05 2.68674351e+00
7.04950732e+05 2.77210803e+00
7.05000127e+05 2.87544707e+00
7.05031727e+05 2.95508254e+00
7.05063327e+05 3.04800663e+00
7.05094927e+05 3.15706618e+00
7.05126526e+05 3.28577218e+00
7.05150226e+05 3.39798228e+00
7.05173926e+05 3.52648877e+00
7.05197626e+05 3.67443199e+00
7.05221326e+05 3.84555548e+00
7.05237126e+05 3.97474828e+00
7.05255951e+05 4.14703545e+00
7.05274777e+05 4.34221782e+00
7.05293603e+05 4.56375125e+00
7.05312428e+05 4.81545412e+00
7.05331254e+05 5.10149951e+00
7.05350080e+05 5.42630244e+00
7.05364199e+05 5.69799125e+00
7.05378318e+05 5.99564183e+00
7.05395392e+05 6.39216219e+00
7.05410713e+05 6.78312184e+00
7.05426034e+05 7.20716582e+00
7.05449016e+05 7.90113310e+00
7.05471998e+05 8.65169236e+00
7.05524731e+05 1.04350380e+01
7.05546377e+05 1.11017504e+01
7.05560807e+05 1.14925765e+01
7.05575238e+05 1.18249606e+01
7.05589668e+05 1.20867333e+01
7.05604098e+05 1.22678146e+01
7.05618529e+05 1.23610329e+01
7.05625744e+05 1.23734023e+01
7.05636699e+05 1.23481613e+01
7.05647653e+05 1.22705427e+01
7.05664085e+05 1.20603746e+01
7.05680516e+05 1.17478727e+01
7.05696948e+05 1.13484890e+01
7.05713380e+05 1.08807004e+01
7.05735289e+05 1.01847823e+01
7.05790061e+05 8.34781734e+00
7.05808528e+05 7.76413903e+00
7.05831065e+05 7.10546282e+00
7.05846090e+05 6.70401140e+00
7.05861114e+05 6.33409033e+00
7.05876139e+05 5.99546333e+00
7.05891164e+05 5.68700881e+00
7.05906189e+05 5.40702564e+00
7.05921214e+05 5.15347772e+00
7.05941554e+05 4.84844764e+00
7.05961895e+05 4.58246497e+00
7.05982236e+05 4.35042270e+00
7.06002577e+05 4.14764494e+00
7.06022918e+05 3.96994905e+00
7.06043259e+05 3.81370626e+00
7.06070380e+05 3.63353174e+00
7.06097501e+05 3.48013599e+00
7.06124622e+05 3.34865668e+00
7.06155736e+05 3.21982446e+00
7.06190845e+05 3.09742580e+00
7.06225952e+05 2.99480203e+00
7.06261060e+05 2.90796624e+00
7.06313722e+05 2.80031972e+00
7.06366384e+05 2.71361132e+00
7.06419046e+05 2.64323993e+00
7.06482599e+05 2.57477223e+00
7.06546152e+05 2.51952708e+00
7.06630890e+05 2.46163363e+00
7.06757996e+05 2.39688724e+00
7.06892123e+05 2.34797881e+00
7.07026250e+05 2.31303921e+00
7.07214046e+05 2.27768474e+00
7.07401842e+05 2.25266548e+00
7.07711479e+05 2.22659956e+00
7.08021116e+05 2.20976468e+00
7.08713780e+05 2.19127148e+00
7.09944766e+05 2.18293267e+00
7.12440118e+05 2.19610029e+00
7.14935470e+05 2.22366085e+00
7.17576497e+05 2.26797965e+00
7.19924076e+05 2.32289484e+00
7.21962680e+05 2.38674360e+00
7.23738892e+05 2.45864261e+00
7.25206129e+05 2.53295978e+00
7.26646766e+05 2.62369582e+00
7.27847156e+05 2.71518228e+00
7.29020946e+05 2.82322892e+00
7.30048012e+05 2.93611893e+00
7.31075077e+05 3.06958253e+00
7.31955420e+05 3.20406648e+00
7.32835762e+05 3.36076292e+00
7.33716104e+05 3.54351601e+00
7.34449723e+05 3.71957862e+00
7.35183341e+05 3.92006076e+00
7.35916959e+05 4.14943770e+00
7.36650578e+05 4.41010684e+00
7.37237473e+05 4.64459750e+00
7.37824368e+05 4.90424780e+00
7.38411262e+05 5.19047569e+00
7.38998157e+05 5.50462650e+00
7.39731776e+05 5.93677732e+00
7.40465394e+05 6.40927438e+00
7.42959697e+05 8.16752641e+00
7.43693316e+05 8.64105853e+00
7.44317977e+05 8.98387713e+00
7.44750563e+05 9.17678484e+00
7.45209250e+05 9.33322486e+00
7.45650597e+05 9.43176315e+00
7.46234588e+05 9.48248683e+00
7.46651274e+05 9.46077971e+00
7.47067961e+05 9.39444093e+00
7.47508132e+05 9.27785611e+00
7.48095027e+05 9.06275737e+00
7.48681921e+05 8.79148286e+00
7.49684820e+05 8.24396862e+00
7.51763119e+05 7.02965093e+00
7.52643461e+05 6.55143355e+00
7.53523804e+05 6.11449712e+00
7.54404146e+05 5.72172654e+00
7.55284488e+05 5.37228053e+00
7.56164830e+05 5.06319085e+00
7.57045172e+05 4.79054407e+00
7.57925515e+05 4.55018792e+00
7.58805857e+05 4.33820667e+00
7.59832923e+05 4.12187684e+00
7.60859988e+05 3.93355641e+00
7.62033778e+05 3.74761935e+00
7.63207568e+05 3.58751937e+00
7.64381357e+05 3.44937465e+00
7.65848594e+05 3.30048264e+00
7.67609279e+05 3.15125493e+00
7.69369963e+05 3.02693572e+00
7.71424095e+05 2.90640423e+00
7.73771674e+05 2.79288856e+00
7.76412701e+05 2.68837287e+00
7.79347175e+05 2.59351201e+00
7.82868544e+05 2.50048467e+00
7.87416978e+05 2.40231080e+00
7.94291052e+05 2.27719309e+00
7.94995932e+05 2.27148658e+00
7.95355421e+05 2.27618218e+00
7.95714910e+05 2.29589245e+00
7.95879382e+05 2.31716752e+00
7.96043854e+05 2.35484461e+00
7.96157689e+05 2.39812513e+00
7.96233580e+05 2.44083164e+00
7.96309470e+05 2.50016375e+00
7.96364095e+05 2.55779692e+00
7.96414135e+05 2.62565395e+00
7.96464174e+05 2.71245835e+00
7.96497534e+05 2.78442749e+00
7.96530894e+05 2.87063248e+00
7.96564253e+05 2.97379869e+00
7.96597613e+05 3.09736615e+00
7.96629368e+05 3.23740358e+00
7.96659520e+05 3.39332652e+00
7.96689672e+05 3.57352412e+00
7.96719824e+05 3.77858853e+00
7.96749976e+05 4.00685484e+00
7.96795204e+05 4.38074902e+00
7.96840432e+05 4.76259434e+00
7.96870586e+05 4.99827428e+00
7.96893203e+05 5.15267278e+00
7.96915820e+05 5.27948403e+00
7.96938437e+05 5.37229630e+00
7.96961054e+05 5.42653857e+00
7.96976132e+05 5.44003543e+00
7.96994163e+05 5.43222579e+00
7.97012194e+05 5.39924491e+00
7.97039240e+05 5.30709344e+00
7.97066287e+05 5.17270895e+00
7.97102348e+05 4.94832231e+00
7.97192503e+05 4.31506293e+00
7.97228565e+05 4.07819309e+00
7.97264627e+05 3.86553364e+00
7.97299469e+05 3.68504869e+00
7.97334312e+05 3.52824412e+00
7.97369154e+05 3.39309078e+00
7.97403997e+05 3.27711029e+00
7.97438839e+05 3.17762571e+00
7.97491103e+05 3.05315730e+00
7.97543367e+05 2.95200492e+00
7.97594262e+05 2.87110174e+00
7.97645158e+05 2.80382029e+00
7.97713019e+05 2.73085973e+00
7.97780879e+05 2.67254964e+00
7.97863396e+05 2.61602272e+00
7.97960570e+05 2.56468064e+00
7.98057743e+05 2.52194038e+00
7.98203503e+05 2.47385188e+00
7.98391288e+05 2.42938048e+00
7.98579072e+05 2.39592519e+00
7.98861024e+05 2.36032308e+00
7.99283952e+05 2.32438305e+00
7.99992856e+05 2.28606916e+00
8.01219750e+05 2.24474661e+00
8.05270447e+05 2.15233700e+00
8.06128868e+05 2.13995363e+00
8.06454661e+05 2.14780904e+00
8.06563258e+05 2.15699921e+00
8.06704847e+05 2.18093360e+00
8.06775641e+05 2.20200249e+00
8.06846436e+05 2.23463150e+00
8.06897123e+05 2.26896743e+00
8.06947811e+05 2.31772198e+00
8.06981603e+05 2.36194234e+00
8.07015394e+05 2.41964028e+00
8.07040738e+05 2.47467798e+00
8.07066082e+05 2.54277645e+00
8.07091426e+05 2.62727013e+00
8.07116769e+05 2.73215502e+00
8.07134383e+05 2.81944798e+00
8.07151998e+05 2.92031129e+00
8.07169612e+05 3.03610654e+00
8.07187226e+05 3.16780040e+00
8.07204840e+05 3.31570626e+00
8.07222454e+05 3.47918974e+00
8.07245939e+05 3.71797683e+00
8.07304653e+05 4.35446001e+00
8.07322791e+05 4.53416147e+00
8.07340928e+05 4.69045885e+00
8.07359066e+05 4.81468582e+00
8.07377203e+05 4.89968923e+00
8.07389295e+05 4.93211114e+00
8.07401387e+05 4.94426510e+00
8.07414570e+05 4.93439879e+00
8.07427754e+05 4.90122388e+00
8.07440938e+05 4.84637781e+00
8.07460713e+05 4.72872761e+00
8.07480489e+05 4.57753328e+00
8.07506856e+05 4.34255943e+00
8.07559591e+05 3.84490121e+00
8.07585958e+05 3.61627938e+00
8.07605733e+05 3.46171754e+00
8.07631710e+05 3.28309677e+00
8.07651094e+05 3.16758390e+00
8.07670478e+05 3.06612937e+00
8.07699555e+05 2.93717340e+00
8.07728632e+05 2.83165257e+00
8.07757708e+05 2.74501431e+00
8.07786785e+05 2.67334269e+00
8.07825554e+05 2.59584154e+00
8.07864322e+05 2.53432018e+00
8.07922475e+05 2.46311875e+00
8.07982492e+05 2.40740793e+00
8.08042509e+05 2.36428448e+00
8.08122531e+05 2.32096478e+00
8.08242565e+05 2.27359198e+00
8.08385099e+05 2.23395547e+00
8.08527633e+05 2.20515822e+00
8.08845998e+05 2.16138257e+00
8.09164363e+05 2.13083426e+00
8.09545568e+05 2.10714804e+00
8.09747125e+05 2.10329173e+00
8.09885695e+05 2.10928723e+00
8.10024266e+05 2.12864994e+00
8.10099849e+05 2.14983389e+00
8.10175433e+05 2.18473316e+00
8.10232121e+05 2.22440009e+00
8.10269913e+05 2.26003530e+00
8.10307705e+05 2.30546940e+00
8.10342348e+05 2.35872169e+00
8.10373841e+05 2.41956591e+00
8.10405334e+05 2.49513752e+00
8.10436827e+05 2.58896479e+00
8.10460447e+05 2.67389526e+00
8.10484067e+05 2.77348107e+00
8.10507687e+05 2.88964677e+00
8.10531307e+05 3.02413321e+00
8.10554927e+05 3.17827521e+00
8.10578547e+05 3.35262585e+00
8.10602632e+05 3.55040212e+00
8.10638760e+05 3.87819745e+00
8.10698973e+05 4.45588194e+00
8.10723059e+05 4.67131144e+00
8.10747144e+05 4.86085804e+00
8.10765208e+05 4.97939419e+00
8.10786147e+05 5.08588677e+00
8.10808523e+05 5.15863380e+00
8.10830899e+05 5.18677238e+00
8.10849585e+05 5.17655985e+00
8.10868271e+05 5.13776409e+00
8.10886957e+05 5.07365012e+00
8.10914986e+05 4.93913821e+00
8.10943015e+05 4.77227886e+00
8.11036446e+05 4.15051979e+00
8.11073818e+05 3.92271248e+00
8.11111190e+05 3.72081734e+00
8.11149858e+05 3.54047917e+00
8.11189824e+05 3.38251142e+00
8.11229789e+05 3.24976335e+00
8.11269754e+05 3.13822387e+00
8.11309719e+05 3.04375024e+00
8.11349685e+05 2.96290649e+00
8.11409632e+05 2.86265295e+00
8.11471069e+05 2.77996377e+00
8.11535482e+05 2.70930992e+00
8.11621367e+05 2.63488683e+00
8.11707252e+05 2.57624704e+00
8.11793137e+05 2.52852244e+00
8.11943910e+05 2.46411202e+00
8.12094684e+05 2.41646108e+00
8.12259893e+05 2.37728858e+00
8.12508952e+05 2.33310357e+00
8.12760504e+05 2.30115786e+00
8.13095907e+05 2.26778995e+00
8.13700279e+05 2.22792337e+00
8.14573301e+05 2.19067400e+00
8.15896436e+05 2.15357999e+00
8.18264159e+05 2.10855059e+00
8.22677497e+05 2.04749610e+00
8.27076918e+05 2.00076132e+00
8.30517066e+05 1.98300932e+00
8.31840200e+05 1.98807864e+00
8.33163334e+05 2.00368124e+00
8.34221841e+05 2.03095593e+00
8.35015722e+05 2.06409343e+00
8.35809602e+05 2.11288326e+00
8.36405012e+05 2.16356647e+00
8.37000423e+05 2.23052174e+00
8.37397363e+05 2.28672076e+00
8.37794303e+05 2.35476760e+00
8.38191243e+05 2.43690525e+00
8.38588184e+05 2.53587469e+00
8.38885889e+05 2.62349311e+00
8.39183594e+05 2.72492996e+00
8.39481299e+05 2.84207149e+00
8.39779004e+05 2.97741320e+00
8.40076709e+05 3.13380239e+00
8.40374414e+05 3.31426797e+00
8.40672120e+05 3.52201903e+00
8.40969825e+05 3.75978149e+00
8.41168295e+05 3.93692639e+00
8.41366765e+05 4.13077258e+00
8.41565235e+05 4.34167797e+00
8.41763705e+05 4.57067152e+00
8.42061410e+05 4.94779535e+00
8.42371520e+05 5.37834697e+00
8.42910077e+05 6.20344804e+00
8.43483779e+05 7.10068772e+00
8.43781485e+05 7.53516444e+00
8.44006239e+05 7.82767871e+00
8.44230993e+05 8.07813777e+00
8.44453408e+05 8.27629223e+00
8.44675824e+05 8.41963265e+00
8.44886609e+05 8.50172728e+00
8.45097394e+05 8.53083104e+00
8.45349094e+05 8.50157307e+00
8.45600794e+05 8.41088003e+00
8.45898499e+05 8.23825290e+00
8.46196204e+05 8.01166514e+00
8.46593144e+05 7.65741814e+00
8.47519338e+05 6.76920974e+00
8.47916278e+05 6.40791068e+00
8.48313218e+05 6.07279992e+00
8.48710159e+05 5.76671362e+00
8.49107099e+05 5.48983123e+00
8.49504039e+05 5.24076532e+00
8.49900979e+05 5.01734607e+00
8.50297919e+05 4.81711840e+00
8.50694860e+05 4.63798918e+00
8.51290270e+05 4.40283109e+00
8.51885680e+05 4.20127540e+00
8.52481091e+05 4.02806588e+00
8.53076501e+05 3.87853726e+00
8.53870381e+05 3.70862741e+00
8.54664262e+05 3.56571815e+00
8.55458142e+05 3.44460836e+00
8.56516649e+05 3.30951451e+00
8.57575157e+05 3.19782695e+00
8.58898291e+05 3.08318688e+00
8.60221424e+05 2.98947903e+00
8.61809185e+05 2.89764066e+00
8.63661573e+05 2.81137113e+00
8.65992814e+05 2.72560729e+00
8.68656404e+05 2.64935270e+00
8.71818220e+05 2.57969697e+00
8.75109143e+05 2.52631559e+00
8.76898210e+05 2.51167602e+00
8.77667518e+05 2.51900928e+00
8.78129103e+05 2.53761019e+00
8.78391486e+05 2.56173984e+00
8.78653870e+05 2.60596998e+00
8.78811591e+05 2.65258230e+00
8.78929882e+05 2.70662094e+00
8.79005654e+05 2.75518580e+00
8.79078336e+05 2.81762470e+00
8.79132848e+05 2.87826426e+00
8.79187360e+05 2.95608081e+00
8.79223701e+05 3.02046597e+00
8.79260042e+05 3.09817216e+00
8.79290225e+05 3.17578895e+00
8.79320409e+05 3.26829986e+00
8.79350592e+05 3.37938541e+00
8.79380775e+05 3.51405246e+00
8.79403413e+05 3.63441288e+00
8.79426050e+05 3.77508912e+00
8.79448688e+05 3.94017068e+00
8.79471325e+05 4.13462142e+00
8.79486417e+05 4.28344300e+00
8.79501509e+05 4.44984039e+00
8.79517159e+05 4.64310384e+00
8.79532809e+05 4.85964205e+00
8.79548460e+05 5.10154354e+00
8.79564110e+05 5.37058384e+00
8.79579760e+05 5.66800877e+00
8.79595411e+05 5.99422838e+00
8.79611061e+05 6.34849061e+00
8.79635017e+05 6.93933848e+00
8.79668240e+05 7.82484164e+00
8.79701463e+05 8.71325192e+00
8.79718075e+05 9.12426099e+00
8.79734687e+05 9.49199197e+00
8.79751298e+05 9.80044389e+00
8.79764893e+05 9.99852860e+00
8.79780759e+05 1.01584456e+01
8.79796625e+05 1.02346804e+01
8.79801914e+05 1.02407762e+01
8.79818012e+05 1.01995500e+01
8.79834110e+05 1.00706965e+01
8.79850208e+05 9.86075540e+00
8.79866306e+05 9.57987904e+00
8.79882404e+05 9.24090349e+00
8.79898502e+05 8.85822130e+00
8.79930698e+05 8.02000649e+00
8.79962894e+05 7.17009592e+00
8.79982191e+05 6.68776079e+00
8.79999321e+05 6.28761950e+00
8.80016451e+05 5.91846943e+00
8.80033581e+05 5.58236650e+00
8.80050711e+05 5.27949969e+00
8.80067841e+05 5.00870229e+00
8.80084971e+05 4.76791032e+00
8.80102101e+05 4.55456679e+00
8.80118994e+05 4.36835101e+00
8.80135651e+05 4.20564073e+00
8.80152308e+05 4.06120943e+00
8.80177293e+05 3.87393783e+00
8.80202278e+05 3.71612013e+00
8.80227263e+05 3.58240428e+00
8.80243919e+05 3.50449423e+00
8.80277233e+05 3.37086901e+00
8.80310546e+05 3.26110673e+00
8.80343859e+05 3.16991477e+00
8.80377172e+05 3.09350221e+00
8.80417897e+05 3.01593760e+00
8.80478985e+05 2.92350057e+00
8.80540072e+05 2.85222200e+00
8.80621522e+05 2.78020878e+00
8.80702972e+05 2.72623331e+00
8.80807453e+05 2.67435805e+00
8.80911934e+05 2.63518692e+00
8.81068655e+05 2.59257418e+00
8.81314867e+05 2.54947669e+00
8.81508839e+05 2.52615359e+00
8.81943126e+05 2.49315644e+00
8.82681589e+05 2.46258525e+00
8.84095609e+05 2.43235007e+00
8.87208019e+05 2.39543400e+00
8.93780770e+05 2.34453525e+00
9.03797654e+05 2.28979083e+00
9.17572442e+05 2.23575564e+00
9.57822543e+05 2.12921922e+00
9.68498673e+05 2.10317259e+00
9.74147849e+05 2.07880622e+00
9.77777451e+05 2.05246573e+00
9.78255090e+05 2.05900187e+00
9.78541673e+05 2.07478626e+00
9.78689778e+05 2.09176467e+00
9.78837883e+05 2.12071281e+00
9.78966734e+05 2.16161278e+00
9.79052635e+05 2.20230934e+00
9.79117061e+05 2.24419515e+00
9.79181486e+05 2.29955145e+00
9.79237026e+05 2.36160424e+00
9.79292565e+05 2.44114911e+00
9.79329591e+05 2.50672472e+00
9.79366618e+05 2.58490327e+00
9.79403644e+05 2.67787440e+00
9.79440670e+05 2.78792285e+00
9.79477696e+05 2.91737763e+00
9.79511530e+05 3.05435234e+00
9.79545363e+05 3.20998246e+00
9.79579196e+05 3.38369115e+00
9.79629946e+05 3.67187391e+00
9.79714528e+05 4.17266798e+00
9.79748361e+05 4.35315938e+00
9.79779970e+05 4.49618370e+00
9.79803676e+05 4.58155746e+00
9.79827382e+05 4.64475250e+00
9.79851088e+05 4.68384220e+00
9.79874794e+05 4.69809805e+00
9.79903922e+05 4.68235520e+00
9.79933050e+05 4.63291841e+00
9.79952469e+05 4.58373113e+00
9.79991306e+05 4.45489848e+00
9.80030143e+05 4.29845973e+00
9.80146654e+05 3.78957205e+00
9.80203988e+05 3.56361823e+00
9.80259479e+05 3.37476891e+00
9.80314970e+05 3.21567526e+00
9.80370461e+05 3.08293728e+00
9.80425953e+05 2.97171628e+00
9.80481444e+05 2.87828000e+00
9.80537684e+05 2.79868426e+00
9.80593924e+05 2.73141959e+00
9.80668911e+05 2.65711669e+00
9.80743897e+05 2.59655630e+00
9.80832695e+05 2.53778301e+00
9.80935304e+05 2.48442220e+00
9.81089218e+05 2.42276345e+00
9.81191827e+05 2.38935055e+00
9.81392231e+05 2.34065165e+00
9.81592636e+05 2.30437206e+00
9.81909581e+05 2.26432749e+00
9.82383517e+05 2.22538323e+00
9.82975936e+05 2.19526235e+00
9.83904333e+05 2.16748705e+00
9.85424112e+05 2.14291617e+00
9.88275578e+05 2.12014954e+00
9.94419121e+05 2.09688723e+00
1.01122422e+06 2.06260299e+00
1.08645688e+06 1.94362488e+00
1.11144504e+06 1.89258156e+00
1.12758457e+06 1.84750600e+00
1.13854352e+06 1.80492039e+00
1.14636968e+06 1.76277799e+00
1.15228808e+06 1.71901628e+00
1.15672688e+06 1.67462559e+00
1.16027792e+06 1.62747115e+00
1.16308916e+06 1.57873264e+00
1.16536774e+06 1.52803564e+00
1.16726163e+06 1.47486598e+00
1.16880042e+06 1.42135689e+00
1.17010246e+06 1.36625179e+00
1.17116778e+06 1.31242023e+00
1.17211472e+06 1.25607556e+00
1.17294330e+06 1.19860962e+00
1.17365350e+06 1.14200018e+00
1.17430453e+06 1.08303403e+00
1.17489637e+06 1.02247020e+00
1.17542902e+06 9.61487936e-01
1.17596168e+06 8.93667269e-01
1.17643515e+06 8.27133710e-01
1.17690862e+06 7.54425914e-01
1.17732291e+06 6.85762338e-01
1.17779638e+06 6.02151598e-01
1.17880251e+06 4.16804369e-01
1.17898006e+06 3.85450549e-01
1.17915762e+06 3.55788472e-01
1.17933517e+06 3.28262061e-01
1.17945354e+06 3.11541894e-01
1.17960150e+06 2.92893615e-01
1.17971986e+06 2.80006049e-01
1.17980864e+06 2.71851408e-01
1.17989742e+06 2.65201086e-01
1.17998619e+06 2.60142616e-01
1.18007497e+06 2.56797841e-01
1.18016374e+06 2.55283113e-01
1.18018594e+06 2.55227080e-01
1.18026362e+06 2.56142213e-01
1.18034130e+06 2.58735765e-01
1.18040048e+06 2.61929968e-01
1.18045966e+06 2.66281235e-01
1.18051885e+06 2.71824128e-01
1.18057803e+06 2.78596684e-01
1.18063722e+06 2.86643256e-01
1.18069640e+06 2.96009405e-01
1.18075558e+06 3.06739244e-01
1.18081477e+06 3.18874359e-01
1.18087395e+06 3.32453773e-01
1.18093314e+06 3.47517201e-01
1.18099232e+06 3.64117777e-01
1.18105150e+06 3.82320921e-01
1.18113288e+06 4.09865986e-01
1.18119946e+06 4.34611135e-01
1.18128824e+06 4.70712030e-01
1.18137702e+06 5.10251738e-01
1.18146579e+06 5.53281934e-01
1.18155457e+06 5.99797768e-01
1.18165096e+06 6.54163989e-01
1.18176948e+06 7.25960153e-01
1.18190129e+06 8.11428777e-01
1.18204849e+06 9.13171915e-01
1.18228446e+06 1.08588539e+00
1.18282702e+06 1.49608963e+00
1.18306376e+06 1.66698636e+00
1.18324131e+06 1.78719308e+00
1.18341886e+06 1.89872709e+00
1.18359642e+06 2.00086393e+00
1.18377397e+06 2.09314921e+00
1.18395152e+06 2.17514463e+00
1.18418826e+06 2.26964766e+00
1.18442499e+06 2.34854858e+00
1.18466173e+06 2.41270217e+00
1.18495765e+06 2.47519956e+00
1.18525357e+06 2.52120001e+00
1.18560867e+06 2.55872162e+00
1.18602296e+06 2.58403301e+00
1.18661480e+06 2.59660957e+00
1.18739159e+06 2.58735899e+00
1.18868624e+06 2.54432245e+00
1.19170462e+06 2.42678124e+00
1.19395362e+06 2.35681519e+00
1.19632098e+06 2.30168923e+00
1.19892507e+06 2.25966460e+00
1.20129808e+06 2.23698472e+00
1.20333428e+06 2.23040769e+00
1.20506695e+06 2.23764757e+00
1.20679962e+06 2.26036047e+00
1.20806900e+06 2.29352050e+00
1.20910057e+06 2.33617503e+00
1.20993151e+06 2.38568312e+00
1.21066107e+06 2.44512090e+00
1.21130363e+06 2.51460357e+00
1.21185439e+06 2.59160115e+00
1.21231336e+06 2.67213757e+00
1.21272643e+06 2.76092073e+00
1.21313951e+06 2.86950987e+00
1.21350668e+06 2.98660694e+00
1.21382796e+06 3.10894103e+00
1.21414924e+06 3.25360103e+00
1.21442462e+06 3.39879207e+00
1.21470000e+06 3.56720168e+00
1.21497539e+06 3.76159147e+00
1.21521395e+06 3.95402953e+00
1.21548025e+06 4.19756854e+00
1.21573633e+06 4.46130049e+00
1.21603102e+06 4.80000230e+00
1.21687893e+06 5.87174900e+00
1.21708665e+06 6.11098832e+00
1.21727024e+06 6.29114056e+00
1.21746564e+06 6.44002735e+00
1.21763201e+06 6.52355490e+00
1.21785033e+06 6.56663822e+00
1.21802508e+06 6.54010766e+00
1.21819983e+06 6.46523662e+00
1.21837176e+06 6.34836146e+00
1.21855535e+06 6.18344621e+00
1.21878484e+06 5.93492882e+00
1.21961098e+06 4.92542351e+00
1.21988636e+06 4.61185328e+00
1.22016175e+06 4.32751904e+00
1.22043713e+06 4.07402987e+00
1.22071251e+06 3.85055804e+00
1.22098789e+06 3.65485094e+00
1.22126327e+06 3.48426266e+00
1.22158455e+06 3.31250778e+00
1.22190583e+06 3.16553128e+00
1.22222711e+06 3.03980572e+00
1.22259429e+06 2.91764182e+00
1.22300736e+06 2.80233374e+00
1.22346633e+06 2.69612937e+00
1.22392530e+06 2.60828872e+00
1.22447606e+06 2.52161060e+00
1.22511862e+06 2.44008003e+00
1.22585298e+06 2.36618343e+00
1.22667912e+06 2.30091469e+00
1.22768885e+06 2.23920878e+00
1.22888218e+06 2.18390887e+00
1.23044268e+06 2.13039373e+00
1.23239330e+06 2.08218232e+00
1.23491763e+06 2.03787505e+00
1.23835991e+06 1.99540031e+00
1.24340858e+06 1.95187370e+00
1.25139330e+06 1.90255665e+00
1.26307267e+06 1.84707794e+00
1.26696834e+06 1.83715002e+00
1.26887444e+06 1.84287109e+00
1.27001810e+06 1.85786566e+00
1.27077498e+06 1.87931341e+00
1.27135376e+06 1.90794501e+00
1.27179898e+06 1.94251525e+00
1.27215516e+06 1.98287965e+00
1.27246681e+06 2.03216871e+00
1.27273394e+06 2.08939210e+00
1.27295655e+06 2.15187097e+00
1.27315690e+06 2.22354186e+00
1.27333499e+06 2.30300025e+00
1.27349082e+06 2.38800462e+00
1.27364665e+06 2.49024782e+00
1.27378021e+06 2.59402484e+00
1.27391378e+06 2.71495924e+00
1.27404734e+06 2.85394085e+00
1.27418091e+06 3.01120945e+00
1.27441465e+06 3.31667777e+00
1.27464839e+06 3.62839283e+00
1.27476767e+06 3.76759581e+00
1.27487496e+06 3.86705837e+00
1.27496872e+06 3.92770606e+00
1.27505474e+06 3.95832595e+00
1.27511587e+06 3.96380068e+00
1.27520492e+06 3.94823690e+00
1.27529396e+06 3.90792890e+00
1.27540526e+06 3.82842196e+00
1.27551657e+06 3.72416968e+00
1.27598405e+06 3.20865708e+00
1.27616214e+06 3.02789894e+00
1.27631797e+06 2.88805412e+00
1.27647379e+06 2.76644612e+00
1.27665188e+06 2.64746307e+00
1.27682997e+06 2.54702986e+00
1.27703032e+06 2.45286354e+00
1.27725293e+06 2.36690701e+00
1.27749780e+06 2.29030778e+00
1.27778719e+06 2.21815747e+00
1.27809884e+06 2.15705332e+00
1.27849954e+06 2.09650731e+00
1.27894476e+06 2.04574784e+00
1.27952355e+06 1.99708815e+00
1.28023590e+06 1.95419350e+00
1.28117086e+06 1.91493553e+00
1.28238409e+06 1.88022355e+00
1.28416497e+06 1.84626739e+00
1.28694759e+06 1.81143914e+00
1.29214797e+06 1.76698367e+00
1.29989727e+06 1.71280595e+00
1.30048723e+06 1.71806498e+00
1.30084120e+06 1.73275010e+00
1.30104747e+06 1.75351738e+00
1.30118957e+06 1.78013964e+00
1.30129347e+06 1.81215205e+00
1.30137293e+06 1.84922458e+00
1.30142335e+06 1.88181155e+00
1.30146766e+06 1.91899835e+00
1.30151350e+06 1.96902368e+00
1.30154711e+06 2.01583961e+00
1.30158073e+06 2.07414962e+00
1.30160747e+06 2.13105637e+00
1.30163268e+06 2.19543279e+00
1.30165445e+06 2.26119266e+00
1.30167470e+06 2.33234255e+00
1.30169991e+06 2.43676597e+00
1.30172359e+06 2.55343638e+00
1.30174575e+06 2.68119651e+00
1.30176637e+06 2.81799003e+00
1.30178547e+06 2.96093176e+00
1.30180381e+06 3.11311509e+00
1.30182214e+06 3.27950391e+00
1.30184048e+06 3.45878079e+00
1.30186798e+06 3.74666202e+00
1.30191411e+06 4.24745253e+00
1.30194037e+06 4.51492584e+00
1.30196119e+06 4.70204190e+00
1.30197914e+06 4.83775008e+00
1.30199442e+06 4.93018929e+00
1.30200838e+06 4.99355334e+00
1.30202729e+06 5.04456950e+00
1.30203751e+06 5.05474413e+00
1.30205102e+06 5.04927080e+00
1.30206452e+06 5.02265641e+00
1.30207884e+06 4.97236130e+00
1.30209106e+06 4.91274076e+00
1.30210940e+06 4.79769695e+00
1.30212773e+06 4.65694710e+00
1.30215638e+06 4.40034849e+00
1.30222323e+06 3.74412692e+00
1.30224691e+06 3.52485162e+00
1.30226678e+06 3.35410526e+00
1.30228817e+06 3.18585889e+00
1.30230956e+06 3.03463099e+00
1.30233248e+06 2.89122432e+00
1.30235693e+06 2.75819758e+00
1.30238290e+06 2.63714239e+00
1.30240811e+06 2.53708541e+00
1.30243103e+06 2.45891308e+00
1.30245930e+06 2.37661682e+00
1.30248604e+06 2.31065703e+00
1.30251583e+06 2.24821946e+00
1.30254945e+06 2.18911070e+00
1.30258612e+06 2.13556031e+00
1.30264112e+06 2.07128294e+00
1.30269155e+06 2.02486070e+00
1.30274808e+06 1.98341004e+00
1.30283670e+06 1.93363998e+00
1.30288560e+06 1.91210741e+00
1.30301089e+06 1.86984776e+00
1.30317132e+06 1.83243909e+00
1.30338524e+06 1.79949098e+00
1.30369083e+06 1.76984768e+00
1.30413917e+06 1.74376615e+00
1.30489708e+06 1.71835508e+00
1.30943381e+06 1.63154350e+00
1.30952521e+06 1.63112682e+00
1.30978771e+06 1.63791235e+00
1.30994521e+06 1.65315948e+00
1.31002682e+06 1.66850444e+00
1.31009484e+06 1.68801501e+00
1.31016116e+06 1.71643350e+00
1.31020877e+06 1.74574196e+00
1.31025468e+06 1.78419580e+00
1.31028869e+06 1.82133321e+00
1.31031929e+06 1.86310376e+00
1.31034820e+06 1.91193273e+00
1.31037371e+06 1.96455986e+00
1.31039666e+06 2.02132355e+00
1.31041792e+06 2.08338163e+00
1.31044342e+06 2.17221051e+00
1.31046425e+06 2.25838588e+00
1.31048126e+06 2.33914694e+00
1.31049954e+06 2.43759332e+00
1.31051909e+06 2.55748518e+00
1.31053695e+06 2.68104143e+00
1.31055395e+06 2.81174941e+00
1.31057095e+06 2.95532298e+00
1.31059646e+06 3.19384941e+00
1.31061771e+06 3.41146610e+00
1.31065677e+06 3.84142004e+00
1.31069827e+06 4.30226569e+00
1.31072356e+06 4.55887783e+00
1.31074072e+06 4.71256142e+00
1.31075695e+06 4.83778055e+00
1.31077272e+06 4.93743431e+00
1.31078723e+06 5.00771464e+00
1.31080049e+06 5.05272483e+00
1.31081751e+06 5.08273807e+00
1.31082389e+06 5.08588157e+00
1.31084195e+06 5.07126642e+00
1.31086002e+06 5.02350391e+00
1.31087362e+06 4.96752307e+00
1.31089403e+06 4.85550734e+00
1.31091953e+06 4.67763171e+00
1.31095099e+06 4.42029276e+00
1.31102052e+06 3.81605068e+00
1.31105573e+06 3.53680164e+00
1.31107980e+06 3.36521109e+00
1.31110530e+06 3.20187424e+00
1.31113251e+06 3.04832804e+00
1.31116184e+06 2.90497625e+00
1.31119181e+06 2.77962944e+00
1.31122008e+06 2.67829991e+00
1.31125090e+06 2.58364256e+00
1.31128725e+06 2.48951222e+00
1.31132423e+06 2.40944700e+00
1.31136461e+06 2.33645079e+00
1.31141690e+06 2.25912362e+00
1.31147217e+06 2.19306113e+00
1.31152573e+06 2.14086949e+00
1.31159800e+06 2.08432566e+00
1.31169492e+06 2.02537495e+00
1.31177654e+06 1.98623501e+00
1.31187770e+06 1.94895254e+00
1.31194996e+06 1.92660522e+00
1.31212682e+06 1.88407382e+00
1.31236487e+06 1.84423097e+00
1.31267095e+06 1.80976970e+00
1.31309930e+06 1.77850461e+00
1.31371388e+06 1.75063267e+00
1.31467825e+06 1.72481258e+00
1.31622091e+06 1.70159125e+00
1.31858562e+06 1.68273939e+00
1.32128484e+06 1.67505421e+00
1.32311156e+06 1.67993697e+00
1.32493828e+06 1.69641586e+00
1.32614067e+06 1.71935076e+00
1.32706559e+06 1.74761335e+00
1.32789802e+06 1.78510856e+00
1.32854546e+06 1.82587593e+00
1.32910042e+06 1.87229977e+00
1.32960912e+06 1.92743483e+00
1.33007158e+06 1.99163302e+00
1.33048780e+06 2.06431274e+00
1.33085776e+06 2.14399880e+00
1.33118149e+06 2.22826820e+00
1.33150521e+06 2.32867099e+00
1.33178268e+06 2.42965256e+00
1.33206016e+06 2.54624403e+00
1.33233764e+06 2.67938649e+00
1.33266136e+06 2.85483944e+00
1.33355194e+06 3.38501813e+00
1.33379584e+06 3.50967133e+00
1.33400423e+06 3.59220652e+00
1.33419375e+06 3.64165471e+00
1.33441871e+06 3.66464835e+00
1.33460369e+06 3.65002873e+00
1.33478867e+06 3.60922587e+00
1.33497366e+06 3.54396372e+00
1.33520866e+06 3.43326767e+00
1.33568280e+06 3.16228663e+00
1.33614538e+06 2.88788057e+00
1.33645353e+06 2.72036927e+00
1.33673101e+06 2.58577444e+00
1.33700848e+06 2.46731970e+00
1.33728596e+06 2.36426159e+00
1.33759069e+06 2.26725647e+00
1.33793340e+06 2.17559900e+00
1.33830337e+06 2.09401158e+00
1.33867334e+06 2.02744595e+00
1.33909051e+06 1.96716388e+00
1.33959826e+06 1.91032552e+00
1.34015321e+06 1.86428060e+00
1.34070816e+06 1.83164197e+00
1.34135561e+06 1.80703512e+00
1.34203564e+06 1.79376104e+00
1.34248812e+06 1.79148923e+00
1.34324359e+06 1.79849959e+00
1.34399906e+06 1.81801070e+00
1.34468532e+06 1.84757187e+00
1.34540219e+06 1.89143545e+00
1.34607270e+06 1.94608754e+00
1.34672014e+06 2.01327401e+00
1.34727509e+06 2.08386488e+00
1.34783005e+06 2.16828503e+00
1.34829404e+06 2.25121891e+00
1.34890296e+06 2.37905054e+00
1.34951802e+06 2.53205743e+00
1.34998049e+06 2.66582379e+00
1.35044295e+06 2.81685287e+00
1.35090541e+06 2.98612068e+00
1.35136786e+06 3.17423983e+00
1.35185273e+06 3.39127151e+00
1.35234359e+06 3.63077840e+00
1.35302607e+06 3.99062502e+00
1.35445605e+06 4.77371487e+00
1.35493270e+06 5.01426693e+00
1.35545541e+06 5.24710495e+00
1.35594071e+06 5.42405803e+00
1.35638901e+06 5.54766921e+00
1.35680924e+06 5.62603769e+00
1.35720636e+06 5.66585216e+00
1.35756476e+06 5.67728399e+00
1.35796066e+06 5.66114442e+00
1.35835656e+06 5.62050958e+00
1.35884742e+06 5.54061866e+00
1.35955993e+06 5.38243850e+00
1.36228340e+06 4.64585779e+00
1.36326511e+06 4.40441482e+00
1.36424682e+06 4.19373120e+00
1.36522853e+06 4.01499342e+00
1.36621024e+06 3.86711224e+00
1.36719195e+06 3.74803273e+00
1.36817366e+06 3.65537840e+00
1.36915537e+06 3.58714433e+00
1.37013708e+06 3.54160903e+00
1.37111878e+06 3.51729553e+00
1.37194316e+06 3.51265981e+00
1.37312625e+06 3.52994672e+00
1.37430934e+06 3.57329710e+00
1.37553648e+06 3.64296981e+00
1.37701048e+06 3.75547969e+00
1.38153151e+06 4.16903147e+00
1.38289930e+06 4.26441203e+00
1.38416989e+06 4.32133821e+00
1.38561552e+06 4.34367435e+00
1.38690013e+06 4.32324852e+00
1.38818473e+06 4.27624955e+00
1.38993215e+06 4.17245455e+00
1.39588858e+06 3.70729689e+00
1.39724992e+06 3.62043670e+00
1.39824319e+06 3.58796819e+00
1.39865412e+06 3.59748737e+00
1.39906504e+06 3.63476477e+00
1.39930706e+06 3.68198876e+00
1.39950874e+06 3.74657801e+00
1.39967008e+06 3.82381554e+00
1.39981126e+06 3.91921393e+00
1.39993226e+06 4.03011508e+00
1.40003310e+06 4.15108867e+00
1.40012386e+06 4.28939806e+00
1.40020453e+06 4.44191258e+00
1.40027512e+06 4.60372348e+00
1.40034571e+06 4.79673065e+00
1.40041630e+06 5.02440967e+00
1.40048688e+06 5.28873098e+00
1.40055747e+06 5.58835770e+00
1.40072638e+06 6.37761534e+00
1.40077932e+06 6.61611436e+00
1.40083982e+06 6.85376060e+00
1.40088016e+06 6.97891919e+00
1.40092055e+06 7.06985595e+00
1.40096418e+06 7.12436206e+00
1.40098932e+06 7.13387068e+00
1.40103024e+06 7.11475385e+00
1.40107116e+06 7.05476421e+00
1.40112218e+06 6.92954591e+00
1.40117260e+06 6.76156029e+00
1.40125327e+06 6.43548184e+00
1.40143478e+06 5.64297816e+00
1.40151041e+06 5.34497779e+00
1.40158100e+06 5.09875261e+00
1.40165663e+06 4.86985743e+00
1.40173730e+06 4.66149794e+00
1.40182301e+06 4.47582244e+00
1.40191881e+06 4.30415759e+00
1.40202469e+06 4.14946853e+00
1.40208016e+06 4.08040149e+00
1.40221125e+06 3.94288626e+00
1.40236251e+06 3.81815941e+00
1.40252385e+06 3.71432654e+00
1.40272553e+06 3.61410722e+00
1.40296755e+06 3.52257449e+00
1.40329024e+06 3.43141997e+00
1.40371376e+06 3.34338170e+00
1.40428351e+06 3.25601640e+00
1.40509023e+06 3.16236373e+00
1.40832821e+06 2.86395525e+00
1.40919789e+06 2.76635237e+00
1.40979999e+06 2.68069788e+00
1.41028835e+06 2.59259571e+00
1.41110451e+06 2.41423112e+00
1.41124500e+06 2.39841546e+00
1.41126194e+06 2.39815398e+00
1.41133464e+06 2.40418411e+00
1.41140169e+06 2.42338001e+00
1.41144277e+06 2.44474213e+00
1.41149086e+06 2.48241401e+00
1.41153769e+06 2.53610534e+00
1.41157783e+06 2.59947760e+00
1.41161295e+06 2.67147815e+00
1.41164640e+06 2.75739746e+00
1.41167818e+06 2.85737872e+00
1.41170615e+06 2.96225151e+00
1.41173246e+06 3.07675546e+00
1.41175967e+06 3.21261989e+00
1.41178689e+06 3.36698352e+00
1.41181365e+06 3.53703202e+00
1.41184041e+06 3.72465500e+00
1.41186716e+06 3.92837640e+00
1.41189727e+06 4.17354470e+00
1.41199427e+06 5.00684051e+00
1.41203150e+06 5.30555013e+00
1.41206280e+06 5.52974254e+00
1.41209141e+06 5.70542212e+00
1.41211975e+06 5.84692624e+00
1.41214531e+06 5.94425390e+00
1.41216929e+06 6.00867855e+00
1.41220024e+06 6.05410020e+00
1.41222122e+06 6.06211341e+00
1.41225862e+06 6.03601218e+00
1.41229866e+06 5.96120349e+00
1.41235030e+06 5.81552061e+00
1.41244730e+06 5.47323461e+00
1.41255288e+06 5.09542942e+00
1.41262647e+06 4.86137436e+00
1.41270340e+06 4.64994699e+00
1.41278702e+06 4.45588989e+00
1.41287399e+06 4.28764713e+00
1.41297100e+06 4.13354061e+00
1.41308473e+06 3.98644441e+00
1.41321183e+06 3.85425357e+00
1.41327873e+06 3.79522713e+00
1.41343929e+06 3.67671134e+00
1.41362661e+06 3.56852228e+00
1.41385406e+06 3.46706116e+00
1.41413504e+06 3.37160863e+00
1.41446619e+06 3.28670079e+00
1.41490103e+06 3.20348582e+00
1.41546968e+06 3.12355776e+00
1.41621767e+06 3.04697609e+00
1.41717430e+06 2.97523393e+00
1.41853561e+06 2.89995175e+00
1.42040967e+06 2.82295797e+00
1.42299765e+06 2.74255259e+00
1.42638893e+06 2.66136531e+00
1.43083236e+06 2.57826807e+00
1.43629182e+06 2.49793593e+00
1.44240873e+06 2.42615174e+00
1.45003639e+06 2.35374249e+00
1.46031509e+06 2.27578240e+00
1.47336491e+06 2.19567599e+00
1.49993527e+06 2.05179147e+00
1.50008267e+06 2.04504393e+00
1.60000000e+06 1.94883513e+00
1.70000000e+06 1.89874077e+00
1.75075000e+06 1.83804814e+00
1.75234000e+06 1.82522958e+00
1.75393500e+06 1.83242085e+00
1.75553000e+06 1.85844147e+00
1.75713000e+06 1.83597214e+00
1.76034000e+06 1.84931651e+00
1.76194000e+06 1.84657771e+00
1.76355000e+06 1.84799484e+00
1.76516000e+06 1.83039768e+00
1.76677000e+06 1.82378572e+00
1.76839000e+06 1.80912431e+00
1.77001000e+06 1.82633360e+00
1.77162000e+06 1.78897215e+00
1.77487000e+06 1.76011247e+00
1.77650000e+06 1.76635039e+00
1.77812000e+06 1.72791672e+00
1.77975000e+06 1.77350885e+00
1.78139000e+06 1.77001801e+00
1.78214031e+06 1.77070140e+00
1.78237000e+06 1.76364460e+00
1.78272094e+06 1.73496722e+00
1.78281762e+06 1.73898404e+00
1.78291430e+06 1.75129578e+00
1.78297875e+06 1.76256293e+00
1.78318500e+06 1.81231311e+00
1.78335000e+06 1.85436858e+00
1.78359750e+06 1.90609672e+00
1.78400000e+06 1.97748544e+00
1.78433000e+06 2.05025488e+00
1.78443989e+06 2.06205575e+00
1.78457234e+06 2.07140098e+00
1.78466000e+06 2.08808719e+00
1.78499000e+06 2.20035854e+00
1.78507339e+06 2.21090536e+00
1.78508950e+06 2.21103502e+00
1.78518614e+06 2.20304838e+00
1.78531500e+06 2.17979007e+00
1.78588750e+06 2.02941769e+00
1.78597000e+06 2.00300259e+00
1.78630000e+06 1.88356478e+00
1.78638250e+06 1.86158821e+00
1.78656812e+06 1.82993654e+00
1.78695000e+06 1.78840700e+00
1.78721812e+06 1.73752084e+00
1.78728000e+06 1.73263587e+00
1.78761000e+06 1.74988168e+00
1.78767188e+06 1.74752389e+00
1.78795031e+06 1.71430375e+00
1.78800188e+06 1.71168010e+00
1.78860000e+06 1.71905158e+00
1.78958000e+06 1.68715291e+00
1.79075176e+06 1.71872945e+00
1.79080977e+06 1.71878040e+00
1.79162188e+06 1.71757028e+00
1.79255000e+06 1.70846127e+00
1.79354000e+06 1.74980249e+00
1.79453000e+06 1.75855230e+00
1.79564375e+06 1.79628049e+00
1.79641719e+06 1.79606621e+00
1.79751000e+06 1.80861934e+00
1.79850000e+06 1.80387978e+00
1.79950000e+06 1.82344324e+00
1.80049000e+06 1.85766858e+00
1.80149000e+06 1.85708556e+00
1.80210875e+06 1.87482440e+00
1.80227750e+06 1.89389126e+00
1.80279938e+06 1.97987657e+00
1.80315000e+06 1.99014366e+00
1.80323250e+06 2.00096953e+00
1.80334852e+06 2.02859935e+00
1.80343359e+06 2.05684760e+00
1.80352250e+06 2.09499228e+00
1.80370844e+06 2.18831700e+00
1.80377750e+06 2.21362352e+00
1.80384908e+06 2.22553885e+00
1.80385754e+06 2.22589461e+00
1.80393241e+06 2.22116004e+00
1.80406976e+06 2.20219796e+00
1.80408232e+06 2.20191282e+00
1.80413614e+06 2.20693337e+00
1.80419351e+06 2.22491548e+00
1.80425828e+06 2.25953168e+00
1.80438719e+06 2.35214308e+00
1.80459016e+06 2.50034128e+00
1.80499406e+06 2.78489605e+00
1.80510875e+06 2.87702981e+00
1.80519125e+06 2.95732150e+00
1.80541812e+06 3.20538177e+00
1.80548000e+06 3.25779788e+00
1.80554375e+06 3.29527432e+00
1.80561945e+06 3.32068389e+00
1.80572039e+06 3.33121170e+00
1.80578410e+06 3.32375486e+00
1.80584781e+06 3.30263377e+00
1.80591539e+06 3.26566891e+00
1.80608297e+06 3.13985998e+00
1.80645938e+06 2.82326054e+00
1.80682000e+06 2.56606846e+00
1.80688188e+06 2.51241041e+00
1.80715000e+06 2.24360981e+00
1.80726859e+06 2.13773713e+00
1.80735754e+06 2.06833709e+00
1.80742078e+06 2.02637081e+00
1.80748055e+06 1.99542039e+00
1.80753586e+06 1.97536913e+00
1.80756500e+06 1.96782909e+00
1.80782000e+06 1.93002930e+00
1.80798500e+06 1.89651316e+00
1.80810875e+06 1.85886962e+00
1.80817125e+06 1.83300911e+00
1.80838906e+06 1.72127840e+00
1.80844750e+06 1.69703595e+00
1.80850695e+06 1.68084513e+00
1.80857620e+06 1.67342869e+00
1.80866715e+06 1.67764052e+00
1.80930375e+06 1.76494595e+00
1.80943938e+06 1.77528396e+00
1.81200000e+06 1.84207608e+00
1.81401500e+06 1.86207228e+00
1.81469000e+06 1.86784145e+00
1.81603000e+06 1.92752092e+00
1.81738000e+06 1.96622889e+00
1.81872000e+06 2.08566136e+00
1.82007000e+06 2.13941348e+00
1.82278000e+06 2.33143616e+00
1.82413000e+06 2.46285731e+00
1.82548000e+06 2.51233943e+00
1.82701000e+06 2.62849073e+00
1.82871000e+06 2.82694044e+00
1.83041000e+06 3.05036660e+00
1.83211000e+06 3.29839822e+00
1.83382000e+06 3.58311475e+00
1.83518000e+06 3.83880041e+00
1.83621000e+06 4.00492819e+00
1.83724000e+06 4.27123880e+00
1.83826000e+06 4.61285403e+00
1.83929000e+06 4.93016531e+00
1.84083500e+06 5.45470124e+00
1.84238000e+06 6.02232324e+00
1.84341000e+06 6.44204393e+00
1.84444000e+06 6.73681675e+00
1.84548000e+06 6.98661417e+00
1.84651000e+06 7.26108950e+00
1.84755000e+06 7.37874561e+00
1.84858000e+06 7.68333517e+00
1.84962000e+06 7.83140135e+00
1.85066000e+06 7.77865690e+00
1.85170000e+06 7.82974246e+00
1.85274000e+06 7.98749735e+00
1.85378000e+06 8.18911126e+00
1.85475500e+06 8.16665430e+00
1.85508000e+06 8.10545852e+00
1.85768750e+06 7.49618883e+00
1.85899000e+06 7.14247021e+00
1.86004000e+06 7.07800006e+00
1.86108000e+06 6.93247591e+00
1.86213000e+06 6.76143192e+00
1.86353000e+06 6.66411248e+00
1.86703000e+06 6.09656247e+00
1.86878000e+06 5.79009430e+00
1.87054000e+06 5.53913891e+00
1.87494000e+06 4.99881077e+00
1.87582000e+06 4.88691608e+00
1.87759000e+06 4.74630217e+00
1.87936000e+06 4.53699800e+00
1.88113000e+06 4.35450017e+00
1.88291000e+06 4.11756322e+00
1.88468000e+06 3.90813834e+00
1.88824000e+06 3.58404717e+00
1.89003000e+06 3.32704538e+00
1.89182000e+06 3.22413203e+00
1.89361000e+06 3.04228909e+00
1.89719000e+06 2.69813424e+00
1.89899000e+06 2.54988261e+00
1.90079000e+06 2.41630471e+00
1.90324250e+06 2.17324514e+00
1.90331000e+06 2.17043981e+00
1.90440000e+06 2.19050665e+00
1.90548000e+06 2.12985345e+00
1.90656000e+06 2.18335279e+00
1.90765000e+06 2.17878614e+00
1.90874000e+06 2.23940876e+00
1.90983000e+06 2.36461726e+00
1.91091000e+06 2.60460184e+00
1.91200000e+06 2.79174015e+00
1.91309000e+06 3.08261385e+00
1.91437000e+06 3.32828305e+00
1.91583000e+06 3.72674677e+00
1.91728000e+06 4.00534402e+00
1.91874000e+06 4.20726892e+00
1.92021000e+06 4.33409312e+00
1.92167000e+06 4.38659928e+00
1.92314000e+06 4.46522582e+00
1.92468594e+06 4.55918006e+00
1.92470312e+06 4.55918188e+00
1.92556250e+06 4.55630956e+00
1.92570000e+06 4.55795761e+00
1.92644000e+06 4.62379827e+00
1.92714719e+06 4.75619328e+00
1.92791000e+06 5.09669772e+00
1.92809500e+06 5.13356701e+00
1.92855750e+06 5.15208655e+00
1.92867266e+06 5.13422056e+00
1.92878781e+06 5.09509782e+00
1.92938500e+06 4.80538565e+00
1.93012000e+06 4.40910022e+00
1.93030500e+06 4.35001395e+00
1.93086000e+06 4.24066455e+00
1.93163625e+06 4.12969744e+00
1.93168250e+06 4.12816440e+00
1.93233000e+06 4.12996046e+00
1.93307000e+06 4.11602735e+00
1.93510000e+06 3.93494348e+00
1.93881000e+06 3.85189737e+00
1.94253000e+06 3.66987275e+00
1.94625000e+06 3.64994041e+00
1.94812000e+06 3.60380426e+00
1.94999000e+06 3.61410806e+00
1.95186000e+06 3.58275792e+00
1.95374000e+06 3.58413772e+00
1.95562000e+06 3.62271300e+00
1.95938000e+06 3.74807524e+00
1.96108000e+06 3.88214226e+00
1.96259000e+06 3.96710851e+00
1.96410000e+06 4.11153303e+00
1.96562000e+06 4.33144928e+00
1.96713000e+06 4.52225878e+00
1.96865000e+06 4.82234190e+00
1.97017000e+06 4.98734296e+00
1.97169000e+06 5.23096992e+00
1.97321000e+06 5.30214120e+00
1.97474000e+06 5.31121036e+00
1.97626500e+06 5.05070862e+00
1.97779000e+06 4.89759801e+00
1.97932000e+06 4.58520852e+00
1.98086000e+06 4.23921153e+00
1.98239000e+06 3.96668297e+00
1.98392000e+06 3.78303637e+00
1.98546000e+06 3.64022267e+00
1.98714938e+06 3.41188890e+00
1.98735992e+06 3.39792568e+00
1.98758776e+06 3.41616148e+00
1.98796750e+06 3.46893337e+00
1.98893000e+06 3.62697661e+00
1.98902625e+06 3.63240381e+00
1.98961578e+06 3.61144187e+00
1.98970000e+06 3.59743746e+00
1.99085500e+06 3.24548513e+00
1.99124000e+06 3.13537763e+00
1.99202000e+06 3.02390527e+00
1.99279000e+06 2.94758101e+00
1.99351656e+06 2.96250630e+00
1.99424312e+06 2.96440595e+00
1.99724000e+06 2.81882775e+00
2.00113000e+06 2.71104309e+00
2.00308000e+06 2.62342317e+00
2.00503000e+06 2.57697943e+00
2.00698000e+06 2.47983411e+00
2.00893000e+06 2.48117095e+00
2.01089000e+06 2.39829153e+00
2.01285000e+06 2.38387333e+00
2.01482000e+06 2.35572717e+00
2.01678000e+06 2.33748398e+00
2.01875000e+06 2.29367209e+00
2.02073000e+06 2.27942919e+00
2.02270000e+06 2.24285508e+00
2.02468000e+06 2.23460648e+00
2.02666000e+06 2.17143244e+00
2.02865000e+06 2.12212911e+00
2.03063000e+06 2.10717492e+00
2.03262000e+06 2.07499574e+00
2.03462000e+06 2.01139813e+00
2.03661000e+06 1.93834543e+00
2.03796625e+06 1.89310010e+00
2.03806000e+06 1.88016229e+00
2.03878500e+06 1.71126464e+00
2.03961000e+06 1.58813779e+00
2.04041000e+06 1.43029347e+00
2.04103016e+06 1.33744263e+00
2.04111875e+06 1.32823388e+00
2.04120734e+06 1.32513869e+00
2.04128867e+06 1.32940211e+00
2.04137000e+06 1.33976710e+00
2.04192000e+06 1.44310099e+00
2.04202000e+06 1.46574183e+00
2.04262000e+06 1.62793642e+00
2.04282000e+06 1.68854571e+00
2.04348875e+06 1.92124658e+00
2.04363281e+06 1.96127531e+00
2.04372125e+06 1.97677958e+00
2.04443000e+06 2.03427309e+00
2.04523000e+06 2.06400418e+00
2.04644000e+06 2.02811613e+00
2.04805000e+06 2.05147235e+00
2.05128000e+06 1.92576293e+00
2.05289500e+06 1.98392586e+00
2.05451000e+06 2.00794360e+00
2.05613000e+06 2.02013445e+00
2.05735000e+06 2.07309369e+00
2.05816000e+06 2.17153946e+00
2.05897000e+06 2.29481174e+00
2.05978000e+06 2.43559657e+00
2.06054875e+06 2.55476808e+00
2.06065062e+06 2.58238717e+00
2.06141000e+06 2.87321130e+00
2.06211875e+06 3.08299083e+00
2.06222000e+06 3.10237037e+00
2.06242500e+06 3.11984227e+00
2.06285342e+06 3.12605417e+00
2.06295300e+06 3.11872168e+00
2.06305258e+06 3.09508155e+00
2.06315779e+06 3.04815427e+00
2.06385500e+06 2.62870219e+00
2.06431344e+06 2.40334439e+00
2.06454266e+06 2.29952771e+00
2.06469524e+06 2.24368285e+00
2.06499906e+06 2.17142796e+00
2.06542938e+06 2.08748468e+00
2.06548000e+06 2.08101901e+00
2.06630000e+06 2.02288374e+00
2.06752000e+06 1.92791208e+00
2.06916000e+06 1.89864048e+00
2.07080000e+06 1.84862558e+00
2.07244000e+06 1.81814194e+00
2.07408000e+06 1.87878028e+00
2.07572000e+06 1.88756547e+00
2.07737000e+06 1.97021760e+00
2.07902000e+06 2.03415547e+00
2.08021156e+06 2.04991207e+00
2.08035375e+06 2.06800397e+00
2.08169500e+06 2.36512141e+00
2.08190000e+06 2.42090911e+00
2.08231500e+06 2.57634332e+00
2.08273000e+06 2.75593584e+00
2.08350812e+06 3.18657618e+00
2.08376500e+06 3.29249349e+00
2.08397000e+06 3.36918730e+00
2.08432875e+06 3.48025300e+00
2.08443188e+06 3.49428085e+00
2.08488578e+06 3.47612070e+00
2.08515812e+06 3.44715716e+00
2.08526188e+06 3.42144883e+00
2.08598812e+06 3.14245218e+00
2.08610282e+06 3.12158823e+00
2.08610809e+06 3.12120298e+00
2.08648013e+06 3.13238179e+00
2.08685217e+06 3.16061383e+00
2.08759625e+06 3.29441174e+00
2.08770000e+06 3.32506228e+00
2.08790750e+06 3.41019582e+00
2.08853000e+06 3.70123784e+00
2.08936000e+06 4.03441726e+00
2.09013812e+06 4.41070385e+00
2.09024188e+06 4.44141440e+00
2.09094705e+06 4.50906701e+00
2.09098353e+06 4.50970091e+00
2.09143500e+06 4.47176782e+00
2.09185000e+06 4.42815337e+00
2.09268000e+06 4.24011656e+00
2.09351000e+06 4.15943012e+00
2.09435000e+06 4.12160974e+00
2.09518000e+06 4.12257086e+00
2.09601000e+06 4.07557558e+00
2.09727000e+06 4.06008679e+00
2.09894000e+06 4.00528084e+00
2.10061000e+06 3.93266745e+00
2.10229000e+06 3.88395443e+00
2.10564000e+06 3.74362585e+00
2.10901000e+06 3.71608511e+00
2.11019125e+06 3.82351944e+00
2.11045375e+06 3.83137761e+00
2.11111000e+06 3.83413157e+00
2.11185180e+06 3.89152517e+00
2.11209906e+06 3.93154458e+00
2.11358750e+06 4.28178995e+00
2.11401188e+06 4.46503491e+00
2.11523375e+06 5.02224166e+00
2.11534000e+06 5.07766009e+00
2.11612750e+06 5.56912190e+00
2.11628625e+06 5.63239598e+00
2.11695031e+06 5.76510032e+00
2.11700344e+06 5.76719061e+00
2.11745250e+06 5.70208738e+00
2.11787500e+06 5.59539663e+00
2.11872000e+06 5.22395418e+00
2.11957000e+06 4.89399457e+00
2.12042000e+06 4.36974552e+00
2.12063250e+06 4.27956464e+00
2.12127000e+06 4.08056676e+00
2.12360750e+06 3.58697789e+00
2.12382000e+06 3.55468165e+00
2.12392625e+06 3.55160560e+00
2.12456375e+06 3.55752550e+00
2.12467000e+06 3.55474957e+00
2.12574000e+06 3.39447728e+00
2.12701000e+06 3.24287892e+00
2.12829000e+06 3.11134755e+00
2.13000000e+06 3.08244268e+00
2.13214000e+06 2.94623319e+00
2.13643000e+06 2.75642253e+00
2.13858000e+06 2.73477109e+00
2.14073000e+06 2.65560000e+00
2.14288000e+06 2.60694689e+00
2.14504000e+06 2.58732793e+00
2.14828000e+06 2.63503765e+00
2.14936000e+06 2.65227164e+00
2.15363875e+06 2.50277397e+00
2.15588000e+06 2.49111226e+00
2.15805000e+06 2.50328640e+00
2.16023000e+06 2.48506313e+00
2.16242000e+06 2.43558638e+00
2.16461000e+06 2.44686096e+00
2.16596944e+06 2.44637272e+00
2.16639308e+06 2.45446398e+00
2.16767500e+06 2.56358477e+00
2.16899000e+06 2.72125174e+00
2.17031000e+06 2.90841078e+00
2.17163000e+06 3.11823118e+00
2.17282625e+06 3.15109343e+00
2.17427000e+06 3.02893136e+00
2.17559000e+06 2.98607024e+00
2.17692000e+06 2.90172454e+00
2.17824000e+06 2.84527703e+00
2.17957000e+06 2.66789180e+00
2.18134000e+06 2.65207919e+00
2.18578000e+06 2.50872511e+00
2.18800000e+06 2.45393167e+00
2.19022000e+06 2.38333051e+00
2.19245000e+06 2.37367727e+00
2.19469000e+06 2.37727872e+00
2.19692000e+06 2.37276643e+00
2.20141000e+06 2.31304940e+00
2.20365000e+06 2.30447585e+00
2.20590500e+06 2.30687295e+00
2.20816000e+06 2.35047498e+00
2.21042000e+06 2.29961337e+00
2.21268000e+06 2.31936147e+00
2.21494000e+06 2.40408827e+00
2.21903000e+06 2.59420470e+00
2.22039000e+06 2.67248960e+00
2.22312000e+06 3.01039971e+00
2.22449000e+06 3.21614158e+00
2.22586000e+06 3.54396678e+00
2.22723000e+06 3.72812972e+00
2.22849297e+06 3.74092422e+00
2.22886348e+06 3.71510638e+00
2.22997500e+06 3.59633713e+00
2.23135000e+06 3.37223844e+00
2.23272000e+06 3.05362556e+00
2.23410000e+06 2.84277525e+00
2.23548000e+06 2.64777714e+00
2.23686000e+06 2.41671973e+00
2.23824000e+06 2.33539959e+00
2.24123500e+06 2.18440216e+00
2.24239000e+06 2.12456718e+00
2.24701000e+06 2.01492216e+00
2.24933000e+06 1.98714349e+00
2.25165000e+06 2.01242819e+00
2.25397000e+06 1.94250886e+00
2.25863000e+06 1.93134320e+00
2.26097000e+06 1.93343380e+00
2.26330000e+06 1.91879680e+00
2.26564500e+06 2.00537133e+00
2.26799000e+06 2.06802060e+00
2.27034000e+06 2.22133139e+00
2.27270000e+06 2.43414490e+00
2.27741000e+06 2.72770104e+00
2.27978000e+06 2.93989507e+00
2.28215000e+06 3.26846964e+00
2.28452000e+06 3.26242244e+00
2.28689000e+06 3.56091334e+00
2.28927000e+06 3.68942676e+00
2.29166000e+06 3.74207195e+00
2.29404500e+06 3.60284732e+00
2.29643000e+06 3.37426719e+00
2.29883000e+06 3.23004346e+00
2.30363000e+06 3.08227462e+00
2.30603000e+06 2.96926416e+00
2.30844000e+06 2.91049118e+00
2.31086000e+06 2.80780917e+00
2.31327000e+06 2.71707237e+00
2.31569000e+06 2.57853354e+00
2.31812000e+06 2.51340235e+00
2.32055000e+06 2.48063100e+00
2.32541000e+06 2.40435889e+00
2.32785000e+06 2.34961691e+00
2.33030000e+06 2.37712807e+00
2.33274000e+06 2.32737017e+00
2.33519000e+06 2.19980936e+00
2.33728000e+06 2.25316635e+00
2.33937000e+06 2.28975338e+00
2.34134000e+06 2.23941148e+00
2.34331000e+06 2.31150030e+00
2.34528500e+06 2.27007552e+00
2.34726000e+06 2.25468002e+00
2.34924000e+06 2.35868801e+00
2.35122000e+06 2.31055286e+00
2.35519000e+06 2.29891000e+00
2.35718000e+06 2.31134059e+00
2.35917000e+06 2.34307475e+00
2.36117000e+06 2.35124845e+00
2.36316000e+06 2.34164187e+00
2.36516000e+06 2.40525375e+00
2.36667000e+06 2.50369101e+00
2.36767000e+06 2.52704261e+00
2.36867000e+06 2.59392384e+00
2.37017750e+06 2.87106112e+00
2.37068000e+06 2.97679023e+00
2.37143000e+06 3.22710001e+00
2.37268000e+06 3.67511842e+00
2.37356375e+06 3.87747808e+00
2.37369000e+06 3.89527695e+00
2.37460531e+06 3.92050959e+00
2.37478795e+06 3.89835708e+00
2.37564219e+06 3.68930158e+00
2.37671000e+06 3.31262871e+00
2.37860375e+06 2.78637172e+00
2.37873000e+06 2.75936860e+00
2.37974000e+06 2.63238796e+00
2.38075000e+06 2.52301257e+00
2.38176000e+06 2.43556857e+00
2.38327000e+06 2.34636073e+00
2.38530000e+06 2.24835952e+00
2.38744688e+06 2.19231258e+00
2.38935000e+06 2.19261023e+00
2.39139000e+06 2.16815858e+00
2.39342000e+06 2.03615900e+00
2.39546000e+06 2.02392043e+00
2.39750000e+06 2.03216312e+00
2.39954000e+06 2.04843043e+00
2.40159000e+06 2.01604020e+00
2.40364000e+06 2.08111010e+00
2.40569000e+06 2.00294530e+00
2.40774000e+06 2.03234232e+00
2.40980000e+06 1.92579513e+00
2.41186000e+06 1.93144089e+00
2.41392000e+06 1.95081237e+00
2.41598500e+06 1.92606473e+00
2.41805000e+06 1.91050166e+00
2.42012000e+06 1.87516050e+00
2.42219500e+06 1.87936898e+00
2.42427000e+06 1.92534674e+00
2.42842000e+06 1.90194430e+00
2.43051000e+06 1.93959216e+00
2.43259000e+06 1.90277208e+00
2.43468000e+06 1.78849066e+00
2.43677000e+06 1.74850823e+00
2.43886000e+06 1.62482686e+00
2.44096000e+06 1.48008244e+00
2.44292875e+06 1.44484566e+00
2.44307641e+06 1.44773454e+00
2.44411000e+06 1.51438062e+00
2.44516000e+06 1.59146012e+00
2.44712875e+06 1.78921283e+00
2.44726000e+06 1.80709567e+00
2.44937000e+06 2.21024953e+00
2.45148000e+06 2.43879552e+00
2.45359000e+06 2.80143678e+00
2.45571000e+06 3.09300915e+00
2.45783000e+06 3.27700742e+00
2.45995000e+06 3.39510791e+00
2.46204344e+06 3.37390499e+00
2.46234250e+06 3.36103617e+00
2.46633000e+06 3.12276585e+00
2.46846000e+06 2.97030946e+00
2.47059000e+06 2.85361132e+00
2.47273000e+06 2.86709538e+00
2.47487000e+06 2.74601456e+00
2.47701500e+06 2.76771407e+00
2.47916000e+06 2.84150403e+00
2.48131000e+06 2.89191161e+00
2.48346000e+06 2.98029250e+00
2.48561000e+06 3.04734785e+00
2.48723000e+06 3.13306638e+00
2.48939000e+06 3.28187261e+00
2.49047000e+06 3.42931229e+00
2.49155000e+06 3.65504732e+00
2.49263000e+06 3.89734819e+00
2.49372000e+06 4.06760098e+00
2.49480000e+06 4.34858204e+00
2.49588000e+06 4.71559630e+00
2.49777875e+06 5.04585226e+00
2.49805000e+06 5.08007919e+00
2.49912562e+06 4.93305349e+00
2.50020125e+06 4.83054246e+00
2.50131500e+06 4.48029828e+00
2.50240000e+06 4.13270061e+00
2.50349000e+06 3.91241035e+00
2.50458000e+06 3.72634030e+00
2.50594000e+06 3.53503002e+00
2.50758000e+06 3.36592581e+00
2.50922000e+06 3.30583968e+00
2.51086000e+06 3.22773243e+00
2.51250000e+06 3.06237189e+00
2.51415000e+06 2.99786432e+00
2.51579000e+06 3.02400203e+00
2.51744000e+06 2.95726829e+00
2.51909000e+06 2.82723670e+00
2.52074000e+06 2.84454041e+00
2.52294000e+06 2.72265965e+00
2.52570000e+06 2.73353340e+00
2.52846000e+06 2.69363673e+00
2.53123000e+06 2.69917518e+00
2.53400000e+06 2.77857568e+00
2.53677000e+06 2.65459501e+00
2.53955000e+06 2.68862221e+00
2.54234000e+06 2.63882757e+00
2.54513000e+06 2.66805690e+00
2.54792000e+06 2.79089228e+00
2.55072500e+06 2.72707967e+00
2.55353000e+06 2.70103354e+00
2.55634000e+06 2.74503443e+00
2.55915000e+06 2.75102512e+00
2.56196000e+06 2.72545798e+00
2.56478000e+06 2.74744738e+00
2.56761000e+06 2.75290279e+00
2.57044000e+06 2.84669921e+00
2.57328000e+06 2.70202991e+00
2.57612000e+06 2.65766950e+00
2.57896000e+06 2.64192423e+00
2.58181000e+06 2.57555337e+00
2.58467000e+06 2.59209684e+00
2.58753000e+06 2.58586441e+00
2.59039000e+06 2.56981120e+00
2.59326500e+06 2.63070101e+00
2.59614000e+06 2.68198476e+00
2.59902000e+06 2.78443969e+00
2.60190000e+06 2.82217775e+00
2.60417250e+06 2.74348117e+00
2.60594000e+06 2.63505662e+00
2.60768000e+06 2.55292039e+00
2.60942000e+06 2.54249766e+00
2.61116000e+06 2.49407792e+00
2.61290000e+06 2.56888110e+00
2.61464000e+06 2.44928311e+00
2.61638500e+06 2.49701330e+00
2.61813000e+06 2.52933734e+00
2.61988000e+06 2.45984459e+00
2.62163000e+06 2.41937239e+00
2.62339000e+06 2.40810249e+00
2.62514000e+06 2.43114533e+00
2.62690000e+06 2.41130427e+00
2.62865000e+06 2.33222959e+00
2.63041000e+06 2.41977744e+00
2.63217000e+06 2.31875792e+00
2.63570000e+06 2.29869514e+00
2.63747000e+06 2.31483560e+00
2.63924000e+06 2.30592349e+00
2.64101000e+06 2.34472901e+00
2.64278000e+06 2.32854733e+00
2.64455000e+06 2.30185308e+00
2.64633000e+06 2.30474323e+00
2.64810000e+06 2.22445093e+00
2.64988000e+06 2.26808070e+00
2.65166000e+06 2.25862699e+00
2.65335887e+06 2.30068866e+00
2.65360156e+06 2.31875766e+00
2.65487891e+06 2.45310000e+00
2.65493000e+06 2.45510981e+00
2.65612000e+06 2.43872397e+00
2.65709617e+06 2.49365802e+00
2.65727281e+06 2.51674148e+00
2.65739367e+06 2.54914322e+00
2.65796078e+06 2.78766962e+00
2.65850000e+06 3.01858384e+00
2.65955000e+06 3.43987003e+00
2.65970000e+06 3.48824959e+00
2.66029500e+06 3.61319760e+00
2.66093668e+06 3.71322880e+00
2.66098336e+06 3.71553415e+00
2.66191717e+06 3.69679171e+00
2.66205057e+06 3.67735185e+00
2.66216902e+06 3.63755814e+00
2.66271985e+06 3.33989721e+00
2.66324266e+06 3.05463667e+00
2.66343000e+06 2.97633562e+00
2.66433000e+06 2.68699305e+00
2.66448000e+06 2.64803691e+00
2.66567000e+06 2.44303477e+00
2.66687000e+06 2.27518335e+00
2.66927000e+06 2.18066586e+00
2.67077000e+06 2.19286372e+00
2.67257000e+06 2.15975622e+00
2.67437000e+06 2.20366133e+00
2.67618000e+06 2.14430518e+00
2.67799000e+06 2.13943127e+00
2.67979000e+06 2.07540935e+00
2.68161000e+06 2.04233637e+00
2.68342000e+06 1.99583783e+00
2.68533486e+06 2.00426159e+00
2.68669809e+06 2.00404859e+00
2.68696958e+06 2.00772074e+00
2.68887000e+06 2.08307915e+00
2.69069000e+06 2.05978247e+00
2.69251000e+06 2.16655291e+00
2.69433000e+06 2.33167408e+00
2.69616000e+06 2.45232106e+00
2.69799000e+06 2.52085518e+00
2.70176438e+06 2.45533309e+00
2.70348000e+06 2.39073310e+00
2.70531000e+06 2.31139150e+00
2.70715000e+06 2.25317086e+00
2.70899000e+06 2.24021983e+00
2.71083000e+06 2.13781947e+00
2.71267000e+06 2.12772756e+00
2.71452000e+06 2.17267813e+00
2.71636000e+06 2.11712397e+00
2.71821000e+06 2.11865427e+00
2.72006000e+06 2.04604351e+00
2.72191000e+06 2.01378849e+00
2.72377000e+06 1.99734656e+00
2.72562000e+06 1.91003662e+00
2.72934000e+06 1.69291037e+00
2.73120000e+06 1.64932752e+00
2.73306500e+06 1.71502538e+00
2.73493000e+06 1.81817814e+00
2.73680000e+06 1.89318520e+00
2.74054000e+06 1.95798992e+00
2.74241000e+06 1.93162951e+00
2.74429000e+06 2.03492279e+00
2.74616000e+06 1.91887171e+00
2.74992000e+06 1.98876966e+00
2.75196000e+06 1.96837848e+00
2.75400000e+06 1.94273664e+00
2.75652000e+06 2.00302621e+00
2.75904000e+06 1.98922581e+00
2.76156000e+06 1.88736063e+00
2.76409000e+06 1.84319942e+00
2.76662000e+06 1.88449245e+00
2.76915000e+06 1.90995476e+00
2.77169000e+06 1.96265341e+00
2.77423000e+06 2.05328745e+00
2.77677000e+06 2.08526457e+00
2.77932000e+06 2.14995649e+00
2.78187000e+06 2.14042919e+00
2.78443000e+06 2.15539318e+00
2.78698000e+06 2.15835271e+00
2.78955000e+06 2.20067758e+00
2.79211000e+06 2.17621752e+00
2.79468000e+06 2.19073836e+00
2.79725500e+06 2.17206130e+00
2.79983000e+06 2.11618911e+00
2.80241000e+06 2.10370007e+00
2.80499500e+06 2.13329923e+00
2.80758000e+06 2.18710861e+00
2.81017000e+06 2.15711565e+00
2.81276000e+06 2.25117965e+00
2.81536000e+06 2.21578142e+00
2.81796000e+06 2.26374413e+00
2.82056000e+06 2.26752694e+00
2.82578000e+06 2.44851111e+00
2.82840000e+06 2.41220440e+00
2.83364000e+06 2.65927835e+00
2.83626000e+06 2.74461212e+00
2.83889000e+06 2.82321295e+00
2.84153000e+06 3.02744407e+00
2.84416000e+06 3.06400695e+00
2.84681000e+06 3.16363527e+00
2.84945000e+06 3.28236673e+00
2.85210000e+06 3.37576624e+00
2.85475000e+06 3.42973975e+00
2.85741000e+06 3.31506792e+00
2.86273000e+06 3.42576380e+00
2.86539000e+06 3.43733653e+00
2.86806500e+06 3.39039901e+00
2.87074000e+06 3.31677504e+00
2.87308000e+06 3.09893717e+00
2.87509000e+06 2.83455036e+00
2.87711000e+06 2.62324997e+00
2.87912000e+06 2.50476912e+00
2.88114000e+06 2.36406994e+00
2.88316000e+06 2.19472701e+00
2.88518000e+06 2.15461663e+00
2.88720000e+06 2.04616601e+00
2.88923000e+06 1.98852747e+00
2.89125000e+06 1.96608968e+00
2.89328000e+06 1.87366459e+00
2.89532000e+06 1.87827991e+00
2.89735000e+06 1.85221381e+00
2.89939000e+06 1.85765457e+00
2.90143000e+06 1.77463399e+00
2.90347000e+06 1.83062609e+00
2.90551000e+06 1.78020426e+00
2.90755000e+06 1.70464759e+00
2.90960000e+06 1.68050718e+00
2.91165000e+06 1.66778441e+00
2.91370000e+06 1.66509616e+00
2.91575000e+06 1.68514352e+00
2.91747000e+06 1.65910006e+00
2.91884000e+06 1.64707956e+00
2.92021000e+06 1.61434617e+00
2.92158500e+06 1.66336688e+00
2.92296000e+06 1.67790639e+00
2.92433000e+06 1.76283719e+00
2.92571000e+06 1.82066448e+00
2.92709000e+06 1.83140797e+00
2.92985000e+06 1.99562851e+00
2.93123000e+06 2.11112513e+00
2.93261000e+06 2.17254788e+00
2.93537000e+06 2.48895544e+00
2.93676000e+06 2.70301289e+00
2.93805375e+06 2.99192035e+00
2.93818344e+06 3.00382160e+00
2.93953000e+06 2.93392282e+00
2.94091000e+06 2.93884139e+00
2.94230000e+06 2.70334833e+00
2.94369000e+06 2.51689542e+00
2.94508000e+06 2.24630727e+00
2.94647000e+06 2.03676581e+00
2.94786000e+06 1.84860418e+00
2.95065000e+06 1.63232034e+00
2.95205000e+06 1.57535729e+00
2.95414000e+06 1.45633052e+00
2.95693000e+06 1.39681460e+00
2.96254000e+06 1.32165907e+00
2.96535000e+06 1.25784140e+00
2.96816000e+06 1.23707088e+00
2.97097000e+06 1.16382865e+00
2.97379000e+06 1.14584686e+00
2.97662000e+06 1.15533517e+00
2.97945000e+06 1.07317707e+00
2.98219156e+06 1.03519588e+00
2.98235186e+06 1.03831689e+00
2.98493312e+06 1.14018957e+00
2.98511000e+06 1.14429174e+00
2.98795000e+06 1.06823988e+00
2.99078688e+06 1.11372192e+00
2.99329000e+06 1.19376934e+00
2.99543000e+06 1.25757299e+00
2.99757000e+06 1.40896515e+00
2.99971000e+06 1.51892962e+00
3.00186000e+06 1.58908368e+00
3.00400000e+06 1.75132461e+00
3.00615000e+06 1.89959522e+00
3.00831000e+06 2.06584454e+00
3.01046000e+06 2.16965895e+00
3.01262000e+06 2.36329861e+00
3.01478000e+06 2.39038777e+00
3.01694000e+06 2.34152568e+00
3.01910000e+06 2.36078760e+00
3.02127000e+06 2.29783316e+00
3.02344000e+06 2.19379911e+00
3.02561000e+06 2.11839368e+00
3.02778000e+06 2.07929420e+00
3.02996000e+06 1.98941586e+00
3.03312031e+06 1.99737200e+00
3.03417375e+06 1.99857187e+00
3.03650000e+06 2.06121624e+00
3.03868000e+06 2.01834663e+00
3.04087000e+06 2.03527227e+00
3.04306000e+06 2.11021812e+00
3.04525500e+06 1.96422908e+00
3.04745000e+06 1.93600467e+00
3.04964000e+06 1.87110025e+00
3.05184000e+06 1.79473300e+00
3.05404000e+06 1.76913963e+00
3.05575965e+06 1.79559748e+00
3.05600531e+06 1.80699322e+00
3.05735000e+06 1.91099857e+00
3.05872812e+06 2.07273262e+00
3.05882000e+06 2.08824003e+00
3.06029000e+06 2.41620421e+00
3.06177000e+06 2.63611754e+00
3.06300457e+06 2.74879954e+00
3.06318832e+06 2.75624582e+00
3.06333845e+06 2.74696312e+00
3.06348857e+06 2.72471797e+00
3.06471500e+06 2.48612037e+00
3.06619000e+06 2.13619555e+00
3.06767000e+06 1.84929372e+00
3.06905750e+06 1.62219478e+00
3.06915000e+06 1.61160040e+00
3.06933500e+06 1.59894072e+00
3.07063000e+06 1.55922491e+00
3.07285000e+06 1.51776007e+00
3.07879000e+06 1.42298404e+00
3.08176500e+06 1.43494038e+00
3.08474000e+06 1.51099156e+00
3.08773000e+06 1.53698566e+00
3.09072000e+06 1.62075529e+00
3.09378000e+06 1.76781520e+00
3.09397250e+06 1.77010828e+00
3.09568750e+06 1.76930622e+00
3.09595000e+06 1.77602919e+00
3.09745000e+06 1.90330604e+00
3.09933500e+06 1.96753961e+00
3.10041312e+06 2.01657373e+00
3.10050688e+06 2.02845520e+00
3.10191312e+06 2.31597973e+00
3.10208891e+06 2.33289289e+00
3.10227055e+06 2.33526530e+00
3.10333256e+06 2.33322666e+00
3.10346000e+06 2.33407919e+00
3.10487562e+06 2.38843962e+00
3.10506375e+06 2.41187166e+00
3.10637625e+06 2.67447126e+00
3.10656438e+06 2.69369910e+00
3.10680916e+06 2.69998659e+00
3.10774923e+06 2.69930815e+00
3.10798000e+06 2.70324229e+00
3.10949000e+06 2.78884310e+00
3.11100000e+06 2.93262088e+00
3.11251000e+06 2.78668940e+00
3.11402000e+06 2.74917304e+00
3.11553000e+06 2.72005372e+00
3.11705000e+06 2.52365013e+00
3.12008000e+06 2.41026381e+00
3.12159000e+06 2.36757253e+00
3.12311000e+06 2.19093653e+00
3.12463000e+06 2.11319139e+00
3.12615000e+06 2.10398097e+00
3.12767000e+06 2.02763016e+00
3.12920000e+06 1.89622814e+00
3.13049141e+06 1.84983678e+00
3.13053594e+06 1.84936137e+00
3.13067258e+06 1.85272824e+00
3.13081531e+06 1.87032975e+00
3.13188758e+06 2.11558819e+00
3.13224500e+06 2.19747231e+00
3.13377000e+06 2.50929227e+00
3.13530000e+06 2.86919758e+00
3.13682000e+06 3.12214477e+00
3.13835000e+06 3.23197362e+00
3.13989000e+06 3.22670954e+00
3.14142000e+06 3.25359873e+00
3.14295000e+06 3.44321427e+00
3.14448000e+06 3.52311319e+00
3.14611562e+06 3.45276136e+00
3.14735875e+06 3.45383011e+00
3.14753914e+06 3.44536746e+00
3.14844109e+06 3.30992416e+00
3.15063000e+06 2.96900741e+00
3.15371000e+06 2.41581705e+00
3.15505750e+06 2.27329746e+00
3.15525000e+06 2.26070863e+00
3.15679000e+06 2.25070960e+00
3.15834000e+06 2.13081065e+00
3.15988000e+06 2.03245129e+00
3.16143000e+06 1.91104666e+00
3.16298000e+06 1.95499789e+00
3.16452000e+06 1.85326369e+00
3.16488328e+06 1.84852112e+00
3.16590047e+06 1.84948062e+00
3.16607000e+06 1.84889057e+00
3.16762000e+06 1.81114932e+00
3.16918000e+06 1.76299332e+00
3.16937375e+06 1.77116129e+00
3.17150500e+06 1.95598459e+00
3.17228000e+06 2.02025589e+00
3.17384000e+06 2.09302836e+00
3.17500625e+06 2.04768705e+00
3.17539500e+06 2.02019658e+00
3.17558938e+06 1.99450069e+00
3.17677385e+06 1.79116117e+00
3.17690141e+06 1.77816217e+00
3.17695000e+06 1.77671849e+00
3.17854656e+06 1.87051481e+00
3.17865625e+06 1.86821842e+00
3.18085000e+06 1.71122504e+00
3.18398000e+06 1.65597393e+00
3.18711000e+06 1.63397842e+00
3.19652000e+06 1.51393060e+00
3.19967000e+06 1.49178142e+00
3.20282000e+06 1.51294822e+00
3.20598000e+06 1.49435521e+00
3.20894500e+06 1.53896203e+00
3.21191000e+06 1.56963996e+00
3.21429000e+06 1.56794462e+00
3.21667000e+06 1.63063074e+00
3.21905000e+06 1.78011240e+00
3.22143000e+06 1.79660522e+00
3.22382000e+06 1.87952573e+00
3.22621000e+06 2.00229911e+00
3.22846000e+06 2.25650981e+00
3.22861000e+06 2.27823871e+00
3.23100000e+06 2.73219684e+00
3.23340000e+06 2.92157146e+00
3.23580000e+06 2.97348139e+00
3.23820500e+06 2.92799278e+00
3.24061000e+06 2.77788903e+00
3.24302000e+06 2.60845209e+00
3.24543000e+06 2.32794736e+00
3.24785000e+06 2.30361503e+00
3.24905500e+06 2.17380370e+00
3.25026000e+06 2.03975434e+00
3.25269000e+06 1.92906574e+00
3.25511000e+06 1.79002134e+00
3.25753000e+06 1.79173545e+00
3.26037000e+06 1.73601938e+00
3.26361000e+06 1.62974938e+00
3.26686000e+06 1.67049678e+00
3.27011000e+06 1.62371832e+00
3.27337000e+06 1.64930195e+00
3.27663000e+06 1.62499564e+00
3.27984891e+06 1.65331300e+00
3.28030875e+06 1.67372146e+00
3.28633781e+06 2.00297151e+00
3.28638891e+06 2.00344684e+00
3.28660699e+06 1.99625547e+00
3.28726125e+06 1.95163795e+00
3.28972500e+06 1.76730809e+00
3.29301000e+06 1.63015454e+00
3.29630000e+06 1.67846670e+00
3.29960000e+06 1.64329888e+00
3.30290000e+06 1.59320987e+00
3.30621000e+06 1.60500354e+00
3.30952000e+06 1.58338072e+00
3.31284000e+06 1.61709063e+00
3.31616000e+06 1.66991164e+00
3.31948500e+06 1.65466355e+00
3.32281000e+06 1.61491747e+00
3.32615000e+06 1.55218329e+00
3.32949500e+06 1.58665567e+00
3.33284000e+06 1.72698075e+00
3.33619000e+06 1.71528486e+00
3.33954000e+06 1.66196129e+00
3.34291000e+06 1.73998603e+00
3.34627000e+06 1.67530307e+00
3.34964500e+06 1.71369403e+00
3.35302000e+06 1.76714073e+00
3.35640000e+06 1.88798305e+00
3.35979000e+06 1.83951543e+00
3.36318000e+06 1.83165637e+00
3.36658000e+06 1.87426904e+00
3.36998000e+06 1.88890261e+00
3.37339000e+06 1.97980935e+00
3.37638000e+06 2.10046443e+00
3.37894000e+06 2.07584587e+00
3.38151000e+06 2.23821482e+00
3.38407000e+06 2.30461479e+00
3.38632312e+06 2.25949531e+00
3.38664500e+06 2.24282157e+00
3.38922000e+06 1.90290342e+00
3.39180000e+06 1.81918758e+00
3.39438000e+06 1.68035445e+00
3.39696000e+06 1.66250287e+00
3.39955000e+06 1.66888177e+00
3.40214000e+06 1.63362880e+00
3.40473000e+06 1.72364633e+00
3.40732000e+06 1.74020091e+00
3.40992000e+06 1.82880297e+00
3.41252000e+06 1.88791670e+00
3.41513000e+06 1.90195447e+00
3.41773000e+06 1.90553803e+00
3.42034000e+06 1.97069623e+00
3.42296000e+06 2.14838279e+00
3.42557000e+06 2.27642429e+00
3.42819000e+06 2.57174056e+00
3.42835406e+06 2.57927187e+00
3.43073810e+06 2.56537038e+00
3.43089703e+06 2.55664652e+00
3.43344000e+06 2.29949484e+00
3.43606000e+06 2.13925705e+00
3.43861750e+06 1.88959404e+00
3.43886438e+06 1.88130023e+00
3.44116562e+06 1.88417283e+00
3.44133000e+06 1.88241923e+00
3.44441000e+06 1.76386876e+00
3.44793000e+06 1.66074359e+00
3.45145000e+06 1.70819967e+00
3.45499000e+06 1.61321830e+00
3.45831000e+06 1.70745183e+00
3.46163000e+06 1.79049788e+00
3.46429000e+06 2.01573940e+00
3.46695500e+06 2.00018048e+00
3.46962000e+06 1.92325257e+00
3.47229000e+06 1.79780598e+00
3.47496000e+06 1.77577463e+00
3.47746312e+06 1.77757257e+00
3.47763000e+06 1.77461165e+00
3.48031000e+06 1.61511683e+00
3.48300000e+06 1.67437823e+00
3.48568000e+06 1.64866590e+00
3.48837000e+06 1.64487639e+00
3.49106000e+06 1.63422294e+00
3.49375500e+06 1.69348698e+00
3.49645000e+06 1.79260666e+00
3.49957500e+06 2.01140341e+00
3.50186000e+06 2.16266736e+00
3.50456000e+06 2.31727070e+00
3.50727500e+06 2.23796592e+00
3.50999000e+06 2.02488583e+00
3.51270000e+06 1.84238868e+00
3.51542000e+06 1.82346057e+00
3.51815000e+06 1.67067931e+00
3.52087500e+06 1.72732709e+00
3.52360000e+06 1.77618517e+00
3.52633000e+06 1.80348293e+00
3.52907000e+06 1.66879009e+00
3.53112500e+06 1.70350614e+00
3.53181000e+06 1.72200676e+00
3.53409000e+06 1.85218251e+00
3.53592000e+06 1.85471589e+00
3.53609156e+06 1.86969451e+00
3.53769281e+06 2.10573184e+00
3.53844000e+06 2.15827754e+00
3.53913000e+06 2.20247501e+00
3.53959000e+06 2.22072967e+00
3.54119562e+06 2.16907951e+00
3.54142500e+06 2.15019786e+00
3.54320266e+06 1.86846281e+00
3.54326000e+06 1.86304074e+00
3.54509000e+06 1.81094749e+00
3.54532000e+06 1.78748629e+00
3.54677547e+06 1.57949063e+00
3.54694078e+06 1.56393512e+00
3.54700906e+06 1.56115166e+00
3.54949953e+06 1.60273063e+00
3.55199000e+06 1.63706230e+00
3.55476000e+06 1.64397004e+00
3.56012688e+06 1.71916787e+00
3.56030000e+06 1.71939942e+00
3.56307000e+06 1.64553168e+00
3.56585000e+06 1.64826972e+00
3.56863000e+06 1.73706458e+00
3.57413644e+06 1.66607892e+00
3.57426449e+06 1.66064639e+00
3.57682562e+06 1.46398240e+00
3.57700000e+06 1.45550437e+00
3.57979000e+06 1.46760597e+00
3.58259000e+06 1.34821865e+00
3.58539000e+06 1.40003867e+00
3.58820000e+06 1.35231840e+00
3.59054000e+06 1.41641641e+00
3.59241000e+06 1.39963134e+00
3.59428500e+06 1.42306285e+00
3.59616000e+06 1.55008847e+00
3.59752043e+06 1.60931120e+00
3.59797391e+06 1.62625639e+00
3.59894695e+06 1.57737802e+00
3.59989797e+06 1.52641296e+00
3.60180000e+06 1.46085391e+00
3.60274000e+06 1.37274024e+00
3.60368000e+06 1.27421769e+00
3.60539650e+06 1.06091595e+00
3.60551094e+06 1.05170169e+00
3.60557000e+06 1.04911104e+00
3.60745000e+06 1.06250946e+00
3.60756812e+06 1.05751804e+00
3.60928094e+06 9.09110813e-01
3.60934000e+06 9.05274839e-01
3.61052000e+06 8.51303972e-01
3.61170000e+06 8.04446625e-01
3.61453000e+06 7.48730012e-01
3.61737000e+06 7.39059851e-01
3.62021500e+06 8.07427748e-01
3.62306000e+06 8.44399836e-01
3.62591000e+06 8.00653744e-01
3.62876000e+06 8.02740968e-01
3.63162000e+06 7.64599165e-01
3.63448000e+06 7.71432093e-01
3.63734000e+06 7.50350878e-01
3.64021000e+06 7.86902082e-01
3.64308000e+06 7.80489613e-01
3.64595000e+06 8.49548626e-01
3.64883000e+06 8.25787243e-01
3.65171000e+06 7.62673084e-01
3.65459000e+06 7.19259125e-01
3.65748000e+06 7.50439308e-01
3.66037000e+06 8.00571349e-01
3.66326000e+06 8.33798996e-01
3.66616000e+06 9.09343743e-01
3.66906000e+06 8.80885013e-01
3.67196000e+06 8.62694373e-01
3.67487000e+06 8.08819473e-01
3.67778000e+06 7.01964469e-01
3.67923500e+06 6.91508106e-01
3.68069000e+06 6.88926696e-01
3.68211109e+06 7.29189364e-01
3.68353219e+06 7.72532474e-01
3.68470250e+06 7.97871033e-01
3.68604000e+06 8.19428108e-01
3.68799000e+06 7.71480123e-01
3.68896500e+06 7.78784643e-01
3.68994000e+06 7.95411602e-01
3.69091500e+06 8.47747111e-01
3.69189000e+06 9.01437086e-01
3.69385000e+06 9.60141415e-01
3.69397188e+06 9.69006262e-01
3.69488594e+06 1.06964503e+00
3.69580000e+06 1.17139192e+00
3.69776000e+06 1.38096005e+00
3.69959750e+06 1.59812915e+00
3.69972000e+06 1.60899917e+00
3.70119000e+06 1.68235413e+00
3.70168000e+06 1.69689835e+00
3.70315000e+06 1.65757858e+00
3.70364000e+06 1.63841605e+00
3.70560000e+06 1.50802417e+00
3.70757000e+06 1.33533806e+00
3.70953000e+06 1.25653139e+00
3.71150000e+06 1.12806931e+00
3.71593000e+06 1.00030616e+00
3.71879750e+06 8.74483568e-01
3.71893633e+06 8.72517796e-01
3.71916797e+06 8.75447682e-01
3.72482000e+06 1.01969682e+00
3.72779000e+06 1.04091387e+00
3.73077000e+06 1.12493578e+00
3.73374000e+06 1.16866869e+00
3.73672000e+06 1.27812108e+00
3.73971000e+06 1.47286715e+00
3.74270000e+06 1.64939360e+00
3.74569000e+06 1.72170954e+00
3.74868000e+06 1.78392009e+00
3.75168000e+06 1.89150025e+00
3.75468500e+06 1.83476118e+00
3.75769000e+06 1.82745422e+00
3.76070000e+06 1.86847440e+00
3.76372000e+06 1.83922737e+00
3.76673500e+06 1.90263567e+00
3.76975000e+06 1.98368302e+00
3.77278000e+06 1.97151433e+00
3.77580000e+06 1.97251511e+00
3.77883500e+06 1.96252405e+00
3.78187000e+06 1.94712181e+00
3.78491000e+06 2.03436203e+00
3.78795000e+06 1.96849572e+00
3.79100000e+06 1.73560539e+00
3.79710000e+06 1.72566897e+00
3.80016000e+06 1.63258472e+00
3.80322000e+06 1.58509275e+00
3.80629000e+06 1.60763552e+00
3.80936000e+06 1.57108618e+00
3.81217500e+06 1.65624910e+00
3.81499000e+06 1.70697160e+00
3.81524625e+06 1.72978883e+00
3.81704000e+06 1.95621501e+00
3.81897125e+06 2.18064847e+00
3.81916422e+06 2.19012383e+00
3.82118711e+06 2.12992342e+00
3.82321000e+06 2.02337991e+00
3.82424000e+06 1.88884728e+00
3.82527000e+06 1.75119369e+00
3.82719750e+06 1.59754672e+00
3.82784000e+06 1.55889979e+00
3.83094000e+06 1.60570049e+00
3.83404000e+06 1.62292543e+00
3.83428188e+06 1.63979168e+00
3.83662000e+06 1.88429064e+00
3.83856062e+06 2.03364554e+00
3.83869000e+06 2.03835036e+00
3.83969508e+06 2.02384315e+00
3.84070016e+06 1.99266637e+00
3.84089469e+06 1.97356534e+00
3.84284000e+06 1.68090325e+00
3.84491000e+06 1.45720306e+00
3.84569000e+06 1.33490884e+00
3.84674219e+06 1.16332414e+00
3.84689250e+06 1.14306752e+00
3.84699000e+06 1.13446921e+00
3.84711546e+06 1.13012686e+00
3.84735165e+06 1.13395800e+00
3.84900500e+06 1.19131803e+00
3.84903750e+06 1.19145744e+00
3.84922336e+06 1.18632113e+00
3.85108500e+06 1.06991393e+00
3.85115000e+06 1.06737458e+00
3.85245000e+06 1.04373930e+00
3.85375000e+06 1.02703189e+00
3.85687000e+06 1.02942470e+00
3.86000000e+06 1.01787739e+00
3.86471000e+06 1.06225710e+00
3.86942000e+06 1.11276231e+00
3.87256000e+06 1.04621384e+00
3.87571000e+06 1.07407533e+00
3.87886000e+06 1.10986337e+00
3.88202000e+06 1.12849315e+00
3.88518000e+06 1.18308825e+00
3.88835000e+06 1.18183993e+00
3.89152000e+06 1.25752119e+00
3.89469000e+06 1.21350170e+00
3.89786000e+06 1.28624718e+00
3.90104000e+06 1.38757008e+00
3.90423000e+06 1.58260997e+00
3.90742000e+06 1.66522467e+00
3.91061000e+06 1.70419901e+00
3.91380000e+06 1.59215214e+00
3.91550000e+06 1.66553483e+00
3.91700000e+06 1.73632205e+00
3.92021000e+06 1.81627181e+00
3.92341000e+06 1.90717326e+00
3.92663000e+06 2.03126598e+00
3.92984000e+06 2.07308780e+00
3.93306000e+06 1.91611943e+00
3.93628000e+06 1.89930088e+00
3.93951000e+06 1.89544285e+00
3.94253812e+06 1.89585004e+00
3.94598000e+06 1.85476065e+00
3.94922000e+06 1.94507388e+00
3.95246000e+06 2.12713373e+00
3.95571000e+06 2.23849089e+00
3.95733750e+06 2.14024127e+00
3.95896500e+06 2.03349827e+00
3.96222000e+06 1.91842150e+00
3.96547000e+06 1.82791347e+00
3.96874000e+06 1.71425046e+00
3.97201000e+06 1.63354889e+00
3.97528000e+06 1.60764292e+00
3.97855000e+06 1.47376043e+00
3.98183000e+06 1.45408499e+00
3.98512000e+06 1.45307308e+00
3.98840000e+06 1.43575273e+00
3.99169500e+06 1.44015046e+00
3.99499000e+06 1.51866869e+00
3.99829000e+06 1.54656186e+00
4.00160000e+06 1.59346714e+00
4.00491000e+06 1.50710736e+00
4.00822000e+06 1.41236514e+00
4.01463953e+06 1.43285441e+00
4.01506750e+06 1.43967864e+00
4.01818000e+06 1.52413533e+00
4.02151000e+06 1.53486353e+00
4.02484000e+06 1.70956395e+00
4.02818000e+06 1.63845531e+00
4.03152000e+06 1.78078771e+00
4.03486000e+06 1.88191131e+00
4.03821000e+06 1.90935385e+00
4.04157000e+06 1.99065347e+00
4.04493000e+06 2.03761529e+00
4.04829000e+06 2.24706591e+00
4.05165000e+06 2.34247338e+00
4.05502500e+06 2.30610478e+00
4.05840000e+06 2.08123726e+00
4.06178000e+06 1.83080042e+00
4.06460000e+06 1.65201576e+00
4.06686000e+06 1.58676707e+00
4.06886391e+06 1.41204048e+00
4.06907484e+06 1.39873902e+00
4.06914547e+06 1.39716934e+00
4.06935496e+06 1.40152657e+00
4.07138000e+06 1.51111085e+00
4.07171933e+06 1.51633975e+00
4.07350979e+06 1.51644796e+00
4.07533875e+06 1.53805652e+00
4.07590500e+06 1.54735809e+00
4.07817000e+06 1.67518109e+00
4.08036906e+06 1.83864347e+00
4.08044000e+06 1.83991965e+00
4.08065281e+06 1.83278457e+00
4.08271000e+06 1.67123888e+00
4.08498000e+06 1.54561454e+00
4.08604875e+06 1.42762722e+00
4.08774094e+06 1.23187067e+00
4.08783000e+06 1.22376048e+00
4.08942844e+06 1.11972248e+00
4.09108016e+06 1.01972666e+00
4.09124000e+06 1.01187354e+00
4.09380500e+06 9.46337077e-01
4.09466000e+06 9.29767985e-01
4.09809000e+06 9.56112559e-01
4.10152000e+06 9.04529138e-01
4.10178404e+06 9.10003365e-01
4.10433641e+06 1.01028012e+00
4.10662977e+06 1.04687582e+00
4.10781500e+06 1.12810671e+00
4.10896000e+06 1.20692387e+00
4.11125000e+06 1.25572936e+00
4.11139375e+06 1.26585591e+00
4.11355000e+06 1.50579346e+00
4.11585000e+06 1.67583151e+00
4.11786250e+06 1.80028410e+00
4.11815000e+06 1.80934193e+00
4.11930250e+06 1.76977731e+00
4.12045500e+06 1.71295648e+00
4.12276000e+06 1.50121589e+00
4.12506000e+06 1.41985756e+00
4.12795000e+06 1.33551922e+00
4.13141000e+06 1.28685639e+00
4.13489000e+06 1.20418114e+00
4.13836000e+06 1.21653446e+00
4.14184000e+06 1.08678455e+00
4.14532000e+06 1.00723750e+00
4.14881000e+06 9.83814830e-01
4.15231000e+06 9.41213865e-01
4.15507328e+06 9.64104534e-01
4.15525750e+06 9.67917144e-01
4.15974375e+06 1.12836811e+00
4.15989000e+06 1.13510861e+00
4.16223000e+06 1.28011603e+00
4.16442375e+06 1.38252851e+00
4.16457000e+06 1.38522862e+00
4.16687344e+06 1.33879217e+00
4.16917688e+06 1.31474032e+00
4.16932344e+06 1.30598736e+00
4.16989258e+06 1.24580755e+00
4.17160000e+06 1.04798345e+00
4.17386688e+06 7.34507890e-01
4.17394000e+06 7.25517477e-01
4.17452750e+06 6.62204211e-01
4.17600543e+06 5.11877410e-01
4.17625328e+06 4.89342345e-01
4.17640016e+06 4.79017622e-01
4.17687635e+06 4.55587495e-01
4.17813741e+06 3.96731776e-01
4.17839903e+06 3.85001329e-01
4.17858492e+06 3.78711072e-01
4.17871359e+06 3.76778073e-01
4.17877396e+06 3.76628997e-01
4.17895507e+06 3.77791751e-01
4.18078342e+06 4.03141514e-01
4.18099500e+06 4.07817226e-01
4.18106859e+06 4.10241431e-01
4.18224150e+06 4.61291605e-01
4.18327641e+06 5.06139048e-01
4.18335000e+06 5.08247806e-01
4.18571000e+06 5.40782808e-01
4.18585750e+06 5.46596191e-01
4.18676094e+06 6.01403868e-01
4.18783031e+06 6.67674995e-01
4.18799625e+06 6.79015576e-01
4.18829125e+06 7.03235575e-01
4.19028250e+06 8.81028051e-01
4.19043000e+06 8.91570136e-01
4.19220000e+06 9.76883605e-01
4.19279000e+06 1.00489945e+00
4.19516000e+06 1.15154828e+00
4.19745594e+06 1.26928245e+00
4.19782625e+06 1.30382892e+00
4.19812250e+06 1.33413891e+00
4.19990000e+06 1.53262468e+00
4.20219594e+06 1.84952351e+00
4.20227000e+06 1.85529390e+00
4.20464000e+06 1.89671348e+00
4.20486312e+06 1.91594755e+00
4.20702000e+06 2.20033711e+00
4.20939000e+06 2.56103178e+00
4.21177000e+06 2.87947626e+00
4.21534750e+06 3.02173160e+00
4.21654000e+06 3.06369210e+00
4.21892000e+06 2.86004987e+00
4.22131000e+06 2.88780258e+00
4.22370000e+06 2.84628164e+00
4.22609000e+06 2.74136256e+00
4.22849000e+06 2.57227501e+00
4.23088000e+06 2.43208221e+00
4.23320500e+06 2.21602529e+00
4.23328000e+06 2.21312328e+00
4.23568000e+06 2.23862338e+00
4.23868000e+06 2.07473059e+00
4.24229000e+06 1.99811568e+00
4.24590000e+06 1.90672903e+00
4.24952000e+06 1.90038980e+00
4.25314000e+06 1.97688823e+00
4.25676000e+06 1.96760311e+00
4.26039500e+06 2.05748982e+00
4.26403000e+06 2.11669352e+00
4.26767000e+06 2.28233411e+00
4.27131500e+06 2.21535995e+00
4.27496000e+06 2.19646645e+00
4.27862000e+06 2.01069814e+00
4.28228000e+06 1.76352681e+00
4.28594000e+06 1.69223319e+00
4.28961000e+06 1.69950450e+00
4.29328000e+06 1.58818732e+00
4.29512000e+06 1.67041086e+00
4.29696000e+06 1.75347578e+00
4.30064500e+06 1.66461993e+00
4.30433000e+06 1.64873189e+00
4.30802000e+06 1.67521304e+00
4.31171000e+06 1.73865260e+00
4.31356250e+06 1.61978840e+00
4.31541500e+06 1.49479142e+00
4.31912000e+06 1.38384220e+00
4.32283000e+06 1.35579165e+00
4.32655000e+06 1.30461207e+00
4.32678250e+06 1.31266920e+00
4.33027000e+06 1.53745431e+00
4.33399000e+06 1.78809969e+00
4.33755973e+06 1.82490155e+00
4.33955172e+06 1.75991811e+00
4.34150000e+06 1.69257811e+00
4.34522000e+06 1.70409139e+00
4.34894000e+06 1.79581573e+00
4.35269000e+06 1.79116483e+00
4.35425500e+06 1.91607601e+00
4.35582000e+06 2.04602501e+00
4.35808562e+06 2.12875898e+00
4.35824188e+06 2.12999782e+00
4.35832000e+06 2.12882880e+00
4.36083000e+06 1.96407452e+00
4.36334000e+06 1.82382507e+00
4.36648000e+06 1.67551467e+00
4.37025000e+06 1.43202651e+00
4.37403000e+06 1.38836428e+00
4.37781000e+06 1.26208206e+00
4.38160000e+06 1.17836686e+00
4.38539000e+06 1.03152346e+00
4.38919000e+06 1.03767774e+00
4.39299000e+06 1.08394140e+00
4.39679000e+06 1.24605201e+00
4.40061000e+06 1.39163825e+00
4.40442000e+06 1.51191690e+00
4.40824000e+06 1.59762745e+00
4.41207000e+06 1.48612672e+00
4.41230938e+06 1.49304730e+00
4.41578031e+06 1.71264529e+00
4.41590000e+06 1.71501110e+00
4.41974000e+06 1.60311660e+00
4.42358000e+06 1.64431574e+00
4.42743000e+06 1.67691387e+00
4.43128000e+06 1.56594286e+00
4.43513000e+06 1.49470920e+00
4.43900000e+06 1.60167214e+00
4.44286000e+06 1.58467124e+00
4.44673000e+06 1.50590360e+00
4.45061000e+06 1.64808199e+00
4.45449000e+06 1.71187246e+00
4.45838000e+06 1.69367213e+00
4.46227000e+06 1.55167394e+00
4.46568250e+06 1.41030659e+00
4.46617000e+06 1.39767817e+00
4.46812250e+06 1.46037281e+00
4.47007500e+06 1.53158359e+00
4.47398000e+06 1.64732639e+00
4.47789000e+06 1.70332367e+00
4.48181000e+06 1.73519999e+00
4.48573000e+06 1.79799340e+00
4.48966000e+06 1.97635232e+00
4.49359500e+06 1.88550084e+00
4.49753000e+06 1.86449286e+00
4.50138750e+06 1.67214344e+00
4.50148000e+06 1.67072488e+00
4.50542000e+06 1.75361867e+00
4.51139094e+06 1.53072255e+00
4.51262844e+06 1.49191389e+00
4.51279666e+06 1.49512606e+00
4.51330133e+06 1.52556523e+00
4.51532000e+06 1.66003133e+00
4.51796000e+06 1.76438066e+00
4.52061000e+06 1.96229705e+00
4.52309438e+06 2.22450626e+00
4.52326000e+06 2.23477028e+00
4.52591000e+06 2.22138627e+00
4.52856000e+06 2.34754341e+00
4.53122000e+06 2.24259986e+00
4.53388000e+06 2.19715574e+00
4.53654000e+06 2.10845581e+00
4.53912172e+06 2.18800672e+00
4.54170344e+06 2.20114622e+00
4.54190253e+06 2.19229894e+00
4.54453500e+06 1.93241248e+00
4.54720000e+06 1.75498869e+00
4.54753500e+06 1.71106421e+00
4.54965492e+06 1.37370030e+00
4.54985899e+06 1.34802641e+00
4.55002602e+06 1.33505225e+00
4.55013031e+06 1.33023244e+00
4.55255000e+06 1.27091612e+00
4.55523000e+06 1.19041643e+00
4.56059000e+06 1.18013054e+00
4.56310719e+06 1.18743933e+00
4.56327500e+06 1.19253174e+00
4.56461750e+06 1.27787361e+00
4.56596000e+06 1.36854549e+00
4.56856594e+06 1.52550941e+00
4.56865000e+06 1.52744587e+00
4.56896524e+06 1.52343680e+00
4.57117188e+06 1.44039272e+00
4.57134000e+06 1.42955356e+00
4.57201250e+06 1.36076605e+00
4.57386188e+06 1.15210843e+00
4.57403000e+06 1.13685112e+00
4.57538000e+06 1.05423775e+00
4.57673000e+06 9.80998236e-01
4.57869172e+06 9.22425250e-01
4.57938781e+06 9.07289772e-01
4.57955393e+06 9.09236241e-01
4.58005227e+06 9.28949896e-01
4.58204562e+06 1.01493677e+00
4.58213000e+06 1.01636600e+00
4.58233630e+06 1.01495317e+00
4.58543078e+06 9.28925485e-01
4.58546296e+06 9.28847718e-01
4.58562200e+06 9.32071336e-01
4.58631117e+06 9.68998972e-01
4.58944312e+06 1.14338527e+00
4.58969688e+06 1.15101815e+00
4.59004578e+06 1.15346872e+00
4.59337625e+06 1.15324766e+00
4.59363000e+06 1.15463755e+00
4.59770000e+06 1.21456910e+00
4.60178000e+06 1.17354729e+00
4.60382250e+06 1.26282320e+00
4.60586500e+06 1.35749454e+00
4.60995000e+06 1.47879291e+00
4.61404000e+06 1.58991706e+00
4.62224000e+06 1.71047933e+00
4.62635000e+06 1.80319787e+00
4.63047000e+06 1.86141489e+00
4.63459000e+06 1.92545060e+00
4.63871000e+06 1.90057817e+00
4.64285000e+06 2.04698689e+00
4.64698000e+06 2.07932277e+00
4.65112000e+06 1.91051119e+00
4.65527000e+06 1.96144831e+00
4.65943000e+06 1.92813375e+00
4.66359000e+06 1.90637971e+00
4.66775000e+06 2.07120977e+00
4.66983500e+06 1.98201312e+00
4.67192000e+06 1.88363309e+00
4.67610000e+06 1.77113658e+00
4.68446000e+06 1.58972106e+00
4.68866000e+06 1.70237110e+00
4.69216000e+06 1.68965677e+00
4.69496000e+06 1.83401777e+00
4.69776000e+06 1.86000888e+00
4.69916500e+06 1.97212077e+00
4.70057000e+06 2.09138875e+00
4.70338000e+06 2.26595157e+00
4.70619000e+06 2.45371751e+00
4.70873656e+06 2.47669515e+00
4.70905033e+06 2.46708386e+00
4.71041000e+06 2.34519031e+00
4.71182000e+06 2.20795030e+00
4.71464000e+06 1.91549792e+00
4.71746000e+06 1.67332751e+00
4.72028000e+06 1.50486456e+00
4.72285022e+06 1.26315577e+00
4.72302156e+06 1.24917467e+00
4.72324266e+06 1.23907452e+00
4.72328688e+06 1.23828701e+00
4.72594000e+06 1.24278451e+00
4.72865945e+06 1.22021678e+00
4.72880332e+06 1.22481751e+00
4.72894719e+06 1.23444806e+00
4.73087410e+06 1.42346544e+00
4.73156070e+06 1.49671467e+00
4.73195938e+06 1.56200744e+00
4.73444000e+06 2.00689984e+00
4.73692500e+06 2.32697179e+00
4.73728000e+06 2.36297502e+00
4.73941000e+06 2.44085561e+00
4.74012000e+06 2.45262144e+00
4.74292438e+06 2.30500035e+00
4.74332500e+06 2.29563940e+00
4.75080000e+06 2.23358009e+00
4.75508500e+06 2.32936949e+00
4.75937000e+06 2.53170528e+00
4.76367000e+06 2.61116553e+00
4.76797000e+06 2.85098809e+00
4.76823906e+06 2.85630666e+00
4.77240953e+06 2.84623743e+00
4.77658000e+06 2.68434973e+00
4.78090000e+06 2.60657375e+00
4.78523000e+06 2.70212609e+00
4.78955000e+06 2.68109928e+00
4.79317000e+06 2.36386455e+00
4.79606000e+06 2.05965087e+00
4.79858875e+06 1.91771548e+00
4.79895000e+06 1.90495243e+00
4.80175938e+06 1.94135758e+00
4.80456875e+06 1.94412405e+00
4.80766000e+06 1.85869667e+00
4.81056500e+06 1.93832140e+00
4.81347000e+06 2.07540535e+00
4.81638000e+06 2.11504779e+00
4.81929500e+06 2.04516132e+00
4.82221000e+06 1.98016259e+00
4.82367000e+06 1.81801374e+00
4.82513000e+06 1.64513976e+00
4.82780477e+06 1.37446060e+00
4.82805000e+06 1.35734964e+00
4.83098000e+06 1.32941263e+00
4.83390000e+06 1.23196694e+00
4.83670983e+06 1.21141759e+00
4.83688931e+06 1.21617004e+00
4.83724828e+06 1.23847627e+00
4.83967328e+06 1.40490738e+00
4.83976500e+06 1.40883347e+00
4.84270000e+06 1.45683696e+00
4.84564000e+06 1.57135584e+00
4.84858000e+06 1.61825672e+00
4.85133625e+06 1.75595180e+00
4.85152000e+06 1.76993026e+00
4.85262625e+06 1.89662581e+00
4.85447000e+06 2.11984211e+00
4.85741000e+06 2.44779662e+00
4.86037000e+06 2.68417948e+00
4.86295125e+06 2.81287092e+00
4.86332000e+06 2.81773824e+00
4.86628000e+06 2.58021491e+00
4.86924000e+06 2.50469537e+00
4.87220000e+06 2.21526137e+00
4.87516000e+06 1.97017301e+00
4.87813000e+06 1.66085960e+00
4.88110000e+06 1.43187220e+00
4.88371905e+06 1.27889768e+00
4.88402359e+06 1.26666152e+00
4.88407000e+06 1.26638322e+00
4.88707906e+06 1.36614288e+00
4.88710812e+06 1.36621756e+00
4.88728250e+06 1.36398442e+00
4.89053750e+06 1.24845095e+00
4.89077000e+06 1.24448397e+00
4.89524500e+06 1.34269425e+00
4.89972000e+06 1.43142449e+00
4.90299250e+06 1.58444259e+00
4.90346000e+06 1.61480835e+00
4.90421000e+06 1.70401015e+00
4.90646000e+06 1.99303152e+00
4.90945000e+06 2.21950864e+00
4.91245000e+06 2.30956205e+00
4.91545500e+06 2.27170084e+00
4.91846000e+06 2.18870953e+00
4.92146000e+06 2.04781755e+00
4.92447000e+06 1.75515725e+00
4.92749000e+06 1.53218262e+00
4.93012375e+06 1.43115776e+00
4.93050000e+06 1.42322658e+00
4.93427000e+06 1.50197301e+00
4.93881000e+06 1.41628849e+00
4.94335000e+06 1.41370269e+00
4.94789000e+06 1.38186008e+00
4.95244500e+06 1.58977407e+00
4.95700000e+06 1.64249788e+00
4.96149969e+06 1.61284523e+00
4.96214250e+06 1.58934207e+00
4.96816375e+06 1.32284170e+00
4.97080000e+06 1.21156701e+00
4.97530000e+06 1.10834928e+00
4.97989500e+06 1.14617707e+00
4.98449000e+06 1.23876975e+00
4.98909000e+06 1.37919811e+00
4.99370000e+06 1.55134634e+00
4.99832000e+06 1.74233981e+00
5.00294000e+06 1.78952735e+00
5.00757000e+06 1.99774841e+00
5.01220000e+06 1.92743836e+00
5.01685000e+06 1.97102523e+00
5.02139626e+06 1.88329637e+00
5.02186656e+06 1.85877425e+00
5.03066438e+06 1.27344965e+00
5.03081000e+06 1.26631357e+00
5.03470000e+06 1.16153846e+00
5.03781000e+06 1.02834026e+00
5.04093000e+06 9.98116101e-01
5.04405000e+06 1.00622706e+00
5.04717000e+06 9.86969166e-01
5.05030000e+06 9.62822962e-01
5.05343000e+06 9.91174034e-01
5.05656000e+06 1.03623523e+00
5.05970000e+06 1.14704642e+00
5.06283000e+06 1.30243501e+00
5.06598000e+06 1.50258636e+00
5.06912000e+06 1.68860680e+00
5.07227000e+06 1.80116728e+00
5.07542000e+06 1.95714113e+00
5.07853309e+06 2.11530544e+00
5.07873258e+06 2.11100724e+00
5.08172500e+06 1.88433857e+00
5.08478141e+06 1.67889981e+00
5.08488000e+06 1.67516573e+00
5.08883000e+06 1.64238646e+00
5.09350578e+06 1.36237831e+00
5.09358000e+06 1.35980899e+00
5.09715000e+06 1.31555970e+00
5.09834000e+06 1.30685979e+00
5.10310500e+06 1.39929046e+00
5.10787000e+06 1.65962870e+00
5.11264000e+06 1.77236664e+00
5.11743000e+06 1.90550779e+00
5.12207031e+06 1.80420953e+00
5.12222000e+06 1.79793950e+00
5.12686031e+06 1.46891534e+00
5.12701000e+06 1.46271544e+00
5.13101000e+06 1.45353335e+00
5.13121062e+06 1.44388828e+00
5.13402878e+06 1.21588876e+00
5.13419492e+06 1.21070981e+00
5.13432031e+06 1.21372566e+00
5.13444570e+06 1.22219645e+00
5.13743000e+06 1.52601571e+00
5.14064000e+06 1.82591286e+00
5.14374969e+06 2.12806326e+00
5.14385000e+06 2.13401484e+00
5.14716434e+06 2.19560092e+00
5.14725867e+06 2.19589361e+00
5.14990008e+06 2.19528588e+00
5.15023969e+06 2.20330433e+00
5.15190000e+06 2.38144262e+00
5.15351000e+06 2.55586077e+00
5.15371156e+06 2.56504326e+00
5.15664052e+06 2.55756280e+00
5.15683578e+06 2.55151489e+00
5.15996000e+06 2.36894103e+00
5.16320000e+06 2.12211879e+00
5.16643000e+06 1.93561564e+00
5.16967000e+06 1.79037467e+00
5.17291000e+06 1.51669531e+00
5.17494000e+06 1.45698149e+00
5.17697000e+06 1.40976207e+00
5.18184000e+06 1.41850800e+00
5.18672000e+06 1.40562681e+00
5.19161000e+06 1.55431782e+00
5.19650000e+06 1.80038671e+00
5.20140000e+06 2.09354792e+00
5.20615656e+06 2.18297284e+00
5.20631000e+06 2.18157616e+00
5.20999625e+06 1.98895230e+00
5.21122500e+06 1.91811928e+00
5.21598641e+06 1.54183313e+00
5.21614000e+06 1.53306270e+00
5.22107000e+06 1.39888023e+00
5.22601000e+06 1.24774593e+00
5.22617677e+06 1.24669154e+00
5.23084640e+06 1.24954922e+00
5.23134672e+06 1.25631619e+00
5.24086000e+06 1.44179978e+00
5.24582500e+06 1.35954800e+00
5.25079000e+06 1.21437397e+00
5.25577000e+06 1.08029944e+00
5.26076000e+06 1.12284325e+00
5.26575000e+06 1.10017136e+00
5.27075000e+06 1.12977526e+00
5.27575000e+06 1.25802672e+00
5.28077059e+06 1.17248823e+00
5.28579118e+06 1.07975507e+00
5.29066281e+06 8.92222899e-01
5.29082000e+06 8.88243472e-01
5.29548650e+06 8.56761424e-01
5.29555527e+06 8.56729467e-01
5.29577152e+06 8.59004066e-01
5.29592895e+06 8.65074776e-01
5.29600766e+06 8.69740376e-01
5.29753495e+06 9.92350232e-01
5.30089500e+06 1.26531199e+00
5.30578234e+06 1.56319497e+00
5.30594000e+06 1.57034104e+00
5.31100000e+06 1.66218970e+00
5.31591156e+06 1.62526199e+00
5.31607000e+06 1.61871524e+00
5.31733750e+06 1.51935360e+00
5.32114000e+06 1.20278512e+00
5.32581886e+06 9.45976076e-01
5.32613078e+06 9.31482551e-01
5.32636906e+06 9.25550910e-01
5.32660020e+06 9.23930551e-01
5.33099679e+06 9.24710019e-01
5.33130000e+06 9.23583636e-01
5.33639000e+06 8.34127402e-01
5.34149000e+06 6.96892576e-01
5.34660000e+06 5.78724301e-01
5.35172000e+06 5.25434072e-01
5.35684000e+06 4.62271970e-01
5.36125116e+06 4.36025646e-01
5.36188133e+06 4.33323359e-01
5.36206810e+06 4.35460043e-01
5.36262840e+06 4.50256864e-01
5.36711000e+06 5.79485554e-01
5.37208938e+06 6.83258792e-01
5.37225000e+06 6.88831011e-01
5.37257250e+06 7.04610067e-01
5.37703207e+06 9.62887366e-01
5.37732938e+06 9.76994924e-01
5.37749062e+06 9.79851851e-01
5.38005047e+06 9.33904684e-01
5.38261031e+06 8.86223470e-01
5.38773000e+06 8.75576988e-01
5.39291000e+06 9.38963838e-01
5.39809000e+06 8.73697736e-01
5.40328000e+06 9.31862816e-01
5.40847000e+06 9.80372010e-01
5.41368000e+06 1.01639489e+00
5.41889000e+06 9.87680862e-01
5.42411000e+06 9.98301972e-01
5.42831328e+06 9.89944390e-01
5.42852000e+06 9.84673336e-01
5.42976031e+06 9.15400518e-01
5.43195000e+06 7.86583805e-01
5.43502938e+06 5.67992511e-01
5.43523467e+06 5.54161739e-01
5.43539531e+06 5.46311266e-01
5.43545000e+06 5.44718976e-01
5.43894000e+06 5.30730077e-01
5.43904938e+06 5.27191778e-01
5.43925445e+06 5.16149041e-01
5.44222809e+06 3.22170180e-01
5.44238531e+06 3.13453675e-01
5.44249469e+06 3.08578983e-01
5.44265021e+06 3.03306859e-01
5.44325519e+06 2.88060269e-01
5.44557428e+06 2.33098623e-01
5.44577594e+06 2.29173719e-01
5.44591266e+06 2.27741456e-01
5.44595712e+06 2.27609055e-01
5.44610473e+06 2.28324362e-01
5.44635074e+06 2.31817265e-01
5.44944500e+06 2.86498494e-01
5.45241604e+06 3.24233595e-01
5.45289524e+06 3.28901831e-01
5.45295000e+06 3.29037168e-01
5.45315477e+06 3.28160226e-01
5.45612398e+06 2.93244177e-01
5.45625258e+06 2.92511284e-01
5.45637093e+06 2.93521242e-01
5.45646307e+06 2.95994371e-01
5.45653855e+06 2.99279908e-01
5.45663453e+06 3.04966727e-01
5.45679906e+06 3.17328571e-01
5.45967836e+06 5.64655782e-01
5.45992516e+06 5.82840476e-01
5.46010375e+06 5.92099167e-01
5.46160250e+06 6.33073834e-01
5.46339000e+06 6.81205344e-01
5.46350000e+06 6.85500485e-01
5.46438000e+06 7.31562992e-01
5.46702000e+06 8.77564919e-01
5.47001223e+06 9.80687438e-01
5.47049484e+06 9.93009290e-01
5.47055000e+06 9.93240816e-01
5.47076373e+06 9.89924281e-01
5.47396969e+06 8.73070358e-01
5.47408000e+06 8.71601204e-01
5.47430062e+06 8.73459467e-01
5.47761000e+06 9.64919993e-01
5.48115000e+06 9.93671389e-01
5.48469000e+06 9.59529202e-01
5.48646000e+06 1.02004198e+00
5.48823000e+06 1.08499543e+00
5.49132750e+06 1.14763316e+00
5.49177000e+06 1.15050767e+00
5.49348953e+06 1.09525058e+00
5.49520906e+06 1.03670890e+00
5.49532000e+06 1.03583515e+00
5.49554250e+06 1.03960340e+00
5.49888000e+06 1.16955650e+00
5.50243000e+06 1.24381767e+00
5.50599000e+06 1.41657515e+00
5.50956000e+06 1.46828662e+00
5.51261924e+06 1.46998329e+00
5.51292528e+06 1.46794416e+00
5.51312947e+06 1.46053447e+00
5.51323156e+06 1.45397183e+00
5.51415195e+06 1.36762859e+00
5.51647733e+06 1.13882404e+00
5.51666219e+06 1.12662952e+00
5.51680188e+06 1.12288083e+00
5.52027000e+06 1.18786365e+00
5.52379188e+06 1.17659690e+00
5.52429500e+06 1.16739960e+00
5.52832000e+06 1.07143773e+00
5.53370000e+06 9.98965131e-01
5.53909000e+06 9.83885276e-01
5.54448500e+06 1.04572475e+00
5.54988000e+06 1.25920488e+00
5.55530000e+06 1.30763854e+00
5.56071000e+06 1.29627307e+00
5.56614000e+06 1.38902113e+00
5.57158000e+06 1.48524988e+00
5.57702500e+06 1.36305639e+00
5.58247000e+06 1.16242694e+00
5.58793000e+06 9.83976185e-01
5.59270750e+06 8.81488829e-01
5.59339000e+06 8.71239758e-01
5.59613000e+06 9.08477456e-01
5.59887000e+06 9.54476314e-01
5.60435000e+06 1.17438445e+00
5.60966844e+06 1.42953152e+00
5.60984000e+06 1.43379653e+00
5.61534500e+06 1.38851478e+00
5.62085000e+06 1.29808249e+00
5.62627391e+06 1.12754415e+00
5.62636000e+06 1.12699500e+00
5.62666242e+06 1.13201578e+00
5.63119875e+06 1.28640361e+00
5.63189000e+06 1.30299223e+00
5.63465500e+06 1.23399945e+00
5.63742000e+06 1.15502019e+00
5.64261375e+06 9.66391104e-01
5.64296000e+06 9.58462396e-01
5.64573500e+06 9.81587571e-01
5.64851000e+06 1.01235018e+00
5.65406000e+06 1.12219054e+00
5.65963000e+06 1.13328620e+00
5.66520000e+06 1.22127176e+00
5.67078000e+06 1.26190040e+00
5.67637000e+06 1.33495542e+00
5.68197000e+06 1.40451479e+00
5.68757000e+06 1.60444661e+00
5.69319000e+06 1.63416463e+00
5.69881000e+06 1.84847875e+00
5.70444000e+06 2.01603833e+00
5.71008000e+06 2.07300052e+00
5.71573000e+06 1.91657681e+00
5.72138000e+06 1.84752110e+00
5.72705000e+06 1.78327090e+00
5.73272000e+06 1.58573262e+00
5.73840000e+06 1.58759026e+00
5.74409000e+06 1.46965895e+00
5.74979000e+06 1.47585017e+00
5.75549000e+06 1.44576345e+00
5.76121000e+06 1.36342461e+00
5.76693000e+06 1.48689801e+00
5.77266000e+06 1.45580010e+00
5.78415000e+06 1.43480172e+00
5.78991000e+06 1.54453008e+00
5.79568000e+06 1.52443437e+00
5.80146000e+06 1.53971849e+00
5.80724000e+06 1.38148803e+00
5.81303000e+06 1.44799368e+00
5.81883000e+06 1.35902479e+00
5.82464500e+06 1.50595713e+00
5.83046000e+06 1.51631446e+00
5.83629000e+06 1.51480280e+00
5.84213000e+06 1.60308748e+00
5.84797000e+06 1.56116302e+00
5.85254500e+06 1.64204361e+00
5.85285000e+06 1.65085108e+00
5.85676000e+06 1.91542093e+00
5.86067000e+06 2.01195974e+00
5.86458000e+06 2.05840714e+00
5.86752000e+06 1.91267223e+00
5.86850000e+06 1.85516075e+00
5.87242000e+06 1.49265223e+00
5.87610438e+06 1.23600413e+00
5.87635000e+06 1.22248956e+00
5.88028000e+06 1.09649846e+00
5.88421000e+06 1.00140226e+00
5.88716500e+06 1.02195417e+00
5.88815000e+06 1.03373643e+00
5.89209000e+06 1.15604943e+00
5.89604000e+06 1.16836198e+00
5.89985885e+06 1.15497757e+00
5.90011344e+06 1.14891319e+00
5.90394000e+06 9.74496432e-01
5.90777625e+06 8.43806117e-01
5.90790000e+06 8.42239338e-01
5.90814781e+06 8.44019863e-01
5.91186500e+06 9.31185289e-01
5.91583000e+06 9.40455809e-01
5.91980000e+06 8.95442601e-01
5.92377000e+06 9.74337690e-01
5.92775000e+06 1.04479714e+00
5.93173000e+06 1.04392522e+00
5.93572000e+06 1.09268769e+00
5.93939633e+06 1.21861202e+00
5.93964766e+06 1.22285333e+00
5.93980564e+06 1.21903662e+00
5.94006895e+06 1.20337422e+00
5.94358016e+06 9.33574762e-01
5.94370500e+06 9.26790571e-01
5.94395469e+06 9.18516911e-01
5.94770000e+06 8.61698369e-01
5.95157500e+06 8.48999763e-01
5.95179399e+06 8.42316773e-01
5.95188797e+06 8.37702073e-01
5.95546917e+06 6.06848301e-01
5.95563168e+06 5.99743553e-01
5.95578808e+06 5.97059034e-01
5.95580350e+06 5.97029389e-01
5.95595769e+06 5.98590897e-01
5.95651278e+06 6.14566615e-01
5.95972000e+06 7.11822454e-01
5.96373000e+06 8.02111632e-01
5.96876000e+06 9.67912991e-01
5.97479000e+06 1.12018364e+00
5.98084000e+06 1.12510734e+00
5.98680531e+06 1.05424233e+00
5.98978797e+06 9.69487710e-01
5.99286531e+06 8.81415226e-01
5.99296000e+06 8.80039287e-01
5.99874547e+06 8.74858576e-01
5.99914388e+06 8.77869680e-01
6.00512000e+06 9.80083982e-01
6.01121000e+06 1.11854334e+00
6.01731000e+06 1.16363985e+00
6.02342000e+06 1.26981550e+00
6.02954000e+06 1.23260264e+00
6.03567000e+06 1.30270957e+00
6.04181000e+06 1.47154481e+00
6.04796500e+06 1.37807177e+00
6.05412000e+06 1.35869318e+00
6.06029000e+06 1.42650530e+00
6.06646000e+06 1.44177449e+00
6.07265000e+06 1.25000575e+00
6.07884000e+06 1.15912693e+00
6.08505000e+06 1.18671700e+00
6.09126000e+06 1.15355176e+00
6.09749000e+06 1.17695598e+00
6.10372500e+06 1.00940380e+00
6.11477115e+06 5.99723699e-01
6.11602438e+06 5.54228172e-01
6.11622000e+06 5.49086426e-01
6.11935000e+06 5.09729544e-01
6.12248000e+06 4.74298654e-01
6.12867652e+06 4.33554031e-01
6.12890024e+06 4.34982758e-01
6.13116226e+06 4.73267521e-01
6.13504000e+06 5.39897253e-01
6.14133000e+06 5.94372240e-01
6.14763000e+06 6.08777075e-01
6.14992254e+06 6.61086330e-01
6.15670500e+06 8.22856473e-01
6.16026000e+06 9.04272063e-01
6.16765000e+06 9.68838658e-01
6.17610000e+06 1.05353782e+00
6.18458500e+06 9.15893302e-01
6.19307000e+06 8.92578548e-01
6.20159000e+06 9.05379266e-01
6.21011000e+06 9.26405043e-01
6.21866000e+06 1.18355830e+00
6.22722000e+06 1.32390343e+00
6.23581000e+06 1.51245551e+00
6.24441000e+06 1.78859415e+00
6.25302000e+06 1.87274035e+00
6.26166000e+06 1.90508084e+00
6.27031000e+06 1.96982634e+00
6.27898000e+06 1.95207439e+00
6.28550000e+06 1.96461677e+00
6.28985000e+06 2.08804861e+00
6.29638250e+06 1.96961258e+00
6.29856000e+06 1.92452894e+00
6.30292000e+06 1.77169428e+00
6.30729000e+06 1.64825248e+00
6.31166000e+06 1.42838005e+00
6.31604000e+06 1.25881830e+00
6.32042000e+06 1.06545773e+00
6.32809375e+06 9.67136219e-01
6.32919000e+06 9.54054412e-01
6.33359000e+06 9.41464435e-01
6.33799000e+06 8.98370136e-01
6.34239000e+06 8.65641221e-01
6.34673109e+06 7.98688772e-01
6.34694128e+06 8.00968478e-01
6.34757183e+06 8.21523650e-01
6.35121500e+06 9.50642956e-01
6.35563000e+06 1.05571682e+00
6.36005000e+06 1.20964262e+00
6.36444539e+06 1.32507731e+00
6.36472474e+06 1.32112432e+00
6.36891500e+06 1.16844055e+00
6.37335000e+06 1.09148073e+00
6.37751875e+06 1.12163942e+00
6.37918625e+06 1.12744876e+00
6.38669000e+06 1.14351716e+00
6.39086188e+06 1.14569948e+00
6.39112341e+06 1.14266006e+00
6.39190801e+06 1.11533635e+00
6.39365156e+06 1.04844236e+00
6.39914561e+06 8.26367038e-01
6.39993047e+06 7.95672517e-01
6.40013984e+06 7.92445622e-01
6.40233992e+06 8.18477737e-01
6.40454000e+06 8.50432329e-01
6.40887031e+06 9.47213970e-01
6.40901000e+06 9.48214777e-01
6.41349000e+06 8.91761234e-01
6.41370000e+06 8.95338090e-01
6.41783000e+06 1.05832729e+00
6.41797000e+06 1.06165090e+00
6.42246000e+06 1.07297394e+00
6.42695000e+06 1.11824328e+00
6.43145000e+06 1.31056609e+00
6.43595000e+06 1.34419085e+00
6.44035430e+06 1.52382089e+00
6.44040715e+06 1.52422059e+00
6.44063177e+06 1.51897022e+00
6.44130562e+06 1.47772898e+00
6.44497000e+06 1.23072379e+00
6.44919812e+06 9.99817455e-01
6.44948000e+06 9.87778016e-01
6.45287750e+06 9.12090921e-01
6.45401000e+06 8.93308581e-01
6.45853000e+06 9.42951511e-01
6.45874234e+06 9.37857983e-01
6.46291844e+06 7.26469038e-01
6.46306000e+06 7.21102311e-01
6.46476250e+06 6.82079957e-01
6.46987000e+06 5.78808888e-01
6.47896000e+06 4.91353596e-01
6.48807000e+06 4.80689657e-01
6.49653743e+06 4.20081191e-01
6.49710192e+06 4.17215073e-01
6.49729380e+06 4.19319235e-01
6.49748568e+06 4.23807619e-01
6.50023539e+06 5.07194899e-01
6.50605438e+06 6.85283328e-01
6.50634000e+06 6.91765893e-01
6.51522344e+06 7.65778763e-01
6.51551000e+06 7.67218925e-01
6.52470500e+06 7.31807430e-01
6.53390000e+06 7.00971213e-01
6.54313000e+06 5.99335282e-01
6.55238000e+06 4.87541332e-01
6.56164000e+06 4.56457694e-01
6.57078484e+06 3.28038352e-01
6.57093000e+06 3.26796482e-01
6.58023000e+06 3.08218983e-01
6.58139500e+06 2.94587861e-01
6.58915408e+06 1.92627761e-01
6.58940438e+06 1.89710985e-01
6.58962309e+06 1.88267830e-01
6.58969617e+06 1.88109374e-01
6.59660279e+06 2.03256332e-01
6.59890500e+06 2.09703199e-01
6.60065906e+06 2.25541212e-01
6.60811383e+06 2.98425319e-01
6.60826000e+06 3.00757756e-01
6.60855344e+06 3.07156051e-01
6.61750328e+06 5.42168591e-01
6.61765000e+06 5.45050917e-01
6.62705000e+06 6.56083503e-01
6.63648000e+06 8.41735119e-01
6.64592000e+06 1.07020934e+00
6.65279812e+06 1.20132923e+00
6.65302000e+06 1.20279237e+00
6.65776000e+06 1.10926894e+00
6.66250000e+06 1.17352704e+00
6.66725000e+06 1.24544260e+00
6.67200000e+06 1.26653156e+00
6.68078555e+06 1.21593045e+00
6.68137125e+06 1.21485395e+00
6.68159469e+06 1.22022577e+00
6.68181812e+06 1.23081299e+00
6.68599188e+06 1.49358824e+00
6.68629000e+06 1.50614273e+00
6.68658812e+06 1.50948661e+00
6.69076188e+06 1.50750886e+00
6.69106000e+06 1.50905011e+00
6.69584500e+06 1.61548879e+00
6.70063000e+06 1.63173988e+00
6.70542000e+06 1.49923197e+00
6.71021000e+06 1.40570112e+00
6.71501000e+06 1.34927812e+00
6.71981000e+06 1.22242825e+00
6.72462000e+06 1.24290451e+00
6.72944000e+06 1.19272640e+00
6.73425000e+06 1.13754448e+00
6.73908000e+06 1.12440200e+00
6.74391000e+06 1.21524197e+00
6.74995000e+06 1.13586455e+00
6.75722000e+06 1.07064082e+00
6.76450000e+06 1.07966143e+00
6.77178000e+06 1.16310245e+00
6.77909000e+06 1.20612060e+00
6.78640500e+06 1.12550375e+00
6.79372000e+06 1.00493072e+00
6.80106000e+06 9.50553796e-01
6.80840000e+06 8.57648883e-01
6.81484000e+06 7.58503914e-01
6.81576000e+06 7.48461982e-01
6.81945000e+06 8.05453440e-01
6.82314000e+06 8.65436078e-01
6.83052000e+06 8.95264958e-01
6.83410438e+06 8.19190773e-01
6.83780438e+06 7.38477148e-01
6.83792000e+06 7.37297333e-01
6.84533000e+06 7.54122823e-01
6.85274000e+06 8.37483286e-01
6.86018000e+06 1.02721124e+00
6.86762000e+06 1.08825052e+00
6.87508000e+06 9.38987681e-01
6.88254000e+06 8.90475140e-01
6.89003000e+06 9.35630196e-01
6.89752000e+06 9.66025912e-01
6.90503000e+06 8.51426785e-01
6.91254000e+06 7.91484574e-01
6.92007000e+06 7.06987828e-01
6.92761000e+06 6.37370382e-01
6.93505188e+06 5.26569142e-01
6.93517000e+06 5.25993944e-01
6.93561355e+06 5.28176821e-01
6.94250344e+06 6.00576280e-01
6.94274000e+06 6.01792250e-01
6.95020156e+06 5.48269749e-01
6.95042399e+06 5.50723699e-01
6.95079469e+06 5.60448144e-01
6.95791500e+06 7.90464810e-01
6.96551000e+06 9.61479573e-01
6.97313000e+06 1.07983579e+00
6.98076500e+06 9.96284376e-01
6.98840000e+06 8.56388858e-01
6.99606000e+06 7.81285390e-01
7.00372000e+06 7.60121145e-01
7.01141000e+06 8.47483507e-01
7.01910000e+06 1.03112440e+00
7.02680000e+06 1.10229408e+00
7.03452000e+06 1.10305989e+00
7.04225000e+06 1.17252179e+00
7.05000000e+06 1.12248806e+00
7.05775000e+06 1.09177083e+00
7.06682000e+06 1.16348343e+00
7.07720000e+06 1.14396102e+00
7.08760000e+06 8.46022371e-01
7.09803000e+06 6.26751184e-01
7.10848000e+06 4.67521309e-01
7.11896000e+06 3.98575285e-01
7.12947000e+06 4.13274859e-01
7.13998000e+06 4.62938397e-01
7.15052000e+06 5.59039760e-01
7.16109000e+06 7.50586619e-01
7.17168000e+06 9.04339611e-01
7.18230000e+06 9.67796217e-01
7.19293000e+06 9.92139292e-01
7.20360000e+06 1.00489924e+00
7.21428000e+06 1.09034764e+00
7.22499000e+06 1.14450462e+00
7.23573000e+06 9.87123344e-01
7.24514000e+06 1.04064125e+00
7.25322000e+06 1.09676641e+00
7.26132000e+06 1.04469597e+00
7.26943000e+06 1.09981284e+00
7.27755000e+06 1.08880531e+00
7.28569000e+06 1.13289692e+00
7.29384000e+06 1.13597701e+00
7.30193819e+06 1.11958547e+00
7.30277594e+06 1.10724398e+00
7.30966938e+06 9.85420771e-01
7.31018000e+06 9.80044691e-01
7.31428000e+06 1.05066982e+00
7.31838000e+06 1.12672506e+00
7.32658000e+06 1.25641083e+00
7.33480000e+06 1.32246670e+00
7.34303000e+06 1.15178638e+00
7.35128000e+06 1.16881273e+00
7.35954500e+06 1.11191902e+00
7.36781000e+06 1.07958803e+00
7.37611000e+06 1.16976124e+00
7.38441000e+06 1.22400867e+00
7.39273000e+06 1.19748404e+00
7.40105000e+06 1.05808128e+00
7.40940000e+06 9.91004312e-01
7.41776500e+06 1.01095943e+00
7.42613000e+06 1.07521890e+00
7.43452000e+06 1.19403466e+00
7.44292000e+06 1.26596044e+00
7.45152562e+06 1.18611362e+00
7.46259000e+06 1.03198410e+00
7.47668000e+06 8.60940337e-01
7.49081000e+06 8.33890097e-01
7.50498000e+06 9.04091065e-01
7.51919000e+06 8.45227839e-01
7.53345000e+06 9.51283475e-01
7.54774000e+06 8.95903369e-01
7.56208000e+06 9.31775032e-01
7.57645000e+06 8.89836812e-01
7.59087000e+06 9.54399865e-01
7.60535000e+06 9.44742958e-01
7.61983000e+06 8.71870925e-01
7.63346125e+06 7.26194918e-01
7.63437000e+06 7.20250094e-01
7.63802125e+06 7.78013367e-01
7.64897500e+06 9.64554519e-01
7.66358000e+06 1.16056495e+00
7.67827000e+06 1.03493522e+00
7.69296000e+06 8.77544908e-01
7.70771000e+06 8.60134748e-01
7.72252500e+06 1.06429015e+00
7.73734000e+06 1.22604033e+00
7.75224500e+06 1.09932289e+00
7.76715000e+06 1.08389260e+00
7.78211000e+06 1.04657972e+00
7.79712000e+06 1.12521856e+00
7.81218000e+06 1.01155179e+00
7.83484000e+06 9.34113403e-01
7.86491594e+06 9.99149339e-01
7.92650000e+06 1.23126130e+00
7.95710750e+06 1.09942883e+00
7.96002250e+06 1.09339369e+00
8.01978000e+06 1.01424020e+00
8.05124000e+06 8.15898886e-01
8.08288000e+06 6.59419521e-01
8.11472000e+06 6.45927340e-01
8.14674000e+06 7.04820702e-01
8.17895000e+06 6.62983150e-01
8.21145500e+06 8.51369462e-01
8.24396000e+06 9.26282166e-01
8.27685500e+06 8.68295920e-01
8.30975000e+06 8.23268354e-01
8.34304000e+06 8.85791781e-01
8.37633000e+06 9.87497247e-01
8.40993000e+06 1.01002894e+00
8.44372000e+06 8.45284778e-01
8.47773000e+06 8.94405029e-01
8.51193000e+06 8.56902015e-01
8.54645500e+06 8.96796423e-01
8.58098000e+06 9.00924325e-01
8.61582000e+06 9.21153500e-01
8.65087000e+06 8.34702064e-01
8.68614000e+06 8.81561570e-01
8.72173500e+06 6.82611291e-01
8.75733000e+06 5.70563111e-01
8.79325000e+06 5.68703063e-01
8.82951000e+06 6.47727126e-01
8.86577000e+06 7.84848206e-01
8.90237000e+06 8.72998916e-01
8.93919000e+06 8.97022717e-01
8.97625000e+06 9.70882603e-01
9.01354000e+06 1.04879198e+00
9.05118000e+06 1.00937112e+00
9.08882000e+06 8.44504182e-01
9.12681000e+06 7.62260990e-01
9.16505000e+06 6.90015973e-01
9.20353000e+06 6.90983613e-01
9.24225000e+06 4.70283458e-01
9.27645375e+06 5.52910719e-01
9.28134000e+06 5.65460418e-01
9.32043000e+06 8.34215556e-01
9.35001000e+06 8.39283452e-01
9.36918156e+06 6.12877738e-01
9.36980000e+06 6.07469595e-01
9.38469500e+06 6.71094158e-01
9.38966000e+06 6.94242091e-01
9.40959000e+06 8.74301808e-01
9.42957000e+06 9.22605344e-01
9.45268969e+06 9.04064023e-01
9.46039625e+06 8.96119813e-01
9.50003000e+06 7.50303334e-01
9.54065000e+06 8.23205196e-01
9.58153000e+06 7.04722112e-01
9.62268000e+06 5.98562472e-01
9.66409000e+06 5.54060322e-01
9.70591000e+06 5.75623493e-01
9.74773000e+06 6.42001910e-01
9.78996000e+06 7.27470343e-01
9.83246000e+06 7.32824959e-01
9.87525000e+06 7.16762286e-01
9.93995000e+06 7.90432022e-01
1.01157000e+07 7.61030000e-01
1.02053000e+07 7.68481000e-01
1.02961000e+07 6.90133000e-01
1.03881000e+07 7.86015000e-01
1.04814000e+07 5.36077000e-01
1.05760000e+07 6.41008000e-01
1.06718000e+07 5.23839000e-01
1.07690000e+07 6.88969000e-01
1.08675000e+07 7.23569000e-01
1.09670000e+07 7.07790000e-01
1.09674000e+07 7.07725000e-01
1.10000000e+07 6.86358000e-01
1.10020000e+07 6.85083000e-01
1.10686000e+07 6.42845000e-01
1.11713000e+07 5.18296000e-01
1.12754000e+07 5.88168000e-01
1.13810000e+07 6.67403000e-01
1.14881000e+07 7.05609000e-01
1.15967000e+07 7.11418000e-01
1.17069000e+07 6.57031000e-01
1.18187000e+07 6.49156000e-01
1.19321000e+07 6.68984000e-01
1.20000000e+07 6.83811000e-01
1.20471000e+07 6.94381000e-01
1.21638000e+07 7.58653000e-01
1.22823000e+07 7.47200000e-01
1.24024000e+07 7.73240000e-01
1.25244000e+07 5.99607000e-01
1.26482000e+07 7.98990000e-01
1.27738000e+07 8.17449000e-01
1.29014000e+07 7.86376000e-01
1.30000000e+07 8.20865000e-01
1.30308000e+07 8.31828000e-01
1.31623000e+07 7.47548000e-01
1.32957000e+07 6.68288000e-01
1.34313000e+07 7.90592000e-01
1.35689000e+07 6.89417000e-01
1.37086000e+07 6.48574000e-01
1.38506000e+07 8.49439000e-01
1.39630000e+07 6.88052000e-01
1.39947000e+07 6.42533000e-01
1.40000000e+07 6.45467000e-01
1.41412000e+07 7.23675000e-01
1.42899000e+07 7.49613000e-01
1.44411000e+07 7.84703000e-01
1.45000000e+07 7.23923000e-01
1.45947000e+07 6.26548000e-01
1.47507000e+07 6.33387000e-01
1.49094000e+07 7.30011000e-01
1.50705000e+07 6.06103000e-01
1.52344000e+07 7.43513000e-01
1.54009000e+07 7.22046000e-01
1.55703000e+07 6.56808000e-01
1.57424000e+07 6.61816000e-01
1.59175000e+07 7.86337000e-01
1.60000000e+07 7.93266000e-01
1.60955000e+07 8.01189000e-01
1.62765000e+07 7.75515000e-01
1.64606000e+07 7.21022000e-01
1.66479000e+07 9.10204000e-01
1.68385000e+07 8.13632000e-01
1.70324000e+07 8.34146000e-01
1.72296000e+07 8.18377000e-01
1.74304000e+07 8.18970000e-01
1.75000000e+07 8.00497000e-01
1.76347000e+07 7.64217000e-01
1.78426000e+07 7.94871000e-01
1.80543000e+07 8.87207000e-01
1.82698000e+07 8.32477000e-01
1.84892000e+07 7.91581000e-01
1.87127000e+07 9.36735000e-01
1.89403000e+07 9.02086000e-01
1.91720000e+07 8.48177000e-01
1.94081000e+07 8.42272000e-01
1.96487000e+07 8.52104000e-01
1.99259078e+07 8.81322474e-01
2.00000000e+07 8.89132000e-01
2.00000100e+07 9.55457000e-01
2.02821741e+07 9.67684631e-01
2.05683191e+07 9.80084772e-01
2.08585011e+07 9.92659857e-01
2.09617300e+07 9.97133300e-01
2.10000000e+07 9.98554800e-01
2.12962722e+07 1.00882787e+00
2.15967243e+07 1.01924587e+00
2.19014152e+07 1.02981085e+00
2.19715000e+07 1.03224100e+00
2.20000000e+07 1.03317100e+00
2.23103804e+07 1.04309663e+00
2.24685900e+07 1.04815600e+00
2.25004200e+07 1.04915500e+00
2.28178604e+07 1.05895317e+00
2.29329000e+07 1.06250400e+00
2.30000000e+07 1.06454200e+00
2.33219700e+07 1.07419900e+00
2.36510010e+07 1.08379725e+00
2.39846741e+07 1.09353092e+00
2.40000000e+07 1.09397800e+00
2.43385968e+07 1.10326876e+00
2.46819706e+07 1.11269059e+00
2.50000000e+07 1.12141700e+00
2.53527050e+07 1.13013763e+00
2.57103860e+07 1.13898129e+00
2.60000000e+07 1.14614200e+00
2.61685400e+07 1.15000400e+00
2.65377310e+07 1.15779624e+00
2.69121306e+07 1.16569841e+00
2.70000000e+07 1.16755300e+00
2.73809214e+07 1.17474603e+00
2.77672169e+07 1.18204055e+00
2.78766500e+07 1.18410700e+00
2.80000000e+07 1.18633100e+00
2.83950296e+07 1.19301490e+00
2.87956324e+07 1.19979310e+00
2.90000000e+07 1.20325100e+00
2.94091378e+07 1.20953086e+00
2.98240478e+07 1.21589931e+00
3.00000000e+07 1.21860000e+00
3.00459800e+07 1.21927900e+00
3.04698747e+07 1.22518141e+00
3.08997498e+07 1.23116709e+00
3.10000000e+07 1.23256300e+00
3.14373542e+07 1.23799549e+00
3.18808787e+07 1.24350462e+00
3.19668100e+07 1.24457200e+00
3.20000000e+07 1.24495800e+00
3.23854400e+07 1.24934500e+00
3.26813800e+07 1.25257200e+00
3.30000000e+07 1.25591200e+00
3.33622400e+07 1.25954600e+00
3.38329211e+07 1.26396675e+00
3.40000000e+07 1.26553600e+00
3.43813200e+07 1.26887900e+00
3.48663785e+07 1.27284693e+00
3.50000000e+07 1.27394000e+00
3.54546600e+07 1.27725400e+00
3.59548614e+07 1.28033497e+00
3.60000000e+07 1.28061300e+00
3.64305300e+07 1.28282800e+00
3.69444992e+07 1.28498326e+00
3.70000000e+07 1.28521600e+00
3.71443700e+07 1.28573000e+00
3.73609200e+07 1.28643400e+00
3.74825800e+07 1.28679600e+00
3.80000000e+07 1.28807900e+00
3.84033600e+07 1.28880800e+00
3.89451623e+07 1.28942822e+00
3.90000000e+07 1.28949100e+00
3.95502198e+07 1.28970784e+00
3.96698900e+07 1.28975500e+00
3.97708800e+07 1.28975300e+00
4.00000000e+07 1.28971000e+00
4.02820200e+07 1.28968600e+00
4.08503268e+07 1.28995433e+00
4.10000000e+07 1.29002500e+00
4.15784362e+07 1.29045246e+00
4.20000000e+07 1.29076400e+00
4.25925444e+07 1.29084222e+00
4.30000000e+07 1.29089600e+00
4.36066526e+07 1.29010674e+00
4.40000000e+07 1.28959500e+00
4.41843700e+07 1.28914500e+00
4.45649600e+07 1.28797400e+00
4.50000000e+07 1.28621000e+00
4.56348690e+07 1.28298511e+00
4.57587200e+07 1.28235600e+00
4.60000000e+07 1.28097800e+00
4.61461300e+07 1.28010900e+00
4.61986400e+07 1.27979000e+00
4.68504196e+07 1.27553667e+00
4.68551200e+07 1.27550600e+00
4.69627200e+07 1.27475200e+00
4.70000000e+07 1.27448700e+00
4.71333800e+07 1.27352500e+00
4.77983471e+07 1.26830498e+00
4.80000000e+07 1.26672200e+00
4.81790200e+07 1.26519700e+00
4.83332400e+07 1.26385000e+00
4.90000000e+07 1.25767900e+00
4.96913018e+07 1.25054546e+00
5.00000000e+07 1.24736000e+00
5.07054100e+07 1.23932115e+00
5.10000000e+07 1.23596400e+00
5.12423500e+07 1.23307800e+00
5.15285700e+07 1.22961000e+00
5.19678700e+07 1.22416900e+00
5.20000000e+07 1.22376500e+00
5.27336264e+07 1.21430929e+00
5.30000000e+07 1.21087600e+00
5.37477346e+07 1.20079878e+00
5.40000000e+07 1.19739900e+00
5.47618428e+07 1.18676219e+00
5.49676300e+07 1.18388900e+00
5.50000000e+07 1.18343000e+00
5.57759510e+07 1.17240684e+00
5.60000000e+07 1.16922400e+00
5.62113200e+07 1.16621600e+00
5.70000000e+07 1.15497000e+00
5.71078000e+07 1.15343000e+00
5.76366200e+07 1.14586600e+00
5.76378600e+07 1.14584900e+00
5.80000000e+07 1.14066000e+00
5.88182756e+07 1.12889974e+00
5.90000000e+07 1.12628800e+00
5.95312000e+07 1.11862700e+00
5.96948300e+07 1.11626300e+00
6.00000000e+07 1.11185000e+00
6.07239300e+07 1.10143500e+00
6.07558700e+07 1.10097800e+00
6.10000000e+07 1.09749600e+00
6.18606002e+07 1.08535551e+00
6.20000000e+07 1.08338900e+00
6.28747084e+07 1.07128304e+00
6.30000000e+07 1.06954900e+00
6.38888166e+07 1.05749842e+00
6.40000000e+07 1.05599100e+00
6.44253300e+07 1.05031400e+00
6.50000000e+07 1.04273000e+00
6.56810100e+07 1.03393000e+00
6.60000000e+07 1.02987700e+00
6.69311412e+07 1.01818187e+00
6.70000000e+07 1.01731700e+00
6.79452494e+07 1.00543427e+00
6.80000000e+07 1.00474600e+00
6.89593576e+07 9.92422476e-01
6.90000000e+07 9.91900400e-01
6.99734658e+07 9.78904242e-01
7.00000000e+07 9.78550000e-01
7.04397400e+07 9.72491800e-01
7.10000000e+07 9.64664600e-01
7.13196900e+07 9.60160500e-01
7.15343700e+07 9.57126000e-01
7.20000000e+07 9.50527500e-01
7.30000000e+07 9.36375100e-01
7.40000000e+07 9.22418900e-01
7.44233300e+07 9.16614400e-01
7.50000000e+07 9.08840000e-01
7.53135100e+07 9.04678100e-01
7.60000000e+07 8.95687000e-01
7.70000000e+07 8.82833800e-01
7.80000000e+07 8.70197100e-01
7.90000000e+07 8.57700600e-01
8.00000000e+07 8.45280000e-01
8.10000000e+07 8.32533400e-01
8.20000000e+07 8.19406000e-01
8.30000000e+07 8.06320900e-01
8.40000000e+07 7.93652100e-01
8.50000000e+07 7.81730000e-01
8.60000000e+07 7.70751100e-01
8.70000000e+07 7.60420600e-01
8.80000000e+07 7.50338600e-01
8.90000000e+07 7.40145000e-01
9.00000000e+07 7.29520000e-01
9.10000000e+07 7.18672600e-01
9.20000000e+07 7.08022900e-01
9.30000000e+07 6.97588900e-01
9.40000000e+07 6.87386700e-01
9.50000000e+07 6.77430000e-01
9.60000000e+07 6.67659600e-01
9.70000000e+07 6.58036500e-01
9.80000000e+07 6.48602900e-01
9.90000000e+07 6.39396600e-01
1.00000000e+08 6.30450000e-01
1.01410820e+08 6.18335712e-01
1.02000000e+08 6.13276600e-01
1.03439036e+08 6.01480171e-01
1.04000000e+08 5.96881700e-01
1.05467253e+08 5.85328772e-01
1.06000000e+08 5.81134000e-01
1.07495469e+08 5.69761779e-01
1.08000000e+08 5.65925100e-01
1.09523686e+08 5.54676415e-01
1.10000000e+08 5.51160000e-01
1.11551902e+08 5.39963725e-01
1.12000000e+08 5.36730900e-01
1.13580118e+08 5.25569023e-01
1.14000000e+08 5.22603000e-01
1.15608335e+08 5.11502112e-01
1.16000000e+08 5.08798800e-01
1.17636551e+08 4.97782356e-01
1.18000000e+08 4.95335800e-01
1.19664768e+08 4.84425080e-01
1.20000000e+08 4.82228000e-01
1.21692984e+08 4.71456051e-01
1.22000000e+08 4.69502600e-01
1.23721200e+08 4.58871434e-01
1.24000000e+08 4.57149400e-01
1.25749417e+08 4.46634443e-01
1.26000000e+08 4.45128300e-01
1.27777633e+08 4.34708436e-01
1.28000000e+08 4.33405000e-01
1.29805850e+08 4.23061996e-01
1.30000000e+08 4.21950000e-01
1.31834066e+08 4.11742322e-01
1.32000000e+08 4.10818800e-01
1.33862282e+08 4.00795903e-01
1.34000000e+08 4.00054700e-01
1.35890499e+08 3.90188848e-01
1.36000000e+08 3.89617400e-01
1.37918715e+08 3.79882319e-01
1.38000000e+08 3.79469900e-01
1.39946932e+08 3.69841447e-01
1.40000000e+08 3.69579000e-01
1.41975148e+08 3.60128904e-01
1.42000000e+08 3.60010000e-01
1.44000000e+08 3.50807400e-01
1.46000000e+08 3.41914100e-01
1.48000000e+08 3.33279000e-01
1.50000000e+08 3.24857000e-01
