24589
1.00000000e-05 3.13657976e+04
1.10303700e-05 2.98647856e+04
1.21669100e-05 2.84355918e+04
1.34205500e-05 2.70747792e+04
1.48033600e-05 2.57790755e+04
1.63286500e-05 2.45453647e+04
1.80111100e-05 2.33706801e+04
1.98669100e-05 2.22521967e+04
2.19139400e-05 2.11872250e+04
2.41718900e-05 2.01732038e+04
2.66624800e-05 1.92076946e+04
2.94097100e-05 1.82883758e+04
3.24399900e-05 1.74130363e+04
3.57825100e-05 1.65795714e+04
3.94694300e-05 1.57859767e+04
4.35362400e-05 1.50303437e+04
4.80220800e-05 1.43108554e+04
5.29701300e-05 1.36257815e+04
5.84280100e-05 1.29734745e+04
6.44482500e-05 1.23523659e+04
7.10888100e-05 1.17609620e+04
7.84135800e-05 1.11978407e+04
8.64930800e-05 1.06616476e+04
9.54050600e-05 1.01510935e+04
1.05235300e-04 9.66495056e+03
1.16078400e-04 9.20204970e+03
1.28038800e-04 8.76127777e+03
1.41231500e-04 8.34157482e+03
1.55783600e-04 7.94193159e+03
1.71835100e-04 7.56138702e+03
1.89540400e-04 7.19902603e+03
2.09070100e-04 6.85397724e+03
2.30612000e-04 6.52541091e+03
2.54373600e-04 6.21253696e+03
2.80583500e-04 5.91460304e+03
3.09493900e-04 5.63089274e+03
3.41383200e-04 5.36072386e+03
3.76558300e-04 5.10344680e+03
4.15357700e-04 4.85844296e+03
4.58154900e-04 4.62512328e+03
5.05361800e-04 4.40292683e+03
5.57432800e-04 4.19131947e+03
6.14868900e-04 3.98979254e+03
6.78223200e-04 3.79786171e+03
7.48105200e-04 3.61506579e+03
8.25187700e-04 3.44096565e+03
9.10212500e-04 3.27514318e+03
1.00399800e-03 3.11720037e+03
1.10744690e-03 2.96675833e+03
1.22155490e-03 2.82345651e+03
1.34742020e-03 2.68695189e+03
1.48625420e-03 2.55691826e+03
1.63939330e-03 2.43304559e+03
1.80831140e-03 2.31503950e+03
1.99463430e-03 2.20262083e+03
2.20015530e-03 2.09552528e+03
2.42685260e-03 1.99350324e+03
2.67690810e-03 1.89631940e+03
2.95272860e-03 1.80375170e+03
3.25696870e-03 1.71558862e+03
3.59255680e-03 1.63162405e+03
3.96272290e-03 1.55165054e+03
4.37102980e-03 1.47545506e+03
4.82140740e-03 1.40282340e+03
5.31819050e-03 1.33355477e+03
5.86616070e-03 1.26747824e+03
6.47059200e-03 1.20445742e+03
7.13730200e-03 1.14438516e+03
7.87270780e-03 1.08714892e+03
8.68388760e-03 1.03265292e+03
9.57864890e-03 9.80795641e+02
1.05656037e-02 9.31475101e+02
1.16542513e-02 8.84588668e+02
1.28550698e-02 8.40032385e+02
1.41796170e-02 7.97699556e+02
1.56406415e-02 7.57478333e+02
1.72522055e-02 7.19248775e+02
1.90298201e-02 6.82880393e+02
2.09905947e-02 6.48233352e+02
2.31534016e-02 6.15180313e+02
2.52418800e-02 5.87318768e+02
2.53000000e-02 5.86592069e+02
2.79068348e-02 5.56291525e+02
3.07822700e-02 5.27236486e+02
3.39539812e-02 4.99337191e+02
3.74524958e-02 4.72531718e+02
4.13114868e-02 4.46762794e+02
4.55680964e-02 4.21980932e+02
4.99136644e-02 3.99850004e+02
5.46709617e-02 3.78593629e+02
5.98846177e-02 3.58163503e+02
6.55922518e-02 3.38562518e+02
7.18474086e-02 3.19757421e+02
7.86952225e-02 3.01755505e+02
8.55961309e-02 2.85870604e+02
9.31021908e-02 2.70731977e+02
1.01266469e-01 2.56346575e+02
1.10146686e-01 2.42727440e+02
1.18972259e-01 2.30972513e+02
1.28498682e-01 2.20004838e+02
1.38794720e-01 2.09874478e+02
1.48865622e-01 2.01527428e+02
1.59667266e-01 1.94147892e+02
1.70053102e-01 1.88498692e+02
1.79854678e-01 1.84463784e+02
1.90221199e-01 1.81540351e+02
1.99785792e-01 1.80067536e+02
2.06901996e-01 1.79775299e+02
2.17305324e-01 1.80522513e+02
2.28220547e-01 1.82593050e+02
2.49984632e-01 1.88896134e+02
2.64393326e-01 1.92908002e+02
2.73810797e-01 1.94360694e+02
2.77673775e-01 1.94519552e+02
2.84674876e-01 1.94038990e+02
2.92764039e-01 1.92183092e+02
3.01083058e-01 1.88851680e+02
3.09638466e-01 1.84087447e+02
3.20667531e-01 1.76426503e+02
3.41542669e-01 1.59733070e+02
3.61228615e-01 1.43953426e+02
3.74095278e-01 1.34496208e+02
3.84725361e-01 1.27426648e+02
3.95657502e-01 1.20868638e+02
4.06900284e-01 1.14824375e+02
4.18462535e-01 1.09279342e+02
4.30353333e-01 1.04209525e+02
4.45704031e-01 9.84570608e+01
4.61579639e-01 9.32805740e+01
4.78044178e-01 8.86043425e+01
4.95071716e-01 8.43851141e+01
5.12730917e-01 8.05608101e+01
5.30993967e-01 7.70988882e+01
5.53786635e-01 7.33332736e+01
5.77557667e-01 6.99492307e+01
6.02349059e-01 6.69194782e+01
6.28204611e-01 6.42187642e+01
6.55170000e-01 6.18319294e+01
6.83292865e-01 5.97548306e+01
7.12622892e-01 5.79956865e+01
7.43211896e-01 5.65691741e+01
7.69722254e-01 5.56711970e+01
7.97139123e-01 5.50921657e+01
8.24963859e-01 5.48862222e+01
8.48405571e-01 5.50706032e+01
8.72513390e-01 5.56373971e+01
8.91064613e-01 5.63849417e+01
9.09965618e-01 5.74876135e+01
9.29313144e-01 5.90306870e+01
9.42424080e-01 6.03673537e+01
9.55719987e-01 6.20149210e+01
9.69203476e-01 6.40312725e+01
9.82877193e-01 6.64821287e+01
9.96743821e-01 6.94462312e+01
1.00726589e+00 7.20594474e+01
1.01788646e+00 7.50447313e+01
1.02865687e+00 7.84385432e+01
1.03952858e+00 8.22186276e+01
1.05419446e+00 8.77630648e+01
1.07655573e+00 9.64604408e+01
1.08794693e+00 1.00409097e+02
1.09559463e+00 1.02601974e+02
1.10329590e+00 1.04268755e+02
1.10992272e+00 1.05156980e+02
1.11616913e+00 1.05452067e+02
1.12219540e+00 1.05183032e+02
1.12811159e+00 1.04354067e+02
1.13402778e+00 1.02947587e+02
1.14002744e+00 1.00932440e+02
1.14602710e+00 9.83456604e+01
1.15205497e+00 9.52130531e+01
1.15813928e+00 9.15708629e+01
1.16625168e+00 8.61026280e+01
1.17447854e+00 8.00505169e+01
1.19521978e+00 6.41335983e+01
1.20362155e+00 5.80171361e+01
1.20996702e+00 5.36975194e+01
1.21631249e+00 4.96953998e+01
1.22274748e+00 4.59962045e+01
1.22918247e+00 4.26763463e+01
1.23347247e+00 4.06749873e+01
1.23782299e+00 3.88150515e+01
1.24217351e+00 3.71201929e+01
1.24652403e+00 3.55826140e+01
1.25087455e+00 3.41929557e+01
1.25749239e+00 3.23388701e+01
1.26411024e+00 3.07628797e+01
1.27075920e+00 2.94184346e+01
1.27747042e+00 2.82636846e+01
1.28418163e+00 2.72743330e+01
1.29095596e+00 2.64092293e+01
1.30003049e+00 2.54101611e+01
1.30916903e+00 2.45379197e+01
1.32297285e+00 2.33882346e+01
1.33697143e+00 2.23566241e+01
1.35110166e+00 2.14137686e+01
1.37016328e+00 2.02778439e+01
1.38949381e+00 1.92817270e+01
1.40909707e+00 1.84263892e+01
1.42897689e+00 1.76987489e+01
1.44913719e+00 1.70814542e+01
1.46958190e+00 1.65585413e+01
1.49031506e+00 1.61134114e+01
1.52192719e+00 1.55526813e+01
1.55428613e+00 1.50883752e+01
1.58725520e+00 1.47022711e+01
1.63235776e+00 1.42700929e+01
1.69058394e+00 1.38230529e+01
1.75080114e+00 1.34699053e+01
1.80055093e+00 1.32767431e+01
1.83176372e+00 1.32287479e+01
1.85701764e+00 1.32714505e+01
1.87664416e+00 1.33966758e+01
1.88978947e+00 1.35562865e+01
1.89978754e+00 1.37386559e+01
1.90978561e+00 1.39923118e+01
1.91983070e+00 1.43392165e+01
1.92996983e+00 1.48048679e+01
1.93672925e+00 1.51897331e+01
1.94348867e+00 1.56391878e+01
1.95034345e+00 1.61626071e+01
1.96062562e+00 1.70700617e+01
1.97090779e+00 1.80993303e+01
1.99176226e+00 2.03163190e+01
2.00223854e+00 2.13107769e+01
2.00928810e+00 2.18611219e+01
2.01633766e+00 2.22800981e+01
2.02338723e+00 2.25429266e+01
2.02905188e+00 2.26293265e+01
2.03119176e+00 2.26318668e+01
2.03656484e+00 2.25648824e+01
2.04193793e+00 2.23945543e+01
2.04910204e+00 2.20156118e+01
2.05626616e+00 2.14820455e+01
2.06348081e+00 2.08165574e+01
2.07437859e+00 1.96420770e+01
2.09627665e+00 1.71015989e+01
2.10732818e+00 1.59256229e+01
2.11469587e+00 1.52243861e+01
2.12211553e+00 1.45947472e+01
2.12958716e+00 1.40401685e+01
2.13705879e+00 1.35626796e+01
2.14453042e+00 1.31564479e+01
2.15205476e+00 1.28115449e+01
2.16342032e+00 1.23934298e+01
2.17478588e+00 1.20732199e+01
2.18625835e+00 1.18233825e+01
2.20162623e+00 1.15689088e+01
2.22489486e+00 1.12912103e+01
2.25628413e+00 1.10257518e+01
2.30414378e+00 1.07282474e+01
2.47133174e+00 9.84253062e+00
2.52387675e+00 9.50115590e+00
2.55948411e+00 9.21067955e+00
2.62299406e+00 8.58775626e+00
2.64143190e+00 8.44155227e+00
2.65532227e+00 8.38328820e+00
2.65999373e+00 8.37903752e+00
2.66933664e+00 8.40068971e+00
2.67875153e+00 8.47143146e+00
2.68816641e+00 8.60097751e+00
2.69522757e+00 8.74198488e+00
2.70228874e+00 8.92389783e+00
2.70938311e+00 9.14994648e+00
2.71654389e+00 9.42313251e+00
2.72370467e+00 9.74130488e+00
2.73086545e+00 1.01028219e+01
2.74041317e+00 1.06467726e+01
2.75002823e+00 1.12556720e+01
2.76455184e+00 1.22582463e+01
2.79373568e+00 1.43499790e+01
2.80846420e+00 1.53300024e+01
2.82319272e+00 1.62076399e+01
2.83812903e+00 1.69817700e+01
2.85306535e+00 1.76504040e+01
2.86302289e+00 1.80508352e+01
2.90853523e+00 1.97581390e+01
2.92389597e+00 2.04265329e+01
2.93925670e+00 2.12171382e+01
2.94956943e+00 2.18395688e+01
2.95995440e+00 2.25576691e+01
2.97033936e+00 2.33823364e+01
2.98072432e+00 2.43284187e+01
2.99118255e+00 2.54180451e+01
3.00171402e+00 2.66664679e+01
3.01224550e+00 2.80752622e+01
3.02277698e+00 2.96470792e+01
3.03338275e+00 3.13885711e+01
3.04940283e+00 3.42770490e+01
3.08159369e+00 4.04533886e+01
3.09242442e+00 4.23754320e+01
3.10325515e+00 4.40617948e+01
3.11137820e+00 4.51113954e+01
3.12067972e+00 4.60306410e+01
3.12727355e+00 4.64731030e+01
3.13386738e+00 4.67258596e+01
3.14046122e+00 4.67792095e+01
3.14876864e+00 4.65551966e+01
3.15707606e+00 4.60079927e+01
3.16538348e+00 4.51510583e+01
3.17369091e+00 4.40095716e+01
3.18199833e+00 4.26188740e+01
3.19038389e+00 4.10064161e+01
3.20161672e+00 3.86053386e+01
3.22969881e+00 3.21640024e+01
3.24109012e+00 2.96703642e+01
3.24963360e+00 2.79281875e+01
3.25817708e+00 2.63235206e+01
3.26672056e+00 2.48727984e+01
3.27526404e+00 2.35853085e+01
3.28392806e+00 2.24496219e+01
3.29259207e+00 2.14833573e+01
3.30125609e+00 2.06810810e+01
3.30992010e+00 2.00349888e+01
3.31858412e+00 1.95360892e+01
3.32781177e+00 1.91562854e+01
3.33732124e+00 1.89177655e+01
3.34683070e+00 1.88250057e+01
3.34830626e+00 1.88231849e+01
3.35568403e+00 1.88634607e+01
3.36453736e+00 1.90188426e+01
3.37339069e+00 1.92904154e+01
3.38224402e+00 1.96802220e+01
3.39109735e+00 2.01932570e+01
3.40003395e+00 2.08443271e+01
3.40901218e+00 2.16449013e+01
3.41799041e+00 2.26074577e+01
3.42696865e+00 2.37504567e+01
3.43594688e+00 2.50952109e+01
3.44193237e+00 2.61152825e+01
3.44800231e+00 2.72592514e+01
3.45407224e+00 2.85208310e+01
3.46014217e+00 2.99069783e+01
3.46621211e+00 3.14238556e+01
3.47228204e+00 3.30763951e+01
3.47835197e+00 3.48678129e+01
3.48745688e+00 3.78167402e+01
3.49664741e+00 4.11027484e+01
3.50588077e+00 4.46890609e+01
3.51819191e+00 4.98240969e+01
3.53973640e+00 5.91932997e+01
3.55222123e+00 6.43265746e+01
3.56158485e+00 6.77495369e+01
3.56782726e+00 6.97350917e+01
3.57406968e+00 7.14277310e+01
3.58031209e+00 7.27837311e+01
3.58655450e+00 7.37649274e+01
3.59209867e+00 7.42968925e+01
3.59815607e+00 7.44931883e+01
3.60254134e+00 7.43771105e+01
3.60888891e+00 7.38205633e+01
3.61523649e+00 7.28082248e+01
3.62158406e+00 7.13544899e+01
3.62793164e+00 6.94842909e+01
3.63427921e+00 6.72321315e+01
3.64062679e+00 6.46407253e+01
3.64697436e+00 6.17593283e+01
3.65490324e+00 5.78350743e+01
3.66679098e+00 5.15033350e+01
3.68581136e+00 4.10762396e+01
3.69521796e+00 3.61248741e+01
3.70224702e+00 3.26153937e+01
3.70927608e+00 2.93096977e+01
3.71454787e+00 2.69800295e+01
3.71941679e+00 2.49496240e+01
3.72408426e+00 2.31159650e+01
3.72875174e+00 2.13942097e+01
3.73341922e+00 1.97844117e+01
3.73808669e+00 1.82853486e+01
3.74275756e+00 1.68937242e+01
3.74743521e+00 1.56056182e+01
3.75211287e+00 1.44191025e+01
3.75679052e+00 1.33295580e+01
3.76146817e+00 1.23319274e+01
3.76614583e+00 1.14208584e+01
3.77010717e+00 1.07129024e+01
3.77406851e+00 1.00596748e+01
3.77802986e+00 9.45779451e+00
3.78199120e+00 8.90392707e+00
3.78595254e+00 8.39481386e+00
3.78991388e+00 7.92729732e+00
3.79387523e+00 7.49833982e+00
3.79920506e+00 6.97694889e+00
3.80331055e+00 6.61514561e+00
3.80741603e+00 6.28485765e+00
3.81152152e+00 5.98342889e+00
3.81699550e+00 5.62216397e+00
3.82246948e+00 5.30244883e+00
3.82794346e+00 5.01944977e+00
3.83341744e+00 4.76884575e+00
3.83889142e+00 4.54679377e+00
3.84501582e+00 4.32802167e+00
3.85179062e+00 4.11768304e+00
3.85856543e+00 3.93592255e+00
3.86534024e+00 3.77860791e+00
3.87211505e+00 3.64223381e+00
3.87888985e+00 3.52383067e+00
3.88566466e+00 3.42088419e+00
3.89582687e+00 3.29087797e+00
3.90613245e+00 3.18371924e+00
3.91643804e+00 3.09665292e+00
3.92330843e+00 3.04788044e+00
3.93704920e+00 2.96854952e+00
3.95078998e+00 2.90881177e+00
3.96472461e+00 2.86374963e+00
3.98562656e+00 2.81820442e+00
4.00652851e+00 2.79205662e+00
4.03064147e+00 2.77891715e+00
4.04485774e+00 2.77748076e+00
4.08750657e+00 2.79221745e+00
4.14517393e+00 2.83884731e+00
4.23330787e+00 2.93725932e+00
4.29303223e+00 3.01675999e+00
4.35359918e+00 3.11130479e+00
4.39955771e+00 3.19650523e+00
4.44594647e+00 3.30041405e+00
4.47730862e+00 3.38566391e+00
4.50867077e+00 3.48901425e+00
4.53252424e+00 3.58483327e+00
4.55637770e+00 3.70211203e+00
4.57228000e+00 3.79704810e+00
4.58840666e+00 3.91259817e+00
4.60050166e+00 4.01644824e+00
4.61259665e+00 4.13996797e+00
4.62469165e+00 4.28922885e+00
4.63678664e+00 4.47218557e+00
4.64496373e+00 4.61999710e+00
4.65314082e+00 4.79152868e+00
4.66131791e+00 4.99098552e+00
4.66949500e+00 5.22298426e+00
4.67767209e+00 5.49243769e+00
4.68584918e+00 5.80437271e+00
4.69198200e+00 6.06915545e+00
4.69811481e+00 6.36249529e+00
4.70534707e+00 6.74736088e+00
4.71163450e+00 7.11772766e+00
4.71792193e+00 7.52224995e+00
4.72420936e+00 7.96107983e+00
4.73049679e+00 8.43357978e+00
4.73992794e+00 9.20180482e+00
4.74935909e+00 1.00325125e+01
4.76465324e+00 1.14713052e+01
4.78287889e+00 1.32106399e+01
4.79199171e+00 1.40274216e+01
4.80110454e+00 1.47687736e+01
4.80901836e+00 1.53280171e+01
4.81693218e+00 1.57894183e+01
4.82484600e+00 1.61371705e+01
4.83275982e+00 1.63588383e+01
4.84067364e+00 1.64461254e+01
4.84199261e+00 1.64472824e+01
4.84971755e+00 1.63769191e+01
4.85612353e+00 1.62199689e+01
4.86252951e+00 1.59771453e+01
4.86893548e+00 1.56538119e+01
4.87747678e+00 1.51099865e+01
4.88601808e+00 1.44566945e+01
4.89455938e+00 1.37180879e+01
4.90737134e+00 1.25071300e+01
4.93017414e+00 1.02891609e+01
4.93944022e+00 9.44317807e+00
4.94870630e+00 8.66054625e+00
4.95544334e+00 8.13925703e+00
4.96218038e+00 7.66212416e+00
4.96891742e+00 7.23109569e+00
4.97565446e+00 6.84683233e+00
4.98239150e+00 6.50888265e+00
4.98912854e+00 6.21587560e+00
4.99586558e+00 5.96571747e+00
5.00260261e+00 5.75578426e+00
5.00949025e+00 5.57964102e+00
5.01637788e+00 5.43904173e+00
5.02326551e+00 5.33053763e+00
5.03015314e+00 5.25074100e+00
5.03933665e+00 5.18344413e+00
5.04822365e+00 5.15483293e+00
5.05266715e+00 5.15218486e+00
5.06155414e+00 5.16707540e+00
5.07044114e+00 5.20529855e+00
5.08377163e+00 5.29864154e+00
5.09710213e+00 5.42711862e+00
5.11043262e+00 5.58424188e+00
5.12845737e+00 5.83486636e+00
5.14648212e+00 6.12388780e+00
5.16450687e+00 6.44814059e+00
5.18253163e+00 6.80611905e+00
5.20081067e+00 7.20275217e+00
5.21908972e+00 7.63239708e+00
5.24650829e+00 8.33562256e+00
5.27418475e+00 9.10919014e+00
5.31125862e+00 1.02209292e+01
5.38619092e+00 1.25363722e+01
5.41452120e+00 1.33494223e+01
5.44311671e+00 1.40834666e+01
5.47171221e+00 1.47009369e+01
5.49091035e+00 1.50393853e+01
5.51024297e+00 1.53147136e+01
5.52957560e+00 1.55246384e+01
5.55857453e+00 1.57241670e+01
5.58967664e+00 1.58036753e+01
5.59460541e+00 1.58054409e+01
5.62910678e+00 1.57553985e+01
5.70852334e+00 1.54758645e+01
5.74984858e+00 1.54015958e+01
5.75118739e+00 1.54014577e+01
5.77953330e+00 1.54457568e+01
5.79984635e+00 1.55450026e+01
5.82015941e+00 1.57152679e+01
5.84047247e+00 1.59712473e+01
5.86107211e+00 1.63363575e+01
5.87652184e+00 1.66931474e+01
5.89197157e+00 1.71334041e+01
5.90742130e+00 1.76701249e+01
5.92287103e+00 1.83181738e+01
5.93853872e+00 1.91062784e+01
5.95420642e+00 2.00453911e+01
5.96987411e+00 2.11557781e+01
5.98031925e+00 2.20010295e+01
5.99076438e+00 2.29365130e+01
6.00120951e+00 2.39665749e+01
6.01172832e+00 2.51025056e+01
6.02761706e+00 2.70079172e+01
6.04350580e+00 2.91347382e+01
6.05939454e+00 3.14614626e+01
6.08057953e+00 3.48069280e+01
6.12339782e+00 4.18799936e+01
6.14488169e+00 4.52750309e+01
6.16636556e+00 4.84479281e+01
6.20434120e+00 5.38414731e+01
6.22068143e+00 5.64152516e+01
6.23702165e+00 5.94032874e+01
6.24791514e+00 6.17080700e+01
6.25880862e+00 6.42997555e+01
6.26977894e+00 6.72043525e+01
6.28634970e+00 7.20820346e+01
6.31949121e+00 8.24533901e+01
6.33053838e+00 8.55489860e+01
6.34158556e+00 8.81581632e+01
6.34987094e+00 8.96832370e+01
6.35809902e+00 9.07520964e+01
6.36629847e+00 9.13153624e+01
6.37039819e+00 9.13939419e+01
6.37730831e+00 9.12041607e+01
6.38573950e+00 9.04082928e+01
6.39417069e+00 8.89856010e+01
6.40260188e+00 8.69486135e+01
6.41103307e+00 8.43297157e+01
6.41946426e+00 8.11794985e+01
6.42789545e+00 7.75641527e+01
6.43632664e+00 7.35621241e+01
6.44756823e+00 6.77754032e+01
6.48230039e+00 4.88147727e+01
6.49346901e+00 4.30280445e+01
6.50223337e+00 3.87590262e+01
6.51048610e+00 3.50025075e+01
6.51667565e+00 3.23688592e+01
6.52286520e+00 2.99005148e+01
6.52905475e+00 2.76011026e+01
6.53534534e+00 2.54380551e+01
6.54183800e+00 2.33874350e+01
6.54833066e+00 2.15171039e+01
6.55482332e+00 1.98204103e+01
6.56131598e+00 1.82890314e+01
6.56780864e+00 1.69134067e+01
6.57259182e+00 1.59935690e+01
6.57737499e+00 1.51482917e+01
6.58215817e+00 1.43731653e+01
6.58694135e+00 1.36637702e+01
6.59331891e+00 1.28126092e+01
6.59969648e+00 1.20604302e+01
6.60607405e+00 1.13975620e+01
6.61245162e+00 1.08148831e+01
6.61882918e+00 1.03039025e+01
6.62466542e+00 9.89245761e+00
6.63050165e+00 9.52903389e+00
6.63633789e+00 9.20865270e+00
6.64509224e+00 8.79908376e+00
6.65384660e+00 8.46314084e+00
6.66260095e+00 8.18979003e+00
6.67135530e+00 7.96996800e+00
6.68010965e+00 7.79635553e+00
6.68886401e+00 7.66315571e+00
6.70053648e+00 7.54084415e+00
6.71220895e+00 7.47499940e+00
6.72001036e+00 7.46010764e+00
6.73186126e+00 7.48030486e+00
6.74371217e+00 7.55194671e+00
6.75556307e+00 7.67697804e+00
6.76741398e+00 7.85975150e+00
6.77630216e+00 8.03879743e+00
6.78519034e+00 8.25815537e+00
6.79407852e+00 8.52282139e+00
6.80296670e+00 8.83890748e+00
6.81185488e+00 9.21374845e+00
6.81885583e+00 9.55597993e+00
6.82693227e+00 1.00090500e+01
6.83500871e+00 1.05325410e+01
6.84308516e+00 1.11357650e+01
6.84914249e+00 1.16466346e+01
6.85519982e+00 1.22127273e+01
6.86125716e+00 1.28388993e+01
6.86731449e+00 1.35301805e+01
6.87337182e+00 1.42917072e+01
6.87942916e+00 1.51286392e+01
6.88677799e+00 1.62525473e+01
6.89412683e+00 1.75035763e+01
6.90147567e+00 1.88896048e+01
6.90882450e+00 2.04173180e+01
6.91617334e+00 2.20917602e+01
6.92318202e+00 2.38281072e+01
6.93002062e+00 2.56538843e+01
6.93685922e+00 2.76076093e+01
6.94597735e+00 3.04032379e+01
6.95509549e+00 3.33988293e+01
6.96563311e+00 3.70713953e+01
6.98319581e+00 4.35222414e+01
7.00427105e+00 5.12946099e+01
7.01535409e+00 5.51183024e+01
7.02346999e+00 5.76949549e+01
7.03158590e+00 6.00205057e+01
7.03970180e+00 6.20422177e+01
7.04781771e+00 6.37120166e+01
7.05593361e+00 6.49884025e+01
7.06404952e+00 6.58381619e+01
7.07216542e+00 6.62377847e+01
7.07622337e+00 6.62643636e+01
7.08309683e+00 6.60437778e+01
7.08997029e+00 6.54914779e+01
7.09684375e+00 6.46153653e+01
7.10371720e+00 6.34289531e+01
7.11288181e+00 6.13974306e+01
7.12204642e+00 5.89050617e+01
7.13121103e+00 5.60205840e+01
7.14037564e+00 5.28210962e+01
7.15465184e+00 4.74032649e+01
7.18276557e+00 3.62571010e+01
7.19408623e+00 3.19564170e+01
7.20139279e+00 2.93145397e+01
7.20869935e+00 2.68015536e+01
7.21600592e+00 2.44325111e+01
7.22349103e+00 2.21659924e+01
7.22923879e+00 2.05402717e+01
7.23498654e+00 1.90160181e+01
7.24073430e+00 1.75934752e+01
7.24648206e+00 1.62717352e+01
7.25217171e+00 1.50607585e+01
7.25774517e+00 1.39658861e+01
7.26331863e+00 1.29582672e+01
7.26889209e+00 1.20342383e+01
7.27446555e+00 1.11897454e+01
7.28003900e+00 1.04204525e+01
7.28587203e+00 9.69094688e+00
7.29170507e+00 9.03355991e+00
7.29753810e+00 8.44297501e+00
7.30337113e+00 7.91393592e+00
7.30920416e+00 7.44131439e+00
7.31503720e+00 7.02016448e+00
7.32087023e+00 6.64576438e+00
7.32670326e+00 6.31364691e+00
7.33217084e+00 6.03699834e+00
7.33763842e+00 5.79059022e+00
7.34310600e+00 5.57142284e+00
7.34857358e+00 5.37671967e+00
7.35677495e+00 5.12499717e+00
7.36497632e+00 4.91485856e+00
7.37317769e+00 4.73954013e+00
7.38137907e+00 4.59317919e+00
7.38958044e+00 4.47071837e+00
7.39778181e+00 4.36780980e+00
7.40871697e+00 4.25464462e+00
7.42072210e+00 4.15411059e+00
7.44033475e+00 4.02393392e+00
7.49263515e+00 3.73315370e+00
7.51878535e+00 3.56508956e+00
7.54530448e+00 3.36730312e+00
7.60497253e+00 2.87976599e+00
7.62486187e+00 2.73450370e+00
7.63948411e+00 2.64238433e+00
7.65410635e+00 2.56596930e+00
7.66872859e+00 2.50741596e+00
7.68335083e+00 2.46810557e+00
7.69797307e+00 2.44865689e+00
7.70284714e+00 2.44659401e+00
7.71643131e+00 2.45230744e+00
7.73001547e+00 2.47436639e+00
7.74359964e+00 2.51188129e+00
7.75718380e+00 2.56379240e+00
7.77076796e+00 2.62896801e+00
7.78435213e+00 2.70628911e+00
7.80472837e+00 2.84280738e+00
7.82529627e+00 3.00301896e+00
7.84595998e+00 3.18451974e+00
7.86662370e+00 3.38540358e+00
7.88728742e+00 3.60533318e+00
7.90795113e+00 3.84473815e+00
7.92871203e+00 4.10598928e+00
7.94966727e+00 4.39248998e+00
7.97062252e+00 4.70422772e+00
7.99157776e+00 5.04408639e+00
8.01253301e+00 5.41550796e+00
8.03348825e+00 5.82252993e+00
8.05473914e+00 6.27648033e+00
8.07599003e+00 6.77759850e+00
8.09724091e+00 7.33257672e+00
8.11849180e+00 7.94930861e+00
8.13265906e+00 8.39934563e+00
8.14682631e+00 8.88422251e+00
8.16658079e+00 9.62554942e+00
8.17975045e+00 1.01671188e+01
8.19292010e+00 1.07511857e+01
8.20608975e+00 1.13822750e+01
8.21925941e+00 1.20655026e+01
8.23242906e+00 1.28066819e+01
8.24559871e+00 1.36124598e+01
8.25787780e+00 1.44286609e+01
8.26926634e+00 1.52480035e+01
8.28065488e+00 1.61340148e+01
8.29204341e+00 1.70941641e+01
8.30343195e+00 1.81370424e+01
8.31482049e+00 1.92725736e+01
8.32620902e+00 2.05122734e+01
8.33759756e+00 2.18695636e+01
8.34763623e+00 2.31759385e+01
8.36066943e+00 2.50472435e+01
8.36935823e+00 2.64193277e+01
8.37804703e+00 2.79039956e+01
8.38673584e+00 2.95140898e+01
8.39542464e+00 3.12642596e+01
8.40411344e+00 3.31712232e+01
8.41280224e+00 3.52540533e+01
8.42049298e+00 3.72617308e+01
8.42818371e+00 3.94412003e+01
8.43587444e+00 4.18115024e+01
8.44356517e+00 4.43938838e+01
8.45125590e+00 4.72119753e+01
8.45894663e+00 5.02919558e+01
8.46663736e+00 5.36626917e+01
8.47432809e+00 5.73558386e+01
8.48286069e+00 6.18724760e+01
8.49139329e+00 6.68796748e+01
8.49992589e+00 7.24327017e+01
8.50845850e+00 7.85905455e+01
8.51699110e+00 8.54153056e+01
8.52516640e+00 9.26393737e+01
8.53316305e+00 1.00410226e+02
8.54115970e+00 1.08931831e+02
8.54915635e+00 1.18256009e+02
8.55715300e+00 1.28431313e+02
8.56519737e+00 1.39570049e+02
8.57333720e+00 1.51800201e+02
8.58147703e+00 1.65023464e+02
8.58961686e+00 1.79255647e+02
8.59775669e+00 1.94497464e+02
8.60589652e+00 2.10732037e+02
8.61442277e+00 2.28761545e+02
8.62579111e+00 2.54310401e+02
8.64000153e+00 2.88317819e+02
8.66180338e+00 3.43413137e+02
8.68614822e+00 4.05208709e+02
8.70005957e+00 4.38398513e+02
8.71131315e+00 4.63038018e+02
8.72420689e+00 4.87937253e+02
8.73280271e+00 5.02132870e+02
8.74139854e+00 5.14127663e+02
8.74999436e+00 5.23722745e+02
8.75859019e+00 5.30761193e+02
8.76718602e+00 5.35133132e+02
8.77578184e+00 5.36779210e+02
8.78660297e+00 5.34969992e+02
8.79742409e+00 5.28936543e+02
8.80824522e+00 5.18905585e+02
8.81906634e+00 5.05214483e+02
8.82988747e+00 4.88292599e+02
8.84070859e+00 4.68638716e+02
8.85513676e+00 4.39126258e+02
8.87677901e+00 3.90469473e+02
8.90437529e+00 3.26718358e+02
8.92083544e+00 2.90467217e+02
8.93400357e+00 2.63327328e+02
8.94387966e+00 2.44295427e+02
8.95450959e+00 2.25199085e+02
8.96513952e+00 2.07603796e+02
8.97576945e+00 1.91528329e+02
8.98639938e+00 1.76954647e+02
8.99702931e+00 1.63836566e+02
9.00523944e+00 1.54659661e+02
9.01457309e+00 1.45188301e+02
9.02390673e+00 1.36685208e+02
9.03324037e+00 1.29091832e+02
9.04257401e+00 1.22350086e+02
9.05190765e+00 1.16403952e+02
9.06124129e+00 1.11200518e+02
9.07057493e+00 1.06690519e+02
9.07932414e+00 1.03052048e+02
9.08748893e+00 1.00139462e+02
9.09565372e+00 9.76659500e+01
9.10381851e+00 9.56064124e+01
9.11606569e+00 9.32404109e+01
9.12831287e+00 9.16706157e+01
9.14056005e+00 9.08142526e+01
9.15264976e+00 9.05825576e+01
9.16473947e+00 9.08677795e+01
9.18085907e+00 9.18759187e+01
9.20503848e+00 9.41893144e+01
9.22921789e+00 9.66049706e+01
9.24533749e+00 9.78016158e+01
9.26145710e+00 9.83783054e+01
9.26548700e+00 9.84020819e+01
9.27702128e+00 9.81696799e+01
9.28928606e+00 9.74019274e+01
9.30155085e+00 9.60765258e+01
9.31381564e+00 9.41989781e+01
9.32608042e+00 9.18006493e+01
9.33834521e+00 8.89355526e+01
9.35469826e+00 8.45158768e+01
9.37105131e+00 7.95991934e+01
9.41938735e+00 6.42296423e+01
9.43501730e+00 5.95613742e+01
9.45064725e+00 5.52385927e+01
9.46627720e+00 5.13250241e+01
9.47669716e+00 4.89600569e+01
9.49129982e+00 4.59801143e+01
9.50384790e+00 4.37256636e+01
9.51639598e+00 4.17416322e+01
9.52894405e+00 4.00110373e+01
9.54149213e+00 3.85138998e+01
9.55404020e+00 3.72286382e+01
9.56658828e+00 3.61330933e+01
9.57913635e+00 3.52052157e+01
9.59586712e+00 3.41917355e+01
9.61259789e+00 3.33890127e+01
9.62944668e+00 3.27461701e+01
9.65489689e+00 3.19895430e+01
9.70579732e+00 3.07254477e+01
9.73124754e+00 2.99740899e+01
9.75669775e+00 2.90292164e+01
9.78250702e+00 2.78396528e+01
9.80831629e+00 2.64350271e+01
9.86853792e+00 2.27774101e+01
9.88574410e+00 2.18004598e+01
9.90373475e+00 2.08978129e+01
9.91781609e+00 2.03092792e+01
9.93189743e+00 1.98508028e+01
9.94597878e+00 1.95449214e+01
9.95536634e+00 1.94357683e+01
9.96299373e+00 1.94071167e+01
9.97288601e+00 1.94541011e+01
9.98320101e+00 1.96079953e+01
9.99351602e+00 1.98714530e+01
1.00038310e+01 2.02448684e+01
1.00141460e+01 2.07262218e+01
1.00244610e+01 2.13108290e+01
1.00382144e+01 2.22374879e+01
1.00519677e+01 2.33080208e+01
1.00725977e+01 2.51046955e+01
1.01053067e+01 2.80719519e+01
1.01246810e+01 2.96483838e+01
1.01375972e+01 3.05331076e+01
1.01505134e+01 3.12411106e+01
1.01634295e+01 3.17431058e+01
1.01763457e+01 3.20190447e+01
1.01828038e+01 3.20687809e+01
1.01960889e+01 3.19850142e+01
1.02093740e+01 3.16576275e+01
1.02226591e+01 3.11040844e+01
1.02359442e+01 3.03508470e+01
1.02492293e+01 2.94310795e+01
1.02625144e+01 2.83820529e+01
1.02890847e+01 2.60503372e+01
1.03245116e+01 2.28651161e+01
1.03424667e+01 2.13635142e+01
1.03604217e+01 1.99921171e+01
1.03783767e+01 1.87699744e+01
1.03918430e+01 1.79546269e+01
1.04053092e+01 1.72241659e+01
1.04142868e+01 1.67823018e+01
1.04322418e+01 1.59993384e+01
1.04501968e+01 1.53381994e+01
1.04681518e+01 1.47838464e+01
1.04848348e+01 1.43525750e+01
1.05015177e+01 1.39927071e+01
1.05182007e+01 1.36970912e+01
1.05348836e+01 1.34602924e+01
1.05599080e+01 1.32065547e+01
1.05849325e+01 1.30645835e+01
1.06109635e+01 1.30222621e+01
1.06390078e+01 1.30749027e+01
1.06764003e+01 1.32453355e+01
1.07231408e+01 1.34798362e+01
1.07511851e+01 1.35619575e+01
1.07660770e+01 1.35758812e+01
1.07945563e+01 1.35390670e+01
1.08230357e+01 1.34248044e+01
1.08420219e+01 1.33147802e+01
1.09358848e+01 1.26531965e+01
1.09717205e+01 1.24538965e+01
1.10075562e+01 1.23165005e+01
1.10433919e+01 1.22435044e+01
1.10613097e+01 1.22304704e+01
1.11003236e+01 1.22542314e+01
1.11393373e+01 1.23491643e+01
1.11783511e+01 1.25205993e+01
1.12076115e+01 1.27082597e+01
1.12371470e+01 1.29632123e+01
1.12668202e+01 1.33093169e+01
1.12866023e+01 1.36094720e+01
1.13063844e+01 1.39861427e+01
1.13212210e+01 1.43342544e+01
1.13360575e+01 1.47543455e+01
1.13508941e+01 1.52642269e+01
1.13657307e+01 1.58853308e+01
1.13756218e+01 1.63733986e+01
1.13872742e+01 1.70371426e+01
1.13989267e+01 1.78104511e+01
1.14105792e+01 1.87080360e+01
1.14222316e+01 1.97444587e+01
1.14338841e+01 2.09333129e+01
1.14455366e+01 2.22862223e+01
1.14571891e+01 2.38116959e+01
1.14688415e+01 2.55138715e+01
1.14816394e+01 2.75849894e+01
1.14944374e+01 2.98556738e+01
1.15072353e+01 3.23027085e+01
1.15242991e+01 3.57757760e+01
1.15586446e+01 4.29895769e+01
1.15748052e+01 4.61680044e+01
1.15855790e+01 4.80929677e+01
1.15963528e+01 4.98040626e+01
1.16071265e+01 5.12540034e+01
1.16179003e+01 5.24005531e+01
1.16295348e+01 5.32576665e+01
1.16389062e+01 5.36385151e+01
1.16467156e+01 5.37362566e+01
1.16554268e+01 5.36061799e+01
1.16661507e+01 5.31018374e+01
1.16768747e+01 5.22295552e+01
1.16875986e+01 5.10123657e+01
1.16983225e+01 4.94831264e+01
1.17054718e+01 4.83103262e+01
1.17197703e+01 4.56597610e+01
1.17340689e+01 4.27052743e+01
1.17765385e+01 3.33765735e+01
1.17904110e+01 3.05124378e+01
1.18008153e+01 2.85120744e+01
1.18112197e+01 2.66656845e+01
1.18225886e+01 2.48449931e+01
1.18314538e+01 2.35774465e+01
1.18403191e+01 2.24476286e+01
1.18491843e+01 2.14567414e+01
1.18580496e+01 2.06037456e+01
1.18669148e+01 1.98857530e+01
1.18757800e+01 1.92984163e+01
1.18846453e+01 1.88363315e+01
1.18932728e+01 1.85011088e+01
1.19016626e+01 1.82777570e+01
1.19095144e+01 1.81555405e+01
1.19177423e+01 1.81127661e+01
1.19277986e+01 1.81725505e+01
1.19387691e+01 1.83705556e+01
1.19497396e+01 1.87002659e+01
1.19607101e+01 1.91573388e+01
1.19716806e+01 1.97406175e+01
1.19826511e+01 2.04525158e+01
1.19936216e+01 2.12993806e+01
1.20045922e+01 2.22918521e+01
1.20155626e+01 2.34452224e+01
1.20228763e+01 2.43133430e+01
1.20321435e+01 2.55404631e+01
1.20414107e+01 2.69260901e+01
1.20506779e+01 2.84907125e+01
1.20599451e+01 3.02578900e+01
1.20692122e+01 3.22543036e+01
1.20761626e+01 3.39198345e+01
1.20831130e+01 3.57446339e+01
1.20900634e+01 3.77432259e+01
1.20970138e+01 3.99309249e+01
1.21037353e+01 4.22414959e+01
1.21104568e+01 4.47588398e+01
1.21171783e+01 4.74982318e+01
1.21238997e+01 5.04750855e+01
1.21306212e+01 5.37047601e+01
1.21373427e+01 5.72022865e+01
1.21440642e+01 6.09821322e+01
1.21507857e+01 6.50578559e+01
1.21591040e+01 7.05298701e+01
1.21674224e+01 7.64938355e+01
1.21757407e+01 8.29649658e+01
1.21840590e+01 8.99525151e+01
1.21923773e+01 9.74586996e+01
1.22029185e+01 1.07705400e+02
1.22106869e+01 1.15764465e+02
1.22210447e+01 1.27136648e+02
1.22314026e+01 1.39152779e+02
1.22447518e+01 1.55415683e+02
1.22856031e+01 2.07258453e+02
1.23019436e+01 2.26877076e+02
1.23120728e+01 2.38091871e+02
1.23222020e+01 2.48314036e+02
1.23323312e+01 2.57330709e+02
1.23424603e+01 2.64945898e+02
1.23525895e+01 2.70987724e+02
1.23627187e+01 2.75314897e+02
1.23728479e+01 2.77822299e+02
1.23829771e+01 2.78445173e+02
1.23929448e+01 2.77197170e+02
1.24029126e+01 2.74124057e+02
1.24128803e+01 2.69287340e+02
1.24228481e+01 2.62786834e+02
1.24328158e+01 2.54756906e+02
1.24427836e+01 2.45361599e+02
1.24527513e+01 2.34788672e+02
1.24627191e+01 2.23243144e+02
1.24756399e+01 2.07182282e+02
1.25047118e+01 1.68834349e+02
1.25246183e+01 1.42836067e+02
1.25373881e+01 1.26995656e+02
1.25476040e+01 1.15010391e+02
1.25552658e+01 1.06490348e+02
1.25641212e+01 9.71914404e+01
1.25729765e+01 8.85147923e+01
1.25818318e+01 8.04832481e+01
1.25884733e+01 7.48895863e+01
1.25955681e+01 6.93217828e+01
1.26028897e+01 6.40136051e+01
1.26102112e+01 5.91416921e+01
1.26175328e+01 5.46942796e+01
1.26248543e+01 5.06566665e+01
1.26297353e+01 4.81842190e+01
1.26367168e+01 4.49400676e+01
1.26436983e+01 4.20243100e+01
1.26506799e+01 3.94187104e+01
1.26576614e+01 3.71044291e+01
1.26646429e+01 3.50622931e+01
1.26716244e+01 3.32730610e+01
1.26786059e+01 3.17176174e+01
1.26855874e+01 3.03771510e+01
1.26927601e+01 2.92045704e+01
1.26999327e+01 2.82201941e+01
1.27071053e+01 2.74054188e+01
1.27142779e+01 2.67424206e+01
1.27214505e+01 2.62141974e+01
1.27314312e+01 2.56732128e+01
1.27428159e+01 2.52848241e+01
1.27542006e+01 2.50873194e+01
1.27693802e+01 2.50354839e+01
1.27845598e+01 2.51313032e+01
1.28225088e+01 2.54813658e+01
1.28300986e+01 2.55082232e+01
1.28452781e+01 2.54757790e+01
1.28598681e+01 2.53173520e+01
1.28744580e+01 2.50230439e+01
1.28890479e+01 2.45932829e+01
1.29036378e+01 2.40386050e+01
1.29230911e+01 2.31386823e+01
1.29522709e+01 2.15782199e+01
1.29814508e+01 1.99947728e+01
1.30009040e+01 1.90534174e+01
1.30179445e+01 1.83646865e+01
1.30307249e+01 1.79531135e+01
1.30435053e+01 1.76431413e+01
1.30562856e+01 1.74413680e+01
1.30690660e+01 1.73507624e+01
1.30733561e+01 1.73452663e+01
1.30862261e+01 1.74023915e+01
1.30990963e+01 1.75654703e+01
1.31119663e+01 1.78262057e+01
1.31291265e+01 1.83063585e+01
1.31462866e+01 1.89079833e+01
1.31720268e+01 1.99555421e+01
1.32063470e+01 2.14116883e+01
1.32300899e+01 2.23143462e+01
1.32478971e+01 2.28787882e+01
1.32657042e+01 2.33227506e+01
1.32835113e+01 2.36375396e+01
1.33013185e+01 2.38274239e+01
1.33224589e+01 2.39151320e+01
1.33295057e+01 2.39187978e+01
1.33753100e+01 2.38450983e+01
1.33999738e+01 2.39282286e+01
1.34140674e+01 2.40835219e+01
1.34298692e+01 2.43871615e+01
1.34456710e+01 2.48558547e+01
1.34614728e+01 2.55137391e+01
1.34733241e+01 2.61423855e+01
1.34851755e+01 2.68928204e+01
1.34930764e+01 2.74622800e+01
1.35088782e+01 2.87682757e+01
1.35246800e+01 3.02938800e+01
1.35404818e+01 3.20294784e+01
1.35582513e+01 3.42123674e+01
1.35760208e+01 3.66109857e+01
1.35937903e+01 3.91893624e+01
1.36204446e+01 4.33067911e+01
1.37067675e+01 5.72630297e+01
1.37429620e+01 6.28536672e+01
1.37791565e+01 6.81237815e+01
1.38153510e+01 7.30344717e+01
1.38515455e+01 7.75185089e+01
1.38756752e+01 8.01986232e+01
1.39047981e+01 8.29873899e+01
1.39266403e+01 8.46696118e+01
1.39484825e+01 8.59213523e+01
1.39703247e+01 8.66751053e+01
1.39921669e+01 8.68758725e+01
1.40106735e+01 8.65864714e+01
1.40291802e+01 8.58672954e+01
1.40476868e+01 8.47256917e+01
1.40661935e+01 8.31837134e+01
1.40908690e+01 8.05686053e+01
1.41155445e+01 7.74232533e+01
1.41525578e+01 7.20262113e+01
1.42145948e+01 6.24535498e+01
1.42396185e+01 5.88295604e+01
1.42646421e+01 5.55155305e+01
1.42896658e+01 5.25862841e+01
1.43084336e+01 5.06658364e+01
1.43272013e+01 4.89840078e+01
1.43522250e+01 4.70869904e+01
1.43772486e+01 4.55168233e+01
1.44532022e+01 4.14655121e+01
1.44785789e+01 3.98401879e+01
1.44976115e+01 3.83947283e+01
1.45166440e+01 3.67243157e+01
1.45356765e+01 3.48257951e+01
1.45547090e+01 3.27197476e+01
1.45800857e+01 2.96644275e+01
1.46295939e+01 2.34325096e+01
1.46480038e+01 2.12229813e+01
1.46618113e+01 1.96600024e+01
1.46759746e+01 1.81618833e+01
1.46903159e+01 1.67680330e+01
1.47046572e+01 1.55074918e+01
1.47142181e+01 1.47434539e+01
1.47237790e+01 1.40406256e+01
1.47333398e+01 1.33981526e+01
1.47429007e+01 1.28144266e+01
1.47551542e+01 1.21485554e+01
1.47674078e+01 1.15695650e+01
1.47796613e+01 1.10706271e+01
1.47919148e+01 1.06443825e+01
1.48041683e+01 1.02833012e+01
1.48164218e+01 9.97998823e+00
1.48245908e+01 9.80638748e+00
1.48409289e+01 9.51917179e+00
1.48572669e+01 9.30056646e+00
1.48736049e+01 9.13906933e+00
1.48885203e+01 9.03387884e+00
1.49108934e+01 8.94104234e+00
1.49295377e+01 8.91756831e+00
1.49431575e+01 8.93060624e+00
1.49629394e+01 8.99745749e+00
1.49827214e+01 9.12849954e+00
1.49975578e+01 9.27684111e+00
1.50123942e+01 9.47676563e+00
1.50272307e+01 9.73829242e+00
1.50420671e+01 1.00735536e+01
1.50519581e+01 1.03449685e+01
1.50618491e+01 1.06601494e+01
1.50717400e+01 1.10241621e+01
1.50816310e+01 1.14423757e+01
1.50915219e+01 1.19203904e+01
1.51017388e+01 1.24830324e+01
1.51119556e+01 1.31219444e+01
1.51221724e+01 1.38433254e+01
1.51323893e+01 1.46530363e+01
1.51426061e+01 1.55563781e+01
1.51528229e+01 1.65578469e+01
1.51630397e+01 1.76608706e+01
1.51732566e+01 1.88675353e+01
1.51843705e+01 2.02983434e+01
1.51954845e+01 2.18503609e+01
1.52065984e+01 2.35186252e+01
1.52177123e+01 2.52948315e+01
1.52325309e+01 2.78099498e+01
1.52555824e+01 3.19665621e+01
1.52878546e+01 3.79240959e+01
1.53062958e+01 4.11527499e+01
1.53238100e+01 4.39271980e+01
1.53354861e+01 4.55524277e+01
1.53471623e+01 4.69550960e+01
1.53588384e+01 4.81020565e+01
1.53705146e+01 4.89648802e+01
1.53821907e+01 4.95209638e+01
1.53938668e+01 4.97544492e+01
1.53967859e+01 4.97612543e+01
1.54068300e+01 4.96257622e+01
1.54175178e+01 4.92122879e+01
1.54282055e+01 4.85270079e+01
1.54388932e+01 4.75811298e+01
1.54495809e+01 4.63908241e+01
1.54567060e+01 4.54715119e+01
1.54709563e+01 4.33631957e+01
1.54852066e+01 4.09494572e+01
1.54994569e+01 3.83011011e+01
1.55199645e+01 3.42273839e+01
1.55512512e+01 2.78605162e+01
1.55691833e+01 2.43560780e+01
1.55800182e+01 2.23465165e+01
1.55908531e+01 2.04399399e+01
1.56016880e+01 1.86502340e+01
1.56128030e+01 1.69467973e+01
1.56213494e+01 1.57334477e+01
1.56298957e+01 1.46066976e+01
1.56384421e+01 1.35680277e+01
1.56469885e+01 1.26180902e+01
1.56526861e+01 1.20340939e+01
1.56599801e+01 1.13437433e+01
1.56672741e+01 1.07171892e+01
1.56745681e+01 1.01536948e+01
1.56818621e+01 9.65239626e+00
1.56891562e+01 9.21236084e+00
1.56964502e+01 8.83264091e+00
1.57037442e+01 8.51232413e+00
1.57110382e+01 8.25057910e+00
1.57184653e+01 8.04350716e+00
1.57258924e+01 7.89584060e+00
1.57333196e+01 7.80718948e+00
1.57407467e+01 7.77738282e+00
1.57465736e+01 7.79522368e+00
1.57524006e+01 7.84945262e+00
1.57582275e+01 7.94029562e+00
1.57640544e+01 8.06806767e+00
1.57698814e+01 8.23316965e+00
1.57757083e+01 8.43608222e+00
1.57795929e+01 8.59263259e+00
1.57873622e+01 8.95760651e+00
1.57951314e+01 9.39305471e+00
1.58029006e+01 9.90064173e+00
1.58089053e+01 1.03434525e+01
1.58149100e+01 1.08311607e+01
1.58209147e+01 1.13645177e+01
1.58269193e+01 1.19442137e+01
1.58359263e+01 1.29019472e+01
1.58449333e+01 1.39668414e+01
1.58534470e+01 1.50726494e+01
1.58609742e+01 1.61305464e+01
1.58710104e+01 1.76568372e+01
1.58810466e+01 1.93120022e+01
1.58910828e+01 2.10899996e+01
1.59031930e+01 2.33862808e+01
1.59153032e+01 2.58274031e+01
1.59334685e+01 2.96984511e+01
1.59758100e+01 3.90095698e+01
1.59903245e+01 4.20125302e+01
1.60027414e+01 4.43877493e+01
1.60130605e+01 4.61811855e+01
1.60233797e+01 4.77766042e+01
1.60336989e+01 4.91446152e+01
1.60440180e+01 5.02592549e+01
1.60543372e+01 5.10988042e+01
1.60646564e+01 5.16465128e+01
1.60749755e+01 5.18911621e+01
1.60801351e+01 5.18979492e+01
1.60923550e+01 5.16064163e+01
1.61045750e+01 5.08897468e+01
1.61167949e+01 4.97672267e+01
1.61290148e+01 4.82691682e+01
1.61412348e+01 4.64356344e+01
1.61534547e+01 4.43147747e+01
1.61616013e+01 4.27678645e+01
1.61778946e+01 3.94322980e+01
1.62217292e+01 2.98408933e+01
1.62386015e+01 2.63155980e+01
1.62498496e+01 2.41183430e+01
1.62606370e+01 2.21590870e+01
1.62709635e+01 2.04403377e+01
1.62787084e+01 1.92620826e+01
1.62864533e+01 1.81852930e+01
1.62941982e+01 1.72147995e+01
1.62999737e+01 1.65626595e+01
1.63063616e+01 1.59144339e+01
1.63127494e+01 1.53443783e+01
1.63191373e+01 1.48536730e+01
1.63255251e+01 1.44432072e+01
1.63319130e+01 1.41136061e+01
1.63383008e+01 1.38652581e+01
1.63446887e+01 1.36983350e+01
1.63507638e+01 1.36151092e+01
1.63536450e+01 1.36013359e+01
1.63607279e+01 1.36375289e+01
1.63678107e+01 1.37728178e+01
1.63748935e+01 1.40064000e+01
1.63819763e+01 1.43372627e+01
1.63890592e+01 1.47641865e+01
1.63961420e+01 1.52857427e+01
1.64032248e+01 1.59002835e+01
1.64103077e+01 1.66059274e+01
1.64187703e+01 1.75655012e+01
1.64272330e+01 1.86479207e+01
1.64356956e+01 1.98484136e+01
1.64441583e+01 2.11615213e+01
1.64526209e+01 2.25810417e+01
1.64619047e+01 2.42523396e+01
1.64748304e+01 2.67585456e+01
1.64877561e+01 2.94436997e+01
1.65071447e+01 3.37236338e+01
1.65544411e+01 4.45380822e+01
1.65702065e+01 4.79302686e+01
1.65828250e+01 5.04545575e+01
1.65954435e+01 5.27564502e+01
1.66080619e+01 5.47910716e+01
1.66206804e+01 5.65187449e+01
1.66332989e+01 5.79063592e+01
1.66459174e+01 5.89285169e+01
1.66585358e+01 5.95683912e+01
1.66711543e+01 5.98182425e+01
1.66852671e+01 5.96378126e+01
1.66993799e+01 5.89869993e+01
1.67134927e+01 5.78941841e+01
1.67276055e+01 5.63990758e+01
1.67417183e+01 5.45505583e+01
1.67558311e+01 5.24042190e+01
1.67746482e+01 4.91825343e+01
1.68028738e+01 4.38710677e+01
1.68386193e+01 3.69474071e+01
1.68555478e+01 3.37899552e+01
1.68724762e+01 3.07916531e+01
1.68894046e+01 2.79920154e+01
1.69030397e+01 2.58989437e+01
1.69166747e+01 2.39581695e+01
1.69303097e+01 2.21719183e+01
1.69439448e+01 2.05385048e+01
1.69575798e+01 1.90531227e+01
1.69682746e+01 1.79870568e+01
1.69805741e+01 1.68627566e+01
1.69928736e+01 1.58405065e+01
1.70051731e+01 1.49128156e+01
1.70174726e+01 1.40720365e+01
1.70297720e+01 1.33105924e+01
1.70420715e+01 1.26211424e+01
1.70543710e+01 1.19967127e+01
1.70709354e+01 1.12470807e+01
1.70865573e+01 1.06243256e+01
1.71021793e+01 1.00723578e+01
1.71178013e+01 9.58179654e+00
1.71334232e+01 9.14454598e+00
1.71438378e+01 8.87920011e+00
1.71646671e+01 8.40334335e+00
1.71854964e+01 7.99082054e+00
1.72063257e+01 7.63206808e+00
1.72271549e+01 7.31958824e+00
1.72469082e+01 7.06068979e+00
1.72666614e+01 6.83430223e+00
1.72929991e+01 6.57801117e+00
1.73193368e+01 6.36929815e+00
1.73456745e+01 6.20504879e+00
1.73720121e+01 6.08385321e+00
1.73983498e+01 6.00598875e+00
1.74246875e+01 5.97360736e+00
1.74291114e+01 5.97290527e+00
1.74485653e+01 5.98722317e+00
1.74699833e+01 6.03868879e+00
1.74914013e+01 6.13308050e+00
1.75074648e+01 6.23663513e+00
1.75235283e+01 6.37293193e+00
1.75395918e+01 6.54727441e+00
1.75556553e+01 6.76618859e+00
1.75717188e+01 7.03762725e+00
1.75824278e+01 7.25242921e+00
1.75931368e+01 7.49808822e+00
1.76038458e+01 7.77828084e+00
1.76150459e+01 8.11271116e+00
1.76267371e+01 8.51247274e+00
1.76384284e+01 8.97038180e+00
1.76501196e+01 9.49352193e+00
1.76618108e+01 1.00895535e+01
1.76705793e+01 1.05893168e+01
1.76793477e+01 1.11382923e+01
1.76881161e+01 1.17402076e+01
1.76968846e+01 1.23988653e+01
1.77066771e+01 1.32062339e+01
1.77145711e+01 1.39156855e+01
1.77264120e+01 1.50843296e+01
1.77382529e+01 1.63860721e+01
1.77500938e+01 1.78288470e+01
1.77619347e+01 1.94193928e+01
1.77722897e+01 2.09355324e+01
1.77786976e+01 2.19333653e+01
1.77915136e+01 2.40667886e+01
1.78043295e+01 2.63828249e+01
1.78171455e+01 2.88764562e+01
1.78296437e+01 3.14700218e+01
1.78463080e+01 3.51519118e+01
1.78671383e+01 4.00461056e+01
1.79236792e+01 5.38939599e+01
1.79436175e+01 5.84761825e+01
1.79585712e+01 6.16303111e+01
1.79740504e+01 6.45515960e+01
1.79897922e+01 6.70861974e+01
1.80055341e+01 6.91120630e+01
1.80212759e+01 7.05746734e+01
1.80370178e+01 7.14371165e+01
1.80513197e+01 7.16853385e+01
1.80627419e+01 7.15178308e+01
1.80779714e+01 7.08025416e+01
1.80932010e+01 6.95545987e+01
1.81084305e+01 6.78201259e+01
1.81236601e+01 6.56575730e+01
1.81388896e+01 6.31346529e+01
1.81591957e+01 5.93378638e+01
1.81896548e+01 5.30800873e+01
1.82314772e+01 4.43141487e+01
1.82529937e+01 4.00721914e+01
1.82691310e+01 3.71042871e+01
1.82852683e+01 3.43544307e+01
1.82960265e+01 3.26523275e+01
1.83097319e+01 3.06420185e+01
1.83234372e+01 2.88110525e+01
1.83371426e+01 2.71581477e+01
1.83508480e+01 2.56788667e+01
1.83645533e+01 2.43663455e+01
1.83782587e+01 2.32119951e+01
1.83919641e+01 2.22061189e+01
1.84056694e+01 2.13384604e+01
1.84200138e+01 2.05671050e+01
1.84343582e+01 1.99242180e+01
1.84487026e+01 1.93988677e+01
1.84630470e+01 1.89810262e+01
1.84773914e+01 1.86617378e+01
1.84917358e+01 1.84332221e+01
1.85060802e+01 1.82889205e+01
1.85256199e+01 1.82184379e+01
1.85412057e+01 1.82605439e+01
1.85619869e+01 1.84465534e+01
1.85827681e+01 1.87782005e+01
1.86035492e+01 1.92566668e+01
1.86243304e+01 1.98873302e+01
1.86399163e+01 2.04656604e+01
1.86555021e+01 2.11400621e+01
1.86710880e+01 2.19169990e+01
1.86866739e+01 2.28041139e+01
1.87032500e+01 2.38784939e+01
1.87198261e+01 2.51000960e+01
1.87364021e+01 2.64837019e+01
1.87529782e+01 2.80470571e+01
1.87695543e+01 2.98118986e+01
1.87861304e+01 3.18053836e+01
1.87985625e+01 3.34709324e+01
1.88109945e+01 3.53022357e+01
1.88253882e+01 3.76581975e+01
1.88375994e+01 3.98842489e+01
1.88498105e+01 4.23507524e+01
1.88620217e+01 4.50934128e+01
1.88742329e+01 4.81540152e+01
1.88864441e+01 5.15809260e+01
1.88956024e+01 5.44244773e+01
1.89047608e+01 5.75309096e+01
1.89139192e+01 6.09283024e+01
1.89252569e+01 6.55824309e+01
1.89335417e+01 6.93297203e+01
1.89418266e+01 7.33976064e+01
1.89501115e+01 7.78120791e+01
1.89583964e+01 8.25996953e+01
1.89666812e+01 8.77872305e+01
1.89749661e+01 9.34013324e+01
1.89832510e+01 9.94680649e+01
1.89939539e+01 1.08015928e+02
1.90046568e+01 1.17410507e+02
1.90153596e+01 1.27694989e+02
1.90260625e+01 1.38903791e+02
1.90367654e+01 1.51060223e+02
1.90462177e+01 1.62592382e+02
1.90579869e+01 1.77989462e+02
1.90697562e+01 1.94508758e+02
1.90815254e+01 2.12091574e+02
1.90935221e+01 2.31015646e+02
1.91118585e+01 2.61588480e+02
1.91424190e+01 3.15315327e+02
1.91729796e+01 3.68935407e+02
1.91916480e+01 3.99529576e+02
1.92045364e+01 4.18915018e+02
1.92174248e+01 4.36433469e+02
1.92303132e+01 4.51719486e+02
1.92432016e+01 4.64444386e+02
1.92560900e+01 4.74328463e+02
1.92689784e+01 4.81151607e+02
1.92818668e+01 4.84761736e+02
1.92883110e+01 4.85334476e+02
1.92989676e+01 4.84468652e+02
1.93096242e+01 4.81361164e+02
1.93238331e+01 4.73826255e+02
1.93380419e+01 4.62619587e+02
1.93522507e+01 4.48052878e+02
1.93664596e+01 4.30517945e+02
1.93806684e+01 4.10468350e+02
1.93948773e+01 3.88399155e+02
1.94112319e+01 3.61167603e+02
1.94667335e+01 2.64055607e+02
1.94822315e+01 2.38049541e+02
1.94947270e+01 2.18005745e+02
1.95072225e+01 1.98955919e+02
1.95197180e+01 1.81016174e+02
1.95324446e+01 1.63967899e+02
1.95421630e+01 1.51811798e+02
1.95518813e+01 1.40413059e+02
1.95615997e+01 1.29770651e+02
1.95713180e+01 1.19874986e+02
1.95811172e+01 1.10635879e+02
1.95910779e+01 1.01980390e+02
1.96010387e+01 9.40367893e+01
1.96109995e+01 8.67706530e+01
1.96209602e+01 8.01445526e+01
1.96309210e+01 7.41191181e+01
1.96388173e+01 6.97425907e+01
1.96467137e+01 6.56979208e+01
1.96546100e+01 6.19649880e+01
1.96625064e+01 5.85239991e+01
1.96704027e+01 5.53556344e+01
1.96782991e+01 5.24411921e+01
1.96861954e+01 4.97626667e+01
1.96974699e+01 4.63132380e+01
1.97076042e+01 4.35543620e+01
1.97177385e+01 4.10861094e+01
1.97278728e+01 3.88793130e+01
1.97380071e+01 3.69072646e+01
1.97481414e+01 3.51456657e+01
1.97582757e+01 3.35725314e+01
1.97684099e+01 3.21680783e+01
1.97819223e+01 3.05275020e+01
1.97954347e+01 2.91186959e+01
1.98075000e+01 2.80309200e+01
1.98234270e+01 2.68073428e+01
1.98393541e+01 2.57916591e+01
1.98552812e+01 2.49532716e+01
1.98712083e+01 2.42669270e+01
1.98871353e+01 2.37115691e+01
1.99083715e+01 2.31443006e+01
1.99296076e+01 2.27420336e+01
1.99508437e+01 2.24726887e+01
1.99720798e+01 2.23061512e+01
2.00831795e+01 2.19395341e+01
2.01075948e+01 2.17184588e+01
2.01320101e+01 2.13784925e+01
2.01564253e+01 2.09129130e+01
2.01808406e+01 2.03338421e+01
2.02540864e+01 1.83215386e+01
2.02785017e+01 1.77677858e+01
2.02938080e+01 1.75075021e+01
2.03091142e+01 1.73346304e+01
2.03244204e+01 1.72640782e+01
2.03397266e+01 1.73080030e+01
2.03524537e+01 1.74380785e+01
2.03651808e+01 1.76563209e+01
2.03779079e+01 1.79635470e+01
2.03906350e+01 1.83583448e+01
2.04033621e+01 1.88370104e+01
2.04224528e+01 1.96985358e+01
2.04415435e+01 2.07053245e+01
2.04700517e+01 2.23919081e+01
2.05080628e+01 2.47273361e+01
2.05270683e+01 2.58175511e+01
2.05460738e+01 2.67951664e+01
2.05650793e+01 2.76271786e+01
2.05840848e+01 2.82966856e+01
2.06055130e+01 2.88621555e+01
2.06174384e+01 2.91035714e+01
2.06715424e+01 3.00269555e+01
2.06895771e+01 3.05381654e+01
2.07016002e+01 3.10304886e+01
2.07136233e+01 3.16882316e+01
2.07238292e+01 3.24056693e+01
2.07340350e+01 3.32948902e+01
2.07442408e+01 3.43797812e+01
2.07544466e+01 3.56833586e+01
2.07646524e+01 3.72272248e+01
2.07748582e+01 3.90310037e+01
2.07850640e+01 4.11117640e+01
2.07952698e+01 4.34834410e+01
2.08056892e+01 4.62154580e+01
2.08161085e+01 4.92676730e+01
2.08265278e+01 5.26412535e+01
2.08369472e+01 5.63317159e+01
2.08473665e+01 6.03285178e+01
2.08570525e+01 6.43040796e+01
2.08694784e+01 6.97400638e+01
2.08881171e+01 7.84918934e+01
2.09138854e+01 9.13733569e+01
2.09450179e+01 1.07099058e+02
2.09628079e+01 1.15573686e+02
2.09773705e+01 1.21946240e+02
2.09943735e+01 1.28495468e+02
2.10057088e+01 1.32209009e+02
2.10170441e+01 1.35322270e+02
2.10283794e+01 1.37778696e+02
2.10397147e+01 1.39532768e+02
2.10510500e+01 1.40551265e+02
2.10623853e+01 1.40814162e+02
2.10765231e+01 1.40074878e+02
2.10906609e+01 1.38169180e+02
2.11047988e+01 1.35147142e+02
2.11189366e+01 1.31088556e+02
2.11330744e+01 1.26099074e+02
2.11472122e+01 1.20305320e+02
2.11566374e+01 1.16065670e+02
2.11754878e+01 1.06882306e+02
2.11990508e+01 9.45543105e+01
2.12366000e+01 7.45423280e+01
2.12541586e+01 6.55951201e+01
2.12708123e+01 5.75863784e+01
2.12816132e+01 5.26956797e+01
2.12924141e+01 4.80704103e+01
2.13032149e+01 4.37260087e+01
2.13137547e+01 3.97665661e+01
2.13242944e+01 3.60876025e+01
2.13321992e+01 3.35123149e+01
2.13401040e+01 3.10929856e+01
2.13481591e+01 2.87852629e+01
2.13565150e+01 2.65554036e+01
2.13648708e+01 2.44873216e+01
2.13732267e+01 2.25749093e+01
2.13815825e+01 2.08114016e+01
2.13899384e+01 1.91895383e+01
2.13990987e+01 1.75652424e+01
2.14082590e+01 1.60916971e+01
2.14174193e+01 1.47584503e+01
2.14265797e+01 1.35550859e+01
2.14357400e+01 1.24713634e+01
2.14429878e+01 1.16921122e+01
2.14513765e+01 1.08696745e+01
2.14597653e+01 1.01257581e+01
2.14681540e+01 9.45362338e+00
2.14765427e+01 8.84690503e+00
2.14849314e+01 8.29963180e+00
2.14933201e+01 7.80623078e+00
2.15017089e+01 7.36153172e+00
2.15094803e+01 6.98885302e+00
2.15166345e+01 6.67608637e+00
2.15273657e+01 6.25581176e+00
2.15380969e+01 5.88740171e+00
2.15488281e+01 5.56404758e+00
2.15595594e+01 5.27977103e+00
2.15702906e+01 5.02935221e+00
2.15810218e+01 4.80825298e+00
2.15917530e+01 4.61254575e+00
2.16060613e+01 4.38531457e+00
2.16203696e+01 4.19050922e+00
2.16353144e+01 4.01571957e+00
2.16502591e+01 3.86525673e+00
2.16652039e+01 3.73505519e+00
2.16801486e+01 3.62185164e+00
2.17025657e+01 3.47832271e+00
2.17249829e+01 3.36044516e+00
2.17474000e+01 3.26324791e+00
2.17698171e+01 3.18305479e+00
2.17997066e+01 3.09789463e+00
2.18295961e+01 3.03322846e+00
2.18594855e+01 2.98542583e+00
2.19009958e+01 2.94172663e+00
2.19425060e+01 2.91878167e+00
2.19895520e+01 2.91122409e+00
2.20476695e+01 2.92035100e+00
2.21057869e+01 2.94438211e+00
2.21639043e+01 2.98555354e+00
2.22026493e+01 3.02785705e+00
2.22413943e+01 3.08841188e+00
2.22704530e+01 3.15033065e+00
2.22929080e+01 3.21078993e+00
2.23184456e+01 3.29642062e+00
2.23439832e+01 3.40481643e+00
2.23631364e+01 3.50511890e+00
2.23822895e+01 3.62599618e+00
2.24014427e+01 3.77257717e+00
2.24142115e+01 3.88779415e+00
2.24269803e+01 4.01979130e+00
2.24397491e+01 4.17143960e+00
2.24525178e+01 4.34610484e+00
2.24652866e+01 4.54770690e+00
2.24780554e+01 4.78077406e+00
2.24900635e+01 5.03329566e+00
2.25013110e+01 5.30353597e+00
2.25125584e+01 5.61093521e+00
2.25238059e+01 5.96038124e+00
2.25322415e+01 6.25324036e+00
2.25406770e+01 6.57512173e+00
2.25491126e+01 6.92853345e+00
2.25575482e+01 7.31608764e+00
2.25659838e+01 7.74048196e+00
2.25744194e+01 8.20448109e+00
2.25819686e+01 8.65560035e+00
2.25895178e+01 9.14270215e+00
2.25970670e+01 9.66779296e+00
2.26046161e+01 1.02328414e+01
2.26121654e+01 1.08397597e+01
2.26197145e+01 1.14903707e+01
2.26310383e+01 1.25519149e+01
2.26409430e+01 1.35682004e+01
2.26501381e+01 1.45876172e+01
2.26593331e+01 1.56819271e+01
2.26685282e+01 1.68522379e+01
2.26777233e+01 1.80989475e+01
2.26906652e+01 1.99821856e+01
2.27042890e+01 2.21226085e+01
2.27179128e+01 2.44157638e+01
2.27315366e+01 2.68471483e+01
2.27491031e+01 3.01534214e+01
2.27813670e+01 3.65415789e+01
2.28136308e+01 4.29320879e+01
2.28315947e+01 4.62832474e+01
2.28460132e+01 4.87760966e+01
2.28604316e+01 5.10370617e+01
2.28748500e+01 5.30177530e+01
2.28892685e+01 5.46755884e+01
2.29036870e+01 5.59757331e+01
2.29181054e+01 5.68927836e+01
2.29325238e+01 5.74120985e+01
2.29445841e+01 5.75384750e+01
2.29591372e+01 5.73245953e+01
2.29736903e+01 5.67291096e+01
2.29882433e+01 5.57836520e+01
2.29979454e+01 5.49795035e+01
2.30173495e+01 5.30222514e+01
2.30367536e+01 5.07171038e+01
2.30852638e+01 4.44703129e+01
2.31060907e+01 4.20503397e+01
2.31227780e+01 4.04107214e+01
2.31339028e+01 3.95103524e+01
2.31450276e+01 3.87889441e+01
2.31561525e+01 3.82646302e+01
2.31672773e+01 3.79526013e+01
2.31784021e+01 3.78650052e+01
2.31903816e+01 3.80319661e+01
2.32000071e+01 3.83673675e+01
2.32096327e+01 3.88842647e+01
2.32192582e+01 3.95829256e+01
2.32288838e+01 4.04620359e+01
2.32417178e+01 4.19098076e+01
2.32545519e+01 4.36626447e+01
2.32673860e+01 4.57059040e+01
2.32802200e+01 4.80212993e+01
2.32952315e+01 5.10458903e+01
2.33124204e+01 5.48798077e+01
2.33296093e+01 5.90469527e+01
2.33553926e+01 6.57680643e+01
2.34241481e+01 8.46602660e+01
2.34459234e+01 9.03646679e+01
2.34676987e+01 9.56748246e+01
2.34894740e+01 1.00447443e+02
2.35112493e+01 1.04547930e+02
2.35275808e+01 1.07108035e+02
2.35439123e+01 1.09175256e+02
2.35602438e+01 1.10710480e+02
2.35765752e+01 1.11682438e+02
2.35956286e+01 1.12075522e+02
2.36118711e+01 1.11768245e+02
2.36321519e+01 1.10556930e+02
2.36524326e+01 1.08453623e+02
2.36727134e+01 1.05513936e+02
2.36929942e+01 1.01819624e+02
2.37132750e+01 9.74750583e+01
2.37335558e+01 9.26023217e+01
2.37605969e+01 8.55162121e+01
2.38255682e+01 6.75961688e+01
2.38473466e+01 6.18641782e+01
2.38691250e+01 5.64999356e+01
2.38854588e+01 5.27854943e+01
2.39017926e+01 4.93802207e+01
2.39154030e+01 4.68031875e+01
2.39290135e+01 4.44803940e+01
2.39426240e+01 4.24252432e+01
2.39562344e+01 4.06483482e+01
2.39698449e+01 3.91575108e+01
2.39834553e+01 3.79576673e+01
2.39970658e+01 3.70507756e+01
2.40106762e+01 3.64356719e+01
2.40236435e+01 3.61170231e+01
2.40329674e+01 3.60454311e+01
2.40479718e+01 3.61970642e+01
2.40629762e+01 3.66609008e+01
2.40779806e+01 3.74125414e+01
2.40929850e+01 3.84221413e+01
2.41079894e+01 3.96546955e+01
2.41279953e+01 4.15758231e+01
2.41580041e+01 4.48373689e+01
2.41955207e+01 4.90338502e+01
2.42180441e+01 5.13354275e+01
2.42405675e+01 5.33035361e+01
2.42630910e+01 5.48308058e+01
2.42781066e+01 5.55669741e+01
2.42931222e+01 5.60627262e+01
2.43120462e+01 5.63398003e+01
2.43159546e+01 5.63492471e+01
2.43315881e+01 5.62289366e+01
2.43472217e+01 5.58684374e+01
2.43706720e+01 5.49270475e+01
2.43941223e+01 5.35901779e+01
2.44175726e+01 5.19658694e+01
2.44957403e+01 4.58394581e+01
2.45270074e+01 4.35853608e+01
2.45582745e+01 4.16363227e+01
2.45793067e+01 4.05243783e+01
2.46003388e+01 3.95785515e+01
2.46213710e+01 3.87963171e+01
2.46529193e+01 3.79133587e+01
2.46844675e+01 3.73478271e+01
2.47160158e+01 3.70620256e+01
2.47374333e+01 3.70094838e+01
2.47701377e+01 3.71260971e+01
2.48028421e+01 3.74577890e+01
2.48355465e+01 3.79859167e+01
2.48682509e+01 3.86986726e+01
2.49009553e+01 3.95897640e+01
2.49445611e+01 4.10519366e+01
2.49881670e+01 4.28291131e+01
2.50317728e+01 4.49252166e+01
2.50753787e+01 4.73403210e+01
2.51146079e+01 4.97769152e+01
2.51538371e+01 5.24423417e+01
2.52126809e+01 5.67849147e+01
2.53303685e+01 6.58657789e+01
2.53695977e+01 6.86340649e+01
2.54071655e+01 7.09501647e+01
2.54430717e+01 7.27264756e+01
2.54700014e+01 7.37024161e+01
2.54969311e+01 7.43172803e+01
2.55238607e+01 7.45255112e+01
2.55478328e+01 7.43370859e+01
2.55703260e+01 7.38199866e+01
2.55928191e+01 7.29610077e+01
2.56153123e+01 7.17544584e+01
2.56378055e+01 7.02017268e+01
2.56602987e+01 6.83117573e+01
2.56827919e+01 6.61012524e+01
2.57127828e+01 6.26984106e+01
2.57427738e+01 5.88470960e+01
2.57727647e+01 5.46441083e+01
2.58206089e+01 4.74935957e+01
2.58764272e+01 3.90622782e+01
2.59064724e+01 3.47639401e+01
2.59309644e+01 3.15025353e+01
2.59493334e+01 2.92435809e+01
2.59677024e+01 2.71752943e+01
2.59860715e+01 2.53235039e+01
2.59983175e+01 2.42213164e+01
2.60107510e+01 2.32187384e+01
2.60231846e+01 2.23402055e+01
2.60356182e+01 2.15919919e+01
2.60480518e+01 2.09799027e+01
2.60604854e+01 2.05092237e+01
2.60729189e+01 2.01846681e+01
2.60853525e+01 2.00103096e+01
2.60931235e+01 1.99791328e+01
2.61035997e+01 2.00332249e+01
2.61152271e+01 2.02238408e+01
2.61268544e+01 2.05528222e+01
2.61384817e+01 2.10204257e+01
2.61501090e+01 2.16260558e+01
2.61617363e+01 2.23681956e+01
2.61733636e+01 2.32443347e+01
2.61849910e+01 2.42509093e+01
2.61957076e+01 2.52901377e+01
2.62104164e+01 2.68820208e+01
2.62251252e+01 2.86521562e+01
2.62398340e+01 3.05830841e+01
2.62594457e+01 3.33718641e+01
2.62819449e+01 3.68041781e+01
2.63454115e+01 4.69464302e+01
2.63707982e+01 5.07660253e+01
2.63953549e+01 5.40917353e+01
2.64117260e+01 5.60371794e+01
2.64280971e+01 5.77229944e+01
2.64444683e+01 5.91192006e+01
2.64608394e+01 6.02024012e+01
2.64772105e+01 6.09564634e+01
2.64935816e+01 6.13729293e+01
2.65049677e+01 6.14628676e+01
2.65209704e+01 6.13165210e+01
2.65401735e+01 6.07354347e+01
2.65593767e+01 5.97414705e+01
2.65785799e+01 5.83759790e+01
2.65977830e+01 5.66885993e+01
2.66169862e+01 5.47346257e+01
2.66425904e+01 5.18154367e+01
2.66809967e+01 4.70427134e+01
2.67308053e+01 4.07598385e+01
2.67630778e+01 3.69417244e+01
2.67872821e+01 3.43059375e+01
2.68114865e+01 3.19033868e+01
2.68356908e+01 2.97517650e+01
2.68556272e+01 2.81716377e+01
2.68755635e+01 2.67620625e+01
2.68954999e+01 2.55158370e+01
2.69154362e+01 2.44223513e+01
2.69353725e+01 2.34682802e+01
2.69553089e+01 2.26382328e+01
2.69818906e+01 2.16951762e+01
2.70084724e+01 2.09005533e+01
2.70483451e+01 1.98953981e+01
2.71579464e+01 1.74395566e+01
2.72310139e+01 1.57437984e+01
2.72584142e+01 1.51794416e+01
2.72766811e+01 1.48625622e+01
2.72949480e+01 1.46147746e+01
2.73132149e+01 1.44569799e+01
2.73291984e+01 1.44105737e+01
2.73454955e+01 1.44689235e+01
2.73601365e+01 1.46270179e+01
2.73738667e+01 1.48785200e+01
2.73875968e+01 1.52413674e+01
2.73978945e+01 1.55932700e+01
2.74081921e+01 1.60186707e+01
2.74184897e+01 1.65220410e+01
2.74287873e+01 1.71076536e+01
2.74390849e+01 1.77795111e+01
2.74493825e+01 1.85412701e+01
2.74596801e+01 1.93961602e+01
2.74699778e+01 2.03468941e+01
2.74797690e+01 2.13416935e+01
2.74895602e+01 2.24262711e+01
2.75042470e+01 2.42225361e+01
2.75189339e+01 2.62207624e+01
2.75336207e+01 2.84156258e+01
2.75483075e+01 3.07972046e+01
2.75666860e+01 3.40172232e+01
2.75850645e+01 3.74653650e+01
2.76126322e+01 4.29452837e+01
2.76571793e+01 5.20203864e+01
2.76807511e+01 5.65815294e+01
2.76984300e+01 5.97390699e+01
2.77161089e+01 6.25818846e+01
2.77327724e+01 6.49067732e+01
2.77494358e+01 6.68318966e+01
2.77660992e+01 6.83125579e+01
2.77827626e+01 6.93156889e+01
2.77994260e+01 6.98212940e+01
2.78076704e+01 6.98850572e+01
2.78211199e+01 6.97257959e+01
2.78372592e+01 6.91137119e+01
2.78533986e+01 6.80647585e+01
2.78695380e+01 6.66129374e+01
2.78856773e+01 6.48015862e+01
2.79018167e+01 6.26815782e+01
2.79233359e+01 5.94727309e+01
2.79556146e+01 5.41304073e+01
2.80036248e+01 4.59252315e+01
2.80234931e+01 4.27162335e+01
2.80433614e+01 3.97279487e+01
2.80632297e+01 3.70132113e+01
2.80764753e+01 3.53733647e+01
2.80916704e+01 3.36691257e+01
2.81088153e+01 3.19774351e+01
2.81259601e+01 3.05282402e+01
2.81431050e+01 2.93114718e+01
2.81602498e+01 2.83106612e+01
2.81773946e+01 2.75041750e+01
2.81945394e+01 2.68664922e+01
2.82116843e+01 2.63694809e+01
2.82398344e+01 2.57807220e+01
2.82789898e+01 2.52176247e+01
2.83275442e+01 2.45208848e+01
2.83565209e+01 2.39469292e+01
2.83854976e+01 2.31969876e+01
2.84144743e+01 2.22627092e+01
2.84434510e+01 2.11637882e+01
2.84724277e+01 1.99399724e+01
2.85603166e+01 1.59778696e+01
2.85902522e+01 1.46953508e+01
2.86201877e+01 1.34932784e+01
2.86501233e+01 1.23780617e+01
2.86800588e+01 1.13451897e+01
2.87073557e+01 1.04661799e+01
2.87419926e+01 9.42235662e+00
2.87766295e+01 8.44486630e+00
2.88112663e+01 7.52653094e+00
2.88426468e+01 6.74648704e+00
2.88707709e+01 6.09379274e+00
2.88918640e+01 5.63636251e+00
2.89129571e+01 5.20900409e+00
2.89340502e+01 4.81377688e+00
2.89491173e+01 4.55205977e+00
2.89651896e+01 4.29237825e+00
2.89812618e+01 4.05316330e+00
2.89973340e+01 3.83459507e+00
2.90134063e+01 3.63670046e+00
2.90294785e+01 3.45938587e+00
2.90455508e+01 3.30247579e+00
2.90616230e+01 3.16575856e+00
2.90760558e+01 3.06002914e+00
2.90888491e+01 2.97970065e+00
2.91016424e+01 2.91192159e+00
2.91144357e+01 2.85671393e+00
2.91272290e+01 2.81416618e+00
2.91400223e+01 2.78444378e+00
2.91528156e+01 2.76779756e+00
2.91592122e+01 2.76448116e+00
2.91720055e+01 2.76811917e+00
2.91859456e+01 2.78816104e+00
2.91998857e+01 2.82569790e+00
2.92138258e+01 2.88159164e+00
2.92277659e+01 2.95680200e+00
2.92417060e+01 3.05235972e+00
2.92556461e+01 3.16933125e+00
2.92695861e+01 3.30877479e+00
2.92835262e+01 3.47168804e+00
2.92948436e+01 3.62182155e+00
2.93061609e+01 3.78838761e+00
2.93174782e+01 3.97166182e+00
2.93287955e+01 4.17178747e+00
2.93457715e+01 4.50348911e+00
2.93627475e+01 4.87217252e+00
2.93793009e+01 5.26541516e+00
2.93950092e+01 5.66666422e+00
2.94159536e+01 6.23776269e+00
2.94473701e+01 7.14728951e+00
2.94920728e+01 8.45364143e+00
2.95126112e+01 9.01251090e+00
2.95331495e+01 9.51725888e+00
2.95536878e+01 9.94802266e+00
2.95673800e+01 1.01850450e+01
2.95826054e+01 1.03948007e+01
2.95978309e+01 1.05427522e+01
2.96130563e+01 1.06248913e+01
2.96244754e+01 1.06417460e+01
2.96376373e+01 1.06129007e+01
2.96516708e+01 1.05254479e+01
2.96657042e+01 1.03808624e+01
2.96797376e+01 1.01817104e+01
2.96937711e+01 9.93165456e+00
2.97124823e+01 9.52721779e+00
2.97311935e+01 9.05389952e+00
2.97499048e+01 8.52688143e+00
2.97779716e+01 7.67145500e+00
2.98221953e+01 6.28621101e+00
2.98398848e+01 5.75654520e+00
2.98578050e+01 5.25022689e+00
2.98714182e+01 4.89113215e+00
2.98850314e+01 4.55734445e+00
2.98986447e+01 4.25110735e+00
2.99122579e+01 3.97404004e+00
2.99213333e+01 3.80606907e+00
2.99336655e+01 3.59966029e+00
2.99459976e+01 3.41855064e+00
2.99583297e+01 3.26264244e+00
2.99706618e+01 3.13161625e+00
2.99829940e+01 3.02498151e+00
2.99953261e+01 2.94212690e+00
3.00076582e+01 2.88236902e+00
3.00199904e+01 2.84499820e+00
3.00322343e+01 2.82935723e+00
3.00352556e+01 2.82871322e+00
3.00463339e+01 2.83702458e+00
3.00584194e+01 2.86488282e+00
3.00705048e+01 2.91196260e+00
3.00825903e+01 2.97799031e+00
3.00946757e+01 3.06283278e+00
3.01067612e+01 3.16650589e+00
3.01188466e+01 3.28917885e+00
3.01309320e+01 3.43117293e+00
3.01430175e+01 3.59295583e+00
3.01568698e+01 3.80351653e+00
3.01684606e+01 4.00108761e+00
3.01800514e+01 4.21892982e+00
3.01916421e+01 4.45785007e+00
3.02032329e+01 4.71869992e+00
3.02148237e+01 5.00235194e+00
3.02264145e+01 5.30967419e+00
3.02380052e+01 5.64150321e+00
3.02529146e+01 6.10561942e+00
3.02665857e+01 6.56917478e+00
3.02802567e+01 7.06996061e+00
3.02939278e+01 7.60853705e+00
3.03075988e+01 8.18511106e+00
3.03215982e+01 8.81471324e+00
3.03362541e+01 9.51559965e+00
3.03557954e+01 1.05141895e+01
3.03753366e+01 1.15815291e+01
3.03948779e+01 1.27111250e+01
3.04184039e+01 1.41423021e+01
3.04497719e+01 1.61452507e+01
3.05125081e+01 2.03264403e+01
3.05743073e+01 2.44454759e+01
3.06174731e+01 2.72019538e+01
3.06498475e+01 2.91425810e+01
3.06822218e+01 3.09098005e+01
3.07080501e+01 3.21392215e+01
3.07306053e+01 3.30359928e+01
3.07531606e+01 3.37251283e+01
3.07757158e+01 3.41643948e+01
3.07907526e+01 3.42984756e+01
3.07982710e+01 3.43138340e+01
3.08133079e+01 3.42354522e+01
3.08302422e+01 3.39654588e+01
3.08471765e+01 3.34963850e+01
3.08641108e+01 3.28260192e+01
3.08810451e+01 3.19573489e+01
3.08979795e+01 3.08987519e+01
3.09149138e+01 2.96639054e+01
3.09318481e+01 2.82714022e+01
3.09487824e+01 2.67441100e+01
3.09687137e+01 2.48096473e+01
3.10035934e+01 2.12052344e+01
3.10424834e+01 1.71320672e+01
3.10634472e+01 1.50253327e+01
3.10809170e+01 1.33587602e+01
3.10961321e+01 1.19900679e+01
3.11078533e+01 1.09952371e+01
3.11195745e+01 1.00563092e+01
3.11312956e+01 9.17599867e+00
3.11424223e+01 8.39624624e+00
3.11535489e+01 7.67183473e+00
3.11646755e+01 7.00300428e+00
3.11730204e+01 6.53767887e+00
3.11819703e+01 6.07279657e+00
3.11912227e+01 5.62877245e+00
3.12004751e+01 5.22109765e+00
3.12097274e+01 4.84877335e+00
3.12189798e+01 4.51066801e+00
3.12275817e+01 4.22594116e+00
3.12348828e+01 4.00585133e+00
3.12421839e+01 3.80486246e+00
3.12494850e+01 3.62228755e+00
3.12567860e+01 3.45743166e+00
3.12640871e+01 3.30959818e+00
3.12713882e+01 3.17809553e+00
3.12786892e+01 3.06224337e+00
3.12859903e+01 2.96137664e+00
3.12932914e+01 2.87485179e+00
3.13005925e+01 2.80205016e+00
3.13068435e+01 2.75017681e+00
3.13144782e+01 2.69937208e+00
3.13215195e+01 2.66426566e+00
3.13311914e+01 2.63361101e+00
3.13416692e+01 2.62228589e+00
3.13505351e+01 2.62968016e+00
3.13602069e+01 2.65480142e+00
3.13698788e+01 2.69716678e+00
3.13795506e+01 2.75636845e+00
3.13892225e+01 2.83216907e+00
3.13988943e+01 2.92450853e+00
3.14085662e+01 3.03351079e+00
3.14182380e+01 3.15949085e+00
3.14264228e+01 3.27973874e+00
3.14363445e+01 3.44291506e+00
3.14462662e+01 3.62609959e+00
3.14561878e+01 3.83051309e+00
3.14661095e+01 4.05763144e+00
3.14760312e+01 4.30919807e+00
3.14859529e+01 4.58723308e+00
3.14958745e+01 4.89404605e+00
3.15050527e+01 5.20574980e+00
3.15134872e+01 5.51785161e+00
3.15219218e+01 5.85653398e+00
3.15303564e+01 6.22392475e+00
3.15387910e+01 6.62232573e+00
3.15472256e+01 7.05421091e+00
3.15556602e+01 7.52223074e+00
3.15640947e+01 8.02920708e+00
3.15717471e+01 8.52537554e+00
3.15820521e+01 9.25226859e+00
3.15923572e+01 1.00521215e+01
3.16026622e+01 1.09313239e+01
3.16129672e+01 1.18965667e+01
3.16232723e+01 1.29547898e+01
3.16327428e+01 1.40154306e+01
3.16422132e+01 1.51662754e+01
3.16516837e+01 1.64130115e+01
3.16611542e+01 1.77613082e+01
3.16706247e+01 1.92167532e+01
3.16797075e+01 2.07183116e+01
3.16885965e+01 2.22924930e+01
3.16974855e+01 2.39742810e+01
3.17063745e+01 2.57674000e+01
3.17152635e+01 2.76751752e+01
3.17246128e+01 2.98085717e+01
3.17348825e+01 3.23049896e+01
3.17451523e+01 3.49639224e+01
3.17588453e+01 3.87637793e+01
3.17725383e+01 4.28531653e+01
3.17866623e+01 4.73676891e+01
3.18009300e+01 5.22199657e+01
3.18187646e+01 5.86645475e+01
3.18393160e+01 6.65392857e+01
3.18707341e+01 7.92255330e+01
3.19147196e+01 9.72462299e+01
3.19335704e+01 1.04614318e+02
3.19507042e+01 1.10908207e+02
3.19678379e+01 1.16678096e+02
3.19849717e+01 1.21793408e+02
3.20021055e+01 1.26133646e+02
3.20192392e+01 1.29593262e+02
3.20363730e+01 1.32086061e+02
3.20535067e+01 1.33548910e+02
3.20684988e+01 1.33954014e+02
3.20823141e+01 1.33596525e+02
3.20998245e+01 1.32147043e+02
3.21173349e+01 1.29621736e+02
3.21348453e+01 1.26088104e+02
3.21523557e+01 1.21638666e+02
3.21698661e+01 1.16386790e+02
3.21873765e+01 1.10461778e+02
3.22107237e+01 1.01757090e+02
3.22399077e+01 9.00650390e+01
3.22822862e+01 7.27149277e+01
3.23071543e+01 6.29275222e+01
3.23237330e+01 5.67340642e+01
3.23371073e+01 5.19789634e+01
3.23504814e+01 4.74646140e+01
3.23638556e+01 4.32081142e+01
3.23772298e+01 3.92208901e+01
3.23904505e+01 3.55501699e+01
3.24036711e+01 3.21500271e+01
3.24135865e+01 2.97760582e+01
3.24235020e+01 2.75505161e+01
3.24333066e+01 2.54925207e+01
3.24428897e+01 2.36142908e+01
3.24524727e+01 2.18634098e+01
3.24620558e+01 2.02350408e+01
3.24716388e+01 1.87239669e+01
3.24812219e+01 1.73246771e+01
3.24912755e+01 1.59705967e+01
3.25013290e+01 1.47265341e+01
3.25113826e+01 1.35857076e+01
3.25214361e+01 1.25413677e+01
3.25314897e+01 1.15868667e+01
3.25392606e+01 1.09065242e+01
3.25481002e+01 1.01894682e+01
3.25569397e+01 9.52893409e+00
3.25657792e+01 8.92093845e+00
3.25746187e+01 8.36167505e+00
3.25834582e+01 7.84752231e+00
3.25922977e+01 7.37505434e+00
3.26011373e+01 6.94104007e+00
3.26112151e+01 6.48927566e+00
3.26225312e+01 6.03171077e+00
3.26338473e+01 5.62151703e+00
3.26451634e+01 5.25377072e+00
3.26564796e+01 4.92402960e+00
3.26677957e+01 4.62830861e+00
3.26791118e+01 4.36305011e+00
3.26904279e+01 4.12509698e+00
3.27008709e+01 3.92731623e+00
3.27152254e+01 3.68601587e+00
3.27295800e+01 3.47622174e+00
3.27439345e+01 3.29434762e+00
3.27582891e+01 3.13746689e+00
3.27726436e+01 3.00324839e+00
3.27869981e+01 2.88990400e+00
3.28013527e+01 2.79614965e+00
3.28157072e+01 2.72117865e+00
3.28300618e+01 2.66464859e+00
3.28444163e+01 2.62668214e+00
3.28592054e+01 2.60762072e+00
3.28642076e+01 2.60597579e+00
3.28742118e+01 2.61033063e+00
3.28842160e+01 2.62539456e+00
3.28960308e+01 2.65800177e+00
3.29062499e+01 2.70024104e+00
3.29164688e+01 2.75671645e+00
3.29266878e+01 2.82878524e+00
3.29369068e+01 2.91801258e+00
3.29471258e+01 3.02618677e+00
3.29573448e+01 3.15533427e+00
3.29675638e+01 3.30773515e+00
3.29777828e+01 3.48593647e+00
3.29880018e+01 3.69276573e+00
3.29982208e+01 3.93134152e+00
3.30063688e+01 4.14658911e+00
3.30145168e+01 4.38605872e+00
3.30226648e+01 4.65174672e+00
3.30308128e+01 4.94577156e+00
3.30389608e+01 5.27037433e+00
3.30471088e+01 5.62791229e+00
3.30552568e+01 6.02085681e+00
3.30634048e+01 6.45178265e+00
3.30722641e+01 6.96655329e+00
3.30811235e+01 7.53293391e+00
3.30899828e+01 8.15457019e+00
3.30988422e+01 8.83517731e+00
3.31077015e+01 9.57851549e+00
3.31163579e+01 1.03690320e+01
3.31249129e+01 1.12160746e+01
3.31334678e+01 1.21318430e+01
3.31420227e+01 1.31195502e+01
3.31505777e+01 1.41822612e+01
3.31590846e+01 1.53162393e+01
3.31674955e+01 1.65156919e+01
3.31759064e+01 1.77952420e+01
3.31871209e+01 1.96292210e+01
3.31983354e+01 2.16126232e+01
3.32066853e+01 2.31878390e+01
3.32177778e+01 2.54111783e+01
3.32288703e+01 2.77831287e+01
3.32399628e+01 3.03014188e+01
3.32518240e+01 3.31513124e+01
3.32644539e+01 3.63557367e+01
3.32833987e+01 4.14618867e+01
3.33036199e+01 4.72466659e+01
3.33339853e+01 5.63668255e+01
3.33750726e+01 6.88273993e+01
3.33933858e+01 7.41235812e+01
3.34116990e+01 7.90867486e+01
3.34300122e+01 8.35942311e+01
3.34483254e+01 8.75302115e+01
3.34633630e+01 9.02614334e+01
3.34767628e+01 9.22712827e+01
3.34901625e+01 9.38517732e+01
3.35035623e+01 9.49810320e+01
3.35169621e+01 9.56444053e+01
3.35290317e+01 9.58371254e+01
3.35459681e+01 9.54618930e+01
3.35610227e+01 9.45088093e+01
3.35760773e+01 9.29982467e+01
3.35911319e+01 9.09661278e+01
3.36061866e+01 8.84581218e+01
3.36262594e+01 8.44679833e+01
3.36463322e+01 7.98733657e+01
3.36664050e+01 7.48320408e+01
3.37049731e+01 6.44869997e+01
3.37327160e+01 5.70187597e+01
3.37512112e+01 5.22361828e+01
3.37691391e+01 4.78523464e+01
3.37864996e+01 4.39109814e+01
3.37995199e+01 4.11838403e+01
3.38125402e+01 3.86738862e+01
3.38255606e+01 3.63967802e+01
3.38353760e+01 3.48420761e+01
3.38463267e+01 3.32781964e+01
3.38572773e+01 3.18995692e+01
3.38682280e+01 3.07108213e+01
3.38791787e+01 2.97158435e+01
3.38901293e+01 2.89179440e+01
3.39010800e+01 2.83199731e+01
3.39120307e+01 2.79244435e+01
3.39209003e+01 2.77540303e+01
3.39276890e+01 2.77150307e+01
3.39360204e+01 2.77762902e+01
3.39458944e+01 2.80057052e+01
3.39557685e+01 2.84064936e+01
3.39656425e+01 2.89799189e+01
3.39755166e+01 2.97271387e+01
3.39853906e+01 3.06491646e+01
3.39952647e+01 3.17468103e+01
3.40051387e+01 3.30206235e+01
3.40148053e+01 3.44385350e+01
3.40242645e+01 3.59894720e+01
3.40337237e+01 3.77014548e+01
3.40431829e+01 3.95733342e+01
3.40573716e+01 4.26769489e+01
3.40715604e+01 4.61273702e+01
3.40857491e+01 4.99116821e+01
3.41003186e+01 5.41265727e+01
3.41148880e+01 5.86505799e+01
3.41343139e+01 6.51100607e+01
3.41585963e+01 7.37431842e+01
3.42022792e+01 9.01601789e+01
3.42411056e+01 1.04643009e+02
3.42615311e+01 1.11802485e+02
3.42819566e+01 1.18428809e+02
3.43023822e+01 1.24375447e+02
3.43228077e+01 1.29522408e+02
3.43432332e+01 1.33783775e+02
3.43636587e+01 1.37113354e+02
3.43840842e+01 1.39507955e+02
3.44045097e+01 1.41007952e+02
3.44236315e+01 1.41673382e+02
3.44300055e+01 1.41752711e+02
3.44555012e+01 1.41470439e+02
3.44937448e+01 1.39795873e+02
3.45447363e+01 1.37043025e+02
3.45702321e+01 1.36191625e+02
3.45829800e+01 1.36021158e+02
3.46084757e+01 1.36325665e+02
3.46304791e+01 1.37380604e+02
3.46524825e+01 1.39239770e+02
3.46744859e+01 1.41934656e+02
3.46964893e+01 1.45469250e+02
3.47184928e+01 1.49828073e+02
3.47404961e+01 1.54984874e+02
3.47624996e+01 1.60910799e+02
3.47845030e+01 1.67580903e+02
3.48138408e+01 1.77603702e+02
3.48431787e+01 1.88901739e+02
3.48669089e+01 1.98968075e+02
3.49025043e+01 2.15587212e+02
3.49380996e+01 2.33866164e+02
3.49974252e+01 2.66701088e+02
3.50424644e+01 2.91337129e+02
3.50707959e+01 3.05329706e+02
3.50991275e+01 3.17195387e+02
3.51180152e+01 3.23523936e+02
3.51369028e+01 3.28329268e+02
3.51557905e+01 3.31422926e+02
3.51770392e+01 3.32674158e+02
3.51981799e+01 3.31446831e+02
3.52192666e+01 3.27715164e+02
3.52403533e+01 3.21516895e+02
3.52614401e+01 3.12976078e+02
3.52825268e+01 3.02295764e+02
3.53036135e+01 2.89745833e+02
3.53247002e+01 2.75647193e+02
3.53528159e+01 2.55054250e+02
3.54311763e+01 1.93655404e+02
3.54533054e+01 1.76882658e+02
3.54754345e+01 1.60893210e+02
3.54975637e+01 1.45878259e+02
3.55145881e+01 1.35074046e+02
3.55316124e+01 1.24960905e+02
3.55486368e+01 1.15556848e+02
3.55656612e+01 1.06864003e+02
3.55826856e+01 9.88709645e+01
3.56013845e+01 9.08712402e+01
3.56144086e+01 8.57603786e+01
3.56274327e+01 8.10092529e+01
3.56404568e+01 7.65996574e+01
3.56534809e+01 7.25123616e+01
3.56665050e+01 6.87275753e+01
3.56795291e+01 6.52253221e+01
3.56925532e+01 6.19857728e+01
3.57104740e+01 5.79220428e+01
3.57283949e+01 5.42704946e+01
3.57463157e+01 5.09856335e+01
3.57642365e+01 4.80254889e+01
3.57821574e+01 4.53518699e+01
3.58000782e+01 4.29304382e+01
3.58179991e+01 4.07306233e+01
3.58425650e+01 3.80265504e+01
3.58625004e+01 3.60600896e+01
3.58824357e+01 3.42688395e+01
3.59023711e+01 3.26301649e+01
3.59289515e+01 3.06499530e+01
3.59555320e+01 2.88700021e+01
3.59821125e+01 2.72606896e+01
3.60086929e+01 2.57984831e+01
3.60352734e+01 2.44646373e+01
3.60658776e+01 2.30684479e+01
3.61005057e+01 2.16470755e+01
3.61351337e+01 2.03738225e+01
3.61697617e+01 1.92318244e+01
3.62043898e+01 1.82070325e+01
3.62390178e+01 1.72873250e+01
3.62736459e+01 1.64619174e+01
3.63082739e+01 1.57209596e+01
3.63416032e+01 1.50789818e+01
3.63896490e+01 1.42607323e+01
3.64376948e+01 1.35498150e+01
3.64857406e+01 1.29267912e+01
3.65177712e+01 1.25518075e+01
3.65818322e+01 1.18793871e+01
3.66458933e+01 1.12870252e+01
3.67099544e+01 1.07531150e+01
3.68060460e+01 1.00341179e+01
3.68751456e+01 9.57496271e+00
3.69307491e+01 9.25048726e+00
3.69863526e+01 8.98063000e+00
3.70234216e+01 8.83917688e+00
3.70604906e+01 8.73403615e+00
3.70975596e+01 8.66898271e+00
3.71346287e+01 8.64618116e+00
3.71837445e+01 8.68080358e+00
3.72328604e+01 8.78329608e+00
3.72656043e+01 8.88346757e+00
3.73310922e+01 9.13956752e+00
3.73965800e+01 9.43987326e+00
3.75275557e+01 1.00924180e+01
3.75930436e+01 1.04593627e+01
3.76421595e+01 1.07821234e+01
3.76771731e+01 1.10526436e+01
3.77144565e+01 1.13914689e+01
3.77517398e+01 1.17967131e+01
3.77890232e+01 1.22832859e+01
3.78169857e+01 1.27103848e+01
3.78449482e+01 1.31969846e+01
3.78729107e+01 1.37475770e+01
3.79008732e+01 1.43650267e+01
3.79381566e+01 1.52928801e+01
3.79714134e+01 1.62158222e+01
3.80152587e+01 1.75460973e+01
3.81029493e+01 2.03578978e+01
3.81467947e+01 2.16501102e+01
3.81760249e+01 2.23897274e+01
3.82027111e+01 2.29435393e+01
3.82268532e+01 2.33224444e+01
3.82509954e+01 2.35682741e+01
3.82766465e+01 2.36692843e+01
3.82781553e+01 2.36698490e+01
3.83030298e+01 2.35907245e+01
3.83267616e+01 2.33586632e+01
3.83504934e+01 2.29760867e+01
3.83742251e+01 2.24503924e+01
3.83979569e+01 2.17936938e+01
3.84137781e+01 2.12910086e+01
3.84454204e+01 2.01558570e+01
3.84770628e+01 1.88914824e+01
3.85567669e+01 1.55124395e+01
3.85896058e+01 1.41942399e+01
3.86142350e+01 1.32846021e+01
3.86388641e+01 1.24650521e+01
3.86552836e+01 1.19778278e+01
3.86717030e+01 1.15439609e+01
3.86857699e+01 1.12185516e+01
3.86998368e+01 1.09392915e+01
3.87139037e+01 1.07095568e+01
3.87279706e+01 1.05329367e+01
3.87420375e+01 1.04133250e+01
3.87561044e+01 1.03550152e+01
3.87631378e+01 1.03503227e+01
3.87772048e+01 1.03931222e+01
3.87912328e+01 1.05098899e+01
3.88052219e+01 1.07063497e+01
3.88157138e+01 1.09103696e+01
3.88262057e+01 1.11666068e+01
3.88366975e+01 1.14786332e+01
3.88471894e+01 1.18503031e+01
3.88576813e+01 1.22857565e+01
3.88681731e+01 1.27894151e+01
3.88786650e+01 1.33659780e+01
3.88891569e+01 1.40204048e+01
3.89012176e+01 1.48756471e+01
3.89113500e+01 1.56850194e+01
3.89214824e+01 1.65827395e+01
3.89316148e+01 1.75739787e+01
3.89417471e+01 1.86639760e+01
3.89518795e+01 1.98579887e+01
3.89620119e+01 2.11612292e+01
3.89721442e+01 2.25788056e+01
3.89848490e+01 2.45253651e+01
3.89963069e+01 2.64492483e+01
3.90077647e+01 2.85391103e+01
3.90192226e+01 3.08002439e+01
3.90306805e+01 3.32369949e+01
3.90422218e+01 3.58722898e+01
3.90539300e+01 3.87330709e+01
3.90656382e+01 4.17829675e+01
3.90812492e+01 4.61408925e+01
3.90968601e+01 5.08231387e+01
3.91130757e+01 5.60127363e+01
3.91335972e+01 6.30140564e+01
3.91582229e+01 7.19519747e+01
3.91946501e+01 8.58707321e+01
3.92341562e+01 1.01093927e+02
3.92567311e+01 1.09412756e+02
3.92752973e+01 1.15834682e+02
3.92938635e+01 1.21735337e+02
3.93124298e+01 1.26987836e+02
3.93309960e+01 1.31476057e+02
3.93495622e+01 1.35099330e+02
3.93681284e+01 1.37776610e+02
3.93866946e+01 1.39449969e+02
3.94052608e+01 1.40087123e+02
3.94239508e+01 1.39676716e+02
3.94426408e+01 1.38233662e+02
3.94613307e+01 1.35807650e+02
3.94800207e+01 1.32473179e+02
3.94987106e+01 1.28326251e+02
3.95174006e+01 1.23480208e+02
3.95423206e+01 1.16150042e+02
3.95672405e+01 1.08118145e+02
3.96375996e+01 8.43338486e+01
3.96595857e+01 7.72518410e+01
3.96815719e+01 7.05785405e+01
3.96986524e+01 6.57339594e+01
3.97169149e+01 6.09174692e+01
3.97351773e+01 5.64945115e+01
3.97534398e+01 5.24699476e+01
3.97717022e+01 4.88365855e+01
3.97899647e+01 4.55772665e+01
3.98065313e+01 4.29233870e+01
3.98230980e+01 4.05342987e+01
3.98396646e+01 3.83850483e+01
3.98562312e+01 3.64495607e+01
3.98727978e+01 3.47017617e+01
3.98893645e+01 3.31165483e+01
3.99114533e+01 3.12158605e+01
3.99335422e+01 2.95145740e+01
3.99556310e+01 2.79735386e+01
3.99787767e+01 2.64992336e+01
4.00029792e+01 2.50887927e+01
4.00271817e+01 2.38016998e+01
4.00513842e+01 2.26386483e+01
4.00755867e+01 2.16095329e+01
4.00997893e+01 2.07305129e+01
4.01179411e+01 2.01813542e+01
4.01360930e+01 1.97358685e+01
4.01542449e+01 1.94018033e+01
4.01702769e+01 1.92046675e+01
4.01902397e+01 1.90928290e+01
4.01952304e+01 1.90884722e+01
4.02112999e+01 1.91390521e+01
4.02279180e+01 1.92945502e+01
4.02445361e+01 1.95527026e+01
4.02611543e+01 1.99092179e+01
4.02777724e+01 2.03577939e+01
4.02999299e+01 2.10845932e+01
4.03220874e+01 2.19357619e+01
4.03553237e+01 2.33806752e+01
4.04252192e+01 2.66022816e+01
4.04610227e+01 2.80671231e+01
4.04848917e+01 2.88867409e+01
4.05087606e+01 2.95473252e+01
4.05326296e+01 3.00295302e+01
4.05564986e+01 3.03231711e+01
4.05772033e+01 3.04242560e+01
4.05859735e+01 3.04250823e+01
4.06122842e+01 3.02859123e+01
4.06385948e+01 2.99544952e+01
4.06736756e+01 2.92721444e+01
4.07087565e+01 2.84034945e+01
4.07789181e+01 2.65211321e+01
4.08139990e+01 2.57003799e+01
4.08403096e+01 2.52031211e+01
4.08657446e+01 2.48449496e+01
4.08907417e+01 2.46264169e+01
4.09157389e+01 2.45506079e+01
4.09372535e+01 2.46039082e+01
4.09587680e+01 2.47677802e+01
4.09802826e+01 2.50407014e+01
4.10017972e+01 2.54190937e+01
4.10340691e+01 2.61721805e+01
4.10663410e+01 2.71253451e+01
4.10878556e+01 2.78568496e+01
4.11308847e+01 2.95035238e+01
4.11954285e+01 3.22625479e+01
4.12862041e+01 3.62005290e+01
4.13386680e+01 3.82537843e+01
4.13911318e+01 4.00348950e+01
4.14435956e+01 4.15348353e+01
4.15222913e+01 4.34238053e+01
4.16009871e+01 4.52803605e+01
4.17027584e+01 4.80728215e+01
4.17489095e+01 4.93191249e+01
4.17950607e+01 5.03021152e+01
4.18296741e+01 5.07375358e+01
4.18556341e+01 5.08431636e+01
4.18899657e+01 5.06553229e+01
4.19156440e+01 5.02636099e+01
4.19541613e+01 4.92932778e+01
4.19926788e+01 4.79283463e+01
4.20183570e+01 4.68482694e+01
4.20697135e+01 4.44227288e+01
4.21981048e+01 3.78190035e+01
4.22751396e+01 3.37190854e+01
4.24259608e+01 2.53821107e+01
4.24670938e+01 2.32153320e+01
4.25088745e+01 2.11579785e+01
4.25375918e+01 1.98457410e+01
4.25663091e+01 1.86229599e+01
4.25950264e+01 1.74905022e+01
4.26237437e+01 1.64460916e+01
4.26524609e+01 1.54857432e+01
4.26811782e+01 1.46052789e+01
4.27098955e+01 1.38017023e+01
4.27378545e+01 1.30924791e+01
4.27650552e+01 1.24735875e+01
4.27922559e+01 1.19292725e+01
4.28194567e+01 1.14665387e+01
4.28398572e+01 1.11785777e+01
4.28602577e+01 1.09464328e+01
4.28806583e+01 1.07753232e+01
4.29010588e+01 1.06708443e+01
4.29214594e+01 1.06388030e+01
4.29418599e+01 1.06850222e+01
4.29598182e+01 1.07949432e+01
4.29777765e+01 1.09733931e+01
4.29957348e+01 1.12234581e+01
4.30136931e+01 1.15476072e+01
4.30316513e+01 1.19475082e+01
4.30496096e+01 1.24238396e+01
4.30675679e+01 1.29761046e+01
4.30855262e+01 1.36024585e+01
4.31083306e+01 1.44991958e+01
4.31311350e+01 1.54992763e+01
4.31463379e+01 1.62161959e+01
4.31767438e+01 1.77452813e+01
4.32536159e+01 2.18269891e+01
4.32884656e+01 2.35585479e+01
4.33116987e+01 2.45988950e+01
4.33349319e+01 2.55183915e+01
4.33581650e+01 2.62977755e+01
4.33813981e+01 2.69247979e+01
4.34028166e+01 2.73640579e+01
4.34322225e+01 2.77567531e+01
4.34579110e+01 2.79197650e+01
4.34771773e+01 2.79498908e+01
4.35092878e+01 2.78719843e+01
4.35863530e+01 2.75080892e+01
4.36056193e+01 2.74825473e+01
4.36377298e+01 2.75744341e+01
4.36675454e+01 2.78429331e+01
4.36973609e+01 2.83025852e+01
4.37271764e+01 2.89446862e+01
4.37569919e+01 2.97393549e+01
4.38613462e+01 3.29506214e+01
4.39023253e+01 3.39941539e+01
4.39283967e+01 3.44993598e+01
4.39544681e+01 3.48617099e+01
4.39932873e+01 3.51363453e+01
4.40124091e+01 3.51675231e+01
4.40570265e+01 3.50549669e+01
4.41207657e+01 3.48227871e+01
4.41271396e+01 3.48208836e+01
4.41590092e+01 3.49355676e+01
4.41845048e+01 3.52227821e+01
4.42085324e+01 3.56952099e+01
4.42325599e+01 3.63927274e+01
4.42565874e+01 3.73345288e+01
4.42806150e+01 3.85288465e+01
4.43046425e+01 3.99719078e+01
4.43286700e+01 4.16474573e+01
4.43526976e+01 4.35269103e+01
4.43929454e+01 4.70171363e+01
4.44578266e+01 5.29546080e+01
4.44902672e+01 5.57334107e+01
4.45227078e+01 5.81760126e+01
4.45470382e+01 5.97052501e+01
4.45713687e+01 6.09240548e+01
4.45956991e+01 6.18002203e+01
4.46200296e+01 6.23155912e+01
4.46418089e+01 6.24675163e+01
4.46696042e+01 6.22484043e+01
4.46918405e+01 6.17599578e+01
4.47251948e+01 6.05637377e+01
4.47585492e+01 5.89043835e+01
4.47919035e+01 5.68964033e+01
4.48363759e+01 5.38694723e+01
4.49697933e+01 4.42015110e+01
4.50380324e+01 3.94867216e+01
4.51147039e+01 3.44509611e+01
4.51760411e+01 3.06274544e+01
4.52220439e+01 2.79224039e+01
4.52652171e+01 2.55605283e+01
4.52930559e+01 2.41518843e+01
4.53208948e+01 2.28483272e+01
4.53487336e+01 2.16614172e+01
4.53765725e+01 2.06003770e+01
4.54044113e+01 1.96712430e+01
4.54322501e+01 1.88761255e+01
4.54600890e+01 1.82126532e+01
4.54856879e+01 1.77126890e+01
4.55112867e+01 1.73089382e+01
4.55368856e+01 1.69891661e+01
4.55752840e+01 1.66338244e+01
4.56392812e+01 1.62260078e+01
4.56904789e+01 1.58990309e+01
4.57288773e+01 1.55638501e+01
4.57544762e+01 1.52726036e+01
4.57800751e+01 1.49170830e+01
4.58056739e+01 1.44934786e+01
4.58312728e+01 1.40025932e+01
4.58568717e+01 1.34497765e+01
4.58892744e+01 1.26763660e+01
4.59480841e+01 1.11493287e+01
4.59970922e+01 9.87789158e+00
4.60264970e+01 9.16947415e+00
4.60483047e+01 8.68836109e+00
4.60701125e+01 8.25508182e+00
4.60919202e+01 7.87800638e+00
4.61082759e+01 7.63681089e+00
4.61246317e+01 7.43480650e+00
4.61409875e+01 7.27509906e+00
4.61573433e+01 7.16080044e+00
4.61736991e+01 7.09509550e+00
4.61859659e+01 7.07969963e+00
4.62009587e+01 7.10269509e+00
4.62129093e+01 7.15574818e+00
4.62247726e+01 7.24052100e+00
4.62366359e+01 7.35888158e+00
4.62484991e+01 7.51251916e+00
4.62603624e+01 7.70321949e+00
4.62722257e+01 7.93286609e+00
4.62840889e+01 8.20343657e+00
4.62959522e+01 8.51699641e+00
4.63078155e+01 8.87568916e+00
4.63196788e+01 9.28172348e+00
4.63315420e+01 9.73735437e+00
4.63421819e+01 1.01900634e+01
4.63528218e+01 1.06861551e+01
4.63634617e+01 1.12272665e+01
4.63741015e+01 1.18150032e+01
4.63847414e+01 1.24509225e+01
4.64007012e+01 1.34983692e+01
4.64166611e+01 1.46621523e+01
4.64303283e+01 1.57542577e+01
4.64439956e+01 1.69366239e+01
4.64576628e+01 1.82107523e+01
4.64713301e+01 1.95775370e+01
4.64849973e+01 2.10371850e+01
4.64983023e+01 2.25468174e+01
4.65158007e+01 2.46631889e+01
4.65332991e+01 2.69235458e+01
4.65507975e+01 2.93202596e+01
4.65712001e+01 3.22729989e+01
4.66003337e+01 3.67429809e+01
4.66411207e+01 4.33572705e+01
4.67051368e+01 5.39188605e+01
4.67400452e+01 5.93502797e+01
4.67662266e+01 6.30833169e+01
4.67924079e+01 6.64128487e+01
4.68155433e+01 6.89441961e+01
4.68386788e+01 7.10298119e+01
4.68618142e+01 7.26210610e+01
4.68849497e+01 7.36800928e+01
4.69080851e+01 7.41814135e+01
4.69157969e+01 7.42221062e+01
4.69335455e+01 7.40745988e+01
4.69512941e+01 7.35933358e+01
4.69749589e+01 7.24457271e+01
4.69986237e+01 7.07485837e+01
4.70222885e+01 6.85461894e+01
4.70459533e+01 6.58950597e+01
4.70696181e+01 6.28617170e+01
4.70932829e+01 5.95201075e+01
4.71313645e+01 5.36947212e+01
4.72035498e+01 4.21915488e+01
4.72324995e+01 3.77772155e+01
4.72548868e+01 3.45486507e+01
4.72772742e+01 3.15245769e+01
4.72940647e+01 2.94097044e+01
4.73114543e+01 2.73703014e+01
4.73291434e+01 2.54625626e+01
4.73468325e+01 2.37300911e+01
4.73645216e+01 2.21777860e+01
4.73822107e+01 2.08086531e+01
4.73940035e+01 1.99984209e+01
4.74076936e+01 1.91608884e+01
4.74213838e+01 1.84339045e+01
4.74350739e+01 1.78169867e+01
4.74487641e+01 1.73094299e+01
4.74624542e+01 1.69103647e+01
4.74761444e+01 1.66188115e+01
4.74898345e+01 1.64337152e+01
4.75035246e+01 1.63539721e+01
4.75188285e+01 1.63881368e+01
4.75341324e+01 1.65508754e+01
4.75494363e+01 1.68404472e+01
4.75647402e+01 1.72549770e+01
4.75800440e+01 1.77923888e+01
4.75953479e+01 1.84503250e+01
4.76106518e+01 1.92260562e+01
4.76259557e+01 2.01163857e+01
4.76402248e+01 2.10464512e+01
4.76544939e+01 2.20693256e+01
4.76758975e+01 2.37685276e+01
4.76973011e+01 2.56508321e+01
4.77187047e+01 2.76967129e+01
4.77472260e+01 3.06375104e+01
4.77828140e+01 3.45626711e+01
4.78714967e+01 4.47097637e+01
4.79065098e+01 4.84951651e+01
4.79415229e+01 5.19715886e+01
4.79677827e+01 5.43194115e+01
4.79940425e+01 5.64113925e+01
4.80203023e+01 5.82264632e+01
4.80465621e+01 5.97510805e+01
4.80728219e+01 6.09780005e+01
4.80990818e+01 6.19048712e+01
4.81253416e+01 6.25329368e+01
4.81511355e+01 6.28627441e+01
4.81681762e+01 6.29273318e+01
4.81982968e+01 6.27511623e+01
4.82284174e+01 6.22191564e+01
4.82585379e+01 6.13558794e+01
4.82886585e+01 6.01961949e+01
4.83288193e+01 5.82727047e+01
4.84493016e+01 5.15098603e+01
4.84894624e+01 4.95744428e+01
4.85153483e+01 4.85532226e+01
4.85412342e+01 4.77407976e+01
4.85671200e+01 4.71465748e+01
4.85930059e+01 4.67633768e+01
4.87818429e+01 4.64831459e+01
4.88108119e+01 4.60285153e+01
4.88397809e+01 4.53016280e+01
4.88687499e+01 4.42951944e+01
4.88977188e+01 4.30279927e+01
4.89363442e+01 4.10087283e+01
4.90324596e+01 3.53481429e+01
4.90599211e+01 3.38513247e+01
4.90873827e+01 3.25113837e+01
4.91148442e+01 3.13652752e+01
4.91423058e+01 3.04336609e+01
4.91672653e+01 2.97761285e+01
4.91897228e+01 2.93306783e+01
4.92231946e+01 2.88902313e+01
4.92454378e+01 2.87145588e+01
4.93455318e+01 2.82878216e+01
4.93788965e+01 2.79826421e+01
4.94093399e+01 2.75228641e+01
4.94397833e+01 2.68569288e+01
4.94626159e+01 2.62151589e+01
4.94854485e+01 2.54548446e+01
4.95158919e+01 2.42751074e+01
4.95463354e+01 2.29430232e+01
4.96408818e+01 1.84616448e+01
4.96685385e+01 1.72496424e+01
4.96869764e+01 1.65104359e+01
4.97054142e+01 1.58400955e+01
4.97238520e+01 1.52489661e+01
4.97422898e+01 1.47459286e+01
4.97607276e+01 1.43383503e+01
4.97760445e+01 1.40766026e+01
4.97943384e+01 1.38592243e+01
4.98126323e+01 1.37485170e+01
4.98222076e+01 1.37338191e+01
4.98372762e+01 1.37714064e+01
4.98511856e+01 1.38722115e+01
4.98650950e+01 1.40364316e+01
4.98836409e+01 1.43535065e+01
4.99021868e+01 1.47815728e+01
4.99207327e+01 1.53189737e+01
4.99392786e+01 1.59637462e+01
4.99578245e+01 1.67137397e+01
4.99759029e+01 1.75439476e+01
4.99935138e+01 1.84447048e+01
5.00111247e+01 1.94342007e+01
5.00287356e+01 2.05102771e+01
5.00551519e+01 2.22815468e+01
5.00815683e+01 2.42330733e+01
5.01079846e+01 2.63530898e+01
5.01380975e+01 2.89551817e+01
5.01682105e+01 3.17245287e+01
5.02183987e+01 3.65922406e+01
5.02825801e+01 4.28806702e+01
5.03245596e+01 4.67088722e+01
5.03525460e+01 4.90039603e+01
5.03805323e+01 5.10220821e+01
5.04085187e+01 5.27136783e+01
5.04365050e+01 5.40450460e+01
5.04644913e+01 5.50026511e+01
5.04924777e+01 5.55962208e+01
5.05210428e+01 5.58626386e+01
5.05353253e+01 5.58858762e+01
5.05781730e+01 5.56428802e+01
5.06353031e+01 5.51022021e+01
5.06638682e+01 5.50245579e+01
5.06924333e+01 5.52556220e+01
5.07138571e+01 5.57111882e+01
5.07317464e+01 5.63194718e+01
5.07532424e+01 5.73663947e+01
5.07747384e+01 5.87982954e+01
5.07962344e+01 6.06505450e+01
5.08177305e+01 6.29500125e+01
5.08392265e+01 6.57139806e+01
5.08607225e+01 6.89491845e+01
5.08822185e+01 7.26509898e+01
5.09012399e+01 7.63026875e+01
5.09260600e+01 8.15640700e+01
5.09508801e+01 8.73276438e+01
5.09757003e+01 9.35073449e+01
5.10253405e+01 1.06665498e+02
5.10744805e+01 1.19831153e+02
5.11113355e+01 1.29054164e+02
5.11359055e+01 1.34591607e+02
5.11604755e+01 1.39460325e+02
5.11850455e+01 1.43521078e+02
5.12096155e+01 1.46654821e+02
5.12339896e+01 1.48755806e+02
5.12581680e+01 1.49787709e+02
5.12702572e+01 1.49900672e+02
5.12936565e+01 1.49354354e+02
5.13170558e+01 1.47819074e+02
5.13404551e+01 1.45343707e+02
5.13638544e+01 1.42003983e+02
5.13872537e+01 1.37899276e+02
5.14106530e+01 1.33148416e+02
5.14418520e+01 1.26040775e+02
5.15042501e+01 1.10457000e+02
5.15393488e+01 1.01705372e+02
5.15685976e+01 9.48192430e+01
5.15978463e+01 8.85229817e+01
5.16173455e+01 8.47350579e+01
5.16368446e+01 8.13192762e+01
5.16563438e+01 7.83038001e+01
5.16758429e+01 7.57082036e+01
5.16929898e+01 7.37819255e+01
5.17101367e+01 7.21921834e+01
5.17272836e+01 7.09377055e+01
5.17444304e+01 7.00134233e+01
5.17615773e+01 6.94108482e+01
5.17770298e+01 6.91339154e+01
5.17867668e+01 6.90842309e+01
5.18062406e+01 6.92609067e+01
5.18257144e+01 6.97836907e+01
5.18451882e+01 7.06235522e+01
5.18743990e+01 7.24079408e+01
5.19036097e+01 7.47179676e+01
5.19425574e+01 7.83992424e+01
5.20399265e+01 8.86481489e+01
5.20788742e+01 9.23260639e+01
5.21117085e+01 9.48995426e+01
5.21445428e+01 9.68256465e+01
5.21691686e+01 9.77677294e+01
5.21978986e+01 9.82609328e+01
5.22040550e+01 9.82773651e+01
5.22307414e+01 9.79726952e+01
5.22615364e+01 9.68532219e+01
5.22923314e+01 9.49218111e+01
5.23231264e+01 9.22199642e+01
5.23539214e+01 8.88173259e+01
5.23847164e+01 8.48069729e+01
5.24155114e+01 8.02995249e+01
5.24565714e+01 7.37272213e+01
5.25639281e+01 5.55080596e+01
5.26059893e+01 4.87018489e+01
5.26396383e+01 4.36127645e+01
5.26648751e+01 4.00511128e+01
5.26874570e+01 3.70693820e+01
5.27087114e+01 3.44500691e+01
5.27299659e+01 3.20182678e+01
5.27512204e+01 2.97773454e+01
5.27724749e+01 2.77285871e+01
5.27866445e+01 2.64693662e+01
5.28075241e+01 2.47682137e+01
5.28284037e+01 2.32489227e+01
5.28492833e+01 2.19085646e+01
5.28649430e+01 2.10186934e+01
5.28806028e+01 2.02260270e+01
5.28962625e+01 1.95289621e+01
5.29119222e+01 1.89258487e+01
5.29275819e+01 1.84149959e+01
5.29432416e+01 1.79946657e+01
5.29602336e+01 1.76388748e+01
5.29798902e+01 1.73543974e+01
5.29995469e+01 1.72023579e+01
5.30130933e+01 1.71723107e+01
5.30274148e+01 1.72047650e+01
5.30487304e+01 1.73706458e+01
5.30700460e+01 1.76698169e+01
5.30913616e+01 1.80926921e+01
5.31126772e+01 1.86280671e+01
5.31339929e+01 1.92629794e+01
5.31659663e+01 2.03691418e+01
5.32020468e+01 2.17737294e+01
5.32783150e+01 2.48637869e+01
5.33164491e+01 2.62303342e+01
5.33418719e+01 2.69962087e+01
5.33672946e+01 2.76118817e+01
5.33940457e+01 2.80722443e+01
5.34151053e+01 2.82870372e+01
5.34361649e+01 2.83658159e+01
5.34614917e+01 2.82785376e+01
5.34868185e+01 2.79970235e+01
5.35121453e+01 2.75331222e+01
5.35374721e+01 2.69052557e+01
5.35627989e+01 2.61372617e+01
5.35881257e+01 2.52569784e+01
5.36387792e+01 2.32814305e+01
5.37063173e+01 2.05540368e+01
5.37479081e+01 1.90106277e+01
5.37756353e+01 1.80875053e+01
5.38033625e+01 1.72641028e+01
5.38310897e+01 1.65453490e+01
5.38588168e+01 1.59297261e+01
5.38865440e+01 1.54102455e+01
5.39142712e+01 1.49756764e+01
5.39545592e+01 1.44662588e+01
5.39809837e+01 1.41902879e+01
5.40338325e+01 1.37176981e+01
5.41923792e+01 1.24156647e+01
5.42320158e+01 1.21427447e+01
5.42584402e+01 1.20108322e+01
5.42848647e+01 1.19407791e+01
5.42980769e+01 1.19356900e+01
5.43178952e+01 1.19738130e+01
5.43377135e+01 1.20764298e+01
5.43509258e+01 1.21863028e+01
5.43693375e+01 1.24024594e+01
5.43877493e+01 1.27012117e+01
5.44061610e+01 1.30931483e+01
5.44199699e+01 1.34548756e+01
5.44337787e+01 1.38800229e+01
5.44475875e+01 1.43735063e+01
5.44613963e+01 1.49403301e+01
5.44752051e+01 1.55855636e+01
5.44890139e+01 1.63143053e+01
5.45043021e+01 1.72246704e+01
5.45164667e+01 1.80311594e+01
5.45286313e+01 1.89140774e+01
5.45407959e+01 1.98766684e+01
5.45529604e+01 2.09220297e+01
5.45651250e+01 2.20530608e+01
5.45833719e+01 2.39159758e+01
5.46006034e+01 2.58645493e+01
5.46158040e+01 2.77401881e+01
5.46310047e+01 2.97650193e+01
5.46462054e+01 3.19398720e+01
5.46664729e+01 3.50716140e+01
5.46869857e+01 3.85047929e+01
5.47077437e+01 4.22356346e+01
5.47285016e+01 4.62038606e+01
5.47596386e+01 5.25362765e+01
5.48034503e+01 6.19779461e+01
5.48618659e+01 7.47153881e+01
5.48880367e+01 8.01245078e+01
5.49111704e+01 8.45866303e+01
5.49343042e+01 8.86446366e+01
5.49574379e+01 9.22042091e+01
5.49805717e+01 9.51810237e+01
5.50037054e+01 9.75048459e+01
5.50268391e+01 9.91232447e+01
5.50499729e+01 1.00004646e+02
5.50652015e+01 1.00177484e+02
5.50835101e+01 9.99619221e+01
5.51054804e+01 9.91136421e+01
5.51274507e+01 9.76634788e+01
5.51494210e+01 9.56727100e+01
5.51787147e+01 9.23136556e+01
5.52080085e+01 8.83537757e+01
5.52812429e+01 7.75001352e+01
5.53135236e+01 7.30807552e+01
5.53399743e+01 6.99546392e+01
5.53576082e+01 6.81981979e+01
5.53752420e+01 6.67469132e+01
5.53928759e+01 6.56306744e+01
5.54105097e+01 6.48727505e+01
5.54281435e+01 6.44895930e+01
5.54369604e+01 6.44418155e+01
5.54558608e+01 6.46655734e+01
5.54747611e+01 6.53324910e+01
5.54936614e+01 6.64332865e+01
5.55125618e+01 6.79508308e+01
5.55314621e+01 6.98608393e+01
5.55503624e+01 7.21326729e+01
5.55692627e+01 7.47302269e+01
5.55981519e+01 7.92366122e+01
5.56281182e+01 8.44429703e+01
5.56880510e+01 9.57255714e+01
5.57479837e+01 1.06941139e+02
5.57831842e+01 1.12994989e+02
5.58183846e+01 1.18438033e+02
5.58535851e+01 1.23184114e+02
5.58887855e+01 1.27230861e+02
5.59357195e+01 1.31689268e+02
5.60530543e+01 1.40981662e+02
5.60999883e+01 1.45437687e+02
5.61426164e+01 1.50429480e+02
5.61809389e+01 1.55763820e+02
5.62384225e+01 1.64955054e+02
5.62959062e+01 1.74475501e+02
5.63342286e+01 1.80092085e+02
5.63629704e+01 1.83462456e+02
5.63917123e+01 1.85809346e+02
5.64204541e+01 1.86889070e+02
5.64300347e+01 1.86931544e+02
5.64555551e+01 1.86205595e+02
5.64765600e+01 1.84650093e+02
5.64975649e+01 1.82204270e+02
5.65185698e+01 1.78867983e+02
5.65395747e+01 1.74663464e+02
5.65605796e+01 1.69634455e+02
5.65885862e+01 1.61758871e+02
5.66165927e+01 1.52729311e+02
5.66445993e+01 1.42783718e+02
5.66856148e+01 1.27117574e+02
5.67571642e+01 9.89629758e+01
5.67868708e+01 8.77521233e+01
5.68072572e+01 8.04067423e+01
5.68276436e+01 7.34098686e+01
5.68480300e+01 6.68047268e+01
5.68688004e+01 6.05105717e+01
5.68846662e+01 5.60123409e+01
5.69005319e+01 5.17883560e+01
5.69163977e+01 4.78404017e+01
5.69322635e+01 4.41672296e+01
5.69480493e+01 4.07814169e+01
5.69636751e+01 3.76880782e+01
5.69793009e+01 3.48439601e+01
5.69949267e+01 3.22400970e+01
5.70105525e+01 2.98665094e+01
5.70261784e+01 2.77125445e+01
5.70404174e+01 2.59316702e+01
5.70546564e+01 2.43155716e+01
5.70688955e+01 2.28558942e+01
5.70831345e+01 2.15444922e+01
5.70973736e+01 2.03735397e+01
5.71116126e+01 1.93356212e+01
5.71258516e+01 1.84238042e+01
5.71400907e+01 1.76316926e+01
5.71530530e+01 1.70097691e+01
5.71660153e+01 1.64782503e+01
5.71789776e+01 1.60335843e+01
5.71919399e+01 1.56726295e+01
5.72049022e+01 1.53926443e+01
5.72178645e+01 1.51912729e+01
5.72308268e+01 1.50665228e+01
5.72437891e+01 1.50167406e+01
5.72602233e+01 1.50593284e+01
5.72766576e+01 1.52181827e+01
5.72930919e+01 1.54918049e+01
5.73095261e+01 1.58791820e+01
5.73259604e+01 1.63796629e+01
5.73423947e+01 1.69928320e+01
5.73588289e+01 1.77183839e+01
5.73752632e+01 1.85560001e+01
5.73949229e+01 1.97045793e+01
5.74145826e+01 2.10116217e+01
5.74342423e+01 2.24751168e+01
5.74539020e+01 2.40920587e+01
5.74735617e+01 2.58582402e+01
5.74932410e+01 2.77700434e+01
5.75063671e+01 2.91217670e+01
5.75326192e+01 3.19974222e+01
5.75588714e+01 3.50817881e+01
5.75946072e+01 3.95606241e+01
5.76420252e+01 4.58506497e+01
5.77178940e+01 5.60795642e+01
5.77507286e+01 6.02775730e+01
5.77784634e+01 6.35833198e+01
5.78061981e+01 6.65881857e+01
5.78339328e+01 6.92180288e+01
5.78616675e+01 7.14039206e+01
5.78894023e+01 7.30856182e+01
5.79171370e+01 7.42151814e+01
5.79448717e+01 7.47604817e+01
5.79587391e+01 7.48090956e+01
5.79834837e+01 7.45257653e+01
5.80082284e+01 7.37804289e+01
5.80329730e+01 7.26005034e+01
5.80577176e+01 7.10277755e+01
5.80907105e+01 6.84170098e+01
5.81237033e+01 6.53700905e+01
5.82061854e+01 5.71176054e+01
5.82410512e+01 5.39269522e+01
5.82686052e+01 5.17376357e+01
5.82961592e+01 4.99272923e+01
5.83145286e+01 4.89586107e+01
5.83328979e+01 4.81923684e+01
5.83512673e+01 4.76326128e+01
5.83777497e+01 4.71848533e+01
5.83939760e+01 4.71110684e+01
5.84183153e+01 4.72614887e+01
5.84345415e+01 4.75166362e+01
5.84669940e+01 4.83246158e+01
5.85643514e+01 5.16662470e+01
5.85968038e+01 5.25156236e+01
5.86211431e+01 5.29048176e+01
5.86459121e+01 5.30258873e+01
5.86709146e+01 5.28280584e+01
5.86959545e+01 5.22831322e+01
5.87209943e+01 5.13819301e+01
5.87460342e+01 5.01303578e+01
5.87710741e+01 4.85483374e+01
5.87961139e+01 4.66680467e+01
5.88211538e+01 4.45316447e+01
5.88461937e+01 4.21886861e+01
5.88795802e+01 3.88374293e+01
5.89556603e+01 3.08880252e+01
5.89816606e+01 2.82659798e+01
5.90076609e+01 2.57700954e+01
5.90336613e+01 2.34360530e+01
5.90537632e+01 2.17599021e+01
5.90738652e+01 2.02059037e+01
5.90939672e+01 1.87802735e+01
5.91140691e+01 1.74866200e+01
5.91341711e+01 1.63262334e+01
5.91512021e+01 1.54469277e+01
5.91666976e+01 1.47284460e+01
5.91821931e+01 1.40860685e+01
5.91976886e+01 1.35178457e+01
5.92131840e+01 1.30215163e+01
5.92286795e+01 1.25945872e+01
5.92441750e+01 1.22344056e+01
5.92596705e+01 1.19382237e+01
5.92751660e+01 1.17032554e+01
5.92906614e+01 1.15267248e+01
5.93090507e+01 1.13893023e+01
5.93286609e+01 1.13242623e+01
5.93353474e+01 1.13204317e+01
5.93520638e+01 1.13498726e+01
5.93721234e+01 1.14555543e+01
5.93921830e+01 1.16337038e+01
5.94122427e+01 1.18802054e+01
5.94323023e+01 1.21913789e+01
5.94523619e+01 1.25639705e+01
5.94724215e+01 1.29951369e+01
5.94991677e+01 1.36569554e+01
5.95259138e+01 1.44137766e+01
5.95496228e+01 1.51610406e+01
5.95733318e+01 1.59779724e+01
5.95970407e+01 1.68630365e+01
5.96326042e+01 1.83158885e+01
5.96681676e+01 1.99162742e+01
5.97037311e+01 2.16606805e+01
5.97390545e+01 2.35302502e+01
5.97742580e+01 2.55193881e+01
5.98211960e+01 2.83375719e+01
5.99374739e+01 3.56606242e+01
5.99886787e+01 3.86731479e+01
6.00228152e+01 4.04569459e+01
6.00569517e+01 4.19827581e+01
6.00825541e+01 4.29200330e+01
6.01081564e+01 4.36543250e+01
6.01337588e+01 4.41676078e+01
6.01593612e+01 4.44476178e+01
6.01764294e+01 4.45016452e+01
6.02055092e+01 4.43499780e+01
6.02345890e+01 4.39014745e+01
6.02636687e+01 4.31792096e+01
6.02927485e+01 4.22177586e+01
6.03315215e+01 4.06415301e+01
6.03896810e+01 3.79042911e+01
6.04478406e+01 3.51215991e+01
6.04866136e+01 3.34451946e+01
6.05231889e+01 3.20934943e+01
6.05506205e+01 3.12569800e+01
6.05780520e+01 3.05839362e+01
6.06054835e+01 3.00748839e+01
6.06329150e+01 2.97219288e+01
6.06661118e+01 2.94813578e+01
6.06993086e+01 2.94088257e+01
6.07491039e+01 2.95130232e+01
6.08486943e+01 2.98839511e+01
6.08652928e+01 2.99034784e+01
6.09119991e+01 2.98229907e+01
6.09525277e+01 2.95594786e+01
6.09930563e+01 2.90974042e+01
6.10335849e+01 2.84366388e+01
6.10741135e+01 2.75910944e+01
6.11146421e+01 2.65857040e+01
6.11686803e+01 2.50543911e+01
6.13037756e+01 2.08525528e+01
6.13534442e+01 1.93844124e+01
6.13987433e+01 1.81566253e+01
6.14440424e+01 1.70598954e+01
6.14780167e+01 1.63298918e+01
6.15119910e+01 1.56790029e+01
6.15459653e+01 1.51033707e+01
6.15799396e+01 1.45966809e+01
6.16252387e+01 1.40147896e+01
6.16705377e+01 1.35221128e+01
6.17160030e+01 1.30995799e+01
6.17616343e+01 1.27342672e+01
6.18300814e+01 1.22794055e+01
6.18985285e+01 1.19296009e+01
6.19441598e+01 1.17565052e+01
6.19897912e+01 1.16328814e+01
6.20582383e+01 1.15360749e+01
6.21052888e+01 1.15211698e+01
6.22464404e+01 1.15661479e+01
6.23091745e+01 1.15303417e+01
6.23565478e+01 1.14456477e+01
6.24039212e+01 1.13038213e+01
6.24749812e+01 1.09961191e+01
6.25934146e+01 1.04033968e+01
6.26407880e+01 1.02295315e+01
6.26763180e+01 1.01545846e+01
6.27044498e+01 1.01384362e+01
6.27386797e+01 1.01785279e+01
6.27655918e+01 1.02606539e+01
6.27925039e+01 1.03901962e+01
6.28194160e+01 1.05687942e+01
6.28463281e+01 1.07972026e+01
6.28822110e+01 1.11790286e+01
6.29180938e+01 1.16471636e+01
6.29539766e+01 1.21977314e+01
6.29898594e+01 1.28254650e+01
6.30291832e+01 1.35945219e+01
6.30719482e+01 1.45164671e+01
6.31147131e+01 1.55145441e+01
6.31788605e+01 1.71215849e+01
6.33285377e+01 2.10598871e+01
6.33876425e+01 2.25204848e+01
6.34442260e+01 2.37656569e+01
6.34819484e+01 2.44788591e+01
6.35196707e+01 2.50774463e+01
6.35573930e+01 2.55467516e+01
6.35951154e+01 2.58765608e+01
6.36328377e+01 2.60621919e+01
6.36610720e+01 2.61074741e+01
6.37079376e+01 2.60149191e+01
6.37454301e+01 2.58050957e+01
6.38016688e+01 2.53074310e+01
6.38766537e+01 2.44176228e+01
6.41016085e+01 2.13839608e+01
6.41578473e+01 2.05420231e+01
6.42140860e+01 1.95706289e+01
6.42515784e+01 1.88243335e+01
6.42979836e+01 1.77758243e+01
6.43443888e+01 1.65908833e+01
6.43907940e+01 1.52903889e+01
6.44681360e+01 1.29753706e+01
6.45324127e+01 1.10571697e+01
6.45657527e+01 1.01125458e+01
6.45990926e+01 9.22268870e+00
6.46240976e+01 8.59820447e+00
6.46532773e+01 7.92097647e+00
6.46741219e+01 7.47288538e+00
6.46949666e+01 7.05514900e+00
6.47158113e+01 6.66773724e+00
6.47366560e+01 6.31016678e+00
6.47575006e+01 5.98157138e+00
6.47783453e+01 5.68077519e+00
6.47991900e+01 5.40636855e+00
6.48263820e+01 5.08545858e+00
6.48535739e+01 4.80308579e+00
6.48807659e+01 4.55553426e+00
6.49079579e+01 4.33926467e+00
6.49351498e+01 4.15107786e+00
6.49623418e+01 3.98824075e+00
6.49895337e+01 3.84857751e+00
6.50167257e+01 3.73053026e+00
6.50439177e+01 3.63319352e+00
6.50711096e+01 3.55632612e+00
6.51014071e+01 3.49531759e+00
6.51257461e+01 3.46607209e+00
6.51500852e+01 3.45569145e+00
6.51744242e+01 3.46567821e+00
6.51995307e+01 3.49918913e+00
6.52189362e+01 3.54257616e+00
6.52383418e+01 3.60234292e+00
6.52577473e+01 3.67952570e+00
6.52771528e+01 3.77512260e+00
6.52965583e+01 3.89005061e+00
6.53159638e+01 4.02509918e+00
6.53353694e+01 4.18088213e+00
6.53547749e+01 4.35778846e+00
6.53741804e+01 4.55593501e+00
6.53935859e+01 4.77512126e+00
6.54128812e+01 5.01337253e+00
6.54418242e+01 5.40657639e+00
6.54707671e+01 5.83830845e+00
6.55093577e+01 6.46159903e+00
6.56076499e+01 8.13946283e+00
6.56434709e+01 8.71405859e+00
6.56792919e+01 9.23220203e+00
6.57151129e+01 9.67474384e+00
6.57389935e+01 9.92087318e+00
6.57711208e+01 1.01857555e+01
6.58032481e+01 1.03742756e+01
6.58396240e+01 1.05015480e+01
6.58695394e+01 1.05471919e+01
6.58844971e+01 1.05537007e+01
6.59293703e+01 1.05274947e+01
6.60191165e+01 1.04227478e+01
6.60434228e+01 1.04147994e+01
6.60809946e+01 1.04355772e+01
6.61320096e+01 1.05297723e+01
6.62340395e+01 1.08208301e+01
6.62765520e+01 1.08885571e+01
6.62850545e+01 1.08922046e+01
6.63190645e+01 1.08632439e+01
6.63451380e+01 1.07860903e+01
6.63723435e+01 1.06476555e+01
6.63995491e+01 1.04461117e+01
6.64267546e+01 1.01803356e+01
6.64539601e+01 9.85217363e+00
6.64811657e+01 9.46630851e+00
6.65083712e+01 9.02994826e+00
6.65355767e+01 8.55237318e+00
6.65718508e+01 7.87029797e+00
6.66567763e+01 6.21994551e+00
6.66872908e+01 5.65851190e+00
6.67101767e+01 5.26181653e+00
6.67330625e+01 4.89084563e+00
6.67576632e+01 4.52457772e+00
6.67763501e+01 4.27065959e+00
6.67950370e+01 4.03865571e+00
6.68137239e+01 3.82897656e+00
6.68324109e+01 3.64165518e+00
6.68510978e+01 3.47637564e+00
6.68697847e+01 3.33250628e+00
6.68884716e+01 3.20913621e+00
6.69065497e+01 3.10821139e+00
6.69240191e+01 3.02674288e+00
6.69414885e+01 2.95981471e+00
6.69589579e+01 2.90610173e+00
6.69824334e+01 2.85227924e+00
6.69971741e+01 2.82782931e+00
6.70266557e+01 2.79654598e+00
6.70561372e+01 2.78301924e+00
6.70856188e+01 2.78069280e+00
6.71519523e+01 2.78666640e+00
6.71888042e+01 2.78161154e+00
6.72265842e+01 2.76196960e+00
6.72611429e+01 2.72821264e+00
6.72957017e+01 2.67856890e+00
6.73302604e+01 2.61393168e+00
6.73648192e+01 2.53651751e+00
6.74108975e+01 2.41899706e+00
6.75030542e+01 2.16883327e+00
6.75491325e+01 2.05355327e+00
6.75844085e+01 1.97566593e+00
6.76211191e+01 1.90671452e+00
6.76578297e+01 1.85170558e+00
6.76945403e+01 1.81162169e+00
6.77312509e+01 1.78697962e+00
6.77679615e+01 1.77802514e+00
6.78020372e+01 1.78388670e+00
6.78361130e+01 1.80355357e+00
6.78701887e+01 1.83727345e+00
6.79042644e+01 1.88539636e+00
6.79383402e+01 1.94833968e+00
6.79724159e+01 2.02651023e+00
6.80064916e+01 2.12019071e+00
6.80405674e+01 2.22940228e+00
6.80800418e+01 2.37479843e+00
6.81195162e+01 2.53897499e+00
6.81458325e+01 2.65757753e+00
6.81984650e+01 2.91161570e+00
6.82999771e+01 3.42442576e+00
6.83488567e+01 3.65822685e+00
6.83977362e+01 3.87107556e+00
6.84466158e+01 4.06054553e+00
6.85565948e+01 4.45612546e+00
6.85932545e+01 4.61781144e+00
6.86176942e+01 4.74874211e+00
6.86421340e+01 4.90574361e+00
6.86639555e+01 5.07364347e+00
6.86857770e+01 5.27302754e+00
6.87075985e+01 5.50903209e+00
6.87294199e+01 5.78663848e+00
6.87457861e+01 6.02496236e+00
6.87621522e+01 6.29110142e+00
6.87785183e+01 6.58663671e+00
6.87948844e+01 6.91290131e+00
6.88112505e+01 7.27093851e+00
6.88309332e+01 7.74459614e+00
6.88522742e+01 8.31182134e+00
6.88736151e+01 8.93440607e+00
6.88949561e+01 9.61061989e+00
6.89162970e+01 1.03373941e+01
6.89453998e+01 1.14017519e+01
6.89751507e+01 1.25623668e+01
6.90346525e+01 1.50158786e+01
6.90875993e+01 1.72018350e+01
6.91256707e+01 1.86760314e+01
6.91510516e+01 1.95779170e+01
6.91764325e+01 2.03952272e+01
6.92018134e+01 2.11132365e+01
6.92271943e+01 2.17199121e+01
6.92525752e+01 2.22064027e+01
6.92767918e+01 2.25536215e+01
6.93010083e+01 2.27851461e+01
6.93278579e+01 2.29088133e+01
6.93385632e+01 2.29204534e+01
6.93706790e+01 2.28349268e+01
6.94027947e+01 2.25874456e+01
6.94349105e+01 2.22081400e+01
6.94884368e+01 2.13831433e+01
6.95526684e+01 2.03154564e+01
6.95847841e+01 1.98546901e+01
6.96168999e+01 1.95037760e+01
6.96383104e+01 1.93534265e+01
6.96597209e+01 1.92856167e+01
6.96829712e+01 1.93209639e+01
6.97062215e+01 1.94862219e+01
6.97256467e+01 1.97360154e+01
6.97450719e+01 2.00977801e+01
6.97644972e+01 2.05809979e+01
6.97839225e+01 2.11949579e+01
6.98033477e+01 2.19486831e+01
6.98227730e+01 2.28508343e+01
6.98421982e+01 2.39095871e+01
6.98616234e+01 2.51324832e+01
6.98773971e+01 2.62509309e+01
6.98931707e+01 2.74851976e+01
6.99089444e+01 2.88379010e+01
6.99247180e+01 3.03110677e+01
6.99483785e+01 3.27494556e+01
6.99720390e+01 3.54630884e+01
6.99953890e+01 3.84079854e+01
7.00181181e+01 4.15219262e+01
7.00408473e+01 4.48681343e+01
7.00711528e+01 4.96618483e+01
7.01014583e+01 5.47859581e+01
7.01448218e+01 6.25546278e+01
7.02342897e+01 7.91685814e+01
7.02691785e+01 8.54119002e+01
7.03031689e+01 9.11288869e+01
7.03371594e+01 9.63406643e+01
7.03711498e+01 1.00919339e+02
7.04051402e+01 1.04757654e+02
7.04306331e+01 1.07099704e+02
7.04561259e+01 1.08952848e+02
7.04816187e+01 1.10300167e+02
7.05071115e+01 1.11132852e+02
7.05346024e+01 1.11452864e+02
7.05660895e+01 1.11092582e+02
7.05975765e+01 1.09980055e+02
7.06290636e+01 1.08151696e+02
7.06605507e+01 1.05653885e+02
7.06920377e+01 1.02541324e+02
7.07235248e+01 9.88757964e+01
7.07550118e+01 9.47252633e+01
7.07969946e+01 8.85643730e+01
7.08389773e+01 8.18591715e+01
7.09129685e+01 6.93245208e+01
7.09836349e+01 5.73657681e+01
7.10155168e+01 5.22220517e+01
7.10439472e+01 4.78508896e+01
7.10723776e+01 4.37271337e+01
7.11008081e+01 3.98849379e+01
7.11224423e+01 3.71659064e+01
7.11446995e+01 3.45624919e+01
7.11669566e+01 3.21607642e+01
7.11892137e+01 2.99625328e+01
7.12114708e+01 2.79664697e+01
7.12337280e+01 2.61683437e+01
7.12516689e+01 2.48584238e+01
7.12696098e+01 2.36680492e+01
7.12875507e+01 2.25917267e+01
7.13054916e+01 2.16232748e+01
7.13234325e+01 2.07559630e+01
7.13413734e+01 1.99826606e+01
7.13652946e+01 1.90850393e+01
7.13892158e+01 1.83236417e+01
7.14131370e+01 1.76809489e+01
7.14350072e+01 1.71830040e+01
7.14647358e+01 1.66217898e+01
7.14944644e+01 1.61705483e+01
7.15241931e+01 1.58089195e+01
7.15638313e+01 1.54432787e+01
7.15935599e+01 1.52496615e+01
7.16232885e+01 1.51287719e+01
7.16493011e+01 1.50917939e+01
7.16728363e+01 1.51246134e+01
7.17025649e+01 1.52760703e+01
7.17223840e+01 1.54590250e+01
7.17422031e+01 1.57193719e+01
7.17605634e+01 1.60391258e+01
7.17789237e+01 1.64437146e+01
7.17972840e+01 1.69422816e+01
7.18156443e+01 1.75438525e+01
7.18340046e+01 1.82570927e+01
7.18523649e+01 1.90900541e+01
7.18707253e+01 2.00499135e+01
7.18890856e+01 2.11427096e+01
7.19090567e+01 2.24877069e+01
7.19290278e+01 2.39991997e+01
7.19489989e+01 2.56782839e+01
7.19689700e+01 2.75230868e+01
7.19889411e+01 2.95285129e+01
7.20109102e+01 3.19098420e+01
7.20338784e+01 3.45784726e+01
7.20645026e+01 3.83782394e+01
7.21027828e+01 4.34075162e+01
7.21716528e+01 5.26582172e+01
7.22073580e+01 5.72041813e+01
7.22341369e+01 6.03485864e+01
7.22609158e+01 6.31797028e+01
7.22867131e+01 6.55446179e+01
7.23125103e+01 6.74980741e+01
7.23383076e+01 6.89953298e+01
7.23641049e+01 7.00036634e+01
7.23899022e+01 7.05035974e+01
7.23985013e+01 7.05558914e+01
7.24253348e+01 7.03536572e+01
7.24521682e+01 6.96113607e+01
7.24790017e+01 6.83586604e+01
7.25058352e+01 6.66385035e+01
7.25326687e+01 6.45048289e+01
7.25595022e+01 6.20198583e+01
7.25952801e+01 5.82772806e+01
7.26310581e+01 5.41959362e+01
7.27278733e+01 4.26691865e+01
7.27710214e+01 3.77924350e+01
7.28055399e+01 3.41568739e+01
7.28313686e+01 3.16202944e+01
7.28570768e+01 2.92628677e+01
7.28827850e+01 2.70759447e+01
7.29084931e+01 2.50581892e+01
7.29342013e+01 2.32043424e+01
7.29599095e+01 2.15062028e+01
7.29797905e+01 2.02933137e+01
7.29996714e+01 1.91622147e+01
7.30294929e+01 1.76069635e+01
7.30593144e+01 1.62049935e+01
7.30891359e+01 1.49386465e+01
7.31189573e+01 1.37917640e+01
7.31428112e+01 1.29507400e+01
7.31666651e+01 1.21706574e+01
7.31905190e+01 1.14460210e+01
7.32143729e+01 1.07721361e+01
7.32382268e+01 1.01450330e+01
7.32620807e+01 9.56138238e+00
7.32859345e+01 9.01839909e+00
7.33097884e+01 8.51375102e+00
7.33343910e+01 8.03134512e+00
7.33589937e+01 7.58580551e+00
7.33835963e+01 7.17557544e+00
7.34081990e+01 6.79932203e+00
7.34328016e+01 6.45591282e+00
7.34574042e+01 6.14441383e+00
7.34820069e+01 5.86410852e+00
7.35066095e+01 5.61453639e+00
7.35325738e+01 5.38432482e+00
7.35585382e+01 5.18847609e+00
7.35845025e+01 5.02787838e+00
7.36104668e+01 4.90414675e+00
7.36299400e+01 4.83700140e+00
7.36494132e+01 4.79339553e+00
7.36688865e+01 4.77511733e+00
7.36753776e+01 4.77501941e+00
7.36948508e+01 4.79399567e+00
7.37143240e+01 4.84410496e+00
7.37301159e+01 4.90983802e+00
7.37459079e+01 5.00018207e+00
7.37616998e+01 5.11736137e+00
7.37774917e+01 5.26383653e+00
7.37932836e+01 5.44230748e+00
7.38090755e+01 5.65571188e+00
7.38248674e+01 5.90722031e+00
7.38406594e+01 6.20022595e+00
7.38564513e+01 6.53832993e+00
7.38722432e+01 6.92531858e+00
7.38889501e+01 7.39232349e+00
7.39013079e+01 7.77863373e+00
7.39136658e+01 8.20191917e+00
7.39260236e+01 8.66418281e+00
7.39383815e+01 9.16742609e+00
7.39507394e+01 9.71363254e+00
7.39630972e+01 1.03047458e+01
7.39754551e+01 1.09426498e+01
7.39920875e+01 1.18782258e+01
7.40077677e+01 1.28445019e+01
7.40234480e+01 1.38956598e+01
7.40391282e+01 1.50342853e+01
7.40548084e+01 1.62624179e+01
7.40740007e+01 1.78894536e+01
7.40914784e+01 1.94905305e+01
7.41089560e+01 2.12049287e+01
7.41264336e+01 2.30307240e+01
7.41464124e+01 2.52497361e+01
7.41688923e+01 2.79053087e+01
7.41913722e+01 3.07139395e+01
7.42250921e+01 3.51681897e+01
7.42727388e+01 4.17939942e+01
7.43362676e+01 5.07109784e+01
7.43660012e+01 5.46867921e+01
7.43937040e+01 5.81587662e+01
7.44214067e+01 6.13289194e+01
7.44491094e+01 6.41280144e+01
7.44768121e+01 6.64967102e+01
7.45045149e+01 6.83884687e+01
7.45322176e+01 6.97718890e+01
7.45599203e+01 7.06322781e+01
7.45841819e+01 7.09578972e+01
7.45945921e+01 7.09779841e+01
7.46258227e+01 7.06275474e+01
7.46570533e+01 6.97094612e+01
7.46882839e+01 6.83032005e+01
7.47195145e+01 6.65043268e+01
7.47611553e+01 6.36784002e+01
7.48652573e+01 5.60428637e+01
7.49068981e+01 5.33357996e+01
7.49363993e+01 5.16747925e+01
7.49659006e+01 5.02647644e+01
7.49954018e+01 4.91234487e+01
7.50249031e+01 4.82552727e+01
7.50544043e+01 4.76526856e+01
7.50861850e+01 4.72799828e+01
7.51081319e+01 4.71732657e+01
7.51520257e+01 4.72679970e+01
7.51959196e+01 4.76668435e+01
7.53056542e+01 4.90683779e+01
7.53495481e+01 4.94209579e+01
7.53769818e+01 4.94910326e+01
7.54153889e+01 4.93366383e+01
7.54507508e+01 4.88894860e+01
7.54861126e+01 4.81165069e+01
7.55214745e+01 4.69997185e+01
7.55568364e+01 4.55362896e+01
7.55921983e+01 4.37386938e+01
7.56275602e+01 4.16339935e+01
7.56629220e+01 3.92622470e+01
7.56982839e+01 3.66741279e+01
7.57570239e+01 3.20560082e+01
7.58451339e+01 2.49389722e+01
7.58794600e+01 2.22744368e+01
7.59162643e+01 1.95629969e+01
7.59408004e+01 1.78598156e+01
7.59641961e+01 1.63243972e+01
7.59864512e+01 1.49501470e+01
7.60087063e+01 1.36641580e+01
7.60309614e+01 1.24689947e+01
7.60532909e+01 1.13623445e+01
7.60700939e+01 1.05907362e+01
7.60868969e+01 9.87121695e+00
7.61037000e+01 9.20306223e+00
7.61205030e+01 8.58527532e+00
7.61383394e+01 7.98321721e+00
7.61582428e+01 7.37461828e+00
7.61781461e+01 6.83008568e+00
7.61914150e+01 6.50120208e+00
7.62046839e+01 6.19855358e+00
7.62179529e+01 5.92118415e+00
7.62312218e+01 5.66811682e+00
7.62467567e+01 5.40137797e+00
7.62645578e+01 5.13293629e+00
7.62823589e+01 4.90190166e+00
7.63001599e+01 4.70584907e+00
7.63179610e+01 4.54237438e+00
7.63357620e+01 4.40910652e+00
7.63535631e+01 4.30371637e+00
7.63713642e+01 4.22392463e+00
7.63915681e+01 4.16156432e+00
7.64141750e+01 4.12360136e+00
7.64311301e+01 4.11471437e+00
7.64480852e+01 4.12069212e+00
7.64706920e+01 4.14892587e+00
7.64932989e+01 4.19690479e+00
7.65272091e+01 4.29834220e+00
7.65611194e+01 4.42588438e+00
7.66063331e+01 4.62160415e+00
7.66967604e+01 5.05385949e+00
7.67601154e+01 5.38411734e+00
7.67963980e+01 5.59739518e+00
7.68326807e+01 5.84349781e+00
7.68598927e+01 6.05936471e+00
7.68871047e+01 6.31074165e+00
7.69143167e+01 6.60600291e+00
7.69415286e+01 6.95364155e+00
7.69596700e+01 7.21856832e+00
7.69778113e+01 7.51268338e+00
7.69959526e+01 7.83802524e+00
7.70140940e+01 8.19635263e+00
7.70322353e+01 8.58907992e+00
7.70585624e+01 9.22216618e+00
7.70848896e+01 9.93107046e+00
7.71112168e+01 1.07147925e+01
7.71375440e+01 1.15697891e+01
7.71638711e+01 1.24898700e+01
7.72006805e+01 1.38681844e+01
7.72474033e+01 1.57245655e+01
7.73221598e+01 1.87451421e+01
7.73659795e+01 2.04165506e+01
7.74097992e+01 2.19305999e+01
7.74390123e+01 2.28279937e+01
7.74682255e+01 2.36258506e+01
7.74974386e+01 2.43220736e+01
7.75412583e+01 2.51856540e+01
7.75850780e+01 2.58656023e+01
7.76435042e+01 2.65852573e+01
7.77311436e+01 2.75823941e+01
7.77895698e+01 2.83764781e+01
7.78662408e+01 2.96439011e+01
7.79620794e+01 3.12738843e+01
7.80004148e+01 3.17696045e+01
7.80387503e+01 3.20832442e+01
7.80675019e+01 3.21656870e+01
7.80962535e+01 3.20965249e+01
7.81273080e+01 3.18369983e+01
7.81583626e+01 3.13780161e+01
7.81894171e+01 3.07205390e+01
7.82204717e+01 2.98740723e+01
7.82515263e+01 2.88557876e+01
7.82825808e+01 2.76891630e+01
7.83239869e+01 2.59519228e+01
7.83860960e+01 2.31071784e+01
7.84664947e+01 1.93558486e+01
7.85054874e+01 1.76295680e+01
7.85444800e+01 1.60144677e+01
7.85737245e+01 1.48907465e+01
7.86061351e+01 1.37417873e+01
7.86287976e+01 1.30011168e+01
7.86514600e+01 1.23128114e+01
7.86741224e+01 1.16767608e+01
7.86967849e+01 1.10923112e+01
7.87194473e+01 1.05583976e+01
7.87421098e+01 1.00736689e+01
7.87723081e+01 9.50155183e+00
7.87949156e+01 9.12637941e+00
7.88175232e+01 8.79498720e+00
7.88401308e+01 8.50594924e+00
7.88627383e+01 8.25800779e+00
7.88853459e+01 8.05011639e+00
7.89079534e+01 7.88146774e+00
7.89305610e+01 7.75151134e+00
7.89531686e+01 7.65995644e+00
7.89757761e+01 7.60676406e+00
7.89955578e+01 7.59183553e+00
7.90193620e+01 7.61336595e+00
7.90462468e+01 7.69030252e+00
7.90731316e+01 7.82408374e+00
7.91000165e+01 8.01580271e+00
7.91269013e+01 8.26638837e+00
7.91537861e+01 8.57638939e+00
7.91806710e+01 8.94574265e+00
7.92075558e+01 9.37354043e+00
7.92318490e+01 9.80874359e+00
7.92644013e+01 1.04599899e+01
7.92969535e+01 1.11814268e+01
7.93295058e+01 1.19614869e+01
7.93946104e+01 1.36351390e+01
7.94701603e+01 1.55923235e+01
7.95079353e+01 1.64966920e+01
7.95457103e+01 1.73081312e+01
7.95834853e+01 1.80002107e+01
7.96212603e+01 1.85548107e+01
7.96590353e+01 1.89642912e+01
7.96990206e+01 1.92443130e+01
7.97332799e+01 1.93726515e+01
7.97653290e+01 1.94174892e+01
7.98294271e+01 1.93744382e+01
7.98935253e+01 1.93104268e+01
7.99415989e+01 1.93518943e+01
7.99795226e+01 1.94757173e+01
8.00233209e+01 1.97321791e+01
8.00671191e+01 2.01009020e+01
8.01985140e+01 2.14587419e+01
8.02423122e+01 2.17851918e+01
8.02751609e+01 2.19196118e+01
8.02970601e+01 2.19438826e+01
8.03313588e+01 2.18631568e+01
8.03618673e+01 2.16611825e+01
8.03923758e+01 2.13338604e+01
8.04228842e+01 2.08846859e+01
8.04533927e+01 2.03228944e+01
8.04839011e+01 1.96628791e+01
8.05245791e+01 1.86628859e+01
8.06466130e+01 1.53699402e+01
8.06866060e+01 1.43858759e+01
8.07132681e+01 1.38012602e+01
8.07399301e+01 1.32889732e+01
8.07665921e+01 1.28603055e+01
8.07932542e+01 1.25249034e+01
8.08132507e+01 1.23394009e+01
8.08332472e+01 1.22135717e+01
8.08532438e+01 1.21495597e+01
8.08635344e+01 1.21412451e+01
8.08814183e+01 1.21671851e+01
8.09051022e+01 1.22810850e+01
8.09287861e+01 1.24856314e+01
8.09524700e+01 1.27796119e+01
8.09761540e+01 1.31604572e+01
8.09998379e+01 1.36241679e+01
8.10235218e+01 1.41652507e+01
8.10472057e+01 1.47766688e+01
8.10807107e+01 1.57447200e+01
8.11240368e+01 1.71304190e+01
8.12106890e+01 2.00452237e+01
8.12438026e+01 2.10849770e+01
8.12781542e+01 2.20483043e+01
8.13125058e+01 2.28483111e+01
8.13354069e+01 2.32703099e+01
8.13583080e+01 2.35909718e+01
8.13812091e+01 2.38018680e+01
8.14041102e+01 2.38967027e+01
8.14155607e+01 2.38992611e+01
8.14384044e+01 2.38136824e+01
8.14612482e+01 2.36073071e+01
8.14840919e+01 2.32822937e+01
8.15069356e+01 2.28431764e+01
8.15297794e+01 2.22967180e+01
8.15526231e+01 2.16516980e+01
8.15830814e+01 2.06567581e+01
8.16135397e+01 1.95342303e+01
8.16592272e+01 1.76812893e+01
8.17570290e+01 1.35091095e+01
8.17896296e+01 1.21918666e+01
8.18162142e+01 1.11826475e+01
8.18427988e+01 1.02461682e+01
8.18627372e+01 9.59815931e+00
8.18826756e+01 9.00092124e+00
8.18959679e+01 8.63247392e+00
8.19154728e+01 8.13657368e+00
8.19349777e+01 7.69546636e+00
8.19544826e+01 7.31041485e+00
8.19739876e+01 6.98221138e+00
8.19886162e+01 6.77360618e+00
8.20032449e+01 6.59722215e+00
8.20178736e+01 6.45298326e+00
8.20325023e+01 6.34072436e+00
8.20471310e+01 6.26020229e+00
8.20604771e+01 6.21416236e+00
8.20772505e+01 6.19295859e+00
8.20938575e+01 6.21160090e+00
8.21104646e+01 6.26897787e+00
8.21270717e+01 6.36431534e+00
8.21436787e+01 6.49677041e+00
8.21602858e+01 6.66543254e+00
8.21768929e+01 6.86932215e+00
8.21934999e+01 7.10738692e+00
8.22095796e+01 7.36939024e+00
8.22329079e+01 7.80230670e+00
8.22562362e+01 8.29441521e+00
8.22795646e+01 8.84162977e+00
8.23028929e+01 9.43941254e+00
8.23262212e+01 1.00827359e+01
8.23600981e+01 1.10865637e+01
8.23939751e+01 1.21556936e+01
8.25157915e+01 1.61954694e+01
8.25563385e+01 1.74720101e+01
8.25968855e+01 1.86441440e+01
8.26374325e+01 1.96747214e+01
8.26644639e+01 2.02679928e+01
8.26936609e+01 2.08155189e+01
8.27250236e+01 2.12900736e+01
8.27563863e+01 2.16450811e+01
8.27877490e+01 2.18834280e+01
8.28224321e+01 2.20208930e+01
8.28414338e+01 2.20459869e+01
8.28794373e+01 2.20080588e+01
8.29554442e+01 2.17202839e+01
8.30124495e+01 2.15068686e+01
8.30504529e+01 2.14626939e+01
8.30884564e+01 2.15560089e+01
8.31221343e+01 2.17903393e+01
8.31514866e+01 2.21330451e+01
8.31808388e+01 2.26200230e+01
8.32101911e+01 2.32621797e+01
8.32395434e+01 2.40666835e+01
8.32688956e+01 2.50369671e+01
8.32982479e+01 2.61729183e+01
8.33276001e+01 2.74712351e+01
8.33552177e+01 2.88357396e+01
8.33940419e+01 3.09749418e+01
8.34328662e+01 3.33520992e+01
8.34716904e+01 3.59429960e+01
8.35105147e+01 3.87236004e+01
8.35672557e+01 4.30827237e+01
8.36210060e+01 4.74859777e+01
8.36926730e+01 5.36849667e+01
8.38574934e+01 6.85070463e+01
8.39219524e+01 7.39431985e+01
8.39649251e+01 7.72138665e+01
8.40078977e+01 8.00733633e+01
8.40508704e+01 8.24123333e+01
8.40938431e+01 8.41320651e+01
8.41260726e+01 8.49671153e+01
8.41636737e+01 8.54140791e+01
8.41744168e+01 8.54346656e+01
8.42054295e+01 8.52251660e+01
8.42438911e+01 8.44183540e+01
8.42823528e+01 8.30354816e+01
8.43208144e+01 8.11305667e+01
8.43592760e+01 7.87785321e+01
8.44105582e+01 7.51071282e+01
8.45644047e+01 6.27907785e+01
8.46151812e+01 5.90589966e+01
8.46528843e+01 5.65663906e+01
8.46905873e+01 5.43491011e+01
8.47282904e+01 5.24191167e+01
8.47659934e+01 5.07692492e+01
8.47911288e+01 4.98137734e+01
8.48413995e+01 4.82014890e+01
8.48916703e+01 4.68974154e+01
8.50686361e+01 4.30924170e+01
8.51450603e+01 4.11737054e+01
8.52023786e+01 3.95126973e+01
8.52596968e+01 3.76772707e+01
8.53361211e+01 3.50284433e+01
8.56771323e+01 2.25359521e+01
8.57800689e+01 1.88762965e+01
8.58388899e+01 1.68579308e+01
8.58949048e+01 1.50176185e+01
8.59397167e+01 1.36246149e+01
8.59845286e+01 1.23216697e+01
8.60181376e+01 1.14148226e+01
8.60494134e+01 1.06327569e+01
8.60806892e+01 9.91654620e+00
8.61119651e+01 9.27197283e+00
8.61432409e+01 8.70440791e+00
8.61640914e+01 8.37123590e+00
8.61849420e+01 8.07574942e+00
8.62112493e+01 7.75846618e+00
8.62375567e+01 7.50492977e+00
8.62638640e+01 7.31661013e+00
8.62814023e+01 7.22777815e+00
8.62989405e+01 7.16848148e+00
8.63164787e+01 7.13871148e+00
8.63252478e+01 7.13485716e+00
8.63488718e+01 7.16073268e+00
8.63724957e+01 7.23862109e+00
8.63961196e+01 7.36693772e+00
8.64197435e+01 7.54350317e+00
8.64433674e+01 7.76552430e+00
8.64669913e+01 8.02958991e+00
8.64906152e+01 8.33168405e+00
8.65263760e+01 8.85095960e+00
8.65627865e+01 9.43956259e+00
8.66841550e+01 1.15588238e+01
8.67232231e+01 1.21989583e+01
8.67676061e+01 1.28519108e+01
8.68119892e+01 1.34042922e+01
8.68563722e+01 1.38448203e+01
8.69007553e+01 1.41746024e+01
8.69451383e+01 1.44065377e+01
8.69925292e+01 1.45718434e+01
8.71347018e+01 1.49158700e+01
8.71895993e+01 1.51247692e+01
8.72444968e+01 1.54201724e+01
8.72993943e+01 1.57974208e+01
8.74366380e+01 1.68749993e+01
8.74915355e+01 1.72311828e+01
8.75464330e+01 1.74776499e+01
8.75982689e+01 1.75899171e+01
8.76182924e+01 1.76018396e+01
8.76783629e+01 1.75476139e+01
8.77985040e+01 1.72728259e+01
8.78385510e+01 1.72429489e+01
8.78785980e+01 1.73046472e+01
8.79086332e+01 1.74338736e+01
8.79332914e+01 1.76053347e+01
8.79625844e+01 1.78975638e+01
8.79918772e+01 1.82977054e+01
8.80211701e+01 1.88167390e+01
8.80504630e+01 1.94638518e+01
8.80797559e+01 2.02461629e+01
8.81090488e+01 2.11684694e+01
8.81383417e+01 2.22330161e+01
8.81647512e+01 2.33143349e+01
8.82000403e+01 2.49345918e+01
8.82353294e+01 2.67445703e+01
8.82706185e+01 2.87260731e+01
8.83176706e+01 3.15906808e+01
8.83833625e+01 3.58737329e+01
8.84536389e+01 4.05359011e+01
8.85098600e+01 4.40650043e+01
8.85520259e+01 4.64533012e+01
8.85894105e+01 4.83060360e+01
8.86244045e+01 4.97628511e+01
8.86593986e+01 5.09108648e+01
8.86943926e+01 5.17184909e+01
8.87293867e+01 5.21635098e+01
8.87527160e+01 5.22524563e+01
8.87884454e+01 5.20644730e+01
8.88241748e+01 5.14913487e+01
8.88599041e+01 5.05517717e+01
8.88956335e+01 4.92752247e+01
8.89313629e+01 4.77006605e+01
8.89670922e+01 4.58748188e+01
8.90147314e+01 4.31409813e+01
8.90861901e+01 3.86734389e+01
8.91607857e+01 3.39808716e+01
8.92012203e+01 3.15913479e+01
8.92416549e+01 2.93917722e+01
8.92686114e+01 2.80556403e+01
8.92955678e+01 2.68369658e+01
8.93225242e+01 2.57437595e+01
8.93494806e+01 2.47809611e+01
8.93777854e+01 2.39123617e+01
8.94060902e+01 2.31882064e+01
8.94343951e+01 2.26037275e+01
8.94626999e+01 2.21511041e+01
8.94910047e+01 2.18199180e+01
8.95157514e+01 2.16201218e+01
8.95463750e+01 2.14743968e+01
8.95769985e+01 2.14237174e+01
8.96229338e+01 2.14858877e+01
8.96841809e+01 2.17408628e+01
8.97760515e+01 2.23114087e+01
8.98372986e+01 2.27764334e+01
8.98985457e+01 2.33459717e+01
8.99444810e+01 2.38791183e+01
8.99904163e+01 2.45293524e+01
9.00350756e+01 2.52834070e+01
9.00797348e+01 2.61487189e+01
9.02137127e+01 2.90220219e+01
9.02583720e+01 2.98690669e+01
9.03030313e+01 3.05520873e+01
9.03476906e+01 3.10242714e+01
9.03915765e+01 3.12629437e+01
9.04192504e+01 3.13023133e+01
9.04653735e+01 3.12069901e+01
9.05760691e+01 3.06330765e+01
9.06129676e+01 3.05413678e+01
9.06498661e+01 3.06074930e+01
9.06867647e+01 3.08904607e+01
9.07156843e+01 3.12955994e+01
9.07446039e+01 3.18808675e+01
9.07735236e+01 3.26566746e+01
9.08024432e+01 3.36261592e+01
9.08313628e+01 3.47848061e+01
9.08602825e+01 3.61203646e+01
9.09036619e+01 3.84102588e+01
9.09512464e+01 4.12128143e+01
9.10506202e+01 4.73016138e+01
9.11003071e+01 5.00207162e+01
9.11334318e+01 5.15616639e+01
9.11665564e+01 5.28180100e+01
9.11934439e+01 5.35957934e+01
9.12244197e+01 5.41957420e+01
9.12553954e+01 5.44598058e+01
9.12657207e+01 5.44712919e+01
9.12995637e+01 5.42398633e+01
9.13334068e+01 5.36047200e+01
9.13672498e+01 5.25897316e+01
9.14010928e+01 5.12327015e+01
9.14349359e+01 4.95831617e+01
9.14687789e+01 4.76996184e+01
9.15139030e+01 4.49359003e+01
9.16041511e+01 3.91328656e+01
9.16450062e+01 3.66346525e+01
9.16815923e+01 3.45702943e+01
9.17181784e+01 3.27190803e+01
9.17456179e+01 3.14917568e+01
9.17730575e+01 3.04137544e+01
9.18004971e+01 2.94911062e+01
9.18279366e+01 2.87265063e+01
9.18553762e+01 2.81198038e+01
9.18828158e+01 2.76685390e+01
9.19102553e+01 2.73684751e+01
9.19430933e+01 2.72003239e+01
9.19560932e+01 2.71889912e+01
9.19820929e+01 2.72562455e+01
9.20080927e+01 2.74382153e+01
9.20470923e+01 2.79120303e+01
9.20860919e+01 2.86060137e+01
9.21250916e+01 2.94941017e+01
9.21640912e+01 3.05458024e+01
9.22160907e+01 3.21378125e+01
9.23200897e+01 3.55298627e+01
9.23679042e+01 3.69242398e+01
9.24115335e+01 3.79530407e+01
9.24442555e+01 3.85125278e+01
9.24769776e+01 3.88505201e+01
9.25042459e+01 3.89420721e+01
9.25307562e+01 3.88529262e+01
9.25612039e+01 3.85252465e+01
9.25916516e+01 3.79545398e+01
9.26220993e+01 3.71467141e+01
9.26525471e+01 3.61159145e+01
9.26829948e+01 3.48838387e+01
9.27235918e+01 3.29773108e+01
9.27641888e+01 3.08429929e+01
9.28453827e+01 2.62417549e+01
9.29008010e+01 2.31260005e+01
9.29377465e+01 2.11618044e+01
9.29746920e+01 1.93299457e+01
9.30049885e+01 1.79420807e+01
9.30404598e+01 1.64564201e+01
9.30641074e+01 1.55498983e+01
9.30877549e+01 1.47086989e+01
9.31114024e+01 1.39299005e+01
9.31350500e+01 1.32097131e+01
9.31586975e+01 1.25437982e+01
9.31823450e+01 1.19275826e+01
9.32101658e+01 1.12601452e+01
9.32379865e+01 1.06485139e+01
9.32658073e+01 1.00870450e+01
9.32936280e+01 9.57157139e+00
9.33214488e+01 9.09964241e+00
9.33492695e+01 8.67063012e+00
9.33770902e+01 8.28570283e+00
9.34049110e+01 7.94767892e+00
9.34358278e+01 7.63222560e+00
9.34564390e+01 7.46055531e+00
9.34770503e+01 7.32257500e+00
9.34976615e+01 7.22076697e+00
9.35182727e+01 7.15757948e+00
9.35388839e+01 7.13531681e+00
9.35594951e+01 7.15602955e+00
9.35770380e+01 7.20879227e+00
9.35987497e+01 7.32005837e+00
9.36204614e+01 7.48296587e+00
9.36421732e+01 7.69763459e+00
9.36638849e+01 7.96333780e+00
9.36855966e+01 8.27844006e+00
9.37048478e+01 8.59709648e+00
9.37337246e+01 9.13865037e+00
9.37626014e+01 9.74682588e+00
9.38011038e+01 1.06379224e+01
9.39043596e+01 1.31854489e+01
9.39432116e+01 1.40736172e+01
9.39820636e+01 1.48544813e+01
9.40079650e+01 1.52971640e+01
9.40338663e+01 1.56674167e+01
9.40632615e+01 1.59921669e+01
9.40879284e+01 1.61827365e+01
9.41125952e+01 1.62976578e+01
9.41385063e+01 1.63384721e+01
9.41644174e+01 1.63014145e+01
9.41955107e+01 1.61631483e+01
9.42266041e+01 1.59363912e+01
9.42576974e+01 1.56386788e+01
9.43198840e+01 1.49089534e+01
9.44027996e+01 1.38861923e+01
9.44442573e+01 1.34409575e+01
9.44904137e+01 1.30386029e+01
9.45211845e+01 1.28330194e+01
9.45673409e+01 1.26204960e+01
9.46154640e+01 1.25123311e+01
9.46475461e+01 1.24953293e+01
9.46956692e+01 1.25355434e+01
9.47598334e+01 1.26793707e+01
9.48239976e+01 1.28976563e+01
9.48881617e+01 1.31877486e+01
9.49362849e+01 1.34671084e+01
9.49844080e+01 1.38182891e+01
9.50325311e+01 1.42591692e+01
9.50806542e+01 1.48034975e+01
9.51268564e+01 1.54287448e+01
9.51730585e+01 1.61501970e+01
9.52192607e+01 1.69534147e+01
9.53809682e+01 2.00013806e+01
9.54271703e+01 2.07918762e+01
9.54738120e+01 2.14874271e+01
9.55208932e+01 2.20567795e+01
9.55679745e+01 2.24737881e+01
9.56150557e+01 2.27306806e+01
9.56656637e+01 2.28328436e+01
9.56710772e+01 2.28337348e+01
9.57252119e+01 2.27476108e+01
9.57901736e+01 2.24576915e+01
9.59850587e+01 2.11341831e+01
9.63315212e+01 1.94092689e+01
9.63894605e+01 1.89323148e+01
9.64329150e+01 1.84699893e+01
9.64763695e+01 1.79083612e+01
9.65198240e+01 1.72455720e+01
9.65632785e+01 1.64863207e+01
9.66067330e+01 1.56414824e+01
9.66501875e+01 1.47272127e+01
9.67370965e+01 1.27735582e+01
9.68170869e+01 1.09607260e+01
9.68611890e+01 1.00091612e+01
9.69052911e+01 9.11910194e+00
9.69383677e+01 8.50318226e+00
9.69714443e+01 7.93923125e+00
9.69989145e+01 7.51481968e+00
9.70263847e+01 7.13378006e+00
9.70538550e+01 6.79920796e+00
9.70813252e+01 6.51414317e+00
9.71019279e+01 6.33469087e+00
9.71225305e+01 6.18618848e+00
9.71431332e+01 6.07008009e+00
9.71637359e+01 5.98791478e+00
9.71843386e+01 5.94136847e+00
9.72005085e+01 5.93096343e+00
9.72191133e+01 5.94875635e+00
9.72391188e+01 6.00512691e+00
9.72605251e+01 6.11048015e+00
9.72765799e+01 6.22164459e+00
9.72926346e+01 6.36171310e+00
9.73086893e+01 6.53195541e+00
9.73247440e+01 6.73368630e+00
9.73407988e+01 6.96825615e+00
9.73568535e+01 7.23703916e+00
9.73729082e+01 7.54142014e+00
9.73889629e+01 7.88277724e+00
9.74070795e+01 8.31407217e+00
9.74219063e+01 8.70468104e+00
9.74441466e+01 9.35635935e+00
9.74663868e+01 1.00895784e+01
9.74886271e+01 1.09068435e+01
9.75108673e+01 1.18100427e+01
9.75307691e+01 1.26920696e+01
9.75432576e+01 1.32812563e+01
9.75682344e+01 1.45418027e+01
9.75932113e+01 1.59099971e+01
9.76181882e+01 1.73817566e+01
9.76493365e+01 1.93525119e+01
9.76804848e+01 2.14569855e+01
9.77116331e+01 2.36718334e+01
9.77733649e+01 2.82672110e+01
9.78447265e+01 3.35866660e+01
9.78855046e+01 3.64326598e+01
9.79182476e+01 3.85240401e+01
9.79553097e+01 4.06097690e+01
9.79800177e+01 4.18001683e+01
9.80047258e+01 4.28084966e+01
9.80294338e+01 4.36188868e+01
9.80541419e+01 4.42186158e+01
9.80788499e+01 4.45984583e+01
9.81035579e+01 4.47529363e+01
9.81360496e+01 4.46108867e+01
9.81685412e+01 4.40834347e+01
9.82010329e+01 4.31884570e+01
9.82335245e+01 4.19540583e+01
9.82660161e+01 4.04170864e+01
9.82985078e+01 3.86212738e+01
9.83201689e+01 3.73040937e+01
9.83634911e+01 3.44497821e+01
9.84284743e+01 2.98459805e+01
9.85002593e+01 2.47170683e+01
9.85420293e+01 2.18740334e+01
9.85754452e+01 1.97277206e+01
9.86070848e+01 1.78227233e+01
9.86303704e+01 1.65077890e+01
9.86536560e+01 1.52706835e+01
9.86769415e+01 1.41134988e+01
9.87002271e+01 1.30371354e+01
9.87225632e+01 1.20804989e+01
9.87444246e+01 1.12152847e+01
9.87662860e+01 1.04190462e+01
9.87881474e+01 9.69001900e+00
9.88100088e+01 9.02612791e+00
9.88245830e+01 8.61859614e+00
9.88451418e+01 8.08983636e+00
9.88657005e+01 7.61319396e+00
9.88862593e+01 7.18660669e+00
9.89068181e+01 6.80803273e+00
9.89273769e+01 6.47547653e+00
9.89479356e+01 6.18700508e+00
9.89684944e+01 5.94075539e+00
9.89890532e+01 5.73493417e+00
9.90060756e+01 5.59387530e+00
9.90230980e+01 5.47838912e+00
9.90457945e+01 5.36256546e+00
9.90684911e+01 5.28833197e+00
9.90871958e+01 5.25685396e+00
9.91019086e+01 5.25006984e+00
9.91239778e+01 5.26809924e+00
9.91460470e+01 5.31803526e+00
9.91681163e+01 5.39760022e+00
9.91901855e+01 5.50439637e+00
9.92122547e+01 5.63589539e+00
9.92416804e+01 5.84503557e+00
9.92711060e+01 6.08669104e+00
9.93152444e+01 6.49479201e+00
9.94224089e+01 7.57550411e+00
9.94759911e+01 8.08595460e+00
9.95295734e+01 8.53368076e+00
9.95652949e+01 8.78793253e+00
9.96010164e+01 9.00423807e+00
9.96503669e+01 9.24300578e+00
9.96997174e+01 9.42256156e+00
9.98702544e+01 9.87711859e+00
9.99247770e+01 1.00706160e+01
9.99792997e+01 1.03198218e+01
1.00033822e+02 1.06240857e+01
1.00197390e+02 1.16778921e+01
1.00251913e+02 1.19860232e+01
1.00308856e+02 1.22462600e+01
1.00373175e+02 1.24587846e+01
1.00442448e+02 1.26101822e+01
1.00580993e+02 1.28455509e+01
1.00783240e+02 1.33474193e+01
1.00843766e+02 1.34188596e+01
1.00848422e+02 1.34194998e+01
1.00894981e+02 1.33761322e+01
1.00934263e+02 1.32582241e+01
1.00975580e+02 1.30432092e+01
1.01016898e+02 1.27313552e+01
1.01058215e+02 1.23267884e+01
1.01099533e+02 1.18414160e+01
1.01140850e+02 1.12940069e+01
1.01259898e+02 9.59875248e+00
1.01307162e+02 8.98019530e+00
1.01338671e+02 8.61226886e+00
1.01370179e+02 8.28848015e+00
1.01401688e+02 8.01358905e+00
1.01433197e+02 7.78986537e+00
1.01464706e+02 7.61706999e+00
1.01496215e+02 7.49258209e+00
1.01532789e+02 7.40228991e+00
1.01569362e+02 7.36026758e+00
1.01596793e+02 7.35291066e+00
1.01743087e+02 7.41813821e+00
1.01788804e+02 7.39990724e+00
1.01830440e+02 7.34864389e+00
1.01872076e+02 7.26585343e+00
1.01976166e+02 7.00259122e+00
1.02017801e+02 6.93533640e+00
1.02038619e+02 6.92581879e+00
1.02069846e+02 6.95539816e+00
1.02090664e+02 7.01204925e+00
1.02111482e+02 7.10469558e+00
1.02132149e+02 7.23791041e+00
1.02151464e+02 7.40459228e+00
1.02169578e+02 7.60218852e+00
1.02187692e+02 7.84363481e+00
1.02205807e+02 8.13267732e+00
1.02223921e+02 8.47295058e+00
1.02242036e+02 8.86793059e+00
1.02260150e+02 9.32088540e+00
1.02278265e+02 9.83482308e+00
1.02294108e+02 1.03364508e+01
1.02314467e+02 1.10550701e+01
1.02334826e+02 1.18594461e+01
1.02355185e+02 1.27515333e+01
1.02375544e+02 1.37324333e+01
1.02395903e+02 1.48022639e+01
1.02414795e+02 1.58737459e+01
1.02433686e+02 1.70194048e+01
1.02458875e+02 1.86579094e+01
1.02484064e+02 2.04153005e+01
1.02509945e+02 2.23328093e+01
1.02549804e+02 2.54707613e+01
1.02602951e+02 2.98878176e+01
1.02678593e+02 3.62367895e+01
1.02716414e+02 3.92447136e+01
1.02754235e+02 4.20223776e+01
1.02791244e+02 4.44386579e+01
1.02828253e+02 4.64905800e+01
1.02852926e+02 4.76308474e+01
1.02877598e+02 4.85766282e+01
1.02902271e+02 4.93218750e+01
1.02926944e+02 4.98647750e+01
1.02963273e+02 5.03019318e+01
1.02986585e+02 5.03647639e+01
1.03021555e+02 5.01651110e+01
1.03056524e+02 4.96527504e+01
1.03091493e+02 4.88809778e+01
1.03138119e+02 4.75500640e+01
1.03231370e+02 4.43673646e+01
1.03324621e+02 4.12043729e+01
1.03396709e+02 3.90417495e+01
1.03576930e+02 3.42607447e+01
1.03649019e+02 3.21792454e+01
1.03685063e+02 3.10467787e+01
1.03757151e+02 2.86022337e+01
1.03930468e+02 2.22763130e+01
1.03988748e+02 2.02503986e+01
1.04032458e+02 1.88302363e+01
1.04076169e+02 1.75163341e+01
1.04119879e+02 1.63234671e+01
1.04152690e+02 1.55150911e+01
1.04189173e+02 1.47106938e+01
1.04225656e+02 1.40128902e+01
1.04253018e+02 1.35645886e+01
1.04280380e+02 1.31852632e+01
1.04307742e+02 1.28797602e+01
1.04335104e+02 1.26535755e+01
1.04362466e+02 1.25128238e+01
1.04389828e+02 1.24641667e+01
1.04417190e+02 1.25146809e+01
1.04437843e+02 1.26229281e+01
1.04460907e+02 1.28193898e+01
1.04483971e+02 1.30997356e+01
1.04507036e+02 1.34680279e+01
1.04530100e+02 1.39279585e+01
1.04553164e+02 1.44826990e+01
1.04576228e+02 1.51347456e+01
1.04599293e+02 1.58857620e+01
1.04619813e+02 1.66377146e+01
1.04646778e+02 1.77452068e+01
1.04673743e+02 1.89856547e+01
1.04700708e+02 2.03537310e+01
1.04727673e+02 2.18413167e+01
1.04754637e+02 2.34373332e+01
1.04793063e+02 2.58707544e+01
1.04844298e+02 2.93231649e+01
1.04933959e+02 3.54957685e+01
1.04975085e+02 3.81638556e+01
1.05006103e+02 4.00236346e+01
1.05037122e+02 4.17078093e+01
1.05068140e+02 4.31797899e+01
1.05099158e+02 4.44077622e+01
1.05130176e+02 4.53659090e+01
1.05161194e+02 4.60354771e+01
1.05192213e+02 4.64055160e+01
1.05213360e+02 4.64843481e+01
1.05241551e+02 4.63733095e+01
1.05275380e+02 4.59253341e+01
1.05309208e+02 4.51569916e+01
1.05343037e+02 4.41017917e+01
1.05376866e+02 4.28011709e+01
1.05410695e+02 4.13024539e+01
1.05455800e+02 3.90843864e+01
1.05568563e+02 3.31919861e+01
1.05623088e+02 3.05410281e+01
1.05659437e+02 2.89442219e+01
1.05695787e+02 2.75134314e+01
1.05732137e+02 2.62616384e+01
1.05768486e+02 2.51911923e+01
1.05804836e+02 2.42947908e+01
1.05841185e+02 2.35568759e+01
1.05874684e+02 2.29982282e+01
1.05920655e+02 2.23819442e+01
1.05981950e+02 2.17369619e+01
1.06104541e+02 2.05590591e+01
1.06165836e+02 1.98308042e+01
1.06211807e+02 1.91835157e+01
1.06257778e+02 1.84493062e+01
1.06319074e+02 1.73572799e+01
1.06491950e+02 1.40371139e+01
1.06545286e+02 1.30918335e+01
1.06598621e+02 1.22408570e+01
1.06634179e+02 1.17374980e+01
1.06667513e+02 1.13181802e+01
1.06700848e+02 1.09543756e+01
1.06734183e+02 1.06507484e+01
1.06767518e+02 1.04124493e+01
1.06800853e+02 1.02454003e+01
1.06825854e+02 1.01709783e+01
1.06850855e+02 1.01437797e+01
1.06875856e+02 1.01674109e+01
1.06900857e+02 1.02457483e+01
1.06928919e+02 1.04038871e+01
1.06956980e+02 1.06419527e+01
1.06978026e+02 1.08764372e+01
1.06999072e+02 1.11614334e+01
1.07020118e+02 1.14990319e+01
1.07041164e+02 1.18910270e+01
1.07062210e+02 1.23388332e+01
1.07083256e+02 1.28433822e+01
1.07111317e+02 1.36049182e+01
1.07135098e+02 1.43290403e+01
1.07164348e+02 1.53157451e+01
1.07193599e+02 1.64022096e+01
1.07222849e+02 1.75786407e+01
1.07261849e+02 1.92637508e+01
1.07326028e+02 2.22204618e+01
1.07393045e+02 2.53223486e+01
1.07437723e+02 2.72435064e+01
1.07471134e+02 2.85340640e+01
1.07504350e+02 2.96503726e+01
1.07537566e+02 3.05663884e+01
1.07570782e+02 3.12537035e+01
1.07603998e+02 3.16908654e+01
1.07637214e+02 3.18643655e+01
1.07668763e+02 3.17803792e+01
1.07700312e+02 3.14569272e+01
1.07731861e+02 3.09037393e+01
1.07763410e+02 3.01367548e+01
1.07794959e+02 2.91772781e+01
1.07826508e+02 2.80509618e+01
1.07868573e+02 2.63398251e+01
1.07910639e+02 2.44568512e+01
1.08029161e+02 1.88586390e+01
1.08066110e+02 1.71922225e+01
1.08103059e+02 1.56269357e+01
1.08130086e+02 1.45621202e+01
1.08155740e+02 1.36230021e+01
1.08181395e+02 1.27598003e+01
1.08207050e+02 1.19771997e+01
1.08232705e+02 1.12786334e+01
1.08258360e+02 1.06663621e+01
1.08277037e+02 1.02756090e+01
1.08295713e+02 9.93132110e+00
1.08314390e+02 9.63331343e+00
1.08333066e+02 9.38113434e+00
1.08351743e+02 9.17407149e+00
1.08370419e+02 9.01116423e+00
1.08389096e+02 8.89120422e+00
1.08407772e+02 8.81274685e+00
1.08430155e+02 8.77102483e+00
1.08437616e+02 8.76926838e+00
1.08459999e+02 8.79858278e+00
1.08482382e+02 8.87669131e+00
1.08497304e+02 8.95376426e+00
1.08527148e+02 9.16171736e+00
1.08556992e+02 9.43151189e+00
1.08586836e+02 9.75047892e+00
1.08631602e+02 1.02918236e+01
1.08730556e+02 1.15445195e+01
1.08764169e+02 1.19232607e+01
1.08797782e+02 1.22518979e+01
1.08831395e+02 1.25182306e+01
1.08865007e+02 1.27133731e+01
1.08898620e+02 1.28321187e+01
1.08937700e+02 1.28725807e+01
1.08971109e+02 1.28271951e+01
1.09004518e+02 1.27150224e+01
1.09049064e+02 1.24791263e+01
1.09093610e+02 1.21731905e+01
1.09182702e+02 1.15005194e+01
1.09227247e+02 1.12126855e+01
1.09260657e+02 1.10487623e+01
1.09291704e+02 1.09496886e+01
1.09325304e+02 1.09111348e+01
1.09351437e+02 1.09362296e+01
1.09378428e+02 1.10164100e+01
1.09405418e+02 1.11538629e+01
1.09432408e+02 1.13494590e+01
1.09459399e+02 1.16027592e+01
1.09486389e+02 1.19120308e+01
1.09513380e+02 1.22742756e+01
1.09553865e+02 1.29074545e+01
1.09600730e+02 1.37519998e+01
1.09667468e+02 1.50884038e+01
1.09734207e+02 1.64620461e+01
1.09784261e+02 1.74292207e+01
1.09834315e+02 1.82739913e+01
1.09876445e+02 1.88484172e+01
1.09908042e+02 1.91783270e+01
1.09939639e+02 1.94104227e+01
1.09971236e+02 1.95369218e+01
1.09992301e+02 1.95598657e+01
1.10024202e+02 1.94987699e+01
1.10056255e+02 1.93205617e+01
1.10088308e+02 1.90272545e+01
1.10120361e+02 1.86236237e+01
1.10152413e+02 1.81170333e+01
1.10173782e+02 1.77267897e+01
1.10216519e+02 1.68355284e+01
1.10259256e+02 1.58224341e+01
1.10301993e+02 1.47212893e+01
1.10441772e+02 1.09295885e+01
1.10490293e+02 9.68693793e+00
1.10516928e+02 9.04455844e+00
1.10550791e+02 8.27753745e+00
1.10576188e+02 7.74284381e+00
1.10601585e+02 7.24563995e+00
1.10626982e+02 6.78775283e+00
1.10648195e+02 6.43640797e+00
1.10673689e+02 6.05238240e+00
1.10699182e+02 5.71057779e+00
1.10724676e+02 5.41119265e+00
1.10743796e+02 5.21445780e+00
1.10762916e+02 5.04144850e+00
1.10782037e+02 4.89201575e+00
1.10801157e+02 4.76598005e+00
1.10820277e+02 4.66314576e+00
1.10839397e+02 4.58330829e+00
1.10860643e+02 4.52132311e+00
1.10881889e+02 4.48722011e+00
1.10896053e+02 4.47985366e+00
1.10915492e+02 4.48961861e+00
1.10934930e+02 4.52223314e+00
1.10954368e+02 4.57754360e+00
1.10973806e+02 4.65541477e+00
1.10993244e+02 4.75569176e+00
1.11012682e+02 4.87820609e+00
1.11038600e+02 5.07579983e+00
1.11064518e+02 5.31195029e+00
1.11090435e+02 5.58581318e+00
1.11113088e+02 5.85516851e+00
1.11142172e+02 6.24026651e+00
1.11171255e+02 6.66687768e+00
1.11200339e+02 7.13130611e+00
1.11239116e+02 7.80115760e+00
1.11278611e+02 8.52939032e+00
1.11379137e+02 1.04590436e+01
1.11433627e+02 1.14446889e+01
1.11476466e+02 1.21313162e+01
1.11505025e+02 1.25278741e+01
1.11533584e+02 1.28649479e+01
1.11562144e+02 1.31346164e+01
1.11590703e+02 1.33302537e+01
1.11619262e+02 1.34467738e+01
1.11647821e+02 1.34808247e+01
1.11673575e+02 1.34395423e+01
1.11699329e+02 1.33302153e+01
1.11725083e+02 1.31543662e+01
1.11750836e+02 1.29147444e+01
1.11785175e+02 1.25029293e+01
1.11819513e+02 1.19968020e+01
1.11853852e+02 1.14110147e+01
1.11888190e+02 1.07621293e+01
1.11941243e+02 9.67676729e+00
1.12034818e+02 7.69775184e+00
1.12072248e+02 6.94260015e+00
1.12104525e+02 6.32827211e+00
1.12136801e+02 5.75701442e+00
1.12161008e+02 5.36089105e+00
1.12185215e+02 4.99491039e+00
1.12211492e+02 4.63363502e+00
1.12231769e+02 4.38134595e+00
1.12252046e+02 4.15260420e+00
1.12272324e+02 3.94761433e+00
1.12292601e+02 3.76640865e+00
1.12312878e+02 3.60886915e+00
1.12333156e+02 3.47475108e+00
1.12353433e+02 3.36370627e+00
1.12371513e+02 3.28380453e+00
1.12387396e+02 3.22819535e+00
1.12403280e+02 3.18596594e+00
1.12419163e+02 3.15685746e+00
1.12439125e+02 3.13847813e+00
1.12448140e+02 3.13669631e+00
1.12469175e+02 3.14797895e+00
1.12487205e+02 3.17451560e+00
1.12505235e+02 3.21627536e+00
1.12523264e+02 3.27296601e+00
1.12547304e+02 3.37135278e+00
1.12571344e+02 3.49537698e+00
1.12595384e+02 3.64474031e+00
1.12619424e+02 3.81932281e+00
1.12641255e+02 3.99977703e+00
1.12663087e+02 4.20127834e+00
1.12684919e+02 4.42414720e+00
1.12706750e+02 4.66882578e+00
1.12728582e+02 4.93587171e+00
1.12750414e+02 5.22593420e+00
1.12772245e+02 5.53974295e+00
1.12794077e+02 5.87807143e+00
1.12824114e+02 6.38509642e+00
1.12854151e+02 6.94202522e+00
1.12884188e+02 7.55057115e+00
1.12914225e+02 8.21193785e+00
1.12944262e+02 8.92657068e+00
1.12971613e+02 9.62319894e+00
1.13006292e+02 1.05670928e+01
1.13040971e+02 1.15739266e+01
1.13092990e+02 1.31835821e+01
1.13221481e+02 1.73836747e+01
1.13264311e+02 1.87236585e+01
1.13311665e+02 2.00801983e+01
1.13343235e+02 2.08808978e+01
1.13374805e+02 2.15773533e+01
1.13406374e+02 2.21530404e+01
1.13437944e+02 2.25937247e+01
1.13469514e+02 2.28880845e+01
1.13501083e+02 2.30281974e+01
1.13516868e+02 2.30389586e+01
1.13550883e+02 2.29269536e+01
1.13584897e+02 2.26328601e+01
1.13618912e+02 2.21643849e+01
1.13652927e+02 2.15341369e+01
1.13686941e+02 2.07590177e+01
1.13720956e+02 1.98594283e+01
1.13766309e+02 1.85063152e+01
1.13811662e+02 1.70312635e+01
1.13916586e+02 1.34708580e+01
1.13962705e+02 1.19670003e+01
1.13999601e+02 1.08336815e+01
1.14027272e+02 1.00351786e+01
1.14052609e+02 9.34776001e+00
1.14077945e+02 8.70521589e+00
1.14103281e+02 8.10967058e+00
1.14128618e+02 7.56245714e+00
1.14153954e+02 7.06421674e+00
1.14174507e+02 6.69607223e+00
1.14198720e+02 6.30340000e+00
1.14222934e+02 5.95446304e+00
1.14247148e+02 5.64826902e+00
1.14271362e+02 5.38361417e+00
1.14295575e+02 5.15914476e+00
1.14319789e+02 4.97341688e+00
1.14344003e+02 4.82493830e+00
1.14363874e+02 4.72986279e+00
1.14387167e+02 4.64796727e+00
1.14410460e+02 4.59674522e+00
1.14436580e+02 4.57425349e+00
1.14439958e+02 4.57395922e+00
1.14467172e+02 4.59271031e+00
1.14491646e+02 4.64063515e+00
1.14516120e+02 4.71666230e+00
1.14540593e+02 4.81956328e+00
1.14565067e+02 4.94813179e+00
1.14581383e+02 5.04751135e+00
1.14614015e+02 5.27747168e+00
1.14646647e+02 5.54663546e+00
1.14679278e+02 5.85208535e+00
1.14715318e+02 6.22806615e+00
1.14751357e+02 6.64080872e+00
1.14787396e+02 7.08662907e+00
1.14841455e+02 7.81056766e+00
1.14895515e+02 8.59477814e+00
1.14949574e+02 9.43886824e+00
1.15001401e+02 1.03124581e+01
1.15052112e+02 1.12449554e+01
1.15085919e+02 1.19214676e+01
1.15119727e+02 1.26526156e+01
1.15153534e+02 1.34489978e+01
1.15187342e+02 1.43219414e+01
1.15221149e+02 1.52828862e+01
1.15251583e+02 1.62321966e+01
1.15278644e+02 1.71492240e+01
1.15305704e+02 1.81390671e+01
1.15332765e+02 1.92045225e+01
1.15373355e+02 2.09469884e+01
1.15413946e+02 2.28594996e+01
1.15454537e+02 2.49293197e+01
1.15508135e+02 2.78618131e+01
1.15642131e+02 3.55816263e+01
1.15685540e+02 3.79498431e+01
1.15735369e+02 4.04168206e+01
1.15768588e+02 4.18556289e+01
1.15801807e+02 4.30915403e+01
1.15835027e+02 4.40961396e+01
1.15868246e+02 4.48460837e+01
1.15901466e+02 4.53240250e+01
1.15934685e+02 4.55192404e+01
1.15971998e+02 4.53970196e+01
1.16009312e+02 4.49188907e+01
1.16046625e+02 4.41009175e+01
1.16083939e+02 4.29689254e+01
1.16121252e+02 4.15570367e+01
1.16158566e+02 3.99058960e+01
1.16208317e+02 3.74106459e+01
1.16258068e+02 3.46834937e+01
1.16378289e+02 2.78016361e+01
1.16435281e+02 2.46882640e+01
1.16480874e+02 2.23691051e+01
1.16515069e+02 2.07546618e+01
1.16553765e+02 1.90719709e+01
1.16579562e+02 1.80400121e+01
1.16605360e+02 1.70818736e+01
1.16631157e+02 1.61981422e+01
1.16656954e+02 1.53885891e+01
1.16682751e+02 1.46522636e+01
1.16708549e+02 1.39876388e+01
1.16737936e+02 1.33153008e+01
1.16762670e+02 1.28169627e+01
1.16787404e+02 1.23778904e+01
1.16812138e+02 1.19956487e+01
1.16836872e+02 1.16677557e+01
1.16869850e+02 1.13108570e+01
1.16902828e+02 1.10405883e+01
1.16935807e+02 1.08517596e+01
1.16968785e+02 1.07397644e+01
1.16995215e+02 1.07028120e+01
1.17005156e+02 1.07006826e+01
1.17034979e+02 1.07318966e+01
1.17064801e+02 1.08182935e+01
1.17094624e+02 1.09587807e+01
1.17124446e+02 1.11528297e+01
1.17154269e+02 1.14004639e+01
1.17184091e+02 1.17022277e+01
1.17213914e+02 1.20591461e+01
1.17243736e+02 1.24726713e+01
1.17273559e+02 1.29446183e+01
1.17303381e+02 1.34770765e+01
1.17335538e+02 1.41216571e+01
1.17367696e+02 1.48422167e+01
1.17399853e+02 1.56416574e+01
1.17432010e+02 1.65226221e+01
1.17464167e+02 1.74872913e+01
1.17496325e+02 1.85371540e+01
1.17528482e+02 1.96728046e+01
1.17573512e+02 2.14060136e+01
1.17612132e+02 2.30211797e+01
1.17663625e+02 2.53463457e+01
1.17715118e+02 2.78425697e+01
1.17799359e+02 3.21913511e+01
1.17930353e+02 3.91053216e+01
1.17995850e+02 4.23481646e+01
1.18049352e+02 4.47639452e+01
1.18090859e+02 4.64482113e+01
1.18132366e+02 4.79376983e+01
1.18173873e+02 4.92109770e+01
1.18215381e+02 5.02515190e+01
1.18256888e+02 5.10476963e+01
1.18298395e+02 5.15925112e+01
1.18339902e+02 5.18831347e+01
1.18360656e+02 5.19332445e+01
1.18412684e+02 5.17832197e+01
1.18464713e+02 5.12485057e+01
1.18516741e+02 5.03456808e+01
1.18568769e+02 4.90966043e+01
1.18620797e+02 4.75285167e+01
1.18672825e+02 4.56745392e+01
1.18724853e+02 4.35741406e+01
1.18776882e+02 4.12732123e+01
1.18843711e+02 3.81069730e+01
1.19010786e+02 2.99065934e+01
1.19074146e+02 2.69729916e+01
1.19119063e+02 2.50249725e+01
1.19163980e+02 2.32096882e+01
1.19208897e+02 2.15410239e+01
1.19253814e+02 2.00267006e+01
1.19296362e+02 1.87363637e+01
1.19334173e+02 1.77053055e+01
1.19371985e+02 1.67787603e+01
1.19409796e+02 1.59508154e+01
1.19447607e+02 1.52142654e+01
1.19485418e+02 1.45610602e+01
1.19523230e+02 1.39826919e+01
1.19561041e+02 1.34705726e+01
1.19611456e+02 1.28763712e+01
1.19661871e+02 1.23665726e+01
1.19711652e+02 1.19299850e+01
1.19785375e+02 1.13775046e+01
1.19859097e+02 1.09086939e+01
1.19932819e+02 1.05018162e+01
1.20031115e+02 1.00353804e+01
1.20129411e+02 9.64712820e+00
1.20203133e+02 9.40890807e+00
1.20276855e+02 9.22159808e+00
1.20350577e+02 9.09335013e+00
1.20424299e+02 9.03540004e+00
1.20439658e+02 9.03345274e+00
1.20501699e+02 9.06602548e+00
1.20558204e+02 9.15903760e+00
1.20600582e+02 9.27429790e+00
1.20642960e+02 9.43371367e+00
1.20685339e+02 9.64279161e+00
1.20727717e+02 9.90821000e+00
1.20770095e+02 1.02383096e+01
1.20812473e+02 1.06437083e+01
1.20854852e+02 1.11380311e+01
1.20883104e+02 1.15253949e+01
1.20911356e+02 1.19661604e+01
1.20940835e+02 1.24908174e+01
1.20971542e+02 1.31176489e+01
1.21002248e+02 1.38383780e+01
1.21025278e+02 1.44486324e+01
1.21048308e+02 1.51254929e+01
1.21071338e+02 1.58755536e+01
1.21094368e+02 1.67057052e+01
1.21117398e+02 1.76230712e+01
1.21140428e+02 1.86348653e+01
1.21163458e+02 1.97482807e+01
1.21189450e+02 2.11357118e+01
1.21216923e+02 2.27630626e+01
1.21244395e+02 2.45655094e+01
1.21271868e+02 2.65512610e+01
1.21299341e+02 2.87261937e+01
1.21327090e+02 3.11180428e+01
1.21355391e+02 3.37587990e+01
1.21383693e+02 3.65977434e+01
1.21411994e+02 3.96246698e+01
1.21449729e+02 4.39249149e+01
1.21491950e+02 4.90317301e+01
1.21608714e+02 6.38425372e+01
1.21655420e+02 6.95224368e+01
1.21702174e+02 7.47106732e+01
1.21733344e+02 7.77710005e+01
1.21764514e+02 8.04313808e+01
1.21795683e+02 8.26288883e+01
1.21826853e+02 8.43091279e+01
1.21858023e+02 8.54283638e+01
1.21889192e+02 8.59552800e+01
1.21904777e+02 8.59905567e+01
1.21934247e+02 8.56375676e+01
1.21963716e+02 8.47394083e+01
1.21993186e+02 8.33108763e+01
1.22022656e+02 8.13778564e+01
1.22052126e+02 7.89764163e+01
1.22081595e+02 7.61515548e+01
1.22111065e+02 7.29556678e+01
1.22140535e+02 6.94468070e+01
1.22181905e+02 6.41116681e+01
1.22243961e+02 5.55663800e+01
1.22318642e+02 4.51396242e+01
1.22356517e+02 4.00507576e+01
1.22394392e+02 3.52163206e+01
1.22418930e+02 3.22527601e+01
1.22442756e+02 2.95183394e+01
1.22466581e+02 2.69349440e+01
1.22490407e+02 2.45096334e+01
1.22513966e+02 2.22712569e+01
1.22537258e+02 2.02163295e+01
1.22554727e+02 1.87782696e+01
1.22572196e+02 1.74278602e+01
1.22589665e+02 1.61638850e+01
1.22606172e+02 1.50474554e+01
1.22622197e+02 1.40343648e+01
1.22638223e+02 1.30892323e+01
1.22654250e+02 1.22100730e+01
1.22670276e+02 1.13947453e+01
1.22687647e+02 1.05804363e+01
1.22707709e+02 9.72606950e+00
1.22721083e+02 9.20550913e+00
1.22734458e+02 8.72249134e+00
1.22747833e+02 8.27557653e+00
1.22761207e+02 7.86332827e+00
1.22774582e+02 7.48432078e+00
1.22792682e+02 7.02182206e+00
1.22806860e+02 6.69806209e+00
1.22821037e+02 6.40636886e+00
1.22835215e+02 6.14518190e+00
1.22849392e+02 5.91298557e+00
1.22863570e+02 5.70831981e+00
1.22877747e+02 5.52976568e+00
1.22891925e+02 5.37596683e+00
1.22910828e+02 5.20715652e+00
1.22929732e+02 5.07708273e+00
1.22944516e+02 5.00053797e+00
1.22965429e+02 4.92736150e+00
1.22986342e+02 4.89225578e+00
1.23000284e+02 4.88841917e+00
1.23021197e+02 4.90977043e+00
1.23042110e+02 4.96109437e+00
1.23063023e+02 5.03965652e+00
1.23083935e+02 5.14285336e+00
1.23111819e+02 5.31448034e+00
1.23139703e+02 5.51983728e+00
1.23167587e+02 5.75350899e+00
1.23208939e+02 6.14103590e+00
1.23250291e+02 6.56289095e+00
1.23360563e+02 7.73769062e+00
1.23406301e+02 8.19901011e+00
1.23460811e+02 8.69584153e+00
1.23497152e+02 8.98507721e+00
1.23533492e+02 9.23530546e+00
1.23569833e+02 9.44375667e+00
1.23606173e+02 9.60947908e+00
1.23642513e+02 9.73343179e+00
1.23699291e+02 9.85104673e+00
1.23760604e+02 9.89603602e+00
1.23781042e+02 9.89844991e+00
1.23842355e+02 9.89323629e+00
1.23903668e+02 9.91442123e+00
1.23944544e+02 9.97482865e+00
1.23985419e+02 1.00957394e+01
1.24019119e+02 1.02552163e+01
1.24045643e+02 1.04264115e+01
1.24072166e+02 1.06432587e+01
1.24098690e+02 1.09102697e+01
1.24125214e+02 1.12313918e+01
1.24151737e+02 1.16098820e+01
1.24178261e+02 1.20481828e+01
1.24204785e+02 1.25478049e+01
1.24230145e+02 1.30832973e+01
1.24266439e+02 1.39466704e+01
1.24302733e+02 1.49192984e+01
1.24339028e+02 1.59916762e+01
1.24387420e+02 1.75522268e+01
1.24455564e+02 1.99217584e+01
1.24558107e+02 2.35447936e+01
1.24602054e+02 2.49929296e+01
1.24646001e+02 2.63158329e+01
1.24687718e+02 2.74244155e+01
1.24729434e+02 2.83685666e+01
1.24771150e+02 2.91379780e+01
1.24812866e+02 2.97337224e+01
1.24854582e+02 3.01685790e+01
1.24901578e+02 3.04961759e+01
1.24967759e+02 3.07616232e+01
1.25067030e+02 3.11033806e+01
1.25116665e+02 3.14384677e+01
1.25151206e+02 3.17992717e+01
1.25187197e+02 3.23191779e+01
1.25223187e+02 3.30114875e+01
1.25259178e+02 3.38974277e+01
1.25295169e+02 3.49928007e+01
1.25331160e+02 3.63074192e+01
1.25367150e+02 3.78446864e+01
1.25403141e+02 3.96014258e+01
1.25440620e+02 4.16534632e+01
1.25479587e+02 4.40082253e+01
1.25538038e+02 4.78991069e+01
1.25615972e+02 5.35524937e+01
1.25732874e+02 6.22637713e+01
1.25808188e+02 6.74707945e+01
1.25858397e+02 7.05645859e+01
1.25908607e+02 7.32586785e+01
1.25958816e+02 7.54859260e+01
1.26009025e+02 7.71944997e+01
1.26059235e+02 7.83469924e+01
1.26109444e+02 7.89187320e+01
1.26134548e+02 7.89821334e+01
1.26178420e+02 7.87336316e+01
1.26222292e+02 7.80283491e+01
1.26266164e+02 7.68712996e+01
1.26310036e+02 7.52731419e+01
1.26353908e+02 7.32509228e+01
1.26397780e+02 7.08289725e+01
1.26441652e+02 6.80397107e+01
1.26485524e+02 6.49241151e+01
1.26548653e+02 5.99696103e+01
1.26627564e+02 5.32403991e+01
1.26759607e+02 4.16629294e+01
1.26802745e+02 3.80498796e+01
1.26845882e+02 3.46162895e+01
1.26889020e+02 3.14079113e+01
1.26922014e+02 2.91289022e+01
1.26956292e+02 2.69367980e+01
1.26990570e+02 2.49333856e+01
1.27024847e+02 2.31248478e+01
1.27059125e+02 2.15138555e+01
1.27081977e+02 2.05494986e+01
1.27107284e+02 1.95828235e+01
1.27135045e+02 1.86427380e+01
1.27162807e+02 1.78255139e+01
1.27190568e+02 1.71273200e+01
1.27218330e+02 1.65438005e+01
1.27246092e+02 1.60702138e+01
1.27273853e+02 1.57015759e+01
1.27301615e+02 1.54327539e+01
1.27327981e+02 1.52651379e+01
1.27351408e+02 1.51842331e+01
1.27373290e+02 1.51636252e+01
1.27406113e+02 1.52266750e+01
1.27438936e+02 1.53950424e+01
1.27471760e+02 1.56603909e+01
1.27504583e+02 1.60143198e+01
1.27537406e+02 1.64482271e+01
1.27581171e+02 1.71356197e+01
1.27624935e+02 1.79264379e+01
1.27690582e+02 1.92510350e+01
1.27813214e+02 2.18524751e+01
1.27862266e+02 2.28042885e+01
1.27911319e+02 2.36285527e+01
1.27948108e+02 2.41328959e+01
1.27984898e+02 2.45180758e+01
1.28021687e+02 2.47673203e+01
1.28058477e+02 2.48671629e+01
1.28095580e+02 2.48069619e+01
1.28133311e+02 2.45749780e+01
1.28171042e+02 2.41710386e+01
1.28208774e+02 2.36009666e+01
1.28246505e+02 2.28760129e+01
1.28284236e+02 2.20124067e+01
1.28321967e+02 2.10306293e+01
1.28359699e+02 1.99545226e+01
1.28410007e+02 1.84183269e+01
1.28525734e+02 1.47749878e+01
1.28565999e+02 1.35749154e+01
1.28606263e+02 1.24535494e+01
1.28636462e+02 1.16771412e+01
1.28660098e+02 1.11135617e+01
1.28687239e+02 1.05183482e+01
1.28714379e+02 9.98203107e+00
1.28741520e+02 9.50730512e+00
1.28768661e+02 9.09602748e+00
1.28795801e+02 8.74927021e+00
1.28822942e+02 8.46737848e+00
1.28850082e+02 8.25003050e+00
1.28875228e+02 8.10545726e+00
1.28898380e+02 8.01964071e+00
1.28923767e+02 7.97620114e+00
1.28937577e+02 7.97417737e+00
1.28965198e+02 8.01410882e+00
1.28992819e+02 8.11002031e+00
1.29020439e+02 8.25835639e+00
1.29048060e+02 8.45516677e+00
1.29075681e+02 8.69612844e+00
1.29103302e+02 8.97656665e+00
1.29146841e+02 9.48657123e+00
1.29194599e+02 1.01192865e+01
1.29337870e+02 1.21764324e+01
1.29385627e+02 1.28094065e+01
1.29427470e+02 1.33015886e+01
1.29469314e+02 1.37166500e+01
1.29511158e+02 1.40393281e+01
1.29553002e+02 1.42576212e+01
1.29594846e+02 1.43632989e+01
1.29608794e+02 1.43726664e+01
1.29648041e+02 1.43290601e+01
1.29687287e+02 1.41836184e+01
1.29726534e+02 1.39408898e+01
1.29765780e+02 1.36085564e+01
1.29805027e+02 1.31971572e+01
1.29844273e+02 1.27197213e+01
1.29896602e+02 1.20067272e+01
1.30027424e+02 1.00973756e+01
1.30075161e+02 9.45479868e+00
1.30106986e+02 9.06907207e+00
1.30138810e+02 8.72809632e+00
1.30170635e+02 8.44047769e+00
1.30202460e+02 8.21430452e+00
1.30226328e+02 8.08955051e+00
1.30250197e+02 8.00656696e+00
1.30274066e+02 7.96812018e+00
1.30282022e+02 7.96565144e+00
1.30308689e+02 7.99671356e+00
1.30333320e+02 8.08130607e+00
1.30357952e+02 8.22191599e+00
1.30382584e+02 8.42056692e+00
1.30407215e+02 8.67902379e+00
1.30431847e+02 8.99878483e+00
1.30456479e+02 9.38105468e+00
1.30481110e+02 9.82673211e+00
1.30505742e+02 1.03363709e+01
1.30534648e+02 1.10162607e+01
1.30563554e+02 1.17840728e+01
1.30592460e+02 1.26385607e+01
1.30621366e+02 1.35775542e+01
1.30650272e+02 1.45978902e+01
1.30679130e+02 1.56934286e+01
1.30717575e+02 1.72629770e+01
1.30756019e+02 1.89436530e+01
1.30813686e+02 2.16299659e+01
1.30965589e+02 2.90702531e+01
1.31016223e+02 3.14412475e+01
1.31061516e+02 3.34230305e+01
1.31106808e+02 3.52292096e+01
1.31152100e+02 3.68244577e+01
1.31197392e+02 3.81826024e+01
1.31242684e+02 3.92880729e+01
1.31287976e+02 4.01365901e+01
1.31333268e+02 4.07350657e+01
1.31378560e+02 4.11006669e+01
1.31438563e+02 4.12713376e+01
1.31498566e+02 4.11554295e+01
1.31538568e+02 4.09611103e+01
1.31778580e+02 3.91956850e+01
1.31898586e+02 3.85827988e+01
1.32018592e+02 3.83077004e+01
1.32071726e+02 3.82810950e+01
1.32188619e+02 3.83977312e+01
1.32316140e+02 3.87674730e+01
1.32571182e+02 3.98224830e+01
1.32698702e+02 4.00839583e+01
1.32774242e+02 4.01035035e+01
1.32849782e+02 4.00940078e+01
1.32925321e+02 4.01701764e+01
1.33000861e+02 4.04654763e+01
1.33060300e+02 4.09242780e+01
1.33119738e+02 4.16080718e+01
1.33208896e+02 4.29965211e+01
1.33327774e+02 4.50324451e+01
1.33387212e+02 4.57936666e+01
1.33431791e+02 4.61086516e+01
1.33456867e+02 4.61594251e+01
1.33493076e+02 4.60450740e+01
1.33531487e+02 4.56552089e+01
1.33564045e+02 4.50923145e+01
1.33596602e+02 4.43092288e+01
1.33629160e+02 4.33065822e+01
1.33661718e+02 4.20920648e+01
1.33705128e+02 4.01692851e+01
1.33748538e+02 3.79486521e+01
1.33791949e+02 3.54994516e+01
1.33917180e+02 2.79327097e+01
1.33957258e+02 2.56115732e+01
1.33987316e+02 2.39769700e+01
1.34017374e+02 2.24626803e+01
1.34041098e+02 2.13680715e+01
1.34064822e+02 2.03736548e+01
1.34088546e+02 1.94887614e+01
1.34112270e+02 1.87215879e+01
1.34135995e+02 1.80791991e+01
1.34159719e+02 1.75675532e+01
1.34183443e+02 1.71915439e+01
1.34201236e+02 1.70009214e+01
1.34219719e+02 1.68874106e+01
1.34232271e+02 1.68599937e+01
1.34252044e+02 1.68990333e+01
1.34271817e+02 1.70392929e+01
1.34291591e+02 1.72811539e+01
1.34311364e+02 1.76246638e+01
1.34331137e+02 1.80695585e+01
1.34350910e+02 1.86152821e+01
1.34370684e+02 1.92610014e+01
1.34390457e+02 2.00056179e+01
1.34416952e+02 2.11559728e+01
1.34443446e+02 2.24774358e+01
1.34469941e+02 2.39651928e+01
1.34496435e+02 2.56135670e+01
1.34522930e+02 2.74160027e+01
1.34549646e+02 2.93818412e+01
1.34585414e+02 3.22316749e+01
1.34621183e+02 3.53086658e+01
1.34656951e+02 3.85849464e+01
1.34702087e+02 4.29539427e+01
1.34770215e+02 4.98892427e+01
1.34865594e+02 5.97757240e+01
1.34916121e+02 6.48198526e+01
1.34962672e+02 6.91873397e+01
1.35009223e+02 7.31717029e+01
1.35055774e+02 7.66670483e+01
1.35090687e+02 7.89095844e+01
1.35125600e+02 8.07877914e+01
1.35160513e+02 8.22721311e+01
1.35195426e+02 8.33395408e+01
1.35230339e+02 8.39741616e+01
1.35265252e+02 8.41678971e+01
1.35305804e+02 8.38399650e+01
1.35346355e+02 8.29316757e+01
1.35386907e+02 8.14719383e+01
1.35427459e+02 7.95037231e+01
1.35468010e+02 7.70826989e+01
1.35508562e+02 7.42753151e+01
1.35562631e+02 7.00613815e+01
1.35643734e+02 6.31238273e+01
1.35727517e+02 5.57947749e+01
1.35786945e+02 5.08434939e+01
1.35831515e+02 4.73892652e+01
1.35876086e+02 4.42151517e+01
1.35920657e+02 4.13510115e+01
1.35964159e+02 3.88633738e+01
1.36007126e+02 3.66957411e+01
1.36050093e+02 3.47920875e+01
1.36093060e+02 3.31173140e+01
1.36136027e+02 3.16285323e+01
1.36193316e+02 2.98519787e+01
1.36393828e+02 2.41794123e+01
1.36508867e+02 2.07188494e+01
1.36595146e+02 1.81151379e+01
1.36649020e+02 1.65968857e+01
1.36686692e+02 1.56277213e+01
1.36724365e+02 1.47607135e+01
1.36749479e+02 1.42500076e+01
1.36774594e+02 1.37998547e+01
1.36799709e+02 1.34153218e+01
1.36824824e+02 1.31007552e+01
1.36846916e+02 1.28847068e+01
1.36869009e+02 1.27273745e+01
1.36891102e+02 1.26300128e+01
1.36913194e+02 1.25932707e+01
1.36936908e+02 1.26212944e+01
1.36960621e+02 1.27183598e+01
1.36984335e+02 1.28827768e+01
1.37008048e+02 1.31119703e+01
1.37031762e+02 1.34024853e+01
1.37067332e+02 1.39435637e+01
1.37102902e+02 1.45946686e+01
1.37143085e+02 1.54349644e+01
1.37210056e+02 1.69839706e+01
1.37263633e+02 1.82453513e+01
1.37317209e+02 1.94139820e+01
1.37352925e+02 2.00916236e+01
1.37388640e+02 2.06563055e+01
1.37424356e+02 2.10845576e+01
1.37460071e+02 2.13573494e+01
1.37495787e+02 2.14608510e+01
1.37498763e+02 2.14615379e+01
1.37530589e+02 2.13910923e+01
1.37564934e+02 2.11551045e+01
1.37599279e+02 2.07562777e+01
1.37633624e+02 2.02026893e+01
1.37667970e+02 1.95068393e+01
1.37702315e+02 1.86850208e+01
1.37736660e+02 1.77565468e+01
1.37782454e+02 1.63899716e+01
1.37851144e+02 1.41744519e+01
1.37930672e+02 1.15699874e+01
1.37973146e+02 1.02413364e+01
1.38001581e+02 9.39585895e+00
1.38030135e+02 8.59047838e+00
1.38058690e+02 7.83426664e+00
1.38087244e+02 7.13127923e+00
1.38108820e+02 6.63710803e+00
1.38130718e+02 6.16901974e+00
1.38152615e+02 5.73497731e+00
1.38174512e+02 5.33499964e+00
1.38196410e+02 4.96878542e+00
1.38218307e+02 4.63576862e+00
1.38238599e+02 4.35611838e+00
1.38258890e+02 4.10350642e+00
1.38279181e+02 3.87703503e+00
1.38299472e+02 3.67572421e+00
1.38319763e+02 3.49852659e+00
1.38340054e+02 3.34435715e+00
1.38360345e+02 3.21210562e+00
1.38380637e+02 3.10065960e+00
1.38400672e+02 3.00995129e+00
1.38420708e+02 2.93740741e+00
1.38440743e+02 2.88201372e+00
1.38460779e+02 2.84279104e+00
1.38484433e+02 2.81602039e+00
1.38508086e+02 2.80900808e+00
1.38531740e+02 2.82036266e+00
1.38555393e+02 2.84877004e+00
1.38579047e+02 2.89298655e+00
1.38602700e+02 2.95182945e+00
1.38634238e+02 3.05108679e+00
1.38665776e+02 3.17175257e+00
1.38697314e+02 3.31131412e+00
1.38729436e+02 3.47031387e+00
1.38778494e+02 3.74003237e+00
1.38827553e+02 4.03384597e+00
1.38974728e+02 4.96560958e+00
1.39039547e+02 5.35742729e+00
1.39104366e+02 5.71922337e+00
1.39169185e+02 6.04865985e+00
1.39331233e+02 6.80836738e+00
1.39396052e+02 7.14998824e+00
1.39444666e+02 7.44865148e+00
1.39493281e+02 7.79731993e+00
1.39538421e+02 8.17434593e+00
1.39583560e+02 8.60776031e+00
1.39628700e+02 9.09901783e+00
1.39673840e+02 9.64565407e+00
1.39718979e+02 1.02410967e+01
1.39786689e+02 1.12015796e+01
1.39899403e+02 1.28465338e+01
1.39966911e+02 1.37532187e+01
1.40011915e+02 1.42830624e+01
1.40056920e+02 1.47317188e+01
1.40101925e+02 1.50836911e+01
1.40146930e+02 1.53270439e+01
1.40191935e+02 1.54540451e+01
1.40214437e+02 1.54727447e+01
1.40259390e+02 1.54208919e+01
1.40304343e+02 1.52537559e+01
1.40349296e+02 1.49793764e+01
1.40394249e+02 1.46095214e+01
1.40439202e+02 1.41589805e+01
1.40484155e+02 1.36447733e+01
1.40574061e+02 1.24997369e+01
1.40663966e+02 1.13259120e+01
1.40713845e+02 1.07160702e+01
1.40753665e+02 1.02704568e+01
1.40793485e+02 9.87345997e+00
1.40833305e+02 9.53566201e+00
1.40873125e+02 9.26736130e+00
1.40902990e+02 9.11787874e+00
1.40932855e+02 9.01755599e+00
1.40962720e+02 8.97079606e+00
1.40972675e+02 8.96788797e+00
1.41002540e+02 8.99957859e+00
1.41026719e+02 9.07209982e+00
1.41055168e+02 9.21482093e+00
1.41083616e+02 9.42360513e+00
1.41112065e+02 9.70273127e+00
1.41140514e+02 1.00564838e+01
1.41168962e+02 1.04890829e+01
1.41197411e+02 1.10045952e+01
1.41225860e+02 1.16068244e+01
1.41251014e+02 1.22142990e+01
1.41272874e+02 1.28010270e+01
1.41294734e+02 1.34435928e+01
1.41316594e+02 1.41427938e+01
1.41349384e+02 1.52987524e+01
1.41382174e+02 1.65831843e+01
1.41414964e+02 1.79939321e+01
1.41449852e+02 1.96283324e+01
1.41484739e+02 2.13913388e+01
1.41519626e+02 2.32700095e+01
1.41567319e+02 2.59938406e+01
1.41644150e+02 3.06220299e+01
1.41733787e+02 3.60256624e+01
1.41777345e+02 3.84874229e+01
1.41813242e+02 4.03651427e+01
1.41849139e+02 4.20634568e+01
1.41885036e+02 4.35444640e+01
1.41920933e+02 4.47737938e+01
1.41956830e+02 4.57219534e+01
1.41992727e+02 4.63655092e+01
1.42028624e+02 4.66881074e+01
1.42046573e+02 4.67260558e+01
1.42083983e+02 4.65392461e+01
1.42121393e+02 4.59978649e+01
1.42158803e+02 4.51161303e+01
1.42196214e+02 4.39173445e+01
1.42233624e+02 4.24328974e+01
1.42271034e+02 4.07009285e+01
1.42320914e+02 3.80818360e+01
1.42370795e+02 3.52107145e+01
1.42508607e+02 2.68822620e+01
1.42561099e+02 2.38708399e+01
1.42603093e+02 2.16185207e+01
1.42632985e+02 2.01180759e+01
1.42662074e+02 1.87478881e+01
1.42691163e+02 1.74707828e+01
1.42720252e+02 1.62889370e+01
1.42749341e+02 1.52026442e+01
1.42768734e+02 1.45309071e+01
1.42801037e+02 1.35027382e+01
1.42825263e+02 1.28033808e+01
1.42849490e+02 1.21625591e+01
1.42865642e+02 1.17663463e+01
1.42897944e+02 1.10438272e+01
1.42930246e+02 1.04074333e+01
1.42962549e+02 9.84837508e+00
1.42994851e+02 9.35779524e+00
1.43027154e+02 8.92702906e+00
1.43061733e+02 8.52281509e+00
1.43096313e+02 8.16824831e+00
1.43130892e+02 7.85478542e+00
1.43182761e+02 7.44540660e+00
1.43234630e+02 7.09057304e+00
1.43303789e+02 6.67523105e+00
1.43372948e+02 6.30352472e+00
1.43442107e+02 5.96237249e+00
1.43511266e+02 5.64787836e+00
1.43580425e+02 5.36232875e+00
1.43647885e+02 5.11718193e+00
1.43715346e+02 4.91156598e+00
1.43760320e+02 4.79950216e+00
1.43805293e+02 4.70920420e+00
1.43850267e+02 4.64176849e+00
1.43895241e+02 4.59790448e+00
1.43948145e+02 4.57695295e+00
1.43956075e+02 4.57667946e+00
1.44003655e+02 4.59073674e+00
1.44051235e+02 4.63171847e+00
1.44098816e+02 4.69985305e+00
1.44146396e+02 4.79591326e+00
1.44193976e+02 4.92158696e+00
1.44241556e+02 5.07988380e+00
1.44289136e+02 5.27556438e+00
1.44320856e+02 5.43011733e+00
1.44352577e+02 5.60701301e+00
1.44384297e+02 5.80951181e+00
1.44416017e+02 6.04149297e+00
1.44447737e+02 6.30748955e+00
1.44480532e+02 6.62381178e+00
1.44513327e+02 6.98859988e+00
1.44537923e+02 7.29835933e+00
1.44562520e+02 7.64281563e+00
1.44587116e+02 8.02552542e+00
1.44611712e+02 8.45021910e+00
1.44636308e+02 8.92077682e+00
1.44660904e+02 9.44116869e+00
1.44685501e+02 1.00154143e+01
1.44710097e+02 1.06474998e+01
1.44738834e+02 1.14644569e+01
1.44767571e+02 1.23715354e+01
1.44796308e+02 1.33740485e+01
1.44825044e+02 1.44765078e+01
1.44853781e+02 1.56824065e+01
1.44883008e+02 1.70172305e+01
1.44912480e+02 1.84745795e+01
1.44941953e+02 2.00424345e+01
1.44971425e+02 2.17172888e+01
1.45010721e+02 2.41061496e+01
1.45057802e+02 2.71735239e+01
1.45113687e+02 3.10329160e+01
1.45225361e+02 3.89527642e+01
1.45281149e+02 4.26854365e+01
1.45322989e+02 4.52373091e+01
1.45364830e+02 4.74909779e+01
1.45392724e+02 4.87919564e+01
1.45431766e+02 5.03004009e+01
1.45461048e+02 5.11684507e+01
1.45490329e+02 5.17940321e+01
1.45519611e+02 5.21662659e+01
1.45548892e+02 5.22785450e+01
1.45579418e+02 5.21165819e+01
1.45609943e+02 5.16726429e+01
1.45640469e+02 5.09548222e+01
1.45670994e+02 4.99762345e+01
1.45701520e+02 4.87546084e+01
1.45732045e+02 4.73117440e+01
1.45772746e+02 4.50877611e+01
1.45813447e+02 4.25824320e+01
1.45874498e+02 3.84549158e+01
1.46002628e+02 2.93414817e+01
1.46045339e+02 2.64380085e+01
1.46082411e+02 2.40516020e+01
1.46119484e+02 2.18200404e+01
1.46147288e+02 2.02615915e+01
1.46175093e+02 1.88099202e+01
1.46203507e+02 1.74420921e+01
1.46233143e+02 1.61440725e+01
1.46262779e+02 1.49796137e+01
1.46282537e+02 1.42778992e+01
1.46302294e+02 1.36357140e+01
1.46322051e+02 1.30526668e+01
1.46341809e+02 1.25281666e+01
1.46361503e+02 1.20628453e+01
1.46381135e+02 1.16552751e+01
1.46400768e+02 1.13029132e+01
1.46420400e+02 1.10046988e+01
1.46440032e+02 1.07595196e+01
1.46459664e+02 1.05662157e+01
1.46479296e+02 1.04236027e+01
1.46498928e+02 1.03304727e+01
1.46520968e+02 1.02833650e+01
1.46533192e+02 1.02828188e+01
1.46557639e+02 1.03350320e+01
1.46582086e+02 1.04562664e+01
1.46606533e+02 1.06439888e+01
1.46630981e+02 1.08955568e+01
1.46655428e+02 1.12081714e+01
1.46679875e+02 1.15788315e+01
1.46704322e+02 1.20042799e+01
1.46739711e+02 1.27098778e+01
1.46775100e+02 1.35106022e+01
1.46798693e+02 1.40904516e+01
1.46845878e+02 1.53395800e+01
1.46920444e+02 1.74652664e+01
1.47002584e+02 1.98110522e+01
1.47043654e+02 2.08966102e+01
1.47084724e+02 2.18732592e+01
1.47112104e+02 2.24458066e+01
1.47152030e+02 2.31445183e+01
1.47181975e+02 2.35480131e+01
1.47211919e+02 2.38374569e+01
1.47241864e+02 2.40053944e+01
1.47266818e+02 2.40487275e+01
1.47300556e+02 2.39645860e+01
1.47329303e+02 2.37631135e+01
1.47358050e+02 2.34442938e+01
1.47386798e+02 2.30123350e+01
1.47425127e+02 2.22714875e+01
1.47463457e+02 2.13608132e+01
1.47501787e+02 2.03053022e+01
1.47540117e+02 1.91338283e+01
1.47597360e+02 1.72370325e+01
1.47691928e+02 1.39810105e+01
1.47743960e+02 1.22674514e+01
1.47772370e+02 1.13878075e+01
1.47800780e+02 1.05598281e+01
1.47829189e+02 9.79173001e+00
1.47851952e+02 9.22436462e+00
1.47877625e+02 8.64007443e+00
1.47903299e+02 8.11855639e+00
1.47928973e+02 7.66316513e+00
1.47946088e+02 7.39771234e+00
1.47963204e+02 7.16361622e+00
1.47986356e+02 6.89795775e+00
1.48004464e+02 6.73181873e+00
1.48022572e+02 6.60283200e+00
1.48040680e+02 6.51147351e+00
1.48058788e+02 6.45815993e+00
1.48076896e+02 6.44325900e+00
1.48095302e+02 6.46781432e+00
1.48113708e+02 6.53269885e+00
1.48132113e+02 6.63818802e+00
1.48150519e+02 6.78452674e+00
1.48168925e+02 6.97193510e+00
1.48187330e+02 7.20060099e+00
1.48205736e+02 7.47068515e+00
1.48224142e+02 7.78230614e+00
1.48247152e+02 8.23043613e+00
1.48270163e+02 8.74363833e+00
1.48293173e+02 9.32178536e+00
1.48316184e+02 9.96454787e+00
1.48339195e+02 1.06713542e+01
1.48362359e+02 1.14466948e+01
1.48385600e+02 1.22877256e+01
1.48408841e+02 1.31903596e+01
1.48439829e+02 1.44860564e+01
1.48470816e+02 1.58812706e+01
1.48508367e+02 1.76938347e+01
1.48545919e+02 1.96230760e+01
1.48583470e+02 2.16473188e+01
1.48657139e+02 2.57928927e+01
1.48741414e+02 3.05598479e+01
1.48789572e+02 3.31502472e+01
1.48831506e+02 3.52517682e+01
1.48867217e+02 3.68904278e+01
1.48902929e+02 3.83616988e+01
1.48938640e+02 3.96423016e+01
1.48974351e+02 4.07133898e+01
1.49010062e+02 4.15612822e+01
1.49045774e+02 4.21780290e+01
1.49081485e+02 4.25617076e+01
1.49126076e+02 4.27204940e+01
1.49166180e+02 4.25758077e+01
1.49206284e+02 4.21835753e+01
1.49246388e+02 4.15747946e+01
1.49286492e+02 4.07856463e+01
1.49339964e+02 3.95210261e+01
1.49420171e+02 3.73605649e+01
1.49527115e+02 3.44202634e+01
1.49592677e+02 3.27627081e+01
1.49658239e+02 3.12701459e+01
1.49723801e+02 2.99313892e+01
1.49920487e+02 2.62651127e+01
1.49986049e+02 2.49314094e+01
1.50051611e+02 2.34616945e+01
1.50124786e+02 2.16510290e+01
1.50197961e+02 1.96893997e+01
1.50369493e+02 1.48804098e+01
1.50432448e+02 1.31949168e+01
1.50482811e+02 1.19258759e+01
1.50520584e+02 1.10310961e+01
1.50558125e+02 1.01955403e+01
1.50595202e+02 9.42584951e+00
1.50632278e+02 8.71283643e+00
1.50669354e+02 8.05671574e+00
1.50706431e+02 7.45662659e+00
1.50743507e+02 6.91085280e+00
1.50773128e+02 6.51228620e+00
1.50802749e+02 6.14546984e+00
1.50832370e+02 5.80887532e+00
1.50861991e+02 5.50091601e+00
1.50891611e+02 5.21998936e+00
1.50921232e+02 4.96452001e+00
1.50950853e+02 4.73298239e+00
1.50980474e+02 4.52391955e+00
1.51013955e+02 4.31293472e+00
1.51047436e+02 4.12701916e+00
1.51080917e+02 3.96439840e+00
1.51114398e+02 3.82337827e+00
1.51147880e+02 3.70231131e+00
1.51181361e+02 3.59956070e+00
1.51226002e+02 3.48817172e+00
1.51270644e+02 3.40228634e+00
1.51315285e+02 3.33756098e+00
1.51366361e+02 3.28353864e+00
1.51452624e+02 3.22139905e+00
1.51567642e+02 3.14444578e+00
1.51625049e+02 3.08991437e+00
1.51682456e+02 3.01763757e+00
1.51739863e+02 2.92597909e+00
1.51797270e+02 2.81639279e+00
1.51883380e+02 2.62855632e+00
1.51969491e+02 2.43500041e+00
1.52026897e+02 2.31866088e+00
1.52067868e+02 2.24902440e+00
1.52108839e+02 2.19553236e+00
1.52136153e+02 2.17119998e+00
1.52163467e+02 2.15772229e+00
1.52177124e+02 2.15557100e+00
1.52204438e+02 2.16155582e+00
1.52231751e+02 2.18286222e+00
1.52257758e+02 2.21930157e+00
1.52282458e+02 2.27033658e+00
1.52300983e+02 2.32025426e+00
1.52319508e+02 2.38109283e+00
1.52338032e+02 2.45376409e+00
1.52356557e+02 2.53923990e+00
1.52375082e+02 2.63855428e+00
1.52393607e+02 2.75280084e+00
1.52412132e+02 2.88313861e+00
1.52430657e+02 3.03078143e+00
1.52443006e+02 3.13944957e+00
1.52461193e+02 3.31533288e+00
1.52479380e+02 3.51124814e+00
1.52497567e+02 3.72851392e+00
1.52515753e+02 3.96847674e+00
1.52533940e+02 4.23250679e+00
1.52552127e+02 4.52197717e+00
1.52570314e+02 4.83826262e+00
1.52588501e+02 5.18271243e+00
1.52607552e+02 5.57517484e+00
1.52626603e+02 6.00144111e+00
1.52645654e+02 6.46288023e+00
1.52664705e+02 6.96074789e+00
1.52683756e+02 7.49616206e+00
1.52702295e+02 8.05415985e+00
1.52726674e+02 8.84454877e+00
1.52751052e+02 9.70024523e+00
1.52775431e+02 1.06216309e+01
1.52800678e+02 1.16446593e+01
1.52826794e+02 1.27750450e+01
1.52852910e+02 1.39760344e+01
1.52879026e+02 1.52435029e+01
1.52910480e+02 1.68503598e+01
1.52956470e+02 1.93323243e+01
1.53020857e+02 2.29805540e+01
1.53107317e+02 2.79005419e+01
1.53152693e+02 3.03326647e+01
1.53198070e+02 3.25554071e+01
1.53233008e+02 3.40738921e+01
1.53269757e+02 3.54492629e+01
1.53306507e+02 3.65633163e+01
1.53343257e+02 3.73877516e+01
1.53380007e+02 3.79017300e+01
1.53416756e+02 3.80928232e+01
1.53452535e+02 3.79653231e+01
1.53488314e+02 3.75336113e+01
1.53524092e+02 3.68108327e+01
1.53559871e+02 3.58175770e+01
1.53595649e+02 3.45810219e+01
1.53631428e+02 3.31338280e+01
1.53655280e+02 3.20700820e+01
1.53702985e+02 2.97577784e+01
1.53774542e+02 2.60096126e+01
1.53852737e+02 2.18663687e+01
1.53888966e+02 2.00316969e+01
1.53925194e+02 1.82949749e+01
1.53960026e+02 1.67417342e+01
1.53985103e+02 1.57051003e+01
1.54010180e+02 1.47432693e+01
1.54035257e+02 1.38607226e+01
1.54060334e+02 1.30608737e+01
1.54077051e+02 1.25747887e+01
1.54099119e+02 1.19918023e+01
1.54121186e+02 1.14760201e+01
1.54143254e+02 1.10274497e+01
1.54165322e+02 1.06456025e+01
1.54187389e+02 1.03295316e+01
1.54209457e+02 1.00778692e+01
1.54231525e+02 9.88886390e+00
1.54253592e+02 9.76041677e+00
1.54275694e+02 9.69005127e+00
1.54292730e+02 9.67392390e+00
1.54319897e+02 9.71323280e+00
1.54341998e+02 9.80065610e+00
1.54371467e+02 9.98838992e+00
1.54400935e+02 1.02497442e+01
1.54430404e+02 1.05759421e+01
1.54459872e+02 1.09579387e+01
1.54505278e+02 1.16344652e+01
1.54553088e+02 1.24293048e+01
1.54680580e+02 1.46813639e+01
1.54744327e+02 1.57343741e+01
1.54803146e+02 1.65932433e+01
1.54861966e+02 1.73137741e+01
1.54920785e+02 1.78816986e+01
1.54979605e+02 1.82967471e+01
1.55038425e+02 1.85706860e+01
1.55110042e+02 1.87445440e+01
1.55162053e+02 1.87869293e+01
1.55266075e+02 1.87493860e+01
1.55422108e+02 1.86691292e+01
1.55497847e+02 1.87235799e+01
1.55569031e+02 1.88677313e+01
1.55640215e+02 1.91166697e+01
1.55711399e+02 1.94775524e+01
1.55782583e+02 1.99520517e+01
1.55853767e+02 2.05384099e+01
1.55924951e+02 2.12336941e+01
1.55996135e+02 2.20355835e+01
1.56043591e+02 2.26287079e+01
1.56138503e+02 2.39520516e+01
1.56233415e+02 2.54387197e+01
1.56405559e+02 2.82891524e+01
1.56462940e+02 2.91437031e+01
1.56520321e+02 2.98589957e+01
1.56577702e+02 3.03707726e+01
1.56620737e+02 3.05832348e+01
1.56649428e+02 3.06300101e+01
1.56692464e+02 3.05434048e+01
1.56737843e+02 3.02345635e+01
1.56783223e+02 2.96940940e+01
1.56828602e+02 2.89231761e+01
1.56873982e+02 2.79331098e+01
1.56919361e+02 2.67448425e+01
1.56964741e+02 2.53877587e+01
1.57010120e+02 2.38978258e+01
1.57078748e+02 2.14824734e+01
1.57171740e+02 1.81304271e+01
1.57229860e+02 1.61227545e+01
1.57276065e+02 1.46296395e+01
1.57310646e+02 1.35892659e+01
1.57345227e+02 1.26244657e+01
1.57379807e+02 1.17417349e+01
1.57414388e+02 1.09457871e+01
1.57440556e+02 1.04031586e+01
1.57469837e+02 9.85811789e+00
1.57499118e+02 9.37937274e+00
1.57528399e+02 8.96716526e+00
1.57557680e+02 8.62139599e+00
1.57586961e+02 8.34171796e+00
1.57616242e+02 8.12761485e+00
1.57638203e+02 8.00969750e+00
1.57660164e+02 7.92802443e+00
1.57688478e+02 7.87571493e+00
1.57697915e+02 7.87143447e+00
1.57726746e+02 7.89871066e+00
1.57755577e+02 7.98616185e+00
1.57784408e+02 8.13291543e+00
1.57813239e+02 8.33798690e+00
1.57842070e+02 8.60024248e+00
1.57870901e+02 8.91834762e+00
1.57899732e+02 9.29072615e+00
1.57928563e+02 9.71551218e+00
1.57967519e+02 1.03687848e+01
1.58006476e+02 1.11072166e+01
1.58045432e+02 1.19230503e+01
1.58084388e+02 1.28072184e+01
1.58136330e+02 1.40744074e+01
1.58214453e+02 1.61131169e+01
1.58355073e+02 1.98797326e+01
1.58417309e+02 2.14567059e+01
1.58479283e+02 2.29057869e+01
1.58541257e+02 2.41973844e+01
1.58603231e+02 2.53044440e+01
1.58649711e+02 2.60026588e+01
1.58696192e+02 2.65825838e+01
1.58758166e+02 2.71683283e+01
1.58820140e+02 2.75394476e+01
1.58882114e+02 2.76985465e+01
1.58898359e+02 2.77056910e+01
1.58955504e+02 2.76186826e+01
1.59004430e+02 2.74077680e+01
1.59053357e+02 2.70740305e+01
1.59102284e+02 2.66208666e+01
1.59151210e+02 2.60525157e+01
1.59200137e+02 2.53744209e+01
1.59273527e+02 2.41672408e+01
1.59346917e+02 2.27603090e+01
1.59420307e+02 2.11938862e+01
1.59518160e+02 1.89414324e+01
1.59664939e+02 1.54750719e+01
1.59724970e+02 1.41164842e+01
1.59785001e+02 1.28362187e+01
1.59830025e+02 1.19444182e+01
1.59875048e+02 1.11240771e+01
1.59905063e+02 1.06224640e+01
1.59939786e+02 1.00923997e+01
1.59974509e+02 9.62104411e+00
1.60009231e+02 9.21341663e+00
1.60043954e+02 8.87446641e+00
1.60069996e+02 8.66823252e+00
1.60096038e+02 8.50531660e+00
1.60122080e+02 8.38759279e+00
1.60148122e+02 8.31681578e+00
1.60174164e+02 8.29457779e+00
1.60199084e+02 8.32002930e+00
1.60224489e+02 8.39406929e+00
1.60249893e+02 8.51744317e+00
1.60275297e+02 8.69061084e+00
1.60300701e+02 8.91365484e+00
1.60326106e+02 9.18623654e+00
1.60351510e+02 9.50754214e+00
1.60376914e+02 9.87624677e+00
1.60402318e+02 1.02904735e+01
1.60440346e+02 1.09900993e+01
1.60478374e+02 1.17753196e+01
1.60503726e+02 1.23396590e+01
1.60554430e+02 1.35444126e+01
1.60687425e+02 1.68695931e+01
1.60736800e+02 1.80178695e+01
1.60786174e+02 1.90382259e+01
1.60819091e+02 1.96239098e+01
1.60852007e+02 2.01196243e+01
1.60882183e+02 2.04863554e+01
1.60923338e+02 2.08401689e+01
1.60964493e+02 2.10163979e+01
1.60983861e+02 2.10366807e+01
1.61023408e+02 2.09544899e+01
1.61057306e+02 2.07559094e+01
1.61091204e+02 2.04461596e+01
1.61113803e+02 2.01824980e+01
1.61159000e+02 1.95335047e+01
1.61204197e+02 1.87492457e+01
1.61249394e+02 1.78656918e+01
1.61404071e+02 1.46084884e+01
1.61452284e+02 1.36731681e+01
1.61500496e+02 1.28361056e+01
1.61532637e+02 1.23447597e+01
1.61564779e+02 1.19130366e+01
1.61596920e+02 1.15446231e+01
1.61628696e+02 1.12448477e+01
1.61660471e+02 1.10100476e+01
1.61692246e+02 1.08399482e+01
1.61724022e+02 1.07332312e+01
1.61757463e+02 1.06869080e+01
1.61790904e+02 1.07047709e+01
1.61824345e+02 1.07824876e+01
1.61857787e+02 1.09150848e+01
1.61891228e+02 1.10970942e+01
1.61941390e+02 1.14499195e+01
1.61991552e+02 1.18801055e+01
1.62058434e+02 1.25375777e+01
1.62225640e+02 1.43066668e+01
1.62294547e+02 1.49779310e+01
1.62365476e+02 1.55889076e+01
1.62436406e+02 1.61114327e+01
1.62649196e+02 1.74311325e+01
1.62702393e+02 1.78438115e+01
1.62755590e+02 1.83653662e+01
1.62791055e+02 1.87945872e+01
1.62826520e+02 1.93032253e+01
1.62863006e+02 1.99210268e+01
1.62899491e+02 2.06448452e+01
1.62935977e+02 2.14824839e+01
1.62972462e+02 2.24386434e+01
1.63008948e+02 2.35143364e+01
1.63045433e+02 2.47063881e+01
1.63100162e+02 2.66943990e+01
1.63147360e+02 2.85693264e+01
1.63292136e+02 3.47059606e+01
1.63350047e+02 3.70140191e+01
1.63396324e+02 3.86539659e+01
1.63442600e+02 4.00347959e+01
1.63488876e+02 4.10914211e+01
1.63519727e+02 4.15881234e+01
1.63550578e+02 4.19031407e+01
1.63585285e+02 4.20282620e+01
1.63618742e+02 4.19112461e+01
1.63651573e+02 4.15668459e+01
1.63684404e+02 4.09971629e+01
1.63717235e+02 4.02089816e+01
1.63750066e+02 3.92135051e+01
1.63771954e+02 3.84420660e+01
1.63815729e+02 3.66651760e+01
1.63859503e+02 3.46190953e+01
1.63903278e+02 3.23611581e+01
1.63965430e+02 2.89118187e+01
1.64075692e+02 2.25870582e+01
1.64126264e+02 1.97959466e+01
1.64158458e+02 1.81011199e+01
1.64198701e+02 1.60965801e+01
1.64222846e+02 1.49626087e+01
1.64250206e+02 1.37452517e+01
1.64277567e+02 1.26031879e+01
1.64304927e+02 1.15389069e+01
1.64332287e+02 1.05538206e+01
1.64354546e+02 9.81117916e+00
1.64376804e+02 9.12110072e+00
1.64399062e+02 8.48309660e+00
1.64421321e+02 7.89641411e+00
1.64443579e+02 7.36008180e+00
1.64460535e+02 6.98461179e+00
1.64479607e+02 6.59570404e+00
1.64498679e+02 6.24138692e+00
1.64517751e+02 5.92079529e+00
1.64536823e+02 5.63304662e+00
1.64555895e+02 5.37726856e+00
1.64574967e+02 5.15260148e+00
1.64594039e+02 4.95822217e+00
1.64610280e+02 4.81598212e+00
1.64630396e+02 4.66879214e+00
1.64650512e+02 4.55292914e+00
1.64670628e+02 4.46767619e+00
1.64690743e+02 4.41240008e+00
1.64710859e+02 4.38655470e+00
1.64719393e+02 4.38436617e+00
1.64739305e+02 4.39936735e+00
1.64756373e+02 4.43443615e+00
1.64773441e+02 4.48983288e+00
1.64790508e+02 4.56543028e+00
1.64813265e+02 4.69749399e+00
1.64836022e+02 4.86516296e+00
1.64858779e+02 5.06836281e+00
1.64881536e+02 5.30705970e+00
1.64902056e+02 5.55272804e+00
1.64920341e+02 5.79592157e+00
1.64947768e+02 6.20356668e+00
1.64975196e+02 6.66243312e+00
1.65002623e+02 7.17209795e+00
1.65030050e+02 7.73186110e+00
1.65054326e+02 8.26828745e+00
1.65084595e+02 8.98943478e+00
1.65114863e+02 9.76628118e+00
1.65145131e+02 1.05956061e+01
1.65179949e+02 1.16093171e+01
1.65219318e+02 1.28236065e+01
1.65278371e+02 1.47536447e+01
1.65383314e+02 1.83602555e+01
1.65475118e+02 2.14903819e+01
1.65544938e+02 2.37224773e+01
1.65597022e+02 2.52537682e+01
1.65649105e+02 2.66447478e+01
1.65701189e+02 2.78797381e+01
1.65753273e+02 2.89497312e+01
1.65805356e+02 2.98512141e+01
1.65857440e+02 3.05844683e+01
1.65909523e+02 3.11516564e+01
1.65961607e+02 3.15550399e+01
1.66013690e+02 3.17956414e+01
1.66065774e+02 3.18725854e+01
1.66120210e+02 3.17752091e+01
1.66175822e+02 3.14839499e+01
1.66231433e+02 3.09954961e+01
1.66287045e+02 3.03098238e+01
1.66342657e+02 2.94327560e+01
1.66398269e+02 2.83778911e+01
1.66453880e+02 2.71676902e+01
1.66528030e+02 2.53677944e+01
1.66696252e+02 2.10001886e+01
1.66756026e+02 1.95479701e+01
1.66795875e+02 1.86595378e+01
1.66835724e+02 1.78544079e+01
1.66875573e+02 1.71479451e+01
1.66915422e+02 1.65540786e+01
1.66945309e+02 1.61900685e+01
1.66975196e+02 1.59009930e+01
1.67005718e+02 1.56873383e+01
1.67037512e+02 1.55564300e+01
1.67064006e+02 1.55212935e+01
1.67095465e+02 1.55692868e+01
1.67126588e+02 1.57145073e+01
1.67157711e+02 1.59582026e+01
1.67188834e+02 1.63008445e+01
1.67219957e+02 1.67420666e+01
1.67251081e+02 1.72806155e+01
1.67282204e+02 1.79142776e+01
1.67313327e+02 1.86398289e+01
1.67346771e+02 1.95169583e+01
1.67382535e+02 2.05591092e+01
1.67418300e+02 2.16987965e+01
1.67471947e+02 2.35635547e+01
1.67543477e+02 2.62586339e+01
1.67664710e+02 3.09747747e+01
1.67714414e+02 3.28014201e+01
1.67764118e+02 3.44774452e+01
1.67813822e+02 3.59460643e+01
1.67863526e+02 3.71565702e+01
1.67900804e+02 3.78695382e+01
1.67938082e+02 3.84001351e+01
1.67975360e+02 3.87390347e+01
1.68020056e+02 3.88861690e+01
1.68057148e+02 3.87939798e+01
1.68101658e+02 3.84347777e+01
1.68146168e+02 3.78213423e+01
1.68190678e+02 3.69795329e+01
1.68235188e+02 3.59422800e+01
1.68279698e+02 3.47480587e+01
1.68368718e+02 3.20598867e+01
1.68487411e+02 2.83704867e+01
1.68550600e+02 2.65948601e+01
1.68592726e+02 2.55455270e+01
1.68634852e+02 2.46273171e+01
1.68676979e+02 2.38541620e+01
1.68719105e+02 2.32341235e+01
1.68761231e+02 2.27693183e+01
1.68803357e+02 2.24560304e+01
1.68839216e+02 2.23019369e+01
1.68883603e+02 2.22409117e+01
1.68927991e+02 2.23030452e+01
1.68972378e+02 2.24621391e+01
1.69149928e+02 2.34461130e+01
1.69209112e+02 2.36573586e+01
1.69253499e+02 2.37072223e+01
1.69297887e+02 2.36408107e+01
1.69339505e+02 2.34600270e+01
1.69381123e+02 2.31578003e+01
1.69422741e+02 2.27330427e+01
1.69464359e+02 2.21900507e+01
1.69505976e+02 2.15381944e+01
1.69547594e+02 2.07913700e+01
1.69603085e+02 1.96787940e+01
1.69714066e+02 1.72429094e+01
1.69775080e+02 1.59078945e+01
1.69824982e+02 1.48773052e+01
1.69874885e+02 1.39330236e+01
1.69924787e+02 1.30963344e+01
1.69958056e+02 1.26050798e+01
1.69991324e+02 1.21693152e+01
1.70028254e+02 1.17506025e+01
1.70068845e+02 1.13666634e+01
1.70109436e+02 1.10569152e+01
1.70150027e+02 1.08129844e+01
1.70198839e+02 1.05921369e+01
1.70255872e+02 1.04086172e+01
1.70454383e+02 9.95890146e+00
1.70538274e+02 9.69263262e+00
1.70622166e+02 9.34514956e+00
1.70789951e+02 8.55068870e+00
1.70845878e+02 8.32623583e+00
1.70887242e+02 8.19513410e+00
1.70928605e+02 8.10259417e+00
1.70969968e+02 8.05531947e+00
1.70990650e+02 8.05033956e+00
1.71025068e+02 8.07131014e+00
1.71066279e+02 8.14609757e+00
1.71107490e+02 8.27546919e+00
1.71148701e+02 8.45778839e+00
1.71189912e+02 8.68919746e+00
1.71231123e+02 8.96367975e+00
1.71286071e+02 9.38253342e+00
1.71450915e+02 1.07555799e+01
1.71511619e+02 1.11914275e+01
1.71557146e+02 1.14554782e+01
1.71602674e+02 1.16503601e+01
1.71648201e+02 1.17653428e+01
1.71686141e+02 1.17947581e+01
1.71720368e+02 1.17674299e+01
1.71760326e+02 1.16705364e+01
1.71800285e+02 1.15053851e+01
1.71840243e+02 1.12759689e+01
1.71880202e+02 1.09883024e+01
1.71933480e+02 1.05276970e+01
1.71986758e+02 9.99927439e+00
1.72093314e+02 8.83693947e+00
1.72155898e+02 8.15208450e+00
1.72209817e+02 7.59467363e+00
1.72263736e+02 7.08675343e+00
1.72299681e+02 6.78267023e+00
1.72335627e+02 6.50985501e+00
1.72371573e+02 6.27046328e+00
1.72407519e+02 6.06584694e+00
1.72446052e+02 5.88581727e+00
1.72484585e+02 5.74641720e+00
1.72523118e+02 5.64691822e+00
1.72561651e+02 5.58605889e+00
1.72605437e+02 5.56171764e+00
1.72649224e+02 5.58242761e+00
1.72693010e+02 5.64537867e+00
1.72736797e+02 5.74793055e+00
1.72780583e+02 5.88784085e+00
1.72824370e+02 6.06346372e+00
1.72868156e+02 6.27391745e+00
1.72911943e+02 6.51921876e+00
1.72955729e+02 6.80038064e+00
1.72999516e+02 7.11946915e+00
1.73049318e+02 7.53252308e+00
1.73090541e+02 7.91899518e+00
1.73131764e+02 8.35041578e+00
1.73172987e+02 8.83169102e+00
1.73214210e+02 9.36815518e+00
1.73255433e+02 9.96537486e+00
1.73296656e+02 1.06289064e+01
1.73337879e+02 1.13640403e+01
1.73374129e+02 1.20734414e+01
1.73421045e+02 1.30835890e+01
1.73467961e+02 1.42013804e+01
1.73514877e+02 1.54288073e+01
1.73561793e+02 1.67652222e+01
1.73608710e+02 1.82070318e+01
1.73667624e+02 2.01562768e+01
1.73726539e+02 2.22406927e+01
1.73814911e+02 2.55581356e+01
1.73981091e+02 3.19976054e+01
1.74049452e+02 3.45249196e+01
1.74117813e+02 3.68600575e+01
1.74186174e+02 3.89175319e+01
1.74240274e+02 4.02938049e+01
1.74287242e+02 4.12753168e+01
1.74334210e+02 4.20348013e+01
1.74381178e+02 4.25532572e+01
1.74428146e+02 4.28160863e+01
1.74451630e+02 4.28484988e+01
1.74494652e+02 4.27340237e+01
1.74547442e+02 4.22867496e+01
1.74600233e+02 4.15101874e+01
1.74653023e+02 4.04237744e+01
1.74705814e+02 3.90569361e+01
1.74758604e+02 3.74478989e+01
1.74811394e+02 3.56419783e+01
1.74881781e+02 3.30152263e+01
1.75053218e+02 2.63032417e+01
1.75114542e+02 2.40388672e+01
1.75160536e+02 2.24546302e+01
1.75206529e+02 2.09930195e+01
1.75252522e+02 1.96723549e+01
1.75286669e+02 1.87917760e+01
1.75324302e+02 1.79263136e+01
1.75361935e+02 1.71756241e+01
1.75399568e+02 1.65431778e+01
1.75437201e+02 1.60311845e+01
1.75474834e+02 1.56407226e+01
1.75512468e+02 1.53718616e+01
1.75550101e+02 1.52237706e+01
1.75579602e+02 1.51910856e+01
1.75611658e+02 1.52372722e+01
1.75643713e+02 1.53668018e+01
1.75675769e+02 1.55775214e+01
1.75707824e+02 1.58669173e+01
1.75739880e+02 1.62321031e+01
1.75782621e+02 1.68312151e+01
1.75825362e+02 1.75503699e+01
1.75868102e+02 1.83794123e+01
1.75910843e+02 1.93068253e+01
1.75970426e+02 2.07393209e+01
1.76030008e+02 2.22989739e+01
1.76149173e+02 2.56280509e+01
1.76265455e+02 2.88738230e+01
1.76339131e+02 3.08112394e+01
1.76449646e+02 3.34845452e+01
1.76597000e+02 3.68672817e+01
1.76670677e+02 3.87501066e+01
1.76725934e+02 4.03877958e+01
1.76781192e+02 4.23066307e+01
1.76818030e+02 4.37775827e+01
1.76858341e+02 4.55865349e+01
1.76898652e+02 4.76183156e+01
1.76938963e+02 4.98789206e+01
1.76979273e+02 5.23635083e+01
1.77039740e+02 5.64697205e+01
1.77120361e+02 6.24619467e+01
1.77235878e+02 7.12129803e+01
1.77283559e+02 7.45160519e+01
1.77331240e+02 7.74344191e+01
1.77378921e+02 7.98336598e+01
1.77414681e+02 8.12193714e+01
1.77450442e+02 8.22023422e+01
1.77486203e+02 8.27487576e+01
1.77510043e+02 8.28584192e+01
1.77548643e+02 8.25920057e+01
1.77588662e+02 8.17331242e+01
1.77628681e+02 8.02937596e+01
1.77668700e+02 7.83046487e+01
1.77708719e+02 7.58131304e+01
1.77748738e+02 7.28808531e+01
1.77788758e+02 6.95809233e+01
1.77842116e+02 6.47501029e+01
1.77991521e+02 5.02327340e+01
1.78034208e+02 4.62300187e+01
1.78076895e+02 4.24352780e+01
1.78119583e+02 3.89031410e+01
1.78161079e+02 3.57576154e+01
1.78188743e+02 3.38291627e+01
1.78216408e+02 3.20389551e+01
1.78244072e+02 3.03870256e+01
1.78271737e+02 2.88710742e+01
1.78299401e+02 2.74867723e+01
1.78327065e+02 2.62280097e+01
1.78356846e+02 2.50045890e+01
1.78388743e+02 2.38334883e+01
1.78420640e+02 2.27920429e+01
1.78452537e+02 2.18647672e+01
1.78484434e+02 2.10359782e+01
1.78532280e+02 1.99440582e+01
1.78580126e+02 1.89911818e+01
1.78627971e+02 1.81357214e+01
1.78691766e+02 1.70903043e+01
1.78787457e+02 1.56275287e+01
1.78876651e+02 1.43315771e+01
1.78952852e+02 1.32945693e+01
1.79003653e+02 1.26611823e+01
1.79054453e+02 1.20920691e+01
1.79105254e+02 1.16027271e+01
1.79143354e+02 1.12968095e+01
1.79181455e+02 1.10494172e+01
1.79219555e+02 1.08655086e+01
1.79257655e+02 1.07495372e+01
1.79298992e+02 1.07052362e+01
1.79328630e+02 1.07282706e+01
1.79360218e+02 1.08053070e+01
1.79391805e+02 1.09383976e+01
1.79423393e+02 1.11294269e+01
1.79454980e+02 1.13802211e+01
1.79486568e+02 1.16925168e+01
1.79518156e+02 1.20679100e+01
1.79549743e+02 1.25077680e+01
1.79581331e+02 1.30131273e+01
1.79612918e+02 1.35845659e+01
1.79644506e+02 1.42220593e+01
1.79684920e+02 1.51326899e+01
1.79725335e+02 1.61462757e+01
1.79765749e+02 1.72560914e+01
1.79806163e+02 1.84520913e+01
1.79860049e+02 2.01567571e+01
1.80025042e+02 2.56741065e+01
1.80074540e+02 2.72304384e+01
1.80124038e+02 2.86467525e+01
1.80167090e+02 2.97244180e+01
1.80210141e+02 3.06263520e+01
1.80253193e+02 3.13268817e+01
1.80296244e+02 3.18066995e+01
1.80339296e+02 3.20539920e+01
1.80363037e+02 3.20892374e+01
1.80408285e+02 3.19596055e+01
1.80449263e+02 3.16280014e+01
1.80490242e+02 3.11084009e+01
1.80517561e+02 3.06677298e+01
1.80572199e+02 2.95940724e+01
1.80626837e+02 2.83218719e+01
1.80810838e+02 2.35638605e+01
1.80871098e+02 2.21574068e+01
1.80911272e+02 2.13248523e+01
1.80951445e+02 2.05924263e+01
1.80991618e+02 1.99692647e+01
1.81031792e+02 1.94605877e+01
1.81071965e+02 1.90680511e+01
1.81112139e+02 1.87902103e+01
1.81144814e+02 1.86460998e+01
1.81191598e+02 1.85608220e+01
1.81196796e+02 1.85597232e+01
1.81248778e+02 1.86343803e+01
1.81290364e+02 1.87974521e+01
1.81352742e+02 1.91901653e+01
1.81415121e+02 1.97291010e+01
1.81477499e+02 2.03791106e+01
1.81602256e+02 2.18739553e+01
1.81727013e+02 2.33941113e+01
1.81810184e+02 2.42753125e+01
1.81869999e+02 2.47830355e+01
1.81929813e+02 2.51478998e+01
1.81989628e+02 2.53400340e+01
1.82019535e+02 2.53633998e+01
1.82075973e+02 2.52648368e+01
1.82129033e+02 2.49947580e+01
1.82182094e+02 2.45504558e+01
1.82235155e+02 2.39368046e+01
1.82288215e+02 2.31657984e+01
1.82341276e+02 2.22561547e+01
1.82394337e+02 2.12324086e+01
1.82473927e+02 1.95470781e+01
1.82613418e+02 1.64572863e+01
1.82683164e+02 1.49897354e+01
1.82735473e+02 1.39682912e+01
1.82786488e+02 1.30539497e+01
1.82836856e+02 1.22386552e+01
1.82887224e+02 1.15129525e+01
1.82937592e+02 1.08747034e+01
1.82987960e+02 1.03176944e+01
1.83038328e+02 9.83257792e+00
1.83088696e+02 9.40796301e+00
1.83155854e+02 8.91459157e+00
1.83223011e+02 8.47823632e+00
1.83347614e+02 7.73915588e+00
1.83606117e+02 6.21837709e+00
1.83749730e+02 5.38156029e+00
1.83836127e+02 4.90656126e+00
1.83922525e+02 4.46116391e+00
1.84008922e+02 4.04658228e+00
1.84095319e+02 3.66079913e+00
1.84181716e+02 3.30101055e+00
1.84251637e+02 3.02785352e+00
1.84313320e+02 2.80067206e+00
1.84375002e+02 2.58770528e+00
1.84436685e+02 2.39092816e+00
1.84498368e+02 2.21287285e+00
1.84539489e+02 2.10598911e+00
1.84580408e+02 2.01006468e+00
1.84621326e+02 1.92545590e+00
1.84662245e+02 1.85306889e+00
1.84703163e+02 1.79379537e+00
1.84733852e+02 1.75846773e+00
1.84764541e+02 1.73135669e+00
1.84795230e+02 1.71280107e+00
1.84825918e+02 1.70312343e+00
1.84846378e+02 1.70175435e+00
1.84876060e+02 1.70719370e+00
1.84903729e+02 1.72036598e+00
1.84931397e+02 1.74152958e+00
1.84959066e+02 1.77082891e+00
1.84986735e+02 1.80837943e+00
1.85014404e+02 1.85426261e+00
1.85051296e+02 1.92847276e+00
1.85088187e+02 2.01755460e+00
1.85125079e+02 2.12134120e+00
1.85161971e+02 2.23949759e+00
1.85192482e+02 2.34771579e+00
1.85238248e+02 2.52696175e+00
1.85284014e+02 2.72501903e+00
1.85329781e+02 2.93986214e+00
1.85390803e+02 3.24835258e+00
1.85461563e+02 3.63019342e+00
1.85591075e+02 4.36665188e+00
1.85854364e+02 5.89874191e+00
1.85976188e+02 6.64278152e+00
1.86067556e+02 7.24285514e+00
1.86158923e+02 7.88814549e+00
1.86388911e+02 9.62574294e+00
1.86455421e+02 1.01007647e+01
1.86521931e+02 1.05293114e+01
1.86588442e+02 1.08917425e+01
1.86638325e+02 1.11097147e+01
1.86688207e+02 1.12750461e+01
1.86738764e+02 1.13847862e+01
1.86796186e+02 1.14361585e+01
1.86805156e+02 1.14371103e+01
1.86856902e+02 1.14059151e+01
1.86923137e+02 1.12785952e+01
1.86989372e+02 1.10625862e+01
1.87055607e+02 1.07713699e+01
1.87121841e+02 1.04203668e+01
1.87188076e+02 1.00253388e+01
1.87320546e+02 9.16021346e+00
1.87528015e+02 7.77152113e+00
1.87651381e+02 6.98754923e+00
1.87743906e+02 6.43327271e+00
1.87836431e+02 5.91503381e+00
1.87898115e+02 5.59402097e+00
1.87959798e+02 5.29690320e+00
1.88014458e+02 5.05744372e+00
1.88062096e+02 4.87035661e+00
1.88109734e+02 4.70682340e+00
1.88157372e+02 4.57072585e+00
1.88205010e+02 4.46664147e+00
1.88240738e+02 4.41279317e+00
1.88276466e+02 4.38257181e+00
1.88300285e+02 4.37698127e+00
1.88336014e+02 4.39280463e+00
1.88371742e+02 4.44080836e+00
1.88403217e+02 4.51280589e+00
1.88434692e+02 4.61559229e+00
1.88466167e+02 4.75219294e+00
1.88497642e+02 4.92579172e+00
1.88521249e+02 5.08225730e+00
1.88544855e+02 5.26281398e+00
1.88568461e+02 5.46889427e+00
1.88592067e+02 5.70191772e+00
1.88615674e+02 5.96327447e+00
1.88644855e+02 6.32750161e+00
1.88666167e+02 6.62352564e+00
1.88698136e+02 7.11707034e+00
1.88730105e+02 7.67213499e+00
1.88762074e+02 8.29053615e+00
1.88794042e+02 8.97334055e+00
1.88824342e+02 9.68014885e+00
1.88854643e+02 1.04443086e+01
1.88884943e+02 1.12642279e+01
1.88925343e+02 1.24395401e+01
1.88955643e+02 1.33776007e+01
1.88994088e+02 1.46287448e+01
1.89051755e+02 1.66052357e+01
1.89188628e+02 2.14453939e+01
1.89241433e+02 2.32092430e+01
1.89294238e+02 2.48204028e+01
1.89334656e+02 2.59124564e+01
1.89376703e+02 2.68888760e+01
1.89418751e+02 2.76783025e+01
1.89460799e+02 2.82609188e+01
1.89502846e+02 2.86225115e+01
1.89544894e+02 2.87550822e+01
1.89587053e+02 2.86566061e+01
1.89629212e+02 2.83315450e+01
1.89671371e+02 2.77913019e+01
1.89713530e+02 2.70529475e+01
1.89755689e+02 2.61383590e+01
1.89797848e+02 2.50731767e+01
1.89854060e+02 2.34676990e+01
1.89910272e+02 2.17151188e+01
1.90064337e+02 1.67054969e+01
1.90110835e+02 1.52652434e+01
1.90157333e+02 1.39034274e+01
1.90193244e+02 1.29164558e+01
1.90231231e+02 1.19410894e+01
1.90269217e+02 1.10409162e+01
1.90307204e+02 1.02186740e+01
1.90345190e+02 9.47532707e+00
1.90383176e+02 8.81032280e+00
1.90418279e+02 8.26389277e+00
1.90453382e+02 7.78064472e+00
1.90488485e+02 7.35784397e+00
1.90523588e+02 6.99236498e+00
1.90558692e+02 6.68083598e+00
1.90593795e+02 6.41977251e+00
1.90628897e+02 6.20568645e+00
1.90664000e+02 6.03518896e+00
1.90704000e+02 5.88996285e+00
1.90744000e+02 5.79285317e+00
1.90784795e+02 5.73946359e+00
1.90813051e+02 5.72775362e+00
1.90855434e+02 5.74682791e+00
1.90897818e+02 5.80810785e+00
1.90940201e+02 5.91066039e+00
1.90982585e+02 6.05479552e+00
1.91024969e+02 6.24216879e+00
1.91067352e+02 6.47587621e+00
1.91109736e+02 6.76053387e+00
1.91152119e+02 7.10233671e+00
1.91180375e+02 7.36573040e+00
1.91208631e+02 7.66064225e+00
1.91238063e+02 8.00457585e+00
1.91268673e+02 8.40595025e+00
1.91299282e+02 8.85629757e+00
1.91329891e+02 9.36037223e+00
1.91360500e+02 9.92312439e+00
1.91391109e+02 1.05496030e+01
1.91421718e+02 1.12448390e+01
1.91452328e+02 1.20137094e+01
1.91479162e+02 1.27519335e+01
1.91513749e+02 1.37966031e+01
1.91548337e+02 1.49507124e+01
1.91582925e+02 1.62178372e+01
1.91617513e+02 1.75997840e+01
1.91652101e+02 1.90961971e+01
1.91690654e+02 2.08954890e+01
1.91729207e+02 2.28253348e+01
1.91767760e+02 2.48729180e+01
1.91820951e+02 2.78573314e+01
1.91981973e+02 3.73157771e+01
1.92040527e+02 4.05448490e+01
1.92095605e+02 4.32721377e+01
1.92132324e+02 4.48611781e+01
1.92169043e+02 4.62272150e+01
1.92205762e+02 4.73399621e+01
1.92242481e+02 4.81736214e+01
1.92279201e+02 4.87078635e+01
1.92315920e+02 4.89285948e+01
1.92325099e+02 4.89337820e+01
1.92361832e+02 4.87530718e+01
1.92403162e+02 4.81673749e+01
1.92444492e+02 4.71897362e+01
1.92485822e+02 4.58442073e+01
1.92527152e+02 4.41647418e+01
1.92568481e+02 4.21937489e+01
1.92609811e+02 3.99803159e+01
1.92664918e+02 3.67452984e+01
1.92761354e+02 3.06798101e+01
1.92826172e+02 2.66069420e+01
1.92877213e+02 2.35478181e+01
1.92911241e+02 2.16231957e+01
1.92943098e+02 1.99244697e+01
1.92974955e+02 1.83387649e+01
1.93006812e+02 1.68766773e+01
1.93030705e+02 1.58663228e+01
1.93057194e+02 1.48362570e+01
1.93084980e+02 1.38603686e+01
1.93112766e+02 1.29936921e+01
1.93140553e+02 1.22373208e+01
1.93159077e+02 1.17944840e+01
1.93177602e+02 1.14006206e+01
1.93200664e+02 1.09782607e+01
1.93221363e+02 1.06627060e+01
1.93242063e+02 1.04064158e+01
1.93262763e+02 1.02083995e+01
1.93283462e+02 1.00675186e+01
1.93304097e+02 9.98267428e+00
1.93324602e+02 9.95197776e+00
1.93345106e+02 9.97325434e+00
1.93365611e+02 1.00449370e+01
1.93386116e+02 1.01653674e+01
1.93406621e+02 1.03327979e+01
1.93433961e+02 1.06259810e+01
1.93461300e+02 1.09949017e+01
1.93488640e+02 1.14347485e+01
1.93515980e+02 1.19404530e+01
1.93550823e+02 1.26719355e+01
1.93585665e+02 1.34900428e+01
1.93608894e+02 1.40774881e+01
1.93655351e+02 1.53358868e+01
1.93717086e+02 1.71323844e+01
1.93824030e+02 2.03524010e+01
1.93885141e+02 2.21086894e+01
1.93930974e+02 2.33214302e+01
1.93978146e+02 2.44367897e+01
1.94025988e+02 2.53967159e+01
1.94073830e+02 2.61546276e+01
1.94121671e+02 2.66870197e+01
1.94153566e+02 2.69083016e+01
1.94185460e+02 2.70190806e+01
1.94201407e+02 2.70325782e+01
1.94246786e+02 2.69183982e+01
1.94292165e+02 2.65827323e+01
1.94337543e+02 2.60363959e+01
1.94382922e+02 2.52959554e+01
1.94428300e+02 2.43828537e+01
1.94473679e+02 2.33223361e+01
1.94534184e+02 2.17273456e+01
1.94594689e+02 1.99891224e+01
1.94758576e+02 1.50824995e+01
1.94819518e+02 1.33485406e+01
1.94868271e+02 1.20430586e+01
1.94902035e+02 1.11899934e+01
1.94945185e+02 1.01668843e+01
1.94977548e+02 9.45180671e+00
1.95009911e+02 8.78308165e+00
1.95042274e+02 8.16147775e+00
1.95076173e+02 7.56119370e+00
1.95110839e+02 7.00089877e+00
1.95145505e+02 6.49417331e+00
1.95180172e+02 6.04005618e+00
1.95214838e+02 5.63734517e+00
1.95237949e+02 5.39674909e+00
1.95264719e+02 5.14526288e+00
1.95291490e+02 4.92229267e+00
1.95318260e+02 4.72709249e+00
1.95345030e+02 4.55889763e+00
1.95371801e+02 4.41692589e+00
1.95398571e+02 4.30038008e+00
1.95425341e+02 4.20844328e+00
1.95452112e+02 4.14027791e+00
1.95480715e+02 4.09273815e+00
1.95513397e+02 4.06902935e+00
1.95522656e+02 4.06802627e+00
1.95555063e+02 4.08353770e+00
1.95582840e+02 4.11936358e+00
1.95601358e+02 4.15418418e+00
1.95638394e+02 4.24841931e+00
1.95675431e+02 4.37285998e+00
1.95712467e+02 4.52422352e+00
1.95749504e+02 4.69903161e+00
1.95805406e+02 4.99914606e+00
1.95862002e+02 5.33545232e+00
1.96012928e+02 6.28674339e+00
1.96088390e+02 6.73503745e+00
1.96162101e+02 7.12465557e+00
1.96235811e+02 7.45439369e+00
1.96309521e+02 7.72280563e+00
1.96383231e+02 7.93988056e+00
1.96555288e+02 8.38049034e+00
1.96610353e+02 8.55362221e+00
1.96665418e+02 8.76827395e+00
1.96720483e+02 9.03866224e+00
1.96775547e+02 9.37697077e+00
1.96816846e+02 9.68103959e+00
1.96858144e+02 1.00314001e+01
1.96899443e+02 1.04296752e+01
1.96940742e+02 1.08763599e+01
1.96995575e+02 1.15431169e+01
1.97050177e+02 1.22868635e+01
1.97104779e+02 1.31040699e+01
1.97159381e+02 1.39870972e+01
1.97241285e+02 1.54171587e+01
1.97323188e+02 1.69515269e+01
1.97431245e+02 1.91065415e+01
1.97535863e+02 2.13260265e+01
1.97640480e+02 2.36940300e+01
1.97745097e+02 2.62410986e+01
1.97853018e+02 2.90753208e+01
1.98000311e+02 3.32239597e+01
1.98118145e+02 3.65987001e+01
1.98206521e+02 3.89918454e+01
1.98294897e+02 4.11074959e+01
1.98366570e+02 4.25142233e+01
1.98420326e+02 4.33374048e+01
1.98474081e+02 4.39311502e+01
1.98527836e+02 4.42743063e+01
1.98572632e+02 4.43587849e+01
1.98620536e+02 4.42423147e+01
1.98678954e+02 4.38140238e+01
1.98737371e+02 4.30861363e+01
1.98795788e+02 4.20873429e+01
1.98854206e+02 4.08589937e+01
1.98932095e+02 3.89566546e+01
1.99087875e+02 3.48373663e+01
1.99146292e+02 3.34146166e+01
1.99204710e+02 3.21816184e+01
1.99245673e+02 3.14722749e+01
1.99286636e+02 3.09204895e+01
1.99327599e+02 3.05505096e+01
1.99368562e+02 3.03845189e+01
1.99382216e+02 3.03779852e+01
1.99423179e+02 3.05138402e+01
1.99453503e+02 3.07711728e+01
1.99483828e+02 3.11672307e+01
1.99514152e+02 3.17053191e+01
1.99544477e+02 3.23872022e+01
1.99574801e+02 3.32129745e+01
1.99605126e+02 3.41809077e+01
1.99650612e+02 3.58908128e+01
1.99697254e+02 3.79452080e+01
1.99744474e+02 4.03005525e+01
1.99791693e+02 4.28849930e+01
1.99854652e+02 4.65811948e+01
1.99965348e+02 5.32626145e+01
2.00036952e+02 5.72688917e+01
2.00084689e+02 5.96143139e+01
2.00132425e+02 6.15957882e+01
2.00180161e+02 6.31345889e+01
2.00215963e+02 6.39582472e+01
2.00251766e+02 6.44742295e+01
2.00287568e+02 6.46669326e+01
2.00328938e+02 6.44752800e+01
2.00373093e+02 6.37779462e+01
2.00417248e+02 6.25829670e+01
2.00461403e+02 6.09163417e+01
2.00505558e+02 5.88176049e+01
2.00549712e+02 5.63378948e+01
2.00593867e+02 5.35376191e+01
2.00652740e+02 4.94216520e+01
2.00741050e+02 4.27711315e+01
2.00835633e+02 3.55758232e+01
2.00889922e+02 3.16416708e+01
2.00933354e+02 2.86772938e+01
2.00962800e+02 2.67811282e+01
2.00999977e+02 2.45351211e+01
2.01037155e+02 2.24677417e+01
2.01065038e+02 2.10408064e+01
2.01092920e+02 1.97230584e+01
2.01119380e+02 1.85749574e+01
2.01145840e+02 1.75269221e+01
2.01172300e+02 1.65783872e+01
2.01198759e+02 1.57279740e+01
2.01225219e+02 1.49735298e+01
2.01251678e+02 1.43122222e+01
2.01278138e+02 1.37405870e+01
2.01304598e+02 1.32546063e+01
2.01336892e+02 1.27709386e+01
2.01369186e+02 1.23990790e+01
2.01390715e+02 1.22084623e+01
2.01417393e+02 1.20305498e+01
2.01444070e+02 1.19114736e+01
2.01470748e+02 1.18449988e+01
2.01497425e+02 1.18247691e+01
2.01537441e+02 1.18670872e+01
2.01577458e+02 1.19773754e+01
2.01604135e+02 1.20781463e+01
2.01737523e+02 1.26884359e+01
2.01790878e+02 1.28861048e+01
2.01839702e+02 1.30011693e+01
2.01883996e+02 1.30362980e+01
2.01933732e+02 1.29869531e+01
2.01975117e+02 1.28710032e+01
2.02016501e+02 1.26879167e+01
2.02057886e+02 1.24418582e+01
2.02099270e+02 1.21398698e+01
2.02154450e+02 1.16669995e+01
2.02264808e+02 1.05907589e+01
2.02319987e+02 1.00538911e+01
2.02378746e+02 9.53393349e+00
2.02425499e+02 9.18354465e+00
2.02456667e+02 8.99070629e+00
2.02487836e+02 8.83587764e+00
2.02519005e+02 8.72312097e+00
2.02550173e+02 8.65595462e+00
2.02577446e+02 8.63692456e+00
2.02606113e+02 8.65878863e+00
2.02633674e+02 8.72164820e+00
2.02661235e+02 8.82654437e+00
2.02688795e+02 8.97416111e+00
2.02716356e+02 9.16487603e+00
2.02743917e+02 9.39877025e+00
2.02780665e+02 9.77742316e+00
2.02817413e+02 1.02312629e+01
2.02854160e+02 1.07582958e+01
2.02890908e+02 1.13557580e+01
2.02922385e+02 1.19208943e+01
2.02969601e+02 1.28548128e+01
2.03016816e+02 1.38826019e+01
2.03064031e+02 1.49915357e+01
2.03126985e+02 1.65701727e+01
2.03314615e+02 2.15250015e+01
2.03383371e+02 2.32258278e+01
2.03435969e+02 2.44032607e+01
2.03490628e+02 2.54693079e+01
2.03545287e+02 2.63360155e+01
2.03581726e+02 2.67856716e+01
2.03618166e+02 2.71224502e+01
2.03654605e+02 2.73392398e+01
2.03700154e+02 2.74336367e+01
2.03736178e+02 2.73657426e+01
2.03776550e+02 2.71391755e+01
2.03816921e+02 2.67559261e+01
2.03857293e+02 2.62216583e+01
2.03897664e+02 2.55451973e+01
2.03938036e+02 2.47382611e+01
2.03978408e+02 2.38150836e+01
2.04032236e+02 2.24317806e+01
2.04086065e+02 2.09136707e+01
2.04164717e+02 1.85470297e+01
2.04276421e+02 1.51289902e+01
2.04338479e+02 1.33165550e+01
2.04392098e+02 1.18487327e+01
2.04434994e+02 1.07568989e+01
2.04467166e+02 9.99213097e+00
2.04499337e+02 9.27688087e+00
2.04530419e+02 8.63475082e+00
2.04560956e+02 8.05179046e+00
2.04591492e+02 7.51685183e+00
2.04622029e+02 7.02998504e+00
2.04652566e+02 6.59082555e+00
2.04672924e+02 6.32421026e+00
2.04701107e+02 5.98902738e+00
2.04729291e+02 5.69237982e+00
2.04757474e+02 5.43318547e+00
2.04785658e+02 5.21024194e+00
2.04813841e+02 5.02225445e+00
2.04842025e+02 4.86785901e+00
2.04870208e+02 4.74564053e+00
2.04898392e+02 4.65414602e+00
2.04927926e+02 4.58961756e+00
2.04955942e+02 4.55650695e+00
2.04974114e+02 4.54893387e+00
2.05001372e+02 4.55703037e+00
2.05028629e+02 4.58719675e+00
2.05064972e+02 4.65920506e+00
2.05101315e+02 4.76423523e+00
2.05137658e+02 4.89853542e+00
2.05174001e+02 5.05817814e+00
2.05228516e+02 5.33612230e+00
2.05290348e+02 5.69069097e+00
2.05434624e+02 6.55950220e+00
2.05496456e+02 6.89899472e+00
2.05558289e+02 7.19428031e+00
2.05621856e+02 7.44191608e+00
2.05685424e+02 7.63167529e+00
2.05727803e+02 7.73025236e+00
2.05896023e+02 8.05113849e+00
2.05952096e+02 8.21480123e+00
2.05989479e+02 8.36773781e+00
2.06026861e+02 8.56826753e+00
2.06059904e+02 8.79377023e+00
2.06092947e+02 9.07207978e+00
2.06125991e+02 9.40997958e+00
2.06159034e+02 9.81362480e+00
2.06192077e+02 1.02883448e+01
2.06225120e+02 1.08384366e+01
2.06258164e+02 1.14669904e+01
2.06291207e+02 1.21757047e+01
2.06325953e+02 1.30075735e+01
2.06360699e+02 1.39264668e+01
2.06395445e+02 1.49284643e+01
2.06430191e+02 1.60074364e+01
2.06476519e+02 1.75510579e+01
2.06531927e+02 1.95206298e+01
2.06670447e+02 2.46521546e+01
2.06718849e+02 2.63613787e+01
2.06760246e+02 2.77245986e+01
2.06801643e+02 2.89633393e+01
2.06843040e+02 3.00478450e+01
2.06884437e+02 3.09514013e+01
2.06925834e+02 3.16513281e+01
2.06967231e+02 3.21298328e+01
2.07008628e+02 3.23746754e+01
2.07029327e+02 3.24072803e+01
2.07072563e+02 3.22811629e+01
2.07115799e+02 3.18961202e+01
2.07159035e+02 3.12628592e+01
2.07202271e+02 3.03986298e+01
2.07245507e+02 2.93263799e+01
2.07288744e+02 2.80736892e+01
2.07317568e+02 2.71535171e+01
2.07375216e+02 2.51530346e+01
2.07461688e+02 2.19019647e+01
2.07568232e+02 1.78223608e+01
2.07626522e+02 1.56914579e+01
2.07664438e+02 1.43758754e+01
2.07701411e+02 1.31582020e+01
2.07738384e+02 1.20119333e+01
2.07775357e+02 1.09418854e+01
2.07804064e+02 1.01654992e+01
2.07834726e+02 9.38953521e+00
2.07865388e+02 8.66855337e+00
2.07896050e+02 8.00182341e+00
2.07926712e+02 7.38803513e+00
2.07957374e+02 6.82540511e+00
2.07980728e+02 6.42988230e+00
2.08004081e+02 6.06171972e+00
2.08027434e+02 5.71977156e+00
2.08050787e+02 5.40284627e+00
2.08074141e+02 5.10971441e+00
2.08097494e+02 4.83913735e+00
2.08120847e+02 4.58987422e+00
2.08144200e+02 4.36070122e+00
2.08175898e+02 4.07964384e+00
2.08207596e+02 3.83053018e+00
2.08239294e+02 3.61065626e+00
2.08270992e+02 3.41751648e+00
2.08302690e+02 3.24882147e+00
2.08334388e+02 3.10251095e+00
2.08366086e+02 2.97675418e+00
2.08397784e+02 2.86994950e+00
2.08429482e+02 2.78071581e+00
2.08461179e+02 2.70788191e+00
2.08497406e+02 2.64347635e+00
2.08527595e+02 2.60433535e+00
2.08557785e+02 2.57781917e+00
2.08587974e+02 2.56349507e+00
2.08603069e+02 2.56079571e+00
2.08641451e+02 2.56704495e+00
2.08679834e+02 2.59176387e+00
2.08718216e+02 2.63459972e+00
2.08756599e+02 2.69525482e+00
2.08794981e+02 2.77342826e+00
2.08833364e+02 2.86875813e+00
2.08871746e+02 2.98076862e+00
2.08910129e+02 3.10881934e+00
2.08960915e+02 3.30142782e+00
2.09011702e+02 3.51797228e+00
2.09062488e+02 3.75498237e+00
2.09138668e+02 4.13918505e+00
2.09291028e+02 4.94250569e+00
2.09368471e+02 5.32735918e+00
2.09446546e+02 5.67484895e+00
2.09498596e+02 5.87861943e+00
2.09576671e+02 6.14199962e+00
2.09680771e+02 6.43404581e+00
2.09792938e+02 6.74111650e+00
2.09859439e+02 6.96488361e+00
2.09903773e+02 7.14785959e+00
2.09948107e+02 7.36665106e+00
2.09992441e+02 7.62779812e+00
2.10036775e+02 7.93651029e+00
2.10081109e+02 8.29631305e+00
2.10125443e+02 8.70878976e+00
2.10169121e+02 9.16618767e+00
2.10212144e+02 9.66378130e+00
2.10276679e+02 1.04880071e+01
2.10341214e+02 1.13864962e+01
2.10531573e+02 1.41980758e+01
2.10611127e+02 1.53132486e+01
2.10690682e+02 1.63259076e+01
2.10750348e+02 1.70003908e+01
2.10810014e+02 1.75938534e+01
2.10869680e+02 1.81028535e+01
2.10929346e+02 1.85263127e+01
2.10989012e+02 1.88642289e+01
2.11048677e+02 1.91165078e+01
2.11108343e+02 1.92821638e+01
2.11178479e+02 1.93631469e+01
2.11228726e+02 1.93429569e+01
2.11303485e+02 1.91876237e+01
2.11359555e+02 1.89707664e+01
2.11415625e+02 1.86682666e+01
2.11490384e+02 1.81376386e+01
2.11565144e+02 1.74769591e+01
2.11639904e+02 1.67123427e+01
2.11789423e+02 1.50132266e+01
2.11889173e+02 1.38809706e+01
2.11951542e+02 1.32209463e+01
2.12013912e+02 1.26200023e+01
2.12076282e+02 1.20934147e+01
2.12138652e+02 1.16541085e+01
2.12185429e+02 1.13888786e+01
2.12232206e+02 1.11840549e+01
2.12278984e+02 1.10447948e+01
2.12325761e+02 1.09769715e+01
2.12343255e+02 1.09713266e+01
2.12378244e+02 1.09945251e+01
2.12417241e+02 1.10783154e+01
2.12460246e+02 1.12481062e+01
2.12492499e+02 1.14336800e+01
2.12524753e+02 1.16735722e+01
2.12557006e+02 1.19720555e+01
2.12589259e+02 1.23336191e+01
2.12621513e+02 1.27628959e+01
2.12653766e+02 1.32645536e+01
2.12686020e+02 1.38431840e+01
2.12718273e+02 1.45031503e+01
2.12754981e+02 1.53582781e+01
2.12785392e+02 1.61540135e+01
2.12815803e+02 1.70312363e+01
2.12846214e+02 1.79914042e+01
2.12876625e+02 1.90350990e+01
2.12907036e+02 2.01618933e+01
2.12952652e+02 2.20041415e+01
2.12983063e+02 2.33291065e+01
2.13030392e+02 2.55321511e+01
2.13077721e+02 2.78840133e+01
2.13148715e+02 3.16149480e+01
2.13262571e+02 3.77529208e+01
2.13322698e+02 4.08480241e+01
2.13382826e+02 4.36808554e+01
2.13427681e+02 4.55499623e+01
2.13472057e+02 4.71419784e+01
2.13516433e+02 4.84379889e+01
2.13560808e+02 4.94049528e+01
2.13605184e+02 5.00183731e+01
2.13649559e+02 5.02633438e+01
2.13695422e+02 5.01244513e+01
2.13741285e+02 4.95934890e+01
2.13787148e+02 4.86882964e+01
2.13833011e+02 4.74371463e+01
2.13878874e+02 4.58772981e+01
2.13924737e+02 4.40531728e+01
2.13985887e+02 4.12959308e+01
2.14047038e+02 3.82815471e+01
2.14209514e+02 2.99342690e+01
2.14266114e+02 2.71748818e+01
2.14322714e+02 2.45940620e+01
2.14365164e+02 2.28002810e+01
2.14408998e+02 2.10891627e+01
2.14452831e+02 1.95284482e+01
2.14496664e+02 1.81205856e+01
2.14540497e+02 1.68639385e+01
2.14584331e+02 1.57534727e+01
2.14618789e+02 1.49781697e+01
2.14658484e+02 1.41850410e+01
2.14698179e+02 1.34912244e+01
2.14737874e+02 1.28879824e+01
2.14777569e+02 1.23662217e+01
2.14817264e+02 1.19167566e+01
2.14856959e+02 1.15305396e+01
2.14896654e+02 1.11988315e+01
2.14956197e+02 1.07855011e+01
2.15015739e+02 1.04507665e+01
2.15075281e+02 1.01724076e+01
2.15154671e+02 9.85731422e+00
2.15480354e+02 8.74190469e+00
2.15603500e+02 8.35552380e+00
2.15685598e+02 8.14941616e+00
2.15747171e+02 8.04209487e+00
2.15808744e+02 7.99021034e+00
2.15829269e+02 7.98760733e+00
2.15870318e+02 8.00744869e+00
2.15913248e+02 8.06744370e+00
2.15958060e+02 8.17735338e+00
2.16002873e+02 8.33988946e+00
2.16047685e+02 8.55893311e+00
2.16092497e+02 8.83774422e+00
2.16137310e+02 9.17884886e+00
2.16182122e+02 9.58392009e+00
2.16226934e+02 1.00536487e+01
2.16270099e+02 1.05668619e+01
2.16311617e+02 1.11153553e+01
2.16353135e+02 1.17152525e+01
2.16415412e+02 1.27035147e+01
2.16477689e+02 1.37823822e+01
2.16560725e+02 1.53205200e+01
2.16710666e+02 1.81538087e+01
2.16788175e+02 1.94963618e+01
2.16839848e+02 2.02899241e+01
2.16891521e+02 2.09747440e+01
2.16943194e+02 2.15298240e+01
2.16994867e+02 2.19377949e+01
2.17044480e+02 2.21792425e+01
2.17094094e+02 2.22668499e+01
2.17142947e+02 2.22013968e+01
2.17191799e+02 2.19889629e+01
2.17240652e+02 2.16378220e+01
2.17289504e+02 2.11605231e+01
2.17338357e+02 2.05732108e+01
2.17387210e+02 1.98947682e+01
2.17452347e+02 1.88842413e+01
2.17664484e+02 1.53219889e+01
2.17738426e+02 1.41703417e+01
2.17787721e+02 1.34651616e+01
2.17837016e+02 1.28185066e+01
2.17886311e+02 1.22345586e+01
2.17935606e+02 1.17151481e+01
2.17984901e+02 1.12601733e+01
2.18031999e+02 1.08842101e+01
2.18076901e+02 1.05770983e+01
2.18121803e+02 1.03175507e+01
2.18166706e+02 1.01027909e+01
2.18234059e+02 9.85827663e+00
2.18301412e+02 9.69823761e+00
2.18368766e+02 9.61329615e+00
2.18423288e+02 9.59346837e+00
2.18505072e+02 9.63554730e+00
2.18586856e+02 9.75151473e+00
2.18668640e+02 9.92883471e+00
2.18750423e+02 1.01571919e+01
2.18859468e+02 1.05304974e+01
2.18941252e+02 1.08628246e+01
2.19023036e+02 1.12511590e+01
2.19104820e+02 1.17176430e+01
2.19159342e+02 1.20888424e+01
2.19213865e+02 1.25239023e+01
2.19266451e+02 1.30193497e+01
2.19317100e+02 1.35828169e+01
2.19367749e+02 1.42476095e+01
2.19405735e+02 1.48231719e+01
2.19443722e+02 1.54730510e+01
2.19481709e+02 1.62047167e+01
2.19519696e+02 1.70253719e+01
2.19557682e+02 1.79417570e+01
2.19595669e+02 1.89599109e+01
2.19633656e+02 2.00849334e+01
2.19676077e+02 2.14723725e+01
2.19720716e+02 2.30851280e+01
2.19765355e+02 2.48553011e+01
2.19809994e+02 2.67800756e+01
2.19854633e+02 2.88526471e+01
2.19913988e+02 3.18178901e+01
2.19973181e+02 3.49778073e+01
2.20061970e+02 3.99835108e+01
2.20194676e+02 4.76097883e+01
2.20268190e+02 5.16250952e+01
2.20341703e+02 5.52906580e+01
2.20390713e+02 5.74668652e+01
2.20439722e+02 5.93842367e+01
2.20488731e+02 6.10114736e+01
2.20534301e+02 6.22435089e+01
2.20597499e+02 6.34819757e+01
2.20660697e+02 6.41671347e+01
2.20712368e+02 6.43271862e+01
2.20763375e+02 6.41541931e+01
2.20824584e+02 6.35557505e+01
2.20885792e+02 6.25939213e+01
2.20967404e+02 6.08785249e+01
2.21089821e+02 5.77578015e+01
2.21253044e+02 5.33950813e+01
2.21385797e+02 5.01060753e+01
2.21641504e+02 4.41326746e+01
2.21743786e+02 4.14950986e+01
2.21846069e+02 3.85677374e+01
2.21973922e+02 3.45610716e+01
2.22101776e+02 3.04798408e+01
2.22174265e+02 2.83320353e+01
2.22216962e+02 2.71816551e+01
2.22259658e+02 2.61445207e+01
2.22302355e+02 2.52420613e+01
2.22345051e+02 2.44935169e+01
2.22387748e+02 2.39151322e+01
2.22430444e+02 2.35194516e+01
2.22462467e+02 2.33477087e+01
2.22494489e+02 2.32851612e+01
2.22534351e+02 2.33598436e+01
2.22574213e+02 2.36002794e+01
2.22614075e+02 2.39989182e+01
2.22653936e+02 2.45441800e+01
2.22693798e+02 2.52206379e+01
2.22753591e+02 2.64389738e+01
2.22813384e+02 2.78326013e+01
2.22945628e+02 3.10916238e+01
2.22998526e+02 3.22888874e+01
2.23051424e+02 3.33341043e+01
2.23104322e+02 3.41760793e+01
2.23157220e+02 3.47744154e+01
2.23196893e+02 3.50462573e+01
2.23244090e+02 3.51623148e+01
2.23296753e+02 3.50245752e+01
2.23341893e+02 3.46904840e+01
2.23387033e+02 3.41730110e+01
2.23447220e+02 3.32374236e+01
2.23507407e+02 3.20856569e+01
2.23687968e+02 2.82065990e+01
2.23747537e+02 2.70948641e+01
2.23791752e+02 2.64120690e+01
2.23835966e+02 2.58835405e+01
2.23880180e+02 2.55336818e+01
2.23924395e+02 2.53812849e+01
2.23935448e+02 2.53756508e+01
2.23971413e+02 2.54497623e+01
2.24006497e+02 2.56597922e+01
2.24041582e+02 2.60053353e+01
2.24076666e+02 2.64830155e+01
2.24111751e+02 2.70866354e+01
2.24164378e+02 2.82079173e+01
2.24217004e+02 2.95508640e+01
2.24279472e+02 3.13596814e+01
2.24436712e+02 3.62434697e+01
2.24504101e+02 3.81307190e+01
2.24549026e+02 3.92144833e+01
2.24593952e+02 4.01163442e+01
2.24649175e+02 4.09319653e+01
2.24685990e+02 4.12767812e+01
2.24722805e+02 4.14524564e+01
2.24741212e+02 4.14752925e+01
2.24788225e+02 4.13352181e+01
2.24835237e+02 4.09131847e+01
2.24882249e+02 4.02207329e+01
2.24929261e+02 3.92775445e+01
2.24976273e+02 3.81102922e+01
2.25023285e+02 3.67512766e+01
2.25085968e+02 3.47043436e+01
2.25179992e+02 3.13205491e+01
2.25306120e+02 2.66846282e+01
2.25369565e+02 2.45044622e+01
2.25417148e+02 2.29949980e+01
2.25464732e+02 2.16196859e+01
2.25514486e+02 2.03452846e+01
2.25550551e+02 1.95351423e+01
2.25586616e+02 1.88254032e+01
2.25622681e+02 1.82188298e+01
2.25658746e+02 1.77168047e+01
2.25694811e+02 1.73194072e+01
2.25730876e+02 1.70255009e+01
2.25766941e+02 1.68328149e+01
2.25801276e+02 1.67404058e+01
2.25817579e+02 1.67265715e+01
2.25850186e+02 1.67546435e+01
2.25882792e+02 1.68536358e+01
2.25931701e+02 1.71250892e+01
2.25980610e+02 1.75287191e+01
2.26029519e+02 1.80454879e+01
2.26078428e+02 1.86548310e+01
2.26143640e+02 1.95736936e+01
2.26330350e+02 2.24236826e+01
2.26401389e+02 2.34094114e+01
2.26472427e+02 2.42484457e+01
2.26543466e+02 2.48930471e+01
2.26590825e+02 2.51963711e+01
2.26638184e+02 2.53893823e+01
2.26685543e+02 2.54672168e+01
2.26747059e+02 2.53931332e+01
2.26808576e+02 2.51232283e+01
2.26870093e+02 2.46663772e+01
2.26931609e+02 2.40375818e+01
2.26993126e+02 2.32568571e+01
2.27054643e+02 2.23479721e+01
2.27136665e+02 2.09822189e+01
2.27259698e+02 1.87353535e+01
2.27406840e+02 1.59969473e+01
2.27493666e+02 1.44733695e+01
2.27558785e+02 1.34156595e+01
2.27623905e+02 1.24511567e+01
2.27667318e+02 1.18676983e+01
2.27711762e+02 1.13246940e+01
2.27757238e+02 1.08300004e+01
2.27802714e+02 1.04006356e+01
2.27848190e+02 1.00399503e+01
2.27893666e+02 9.75090993e+00
2.27939142e+02 9.53608490e+00
2.27973249e+02 9.42497551e+00
2.28007356e+02 9.35755232e+00
2.28041463e+02 9.33436783e+00
2.28073893e+02 9.35368047e+00
2.28116015e+02 9.43913390e+00
2.28158137e+02 9.59253683e+00
2.28200259e+02 9.81297263e+00
2.28242381e+02 1.00987791e+01
2.28284503e+02 1.04474702e+01
2.28326626e+02 1.08556625e+01
2.28368748e+02 1.13190241e+01
2.28412981e+02 1.18591561e+01
2.28482497e+02 1.28009594e+01
2.28575186e+02 1.41783137e+01
2.28714218e+02 1.62948886e+01
2.28781096e+02 1.72334162e+01
2.28842698e+02 1.79976415e+01
2.28904300e+02 1.86300614e+01
2.28945367e+02 1.89628368e+01
2.28986435e+02 1.92150419e+01
2.29027503e+02 1.93799653e+01
2.29068570e+02 1.94524201e+01
2.29089104e+02 1.94528166e+01
2.29139142e+02 1.93518869e+01
2.29189180e+02 1.91064407e+01
2.29239218e+02 1.87203252e+01
2.29289256e+02 1.82019771e+01
2.29339294e+02 1.75643162e+01
2.29389332e+02 1.68244671e+01
2.29456049e+02 1.57156463e+01
2.29622842e+02 1.27117610e+01
2.29675083e+02 1.18279475e+01
2.29714263e+02 1.12196200e+01
2.29753444e+02 1.06736414e+01
2.29792625e+02 1.02035525e+01
2.29818745e+02 9.93872524e+00
2.29850660e+02 9.67402599e+00
2.29878941e+02 9.49829253e+00
2.29907222e+02 9.38210417e+00
2.29935504e+02 9.32924484e+00
2.29944931e+02 9.32630695e+00
2.29973213e+02 9.36321966e+00
2.29993767e+02 9.43436867e+00
2.30016023e+02 9.55482182e+00
2.30038278e+02 9.72155258e+00
2.30060533e+02 9.93557397e+00
2.30082788e+02 1.01977383e+01
2.30105043e+02 1.05087310e+01
2.30127299e+02 1.08690651e+01
2.30149554e+02 1.12790757e+01
2.30179946e+02 1.19194761e+01
2.30208842e+02 1.26143648e+01
2.30237739e+02 1.33923609e+01
2.30266636e+02 1.42521889e+01
2.30295532e+02 1.51920090e+01
2.30332803e+02 1.65183612e+01
2.30368817e+02 1.79164019e+01
2.30404831e+02 1.94215746e+01
2.30440844e+02 2.10253871e+01
2.30478134e+02 2.27796786e+01
2.30535984e+02 2.56616757e+01
2.30613117e+02 2.97302526e+01
2.30792443e+02 3.94954612e+01
2.30867623e+02 4.34041379e+01
2.30942803e+02 4.70273423e+01
2.30992922e+02 4.92299595e+01
2.31043042e+02 5.12274288e+01
2.31093162e+02 5.29924629e+01
2.31143282e+02 5.45002900e+01
2.31193976e+02 5.57412768e+01
2.31245245e+02 5.66858561e+01
2.31296514e+02 5.73020566e+01
2.31347783e+02 5.75784029e+01
2.31373418e+02 5.75870563e+01
2.31418680e+02 5.73908805e+01
2.31463943e+02 5.69273577e+01
2.31524293e+02 5.59067674e+01
2.31584643e+02 5.44556153e+01
2.31644993e+02 5.26214617e+01
2.31705343e+02 5.04678395e+01
2.31795868e+02 4.68120211e+01
2.31961678e+02 3.97510529e+01
2.32024954e+02 3.72776694e+01
2.32067138e+02 3.57806648e+01
2.32109322e+02 3.44359354e+01
2.32151506e+02 3.32652884e+01
2.32193690e+02 3.22858101e+01
2.32228865e+02 3.16239601e+01
2.32264040e+02 3.11072772e+01
2.32299215e+02 3.07368896e+01
2.32334390e+02 3.05111273e+01
2.32377499e+02 3.04249658e+01
2.32420607e+02 3.05356702e+01
2.32463716e+02 3.08242089e+01
2.32506825e+02 3.12667430e+01
2.32564303e+02 3.20478796e+01
2.32650521e+02 3.34777346e+01
2.32765478e+02 3.54607710e+01
2.32845078e+02 3.66168900e+01
2.32895938e+02 3.71846356e+01
2.32946799e+02 3.75906101e+01
2.32997660e+02 3.78232473e+01
2.33047169e+02 3.78824833e+01
2.33121432e+02 3.76827944e+01
2.33195695e+02 3.71919702e+01
2.33294712e+02 3.62292108e+01
2.33492747e+02 3.39731536e+01
2.33740291e+02 3.12896226e+01
2.33819068e+02 3.02981664e+01
2.33877607e+02 2.94388885e+01
2.33936145e+02 2.84451847e+01
2.33994683e+02 2.72996375e+01
2.34053221e+02 2.59960772e+01
2.34111760e+02 2.45406382e+01
2.34170298e+02 2.29514615e+01
2.34258105e+02 2.03819637e+01
2.34420815e+02 1.54468590e+01
2.34475052e+02 1.38778367e+01
2.34516526e+02 1.27364404e+01
2.34558000e+02 1.16577051e+01
2.34599475e+02 1.06503152e+01
2.34640949e+02 9.72071139e+00
2.34675669e+02 9.00538402e+00
2.34710390e+02 8.34870319e+00
2.34745110e+02 7.75079197e+00
2.34779830e+02 7.21077495e+00
2.34814550e+02 6.72686791e+00
2.34840386e+02 6.40169838e+00
2.34868910e+02 6.07555653e+00
2.34897434e+02 5.78195838e+00
2.34925958e+02 5.51868819e+00
2.34954482e+02 5.28337256e+00
2.34983006e+02 5.07352788e+00
2.35011530e+02 4.88661494e+00
2.35054316e+02 4.64366438e+00
2.35097102e+02 4.43813315e+00
2.35139887e+02 4.26203673e+00
2.35196935e+02 4.06056511e+00
2.35253983e+02 3.88385776e+00
2.35382867e+02 3.52242855e+00
2.35533408e+02 3.11443336e+00
2.35608678e+02 2.92402785e+00
2.35658858e+02 2.81058047e+00
2.35711161e+02 2.70991213e+00
2.35751982e+02 2.64743036e+00
2.35792802e+02 2.60191080e+00
2.35833622e+02 2.57574323e+00
2.35860836e+02 2.57008752e+00
2.35888049e+02 2.57447615e+00
2.35919140e+02 2.59232100e+00
2.35954109e+02 2.62928819e+00
2.35989077e+02 2.68450444e+00
2.36024045e+02 2.75803257e+00
2.36059014e+02 2.84960196e+00
2.36093982e+02 2.95860091e+00
2.36128951e+02 3.08407903e+00
2.36163919e+02 3.22475491e+00
2.36215612e+02 3.45709066e+00
2.36249822e+02 3.62413774e+00
2.36318240e+02 3.98041011e+00
2.36455076e+02 4.71396737e+00
2.36519087e+02 5.03094688e+00
2.36583099e+02 5.31089520e+00
2.36625773e+02 5.47129890e+00
2.36668447e+02 5.60793635e+00
2.36711121e+02 5.71949687e+00
2.36753795e+02 5.80572238e+00
2.36796469e+02 5.86745136e+00
2.36852523e+02 5.91470473e+00
2.36908578e+02 5.93026836e+00
2.37090755e+02 5.89547027e+00
2.37160823e+02 5.91695317e+00
2.37216878e+02 5.97696876e+00
2.37267777e+02 6.07584543e+00
2.37313521e+02 6.20743365e+00
2.37359264e+02 6.38405595e+00
2.37405008e+02 6.60875085e+00
2.37450752e+02 6.88310586e+00
2.37496496e+02 7.20721115e+00
2.37542240e+02 7.57967959e+00
2.37587983e+02 7.99771892e+00
2.37631873e+02 8.43788611e+00
2.37694925e+02 9.12782119e+00
2.37778995e+02 1.01274512e+01
2.37993346e+02 1.28068279e+01
2.38085769e+02 1.38965248e+01
2.38178192e+02 1.48940558e+01
2.38270616e+02 1.57861918e+01
2.38363039e+02 1.65774223e+01
2.38501674e+02 1.76178040e+01
2.38938314e+02 2.06096791e+01
2.39190108e+02 2.23665909e+01
2.39316005e+02 2.31500996e+01
2.39441902e+02 2.38124748e+01
2.39525834e+02 2.41788154e+01
2.39693696e+02 2.47666628e+01
2.39861559e+02 2.53330722e+01
2.39945491e+02 2.57183595e+01
2.40029422e+02 2.62533680e+01
2.40093710e+02 2.68083957e+01
2.40157997e+02 2.75249553e+01
2.40222285e+02 2.84331084e+01
2.40286573e+02 2.95578956e+01
2.40350860e+02 3.09162090e+01
2.40415148e+02 3.25135694e+01
2.40479435e+02 3.43411923e+01
2.40543723e+02 3.63736745e+01
2.40645593e+02 3.99015239e+01
2.40798398e+02 4.53474319e+01
2.40874800e+02 4.78123775e+01
2.40925736e+02 4.92484706e+01
2.40977620e+02 5.04849114e+01
2.41030454e+02 5.14646455e+01
2.41083289e+02 5.21251796e+01
2.41136123e+02 5.24393098e+01
2.41162540e+02 5.24612189e+01
2.41212550e+02 5.22527112e+01
2.41262559e+02 5.17208295e+01
2.41312569e+02 5.08790949e+01
2.41362579e+02 4.97505689e+01
2.41412588e+02 4.83666301e+01
2.41462598e+02 4.67653582e+01
2.41529278e+02 4.43668298e+01
2.41629297e+02 4.04256645e+01
2.41763706e+02 3.50397753e+01
2.41831435e+02 3.24937417e+01
2.41899163e+02 3.01504455e+01
2.41944316e+02 2.87221453e+01
2.41989469e+02 2.74097131e+01
2.42034621e+02 2.62162398e+01
2.42078785e+02 2.51635912e+01
2.42121961e+02 2.42410674e+01
2.42165136e+02 2.34186978e+01
2.42229900e+02 2.23574643e+01
2.42294663e+02 2.14773008e+01
2.42359427e+02 2.07459596e+01
2.42402602e+02 2.03244885e+01
2.42488954e+02 1.95961629e+01
2.42784869e+02 1.74476290e+01
2.42895455e+02 1.65301982e+01
2.43006041e+02 1.54945339e+01
2.43116627e+02 1.43605141e+01
2.43337799e+02 1.20114674e+01
2.43432520e+02 1.10796646e+01
2.43495668e+02 1.05135744e+01
2.43558815e+02 1.00025412e+01
2.43621962e+02 9.55327527e+00
2.43685110e+02 9.16986301e+00
2.43748257e+02 8.85381315e+00
2.43811405e+02 8.60433603e+00
2.43863785e+02 8.44609081e+00
2.43926205e+02 8.31205990e+00
2.43988625e+02 8.23355471e+00
2.44048604e+02 8.20695459e+00
2.44107364e+02 8.22489740e+00
2.44166123e+02 8.28535351e+00
2.44224883e+02 8.38893874e+00
2.44283642e+02 8.53811068e+00
2.44342402e+02 8.73717657e+00
2.44401161e+02 8.99208009e+00
2.44459921e+02 9.30995833e+00
2.44518680e+02 9.69848025e+00
2.44577440e+02 1.01650013e+01
2.44636199e+02 1.07155930e+01
2.44680502e+02 1.11887087e+01
2.44724804e+02 1.17122610e+01
2.44769106e+02 1.22854264e+01
2.44835559e+02 1.32328873e+01
2.44902013e+02 1.42725987e+01
2.44990617e+02 1.57638939e+01
2.45143687e+02 1.84216891e+01
2.45220222e+02 1.96744981e+01
2.45296757e+02 2.08037222e+01
2.45373292e+02 2.17641057e+01
2.45426642e+02 2.23159853e+01
2.45482320e+02 2.27805276e+01
2.45537997e+02 2.31284684e+01
2.45593674e+02 2.33611212e+01
2.45646803e+02 2.34801026e+01
2.45687899e+02 2.35072875e+01
2.45747962e+02 2.34534876e+01
2.45823831e+02 2.32439544e+01
2.45899700e+02 2.28981133e+01
2.45975569e+02 2.24349238e+01
2.46026149e+02 2.20674190e+01
2.46127308e+02 2.12007291e+01
2.46203177e+02 2.04388600e+01
2.46279046e+02 1.95838409e+01
2.46380205e+02 1.83112670e+01
2.46519530e+02 1.63848904e+01
2.46652648e+02 1.45361661e+01
2.46719207e+02 1.36941841e+01
2.46763580e+02 1.31900166e+01
2.46816973e+02 1.26634833e+01
2.46863783e+02 1.22886544e+01
2.46910592e+02 1.20077966e+01
2.46941799e+02 1.18780939e+01
2.46973006e+02 1.17975634e+01
2.47004212e+02 1.17683620e+01
2.47035419e+02 1.17921084e+01
2.47072410e+02 1.18902194e+01
2.47109402e+02 1.20647280e+01
2.47146394e+02 1.23149086e+01
2.47183386e+02 1.26386949e+01
2.47220378e+02 1.30326732e+01
2.47257370e+02 1.34921121e+01
2.47312857e+02 1.42906009e+01
2.47368367e+02 1.51981223e+01
2.47442395e+02 1.65259444e+01
2.47590451e+02 1.92882272e+01
2.47672996e+02 2.07071658e+01
2.47741292e+02 2.17370665e+01
2.47809588e+02 2.26054230e+01
2.47877885e+02 2.33027711e+01
2.47946181e+02 2.38387676e+01
2.48023040e+02 2.42830073e+01
2.48179682e+02 2.49124303e+01
2.48281529e+02 2.53348816e+01
2.48399100e+02 2.60004960e+01
2.48516670e+02 2.68684865e+01
2.48634241e+02 2.77847775e+01
2.48712621e+02 2.82844612e+01
2.48771407e+02 2.85310452e+01
2.48830192e+02 2.86231393e+01
2.48886298e+02 2.85353142e+01
2.48937967e+02 2.82825830e+01
2.48990097e+02 2.78488994e+01
2.49042227e+02 2.72316982e+01
2.49094357e+02 2.64345242e+01
2.49146487e+02 2.54682758e+01
2.49198616e+02 2.43504841e+01
2.49250746e+02 2.31042368e+01
2.49320253e+02 2.12902836e+01
2.49532869e+02 1.53751622e+01
2.49581939e+02 1.40748534e+01
2.49631008e+02 1.28403577e+01
2.49680943e+02 1.16660690e+01
2.49719043e+02 1.08326600e+01
2.49757143e+02 1.00574075e+01
2.49795243e+02 9.34269329e+00
2.49833343e+02 8.68987071e+00
2.49858744e+02 8.28927866e+00
2.49893831e+02 7.78130722e+00
2.49928919e+02 7.32541097e+00
2.49964007e+02 6.92053845e+00
2.49999094e+02 6.56531713e+00
2.50034182e+02 6.25813076e+00
2.50069269e+02 5.99720817e+00
2.50104357e+02 5.78068928e+00
2.50139445e+02 5.60669517e+00
2.50167502e+02 5.49691839e+00
2.50195559e+02 5.41223849e+00
2.50223616e+02 5.35178721e+00
2.50263714e+02 5.30584223e+00
2.50284033e+02 5.30011623e+00
2.50323919e+02 5.32198306e+00
2.50360042e+02 5.37843656e+00
2.50396165e+02 5.46854644e+00
2.50432288e+02 5.59132501e+00
2.50468412e+02 5.74590716e+00
2.50504535e+02 5.93152014e+00
2.50540658e+02 6.14744427e+00
2.50576781e+02 6.39297875e+00
2.50612904e+02 6.66738992e+00
2.50655690e+02 7.02865947e+00
2.50711801e+02 7.55947745e+00
2.50767911e+02 8.15089977e+00
2.50824022e+02 8.79721551e+00
2.50880133e+02 9.49116245e+00
2.50957808e+02 1.05134486e+01
2.51151884e+02 1.31887376e+01
2.51238139e+02 1.43224335e+01
2.51308318e+02 1.51705791e+01
2.51389472e+02 1.60384166e+01
2.51470625e+02 1.67655017e+01
2.51551778e+02 1.73473265e+01
2.51632931e+02 1.77983739e+01
2.51714084e+02 1.81522757e+01
2.51899467e+02 1.88861063e+01
2.51985839e+02 1.93611557e+01
2.52043420e+02 1.97798648e+01
2.52101001e+02 2.03023407e+01
2.52158582e+02 2.09426161e+01
2.52216163e+02 2.17092416e+01
2.52273744e+02 2.26046788e+01
2.52331325e+02 2.36250555e+01
2.52386870e+02 2.47183946e+01
2.52467133e+02 2.64579382e+01
2.52574150e+02 2.89785115e+01
2.52734676e+02 3.28521027e+01
2.52823488e+02 3.48613413e+01
2.52894096e+02 3.63174601e+01
2.52964704e+02 3.76113540e+01
2.53035312e+02 3.87163342e+01
2.53105920e+02 3.96119913e+01
2.53176528e+02 4.02828446e+01
2.53247136e+02 4.07167616e+01
2.53326570e+02 4.09091009e+01
2.53335396e+02 4.09106014e+01
2.53391333e+02 4.08256316e+01
2.53467903e+02 4.04397857e+01
2.53544474e+02 3.97362250e+01
2.53601901e+02 3.89986806e+01
2.53659329e+02 3.80833076e+01
2.53735899e+02 3.65958561e+01
2.53812470e+02 3.48250972e+01
2.53889040e+02 3.28067927e+01
2.53965610e+02 3.05890272e+01
2.54087005e+02 2.68100779e+01
2.54248864e+02 2.16826296e+01
2.54322378e+02 1.94760386e+01
2.54388475e+02 1.76215446e+01
2.54438047e+02 1.63328836e+01
2.54487620e+02 1.51461090e+01
2.54537193e+02 1.40724027e+01
2.54571185e+02 1.34065835e+01
2.54606121e+02 1.27853549e+01
2.54641056e+02 1.22307074e+01
2.54675992e+02 1.17450143e+01
2.54710928e+02 1.13303709e+01
2.54745864e+02 1.09886156e+01
2.54780800e+02 1.07213338e+01
2.54815735e+02 1.05298655e+01
2.54848169e+02 1.04209283e+01
2.54881843e+02 1.03786705e+01
2.54885584e+02 1.03784538e+01
2.54921336e+02 1.04217125e+01
2.54949605e+02 1.05140838e+01
2.54977874e+02 1.06577516e+01
2.55006143e+02 1.08524618e+01
2.55034412e+02 1.10977617e+01
2.55062680e+02 1.13929752e+01
2.55100372e+02 1.18626138e+01
2.55138064e+02 1.24164045e+01
2.55175756e+02 1.30504909e+01
2.55209619e+02 1.36846386e+01
2.55254669e+02 1.46152069e+01
2.55299720e+02 1.56337514e+01
2.55344770e+02 1.67257728e+01
2.55404837e+02 1.82666634e+01
2.55554926e+02 2.22409309e+01
2.55614954e+02 2.37370314e+01
2.55674982e+02 2.50940765e+01
2.55735010e+02 2.62571348e+01
2.55780467e+02 2.69782860e+01
2.55831362e+02 2.75973199e+01
2.55869533e+02 2.79189252e+01
2.55907704e+02 2.81109486e+01
2.55945875e+02 2.81691825e+01
2.55991152e+02 2.80623101e+01
2.56039983e+02 2.77345559e+01
2.56088812e+02 2.71935783e+01
2.56137642e+02 2.64526220e+01
2.56186472e+02 2.55302326e+01
2.56235302e+02 2.44494322e+01
2.56284132e+02 2.32367475e+01
2.56349239e+02 2.14648543e+01
2.56463175e+02 1.81383870e+01
2.56553299e+02 1.55074151e+01
2.56602530e+02 1.41326799e+01
2.56651761e+02 1.28282190e+01
2.56697205e+02 1.17000437e+01
2.56738860e+02 1.07380098e+01
2.56780516e+02 9.84988336e+00
2.56811757e+02 9.23398711e+00
2.56842999e+02 8.66164898e+00
2.56874399e+02 8.13016717e+00
2.56905799e+02 7.64190776e+00
2.56937199e+02 7.19575973e+00
2.56968599e+02 6.79021341e+00
2.56999999e+02 6.42342132e+00
2.57031399e+02 6.09326131e+00
2.57062798e+02 5.79739926e+00
2.57094198e+02 5.53334993e+00
2.57129278e+02 5.27281111e+00
2.57164357e+02 5.04511208e+00
2.57199437e+02 4.84663056e+00
2.57234516e+02 4.67385026e+00
2.57281289e+02 4.47770122e+00
2.57328061e+02 4.31402543e+00
2.57374834e+02 4.17641539e+00
2.57421606e+02 4.05945733e+00
2.57491765e+02 3.91347335e+00
2.57561924e+02 3.79394900e+00
2.57632083e+02 3.69515546e+00
2.57702242e+02 3.61512338e+00
2.57772400e+02 3.55444398e+00
2.57842559e+02 3.51498974e+00
2.57909665e+02 3.49893647e+00
2.57932033e+02 3.49851067e+00
2.58008252e+02 3.51573592e+00
2.58084471e+02 3.56086965e+00
2.58160690e+02 3.63111230e+00
2.58236909e+02 3.72255945e+00
2.58338534e+02 3.87140531e+00
2.58440159e+02 4.04910243e+00
2.58516378e+02 4.20680369e+00
2.58567191e+02 4.32890509e+00
2.58618003e+02 4.46974386e+00
2.58668816e+02 4.63498596e+00
2.58719628e+02 4.83124833e+00
2.58765751e+02 5.04240355e+00
2.58807182e+02 5.26381357e+00
2.58848613e+02 5.51968454e+00
2.58890045e+02 5.81419538e+00
2.58931476e+02 6.15127592e+00
2.58972907e+02 6.53445625e+00
2.59014339e+02 6.96670644e+00
2.59055770e+02 7.45029268e+00
2.59090691e+02 7.89883336e+00
2.59133306e+02 8.49745565e+00
2.59175921e+02 9.15194853e+00
2.59218536e+02 9.86064688e+00
2.59261151e+02 1.06206474e+01
2.59303766e+02 1.14278152e+01
2.59363034e+02 1.26186777e+01
2.59442056e+02 1.43016849e+01
2.59656456e+02 1.90390936e+01
2.59766250e+02 2.13319727e+01
2.59839447e+02 2.27555022e+01
2.59949241e+02 2.47350554e+01
2.60132232e+02 2.78573517e+01
2.60237246e+02 2.98123344e+01
2.60300883e+02 3.11580959e+01
2.60364519e+02 3.26775713e+01
2.60428155e+02 3.44094139e+01
2.60491791e+02 3.63861352e+01
2.60555427e+02 3.86323507e+01
2.60619064e+02 4.11634508e+01
2.60682700e+02 4.39845954e+01
2.60736627e+02 4.65983324e+01
2.60802956e+02 5.00775928e+01
2.60891394e+02 5.51140069e+01
2.61024051e+02 6.32520652e+01
2.61168473e+02 7.22046892e+01
2.61235275e+02 7.60690894e+01
2.61302077e+02 7.95718495e+01
2.61368879e+02 8.25714260e+01
2.61418980e+02 8.44081807e+01
2.61469082e+02 8.58319238e+01
2.61519183e+02 8.67969209e+01
2.61577635e+02 8.72948973e+01
2.61585985e+02 8.73085242e+01
2.61640192e+02 8.70385474e+01
2.61696451e+02 8.60971436e+01
2.61752711e+02 8.44929437e+01
2.61808970e+02 8.22580652e+01
2.61865230e+02 7.94445514e+01
2.61921489e+02 7.61214954e+01
2.61977748e+02 7.23712408e+01
2.62052761e+02 6.68645820e+01
2.62165280e+02 5.79769606e+01
2.62295203e+02 4.76077585e+01
2.62372217e+02 4.17562232e+01
2.62433828e+02 3.73478117e+01
2.62472913e+02 3.47007992e+01
2.62520278e+02 3.16628111e+01
2.62567642e+02 2.88196912e+01
2.62615007e+02 2.61764482e+01
2.62651220e+02 2.42911894e+01
2.62688810e+02 2.24576327e+01
2.62726400e+02 2.07478524e+01
2.62763991e+02 1.91589935e+01
2.62801581e+02 1.76874674e+01
2.62839172e+02 1.63291390e+01
2.62878927e+02 1.50106291e+01
2.62918683e+02 1.38077713e+01
2.62958439e+02 1.27144420e+01
2.62998195e+02 1.17243128e+01
2.63037951e+02 1.08309144e+01
2.63068126e+02 1.02133767e+01
2.63101972e+02 9.57898920e+00
2.63135819e+02 9.00233498e+00
2.63169665e+02 8.47941369e+00
2.63203511e+02 8.00627123e+00
2.63237358e+02 7.57903392e+00
2.63271204e+02 7.19392074e+00
2.63305051e+02 6.84727217e+00
2.63341619e+02 6.51192244e+00
2.63380909e+02 6.19227212e+00
2.63420199e+02 5.90996561e+00
2.63459488e+02 5.66050348e+00
2.63498778e+02 5.43981184e+00
2.63538068e+02 5.24427787e+00
2.63597003e+02 4.99142392e+00
2.63655938e+02 4.77972656e+00
2.63714872e+02 4.60311891e+00
2.63773807e+02 4.45781973e+00
2.63832742e+02 4.34206150e+00
2.63891677e+02 4.25572228e+00
2.63950611e+02 4.19989864e+00
2.64008172e+02 4.17661972e+00
2.64022562e+02 4.17586594e+00
2.64065732e+02 4.18628947e+00
2.64119406e+02 4.22679300e+00
2.64173079e+02 4.29916579e+00
2.64226753e+02 4.40452625e+00
2.64280427e+02 4.54361986e+00
2.64334100e+02 4.71683932e+00
2.64387774e+02 4.92430683e+00
2.64441448e+02 5.16600797e+00
2.64495121e+02 5.44196168e+00
2.64543260e+02 5.71878961e+00
2.64591399e+02 6.02381212e+00
2.64639538e+02 6.35784969e+00
2.64687677e+02 6.72217255e+00
2.64735816e+02 7.11855822e+00
2.64783955e+02 7.54931820e+00
2.64832094e+02 8.01729061e+00
2.64880233e+02 8.52579754e+00
2.64940802e+02 9.22896631e+00
2.65001370e+02 1.00102819e+01
2.65061938e+02 1.08780843e+01
2.65122506e+02 1.18404682e+01
2.65183074e+02 1.29046714e+01
2.65237856e+02 1.39597211e+01
2.65289744e+02 1.50427389e+01
2.65341632e+02 1.62080467e+01
2.65393520e+02 1.74547307e+01
2.65462704e+02 1.92381468e+01
2.65533400e+02 2.11903843e+01
2.65613499e+02 2.35319695e+01
2.65853797e+02 3.08443804e+01
2.65934594e+02 3.31451685e+01
2.66016788e+02 3.52459362e+01
2.66071585e+02 3.64619421e+01
2.66126381e+02 3.74969667e+01
2.66181177e+02 3.83256156e+01
2.66235973e+02 3.89267675e+01
2.66290769e+02 3.92847782e+01
2.66345566e+02 3.93905128e+01
2.66401332e+02 3.92372305e+01
2.66457097e+02 3.88270435e+01
2.66512863e+02 3.81745744e+01
2.66568629e+02 3.73024126e+01
2.66624395e+02 3.62402677e+01
2.66680161e+02 3.50237445e+01
2.66791693e+02 3.22898098e+01
2.66940402e+02 2.85201680e+01
2.67020750e+02 2.66615310e+01
2.67074314e+02 2.55538704e+01
2.67127879e+02 2.45747904e+01
2.67181444e+02 2.37377645e+01
2.67235008e+02 2.30503039e+01
2.67288573e+02 2.25141812e+01
2.67342138e+02 2.21258911e+01
2.67392340e+02 2.18890028e+01
2.67455049e+02 2.17503915e+01
2.67480133e+02 2.17390060e+01
2.67542842e+02 2.18055638e+01
2.67593009e+02 2.19411668e+01
2.67693344e+02 2.23666668e+01
2.67944181e+02 2.36719414e+01
2.68044516e+02 2.40646814e+01
2.68144850e+02 2.43162273e+01
2.68255685e+02 2.44333314e+01
2.68316353e+02 2.44414473e+01
2.68498356e+02 2.43914544e+01
2.68589357e+02 2.44374853e+01
2.68680359e+02 2.46186904e+01
2.68759074e+02 2.49310621e+01
2.68837789e+02 2.54211840e+01
2.68896825e+02 2.59188873e+01
2.68955862e+02 2.65339463e+01
2.69034577e+02 2.75377575e+01
2.69113292e+02 2.87428241e+01
2.69192007e+02 3.01278993e+01
2.69310080e+02 3.24678712e+01
2.69533476e+02 3.72151166e+01
2.69622834e+02 3.89857412e+01
2.69712192e+02 4.05452424e+01
2.69779210e+02 4.15258195e+01
2.69846229e+02 4.23113386e+01
2.69913248e+02 4.28794486e+01
2.69980266e+02 4.32158719e+01
2.70038961e+02 4.33155189e+01
2.70109039e+02 4.31982176e+01
2.70193132e+02 4.27330569e+01
2.70277226e+02 4.19435033e+01
2.70361320e+02 4.08676501e+01
2.70445414e+02 3.95440386e+01
2.70529507e+02 3.80060965e+01
2.70613601e+02 3.62793222e+01
2.70697695e+02 3.43819481e+01
2.70809820e+02 3.16128084e+01
2.70921945e+02 2.86141092e+01
2.71158667e+02 2.19892633e+01
2.71237575e+02 1.99175863e+01
2.71287640e+02 1.87078571e+01
2.71337705e+02 1.76108121e+01
2.71371082e+02 1.69556723e+01
2.71404459e+02 1.63712044e+01
2.71437836e+02 1.58657125e+01
2.71471213e+02 1.54473871e+01
2.71504589e+02 1.51241997e+01
2.71537947e+02 1.49038878e+01
2.71571305e+02 1.47934283e+01
2.71587984e+02 1.47814904e+01
2.71613002e+02 1.48198738e+01
2.71638020e+02 1.49279157e+01
2.71669561e+02 1.51666694e+01
2.71701102e+02 1.55231196e+01
2.71732643e+02 1.60000572e+01
2.71764183e+02 1.65993617e+01
2.71795724e+02 1.73219257e+01
2.71827265e+02 1.81675649e+01
2.71858805e+02 1.91349542e+01
2.71890346e+02 2.02215649e+01
2.71920116e+02 2.13531660e+01
2.71949887e+02 2.25833875e+01
2.71989580e+02 2.43678288e+01
2.72029274e+02 2.63027303e+01
2.72084138e+02 2.91897916e+01
2.72154172e+02 3.31464845e+01
2.72311750e+02 4.24160554e+01
2.72380963e+02 4.62652538e+01
2.72432668e+02 4.89067268e+01
2.72484373e+02 5.12767369e+01
2.72536078e+02 5.33187185e+01
2.72587783e+02 5.49854321e+01
2.72639488e+02 5.62406953e+01
2.72691193e+02 5.70606327e+01
2.72742898e+02 5.74342681e+01
2.72760664e+02 5.74596011e+01
2.72813963e+02 5.72251599e+01
2.72867262e+02 5.65422533e+01
2.72920562e+02 5.54425827e+01
2.72973861e+02 5.39674699e+01
2.73027160e+02 5.21654193e+01
2.73080459e+02 5.00895409e+01
2.73133758e+02 4.77950448e+01
2.73204824e+02 4.44903803e+01
2.73442297e+02 3.28249810e+01
2.73517084e+02 2.93274708e+01
2.73573173e+02 2.68388553e+01
2.73637643e+02 2.41481259e+01
2.73691795e+02 2.20425068e+01
2.73745947e+02 2.00868676e+01
2.73786562e+02 1.87218502e+01
2.73827176e+02 1.74455771e+01
2.73871785e+02 1.61468506e+01
2.73916393e+02 1.49561058e+01
2.73961002e+02 1.38726902e+01
2.74005610e+02 1.28952515e+01
2.74050218e+02 1.20217627e+01
2.74084010e+02 1.14276651e+01
2.74121854e+02 1.08295594e+01
2.74159697e+02 1.03002570e+01
2.74197541e+02 9.83710712e+00
2.74235385e+02 9.43712491e+00
2.74273229e+02 9.09700045e+00
2.74311073e+02 8.81311354e+00
2.74348916e+02 8.58155530e+00
2.74382121e+02 8.41819417e+00
2.74424970e+02 8.25737594e+00
2.74477500e+02 8.12800711e+00
2.74530029e+02 8.06146015e+00
2.74565048e+02 8.04569134e+00
2.74635087e+02 8.06595909e+00
2.74705127e+02 8.13152431e+00
2.74880224e+02 8.33501644e+00
2.74985283e+02 8.40374024e+00
2.75044976e+02 8.41548871e+00
2.75224054e+02 8.39873809e+00
2.75283746e+02 8.42018623e+00
2.75343439e+02 8.48773036e+00
2.75388208e+02 8.58355935e+00
2.75432978e+02 8.73094598e+00
2.75462824e+02 8.86392920e+00
2.75500142e+02 9.07596371e+00
2.75537459e+02 9.34594773e+00
2.75574777e+02 9.68156518e+00
2.75612095e+02 1.00904665e+01
2.75640083e+02 1.04497548e+01
2.75668072e+02 1.08575428e+01
2.75696060e+02 1.13167562e+01
2.75724048e+02 1.18301479e+01
2.75752036e+02 1.24002573e+01
2.75785792e+02 1.31665041e+01
2.75822430e+02 1.40992528e+01
2.75859068e+02 1.51404107e+01
2.75895707e+02 1.62920634e+01
2.75932345e+02 1.75548532e+01
2.75968655e+02 1.89150642e+01
2.76004310e+02 2.03534636e+01
2.76051849e+02 2.24220996e+01
2.76099388e+02 2.46488436e+01
2.76146928e+02 2.70125317e+01
2.76218048e+02 3.07434024e+01
2.76360289e+02 3.84483682e+01
2.76431409e+02 4.21205176e+01
2.76477674e+02 4.43357565e+01
2.76523938e+02 4.63594016e+01
2.76570203e+02 4.81471567e+01
2.76616467e+02 4.96583875e+01
2.76662732e+02 5.08576193e+01
2.76708996e+02 5.17158928e+01
2.76755260e+02 5.22119043e+01
2.76801525e+02 5.23328663e+01
2.76850949e+02 5.20436885e+01
2.76900374e+02 5.13293858e+01
2.76949798e+02 5.02087079e+01
2.76999223e+02 4.87112825e+01
2.77048648e+02 4.68762902e+01
2.77098072e+02 4.47507861e+01
2.77131022e+02 4.31983398e+01
2.77196921e+02 3.98436089e+01
2.77312245e+02 3.35288303e+01
2.77403275e+02 2.85341183e+01
2.77465405e+02 2.52887920e+01
2.77515108e+02 2.28473147e+01
2.77547454e+02 2.13480602e+01
2.77587293e+02 1.96096585e+01
2.77627132e+02 1.79991693e+01
2.77666971e+02 1.65229955e+01
2.77699611e+02 1.54164655e+01
2.77737770e+02 1.42416758e+01
2.77763209e+02 1.35296763e+01
2.77788648e+02 1.28742274e+01
2.77814088e+02 1.22746935e+01
2.77839527e+02 1.17302213e+01
2.77864966e+02 1.12397726e+01
2.77890405e+02 1.08021590e+01
2.77913776e+02 1.04455689e+01
2.77937147e+02 1.01313757e+01
2.77960517e+02 9.85844264e+00
2.77983888e+02 9.62559932e+00
2.78007259e+02 9.43165564e+00
2.78042315e+02 9.21105794e+00
2.78077371e+02 9.07127371e+00
2.78109980e+02 9.01034140e+00
2.78120849e+02 9.00427828e+00
2.78153458e+02 9.02728053e+00
2.78186067e+02 9.10982712e+00
2.78218676e+02 9.24914834e+00
2.78251285e+02 9.44261350e+00
2.78283893e+02 9.68772789e+00
2.78316502e+02 9.98212493e+00
2.78359981e+02 1.04474431e+01
2.78403459e+02 1.09913348e+01
2.78443414e+02 1.15563170e+01
2.78498061e+02 1.24234980e+01
2.78552707e+02 1.33918202e+01
2.78607354e+02 1.44527606e+01
2.78662001e+02 1.55979355e+01
2.78716648e+02 1.68190283e+01
2.78798650e+02 1.87755553e+01
2.78880652e+02 2.08556019e+01
2.78989988e+02 2.37688700e+01
2.79237448e+02 3.05306907e+01
2.79320904e+02 3.26952110e+01
2.79404360e+02 3.46999011e+01
2.79487816e+02 3.64729889e+01
2.79550408e+02 3.76062357e+01
2.79613000e+02 3.85373478e+01
2.79675592e+02 3.92389162e+01
2.79738184e+02 3.96879535e+01
2.79805992e+02 3.98698639e+01
2.79811208e+02 3.98703428e+01
2.79865846e+02 3.97578450e+01
2.79932154e+02 3.93340373e+01
2.79998461e+02 3.86041203e+01
2.80064769e+02 3.75876636e+01
2.80131077e+02 3.63139321e+01
2.80197385e+02 3.48203216e+01
2.80263693e+02 3.31503086e+01
2.80352103e+02 3.07310354e+01
2.80568767e+02 2.45354440e+01
2.80648452e+02 2.23789953e+01
2.80708215e+02 2.08601364e+01
2.80767979e+02 1.94434381e+01
2.80827742e+02 1.81395950e+01
2.80879239e+02 1.71112879e+01
2.80926601e+02 1.62444165e+01
2.80973964e+02 1.54522626e+01
2.81021326e+02 1.47324286e+01
2.81068689e+02 1.40811882e+01
2.81131839e+02 1.33109956e+01
2.81194989e+02 1.26398888e+01
2.81258139e+02 1.20516990e+01
2.81321289e+02 1.15290939e+01
2.81430932e+02 1.07258240e+01
2.81665134e+02 9.12480962e+00
2.81782235e+02 8.25682641e+00
2.81899336e+02 7.31793155e+00
2.82143410e+02 5.25853673e+00
2.82226414e+02 4.58728464e+00
2.82292800e+02 4.08143916e+00
2.82342584e+02 3.72511907e+00
2.82392369e+02 3.39134214e+00
2.82442154e+02 3.08200827e+00
2.82477634e+02 2.87721956e+00
2.82513114e+02 2.68582254e+00
2.82548594e+02 2.50797791e+00
2.82584074e+02 2.34371843e+00
2.82619555e+02 2.19296094e+00
2.82648510e+02 2.07980800e+00
2.82682766e+02 1.95719113e+00
2.82717023e+02 1.84648300e+00
2.82751280e+02 1.74732618e+00
2.82785536e+02 1.65931865e+00
2.82819793e+02 1.58202525e+00
2.82854049e+02 1.51498555e+00
2.82888306e+02 1.45772329e+00
2.82925473e+02 1.40609008e+00
2.82955532e+02 1.37190561e+00
2.82985590e+02 1.34413875e+00
2.83025668e+02 1.31653619e+00
2.83065745e+02 1.29900387e+00
2.83109156e+02 1.29051385e+00
2.83123626e+02 1.28995609e+00
2.83167037e+02 1.29463166e+00
2.83210448e+02 1.30814460e+00
2.83253858e+02 1.32963195e+00
2.83297269e+02 1.35825158e+00
2.83355150e+02 1.40608671e+00
2.83413031e+02 1.46324506e+00
2.83470912e+02 1.52790191e+00
2.83567313e+02 1.64760329e+00
2.83721397e+02 1.85536805e+00
2.83952523e+02 2.17785876e+00
2.84068086e+02 2.35124303e+00
2.84145128e+02 2.48078682e+00
2.84205002e+02 2.59413604e+00
2.84264877e+02 2.72252265e+00
2.84324751e+02 2.86977323e+00
2.84369657e+02 2.99489588e+00
2.84414562e+02 3.13432333e+00
2.84459468e+02 3.28947124e+00
2.84504374e+02 3.46157423e+00
2.84549280e+02 3.65163533e+00
2.84594185e+02 3.86037245e+00
2.84644645e+02 4.11768168e+00
2.84706214e+02 4.46416873e+00
2.84767782e+02 4.84511325e+00
2.84829350e+02 5.25767133e+00
2.84911441e+02 5.84910848e+00
2.85025522e+02 6.72300448e+00
2.85147247e+02 7.66783022e+00
2.85244628e+02 8.38367529e+00
2.85317663e+02 8.87109978e+00
2.85386357e+02 9.27523358e+00
2.85452881e+02 9.60562531e+00
2.85519405e+02 9.86800615e+00
2.85585928e+02 1.00571853e+01
2.85652452e+02 1.01710926e+01
2.85718595e+02 1.02110108e+01
2.85783976e+02 1.01831821e+01
2.85849357e+02 1.00961958e+01
2.85914738e+02 9.96074959e+00
2.86045500e+02 9.60015806e+00
2.86176263e+02 9.23199660e+00
2.86241644e+02 9.09122092e+00
2.86307025e+02 9.00417764e+00
2.86350612e+02 8.98466791e+00
2.86394200e+02 9.00149932e+00
2.86432553e+02 9.04967919e+00
2.86479811e+02 9.15571386e+00
2.86527068e+02 9.31654767e+00
2.86574326e+02 9.53450030e+00
2.86621584e+02 9.81050530e+00
2.86668842e+02 1.01439794e+01
2.86716099e+02 1.05327184e+01
2.86763357e+02 1.09728443e+01
2.86834204e+02 1.17163114e+01
2.86904970e+02 1.25358776e+01
2.87093681e+02 1.48315824e+01
2.87164447e+02 1.56176967e+01
2.87222414e+02 1.61849054e+01
2.87273980e+02 1.66134743e+01
2.87325547e+02 1.69576345e+01
2.87377114e+02 1.72077145e+01
2.87428680e+02 1.73571147e+01
2.87477060e+02 1.74028851e+01
2.87537733e+02 1.73318669e+01
2.87593739e+02 1.71454386e+01
2.87649745e+02 1.68541855e+01
2.87687082e+02 1.66094224e+01
2.87761757e+02 1.60248997e+01
2.87948444e+02 1.43556664e+01
2.88004450e+02 1.39127492e+01
2.88060456e+02 1.35489940e+01
2.88108555e+02 1.33214939e+01
2.88156654e+02 1.31903812e+01
2.88188595e+02 1.31642656e+01
2.88228803e+02 1.32079656e+01
2.88269590e+02 1.33464843e+01
2.88303065e+02 1.35356398e+01
2.88336540e+02 1.37960347e+01
2.88370016e+02 1.41299776e+01
2.88403491e+02 1.45390983e+01
2.88436966e+02 1.50243014e+01
2.88470441e+02 1.55857436e+01
2.88503917e+02 1.62227945e+01
2.88536900e+02 1.69230525e+01
2.88585637e+02 1.80848862e+01
2.88634375e+02 1.93891994e+01
2.88683112e+02 2.08224636e+01
2.88715603e+02 2.18413891e+01
2.88780587e+02 2.40050733e+01
2.88853710e+02 2.65839250e+01
2.88999958e+02 3.18614528e+01
2.89073082e+02 3.43773835e+01
2.89130067e+02 3.62044033e+01
2.89187052e+02 3.78741072e+01
2.89244037e+02 3.93553176e+01
2.89301022e+02 4.06231369e+01
2.89358007e+02 4.16595461e+01
2.89414992e+02 4.24535694e+01
2.89471978e+02 4.30010407e+01
2.89528963e+02 4.33039732e+01
2.89577338e+02 4.33745324e+01
2.89649901e+02 4.31751363e+01
2.89722463e+02 4.26362444e+01
2.89795026e+02 4.17918896e+01
2.89867588e+02 4.06774263e+01
2.89940151e+02 3.93273254e+01
2.90012713e+02 3.77740953e+01
2.90109463e+02 3.54396441e+01
2.90206213e+02 3.28674126e+01
2.90345947e+02 2.88756457e+01
2.90539372e+02 2.32067956e+01
2.90625339e+02 2.07896197e+01
2.90700745e+02 1.87874252e+01
2.90754659e+02 1.74441414e+01
2.90808573e+02 1.61870433e+01
2.90862487e+02 1.50252631e+01
2.90916401e+02 1.39658718e+01
2.90957687e+02 1.32269642e+01
2.91004317e+02 1.24697527e+01
2.91050947e+02 1.17952613e+01
2.91097577e+02 1.12030656e+01
2.91144207e+02 1.06916413e+01
2.91190837e+02 1.02584566e+01
2.91237467e+02 9.90007567e+00
2.91284098e+02 9.61226787e+00
2.91332786e+02 9.38173820e+00
2.91383534e+02 9.21087308e+00
2.91429380e+02 9.11108159e+00
2.91490794e+02 9.04760880e+00
2.91517664e+02 9.04162564e+00
2.91572681e+02 9.06345389e+00
2.91654567e+02 9.15964999e+00
2.91859284e+02 9.50743205e+00
2.91941170e+02 9.59967256e+00
2.92002585e+02 9.62462624e+00
2.92064000e+02 9.60185926e+00
2.92120993e+02 9.53263578e+00
2.92177987e+02 9.41419669e+00
2.92234981e+02 9.24585636e+00
2.92291974e+02 9.02904150e+00
2.92348968e+02 8.76719174e+00
2.92405962e+02 8.46556558e+00
2.92481953e+02 8.01343326e+00
2.92595940e+02 7.26798280e+00
2.92714608e+02 6.47439878e+00
2.92799959e+02 5.93420573e+00
2.92863972e+02 5.56146637e+00
2.92927985e+02 5.22390933e+00
2.92991999e+02 4.92536211e+00
2.93052753e+02 4.67917442e+00
2.93111877e+02 4.47329782e+00
2.93171002e+02 4.29801927e+00
2.93230127e+02 4.14943922e+00
2.93289251e+02 4.02279503e+00
2.93368084e+02 3.87907275e+00
2.93486334e+02 3.69324258e+00
2.93714186e+02 3.34420678e+00
2.93854559e+02 3.12524877e+00
2.93924746e+02 3.02778928e+00
2.93994933e+02 2.94874737e+00
2.94047573e+02 2.90702867e+00
2.94100213e+02 2.88478095e+00
2.94126533e+02 2.88218670e+00
2.94170399e+02 2.89212936e+00
2.94205493e+02 2.91410514e+00
2.94241426e+02 2.95062001e+00
2.94277359e+02 3.00224042e+00
2.94313292e+02 3.06978144e+00
2.94349225e+02 3.15392387e+00
2.94385158e+02 3.25520413e+00
2.94421091e+02 3.37400300e+00
2.94457024e+02 3.51054074e+00
2.94492957e+02 3.66486963e+00
2.94528574e+02 3.83528373e+00
2.94564190e+02 4.02278757e+00
2.94617615e+02 4.33508861e+00
2.94671041e+02 4.68270251e+00
2.94724466e+02 5.06278834e+00
2.94777891e+02 5.47186868e+00
2.94845451e+02 6.02443655e+00
2.94935532e+02 6.80778651e+00
2.95209079e+02 9.29484764e+00
2.95315376e+02 1.02174874e+01
2.95421672e+02 1.10744022e+01
2.95527969e+02 1.18438917e+01
2.95598834e+02 1.22980441e+01
2.95669698e+02 1.26976581e+01
2.95745051e+02 1.30551858e+01
2.95824893e+02 1.33492083e+01
2.95904736e+02 1.35469560e+01
2.95984578e+02 1.36410809e+01
2.96024498e+02 1.36478480e+01
2.96094238e+02 1.35947642e+01
2.96163977e+02 1.34609903e+01
2.96233716e+02 1.32515963e+01
2.96303455e+02 1.29748073e+01
2.96396440e+02 1.25201364e+01
2.96535918e+02 1.17187614e+01
2.96721889e+02 1.05947527e+01
2.96852359e+02 9.86840602e+00
2.96936335e+02 9.45370429e+00
2.97020312e+02 9.09116264e+00
2.97104288e+02 8.79067875e+00
2.97167270e+02 8.61401596e+00
2.97230253e+02 8.48760147e+00
2.97293235e+02 8.42134278e+00
2.97314229e+02 8.41463250e+00
2.97356218e+02 8.42715293e+00
2.97398206e+02 8.47767183e+00
2.97440194e+02 8.57040005e+00
2.97479236e+02 8.69818341e+00
2.97518278e+02 8.86935332e+00
2.97557320e+02 9.08689337e+00
2.97596362e+02 9.35337272e+00
2.97635404e+02 9.67079768e+00
2.97674446e+02 1.00404604e+01
2.97713488e+02 1.04628038e+01
2.97752530e+02 1.09372915e+01
2.97805898e+02 1.16671044e+01
2.97859266e+02 1.24834714e+01
2.97894844e+02 1.30700760e+01
2.97966001e+02 1.43238337e+01
2.98148250e+02 1.77061187e+01
2.98214905e+02 1.88526425e+01
2.98281560e+02 1.98649270e+01
2.98325997e+02 2.04398972e+01
2.98370434e+02 2.09192288e+01
2.98425674e+02 2.13648605e+01
2.98475206e+02 2.16101602e+01
2.98524738e+02 2.17014610e+01
2.98575878e+02 2.16307245e+01
2.98627017e+02 2.13938431e+01
2.98678156e+02 2.09972837e+01
2.98729296e+02 2.04521496e+01
2.98780435e+02 1.97736047e+01
2.98831575e+02 1.89801402e+01
2.98899761e+02 1.77798845e+01
2.98967946e+02 1.64663025e+01
2.99126001e+02 1.32829963e+01
2.99181778e+02 1.21996673e+01
2.99237554e+02 1.11727543e+01
2.99293330e+02 1.02186892e+01
2.99341129e+02 9.46843659e+00
2.99388929e+02 8.78608121e+00
2.99436729e+02 8.17483527e+00
2.99468595e+02 7.80754780e+00
2.99500461e+02 7.47241062e+00
2.99532328e+02 7.16905517e+00
2.99564652e+02 6.89314415e+00
2.99597434e+02 6.64508395e+00
2.99630217e+02 6.42779808e+00
2.99662999e+02 6.23987197e+00
2.99695781e+02 6.07972420e+00
2.99728563e+02 5.94564010e+00
2.99777737e+02 5.78938952e+00
2.99810519e+02 5.71236688e+00
2.99854020e+02 5.63985510e+00
2.99897521e+02 5.59701507e+00
2.99955295e+02 5.57825547e+00
3.00028023e+02 5.60200324e+00
3.00115025e+02 5.67521131e+00
3.00332530e+02 5.90724876e+00
3.00419532e+02 5.97183892e+00
3.00506533e+02 6.00602851e+00
3.01126310e+02 5.83292055e+00
3.01195000e+02 5.86552551e+00
3.01263690e+02 5.92386713e+00
3.01332380e+02 6.00929800e+00
3.01401070e+02 6.12235941e+00
3.01469760e+02 6.26310019e+00
3.01538450e+02 6.43142773e+00
3.01607140e+02 6.62743441e+00
3.01675830e+02 6.85163181e+00
3.01758766e+02 7.16139328e+00
3.01841702e+02 7.51637907e+00
3.01924638e+02 7.91936621e+00
3.02007574e+02 8.37209723e+00
3.02090510e+02 8.87380201e+00
3.02173446e+02 9.41972315e+00
3.02339317e+02 1.05990143e+01
3.02482603e+02 1.16144695e+01
3.02554245e+02 1.20778502e+01
3.02625888e+02 1.24875878e+01
3.02697531e+02 1.28263410e+01
3.02769174e+02 1.30788613e+01
3.02840816e+02 1.32331510e+01
3.02894548e+02 1.32795265e+01
3.02912459e+02 1.32813955e+01
3.02979115e+02 1.32283419e+01
3.03045771e+02 1.30823985e+01
3.03112427e+02 1.28489331e+01
3.03179083e+02 1.25369158e+01
3.03245739e+02 1.21585500e+01
3.03312396e+02 1.17287873e+01
3.03534583e+02 1.01556767e+01
3.03623457e+02 9.58064999e+00
3.03683039e+02 9.24841164e+00
3.03742620e+02 8.97372342e+00
3.03802201e+02 8.76786608e+00
3.03841922e+02 8.67368825e+00
3.03881643e+02 8.61676829e+00
3.03921364e+02 8.59902208e+00
3.03965465e+02 8.62693979e+00
3.04013948e+02 8.71682430e+00
3.04062430e+02 8.86914958e+00
3.04110912e+02 9.08316454e+00
3.04159395e+02 9.35686302e+00
3.04207877e+02 9.68699403e+00
3.04256360e+02 1.00691086e+01
3.04304842e+02 1.04976320e+01
3.04379452e+02 1.12322735e+01
3.04480190e+02 1.23232637e+01
3.04656480e+02 1.42827523e+01
3.04732033e+02 1.50520926e+01
3.04803527e+02 1.56986353e+01
3.04875020e+02 1.62423388e+01
3.04946513e+02 1.66644610e+01
3.05018006e+02 1.69513309e+01
3.05089500e+02 1.70947123e+01
3.05113331e+02 1.71099908e+01
3.05183999e+02 1.70601290e+01
3.05254668e+02 1.68716908e+01
3.05325336e+02 1.65531240e+01
3.05396005e+02 1.61166309e+01
3.05466673e+02 1.55773965e+01
3.05537342e+02 1.49527716e+01
3.05631566e+02 1.40195071e+01
3.05772903e+02 1.24967241e+01
3.05941597e+02 1.06666202e+01
3.06016065e+02 9.90600048e+00
3.06090534e+02 9.19532427e+00
3.06165003e+02 8.54588710e+00
3.06214649e+02 8.15132323e+00
3.06264294e+02 7.78979749e+00
3.06321029e+02 7.41894631e+00
3.06377764e+02 7.09459441e+00
3.06434499e+02 6.81751911e+00
3.06491233e+02 6.58787028e+00
3.06547968e+02 6.40522534e+00
3.06604703e+02 6.26863274e+00
3.06661437e+02 6.17664211e+00
3.06718172e+02 6.12732149e+00
3.06766675e+02 6.11718607e+00
3.06815179e+02 6.13470671e+00
3.06887933e+02 6.20832701e+00
3.06960688e+02 6.33162301e+00
3.07009192e+02 6.43695617e+00
3.07106198e+02 6.68965840e+00
3.07348715e+02 7.41245924e+00
3.07445721e+02 7.66916610e+00
3.07523421e+02 7.83841528e+00
3.07611013e+02 7.98051161e+00
3.07698604e+02 8.06628608e+00
3.07795058e+02 8.09690345e+00
3.07907154e+02 8.06064141e+00
3.08041669e+02 7.94846600e+00
3.08355537e+02 7.62851408e+00
3.08570595e+02 7.42297738e+00
3.08681857e+02 7.27158013e+00
3.08751325e+02 7.14267668e+00
3.08820793e+02 6.97905403e+00
3.08890261e+02 6.77583151e+00
3.08959728e+02 6.53064964e+00
3.09029196e+02 6.24407128e+00
3.09098664e+02 5.91968087e+00
3.09168132e+02 5.56387722e+00
3.09272990e+02 4.98714356e+00
3.09412801e+02 4.20144241e+00
3.09478338e+02 3.84962951e+00
3.09539506e+02 3.54118197e+00
3.09585382e+02 3.32604255e+00
3.09631258e+02 3.12702847e+00
3.09677134e+02 2.94573760e+00
3.09714234e+02 2.81293010e+00
3.09757849e+02 2.67324999e+00
3.09801464e+02 2.55179292e+00
3.09845079e+02 2.44877573e+00
3.09888694e+02 2.36419327e+00
3.09932310e+02 2.29785715e+00
3.09975925e+02 2.24943946e+00
3.10019540e+02 2.21851304e+00
3.10055335e+02 2.20585830e+00
3.10076317e+02 2.20365122e+00
3.10111287e+02 2.20834327e+00
3.10153250e+02 2.22745955e+00
3.10195214e+02 2.26087145e+00
3.10237177e+02 2.30816226e+00
3.10279141e+02 2.36894156e+00
3.10321104e+02 2.44284023e+00
3.10363068e+02 2.52949975e+00
3.10405031e+02 2.62855690e+00
3.10460983e+02 2.77924394e+00
3.10510000e+02 2.92797968e+00
3.10573126e+02 3.14109936e+00
3.10636251e+02 3.37641351e+00
3.10699377e+02 3.63111778e+00
3.10783545e+02 3.99492653e+00
3.10939865e+02 4.71269283e+00
3.11054101e+02 5.23983017e+00
3.11168338e+02 5.74415849e+00
3.11282575e+02 6.21436850e+00
3.11490382e+02 7.00324706e+00
3.11646237e+02 7.61007744e+00
3.11750140e+02 8.06589551e+00
3.11828068e+02 8.44893810e+00
3.11905996e+02 8.87271617e+00
3.12009899e+02 9.50248155e+00
3.12113803e+02 1.01990033e+01
3.12242353e+02 1.11279152e+01
3.12499454e+02 1.30374331e+01
3.12628004e+02 1.39205120e+01
3.12713704e+02 1.44484325e+01
3.12799404e+02 1.49085337e+01
3.12885785e+02 1.52852218e+01
3.12972167e+02 1.55546727e+01
3.13036952e+02 1.56743601e+01
3.13101739e+02 1.57147505e+01
3.13165099e+02 1.56713813e+01
3.13225608e+02 1.55496303e+01
3.13286117e+02 1.53479503e+01
3.13346626e+02 1.50675855e+01
3.13386965e+02 1.48389510e+01
3.13467644e+02 1.42913784e+01
3.13548323e+02 1.36455005e+01
3.13750019e+02 1.18624858e+01
3.13811019e+02 1.13663368e+01
3.13873002e+02 1.09294588e+01
3.13914323e+02 1.06897564e+01
3.13955645e+02 1.05009258e+01
3.13996966e+02 1.03709018e+01
3.14038287e+02 1.03071618e+01
3.14058948e+02 1.03023197e+01
3.14100270e+02 1.03506263e+01
3.14136225e+02 1.04591404e+01
3.14166813e+02 1.06026381e+01
3.14197402e+02 1.07948400e+01
3.14227990e+02 1.10369263e+01
3.14258579e+02 1.13296873e+01
3.14289168e+02 1.16735010e+01
3.14319756e+02 1.20683158e+01
3.14350345e+02 1.25136363e+01
3.14397458e+02 1.32959950e+01
3.14445186e+02 1.42025965e+01
3.14492914e+02 1.52155373e+01
3.14540642e+02 1.63238025e+01
3.14588370e+02 1.75139931e+01
3.14655500e+02 1.92965128e+01
3.14867371e+02 2.52073129e+01
3.14932249e+02 2.69178778e+01
3.14991383e+02 2.83648955e+01
3.15050516e+02 2.96729043e+01
3.15109649e+02 3.08155286e+01
3.15168782e+02 3.17718013e+01
3.15227916e+02 3.25265883e+01
3.15287049e+02 3.30707190e+01
3.15346182e+02 3.34007918e+01
3.15403215e+02 3.35181190e+01
3.15458147e+02 3.34499948e+01
3.15513079e+02 3.32124613e+01
3.15568010e+02 3.28161229e+01
3.15622942e+02 3.22733723e+01
3.15705340e+02 3.12148292e+01
3.15787738e+02 2.99068477e+01
3.15870136e+02 2.83999516e+01
3.15979999e+02 2.61680368e+01
3.16254659e+02 2.01782119e+01
3.16363372e+02 1.79184162e+01
3.16428599e+02 1.66528703e+01
3.16493827e+02 1.54746105e+01
3.16559054e+02 1.43963616e+01
3.16602539e+02 1.37378433e+01
3.16660567e+02 1.29379583e+01
3.16718593e+02 1.22300071e+01
3.16776620e+02 1.16134923e+01
3.16834647e+02 1.10853511e+01
3.16892674e+02 1.06401050e+01
3.16950701e+02 1.02701466e+01
3.17008728e+02 9.96612025e+00
3.17066755e+02 9.71740424e+00
3.17150855e+02 9.43188247e+00
3.17234954e+02 9.20395221e+00
3.17459220e+02 8.65428897e+00
3.17571352e+02 8.32907253e+00
3.17683485e+02 7.95655773e+00
3.17879718e+02 7.26840503e+00
3.17963817e+02 7.00580322e+00
3.18037900e+02 6.81356214e+00
3.18093462e+02 6.70118410e+00
3.18149024e+02 6.62099707e+00
3.18204586e+02 6.57660109e+00
3.18241627e+02 6.56828815e+00
3.18296424e+02 6.58870794e+00
3.18350838e+02 6.64874656e+00
3.18405252e+02 6.74902512e+00
3.18459666e+02 6.88953493e+00
3.18514079e+02 7.06971326e+00
3.18568493e+02 7.28850472e+00
3.18622907e+02 7.54439773e+00
3.18695459e+02 7.93984770e+00
3.18768011e+02 8.39173743e+00
3.18840562e+02 8.89232457e+00
3.18930667e+02 9.56673427e+00
3.19140911e+02 1.12226758e+01
3.19231015e+02 1.18821567e+01
3.19291085e+02 1.22737521e+01
3.19355452e+02 1.26330433e+01
3.19424118e+02 1.29301105e+01
3.19475617e+02 1.30842941e+01
3.19527116e+02 1.31728145e+01
3.19561449e+02 1.31929637e+01
3.19612625e+02 1.31628218e+01
3.19663155e+02 1.30609099e+01
3.19713685e+02 1.28873127e+01
3.19764215e+02 1.26438810e+01
3.19814745e+02 1.23342863e+01
3.19865275e+02 1.19639316e+01
3.19932648e+02 1.13878371e+01
3.20000022e+02 1.07363082e+01
3.20101082e+02 9.66842876e+00
3.20226993e+02 8.29903823e+00
3.20288477e+02 7.65784798e+00
3.20349960e+02 7.05632714e+00
3.20399994e+02 6.60534127e+00
3.20438577e+02 6.28524780e+00
3.20477161e+02 5.99170775e+00
3.20515745e+02 5.72648144e+00
3.20554329e+02 5.49090846e+00
3.20592913e+02 5.28592317e+00
3.20631496e+02 5.11208452e+00
3.20670080e+02 4.96960395e+00
3.20701566e+02 4.87651306e+00
3.20738147e+02 4.79425446e+00
3.20774728e+02 4.73938352e+00
3.20813465e+02 4.71044415e+00
3.20833373e+02 4.70696483e+00
3.20866552e+02 4.71790598e+00
3.20906368e+02 4.75785387e+00
3.20946183e+02 4.82595475e+00
3.20985998e+02 4.92102701e+00
3.21025813e+02 5.04191280e+00
3.21052357e+02 5.13629804e+00
3.21105444e+02 5.35681632e+00
3.21158531e+02 5.61789415e+00
3.21211618e+02 5.91778196e+00
3.21257413e+02 6.20667726e+00
3.21303208e+02 6.52300168e+00
3.21349004e+02 6.86654882e+00
3.21417697e+02 7.43317183e+00
3.21486390e+02 8.06272248e+00
3.21555083e+02 8.75781614e+00
3.21626650e+02 9.55548398e+00
3.21699656e+02 1.04510158e+01
3.21772660e+02 1.14338003e+01
3.21845666e+02 1.25075578e+01
3.21918671e+02 1.36742178e+01
3.21992386e+02 1.49457630e+01
3.22067523e+02 1.63341236e+01
3.22167706e+02 1.83142390e+01
3.22292934e+02 2.09463565e+01
3.22519371e+02 2.58406553e+01
3.22632847e+02 2.81814043e+01
3.22746322e+02 3.03416061e+01
3.22859797e+02 3.22670184e+01
3.22973272e+02 3.39319849e+01
3.23069222e+02 3.51378007e+01
3.23165172e+02 3.61729487e+01
3.23293105e+02 3.73237232e+01
3.23421038e+02 3.82582939e+01
3.23548970e+02 3.90102195e+01
3.23676903e+02 3.95812651e+01
3.23804836e+02 3.99356959e+01
3.23900786e+02 4.00194443e+01
3.23996735e+02 3.99084159e+01
3.24078786e+02 3.96330866e+01
3.24160837e+02 3.91734670e+01
3.24242888e+02 3.85203811e+01
3.24324939e+02 3.76750103e+01
3.24434340e+02 3.62734647e+01
3.24543742e+02 3.46204809e+01
3.24817245e+02 3.00792316e+01
3.24905488e+02 2.87174733e+01
3.25006116e+02 2.73427247e+01
3.25073202e+02 2.65567006e+01
3.25140287e+02 2.58851947e+01
3.25207373e+02 2.53297825e+01
3.25274458e+02 2.48856915e+01
3.25375087e+02 2.44031569e+01
3.25408629e+02 2.42828627e+01
3.25756029e+02 2.33924961e+01
3.25843064e+02 2.30224006e+01
3.25930099e+02 2.25028595e+01
3.26017134e+02 2.18135498e+01
3.26104170e+02 2.09540885e+01
3.26191205e+02 1.99441756e+01
3.26278240e+02 1.88209735e+01
3.26487375e+02 1.59661839e+01
3.26592569e+02 1.46234206e+01
3.26662698e+02 1.38127640e+01
3.26732828e+02 1.30836086e+01
3.26802957e+02 1.24395991e+01
3.26873087e+02 1.18773642e+01
3.26943216e+02 1.13875983e+01
3.27013345e+02 1.09567068e+01
3.27102335e+02 1.04697128e+01
3.27591776e+02 8.01869533e+00
3.27680766e+02 7.62248076e+00
3.27725260e+02 7.45079842e+00
3.27790746e+02 7.24240939e+00
3.27839860e+02 7.12824247e+00
3.27888974e+02 7.05636726e+00
3.27938088e+02 7.03169073e+00
3.27987203e+02 7.05830137e+00
3.28024361e+02 7.11444741e+00
3.28061519e+02 7.20266696e+00
3.28098678e+02 7.32348144e+00
3.28135836e+02 7.47699298e+00
3.28172994e+02 7.66286933e+00
3.28228732e+02 8.00054991e+00
3.28284469e+02 8.40470821e+00
3.28332025e+02 8.79712561e+00
3.28403359e+02 9.45539909e+00
3.28474693e+02 1.01770721e+01
3.28664917e+02 1.22013118e+01
3.28746556e+02 1.30083972e+01
3.28800983e+02 1.34927278e+01
3.28855409e+02 1.39204355e+01
3.28909835e+02 1.42816807e+01
3.28964261e+02 1.45687203e+01
3.29018687e+02 1.47762389e+01
3.29073113e+02 1.49015827e+01
3.29131713e+02 1.49448799e+01
3.29184023e+02 1.49062019e+01
3.29246796e+02 1.47709541e+01
3.29309569e+02 1.45508087e+01
3.29393266e+02 1.41531794e+01
3.29518812e+02 1.34246502e+01
3.29644358e+02 1.26756861e+01
3.29728055e+02 1.22322946e+01
3.29795691e+02 1.19301998e+01
3.29873054e+02 1.16579688e+01
3.29950417e+02 1.14667285e+01
3.30036610e+02 1.13409948e+01
3.30097015e+02 1.12972802e+01
3.30368836e+02 1.12441256e+01
3.30459443e+02 1.11561449e+01
3.30538437e+02 1.10083000e+01
3.30617430e+02 1.07829122e+01
3.30696423e+02 1.04779686e+01
3.30775416e+02 1.01001531e+01
3.30854410e+02 9.66436065e+00
3.31051893e+02 8.47893563e+00
3.31136023e+02 8.01948083e+00
3.31202973e+02 7.71240059e+00
3.31247606e+02 7.54714400e+00
3.31292240e+02 7.41984337e+00
3.31336873e+02 7.33553738e+00
3.31381507e+02 7.29877814e+00
3.31392665e+02 7.29749785e+00
3.31426140e+02 7.31354840e+00
3.31467769e+02 7.37672052e+00
3.31506393e+02 7.47991850e+00
3.31545018e+02 7.62735656e+00
3.31583642e+02 7.81987061e+00
3.31622267e+02 8.05783667e+00
3.31660891e+02 8.34115789e+00
3.31699516e+02 8.66926244e+00
3.31738140e+02 9.04110449e+00
3.31790963e+02 9.61763563e+00
3.31841230e+02 1.02348109e+01
3.31891497e+02 1.09130408e+01
3.31958519e+02 1.19004743e+01
3.32025541e+02 1.29657565e+01
3.32135651e+02 1.48297742e+01
3.32333849e+02 1.82608721e+01
3.32445651e+02 2.00714096e+01
3.32547289e+02 2.15558046e+01
3.32615047e+02 2.24394655e+01
3.32682806e+02 2.32300743e+01
3.32750564e+02 2.39246959e+01
3.32852202e+02 2.47889099e+01
3.32953840e+02 2.54545591e+01
3.33055477e+02 2.59492647e+01
3.33190994e+02 2.64028727e+01
3.33326511e+02 2.66931056e+01
3.33504015e+02 2.69009489e+01
3.33587990e+02 2.69252551e+01
3.33713952e+02 2.68229073e+01
3.33797927e+02 2.66211940e+01
3.33877907e+02 2.62956174e+01
3.33957887e+02 2.58132776e+01
3.34037868e+02 2.51538062e+01
3.34117848e+02 2.43060707e+01
3.34197828e+02 2.32707107e+01
3.34277808e+02 2.20613340e+01
3.34357789e+02 2.07041750e+01
3.34437769e+02 1.92363400e+01
3.34667735e+02 1.48230805e+01
3.34744391e+02 1.34341117e+01
3.34810335e+02 1.23236716e+01
3.34859793e+02 1.15553859e+01
3.34909251e+02 1.08506604e+01
3.34958709e+02 1.02156422e+01
3.35008167e+02 9.65533172e+00
3.35045808e+02 9.28142821e+00
3.35083448e+02 8.95444471e+00
3.35121088e+02 8.67543679e+00
3.35158729e+02 8.44519855e+00
3.35196369e+02 8.26429338e+00
3.35234009e+02 8.13308370e+00
3.35271650e+02 8.05175700e+00
3.35309290e+02 8.02034671e+00
3.35346593e+02 8.03836172e+00
3.35383896e+02 8.10506839e+00
3.35421200e+02 8.22010944e+00
3.35458503e+02 8.38299288e+00
3.35495806e+02 8.59308064e+00
3.35533109e+02 8.84956489e+00
3.35570412e+02 9.15144611e+00
3.35607716e+02 9.49750097e+00
3.35647860e+02 9.91755957e+00
3.35688004e+02 1.03848364e+01
3.35748221e+02 1.11683399e+01
3.35808437e+02 1.20409312e+01
3.35868653e+02 1.29888359e+01
3.35928870e+02 1.39954076e+01
3.36129183e+02 1.74978541e+01
3.36209308e+02 1.88213846e+01
3.36271531e+02 1.97572242e+01
3.36338011e+02 2.06327386e+01
3.36404492e+02 2.13484830e+01
3.36448812e+02 2.17231838e+01
3.36493132e+02 2.20080921e+01
3.36537452e+02 2.21981309e+01
3.36581773e+02 2.22898379e+01
3.36603933e+02 2.22982047e+01
3.36648957e+02 2.22379793e+01
3.36693982e+02 2.20752965e+01
3.36754015e+02 2.17043354e+01
3.36814048e+02 2.11686297e+01
3.36874080e+02 2.04854389e+01
3.36934113e+02 1.96765084e+01
3.36994146e+02 1.87670761e+01
3.37084195e+02 1.72751997e+01
3.37230412e+02 1.47517460e+01
3.37303521e+02 1.35461112e+01
3.37358353e+02 1.27008066e+01
3.37421520e+02 1.18096199e+01
3.37466410e+02 1.12386919e+01
3.37511300e+02 1.07245568e+01
3.37556190e+02 1.02700818e+01
3.37601080e+02 9.87681514e+00
3.37645970e+02 9.54506792e+00
3.37690860e+02 9.27401032e+00
3.37735750e+02 9.06180551e+00
3.37780642e+02 8.90574778e+00
3.37822455e+02 8.80792875e+00
3.37876153e+02 8.74434638e+00
3.37903002e+02 8.73664380e+00
3.37956700e+02 8.76469209e+00
3.38010398e+02 8.84440210e+00
3.38064096e+02 8.96860232e+00
3.38144643e+02 9.22461427e+00
3.38225189e+02 9.55006222e+00
3.38305736e+02 9.93633362e+00
3.38386283e+02 1.03843113e+01
3.38466830e+02 1.09052047e+01
3.38520528e+02 1.13032019e+01
3.38574226e+02 1.17517457e+01
3.38627924e+02 1.22612622e+01
3.38679976e+02 1.28244796e+01
3.38730381e+02 1.34459711e+01
3.38780787e+02 1.41533934e+01
3.38831193e+02 1.49577009e+01
3.38881599e+02 1.58694214e+01
3.38932005e+02 1.68981635e+01
3.38982411e+02 1.80521221e+01
3.39032817e+02 1.93375373e+01
3.39075298e+02 2.05258041e+01
3.39127132e+02 2.21066724e+01
3.39178967e+02 2.38291746e+01
3.39230801e+02 2.56867740e+01
3.39299914e+02 2.83538269e+01
3.39374285e+02 3.14236239e+01
3.39613177e+02 4.17631130e+01
3.39679093e+02 4.44258618e+01
3.39757394e+02 4.72779433e+01
3.39809596e+02 4.89292180e+01
3.39861797e+02 5.03376341e+01
3.39913998e+02 5.14712959e+01
3.39966199e+02 5.23038516e+01
3.40018400e+02 5.28155198e+01
3.40070601e+02 5.29938434e+01
3.40120943e+02 5.28456522e+01
3.40171285e+02 5.23859359e+01
3.40221628e+02 5.16243394e+01
3.40271970e+02 5.05769192e+01
3.40322312e+02 4.92655375e+01
3.40372655e+02 4.77170657e+01
3.40439777e+02 4.53375453e+01
3.40506901e+02 4.26729791e+01
3.40607585e+02 3.83299378e+01
3.40761816e+02 3.14565758e+01
3.40823509e+02 2.88061358e+01
3.40882905e+02 2.63742374e+01
3.40940006e+02 2.41775770e+01
3.40997107e+02 2.21416587e+01
3.41039933e+02 2.07298896e+01
3.41082758e+02 1.94219724e+01
3.41123978e+02 1.82637749e+01
3.41165197e+02 1.72054591e+01
3.41206417e+02 1.62469236e+01
3.41247637e+02 1.53870103e+01
3.41288856e+02 1.46236382e+01
3.41330076e+02 1.39539466e+01
3.41371296e+02 1.33744099e+01
3.41412515e+02 1.28809706e+01
3.41447757e+02 1.25239844e+01
3.41482999e+02 1.22236556e+01
3.41529988e+02 1.19059152e+01
3.41576977e+02 1.16756204e+01
3.41628683e+02 1.15138730e+01
3.41656894e+02 1.14624851e+01
3.41713316e+02 1.14295874e+01
3.41769738e+02 1.14788126e+01
3.41826160e+02 1.15974232e+01
3.41882582e+02 1.17734926e+01
3.41967214e+02 1.21218462e+01
3.42051847e+02 1.25439588e+01
3.42164691e+02 1.31816108e+01
3.42333957e+02 1.42408447e+01
3.42446801e+02 1.50131109e+01
3.42546073e+02 1.57549034e+01
3.42631774e+02 1.64594918e+01
3.42717475e+02 1.72383681e+01
3.42803176e+02 1.81027447e+01
3.42888876e+02 1.90585984e+01
3.42974577e+02 2.01047035e+01
3.43103128e+02 2.18189160e+01
3.43351940e+02 2.53262797e+01
3.43433496e+02 2.63948792e+01
3.43515051e+02 2.73460335e+01
3.43596607e+02 2.81287176e+01
3.43657773e+02 2.85748820e+01
3.43718940e+02 2.88784125e+01
3.43780107e+02 2.90222070e+01
3.43800496e+02 2.90321629e+01
3.43841273e+02 2.89925975e+01
3.43906177e+02 2.87611939e+01
3.43971080e+02 2.83190598e+01
3.44035984e+02 2.76681559e+01
3.44100888e+02 2.68176378e+01
3.44165791e+02 2.57836460e+01
3.44230695e+02 2.45886632e+01
3.44295598e+02 2.32604815e+01
3.44396211e+02 2.10133769e+01
3.44610466e+02 1.60027061e+01
3.44673482e+02 1.46013686e+01
3.44728096e+02 1.34489910e+01
3.44782710e+02 1.23672093e+01
3.44837324e+02 1.13656430e+01
3.44882942e+02 1.05957209e+01
3.44919563e+02 1.00236337e+01
3.44956184e+02 9.49351557e+00
3.44992805e+02 9.00583344e+00
3.45029426e+02 8.56065928e+00
3.45066047e+02 8.15772092e+00
3.45102668e+02 7.79644455e+00
3.45139289e+02 7.47601215e+00
3.45173677e+02 7.21139957e+00
3.45205833e+02 6.99490743e+00
3.45237990e+02 6.80747008e+00
3.45270146e+02 6.64823168e+00
3.45302302e+02 6.51633475e+00
3.45334458e+02 6.41094737e+00
3.45382692e+02 6.30086641e+00
3.45427944e+02 6.24811411e+00
3.45454136e+02 6.23926920e+00
3.45493425e+02 6.25516398e+00
3.45532714e+02 6.30552849e+00
3.45572002e+02 6.39002170e+00
3.45611291e+02 6.50857767e+00
3.45650579e+02 6.66139778e+00
3.45689868e+02 6.84893091e+00
3.45729157e+02 7.07184188e+00
3.45768445e+02 7.33096821e+00
3.45807734e+02 7.62726601e+00
3.45854347e+02 8.02840588e+00
3.45895188e+02 8.42534728e+00
3.45936030e+02 8.86577770e+00
3.45976871e+02 9.35042636e+00
3.46017713e+02 9.87967636e+00
3.46058554e+02 1.04534574e+01
3.46099395e+02 1.10711422e+01
3.46160657e+02 1.20769901e+01
3.46222340e+02 1.31788730e+01
3.46284023e+02 1.43582780e+01
3.46376547e+02 1.62354912e+01
3.46537469e+02 1.95946531e+01
3.46624189e+02 2.13047162e+01
3.46689230e+02 2.24720193e+01
3.46754270e+02 2.35004056e+01
3.46805669e+02 2.41933085e+01
3.46857067e+02 2.47654133e+01
3.46908466e+02 2.52057337e+01
3.46959864e+02 2.55064042e+01
3.47011263e+02 2.56629972e+01
3.47041727e+02 2.56873214e+01
3.47099496e+02 2.55953863e+01
3.47152821e+02 2.53557436e+01
3.47206146e+02 2.49774331e+01
3.47241696e+02 2.46545384e+01
3.47312796e+02 2.38600093e+01
3.47383897e+02 2.29025634e+01
3.47490547e+02 2.12614271e+01
3.47687365e+02 1.80503175e+01
3.47777533e+02 1.66747090e+01
3.47837645e+02 1.58280868e+01
3.47897757e+02 1.50477349e+01
3.47957869e+02 1.43378576e+01
3.48017981e+02 1.36993901e+01
3.48078093e+02 1.31306381e+01
3.48152958e+02 1.25141717e+01
3.48227822e+02 1.19906157e+01
3.48302687e+02 1.15493161e+01
3.48377551e+02 1.11799027e+01
3.48452416e+02 1.08731743e+01
3.48527280e+02 1.06214561e+01
3.48627100e+02 1.03607447e+01
3.48726919e+02 1.01744933e+01
3.48826739e+02 1.00511500e+01
3.48932175e+02 9.97507094e+00
3.49098755e+02 9.92627351e+00
3.49320862e+02 9.89046312e+00
3.49678450e+02 9.74978867e+00
3.49785726e+02 9.73169619e+00
3.49893003e+02 9.75927405e+00
3.49989615e+02 9.83670600e+00
3.50086228e+02 9.97034557e+00
3.50182841e+02 1.01593878e+01
3.50327760e+02 1.05294880e+01
3.50762517e+02 1.18468165e+01
3.50955743e+02 1.23651900e+01
3.51148968e+02 1.28159780e+01
3.51342194e+02 1.31917719e+01
3.51498709e+02 1.34208929e+01
3.51678417e+02 1.35877730e+01
3.51969960e+02 1.37715958e+01
3.52067140e+02 1.38824035e+01
3.52172039e+02 1.40690466e+01
3.52276937e+02 1.43389336e+01
3.52381835e+02 1.46897943e+01
3.52696530e+02 1.59283383e+01
3.52801428e+02 1.62348615e+01
3.52880102e+02 1.63709546e+01
3.52944046e+02 1.64065369e+01
3.53006911e+02 1.63670847e+01
3.53075001e+02 1.62347824e+01
3.53143092e+02 1.60061227e+01
3.53211182e+02 1.56816172e+01
3.53279272e+02 1.52656416e+01
3.53347362e+02 1.47662492e+01
3.53415452e+02 1.41948450e+01
3.53506238e+02 1.33460534e+01
3.53757644e+02 1.08139775e+01
3.53830960e+02 1.01297352e+01
3.53904276e+02 9.51559308e+00
3.53953153e+02 9.15674119e+00
3.54002030e+02 8.84585403e+00
3.54050907e+02 8.58872587e+00
3.54099784e+02 8.39047356e+00
3.54137940e+02 8.27945603e+00
3.54179090e+02 8.20487028e+00
3.54220241e+02 8.17876428e+00
3.54252537e+02 8.19301221e+00
3.54289696e+02 8.24768645e+00
3.54326855e+02 8.34347080e+00
3.54364014e+02 8.48015152e+00
3.54401174e+02 8.65712149e+00
3.54438333e+02 8.87337724e+00
3.54475492e+02 9.12751352e+00
3.54531230e+02 9.57570012e+00
3.54584126e+02 1.00690359e+01
3.54637021e+02 1.06203584e+01
3.54716364e+02 1.15350174e+01
3.54822154e+02 1.28599623e+01
3.54954392e+02 1.45481527e+01
3.55049646e+02 1.56858563e+01
3.55113148e+02 1.63706028e+01
3.55176650e+02 1.69774651e+01
3.55240152e+02 1.74939407e+01
3.55303654e+02 1.79113419e+01
3.55367157e+02 1.82250217e+01
3.55430659e+02 1.84343624e+01
3.55504260e+02 1.85507786e+01
3.55535647e+02 1.85614912e+01
3.55587959e+02 1.85315177e+01
3.55671659e+02 1.83723895e+01
3.55755358e+02 1.81000842e+01
3.55880908e+02 1.75402393e+01
3.56048307e+02 1.66397027e+01
3.57163346e+02 1.03406144e+01
3.57318379e+02 9.51146245e+00
3.57473411e+02 8.73809959e+00
3.57628444e+02 8.03196445e+00
3.57734555e+02 7.59130880e+00
3.57840666e+02 7.18832313e+00
3.57946778e+02 6.82709158e+00
3.58052889e+02 6.51392944e+00
3.58132473e+02 6.31589588e+00
3.58212056e+02 6.15462532e+00
3.58291640e+02 6.03549166e+00
3.58371223e+02 5.96421500e+00
3.58424279e+02 5.94609534e+00
3.58496350e+02 5.96236570e+00
3.58562562e+02 6.02138915e+00
3.58628773e+02 6.12454378e+00
3.58694985e+02 6.27275556e+00
3.58761196e+02 6.46582940e+00
3.58827408e+02 6.70230136e+00
3.58893620e+02 6.97935716e+00
3.58959831e+02 7.29283218e+00
3.59060357e+02 7.82590473e+00
3.59163299e+02 8.42105174e+00
3.59369184e+02 9.64592099e+00
3.59472126e+02 1.02202451e+01
3.59575068e+02 1.07402035e+01
3.59686327e+02 1.12269518e+01
3.59797586e+02 1.16313567e+01
3.59908845e+02 1.19594951e+01
3.60020104e+02 1.22260103e+01
3.60390967e+02 1.29700465e+01
3.60502226e+02 1.32602619e+01
3.60613485e+02 1.36336616e+01
3.60724744e+02 1.41115245e+01
3.60811878e+02 1.45640813e+01
3.60911974e+02 1.51621600e+01
3.61212260e+02 1.71654718e+01
3.61312356e+02 1.77405875e+01
3.61387428e+02 1.80823216e+01
3.61462499e+02 1.83230780e+01
3.61537571e+02 1.84457533e+01
3.61571919e+02 1.84591793e+01
3.61636780e+02 1.84084261e+01
3.61710761e+02 1.82282827e+01
3.61784743e+02 1.79219523e+01
3.61858725e+02 1.74993515e+01
3.61932706e+02 1.69752326e+01
3.62031348e+02 1.61504017e+01
3.62129991e+02 1.52262459e+01
3.62376596e+02 1.27951560e+01
3.62487113e+02 1.17757033e+01
3.62560791e+02 1.11509688e+01
3.62634469e+02 1.05803028e+01
3.62708147e+02 1.00702421e+01
3.62781825e+02 9.62575986e+00
3.62855503e+02 9.25056650e+00
3.62910761e+02 9.01628277e+00
3.62966020e+02 8.82328682e+00
3.63020263e+02 8.67450411e+00
3.63074505e+02 8.56626558e+00
3.63128748e+02 8.49857473e+00
3.63182991e+02 8.47117775e+00
3.63244246e+02 8.48801708e+00
3.63305502e+02 8.55439188e+00
3.63366758e+02 8.66867321e+00
3.63428014e+02 8.82879211e+00
3.63489269e+02 9.03227085e+00
3.63550525e+02 9.27627332e+00
3.63632199e+02 9.65921240e+00
3.63713874e+02 1.01006735e+01
3.63795548e+02 1.05924633e+01
3.63895907e+02 1.12538710e+01
3.64014950e+02 1.21024121e+01
3.64193516e+02 1.34659063e+01
3.64610168e+02 1.67987692e+01
3.64729212e+02 1.76930438e+01
3.64845709e+02 1.84757216e+01
3.64931174e+02 1.89610213e+01
3.65016638e+02 1.93454743e+01
3.65102102e+02 1.96063204e+01
3.65187566e+02 1.97229839e+01
3.65208933e+02 1.97275816e+01
3.65271370e+02 1.96815303e+01
3.65351853e+02 1.94870736e+01
3.65432336e+02 1.91379497e+01
3.65512819e+02 1.86372646e+01
3.65593302e+02 1.79942754e+01
3.65673785e+02 1.72239283e+01
3.65754268e+02 1.63459773e+01
3.65834751e+02 1.53838283e+01
3.65968889e+02 1.36634026e+01
3.66143207e+02 1.13847209e+01
3.66223566e+02 1.03792064e+01
3.66303924e+02 9.42962910e+00
3.66364194e+02 8.76329769e+00
3.66424463e+02 8.14165798e+00
3.66489076e+02 7.52865279e+00
3.66553690e+02 6.97331522e+00
3.66618303e+02 6.47643947e+00
3.66661379e+02 6.17738098e+00
3.66704454e+02 5.90349570e+00
3.66747530e+02 5.65403632e+00
3.66810658e+02 5.33059569e+00
3.66873044e+02 5.05710775e+00
3.66935430e+02 4.82571200e+00
3.66997816e+02 4.63244906e+00
3.67060202e+02 4.47337699e+00
3.67122588e+02 4.34475231e+00
3.67184973e+02 4.24317576e+00
3.67247359e+02 4.16570074e+00
3.67309745e+02 4.10989677e+00
3.67351336e+02 4.08377696e+00
3.67434517e+02 4.05624522e+00
3.67468099e+02 4.05403723e+00
3.67534345e+02 4.06416137e+00
3.67616923e+02 4.10313683e+00
3.67699501e+02 4.17087601e+00
3.67782079e+02 4.26677028e+00
3.67864657e+02 4.38957687e+00
3.67919709e+02 4.48529423e+00
3.68029813e+02 4.70508697e+00
3.68194969e+02 5.08102896e+00
3.68360125e+02 5.46091498e+00
3.68466665e+02 5.67948277e+00
3.68573206e+02 5.86278435e+00
3.68679746e+02 6.00715342e+00
3.68862232e+02 6.19000708e+00
3.68976150e+02 6.30556395e+00
3.69052095e+02 6.40789176e+00
3.69115289e+02 6.52033472e+00
3.69190952e+02 6.69951504e+00
3.69241394e+02 6.85175246e+00
3.69291836e+02 7.03388515e+00
3.69342278e+02 7.24831202e+00
3.69392720e+02 7.49661236e+00
3.69443163e+02 7.77943436e+00
3.69493605e+02 8.09640646e+00
3.69546811e+02 8.46615886e+00
3.69626621e+02 9.08211934e+00
3.69706432e+02 9.75747615e+00
3.69951631e+02 1.19592888e+01
3.70048747e+02 1.27592325e+01
3.70113491e+02 1.32326277e+01
3.70178234e+02 1.36446363e+01
3.70242978e+02 1.39865278e+01
3.70307722e+02 1.42525030e+01
3.70372466e+02 1.44398699e+01
3.70437210e+02 1.45489884e+01
3.70505976e+02 1.45827523e+01
3.70574742e+02 1.45384373e+01
3.70643508e+02 1.44248005e+01
3.70746657e+02 1.41462687e+01
3.70849806e+02 1.37681460e+01
3.70987338e+02 1.31586976e+01
3.71124870e+02 1.24700759e+01
3.71262402e+02 1.17231826e+01
3.71468700e+02 1.05120408e+01
3.71710036e+02 9.04749406e+00
3.71813579e+02 8.46567581e+00
3.71882607e+02 8.11504590e+00
3.71951635e+02 7.80467747e+00
3.72020663e+02 7.54260229e+00
3.72089691e+02 7.33539237e+00
3.72151190e+02 7.20082541e+00
3.72212689e+02 7.11534238e+00
3.72275905e+02 7.07894409e+00
3.72298120e+02 7.07834511e+00
3.72364766e+02 7.11312409e+00
3.72431413e+02 7.19928590e+00
3.72498060e+02 7.33090637e+00
3.72564706e+02 7.50054855e+00
3.72653568e+02 7.77078253e+00
3.72875723e+02 8.52050794e+00
3.72964585e+02 8.78577256e+00
3.73039767e+02 8.96841865e+00
3.73114948e+02 9.09993519e+00
3.73190130e+02 9.17040559e+00
3.73227720e+02 9.18034763e+00
3.73288168e+02 9.15885152e+00
3.73356739e+02 9.07693226e+00
3.73425310e+02 8.93375200e+00
3.73493881e+02 8.73142318e+00
3.73562452e+02 8.47423954e+00
3.73631023e+02 8.16845128e+00
3.73722451e+02 7.69890345e+00
3.73813879e+02 7.17879034e+00
3.74039471e+02 5.82684687e+00
3.74124944e+02 5.33850937e+00
3.74210417e+02 4.88408774e+00
3.74274521e+02 4.57069472e+00
3.74338626e+02 4.28325363e+00
3.74402189e+02 4.02480898e+00
3.74465753e+02 3.79277971e+00
3.74529317e+02 3.58631389e+00
3.74592880e+02 3.40394678e+00
3.74656444e+02 3.24380429e+00
3.74720008e+02 3.10380052e+00
3.74783571e+02 2.98181479e+00
3.74847135e+02 2.87584103e+00
3.74910699e+02 2.78409841e+00
3.74974263e+02 2.70510346e+00
3.75043239e+02 2.63247063e+00
3.75123040e+02 2.56413895e+00
3.75202841e+02 2.51177169e+00
3.75282642e+02 2.47497816e+00
3.75362443e+02 2.45371553e+00
3.75442244e+02 2.44809444e+00
3.75519020e+02 2.45755716e+00
3.75595796e+02 2.48164191e+00
3.75672572e+02 2.52032531e+00
3.75749348e+02 2.57359389e+00
3.75826124e+02 2.64157313e+00
3.75902900e+02 2.72469815e+00
3.75979676e+02 2.82390414e+00
3.76056452e+02 2.94081191e+00
3.76133228e+02 3.07787850e+00
3.76210004e+02 3.23848394e+00
3.76261188e+02 3.36071967e+00
3.76319356e+02 3.51651681e+00
3.76377523e+02 3.69255785e+00
3.76435690e+02 3.89134655e+00
3.76493858e+02 4.11540876e+00
3.76552025e+02 4.36715787e+00
3.76610192e+02 4.64873629e+00
3.76668360e+02 4.96184615e+00
3.76726527e+02 5.30756550e+00
3.76791563e+02 5.73303513e+00
3.76856600e+02 6.19854496e+00
3.76921636e+02 6.70130542e+00
3.77008351e+02 7.42119665e+00
3.77145792e+02 8.63768573e+00
3.77266467e+02 9.71552573e+00
3.77363007e+02 1.05291315e+01
3.77435412e+02 1.10833370e+01
3.77501972e+02 1.15346241e+01
3.77565608e+02 1.19036187e+01
3.77629244e+02 1.22041398e+01
3.77692881e+02 1.24316775e+01
3.77756517e+02 1.25849261e+01
3.77798941e+02 1.26467653e+01
3.77878741e+02 1.26821417e+01
3.77958542e+02 1.26273802e+01
3.78078241e+02 1.24351423e+01
3.78197942e+02 1.22176486e+01
3.78277742e+02 1.21276572e+01
3.78317642e+02 1.21155478e+01
3.78377492e+02 1.21535908e+01
3.78437342e+02 1.22742511e+01
3.78485587e+02 1.24422725e+01
3.78531264e+02 1.26665279e+01
3.78576942e+02 1.29592820e+01
3.78622619e+02 1.33244312e+01
3.78668297e+02 1.37646414e+01
3.78713974e+02 1.42812375e+01
3.78759652e+02 1.48741138e+01
3.78805329e+02 1.55416674e+01
3.78870381e+02 1.66147804e+01
3.78933701e+02 1.77847117e+01
3.78997021e+02 1.90592619e+01
3.79081448e+02 2.08790584e+01
3.79265940e+02 2.49996212e+01
3.79366006e+02 2.70731152e+01
3.79432716e+02 2.82986861e+01
3.79499427e+02 2.93524259e+01
3.79566137e+02 3.01995532e+01
3.79616170e+02 3.06818697e+01
3.79666203e+02 3.10224745e+01
3.79724338e+02 3.12316309e+01
3.79749119e+02 3.12583889e+01
3.79811071e+02 3.11610293e+01
3.79873023e+02 3.08320829e+01
3.79934976e+02 3.02811772e+01
3.79996928e+02 2.95243694e+01
3.80058881e+02 2.85834821e+01
3.80120833e+02 2.74852075e+01
3.80203436e+02 2.58290998e+01
3.80327341e+02 2.30959338e+01
3.80447437e+02 2.03907434e+01
3.80522423e+02 1.87777232e+01
3.80597408e+02 1.72805392e+01
3.80653648e+02 1.62564654e+01
3.80709887e+02 1.53305329e+01
3.80754172e+02 1.46760086e+01
3.80798457e+02 1.40899942e+01
3.80842742e+02 1.35735911e+01
3.80887027e+02 1.31265858e+01
3.80931312e+02 1.27475231e+01
3.80975598e+02 1.24338023e+01
3.81019883e+02 1.21817951e+01
3.81064168e+02 1.19869806e+01
3.81119850e+02 1.18150214e+01
3.81175532e+02 1.17133901e+01
3.81249775e+02 1.16653506e+01
3.81324018e+02 1.16889882e+01
3.81583868e+02 1.19365915e+01
3.81696927e+02 1.19746939e+01
3.81813374e+02 1.19309827e+01
3.82046268e+02 1.17226196e+01
3.82123899e+02 1.16879350e+01
3.82201531e+02 1.17084485e+01
3.82279162e+02 1.18045709e+01
3.82342827e+02 1.19509723e+01
3.82406492e+02 1.21641215e+01
3.82470157e+02 1.24456892e+01
3.82533822e+02 1.27933872e+01
3.82597487e+02 1.32008454e+01
3.82661152e+02 1.36577185e+01
3.82911677e+02 1.56279970e+01
3.83004074e+02 1.62601369e+01
3.83065672e+02 1.66026133e+01
3.83127270e+02 1.68629390e+01
3.83188868e+02 1.70277973e+01
3.83250465e+02 1.70872540e+01
3.83300324e+02 1.70539069e+01
3.83357501e+02 1.69241913e+01
3.83414679e+02 1.66979075e+01
3.83471857e+02 1.63792370e+01
3.83529035e+02 1.59752082e+01
3.83586213e+02 1.54953499e+01
3.83662450e+02 1.47578149e+01
3.83738687e+02 1.39375736e+01
3.83984541e+02 1.11238129e+01
3.84054576e+02 1.03735812e+01
3.84124611e+02 9.67914498e+00
3.84194646e+02 9.05136557e+00
3.84264681e+02 8.49636746e+00
3.84331044e+02 8.03914869e+00
3.84397406e+02 7.64680731e+00
3.84463769e+02 7.31466733e+00
3.84530131e+02 7.03593978e+00
3.84596494e+02 6.80236054e+00
3.84662856e+02 6.60482324e+00
3.84751339e+02 6.38135095e+00
3.85012409e+02 5.80744050e+00
3.85131992e+02 5.51423043e+00
3.85251576e+02 5.18102831e+00
3.85530604e+02 4.32558625e+00
3.85610326e+02 4.10679125e+00
3.85676160e+02 3.95461360e+00
3.85720048e+02 3.87294578e+00
3.85763937e+02 3.81089323e+00
3.85807826e+02 3.77184532e+00
3.85851715e+02 3.75928663e+00
3.85884631e+02 3.76938382e+00
3.85917548e+02 3.79788432e+00
3.85950465e+02 3.84629523e+00
3.85989458e+02 3.93145857e+00
3.86017478e+02 4.01257484e+00
3.86045499e+02 4.11134809e+00
3.86073520e+02 4.22863536e+00
3.86101541e+02 4.36526122e+00
3.86129562e+02 4.52200877e+00
3.86157583e+02 4.69961505e+00
3.86185603e+02 4.89876133e+00
3.86213359e+02 5.11786523e+00
3.86241115e+02 5.35924033e+00
3.86268870e+02 5.62333980e+00
3.86296626e+02 5.91053074e+00
3.86338259e+02 6.38518186e+00
3.86379893e+02 6.91285416e+00
3.86419776e+02 7.46797669e+00
3.86456159e+02 8.01619779e+00
3.86492542e+02 8.60338623e+00
3.86528925e+02 9.22820078e+00
3.86577435e+02 1.01166624e+01
3.86625720e+02 1.10587441e+01
3.86697808e+02 1.25571800e+01
3.86769897e+02 1.41396285e+01
3.86977763e+02 1.88300164e+01
3.87051297e+02 2.03923472e+01
3.87113542e+02 2.16160361e+01
3.87164498e+02 2.25294466e+01
3.87215455e+02 2.33482178e+01
3.87266411e+02 2.40599861e+01
3.87317366e+02 2.46543756e+01
3.87368322e+02 2.51232918e+01
3.87419278e+02 2.54611226e+01
3.87470234e+02 2.56648644e+01
3.87517595e+02 2.57336298e+01
3.87583244e+02 2.56402704e+01
3.87648894e+02 2.53372649e+01
3.87714543e+02 2.48404446e+01
3.87780192e+02 2.41702126e+01
3.87845841e+02 2.33502135e+01
3.87911490e+02 2.24059286e+01
3.87977140e+02 2.13633504e+01
3.88064672e+02 1.98638471e+01
3.88370358e+02 1.43260265e+01
3.88479350e+02 1.24394796e+01
3.88561724e+02 1.10876449e+01
3.88646620e+02 9.77303596e+00
3.88714537e+02 8.78405182e+00
3.88782454e+02 7.85407241e+00
3.88844495e+02 7.05807895e+00
3.88900661e+02 6.38272194e+00
3.88956827e+02 5.75114053e+00
3.88998951e+02 5.30647824e+00
3.89041076e+02 4.88681468e+00
3.89086250e+02 4.46455309e+00
3.89131424e+02 4.07092958e+00
3.89176598e+02 3.70568970e+00
3.89221772e+02 3.36844446e+00
3.89254744e+02 3.13966338e+00
3.89287717e+02 2.92526862e+00
3.89320689e+02 2.72497351e+00
3.89353662e+02 2.53845840e+00
3.89386634e+02 2.36537259e+00
3.89420742e+02 2.20005494e+00
3.89455418e+02 2.04584157e+00
3.89490093e+02 1.90510736e+00
3.89524768e+02 1.77733947e+00
3.89559444e+02 1.66201251e+00
3.89582561e+02 1.59177582e+00
3.89617213e+02 1.49605381e+00
3.89651866e+02 1.41133222e+00
3.89686519e+02 1.33708484e+00
3.89721172e+02 1.27279815e+00
3.89755825e+02 1.21797649e+00
3.89790478e+02 1.17214700e+00
3.89825130e+02 1.13486430e+00
3.89859783e+02 1.10571489e+00
3.89893122e+02 1.08499450e+00
3.89926462e+02 1.07115078e+00
3.89963997e+02 1.06346533e+00
3.89976509e+02 1.06270925e+00
3.90014044e+02 1.06571642e+00
3.90051579e+02 1.07646986e+00
3.90089114e+02 1.09481672e+00
3.90126649e+02 1.12068145e+00
3.90164184e+02 1.15406947e+00
3.90201719e+02 1.19507006e+00
3.90239254e+02 1.24385995e+00
3.90276789e+02 1.30070569e+00
3.90314324e+02 1.36596610e+00
3.90344040e+02 1.42389677e+00
3.90378450e+02 1.49827216e+00
3.90412860e+02 1.58093513e+00
3.90447270e+02 1.67243122e+00
3.90481680e+02 1.77337257e+00
3.90516090e+02 1.88443760e+00
3.90550500e+02 2.00636680e+00
3.90584910e+02 2.13996047e+00
3.90617137e+02 2.27641474e+00
3.90647181e+02 2.41416867e+00
3.90677225e+02 2.56273706e+00
3.90707269e+02 2.72276593e+00
3.90737313e+02 2.89491791e+00
3.90767357e+02 3.07986253e+00
3.90797400e+02 3.27827418e+00
3.90827444e+02 3.49081979e+00
3.90866072e+02 3.78591358e+00
3.90901481e+02 4.07903379e+00
3.90936889e+02 4.39477855e+00
3.90972298e+02 4.73401970e+00
3.91007707e+02 5.09751096e+00
3.91053600e+02 5.60570016e+00
3.91098175e+02 6.14012264e+00
3.91142750e+02 6.71509848e+00
3.91187326e+02 7.33034604e+00
3.91235053e+02 8.03265178e+00
3.91285933e+02 8.82858075e+00
3.91336812e+02 9.66944891e+00
3.91413131e+02 1.10030429e+01
3.91517683e+02 1.29293094e+01
3.91664055e+02 1.56677763e+01
3.91747697e+02 1.71565676e+01
3.91804861e+02 1.81039715e+01
3.91862025e+02 1.89731045e+01
3.91919189e+02 1.97465770e+01
3.91976353e+02 2.04087359e+01
3.92033518e+02 2.09463095e+01
3.92090682e+02 2.13489607e+01
3.92147846e+02 2.16097398e+01
3.92205010e+02 2.17253807e+01
3.92223611e+02 2.17316977e+01
3.92279412e+02 2.16599012e+01
3.92335213e+02 2.14563952e+01
3.92391014e+02 2.11294568e+01
3.92446815e+02 2.06901631e+01
3.92502617e+02 2.01519115e+01
3.92577018e+02 1.93066865e+01
3.92651420e+02 1.83514429e+01
3.92800223e+02 1.62686754e+01
3.92929593e+02 1.44543691e+01
3.93007215e+02 1.34299549e+01
3.93084837e+02 1.24802023e+01
3.93162459e+02 1.16175632e+01
3.93240760e+02 1.08408886e+01
3.93293864e+02 1.03672740e+01
3.93373520e+02 9.73330013e+00
3.93453177e+02 9.18304762e+00
3.93532834e+02 8.70545987e+00
3.93612490e+02 8.28866927e+00
3.93692147e+02 7.92122716e+00
3.93798356e+02 7.49079045e+00
3.93904564e+02 7.11141149e+00
3.94010773e+02 6.77077718e+00
3.94109184e+02 6.48432512e+00
3.94245103e+02 6.13373142e+00
3.94335715e+02 5.93220944e+00
3.94426328e+02 5.76119237e+00
3.94516940e+02 5.62627126e+00
3.94584899e+02 5.55280189e+00
3.94652859e+02 5.50669969e+00
3.94720818e+02 5.49159540e+00
3.94788777e+02 5.51147938e+00
3.94847431e+02 5.56010028e+00
3.94906084e+02 5.64102942e+00
3.94964738e+02 5.75746024e+00
3.95023391e+02 5.91274524e+00
3.95082045e+02 6.11035587e+00
3.95140698e+02 6.35382267e+00
3.95199352e+02 6.64665175e+00
3.95258005e+02 6.99221442e+00
3.95303614e+02 7.29936396e+00
3.95349223e+02 7.64156001e+00
3.95394831e+02 8.01986825e+00
3.95440440e+02 8.43507507e+00
3.95486049e+02 8.88763015e+00
3.95531657e+02 9.37757270e+00
3.95600070e+02 1.01815005e+01
3.95668651e+02 1.10669273e+01
3.95737317e+02 1.20262009e+01
3.95828870e+02 1.33997396e+01
3.95989089e+02 1.59566300e+01
3.96106428e+02 1.78208495e+01
3.96194433e+02 1.91281095e+01
3.96282437e+02 2.02945940e+01
3.96341107e+02 2.09672822e+01
3.96399777e+02 2.15391547e+01
3.96458446e+02 2.19979926e+01
3.96523119e+02 2.23612417e+01
3.96587791e+02 2.25664379e+01
3.96630906e+02 2.26130883e+01
3.96699373e+02 2.25387143e+01
3.96767839e+02 2.22864076e+01
3.96836306e+02 2.18659425e+01
3.96904773e+02 2.12918344e+01
3.96973240e+02 2.05823724e+01
3.97041706e+02 1.97585091e+01
3.97132995e+02 1.85209550e+01
3.97224284e+02 1.71738347e+01
3.97498864e+02 1.29455157e+01
3.97590628e+02 1.16009147e+01
3.97682392e+02 1.03348463e+01
3.97747293e+02 9.49557488e+00
3.97823369e+02 8.57681931e+00
3.97880425e+02 7.93598854e+00
3.97937482e+02 7.33751955e+00
3.97994538e+02 6.78175941e+00
3.98050838e+02 6.27513340e+00
3.98105626e+02 5.82152405e+00
3.98160413e+02 5.40609052e+00
3.98215201e+02 5.02792192e+00
3.98269988e+02 4.68592843e+00
3.98324776e+02 4.37887798e+00
3.98368763e+02 4.15674848e+00
3.98412750e+02 3.95556862e+00
3.98456737e+02 3.77460993e+00
3.98500725e+02 3.61314692e+00
3.98544712e+02 3.47047008e+00
3.98588699e+02 3.34589837e+00
3.98632686e+02 3.23878914e+00
3.98676673e+02 3.14854925e+00
3.98720661e+02 3.07464126e+00
3.98764648e+02 3.01658886e+00
3.98807917e+02 2.97455228e+00
3.98849753e+02 2.94780373e+00
3.98891588e+02 2.93446090e+00
3.98905533e+02 2.93295544e+00
3.98956303e+02 2.93975888e+00
3.99007072e+02 2.96563356e+00
3.99057841e+02 3.01034774e+00
3.99108610e+02 3.07368623e+00
3.99159380e+02 3.15541418e+00
3.99210149e+02 3.25523777e+00
3.99260918e+02 3.37276351e+00
3.99311688e+02 3.50745785e+00
3.99379380e+02 3.71249739e+00
3.99447072e+02 3.94448519e+00
3.99534377e+02 4.27843223e+00
3.99621682e+02 4.64344780e+00
3.99912699e+02 5.93342667e+00
4.00013855e+02 6.34406336e+00
4.00081292e+02 6.59026087e+00
4.00148730e+02 6.80926940e+00
4.00216167e+02 6.99817646e+00
4.00283605e+02 7.15565435e+00
4.00351042e+02 7.28209805e+00
4.00452198e+02 7.41871481e+00
4.00889555e+02 7.70864889e+00
4.00967132e+02 7.79984436e+00
4.01044709e+02 7.92474713e+00
4.01122285e+02 8.08709984e+00
4.01199862e+02 8.28767599e+00
4.01316227e+02 8.65466495e+00
4.01432591e+02 9.08349708e+00
4.01671838e+02 1.00267786e+01
4.01793091e+02 1.04530009e+01
4.01873926e+02 1.06883791e+01
4.01954762e+02 1.08712153e+01
4.02035597e+02 1.09917602e+01
4.02121484e+02 1.10431563e+01
4.02131589e+02 1.10437100e+01
4.02206154e+02 1.10109124e+01
4.02280112e+02 1.09136437e+01
4.02354069e+02 1.07528516e+01
4.02428026e+02 1.05317175e+01
4.02501984e+02 1.02556005e+01
4.02600594e+02 9.81495914e+00
4.02699203e+02 9.31233058e+00
4.02945728e+02 7.96826749e+00
4.03042312e+02 7.48659262e+00
4.03106701e+02 7.20283385e+00
4.03171091e+02 6.95894762e+00
4.03235480e+02 6.76309108e+00
4.03283772e+02 6.65235488e+00
4.03332064e+02 6.57598621e+00
4.03380356e+02 6.53678963e+00
4.03396453e+02 6.53243450e+00
4.03444745e+02 6.54673240e+00
4.03484890e+02 6.59103459e+00
4.03532984e+02 6.68446912e+00
4.03581077e+02 6.82332761e+00
4.03629171e+02 7.00874357e+00
4.03677265e+02 7.24141661e+00
4.03725359e+02 7.52157420e+00
4.03773453e+02 7.84893305e+00
4.03821547e+02 8.22267174e+00
4.03864487e+02 8.59442768e+00
4.03921165e+02 9.13766171e+00
4.03977843e+02 9.73678407e+00
4.04034521e+02 1.03865134e+01
4.04110092e+02 1.13204220e+01
4.04220093e+02 1.27831706e+01
4.04436738e+02 1.57872666e+01
4.04533024e+02 1.70621449e+01
4.04608095e+02 1.79875659e+01
4.04683166e+02 1.88318937e+01
4.04758237e+02 1.95787085e+01
4.04833308e+02 2.02146618e+01
4.04908379e+02 2.07297075e+01
4.04983450e+02 2.11171375e+01
4.05058521e+02 2.13734550e+01
4.05133592e+02 2.14981107e+01
4.05166150e+02 2.15116757e+01
4.05231266e+02 2.14668798e+01
4.05296382e+02 2.13290342e+01
4.05361498e+02 2.11024208e+01
4.05459173e+02 2.06074831e+01
4.05556847e+02 1.99447951e+01
4.05654521e+02 1.91376390e+01
4.05752195e+02 1.82118797e+01
4.05849870e+02 1.71956520e+01
4.06077776e+02 1.46439312e+01
4.06233962e+02 1.29135475e+01
4.06321729e+02 1.20040173e+01
4.06409497e+02 1.11656242e+01
4.06468008e+02 1.06551563e+01
4.06526520e+02 1.01889114e+01
4.06585031e+02 9.77086694e+00
4.06643543e+02 9.40434230e+00
4.06704939e+02 9.07801675e+00
4.06766336e+02 8.81356670e+00
4.06827732e+02 8.61242738e+00
4.06889129e+02 8.47524893e+00
4.06950525e+02 8.40193176e+00
4.06988312e+02 8.38823230e+00
4.07040275e+02 8.40781972e+00
4.07092238e+02 8.47087247e+00
4.07144202e+02 8.57595627e+00
4.07213486e+02 8.77838315e+00
4.07282770e+02 9.04738830e+00
4.07352055e+02 9.37699585e+00
4.07421339e+02 9.76023672e+00
4.07525266e+02 1.04179093e+01
4.07643816e+02 1.12529339e+01
4.07841400e+02 1.26973936e+01
4.07959951e+02 1.34902925e+01
4.08038985e+02 1.39454553e+01
4.08118018e+02 1.43182594e+01
4.08182544e+02 1.45485081e+01
4.08257568e+02 1.47197546e+01
4.08332593e+02 1.47764775e+01
4.08405219e+02 1.47147933e+01
4.08476646e+02 1.45387402e+01
4.08548072e+02 1.42486197e+01
4.08619499e+02 1.38486546e+01
4.08690925e+02 1.33468670e+01
4.08762352e+02 1.27548099e+01
4.08833778e+02 1.20871135e+01
4.08929014e+02 1.11089830e+01
4.09183175e+02 8.33625087e+00
4.09246865e+02 7.67745012e+00
4.09310555e+02 7.05709414e+00
4.09374245e+02 6.48474093e+00
4.09429684e+02 6.03170096e+00
4.09485122e+02 5.62484649e+00
4.09522082e+02 5.38068021e+00
4.09559041e+02 5.15882573e+00
4.09596000e+02 4.95959127e+00
4.09632959e+02 4.78306497e+00
4.09669918e+02 4.62912250e+00
4.09713743e+02 4.47538420e+00
4.09757567e+02 4.35202934e+00
4.09801392e+02 4.25780603e+00
4.09845216e+02 4.19114018e+00
4.09897595e+02 4.14499366e+00
4.09949973e+02 4.13189524e+00
4.10002351e+02 4.14778079e+00
4.10054729e+02 4.18826228e+00
4.10124567e+02 4.27250467e+00
4.10229323e+02 4.44086699e+00
4.10403917e+02 4.74259637e+00
4.10472946e+02 4.84119066e+00
4.10541975e+02 4.91651735e+00
4.10611003e+02 4.96305774e+00
4.10680032e+02 4.97703943e+00
4.10747428e+02 4.95738467e+00
4.10814823e+02 4.90461461e+00
4.10882219e+02 4.82004284e+00
4.10949615e+02 4.70632038e+00
4.11017010e+02 4.56720299e+00
4.11084406e+02 4.40727695e+00
4.11174267e+02 4.17055298e+00
4.11438948e+02 3.42893988e+00
4.11519005e+02 3.22057874e+00
4.11599063e+02 3.02890790e+00
4.11679120e+02 2.85664436e+00
4.11759178e+02 2.70502564e+00
4.11839235e+02 2.57410555e+00
4.11919292e+02 2.46315446e+00
4.11999350e+02 2.37111676e+00
4.12067707e+02 2.30679521e+00
4.12152695e+02 2.24475354e+00
4.12209353e+02 2.21464162e+00
4.12266011e+02 2.19406032e+00
4.12336834e+02 2.18297274e+00
4.12350998e+02 2.18287573e+00
4.12407656e+02 2.19025210e+00
4.12464315e+02 2.21122988e+00
4.12518617e+02 2.24572402e+00
4.12570563e+02 2.29349222e+00
4.12622509e+02 2.35730053e+00
4.12674455e+02 2.43875280e+00
4.12713414e+02 2.51237340e+00
4.12752374e+02 2.59744628e+00
4.12791334e+02 2.69456933e+00
4.12830293e+02 2.80428531e+00
4.12869253e+02 2.92706868e+00
4.12908212e+02 3.06331322e+00
4.12958002e+02 3.25749252e+00
4.13007792e+02 3.47451274e+00
4.13057581e+02 3.71443859e+00
4.13107371e+02 3.97699951e+00
4.13157161e+02 4.26157430e+00
4.13209843e+02 4.58555721e+00
4.13263971e+02 4.94128838e+00
4.13318098e+02 5.31801913e+00
4.13390269e+02 5.84844038e+00
4.13488921e+02 6.61322617e+00
4.13780219e+02 8.95043849e+00
4.13920075e+02 1.00090827e+01
4.14021863e+02 1.07241627e+01
4.14123651e+02 1.13872417e+01
4.14225438e+02 1.20000545e+01
4.14361155e+02 1.27495667e+01
4.14564730e+02 1.37653997e+01
4.14768306e+02 1.46782355e+01
4.14904023e+02 1.52136837e+01
4.15023901e+02 1.56101639e+01
4.15127941e+02 1.58723180e+01
4.15231982e+02 1.60359261e+01
4.15319766e+02 1.60819459e+01
4.15414099e+02 1.60242007e+01
4.15492271e+02 1.58848462e+01
4.15570443e+02 1.56585282e+01
4.15648615e+02 1.53441391e+01
4.15726787e+02 1.49434866e+01
4.15804959e+02 1.44615515e+01
4.15883131e+02 1.39066117e+01
4.15961303e+02 1.32902106e+01
4.16065532e+02 1.23983932e+01
4.16270129e+02 1.05737265e+01
4.16366634e+02 9.76643476e+00
4.16439014e+02 9.21962621e+00
4.16487267e+02 8.89317394e+00
4.16535520e+02 8.60342830e+00
4.16583773e+02 8.35562322e+00
4.16636269e+02 8.13962163e+00
4.16678824e+02 8.00975499e+00
4.16721379e+02 7.92389417e+00
4.16763934e+02 7.88514305e+00
4.16778118e+02 7.88320856e+00
4.16820673e+02 7.91181577e+00
4.16856226e+02 7.97676719e+00
4.16898963e+02 8.10646902e+00
4.16941700e+02 8.29466467e+00
4.16984437e+02 8.54331706e+00
4.17027174e+02 8.85403657e+00
4.17069910e+02 9.22802764e+00
4.17112647e+02 9.66603044e+00
4.17155384e+02 1.01682590e+01
4.17192887e+02 1.06616122e+01
4.17241291e+02 1.13699370e+01
4.17289696e+02 1.21565624e+01
4.17338100e+02 1.30177418e+01
4.17370369e+02 1.36308231e+01
4.17434908e+02 1.49419710e+01
4.17507555e+02 1.65335103e+01
4.17604416e+02 1.87899956e+01
4.17773924e+02 2.28275933e+01
4.17852123e+02 2.45881091e+01
4.17911659e+02 2.58300419e+01
4.17971195e+02 2.69576741e+01
4.18030732e+02 2.79470797e+01
4.18090268e+02 2.87777560e+01
4.18149804e+02 2.94335373e+01
4.18209340e+02 2.99033419e+01
4.18268877e+02 3.01817003e+01
4.18325212e+02 3.02691107e+01
4.18383658e+02 3.01845753e+01
4.18447417e+02 2.99016727e+01
4.18511177e+02 2.94398256e+01
4.18553684e+02 2.90451513e+01
4.18638696e+02 2.80872242e+01
4.18766216e+02 2.63735185e+01
4.18936242e+02 2.39694508e+01
4.19024802e+02 2.28156845e+01
4.19116909e+02 2.17541093e+01
4.19209016e+02 2.08566950e+01
4.19301123e+02 2.01220462e+01
4.19393230e+02 1.95273100e+01
4.19531391e+02 1.88103309e+01
4.19715605e+02 1.79275359e+01
4.19806104e+02 1.74261206e+01
4.19896604e+02 1.68390208e+01
4.19987104e+02 1.61514959e+01
4.20077604e+02 1.53622857e+01
4.20168103e+02 1.44825229e+01
4.20303853e+02 1.30414785e+01
4.20483663e+02 1.10627050e+01
4.20571786e+02 1.01312989e+01
4.20659908e+02 9.26010255e+00
4.20726000e+02 8.65859397e+00
4.20792091e+02 8.10893348e+00
4.20852626e+02 7.65500982e+00
4.20913161e+02 7.25089006e+00
4.20973696e+02 6.89786487e+00
4.21034230e+02 6.59633336e+00
4.21094765e+02 6.34600606e+00
4.21140166e+02 6.19141857e+00
4.21185567e+02 6.06479149e+00
4.21230969e+02 5.96567843e+00
4.21276369e+02 5.89365576e+00
4.21339379e+02 5.83793790e+00
4.21377447e+02 5.82896227e+00
4.21428642e+02 5.84611771e+00
4.21479837e+02 5.89694619e+00
4.21531032e+02 5.98189074e+00
4.21582227e+02 6.10170250e+00
4.21633422e+02 6.25743399e+00
4.21684617e+02 6.45041356e+00
4.21735812e+02 6.68220068e+00
4.21787007e+02 6.95452819e+00
4.21838202e+02 7.26922177e+00
4.21889397e+02 7.62811180e+00
4.21950882e+02 8.11997343e+00
4.21995302e+02 8.51799871e+00
4.22039722e+02 8.95267633e+00
4.22084141e+02 9.42447097e+00
4.22150771e+02 1.02019555e+01
4.22217401e+02 1.10619379e+01
4.22281767e+02 1.19676862e+01
4.22341606e+02 1.28708880e+01
4.22421392e+02 1.41551204e+01
4.22541071e+02 1.62082277e+01
4.22743745e+02 1.97725703e+01
4.22825135e+02 2.11231667e+01
4.22906526e+02 2.23649423e+01
4.22987917e+02 2.34577278e+01
4.23053142e+02 2.42016483e+01
4.23129333e+02 2.48999800e+01
4.23186476e+02 2.52925408e+01
4.23243619e+02 2.55669947e+01
4.23300762e+02 2.57210744e+01
4.23344646e+02 2.57578614e+01
4.23419154e+02 2.56622785e+01
4.23493662e+02 2.53790113e+01
4.23568170e+02 2.49272458e+01
4.23617842e+02 2.45446519e+01
4.23717186e+02 2.36233096e+01
4.23866203e+02 2.19985251e+01
4.24015219e+02 2.03288593e+01
4.24114563e+02 1.93207610e+01
4.24185062e+02 1.86999783e+01
4.24255561e+02 1.81796837e+01
4.24326061e+02 1.77746189e+01
4.24396560e+02 1.74949584e+01
4.24467060e+02 1.73460578e+01
4.24514634e+02 1.73198851e+01
4.24586857e+02 1.73916936e+01
4.24659080e+02 1.75902324e+01
4.24731302e+02 1.79022615e+01
4.24779451e+02 1.81647853e+01
4.24875748e+02 1.87925957e+01
4.25164640e+02 2.09662040e+01
4.25260937e+02 2.15841932e+01
4.25331415e+02 2.19480149e+01
4.25401894e+02 2.22187559e+01
4.25472373e+02 2.23842844e+01
4.25542852e+02 2.24366580e+01
4.25629510e+02 2.23409763e+01
4.25716168e+02 2.20711019e+01
4.25802826e+02 2.16382125e+01
4.25889484e+02 2.10615406e+01
4.25976142e+02 2.03670333e+01
4.26120572e+02 1.90338846e+01
4.26293888e+02 1.73474207e+01
4.26409432e+02 1.63035965e+01
4.26490036e+02 1.56618252e+01
4.26558534e+02 1.51901509e+01
4.26627032e+02 1.47960639e+01
4.26695530e+02 1.44853633e+01
4.26764028e+02 1.42601568e+01
4.26832526e+02 1.41187374e+01
4.26902450e+02 1.40551257e+01
4.26925758e+02 1.40505237e+01
4.27018991e+02 1.41033698e+01
4.27112223e+02 1.42446129e+01
4.27391920e+02 1.48194834e+01
4.27485152e+02 1.49484033e+01
4.27608199e+02 1.50135698e+01
4.27609653e+02 1.50135768e+01
4.27718001e+02 1.49663242e+01
4.27857618e+02 1.47913749e+01
4.28136850e+02 1.43278244e+01
4.28276467e+02 1.41811853e+01
4.28403741e+02 1.41415806e+01
4.28484477e+02 1.41628934e+01
4.28645948e+02 1.42920893e+01
4.28888155e+02 1.46106836e+01
4.29130362e+02 1.50173271e+01
4.29291833e+02 1.53884217e+01
4.29412937e+02 1.57651192e+01
4.29534040e+02 1.62540321e+01
4.29614776e+02 1.66488824e+01
4.29737608e+02 1.73525123e+01
4.29860440e+02 1.81584059e+01
4.30106103e+02 1.98773250e+01
4.30228935e+02 2.06517969e+01
4.30321059e+02 2.11328097e+01
4.30413183e+02 2.14947352e+01
4.30505307e+02 2.17120379e+01
4.30582076e+02 2.17683071e+01
4.30671342e+02 2.16802265e+01
4.30745254e+02 2.14783487e+01
4.30819165e+02 2.11596433e+01
4.30893077e+02 2.07273737e+01
4.30966988e+02 2.01877870e+01
4.31040900e+02 1.95499398e+01
4.31139449e+02 1.85671336e+01
4.31237998e+02 1.74647912e+01
4.31385821e+02 1.56776501e+01
4.31542399e+02 1.37695026e+01
4.31620688e+02 1.28731927e+01
4.31698977e+02 1.20513215e+01
4.31751170e+02 1.15579939e+01
4.31803363e+02 1.11173719e+01
4.31863897e+02 1.06821587e+01
4.31904254e+02 1.04424521e+01
4.31944610e+02 1.02467119e+01
4.31984966e+02 1.00978409e+01
4.32025323e+02 9.99854143e+00
4.32065679e+02 9.95129678e+00
4.32085857e+02 9.94790602e+00
4.32126214e+02 9.98287010e+00
4.32163250e+02 1.00652280e+01
4.32200285e+02 1.01969579e+01
4.32237321e+02 1.03790640e+01
4.32274357e+02 1.06123229e+01
4.32311393e+02 1.08972771e+01
4.32348428e+02 1.12342187e+01
4.32385464e+02 1.16231858e+01
4.32422500e+02 1.20639451e+01
4.32461271e+02 1.25802868e+01
4.32500041e+02 1.31519102e+01
4.32558198e+02 1.41101190e+01
4.32616354e+02 1.51839440e+01
4.32674510e+02 1.63656963e+01
4.32732666e+02 1.76457893e+01
4.32800303e+02 1.92429731e+01
4.32890486e+02 2.15182928e+01
4.33048306e+02 2.57305277e+01
4.33200980e+02 2.97822644e+01
4.33308562e+02 3.24235389e+01
4.33380284e+02 3.40142971e+01
4.33452006e+02 3.54293854e+01
4.33523727e+02 3.66395313e+01
4.33595449e+02 3.76209906e+01
4.33667170e+02 3.83565586e+01
4.33741071e+02 3.88468315e+01
4.33814972e+02 3.90631293e+01
4.33844476e+02 3.90740398e+01
4.33903483e+02 3.89706730e+01
4.33991994e+02 3.85193331e+01
4.34080506e+02 3.77473321e+01
4.34169017e+02 3.67021040e+01
4.34257528e+02 3.54356817e+01
4.34346039e+02 3.40000635e+01
4.34464054e+02 3.19045297e+01
4.34700083e+02 2.74094115e+01
4.35067849e+02 2.02911264e+01
4.35222228e+02 1.73815166e+01
4.35338012e+02 1.52765229e+01
4.35445039e+02 1.34241659e+01
4.35513471e+02 1.23024494e+01
4.35581903e+02 1.12399898e+01
4.35650336e+02 1.02449546e+01
4.35716994e+02 9.34737186e+00
4.35766988e+02 8.72392235e+00
4.35816982e+02 8.14507330e+00
4.35866976e+02 7.61205435e+00
4.35916970e+02 7.12557728e+00
4.35961688e+02 6.73003796e+00
4.36006407e+02 6.37169671e+00
4.36051125e+02 6.05004986e+00
4.36095843e+02 5.76431712e+00
4.36140561e+02 5.51346932e+00
4.36185280e+02 5.29626348e+00
4.36229998e+02 5.11127453e+00
4.36274716e+02 4.95693582e+00
4.36313588e+02 4.84637632e+00
4.36352461e+02 4.75656927e+00
4.36410769e+02 4.65821580e+00
4.36451047e+02 4.61394049e+00
4.36513571e+02 4.58013464e+00
4.36534413e+02 4.57762694e+00
4.36596937e+02 4.59409917e+00
4.36659462e+02 4.64338652e+00
4.36721986e+02 4.72178980e+00
4.36784511e+02 4.82612893e+00
4.36847036e+02 4.95378318e+00
4.36930402e+02 5.15681108e+00
4.37013768e+02 5.39446998e+00
4.37097134e+02 5.66522249e+00
4.37177482e+02 5.95748543e+00
4.37257831e+02 6.28162781e+00
4.37338180e+02 6.63966882e+00
4.37418529e+02 7.03423399e+00
4.37498878e+02 7.46827802e+00
4.37579227e+02 7.94479444e+00
4.37659576e+02 8.46653391e+00
4.37739924e+02 9.03572249e+00
4.37810813e+02 9.57846234e+00
4.37917146e+02 1.04644340e+01
4.38023480e+02 1.14343673e+01
4.38129813e+02 1.24815106e+01
4.38271590e+02 1.39769579e+01
4.38680332e+02 1.85285193e+01
4.38829651e+02 2.01073588e+01
4.38978429e+02 2.15739353e+01
4.39200785e+02 2.35907787e+01
4.39571378e+02 2.68784637e+01
4.39867853e+02 2.95748800e+01
4.39979031e+02 3.04465157e+01
4.40090209e+02 3.11257497e+01
4.40173958e+02 3.14620421e+01
4.40257706e+02 3.16162903e+01
4.40285622e+02 3.16237758e+01
4.40363147e+02 3.15248423e+01
4.40437559e+02 3.12647387e+01
4.40511971e+02 3.08516240e+01
4.40611187e+02 3.00956048e+01
4.40710403e+02 2.91680996e+01
4.40908836e+02 2.71643480e+01
4.41008052e+02 2.62890556e+01
4.41082464e+02 2.57643307e+01
4.41147015e+02 2.54271311e+01
4.41226509e+02 2.51838531e+01
4.41282965e+02 2.51334421e+01
4.41355372e+02 2.52183205e+01
4.41422210e+02 2.54386969e+01
4.41489047e+02 2.57809354e+01
4.41578164e+02 2.63900248e+01
4.41845514e+02 2.85939830e+01
4.41934631e+02 2.91859760e+01
4.42023086e+02 2.95754324e+01
4.42088931e+02 2.97006298e+01
4.42110879e+02 2.97070902e+01
4.42178500e+02 2.96078690e+01
4.42249676e+02 2.93001937e+01
4.42320851e+02 2.87791491e+01
4.42392026e+02 2.80483428e+01
4.42463202e+02 2.71196112e+01
4.42534377e+02 2.60121155e+01
4.42605553e+02 2.47510791e+01
4.42676728e+02 2.33663244e+01
4.42771629e+02 2.13844312e+01
4.42985135e+02 1.67491193e+01
4.43074079e+02 1.48996073e+01
4.43145234e+02 1.35050544e+01
4.43215163e+02 1.22280017e+01
4.43264851e+02 1.13843115e+01
4.43314539e+02 1.05974364e+01
4.43364228e+02 9.86956905e+00
4.43413916e+02 9.20184958e+00
4.43463604e+02 8.59444462e+00
4.43513496e+02 8.04450965e+00
4.43563387e+02 7.55313439e+00
4.43613279e+02 7.11810452e+00
4.43663170e+02 6.73662926e+00
4.43713062e+02 6.40545204e+00
4.43762954e+02 6.12095990e+00
4.43812845e+02 5.87928843e+00
4.43862737e+02 5.67642033e+00
4.43913376e+02 5.50600022e+00
4.43964015e+02 5.36711009e+00
4.44014654e+02 5.25560671e+00
4.44065293e+02 5.16751482e+00
4.44122422e+02 5.09155235e+00
4.44208116e+02 5.01379598e+00
4.44293809e+02 4.96662386e+00
4.44465195e+02 4.91895112e+00
4.44742418e+02 4.85419013e+00
4.44889147e+02 4.79420455e+00
4.45035876e+02 4.70691479e+00
4.45145922e+02 4.61921555e+00
4.45255969e+02 4.50806554e+00
4.45366016e+02 4.36912203e+00
4.45476062e+02 4.19876977e+00
4.45586109e+02 3.99541295e+00
4.45696156e+02 3.76067549e+00
4.45802771e+02 3.50863201e+00
4.46069310e+02 2.83983453e+00
4.46149373e+02 2.65257722e+00
4.46229639e+02 2.48352821e+00
4.46283149e+02 2.38476387e+00
4.46336659e+02 2.29954833e+00
4.46390169e+02 2.22982300e+00
4.46430302e+02 2.18878342e+00
4.46470435e+02 2.15816986e+00
4.46510567e+02 2.13861769e+00
4.46556757e+02 2.13054230e+00
4.46599160e+02 2.13733469e+00
4.46638275e+02 2.15609125e+00
4.46677390e+02 2.18715125e+00
4.46716505e+02 2.23075001e+00
4.46755620e+02 2.28705152e+00
4.46794734e+02 2.35614970e+00
4.46833849e+02 2.43806909e+00
4.46872964e+02 2.53276768e+00
4.46912079e+02 2.64013958e+00
4.46962278e+02 2.79623873e+00
4.47012478e+02 2.97245353e+00
4.47062678e+02 3.16816935e+00
4.47112877e+02 3.38265706e+00
4.47163077e+02 3.61509452e+00
4.47216633e+02 3.88184927e+00
4.47271867e+02 4.17606379e+00
4.47327101e+02 4.48836022e+00
4.47400747e+02 4.93052927e+00
4.47474392e+02 5.39914984e+00
4.47575983e+02 6.08287961e+00
4.47711438e+02 7.04758857e+00
4.48116257e+02 1.00611919e+01
4.48216302e+02 1.07725100e+01
4.48349696e+02 1.16590515e+01
4.48416394e+02 1.20693382e+01
4.48549788e+02 1.28163834e+01
4.48683182e+02 1.34680478e+01
4.48816576e+02 1.40430361e+01
4.49510473e+02 1.67849090e+01
4.49617251e+02 1.71455252e+01
4.49724028e+02 1.74232856e+01
4.49830805e+02 1.75852363e+01
4.49884193e+02 1.76137603e+01
4.49970723e+02 1.75766484e+01
4.50070146e+02 1.73983418e+01
4.50169569e+02 1.70711335e+01
4.50268993e+02 1.65990119e+01
4.50368416e+02 1.59932688e+01
4.50467839e+02 1.52709873e+01
4.50567262e+02 1.44533238e+01
4.50666685e+02 1.35638971e+01
4.50865532e+02 1.16687122e+01
4.51044900e+02 9.95934563e+00
4.51138507e+02 9.11329701e+00
4.51232115e+02 8.32026026e+00
4.51302321e+02 7.76871784e+00
4.51372526e+02 7.25984265e+00
4.51438831e+02 6.82219940e+00
4.51505136e+02 6.42921733e+00
4.51571441e+02 6.08314497e+00
4.51621170e+02 5.85540657e+00
4.51670898e+02 5.65553422e+00
4.51720627e+02 5.48391804e+00
4.51770356e+02 5.34083714e+00
4.51820084e+02 5.22648712e+00
4.51869813e+02 5.14100676e+00
4.51924470e+02 5.08048367e+00
4.51967479e+02 5.05755117e+00
4.51988984e+02 5.05426338e+00
4.52038559e+02 5.06752245e+00
4.52088134e+02 5.10996533e+00
4.52137708e+02 5.18176116e+00
4.52187283e+02 5.28310613e+00
4.52236858e+02 5.41421174e+00
4.52286433e+02 5.57528398e+00
4.52336008e+02 5.76649558e+00
4.52385583e+02 5.98794625e+00
4.52435158e+02 6.23962095e+00
4.52484733e+02 6.52133606e+00
4.52541401e+02 6.87961966e+00
4.52612256e+02 7.38038467e+00
4.52683110e+02 7.93656627e+00
4.52753964e+02 8.54300652e+00
4.52848436e+02 9.41708161e+00
4.52994152e+02 1.08596036e+01
4.53141872e+02 1.23313312e+01
4.53240352e+02 1.32446515e+01
4.53314489e+02 1.38623660e+01
4.53389181e+02 1.44016743e+01
4.53463872e+02 1.48391180e+01
4.53538564e+02 1.51588373e+01
4.53613255e+02 1.53486142e+01
4.53663050e+02 1.53988755e+01
4.53687947e+02 1.54006136e+01
4.53755679e+02 1.53260748e+01
4.53823412e+02 1.51371690e+01
4.53891144e+02 1.48387297e+01
4.53958877e+02 1.44387933e+01
4.54026609e+02 1.39482441e+01
4.54094342e+02 1.33803369e+01
4.54184652e+02 1.25289896e+01
4.54320117e+02 1.11293696e+01
4.54491636e+02 9.32974272e+00
4.54572845e+02 8.52956940e+00
4.54633752e+02 7.96853754e+00
4.54694658e+02 7.44810927e+00
4.54735263e+02 7.12607923e+00
4.54793946e+02 6.69817875e+00
4.54852629e+02 6.31610557e+00
4.54911312e+02 5.98027895e+00
4.54969994e+02 5.68985325e+00
4.55028677e+02 5.44283488e+00
4.55087360e+02 5.23622716e+00
4.55146043e+02 5.06619804e+00
4.55204726e+02 4.92826454e+00
4.55254186e+02 4.83331025e+00
4.55336618e+02 4.70947096e+00
4.55419050e+02 4.61608899e+00
4.55676868e+02 4.37834995e+00
4.55769820e+02 4.27281711e+00
4.55862773e+02 4.14548476e+00
4.55955726e+02 3.99644415e+00
4.56095155e+02 3.74336004e+00
4.56234585e+02 3.48304234e+00
4.56327538e+02 3.32561785e+00
4.56392421e+02 3.23166517e+00
4.56457305e+02 3.15583760e+00
4.56522188e+02 3.10226398e+00
4.56565444e+02 3.08079191e+00
4.56615965e+02 3.07171815e+00
4.56673583e+02 3.08416992e+00
4.56727955e+02 3.11979510e+00
4.56782326e+02 3.17992272e+00
4.56823105e+02 3.24172715e+00
4.56863884e+02 3.31823744e+00
4.56918256e+02 3.44356573e+00
4.56972628e+02 3.59589682e+00
4.57027000e+02 3.77540794e+00
4.57081371e+02 3.98206204e+00
4.57129055e+02 4.18545585e+00
4.57190550e+02 4.47785266e+00
4.57252044e+02 4.80335632e+00
4.57313538e+02 5.16085491e+00
4.57375032e+02 5.54898463e+00
4.57436526e+02 5.96613119e+00
4.57519626e+02 6.57259461e+00
4.57602726e+02 7.22325793e+00
4.57685825e+02 7.91183402e+00
4.57801419e+02 8.91876816e+00
4.58126356e+02 1.18493415e+01
4.58256331e+02 1.29501455e+01
4.58365265e+02 1.37866060e+01
4.58441705e+02 1.43101534e+01
4.58518145e+02 1.47710962e+01
4.58594585e+02 1.51616078e+01
4.58671025e+02 1.54752622e+01
4.58747465e+02 1.57072258e+01
4.58823905e+02 1.58543629e+01
4.58900346e+02 1.59152397e+01
4.58967658e+02 1.58975417e+01
4.59034971e+02 1.58141861e+01
4.59135940e+02 1.55704513e+01
4.59236909e+02 1.51930069e+01
4.59337878e+02 1.46946563e+01
4.59438847e+02 1.40912648e+01
4.59539815e+02 1.34018181e+01
4.59640784e+02 1.26486603e+01
4.59910035e+02 1.05375428e+01
4.60009766e+02 9.80803094e+00
4.60074604e+02 9.37572672e+00
4.60139442e+02 8.98810771e+00
4.60204279e+02 8.65491480e+00
4.60252908e+02 8.44642621e+00
4.60301536e+02 8.27766207e+00
4.60350164e+02 8.15220456e+00
4.60398793e+02 8.07337633e+00
4.60447421e+02 8.04419222e+00
4.60496049e+02 8.06731417e+00
4.60543552e+02 8.14257843e+00
4.60591055e+02 8.27162670e+00
4.60638558e+02 8.45573144e+00
4.60686061e+02 8.69569359e+00
4.60733564e+02 8.99181326e+00
4.60781067e+02 9.34385568e+00
4.60828570e+02 9.75102854e+00
4.60876073e+02 1.02119569e+01
4.60930923e+02 1.08084352e+01
4.60985773e+02 1.14698774e+01
4.61022340e+02 1.19444358e+01
4.61095474e+02 1.29660299e+01
4.61168607e+02 1.40699898e+01
4.61291762e+02 1.60593548e+01
4.61497020e+02 1.94689022e+01
4.61582951e+02 2.08228743e+01
4.61668881e+02 2.20793352e+01
4.61754812e+02 2.32085801e+01
4.61840742e+02 2.41895092e+01
4.61926672e+02 2.50115743e+01
4.62012603e+02 2.56760049e+01
4.62098533e+02 2.61961382e+01
4.62184464e+02 2.65967584e+01
4.62532002e+02 2.78003471e+01
4.62645165e+02 2.83778311e+01
4.62720606e+02 2.88888667e+01
4.62796048e+02 2.95168641e+01
4.62909211e+02 3.06844310e+01
4.62984653e+02 3.16013292e+01
4.63135537e+02 3.36696937e+01
4.63321541e+02 3.62811137e+01
4.63433143e+02 3.76100922e+01
4.63507544e+02 3.82966551e+01
4.63581946e+02 3.87715092e+01
4.63656347e+02 3.89965950e+01
4.63679598e+02 3.90107607e+01
4.63750490e+02 3.88781971e+01
4.63809711e+02 3.85573426e+01
4.63868934e+02 3.80415804e+01
4.63928156e+02 3.73324676e+01
4.63987378e+02 3.64362252e+01
4.64046600e+02 3.53634938e+01
4.64125562e+02 3.36844803e+01
4.64204525e+02 3.17621793e+01
4.64283488e+02 2.96487722e+01
4.64400433e+02 2.62902822e+01
4.64590348e+02 2.06987673e+01
4.64666313e+02 1.85550118e+01
4.64721293e+02 1.70721497e+01
4.64776274e+02 1.56608237e+01
4.64831254e+02 1.43311793e+01
4.64886234e+02 1.30913806e+01
4.64928379e+02 1.22057796e+01
4.64970525e+02 1.13787250e+01
4.65012671e+02 1.06116631e+01
4.65054816e+02 9.90547028e+00
4.65096962e+02 9.26049125e+00
4.65130240e+02 8.79438402e+00
4.65168700e+02 8.30278899e+00
4.65207159e+02 7.86102175e+00
4.65245619e+02 7.46815087e+00
4.65284079e+02 7.12301559e+00
4.65322538e+02 6.82425078e+00
4.65360998e+02 6.57031015e+00
4.65399457e+02 6.35948771e+00
4.65441229e+02 6.17720352e+00
4.65475041e+02 6.06357580e+00
4.65508854e+02 5.97878155e+00
4.65554209e+02 5.90774403e+00
4.65599564e+02 5.88226408e+00
4.65644919e+02 5.89853692e+00
4.65690274e+02 5.95265451e+00
4.65735629e+02 6.04062991e+00
4.65780984e+02 6.15842063e+00
4.65841458e+02 6.35481239e+00
4.65901931e+02 6.58730803e+00
4.65992641e+02 6.98288376e+00
4.66202536e+02 7.95925135e+00
4.66286494e+02 8.31648004e+00
4.66370452e+02 8.62865668e+00
4.66454409e+02 8.88359711e+00
4.66538367e+02 9.07348674e+00
4.66622325e+02 9.19510862e+00
4.66690672e+02 9.24452131e+00
4.66743409e+02 9.25405781e+00
4.66822513e+02 9.22660468e+00
4.66927986e+02 9.12711704e+00
4.67191667e+02 8.75116977e+00
4.67297140e+02 8.63947991e+00
4.67376244e+02 8.60152549e+00
4.67402612e+02 8.60009666e+00
4.67481717e+02 8.63514429e+00
4.67544175e+02 8.70905703e+00
4.67616355e+02 8.85025068e+00
4.67688535e+02 9.05443758e+00
4.67760715e+02 9.32279998e+00
4.67832895e+02 9.65418388e+00
4.67905075e+02 1.00450762e+01
4.67977255e+02 1.04896608e+01
4.68085525e+02 1.12392455e+01
4.68241655e+02 1.24287974e+01
4.68436819e+02 1.39160042e+01
4.68553917e+02 1.47049663e+01
4.68631982e+02 1.51544177e+01
4.68710047e+02 1.55269904e+01
4.68803283e+02 1.58566765e+01
4.68896518e+02 1.60493632e+01
4.68973928e+02 1.61008376e+01
4.69050191e+02 1.60552144e+01
4.69141707e+02 1.58786187e+01
4.69233223e+02 1.55787683e+01
4.69324739e+02 1.51702815e+01
4.69416255e+02 1.46714384e+01
4.69507771e+02 1.41032267e+01
4.69843329e+02 1.18057554e+01
4.69934844e+02 1.12295311e+01
4.70024669e+02 1.07311538e+01
4.70084552e+02 1.04479003e+01
4.70144435e+02 1.02121921e+01
4.70204318e+02 1.00311121e+01
4.70264201e+02 9.91159098e+00
4.70324084e+02 9.86028534e+00
4.70339055e+02 9.85885937e+00
4.70398938e+02 9.90151113e+00
4.70436567e+02 9.96960906e+00
4.70481882e+02 1.00959057e+01
4.70527198e+02 1.02721947e+01
4.70572513e+02 1.04997708e+01
4.70617829e+02 1.07794402e+01
4.70663144e+02 1.11114557e+01
4.70708460e+02 1.14954476e+01
4.70753775e+02 1.19303681e+01
4.70817686e+02 1.26267284e+01
4.70879565e+02 1.33868173e+01
4.70941444e+02 1.42215315e+01
4.71023950e+02 1.54284315e+01
4.71271875e+02 1.93081056e+01
4.71354585e+02 2.05209493e+01
4.71437295e+02 2.16038623e+01
4.71492435e+02 2.22283173e+01
4.71547575e+02 2.27587456e+01
4.71603498e+02 2.31884755e+01
4.71659421e+02 2.34990365e+01
4.71715344e+02 2.36827146e+01
4.71771267e+02 2.37345630e+01
4.71821845e+02 2.36661816e+01
4.71872422e+02 2.34888898e+01
4.71939859e+02 2.30878339e+01
4.72007296e+02 2.25093004e+01
4.72074733e+02 2.17699850e+01
4.72142170e+02 2.08911119e+01
4.72209607e+02 1.98973786e+01
4.72310762e+02 1.82507703e+01
4.72541607e+02 1.42498706e+01
4.72637538e+02 1.26669295e+01
4.72713468e+02 1.15011958e+01
4.72770416e+02 1.06890271e+01
4.72827364e+02 9.93542700e+00
4.72884312e+02 9.24300569e+00
4.72939324e+02 8.63293918e+00
4.72990465e+02 8.11698872e+00
4.73041607e+02 7.64875777e+00
4.73092748e+02 7.22590689e+00
4.73143890e+02 6.84550074e+00
4.73195031e+02 6.50417597e+00
4.73246172e+02 6.19829246e+00
4.73297314e+02 5.92409107e+00
4.73365502e+02 5.60130522e+00
4.73433691e+02 5.31969294e+00
4.73492248e+02 5.10482441e+00
4.73565637e+02 4.86387406e+00
4.73639026e+02 4.64805290e+00
4.73712416e+02 4.45211194e+00
4.73810268e+02 4.21576331e+00
4.73908120e+02 4.00392108e+00
4.74005972e+02 3.81553853e+00
4.74103825e+02 3.65181716e+00
4.74201677e+02 3.51490222e+00
4.74284284e+02 3.42164537e+00
4.74351645e+02 3.36122022e+00
4.74419005e+02 3.31479010e+00
4.74520047e+02 3.27029938e+00
4.74623987e+02 3.25293188e+00
4.74658633e+02 3.25269178e+00
4.74762573e+02 3.26546553e+00
4.74935806e+02 3.31736935e+00
4.75212979e+02 3.42839307e+00
4.75351565e+02 3.49044291e+00
4.75490152e+02 3.56945766e+00
4.75594091e+02 3.65174783e+00
4.75663673e+02 3.72351904e+00
4.75733543e+02 3.81271980e+00
4.75803412e+02 3.92203380e+00
4.75873282e+02 4.05398468e+00
4.75943152e+02 4.21046636e+00
4.76013021e+02 4.39256043e+00
4.76082891e+02 4.60038545e+00
4.76152761e+02 4.83298725e+00
4.76242766e+02 5.16563364e+00
4.76352906e+02 5.61297308e+00
4.76628255e+02 6.79189726e+00
4.76726941e+02 7.17733380e+00
4.76825626e+02 7.51238264e+00
4.76891417e+02 7.69961566e+00
4.76957207e+02 7.85354825e+00
4.77022998e+02 7.97176978e+00
4.77088788e+02 8.05333873e+00
4.77176525e+02 8.10661347e+00
4.77213560e+02 8.11144177e+00
4.77286257e+02 8.09470540e+00
4.77417935e+02 8.00308537e+00
4.77549614e+02 7.89971630e+00
4.77637399e+02 7.87410869e+00
4.77703238e+02 7.90233938e+00
4.77769077e+02 7.98858142e+00
4.77812970e+02 8.08607765e+00
4.77856863e+02 8.22089770e+00
4.77897334e+02 8.38204920e+00
4.77937805e+02 8.58185446e+00
4.77978277e+02 8.82326716e+00
4.78018748e+02 9.10892139e+00
4.78059219e+02 9.44107476e+00
4.78099691e+02 9.82154586e+00
4.78140162e+02 1.02516611e+01
4.78180634e+02 1.07322006e+01
4.78227545e+02 1.13525261e+01
4.78274457e+02 1.20400554e+01
4.78321368e+02 1.27928027e+01
4.78368280e+02 1.36075208e+01
4.78430828e+02 1.47821941e+01
4.78502365e+02 1.62321608e+01
4.78597747e+02 1.82952559e+01
4.78764666e+02 2.20242978e+01
4.78843918e+02 2.37226037e+01
4.78907038e+02 2.49871756e+01
4.78970159e+02 2.61424921e+01
4.79033280e+02 2.71622449e+01
4.79096401e+02 2.80235674e+01
4.79159521e+02 2.87080505e+01
4.79222642e+02 2.92026085e+01
4.79285763e+02 2.95001441e+01
4.79350422e+02 2.95999748e+01
4.79405586e+02 2.95257937e+01
4.79471783e+02 2.92551225e+01
4.79537980e+02 2.88061208e+01
4.79582111e+02 2.84209515e+01
4.79670374e+02 2.74877799e+01
4.79935162e+02 2.42000737e+01
4.80023424e+02 2.32528555e+01
4.80089362e+02 2.26809543e+01
4.80155300e+02 2.22553376e+01
4.80221238e+02 2.19963512e+01
4.80270691e+02 2.19197402e+01
4.80287175e+02 2.19172910e+01
4.80346401e+02 2.20046027e+01
4.80405626e+02 2.22408051e+01
4.80464851e+02 2.26199545e+01
4.80524076e+02 2.31314390e+01
4.80603043e+02 2.39929533e+01
4.80682010e+02 2.50172401e+01
4.80918911e+02 2.84903549e+01
4.81026337e+02 2.99307041e+01
4.81106907e+02 3.08258400e+01
4.81187476e+02 3.15045290e+01
4.81268046e+02 3.19272782e+01
4.81321759e+02 3.20535307e+01
4.81348615e+02 3.20681723e+01
4.81413785e+02 3.19676595e+01
4.81478955e+02 3.16759617e+01
4.81544125e+02 3.11999613e+01
4.81609294e+02 3.05519408e+01
4.81674464e+02 2.97488498e+01
4.81739634e+02 2.88114221e+01
4.81826527e+02 2.73935121e+01
4.81956867e+02 2.50300051e+01
4.82154080e+02 2.13223925e+01
4.82264401e+02 1.93772434e+01
4.82347141e+02 1.80422460e+01
4.82429881e+02 1.68384100e+01
4.82510768e+02 1.58009729e+01
4.82587947e+02 1.49440755e+01
4.82665126e+02 1.42154738e+01
4.82742305e+02 1.36087924e+01
4.82819484e+02 1.31138246e+01
4.82896664e+02 1.27175412e+01
4.82973843e+02 1.24051193e+01
4.83051022e+02 1.21609466e+01
4.83153928e+02 1.19149323e+01
4.83308286e+02 1.16498373e+01
4.83935080e+02 1.07601263e+01
4.84123118e+02 1.05509600e+01
4.84248477e+02 1.04656609e+01
4.84415453e+02 1.04245896e+01
4.84436313e+02 1.04244841e+01
4.84811780e+02 1.04710208e+01
4.84936936e+02 1.04342548e+01
4.85037067e+02 1.03581863e+01
4.85153893e+02 1.02072812e+01
4.85270719e+02 9.98854088e+00
4.85387544e+02 9.71184722e+00
4.85679608e+02 8.92300267e+00
4.85796434e+02 8.65436669e+00
4.85884053e+02 8.50201725e+00
4.85954357e+02 8.41913451e+00
4.86036553e+02 8.37299630e+00
4.86077651e+02 8.37171594e+00
4.86152755e+02 8.40763108e+00
4.86227859e+02 8.49187229e+00
4.86277928e+02 8.57317655e+00
4.86378067e+02 8.78815418e+00
4.86478206e+02 9.05637955e+00
4.86728553e+02 9.79089283e+00
4.86828692e+02 1.00372682e+01
4.86931273e+02 1.02231096e+01
4.87010041e+02 1.03088939e+01
4.87088809e+02 1.03403630e+01
4.87166521e+02 1.03177344e+01
4.87244232e+02 1.02450123e+01
4.87347848e+02 1.00821702e+01
4.87503270e+02 9.74918901e+00
4.87658693e+02 9.40989207e+00
4.87762309e+02 9.24133372e+00
4.87840020e+02 9.17024102e+00
4.87891828e+02 9.15648075e+00
4.87967312e+02 9.19230420e+00
4.88030108e+02 9.27777154e+00
4.88092903e+02 9.41747719e+00
4.88155699e+02 9.61353982e+00
4.88218495e+02 9.86678297e+00
4.88281290e+02 1.01767490e+01
4.88344086e+02 1.05417409e+01
4.88406881e+02 1.09589011e+01
4.88469677e+02 1.14243082e+01
4.88571332e+02 1.22672522e+01
4.88672987e+02 1.31988717e+01
4.88808527e+02 1.45296283e+01
4.89078019e+02 1.72162424e+01
4.89210384e+02 1.84358974e+01
4.89342748e+02 1.95323711e+01
4.89475113e+02 2.04819150e+01
4.89607477e+02 2.12728565e+01
4.89739842e+02 2.18990412e+01
4.89839115e+02 2.22557162e+01
4.89938389e+02 2.25084854e+01
4.90037662e+02 2.26472918e+01
4.90103198e+02 2.26702279e+01
4.90200532e+02 2.25932609e+01
4.90285822e+02 2.24074658e+01
4.90371112e+02 2.21034188e+01
4.90456401e+02 2.16768522e+01
4.90541691e+02 2.11277939e+01
4.90626981e+02 2.04614956e+01
4.90712271e+02 1.96888792e+01
4.90840205e+02 1.83679454e+01
4.90998332e+02 1.65699498e+01
4.91171555e+02 1.45771183e+01
4.91287036e+02 1.33365828e+01
4.91372941e+02 1.24948883e+01
4.91457432e+02 1.17496043e+01
4.91541923e+02 1.10933863e+01
4.91626415e+02 1.05278445e+01
4.91710906e+02 1.00495976e+01
4.91795397e+02 9.65115909e+00
4.91879888e+02 9.32204372e+00
4.91964380e+02 9.04997523e+00
4.92077035e+02 8.75369201e+00
4.92246017e+02 8.39390269e+00
4.92558892e+02 7.78150884e+00
4.92793548e+02 7.26969317e+00
4.93106423e+02 6.55423785e+00
4.93223751e+02 6.31437029e+00
4.93341079e+02 6.11515932e+00
4.93419298e+02 6.01430545e+00
4.93497516e+02 5.94574812e+00
4.93563261e+02 5.91721679e+00
4.93585175e+02 5.91420162e+00
4.93650920e+02 5.92614976e+00
4.93704747e+02 5.96077626e+00
4.93768572e+02 6.03266098e+00
4.93832397e+02 6.13957291e+00
4.93896223e+02 6.28273338e+00
4.93960048e+02 6.46288602e+00
4.94023873e+02 6.68030586e+00
4.94087698e+02 6.93482600e+00
4.94151523e+02 7.22588216e+00
4.94215872e+02 7.55538582e+00
4.94280744e+02 7.92296396e+00
4.94345616e+02 8.32453982e+00
4.94442925e+02 8.98668948e+00
4.94540233e+02 9.71426957e+00
4.94637542e+02 1.04989130e+01
4.94778829e+02 1.17184575e+01
4.95084488e+02 1.44835360e+01
4.95199110e+02 1.54672348e+01
4.95313732e+02 1.63597472e+01
4.95400811e+02 1.69509857e+01
4.95487890e+02 1.74483576e+01
4.95574969e+02 1.78373932e+01
4.95662048e+02 1.81071622e+01
4.95749127e+02 1.82510355e+01
4.95803954e+02 1.82759698e+01
4.95881356e+02 1.82258386e+01
4.95950159e+02 1.81002489e+01
4.96053362e+02 1.77789946e+01
4.96156565e+02 1.73165685e+01
4.96259769e+02 1.67376755e+01
4.96397373e+02 1.58318981e+01
4.96810186e+02 1.28087947e+01
4.96920826e+02 1.20636850e+01
4.97004502e+02 1.15501343e+01
4.97088177e+02 1.10897818e+01
4.97171853e+02 1.06904070e+01
4.97255528e+02 1.03582929e+01
4.97339204e+02 1.00980641e+01
4.97422880e+02 9.91259351e+00
4.97506555e+02 9.80301056e+00
4.97587710e+02 9.76877517e+00
4.97653239e+02 9.79179070e+00
4.97731873e+02 9.87717363e+00
4.97810508e+02 1.00229699e+01
4.97889142e+02 1.02262453e+01
4.97967777e+02 1.04841832e+01
4.98046411e+02 1.07943551e+01
4.98125046e+02 1.11549106e+01
4.98229892e+02 1.17120934e+01
4.98334738e+02 1.23558560e+01
4.98434244e+02 1.30474490e+01
4.98528412e+02 1.37752374e+01
4.98622580e+02 1.45749968e+01
4.98716748e+02 1.54464352e+01
4.98810916e+02 1.63876614e+01
4.98952167e+02 1.79208832e+01
4.99093419e+02 1.95769923e+01
4.99489455e+02 2.44796326e+01
4.99639006e+02 2.61990178e+01
4.99738707e+02 2.72199299e+01
4.99838408e+02 2.80994954e+01
4.99938108e+02 2.88039482e+01
5.00037938e+02 2.93044161e+01
5.00137768e+02 2.95779019e+01
5.00204321e+02 2.96279568e+01
5.00292530e+02 2.95304718e+01
5.00380739e+02 2.92530292e+01
5.00468948e+02 2.88112844e+01
5.00557156e+02 2.82292742e+01
5.00674768e+02 2.72899821e+01
5.00968797e+02 2.46910948e+01
5.01086409e+02 2.37908410e+01
5.01179861e+02 2.32079000e+01
5.01283799e+02 2.27261603e+01
5.01387737e+02 2.24318696e+01
5.01489229e+02 2.23212307e+01
5.01505941e+02 2.23186762e+01
5.01589498e+02 2.23657916e+01
5.01689768e+02 2.25359803e+01
5.01823460e+02 2.29006003e+01
5.02157690e+02 2.40077138e+01
5.02291382e+02 2.43628069e+01
5.02425075e+02 2.46083814e+01
5.02583383e+02 2.47302559e+01
5.02601675e+02 2.47315596e+01
5.02721563e+02 2.46704739e+01
5.02846517e+02 2.44713664e+01
5.02971471e+02 2.41239105e+01
5.03096425e+02 2.36190029e+01
5.03221379e+02 2.29518335e+01
5.03346333e+02 2.21255751e+01
5.03471286e+02 2.11544294e+01
5.03596240e+02 2.00651127e+01
5.03971102e+02 1.65198814e+01
5.04102020e+02 1.53721101e+01
5.04189299e+02 1.46843546e+01
5.04276578e+02 1.40766501e+01
5.04363857e+02 1.35616162e+01
5.04451136e+02 1.31487106e+01
5.04516595e+02 1.29097582e+01
5.04582054e+02 1.27327844e+01
5.04647513e+02 1.26177011e+01
5.04733663e+02 1.25582431e+01
5.04741731e+02 1.25578574e+01
5.04826447e+02 1.26045386e+01
5.04923264e+02 1.27624105e+01
5.05020082e+02 1.30147322e+01
5.05149173e+02 1.34608318e+01
5.05471899e+02 1.47594866e+01
5.05600989e+02 1.51976583e+01
5.05697807e+02 1.54491533e+01
5.05774579e+02 1.55908514e+01
5.05863580e+02 1.56850835e+01
5.05927008e+02 1.57050853e+01
5.06029217e+02 1.56569783e+01
5.06150354e+02 1.54851415e+01
5.06271491e+02 1.52189288e+01
5.06513765e+02 1.45884379e+01
5.06634902e+02 1.43310815e+01
5.06725755e+02 1.42054137e+01
5.06816607e+02 1.41562896e+01
5.06902586e+02 1.41903935e+01
5.06978818e+02 1.42895074e+01
5.07080460e+02 1.45195901e+01
5.07182102e+02 1.48480819e+01
5.07283744e+02 1.52492807e+01
5.07537850e+02 1.63213680e+01
5.07639492e+02 1.66628306e+01
5.07737166e+02 1.68852961e+01
5.07830873e+02 1.69746159e+01
5.07845515e+02 1.69763873e+01
5.07928614e+02 1.69207614e+01
5.08004944e+02 1.67701423e+01
5.08081275e+02 1.65269766e+01
5.08157605e+02 1.61989115e+01
5.08233936e+02 1.57980812e+01
5.08284823e+02 1.54981983e+01
5.08488371e+02 1.41625467e+01
5.08590145e+02 1.35028692e+01
5.08691919e+02 1.29174921e+01
5.08773853e+02 1.25320861e+01
5.08835304e+02 1.23071122e+01
5.08896754e+02 1.21452174e+01
5.08958204e+02 1.20522095e+01
5.09004292e+02 1.20303217e+01
5.09057736e+02 1.20582088e+01
5.09114859e+02 1.21525321e+01
5.09171982e+02 1.23139776e+01
5.09229104e+02 1.25420759e+01
5.09286227e+02 1.28355064e+01
5.09324308e+02 1.30664383e+01
5.09400472e+02 1.36096041e+01
5.09476635e+02 1.42551436e+01
5.09552799e+02 1.49951279e+01
5.09628963e+02 1.58214282e+01
5.09704392e+02 1.67172630e+01
5.09817537e+02 1.81915365e+01
5.09930681e+02 1.98082890e+01
5.10043826e+02 2.15586646e+01
5.10156970e+02 2.34404239e+01
5.10279745e+02 2.56320610e+01
5.10421778e+02 2.83582993e+01
5.10563812e+02 3.12622503e+01
5.10847878e+02 3.72640014e+01
5.10989912e+02 4.00583911e+01
5.11083866e+02 4.16984854e+01
5.11177820e+02 4.31032839e+01
5.11271774e+02 4.42217494e+01
5.11365728e+02 4.50168130e+01
5.11459682e+02 4.54705792e+01
5.11545569e+02 4.55904689e+01
5.11600138e+02 4.55294796e+01
5.11709276e+02 4.51296683e+01
5.11818414e+02 4.44454829e+01
5.12091258e+02 4.23429786e+01
5.12200396e+02 4.16900565e+01
5.12309534e+02 4.12980563e+01
5.12391716e+02 4.12062535e+01
5.12474554e+02 4.12947848e+01
5.12585005e+02 4.16696850e+01
5.12750681e+02 4.26185688e+01
5.12971582e+02 4.39758633e+01
5.13082033e+02 4.43942734e+01
5.13164871e+02 4.44966005e+01
5.13247709e+02 4.43762558e+01
5.13333399e+02 4.39913189e+01
5.13419089e+02 4.33286498e+01
5.13504779e+02 4.23893875e+01
5.13590469e+02 4.11878133e+01
5.13676159e+02 3.97493849e+01
5.13761848e+02 3.81082115e+01
5.13876101e+02 3.56740970e+01
5.14047481e+02 3.17032038e+01
5.14273724e+02 2.63646265e+01
5.14385714e+02 2.38478052e+01
5.14497703e+02 2.14811834e+01
5.14581696e+02 1.98228222e+01
5.14661817e+02 1.83414231e+01
5.14740002e+02 1.69930086e+01
5.14818187e+02 1.57406066e+01
5.14896372e+02 1.45823516e+01
5.14974556e+02 1.35150241e+01
5.15058090e+02 1.24704345e+01
5.15120911e+02 1.17466279e+01
5.15183732e+02 1.10729644e+01
5.15246553e+02 1.04467937e+01
5.15309373e+02 9.86548109e+00
5.15372194e+02 9.32643597e+00
5.15435015e+02 8.82714341e+00
5.15497835e+02 8.36517179e+00
5.15566766e+02 7.89843570e+00
5.15641807e+02 7.43475473e+00
5.15716848e+02 7.01385398e+00
5.15791889e+02 6.63228340e+00
5.15866929e+02 6.28677261e+00
5.15941970e+02 5.97422714e+00
5.16017011e+02 5.69172635e+00
5.16092052e+02 5.43652272e+00
5.16167937e+02 5.20357873e+00
5.16244667e+02 4.99121543e+00
5.16359763e+02 4.71122845e+00
5.16474858e+02 4.47115679e+00
5.16589953e+02 4.26473184e+00
5.16705049e+02 4.08666623e+00
5.16820144e+02 3.93271839e+00
5.16935240e+02 3.79982534e+00
5.17050335e+02 3.68633758e+00
5.17165430e+02 3.59238370e+00
5.17280526e+02 3.52039432e+00
5.17357256e+02 3.48713421e+00
5.17455982e+02 3.46628138e+00
5.17475727e+02 3.46563767e+00
5.17554707e+02 3.47721645e+00
5.17613943e+02 3.50320363e+00
5.17673178e+02 3.54705206e+00
5.17732819e+02 3.61246863e+00
5.17792459e+02 3.70290127e+00
5.17837189e+02 3.78959807e+00
5.17881920e+02 3.89454825e+00
5.17926650e+02 4.01974405e+00
5.17971381e+02 4.16727335e+00
5.18016111e+02 4.33929953e+00
5.18060841e+02 4.53803322e+00
5.18105572e+02 4.76570186e+00
5.18150302e+02 5.02451219e+00
5.18187698e+02 5.26634366e+00
5.18225093e+02 5.53264086e+00
5.18262489e+02 5.82452874e+00
5.18299884e+02 6.14303681e+00
5.18337279e+02 6.48908019e+00
5.18374675e+02 6.86343150e+00
5.18412070e+02 7.26670098e+00
5.18449466e+02 7.69931141e+00
5.18503971e+02 8.38280010e+00
5.18558476e+02 9.12880779e+00
5.18612982e+02 9.93594729e+00
5.18667487e+02 1.08015562e+01
5.18732512e+02 1.19050556e+01
5.18797538e+02 1.30766090e+01
5.18895076e+02 1.49340988e+01
5.19123798e+02 1.94622082e+01
5.19202282e+02 2.09522525e+01
5.19273613e+02 2.22248022e+01
5.19337792e+02 2.32791772e+01
5.19401972e+02 2.42279643e+01
5.19466151e+02 2.50541860e+01
5.19530330e+02 2.57434923e+01
5.19594510e+02 2.62846435e+01
5.19658689e+02 2.66698439e+01
5.19722869e+02 2.68949411e+01
5.19780153e+02 2.69601615e+01
5.19855739e+02 2.68541646e+01
5.19931324e+02 2.65394745e+01
5.20006909e+02 2.60319199e+01
5.20082494e+02 2.53517485e+01
5.20158079e+02 2.45223744e+01
5.20258859e+02 2.32282432e+01
5.20359640e+02 2.17749903e+01
5.20510810e+02 1.94236378e+01
5.20726840e+02 1.60014996e+01
5.20837267e+02 1.43285477e+01
5.20920087e+02 1.31357448e+01
5.21002907e+02 1.20071507e+01
5.21086934e+02 1.09353125e+01
5.21170961e+02 9.94283798e+00
5.21233982e+02 9.25300344e+00
5.21297002e+02 8.61121042e+00
5.21363581e+02 7.98618823e+00
5.21437276e+02 7.35836785e+00
5.21486406e+02 6.97719797e+00
5.21535535e+02 6.62577000e+00
5.21584665e+02 6.30381570e+00
5.21633795e+02 6.01095626e+00
5.21682925e+02 5.74670247e+00
5.21732055e+02 5.51046258e+00
5.21783671e+02 5.29168660e+00
5.21835288e+02 5.10216932e+00
5.21886904e+02 4.94091440e+00
5.21938521e+02 4.80684766e+00
5.21990137e+02 4.69883436e+00
5.22041754e+02 4.61570113e+00
5.22093371e+02 4.55625713e+00
5.22144987e+02 4.51931788e+00
5.22211254e+02 4.50304059e+00
5.22265472e+02 4.51428694e+00
5.22337763e+02 4.56156297e+00
5.22410054e+02 4.64360563e+00
5.22482345e+02 4.75858227e+00
5.22554636e+02 4.90524606e+00
5.22626927e+02 5.08296971e+00
5.22699218e+02 5.29173650e+00
5.22771509e+02 5.53207818e+00
5.22843800e+02 5.80495884e+00
5.22916091e+02 6.11160306e+00
5.22977666e+02 6.40036582e+00
5.23039240e+02 6.71520123e+00
5.23131601e+02 7.23712221e+00
5.23223963e+02 7.81807087e+00
5.23316324e+02 8.45453964e+00
5.23408685e+02 9.13903930e+00
5.23596386e+02 1.06225124e+01
5.23721519e+02 1.16133315e+01
5.23815369e+02 1.23120848e+01
5.23909220e+02 1.29386494e+01
5.23981415e+02 1.33518105e+01
5.24053610e+02 1.36901300e+01
5.24125805e+02 1.39413829e+01
5.24198001e+02 1.40953112e+01
5.24270196e+02 1.41441865e+01
5.24330880e+02 1.41004325e+01
5.24385810e+02 1.39929917e+01
5.24440739e+02 1.38215194e+01
5.24513978e+02 1.34962055e+01
5.24587216e+02 1.30668790e+01
5.24660455e+02 1.25436296e+01
5.24733694e+02 1.19393239e+01
5.24806933e+02 1.12690094e+01
5.24920064e+02 1.01425614e+01
5.25139467e+02 7.85944363e+00
5.25231542e+02 6.94582174e+00
5.25296017e+02 6.34376772e+00
5.25360492e+02 5.78117353e+00
5.25408849e+02 5.38874539e+00
5.25457205e+02 5.02392996e+00
5.25505474e+02 4.68897788e+00
5.25553743e+02 4.38452594e+00
5.25602012e+02 4.11158657e+00
5.25650281e+02 3.87090487e+00
5.25698550e+02 3.66300115e+00
5.25730724e+02 3.54280088e+00
5.25762893e+02 3.43739901e+00
5.25795062e+02 3.34682019e+00
5.25827231e+02 3.27109294e+00
5.25859400e+02 3.21023648e+00
5.25891569e+02 3.16426348e+00
5.25923738e+02 3.13318591e+00
5.25955907e+02 3.11701749e+00
5.25971991e+02 3.11453001e+00
5.26007858e+02 3.12243933e+00
5.26043725e+02 3.14896681e+00
5.26079591e+02 3.19417294e+00
5.26115458e+02 3.25813498e+00
5.26151325e+02 3.34094637e+00
5.26187192e+02 3.44271482e+00
5.26223058e+02 3.56355887e+00
5.26258925e+02 3.70360316e+00
5.26291237e+02 3.84631314e+00
5.26323550e+02 4.00479341e+00
5.26372018e+02 4.27224763e+00
5.26420487e+02 4.57553946e+00
5.26468955e+02 4.91472987e+00
5.26517424e+02 5.28970249e+00
5.26562542e+02 5.67061478e+00
5.26607660e+02 6.08174210e+00
5.26637738e+02 6.37225618e+00
5.26697896e+02 6.99138179e+00
5.26758053e+02 7.65865660e+00
5.26814917e+02 8.32997231e+00
5.26890737e+02 9.27851315e+00
5.26985510e+02 1.05312239e+01
5.27200770e+02 1.34819761e+01
5.27293731e+02 1.47103934e+01
5.27386691e+02 1.58523929e+01
5.27459714e+02 1.66632841e+01
5.27539343e+02 1.74394786e+01
5.27618972e+02 1.80855818e+01
5.27698600e+02 1.85887855e+01
5.27778229e+02 1.89422814e+01
5.27857858e+02 1.91457461e+01
5.27933083e+02 1.92056916e+01
5.28021986e+02 1.91254958e+01
5.28104050e+02 1.89268413e+01
5.28186115e+02 1.86339751e+01
5.28295534e+02 1.81461382e+01
5.28514372e+02 1.71043532e+01
5.28623791e+02 1.66848060e+01
5.28705855e+02 1.64606438e+01
5.28797075e+02 1.63259242e+01
5.28844974e+02 1.63090266e+01
5.28908912e+02 1.63479094e+01
5.28980869e+02 1.64780530e+01
5.29052826e+02 1.67002060e+01
5.29124784e+02 1.70124571e+01
5.29196741e+02 1.74105735e+01
5.29292683e+02 1.80637593e+01
5.29388626e+02 1.88381047e+01
5.29484569e+02 1.97086587e+01
5.29628483e+02 2.11306316e+01
5.29882926e+02 2.36690237e+01
5.29984703e+02 2.45712470e+01
5.30086480e+02 2.53455768e+01
5.30188257e+02 2.59533293e+01
5.30264590e+02 2.62793012e+01
5.30340923e+02 2.64806869e+01
5.30417256e+02 2.65483013e+01
5.30503495e+02 2.64560605e+01
5.30594688e+02 2.61598800e+01
5.30685880e+02 2.56615848e+01
5.30777073e+02 2.49701449e+01
5.30868265e+02 2.41011073e+01
5.30959458e+02 2.30758103e+01
5.31050651e+02 2.19202474e+01
5.31172241e+02 2.02276838e+01
5.31538750e+02 1.47703588e+01
5.31637413e+02 1.33716129e+01
5.31736076e+02 1.20532614e+01
5.31810074e+02 1.11276595e+01
5.31882718e+02 1.02772287e+01
5.31955362e+02 9.48775918e+00
5.32028007e+02 8.76111256e+00
5.32100651e+02 8.09799806e+00
5.32173295e+02 7.49817445e+00
5.32230607e+02 7.06899503e+00
5.32296801e+02 6.62062683e+00
5.32362995e+02 6.22168120e+00
5.32429190e+02 5.87062507e+00
5.32495384e+02 5.56584098e+00
5.32545029e+02 5.36663468e+00
5.32594675e+02 5.19185943e+00
5.32644320e+02 5.04085665e+00
5.32693966e+02 4.91299580e+00
5.32754827e+02 4.78694468e+00
5.32810355e+02 4.70060734e+00
5.32865884e+02 4.64085212e+00
5.32921412e+02 4.60696708e+00
5.32969974e+02 4.59799790e+00
5.33032368e+02 4.61401445e+00
5.33094762e+02 4.66010055e+00
5.33157156e+02 4.73523546e+00
5.33219550e+02 4.83831626e+00
5.33281944e+02 4.96811968e+00
5.33344338e+02 5.12326832e+00
5.33406732e+02 5.30219871e+00
5.33489924e+02 5.57467002e+00
5.33573115e+02 5.88141717e+00
5.33686534e+02 6.34471121e+00
5.33830178e+02 6.98283657e+00
5.34117468e+02 8.29306706e+00
5.34240196e+02 8.81019095e+00
5.34342009e+02 9.19934519e+00
5.34443821e+02 9.54351123e+00
5.34545633e+02 9.83676670e+00
5.34647446e+02 1.00754915e+01
5.34749258e+02 1.02582944e+01
5.34851070e+02 1.03859085e+01
5.34952883e+02 1.04611437e+01
5.35069394e+02 1.04894326e+01
5.35213725e+02 1.04554588e+01
5.35528629e+02 1.02734429e+01
5.35633597e+02 1.02432646e+01
5.35738565e+02 1.02632025e+01
5.35843533e+02 1.03547897e+01
5.35927349e+02 1.04927178e+01
5.36011166e+02 1.06975742e+01
5.36094982e+02 1.09760401e+01
5.36178799e+02 1.13325185e+01
5.36262616e+02 1.17688811e+01
5.36346432e+02 1.22843647e+01
5.36430249e+02 1.28756122e+01
5.36514065e+02 1.35368326e+01
5.36636084e+02 1.46075948e+01
5.36758102e+02 1.57776276e+01
5.37083483e+02 1.90696483e+01
5.37203702e+02 2.02129772e+01
5.37320323e+02 2.12065380e+01
5.37436944e+02 2.20357584e+01
5.37514692e+02 2.24733905e+01
5.37592439e+02 2.28036585e+01
5.37670186e+02 2.30154740e+01
5.37757652e+02 2.31015030e+01
5.37838463e+02 2.30312733e+01
5.37915947e+02 2.28270384e+01
5.37993431e+02 2.24910784e+01
5.38070915e+02 2.20296608e+01
5.38148399e+02 2.14529416e+01
5.38251711e+02 2.05288343e+01
5.38355023e+02 1.94653241e+01
5.38509991e+02 1.77134673e+01
5.38715795e+02 1.53562724e+01
5.38818288e+02 1.42689453e+01
5.38920780e+02 1.32838469e+01
5.38989109e+02 1.26943683e+01
5.39057437e+02 1.21626458e+01
5.39125765e+02 1.16894614e+01
5.39216193e+02 1.11505602e+01
5.39300588e+02 1.07302821e+01
5.39384984e+02 1.03788914e+01
5.39497511e+02 9.99420629e+00
5.39610038e+02 9.67301953e+00
5.39891356e+02 8.93643706e+00
5.40060146e+02 8.43908658e+00
5.40338605e+02 7.55365866e+00
5.40431424e+02 7.29537254e+00
5.40501039e+02 7.13602054e+00
5.40570654e+02 7.01781758e+00
5.40640268e+02 6.95147759e+00
5.40680877e+02 6.94090521e+00
5.40733088e+02 6.96164881e+00
5.40779498e+02 7.01543471e+00
5.40824022e+02 7.10071652e+00
5.40866660e+02 7.21511862e+00
5.40909298e+02 7.36300521e+00
5.40951936e+02 7.54552418e+00
5.40994575e+02 7.76350800e+00
5.41037213e+02 8.01744354e+00
5.41079851e+02 8.30745234e+00
5.41122489e+02 8.63326984e+00
5.41179609e+02 9.12464128e+00
5.41233309e+02 9.64163975e+00
5.41287009e+02 1.02085811e+01
5.41358609e+02 1.10345385e+01
5.41430210e+02 1.19285288e+01
5.41527513e+02 1.32242416e+01
5.41770773e+02 1.65831673e+01
5.41858749e+02 1.77310828e+01
5.41937398e+02 1.86851062e+01
5.42016047e+02 1.95532674e+01
5.42094696e+02 2.03242295e+01
5.42173345e+02 2.09929879e+01
5.42251994e+02 2.15611997e+01
5.42369967e+02 2.22443653e+01
5.42448616e+02 2.26090285e+01
5.42832238e+02 2.40778712e+01
5.43002051e+02 2.49266968e+01
5.43171865e+02 2.59700265e+01
5.43398282e+02 2.74027253e+01
5.43511491e+02 2.79653270e+01
5.43596398e+02 2.82502719e+01
5.43696137e+02 2.83877858e+01
5.43791901e+02 2.82853764e+01
5.43864883e+02 2.80402168e+01
5.43937865e+02 2.76477986e+01
5.44010847e+02 2.71121209e+01
5.44059501e+02 2.66800649e+01
5.44156810e+02 2.56560316e+01
5.44254120e+02 2.44586393e+01
5.44400083e+02 2.24678564e+01
5.44546047e+02 2.04481759e+01
5.44640866e+02 1.92324657e+01
5.44704078e+02 1.85002242e+01
5.44767290e+02 1.78491772e+01
5.44830502e+02 1.72930441e+01
5.44893714e+02 1.68431815e+01
5.44956927e+02 1.65082993e+01
5.45020139e+02 1.62942349e+01
5.45071394e+02 1.62113900e+01
5.45091042e+02 1.62012380e+01
5.45153316e+02 1.62473113e+01
5.45215589e+02 1.64091040e+01
5.45277862e+02 1.66799908e+01
5.45340135e+02 1.70505240e+01
5.45402409e+02 1.75086167e+01
5.45464682e+02 1.80397955e+01
5.45589228e+02 1.92535885e+01
5.45783884e+02 2.12400368e+01
5.45869666e+02 2.20150807e+01
5.45955449e+02 2.26580129e+01
5.46041231e+02 2.31264988e+01
5.46098419e+02 2.33248390e+01
5.46169904e+02 2.34311809e+01
5.46184201e+02 2.34327320e+01
5.46259366e+02 2.33297562e+01
5.46329222e+02 2.30655840e+01
5.46399078e+02 2.26421440e+01
5.46468934e+02 2.20674549e+01
5.46538789e+02 2.13540036e+01
5.46608645e+02 2.05180553e+01
5.46678501e+02 1.95788407e+01
5.46771642e+02 1.82028759e+01
5.46911353e+02 1.59819295e+01
5.47072243e+02 1.33913489e+01
5.47148455e+02 1.22141665e+01
5.47224667e+02 1.10952191e+01
5.47298657e+02 1.00776971e+01
5.47370425e+02 9.16394739e+00
5.47424250e+02 8.52898434e+00
5.47478076e+02 7.93829720e+00
5.47531902e+02 7.39197953e+00
5.47595502e+02 6.80272687e+00
5.47641160e+02 6.41617183e+00
5.47686819e+02 6.05886401e+00
5.47732478e+02 5.72948567e+00
5.47778136e+02 5.42656099e+00
5.47823795e+02 5.14850706e+00
5.47869453e+02 4.89367154e+00
5.47934460e+02 4.56760564e+00
5.47992504e+02 4.30945094e+00
5.48050549e+02 4.07899834e+00
5.48108593e+02 3.87316927e+00
5.48166637e+02 3.68915027e+00
5.48224682e+02 3.52443039e+00
5.48282726e+02 3.37682491e+00
5.48340770e+02 3.24448315e+00
5.48418163e+02 3.08918151e+00
5.48495555e+02 2.95557537e+00
5.48565178e+02 2.85233302e+00
5.48627032e+02 2.77331963e+00
5.48688886e+02 2.70587407e+00
5.48750740e+02 2.64980832e+00
5.48812593e+02 2.60505903e+00
5.48874447e+02 2.57163660e+00
5.48936301e+02 2.54957994e+00
5.48998155e+02 2.53891719e+00
5.49029082e+02 2.53785653e+00
5.49114745e+02 2.54969928e+00
5.49200408e+02 2.58294802e+00
5.49286072e+02 2.63694924e+00
5.49371735e+02 2.71077279e+00
5.49457398e+02 2.80329245e+00
5.49543061e+02 2.91331113e+00
5.49628725e+02 3.03971749e+00
5.49714388e+02 3.18165294e+00
5.49800051e+02 3.33867130e+00
5.49885715e+02 3.51086309e+00
5.49983301e+02 3.72643056e+00
5.50064257e+02 3.92230504e+00
5.50145213e+02 4.13531658e+00
5.50226169e+02 4.36732473e+00
5.50307125e+02 4.62026156e+00
5.50388081e+02 4.89588466e+00
5.50469037e+02 5.19550306e+00
5.50549992e+02 5.51968715e+00
5.50669600e+02 6.04236522e+00
5.50788294e+02 6.60638620e+00
5.51144376e+02 8.40370072e+00
5.51256223e+02 8.92252453e+00
5.51354374e+02 9.32374236e+00
5.51452526e+02 9.65585613e+00
5.51517960e+02 9.83091921e+00
5.51583394e+02 9.96413734e+00
5.51648828e+02 1.00522314e+01
5.51714263e+02 1.00927658e+01
5.51746980e+02 1.00946896e+01
5.51818153e+02 1.00560773e+01
5.51889326e+02 9.95900587e+00
5.51960500e+02 9.80490360e+00
5.52031673e+02 9.59654470e+00
5.52102846e+02 9.33794444e+00
5.52174020e+02 9.03420770e+00
5.52268917e+02 8.56949339e+00
5.52363815e+02 8.05129779e+00
5.52506162e+02 7.21132579e+00
5.52709700e+02 5.98144984e+00
5.52811469e+02 5.39404887e+00
5.52887796e+02 4.97746866e+00
5.52962409e+02 4.59485304e+00
5.53036165e+02 4.24349039e+00
5.53109920e+02 3.92071863e+00
5.53183676e+02 3.62749900e+00
5.53257431e+02 3.36398186e+00
5.53325688e+02 3.14611591e+00
5.53382949e+02 2.98201486e+00
5.53440210e+02 2.83424541e+00
5.53497470e+02 2.70203837e+00
5.53554731e+02 2.58455862e+00
5.53611991e+02 2.48094391e+00
5.53669252e+02 2.39033935e+00
5.53726513e+02 2.31192934e+00
5.53783773e+02 2.24496473e+00
5.53841034e+02 2.18878616e+00
5.53898295e+02 2.14284405e+00
5.53951337e+02 2.10904873e+00
5.54019247e+02 2.07771160e+00
5.54087157e+02 2.05957816e+00
5.54146579e+02 2.05459690e+00
5.54207663e+02 2.06033550e+00
5.54263583e+02 2.07563974e+00
5.54319503e+02 2.10107917e+00
5.54375423e+02 2.13731096e+00
5.54431344e+02 2.18512984e+00
5.54487264e+02 2.24546107e+00
5.54543184e+02 2.31935288e+00
5.54599104e+02 2.40796364e+00
5.54655024e+02 2.51254868e+00
5.54710944e+02 2.63444193e+00
5.54766864e+02 2.77503428e+00
5.54809198e+02 2.89477245e+00
5.54856584e+02 3.04324554e+00
5.54903971e+02 3.20779805e+00
5.54951358e+02 3.38925730e+00
5.54998745e+02 3.58840424e+00
5.55046131e+02 3.80595525e+00
5.55093518e+02 4.04254285e+00
5.55140905e+02 4.29869606e+00
5.55204151e+02 4.67174690e+00
5.55263480e+02 5.05453024e+00
5.55322810e+02 5.46915906e+00
5.55382139e+02 5.91523853e+00
5.55441469e+02 6.39189665e+00
5.55508756e+02 6.96774566e+00
5.55591958e+02 7.72755461e+00
5.55675160e+02 8.53371437e+00
5.55786096e+02 9.66610126e+00
5.55995127e+02 1.19023415e+01
5.56241389e+02 1.45345831e+01
5.56417291e+02 1.63219584e+01
5.56620689e+02 1.82643063e+01
5.56820245e+02 2.00594666e+01
5.57019801e+02 2.17561655e+01
5.57152839e+02 2.28079309e+01
5.57285876e+02 2.37500225e+01
5.57385654e+02 2.43484740e+01
5.57485432e+02 2.48208138e+01
5.57551950e+02 2.50501264e+01
5.57652630e+02 2.52445175e+01
5.57702969e+02 2.52654924e+01
5.57778495e+02 2.51940344e+01
5.57854054e+02 2.49934095e+01
5.57929613e+02 2.46605525e+01
5.58005171e+02 2.41961557e+01
5.58080730e+02 2.36048199e+01
5.58156289e+02 2.28950000e+01
5.58257034e+02 2.17855741e+01
5.58357778e+02 2.05244573e+01
5.58508896e+02 1.84476414e+01
5.58704869e+02 1.56726159e+01
5.58801936e+02 1.43661671e+01
5.58874736e+02 1.34489011e+01
5.58947537e+02 1.26010345e+01
5.59012871e+02 1.19089145e+01
5.59078206e+02 1.12889715e+01
5.59143540e+02 1.07463175e+01
5.59208874e+02 1.02843683e+01
5.59257875e+02 9.99198074e+00
5.59306876e+02 9.74615131e+00
5.59355877e+02 9.54654404e+00
5.59404878e+02 9.39237584e+00
5.59453879e+02 9.28244907e+00
5.59496660e+02 9.22142768e+00
5.59562780e+02 9.18813785e+00
5.59628899e+02 9.22410358e+00
5.59681795e+02 9.29860444e+00
5.59761138e+02 9.47846594e+00
5.59840482e+02 9.72901780e+00
5.59893377e+02 9.92897096e+00
5.59999168e+02 1.03904262e+01
5.60104959e+02 1.09081901e+01
5.60356072e+02 1.21888712e+01
5.60474661e+02 1.27374870e+01
5.60593250e+02 1.32016994e+01
5.60672310e+02 1.34493321e+01
5.60751370e+02 1.36386413e+01
5.60830429e+02 1.37635880e+01
5.60909489e+02 1.38197628e+01
5.60949018e+02 1.38211800e+01
5.61042261e+02 1.37531985e+01
5.61135504e+02 1.35863329e+01
5.61228747e+02 1.33255740e+01
5.61321989e+02 1.29796288e+01
5.61415232e+02 1.25603893e+01
5.61508475e+02 1.20821595e+01
5.61632798e+02 1.13801287e+01
5.61943607e+02 9.53465299e+00
5.62042493e+02 8.98131436e+00
5.62141378e+02 8.46555559e+00
5.62240263e+02 7.99569427e+00
5.62339148e+02 7.57775933e+00
5.62438033e+02 7.21596670e+00
5.62512197e+02 6.98324701e+00
5.62586361e+02 6.78463356e+00
5.62660525e+02 6.62079632e+00
5.62734689e+02 6.49224254e+00
5.62820726e+02 6.38778480e+00
5.62906764e+02 6.33159189e+00
5.62964122e+02 6.32094004e+00
5.63050809e+02 6.34525330e+00
5.63137496e+02 6.41743782e+00
5.63224183e+02 6.53607713e+00
5.63310870e+02 6.69908132e+00
5.63397556e+02 6.90362817e+00
5.63484243e+02 7.14612388e+00
5.63570930e+02 7.42217972e+00
5.63715528e+02 7.94283259e+00
5.64120905e+02 9.55158780e+00
5.64236726e+02 9.96647827e+00
5.64352548e+02 1.03231298e+01
5.64439415e+02 1.05413073e+01
5.64526281e+02 1.07104438e+01
5.64616002e+02 1.08295701e+01
5.64711431e+02 1.08928356e+01
5.64768783e+02 1.09002090e+01
5.64883487e+02 1.08520276e+01
5.64998190e+02 1.07345257e+01
5.65342301e+02 1.02191144e+01
5.65457005e+02 1.00839876e+01
5.65571708e+02 1.00028451e+01
5.65661146e+02 9.98301623e+00
5.65783071e+02 1.00162358e+01
5.65937083e+02 1.01365573e+01
5.66193768e+02 1.03895630e+01
5.66296443e+02 1.04513024e+01
5.66347780e+02 1.04644319e+01
5.66450454e+02 1.04465835e+01
5.66559441e+02 1.03552937e+01
5.66668428e+02 1.01866259e+01
5.66777414e+02 9.94631555e+00
5.66886401e+02 9.64816873e+00
5.67213362e+02 8.62525064e+00
5.67322348e+02 8.32255029e+00
5.67409733e+02 8.11820853e+00
5.67497117e+02 7.95573014e+00
5.67584502e+02 7.83908620e+00
5.67671886e+02 7.76912655e+00
5.67762774e+02 7.74357033e+00
5.67853662e+02 7.76082394e+00
5.67974847e+02 7.83690418e+00
5.68156623e+02 8.01997443e+00
5.68398991e+02 8.28562388e+00
5.68641359e+02 8.49423598e+00
5.68878526e+02 8.67027451e+00
5.69007744e+02 8.79645841e+00
5.69108068e+02 8.93077815e+00
5.69208392e+02 9.11121237e+00
5.69308716e+02 9.35053607e+00
5.69383959e+02 9.57586453e+00
5.69459202e+02 9.84552138e+00
5.69534445e+02 1.01634109e+01
5.69609688e+02 1.05327022e+01
5.69684931e+02 1.09556760e+01
5.69760174e+02 1.14335597e+01
5.69858476e+02 1.21404791e+01
5.69956779e+02 1.29374814e+01
5.70055081e+02 1.38167091e+01
5.70153383e+02 1.47659176e+01
5.70300837e+02 1.62846031e+01
5.70618407e+02 1.96514969e+01
5.70762034e+02 2.10913465e+01
5.70977475e+02 2.30857105e+01
5.71336543e+02 2.62478945e+01
5.71480170e+02 2.76275895e+01
5.71623798e+02 2.91321899e+01
5.71999803e+02 3.33472325e+01
5.72101200e+02 3.43601253e+01
5.72202598e+02 3.52156322e+01
5.72303995e+02 3.58574907e+01
5.72405392e+02 3.62370838e+01
5.72481440e+02 3.63272257e+01
5.72567998e+02 3.62128920e+01
5.72659812e+02 3.58334217e+01
5.72751625e+02 3.51926234e+01
5.72843438e+02 3.43059998e+01
5.72935251e+02 3.31988636e+01
5.72996460e+02 3.23544384e+01
5.73118877e+02 3.04619811e+01
5.73241295e+02 2.83820668e+01
5.73521096e+02 2.34738439e+01
5.73625993e+02 2.17525036e+01
5.73730891e+02 2.01713643e+01
5.73800822e+02 1.92130922e+01
5.73870754e+02 1.83411521e+01
5.73940685e+02 1.75616288e+01
5.74010617e+02 1.68787025e+01
5.74068888e+02 1.63852017e+01
5.74138806e+02 1.58844782e+01
5.74208724e+02 1.54829439e+01
5.74278641e+02 1.51787895e+01
5.74348559e+02 1.49690787e+01
5.74418476e+02 1.48499345e+01
5.74491233e+02 1.48171016e+01
5.74563990e+02 1.48713565e+01
5.74636747e+02 1.50061749e+01
5.74709504e+02 1.52145717e+01
5.74818639e+02 1.56489428e+01
5.74927774e+02 1.62061403e+01
5.75000531e+02 1.66324055e+01
5.75146045e+02 1.75791558e+01
5.75509829e+02 2.01175277e+01
5.75689374e+02 2.12605199e+01
5.75849556e+02 2.21497794e+01
5.76009738e+02 2.29110649e+01
5.76223313e+02 2.37691491e+01
5.76650465e+02 2.52441368e+01
5.76864040e+02 2.58758459e+01
5.77024222e+02 2.62007621e+01
5.77151033e+02 2.62931256e+01
5.77237798e+02 2.62407495e+01
5.77340131e+02 2.60322254e+01
5.77438010e+02 2.56648405e+01
5.77535888e+02 2.51205316e+01
5.77633767e+02 2.43957077e+01
5.77731645e+02 2.34968751e+01
5.77829524e+02 2.24409955e+01
5.77927402e+02 2.12548568e+01
5.78074220e+02 1.93097552e+01
5.78298527e+02 1.62470188e+01
5.78410681e+02 1.48117907e+01
5.78494796e+02 1.38221342e+01
5.78558589e+02 1.31327791e+01
5.78630097e+02 1.24296798e+01
5.78701606e+02 1.18040722e+01
5.78773114e+02 1.12570251e+01
5.78844623e+02 1.07866900e+01
5.78916131e+02 1.03885716e+01
5.78987640e+02 1.00559054e+01
5.79059148e+02 9.78012696e+00
5.79135263e+02 9.53802613e+00
5.79256347e+02 9.23119293e+00
5.79521242e+02 8.67617000e+00
5.79644024e+02 8.38306961e+00
5.79766805e+02 8.03325179e+00
5.79889587e+02 7.62071156e+00
5.80012369e+02 7.15211018e+00
5.80196542e+02 6.38125880e+00
5.80383057e+02 5.58799669e+00
5.80478657e+02 5.20360750e+00
5.80574258e+02 4.84772344e+00
5.80669858e+02 4.52888057e+00
5.80733592e+02 4.34039972e+00
5.80797325e+02 4.17317732e+00
5.80852481e+02 4.04668408e+00
5.80922347e+02 3.91189408e+00
5.80992214e+02 3.80656061e+00
5.81062080e+02 3.73145754e+00
5.81131946e+02 3.68704175e+00
5.81201812e+02 3.67347605e+00
5.81257990e+02 3.68487216e+00
5.81314168e+02 3.71594855e+00
5.81370346e+02 3.76639213e+00
5.81426523e+02 3.83576529e+00
5.81482701e+02 3.92350008e+00
5.81538879e+02 4.02889026e+00
5.81613783e+02 4.19538195e+00
5.81688686e+02 4.38929522e+00
5.81763590e+02 4.60770638e+00
5.81874361e+02 4.96825311e+00
5.81984339e+02 5.35917502e+00
5.82314274e+02 6.58457392e+00
5.82455497e+02 7.06367165e+00
5.82557354e+02 7.37138288e+00
5.82659211e+02 7.64130202e+00
5.82761068e+02 7.87168105e+00
5.82862925e+02 8.06445270e+00
5.82998734e+02 8.27338756e+00
5.83270353e+02 8.62668145e+00
5.83406162e+02 8.84613543e+00
5.83518235e+02 9.09171029e+00
5.83606571e+02 9.34488984e+00
5.83694908e+02 9.66388741e+00
5.83761160e+02 9.95283272e+00
5.83827413e+02 1.02885873e+01
5.83893665e+02 1.06740010e+01
5.83959917e+02 1.11108528e+01
5.84004086e+02 1.14309871e+01
5.84092422e+02 1.21396528e+01
5.84180759e+02 1.29348685e+01
5.84280799e+02 1.39272119e+01
5.84414186e+02 1.53634804e+01
5.84647613e+02 1.79690784e+01
5.84749674e+02 1.90388762e+01
5.84855775e+02 2.00381597e+01
5.84961876e+02 2.08768519e+01
5.85032610e+02 2.13273173e+01
5.85103344e+02 2.16801744e+01
5.85174078e+02 2.19289654e+01
5.85244812e+02 2.20698496e+01
5.85302016e+02 2.21039970e+01
5.85367527e+02 2.20563671e+01
5.85454874e+02 2.18538103e+01
5.85542221e+02 2.15031497e+01
5.85629568e+02 2.10206420e+01
5.85716916e+02 2.04263864e+01
5.85804263e+02 1.97432755e+01
5.85978957e+02 1.82095747e+01
5.86211883e+02 1.61079652e+01
5.86338170e+02 1.50757901e+01
5.86422360e+02 1.44640382e+01
5.86506551e+02 1.39260547e+01
5.86590742e+02 1.34686395e+01
5.86674932e+02 1.30947522e+01
5.86759123e+02 1.28034708e+01
5.86843314e+02 1.25901228e+01
5.86926963e+02 1.24473393e+01
5.87051623e+02 1.23386673e+01
5.87176283e+02 1.23151711e+01
5.87384050e+02 1.23369301e+01
5.87550264e+02 1.23000562e+01
5.87672717e+02 1.22031557e+01
5.87795170e+02 1.20415880e+01
5.87978848e+02 1.17095550e+01
5.88162527e+02 1.13609035e+01
5.88284980e+02 1.11860835e+01
5.88376819e+02 1.11161766e+01
5.88407432e+02 1.11081095e+01
5.88499272e+02 1.11385721e+01
5.88565644e+02 1.12186021e+01
5.88637162e+02 1.13668099e+01
5.88708681e+02 1.15858311e+01
5.88780199e+02 1.18817973e+01
5.88851717e+02 1.22602398e+01
5.88923235e+02 1.27260288e+01
5.88994753e+02 1.32832734e+01
5.89066272e+02 1.39351719e+01
5.89131870e+02 1.46181404e+01
5.89191548e+02 1.53107243e+01
5.89251226e+02 1.60708467e+01
5.89340743e+02 1.73346316e+01
5.89430260e+02 1.87386063e+01
5.89519777e+02 2.02680828e+01
5.89644222e+02 2.25616810e+01
5.89968058e+02 2.88379714e+01
5.90065209e+02 3.05873422e+01
5.90160445e+02 3.21391568e+01
5.90254723e+02 3.34628695e+01
5.90349002e+02 3.45290151e+01
5.90443280e+02 3.53012217e+01
5.90506133e+02 3.56401890e+01
5.90568985e+02 3.58336150e+01
5.90622005e+02 3.58827986e+01
5.90686784e+02 3.58028419e+01
5.90773156e+02 3.54648050e+01
5.90859529e+02 3.48800715e+01
5.90945901e+02 3.40752773e+01
5.91032274e+02 3.30829988e+01
5.91118647e+02 3.19396376e+01
5.91233810e+02 3.02457795e+01
5.91614030e+02 2.42512980e+01
5.91752497e+02 2.22143556e+01
5.91890964e+02 2.03468776e+01
5.91983275e+02 1.92051206e+01
5.92075587e+02 1.81470298e+01
5.92167898e+02 1.71712871e+01
5.92260210e+02 1.62758434e+01
5.92367069e+02 1.53370307e+01
5.92473928e+02 1.45012494e+01
5.92580788e+02 1.37678967e+01
5.92687647e+02 1.31375450e+01
5.92767791e+02 1.27331201e+01
5.92847936e+02 1.23879555e+01
5.92928080e+02 1.21026441e+01
5.93008225e+02 1.18777254e+01
5.93088369e+02 1.17137038e+01
5.93152826e+02 1.16263270e+01
5.93228312e+02 1.15749415e+01
5.93266055e+02 1.15700363e+01
5.93348101e+02 1.16077245e+01
5.93430147e+02 1.17125421e+01
5.93512193e+02 1.18856620e+01
5.93594239e+02 1.21281775e+01
5.93676285e+02 1.24408156e+01
5.93758332e+02 1.28235605e+01
5.93840378e+02 1.32752213e+01
5.93922424e+02 1.37929964e+01
5.94031819e+02 1.45775761e+01
5.94141214e+02 1.54530839e+01
5.94336293e+02 1.71561463e+01
5.94531372e+02 1.88701759e+01
5.94677681e+02 2.00285900e+01
5.94775221e+02 2.06909873e+01
5.94872760e+02 2.12406189e+01
5.94981424e+02 2.17016228e+01
5.95071264e+02 2.19536494e+01
5.95161105e+02 2.20858865e+01
5.95227706e+02 2.21071050e+01
5.95327607e+02 2.20198043e+01
5.95427508e+02 2.17961879e+01
5.95527409e+02 2.14450183e+01
5.95627311e+02 2.09752193e+01
5.95727212e+02 2.03949824e+01
5.95827113e+02 1.97114659e+01
5.95927014e+02 1.89310725e+01
5.96026915e+02 1.80602025e+01
5.96160117e+02 1.67714170e+01
5.96291222e+02 1.53820496e+01
5.96452481e+02 1.35570002e+01
5.96710496e+02 1.05709345e+01
5.96823412e+02 9.32875329e+00
5.96904075e+02 8.49556879e+00
5.96964573e+02 7.90921011e+00
5.97025071e+02 7.36150625e+00
5.97085882e+02 6.85459854e+00
5.97147322e+02 6.39119911e+00
5.97208762e+02 5.98060620e+00
5.97249721e+02 5.73783755e+00
5.97290681e+02 5.52079318e+00
5.97331641e+02 5.33015293e+00
5.97372601e+02 5.16646610e+00
5.97415384e+02 5.02472749e+00
5.97459990e+02 4.90909864e+00
5.97504596e+02 4.82647393e+00
5.97549202e+02 4.77685456e+00
5.97594106e+02 4.76005249e+00
5.97639306e+02 4.77634351e+00
5.97684507e+02 4.82536545e+00
5.97729708e+02 4.90633859e+00
5.97774908e+02 5.01828878e+00
5.97820109e+02 5.16004836e+00
5.97865309e+02 5.33026071e+00
5.97910510e+02 5.52738372e+00
5.97954627e+02 5.74408451e+00
5.98019176e+02 6.10069756e+00
5.98083725e+02 6.49882815e+00
5.98148274e+02 6.93182508e+00
5.98234339e+02 7.55099890e+00
5.98554217e+02 9.98284721e+00
5.98664955e+02 1.07605399e+01
5.98754849e+02 1.13316842e+01
5.98858422e+02 1.19074253e+01
5.98961996e+02 1.23856858e+01
5.99065570e+02 1.27639236e+01
5.99169143e+02 1.30464973e+01
5.99272717e+02 1.32433498e+01
5.99387915e+02 1.33783055e+01
5.99503114e+02 1.34449779e+01
5.99579913e+02 1.34612938e+01
5.99810310e+02 1.34231368e+01
6.00042332e+02 1.32885360e+01
6.00197661e+02 1.31316477e+01
6.00352990e+02 1.28973745e+01
6.00508319e+02 1.25699222e+01
6.00663648e+02 1.21496090e+01
6.00896641e+02 1.14000157e+01
6.01051970e+02 1.08923665e+01
6.01168466e+02 1.05540460e+01
6.01284963e+02 1.02863865e+01
6.01356916e+02 1.01698636e+01
6.01428869e+02 1.00990407e+01
6.01500822e+02 1.00804388e+01
6.01572776e+02 1.01200214e+01
6.01634437e+02 1.02042650e+01
6.01696099e+02 1.03380032e+01
6.01757760e+02 1.05236285e+01
6.01819421e+02 1.07630059e+01
6.01881083e+02 1.10574263e+01
6.01942744e+02 1.14075590e+01
6.02004406e+02 1.18134062e+01
6.02066067e+02 1.22742677e+01
6.02148283e+02 1.29717385e+01
6.02230498e+02 1.37588782e+01
6.02308995e+02 1.45868787e+01
6.02426742e+02 1.59488815e+01
6.02544488e+02 1.74213721e+01
6.02858478e+02 2.15444032e+01
6.03002622e+02 2.33498586e+01
6.03146766e+02 2.49941669e+01
6.03254873e+02 2.60881250e+01
6.03362981e+02 2.70447387e+01
6.03471089e+02 2.78538300e+01
6.03579197e+02 2.85090620e+01
6.03687305e+02 2.90058718e+01
6.03795413e+02 2.93394042e+01
6.03903521e+02 2.95029307e+01
6.03939556e+02 2.95181253e+01
6.04041807e+02 2.94492146e+01
6.04132343e+02 2.92435689e+01
6.04222878e+02 2.88947601e+01
6.04313414e+02 2.83968802e+01
6.04403950e+02 2.77463713e+01
6.04494486e+02 2.69432582e+01
6.04585021e+02 2.59921904e+01
6.04675557e+02 2.49031513e+01
6.04735914e+02 2.41079373e+01
6.04856629e+02 2.23787806e+01
6.05025395e+02 1.97508094e+01
6.05217602e+02 1.66837306e+01
6.05313706e+02 1.52078977e+01
6.05405955e+02 1.38686361e+01
6.05494350e+02 1.26789107e+01
6.05560646e+02 1.18568138e+01
6.05626942e+02 1.11004840e+01
6.05693239e+02 1.04131238e+01
6.05749068e+02 9.88895472e+00
6.05816530e+02 9.32233614e+00
6.05883992e+02 8.82744426e+00
6.05951454e+02 8.40154475e+00
6.06018917e+02 8.04073565e+00
6.06086379e+02 7.74019893e+00
6.06153841e+02 7.49445440e+00
6.06221303e+02 7.29762191e+00
6.06280792e+02 7.15982313e+00
6.06358069e+02 7.02390204e+00
6.06438709e+02 6.92546409e+00
6.06519349e+02 6.86269027e+00
6.06640309e+02 6.81929240e+00
6.06680629e+02 6.81541576e+00
6.06801589e+02 6.82829207e+00
6.06922548e+02 6.87193985e+00
6.07083828e+02 6.97482154e+00
6.07204788e+02 7.08951640e+00
6.07325748e+02 7.24233490e+00
6.07446708e+02 7.43820051e+00
6.07567668e+02 7.67962826e+00
6.07648308e+02 7.86557491e+00
6.07799839e+02 8.26424163e+00
6.07951371e+02 8.71587537e+00
6.08178668e+02 9.46207149e+00
6.08405965e+02 1.02777889e+01
6.08557496e+02 1.08847054e+01
6.08671145e+02 1.13983230e+01
6.08784793e+02 1.19848605e+01
6.08860559e+02 1.24271655e+01
6.08942809e+02 1.29618426e+01
6.09025059e+02 1.35592501e+01
6.09107309e+02 1.42233803e+01
6.09189558e+02 1.49553819e+01
6.09271808e+02 1.57530380e+01
6.09395183e+02 1.70586291e+01
6.09566947e+02 1.90277351e+01
6.09760502e+02 2.12803873e+01
6.09905668e+02 2.28353352e+01
6.10002446e+02 2.37414415e+01
6.10099223e+02 2.45056115e+01
6.10196000e+02 2.51012275e+01
6.10292778e+02 2.55081938e+01
6.10389256e+02 2.57135198e+01
6.10437424e+02 2.57393328e+01
6.10517462e+02 2.56694931e+01
6.10613507e+02 2.54044935e+01
6.10709553e+02 2.49530183e+01
6.10805599e+02 2.43323201e+01
6.10901645e+02 2.35642644e+01
6.10997691e+02 2.26742217e+01
6.11125752e+02 2.13459717e+01
6.11487699e+02 1.72859660e+01
6.11613081e+02 1.59666129e+01
6.11696670e+02 1.51539553e+01
6.11780258e+02 1.44065912e+01
6.11863846e+02 1.37311530e+01
6.11947435e+02 1.31309591e+01
6.12031023e+02 1.26059501e+01
6.12114612e+02 1.21527946e+01
6.12206953e+02 1.17280321e+01
6.12299294e+02 1.13711148e+01
6.12422416e+02 1.09748758e+01
6.12791780e+02 9.97032988e+00
6.12914902e+02 9.59337214e+00
6.13038024e+02 9.16966758e+00
6.13175627e+02 8.64667336e+00
6.13441775e+02 7.58801766e+00
6.13555839e+02 7.17439341e+00
6.13631881e+02 6.93098015e+00
6.13707924e+02 6.72155988e+00
6.13779932e+02 6.55998652e+00
6.13851940e+02 6.43831930e+00
6.13923949e+02 6.35954984e+00
6.13995957e+02 6.32549769e+00
6.14069379e+02 6.33745111e+00
6.14142801e+02 6.39591196e+00
6.14216223e+02 6.49904607e+00
6.14289646e+02 6.64391170e+00
6.14363068e+02 6.82660016e+00
6.14436490e+02 7.04240027e+00
6.14546623e+02 7.41639365e+00
6.14718628e+02 8.07839928e+00
6.14921568e+02 8.88932099e+00
6.15056862e+02 9.39579084e+00
6.15192155e+02 9.84593430e+00
6.15327449e+02 1.02254604e+01
6.15462742e+02 1.05302571e+01
6.15598036e+02 1.07653973e+01
6.15784844e+02 1.09977702e+01
6.16023165e+02 1.11916397e+01
6.16261487e+02 1.13098477e+01
6.16410437e+02 1.13369563e+01
6.16559388e+02 1.13075489e+01
6.16678684e+02 1.12303523e+01
6.16798114e+02 1.10990365e+01
6.16917544e+02 1.09159341e+01
6.17275834e+02 1.02424676e+01
6.17365407e+02 1.01219184e+01
6.17454979e+02 1.00588255e+01
6.17484837e+02 1.00541022e+01
6.17544552e+02 1.00734639e+01
6.17609530e+02 1.01433623e+01
6.17673182e+02 1.02667822e+01
6.17730243e+02 1.04273640e+01
6.17787304e+02 1.06374981e+01
6.17844366e+02 1.08983349e+01
6.17901427e+02 1.12098388e+01
6.17958488e+02 1.15707045e+01
6.18044080e+02 1.21984491e+01
6.18129419e+02 1.29143462e+01
6.18214253e+02 1.36945869e+01
6.18440476e+02 1.58988994e+01
6.18553588e+02 1.69231984e+01
6.18632727e+02 1.75494671e+01
6.18711867e+02 1.80715686e+01
6.18791006e+02 1.84668320e+01
6.18870146e+02 1.87168467e+01
6.18949285e+02 1.88083673e+01
6.19024825e+02 1.87409621e+01
6.19098565e+02 1.85279876e+01
6.19172305e+02 1.81730045e+01
6.19246046e+02 1.76837222e+01
6.19319786e+02 1.70717305e+01
6.19393526e+02 1.63518854e+01
6.19467266e+02 1.55415783e+01
6.19565586e+02 1.43536330e+01
6.19713066e+02 1.24376537e+01
6.19871684e+02 1.03536716e+01
6.19962899e+02 9.20679073e+00
6.20035870e+02 8.33742727e+00
6.20104551e+02 7.56742108e+00
6.20171801e+02 6.86437399e+00
6.20222239e+02 6.37237880e+00
6.20272676e+02 5.91167760e+00
6.20323114e+02 5.48270045e+00
6.20373600e+02 5.08507434e+00
6.20424087e+02 4.71885335e+00
6.20474573e+02 4.38332710e+00
6.20525060e+02 4.07751019e+00
6.20575546e+02 3.80018750e+00
6.20620690e+02 3.57520924e+00
6.20663163e+02 3.38235693e+00
6.20705635e+02 3.20676973e+00
6.20748108e+02 3.04745925e+00
6.20790580e+02 2.90342118e+00
6.20833053e+02 2.77364532e+00
6.20875525e+02 2.65712795e+00
6.20932155e+02 2.52069279e+00
6.20988785e+02 2.40380348e+00
6.21045415e+02 2.30428890e+00
6.21105765e+02 2.21505686e+00
6.21166115e+02 2.14091705e+00
6.21226466e+02 2.07974005e+00
6.21286816e+02 2.02958779e+00
6.21367283e+02 1.97687853e+00
6.21447750e+02 1.93708106e+00
6.21528217e+02 1.90718455e+00
6.21648917e+02 1.87573996e+00
6.21769618e+02 1.85537438e+00
6.21930552e+02 1.84029741e+00
6.22031136e+02 1.83743098e+00
6.22171953e+02 1.84411881e+00
6.22292654e+02 1.86336229e+00
6.22373602e+02 1.88536996e+00
6.22455033e+02 1.91630330e+00
6.22536464e+02 1.95711204e+00
6.22617894e+02 2.00855755e+00
6.22699325e+02 2.07098897e+00
6.22780756e+02 2.14424527e+00
6.22862186e+02 2.22758649e+00
6.22984332e+02 2.36837978e+00
6.23291995e+02 2.75599342e+00
6.23394549e+02 2.87384542e+00
6.23497103e+02 2.97487573e+00
6.23574019e+02 3.03614156e+00
6.23650935e+02 3.08289006e+00
6.23727850e+02 3.11393808e+00
6.23817664e+02 3.12980202e+00
6.23838623e+02 3.13039515e+00
6.23907948e+02 3.12441336e+00
6.24011130e+02 3.09528230e+00
6.24114313e+02 3.04774041e+00
6.24320677e+02 2.93460118e+00
6.24423859e+02 2.89203673e+00
6.24501246e+02 2.87665490e+00
6.24527041e+02 2.87575640e+00
6.24604428e+02 2.88850428e+00
6.24660604e+02 2.91445529e+00
6.24715494e+02 2.95535840e+00
6.24764516e+02 3.00616174e+00
6.24813537e+02 3.07147781e+00
6.24862558e+02 3.15219224e+00
6.24911579e+02 3.24906260e+00
6.24960600e+02 3.36270747e+00
6.25009622e+02 3.49359645e+00
6.25058643e+02 3.64204096e+00
6.25103957e+02 3.79500291e+00
6.25166368e+02 4.03038413e+00
6.25228779e+02 4.29394914e+00
6.25291189e+02 4.58474605e+00
6.25353600e+02 4.90131464e+00
6.25416011e+02 5.24167467e+00
6.25483912e+02 5.63605821e+00
6.25585763e+02 6.26609107e+00
6.25789465e+02 7.60144599e+00
6.25925267e+02 8.48093576e+00
6.26033092e+02 9.13038720e+00
6.26106966e+02 9.53470472e+00
6.26180841e+02 9.89638118e+00
6.26254715e+02 1.02080774e+01
6.26328590e+02 1.04637149e+01
6.26402464e+02 1.06588059e+01
6.26476338e+02 1.07907433e+01
6.26550213e+02 1.08590300e+01
6.26602753e+02 1.08697429e+01
6.26681563e+02 1.08301493e+01
6.26760373e+02 1.07302476e+01
6.26865453e+02 1.05207008e+01
6.26970534e+02 1.02520909e+01
6.27180694e+02 9.68658426e+00
6.27259504e+02 9.51662606e+00
6.27338314e+02 9.39541994e+00
6.27409291e+02 9.34022761e+00
6.27436945e+02 9.33472273e+00
6.27501473e+02 9.36041937e+00
6.27567090e+02 9.44592794e+00
6.27624580e+02 9.57298749e+00
6.27682070e+02 9.75022591e+00
6.27739559e+02 9.97792602e+00
6.27797049e+02 1.02552498e+01
6.27854539e+02 1.05802411e+01
6.27940773e+02 1.11501416e+01
6.28031466e+02 1.18414418e+01
6.28131076e+02 1.26827566e+01
6.28396701e+02 1.50646951e+01
6.28496311e+02 1.58924433e+01
6.28583228e+02 1.65364916e+01
6.28663800e+02 1.70479580e+01
6.28744371e+02 1.74623904e+01
6.28824943e+02 1.77694225e+01
6.28905514e+02 1.79630324e+01
6.28995477e+02 1.80435788e+01
6.29002727e+02 1.80439338e+01
6.29075226e+02 1.79989710e+01
6.29162224e+02 1.78353115e+01
6.29249223e+02 1.75662490e+01
6.29365221e+02 1.70769889e+01
6.29539217e+02 1.61726919e+01
6.29713214e+02 1.52305311e+01
6.29829212e+02 1.46635973e+01
6.29927987e+02 1.42517929e+01
6.30009538e+02 1.39716182e+01
6.30091090e+02 1.37495681e+01
6.30172641e+02 1.35856890e+01
6.30264245e+02 1.34669674e+01
6.30365902e+02 1.34060314e+01
6.30416730e+02 1.33987791e+01
6.30569216e+02 1.34420716e+01
6.30874186e+02 1.36114750e+01
6.31026672e+02 1.36370957e+01
6.31169494e+02 1.35933611e+01
6.31312316e+02 1.34819956e+01
6.31502745e+02 1.32465670e+01
6.31978819e+02 1.24994658e+01
6.32169249e+02 1.22542247e+01
6.32359678e+02 1.20866596e+01
6.32550107e+02 1.20038396e+01
6.32714746e+02 1.19870872e+01
6.32879384e+02 1.19923000e+01
6.33044023e+02 1.19804258e+01
6.33208661e+02 1.19102805e+01
6.33343665e+02 1.17869704e+01
6.33478668e+02 1.15973246e+01
6.33681174e+02 1.12102327e+01
6.33883679e+02 1.07848393e+01
6.34018683e+02 1.05500357e+01
6.34119935e+02 1.04327361e+01
6.34221188e+02 1.03853460e+01
6.34308287e+02 1.04106165e+01
6.34391063e+02 1.04960349e+01
6.34473839e+02 1.06422359e+01
6.34556615e+02 1.08466908e+01
6.34639391e+02 1.11034413e+01
6.34749758e+02 1.15108795e+01
6.35080862e+02 1.28755679e+01
6.35191230e+02 1.32580978e+01
6.35300235e+02 1.35470211e+01
6.35409241e+02 1.37255122e+01
6.35509551e+02 1.37808035e+01
6.35570359e+02 1.37617299e+01
6.35658807e+02 1.36640304e+01
6.35747254e+02 1.34872939e+01
6.35835702e+02 1.32382814e+01
6.35924150e+02 1.29256238e+01
6.36056821e+02 1.23585370e+01
6.36189493e+02 1.17031576e+01
6.36366389e+02 1.07438108e+01
6.36764403e+02 8.49469512e+00
6.36897075e+02 7.78533439e+00
6.36998660e+02 7.27699989e+00
6.37100244e+02 6.80997130e+00
6.37201829e+02 6.39490201e+00
6.37269552e+02 6.15234994e+00
6.37337275e+02 5.94069894e+00
6.37404998e+02 5.76278626e+00
6.37468815e+02 5.62828955e+00
6.37528725e+02 5.53295077e+00
6.37588635e+02 5.46878613e+00
6.37648545e+02 5.43666309e+00
6.37678500e+02 5.43279044e+00
6.37743185e+02 5.45230309e+00
6.37807871e+02 5.50975972e+00
6.37872557e+02 5.60447662e+00
6.37937243e+02 5.73519891e+00
6.38001929e+02 5.90010272e+00
6.38066615e+02 6.09680949e+00
6.38131300e+02 6.32241214e+00
6.38230339e+02 6.71593115e+00
6.38333397e+02 7.17353780e+00
6.38676923e+02 8.81455159e+00
6.38779812e+02 9.26585687e+00
6.38882363e+02 9.66579444e+00
6.38984914e+02 1.00021896e+01
6.39087466e+02 1.02649443e+01
6.39190017e+02 1.04480594e+01
6.39292568e+02 1.05497931e+01
6.39374104e+02 1.05740287e+01
6.39478936e+02 1.05363415e+01
6.39541059e+02 1.04807136e+01
6.39665304e+02 1.03056905e+01
6.39789550e+02 1.00625144e+01
6.39975918e+02 9.61489362e+00
6.40410777e+02 8.47077025e+00
6.40659268e+02 7.86854602e+00
6.40907759e+02 7.32229152e+00
6.41094127e+02 6.94750008e+00
6.41280495e+02 6.61022226e+00
6.41434450e+02 6.37358610e+00
6.41549916e+02 6.23153142e+00
6.41665382e+02 6.12864705e+00
6.41780848e+02 6.07265487e+00
6.41843392e+02 6.06425152e+00
6.41927634e+02 6.07899689e+00
6.42021592e+02 6.13187396e+00
6.42115550e+02 6.22319516e+00
6.42209509e+02 6.35132544e+00
6.42272148e+02 6.45558682e+00
6.42397425e+02 6.70270286e+00
6.42585342e+02 7.13963518e+00
6.42835898e+02 7.74240618e+00
6.42957187e+02 7.99888473e+00
6.43074487e+02 8.20501147e+00
6.43191788e+02 8.36049812e+00
6.43309088e+02 8.46105388e+00
6.43424423e+02 8.50737958e+00
6.43481108e+02 8.51265966e+00
6.43651163e+02 8.47264252e+00
6.44104643e+02 8.21729752e+00
6.44274698e+02 8.16810111e+00
6.44364112e+02 8.16366477e+00
6.44542941e+02 8.19989997e+00
6.44721769e+02 8.29148468e+00
6.44900598e+02 8.43653418e+00
6.45034719e+02 8.58760310e+00
6.45168841e+02 8.78835852e+00
6.45302962e+02 9.05552409e+00
6.45392376e+02 9.27884588e+00
6.45481791e+02 9.54273835e+00
6.45571205e+02 9.84874519e+00
6.45705326e+02 1.03829900e+01
6.45869367e+02 1.11308860e+01
6.46088088e+02 1.21637665e+01
6.46197448e+02 1.26235964e+01
6.46279469e+02 1.29142516e+01
6.46361489e+02 1.31422359e+01
6.46443509e+02 1.32947450e+01
6.46532365e+02 1.33629481e+01
6.46544326e+02 1.33639130e+01
6.46629755e+02 1.33119087e+01
6.46704073e+02 1.31816370e+01
6.46778390e+02 1.29733580e+01
6.46852708e+02 1.26909207e+01
6.46927026e+02 1.23407090e+01
6.47026116e+02 1.17835317e+01
6.47125206e+02 1.11468308e+01
6.47323386e+02 9.75352444e+00
6.47426307e+02 9.03177664e+00
6.47533059e+02 8.32839587e+00
6.47613123e+02 7.84815528e+00
6.47693186e+02 7.41880635e+00
6.47773250e+02 7.04667980e+00
6.47835699e+02 6.79846597e+00
6.47907222e+02 6.56009962e+00
6.47978744e+02 6.36974714e+00
6.48050267e+02 6.22480856e+00
6.48131107e+02 6.11057004e+00
6.48176186e+02 6.06707939e+00
6.48266344e+02 6.01620117e+00
6.48356503e+02 6.00217143e+00
6.48649517e+02 6.04058057e+00
6.48762214e+02 6.02317151e+00
6.48862314e+02 5.96833091e+00
6.48944844e+02 5.88921391e+00
6.49027373e+02 5.77691463e+00
6.49109903e+02 5.63104496e+00
6.49192433e+02 5.45295485e+00
6.49274963e+02 5.24550825e+00
6.49357493e+02 5.01279721e+00
6.49467533e+02 4.67194384e+00
6.49632593e+02 4.12241035e+00
6.49814482e+02 3.51198869e+00
6.49915977e+02 3.18819564e+00
6.50017472e+02 2.88555050e+00
6.50093593e+02 2.67553785e+00
6.50172893e+02 2.47401088e+00
6.50252193e+02 2.29110209e+00
6.50331493e+02 2.12729022e+00
6.50384360e+02 2.02871966e+00
6.50437226e+02 1.93857156e+00
6.50490093e+02 1.85670829e+00
6.50552300e+02 1.77074843e+00
6.50605960e+02 1.70535946e+00
6.50659620e+02 1.64784601e+00
6.50713281e+02 1.59798207e+00
6.50766941e+02 1.55555556e+00
6.50820601e+02 1.52037771e+00
6.50874261e+02 1.49229227e+00
6.50927922e+02 1.47118172e+00
6.50981582e+02 1.45697265e+00
6.51035242e+02 1.44963851e+00
6.51066544e+02 1.44854181e+00
6.51123699e+02 1.45263423e+00
6.51175893e+02 1.46334032e+00
6.51228088e+02 1.48083190e+00
6.51280282e+02 1.50527209e+00
6.51332476e+02 1.53685120e+00
6.51384671e+02 1.57577976e+00
6.51436865e+02 1.62227984e+00
6.51489060e+02 1.67657567e+00
6.51541254e+02 1.73888334e+00
6.51593449e+02 1.80940003e+00
6.51645643e+02 1.88829201e+00
6.51697960e+02 1.97590050e+00
6.51750277e+02 2.07212158e+00
6.51802595e+02 2.17696294e+00
6.51881070e+02 2.35021765e+00
6.51959546e+02 2.54210449e+00
6.52038022e+02 2.75154809e+00
6.52136898e+02 3.03790900e+00
6.52245975e+02 3.37782248e+00
6.52427769e+02 3.97892943e+00
6.52609563e+02 4.58296864e+00
6.52737055e+02 4.98050006e+00
6.52828187e+02 5.24001448e+00
6.52919320e+02 5.47223011e+00
6.53010452e+02 5.67203164e+00
6.53101584e+02 5.83531172e+00
6.53192717e+02 5.95913516e+00
6.53283849e+02 6.04183965e+00
6.53374981e+02 6.08307196e+00
6.53420382e+02 6.08837777e+00
6.53520263e+02 6.06580690e+00
6.53629225e+02 5.99124511e+00
6.53738186e+02 5.87112976e+00
6.53810827e+02 5.76984784e+00
6.53956109e+02 5.52928979e+00
6.54246672e+02 4.98618781e+00
6.54391954e+02 4.73671993e+00
6.54500915e+02 4.57976225e+00
6.54575718e+02 4.49217063e+00
6.54652682e+02 4.42202672e+00
6.54729646e+02 4.37407882e+00
6.54806611e+02 4.34965350e+00
6.54845092e+02 4.34649189e+00
6.54912832e+02 4.35565519e+00
6.54980571e+02 4.38335229e+00
6.55082179e+02 4.45809260e+00
6.55183788e+02 4.56911216e+00
6.55285396e+02 4.71092757e+00
6.55387005e+02 4.87686960e+00
6.55590222e+02 5.25193816e+00
6.55861178e+02 5.76389573e+00
6.56080342e+02 6.13964253e+00
6.56458903e+02 6.73282563e+00
6.56610328e+02 6.99897749e+00
6.56723897e+02 7.23190857e+00
6.56837465e+02 7.50521007e+00
6.56951033e+02 7.82819387e+00
6.57064602e+02 8.20783207e+00
6.57187247e+02 8.68550023e+00
6.57281113e+02 9.09806440e+00
6.57421911e+02 9.78551195e+00
6.57609643e+02 1.07943799e+01
6.57797374e+02 1.18321606e+01
6.57930217e+02 1.25262389e+01
6.58047149e+02 1.30726802e+01
6.58164081e+02 1.35312425e+01
6.58281012e+02 1.38793983e+01
6.58358967e+02 1.40414691e+01
6.58436921e+02 1.41432885e+01
6.58514876e+02 1.41827911e+01
6.58617536e+02 1.41387958e+01
6.58720197e+02 1.39876853e+01
6.58822858e+02 1.37349956e+01
6.58925518e+02 1.33891695e+01
6.59028179e+02 1.29608055e+01
6.59130840e+02 1.24619023e+01
6.59267720e+02 1.17089915e+01
6.59404601e+02 1.08837737e+01
6.59835661e+02 8.13553044e+00
6.59964654e+02 7.35584070e+00
6.60061399e+02 6.80673853e+00
6.60158670e+02 6.29412857e+00
6.60256994e+02 5.82335574e+00
6.60322542e+02 5.53907223e+00
6.60388091e+02 5.28025068e+00
6.60453640e+02 5.04811012e+00
6.60519189e+02 4.84354624e+00
6.60584737e+02 4.66711143e+00
6.60650286e+02 4.51900771e+00
6.60709699e+02 4.40913062e+00
6.60769112e+02 4.32207253e+00
6.60828524e+02 4.25728839e+00
6.60887937e+02 4.21405488e+00
6.60963458e+02 4.18882515e+00
6.60988631e+02 4.18749341e+00
6.61064152e+02 4.20361513e+00
6.61139672e+02 4.24819245e+00
6.61215193e+02 4.31906079e+00
6.61290714e+02 4.41422715e+00
6.61366234e+02 4.53199019e+00
6.61441755e+02 4.67103157e+00
6.61542449e+02 4.88807582e+00
6.61643143e+02 5.14065175e+00
6.61735229e+02 5.40317525e+00
6.61818706e+02 5.66816771e+00
6.61902183e+02 5.96000198e+00
6.61985660e+02 6.27978402e+00
6.62069137e+02 6.62832015e+00
6.62152614e+02 7.00583385e+00
6.62277829e+02 7.62478337e+00
6.62400751e+02 8.28768285e+00
6.62558531e+02 9.19824740e+00
6.62834645e+02 1.08293202e+01
6.62952980e+02 1.14821052e+01
6.63065858e+02 1.20454728e+01
6.63176006e+02 1.25201903e+01
6.63286155e+02 1.29060003e+01
6.63396304e+02 1.31934609e+01
6.63506452e+02 1.33796247e+01
6.63579885e+02 1.34493270e+01
6.63688100e+02 1.34804815e+01
6.63796316e+02 1.34414725e+01
6.64120963e+02 1.31601348e+01
6.64229179e+02 1.31186588e+01
6.64337394e+02 1.31607494e+01
6.64418556e+02 1.32663962e+01
6.64489241e+02 1.34202673e+01
6.64576503e+02 1.36990442e+01
6.64663764e+02 1.40831056e+01
6.64751026e+02 1.45756262e+01
6.64838288e+02 1.51745771e+01
6.64925550e+02 1.58724031e+01
6.65012812e+02 1.66559738e+01
6.65143704e+02 1.79504543e+01
6.65397734e+02 2.05729366e+01
6.65499346e+02 2.15316099e+01
6.65600958e+02 2.23673647e+01
6.65677167e+02 2.28879938e+01
6.65753376e+02 2.33008599e+01
6.65829585e+02 2.35942694e+01
6.65905794e+02 2.37601330e+01
6.65956600e+02 2.37976073e+01
6.66044509e+02 2.37235746e+01
6.66132417e+02 2.34776302e+01
6.66220326e+02 2.30702705e+01
6.66308235e+02 2.25175600e+01
6.66396143e+02 2.18399578e+01
6.66484052e+02 2.10609513e+01
6.66601264e+02 1.99079001e+01
6.66937183e+02 1.63617976e+01
6.67065855e+02 1.50735742e+01
6.67194528e+02 1.38843600e+01
6.67280309e+02 1.31552009e+01
6.67366091e+02 1.24788835e+01
6.67451872e+02 1.18544520e+01
6.67537654e+02 1.12791790e+01
6.67634323e+02 1.06847782e+01
6.67741879e+02 1.00823907e+01
6.67849435e+02 9.53225506e+00
6.68010769e+02 8.78368618e+00
6.68172103e+02 8.10266507e+00
6.68333437e+02 7.47048761e+00
6.68489026e+02 6.89959213e+00
6.68633123e+02 6.40633489e+00
6.68777220e+02 5.95434447e+00
6.68873285e+02 5.68105837e+00
6.68969350e+02 5.43428743e+00
6.69065414e+02 5.21751751e+00
6.69161479e+02 5.03390987e+00
6.69251213e+02 4.89465818e+00
6.69334616e+02 4.79454834e+00
6.69418019e+02 4.72341980e+00
6.69501421e+02 4.68147006e+00
6.69575384e+02 4.66845618e+00
6.69672166e+02 4.68490958e+00
6.69768949e+02 4.73779779e+00
6.69865732e+02 4.82513363e+00
6.69962515e+02 4.94485518e+00
6.70059298e+02 5.09512144e+00
6.70156081e+02 5.27457492e+00
6.70252864e+02 5.48252923e+00
6.70349646e+02 5.71905793e+00
6.70446429e+02 5.98495413e+00
6.70543212e+02 6.28156308e+00
6.70665654e+02 6.70330795e+00
6.70755835e+02 7.04869387e+00
6.70846016e+02 7.42425625e+00
6.70981288e+02 8.04325487e+00
6.71116560e+02 8.72329202e+00
6.71296922e+02 9.70147157e+00
6.71598034e+02 1.13784926e+01
6.71718478e+02 1.20056613e+01
6.71838923e+02 1.25774374e+01
6.71959368e+02 1.30777598e+01
6.72079813e+02 1.34963604e+01
6.72200257e+02 1.38301325e+01
6.72347553e+02 1.41301206e+01
6.72504964e+02 1.43434512e+01
6.72924728e+02 1.46945898e+01
6.73134610e+02 1.49450246e+01
6.73313249e+02 1.52577556e+01
6.73730073e+02 1.61641904e+01
6.73849165e+02 1.63644883e+01
6.73968258e+02 1.64899882e+01
6.74087350e+02 1.65226924e+01
6.74203551e+02 1.64592856e+01
6.74319751e+02 1.63096999e+01
6.74668352e+02 1.56328012e+01
6.74784553e+02 1.54823865e+01
6.74862625e+02 1.54489003e+01
6.74958853e+02 1.55086613e+01
6.75016953e+02 1.56085677e+01
6.75098148e+02 1.58388290e+01
6.75179343e+02 1.61825356e+01
6.75260538e+02 1.66443097e+01
6.75341733e+02 1.72241812e+01
6.75422928e+02 1.79174754e+01
6.75504123e+02 1.87149450e+01
6.75585317e+02 1.96031362e+01
6.75709841e+02 2.11015596e+01
6.76056467e+02 2.55366480e+01
6.76186452e+02 2.70434606e+01
6.76316436e+02 2.83462016e+01
6.76410343e+02 2.91324654e+01
6.76511499e+02 2.98207702e+01
6.76612655e+02 3.03415666e+01
6.76713811e+02 3.07002349e+01
6.76823790e+02 3.09209604e+01
6.76942593e+02 3.09872353e+01
6.77120796e+02 3.08237199e+01
6.77239599e+02 3.05873906e+01
6.77477203e+02 2.99209660e+01
6.77714808e+02 2.90653383e+01
6.77893012e+02 2.82830588e+01
6.78071215e+02 2.73365060e+01
6.78249419e+02 2.61920904e+01
6.78427622e+02 2.48459976e+01
6.78605826e+02 2.33341313e+01
6.78986695e+02 1.98924387e+01
6.79147429e+02 1.85104927e+01
6.79308163e+02 1.72441199e+01
6.79415319e+02 1.64801278e+01
6.79522475e+02 1.57882679e+01
6.79619267e+02 1.52300627e+01
6.79716059e+02 1.47398123e+01
6.79812851e+02 1.43229567e+01
6.79909644e+02 1.39864144e+01
6.80006436e+02 1.37387678e+01
6.80103228e+02 1.35900858e+01
6.80183952e+02 1.35496989e+01
6.80272615e+02 1.36010879e+01
6.80334569e+02 1.37005485e+01
6.80410080e+02 1.38961686e+01
6.80485592e+02 1.41762172e+01
6.80561103e+02 1.45420190e+01
6.80636615e+02 1.49929170e+01
6.80712127e+02 1.55259476e+01
6.80787638e+02 1.61356086e+01
6.80900906e+02 1.71751608e+01
6.81013794e+02 1.83253395e+01
6.81277201e+02 2.11511448e+01
6.81390089e+02 2.22707101e+01
6.81502977e+02 2.32408678e+01
6.81591046e+02 2.38557835e+01
6.81679114e+02 2.43204640e+01
6.81767182e+02 2.46170925e+01
6.81855250e+02 2.47342578e+01
6.81932123e+02 2.46861749e+01
6.82008997e+02 2.44993296e+01
6.82085870e+02 2.41792019e+01
6.82162743e+02 2.37349753e+01
6.82265241e+02 2.29714986e+01
6.82367739e+02 2.20462737e+01
6.82470237e+02 2.10012498e+01
6.82821453e+02 1.71082842e+01
6.82931118e+02 1.59632046e+01
6.83040783e+02 1.49121958e+01
6.83150448e+02 1.39746873e+01
6.83223558e+02 1.34177521e+01
6.83326152e+02 1.27292708e+01
6.83425211e+02 1.21642538e+01
6.83524269e+02 1.16897804e+01
6.83623327e+02 1.12956747e+01
6.83722386e+02 1.09702103e+01
6.83854464e+02 1.06220421e+01
6.83986542e+02 1.03470364e+01
6.84184658e+02 1.00220684e+01
6.84316736e+02 9.83911426e+00
6.84977126e+02 8.99978985e+00
6.85175243e+02 8.70368278e+00
6.85373359e+02 8.34986828e+00
6.85503526e+02 8.07599312e+00
6.85633692e+02 7.76487255e+00
6.85763858e+02 7.41594654e+00
6.85894024e+02 7.03212124e+00
6.86089273e+02 6.40604839e+00
6.86414688e+02 5.32278909e+00
6.86535462e+02 4.94512851e+00
6.86656236e+02 4.59985898e+00
6.86736752e+02 4.39368078e+00
6.86817268e+02 4.21077265e+00
6.86897785e+02 4.05448516e+00
6.86978301e+02 3.92802975e+00
6.87038688e+02 3.85461355e+00
6.87112430e+02 3.79184961e+00
6.87166043e+02 3.76591712e+00
6.87219657e+02 3.75744354e+00
6.87273270e+02 3.76715601e+00
6.87330622e+02 3.79844150e+00
6.87387974e+02 3.85205677e+00
6.87445326e+02 3.92865371e+00
6.87502678e+02 4.02877058e+00
6.87560030e+02 4.15281158e+00
6.87617382e+02 4.30102457e+00
6.87674734e+02 4.47347728e+00
6.87732087e+02 4.67003290e+00
6.87785374e+02 4.87394355e+00
6.87865304e+02 5.21712259e+00
6.87945235e+02 5.60278746e+00
6.88025165e+02 6.02736454e+00
6.88105096e+02 6.48616371e+00
6.88209895e+02 7.12974633e+00
6.88415945e+02 8.47476219e+00
6.88570483e+02 9.48179166e+00
6.88671548e+02 1.01054284e+01
6.88772613e+02 1.06819339e+01
6.88873678e+02 1.11972600e+01
6.88974743e+02 1.16405900e+01
6.89075808e+02 1.20049598e+01
6.89176873e+02 1.22875299e+01
6.89277939e+02 1.24894848e+01
6.89379003e+02 1.26155766e+01
6.89494559e+02 1.26766214e+01
6.89517671e+02 1.26793492e+01
6.89656337e+02 1.26398144e+01
6.89748782e+02 1.25696230e+01
6.89933671e+02 1.23596476e+01
6.90303450e+02 1.18558370e+01
6.90488339e+02 1.16678542e+01
6.90627006e+02 1.16051851e+01
6.90650117e+02 1.16038210e+01
6.90765673e+02 1.16456175e+01
6.90858118e+02 1.17474625e+01
6.90931539e+02 1.18793561e+01
6.91004959e+02 1.20618257e+01
6.91078380e+02 1.22992657e+01
6.91151801e+02 1.25952480e+01
6.91225222e+02 1.29522746e+01
6.91298643e+02 1.33715503e+01
6.91372063e+02 1.38527857e+01
6.91445484e+02 1.43940433e+01
6.91528999e+02 1.50779119e+01
6.91654271e+02 1.62213735e+01
6.91779544e+02 1.74691061e+01
6.92030088e+02 2.00513393e+01
6.92149300e+02 2.11950937e+01
6.92256392e+02 2.21046907e+01
6.92363484e+02 2.28571278e+01
6.92434879e+02 2.32517133e+01
6.92506273e+02 2.35487223e+01
6.92577668e+02 2.37397671e+01
6.92662449e+02 2.38202322e+01
6.92743973e+02 2.37417709e+01
6.92832793e+02 2.34799710e+01
6.92921613e+02 2.30371553e+01
6.93010433e+02 2.24218310e+01
6.93099254e+02 2.16478912e+01
6.93188073e+02 2.07340413e+01
6.93276894e+02 1.97030021e+01
6.93395320e+02 1.81908024e+01
6.93720682e+02 1.37381370e+01
6.93809191e+02 1.25752550e+01
6.93897700e+02 1.14756931e+01
6.93986208e+02 1.04562826e+01
6.94056596e+02 9.71143711e+00
6.94126985e+02 9.03002104e+00
6.94197373e+02 8.41498878e+00
6.94267761e+02 7.86778159e+00
6.94338149e+02 7.38845597e+00
6.94388616e+02 7.08597314e+00
6.94442624e+02 6.79942685e+00
6.94496632e+02 6.55011047e+00
6.94550640e+02 6.33657058e+00
6.94604649e+02 6.15716772e+00
6.94658657e+02 6.01013549e+00
6.94712665e+02 5.89363095e+00
6.94766673e+02 5.80578587e+00
6.94822106e+02 5.74348470e+00
6.94878964e+02 5.70689030e+00
6.94935823e+02 5.69598185e+00
6.95021110e+02 5.72378224e+00
6.95106398e+02 5.79970964e+00
6.95191686e+02 5.91908582e+00
6.95276974e+02 6.07806369e+00
6.95362261e+02 6.27349387e+00
6.95447549e+02 6.50271488e+00
6.95532837e+02 6.76328915e+00
6.95646554e+02 7.15511596e+00
6.95747519e+02 7.54030544e+00
6.95879842e+02 8.08706407e+00
6.96232701e+02 9.62132053e+00
6.96365023e+02 1.01443878e+01
6.96466535e+02 1.04945493e+01
6.96581344e+02 1.08186884e+01
6.96667451e+02 1.10025517e+01
6.96753558e+02 1.11302971e+01
6.96839665e+02 1.11994058e+01
6.96898037e+02 1.12127489e+01
6.96987047e+02 1.11826318e+01
6.97076056e+02 1.10959720e+01
6.97165065e+02 1.09603823e+01
6.97283744e+02 1.07215130e+01
6.97580442e+02 1.00327732e+01
6.97699121e+02 9.81381566e+00
6.97788130e+02 9.70237439e+00
6.97856141e+02 9.65595862e+00
6.97894481e+02 9.64639991e+00
6.97971163e+02 9.66602093e+00
6.98040237e+02 9.73011596e+00
6.98109312e+02 9.83942012e+00
6.98178387e+02 9.99373070e+00
6.98247461e+02 1.01914987e+01
6.98351073e+02 1.05630283e+01
6.98454685e+02 1.10108159e+01
6.98523759e+02 1.13419463e+01
6.98845154e+02 1.29930716e+01
6.98952285e+02 1.34906154e+01
6.99059416e+02 1.39135611e+01
6.99166548e+02 1.42379159e+01
6.99246896e+02 1.44050642e+01
6.99327245e+02 1.45006694e+01
6.99380811e+02 1.45229438e+01
6.99475210e+02 1.44801530e+01
6.99569609e+02 1.43341004e+01
6.99664008e+02 1.40902192e+01
6.99758407e+02 1.37578552e+01
6.99852806e+02 1.33497601e+01
6.99947205e+02 1.28814334e+01
7.00136003e+02 1.18350900e+01
7.00324801e+02 1.07667223e+01
7.00425902e+02 1.02346946e+01
7.00540404e+02 9.69538450e+00
7.00616739e+02 9.38290708e+00
7.00693074e+02 9.11335233e+00
7.00769409e+02 8.88967223e+00
7.00845744e+02 8.71343216e+00
7.00922079e+02 8.58487205e+00
7.00998414e+02 8.50301769e+00
7.01079936e+02 8.46485621e+00
7.01107110e+02 8.46286223e+00
7.01188633e+02 8.48687392e+00
7.01270155e+02 8.55214223e+00
7.01378851e+02 8.69434935e+00
7.01487548e+02 8.88786403e+00
7.01650592e+02 9.24715167e+00
7.01867985e+02 9.79845388e+00
7.02302771e+02 1.09320659e+01
7.02520164e+02 1.14542016e+01
7.02737557e+02 1.19254635e+01
7.02932616e+02 1.22877712e+01
7.03078910e+02 1.25056601e+01
7.03225204e+02 1.26598147e+01
7.03371498e+02 1.27312621e+01
7.03420263e+02 1.27333197e+01
7.03554101e+02 1.26754756e+01
7.03663024e+02 1.25540833e+01
7.03771948e+02 1.23624444e+01
7.03880871e+02 1.21006923e+01
7.03989795e+02 1.17727322e+01
7.04098718e+02 1.13863745e+01
7.04243949e+02 1.08005992e+01
7.04607028e+02 9.21063368e+00
7.04739146e+02 8.67432407e+00
7.04858151e+02 8.24101564e+00
7.04977157e+02 7.86399255e+00
7.05096162e+02 7.54533603e+00
7.05215167e+02 7.28074541e+00
7.05334172e+02 7.06049512e+00
7.05512680e+02 6.78306724e+00
7.05756195e+02 6.42390614e+00
7.05880704e+02 6.21720888e+00
7.06005213e+02 5.98352421e+00
7.06129723e+02 5.72134806e+00
7.06316487e+02 5.28524222e+00
7.06565506e+02 4.68002680e+00
7.06710198e+02 4.35577936e+00
7.06792635e+02 4.19124299e+00
7.06875072e+02 4.04626541e+00
7.06957509e+02 3.92438470e+00
7.07039946e+02 3.82879910e+00
7.07101774e+02 3.77610721e+00
7.07163602e+02 3.74093868e+00
7.07225430e+02 3.72432900e+00
7.07246039e+02 3.72308713e+00
7.07287257e+02 3.72725701e+00
7.07359550e+02 3.75671399e+00
7.07431843e+02 3.81561956e+00
7.07486063e+02 3.87998491e+00
7.07540282e+02 3.96231648e+00
7.07594502e+02 4.06320679e+00
7.07648722e+02 4.18323917e+00
7.07702941e+02 4.32298245e+00
7.07757161e+02 4.48298069e+00
7.07811381e+02 4.66373941e+00
7.07865600e+02 4.86571166e+00
7.07920504e+02 5.09223849e+00
7.07975407e+02 5.34120820e+00
7.08030311e+02 5.61280307e+00
7.08112666e+02 6.06265628e+00
7.08195022e+02 6.56286971e+00
7.08277377e+02 7.11184214e+00
7.08357942e+02 7.69342122e+00
7.08464169e+02 8.52105252e+00
7.08570396e+02 9.40679572e+00
7.08729736e+02 1.08097506e+01
7.08987285e+02 1.31076395e+01
7.09097663e+02 1.40348032e+01
7.09208041e+02 1.48884625e+01
7.09318419e+02 1.56433071e+01
7.09412068e+02 1.61894779e+01
7.09505718e+02 1.66368627e+01
7.09599367e+02 1.69764539e+01
7.09693016e+02 1.72019385e+01
7.09786666e+02 1.73098072e+01
7.09817882e+02 1.73194236e+01
7.09911077e+02 1.72703401e+01
7.10004272e+02 1.71071703e+01
7.10097467e+02 1.68349881e+01
7.10190661e+02 1.64609149e+01
7.10283856e+02 1.59938129e+01
7.10377051e+02 1.54439705e+01
7.10501310e+02 1.46019909e+01
7.10625570e+02 1.36625418e+01
7.10811959e+02 1.21381496e+01
7.11084766e+02 9.85488129e+00
7.11193889e+02 8.98484414e+00
7.11302829e+02 8.16741601e+00
7.11384396e+02 7.59771434e+00
7.11465964e+02 7.07007344e+00
7.11547531e+02 6.58868632e+00
7.11629099e+02 6.15673784e+00
7.11683477e+02 5.89733953e+00
7.11748310e+02 5.61856653e+00
7.11813143e+02 5.37319243e+00
7.11877976e+02 5.16107429e+00
7.11942809e+02 4.98168779e+00
7.12007642e+02 4.83415069e+00
7.12072475e+02 4.71725407e+00
7.12137308e+02 4.62949398e+00
7.12202140e+02 4.56910958e+00
7.12273254e+02 4.53200198e+00
7.12344367e+02 4.52258966e+00
7.12415481e+02 4.53782495e+00
7.12486595e+02 4.57453433e+00
7.12593265e+02 4.66278736e+00
7.12699935e+02 4.78124507e+00
7.12771049e+02 4.87184796e+00
7.13126617e+02 5.36574507e+00
7.13339957e+02 5.62961359e+00
7.13908144e+02 6.19098521e+00
7.14050191e+02 6.36984476e+00
7.14156726e+02 6.53902250e+00
7.14263261e+02 6.74756669e+00
7.14369796e+02 7.00244852e+00
7.14476331e+02 7.30854518e+00
7.14576389e+02 7.64462382e+00
7.14676446e+02 8.02699118e+00
7.14776504e+02 8.45212786e+00
7.14926590e+02 9.15566184e+00
7.15328617e+02 1.11748028e+01
7.15484096e+02 1.18805076e+01
7.15587749e+02 1.22936969e+01
7.15691401e+02 1.26508490e+01
7.15795054e+02 1.29468091e+01
7.15898707e+02 1.31797520e+01
7.16002359e+02 1.33509326e+01
7.16106012e+02 1.34641382e+01
7.16257078e+02 1.35370422e+01
7.16287291e+02 1.35400418e+01
7.16468571e+02 1.34906620e+01
7.16649850e+02 1.33477760e+01
7.16831129e+02 1.31343584e+01
7.17072835e+02 1.27659386e+01
7.17616673e+02 1.17853367e+01
7.17797953e+02 1.15116278e+01
7.17979232e+02 1.13211413e+01
7.18116456e+02 1.12482872e+01
7.18193254e+02 1.12371062e+01
7.18329282e+02 1.12702497e+01
7.18465310e+02 1.13679140e+01
7.18646680e+02 1.15834542e+01
7.18918736e+02 1.20208072e+01
7.19190792e+02 1.24635770e+01
7.19372162e+02 1.26843942e+01
7.19508190e+02 1.27831416e+01
7.19644218e+02 1.28136843e+01
7.19773580e+02 1.27779924e+01
7.19902941e+02 1.26855143e+01
7.20161664e+02 1.23916387e+01
7.20355706e+02 1.21640200e+01
7.20485068e+02 1.20540725e+01
7.20614429e+02 1.20002350e+01
7.20679110e+02 1.19981018e+01
7.20816479e+02 1.20507814e+01
7.20953848e+02 1.21755504e+01
7.21159902e+02 1.24587097e+01
7.21365956e+02 1.27786820e+01
7.21572009e+02 1.30483392e+01
7.21778063e+02 1.32145052e+01
7.22001280e+02 1.32750397e+01
7.22045923e+02 1.32758430e+01
7.22885419e+02 1.31713173e+01
7.23042644e+02 1.31055292e+01
7.23201193e+02 1.29692741e+01
7.23321097e+02 1.28029675e+01
7.23441001e+02 1.25731913e+01
7.23560905e+02 1.22768595e+01
7.23680809e+02 1.19162466e+01
7.23840681e+02 1.13493428e+01
7.24080489e+02 1.03815638e+01
7.24320297e+02 9.40023390e+00
7.24446056e+02 8.92927477e+00
7.24583524e+02 8.47520104e+00
7.24675169e+02 8.21509468e+00
7.24766814e+02 7.99210263e+00
7.24858459e+02 7.80689286e+00
7.24950104e+02 7.65845465e+00
7.25041750e+02 7.54423272e+00
7.25133395e+02 7.46034967e+00
7.25286626e+02 7.37415228e+00
7.25439856e+02 7.33257880e+00
7.25853061e+02 7.25880871e+00
7.26280034e+02 7.12459311e+00
7.26386777e+02 7.11366923e+00
7.26493520e+02 7.12928778e+00
7.26600263e+02 7.18017056e+00
7.26691397e+02 7.25691788e+00
7.26782530e+02 7.36759301e+00
7.26873663e+02 7.51363222e+00
7.26964797e+02 7.69476756e+00
7.27101497e+02 8.02759819e+00
7.27238196e+02 8.42205002e+00
7.27424575e+02 9.02683496e+00
7.27805559e+02 1.03228805e+01
7.28091297e+02 1.12266985e+01
7.28377034e+02 1.20419439e+01
7.28567526e+02 1.25254298e+01
7.28758018e+02 1.29300874e+01
7.28895898e+02 1.31475950e+01
7.29023802e+02 1.32728344e+01
7.29138382e+02 1.33104516e+01
7.29260341e+02 1.32653237e+01
7.29392344e+02 1.31160764e+01
7.29524346e+02 1.28713400e+01
7.29656349e+02 1.25520894e+01
7.29986355e+02 1.16608094e+01
7.30085357e+02 1.14445665e+01
7.30184359e+02 1.12876259e+01
7.30250360e+02 1.12253427e+01
7.30333109e+02 1.12041859e+01
7.30415857e+02 1.12546120e+01
7.30491076e+02 1.13688100e+01
7.30566294e+02 1.15526280e+01
7.30641512e+02 1.18091776e+01
7.30716731e+02 1.21403056e+01
7.30791949e+02 1.25465965e+01
7.30867168e+02 1.30274072e+01
7.30942386e+02 1.35809330e+01
7.31017604e+02 1.42042959e+01
7.31110726e+02 1.50669638e+01
7.31203847e+02 1.60217144e+01
7.31328009e+02 1.74195222e+01
7.31452170e+02 1.89341447e+01
7.31638413e+02 2.13596746e+01
7.32079527e+02 2.73007383e+01
7.32285412e+02 2.98867636e+01
7.32422668e+02 3.14438267e+01
7.32559925e+02 3.28076363e+01
7.32662867e+02 3.36683155e+01
7.32765810e+02 3.43600478e+01
7.32868752e+02 3.48550898e+01
7.32971695e+02 3.51265828e+01
7.33040323e+02 3.51713400e+01
7.33137056e+02 3.50361162e+01
7.33221372e+02 3.47205393e+01
7.33305687e+02 3.42162951e+01
7.33390002e+02 3.35235345e+01
7.33474317e+02 3.26471056e+01
7.33558633e+02 3.15967028e+01
7.33642948e+02 3.03867522e+01
7.33727263e+02 2.90360412e+01
7.33839684e+02 2.70555144e+01
7.33952104e+02 2.49262026e+01
7.34258921e+02 1.88890536e+01
7.34359164e+02 1.70024817e+01
7.34451101e+02 1.53652938e+01
7.34534732e+02 1.39727298e+01
7.34597455e+02 1.29969179e+01
7.34660178e+02 1.20844575e+01
7.34722901e+02 1.12381708e+01
7.34791561e+02 1.03896416e+01
7.34839312e+02 9.84793028e+00
7.34887064e+02 9.34585096e+00
7.34934815e+02 8.88299463e+00
7.34982567e+02 8.45869170e+00
7.35030318e+02 8.07204624e+00
7.35078070e+02 7.72196241e+00
7.35125821e+02 7.40717997e+00
7.35180923e+02 7.08598814e+00
7.35236025e+02 6.80763432e+00
7.35291126e+02 6.56968954e+00
7.35346228e+02 6.36966065e+00
7.35401330e+02 6.20504290e+00
7.35456432e+02 6.07336742e+00
7.35511533e+02 5.97224282e+00
7.35566635e+02 5.89939072e+00
7.35626830e+02 5.84960518e+00
7.35702074e+02 5.82736363e+00
7.35777317e+02 5.84544784e+00
7.35867610e+02 5.91510537e+00
7.35957902e+02 6.03211168e+00
7.36048195e+02 6.19234056e+00
7.36138487e+02 6.39260810e+00
7.36228780e+02 6.63034166e+00
7.36319072e+02 6.90319363e+00
7.36409364e+02 7.20863269e+00
7.36529754e+02 7.66107024e+00
7.36658388e+02 8.19083916e+00
7.36958534e+02 9.50772681e+00
7.37087167e+02 1.00452587e+01
7.37215801e+02 1.05242945e+01
7.37324990e+02 1.08637971e+01
7.37434179e+02 1.11261867e+01
7.37516070e+02 1.12660480e+01
7.37597962e+02 1.13544051e+01
7.37699062e+02 1.13921829e+01
7.37807576e+02 1.13495313e+01
7.37900588e+02 1.12524248e+01
7.38024604e+02 1.10548798e+01
7.38334643e+02 1.04271939e+01
7.38458659e+02 1.02182826e+01
7.38551671e+02 1.01083504e+01
7.38644683e+02 1.00499729e+01
7.38683896e+02 1.00425610e+01
7.38774288e+02 1.00665110e+01
7.38876643e+02 1.01631950e+01
7.38978998e+02 1.03296622e+01
7.39081352e+02 1.05560538e+01
7.39234885e+02 1.09741218e+01
7.39490772e+02 1.17088216e+01
7.39586696e+02 1.19365538e+01
7.39676189e+02 1.21010814e+01
7.39765683e+02 1.22069960e+01
7.39855176e+02 1.22447097e+01
7.39947829e+02 1.22047388e+01
7.40043643e+02 1.20747202e+01
7.40139456e+02 1.18542136e+01
7.40235269e+02 1.15468219e+01
7.40331083e+02 1.11596955e+01
7.40426896e+02 1.07029322e+01
7.40522709e+02 1.01888518e+01
7.40666429e+02 9.34053137e+00
7.41005225e+02 7.22635784e+00
7.41118157e+02 6.55790902e+00
7.41221501e+02 5.98482187e+00
7.41299009e+02 5.58433985e+00
7.41376518e+02 5.21177330e+00
7.41454026e+02 4.86878918e+00
7.41531534e+02 4.55635669e+00
7.41607343e+02 4.28066711e+00
7.41683152e+02 4.03436772e+00
7.41758961e+02 3.81686729e+00
7.41834769e+02 3.62723022e+00
7.41910578e+02 3.46424245e+00
7.41986387e+02 3.32647628e+00
7.42062196e+02 3.21234599e+00
7.42138004e+02 3.12016093e+00
7.42221546e+02 3.04189673e+00
7.42305087e+02 2.98581085e+00
7.42396959e+02 2.94700786e+00
7.42469317e+02 2.93150299e+00
7.42528107e+02 2.92770976e+00
7.42614032e+02 2.93505680e+00
7.42722568e+02 2.96418274e+00
7.42831104e+02 3.01376283e+00
7.42939640e+02 3.08345675e+00
7.43048176e+02 3.17471873e+00
7.43156712e+02 3.29093728e+00
7.43229070e+02 3.38483311e+00
7.43301427e+02 3.49417067e+00
7.43373784e+02 3.62127498e+00
7.43446142e+02 3.76870936e+00
7.43518499e+02 3.93919202e+00
7.43589355e+02 4.13114119e+00
7.43660210e+02 4.35040060e+00
7.43731065e+02 4.59934956e+00
7.43801921e+02 4.88007659e+00
7.43872776e+02 5.19425595e+00
7.43943632e+02 5.54302651e+00
7.44014487e+02 5.92687821e+00
7.44085343e+02 6.34555082e+00
7.44157596e+02 6.80720357e+00
7.44229849e+02 7.30181399e+00
7.44326186e+02 8.00704882e+00
7.44422523e+02 8.75513226e+00
7.44742454e+02 1.13636926e+01
7.44851159e+02 1.22141961e+01
7.44945065e+02 1.29002089e+01
7.45063725e+02 1.36769365e+01
7.45142831e+02 1.41265653e+01
7.45221938e+02 1.45143160e+01
7.45301045e+02 1.48358821e+01
7.45380151e+02 1.50888807e+01
7.45459258e+02 1.52729091e+01
7.45538364e+02 1.53894965e+01
7.45631977e+02 1.54449816e+01
7.45725590e+02 1.54189790e+01
7.45819203e+02 1.53220140e+01
7.45959622e+02 1.50697537e+01
7.46100041e+02 1.47259847e+01
7.46287267e+02 1.41876597e+01
7.46661718e+02 1.30155329e+01
7.46848944e+02 1.23895098e+01
7.47036169e+02 1.17027807e+01
7.47183876e+02 1.11011134e+01
7.47331583e+02 1.04431659e+01
7.47577761e+02 9.25526297e+00
7.47774704e+02 8.29772066e+00
7.47904888e+02 7.71046416e+00
7.47985836e+02 7.37908944e+00
7.48066784e+02 7.08169385e+00
7.48147732e+02 6.82426763e+00
7.48228680e+02 6.61187965e+00
7.48309628e+02 6.44845826e+00
7.48370339e+02 6.35965360e+00
7.48431050e+02 6.30047455e+00
7.48502194e+02 6.26894931e+00
7.48516661e+02 6.26749076e+00
7.48574526e+02 6.27807657e+00
7.48661324e+02 6.34153009e+00
7.48748122e+02 6.45801488e+00
7.48834920e+02 6.62149589e+00
7.48921719e+02 6.82459689e+00
7.49008517e+02 7.05893569e+00
7.49182113e+02 7.58503998e+00
7.49413574e+02 8.29993062e+00
7.49528636e+02 8.61921686e+00
7.49643698e+02 8.89610681e+00
7.49758759e+02 9.12215449e+00
7.49873820e+02 9.29331844e+00
7.49988882e+02 9.40956194e+00
7.50130942e+02 9.48227687e+00
7.50234648e+02 9.49150955e+00
7.50390207e+02 9.44745529e+00
7.50545766e+02 9.34714553e+00
7.50753178e+02 9.14344588e+00
7.50908738e+02 8.94258997e+00
7.51064297e+02 8.69759862e+00
7.51219856e+02 8.40290722e+00
7.51375415e+02 8.05443087e+00
7.51530974e+02 7.65375304e+00
7.51686533e+02 7.21160615e+00
7.51941359e+02 6.45987697e+00
7.52068772e+02 6.11287222e+00
7.52153713e+02 5.90884190e+00
7.52238655e+02 5.73594333e+00
7.52323597e+02 5.60217951e+00
7.52394122e+02 5.52638783e+00
7.52450230e+02 5.49188896e+00
7.52499325e+02 5.48206906e+00
7.52562447e+02 5.49923495e+00
7.52619677e+02 5.54530161e+00
7.52678030e+02 5.62337740e+00
7.52736383e+02 5.73367720e+00
7.52794736e+02 5.87658726e+00
7.52853090e+02 6.05202246e+00
7.52911443e+02 6.25939651e+00
7.52969796e+02 6.49760250e+00
7.53028149e+02 6.76500079e+00
7.53091272e+02 7.08460345e+00
7.53159166e+02 7.45969054e+00
7.53261007e+02 8.07187366e+00
7.53430741e+02 9.17051222e+00
7.53600476e+02 1.02651898e+01
7.53708726e+02 1.09035567e+01
7.53816977e+02 1.14579177e+01
7.53889144e+02 1.17670663e+01
7.53961311e+02 1.20198308e+01
7.54033478e+02 1.22108613e+01
7.54105645e+02 1.23363930e+01
7.54191477e+02 1.23976975e+01
7.54205142e+02 1.23985878e+01
7.54287133e+02 1.23534734e+01
7.54369124e+02 1.22247434e+01
7.54451114e+02 1.20185562e+01
7.54533105e+02 1.17435381e+01
7.54615096e+02 1.14103638e+01
7.54724417e+02 1.08969172e+01
7.55052380e+02 9.18088845e+00
7.55173689e+02 8.59327848e+00
7.55254562e+02 8.24145749e+00
7.55335436e+02 7.92864345e+00
7.55416309e+02 7.65860297e+00
7.55497182e+02 7.43308457e+00
7.55578055e+02 7.25194452e+00
7.55658928e+02 7.11335820e+00
7.55736834e+02 7.01709529e+00
7.55821149e+02 6.94960259e+00
7.55933570e+02 6.90933839e+00
7.55989780e+02 6.90651277e+00
7.56102201e+02 6.92683649e+00
7.56270832e+02 7.00053770e+00
7.56495673e+02 7.14489498e+00
7.56672544e+02 7.30195910e+00
7.56801444e+02 7.46554740e+00
7.56903752e+02 7.64444992e+00
7.56979468e+02 7.81507563e+00
7.57055184e+02 8.02596918e+00
7.57130901e+02 8.28408729e+00
7.57206617e+02 8.59604583e+00
7.57282333e+02 8.96776601e+00
7.57358049e+02 9.40412436e+00
7.57433765e+02 9.90860781e+00
7.57501860e+02 1.04220161e+01
7.57562334e+02 1.09253873e+01
7.57653046e+02 1.17616936e+01
7.57743757e+02 1.26887226e+01
7.57834469e+02 1.36943902e+01
7.57955418e+02 1.51278513e+01
7.58216416e+02 1.83350223e+01
7.58346915e+02 1.98341093e+01
7.58444790e+02 2.08412378e+01
7.58530794e+02 2.16129902e+01
7.58610863e+02 2.22175684e+01
7.58690933e+02 2.26984275e+01
7.58771002e+02 2.30453066e+01
7.58851071e+02 2.32515306e+01
7.58932428e+02 2.33140604e+01
7.59016360e+02 2.32244320e+01
7.59100291e+02 2.29838206e+01
7.59184223e+02 2.26019704e+01
7.59268155e+02 2.20922983e+01
7.59352086e+02 2.14712736e+01
7.59463995e+02 2.05028086e+01
7.59575904e+02 1.94188047e+01
7.59877309e+02 1.63168445e+01
7.59993689e+02 1.51922036e+01
7.60110070e+02 1.41768890e+01
7.60187657e+02 1.35776333e+01
7.60265244e+02 1.30495471e+01
7.60342831e+02 1.25981555e+01
7.60420419e+02 1.22269227e+01
7.60508412e+02 1.19045678e+01
7.60596406e+02 1.16858535e+01
7.60682754e+02 1.15676803e+01
7.60765811e+02 1.15375399e+01
7.60848868e+02 1.15806531e+01
7.60931925e+02 1.16865731e+01
7.61042668e+02 1.19046742e+01
7.61208782e+02 1.23327192e+01
7.61430267e+02 1.29244226e+01
7.61541010e+02 1.31645952e+01
7.61667795e+02 1.33564834e+01
7.61762884e+02 1.34300225e+01
7.61823904e+02 1.34428316e+01
7.61911873e+02 1.34131906e+01
7.62029165e+02 1.32878232e+01
7.62146458e+02 1.30730413e+01
7.62263751e+02 1.27833882e+01
7.62420141e+02 1.23121687e+01
7.62811116e+02 1.09924077e+01
7.62967506e+02 1.05143574e+01
7.63117088e+02 1.01279779e+01
7.63224170e+02 9.90572485e+00
7.63331251e+02 9.73600924e+00
7.63438332e+02 9.62417390e+00
7.63545413e+02 9.57466548e+00
7.63581107e+02 9.57264226e+00
7.63690584e+02 9.61306820e+00
7.63801261e+02 9.72679373e+00
7.63911937e+02 9.91414824e+00
7.64022613e+02 1.01736281e+01
7.64133289e+02 1.05017120e+01
7.64243965e+02 1.08928670e+01
7.64354641e+02 1.13396994e+01
7.64502209e+02 1.20064163e+01
7.64723561e+02 1.31081051e+01
7.65093007e+02 1.49945722e+01
7.65240838e+02 1.56865371e+01
7.65388669e+02 1.63010939e+01
7.65536500e+02 1.68096610e+01
7.65647373e+02 1.71040430e+01
7.65758247e+02 1.73104472e+01
7.65869120e+02 1.74177585e+01
7.65906078e+02 1.74298151e+01
7.66013841e+02 1.73934677e+01
7.66115382e+02 1.72584310e+01
7.66216924e+02 1.70239545e+01
7.66318465e+02 1.66917081e+01
7.66420007e+02 1.62669145e+01
7.66521548e+02 1.57584132e+01
7.66656937e+02 1.49717681e+01
7.66792326e+02 1.40949749e+01
7.67111574e+02 1.19144244e+01
7.67256986e+02 1.09785328e+01
7.67353928e+02 1.04024864e+01
7.67450869e+02 9.87268348e+00
7.67547810e+02 9.39225729e+00
7.67644752e+02 8.96116887e+00
7.67741693e+02 8.57655585e+00
7.67875482e+02 8.11229408e+00
7.67986025e+02 7.77528787e+00
7.68133415e+02 7.37111736e+00
7.68428196e+02 6.63581027e+00
7.68649282e+02 6.10967197e+00
7.68796673e+02 5.78197842e+00
7.68907216e+02 5.56215983e+00
7.69017759e+02 5.37686758e+00
7.69109072e+02 5.25831015e+00
7.69200385e+02 5.17796104e+00
7.69268870e+02 5.14632752e+00
7.69314527e+02 5.14006272e+00
7.69383012e+02 5.15418046e+00
7.69452848e+02 5.19880378e+00
7.69522685e+02 5.27473776e+00
7.69592522e+02 5.38212378e+00
7.69662358e+02 5.52041330e+00
7.69732195e+02 5.68835500e+00
7.69802031e+02 5.88400355e+00
7.69906786e+02 6.22356005e+00
7.70014431e+02 6.61930763e+00
7.70159884e+02 7.20291730e+00
7.70378063e+02 8.09913152e+00
7.70523515e+02 8.65048014e+00
7.70629242e+02 9.00442731e+00
7.70734968e+02 9.30819957e+00
7.70840695e+02 9.55623971e+00
7.70946421e+02 9.74689482e+00
7.71052147e+02 9.88225037e+00
7.71187856e+02 9.98372699e+00
7.71351114e+02 1.00206071e+01
7.71489255e+02 1.00024443e+01
7.71790655e+02 9.88873858e+00
7.72059340e+02 9.73643247e+00
7.72227559e+02 9.58908256e+00
7.72340809e+02 9.44874095e+00
7.72454059e+02 9.26410532e+00
7.72567308e+02 9.02770934e+00
7.72680558e+02 8.73555793e+00
7.72793808e+02 8.38811511e+00
7.72907058e+02 7.99078356e+00
7.73076932e+02 7.32488490e+00
7.73312932e+02 6.35270372e+00
7.73432515e+02 5.88869067e+00
7.73522203e+02 5.57236693e+00
7.73611890e+02 5.29329511e+00
7.73686657e+02 5.09487856e+00
7.73761425e+02 4.93173497e+00
7.73836192e+02 4.80694418e+00
7.73910959e+02 4.72274414e+00
7.73960804e+02 4.68986654e+00
7.74022419e+02 4.67526678e+00
7.74085974e+02 4.69031443e+00
7.74142468e+02 4.72897227e+00
7.74198962e+02 4.79076978e+00
7.74274288e+02 4.90757316e+00
7.74349613e+02 5.06109310e+00
7.74424939e+02 5.24785194e+00
7.74500264e+02 5.46378839e+00
7.74613252e+02 5.83238822e+00
7.74731605e+02 6.25972397e+00
7.75007763e+02 7.31005503e+00
7.75165567e+02 7.87324669e+00
7.75285743e+02 8.25629791e+00
7.75409565e+02 8.59795626e+00
7.75533386e+02 8.88107844e+00
7.75657207e+02 9.10702808e+00
7.75822302e+02 9.33346847e+00
7.76151119e+02 9.67840920e+00
7.76298881e+02 9.88425018e+00
7.76383645e+02 1.00453157e+01
7.76468410e+02 1.02505521e+01
7.76553174e+02 1.05102361e+01
7.76637939e+02 1.08342933e+01
7.76722703e+02 1.12319568e+01
7.76807468e+02 1.17113945e+01
7.76892232e+02 1.22793143e+01
7.76976997e+02 1.29405593e+01
7.77066429e+02 1.37422177e+01
7.77155862e+02 1.46504947e+01
7.77245295e+02 1.56616472e+01
7.77334727e+02 1.67680530e+01
7.77453971e+02 1.83708159e+01
7.77598756e+02 2.04604097e+01
7.77888326e+02 2.47515372e+01
7.78033111e+02 2.67352044e+01
7.78148388e+02 2.81386175e+01
7.78263665e+02 2.93341002e+01
7.78378942e+02 3.02838015e+01
7.78455793e+02 3.07669600e+01
7.78532644e+02 3.11244024e+01
7.78609495e+02 3.13540926e+01
7.78714834e+02 3.14625563e+01
7.78826356e+02 3.13260787e+01
7.78915574e+02 3.10423595e+01
7.79004791e+02 3.06165457e+01
7.79138618e+02 2.97426293e+01
7.79272444e+02 2.86329632e+01
7.79361661e+02 2.77884477e+01
7.79540096e+02 2.59154403e+01
7.79807749e+02 2.28412717e+01
7.80150156e+02 1.88368198e+01
7.80299665e+02 1.71629123e+01
7.80449174e+02 1.55753928e+01
7.80561306e+02 1.44566889e+01
7.80673437e+02 1.34106299e+01
7.80799377e+02 1.23334388e+01
7.80883336e+02 1.16779214e+01
7.80967296e+02 1.10755727e+01
7.81051256e+02 1.05283214e+01
7.81135215e+02 1.00373399e+01
7.81219175e+02 9.60295894e+00
7.81303134e+02 9.22459965e+00
7.81374003e+02 8.94774739e+00
7.81460670e+02 8.65988872e+00
7.81547336e+02 8.42453244e+00
7.81634003e+02 8.23738415e+00
7.81691781e+02 8.13698392e+00
7.81807337e+02 7.98758459e+00
7.81937864e+02 7.88771096e+00
7.82068391e+02 7.84416702e+00
7.82155409e+02 7.83921737e+00
7.82329446e+02 7.87437620e+00
7.82503482e+02 7.96451868e+00
7.82634009e+02 8.07512516e+00
7.82764536e+02 8.23606564e+00
7.82851555e+02 8.37962728e+00
7.82938573e+02 8.55878390e+00
7.83025591e+02 8.77930695e+00
7.83112609e+02 9.04668747e+00
7.83199627e+02 9.36577994e+00
7.83289762e+02 9.75495972e+00
7.83379896e+02 1.02066840e+01
7.83470030e+02 1.07221322e+01
7.83560164e+02 1.13005676e+01
7.83650298e+02 1.19392277e+01
7.83740432e+02 1.26332913e+01
7.83875634e+02 1.37628093e+01
7.84051685e+02 1.53448338e+01
7.84269993e+02 1.73555830e+01
7.84444639e+02 1.88777523e+01
7.84575624e+02 1.98973791e+01
7.84684608e+02 2.06297873e+01
7.84782592e+02 2.11771564e+01
7.84880577e+02 2.16033082e+01
7.84978561e+02 2.18953350e+01
7.85076545e+02 2.20433334e+01
7.85125538e+02 2.20611674e+01
7.85211685e+02 2.19999408e+01
7.85316409e+02 2.17663445e+01
7.85421134e+02 2.13620046e+01
7.85525858e+02 2.07961942e+01
7.85630582e+02 2.00832374e+01
7.85735307e+02 1.92419136e+01
7.85840031e+02 1.82946058e+01
7.85979664e+02 1.69099656e+01
7.86378797e+02 1.27067730e+01
7.86498666e+02 1.15124367e+01
7.86588567e+02 1.06675182e+01
7.86678468e+02 9.87440715e+00
7.86773630e+02 9.09683887e+00
7.86844084e+02 8.56418011e+00
7.86914539e+02 8.06873499e+00
7.86984994e+02 7.61033055e+00
7.87055449e+02 7.18823730e+00
7.87125904e+02 6.80126852e+00
7.87196358e+02 6.44789066e+00
7.87266813e+02 6.12632888e+00
7.87357102e+02 5.75769316e+00
7.87439695e+02 5.46002194e+00
7.87522288e+02 5.19706514e+00
7.87604881e+02 4.96617005e+00
7.87687474e+02 4.76513889e+00
7.87770067e+02 4.59232536e+00
7.87852660e+02 4.44669629e+00
7.87935253e+02 4.32785352e+00
7.88017846e+02 4.23601949e+00
7.88100439e+02 4.17198598e+00
7.88183032e+02 4.13703161e+00
7.88235936e+02 4.13067340e+00
7.88298458e+02 4.14008258e+00
7.88370925e+02 4.17499554e+00
7.88438907e+02 4.23230574e+00
7.88506888e+02 4.31444309e+00
7.88574870e+02 4.42230417e+00
7.88642852e+02 4.55658468e+00
7.88710834e+02 4.71771380e+00
7.88778815e+02 4.90579302e+00
7.88846797e+02 5.12054149e+00
7.88910631e+02 5.34583643e+00
7.89000157e+02 5.69848005e+00
7.89089684e+02 6.09030795e+00
7.89179211e+02 6.51593377e+00
7.89298580e+02 7.12402016e+00
7.89587787e+02 8.66824899e+00
7.89702549e+02 9.25149373e+00
7.89817310e+02 9.78461122e+00
7.89932071e+02 1.02473052e+01
7.90018913e+02 1.05400044e+01
7.90116087e+02 1.08008872e+01
7.90213262e+02 1.09860249e+01
7.90310437e+02 1.10927159e+01
7.90393451e+02 1.11219135e+01
7.90496732e+02 1.10817514e+01
7.90600013e+02 1.09635840e+01
7.90703293e+02 1.07777421e+01
7.90841001e+02 1.04473073e+01
7.91047562e+02 9.84747866e+00
7.91254123e+02 9.23322410e+00
7.91391830e+02 8.87026302e+00
7.91504704e+02 8.62075155e+00
7.91636762e+02 8.39528783e+00
7.91724801e+02 8.28726776e+00
7.91812839e+02 8.21259585e+00
7.91935388e+02 8.15992392e+00
7.91996662e+02 8.15330220e+00
7.92119211e+02 8.17164082e+00
7.92303034e+02 8.25062470e+00
7.92609405e+02 8.39906119e+00
7.92793228e+02 8.43910093e+00
7.92849975e+02 8.44068613e+00
7.93020218e+02 8.41784715e+00
7.93389076e+02 8.32582689e+00
7.93417449e+02 8.32441522e+00
7.93530944e+02 8.33976899e+00
7.93644439e+02 8.39964001e+00
7.93741000e+02 8.49611945e+00
7.93820628e+02 8.61306517e+00
7.93900255e+02 8.76778714e+00
7.93979883e+02 8.96319565e+00
7.94059510e+02 9.20127035e+00
7.94139137e+02 9.48292280e+00
7.94218765e+02 9.80788877e+00
7.94298392e+02 1.01746529e+01
7.94384145e+02 1.06131357e+01
7.94521962e+02 1.13989577e+01
7.94705718e+02 1.25537994e+01
7.94981352e+02 1.43182644e+01
7.95110614e+02 1.50700222e+01
7.95222766e+02 1.56445451e+01
7.95334918e+02 1.61265097e+01
7.95447069e+02 1.65010817e+01
7.95559221e+02 1.67585150e+01
7.95671373e+02 1.68944116e+01
7.95743843e+02 1.69177455e+01
7.95864628e+02 1.68481121e+01
7.95961255e+02 1.67006648e+01
7.96057883e+02 1.64791996e+01
7.96202824e+02 1.60263368e+01
7.96347765e+02 1.54554831e+01
7.96444393e+02 1.50243304e+01
7.96637647e+02 1.40785551e+01
7.97120785e+02 1.15530879e+01
7.97281306e+02 1.07526522e+01
7.97409093e+02 1.01529351e+01
7.97536881e+02 9.59578109e+00
7.97664668e+02 9.08864966e+00
7.97792455e+02 8.63780014e+00
7.97920242e+02 8.24817775e+00
7.98016083e+02 7.99834672e+00
7.98111923e+02 7.78602868e+00
7.98207764e+02 7.61189371e+00
7.98324229e+02 7.45222547e+00
7.98408748e+02 7.37224064e+00
7.98493266e+02 7.32257855e+00
7.98577785e+02 7.30344359e+00
7.98668151e+02 7.31717673e+00
7.98758517e+02 7.36700922e+00
7.98848883e+02 7.45415520e+00
7.98939249e+02 7.58035375e+00
7.99029615e+02 7.74791845e+00
7.99119981e+02 7.95973725e+00
7.99210347e+02 8.21921079e+00
7.99300713e+02 8.53011999e+00
7.99391079e+02 8.89641851e+00
7.99481445e+02 9.32195127e+00
7.99578435e+02 9.84842944e+00
7.99651927e+02 1.02973311e+01
7.99725419e+02 1.07901496e+01
7.99835657e+02 1.16114390e+01
7.99945894e+02 1.25274199e+01
8.00056132e+02 1.35289424e+01
8.00202244e+02 1.49617296e+01
8.00565344e+02 1.86866053e+01
8.00674274e+02 1.97221513e+01
8.00782441e+02 2.06525559e+01
8.00890227e+02 2.14506016e+01
8.00998013e+02 2.20918409e+01
8.01105799e+02 2.25541066e+01
8.01213585e+02 2.28224574e+01
8.01301119e+02 2.28927869e+01
8.01379502e+02 2.28437290e+01
8.01473562e+02 2.26495016e+01
8.01567621e+02 2.23166234e+01
8.01661681e+02 2.18585694e+01
8.01787094e+02 2.10825962e+01
8.01912507e+02 2.01605773e+01
8.02100626e+02 1.86124867e+01
8.02357882e+02 1.64316039e+01
8.02496155e+02 1.53281056e+01
8.02634429e+02 1.43118436e+01
8.02772702e+02 1.33942520e+01
8.02910975e+02 1.25729731e+01
8.03049249e+02 1.18355137e+01
8.03187522e+02 1.11640432e+01
8.03394932e+02 1.02423915e+01
8.03610554e+02 9.36033095e+00
8.03772271e+02 8.75443874e+00
8.03880083e+02 8.39042809e+00
8.03987894e+02 8.07195000e+00
8.04068753e+02 7.87136583e+00
8.04149611e+02 7.71051639e+00
8.04230470e+02 7.59556207e+00
8.04301103e+02 7.53721448e+00
8.04361163e+02 7.52113823e+00
8.04432144e+02 7.54439397e+00
8.04491061e+02 7.59996577e+00
8.04549977e+02 7.68935027e+00
8.04608894e+02 7.81295025e+00
8.04667810e+02 7.97071027e+00
8.04726727e+02 8.16210098e+00
8.04815102e+02 8.50990680e+00
8.04903477e+02 8.92560802e+00
8.05010259e+02 9.50740976e+00
8.05117042e+02 1.01596944e+01
8.05259418e+02 1.11027776e+01
8.05522866e+02 1.28915182e+01
8.05672512e+02 1.38207488e+01
8.05772277e+02 1.43675203e+01
8.05872041e+02 1.48392725e+01
8.05971806e+02 1.52246035e+01
8.06071570e+02 1.55150416e+01
8.06171335e+02 1.57050869e+01
8.06271099e+02 1.57921128e+01
8.06313748e+02 1.57978052e+01
8.06399045e+02 1.57532870e+01
8.06484343e+02 1.56360310e+01
8.06569640e+02 1.54491106e+01
8.06654937e+02 1.51965075e+01
8.06782884e+02 1.47050023e+01
8.06910830e+02 1.40950533e+01
8.07038776e+02 1.33874263e+01
8.07124073e+02 1.28723369e+01
8.07294668e+02 1.17686690e+01
8.07669537e+02 9.23219037e+00
8.07804252e+02 8.36221471e+00
8.07905289e+02 7.74564227e+00
8.08006325e+02 7.16816238e+00
8.08107362e+02 6.63604569e+00
8.08174720e+02 6.30906083e+00
8.08264388e+02 5.91063609e+00
8.08354057e+02 5.55627404e+00
8.08421309e+02 5.32030618e+00
8.08488560e+02 5.11027241e+00
8.08555812e+02 4.92627320e+00
8.08623063e+02 4.76818400e+00
8.08690315e+02 4.63565973e+00
8.08757567e+02 4.52813940e+00
8.08824818e+02 4.44485114e+00
8.08892070e+02 4.38481794e+00
8.08954897e+02 4.34870875e+00
8.09034010e+02 4.32892624e+00
8.09049832e+02 4.32820878e+00
8.09144768e+02 4.34474652e+00
8.09239703e+02 4.39329622e+00
8.09334638e+02 4.46832461e+00
8.09461218e+02 4.59934300e+00
8.09904249e+02 5.14554527e+00
8.10070118e+02 5.31592754e+00
8.10223986e+02 5.43864847e+00
8.10377854e+02 5.52940427e+00
8.10738861e+02 5.68982595e+00
8.10859197e+02 5.75910469e+00
8.11002439e+02 5.87328103e+00
8.11109870e+02 5.98855984e+00
8.11217301e+02 6.13295145e+00
8.11288922e+02 6.24602178e+00
8.11432164e+02 6.51129894e+00
8.11575406e+02 6.82244205e+00
8.11790269e+02 7.34629925e+00
8.12093379e+02 8.09704722e+00
8.12269873e+02 8.48043058e+00
8.12402244e+02 8.72243258e+00
8.12534615e+02 8.91937828e+00
8.12666985e+02 9.07090636e+00
8.12819004e+02 9.19447442e+00
8.13034794e+02 9.30182183e+00
8.13466375e+02 9.46299905e+00
8.13658237e+02 9.58943839e+00
8.13826171e+02 9.74861568e+00
8.14078073e+02 1.00627998e+01
8.14413942e+02 1.05182299e+01
8.14581877e+02 1.06933940e+01
8.14707827e+02 1.07742801e+01
8.14833778e+02 1.07977832e+01
8.14955873e+02 1.07562464e+01
8.15070255e+02 1.06542919e+01
8.15184637e+02 1.04890839e+01
8.15299020e+02 1.02616205e+01
8.15413402e+02 9.97629726e+00
8.15527784e+02 9.64098147e+00
8.15680294e+02 9.13600632e+00
8.15985313e+02 8.06760132e+00
8.16099695e+02 7.70386962e+00
8.16196685e+02 7.43449678e+00
8.16284979e+02 7.23075109e+00
8.16373272e+02 7.07469871e+00
8.16461566e+02 6.97318694e+00
8.16520428e+02 6.93860937e+00
8.16549860e+02 6.93175529e+00
8.16608722e+02 6.93955775e+00
8.16677538e+02 6.98584690e+00
8.16746353e+02 7.07275925e+00
8.16815169e+02 7.20022105e+00
8.16883984e+02 7.36746782e+00
8.16952800e+02 7.57305430e+00
8.17021615e+02 7.81487973e+00
8.17124838e+02 8.23946726e+00
8.17228827e+02 8.73168935e+00
8.17367988e+02 9.46679601e+00
8.17715890e+02 1.14388663e+01
8.17863354e+02 1.22126057e+01
8.17961663e+02 1.26726476e+01
8.18059973e+02 1.30738701e+01
8.18158282e+02 1.34058163e+01
8.18256592e+02 1.36597989e+01
8.18354901e+02 1.38290798e+01
8.18453210e+02 1.39090149e+01
8.18502365e+02 1.39146257e+01
8.18586432e+02 1.38707562e+01
8.18670500e+02 1.37599444e+01
8.18754567e+02 1.35838943e+01
8.18838635e+02 1.33454907e+01
8.18950725e+02 1.29376976e+01
8.19062815e+02 1.24385832e+01
8.19174905e+02 1.18631629e+01
8.19286995e+02 1.12285026e+01
8.19462224e+02 1.01614658e+01
8.19714780e+02 8.59041752e+00
8.19841058e+02 7.84344243e+00
8.19937483e+02 7.30759769e+00
8.20037344e+02 6.79256825e+00
8.20137205e+02 6.32421513e+00
8.20237066e+02 5.90702226e+00
8.20303640e+02 5.65879243e+00
8.20370213e+02 5.43506778e+00
8.20436787e+02 5.23602869e+00
8.20521929e+02 5.01728176e+00
8.20607070e+02 4.83797637e+00
8.20692211e+02 4.69675005e+00
8.20777353e+02 4.59172031e+00
8.20862494e+02 4.52056117e+00
8.20937423e+02 4.48383103e+00
8.21030521e+02 4.46881113e+00
8.21123618e+02 4.48388892e+00
8.21216716e+02 4.52486571e+00
8.21309814e+02 4.58758768e+00
8.21449460e+02 4.71388443e+00
8.21589106e+02 4.86851142e+00
8.21821850e+02 5.16519632e+00
8.22101143e+02 5.55641214e+00
8.22607832e+02 6.29441448e+00
8.22778378e+02 6.51481882e+00
8.22892076e+02 6.63764092e+00
8.23005774e+02 6.73254677e+00
8.23119471e+02 6.79226668e+00
8.23233169e+02 6.81051502e+00
8.23324372e+02 6.79204788e+00
8.23427434e+02 6.73399838e+00
8.23530495e+02 6.63653636e+00
8.23633557e+02 6.50162627e+00
8.23702265e+02 6.39272635e+00
8.23839680e+02 6.13668286e+00
8.23977096e+02 5.84320195e+00
8.24320635e+02 5.06635422e+00
8.24452887e+02 4.79313479e+00
8.24579976e+02 4.56001408e+00
8.24707065e+02 4.36045146e+00
8.24834154e+02 4.19513639e+00
8.24961243e+02 4.06121555e+00
8.25088332e+02 3.95303577e+00
8.25278965e+02 3.82247341e+00
8.25568100e+02 3.64302348e+00
8.25730145e+02 3.52863564e+00
8.25892190e+02 3.39696271e+00
8.26297303e+02 3.02313445e+00
8.26418837e+02 2.91922816e+00
8.26540370e+02 2.83107181e+00
8.26621393e+02 2.78446758e+00
8.26728635e+02 2.74140027e+00
8.26807293e+02 2.72523196e+00
8.26859731e+02 2.72236167e+00
8.26951113e+02 2.73332321e+00
8.27029000e+02 2.75918600e+00
8.27106887e+02 2.80040454e+00
8.27184774e+02 2.85673567e+00
8.27262661e+02 2.92756443e+00
8.27340548e+02 3.01191525e+00
8.27457379e+02 3.16083579e+00
8.27588138e+02 3.35294460e+00
8.28011118e+02 4.03756977e+00
8.28169736e+02 4.26575616e+00
8.28275481e+02 4.39543334e+00
8.28381226e+02 4.50293424e+00
8.28497337e+02 4.59259759e+00
8.28613449e+02 4.65101400e+00
8.28737831e+02 4.67886486e+00
8.28784807e+02 4.68031488e+00
8.28925733e+02 4.65667695e+00
8.29066659e+02 4.59487860e+00
8.29207585e+02 4.50030750e+00
8.29348511e+02 4.37813640e+00
8.29489437e+02 4.23271395e+00
8.29630363e+02 4.06738406e+00
8.29818264e+02 3.82041403e+00
8.30006165e+02 3.54862312e+00
8.30441842e+02 2.87826195e+00
8.30565729e+02 2.69829254e+00
8.30689617e+02 2.53404473e+00
8.30772208e+02 2.43643168e+00
8.30854800e+02 2.35040204e+00
8.30930021e+02 2.28346185e+00
8.31005243e+02 2.22843992e+00
8.31080464e+02 2.18611480e+00
8.31155685e+02 2.15700669e+00
8.31230906e+02 2.14135010e+00
8.31282222e+02 2.13836474e+00
8.31360948e+02 2.14564169e+00
8.31439674e+02 2.16663800e+00
8.31518399e+02 2.20030645e+00
8.31570883e+02 2.22912407e+00
8.31675851e+02 2.29985924e+00
8.31780818e+02 2.38431358e+00
8.32164789e+02 2.72981097e+00
8.32302925e+02 2.83745397e+00
8.32406527e+02 2.90437832e+00
8.32510129e+02 2.95762779e+00
8.32613731e+02 2.99684440e+00
8.32745592e+02 3.02788407e+00
8.32842919e+02 3.03947701e+00
8.33037573e+02 3.04479006e+00
8.33134900e+02 3.04452960e+00
8.33329554e+02 3.05352307e+00
8.33426881e+02 3.06814672e+00
8.33574689e+02 3.10897299e+00
8.33685545e+02 3.15629664e+00
8.33796401e+02 3.21834045e+00
8.33944209e+02 3.32246347e+00
8.34092017e+02 3.44711398e+00
8.34313729e+02 3.66025700e+00
8.34687039e+02 4.05093079e+00
8.34920123e+02 4.31321339e+00
8.35075511e+02 4.50984464e+00
8.35192053e+02 4.67810518e+00
8.35308595e+02 4.87174521e+00
8.35425137e+02 5.09785944e+00
8.35541678e+02 5.36307116e+00
8.35658220e+02 5.67275663e+00
8.35774761e+02 6.03025364e+00
8.35852456e+02 6.29556387e+00
8.35946943e+02 6.64631488e+00
8.36088673e+02 7.22433428e+00
8.36277646e+02 8.06556182e+00
8.36513863e+02 9.14519182e+00
8.36649017e+02 9.72390003e+00
8.36771017e+02 1.01903316e+01
8.36893018e+02 1.05817650e+01
8.36974352e+02 1.07918530e+01
8.37055685e+02 1.09559293e+01
8.37137019e+02 1.10705029e+01
8.37218353e+02 1.11331478e+01
8.37259019e+02 1.11445462e+01
8.37361524e+02 1.11139704e+01
8.37464030e+02 1.09997119e+01
8.37566535e+02 1.08056271e+01
8.37669040e+02 1.05380447e+01
8.37771545e+02 1.02054025e+01
8.37874050e+02 9.81782737e+00
8.38010723e+02 9.23537311e+00
8.38215733e+02 8.28011442e+00
8.38424772e+02 7.29636539e+00
8.38569501e+02 6.66014628e+00
8.38678048e+02 6.22624103e+00
8.38786595e+02 5.83956208e+00
8.38858960e+02 5.61142397e+00
8.38956406e+02 5.34451589e+00
8.39031652e+02 5.17114677e+00
8.39106897e+02 5.02654066e+00
8.39182143e+02 4.91027452e+00
8.39257388e+02 4.82135509e+00
8.39332634e+02 4.75826519e+00
8.39405912e+02 4.71976997e+00
8.39497511e+02 4.70013587e+00
8.39515830e+02 4.69963000e+00
8.39625748e+02 4.71715858e+00
8.39735666e+02 4.76351368e+00
8.39918862e+02 4.88189219e+00
8.40358534e+02 5.23610969e+00
8.40568240e+02 5.42876524e+00
8.40694538e+02 5.56784903e+00
8.40820835e+02 5.73557586e+00
8.40947133e+02 5.94058142e+00
8.41073431e+02 6.18916718e+00
8.41199729e+02 6.48407627e+00
8.41326027e+02 6.82378381e+00
8.41452324e+02 7.20237896e+00
8.41670855e+02 7.91870767e+00
8.41903927e+02 8.69815856e+00
8.42059309e+02 9.18039454e+00
8.42214690e+02 9.60153930e+00
8.42331226e+02 9.86377857e+00
8.42447763e+02 1.00717403e+01
8.42564299e+02 1.02200517e+01
8.42680835e+02 1.03054498e+01
8.42778175e+02 1.03277562e+01
8.42876420e+02 1.03057059e+01
8.42994314e+02 1.02230151e+01
8.43072910e+02 1.01364960e+01
8.43230102e+02 9.89938566e+00
8.43387294e+02 9.59915363e+00
8.43701678e+02 8.94541393e+00
8.43858870e+02 8.66769575e+00
8.43976764e+02 8.51056764e+00
8.44069255e+02 8.42710816e+00
8.44175642e+02 8.38088049e+00
8.44228835e+02 8.37920845e+00
8.44347601e+02 8.42931051e+00
8.44466368e+02 8.55450037e+00
8.44585134e+02 8.75279419e+00
8.44703901e+02 9.01948571e+00
8.44822667e+02 9.34800510e+00
8.44941434e+02 9.73083777e+00
8.45099789e+02 1.03126662e+01
8.45258144e+02 1.09611325e+01
8.45495677e+02 1.20294876e+01
8.45786571e+02 1.34434477e+01
8.46150188e+02 1.52398534e+01
8.46368359e+02 1.62172775e+01
8.46513806e+02 1.67707699e+01
8.46659252e+02 1.72102737e+01
8.46795013e+02 1.74920438e+01
8.46930773e+02 1.76291663e+01
8.46976026e+02 1.76399976e+01
8.47106727e+02 1.75683461e+01
8.47234897e+02 1.73464724e+01
8.47363068e+02 1.69757256e+01
8.47491239e+02 1.64633638e+01
8.47619410e+02 1.58221283e+01
8.47747581e+02 1.50693996e+01
8.47875751e+02 1.42261227e+01
8.48046646e+02 1.30014219e+01
8.48447998e+02 9.98567851e+00
8.48567124e+02 9.13157639e+00
8.48686251e+02 8.32522697e+00
8.48775596e+02 7.75967920e+00
8.48864940e+02 7.23288362e+00
8.48965998e+02 6.68839297e+00
8.49033371e+02 6.35765715e+00
8.49100743e+02 6.05376695e+00
8.49168115e+02 5.77729122e+00
8.49235487e+02 5.52851746e+00
8.49302859e+02 5.30745370e+00
8.49370231e+02 5.11383790e+00
8.49448196e+02 4.92334133e+00
8.49514615e+02 4.78859104e+00
8.49581033e+02 4.67813639e+00
8.49647452e+02 4.59079017e+00
8.49713870e+02 4.52518750e+00
8.49795532e+02 4.47207279e+00
8.49870296e+02 4.44760154e+00
8.49907678e+02 4.44320315e+00
8.50019825e+02 4.45735120e+00
8.50131971e+02 4.50527226e+00
8.50281500e+02 4.60545429e+00
8.50655322e+02 4.90818410e+00
8.50804851e+02 5.00467104e+00
8.50954379e+02 5.06918434e+00
8.51106219e+02 5.09636801e+00
8.51130374e+02 5.09701952e+00
8.51275302e+02 5.08047411e+00
8.51420231e+02 5.03190307e+00
8.51565159e+02 4.95723528e+00
8.51758396e+02 4.82907479e+00
8.52048252e+02 4.60404970e+00
8.52338109e+02 4.35881650e+00
8.52531346e+02 4.18067735e+00
8.52756191e+02 3.95030014e+00
8.53012644e+02 3.65668657e+00
8.53269097e+02 3.35300390e+00
8.53397323e+02 3.21163044e+00
8.53525550e+02 3.08639027e+00
8.53621720e+02 3.00690440e+00
8.53727623e+02 2.93656862e+00
8.53838394e+02 2.88424727e+00
8.53949164e+02 2.85437919e+00
8.54063222e+02 2.84621645e+00
8.54177280e+02 2.85840616e+00
8.54291339e+02 2.88687853e+00
8.54519456e+02 2.97145231e+00
8.54747572e+02 3.05511042e+00
8.54861631e+02 3.08440030e+00
8.54998671e+02 3.10283436e+00
8.55070726e+02 3.10451306e+00
8.55214835e+02 3.09175708e+00
8.55358945e+02 3.06068485e+00
8.55791274e+02 2.92531123e+00
8.55935384e+02 2.89145348e+00
8.56079493e+02 2.87364191e+00
8.56151548e+02 2.87199893e+00
8.56268338e+02 2.88067736e+00
8.56385129e+02 2.90409070e+00
8.56501919e+02 2.94268716e+00
8.56618709e+02 2.99669782e+00
8.56735499e+02 3.06630016e+00
8.56852289e+02 3.15171306e+00
8.56969080e+02 3.25320752e+00
8.57085870e+02 3.37103341e+00
8.57202660e+02 3.50528523e+00
8.57319451e+02 3.65573867e+00
8.57457748e+02 3.85386688e+00
8.57639059e+02 4.14276769e+00
8.57820370e+02 4.45764127e+00
8.58122555e+02 5.01552541e+00
8.58512444e+02 5.76226318e+00
8.58734656e+02 6.21999241e+00
8.58882797e+02 6.56067167e+00
8.58993903e+02 6.84683157e+00
8.59105009e+02 7.16879489e+00
8.59216115e+02 7.53596191e+00
8.59327221e+02 7.95813260e+00
8.59438327e+02 8.44510617e+00
8.59512398e+02 8.81039823e+00
8.59589778e+02 9.22997036e+00
8.59670469e+02 9.71151600e+00
8.59751160e+02 1.02403472e+01
8.59831850e+02 1.08181548e+01
8.59912541e+02 1.14457836e+01
8.59993231e+02 1.21230716e+01
8.60114267e+02 1.32288403e+01
8.60233180e+02 1.44109711e+01
8.60386067e+02 1.60425052e+01
8.60730065e+02 1.98772635e+01
8.60850905e+02 2.11483152e+01
8.60984095e+02 2.24163566e+01
8.61072888e+02 2.31551500e+01
8.61161680e+02 2.37892204e+01
8.61250473e+02 2.43041006e+01
8.61339266e+02 2.46879515e+01
8.61428059e+02 2.49320427e+01
8.61516852e+02 2.50310746e+01
8.61591365e+02 2.50008837e+01
8.61665879e+02 2.48682086e+01
8.61777649e+02 2.44832414e+01
8.61889419e+02 2.38893382e+01
8.62001190e+02 2.31083881e+01
8.62112960e+02 2.21671306e+01
8.62224730e+02 2.10953486e+01
8.62336500e+02 1.99241831e+01
8.62560041e+02 1.74067910e+01
8.62770823e+02 1.49896835e+01
8.62925211e+02 1.32927722e+01
8.63048722e+02 1.20237409e+01
8.63141355e+02 1.11405600e+01
8.63233282e+02 1.03328699e+01
8.63323798e+02 9.61269965e+00
8.63384141e+02 9.17750099e+00
8.63444485e+02 8.78033913e+00
8.63504828e+02 8.42272857e+00
8.63565172e+02 8.10590373e+00
8.63625516e+02 7.83079189e+00
8.63685859e+02 7.59799109e+00
8.63748492e+02 7.40136716e+00
8.63811125e+02 7.25044740e+00
8.63873759e+02 7.14464833e+00
8.63936392e+02 7.08293983e+00
8.63988669e+02 7.06413762e+00
8.64067084e+02 7.08917061e+00
8.64145500e+02 7.17399097e+00
8.64223915e+02 7.31314588e+00
8.64302331e+02 7.50038354e+00
8.64354608e+02 7.64854008e+00
8.64459162e+02 7.99110433e+00
8.64563716e+02 8.38038058e+00
8.64931949e+02 9.87028728e+00
8.65091073e+02 1.04609074e+01
8.65210416e+02 1.08532810e+01
8.65329760e+02 1.11966637e+01
8.65488884e+02 1.15808491e+01
8.65648008e+02 1.18965050e+01
8.66045819e+02 1.25888114e+01
8.66208625e+02 1.29321892e+01
8.66371430e+02 1.33625329e+01
8.66493534e+02 1.37553314e+01
8.66615638e+02 1.42113933e+01
8.66778443e+02 1.49100740e+01
8.67185457e+02 1.68791356e+01
8.67348262e+02 1.75960520e+01
8.67471519e+02 1.80414337e+01
8.67594776e+02 1.83671092e+01
8.67687219e+02 1.85156655e+01
8.67779661e+02 1.85713058e+01
8.67871546e+02 1.85274363e+01
8.67962313e+02 1.83827686e+01
8.68053080e+02 1.81359683e+01
8.68143847e+02 1.77884193e+01
8.68234614e+02 1.73442083e+01
8.68325381e+02 1.68099229e+01
8.68416148e+02 1.61943480e+01
8.68506915e+02 1.55080932e+01
8.68627938e+02 1.45040351e+01
8.68809472e+02 1.28704418e+01
8.69065869e+02 1.04888615e+01
8.69219707e+02 9.12003702e+00
8.69307280e+02 8.38510785e+00
8.69394852e+02 7.69141433e+00
8.69482425e+02 7.04468886e+00
8.69569997e+02 6.44933697e+00
8.69641427e+02 6.00396430e+00
8.69712856e+02 5.59590369e+00
8.69784285e+02 5.22566712e+00
8.69855714e+02 4.89325865e+00
8.69927144e+02 4.59820848e+00
8.69981475e+02 4.39825549e+00
8.70042519e+02 4.19807838e+00
8.70103563e+02 4.02286992e+00
8.70164607e+02 3.87149492e+00
8.70225651e+02 3.74266870e+00
8.70286694e+02 3.63497808e+00
8.70347738e+02 3.54690465e+00
8.70408782e+02 3.47684596e+00
8.70471998e+02 3.42150627e+00
8.70537387e+02 3.38069792e+00
8.70635470e+02 3.34622633e+00
8.70725379e+02 3.33744282e+00
8.70831636e+02 3.34773516e+00
8.70962414e+02 3.37962233e+00
8.71223968e+02 3.45733452e+00
8.71354746e+02 3.48307787e+00
8.71485523e+02 3.49134541e+00
8.71611889e+02 3.47990466e+00
8.71738255e+02 3.44900689e+00
8.71822499e+02 3.41836070e+00
8.71990987e+02 3.33724477e+00
8.72412207e+02 3.08634615e+00
8.72580695e+02 3.00174078e+00
8.72707061e+02 2.95650574e+00
8.72833427e+02 2.93253058e+00
8.72905838e+02 2.93019671e+00
8.72978248e+02 2.93721844e+00
8.73083067e+02 2.96558698e+00
8.73161681e+02 3.00224951e+00
8.73240295e+02 3.05316958e+00
8.73318908e+02 3.11927989e+00
8.73397522e+02 3.20147883e+00
8.73476136e+02 3.30061696e+00
8.73554750e+02 3.41747433e+00
8.73633364e+02 3.55273046e+00
8.73711978e+02 3.70692569e+00
8.73790592e+02 3.88041668e+00
8.73885145e+02 4.11479725e+00
8.73987667e+02 4.40023578e+00
8.74090189e+02 4.71683733e+00
8.74192712e+02 5.06199086e+00
8.74295235e+02 5.43175880e+00
8.74435914e+02 5.96920034e+00
8.74725237e+02 7.10638035e+00
8.74869899e+02 7.63890230e+00
8.74978004e+02 7.99739805e+00
8.75085327e+02 8.30662972e+00
8.75192651e+02 8.55849461e+00
8.75299974e+02 8.74375435e+00
8.75407297e+02 8.85535186e+00
8.75514620e+02 8.88889163e+00
8.75601724e+02 8.85766059e+00
8.75688827e+02 8.77480410e+00
8.75775930e+02 8.64245659e+00
8.75863033e+02 8.46404923e+00
8.75950136e+02 8.24419091e+00
8.76037239e+02 7.98850418e+00
8.76153376e+02 7.60306556e+00
8.76327582e+02 6.96397131e+00
8.76518757e+02 6.24121627e+00
8.76668832e+02 5.70477206e+00
8.76781388e+02 5.34080943e+00
8.76856426e+02 5.12240398e+00
8.76931464e+02 4.92638877e+00
8.77006501e+02 4.75482795e+00
8.77088660e+02 4.59693849e+00
8.77155621e+02 4.49246865e+00
8.77222582e+02 4.41036271e+00
8.77289543e+02 4.35095233e+00
8.77356504e+02 4.31435759e+00
8.77430015e+02 4.30036276e+00
8.77493529e+02 4.31008311e+00
8.77562817e+02 4.34330647e+00
8.77632106e+02 4.39951729e+00
8.77701394e+02 4.47793012e+00
8.77770682e+02 4.57761382e+00
8.77863067e+02 4.74174897e+00
8.77955451e+02 4.93889795e+00
8.78047836e+02 5.16579160e+00
8.78140220e+02 5.41881134e+00
8.78240822e+02 5.71944883e+00
8.78391726e+02 6.20785586e+00
8.78844435e+02 7.76321636e+00
8.79018824e+02 8.32346784e+00
8.79166397e+02 8.75390514e+00
8.79313970e+02 9.13389589e+00
8.79461543e+02 9.45648377e+00
8.79609116e+02 9.71698521e+00
8.79756690e+02 9.91235210e+00
8.79904263e+02 1.00405681e+01
8.80051836e+02 1.01002813e+01
8.80125622e+02 1.01042007e+01
8.80249535e+02 1.00718731e+01
8.80373447e+02 9.99136787e+00
8.80456056e+02 9.91170495e+00
8.80621272e+02 9.69401394e+00
8.80786489e+02 9.40843245e+00
8.81034314e+02 8.89392658e+00
8.81282139e+02 8.35853783e+00
8.81447356e+02 8.04699463e+00
8.81564582e+02 7.87186351e+00
8.81681808e+02 7.74905623e+00
8.81769728e+02 7.69790096e+00
8.81839331e+02 7.68515393e+00
8.81916261e+02 7.70154367e+00
8.82010788e+02 7.76747898e+00
8.82105314e+02 7.88508773e+00
8.82199841e+02 8.05413789e+00
8.82294367e+02 8.27280914e+00
8.82388893e+02 8.53773083e+00
8.82483420e+02 8.84408411e+00
8.82625210e+02 9.36765530e+00
8.82828850e+02 1.02077169e+01
8.83063417e+02 1.12040332e+01
8.83219794e+02 1.18240890e+01
8.83376172e+02 1.23687438e+01
8.83493455e+02 1.27111810e+01
8.83610738e+02 1.29873742e+01
8.83728021e+02 1.31915856e+01
8.83845305e+02 1.33207110e+01
8.83984866e+02 1.33756830e+01
8.83987788e+02 1.33756997e+01
8.84110532e+02 1.33354105e+01
8.84250811e+02 1.31949469e+01
8.84391090e+02 1.29609054e+01
8.84531369e+02 1.26418378e+01
8.84671648e+02 1.22468367e+01
8.84811928e+02 1.17852689e+01
8.84952207e+02 1.12668310e+01
8.85139245e+02 1.05049887e+01
8.85419803e+02 9.26636217e+00
8.85742038e+02 7.81944896e+00
8.85926172e+02 7.03608796e+00
8.86064273e+02 6.48656301e+00
8.86210707e+02 5.94667336e+00
8.86319440e+02 5.57612994e+00
8.86428174e+02 5.23148946e+00
8.86536908e+02 4.91179061e+00
8.86645642e+02 4.61542149e+00
8.86754376e+02 4.34040668e+00
8.86863109e+02 4.08469154e+00
8.86971843e+02 3.84638854e+00
8.87121066e+02 3.54495351e+00
8.87263350e+02 3.28304321e+00
8.87405633e+02 3.04508213e+00
8.87547917e+02 2.83109051e+00
8.87642772e+02 2.70194493e+00
8.87737628e+02 2.58371547e+00
8.87835366e+02 2.47327079e+00
8.87935985e+02 2.37138256e+00
8.88036605e+02 2.28096839e+00
8.88137224e+02 2.20124818e+00
8.88237844e+02 2.13120378e+00
8.88388773e+02 2.04162682e+00
8.88539702e+02 1.96672271e+00
8.88690632e+02 1.90230349e+00
8.88891871e+02 1.82714651e+00
8.89093110e+02 1.76083578e+00
8.89294349e+02 1.70440866e+00
8.89448898e+02 1.67109179e+00
8.89556758e+02 1.65509029e+00
8.89664618e+02 1.64658630e+00
8.89718547e+02 1.64556164e+00
8.89826407e+02 1.65074194e+00
8.89930481e+02 1.66573169e+00
8.90034554e+02 1.69136927e+00
8.90138628e+02 1.72828458e+00
8.90242701e+02 1.77692034e+00
8.90346775e+02 1.83755838e+00
8.90450848e+02 1.91035952e+00
8.90554922e+02 1.99540871e+00
8.90658995e+02 2.09275602e+00
8.90760048e+02 2.19908559e+00
8.90861100e+02 2.31708633e+00
8.90962153e+02 2.44677341e+00
8.91063205e+02 2.58809533e+00
8.91164258e+02 2.74086438e+00
8.91315837e+02 2.99049162e+00
8.91467415e+02 3.26199399e+00
8.91651458e+02 3.61326647e+00
8.91927522e+02 4.15091425e+00
8.92065554e+02 4.40413616e+00
8.92203586e+02 4.63214709e+00
8.92304041e+02 4.77576558e+00
8.92404495e+02 4.89607931e+00
8.92504950e+02 4.98973214e+00
8.92605405e+02 5.05420982e+00
8.92705859e+02 5.08803440e+00
8.92766715e+02 5.09343682e+00
8.92885320e+02 5.07199428e+00
8.92994802e+02 5.01704968e+00
8.93104285e+02 4.93261152e+00
8.93250261e+02 4.78426002e+00
8.93651695e+02 4.30928297e+00
8.93761177e+02 4.20477116e+00
8.93870659e+02 4.12878349e+00
8.93967840e+02 4.09264958e+00
8.94028526e+02 4.08790430e+00
8.94089212e+02 4.09859022e+00
8.94149898e+02 4.12608221e+00
8.94222336e+02 4.18271999e+00
8.94294774e+02 4.26725094e+00
8.94367213e+02 4.38159490e+00
8.94439651e+02 4.52748578e+00
8.94512089e+02 4.70645164e+00
8.94584527e+02 4.91979397e+00
8.94656965e+02 5.16856630e+00
8.94729403e+02 5.45355256e+00
8.94808730e+02 5.80776095e+00
8.94888057e+02 6.20620318e+00
8.94967384e+02 6.64862432e+00
8.95046712e+02 7.13427058e+00
8.95126039e+02 7.66187236e+00
8.95213981e+02 8.29361654e+00
8.95306232e+02 9.00580441e+00
8.95429233e+02 1.00261156e+01
8.95552233e+02 1.11145186e+01
8.95727774e+02 1.27522522e+01
8.96060936e+02 1.59316682e+01
8.96227517e+02 1.74315209e+01
8.96356408e+02 1.84919637e+01
8.96493211e+02 1.94820762e+01
8.96584413e+02 2.00464836e+01
8.96675615e+02 2.05223488e+01
8.96766817e+02 2.09006356e+01
8.96858019e+02 2.11738185e+01
8.96949221e+02 2.13362301e+01
8.97040422e+02 2.13843673e+01
8.97140168e+02 2.13049642e+01
8.97239914e+02 2.10897353e+01
8.97339659e+02 2.07445892e+01
8.97439405e+02 2.02791481e+01
8.97539151e+02 1.97064797e+01
8.97638896e+02 1.90426492e+01
8.97771890e+02 1.80478970e+01
8.98037879e+02 1.58652071e+01
8.98196911e+02 1.45680437e+01
8.98335715e+02 1.35134366e+01
8.98428250e+02 1.28713839e+01
8.98520786e+02 1.22885814e+01
8.98613322e+02 1.17711666e+01
8.98705857e+02 1.13226848e+01
8.98798393e+02 1.09441164e+01
8.98878328e+02 1.06723123e+01
8.98979332e+02 1.03982776e+01
8.99080336e+02 1.01949710e+01
8.99162992e+02 1.00746922e+01
8.99260969e+02 9.97700321e+00
8.99407935e+02 9.89867373e+00
8.99799844e+02 9.82698221e+00
8.99971134e+02 9.74740239e+00
9.00117761e+02 9.62352153e+00
9.00264387e+02 9.44440413e+00
9.00411014e+02 9.21693850e+00
9.00850894e+02 8.42623155e+00
9.00997520e+02 8.20692159e+00
9.01109102e+02 8.08078483e+00
9.01223908e+02 7.99796702e+00
9.01338714e+02 7.96985740e+00
9.01447551e+02 7.99774922e+00
9.01553402e+02 8.07699163e+00
9.01659253e+02 8.20632527e+00
9.01765105e+02 8.38207605e+00
9.01870956e+02 8.59830253e+00
9.02012091e+02 8.93550462e+00
9.02364929e+02 9.86831599e+00
9.02506064e+02 1.02052664e+01
9.02623674e+02 1.04416788e+01
9.02741284e+02 1.06251809e+01
9.02858894e+02 1.07474436e+01
9.02976504e+02 1.08039786e+01
9.03019774e+02 1.08080241e+01
9.03149585e+02 1.07676730e+01
9.03279396e+02 1.06544737e+01
9.03409207e+02 1.04797653e+01
9.03582288e+02 1.01768959e+01
9.04014990e+02 9.31610522e+00
9.04188071e+02 9.02565570e+00
9.04317882e+02 8.85378019e+00
9.04442411e+02 8.73343313e+00
9.04564299e+02 8.66159367e+00
9.04686186e+02 8.63658783e+00
9.04815500e+02 8.66028391e+00
9.04944813e+02 8.73196839e+00
9.05117231e+02 8.89030721e+00
9.05634485e+02 9.53164862e+00
9.05806903e+02 9.68219931e+00
9.05936217e+02 9.73722976e+00
9.05979321e+02 9.74222883e+00
9.06102436e+02 9.71597109e+00
9.06213155e+02 9.63870154e+00
9.06323873e+02 9.51046422e+00
9.06434592e+02 9.33420007e+00
9.06582216e+02 9.03500204e+00
9.06656028e+02 8.86369808e+00
9.07025090e+02 7.92733771e+00
9.07172714e+02 7.58625906e+00
9.07297187e+02 7.34546945e+00
9.07398507e+02 7.19078961e+00
9.07499828e+02 7.07854382e+00
9.07601148e+02 7.01146753e+00
9.07702076e+02 6.99004847e+00
9.07819368e+02 7.01970657e+00
9.07919903e+02 7.08740394e+00
9.08053951e+02 7.22803599e+00
9.08187999e+02 7.41083816e+00
9.08590142e+02 8.03379512e+00
9.08783331e+02 8.29071822e+00
9.08960754e+02 8.47974828e+00
9.09197319e+02 8.67331009e+00
9.09928515e+02 9.16595595e+00
9.10069795e+02 9.23089761e+00
9.10211075e+02 9.25300264e+00
9.10352355e+02 9.21157170e+00
9.10472000e+02 9.11267896e+00
9.10570009e+02 8.98134003e+00
9.10668019e+02 8.80138339e+00
9.10766029e+02 8.57183342e+00
9.10864039e+02 8.29385703e+00
9.10962049e+02 7.97076520e+00
9.11060059e+02 7.60786543e+00
9.11207073e+02 7.00464087e+00
9.11419849e+02 6.06141199e+00
9.11579431e+02 5.35227695e+00
9.11681446e+02 4.91934293e+00
9.11779088e+02 4.53033599e+00
9.11852320e+02 4.25927966e+00
9.11925551e+02 4.00885595e+00
9.11998783e+02 3.78123564e+00
9.12056295e+02 3.61962901e+00
9.12122498e+02 3.45326572e+00
9.12188700e+02 3.30872119e+00
9.12254903e+02 3.18657585e+00
9.12321106e+02 3.08719110e+00
9.12387309e+02 3.01072878e+00
9.12453512e+02 2.95716960e+00
9.12519715e+02 2.92633256e+00
9.12577394e+02 2.91773757e+00
9.12631466e+02 2.92485999e+00
9.12690454e+02 2.94902743e+00
9.12749442e+02 2.98986835e+00
9.12808430e+02 3.04687490e+00
9.12867418e+02 3.11948542e+00
9.12926406e+02 3.20709068e+00
9.12985394e+02 3.30903909e+00
9.13064044e+02 3.46608950e+00
9.13142695e+02 3.64570824e+00
9.13213621e+02 3.82557760e+00
9.13308422e+02 4.09015970e+00
9.13403224e+02 4.37960829e+00
9.13498026e+02 4.69110045e+00
9.13624428e+02 5.13657601e+00
9.13750830e+02 5.61281676e+00
9.13877232e+02 6.11812572e+00
9.14003634e+02 6.65375699e+00
9.14130037e+02 7.22405676e+00
9.14240864e+02 7.75814769e+00
9.14383744e+02 8.50371574e+00
9.14478996e+02 9.04245765e+00
9.14574249e+02 9.61855222e+00
9.14669502e+02 1.02342265e+01
9.14812382e+02 1.12325428e+01
9.14955261e+02 1.23126504e+01
9.15392529e+02 1.58141683e+01
9.15501846e+02 1.66176543e+01
9.15606984e+02 1.73099150e+01
9.15710032e+02 1.78858893e+01
9.15813079e+02 1.83370224e+01
9.15916127e+02 1.86434028e+01
9.16019174e+02 1.87896861e+01
9.16053524e+02 1.88010092e+01
9.16141292e+02 1.87427558e+01
9.16221422e+02 1.85796841e+01
9.16301551e+02 1.83133692e+01
9.16381681e+02 1.79477906e+01
9.16461810e+02 1.74891058e+01
9.16515229e+02 1.71355209e+01
9.16622069e+02 1.63264764e+01
9.16728908e+02 1.54034013e+01
9.16835747e+02 1.43948667e+01
9.17039614e+02 1.23410871e+01
9.17233670e+02 1.03802252e+01
9.17330699e+02 9.44543077e+00
9.17412516e+02 8.69600979e+00
9.17494334e+02 7.98984637e+00
9.17576152e+02 7.33279526e+00
9.17657970e+02 6.72941064e+00
9.17730152e+02 6.24434381e+00
9.17802333e+02 5.80526146e+00
9.17874515e+02 5.41316967e+00
9.17922636e+02 5.17814420e+00
9.17970757e+02 4.96426871e+00
9.18018878e+02 4.77150030e+00
9.18066137e+02 4.60262205e+00
9.18112534e+02 4.45636648e+00
9.18158931e+02 4.32926977e+00
9.18205328e+02 4.22108571e+00
9.18251725e+02 4.13152926e+00
9.18298122e+02 4.06027907e+00
9.18344519e+02 4.00698026e+00
9.18390916e+02 3.97124479e+00
9.18448116e+02 3.95073671e+00
9.18465117e+02 3.94953989e+00
9.18516119e+02 3.95906906e+00
9.18567122e+02 3.98774761e+00
9.18618125e+02 4.03485076e+00
9.18686128e+02 4.12496114e+00
9.18754131e+02 4.24442840e+00
9.18822135e+02 4.39105053e+00
9.18890138e+02 4.56241825e+00
9.18958141e+02 4.75590611e+00
9.19064770e+02 5.09694268e+00
9.19171398e+02 5.47328514e+00
9.19526826e+02 6.80750266e+00
9.19650769e+02 7.23263110e+00
9.19774712e+02 7.60185365e+00
9.19857340e+02 7.80794082e+00
9.19939969e+02 7.97692209e+00
9.20022597e+02 8.10566326e+00
9.20105226e+02 8.19225996e+00
9.20187854e+02 8.23614771e+00
9.20245637e+02 8.24185586e+00
9.20332310e+02 8.21360855e+00
9.20418983e+02 8.14469349e+00
9.20534548e+02 7.99915590e+00
9.20650112e+02 7.80807439e+00
9.20939023e+02 7.27377465e+00
9.21054588e+02 7.10152767e+00
9.21146759e+02 7.00656407e+00
9.21215538e+02 6.96785169e+00
9.21249927e+02 6.96038652e+00
9.21318705e+02 6.97176299e+00
9.21387484e+02 7.02119551e+00
9.21452264e+02 7.10530492e+00
9.21517044e+02 7.22791513e+00
9.21581825e+02 7.39049930e+00
9.21646605e+02 7.59394873e+00
9.21711386e+02 7.83855624e+00
9.21776166e+02 8.12400604e+00
9.21840946e+02 8.44938045e+00
9.21905727e+02 8.81317171e+00
9.21993059e+02 9.36068226e+00
9.22080391e+02 9.96764438e+00
9.22196834e+02 1.08553290e+01
9.22313277e+02 1.18120089e+01
9.22722740e+02 1.53602736e+01
9.22898361e+02 1.67909541e+01
9.23030077e+02 1.77712599e+01
9.23143631e+02 1.85382920e+01
9.23282929e+02 1.93704726e+01
9.23422228e+02 2.00768954e+01
9.23561526e+02 2.06544472e+01
9.23700824e+02 2.11005800e+01
9.23840123e+02 2.14108615e+01
9.23979421e+02 2.15775958e+01
9.24049070e+02 2.16038193e+01
9.24188368e+02 2.15341821e+01
9.24319443e+02 2.13107756e+01
9.24450518e+02 2.09257759e+01
9.24581593e+02 2.03754112e+01
9.24712668e+02 1.96625652e+01
9.24843742e+02 1.87981446e+01
9.24974817e+02 1.78014035e+01
9.25105892e+02 1.66991365e+01
9.25300030e+02 1.49428801e+01
9.25552282e+02 1.26126784e+01
9.25678408e+02 1.14957431e+01
9.25805276e+02 1.04383337e+01
9.25900983e+02 9.69599883e+00
9.25996690e+02 9.00777340e+00
9.26092397e+02 8.37746783e+00
9.26188105e+02 7.80717306e+00
9.26276338e+02 7.33513343e+00
9.26349624e+02 6.98197773e+00
9.26422910e+02 6.66353589e+00
9.26496196e+02 6.37900501e+00
9.26569483e+02 6.12743075e+00
9.26642769e+02 5.90777185e+00
9.26716055e+02 5.71895321e+00
9.26789341e+02 5.55990784e+00
9.26862627e+02 5.42960353e+00
9.26935913e+02 5.32705999e+00
9.27009199e+02 5.25135352e+00
9.27100619e+02 5.19321535e+00
9.27194264e+02 5.17387598e+00
9.27274227e+02 5.18831847e+00
9.27354189e+02 5.23015915e+00
9.27434152e+02 5.29829256e+00
9.27487460e+02 5.35774134e+00
9.27594077e+02 5.50859522e+00
9.27700694e+02 5.69924944e+00
9.27807310e+02 5.92591785e+00
9.27913927e+02 6.18429127e+00
9.28077384e+02 6.63066625e+00
9.28247904e+02 7.14152300e+00
9.28588943e+02 8.19249985e+00
9.28759463e+02 8.66970297e+00
9.28873143e+02 8.94744024e+00
9.28986385e+02 9.18116698e+00
9.29099188e+02 9.36346309e+00
9.29211991e+02 9.48927087e+00
9.29324794e+02 9.55501517e+00
9.29381195e+02 9.56507048e+00
9.29494277e+02 9.54070846e+00
9.29607358e+02 9.46136902e+00
9.29720440e+02 9.33562077e+00
9.29833521e+02 9.17547396e+00
9.30116225e+02 8.72639352e+00
9.30229307e+02 8.57220492e+00
9.30354014e+02 8.44805456e+00
9.30456264e+02 8.39402049e+00
9.30515909e+02 8.38540869e+00
9.30619789e+02 8.41345718e+00
9.30711702e+02 8.48436243e+00
9.30803614e+02 8.59655230e+00
9.30926165e+02 8.80221924e+00
9.31048715e+02 9.05588258e+00
9.31355091e+02 9.73811790e+00
9.31477642e+02 9.95599350e+00
9.31569599e+02 1.00732818e+01
9.31661646e+02 1.01403321e+01
9.31723011e+02 1.01532917e+01
9.31812523e+02 1.01228953e+01
9.31896964e+02 1.00384251e+01
9.31981405e+02 9.89943692e+00
9.32065846e+02 9.70767885e+00
9.32122140e+02 9.55229158e+00
9.32234728e+02 9.18263571e+00
9.32347316e+02 8.74861082e+00
9.32516198e+02 8.02235971e+00
9.32720168e+02 7.12622063e+00
9.32825430e+02 6.69840279e+00
9.32930692e+02 6.31682177e+00
9.33000867e+02 6.09515605e+00
9.33071042e+02 5.90361442e+00
9.33141217e+02 5.74473202e+00
9.33211392e+02 5.62024366e+00
9.33272810e+02 5.54025045e+00
9.33351803e+02 5.47724195e+00
9.33427110e+02 5.45809786e+00
9.33488724e+02 5.47086443e+00
9.33570876e+02 5.52492810e+00
9.33653028e+02 5.61707258e+00
9.33735180e+02 5.74170331e+00
9.33844716e+02 5.94722733e+00
9.34063789e+02 6.42905998e+00
9.34228093e+02 6.78294487e+00
9.34340913e+02 6.98959231e+00
9.34453733e+02 7.14895311e+00
9.34538349e+02 7.23008631e+00
9.34622964e+02 7.27401245e+00
9.34679374e+02 7.28129557e+00
9.34779381e+02 7.24935499e+00
9.34879389e+02 7.15958680e+00
9.34979396e+02 7.01340006e+00
9.35079403e+02 6.81421091e+00
9.35179410e+02 6.56715674e+00
9.35279417e+02 6.27875373e+00
9.35346089e+02 6.06719675e+00
9.35479432e+02 5.60859064e+00
9.35712782e+02 4.74360200e+00
9.35900276e+02 4.04833813e+00
9.36028741e+02 3.59679710e+00
9.36131513e+02 3.25872979e+00
9.36205381e+02 3.03106071e+00
9.36277643e+02 2.82202001e+00
9.36349905e+02 2.62731594e+00
9.36422167e+02 2.44749137e+00
9.36494429e+02 2.28285383e+00
9.36542604e+02 2.18158733e+00
9.36609457e+02 2.05227264e+00
9.36676310e+02 1.93584317e+00
9.36743163e+02 1.83203246e+00
9.36810016e+02 1.74048311e+00
9.36876869e+02 1.66076313e+00
9.36943722e+02 1.59238132e+00
9.37010575e+02 1.53480136e+00
9.37077428e+02 1.48745469e+00
9.37133311e+02 1.45530211e+00
9.37189194e+02 1.42953751e+00
9.37245077e+02 1.40980842e+00
9.37328063e+02 1.39089568e+00
9.37409374e+02 1.38343587e+00
9.37429701e+02 1.38316057e+00
9.37517787e+02 1.38875436e+00
9.37599097e+02 1.40293441e+00
9.37680408e+02 1.42484642e+00
9.37788821e+02 1.46467763e+00
9.37897235e+02 1.51508187e+00
9.38005648e+02 1.57464662e+00
9.38114062e+02 1.64230479e+00
9.38230201e+02 1.72299649e+00
9.38354066e+02 1.81810443e+00
9.38477931e+02 1.92293566e+00
9.38601796e+02 2.03867700e+00
9.38725661e+02 2.16733759e+00
9.38849525e+02 2.31173823e+00
9.38942424e+02 2.43250546e+00
9.39035323e+02 2.56592421e+00
9.39128221e+02 2.71399527e+00
9.39197720e+02 2.83565786e+00
9.39274786e+02 2.98277612e+00
9.39351851e+02 3.14409557e+00
9.39428917e+02 3.32107889e+00
9.39505982e+02 3.51523323e+00
9.39583047e+02 3.72809028e+00
9.39660113e+02 3.96118598e+00
9.39737178e+02 4.21603228e+00
9.39805056e+02 4.45967118e+00
9.39893091e+02 4.80399914e+00
9.39981127e+02 5.18199232e+00
9.40069162e+02 5.59512569e+00
9.40157197e+02 6.04440824e+00
9.40245232e+02 6.53024574e+00
9.40327948e+02 7.01974274e+00
9.40410664e+02 7.54021339e+00
9.40520952e+02 8.27910514e+00
9.40631240e+02 9.06293823e+00
9.40810887e+02 1.04088504e+01
9.41059894e+02 1.23072978e+01
9.41184397e+02 1.32084126e+01
9.41316288e+02 1.40800096e+01
9.41404215e+02 1.45942544e+01
9.41492142e+02 1.50416972e+01
9.41580069e+02 1.54118852e+01
9.41667996e+02 1.56957243e+01
9.41755923e+02 1.58858809e+01
9.41843851e+02 1.59771376e+01
9.41887814e+02 1.59846960e+01
9.41980786e+02 1.59164812e+01
9.42073758e+02 1.57354182e+01
9.42166729e+02 1.54461859e+01
9.42259701e+02 1.50566523e+01
9.42352673e+02 1.45775999e+01
9.42445644e+02 1.40223174e+01
9.42569607e+02 1.31899797e+01
9.42755550e+02 1.18261321e+01
9.42942845e+02 1.04373962e+01
9.43069509e+02 9.55610195e+00
9.43164508e+02 8.95008161e+00
9.43259507e+02 8.40378587e+00
9.43354505e+02 7.92560214e+00
9.43434886e+02 7.57834778e+00
9.43507959e+02 7.30989963e+00
9.43581031e+02 7.08671346e+00
9.43654104e+02 6.90810497e+00
9.43727176e+02 6.77253708e+00
9.43806227e+02 6.67166677e+00
9.43897235e+02 6.60962991e+00
9.43957908e+02 6.59721288e+00
9.44048916e+02 6.61631184e+00
9.44139924e+02 6.67339933e+00
9.44261269e+02 6.79416933e+00
9.44823722e+02 7.55532987e+00
9.45054950e+02 7.81830867e+00
9.45363253e+02 8.14803403e+00
9.45517405e+02 8.34949343e+00
9.45671557e+02 8.60628831e+00
9.45787171e+02 8.84680278e+00
9.45902784e+02 9.13428587e+00
9.46042808e+02 9.54765869e+00
9.46168705e+02 9.97698183e+00
9.46357549e+02 1.07025725e+01
9.46735238e+02 1.22409788e+01
9.46861135e+02 1.27017629e+01
9.46987031e+02 1.30998649e+01
9.47092182e+02 1.33705235e+01
9.47197333e+02 1.35753978e+01
9.47302484e+02 1.37082304e+01
9.47430401e+02 1.37680143e+01
9.47434195e+02 1.37680673e+01
9.47529051e+02 1.37376500e+01
9.47650466e+02 1.36128385e+01
9.47771882e+02 1.34000167e+01
9.47893297e+02 1.31117499e+01
9.48055184e+02 1.26363860e+01
9.48298015e+02 1.18070614e+01
9.48621790e+02 1.06658414e+01
9.48795501e+02 1.00986278e+01
9.48981038e+02 9.55013726e+00
9.49166574e+02 9.06663559e+00
9.49352110e+02 8.64914818e+00
9.49491263e+02 8.38022902e+00
9.49630415e+02 8.15160001e+00
9.49769567e+02 7.96733083e+00
9.49908719e+02 7.83292961e+00
9.50047872e+02 7.75447169e+00
9.50152236e+02 7.73565253e+00
9.50275837e+02 7.76015337e+00
9.50389969e+02 7.82846250e+00
9.50504100e+02 7.93939248e+00
9.50618231e+02 8.08961998e+00
9.50770406e+02 8.34131655e+00
9.50998669e+02 8.78966884e+00
9.51226932e+02 9.25055851e+00
9.51379107e+02 9.52217760e+00
9.51502238e+02 9.70245915e+00
9.51643367e+02 9.85249780e+00
9.51784496e+02 9.93303481e+00
9.51867043e+02 9.94598568e+00
9.52001956e+02 9.91271251e+00
9.52115567e+02 9.83427850e+00
9.52229178e+02 9.71333595e+00
9.52399595e+02 9.46229077e+00
9.52570011e+02 9.14323602e+00
9.52740428e+02 8.77327194e+00
9.52967650e+02 8.22536668e+00
9.53308483e+02 7.33178900e+00
9.53933281e+02 5.60800906e+00
9.54122590e+02 5.11264567e+00
9.54264572e+02 4.77220484e+00
9.54359227e+02 4.56698349e+00
9.54442432e+02 4.40475695e+00
9.54550066e+02 4.22506008e+00
9.54621822e+02 4.12703676e+00
9.54693577e+02 4.04860343e+00
9.54765333e+02 3.99155337e+00
9.54837089e+02 3.95758284e+00
9.54908844e+02 3.94825687e+00
9.54980600e+02 3.96497496e+00
9.55055370e+02 4.01139630e+00
9.55130141e+02 4.08848700e+00
9.55204911e+02 4.19702410e+00
9.55279681e+02 4.33743441e+00
9.55354452e+02 4.50976090e+00
9.55429222e+02 4.71362953e+00
9.55503992e+02 4.94822334e+00
9.55578763e+02 5.21225753e+00
9.55664642e+02 5.54953458e+00
9.55750521e+02 5.91982088e+00
9.55865026e+02 6.45727286e+00
9.55979532e+02 7.03305750e+00
9.56321005e+02 8.82149812e+00
9.56463115e+02 9.51470934e+00
9.56569697e+02 9.98244692e+00
9.56667179e+02 1.03578035e+01
9.56760109e+02 1.06600877e+01
9.56853040e+02 1.09012884e+01
9.56945970e+02 1.10763222e+01
9.57038901e+02 1.11819857e+01
9.57133208e+02 1.12171108e+01
9.57230270e+02 1.11785036e+01
9.57327332e+02 1.10676042e+01
9.57424394e+02 1.08903122e+01
9.57489102e+02 1.07390963e+01
9.57618518e+02 1.03701629e+01
9.57747934e+02 9.93414767e+00
9.58136181e+02 8.50067001e+00
9.58271423e+02 8.04774560e+00
9.58406664e+02 7.65467087e+00
9.58496825e+02 7.43212021e+00
9.58586986e+02 7.24333091e+00
9.58677147e+02 7.08848195e+00
9.58767308e+02 6.96637141e+00
9.58857469e+02 6.87457302e+00
9.58959375e+02 6.80293954e+00
9.59112235e+02 6.74603176e+00
9.59367001e+02 6.72604667e+00
9.59570813e+02 6.71433031e+00
9.59729317e+02 6.67623397e+00
9.59899111e+02 6.59097099e+00
9.60068904e+02 6.45351449e+00
9.60238697e+02 6.26557612e+00
9.60408491e+02 6.03458772e+00
9.60578284e+02 5.77073527e+00
9.60804675e+02 5.38533391e+00
9.61257458e+02 4.56273985e+00
9.61787754e+02 3.58776903e+00
9.61990357e+02 3.23135207e+00
9.62142309e+02 2.97865992e+00
9.62294261e+02 2.74419675e+00
9.62394372e+02 2.60228948e+00
9.62494483e+02 2.47212636e+00
9.62594593e+02 2.35511981e+00
9.62694704e+02 2.25256415e+00
9.62794815e+02 2.16561454e+00
9.62869897e+02 2.11125663e+00
9.62944981e+02 2.06662127e+00
9.63020063e+02 2.03203988e+00
9.63095146e+02 2.00780590e+00
9.63171747e+02 1.99401431e+00
9.63229198e+02 1.99106287e+00
9.63317625e+02 1.99913009e+00
9.63386902e+02 2.01629132e+00
9.63456178e+02 2.04310088e+00
9.63525455e+02 2.07964312e+00
9.63594732e+02 2.12596893e+00
9.63664009e+02 2.18208682e+00
9.63756377e+02 2.27205706e+00
9.63848746e+02 2.37905757e+00
9.63941115e+02 2.50253286e+00
9.64036872e+02 2.64698810e+00
9.64136017e+02 2.81271111e+00
9.64235162e+02 2.99278263e+00
9.64383880e+02 3.28373665e+00
9.64730887e+02 3.99518452e+00
9.64871303e+02 4.26369186e+00
9.65007568e+02 4.49589354e+00
9.65098411e+02 4.63031938e+00
9.65189254e+02 4.74586267e+00
9.65280097e+02 4.84107925e+00
9.65370940e+02 4.91531211e+00
9.65461783e+02 4.96874412e+00
9.65568266e+02 5.00632786e+00
9.65690387e+02 5.02004518e+00
9.65873569e+02 4.99649231e+00
9.66239932e+02 4.89970453e+00
9.66400216e+02 4.88343038e+00
9.66558661e+02 4.90177384e+00
9.66707634e+02 4.95382590e+00
9.66856607e+02 5.03664780e+00
9.67154554e+02 5.25724908e+00
9.67378013e+02 5.41796016e+00
9.67526986e+02 5.49684192e+00
9.67675959e+02 5.54046435e+00
9.67758040e+02 5.54695247e+00
9.67911907e+02 5.52365594e+00
9.68065773e+02 5.45550831e+00
9.68219640e+02 5.34812774e+00
9.68373506e+02 5.21039258e+00
9.68578661e+02 4.99775075e+00
9.68988972e+02 4.55996668e+00
9.69194128e+02 4.36728590e+00
9.69399283e+02 4.20223072e+00
9.69605033e+02 4.06572989e+00
9.69810783e+02 3.95770182e+00
9.70016532e+02 3.87800960e+00
9.70222282e+02 3.82829056e+00
9.70393741e+02 3.81227478e+00
9.70428032e+02 3.81209737e+00
9.70611308e+02 3.82970467e+00
9.70783348e+02 3.87671913e+00
9.70955388e+02 3.95522836e+00
9.71127427e+02 4.06578969e+00
9.71299467e+02 4.20711382e+00
9.71414160e+02 4.31682389e+00
9.71643546e+02 4.56630709e+00
9.72331704e+02 5.39607276e+00
9.72592762e+02 5.67992988e+00
9.73245408e+02 6.31179202e+00
9.73506466e+02 6.58908029e+00
9.73898053e+02 7.06366377e+00
9.74159112e+02 7.37740305e+00
9.74354905e+02 7.56951275e+00
9.74510571e+02 7.67345549e+00
9.74646172e+02 7.71720736e+00
9.74691372e+02 7.72081553e+00
9.74822645e+02 7.69800584e+00
9.74945261e+02 7.63095174e+00
9.75067876e+02 7.52080496e+00
9.75190491e+02 7.37142822e+00
9.75353979e+02 7.12290917e+00
9.75803568e+02 6.34256622e+00
9.75926184e+02 6.16598926e+00
9.76048799e+02 6.03106423e+00
9.76158098e+02 5.95626695e+00
9.76260739e+02 5.93236566e+00
9.76363380e+02 5.95870385e+00
9.76443563e+02 6.01668752e+00
9.76523746e+02 6.10866226e+00
9.76603928e+02 6.23493770e+00
9.76684111e+02 6.39505395e+00
9.76764294e+02 6.58775311e+00
9.76844477e+02 6.81096887e+00
9.76964751e+02 7.19655139e+00
9.77093736e+02 7.66443502e+00
9.77449311e+02 9.07479619e+00
9.77582652e+02 9.57492008e+00
9.77715992e+02 1.00199231e+01
9.77834848e+02 1.03535648e+01
9.77953704e+02 1.06170735e+01
9.78072560e+02 1.08049768e+01
9.78191416e+02 1.09168843e+01
9.78297886e+02 1.09562922e+01
9.78333376e+02 1.09577240e+01
9.78475337e+02 1.09131396e+01
9.78617297e+02 1.08061736e+01
9.79043177e+02 1.03784619e+01
9.79185137e+02 1.02786889e+01
9.79327098e+02 1.02246942e+01
9.80368122e+02 1.05235708e+01
9.80491516e+02 1.04699606e+01
9.80614910e+02 1.03716313e+01
9.80800000e+02 1.01435791e+01
9.80985091e+02 9.83565877e+00
9.81451340e+02 8.92708428e+00
9.81643475e+02 8.60397212e+00
9.81787577e+02 8.41534001e+00
9.81931678e+02 8.28444850e+00
9.82075780e+02 8.21734059e+00
9.82147385e+02 8.20841616e+00
9.82265242e+02 8.22851680e+00
9.82406670e+02 8.30673547e+00
9.82548099e+02 8.43741512e+00
9.82689527e+02 8.61104752e+00
9.82878098e+02 8.88937221e+00
9.83349526e+02 9.63390266e+00
9.83538097e+02 9.87976437e+00
9.83741487e+02 1.00776556e+01
9.83905145e+02 1.01772653e+01
9.84100482e+02 1.02219753e+01
9.84108401e+02 1.02220717e+01
9.84258879e+02 1.01988448e+01
9.84448956e+02 1.01036127e+01
9.84639033e+02 9.94031082e+00
9.84829110e+02 9.71759449e+00
9.85082547e+02 9.34942547e+00
9.85716137e+02 8.31245349e+00
9.85969573e+02 7.93747113e+00
9.86514736e+02 7.19091946e+00
9.86723958e+02 6.86340674e+00
9.86880875e+02 6.58147482e+00
9.87037792e+02 6.26365714e+00
9.87142403e+02 6.03219092e+00
9.87351625e+02 5.53011219e+00
9.87770070e+02 4.46616549e+00
9.87897582e+02 4.15945554e+00
9.88025093e+02 3.87512573e+00
9.88152605e+02 3.62021293e+00
9.88237613e+02 3.46959643e+00
9.88322621e+02 3.33618187e+00
9.88407628e+02 3.22119234e+00
9.88498461e+02 3.11980366e+00
9.88570955e+02 3.05543098e+00
9.88643449e+02 3.00614628e+00
9.88715942e+02 2.97221861e+00
9.88788436e+02 2.95383158e+00
9.88836765e+02 2.95026154e+00
9.88913250e+02 2.95884667e+00
9.88989735e+02 2.98484224e+00
9.89066220e+02 3.02811715e+00
9.89142705e+02 3.08843285e+00
9.89219190e+02 3.16543052e+00
9.89295675e+02 3.25861469e+00
9.89372160e+02 3.36733458e+00
9.89448645e+02 3.49076483e+00
9.89545345e+02 3.66626650e+00
9.89642044e+02 3.86110304e+00
9.89787094e+02 4.18269857e+00
9.90028843e+02 4.76403434e+00
9.90222242e+02 5.22824351e+00
9.90365220e+02 5.54594529e+00
9.90508198e+02 5.82596539e+00
9.90651176e+02 6.05730944e+00
9.90746495e+02 6.18109825e+00
9.90841813e+02 6.27969165e+00
9.90984791e+02 6.38180862e+00
9.91094767e+02 6.42653896e+00
9.91259732e+02 6.44982687e+00
9.91534673e+02 6.42355736e+00
9.91754625e+02 6.39920547e+00
9.91864601e+02 6.39822969e+00
9.92098599e+02 6.42797930e+00
9.92449595e+02 6.50494974e+00
9.92566594e+02 6.51319338e+00
9.92683593e+02 6.49938785e+00
9.92800592e+02 6.45604696e+00
9.92911794e+02 6.38185033e+00
9.93022997e+02 6.27168363e+00
9.93134199e+02 6.12363193e+00
9.93245402e+02 5.93770240e+00
9.93356604e+02 5.71578908e+00
9.93467807e+02 5.46149835e+00
9.93616076e+02 5.08093942e+00
9.93764346e+02 4.66659003e+00
9.94098166e+02 3.69510266e+00
9.94209582e+02 3.38269485e+00
9.94320997e+02 3.08581661e+00
9.94432412e+02 2.80899460e+00
9.94519218e+02 2.60956296e+00
9.94606024e+02 2.42583618e+00
9.94692831e+02 2.25882038e+00
9.94779637e+02 2.10922996e+00
9.94866444e+02 1.97751685e+00
9.94928677e+02 1.89422323e+00
9.94995274e+02 1.81541832e+00
9.95061870e+02 1.74725475e+00
9.95128466e+02 1.68964445e+00
9.95195063e+02 1.64245511e+00
9.95261659e+02 1.60551735e+00
9.95328255e+02 1.57863133e+00
9.95394851e+02 1.56157280e+00
9.95450586e+02 1.55467389e+00
9.95473023e+02 1.55375798e+00
9.95540334e+02 1.55729023e+00
9.95607644e+02 1.57002525e+00
9.95674955e+02 1.59167920e+00
9.95742265e+02 1.62196527e+00
9.95809575e+02 1.66059646e+00
9.95876886e+02 1.70728704e+00
9.95966633e+02 1.78158940e+00
9.96056380e+02 1.86905419e+00
9.96146128e+02 1.96902433e+00
9.96224921e+02 2.06658133e+00
9.96343111e+02 2.22903665e+00
9.96461302e+02 2.40937770e+00
9.96579492e+02 2.60578404e+00
9.96737079e+02 2.88893438e+00
9.96920857e+02 3.24210072e+00
9.97305874e+02 4.00489107e+00
9.97450256e+02 4.27502297e+00
9.97592131e+02 4.51945963e+00
9.97728994e+02 4.72921058e+00
9.97865857e+02 4.90920704e+00
9.98002720e+02 5.05805789e+00
9.98093961e+02 5.14083015e+00
9.98276445e+02 5.27426412e+00
9.98598490e+02 5.47319011e+00
9.98727307e+02 5.57627198e+00
9.98833935e+02 5.68859966e+00
9.98918372e+02 5.80147054e+00
9.99002809e+02 5.94035176e+00
9.99087247e+02 6.10942824e+00
9.99171684e+02 6.31244870e+00
9.99256121e+02 6.55257186e+00
9.99340559e+02 6.83221776e+00
9.99424996e+02 7.15292862e+00
9.99500864e+02 7.47658503e+00
9.99601811e+02 7.95859834e+00
9.99702759e+02 8.49638620e+00
9.99803706e+02 9.08444328e+00
9.99938303e+02 9.93245511e+00
1.00033683e+03 1.26019623e+01
1.00046104e+03 1.33754415e+01
1.00058525e+03 1.40663604e+01
1.00066805e+03 1.44661170e+01
1.00077561e+03 1.48973368e+01
1.00088316e+03 1.52152677e+01
1.00096382e+03 1.53722065e+01
1.00104448e+03 1.54553477e+01
1.00109826e+03 1.54687158e+01
1.00120155e+03 1.53991238e+01
1.00130484e+03 1.52056726e+01
1.00140813e+03 1.48934151e+01
1.00151141e+03 1.44709501e+01
1.00161470e+03 1.39499603e+01
1.00171799e+03 1.33446733e+01
1.00185571e+03 1.24345238e+01
1.00199343e+03 1.14444386e+01
1.00230967e+03 9.09310927e+00
1.00241933e+03 8.31631093e+00
1.00252899e+03 7.58579798e+00
1.00261123e+03 7.07599024e+00
1.00269687e+03 6.58510918e+00
1.00278420e+03 6.13050626e+00
1.00287154e+03 5.72547473e+00
1.00292976e+03 5.48408520e+00
1.00298798e+03 5.26610592e+00
1.00304620e+03 5.07176326e+00
1.00310442e+03 4.90112636e+00
1.00316683e+03 4.74446169e+00
1.00322923e+03 4.61466492e+00
1.00329163e+03 4.51129143e+00
1.00335403e+03 4.43376041e+00
1.00341643e+03 4.38135611e+00
1.00348051e+03 4.35282630e+00
1.00352379e+03 4.34755419e+00
1.00358870e+03 4.35997909e+00
1.00365362e+03 4.39574216e+00
1.00371853e+03 4.45358928e+00
1.00378345e+03 4.53221361e+00
1.00387000e+03 4.66704643e+00
1.00395655e+03 4.83318265e+00
1.00404311e+03 5.02734902e+00
1.00412966e+03 5.24628227e+00
1.00424010e+03 5.55651199e+00
1.00435054e+03 5.89533411e+00
1.00451621e+03 6.44363899e+00
1.00484753e+03 7.61492238e+00
1.00512525e+03 8.59530244e+00
1.00534935e+03 9.34143374e+00
1.00557345e+03 1.00235737e+01
1.00579755e+03 1.06279975e+01
1.00596563e+03 1.10251443e+01
1.00613371e+03 1.13705890e+01
1.00630178e+03 1.16596963e+01
1.00646986e+03 1.18849666e+01
1.00663794e+03 1.20352163e+01
1.00680601e+03 1.20957630e+01
1.00693940e+03 1.20689033e+01
1.00705448e+03 1.19855222e+01
1.00719573e+03 1.17999746e+01
1.00730167e+03 1.15973723e+01
1.00740761e+03 1.13392680e+01
1.00751355e+03 1.10263717e+01
1.00761948e+03 1.06611909e+01
1.00776073e+03 1.01007698e+01
1.00790198e+03 9.47070832e+00
1.00811386e+03 8.44066390e+00
1.00836787e+03 7.17846857e+00
1.00849487e+03 6.58174562e+00
1.00859012e+03 6.16474926e+00
1.00869290e+03 5.75337454e+00
1.00876393e+03 5.49660395e+00
1.00883496e+03 5.26501674e+00
1.00890599e+03 5.06061199e+00
1.00897702e+03 4.88505689e+00
1.00904805e+03 4.73966880e+00
1.00911908e+03 4.62540102e+00
1.00919011e+03 4.54283212e+00
1.00924578e+03 4.50041386e+00
1.00931895e+03 4.47433941e+00
1.00933644e+03 4.47304876e+00
1.00940641e+03 4.48662193e+00
1.00947639e+03 4.52941442e+00
1.00954636e+03 4.60012433e+00
1.00961633e+03 4.69709979e+00
1.00968630e+03 4.81834479e+00
1.00975627e+03 4.96154338e+00
1.00986123e+03 5.21169517e+00
1.00997113e+03 5.50927268e+00
1.01030080e+03 6.48934536e+00
1.01044732e+03 6.89418787e+00
1.01054770e+03 7.13569917e+00
1.01064807e+03 7.33727413e+00
1.01074844e+03 7.49097266e+00
1.01084881e+03 7.59049192e+00
1.01094918e+03 7.63143641e+00
1.01098264e+03 7.63160825e+00
1.01106453e+03 7.60328269e+00
1.01114643e+03 7.53445472e+00
1.01122832e+03 7.42634541e+00
1.01131021e+03 7.28112364e+00
1.01141940e+03 7.03515676e+00
1.01152859e+03 6.73811164e+00
1.01163778e+03 6.40141728e+00
1.01180157e+03 5.85052327e+00
1.01201964e+03 5.10448110e+00
1.01212863e+03 4.75708025e+00
1.01221037e+03 4.51805439e+00
1.01229211e+03 4.30274359e+00
1.01237947e+03 4.10355859e+00
1.01243770e+03 3.99064845e+00
1.01249594e+03 3.89494521e+00
1.01255418e+03 3.81737767e+00
1.01261241e+03 3.75871376e+00
1.01267065e+03 3.71954875e+00
1.01272888e+03 3.70031348e+00
1.01275800e+03 3.69825785e+00
1.01282686e+03 3.71357066e+00
1.01289571e+03 3.75720837e+00
1.01296457e+03 3.82886894e+00
1.01303343e+03 3.92795025e+00
1.01310228e+03 4.05356786e+00
1.01317114e+03 4.20455906e+00
1.01323999e+03 4.37950210e+00
1.01330885e+03 4.57672680e+00
1.01339648e+03 4.85694834e+00
1.01348411e+03 5.16577197e+00
1.01360095e+03 5.61352066e+00
1.01377622e+03 6.33599948e+00
1.01402243e+03 7.37245429e+00
1.01414553e+03 7.86304894e+00
1.01426864e+03 8.31374149e+00
1.01439174e+03 8.71004137e+00
1.01449380e+03 8.98834952e+00
1.01458534e+03 9.19400448e+00
1.01467688e+03 9.35463961e+00
1.01476842e+03 9.46789251e+00
1.01485995e+03 9.53235639e+00
1.01492098e+03 9.54797242e+00
1.01503977e+03 9.51612445e+00
1.01515856e+03 9.40454594e+00
1.01527735e+03 9.21825102e+00
1.01539614e+03 8.96424728e+00
1.01551493e+03 8.65112382e+00
1.01563372e+03 8.28863296e+00
1.01579210e+03 7.74666700e+00
1.01602968e+03 6.85967797e+00
1.01633162e+03 5.71784056e+00
1.01647516e+03 5.20642686e+00
1.01658282e+03 4.84602391e+00
1.01669048e+03 4.50944958e+00
1.01680739e+03 4.17394068e+00
1.01689766e+03 3.93760667e+00
1.01698793e+03 3.72172310e+00
1.01707819e+03 3.52652307e+00
1.01716846e+03 3.35196516e+00
1.01725873e+03 3.19779639e+00
1.01734900e+03 3.06361840e+00
1.01743926e+03 2.94895300e+00
1.01751764e+03 2.86483280e+00
1.01761737e+03 2.77804248e+00
1.01771710e+03 2.71343943e+00
1.01781683e+03 2.67064595e+00
1.01791656e+03 2.64945380e+00
1.01794980e+03 2.64717768e+00
1.01801628e+03 2.64981425e+00
1.01810910e+03 2.66957194e+00
1.01820191e+03 2.70815436e+00
1.01829472e+03 2.76564167e+00
1.01838753e+03 2.84202594e+00
1.01848034e+03 2.93714733e+00
1.01857315e+03 3.05062230e+00
1.01866597e+03 3.18179548e+00
1.01875878e+03 3.32968749e+00
1.01885558e+03 3.50033321e+00
1.01900080e+03 3.78343853e+00
1.01914600e+03 4.09182288e+00
1.01960456e+03 5.11772955e+00
1.01974720e+03 5.41565191e+00
1.01988985e+03 5.68723471e+00
1.02003249e+03 5.92504190e+00
1.02017514e+03 6.12329583e+00
1.02031778e+03 6.27797925e+00
1.02046043e+03 6.38680149e+00
1.02060307e+03 6.44912047e+00
1.02072874e+03 6.46616719e+00
1.02089176e+03 6.43811373e+00
1.02105479e+03 6.35844751e+00
1.02121781e+03 6.23452471e+00
1.02132649e+03 6.13172003e+00
1.02154386e+03 5.89112404e+00
1.02197858e+03 5.35855099e+00
1.02219595e+03 5.11489233e+00
1.02235897e+03 4.95984605e+00
1.02248674e+03 4.86109429e+00
1.02263359e+03 4.77817330e+00
1.02274372e+03 4.74128810e+00
1.02285385e+03 4.72945022e+00
1.02296399e+03 4.74584099e+00
1.02304824e+03 4.77945254e+00
1.02314333e+03 4.84127319e+00
1.02323842e+03 4.93023035e+00
1.02333351e+03 5.04792899e+00
1.02342859e+03 5.19555197e+00
1.02352368e+03 5.37371300e+00
1.02361877e+03 5.58230293e+00
1.02371386e+03 5.82037023e+00
1.02380557e+03 6.07613569e+00
1.02393807e+03 6.48547745e+00
1.02411474e+03 7.08596907e+00
1.02437975e+03 8.02605994e+00
1.02455529e+03 8.60752004e+00
1.02468609e+03 8.98507594e+00
1.02481689e+03 9.29395687e+00
1.02490410e+03 9.45363947e+00
1.02499130e+03 9.57172539e+00
1.02507850e+03 9.64525334e+00
1.02516571e+03 9.67223950e+00
1.02527261e+03 9.64051391e+00
1.02537950e+03 9.53787451e+00
1.02548640e+03 9.36700085e+00
1.02559330e+03 9.13268747e+00
1.02570019e+03 8.84155045e+00
1.02580709e+03 8.50168797e+00
1.02594962e+03 7.98866677e+00
1.02609215e+03 7.42865245e+00
1.02644459e+03 5.98939048e+00
1.02658324e+03 5.45217321e+00
1.02668723e+03 5.07376678e+00
1.02679121e+03 4.72111141e+00
1.02686054e+03 4.50182036e+00
1.02695961e+03 4.21169311e+00
1.02705869e+03 3.94971835e+00
1.02715777e+03 3.71593077e+00
1.02725685e+03 3.50959535e+00
1.02735592e+03 3.32931307e+00
1.02745500e+03 3.17316084e+00
1.02755408e+03 3.03881966e+00
1.02765316e+03 2.92371957e+00
1.02774838e+03 2.82873535e+00
1.02784360e+03 2.74668744e+00
1.02798643e+03 2.64305219e+00
1.02812927e+03 2.55705922e+00
1.02831971e+03 2.46180490e+00
1.02851015e+03 2.38383872e+00
1.02865299e+03 2.33697314e+00
1.02879582e+03 2.30257846e+00
1.02893865e+03 2.28420699e+00
1.02898626e+03 2.28233376e+00
1.02908148e+03 2.28583178e+00
1.02917671e+03 2.29983973e+00
1.02927576e+03 2.32643827e+00
1.02937481e+03 2.36585507e+00
1.02947386e+03 2.41822236e+00
1.02957291e+03 2.48320098e+00
1.02970498e+03 2.58799386e+00
1.02983704e+03 2.71065882e+00
1.03003515e+03 2.91928821e+00
1.03038225e+03 3.31896913e+00
1.03068027e+03 3.67767460e+00
1.03086652e+03 3.92527294e+00
1.03097828e+03 4.09385740e+00
1.03109003e+03 4.28562074e+00
1.03120179e+03 4.50798918e+00
1.03131354e+03 4.76841791e+00
1.03138805e+03 4.96660688e+00
1.03146243e+03 5.18614299e+00
1.03153669e+03 5.42830800e+00
1.03161095e+03 5.69438976e+00
1.03168521e+03 5.98484457e+00
1.03179660e+03 6.46580114e+00
1.03190800e+03 6.99813471e+00
1.03201939e+03 7.57538589e+00
1.03215085e+03 8.30078712e+00
1.03247952e+03 1.01703936e+01
1.03258783e+03 1.07456370e+01
1.03271558e+03 1.13578286e+01
1.03280074e+03 1.17127934e+01
1.03288591e+03 1.20161842e+01
1.03297107e+03 1.22612755e+01
1.03305624e+03 1.24425014e+01
1.03314140e+03 1.25556514e+01
1.03322657e+03 1.25979974e+01
1.03332654e+03 1.25559067e+01
1.03342652e+03 1.24156980e+01
1.03352649e+03 1.21813100e+01
1.03362647e+03 1.18594567e+01
1.03372644e+03 1.14592750e+01
1.03382641e+03 1.09919152e+01
1.03395971e+03 1.02862425e+01
1.03409301e+03 9.51602597e+00
1.03440132e+03 7.66617579e+00
1.03450968e+03 7.04486112e+00
1.03461803e+03 6.45965048e+00
1.03469930e+03 6.05033992e+00
1.03479347e+03 5.61236750e+00
1.03486056e+03 5.32603386e+00
1.03492764e+03 5.06200873e+00
1.03499473e+03 4.82076187e+00
1.03506181e+03 4.60241115e+00
1.03512890e+03 4.40677378e+00
1.03519598e+03 4.23336801e+00
1.03526307e+03 4.08145393e+00
1.03532734e+03 3.95516409e+00
1.03539162e+03 3.84668173e+00
1.03547732e+03 3.72768644e+00
1.03556301e+03 3.63512471e+00
1.03565831e+03 3.55908462e+00
1.03576320e+03 3.50239165e+00
1.03586810e+03 3.46743671e+00
1.03602544e+03 3.44115403e+00
1.03634011e+03 3.40808476e+00
1.03644501e+03 3.38472981e+00
1.03657176e+03 3.34030262e+00
1.03669851e+03 3.27516510e+00
1.03682526e+03 3.18833586e+00
1.03695201e+03 3.08098901e+00
1.03707876e+03 2.95618844e+00
1.03726888e+03 2.74652529e+00
1.03757205e+03 2.40036177e+00
1.03768510e+03 2.28111933e+00
1.03779814e+03 2.17263304e+00
1.03791119e+03 2.07734721e+00
1.03802423e+03 1.99681059e+00
1.03813728e+03 1.93164920e+00
1.03825032e+03 1.88159725e+00
1.03836337e+03 1.84559814e+00
1.03848242e+03 1.82100028e+00
1.03860146e+03 1.80755641e+00
1.03878003e+03 1.80202310e+00
1.03919670e+03 1.80946804e+00
1.03940314e+03 1.80320320e+00
1.03957793e+03 1.78797228e+00
1.03984011e+03 1.75033512e+00
1.04018969e+03 1.69226617e+00
1.04036448e+03 1.67241588e+00
1.04049557e+03 1.66703247e+00
1.04062666e+03 1.67317524e+00
1.04071406e+03 1.68520248e+00
1.04080762e+03 1.70631551e+00
1.04090118e+03 1.73701737e+00
1.04099474e+03 1.77836240e+00
1.04108830e+03 1.83134544e+00
1.04118186e+03 1.89688329e+00
1.04127542e+03 1.97579682e+00
1.04136898e+03 2.06879471e+00
1.04146254e+03 2.17645861e+00
1.04153417e+03 2.26907402e+00
1.04164160e+03 2.42491465e+00
1.04174904e+03 2.60128670e+00
1.04185647e+03 2.79824454e+00
1.04196390e+03 3.01561588e+00
1.04207486e+03 3.26117199e+00
1.04219286e+03 3.54519481e+00
1.04231086e+03 3.85204131e+00
1.04242886e+03 4.18087581e+00
1.04254686e+03 4.53088000e+00
1.04270812e+03 5.04202262e+00
1.04288117e+03 5.63070857e+00
1.04305421e+03 6.25844084e+00
1.04327052e+03 7.09184564e+00
1.04363387e+03 8.57004373e+00
1.04385532e+03 9.46424186e+00
1.04402142e+03 1.00908538e+01
1.04418751e+03 1.06457296e+01
1.04430781e+03 1.09837433e+01
1.04443767e+03 1.12719891e+01
1.04453507e+03 1.14273834e+01
1.04463247e+03 1.15248380e+01
1.04472987e+03 1.15603161e+01
1.04483343e+03 1.15271065e+01
1.04494007e+03 1.14152570e+01
1.04504671e+03 1.12256339e+01
1.04515335e+03 1.09616837e+01
1.04525999e+03 1.06291984e+01
1.04536664e+03 1.02360525e+01
1.04547328e+03 9.79186805e+00
1.04561547e+03 9.13918014e+00
1.04603506e+03 7.06414705e+00
1.04617028e+03 6.42665805e+00
1.04627170e+03 5.97789445e+00
1.04637312e+03 5.56035034e+00
1.04644073e+03 5.30137335e+00
1.04652881e+03 4.98894860e+00
1.04661689e+03 4.70599621e+00
1.04670497e+03 4.45328479e+00
1.04679305e+03 4.23107814e+00
1.04688113e+03 4.03922468e+00
1.04696921e+03 3.87727729e+00
1.04705729e+03 3.74457666e+00
1.04714537e+03 3.64035927e+00
1.04721821e+03 3.57512144e+00
1.04729105e+03 3.52838211e+00
1.04736389e+03 3.49974161e+00
1.04743673e+03 3.48884718e+00
1.04751121e+03 3.49574363e+00
1.04758569e+03 3.52061092e+00
1.04766017e+03 3.56322671e+00
1.04773465e+03 3.62339754e+00
1.04780912e+03 3.70093655e+00
1.04788360e+03 3.79563497e+00
1.04798291e+03 3.94813768e+00
1.04808221e+03 4.12982133e+00
1.04818151e+03 4.33942855e+00
1.04828031e+03 4.57390547e+00
1.04837859e+03 4.83050215e+00
1.04852601e+03 5.25230912e+00
1.04872258e+03 5.86268836e+00
1.04901742e+03 6.79959382e+00
1.04918439e+03 7.29158242e+00
1.04929569e+03 7.58707260e+00
1.04940700e+03 7.84863138e+00
1.04951831e+03 8.07084013e+00
1.04962962e+03 8.24979954e+00
1.04974092e+03 8.38325876e+00
1.04985223e+03 8.47066402e+00
1.04996070e+03 8.51253907e+00
1.05001352e+03 8.51811061e+00
1.05011916e+03 8.50198931e+00
1.05027762e+03 8.41672923e+00
1.05043607e+03 8.27153724e+00
1.05064735e+03 8.01371583e+00
1.05106990e+03 7.43207565e+00
1.05122835e+03 7.24330546e+00
1.05138681e+03 7.09655982e+00
1.05149245e+03 7.03027143e+00
1.05162192e+03 6.99160935e+00
1.05164576e+03 6.99022588e+00
1.05174110e+03 7.00427714e+00
1.05184006e+03 7.05439175e+00
1.05194264e+03 7.14762003e+00
1.05204523e+03 7.28539007e+00
1.05214781e+03 7.46935731e+00
1.05225039e+03 7.70009108e+00
1.05235298e+03 7.97692789e+00
1.05245556e+03 8.29784273e+00
1.05255814e+03 8.65939604e+00
1.05270629e+03 9.24309682e+00
1.05289999e+03 1.00854816e+01
1.05319054e+03 1.14005150e+01
1.05338424e+03 1.22184503e+01
1.05351935e+03 1.27220420e+01
1.05365446e+03 1.31502872e+01
1.05378956e+03 1.34897456e+01
1.05392467e+03 1.37318090e+01
1.05405978e+03 1.38731478e+01
1.05418759e+03 1.39158369e+01
1.05429179e+03 1.38889995e+01
1.05441645e+03 1.37911323e+01
1.05460343e+03 1.35314463e+01
1.05479041e+03 1.31709446e+01
1.05510204e+03 1.24473995e+01
1.05584997e+03 1.05899512e+01
1.05609927e+03 9.93806354e+00
1.05635981e+03 9.20825595e+00
1.05675063e+03 8.03208788e+00
1.05707630e+03 7.04760607e+00
1.05728948e+03 6.44468941e+00
1.05743752e+03 6.05773016e+00
1.05758555e+03 5.70144419e+00
1.05773359e+03 5.37780094e+00
1.05788163e+03 5.08725778e+00
1.05802967e+03 4.82933594e+00
1.05817770e+03 4.60321184e+00
1.05832574e+03 4.40822282e+00
1.05847864e+03 4.23931578e+00
1.05863154e+03 4.10386589e+00
1.05878445e+03 4.00288925e+00
1.05888638e+03 3.95540972e+00
1.05898831e+03 3.92435461e+00
1.05909025e+03 3.91023945e+00
1.05914121e+03 3.90970630e+00
1.05924368e+03 3.92217665e+00
1.05934616e+03 3.95330229e+00
1.05944863e+03 4.00386480e+00
1.05955110e+03 4.07478887e+00
1.05965357e+03 4.16716209e+00
1.05975604e+03 4.28223079e+00
1.05985851e+03 4.42136197e+00
1.05996098e+03 4.58596358e+00
1.06006345e+03 4.77736045e+00
1.06016592e+03 4.99662829e+00
1.06028283e+03 5.28160028e+00
1.06038002e+03 5.54665604e+00
1.06047721e+03 5.83637409e+00
1.06062299e+03 6.31306161e+00
1.06076877e+03 6.83082991e+00
1.06112633e+03 8.16643416e+00
1.06129822e+03 8.76602387e+00
1.06141282e+03 9.12171313e+00
1.06152742e+03 9.42882937e+00
1.06164201e+03 9.67786326e+00
1.06175661e+03 9.86179727e+00
1.06187120e+03 9.97663275e+00
1.06196622e+03 1.00188586e+01
1.06200394e+03 1.00225527e+01
1.06211710e+03 9.99111533e+00
1.06223026e+03 9.90091292e+00
1.06238114e+03 9.70400751e+00
1.06253202e+03 9.44212432e+00
1.06298466e+03 8.52330960e+00
1.06319148e+03 8.14488653e+00
1.06335927e+03 7.88219308e+00
1.06358300e+03 7.58975115e+00
1.06414233e+03 6.97152127e+00
1.06436606e+03 6.69157387e+00
1.06458979e+03 6.37397672e+00
1.06502824e+03 5.70826151e+00
1.06518253e+03 5.50104072e+00
1.06528538e+03 5.38422870e+00
1.06538824e+03 5.29084986e+00
1.06549109e+03 5.22649407e+00
1.06559395e+03 5.19671258e+00
1.06564538e+03 5.19647337e+00
1.06572252e+03 5.21623589e+00
1.06578973e+03 5.25453901e+00
1.06587273e+03 5.33084835e+00
1.06595573e+03 5.44113120e+00
1.06603873e+03 5.58708651e+00
1.06612172e+03 5.77000365e+00
1.06620472e+03 5.99068991e+00
1.06628772e+03 6.24943339e+00
1.06637072e+03 6.54593204e+00
1.06645199e+03 6.87196114e+00
1.06653153e+03 7.22384393e+00
1.06665083e+03 7.80803056e+00
1.06677014e+03 8.45157923e+00
1.06692922e+03 9.38083850e+00
1.06732714e+03 1.18186911e+01
1.06746645e+03 1.26095598e+01
1.06760575e+03 1.33134006e+01
1.06769862e+03 1.37182356e+01
1.06779149e+03 1.40613058e+01
1.06789000e+03 1.43491731e+01
1.06798850e+03 1.45513853e+01
1.06808701e+03 1.46622950e+01
1.06815319e+03 1.46836900e+01
1.06825516e+03 1.46318530e+01
1.06835962e+03 1.44728017e+01
1.06846408e+03 1.42100423e+01
1.06856854e+03 1.38499992e+01
1.06867300e+03 1.34017744e+01
1.06877746e+03 1.28767673e+01
1.06888192e+03 1.22882605e+01
1.06902120e+03 1.14301873e+01
1.06940924e+03 8.88835766e+00
1.06951872e+03 8.20478297e+00
1.06962820e+03 7.56218583e+00
1.06973768e+03 6.97112227e+00
1.06981038e+03 6.61107828e+00
1.06988308e+03 6.27894097e+00
1.06995579e+03 5.97580706e+00
1.07002849e+03 5.70226535e+00
1.07010119e+03 5.45838385e+00
1.07017389e+03 5.24376898e+00
1.07024659e+03 5.05757544e+00
1.07031929e+03 4.89857332e+00
1.07041040e+03 4.73523412e+00
1.07050152e+03 4.60834698e+00
1.07058913e+03 4.51671892e+00
1.07066973e+03 4.45511903e+00
1.07077720e+03 4.40087034e+00
1.07088467e+03 4.37118008e+00
1.07099214e+03 4.35837854e+00
1.07142201e+03 4.35053339e+00
1.07163330e+03 4.31803983e+00
1.07184459e+03 4.25571482e+00
1.07212631e+03 4.15132643e+00
1.07233759e+03 4.08992808e+00
1.07249606e+03 4.07252179e+00
1.07263845e+03 4.08770692e+00
1.07276090e+03 4.12898240e+00
1.07288335e+03 4.19929117e+00
1.07300580e+03 4.30033638e+00
1.07312825e+03 4.43287722e+00
1.07325070e+03 4.59693880e+00
1.07337315e+03 4.79211954e+00
1.07349560e+03 5.01797650e+00
1.07361805e+03 5.27446030e+00
1.07373884e+03 5.55826178e+00
1.07385964e+03 5.87462952e+00
1.07398043e+03 6.22708851e+00
1.07410122e+03 6.62090357e+00
1.07422201e+03 7.06311258e+00
1.07431260e+03 7.43166999e+00
1.07440320e+03 7.83636364e+00
1.07449379e+03 8.28150234e+00
1.07458438e+03 8.77140311e+00
1.07466459e+03 9.24580945e+00
1.07474480e+03 9.76103674e+00
1.07482501e+03 1.03191634e+01
1.07490522e+03 1.09216246e+01
1.07498543e+03 1.15691171e+01
1.07510574e+03 1.26240002e+01
1.07522606e+03 1.37742834e+01
1.07534839e+03 1.50304379e+01
1.07551150e+03 1.68097110e+01
1.07587850e+03 2.09400715e+01
1.07606022e+03 2.28406302e+01
1.07618137e+03 2.39798751e+01
1.07630252e+03 2.49836948e+01
1.07642367e+03 2.58290163e+01
1.07654481e+03 2.64986559e+01
1.07666596e+03 2.69817632e+01
1.07678711e+03 2.72737409e+01
1.07691266e+03 2.73759034e+01
1.07700361e+03 2.73261094e+01
1.07710757e+03 2.71475321e+01
1.07721152e+03 2.68464543e+01
1.07731547e+03 2.64315915e+01
1.07747140e+03 2.56169473e+01
1.07762733e+03 2.46020361e+01
1.07778326e+03 2.34226702e+01
1.07788721e+03 2.25633768e+01
1.07809511e+03 2.07208716e+01
1.07851092e+03 1.68752128e+01
1.07868472e+03 1.53487845e+01
1.07881507e+03 1.42807670e+01
1.07894541e+03 1.32969859e+01
1.07907576e+03 1.24096295e+01
1.07920610e+03 1.16264412e+01
1.07930057e+03 1.11260008e+01
1.07939503e+03 1.06820463e+01
1.07948949e+03 1.02935498e+01
1.07958396e+03 9.95874018e+00
1.07967842e+03 9.67526778e+00
1.07977288e+03 9.44043755e+00
1.07986734e+03 9.25137697e+00
1.07996181e+03 9.10522122e+00
1.08008776e+03 8.97237496e+00
1.08021371e+03 8.90506376e+00
1.08029165e+03 8.89398020e+00
1.08042312e+03 8.92481031e+00
1.08053682e+03 8.99864913e+00
1.08065052e+03 9.11337008e+00
1.08082108e+03 9.35603845e+00
1.08099163e+03 9.67408653e+00
1.08116218e+03 1.00550827e+01
1.08138959e+03 1.06353806e+01
1.08195810e+03 1.22100292e+01
1.08229047e+03 1.30623351e+01
1.08261846e+03 1.37953278e+01
1.08283712e+03 1.42183293e+01
1.08305579e+03 1.45807470e+01
1.08327445e+03 1.48636005e+01
1.08343845e+03 1.50041731e+01
1.08360244e+03 1.50634834e+01
1.08376644e+03 1.50219257e+01
1.08390217e+03 1.48982632e+01
1.08402376e+03 1.47117556e+01
1.08414536e+03 1.44502334e+01
1.08426696e+03 1.41132909e+01
1.08438855e+03 1.37037422e+01
1.08446961e+03 1.33932549e+01
1.08463174e+03 1.26943805e+01
1.08479387e+03 1.19151513e+01
1.08521147e+03 9.77953469e+00
1.08535150e+03 9.09922246e+00
1.08549152e+03 8.46898140e+00
1.08563155e+03 7.90215253e+00
1.08572490e+03 7.56387820e+00
1.08581825e+03 7.25892960e+00
1.08592938e+03 6.93978505e+00
1.08602606e+03 6.70025917e+00
1.08612275e+03 6.49470779e+00
1.08621943e+03 6.32104441e+00
1.08631611e+03 6.17673945e+00
1.08644502e+03 6.02512279e+00
1.08657393e+03 5.91381273e+00
1.08670285e+03 5.83621301e+00
1.08683176e+03 5.78650169e+00
1.08700680e+03 5.75542758e+00
1.08706210e+03 5.75314275e+00
1.08722799e+03 5.76576849e+00
1.08739388e+03 5.80664301e+00
1.08755977e+03 5.87686476e+00
1.08772566e+03 5.97946070e+00
1.08789155e+03 6.11818240e+00
1.08805744e+03 6.29623070e+00
1.08822333e+03 6.51504680e+00
1.08838922e+03 6.77331175e+00
1.08855511e+03 7.06624083e+00
1.08882944e+03 7.60241220e+00
1.08915692e+03 8.25157250e+00
1.08932065e+03 8.54292199e+00
1.08948439e+03 8.79071269e+00
1.08964813e+03 8.98114467e+00
1.08981187e+03 9.10392964e+00
1.08993467e+03 9.14802025e+00
1.08999913e+03 9.15439900e+00
1.09016378e+03 9.11960006e+00
1.09030491e+03 9.03549809e+00
1.09044604e+03 8.90889217e+00
1.09063422e+03 8.69196123e+00
1.09101057e+03 8.21666733e+00
1.09115170e+03 8.07383723e+00
1.09129283e+03 7.97681003e+00
1.09143397e+03 7.94142347e+00
1.09156293e+03 7.97445339e+00
1.09167461e+03 8.05968750e+00
1.09178629e+03 8.20066303e+00
1.09189797e+03 8.39812509e+00
1.09200965e+03 8.65037253e+00
1.09212133e+03 8.95312401e+00
1.09223301e+03 9.29951918e+00
1.09240053e+03 9.88004250e+00
1.09276042e+03 1.11921605e+01
1.09288204e+03 1.15917689e+01
1.09300366e+03 1.19402519e+01
1.09312528e+03 1.22231343e+01
1.09324690e+03 1.24293836e+01
1.09336852e+03 1.25521297e+01
1.09347472e+03 1.25890665e+01
1.09361091e+03 1.25428580e+01
1.09374710e+03 1.23997509e+01
1.09388329e+03 1.21737899e+01
1.09406488e+03 1.17748919e+01
1.09433726e+03 1.10629230e+01
1.09460964e+03 1.03416394e+01
1.09479122e+03 9.90571545e+00
1.09496322e+03 9.54215702e+00
1.09512564e+03 9.24634514e+00
1.09528805e+03 8.99583688e+00
1.09545046e+03 8.78882916e+00
1.09561287e+03 8.62481654e+00
1.09577528e+03 8.50587475e+00
1.09593770e+03 8.43669255e+00
1.09601890e+03 8.42266805e+00
1.09618131e+03 8.43946230e+00
1.09630857e+03 8.49655250e+00
1.09643582e+03 8.59264074e+00
1.09660550e+03 8.77763170e+00
1.09677517e+03 9.01628831e+00
1.09719936e+03 9.70366423e+00
1.09736903e+03 9.94312415e+00
1.09753870e+03 1.01240727e+01
1.09771442e+03 1.02328729e+01
1.09777300e+03 1.02501069e+01
1.09896581e+03 9.74194597e+00
1.09910581e+03 9.79080684e+00
1.09924582e+03 9.88995049e+00
1.09943249e+03 1.00908568e+01
1.09971250e+03 1.04870781e+01
1.09999250e+03 1.08958825e+01
1.10017918e+03 1.11204200e+01
1.10036585e+03 1.12792301e+01
1.10053426e+03 1.13581688e+01
1.10066968e+03 1.13792071e+01
1.10094051e+03 1.13362104e+01
1.10121134e+03 1.12546369e+01
1.10134675e+03 1.12335352e+01
1.10154988e+03 1.12650415e+01
1.10170236e+03 1.13588061e+01
1.10182953e+03 1.14920910e+01
1.10195670e+03 1.16784928e+01
1.10212626e+03 1.20074264e+01
1.10229582e+03 1.24157061e+01
1.10280450e+03 1.38230239e+01
1.10297406e+03 1.42176807e+01
1.10308805e+03 1.44234097e+01
1.10320204e+03 1.45670057e+01
1.10334452e+03 1.46434323e+01
1.10337302e+03 1.46436529e+01
1.10349750e+03 1.45817777e+01
1.10359873e+03 1.44535032e+01
1.10369996e+03 1.42540258e+01
1.10380119e+03 1.39840496e+01
1.10390242e+03 1.36460531e+01
1.10396991e+03 1.33849152e+01
1.10410488e+03 1.27841243e+01
1.10423986e+03 1.20925429e+01
1.10437483e+03 1.13298467e+01
1.10457144e+03 1.01375764e+01
1.10487965e+03 8.23266487e+00
1.10500293e+03 7.50899617e+00
1.10511719e+03 6.87737286e+00
1.10523145e+03 6.29312488e+00
1.10531714e+03 5.89066632e+00
1.10540284e+03 5.52162808e+00
1.10545997e+03 5.29509804e+00
1.10553751e+03 5.01339737e+00
1.10561505e+03 4.76189369e+00
1.10569259e+03 4.54082183e+00
1.10577012e+03 4.35006439e+00
1.10584766e+03 4.18917526e+00
1.10592520e+03 4.05743026e+00
1.10600274e+03 3.95385439e+00
1.10608028e+03 3.87726277e+00
1.10615287e+03 3.82880772e+00
1.10621699e+03 3.80370935e+00
1.10628111e+03 3.79427332e+00
1.10637729e+03 3.80741101e+00
1.10647347e+03 3.85034309e+00
1.10656964e+03 3.91965143e+00
1.10666582e+03 4.01185637e+00
1.10679406e+03 4.16435200e+00
1.10692229e+03 4.34299160e+00
1.10711465e+03 4.64186527e+00
1.10744573e+03 5.17117457e+00
1.10764594e+03 5.45457805e+00
1.10777942e+03 5.61291633e+00
1.10791290e+03 5.74028928e+00
1.10804638e+03 5.83301428e+00
1.10817986e+03 5.88939888e+00
1.10832864e+03 5.91008289e+00
1.10849271e+03 5.88605921e+00
1.10865678e+03 5.82233328e+00
1.10898493e+03 5.63120370e+00
1.10923104e+03 5.49374661e+00
1.10939511e+03 5.43131166e+00
1.10955919e+03 5.40313065e+00
1.10959901e+03 5.40197828e+00
1.10976061e+03 5.42011285e+00
1.10992221e+03 5.47157833e+00
1.11016461e+03 5.59194176e+00
1.11048781e+03 5.76273762e+00
1.11064941e+03 5.81895987e+00
1.11081101e+03 5.83805930e+00
1.11093780e+03 5.82093340e+00
1.11107579e+03 5.76689118e+00
1.11121378e+03 5.67522827e+00
1.11135176e+03 5.54766736e+00
1.11148975e+03 5.38816531e+00
1.11162773e+03 5.20246806e+00
1.11181172e+03 4.92623670e+00
1.11217968e+03 4.34223135e+00
1.11236366e+03 4.06656003e+00
1.11252937e+03 3.84108130e+00
1.11269508e+03 3.64282626e+00
1.11281936e+03 3.51387347e+00
1.11294365e+03 3.40258002e+00
1.11306793e+03 3.30927954e+00
1.11319221e+03 3.23427387e+00
1.11331649e+03 3.17807839e+00
1.11344078e+03 3.14164666e+00
1.11357542e+03 3.12629325e+00
1.11358577e+03 3.12622446e+00
1.11368934e+03 3.13493626e+00
1.11376301e+03 3.15217032e+00
1.11386072e+03 3.19049134e+00
1.11395843e+03 3.24801165e+00
1.11405615e+03 3.32646588e+00
1.11415386e+03 3.42750049e+00
1.11425157e+03 3.55253395e+00
1.11434928e+03 3.70260684e+00
1.11444699e+03 3.87823135e+00
1.11454471e+03 4.07924850e+00
1.11466292e+03 4.35498017e+00
1.11478114e+03 4.66305218e+00
1.11485995e+03 4.88382713e+00
1.11501757e+03 5.35281425e+00
1.11535458e+03 6.38748969e+00
1.11547418e+03 6.72880863e+00
1.11559378e+03 7.03870816e+00
1.11571337e+03 7.30764609e+00
1.11583297e+03 7.52817436e+00
1.11595257e+03 7.69555551e+00
1.11607216e+03 7.80815937e+00
1.11620440e+03 7.87098178e+00
1.11627683e+03 7.88013005e+00
1.11642170e+03 7.85279227e+00
1.11656658e+03 7.77910405e+00
1.11685632e+03 7.57371486e+00
1.11707363e+03 7.44720292e+00
1.11721850e+03 7.40512911e+00
1.11729094e+03 7.40015278e+00
1.11744987e+03 7.42861693e+00
1.11760880e+03 7.50741671e+00
1.11784720e+03 7.69243100e+00
1.11816506e+03 7.95954831e+00
1.11832399e+03 8.05245827e+00
1.11848293e+03 8.09295621e+00
1.11850279e+03 8.09363159e+00
1.11865420e+03 8.06343806e+00
1.11879192e+03 7.97942876e+00
1.11892963e+03 7.84157209e+00
1.11906735e+03 7.65324304e+00
1.11920506e+03 7.42047312e+00
1.11938868e+03 7.05490327e+00
1.11957230e+03 6.64632876e+00
1.11993954e+03 5.78999938e+00
1.12009813e+03 5.43722108e+00
1.12023169e+03 5.16080622e+00
1.12036524e+03 4.90979226e+00
1.12049880e+03 4.68964667e+00
1.12059897e+03 4.54773826e+00
1.12069913e+03 4.42774719e+00
1.12079930e+03 4.33126217e+00
1.12089947e+03 4.25962579e+00
1.12099963e+03 4.21390548e+00
1.12110724e+03 4.19452570e+00
1.12112026e+03 4.19429776e+00
1.12118425e+03 4.19985361e+00
1.12129361e+03 4.23501367e+00
1.12140298e+03 4.30218248e+00
1.12151234e+03 4.40041120e+00
1.12162171e+03 4.52817249e+00
1.12173107e+03 4.68336155e+00
1.12184043e+03 4.86333087e+00
1.12200448e+03 5.17271617e+00
1.12219527e+03 5.57699547e+00
1.12264045e+03 6.58191618e+00
1.12283124e+03 6.98233537e+00
1.12302202e+03 7.33394775e+00
1.12319510e+03 7.59732203e+00
1.12332491e+03 7.75514745e+00
1.12345472e+03 7.87708050e+00
1.12362780e+03 7.98387269e+00
1.12380993e+03 8.03127370e+00
1.12385773e+03 8.03361948e+00
1.12400112e+03 8.01837747e+00
1.12419231e+03 7.95404854e+00
1.12447909e+03 7.79188979e+00
1.12562622e+03 6.96220859e+00
1.12600860e+03 6.72439854e+00
1.12629538e+03 6.58915946e+00
1.12648657e+03 6.53369913e+00
1.12667776e+03 6.51557093e+00
1.12686407e+03 6.53938541e+00
1.12704550e+03 6.60295133e+00
1.12722693e+03 6.70173239e+00
1.12777122e+03 7.07560861e+00
1.12795265e+03 7.16211950e+00
1.12808872e+03 7.19435442e+00
1.12813408e+03 7.19767238e+00
1.12826933e+03 7.18349663e+00
1.12840293e+03 7.13288045e+00
1.12853654e+03 7.04667395e+00
1.12867014e+03 6.92846732e+00
1.12884828e+03 6.73207232e+00
1.12920455e+03 6.28930279e+00
1.12938269e+03 6.09686812e+00
1.12951629e+03 5.98938061e+00
1.12964989e+03 5.92762467e+00
1.12972273e+03 5.91774423e+00
1.12982470e+03 5.93689885e+00
1.12992751e+03 6.00013427e+00
1.13001660e+03 6.09470308e+00
1.13010568e+03 6.22964093e+00
1.13019477e+03 6.40795500e+00
1.13028386e+03 6.63230350e+00
1.13037295e+03 6.90489373e+00
1.13046203e+03 7.22734838e+00
1.13055112e+03 7.60059243e+00
1.13062924e+03 7.96976500e+00
1.13072997e+03 8.50255317e+00
1.13083069e+03 9.09661765e+00
1.13093142e+03 9.74721164e+00
1.13106572e+03 1.06904908e+01
1.13124994e+03 1.20863038e+01
1.13152310e+03 1.42165447e+01
1.13167919e+03 1.53622509e+01
1.13179649e+03 1.61417338e+01
1.13191425e+03 1.68260775e+01
1.13203201e+03 1.73897749e+01
1.13214977e+03 1.78146295e+01
1.13226752e+03 1.80876654e+01
1.13238528e+03 1.82018899e+01
1.13241233e+03 1.82055042e+01
1.13249348e+03 1.81662110e+01
1.13260168e+03 1.80001350e+01
1.13270988e+03 1.77121637e+01
1.13281807e+03 1.73145147e+01
1.13292627e+03 1.68224085e+01
1.13303447e+03 1.62532159e+01
1.13317873e+03 1.54066375e+01
1.13359677e+03 1.27653628e+01
1.13376889e+03 1.17473571e+01
1.13388364e+03 1.11248660e+01
1.13399839e+03 1.05561795e+01
1.13411314e+03 1.00457022e+01
1.13422789e+03 9.59544181e+00
1.13434264e+03 9.20548244e+00
1.13445739e+03 8.87446315e+00
1.13458300e+03 8.57686258e+00
1.13470861e+03 8.34304252e+00
1.13483421e+03 8.16846991e+00
1.13495982e+03 8.04832260e+00
1.13508543e+03 7.97758681e+00
1.13519269e+03 7.95240039e+00
1.13525809e+03 7.95145674e+00
1.13538887e+03 7.97872973e+00
1.13558505e+03 8.08064016e+00
1.13578123e+03 8.23671805e+00
1.13604281e+03 8.49531842e+00
1.13643517e+03 8.93148759e+00
1.13676214e+03 9.34282952e+00
1.13695832e+03 9.64158476e+00
1.13715450e+03 1.00080483e+01
1.13729907e+03 1.03346063e+01
1.13745744e+03 1.07554013e+01
1.13761580e+03 1.12439710e+01
1.13777416e+03 1.17946130e+01
1.13801171e+03 1.27033687e+01
1.13832844e+03 1.39319471e+01
1.13848680e+03 1.44773988e+01
1.13863532e+03 1.49039351e+01
1.13874671e+03 1.51527676e+01
1.13885810e+03 1.53296601e+01
1.13896950e+03 1.54269432e+01
1.13904376e+03 1.54449098e+01
1.13916342e+03 1.53925333e+01
1.13928723e+03 1.52326641e+01
1.13941104e+03 1.49691103e+01
1.13953484e+03 1.46097420e+01
1.13965865e+03 1.41659882e+01
1.13982372e+03 1.34679083e+01
1.13998880e+03 1.26839641e+01
1.14040148e+03 1.06148116e+01
1.14057478e+03 9.80458725e+00
1.14069032e+03 9.31075274e+00
1.14080585e+03 8.86380680e+00
1.14092138e+03 8.47085468e+00
1.14103692e+03 8.13797459e+00
1.14112357e+03 7.93088539e+00
1.14121022e+03 7.76241014e+00
1.14129687e+03 7.63418747e+00
1.14137927e+03 7.55085861e+00
1.14145954e+03 7.50679485e+00
1.14151306e+03 7.49809746e+00
1.14159070e+03 7.51516499e+00
1.14164158e+03 7.54546663e+00
1.14174334e+03 7.65126169e+00
1.14184511e+03 7.81624727e+00
1.14194687e+03 8.03805029e+00
1.14204863e+03 8.31290149e+00
1.14215039e+03 8.63551484e+00
1.14225215e+03 8.99903030e+00
1.14235392e+03 9.39503711e+00
1.14267886e+03 1.07556889e+01
1.14284133e+03 1.14025601e+01
1.14294965e+03 1.17871845e+01
1.14305796e+03 1.21183861e+01
1.14316628e+03 1.23842912e+01
1.14327582e+03 1.25772023e+01
1.14338658e+03 1.26878555e+01
1.14347775e+03 1.27129354e+01
1.14358511e+03 1.26664525e+01
1.14369247e+03 1.25414590e+01
1.14379983e+03 1.23451803e+01
1.14394298e+03 1.19909700e+01
1.14401455e+03 1.17831106e+01
1.14437242e+03 1.06284363e+01
1.14451556e+03 1.02092034e+01
1.14463746e+03 9.91686937e+00
1.14473811e+03 9.73610948e+00
1.14483876e+03 9.62046230e+00
1.14493941e+03 9.57711780e+00
1.14503033e+03 9.60400091e+00
1.14511153e+03 9.68229300e+00
1.14519272e+03 9.81155678e+00
1.14527392e+03 9.99029090e+00
1.14535511e+03 1.02157705e+01
1.14547690e+03 1.06328270e+01
1.14559869e+03 1.11283819e+01
1.14575303e+03 1.18336496e+01
1.14603738e+03 1.31839074e+01
1.14615112e+03 1.36752254e+01
1.14626486e+03 1.41039829e+01
1.14637860e+03 1.44496997e+01
1.14649234e+03 1.46951271e+01
1.14658767e+03 1.48138288e+01
1.14666459e+03 1.48477714e+01
1.14677051e+03 1.48010573e+01
1.14687171e+03 1.46547875e+01
1.14697290e+03 1.44117298e+01
1.14707410e+03 1.40774146e+01
1.14717529e+03 1.36600695e+01
1.14724276e+03 1.33408245e+01
1.14737769e+03 1.26201391e+01
1.14751261e+03 1.18165768e+01
1.14790681e+03 9.30788174e+00
1.14803116e+03 8.55465965e+00
1.14815550e+03 7.85302837e+00
1.14824876e+03 7.36861989e+00
1.14832616e+03 6.99693772e+00
1.14841880e+03 6.59040100e+00
1.14851144e+03 6.22660112e+00
1.14860407e+03 5.90539861e+00
1.14869671e+03 5.62549929e+00
1.14878935e+03 5.38462730e+00
1.14888198e+03 5.17968045e+00
1.14897462e+03 5.00691521e+00
1.14906304e+03 4.86816455e+00
1.14918936e+03 4.70641981e+00
1.14931567e+03 4.57711295e+00
1.14952619e+03 4.40353755e+00
1.14986303e+03 4.14173900e+00
1.15003145e+03 3.98841617e+00
1.15019986e+03 3.81356790e+00
1.15048047e+03 3.48651811e+00
1.15070486e+03 3.22147281e+00
1.15087315e+03 3.04295398e+00
1.15098534e+03 2.94195871e+00
1.15109754e+03 2.86009665e+00
1.15118168e+03 2.81330758e+00
1.15126582e+03 2.78031367e+00
1.15134289e+03 2.76291300e+00
1.15141996e+03 2.75819281e+00
1.15150888e+03 2.76872155e+00
1.15159781e+03 2.79624159e+00
1.15168674e+03 2.84022926e+00
1.15177566e+03 2.89977656e+00
1.15186459e+03 2.97362935e+00
1.15199798e+03 3.10775599e+00
1.15213137e+03 3.26428025e+00
1.15235360e+03 3.55568939e+00
1.15264989e+03 3.95419045e+00
1.15279804e+03 4.13871400e+00
1.15294619e+03 4.30509467e+00
1.15309433e+03 4.44954233e+00
1.15324248e+03 4.57025780e+00
1.15338686e+03 4.66506246e+00
1.15359777e+03 4.76615571e+00
1.15380868e+03 4.83022912e+00
1.15404158e+03 4.87044979e+00
1.15487087e+03 4.94166849e+00
1.15555392e+03 5.02312759e+00
1.15589544e+03 5.03495768e+00
1.15621954e+03 5.01059180e+00
1.15670569e+03 4.94944729e+00
1.15678671e+03 4.94624192e+00
1.15694876e+03 4.95695097e+00
1.15707030e+03 4.98639439e+00
1.15719183e+03 5.04111731e+00
1.15729855e+03 5.11546090e+00
1.15740527e+03 5.21955828e+00
1.15751199e+03 5.35846292e+00
1.15761871e+03 5.53714300e+00
1.15769875e+03 5.70007950e+00
1.15777879e+03 5.88978284e+00
1.15785883e+03 6.10776787e+00
1.15793887e+03 6.35522803e+00
1.15801890e+03 6.63296947e+00
1.15812719e+03 7.05747347e+00
1.15820879e+03 7.41409520e+00
1.15833120e+03 8.00581177e+00
1.15845361e+03 8.66016467e+00
1.15857601e+03 9.36803554e+00
1.15874048e+03 1.03818249e+01
1.15911898e+03 1.27959433e+01
1.15928720e+03 1.38072534e+01
1.15942927e+03 1.45914758e+01
1.15960313e+03 1.54401561e+01
1.15977700e+03 1.61531911e+01
1.15995087e+03 1.67313122e+01
1.16012473e+03 1.71891386e+01
1.16029860e+03 1.75512004e+01
1.16122588e+03 1.89748031e+01
1.16161992e+03 1.97217502e+01
1.16201396e+03 2.06246683e+01
1.16267069e+03 2.22572764e+01
1.16293338e+03 2.27762711e+01
1.16313040e+03 2.30443148e+01
1.16332742e+03 2.31873141e+01
1.16348655e+03 2.32112663e+01
1.16364567e+03 2.31634652e+01
1.16396392e+03 2.29250215e+01
1.16444130e+03 2.25256808e+01
1.16480209e+03 2.23699331e+01
1.16530623e+03 2.22173986e+01
1.16552061e+03 2.20581948e+01
1.16574770e+03 2.17634230e+01
1.16591802e+03 2.14378383e+01
1.16608833e+03 2.10130942e+01
1.16625865e+03 2.04848680e+01
1.16642897e+03 1.98522068e+01
1.16659929e+03 1.91173043e+01
1.16676960e+03 1.82857929e+01
1.16699670e+03 1.70443838e+01
1.16722378e+03 1.56863301e+01
1.16762354e+03 1.31906865e+01
1.16782341e+03 1.20018637e+01
1.16797332e+03 1.11855025e+01
1.16811542e+03 1.04970822e+01
1.16820755e+03 1.01049212e+01
1.16829968e+03 9.76115717e+00
1.16839181e+03 9.46994746e+00
1.16848394e+03 9.23463950e+00
1.16857607e+03 9.05768905e+00
1.16866821e+03 8.94055804e+00
1.16876034e+03 8.88367128e+00
1.16879754e+03 8.87766645e+00
1.16887195e+03 8.89446247e+00
1.16894636e+03 8.94874242e+00
1.16905797e+03 9.09711264e+00
1.16916958e+03 9.31985022e+00
1.16928120e+03 9.60875025e+00
1.16935560e+03 9.83348819e+00
1.16950442e+03 1.03465640e+01
1.16965324e+03 1.09238056e+01
1.16995087e+03 1.21772007e+01
1.17030585e+03 1.36725194e+01
1.17054250e+03 1.45980187e+01
1.17077915e+03 1.54390870e+01
1.17101580e+03 1.61751912e+01
1.17119329e+03 1.66393971e+01
1.17137078e+03 1.70068523e+01
1.17154827e+03 1.72546403e+01
1.17172575e+03 1.73606593e+01
1.17175534e+03 1.73632745e+01
1.17188997e+03 1.73182486e+01
1.17202765e+03 1.71745751e+01
1.17216533e+03 1.69347131e+01
1.17230301e+03 1.66064694e+01
1.17248659e+03 1.60539986e+01
1.17276194e+03 1.50655155e+01
1.17312909e+03 1.36985648e+01
1.17331266e+03 1.30884422e+01
1.17350760e+03 1.25359629e+01
1.17363755e+03 1.22304021e+01
1.17376750e+03 1.19770571e+01
1.17389746e+03 1.17752496e+01
1.17402741e+03 1.16227393e+01
1.17422234e+03 1.14789218e+01
1.17439469e+03 1.14264856e+01
1.17445828e+03 1.14224672e+01
1.17469144e+03 1.14646345e+01
1.17528496e+03 1.17332350e+01
1.17545453e+03 1.17630972e+01
1.17562411e+03 1.17303536e+01
1.17577847e+03 1.16287695e+01
1.17591763e+03 1.14683004e+01
1.17605679e+03 1.12370728e+01
1.17619594e+03 1.09338983e+01
1.17633510e+03 1.05618351e+01
1.17647425e+03 1.01280875e+01
1.17661341e+03 9.64352337e+00
1.17682214e+03 8.85193621e+00
1.17717850e+03 7.45944568e+00
1.17735668e+03 6.80976803e+00
1.17749032e+03 6.36381119e+00
1.17759513e+03 6.04420080e+00
1.17771565e+03 5.71270128e+00
1.17783617e+03 5.42160317e+00
1.17795670e+03 5.17147963e+00
1.17807722e+03 4.96176539e+00
1.17819774e+03 4.79107114e+00
1.17831827e+03 4.65749846e+00
1.17843879e+03 4.55891932e+00
1.17856193e+03 4.49211258e+00
1.17868770e+03 4.45704557e+00
1.17875058e+03 4.45142217e+00
1.17889262e+03 4.46636218e+00
1.17903467e+03 4.51739145e+00
1.17917672e+03 4.60163110e+00
1.17931877e+03 4.71574367e+00
1.17946082e+03 4.85564754e+00
1.17960287e+03 5.01634028e+00
1.17988696e+03 5.37572675e+00
1.18017106e+03 5.74048336e+00
1.18036597e+03 5.96742291e+00
1.18056638e+03 6.16724156e+00
1.18076679e+03 6.32930993e+00
1.18106740e+03 6.51538822e+00
1.18146822e+03 6.74194269e+00
1.18166863e+03 6.89123019e+00
1.18186904e+03 7.08661322e+00
1.18202638e+03 7.27739445e+00
1.18218372e+03 7.50054673e+00
1.18228861e+03 7.66517713e+00
1.18291797e+03 8.75135078e+00
1.18312776e+03 9.06092788e+00
1.18328510e+03 9.24369414e+00
1.18344243e+03 9.37194894e+00
1.18354733e+03 9.42290103e+00
1.18369696e+03 9.44365584e+00
1.18383550e+03 9.40623163e+00
1.18397404e+03 9.31415598e+00
1.18411258e+03 9.16960383e+00
1.18425111e+03 8.97721695e+00
1.18443583e+03 8.65906615e+00
1.18471291e+03 8.10118432e+00
1.18489763e+03 7.72281337e+00
1.18508234e+03 7.38304989e+00
1.18523105e+03 7.16389840e+00
1.18534374e+03 7.04274905e+00
1.18545643e+03 6.96825594e+00
1.18556912e+03 6.94614230e+00
1.18567016e+03 6.97421660e+00
1.18575954e+03 7.03820801e+00
1.18584892e+03 7.13922730e+00
1.18593830e+03 7.27664078e+00
1.18602768e+03 7.44894281e+00
1.18611706e+03 7.65378495e+00
1.18625113e+03 8.01495433e+00
1.18639978e+03 8.47589935e+00
1.18687395e+03 1.00985145e+01
1.18705176e+03 1.06453607e+01
1.18717031e+03 1.09589093e+01
1.18728885e+03 1.12209538e+01
1.18743475e+03 1.14629413e+01
1.18758065e+03 1.16090154e+01
1.18770547e+03 1.16559371e+01
1.18773302e+03 1.16566951e+01
1.18784322e+03 1.16260419e+01
1.18795343e+03 1.15439213e+01
1.18811873e+03 1.13336726e+01
1.18828404e+03 1.10351037e+01
1.18844935e+03 1.06687158e+01
1.18866976e+03 1.01110750e+01
1.18922078e+03 8.63429720e+00
1.18944119e+03 8.08614345e+00
1.18965764e+03 7.59163869e+00
1.18987408e+03 7.14368990e+00
1.19009053e+03 6.74352468e+00
1.19025286e+03 6.47663529e+00
1.19041519e+03 6.24157016e+00
1.19057752e+03 6.04314655e+00
1.19073986e+03 5.88747152e+00
1.19084808e+03 5.81069588e+00
1.19095630e+03 5.75768420e+00
1.19109158e+03 5.72712094e+00
1.19111864e+03 5.72594006e+00
1.19126408e+03 5.74829314e+00
1.19140108e+03 5.81327553e+00
1.19153809e+03 5.91873942e+00
1.19167509e+03 6.06051104e+00
1.19181209e+03 6.23251388e+00
1.19190343e+03 6.36026414e+00
1.19245144e+03 7.19122453e+00
1.19263411e+03 7.43178048e+00
1.19279884e+03 7.60992083e+00
1.19296358e+03 7.74323658e+00
1.19312832e+03 7.82683847e+00
1.19329305e+03 7.85820918e+00
1.19346127e+03 7.83573044e+00
1.19362949e+03 7.75925512e+00
1.19379771e+03 7.63153971e+00
1.19396593e+03 7.45721145e+00
1.19413415e+03 7.24312505e+00
1.19441451e+03 6.82460824e+00
1.19475095e+03 6.29567479e+00
1.19491917e+03 6.05589855e+00
1.19508739e+03 5.85283979e+00
1.19520830e+03 5.73687671e+00
1.19532922e+03 5.65034449e+00
1.19545014e+03 5.59592238e+00
1.19557105e+03 5.57512572e+00
1.19567057e+03 5.58350012e+00
1.19581984e+03 5.63819188e+00
1.19596910e+03 5.74024862e+00
1.19611837e+03 5.88420988e+00
1.19626764e+03 6.06303572e+00
1.19646667e+03 6.34162628e+00
1.19706374e+03 7.26023784e+00
1.19727653e+03 7.55204254e+00
1.19750310e+03 7.81708031e+00
1.19772966e+03 8.03391517e+00
1.19818277e+03 8.39538657e+00
1.19840934e+03 8.61541612e+00
1.19857926e+03 8.83967017e+00
1.19869253e+03 9.03020041e+00
1.19880581e+03 9.26079666e+00
1.19891909e+03 9.53655652e+00
1.19904810e+03 9.91017994e+00
1.19912046e+03 1.01485252e+01
1.19926519e+03 1.06868546e+01
1.19940992e+03 1.13022835e+01
1.19955465e+03 1.19826974e+01
1.20006120e+03 1.45485833e+01
1.20021975e+03 1.52660363e+01
1.20034904e+03 1.57648171e+01
1.20047832e+03 1.61612052e+01
1.20060761e+03 1.64353381e+01
1.20073689e+03 1.65718914e+01
1.20079076e+03 1.65856617e+01
1.20089573e+03 1.65375447e+01
1.20100470e+03 1.63825432e+01
1.20111367e+03 1.61231053e+01
1.20122265e+03 1.57650875e+01
1.20133162e+03 1.53173648e+01
1.20140427e+03 1.49746285e+01
1.20154956e+03 1.42008579e+01
1.20169486e+03 1.33390732e+01
1.20206336e+03 1.10135360e+01
1.20221918e+03 1.00746977e+01
1.20233604e+03 9.42044848e+00
1.20245291e+03 8.82117227e+00
1.20256977e+03 8.28460683e+00
1.20265389e+03 7.93996200e+00
1.20274423e+03 7.60980825e+00
1.20283457e+03 7.32115130e+00
1.20292491e+03 7.07327422e+00
1.20301525e+03 6.86471088e+00
1.20310559e+03 6.69336265e+00
1.20319593e+03 6.55661915e+00
1.20328627e+03 6.45147854e+00
1.20341903e+03 6.34739239e+00
1.20355042e+03 6.29381735e+00
1.20368180e+03 6.27862416e+00
1.20385698e+03 6.30026261e+00
1.20447011e+03 6.48170439e+00
1.20473288e+03 6.51357837e+00
1.20497116e+03 6.49645412e+00
1.20520943e+03 6.43783095e+00
1.20536828e+03 6.38006067e+00
1.20632139e+03 5.93668528e+00
1.20679794e+03 5.74321807e+00
1.20703622e+03 5.62957114e+00
1.20719507e+03 5.53234123e+00
1.20736042e+03 5.40344490e+00
1.20753227e+03 5.23181127e+00
1.20766116e+03 5.07454281e+00
1.20779004e+03 4.89176583e+00
1.20791893e+03 4.68413846e+00
1.20804782e+03 4.45386810e+00
1.20821967e+03 4.11815402e+00
1.20864930e+03 3.21757882e+00
1.20878283e+03 2.94789510e+00
1.20891636e+03 2.69563143e+00
1.20901651e+03 2.52169768e+00
1.20911666e+03 2.36345144e+00
1.20918343e+03 2.26766397e+00
1.20926001e+03 2.16812432e+00
1.20933659e+03 2.08024471e+00
1.20941317e+03 2.00457222e+00
1.20948975e+03 1.94155536e+00
1.20956633e+03 1.89155213e+00
1.20964291e+03 1.85484788e+00
1.20971949e+03 1.83166594e+00
1.20979607e+03 1.82218303e+00
1.20980631e+03 1.82196142e+00
1.20988381e+03 1.82834218e+00
1.20996132e+03 1.84904887e+00
1.21003882e+03 1.88420606e+00
1.21011632e+03 1.93394450e+00
1.21019383e+03 1.99841300e+00
1.21027133e+03 2.07778158e+00
1.21034883e+03 2.17224821e+00
1.21042633e+03 2.28203878e+00
1.21049480e+03 2.39197712e+00
1.21056326e+03 2.51426781e+00
1.21063172e+03 2.64911822e+00
1.21070019e+03 2.79674582e+00
1.21076865e+03 2.95737402e+00
1.21083711e+03 3.13122740e+00
1.21090557e+03 3.31852648e+00
1.21100453e+03 3.61342798e+00
1.21109600e+03 3.91191407e+00
1.21118748e+03 4.23564714e+00
1.21127895e+03 4.58489113e+00
1.21137043e+03 4.95979175e+00
1.21146190e+03 5.36033743e+00
1.21156125e+03 5.82415712e+00
1.21166059e+03 6.31747374e+00
1.21179305e+03 7.01963014e+00
1.21192550e+03 7.76971448e+00
1.21208167e+03 8.70971981e+00
1.21226154e+03 9.85488545e+00
1.21257631e+03 1.19582692e+01
1.21285365e+03 1.38106611e+01
1.21306730e+03 1.51473712e+01
1.21320973e+03 1.59553655e+01
1.21335216e+03 1.66709500e+01
1.21349459e+03 1.72727330e+01
1.21360142e+03 1.76376664e+01
1.21370824e+03 1.79207238e+01
1.21381507e+03 1.81163351e+01
1.21392339e+03 1.82213576e+01
1.21399611e+03 1.82379582e+01
1.21411671e+03 1.81696568e+01
1.21423731e+03 1.79837592e+01
1.21435791e+03 1.76854155e+01
1.21447850e+03 1.72827714e+01
1.21459910e+03 1.67865914e+01
1.21471970e+03 1.62097345e+01
1.21488049e+03 1.53400240e+01
1.21512169e+03 1.38929926e+01
1.21554812e+03 1.12316827e+01
1.21572520e+03 1.01825619e+01
1.21590229e+03 9.19867542e+00
1.21603392e+03 8.51581788e+00
1.21616319e+03 7.88733883e+00
1.21629246e+03 7.30057729e+00
1.21642173e+03 6.75455311e+00
1.21655100e+03 6.24782257e+00
1.21668027e+03 5.77891646e+00
1.21681570e+03 5.32695733e+00
1.21695114e+03 4.91458381e+00
1.21708657e+03 4.54195554e+00
1.21717686e+03 4.31608632e+00
1.21726715e+03 4.10881892e+00
1.21735744e+03 3.92077712e+00
1.21744488e+03 3.75767918e+00
1.21752947e+03 3.61837689e+00
1.21761405e+03 3.49792430e+00
1.21769864e+03 3.39698155e+00
1.21778323e+03 3.31616509e+00
1.21786782e+03 3.25602448e+00
1.21795241e+03 3.21700756e+00
1.21803700e+03 3.19943304e+00
1.21807929e+03 3.19874426e+00
1.21816882e+03 3.21511660e+00
1.21825835e+03 3.25555989e+00
1.21834789e+03 3.31965841e+00
1.21843742e+03 3.40670473e+00
1.21852695e+03 3.51568409e+00
1.21861648e+03 3.64525878e+00
1.21870601e+03 3.79377251e+00
1.21883530e+03 4.03759829e+00
1.21895459e+03 4.28781530e+00
1.21911363e+03 4.64774589e+00
1.21943173e+03 5.39302001e+00
1.21960089e+03 5.76354210e+00
1.21977005e+03 6.09008572e+00
1.21988283e+03 6.27519926e+00
1.21999560e+03 6.42996458e+00
1.22010838e+03 6.55202321e+00
1.22022115e+03 6.64030296e+00
1.22033392e+03 6.69503934e+00
1.22048317e+03 6.71864385e+00
1.22063242e+03 6.69284237e+00
1.22073192e+03 6.65276194e+00
1.22093092e+03 6.53272057e+00
1.22132892e+03 6.23498834e+00
1.22152792e+03 6.11197721e+00
1.22167717e+03 6.04941735e+00
1.22182642e+03 6.02005468e+00
1.22187617e+03 6.01859874e+00
1.22201083e+03 6.03739823e+00
1.22213819e+03 6.08760473e+00
1.22226555e+03 6.17116233e+00
1.22239292e+03 6.28940863e+00
1.22252028e+03 6.44320731e+00
1.22264765e+03 6.63285767e+00
1.22277501e+03 6.85790835e+00
1.22290237e+03 7.11693748e+00
1.22302974e+03 7.40729883e+00
1.22319956e+03 7.83591174e+00
1.22352070e+03 8.72445071e+00
1.22375692e+03 9.37328456e+00
1.22391441e+03 9.76481436e+00
1.22407189e+03 1.00987102e+01
1.22419001e+03 1.02995805e+01
1.22430812e+03 1.04502635e+01
1.22442624e+03 1.05454516e+01
1.22454435e+03 1.05816295e+01
1.22467536e+03 1.05508933e+01
1.22480636e+03 1.04463499e+01
1.22493737e+03 1.02714665e+01
1.22506838e+03 1.00321398e+01
1.22519939e+03 9.73617707e+00
1.22533039e+03 9.39270961e+00
1.22550507e+03 8.87794440e+00
1.22576708e+03 8.03189408e+00
1.22614249e+03 6.79552523e+00
1.22634322e+03 6.17847441e+00
1.22649376e+03 5.75499937e+00
1.22664431e+03 5.37578559e+00
1.22674467e+03 5.15218163e+00
1.22687062e+03 4.90949386e+00
1.22695458e+03 4.77357654e+00
1.22703855e+03 4.66014148e+00
1.22712251e+03 4.57063968e+00
1.22720648e+03 4.50641961e+00
1.22729044e+03 4.46869251e+00
1.22736391e+03 4.45823365e+00
1.22745139e+03 4.47404478e+00
1.22752140e+03 4.50926106e+00
1.22759140e+03 4.56475690e+00
1.22766141e+03 4.64057169e+00
1.22773142e+03 4.73658407e+00
1.22780142e+03 4.85249281e+00
1.22790643e+03 5.06256082e+00
1.22801739e+03 5.32923659e+00
1.22814023e+03 5.67323018e+00
1.22826307e+03 6.06147234e+00
1.22838591e+03 6.48515270e+00
1.22863160e+03 7.39676078e+00
1.22885374e+03 8.22948339e+00
1.22900183e+03 8.75175260e+00
1.22914993e+03 9.22374931e+00
1.22926100e+03 9.53383312e+00
1.22937207e+03 9.79914689e+00
1.22948314e+03 1.00147120e+01
1.22959421e+03 1.01770581e+01
1.22970528e+03 1.02843363e+01
1.22984123e+03 1.03405411e+01
1.22986611e+03 1.03420518e+01
1.23001537e+03 1.02968321e+01
1.23016464e+03 1.01659504e+01
1.23031390e+03 9.96266400e+00
1.23041342e+03 9.79480512e+00
1.23061244e+03 9.40513368e+00
1.23101048e+03 8.55794824e+00
1.23120950e+03 8.17399984e+00
1.23135877e+03 7.92482718e+00
1.23147946e+03 7.75201543e+00
1.23162134e+03 7.58294912e+00
1.23176322e+03 7.44932208e+00
1.23197604e+03 7.30622140e+00
1.23224484e+03 7.19363023e+00
1.23272212e+03 7.04154692e+00
1.23293060e+03 6.95438439e+00
1.23366026e+03 6.56656675e+00
1.23386873e+03 6.48727544e+00
1.23407721e+03 6.44884674e+00
1.23418144e+03 6.44757325e+00
1.23569948e+03 7.04099915e+00
1.23585278e+03 7.02264092e+00
1.23600608e+03 6.97115361e+00
1.23615938e+03 6.88747461e+00
1.23638933e+03 6.70811810e+00
1.23661928e+03 6.47875093e+00
1.23704505e+03 6.00126213e+00
1.23722381e+03 5.81700933e+00
1.23740256e+03 5.66615059e+00
1.23752173e+03 5.59270556e+00
1.23764090e+03 5.54675698e+00
1.23776006e+03 5.53273292e+00
1.23787923e+03 5.55421756e+00
1.23798344e+03 5.60401560e+00
1.23808764e+03 5.68346851e+00
1.23819184e+03 5.79219953e+00
1.23829604e+03 5.92869716e+00
1.23843497e+03 6.14906039e+00
1.23857390e+03 6.40428662e+00
1.23899070e+03 7.23949524e+00
1.23914845e+03 7.51742667e+00
1.23926676e+03 7.68992060e+00
1.23938507e+03 7.82301147e+00
1.23950338e+03 7.91118996e+00
1.23963897e+03 7.95321327e+00
1.23965625e+03 7.95398427e+00
1.23975991e+03 7.93730069e+00
1.23989812e+03 7.86134081e+00
1.24003634e+03 7.73211073e+00
1.24017455e+03 7.56192987e+00
1.24058919e+03 6.95932558e+00
1.24078162e+03 6.71719243e+00
1.24094428e+03 6.56543452e+00
1.24105272e+03 6.49724554e+00
1.24119979e+03 6.44954625e+00
1.24126739e+03 6.44466358e+00
1.24139294e+03 6.46207280e+00
1.24154746e+03 6.52439428e+00
1.24177925e+03 6.67591496e+00
1.24216555e+03 6.95451893e+00
1.24232008e+03 7.03106986e+00
1.24248795e+03 7.07079403e+00
1.24253326e+03 7.07245396e+00
1.24267081e+03 7.05188776e+00
1.24280916e+03 6.99127646e+00
1.24294751e+03 6.89133137e+00
1.24308587e+03 6.75513402e+00
1.24322422e+03 6.58789743e+00
1.24331645e+03 6.46254841e+00
1.24386987e+03 5.63128108e+00
1.24405434e+03 5.38980056e+00
1.24419504e+03 5.23873540e+00
1.24433575e+03 5.12345396e+00
1.24444128e+03 5.06322173e+00
1.24454681e+03 5.02679458e+00
1.24465024e+03 5.01467685e+00
1.24474947e+03 5.02491805e+00
1.24488178e+03 5.07091687e+00
1.24501409e+03 5.15174128e+00
1.24514639e+03 5.26420603e+00
1.24527870e+03 5.40450375e+00
1.24547716e+03 5.65808289e+00
1.24567562e+03 5.95105571e+00
1.24594024e+03 6.38127951e+00
1.24673408e+03 7.73644585e+00
1.24699191e+03 8.14081772e+00
1.24724975e+03 8.49684652e+00
1.24742163e+03 8.69613491e+00
1.24759352e+03 8.85672121e+00
1.24776541e+03 8.97195335e+00
1.24793730e+03 9.03631275e+00
1.24805548e+03 9.04903012e+00
1.24824859e+03 9.01291759e+00
1.24845767e+03 8.89563240e+00
1.24866676e+03 8.70376856e+00
1.24887585e+03 8.44936605e+00
1.24908493e+03 8.14846794e+00
1.24964250e+03 7.26177811e+00
1.24985159e+03 6.95176008e+00
1.25006067e+03 6.68024665e+00
1.25026976e+03 6.45969556e+00
1.25044963e+03 6.31669428e+00
1.25061489e+03 6.22482066e+00
1.25078015e+03 6.16926653e+00
1.25097833e+03 6.14493527e+00
1.25100034e+03 6.14468936e+00
1.25113246e+03 6.15174080e+00
1.25148477e+03 6.21849694e+00
1.25201323e+03 6.34053409e+00
1.25254628e+03 6.41253816e+00
1.25321739e+03 6.45158413e+00
1.25356892e+03 6.42978771e+00
1.25389541e+03 6.35842543e+00
1.25422189e+03 6.23703032e+00
1.25476604e+03 5.99987488e+00
1.25498369e+03 5.93089088e+00
1.25520135e+03 5.89507528e+00
1.25531018e+03 5.89210834e+00
1.25551525e+03 5.91562017e+00
1.25572031e+03 5.97657185e+00
1.25585703e+03 6.03608965e+00
1.25613045e+03 6.19070597e+00
1.25667729e+03 6.55489255e+00
1.25695071e+03 6.70753242e+00
1.25715578e+03 6.78653588e+00
1.25736084e+03 6.82456133e+00
1.25742920e+03 6.82684713e+00
1.25761334e+03 6.80504798e+00
1.25778703e+03 6.74579863e+00
1.25796071e+03 6.64909599e+00
1.25813440e+03 6.51719447e+00
1.25830809e+03 6.35461626e+00
1.25842388e+03 6.23245525e+00
1.25900283e+03 5.56249242e+00
1.25917651e+03 5.38337234e+00
1.25935020e+03 5.23493739e+00
1.25952510e+03 5.12646756e+00
1.25964171e+03 5.08099042e+00
1.25975831e+03 5.05901903e+00
1.25981661e+03 5.05722245e+00
1.25995384e+03 5.07778803e+00
1.26009106e+03 5.13342865e+00
1.26022828e+03 5.22372843e+00
1.26036551e+03 5.34751340e+00
1.26050273e+03 5.50299289e+00
1.26063995e+03 5.68788097e+00
1.26082292e+03 5.97542688e+00
1.26100588e+03 6.30296509e+00
1.26128033e+03 6.84965290e+00
1.26174036e+03 7.81646987e+00
1.26192438e+03 8.17630962e+00
1.26210839e+03 8.49283865e+00
1.26224640e+03 8.68952611e+00
1.26238441e+03 8.84183015e+00
1.26252242e+03 8.94181490e+00
1.26266043e+03 8.98261112e+00
1.26275244e+03 8.97422365e+00
1.26288655e+03 8.90840664e+00
1.26302066e+03 8.77764146e+00
1.26315477e+03 8.58242618e+00
1.26328888e+03 8.32554839e+00
1.26342298e+03 8.01202151e+00
1.26355709e+03 7.64889603e+00
1.26369120e+03 7.24492128e+00
1.26390053e+03 6.55675292e+00
1.26431424e+03 5.13641495e+00
1.26442706e+03 4.76640935e+00
1.26456449e+03 4.33972014e+00
1.26466756e+03 4.04118440e+00
1.26477063e+03 3.76391029e+00
1.26487370e+03 3.50988782e+00
1.26497677e+03 3.28060693e+00
1.26506600e+03 3.10290460e+00
1.26515522e+03 2.94492451e+00
1.26524445e+03 2.80686424e+00
1.26533367e+03 2.68873924e+00
1.26542290e+03 2.59040428e+00
1.26551212e+03 2.51158653e+00
1.26560135e+03 2.45190306e+00
1.26569057e+03 2.41088292e+00
1.26576879e+03 2.38984718e+00
1.26584979e+03 2.38231459e+00
1.26593218e+03 2.38903952e+00
1.26601456e+03 2.40974816e+00
1.26609695e+03 2.44389081e+00
1.26617934e+03 2.49090045e+00
1.26623426e+03 2.52910217e+00
1.26634411e+03 2.62118752e+00
1.26645396e+03 2.73299594e+00
1.26656380e+03 2.86309309e+00
1.26667365e+03 3.01003683e+00
1.26677861e+03 3.16485691e+00
1.26693605e+03 3.42073350e+00
1.26709349e+03 3.70130322e+00
1.26725093e+03 4.00249062e+00
1.26746085e+03 4.42917104e+00
1.26784766e+03 5.25975232e+00
1.26818199e+03 5.97987206e+00
1.26844945e+03 6.52054455e+00
1.26864560e+03 6.87782879e+00
1.26883284e+03 7.17541509e+00
1.26902008e+03 7.42107091e+00
1.26920733e+03 7.60799759e+00
1.26939457e+03 7.73322621e+00
1.26958181e+03 7.79882215e+00
1.26972649e+03 7.81351435e+00
1.26987116e+03 7.80359160e+00
1.27034135e+03 7.71953416e+00
1.27037752e+03 7.71788860e+00
1.27052219e+03 7.73136689e+00
1.27066687e+03 7.78781792e+00
1.27078679e+03 7.87710566e+00
1.27092955e+03 8.04396788e+00
1.27102472e+03 8.19627807e+00
1.27111989e+03 8.38389596e+00
1.27121507e+03 8.60806216e+00
1.27131024e+03 8.86913557e+00
1.27145300e+03 9.32839060e+00
1.27155987e+03 9.72201319e+00
1.27167844e+03 1.02027767e+01
1.27185629e+03 1.09925592e+01
1.27227128e+03 1.29510487e+01
1.27244914e+03 1.37292031e+01
1.27259205e+03 1.42815194e+01
1.27273497e+03 1.47461657e+01
1.27287788e+03 1.51063385e+01
1.27302080e+03 1.53500357e+01
1.27316371e+03 1.54705205e+01
1.27321135e+03 1.54829017e+01
1.27332728e+03 1.54555575e+01
1.27344321e+03 1.53489168e+01
1.27355914e+03 1.51671490e+01
1.27367506e+03 1.49158399e+01
1.27384896e+03 1.44231702e+01
1.27402285e+03 1.38139514e+01
1.27419674e+03 1.31139566e+01
1.27437064e+03 1.23479536e+01
1.27471842e+03 1.07056150e+01
1.27506621e+03 9.03744988e+00
1.27528237e+03 8.04138781e+00
1.27545531e+03 7.28845777e+00
1.27558500e+03 6.75775436e+00
1.27571470e+03 6.26197711e+00
1.27584967e+03 5.78850396e+00
1.27594141e+03 5.49408018e+00
1.27603315e+03 5.22361367e+00
1.27612489e+03 4.97850853e+00
1.27621663e+03 4.76001169e+00
1.27630837e+03 4.56918600e+00
1.27640010e+03 4.40688386e+00
1.27649184e+03 4.27372363e+00
1.27657010e+03 4.18344183e+00
1.27664835e+03 4.11469594e+00
1.27672661e+03 4.06739903e+00
1.27680486e+03 4.04130806e+00
1.27686355e+03 4.03542128e+00
1.27695158e+03 4.04803034e+00
1.27703962e+03 4.08548954e+00
1.27712765e+03 4.14660419e+00
1.27721568e+03 4.22996859e+00
1.27727437e+03 4.29712884e+00
1.27739175e+03 4.45695896e+00
1.27750913e+03 4.64716631e+00
1.27762650e+03 4.86323084e+00
1.27774388e+03 5.10062279e+00
1.27789415e+03 5.42876982e+00
1.27811954e+03 5.95573675e+00
1.27864546e+03 7.25467610e+00
1.27920178e+03 8.63465552e+00
1.27945756e+03 9.22364695e+00
1.27962809e+03 9.57109176e+00
1.27979861e+03 9.86056650e+00
1.27992651e+03 1.00272542e+01
1.28005440e+03 1.01414512e+01
1.28018230e+03 1.01960469e+01
1.28022493e+03 1.02000389e+01
1.28034789e+03 1.01700776e+01
1.28046098e+03 1.00874269e+01
1.28057407e+03 9.95290141e+00
1.28068716e+03 9.76952799e+00
1.28083795e+03 9.45815104e+00
1.28098874e+03 9.08656292e+00
1.28144111e+03 7.84625727e+00
1.28159482e+03 7.47021192e+00
1.28171230e+03 7.22483602e+00
1.28182978e+03 7.02523308e+00
1.28194726e+03 6.87747987e+00
1.28206474e+03 6.78512174e+00
1.28218071e+03 6.74913637e+00
1.28221836e+03 6.74902657e+00
1.28233131e+03 6.78111462e+00
1.28244426e+03 6.85806967e+00
1.28255721e+03 6.97350534e+00
1.28267016e+03 7.11943970e+00
1.28312196e+03 7.81390051e+00
1.28327256e+03 8.00785539e+00
1.28338860e+03 8.12012521e+00
1.28351083e+03 8.19355596e+00
1.28361269e+03 8.21442508e+00
1.28371181e+03 8.19654117e+00
1.28382583e+03 8.12746671e+00
1.28393984e+03 8.00620480e+00
1.28405386e+03 7.83437199e+00
1.28416787e+03 7.61544063e+00
1.28428189e+03 7.35452254e+00
1.28443391e+03 6.95265062e+00
1.28458593e+03 6.50575503e+00
1.28496740e+03 5.31656200e+00
1.28512226e+03 4.85712515e+00
1.28523840e+03 4.53685076e+00
1.28535454e+03 4.24323119e+00
1.28547069e+03 3.98008515e+00
1.28555379e+03 3.81195321e+00
1.28564255e+03 3.65158832e+00
1.28573131e+03 3.51128130e+00
1.28582007e+03 3.39084938e+00
1.28590883e+03 3.28975093e+00
1.28599760e+03 3.20713912e+00
1.28608636e+03 3.14189915e+00
1.28617512e+03 3.09270370e+00
1.28626450e+03 3.05786159e+00
1.28639950e+03 3.02951949e+00
1.28648950e+03 3.02428144e+00
1.28657950e+03 3.02788163e+00
1.28675950e+03 3.05465480e+00
1.28738950e+03 3.20786818e+00
1.28804616e+03 3.32384527e+00
1.28820083e+03 3.36688206e+00
1.28833299e+03 3.41941447e+00
1.28844264e+03 3.47773882e+00
1.28855230e+03 3.55227319e+00
1.28866195e+03 3.64539677e+00
1.28877161e+03 3.75908244e+00
1.28888126e+03 3.89477670e+00
1.28899092e+03 4.05329729e+00
1.28910057e+03 4.23475279e+00
1.28921316e+03 4.44424523e+00
1.28932868e+03 4.68198163e+00
1.28950196e+03 5.07596002e+00
1.28973301e+03 5.65083260e+00
1.29007958e+03 6.53894528e+00
1.29028207e+03 7.02106854e+00
1.29041707e+03 7.30993086e+00
1.29055206e+03 7.56464354e+00
1.29068706e+03 7.77971024e+00
1.29082205e+03 7.95112238e+00
1.29095705e+03 8.07639545e+00
1.29109204e+03 8.15452762e+00
1.29121786e+03 8.18518996e+00
1.29127618e+03 8.18591418e+00
1.29145114e+03 8.13904475e+00
1.29162609e+03 8.02373545e+00
1.29180105e+03 7.84799495e+00
1.29197601e+03 7.62111490e+00
1.29209265e+03 7.44648397e+00
1.29232593e+03 7.05580482e+00
1.29279248e+03 6.20898419e+00
1.29302576e+03 5.81418542e+00
1.29318625e+03 5.57608486e+00
1.29334675e+03 5.37659673e+00
1.29345374e+03 5.26953163e+00
1.29356074e+03 5.18605105e+00
1.29366773e+03 5.12832561e+00
1.29377473e+03 5.09826454e+00
1.29382823e+03 5.09412981e+00
1.29393926e+03 5.10969141e+00
1.29405435e+03 5.16136106e+00
1.29416943e+03 5.25032204e+00
1.29428451e+03 5.37733180e+00
1.29439958e+03 5.54277419e+00
1.29451466e+03 5.74665168e+00
1.29462974e+03 5.98856638e+00
1.29474482e+03 6.26768854e+00
1.29485333e+03 6.56378007e+00
1.29500623e+03 7.03216222e+00
1.29515912e+03 7.55502804e+00
1.29531202e+03 8.12461013e+00
1.29551588e+03 8.93951805e+00
1.29605030e+03 1.11674163e+01
1.29626655e+03 1.20056589e+01
1.29648280e+03 1.27554394e+01
1.29669904e+03 1.33953811e+01
1.29686242e+03 1.38007705e+01
1.29704500e+03 1.41759719e+01
1.29722759e+03 1.44751429e+01
1.29741017e+03 1.47062292e+01
1.29759276e+03 1.48756809e+01
1.29777534e+03 1.49857627e+01
1.29799216e+03 1.50344063e+01
1.29814051e+03 1.50091268e+01
1.29834685e+03 1.48808867e+01
1.29851942e+03 1.46790084e+01
1.29869199e+03 1.43831302e+01
1.29886456e+03 1.39913372e+01
1.29903713e+03 1.35082387e+01
1.29920970e+03 1.29449871e+01
1.29938228e+03 1.23181062e+01
1.29972742e+03 1.09534726e+01
1.30013210e+03 9.33676540e+00
1.30037025e+03 8.44295531e+00
1.30054886e+03 7.81429808e+00
1.30072748e+03 7.22508167e+00
1.30090609e+03 6.67767115e+00
1.30109009e+03 6.16078963e+00
1.30121993e+03 5.82751978e+00
1.30134977e+03 5.52306597e+00
1.30147961e+03 5.25031313e+00
1.30160945e+03 5.01235291e+00
1.30173929e+03 4.81220193e+00
1.30183667e+03 4.68853019e+00
1.30193404e+03 4.58855161e+00
1.30203142e+03 4.51292998e+00
1.30215140e+03 4.45379303e+00
1.30225658e+03 4.43290807e+00
1.30227425e+03 4.43221594e+00
1.30238024e+03 4.44480602e+00
1.30248623e+03 4.48544532e+00
1.30259221e+03 4.55299372e+00
1.30269820e+03 4.64609040e+00
1.30280419e+03 4.76325239e+00
1.30294551e+03 4.95431686e+00
1.30308683e+03 5.18219003e+00
1.30322815e+03 5.44410235e+00
1.30336947e+03 5.73797979e+00
1.30349905e+03 6.03431411e+00
1.30369342e+03 6.52524653e+00
1.30388779e+03 7.06920220e+00
1.30408216e+03 7.66049882e+00
1.30440611e+03 8.71765819e+00
1.30471917e+03 9.74099482e+00
1.30487570e+03 1.02129809e+01
1.30503223e+03 1.06348202e+01
1.30518876e+03 1.09900993e+01
1.30534529e+03 1.12657208e+01
1.30550181e+03 1.14535820e+01
1.30565834e+03 1.15517476e+01
1.30574111e+03 1.15687462e+01
1.30590663e+03 1.15373688e+01
1.30607215e+03 1.14334493e+01
1.30632044e+03 1.11901923e+01
1.30673425e+03 1.07455995e+01
1.30698254e+03 1.05479039e+01
1.30722900e+03 1.04189795e+01
1.30759870e+03 1.02695905e+01
1.30778355e+03 1.01554066e+01
1.30796840e+03 9.97448267e+00
1.30812726e+03 9.74636563e+00
1.30824640e+03 9.52424711e+00
1.30836554e+03 9.25612980e+00
1.30848468e+03 8.94253795e+00
1.30860382e+03 8.58640027e+00
1.30876267e+03 8.05454821e+00
1.30892152e+03 7.47380261e+00
1.30930070e+03 6.02167573e+00
1.30942363e+03 5.57099809e+00
1.30954656e+03 5.14740223e+00
1.30966950e+03 4.75927107e+00
1.30977200e+03 4.46767037e+00
1.30985407e+03 4.25736219e+00
1.30993614e+03 4.06884907e+00
1.31001821e+03 3.90281472e+00
1.31010029e+03 3.75955817e+00
1.31018236e+03 3.63900468e+00
1.31026443e+03 3.54072305e+00
1.31034650e+03 3.46394848e+00
1.31041932e+03 3.41297864e+00
1.31048791e+03 3.37885708e+00
1.31056151e+03 3.35617582e+00
1.31067191e+03 3.34650000e+00
1.31078231e+03 3.36186156e+00
1.31089271e+03 3.39720750e+00
1.31103991e+03 3.46632007e+00
1.31140792e+03 3.67376272e+00
1.31155512e+03 3.74266874e+00
1.31169019e+03 3.78837892e+00
1.31181312e+03 3.81217882e+00
1.31191441e+03 3.81800154e+00
1.31203387e+03 3.80877808e+00
1.31219315e+03 3.77121055e+00
1.31235243e+03 3.70961170e+00
1.31267099e+03 3.54644509e+00
1.31290991e+03 3.42671544e+00
1.31306919e+03 3.36555301e+00
1.31320083e+03 3.33252815e+00
1.31335683e+03 3.31812533e+00
1.31349273e+03 3.32928639e+00
1.31362864e+03 3.36267825e+00
1.31376454e+03 3.41699192e+00
1.31390044e+03 3.48967652e+00
1.31408165e+03 3.60893488e+00
1.31462527e+03 4.02155005e+00
1.31487980e+03 4.19185309e+00
1.31509980e+03 4.31259915e+00
1.31539312e+03 4.43935028e+00
1.31597977e+03 4.65633217e+00
1.31641975e+03 4.85466769e+00
1.31685974e+03 5.05934104e+00
1.31715306e+03 5.16294260e+00
1.31733809e+03 5.20837309e+00
1.31806575e+03 5.32948411e+00
1.31825081e+03 5.38755104e+00
1.31843587e+03 5.47394896e+00
1.31862092e+03 5.59465689e+00
1.31880598e+03 5.75342757e+00
1.31899104e+03 5.95194255e+00
1.31917609e+03 6.18998983e+00
1.31936115e+03 6.46543927e+00
1.31954621e+03 6.77391560e+00
1.31986354e+03 7.35766830e+00
1.32028664e+03 8.15160417e+00
1.32049819e+03 8.50568002e+00
1.32070974e+03 8.80514058e+00
1.32092130e+03 9.04061838e+00
1.32113285e+03 9.21521067e+00
1.32147858e+03 9.41472045e+00
1.32181825e+03 9.60350688e+00
1.32211741e+03 9.83754642e+00
1.32241656e+03 1.01459125e+01
1.32281544e+03 1.05704484e+01
1.32301488e+03 1.07223686e+01
1.32316445e+03 1.07854466e+01
1.32326417e+03 1.07979128e+01
1.32342226e+03 1.07641389e+01
1.32358459e+03 1.06587226e+01
1.32374693e+03 1.04839172e+01
1.32390927e+03 1.02471378e+01
1.32407160e+03 9.95980600e+00
1.32428805e+03 9.52223376e+00
1.32482918e+03 8.35973641e+00
1.32504562e+03 7.93111635e+00
1.32528335e+03 7.50292036e+00
1.32552108e+03 7.11603872e+00
1.32587767e+03 6.59049174e+00
1.32623426e+03 6.10611612e+00
1.32653142e+03 5.74015380e+00
1.32670972e+03 5.55037405e+00
1.32688801e+03 5.39496735e+00
1.32705424e+03 5.29050223e+00
1.32716103e+03 5.24786422e+00
1.32729452e+03 5.22473858e+00
1.32732122e+03 5.22436304e+00
1.32742199e+03 5.23620214e+00
1.32756412e+03 5.28930568e+00
1.32770625e+03 5.38524203e+00
1.32784838e+03 5.52271111e+00
1.32799050e+03 5.69877777e+00
1.32813263e+03 5.90899995e+00
1.32832214e+03 6.23230697e+00
1.32860640e+03 6.77480686e+00
1.32895382e+03 7.44614613e+00
1.32914333e+03 7.77578196e+00
1.32933283e+03 8.05703551e+00
1.32952233e+03 8.27657714e+00
1.32971184e+03 8.42658400e+00
1.32990134e+03 8.50607070e+00
1.33114057e+03 8.28736470e+00
1.33130161e+03 8.33881106e+00
1.33146264e+03 8.43253016e+00
1.33162368e+03 8.56524041e+00
1.33178472e+03 8.72955529e+00
1.33242886e+03 9.47341739e+00
1.33266495e+03 9.67825449e+00
1.33282234e+03 9.77130044e+00
1.33297973e+03 9.82452090e+00
1.33310262e+03 9.83722545e+00
1.33332350e+03 9.79707053e+00
1.33352231e+03 9.69623529e+00
1.33372112e+03 9.54248616e+00
1.33398620e+03 9.27431610e+00
1.33478144e+03 8.33440946e+00
1.33504652e+03 8.07111971e+00
1.33532029e+03 7.85529426e+00
1.33560275e+03 7.69282224e+00
1.33588522e+03 7.58087262e+00
1.33630892e+03 7.47257518e+00
1.33687385e+03 7.37968646e+00
1.33729755e+03 7.34527774e+00
1.33743878e+03 7.34314488e+00
1.33793104e+03 7.35530815e+00
1.33823870e+03 7.33401170e+00
1.33842330e+03 7.28518643e+00
1.33862809e+03 7.18329902e+00
1.33878169e+03 7.06794032e+00
1.33893529e+03 6.91742226e+00
1.33903768e+03 6.79824529e+00
1.33924248e+03 6.52096756e+00
1.33975447e+03 5.73019056e+00
1.33990806e+03 5.51752677e+00
1.34006166e+03 5.34126698e+00
1.34017511e+03 5.24233064e+00
1.34028855e+03 5.17539199e+00
1.34040200e+03 5.14463533e+00
1.34043036e+03 5.14301895e+00
1.34051545e+03 5.15348392e+00
1.34062221e+03 5.20029682e+00
1.34072898e+03 5.28585801e+00
1.34083574e+03 5.41079671e+00
1.34094251e+03 5.57495503e+00
1.34104927e+03 5.77739233e+00
1.34115603e+03 6.01638282e+00
1.34126280e+03 6.28945530e+00
1.34136956e+03 6.59341511e+00
1.34151521e+03 7.05084134e+00
1.34166086e+03 7.54702849e+00
1.34221970e+03 9.56306908e+00
1.34243970e+03 1.02838526e+01
1.34258637e+03 1.07073942e+01
1.34273304e+03 1.10745693e+01
1.34287971e+03 1.13795531e+01
1.34302637e+03 1.16199278e+01
1.34317304e+03 1.17967996e+01
1.34331971e+03 1.19146264e+01
1.34354182e+03 1.19978411e+01
1.34361585e+03 1.20051886e+01
1.34391199e+03 1.19719510e+01
1.34435620e+03 1.18908386e+01
1.34443024e+03 1.18884033e+01
1.34463892e+03 1.19100406e+01
1.34490822e+03 1.20030617e+01
1.34531217e+03 1.22482195e+01
1.34585077e+03 1.26138107e+01
1.34612006e+03 1.27495420e+01
1.34638936e+03 1.28316067e+01
1.34665866e+03 1.28539661e+01
1.34870894e+03 1.20158520e+01
1.34890546e+03 1.21045521e+01
1.34910197e+03 1.22600527e+01
1.34962601e+03 1.28243056e+01
1.34980998e+03 1.29712431e+01
1.34996884e+03 1.30270782e+01
1.35012770e+03 1.29919791e+01
1.35023846e+03 1.29033192e+01
1.35035409e+03 1.27486517e+01
1.35046971e+03 1.25275479e+01
1.35058533e+03 1.22393507e+01
1.35070096e+03 1.18858277e+01
1.35081658e+03 1.14711009e+01
1.35093221e+03 1.10014031e+01
1.35110565e+03 1.02117711e+01
1.35133147e+03 9.07994807e+00
1.35167021e+03 7.32439245e+00
1.35183431e+03 6.51378792e+00
1.35196077e+03 5.92746904e+00
1.35205561e+03 5.51510173e+00
1.35215046e+03 5.12914162e+00
1.35224734e+03 4.76418906e+00
1.35234831e+03 4.41693791e+00
1.35244928e+03 4.10439993e+00
1.35255026e+03 3.82691997e+00
1.35261757e+03 3.66133472e+00
1.35268488e+03 3.51108198e+00
1.35275219e+03 3.37591253e+00
1.35282418e+03 3.24769298e+00
1.35289616e+03 3.13590674e+00
1.35296815e+03 3.04003435e+00
1.35304013e+03 2.95951371e+00
1.35311212e+03 2.89373964e+00
1.35318410e+03 2.84208136e+00
1.35325609e+03 2.80388229e+00
1.35332807e+03 2.77847139e+00
1.35342979e+03 2.76303592e+00
1.35346369e+03 2.76292208e+00
1.35356540e+03 2.77664695e+00
1.35366712e+03 2.80991618e+00
1.35376883e+03 2.86071426e+00
1.35387054e+03 2.92700745e+00
1.35400616e+03 3.03595972e+00
1.35414178e+03 3.16391793e+00
1.35434521e+03 3.38073149e+00
1.35477010e+03 3.86421004e+00
1.35494864e+03 4.05380547e+00
1.35512718e+03 4.22297483e+00
1.35530573e+03 4.36584350e+00
1.35548427e+03 4.47912812e+00
1.35566281e+03 4.56248088e+00
1.35584135e+03 4.61860741e+00
1.35606614e+03 4.65950574e+00
1.35651572e+03 4.71076449e+00
1.35668431e+03 4.74820287e+00
1.35681126e+03 4.79265894e+00
1.35695277e+03 4.86425285e+00
1.35709427e+03 4.96422774e+00
1.35723578e+03 5.09744265e+00
1.35737729e+03 5.26819892e+00
1.35751879e+03 5.48020824e+00
1.35762492e+03 5.66817166e+00
1.35773105e+03 5.88216768e+00
1.35783718e+03 6.12306438e+00
1.35793275e+03 6.36354658e+00
1.35805313e+03 6.69872785e+00
1.35817351e+03 7.07004054e+00
1.35829389e+03 7.47717528e+00
1.35841427e+03 7.91918309e+00
1.35859484e+03 8.64365824e+00
1.35877542e+03 9.43305605e+00
1.35900568e+03 1.05095747e+01
1.35940251e+03 1.24143270e+01
1.35957259e+03 1.31820368e+01
1.35974266e+03 1.38771376e+01
1.35987421e+03 1.43457393e+01
1.36000577e+03 1.47399176e+01
1.36013732e+03 1.50488069e+01
1.36026887e+03 1.52642005e+01
1.36040043e+03 1.53811416e+01
1.36049473e+03 1.54035029e+01
1.36064608e+03 1.53342296e+01
1.36079742e+03 1.51430667e+01
1.36094877e+03 1.48440615e+01
1.36104967e+03 1.45939070e+01
1.36125147e+03 1.40004241e+01
1.36155417e+03 1.29788499e+01
1.36185686e+03 1.19470042e+01
1.36205866e+03 1.13129070e+01
1.36223991e+03 1.07976116e+01
1.36242116e+03 1.03358086e+01
1.36266283e+03 9.79272091e+00
1.36302534e+03 9.07751283e+00
1.36350868e+03 8.15660381e+00
1.36387118e+03 7.41589809e+00
1.36443004e+03 6.22196908e+00
1.36464905e+03 5.78065956e+00
1.36479506e+03 5.50969457e+00
1.36494106e+03 5.26419423e+00
1.36508707e+03 5.04964468e+00
1.36523207e+03 4.87195083e+00
1.36534007e+03 4.76480527e+00
1.36544806e+03 4.68049132e+00
1.36555606e+03 4.61975754e+00
1.36566406e+03 4.58292533e+00
1.36578750e+03 4.56990830e+00
1.36589039e+03 4.58213296e+00
1.36599328e+03 4.61435577e+00
1.36614761e+03 4.69728797e+00
1.36630194e+03 4.81661788e+00
1.36645627e+03 4.96541521e+00
1.36655916e+03 5.07713715e+00
1.36717649e+03 5.81310933e+00
1.36738227e+03 6.03112517e+00
1.36759616e+03 6.22140706e+00
1.36781005e+03 6.37000235e+00
1.36802395e+03 6.47903720e+00
1.36823784e+03 6.55684256e+00
1.36880274e+03 6.71711766e+00
1.36900826e+03 6.80233447e+00
1.36921379e+03 6.92335006e+00
1.36941931e+03 7.09100108e+00
1.36957345e+03 7.25244912e+00
1.36972760e+03 7.44735000e+00
1.36988174e+03 7.67720872e+00
1.37003588e+03 7.94238341e+00
1.37024141e+03 8.34887024e+00
1.37044277e+03 8.79907343e+00
1.37083717e+03 9.77297085e+00
1.37113298e+03 1.04918650e+01
1.37133018e+03 1.09068763e+01
1.37147808e+03 1.11589204e+01
1.37162598e+03 1.13437089e+01
1.37177388e+03 1.14480163e+01
1.37187248e+03 1.14674592e+01
1.37200883e+03 1.14233644e+01
1.37213940e+03 1.13010871e+01
1.37226996e+03 1.11001213e+01
1.37240053e+03 1.08229596e+01
1.37253110e+03 1.04748664e+01
1.37266166e+03 1.00636357e+01
1.37279223e+03 9.59920454e+00
1.37296632e+03 8.91736872e+00
1.37345135e+03 6.88141636e+00
1.37358820e+03 6.33204987e+00
1.37372505e+03 5.81484280e+00
1.37386190e+03 5.33765318e+00
1.37396176e+03 5.01786981e+00
1.37406162e+03 4.72355526e+00
1.37416148e+03 4.45531472e+00
1.37426134e+03 4.21316687e+00
1.37436120e+03 3.99662676e+00
1.37446107e+03 3.80480205e+00
1.37456093e+03 3.63649723e+00
1.37466079e+03 3.49032071e+00
1.37475024e+03 3.37695331e+00
1.37483969e+03 3.27908814e+00
1.37495896e+03 3.17098069e+00
1.37507823e+03 3.08653806e+00
1.37519750e+03 3.02409589e+00
1.37531677e+03 2.98251660e+00
1.37543604e+03 2.96122254e+00
1.37549568e+03 2.95814941e+00
1.37561495e+03 2.96734902e+00
1.37573571e+03 2.99807305e+00
1.37585648e+03 3.05125982e+00
1.37597724e+03 3.12795720e+00
1.37609801e+03 3.22915092e+00
1.37621878e+03 3.35557216e+00
1.37633954e+03 3.50751170e+00
1.37646031e+03 3.68465271e+00
1.37658107e+03 3.88593210e+00
1.37669369e+03 4.09373036e+00
1.37686263e+03 4.43662899e+00
1.37708787e+03 4.93522558e+00
1.37736943e+03 5.57880108e+00
1.37754190e+03 5.95556920e+00
1.37772145e+03 6.31296403e+00
1.37790101e+03 6.62070150e+00
1.37802071e+03 6.79368710e+00
1.37820026e+03 7.00282013e+00
1.37837982e+03 7.15541073e+00
1.37843967e+03 7.19546508e+00
1.37915323e+03 7.54273216e+00
1.37934132e+03 7.69529379e+00
1.37948239e+03 7.85090901e+00
1.37962345e+03 8.04598512e+00
1.37971750e+03 8.19832032e+00
1.37990559e+03 8.55352568e+00
1.38009368e+03 8.96624127e+00
1.38028177e+03 9.41916719e+00
1.38073471e+03 1.05451872e+01
1.38096499e+03 1.10627207e+01
1.38119527e+03 1.14978668e+01
1.38134879e+03 1.17288578e+01
1.38150231e+03 1.19051167e+01
1.38165583e+03 1.20217164e+01
1.38180936e+03 1.20751199e+01
1.38188612e+03 1.20774384e+01
1.38206990e+03 1.20164228e+01
1.38225369e+03 1.18634322e+01
1.38243748e+03 1.16247709e+01
1.38262126e+03 1.13114979e+01
1.38286631e+03 1.08052716e+01
1.38341767e+03 9.54045502e+00
1.38360146e+03 9.16416643e+00
1.38378525e+03 8.84955758e+00
1.38390832e+03 8.68390640e+00
1.38403194e+03 8.56055935e+00
1.38415556e+03 8.48534728e+00
1.38427917e+03 8.46247911e+00
1.38440911e+03 8.49847032e+00
1.38451130e+03 8.57171184e+00
1.38461349e+03 8.68530260e+00
1.38471568e+03 8.83937936e+00
1.38481787e+03 9.03349247e+00
1.38495412e+03 9.35270920e+00
1.38509038e+03 9.73708568e+00
1.38522663e+03 1.01806766e+01
1.38536288e+03 1.06758307e+01
1.38556939e+03 1.15036251e+01
1.38612288e+03 1.38985494e+01
1.38633045e+03 1.47364286e+01
1.38653801e+03 1.54727201e+01
1.38668313e+03 1.59059282e+01
1.38682824e+03 1.62585961e+01
1.38697336e+03 1.65212241e+01
1.38711847e+03 1.66867179e+01
1.38728173e+03 1.67514798e+01
1.38741721e+03 1.67063771e+01
1.38757508e+03 1.65429440e+01
1.38773295e+03 1.62665022e+01
1.38789083e+03 1.58875307e+01
1.38804870e+03 1.54199464e+01
1.38825920e+03 1.46875618e+01
1.38857494e+03 1.34445642e+01
1.38899593e+03 1.17387823e+01
1.38919558e+03 1.09796871e+01
1.38939522e+03 1.02757451e+01
1.38959487e+03 9.63220269e+00
1.38979451e+03 9.04648583e+00
1.38999416e+03 8.51060945e+00
1.39029363e+03 7.77782812e+00
1.39059309e+03 7.10545450e+00
1.39087868e+03 6.51285294e+00
1.39106907e+03 6.15075847e+00
1.39125946e+03 5.82474879e+00
1.39140225e+03 5.61008073e+00
1.39154505e+03 5.42578277e+00
1.39168784e+03 5.27565867e+00
1.39183064e+03 5.16267083e+00
1.39197343e+03 5.08869909e+00
1.39211622e+03 5.05441477e+00
1.39217602e+03 5.05175515e+00
1.39229561e+03 5.06661559e+00
1.39241520e+03 5.10730844e+00
1.39253479e+03 5.17213673e+00
1.39271417e+03 5.30998267e+00
1.39289356e+03 5.48915536e+00
1.39307294e+03 5.70062863e+00
1.39331212e+03 6.01696260e+00
1.39391008e+03 6.85759319e+00
1.39423907e+03 7.28221639e+00
1.39444847e+03 7.52063713e+00
1.39465787e+03 7.72826768e+00
1.39486727e+03 7.90174677e+00
1.39507667e+03 8.03907353e+00
1.39528607e+03 8.13938365e+00
1.39549547e+03 8.20253263e+00
1.39574034e+03 8.22915719e+00
1.39598858e+03 8.20294638e+00
1.39620135e+03 8.13517313e+00
1.39641413e+03 8.02174830e+00
1.39662691e+03 7.85857504e+00
1.39683969e+03 7.64270702e+00
1.39705246e+03 7.37425453e+00
1.39726524e+03 7.05807497e+00
1.39754894e+03 6.58120331e+00
1.39797450e+03 5.83176649e+00
1.39818773e+03 5.48644867e+00
1.39832988e+03 5.28138001e+00
1.39847203e+03 5.10228642e+00
1.39861418e+03 4.95300691e+00
1.39875633e+03 4.83614410e+00
1.39889848e+03 4.75298316e+00
1.39904063e+03 4.70347119e+00
1.39919322e+03 4.68621069e+00
1.39932908e+03 4.69959093e+00
1.39949211e+03 4.74668838e+00
1.39965514e+03 4.82103624e+00
1.39987252e+03 4.94846590e+00
1.40030726e+03 5.22263191e+00
1.40052464e+03 5.33177347e+00
1.40074201e+03 5.40520937e+00
1.40085070e+03 5.42714154e+00
1.40198567e+03 5.41115959e+00
1.40221600e+03 5.47373830e+00
1.40244634e+03 5.58135180e+00
1.40275345e+03 5.77238564e+00
1.40306055e+03 5.96715789e+00
1.40330301e+03 6.08430219e+00
1.40348082e+03 6.13612188e+00
1.40364400e+03 6.15543760e+00
1.40371828e+03 6.15569161e+00
1.40386683e+03 6.14247635e+00
1.40431249e+03 6.05038564e+00
1.40455389e+03 6.02350675e+00
1.40457246e+03 6.02347203e+00
1.40475815e+03 6.04426839e+00
1.40490197e+03 6.08996052e+00
1.40504578e+03 6.16299073e+00
1.40523753e+03 6.30013361e+00
1.40552516e+03 6.56748542e+00
1.40581279e+03 6.85223336e+00
1.40600455e+03 7.01368726e+00
1.40614836e+03 7.10398448e+00
1.40629217e+03 7.15921824e+00
1.40641282e+03 7.17434897e+00
1.40656900e+03 7.14834971e+00
1.40671173e+03 7.07906658e+00
1.40685447e+03 6.96854150e+00
1.40699720e+03 6.82157946e+00
1.40713994e+03 6.64523052e+00
1.40771087e+03 5.83660945e+00
1.40785361e+03 5.66027585e+00
1.40799634e+03 5.51317895e+00
1.40810157e+03 5.42770450e+00
1.40820681e+03 5.36426917e+00
1.40831204e+03 5.32447623e+00
1.40841728e+03 5.30928680e+00
1.40853978e+03 5.32296744e+00
1.40866228e+03 5.36975679e+00
1.40878478e+03 5.44789080e+00
1.40890727e+03 5.55453752e+00
1.40907060e+03 5.73439986e+00
1.40923393e+03 5.94685092e+00
1.40972393e+03 6.64093600e+00
1.40990396e+03 6.85990564e+00
1.41003898e+03 6.99273250e+00
1.41017400e+03 7.09115315e+00
1.41030902e+03 7.14980043e+00
1.41044404e+03 7.16486794e+00
1.41057943e+03 7.13417151e+00
1.41071481e+03 7.05745693e+00
1.41085019e+03 6.93649544e+00
1.41098558e+03 6.77489185e+00
1.41112096e+03 6.57788514e+00
1.41125635e+03 6.35205333e+00
1.41143686e+03 6.01924014e+00
1.41188814e+03 5.14781060e+00
1.41202389e+03 4.90589286e+00
1.41215964e+03 4.68456607e+00
1.41229540e+03 4.48838672e+00
1.41243115e+03 4.32068622e+00
1.41256690e+03 4.18361769e+00
1.41270266e+03 4.07827625e+00
1.41283841e+03 4.00485229e+00
1.41297416e+03 3.96281135e+00
1.41311774e+03 3.95127497e+00
1.41326878e+03 3.97371136e+00
1.41341982e+03 4.02903686e+00
1.41357086e+03 4.11421319e+00
1.41372190e+03 4.22573597e+00
1.41392328e+03 4.40835377e+00
1.41412467e+03 4.61928917e+00
1.41462813e+03 5.17993174e+00
1.41483486e+03 5.38334890e+00
1.41504158e+03 5.55063048e+00
1.41524831e+03 5.67454438e+00
1.41545504e+03 5.75592611e+00
1.41577669e+03 5.82543541e+00
1.41599112e+03 5.86863130e+00
1.41615194e+03 5.92258458e+00
1.41631276e+03 6.01170751e+00
1.41642091e+03 6.09854649e+00
1.41652906e+03 6.21138220e+00
1.41663721e+03 6.35316342e+00
1.41674535e+03 6.52590609e+00
1.41685350e+03 6.73054408e+00
1.41696165e+03 6.96679730e+00
1.41712387e+03 7.37671185e+00
1.41729214e+03 7.86162168e+00
1.41752053e+03 8.58297258e+00
1.41774893e+03 9.31963836e+00
1.41792022e+03 9.84001553e+00
1.41809152e+03 1.03011973e+01
1.41823293e+03 1.06204007e+01
1.41837434e+03 1.08736235e+01
1.41851576e+03 1.10557449e+01
1.41865717e+03 1.11663977e+01
1.41881996e+03 1.12112161e+01
1.41898275e+03 1.11809813e+01
1.41922694e+03 1.10384289e+01
1.41963391e+03 1.07298013e+01
1.41987809e+03 1.06034892e+01
1.42008294e+03 1.05561163e+01
1.42020639e+03 1.05499845e+01
1.42057675e+03 1.05646676e+01
1.42076193e+03 1.05388030e+01
1.42094711e+03 1.04524615e+01
1.42112081e+03 1.02971533e+01
1.42125110e+03 1.01273292e+01
1.42138137e+03 9.91123398e+00
1.42155508e+03 9.55671356e+00
1.42172879e+03 9.14060062e+00
1.42224991e+03 7.76025707e+00
1.42239140e+03 7.41573584e+00
1.42255532e+03 7.06169009e+00
1.42266459e+03 6.85827413e+00
1.42277387e+03 6.68372695e+00
1.42288315e+03 6.53928148e+00
1.42299242e+03 6.42526368e+00
1.42310170e+03 6.34122298e+00
1.42321097e+03 6.28610950e+00
1.42336687e+03 6.25458126e+00
1.42337987e+03 6.25431940e+00
1.42352278e+03 6.27384443e+00
1.42367868e+03 6.33868319e+00
1.42383458e+03 6.44429624e+00
1.42399048e+03 6.58655229e+00
1.42414638e+03 6.76192458e+00
1.42435424e+03 7.04169766e+00
1.42456211e+03 7.36644267e+00
1.42487391e+03 7.91465553e+00
1.42538903e+03 8.85845409e+00
1.42559508e+03 9.19893664e+00
1.42580113e+03 9.49347821e+00
1.42600717e+03 9.72941252e+00
1.42621322e+03 9.89853430e+00
1.42641927e+03 9.99798408e+00
1.42663432e+03 1.00310438e+01
1.42685967e+03 1.00008386e+01
1.42745009e+03 9.81182296e+00
1.42753443e+03 9.80248408e+00
1.42770312e+03 9.82324471e+00
1.42782964e+03 9.88410607e+00
1.42793131e+03 9.96779850e+00
1.42805031e+03 1.01109734e+01
1.42816931e+03 1.03080233e+01
1.42828830e+03 1.05628707e+01
1.42840730e+03 1.08776502e+01
1.42852630e+03 1.12524492e+01
1.42864529e+03 1.16851739e+01
1.42876429e+03 1.21714713e+01
1.42895338e+03 1.30376278e+01
1.42921257e+03 1.43488111e+01
1.42947177e+03 1.56915136e+01
1.42966616e+03 1.66384326e+01
1.42986055e+03 1.74737340e+01
1.43003133e+03 1.80793567e+01
1.43015941e+03 1.84399568e+01
1.43028749e+03 1.87129116e+01
1.43041558e+03 1.88947039e+01
1.43057510e+03 1.89929285e+01
1.43060654e+03 1.89957984e+01
1.43073229e+03 1.89549713e+01
1.43092093e+03 1.87465906e+01
1.43110956e+03 1.83832465e+01
1.43129819e+03 1.78933960e+01
1.43154970e+03 1.70948634e+01
1.43180122e+03 1.61896839e+01
1.43396122e+03 7.86614290e+00
1.43423150e+03 6.86290343e+00
1.43445797e+03 6.06685986e+00
1.43463037e+03 5.50033343e+00
1.43475968e+03 5.10290433e+00
1.43488899e+03 4.73192044e+00
1.43502597e+03 4.36988868e+00
1.43512751e+03 4.12288038e+00
1.43522906e+03 3.89432632e+00
1.43533060e+03 3.68413192e+00
1.43543215e+03 3.49192405e+00
1.43553369e+03 3.31708121e+00
1.43563524e+03 3.15877371e+00
1.43573678e+03 3.01601243e+00
1.43583614e+03 2.89031327e+00
1.43593331e+03 2.77971646e+00
1.43607908e+03 2.63446350e+00
1.43622484e+03 2.51109252e+00
1.43637060e+03 2.40671880e+00
1.43651636e+03 2.31898907e+00
1.43666212e+03 2.24614018e+00
1.43680788e+03 2.18696973e+00
1.43695364e+03 2.14074017e+00
1.43709940e+03 2.10702633e+00
1.43724516e+03 2.08554406e+00
1.43741104e+03 2.07556724e+00
1.43759021e+03 2.08122832e+00
1.43776939e+03 2.10237381e+00
1.43788883e+03 2.12392104e+00
1.43812774e+03 2.18081846e+00
1.43872499e+03 2.35372483e+00
1.43896388e+03 2.41497982e+00
1.43920278e+03 2.46545714e+00
1.43982890e+03 2.56939020e+00
1.44000512e+03 2.60657362e+00
1.44018134e+03 2.65615903e+00
1.44035756e+03 2.72330275e+00
1.44048973e+03 2.78801462e+00
1.44062189e+03 2.86685988e+00
1.44075406e+03 2.96104520e+00
1.44088622e+03 3.07127876e+00
1.44101839e+03 3.19771922e+00
1.44115055e+03 3.33995907e+00
1.44130781e+03 3.52844919e+00
1.44151526e+03 3.80504172e+00
1.44172272e+03 4.10690063e+00
1.44199932e+03 4.53680705e+00
1.44234507e+03 5.10666208e+00
1.44258285e+03 5.52613522e+00
1.44274137e+03 5.82741229e+00
1.44289988e+03 6.15453707e+00
1.44305840e+03 6.51599982e+00
1.44321691e+03 6.92018513e+00
1.44337543e+03 7.37413035e+00
1.44353395e+03 7.88217784e+00
1.44367058e+03 8.36396236e+00
1.44384270e+03 9.02439698e+00
1.44407219e+03 9.97701598e+00
1.44441643e+03 1.14554290e+01
1.44458887e+03 1.21558047e+01
1.44476195e+03 1.27889216e+01
1.44493504e+03 1.33215368e+01
1.44505043e+03 1.36078926e+01
1.44516582e+03 1.38322895e+01
1.44528121e+03 1.39906630e+01
1.44539660e+03 1.40808141e+01
1.44549346e+03 1.41035571e+01
1.44561096e+03 1.40676004e+01
1.44576763e+03 1.39169571e+01
1.44592430e+03 1.36603867e+01
1.44608097e+03 1.33141311e+01
1.44628986e+03 1.27459191e+01
1.44660319e+03 1.17633825e+01
1.44691653e+03 1.07638675e+01
1.44712542e+03 1.01560461e+01
1.44729524e+03 9.72379878e+00
1.44746506e+03 9.36269408e+00
1.44757827e+03 9.16722786e+00
1.44769149e+03 9.01109354e+00
1.44780470e+03 8.89620689e+00
1.44791791e+03 8.82376489e+00
1.44803112e+03 8.79420483e+00
1.44818073e+03 8.82021022e+00
1.44833034e+03 8.91744741e+00
1.44847995e+03 9.08061477e+00
1.44862956e+03 9.30230998e+00
1.44877917e+03 9.57345041e+00
1.44892878e+03 9.88383849e+00
1.44922800e+03 1.05799555e+01
1.44974759e+03 1.18375471e+01
1.45010945e+03 1.26357317e+01
1.45035070e+03 1.31089403e+01
1.45059194e+03 1.35260772e+01
1.45083318e+03 1.38742493e+01
1.45107443e+03 1.41319459e+01
1.45125536e+03 1.42483331e+01
1.45143629e+03 1.42835516e+01
1.45161257e+03 1.42275156e+01
1.45177953e+03 1.40837947e+01
1.45194649e+03 1.38476521e+01
1.45211345e+03 1.35195289e+01
1.45228041e+03 1.31048436e+01
1.45244737e+03 1.26138569e+01
1.45266999e+03 1.18658099e+01
1.45300391e+03 1.06300974e+01
1.45333783e+03 9.39036990e+00
1.45355941e+03 8.62877512e+00
1.45370713e+03 8.16452718e+00
1.45385485e+03 7.74152955e+00
1.45400257e+03 7.36332073e+00
1.45415029e+03 7.03186618e+00
1.45429801e+03 6.74782571e+00
1.45444573e+03 6.51077338e+00
1.45459423e+03 6.31851152e+00
1.45474353e+03 6.16968957e+00
1.45489282e+03 6.06269242e+00
1.45504211e+03 5.99418151e+00
1.45519667e+03 5.95968521e+00
1.45527658e+03 5.95485297e+00
1.45543641e+03 5.96833203e+00
1.45567616e+03 6.03553899e+00
1.45591590e+03 6.14211843e+00
1.45639539e+03 6.41084529e+00
1.45687487e+03 6.70484196e+00
1.45719453e+03 6.92595910e+00
1.45743428e+03 7.12204584e+00
1.45767402e+03 7.35570762e+00
1.45789972e+03 7.61477556e+00
1.45812542e+03 7.90891176e+00
1.45868967e+03 8.69755535e+00
1.45891537e+03 8.96502802e+00
1.45908464e+03 9.11771295e+00
1.45925391e+03 9.21497184e+00
1.45942319e+03 9.24642303e+00
1.45958404e+03 9.20900707e+00
1.45974068e+03 9.10714523e+00
1.45989733e+03 8.94183062e+00
1.46005397e+03 8.71735472e+00
1.46021061e+03 8.44081277e+00
1.46041947e+03 8.00743147e+00
1.46062833e+03 7.52416305e+00
1.46104604e+03 6.51783340e+00
1.46122505e+03 6.11037384e+00
1.46137423e+03 5.79607194e+00
1.46152340e+03 5.51121661e+00
1.46167257e+03 5.26068468e+00
1.46182174e+03 5.04825949e+00
1.46193362e+03 4.91567331e+00
1.46204550e+03 4.80699141e+00
1.46215738e+03 4.72285527e+00
1.46226926e+03 4.66371058e+00
1.46240401e+03 4.62603943e+00
1.46246417e+03 4.62112418e+00
1.46256848e+03 4.63003691e+00
1.46267278e+03 4.66101884e+00
1.46277709e+03 4.71395211e+00
1.46288139e+03 4.78864378e+00
1.46302047e+03 4.92160311e+00
1.46315954e+03 5.09187401e+00
1.46329861e+03 5.29823470e+00
1.46343769e+03 5.53903191e+00
1.46357676e+03 5.81206331e+00
1.46371585e+03 6.11448365e+00
1.46392448e+03 6.61486619e+00
1.46420265e+03 7.34256757e+00
1.46455036e+03 8.27301178e+00
1.46474845e+03 8.76782504e+00
1.46492547e+03 9.16193867e+00
1.46510248e+03 9.49273768e+00
1.46527950e+03 9.74566685e+00
1.46539752e+03 9.86562102e+00
1.46551553e+03 9.94425089e+00
1.46566962e+03 9.98339327e+00
1.46577786e+03 9.96820564e+00
1.46592218e+03 9.89526191e+00
1.46606651e+03 9.76608077e+00
1.46621083e+03 9.58636104e+00
1.46635515e+03 9.36274174e+00
1.46657164e+03 8.96043096e+00
1.46678812e+03 8.49836207e+00
1.46707676e+03 7.82406948e+00
1.46779838e+03 6.06203894e+00
1.46806691e+03 5.44357242e+00
1.46825323e+03 5.04485492e+00
1.46843955e+03 4.67920448e+00
1.46856377e+03 4.45697780e+00
1.46868798e+03 4.25386210e+00
1.46881219e+03 4.07111777e+00
1.46893641e+03 3.90966234e+00
1.46908259e+03 3.74764408e+00
1.46922876e+03 3.61609806e+00
1.46937494e+03 3.51461534e+00
1.46952112e+03 3.44219932e+00
1.46966730e+03 3.39734822e+00
1.46977828e+03 3.38053622e+00
1.46984054e+03 3.37721835e+00
1.46996506e+03 3.38286948e+00
1.47008958e+03 3.40356047e+00
1.47027635e+03 3.45902357e+00
1.47046313e+03 3.53828126e+00
1.47071216e+03 3.66965500e+00
1.47121023e+03 3.95988993e+00
1.47145927e+03 4.08645100e+00
1.47164604e+03 4.16074664e+00
1.47181151e+03 4.20676864e+00
1.47196632e+03 4.22998385e+00
1.47206953e+03 4.23374187e+00
1.47223469e+03 4.21902878e+00
1.47240503e+03 4.17632276e+00
1.47257537e+03 4.10576503e+00
1.47274571e+03 4.00863679e+00
1.47291605e+03 3.88732082e+00
1.47302961e+03 3.79460444e+00
1.47325673e+03 3.58600369e+00
1.47348384e+03 3.35515608e+00
1.47406179e+03 2.73935255e+00
1.47430922e+03 2.49274859e+00
1.47449479e+03 2.32410785e+00
1.47461850e+03 2.22157345e+00
1.47474221e+03 2.12810916e+00
1.47486592e+03 2.04457054e+00
1.47501432e+03 1.95845075e+00
1.47514413e+03 1.89639136e+00
1.47527393e+03 1.84711536e+00
1.47540374e+03 1.81074171e+00
1.47553355e+03 1.78713611e+00
1.47567267e+03 1.77557757e+00
1.47572524e+03 1.77477004e+00
1.47583040e+03 1.77874847e+00
1.47598813e+03 1.79789770e+00
1.47614586e+03 1.83154741e+00
1.47630359e+03 1.87836749e+00
1.47646132e+03 1.93745586e+00
1.47661906e+03 2.00860620e+00
1.47677679e+03 2.09250526e+00
1.47693452e+03 2.19083606e+00
1.47709225e+03 2.30623640e+00
1.47719741e+03 2.39430830e+00
1.47730256e+03 2.49258890e+00
1.47740903e+03 2.60366680e+00
1.47751550e+03 2.72750347e+00
1.47762197e+03 2.86507562e+00
1.47772844e+03 3.01712257e+00
1.47783491e+03 3.18405677e+00
1.47794138e+03 3.36588048e+00
1.47810108e+03 3.66533981e+00
1.47825376e+03 3.97824831e+00
1.47845266e+03 4.41473526e+00
1.47875101e+03 5.08967575e+00
1.47894991e+03 5.51607824e+00
1.47910228e+03 5.80942803e+00
1.47925466e+03 6.06050522e+00
1.47935624e+03 6.19912441e+00
1.47945782e+03 6.31169522e+00
1.47955941e+03 6.39626234e+00
1.47966099e+03 6.45154472e+00
1.47978256e+03 6.47848608e+00
1.47980255e+03 6.47883979e+00
1.47992246e+03 6.45736775e+00
1.48004237e+03 6.39725959e+00
1.48016228e+03 6.30210870e+00
1.48032216e+03 6.12921663e+00
1.48048204e+03 5.91681408e+00
1.48096169e+03 5.20521099e+00
1.48111809e+03 4.99950753e+00
1.48127101e+03 4.82983203e+00
1.48138569e+03 4.72702284e+00
1.48150038e+03 4.64687748e+00
1.48161507e+03 4.58974693e+00
1.48174261e+03 4.55237114e+00
1.48187658e+03 4.54029314e+00
1.48201055e+03 4.55207760e+00
1.48218918e+03 4.59609913e+00
1.48281436e+03 4.82771768e+00
1.48308230e+03 4.89201142e+00
1.48333302e+03 4.91953971e+00
1.48395983e+03 4.93686153e+00
1.48418883e+03 4.96624328e+00
1.48439612e+03 5.01581388e+00
1.48470705e+03 5.12859553e+00
1.48512162e+03 5.30546278e+00
1.48532891e+03 5.37350717e+00
1.48548438e+03 5.40215317e+00
1.48557506e+03 5.40704194e+00
1.48574348e+03 5.38850467e+00
1.48587885e+03 5.34447184e+00
1.48601421e+03 5.27249784e+00
1.48614957e+03 5.17201372e+00
1.48628493e+03 5.04371252e+00
1.48642029e+03 4.88953370e+00
1.48655566e+03 4.71257166e+00
1.48673614e+03 4.44832918e+00
1.48700686e+03 4.01543874e+00
1.48729277e+03 3.55291411e+00
1.48745090e+03 3.31154239e+00
1.48760904e+03 3.08856071e+00
1.48776717e+03 2.88840553e+00
1.48787259e+03 2.76903252e+00
1.48797802e+03 2.66136805e+00
1.48809410e+03 2.55637988e+00
1.48822083e+03 2.45753463e+00
1.48834757e+03 2.37420575e+00
1.48847431e+03 2.30502209e+00
1.48860104e+03 2.24833720e+00
1.48872778e+03 2.20234499e+00
1.48891789e+03 2.14933869e+00
1.48904462e+03 2.12201905e+00
1.49005852e+03 1.96480165e+00
1.49078741e+03 1.82509144e+00
1.49096963e+03 1.79674312e+00
1.49115186e+03 1.77797177e+00
1.49128852e+03 1.77282547e+00
1.49142519e+03 1.77751004e+00
1.49151630e+03 1.78707311e+00
1.49164627e+03 1.81093510e+00
1.49177623e+03 1.84824367e+00
1.49187371e+03 1.88592940e+00
1.49197118e+03 1.93253589e+00
1.49206866e+03 1.98851836e+00
1.49216613e+03 2.05423326e+00
1.49226361e+03 2.12992308e+00
1.49236108e+03 2.21570186e+00
1.49249104e+03 2.34569908e+00
1.49260971e+03 2.47959648e+00
1.49271708e+03 2.61262465e+00
1.49287814e+03 2.83144173e+00
1.49303920e+03 3.06996661e+00
1.49325394e+03 3.41006092e+00
1.49365822e+03 4.07016778e+00
1.49390144e+03 4.44214046e+00
1.49406359e+03 4.66504561e+00
1.49422573e+03 4.86075042e+00
1.49438788e+03 5.02434433e+00
1.49455003e+03 5.15230299e+00
1.49471218e+03 5.24269782e+00
1.49486928e+03 5.29424142e+00
1.49504315e+03 5.31164889e+00
1.49522541e+03 5.28944869e+00
1.49540767e+03 5.23260300e+00
1.49565069e+03 5.11798302e+00
1.49625822e+03 4.77873547e+00
1.49650123e+03 4.67301036e+00
1.49674425e+03 4.60062618e+00
1.49699486e+03 4.56044925e+00
1.49725307e+03 4.54688286e+00
1.49738217e+03 4.54633304e+00
1.49764038e+03 4.54803880e+00
1.49799617e+03 4.53670549e+00
1.49828892e+03 4.50482209e+00
1.49887442e+03 4.40373385e+00
1.49916716e+03 4.36733685e+00
1.49933794e+03 4.36081507e+00
1.49954398e+03 4.37244338e+00
1.49979617e+03 4.41974253e+00
1.50004836e+03 4.50429473e+00
1.50030055e+03 4.62250533e+00
1.50046868e+03 4.71665312e+00
1.50080494e+03 4.93088953e+00
1.50130932e+03 5.28897556e+00
1.50164558e+03 5.54678253e+00
1.50198183e+03 5.83103689e+00
1.50226418e+03 6.10004124e+00
1.50260683e+03 6.46576358e+00
1.50306370e+03 6.97783807e+00
1.50329214e+03 7.20642495e+00
1.50346346e+03 7.34656470e+00
1.50363479e+03 7.44780222e+00
1.50380612e+03 7.49992710e+00
1.50386322e+03 7.50484395e+00
1.50402249e+03 7.48254717e+00
1.50415765e+03 7.41990288e+00
1.50429280e+03 7.31607095e+00
1.50442795e+03 7.17172432e+00
1.50456311e+03 6.98923082e+00
1.50469826e+03 6.77267310e+00
1.50487847e+03 6.44104431e+00
1.50541908e+03 5.33646046e+00
1.50557463e+03 5.04915287e+00
1.50567833e+03 4.87908669e+00
1.50578203e+03 4.73062464e+00
1.50588573e+03 4.60703651e+00
1.50598943e+03 4.51100283e+00
1.50609313e+03 4.44453708e+00
1.50619683e+03 4.40890931e+00
1.50624868e+03 4.40284256e+00
1.50635798e+03 4.41561280e+00
1.50646728e+03 4.46220940e+00
1.50657658e+03 4.54075106e+00
1.50668588e+03 4.64841570e+00
1.50679518e+03 4.78152686e+00
1.50690448e+03 4.93566988e+00
1.50712308e+03 5.28659001e+00
1.50741455e+03 5.77714695e+00
1.50760250e+03 6.06281510e+00
1.50774346e+03 6.24357225e+00
1.50788442e+03 6.38688258e+00
1.50802538e+03 6.48748775e+00
1.50816634e+03 6.54277758e+00
1.50825941e+03 6.55437722e+00
1.50839901e+03 6.53623150e+00
1.50853861e+03 6.47915797e+00
1.50872474e+03 6.35290811e+00
1.50891088e+03 6.18574087e+00
1.50937622e+03 5.71943805e+00
1.50956235e+03 5.56249197e+00
1.50970665e+03 5.46704774e+00
1.50986034e+03 5.39612102e+00
1.51001403e+03 5.35997213e+00
1.51008928e+03 5.35530899e+00
1.51025742e+03 5.37517378e+00
1.51040155e+03 5.42315346e+00
1.51054567e+03 5.49548842e+00
1.51073784e+03 5.61985350e+00
1.51112217e+03 5.89635405e+00
1.51131433e+03 6.00667570e+00
1.51145846e+03 6.05984760e+00
1.51160258e+03 6.07896871e+00
1.51173705e+03 6.06059374e+00
1.51186320e+03 6.00833120e+00
1.51198936e+03 5.92061976e+00
1.51211551e+03 5.79743352e+00
1.51224167e+03 5.64022312e+00
1.51236782e+03 5.45183685e+00
1.51249398e+03 5.23637106e+00
1.51268321e+03 4.87378777e+00
1.51316039e+03 3.87728599e+00
1.51332604e+03 3.54811644e+00
1.51346050e+03 3.30033526e+00
1.51356377e+03 3.12473291e+00
1.51366704e+03 2.96342640e+00
1.51377032e+03 2.81729682e+00
1.51387359e+03 2.68678537e+00
1.51397687e+03 2.57192721e+00
1.51408014e+03 2.47239716e+00
1.51418341e+03 2.38756369e+00
1.51429433e+03 2.31181167e+00
1.51441289e+03 2.24695675e+00
1.51453146e+03 2.19696495e+00
1.51465002e+03 2.15990100e+00
1.51480506e+03 2.12769420e+00
1.51490082e+03 2.11533483e+00
1.51509235e+03 2.10362871e+00
1.51518811e+03 2.10263007e+00
1.51547539e+03 2.11067496e+00
1.51595421e+03 2.13032564e+00
1.51612179e+03 2.13232526e+00
1.51643177e+03 2.12461343e+00
1.51662204e+03 2.11246962e+00
1.51719286e+03 2.06170920e+00
1.51743071e+03 2.05171937e+00
1.51757341e+03 2.05552265e+00
1.51771612e+03 2.06987018e+00
1.51782140e+03 2.08873826e+00
1.51793683e+03 2.11880864e+00
1.51805226e+03 2.15981558e+00
1.51816768e+03 2.21271967e+00
1.51828311e+03 2.27822709e+00
1.51839854e+03 2.35673854e+00
1.51851396e+03 2.44830696e+00
1.51862939e+03 2.55260585e+00
1.51874615e+03 2.67032883e+00
1.51892330e+03 2.86969320e+00
1.51910045e+03 3.08882752e+00
1.51963190e+03 3.78402226e+00
1.51983942e+03 4.03236625e+00
1.51997777e+03 4.17977325e+00
1.52011612e+03 4.30879441e+00
1.52025446e+03 4.41691526e+00
1.52039281e+03 4.50241852e+00
1.52053116e+03 4.56440985e+00
1.52066951e+03 4.60279515e+00
1.52079986e+03 4.61793285e+00
1.52086105e+03 4.61829219e+00
1.52104461e+03 4.59534061e+00
1.52122817e+03 4.54033391e+00
1.52141173e+03 4.45936254e+00
1.52171766e+03 4.28608110e+00
1.52208478e+03 4.06124641e+00
1.52226834e+03 3.96286889e+00
1.52245190e+03 3.88666082e+00
1.52257427e+03 3.85297193e+00
1.52272105e+03 3.83512727e+00
1.52274546e+03 3.83483498e+00
1.52289190e+03 3.85077961e+00
1.52301408e+03 3.88901707e+00
1.52313626e+03 3.95155917e+00
1.52325844e+03 4.03928373e+00
1.52338062e+03 4.15233663e+00
1.52350280e+03 4.29004610e+00
1.52362497e+03 4.45085142e+00
1.52374715e+03 4.63228388e+00
1.52394003e+03 4.95221094e+00
1.52443494e+03 5.83804781e+00
1.52457634e+03 6.06948713e+00
1.52471775e+03 6.27504235e+00
1.52485915e+03 6.44716126e+00
1.52500055e+03 6.57984634e+00
1.52514892e+03 6.67225787e+00
1.52529729e+03 6.71465403e+00
1.52535275e+03 6.71768728e+00
1.52551914e+03 6.68661817e+00
1.52568554e+03 6.60021170e+00
1.52585193e+03 6.46719860e+00
1.52607378e+03 6.23593087e+00
1.52651749e+03 5.68773383e+00
1.52685027e+03 5.28699985e+00
1.52707212e+03 5.05049041e+00
1.52730550e+03 4.83644514e+00
1.52753888e+03 4.66206081e+00
1.52769447e+03 4.56972634e+00
1.52785006e+03 4.49822359e+00
1.52800564e+03 4.44937403e+00
1.52816123e+03 4.42519528e+00
1.52823902e+03 4.42298028e+00
1.52837263e+03 4.43533214e+00
1.52854006e+03 4.48065830e+00
1.52870749e+03 4.55965652e+00
1.52887492e+03 4.67139546e+00
1.52904235e+03 4.81326701e+00
1.52920979e+03 4.98103479e+00
1.52943303e+03 5.23526002e+00
1.53010275e+03 6.06583454e+00
1.53042230e+03 6.43540260e+00
1.53122118e+03 7.29058092e+00
1.53170050e+03 7.84540512e+00
1.53217983e+03 8.41412547e+00
1.53249938e+03 8.74824672e+00
1.53277141e+03 8.97720153e+00
1.53299594e+03 9.12140898e+00
1.53333272e+03 9.26600840e+00
1.53366951e+03 9.34086376e+00
1.53395016e+03 9.36003408e+00
1.53423081e+03 9.33641649e+00
1.53445534e+03 9.27598229e+00
1.53470032e+03 9.15279959e+00
1.53488405e+03 9.01251498e+00
1.53506778e+03 8.82666413e+00
1.53525152e+03 8.59480662e+00
1.53543525e+03 8.32060226e+00
1.53568023e+03 7.90306897e+00
1.53617018e+03 7.00007369e+00
1.53641516e+03 6.57951256e+00
1.53658122e+03 6.32529116e+00
1.53674727e+03 6.10204635e+00
1.53691333e+03 5.91201882e+00
1.53707939e+03 5.75476183e+00
1.53724544e+03 5.62739757e+00
1.53741150e+03 5.52508785e+00
1.53763291e+03 5.41689006e+00
1.53818643e+03 5.19289296e+00
1.53896501e+03 4.82821138e+00
1.53913803e+03 4.76819989e+00
1.53931105e+03 4.73657526e+00
1.53936783e+03 4.73427789e+00
1.53948407e+03 4.74438537e+00
1.53963221e+03 4.78978360e+00
1.53975546e+03 4.85831938e+00
1.53987872e+03 4.95648128e+00
1.54000197e+03 5.08461569e+00
1.54012523e+03 5.24175652e+00
1.54024848e+03 5.42555650e+00
1.54043337e+03 5.74273383e+00
1.54092024e+03 6.67624744e+00
1.54106568e+03 6.93270010e+00
1.54121113e+03 7.15575974e+00
1.54135657e+03 7.33379247e+00
1.54150202e+03 7.45711788e+00
1.54161110e+03 7.50931900e+00
1.54172019e+03 7.52476852e+00
1.54184162e+03 7.49767016e+00
1.54196304e+03 7.42416936e+00
1.54208447e+03 7.30601807e+00
1.54220590e+03 7.14636853e+00
1.54232732e+03 6.94959528e+00
1.54244875e+03 6.72108076e+00
1.54261065e+03 6.37769119e+00
1.54285351e+03 5.81201008e+00
1.54311178e+03 5.19792958e+00
1.54330452e+03 4.76637379e+00
1.54344907e+03 4.47198513e+00
1.54359362e+03 4.21054360e+00
1.54368999e+03 4.05725007e+00
1.54381890e+03 3.88084005e+00
1.54391652e+03 3.77011841e+00
1.54401415e+03 3.67963234e+00
1.54411177e+03 3.60951235e+00
1.54420939e+03 3.55958378e+00
1.54430701e+03 3.52938849e+00
1.54441513e+03 3.51809568e+00
1.54451053e+03 3.52644422e+00
1.54463264e+03 3.56031721e+00
1.54475475e+03 3.61766828e+00
1.54487686e+03 3.69540980e+00
1.54503968e+03 3.82500563e+00
1.54520249e+03 3.97671551e+00
1.54584733e+03 4.64866721e+00
1.54608513e+03 4.88057829e+00
1.54656074e+03 5.30053192e+00
1.54691745e+03 5.62123341e+00
1.54715525e+03 5.86840971e+00
1.54739306e+03 6.15852986e+00
1.54761568e+03 6.47449865e+00
1.54782312e+03 6.80522701e+00
1.54823800e+03 7.53274277e+00
1.54854917e+03 8.07506121e+00
1.54875661e+03 8.40151724e+00
1.54896405e+03 8.68109956e+00
1.54917149e+03 8.90222968e+00
1.54933825e+03 9.03337550e+00
1.54950501e+03 9.12258774e+00
1.54971885e+03 9.17950813e+00
1.54982152e+03 9.18638552e+00
1.55002687e+03 9.16732445e+00
1.55033488e+03 9.07946618e+00
1.55084824e+03 8.85774631e+00
1.55136160e+03 8.58815144e+00
1.55166962e+03 8.38535707e+00
1.55197763e+03 8.13575972e+00
1.55228565e+03 7.83807801e+00
1.55269634e+03 7.38554288e+00
1.55332322e+03 6.63849672e+00
1.55374475e+03 6.10690445e+00
1.55402578e+03 5.72787568e+00
1.55430680e+03 5.32406909e+00
1.55507962e+03 4.15146492e+00
1.55530535e+03 3.83356185e+00
1.55546082e+03 3.63361054e+00
1.55561629e+03 3.45352422e+00
1.55577177e+03 3.29636689e+00
1.55588837e+03 3.19491323e+00
1.55600498e+03 3.10821573e+00
1.55612158e+03 3.03656478e+00
1.55623818e+03 2.97996837e+00
1.55635479e+03 2.93817785e+00
1.55649713e+03 2.90655100e+00
1.55664921e+03 2.89508873e+00
1.55680129e+03 2.90512788e+00
1.55695336e+03 2.93508850e+00
1.55710544e+03 2.98362500e+00
1.55725752e+03 3.04979159e+00
1.55740960e+03 3.13312345e+00
1.55756167e+03 3.23361721e+00
1.55771375e+03 3.35159835e+00
1.55786583e+03 3.48749403e+00
1.55801790e+03 3.64151550e+00
1.55819112e+03 3.83853643e+00
1.55840661e+03 4.11257311e+00
1.55869392e+03 4.51290495e+00
1.55905307e+03 5.01619608e+00
1.55926856e+03 5.28115461e+00
1.55943413e+03 5.44718306e+00
1.55955832e+03 5.54340561e+00
1.55968250e+03 5.61121882e+00
1.55980668e+03 5.64765308e+00
1.55988947e+03 5.65343338e+00
1.56001927e+03 5.63164759e+00
1.56015187e+03 5.57015003e+00
1.56028447e+03 5.46979272e+00
1.56041708e+03 5.33265927e+00
1.56054968e+03 5.16200652e+00
1.56068228e+03 4.96208749e+00
1.56081489e+03 4.73795391e+00
1.56099169e+03 4.41118993e+00
1.56142908e+03 3.55114724e+00
1.56159663e+03 3.23451805e+00
1.56172230e+03 3.01132749e+00
1.56184796e+03 2.80417027e+00
1.56197363e+03 2.61582138e+00
1.56206754e+03 2.48865735e+00
1.56217160e+03 2.36227879e+00
1.56227566e+03 2.25179471e+00
1.56237972e+03 2.15760024e+00
1.56248377e+03 2.07984113e+00
1.56258783e+03 2.01843213e+00
1.56269189e+03 1.97308629e+00
1.56279595e+03 1.94333709e+00
1.56288397e+03 1.92989723e+00
1.56295597e+03 1.92657169e+00
1.56306397e+03 1.93389972e+00
1.56317197e+03 1.95514857e+00
1.56327997e+03 1.98931017e+00
1.56338797e+03 2.03536648e+00
1.56349597e+03 2.09232290e+00
1.56363996e+03 2.18362145e+00
1.56378396e+03 2.29071686e+00
1.56392796e+03 2.41211831e+00
1.56407004e+03 2.54503190e+00
1.56421020e+03 2.68872797e+00
1.56435036e+03 2.84546604e+00
1.56449052e+03 3.01661770e+00
1.56463068e+03 3.20443299e+00
1.56477084e+03 3.41206781e+00
1.56491100e+03 3.64354903e+00
1.56501612e+03 3.83567958e+00
1.56512124e+03 4.04618723e+00
1.56522186e+03 4.26713499e+00
1.56532248e+03 4.50931083e+00
1.56542311e+03 4.77487934e+00
1.56552373e+03 5.06590579e+00
1.56562435e+03 5.38427354e+00
1.56572497e+03 5.73155970e+00
1.56582560e+03 6.10895108e+00
1.56592622e+03 6.51710463e+00
1.56604060e+03 7.01846527e+00
1.56615499e+03 7.55851631e+00
1.56630750e+03 8.33426867e+00
1.56646001e+03 9.16415693e+00
1.56672171e+03 1.06683051e+01
1.56699988e+03 1.22691890e+01
1.56718532e+03 1.32580328e+01
1.56732256e+03 1.39127587e+01
1.56745609e+03 1.44650074e+01
1.56758961e+03 1.49164910e+01
1.56772314e+03 1.52531766e+01
1.56785667e+03 1.54648073e+01
1.56799020e+03 1.55455441e+01
1.56810487e+03 1.55095063e+01
1.56821955e+03 1.53783782e+01
1.56833422e+03 1.51570386e+01
1.56844889e+03 1.48527723e+01
1.56856356e+03 1.44749616e+01
1.56867824e+03 1.40346889e+01
1.56883114e+03 1.33719002e+01
1.56906048e+03 1.22786419e+01
1.56938509e+03 1.07063556e+01
1.56955680e+03 9.93666188e+00
1.56967127e+03 9.46503461e+00
1.56978574e+03 9.03253398e+00
1.56990022e+03 8.64215137e+00
1.57001469e+03 8.29512523e+00
1.57012916e+03 7.99111446e+00
1.57024523e+03 7.72504898e+00
1.57036130e+03 7.49858781e+00
1.57047737e+03 7.30804055e+00
1.57065147e+03 7.08038248e+00
1.57082558e+03 6.90965252e+00
1.57099968e+03 6.78261862e+00
1.57117378e+03 6.68880888e+00
1.57140592e+03 6.60408457e+00
1.57163806e+03 6.56045616e+00
1.57175413e+03 6.55470104e+00
1.57198626e+03 6.57943720e+00
1.57219696e+03 6.64833481e+00
1.57240765e+03 6.76355107e+00
1.57261834e+03 6.92157242e+00
1.57282903e+03 7.11242961e+00
1.57335576e+03 7.62061072e+00
1.57356645e+03 7.78320452e+00
1.57376214e+03 7.88907001e+00
1.57394283e+03 7.93918634e+00
1.57403318e+03 7.94548987e+00
1.57422646e+03 7.91562319e+00
1.57441975e+03 7.82765008e+00
1.57461304e+03 7.68582449e+00
1.57480633e+03 7.49716020e+00
1.57506404e+03 7.18826413e+00
1.57545062e+03 6.65098239e+00
1.57583720e+03 6.09952371e+00
1.57609491e+03 5.76419760e+00
1.57628215e+03 5.55199812e+00
1.57646938e+03 5.37507918e+00
1.57665661e+03 5.24039750e+00
1.57678143e+03 5.17703577e+00
1.57690626e+03 5.13652395e+00
1.57705253e+03 5.11964184e+00
1.57718579e+03 5.13400352e+00
1.57732424e+03 5.17948298e+00
1.57746269e+03 5.25605149e+00
1.57760115e+03 5.36306212e+00
1.57773960e+03 5.49926891e+00
1.57783190e+03 5.60542434e+00
1.57801650e+03 5.85155614e+00
1.57820110e+03 6.13743701e+00
1.57838571e+03 6.45591284e+00
1.57867263e+03 6.99799002e+00
1.57959355e+03 8.85595981e+00
1.57990053e+03 9.43222068e+00
1.58010517e+03 9.78004669e+00
1.58031650e+03 1.00936039e+01
1.58053451e+03 1.03510268e+01
1.58069801e+03 1.04879017e+01
1.58086151e+03 1.05667318e+01
1.58097051e+03 1.05828611e+01
1.58112365e+03 1.05514537e+01
1.58125607e+03 1.04700135e+01
1.58138848e+03 1.03360002e+01
1.58152090e+03 1.01485621e+01
1.58165332e+03 9.90821617e+00
1.58178573e+03 9.61692644e+00
1.58191815e+03 9.27808997e+00
1.58205056e+03 8.89648382e+00
1.58222712e+03 8.33160878e+00
1.58240367e+03 7.71819499e+00
1.58297582e+03 5.62367316e+00
1.58316125e+03 4.98194922e+00
1.58330879e+03 4.50454629e+00
1.58341944e+03 4.16985199e+00
1.58353010e+03 3.85732465e+00
1.58364075e+03 3.56831025e+00
1.58376016e+03 3.28374363e+00
1.58384270e+03 3.10390796e+00
1.58392523e+03 2.93784470e+00
1.58400776e+03 2.78543955e+00
1.58409030e+03 2.64647674e+00
1.58417283e+03 2.52066520e+00
1.58425536e+03 2.40764600e+00
1.58433789e+03 2.30700868e+00
1.58442797e+03 2.21078265e+00
1.58451804e+03 2.12815206e+00
1.58460811e+03 2.05848139e+00
1.58469817e+03 2.00113131e+00
1.58478824e+03 1.95547130e+00
1.58487831e+03 1.92088998e+00
1.58496838e+03 1.89680323e+00
1.58505846e+03 1.88266038e+00
1.58514972e+03 1.87794732e+00
1.58524099e+03 1.88242759e+00
1.58535052e+03 1.89931465e+00
1.58546004e+03 1.92811809e+00
1.58556956e+03 1.96825015e+00
1.58567909e+03 2.01921811e+00
1.58578861e+03 2.08062084e+00
1.58589813e+03 2.15214607e+00
1.58600766e+03 2.23356269e+00
1.58615369e+03 2.35725130e+00
1.58629219e+03 2.49040017e+00
1.58642316e+03 2.63047691e+00
1.58655413e+03 2.78438822e+00
1.58668509e+03 2.95221647e+00
1.58681606e+03 3.13402119e+00
1.58694703e+03 3.32977093e+00
1.58714348e+03 3.64910488e+00
1.58733331e+03 3.98562160e+00
1.58750988e+03 4.32093841e+00
1.58774531e+03 4.79525598e+00
1.58830296e+03 5.96808086e+00
1.58856334e+03 6.48451858e+00
1.58873692e+03 6.79545182e+00
1.58891051e+03 7.06799380e+00
1.58908409e+03 7.29263683e+00
1.58921428e+03 7.42464832e+00
1.58934447e+03 7.52225098e+00
1.58947466e+03 7.58347991e+00
1.58960485e+03 7.60734360e+00
1.58974871e+03 7.59043299e+00
1.58989256e+03 7.52993129e+00
1.58998847e+03 7.46714413e+00
1.59018028e+03 7.29492092e+00
1.59037209e+03 7.07493780e+00
1.59085161e+03 6.46551922e+00
1.59099547e+03 6.31175762e+00
1.59113933e+03 6.19201389e+00
1.59124018e+03 6.13429628e+00
1.59136625e+03 6.09867090e+00
1.59139147e+03 6.09692693e+00
1.59149232e+03 6.10944093e+00
1.59159565e+03 6.15668224e+00
1.59170145e+03 6.24370855e+00
1.59180725e+03 6.37193782e+00
1.59191305e+03 6.54288567e+00
1.59201885e+03 6.75743802e+00
1.59212465e+03 7.01582507e+00
1.59223044e+03 7.31760385e+00
1.59233624e+03 7.66164587e+00
1.59244452e+03 8.05560691e+00
1.59255526e+03 8.49962284e+00
1.59266601e+03 8.98153591e+00
1.59283213e+03 9.76566684e+00
1.59305363e+03 1.08970292e+01
1.59351405e+03 1.33453513e+01
1.59367334e+03 1.41458056e+01
1.59383263e+03 1.48838805e+01
1.59399192e+03 1.55366624e+01
1.59415121e+03 1.60829447e+01
1.59427067e+03 1.64115091e+01
1.59439014e+03 1.66631810e+01
1.59450960e+03 1.68328115e+01
1.59461790e+03 1.69126276e+01
1.59468638e+03 1.69260222e+01
1.59480222e+03 1.68828494e+01
1.59491806e+03 1.67575543e+01
1.59503390e+03 1.65522712e+01
1.59514975e+03 1.62706451e+01
1.59530420e+03 1.57853317e+01
1.59545866e+03 1.51888684e+01
1.59561311e+03 1.44998599e+01
1.59576757e+03 1.37390920e+01
1.59601015e+03 1.24521381e+01
1.59636268e+03 1.05334454e+01
1.59653895e+03 9.61424627e+00
1.59671798e+03 8.73870148e+00
1.59685433e+03 8.12159366e+00
1.59699069e+03 7.55328785e+00
1.59712705e+03 7.03700504e+00
1.59726340e+03 6.57421512e+00
1.59739173e+03 6.18741137e+00
1.59750401e+03 5.88679546e+00
1.59761629e+03 5.61999128e+00
1.59772857e+03 5.38511873e+00
1.59784085e+03 5.17992009e+00
1.59795313e+03 5.00185779e+00
1.59806541e+03 4.84818808e+00
1.59817769e+03 4.71605634e+00
1.59832740e+03 4.56835636e+00
1.59847710e+03 4.44697642e+00
1.59871008e+03 4.29531066e+00
1.59902634e+03 4.12839684e+00
1.59950073e+03 3.88546317e+00
1.59981698e+03 3.69914530e+00
1.60013324e+03 3.48981332e+00
1.60060762e+03 3.15846061e+00
1.60084482e+03 3.00473145e+00
1.60100294e+03 2.91505951e+00
1.60116201e+03 2.84043917e+00
1.60128202e+03 2.79752434e+00
1.60140202e+03 2.76866790e+00
1.60152203e+03 2.75628179e+00
1.60156203e+03 2.75624087e+00
1.60168204e+03 2.76968140e+00
1.60177605e+03 2.79565705e+00
1.60188406e+03 2.84392832e+00
1.60199208e+03 2.91355716e+00
1.60207310e+03 2.98077102e+00
1.60215411e+03 3.06152838e+00
1.60223513e+03 3.15638363e+00
1.60231614e+03 3.26579913e+00
1.60237015e+03 3.34701943e+00
1.60247817e+03 3.52967324e+00
1.60258618e+03 3.73950712e+00
1.60266941e+03 3.91966063e+00
1.60279426e+03 4.21936909e+00
1.60291910e+03 4.55279183e+00
1.60304394e+03 4.91706982e+00
1.60316879e+03 5.30820919e+00
1.60334459e+03 5.89453020e+00
1.60380744e+03 7.50480627e+00
1.60399258e+03 8.10897498e+00
1.60416720e+03 8.62229739e+00
1.60428361e+03 8.92423838e+00
1.60440001e+03 9.18836637e+00
1.60451642e+03 9.41096235e+00
1.60463283e+03 9.58938602e+00
1.60474924e+03 9.72213065e+00
1.60486565e+03 9.80882275e+00
1.60498772e+03 9.85104953e+00
1.60505159e+03 9.85389272e+00
1.60517932e+03 9.82185784e+00
1.60530706e+03 9.74291397e+00
1.60549866e+03 9.54707645e+00
1.60569027e+03 9.27445775e+00
1.60588187e+03 8.94381451e+00
1.60620121e+03 8.31248579e+00
1.60671216e+03 7.25362975e+00
1.60696763e+03 6.76774098e+00
1.60717895e+03 6.41235446e+00
1.60731982e+03 6.20465997e+00
1.60746070e+03 6.02294398e+00
1.60760157e+03 5.86833468e+00
1.60774245e+03 5.74082402e+00
1.60788332e+03 5.63919835e+00
1.60809463e+03 5.52967575e+00
1.60830715e+03 5.45962633e+00
1.60883842e+03 5.34398852e+00
1.60905487e+03 5.27224947e+00
1.60922015e+03 5.19366549e+00
1.60938543e+03 5.09075624e+00
1.60955072e+03 4.96287302e+00
1.60971600e+03 4.81189237e+00
1.60993638e+03 4.58210547e+00
1.61048732e+03 3.96410411e+00
1.61065260e+03 3.79700693e+00
1.61079832e+03 3.66592111e+00
1.61093425e+03 3.55991474e+00
1.61107018e+03 3.47086700e+00
1.61120611e+03 3.39892349e+00
1.61134204e+03 3.34319075e+00
1.61148824e+03 3.29920062e+00
1.61165495e+03 3.26496227e+00
1.61221067e+03 3.19236766e+00
1.61241808e+03 3.14860043e+00
1.61261060e+03 3.08866083e+00
1.61280311e+03 3.00880600e+00
1.61299563e+03 2.91181273e+00
1.61347693e+03 2.64218652e+00
1.61366944e+03 2.54951914e+00
1.61381383e+03 2.49531413e+00
1.61394366e+03 2.46122421e+00
1.61406621e+03 2.44382304e+00
1.61414791e+03 2.44090441e+00
1.61425880e+03 2.44863853e+00
1.61436388e+03 2.46870804e+00
1.61446895e+03 2.50123295e+00
1.61457403e+03 2.54599267e+00
1.61467910e+03 2.60250401e+00
1.61481920e+03 2.69484618e+00
1.61495930e+03 2.80443982e+00
1.61509940e+03 2.92836270e+00
1.61530954e+03 3.13356285e+00
1.61577248e+03 3.60727399e+00
1.61595766e+03 3.78015206e+00
1.61614284e+03 3.93104422e+00
1.61632801e+03 4.05365638e+00
1.61646690e+03 4.12453769e+00
1.61660578e+03 4.17649135e+00
1.61679095e+03 4.21687878e+00
1.61695327e+03 4.22754051e+00
1.61711559e+03 4.21924903e+00
1.61744023e+03 4.16906478e+00
1.61776486e+03 4.12156472e+00
1.61788660e+03 4.11657471e+00
1.61800834e+03 4.12304468e+00
1.61815035e+03 4.14825527e+00
1.61827205e+03 4.18718450e+00
1.61839376e+03 4.24355651e+00
1.61851546e+03 4.31817603e+00
1.61863717e+03 4.41128790e+00
1.61881973e+03 4.58483230e+00
1.61900229e+03 4.79608496e+00
1.61918484e+03 5.03980606e+00
1.61942825e+03 5.40332286e+00
1.62014447e+03 6.55661155e+00
1.62035985e+03 6.87856526e+00
1.62057524e+03 7.17053609e+00
1.62079062e+03 7.42449560e+00
1.62100600e+03 7.63343501e+00
1.62122138e+03 7.79080324e+00
1.62143676e+03 7.89006522e+00
1.62159830e+03 7.92239852e+00
1.62165215e+03 7.92461281e+00
1.62181899e+03 7.90287397e+00
1.62199646e+03 7.83024666e+00
1.62217393e+03 7.70470996e+00
1.62235139e+03 7.52587943e+00
1.62252886e+03 7.29538299e+00
1.62270633e+03 7.01719663e+00
1.62288380e+03 6.69775378e+00
1.62306127e+03 6.34583351e+00
1.62365282e+03 5.08579117e+00
1.62383509e+03 4.72162563e+00
1.62395660e+03 4.49745820e+00
1.62407811e+03 4.29231133e+00
1.62419962e+03 4.10933900e+00
1.62432113e+03 3.95129794e+00
1.62444264e+03 3.82054546e+00
1.62456415e+03 3.71903439e+00
1.62466050e+03 3.66038188e+00
1.62476731e+03 3.61878533e+00
1.62488302e+03 3.60227031e+00
1.62489192e+03 3.60224923e+00
1.62496465e+03 3.60883756e+00
1.62507451e+03 3.64182330e+00
1.62518437e+03 3.70280833e+00
1.62529423e+03 3.79201484e+00
1.62540410e+03 3.90957439e+00
1.62551396e+03 4.05553250e+00
1.62562382e+03 4.22984196e+00
1.62573368e+03 4.43234174e+00
1.62583524e+03 4.64436939e+00
1.62592851e+03 4.85975311e+00
1.62606841e+03 5.21896515e+00
1.62620831e+03 5.61964521e+00
1.62634821e+03 6.05876951e+00
1.62648811e+03 6.53216328e+00
1.62669314e+03 7.27606752e+00
1.62727393e+03 9.49476168e+00
1.62744286e+03 1.00944219e+01
1.62763287e+03 1.06997117e+01
1.62775955e+03 1.10498523e+01
1.62788622e+03 1.13492566e+01
1.62801290e+03 1.15924454e+01
1.62813957e+03 1.17754551e+01
1.62826624e+03 1.18960233e+01
1.62842336e+03 1.19582451e+01
1.62845380e+03 1.19592908e+01
1.62857557e+03 1.19289670e+01
1.62869733e+03 1.18460562e+01
1.62887998e+03 1.16330287e+01
1.62906263e+03 1.13304573e+01
1.62924528e+03 1.09596583e+01
1.62948881e+03 1.03969409e+01
1.62997588e+03 9.20832059e+00
1.63021941e+03 8.65056849e+00
1.63043221e+03 8.20608957e+00
1.63061428e+03 7.86436738e+00
1.63079635e+03 7.56241393e+00
1.63097843e+03 7.30375324e+00
1.63116050e+03 7.09190935e+00
1.63134257e+03 6.93048738e+00
1.63147912e+03 6.84457262e+00
1.63161567e+03 6.79011813e+00
1.63175222e+03 6.76787824e+00
1.63179774e+03 6.76767031e+00
1.63194609e+03 6.79176992e+00
1.63209443e+03 6.85267176e+00
1.63219332e+03 6.91250210e+00
1.63239111e+03 7.07311185e+00
1.63258890e+03 7.27755531e+00
1.63318227e+03 7.97568994e+00
1.63338006e+03 8.16837315e+00
1.63357380e+03 8.30634908e+00
1.63376754e+03 8.38013726e+00
1.63389670e+03 8.38900376e+00
1.63407632e+03 8.34483674e+00
1.63425594e+03 8.23535962e+00
1.63443556e+03 8.06482784e+00
1.63461518e+03 7.84107709e+00
1.63479480e+03 7.57471867e+00
1.63509416e+03 7.07013529e+00
1.63557315e+03 6.23559001e+00
1.63581264e+03 5.85907124e+00
1.63602330e+03 5.56754974e+00
1.63623397e+03 5.31775024e+00
1.63644463e+03 5.10957422e+00
1.63665529e+03 4.93970452e+00
1.63686595e+03 4.80304096e+00
1.63707662e+03 4.69421409e+00
1.63728728e+03 4.60891466e+00
1.63749794e+03 4.54482093e+00
1.63770860e+03 4.50194425e+00
1.63795438e+03 4.48156646e+00
1.63798949e+03 4.48153961e+00
1.63817298e+03 4.49428454e+00
1.63835956e+03 4.53085382e+00
1.63854614e+03 4.59231840e+00
1.63867053e+03 4.64695001e+00
1.63891931e+03 4.78586523e+00
1.63916808e+03 4.95522879e+00
1.63966564e+03 5.31780400e+00
1.63991441e+03 5.47089891e+00
1.64010099e+03 5.55796549e+00
1.64031303e+03 5.61997246e+00
1.64052005e+03 5.63835909e+00
1.64069155e+03 5.62169142e+00
1.64092022e+03 5.55843618e+00
1.64114888e+03 5.45825133e+00
1.64160622e+03 5.21621523e+00
1.64183488e+03 5.11764181e+00
1.64200638e+03 5.07186494e+00
1.64217788e+03 5.05916361e+00
1.64234132e+03 5.08321940e+00
1.64248865e+03 5.13753103e+00
1.64263597e+03 5.22302565e+00
1.64278330e+03 5.33809873e+00
1.64297973e+03 5.53160486e+00
1.64317616e+03 5.75996059e+00
1.64366724e+03 6.38800470e+00
1.64396050e+03 6.73985390e+00
1.64425098e+03 7.05112061e+00
1.64473512e+03 7.55333592e+00
1.64492877e+03 7.79043118e+00
1.64512243e+03 8.07182174e+00
1.64531608e+03 8.40876223e+00
1.64549338e+03 8.76995229e+00
1.64573478e+03 9.33699506e+00
1.64605666e+03 1.01830373e+01
1.64637853e+03 1.10295521e+01
1.64653947e+03 1.14105389e+01
1.64670041e+03 1.17408471e+01
1.64684425e+03 1.19812915e+01
1.64698809e+03 1.21614723e+01
1.64713193e+03 1.22757612e+01
1.64727577e+03 1.23213298e+01
1.64745908e+03 1.22801820e+01
1.64764239e+03 1.21341780e+01
1.64782569e+03 1.18958498e+01
1.64800900e+03 1.15821702e+01
1.64825341e+03 1.10804192e+01
1.64898664e+03 9.40831644e+00
1.64923105e+03 8.89131954e+00
1.64947236e+03 8.41798663e+00
1.64983432e+03 7.76837430e+00
1.65019627e+03 7.17166723e+00
1.65055823e+03 6.61802253e+00
1.65079954e+03 6.27840154e+00
1.65104084e+03 5.97145549e+00
1.65123235e+03 5.75706869e+00
1.65144492e+03 5.55459766e+00
1.65165749e+03 5.39327905e+00
1.65187007e+03 5.27545682e+00
1.65208264e+03 5.20219866e+00
1.65229521e+03 5.17397376e+00
1.65245273e+03 5.18243039e+00
1.65261025e+03 5.21635575e+00
1.65276776e+03 5.27639380e+00
1.65292528e+03 5.36333314e+00
1.65308280e+03 5.47796532e+00
1.65324031e+03 5.62086793e+00
1.65339783e+03 5.79215408e+00
1.65355534e+03 5.99119445e+00
1.65376537e+03 6.29678647e+00
1.65397539e+03 6.64146100e+00
1.65459183e+03 7.74917626e+00
1.65479732e+03 8.08930544e+00
1.65500280e+03 8.37882304e+00
1.65515691e+03 8.54957473e+00
1.65531102e+03 8.67128742e+00
1.65546513e+03 8.73706016e+00
1.65555503e+03 8.74748982e+00
1.65571283e+03 8.71362786e+00
1.65585320e+03 8.62673689e+00
1.65599358e+03 8.48715773e+00
1.65613396e+03 8.29743538e+00
1.65627433e+03 8.06178214e+00
1.65636792e+03 7.88192331e+00
1.65655508e+03 7.47670792e+00
1.65674225e+03 7.02628888e+00
1.65722975e+03 5.78498471e+00
1.65739950e+03 5.37545612e+00
1.65756924e+03 4.99714603e+00
1.65768240e+03 4.76665720e+00
1.65779557e+03 4.55583820e+00
1.65790873e+03 4.36604055e+00
1.65802189e+03 4.19807635e+00
1.65815316e+03 4.03094309e+00
1.65828443e+03 3.89320300e+00
1.65841570e+03 3.78371888e+00
1.65854697e+03 3.70069445e+00
1.65867825e+03 3.64181131e+00
1.65880635e+03 3.60504960e+00
1.65897504e+03 3.58321619e+00
1.65905938e+03 3.58183483e+00
1.65922807e+03 3.59427473e+00
1.65939676e+03 3.62223907e+00
1.65973414e+03 3.70618666e+00
1.66024022e+03 3.86506403e+00
1.66057760e+03 3.99527821e+00
1.66083063e+03 4.12135862e+00
1.66099932e+03 4.22728270e+00
1.66116801e+03 4.35673072e+00
1.66133670e+03 4.51504254e+00
1.66149239e+03 4.69119816e+00
1.66163507e+03 4.88113420e+00
1.66177775e+03 5.10064352e+00
1.66192043e+03 5.35128369e+00
1.66206311e+03 5.63377560e+00
1.66220579e+03 5.94786012e+00
1.66234847e+03 6.29223233e+00
1.66256249e+03 6.86008195e+00
1.66281151e+03 7.58311243e+00
1.66355856e+03 9.89158797e+00
1.66379944e+03 1.05950280e+01
1.66404031e+03 1.12466711e+01
1.66428119e+03 1.18336353e+01
1.66452206e+03 1.23432135e+01
1.66470272e+03 1.26650798e+01
1.66488337e+03 1.29254327e+01
1.66506403e+03 1.31133246e+01
1.66524468e+03 1.32164223e+01
1.66536512e+03 1.32318141e+01
1.66548556e+03 1.32004696e+01
1.66564187e+03 1.30853638e+01
1.66579819e+03 1.28821750e+01
1.66595450e+03 1.25892923e+01
1.66611081e+03 1.22085272e+01
1.66626713e+03 1.17453730e+01
1.66642344e+03 1.12089666e+01
1.66657975e+03 1.06116838e+01
1.66682388e+03 9.59327820e+00
1.66726292e+03 7.68653482e+00
1.66743854e+03 6.96395649e+00
1.66759298e+03 6.37165428e+00
1.66770882e+03 5.96055056e+00
1.66782465e+03 5.58166966e+00
1.66794049e+03 5.23758719e+00
1.66805632e+03 4.93014584e+00
1.66816242e+03 4.68168866e+00
1.66826851e+03 4.46540622e+00
1.66837461e+03 4.28141458e+00
1.66848071e+03 4.12955657e+00
1.66858681e+03 4.00946353e+00
1.66869290e+03 3.92062681e+00
1.66879900e+03 3.86244315e+00
1.66890510e+03 3.83426633e+00
1.66895414e+03 3.83119955e+00
1.66903589e+03 3.83984887e+00
1.66913398e+03 3.87257382e+00
1.66923207e+03 3.92921343e+00
1.66933016e+03 4.00929570e+00
1.66942825e+03 4.11236000e+00
1.66952634e+03 4.23794786e+00
1.66962443e+03 4.38558287e+00
1.66972252e+03 4.55476069e+00
1.66982061e+03 4.74492432e+00
1.66995139e+03 5.03001777e+00
1.67006158e+03 5.29700832e+00
1.67017177e+03 5.58717381e+00
1.67033706e+03 6.06254669e+00
1.67050234e+03 6.58049358e+00
1.67072272e+03 7.32386465e+00
1.67133130e+03 9.49317951e+00
1.67151820e+03 1.01196104e+01
1.67170509e+03 1.06888567e+01
1.67187540e+03 1.11386924e+01
1.67201251e+03 1.14417894e+01
1.67214963e+03 1.16840403e+01
1.67228675e+03 1.18591125e+01
1.67242387e+03 1.19621374e+01
1.67256098e+03 1.19899598e+01
1.67270783e+03 1.19349804e+01
1.67285468e+03 1.17933648e+01
1.67300153e+03 1.15687862e+01
1.67314838e+03 1.12674224e+01
1.67329522e+03 1.08976530e+01
1.67344207e+03 1.04696524e+01
1.67363787e+03 9.82830029e+00
1.67393157e+03 8.77358517e+00
1.67431966e+03 7.35115917e+00
1.67451197e+03 6.68405937e+00
1.67465620e+03 6.21331705e+00
1.67480042e+03 5.77292542e+00
1.67495334e+03 5.34244604e+00
1.67506688e+03 5.04836290e+00
1.67518042e+03 4.77655945e+00
1.67529396e+03 4.52719352e+00
1.67540749e+03 4.30023536e+00
1.67552103e+03 4.09554378e+00
1.67563457e+03 3.91294760e+00
1.67574810e+03 3.75230012e+00
1.67585354e+03 3.62271333e+00
1.67595088e+03 3.51987493e+00
1.67604822e+03 3.43328599e+00
1.67614556e+03 3.36315638e+00
1.67624290e+03 3.30978703e+00
1.67634024e+03 3.27356402e+00
1.67643758e+03 3.25494817e+00
1.67648625e+03 3.25240357e+00
1.67658359e+03 3.26118564e+00
1.67667010e+03 3.28489825e+00
1.67675662e+03 3.32399681e+00
1.67684314e+03 3.37886115e+00
1.67692966e+03 3.44983572e+00
1.67701618e+03 3.53720987e+00
1.67710270e+03 3.64119415e+00
1.67716038e+03 3.71980726e+00
1.67727574e+03 3.89935014e+00
1.67739110e+03 4.10839012e+00
1.67750646e+03 4.34620532e+00
1.67763670e+03 4.64769971e+00
1.67776693e+03 4.98163098e+00
1.67785376e+03 5.22055823e+00
1.67802741e+03 5.73172757e+00
1.67825232e+03 6.44247980e+00
1.67871367e+03 7.94574158e+00
1.67891872e+03 8.57563202e+00
1.67912828e+03 9.16454823e+00
1.67928883e+03 9.56924433e+00
1.67944938e+03 9.92985823e+00
1.67966345e+03 1.03418272e+01
1.67987752e+03 1.06808813e+01
1.68009159e+03 1.09584481e+01
1.68030565e+03 1.11886134e+01
1.68073379e+03 1.15605927e+01
1.68180414e+03 1.23639511e+01
1.68223227e+03 1.27531602e+01
1.68264792e+03 1.32286498e+01
1.68335342e+03 1.41463488e+01
1.68355499e+03 1.43514089e+01
1.68375657e+03 1.44851119e+01
1.68392507e+03 1.45234591e+01
1.68411376e+03 1.44702518e+01
1.68427825e+03 1.43311174e+01
1.68444274e+03 1.41005447e+01
1.68460723e+03 1.37780643e+01
1.68477173e+03 1.33674776e+01
1.68493622e+03 1.28766272e+01
1.68510071e+03 1.23168639e+01
1.68526520e+03 1.17023463e+01
1.68559419e+03 1.03742961e+01
1.68591334e+03 9.06673485e+00
1.68611301e+03 8.29128779e+00
1.68626277e+03 7.74868656e+00
1.68641252e+03 7.24832152e+00
1.68656227e+03 6.79628727e+00
1.68667783e+03 6.48336922e+00
1.68680910e+03 6.16777208e+00
1.68694037e+03 5.89578074e+00
1.68707164e+03 5.66793470e+00
1.68720291e+03 5.48418244e+00
1.68733418e+03 5.34400438e+00
1.68746545e+03 5.24651957e+00
1.68759672e+03 5.19056530e+00
1.68771592e+03 5.17456330e+00
1.68781818e+03 5.18629449e+00
1.68793505e+03 5.22732440e+00
1.68805193e+03 5.29640439e+00
1.68812984e+03 5.35721322e+00
1.68828567e+03 5.51163766e+00
1.68844150e+03 5.70523445e+00
1.68859733e+03 5.93146803e+00
1.68883108e+03 6.31451085e+00
1.68928746e+03 7.09707341e+00
1.68943885e+03 7.32870425e+00
1.68959024e+03 7.52910926e+00
1.68974163e+03 7.68902292e+00
1.68989302e+03 7.80065977e+00
1.69004441e+03 7.85817727e+00
1.69012010e+03 7.86543374e+00
1.69027678e+03 7.83377375e+00
1.69043345e+03 7.73965841e+00
1.69059012e+03 7.58607637e+00
1.69074680e+03 7.37849047e+00
1.69090347e+03 7.12437903e+00
1.69106014e+03 6.83268525e+00
1.69126904e+03 6.40228719e+00
1.69179128e+03 5.26285229e+00
1.69197967e+03 4.87572080e+00
1.69216807e+03 4.52009408e+00
1.69229366e+03 4.30474573e+00
1.69241926e+03 4.10911352e+00
1.69254485e+03 3.93475641e+00
1.69267045e+03 3.78289716e+00
1.69279604e+03 3.65446555e+00
1.69290936e+03 3.55925855e+00
1.69302267e+03 3.48400657e+00
1.69313598e+03 3.42889934e+00
1.69324930e+03 3.39399088e+00
1.69336261e+03 3.37919453e+00
1.69340038e+03 3.37869631e+00
1.69350979e+03 3.38960507e+00
1.69361919e+03 3.41855425e+00
1.69372859e+03 3.46501055e+00
1.69383800e+03 3.52828767e+00
1.69398387e+03 3.63734347e+00
1.69412974e+03 3.77234337e+00
1.69427561e+03 3.93033975e+00
1.69442148e+03 4.10791848e+00
1.69465370e+03 4.42146856e+00
1.69525817e+03 5.30215831e+00
1.69551723e+03 5.65541121e+00
1.69577629e+03 5.97077272e+00
1.69594900e+03 6.15705735e+00
1.69620673e+03 6.40214002e+00
1.69685105e+03 6.94218716e+00
1.69710878e+03 7.19539853e+00
1.69730208e+03 7.42501418e+00
1.69749537e+03 7.69902704e+00
1.69768867e+03 8.02305389e+00
1.69788197e+03 8.39811097e+00
1.69811810e+03 8.91883860e+00
1.69843991e+03 9.70429911e+00
1.69876171e+03 1.05033352e+01
1.69897625e+03 1.09947799e+01
1.69919079e+03 1.14188593e+01
1.69935169e+03 1.16775296e+01
1.69951259e+03 1.18764119e+01
1.69967349e+03 1.20106486e+01
1.69984071e+03 1.20798972e+01
1.69993782e+03 1.20877989e+01
1.70013204e+03 1.20366162e+01
1.70032626e+03 1.19057111e+01
1.70052049e+03 1.17097748e+01
1.70081182e+03 1.13302796e+01
1.70158871e+03 1.01613036e+01
1.70217137e+03 9.35122719e+00
1.70275404e+03 8.56070066e+00
1.70315462e+03 7.96185871e+00
1.70356734e+03 7.27902152e+00
1.70418641e+03 6.20908062e+00
1.70449595e+03 5.71218779e+00
1.70475351e+03 5.34126592e+00
1.70498508e+03 5.04622527e+00
1.70521665e+03 4.78705144e+00
1.70544823e+03 4.55925833e+00
1.70567980e+03 4.35596037e+00
1.70598856e+03 4.11010335e+00
1.70645170e+03 3.76895782e+00
1.70676047e+03 3.55483698e+00
1.70706923e+03 3.36000802e+00
1.70730887e+03 3.23147020e+00
1.70748861e+03 3.15307190e+00
1.70766834e+03 3.09307982e+00
1.70784807e+03 3.05322830e+00
1.70802780e+03 3.03407075e+00
1.70811522e+03 3.03205299e+00
1.70831917e+03 3.04446116e+00
1.70849399e+03 3.07158585e+00
1.70872708e+03 3.12499693e+00
1.70930981e+03 3.28357561e+00
1.70954291e+03 3.33379704e+00
1.70977600e+03 3.36823433e+00
1.71005643e+03 3.38790810e+00
1.71022031e+03 3.39020221e+00
1.71079389e+03 3.37989274e+00
1.71103971e+03 3.38761225e+00
1.71120359e+03 3.40392619e+00
1.71143662e+03 3.44801709e+00
1.71161139e+03 3.50007960e+00
1.71178617e+03 3.56997972e+00
1.71190268e+03 3.62667636e+00
1.71213571e+03 3.76316085e+00
1.71236875e+03 3.92575062e+00
1.71295133e+03 4.37255416e+00
1.71315468e+03 4.50765743e+00
1.71332836e+03 4.59976082e+00
1.71350203e+03 4.66352692e+00
1.71367571e+03 4.69403409e+00
1.71376254e+03 4.69584640e+00
1.71391998e+03 4.67577119e+00
1.71407741e+03 4.62635523e+00
1.71423484e+03 4.55012405e+00
1.71439227e+03 4.45132269e+00
1.71460218e+03 4.29454342e+00
1.71507448e+03 3.92087167e+00
1.71523191e+03 3.81688645e+00
1.71538934e+03 3.73456846e+00
1.71552001e+03 3.68642358e+00
1.71563730e+03 3.66070316e+00
1.71575460e+03 3.65251902e+00
1.71588161e+03 3.66382319e+00
1.71600863e+03 3.69575093e+00
1.71609331e+03 3.72796910e+00
1.71626266e+03 3.81626168e+00
1.71643202e+03 3.93151008e+00
1.71668606e+03 4.13911139e+00
1.71710945e+03 4.51123348e+00
1.71730414e+03 4.66749497e+00
1.71749882e+03 4.80393250e+00
1.71769351e+03 4.91739560e+00
1.71788820e+03 5.00814160e+00
1.71818023e+03 5.10879208e+00
1.71866695e+03 5.22329120e+00
1.71983509e+03 5.45818940e+00
1.72060224e+03 5.59406674e+00
1.72096611e+03 5.69091298e+00
1.72132997e+03 5.82823208e+00
1.72193642e+03 6.09231750e+00
1.72217899e+03 6.17309746e+00
1.72242157e+03 6.22261809e+00
1.72269737e+03 6.23846713e+00
1.72331542e+03 6.20340366e+00
1.72354718e+03 6.22417199e+00
1.72370169e+03 6.26773311e+00
1.72387984e+03 6.35735232e+00
1.72403118e+03 6.47206390e+00
1.72418252e+03 6.62517043e+00
1.72433387e+03 6.81718689e+00
1.72448521e+03 7.04624253e+00
1.72468700e+03 7.40159223e+00
1.72498968e+03 8.00671864e+00
1.72529236e+03 8.62951633e+00
1.72550400e+03 9.02856666e+00
1.72567011e+03 9.29855818e+00
1.72583623e+03 9.51672487e+00
1.72600235e+03 9.67281504e+00
1.72616846e+03 9.75948148e+00
1.72627921e+03 9.77656849e+00
1.72642267e+03 9.74966376e+00
1.72656613e+03 9.66854656e+00
1.72670959e+03 9.53627307e+00
1.72685305e+03 9.35766911e+00
1.72704433e+03 9.05859552e+00
1.72723561e+03 8.70668945e+00
1.72780946e+03 7.53693426e+00
1.72806440e+03 7.05920855e+00
1.72823437e+03 6.78019507e+00
1.72840433e+03 6.54001544e+00
1.72857429e+03 6.34209915e+00
1.72874425e+03 6.18762950e+00
1.72891422e+03 6.07588403e+00
1.72908418e+03 6.00466097e+00
1.72924379e+03 5.97177520e+00
1.72931843e+03 5.96677542e+00
1.72954233e+03 5.98705420e+00
1.72976624e+03 6.05236687e+00
1.72999014e+03 6.15232181e+00
1.73036332e+03 6.36643819e+00
1.73081113e+03 6.63370906e+00
1.73103503e+03 6.74103442e+00
1.73125893e+03 6.81351184e+00
1.73148284e+03 6.84073550e+00
1.73166795e+03 6.82465544e+00
1.73188889e+03 6.75946104e+00
1.73210983e+03 6.65013777e+00
1.73244125e+03 6.43295279e+00
1.73277267e+03 6.21034681e+00
1.73299361e+03 6.09425826e+00
1.73315932e+03 6.03704305e+00
1.73334947e+03 6.00997091e+00
1.73337390e+03 6.00966696e+00
1.73353413e+03 6.02564711e+00
1.73369435e+03 6.07134005e+00
1.73390799e+03 6.17124986e+00
1.73454889e+03 6.57287945e+00
1.73476252e+03 6.67399314e+00
1.73497616e+03 6.73086046e+00
1.73508297e+03 6.73978273e+00
1.73526036e+03 6.72437412e+00
1.73543774e+03 6.67226703e+00
1.73567425e+03 6.55276146e+00
1.73591076e+03 6.39059995e+00
1.73650204e+03 5.92628100e+00
1.73673855e+03 5.76282857e+00
1.73697506e+03 5.62907956e+00
1.73722396e+03 5.52449518e+00
1.73747286e+03 5.45609273e+00
1.73772263e+03 5.41991752e+00
1.73792173e+03 5.41154223e+00
1.73822562e+03 5.43102293e+00
1.73847712e+03 5.47776867e+00
1.73872862e+03 5.55647938e+00
1.73898011e+03 5.67211963e+00
1.73923161e+03 5.82746940e+00
1.73948311e+03 6.01990123e+00
1.74015377e+03 6.60861273e+00
1.74039855e+03 6.78407468e+00
1.74055279e+03 6.86346124e+00
1.74070703e+03 6.91113341e+00
1.74082272e+03 6.92292601e+00
1.74098642e+03 6.90111081e+00
1.74113049e+03 6.84285566e+00
1.74127456e+03 6.74796624e+00
1.74141863e+03 6.61813775e+00
1.74161072e+03 6.39678305e+00
1.74180281e+03 6.13189279e+00
1.74228304e+03 5.39409618e+00
1.74247514e+03 5.12176279e+00
1.74260935e+03 4.95603570e+00
1.74274355e+03 4.81756874e+00
1.74287776e+03 4.71169560e+00
1.74301197e+03 4.64279948e+00
1.74310144e+03 4.61908851e+00
1.74319091e+03 4.61399024e+00
1.74329402e+03 4.63176614e+00
1.74339713e+03 4.67511089e+00
1.74350024e+03 4.74384748e+00
1.74360335e+03 4.83735308e+00
1.74370646e+03 4.95456671e+00
1.74380957e+03 5.09399667e+00
1.74396423e+03 5.34054146e+00
1.74413534e+03 5.65676040e+00
1.74437445e+03 6.15027023e+00
1.74473311e+03 6.91677816e+00
1.74491244e+03 7.26998578e+00
1.74506182e+03 7.53077263e+00
1.74519622e+03 7.73116683e+00
1.74533062e+03 7.89327913e+00
1.74546502e+03 8.01288164e+00
1.74559942e+03 8.08732629e+00
1.74573795e+03 8.11584502e+00
1.74588474e+03 8.09381535e+00
1.74603152e+03 8.02165140e+00
1.74617830e+03 7.90538770e+00
1.74637402e+03 7.69603029e+00
1.74696115e+03 6.93324719e+00
1.74715686e+03 6.72197690e+00
1.74730223e+03 6.60277325e+00
1.74744476e+03 6.52446983e+00
1.74758729e+03 6.48879078e+00
1.74763480e+03 6.48683978e+00
1.74778176e+03 6.51282650e+00
1.74792872e+03 6.58661065e+00
1.74807568e+03 6.70564893e+00
1.74822264e+03 6.86548592e+00
1.74841858e+03 7.13145040e+00
1.74861452e+03 7.44163601e+00
1.74920236e+03 8.44197738e+00
1.74940115e+03 8.74074595e+00
1.74959994e+03 8.99290650e+00
1.74979873e+03 9.18671031e+00
1.74999752e+03 9.31341626e+00
1.75019631e+03 9.36710700e+00
1.75026257e+03 9.36813536e+00
1.75045646e+03 9.32189203e+00
1.75065036e+03 9.20250870e+00
1.75084425e+03 9.01219661e+00
1.75103814e+03 8.75539626e+00
1.75123203e+03 8.43869418e+00
1.75142592e+03 8.07061034e+00
1.75168444e+03 7.51740773e+00
1.75194297e+03 6.91699386e+00
1.75244605e+03 5.71137974e+00
1.75273429e+03 5.05043630e+00
1.75296489e+03 4.55771865e+00
1.75313783e+03 4.21484487e+00
1.75331713e+03 3.88659345e+00
1.75344513e+03 3.67031821e+00
1.75357313e+03 3.46965197e+00
1.75370113e+03 3.28486739e+00
1.75382913e+03 3.11603938e+00
1.75395713e+03 2.96304206e+00
1.75408513e+03 2.82556073e+00
1.75421313e+03 2.70309514e+00
1.75433207e+03 2.60217291e+00
1.75449689e+03 2.48156892e+00
1.75466172e+03 2.38150639e+00
1.75482654e+03 2.29982013e+00
1.75499137e+03 2.23433065e+00
1.75515619e+03 2.18301905e+00
1.75532102e+03 2.14418625e+00
1.75548584e+03 2.11659424e+00
1.75565067e+03 2.09956468e+00
1.75581549e+03 2.09304113e+00
1.75598032e+03 2.09760541e+00
1.75611379e+03 2.11023092e+00
1.75627086e+03 2.13664472e+00
1.75642793e+03 2.17734295e+00
1.75654573e+03 2.21856347e+00
1.75666352e+03 2.27009933e+00
1.75678133e+03 2.33305755e+00
1.75689913e+03 2.40858788e+00
1.75701693e+03 2.49786565e+00
1.75713473e+03 2.60206588e+00
1.75725253e+03 2.72233803e+00
1.75739031e+03 2.88487082e+00
1.75748883e+03 3.01637921e+00
1.75758735e+03 3.16123067e+00
1.75768586e+03 3.31986063e+00
1.75778438e+03 3.49261538e+00
1.75788290e+03 3.67972315e+00
1.75803067e+03 3.98748859e+00
1.75817696e+03 4.32387964e+00
1.75832251e+03 4.68878771e+00
1.75846805e+03 5.08185154e+00
1.75866211e+03 5.64449433e+00
1.75890805e+03 6.40633323e+00
1.75947876e+03 8.23474986e+00
1.75968629e+03 8.85869089e+00
1.75984732e+03 9.30651877e+00
1.76000836e+03 9.71323574e+00
1.76016939e+03 1.00715526e+01
1.76033043e+03 1.03756180e+01
1.76049146e+03 1.06211613e+01
1.76065250e+03 1.08055324e+01
1.76081353e+03 1.09276505e+01
1.76097457e+03 1.09878818e+01
1.76104781e+03 1.09952043e+01
1.76119430e+03 1.09733886e+01
1.76134080e+03 1.09049821e+01
1.76156053e+03 1.07214973e+01
1.76178027e+03 1.04513858e+01
1.76200000e+03 1.01076692e+01
1.76214649e+03 9.84443191e+00
1.76243947e+03 9.25480593e+00
1.76273245e+03 8.60806861e+00
1.76340129e+03 7.07636741e+00
1.76373279e+03 6.35963714e+00
1.76398142e+03 5.86301726e+00
1.76423005e+03 5.40888347e+00
1.76447867e+03 4.99967980e+00
1.76464442e+03 4.75124365e+00
1.76483731e+03 4.48477206e+00
1.76503019e+03 4.23988892e+00
1.76531952e+03 3.90581649e+00
1.76560884e+03 3.60260822e+00
1.76589817e+03 3.32395211e+00
1.76618749e+03 3.06972844e+00
1.76642396e+03 2.88422169e+00
1.76658160e+03 2.77454833e+00
1.76673924e+03 2.67819989e+00
1.76689688e+03 2.59690528e+00
1.76705452e+03 2.53208880e+00
1.76721216e+03 2.48468625e+00
1.76736980e+03 2.45501141e+00
1.76750055e+03 2.44359109e+00
1.76755249e+03 2.44224704e+00
1.76770829e+03 2.44841730e+00
1.76786409e+03 2.46842514e+00
1.76807182e+03 2.51265383e+00
1.76827956e+03 2.57129240e+00
1.76890276e+03 2.77901121e+00
1.76928756e+03 2.91282446e+00
1.76955317e+03 3.02123494e+00
1.76973023e+03 3.11130450e+00
1.76986304e+03 3.19307505e+00
1.76999584e+03 3.29039159e+00
1.77012864e+03 3.40613591e+00
1.77026144e+03 3.54284828e+00
1.77039424e+03 3.70254043e+00
1.77052704e+03 3.88652816e+00
1.77068176e+03 4.13209910e+00
1.77083647e+03 4.41040186e+00
1.77099119e+03 4.71877653e+00
1.77114590e+03 5.05280517e+00
1.77142134e+03 5.69158204e+00
1.77183627e+03 6.67622412e+00
1.77204373e+03 7.13685536e+00
1.77225119e+03 7.55452104e+00
1.77245866e+03 7.91845710e+00
1.77263125e+03 8.17638444e+00
1.77280384e+03 8.39334102e+00
1.77303396e+03 8.62272116e+00
1.77326409e+03 8.79200109e+00
1.77349421e+03 8.91177586e+00
1.77383939e+03 9.01894776e+00
1.77421334e+03 9.05807654e+00
1.77424210e+03 9.05824277e+00
1.77464903e+03 9.02565681e+00
1.77517312e+03 8.94430690e+00
1.77534782e+03 8.93197568e+00
1.77560986e+03 8.95094361e+00
1.77582221e+03 9.01021214e+00
1.77607220e+03 9.13658921e+00
1.77632218e+03 9.31935188e+00
1.77707215e+03 1.00001882e+01
1.77732214e+03 1.01828408e+01
1.77757212e+03 1.03090191e+01
1.77777283e+03 1.03641875e+01
1.77794901e+03 1.03786565e+01
1.77821328e+03 1.03444775e+01
1.77847754e+03 1.02491604e+01
1.77874180e+03 1.00967407e+01
1.77900607e+03 9.88649372e+00
1.77927033e+03 9.61453084e+00
1.77953460e+03 9.27841256e+00
1.77979886e+03 8.88271465e+00
1.78041548e+03 7.83762438e+00
1.78059165e+03 7.55101938e+00
1.78082342e+03 7.21548226e+00
1.78099724e+03 7.00750394e+00
1.78117106e+03 6.84535640e+00
1.78134488e+03 6.73359231e+00
1.78151870e+03 6.67358088e+00
1.78163788e+03 6.66149022e+00
1.78181666e+03 6.68407113e+00
1.78199543e+03 6.74869476e+00
1.78223379e+03 6.88294439e+00
1.78271051e+03 7.21003448e+00
1.78294887e+03 7.34517679e+00
1.78312764e+03 7.41315777e+00
1.78333993e+03 7.44434991e+00
1.78334366e+03 7.44436019e+00
1.78354779e+03 7.41449826e+00
1.78373108e+03 7.33527607e+00
1.78391437e+03 7.20679999e+00
1.78409765e+03 7.03232462e+00
1.78428094e+03 6.81771240e+00
1.78452533e+03 6.48335166e+00
1.78513629e+03 5.56094266e+00
1.78531958e+03 5.30655994e+00
1.78548998e+03 5.09635239e+00
1.78565394e+03 4.92518281e+00
1.78581791e+03 4.79030906e+00
1.78592721e+03 4.72289940e+00
1.78603652e+03 4.67479209e+00
1.78614583e+03 4.64681023e+00
1.78625514e+03 4.63949829e+00
1.78637931e+03 4.65656660e+00
1.78650349e+03 4.70046930e+00
1.78662766e+03 4.77048466e+00
1.78675184e+03 4.86528041e+00
1.78687601e+03 4.98288827e+00
1.78706227e+03 5.19618113e+00
1.78724854e+03 5.44331516e+00
1.78773848e+03 6.14388439e+00
1.78790180e+03 6.35443081e+00
1.78806511e+03 6.53479743e+00
1.78822843e+03 6.67565904e+00
1.78839174e+03 6.77000628e+00
1.78855506e+03 6.81371678e+00
1.78860138e+03 6.81669065e+00
1.78874036e+03 6.80100590e+00
1.78887933e+03 6.75010523e+00
1.78901830e+03 6.66745984e+00
1.78920360e+03 6.51633846e+00
1.78948154e+03 6.23107989e+00
1.78985214e+03 5.82152694e+00
1.79003743e+03 5.63443787e+00
1.79023750e+03 5.45984757e+00
1.79043756e+03 5.31918807e+00
1.79063763e+03 5.21337441e+00
1.79083769e+03 5.13973055e+00
1.79104621e+03 5.09232047e+00
1.79125472e+03 5.06993063e+00
1.79139373e+03 5.06737784e+00
1.79159887e+03 5.08180165e+00
1.79180402e+03 5.12130427e+00
1.79201752e+03 5.19691003e+00
1.79217098e+03 5.27923264e+00
1.79232445e+03 5.39029055e+00
1.79247792e+03 5.53468020e+00
1.79263138e+03 5.71632589e+00
1.79278485e+03 5.93796791e+00
1.79293832e+03 6.20073187e+00
1.79309178e+03 6.50378041e+00
1.79323751e+03 6.82612824e+00
1.79344448e+03 7.33276954e+00
1.79372043e+03 8.06673969e+00
1.79406538e+03 8.99302132e+00
1.79427235e+03 9.50206679e+00
1.79443806e+03 9.86049868e+00
1.79460377e+03 1.01611195e+01
1.79476948e+03 1.03932348e+01
1.79493518e+03 1.05489193e+01
1.79510089e+03 1.06233666e+01
1.79515613e+03 1.06297664e+01
1.79531310e+03 1.05979377e+01
1.79547007e+03 1.04941213e+01
1.79562705e+03 1.03227503e+01
1.79578402e+03 1.00902120e+01
1.79594099e+03 9.80446078e+00
1.79609797e+03 9.47461402e+00
1.79630727e+03 8.98333969e+00
1.79698570e+03 7.25902817e+00
1.79721849e+03 6.71336929e+00
1.79737368e+03 6.38206466e+00
1.79752886e+03 6.08164946e+00
1.79768405e+03 5.81460178e+00
1.79783924e+03 5.58181916e+00
1.79799443e+03 5.38263921e+00
1.79814049e+03 5.22399818e+00
1.79834588e+03 5.04257699e+00
1.79855127e+03 4.90031886e+00
1.79875666e+03 4.78502671e+00
1.79930436e+03 4.51816796e+00
1.79957821e+03 4.36761057e+00
1.79971513e+03 4.28403359e+00
1.80037905e+03 3.84489857e+00
1.80061148e+03 3.71479191e+00
1.80078580e+03 3.64128622e+00
1.80096012e+03 3.59544399e+00
1.80110539e+03 3.58208575e+00
1.80123936e+03 3.59176667e+00
1.80137979e+03 3.62564293e+00
1.80152022e+03 3.68402201e+00
1.80166066e+03 3.76622017e+00
1.80180109e+03 3.87064980e+00
1.80194152e+03 3.99486038e+00
1.80212877e+03 4.18556870e+00
1.80231601e+03 4.39619124e+00
1.80269050e+03 4.83260689e+00
1.80293790e+03 5.09488702e+00
1.80312345e+03 5.25978765e+00
1.80330901e+03 5.38756927e+00
1.80349456e+03 5.47176935e+00
1.80368011e+03 5.50865133e+00
1.80373524e+03 5.51030280e+00
1.80390063e+03 5.49013071e+00
1.80406601e+03 5.43418853e+00
1.80423140e+03 5.34640623e+00
1.80445191e+03 5.18945511e+00
1.80478268e+03 4.90214691e+00
1.80511345e+03 4.60733724e+00
1.80533397e+03 4.43575835e+00
1.80551112e+03 4.32400882e+00
1.80564491e+03 4.25880304e+00
1.80577869e+03 4.21204782e+00
1.80591248e+03 4.18485487e+00
1.80602483e+03 4.17753844e+00
1.80619756e+03 4.19392490e+00
1.80634301e+03 4.23299194e+00
1.80648846e+03 4.29385549e+00
1.80663391e+03 4.37479154e+00
1.80685209e+03 4.52918225e+00
1.80707027e+03 4.71585300e+00
1.80728845e+03 4.92582504e+00
1.80787026e+03 5.52483524e+00
1.80816117e+03 5.79719009e+00
1.80839760e+03 5.97820138e+00
1.80857955e+03 6.08163240e+00
1.80876150e+03 6.14585753e+00
1.80894346e+03 6.16444137e+00
1.80908823e+03 6.14320054e+00
1.80924963e+03 6.07961569e+00
1.80941103e+03 5.97306431e+00
1.80957242e+03 5.82418783e+00
1.80973382e+03 5.63529034e+00
1.80989522e+03 5.41028233e+00
1.81005661e+03 5.15448790e+00
1.81021801e+03 4.87436874e+00
1.81054080e+03 4.27049214e+00
1.81084970e+03 3.68459069e+00
1.81103711e+03 3.34665112e+00
1.81117766e+03 3.10889055e+00
1.81131822e+03 2.88819243e+00
1.81145878e+03 2.68720859e+00
1.81156035e+03 2.55545986e+00
1.81166979e+03 2.42702480e+00
1.81177923e+03 2.31326322e+00
1.81188868e+03 2.21471715e+00
1.81199812e+03 2.13183102e+00
1.81210756e+03 2.06497580e+00
1.81218964e+03 2.02555311e+00
1.81227172e+03 1.99546096e+00
1.81235380e+03 1.97482521e+00
1.81245168e+03 1.96275582e+00
1.81248694e+03 1.96178930e+00
1.81257511e+03 1.96730856e+00
1.81265448e+03 1.98208592e+00
1.81273384e+03 2.00629021e+00
1.81281321e+03 2.04005261e+00
1.81289258e+03 2.08350138e+00
1.81297194e+03 2.13676106e+00
1.81305131e+03 2.19994271e+00
1.81315713e+03 2.29978067e+00
1.81326295e+03 2.41757849e+00
1.81336877e+03 2.55337298e+00
1.81348223e+03 2.71883816e+00
1.81359569e+03 2.90447474e+00
1.81370915e+03 3.10959533e+00
1.81382262e+03 3.33314776e+00
1.81393608e+03 3.57367983e+00
1.81407768e+03 3.89478236e+00
1.81428525e+03 4.39793094e+00
1.81470038e+03 5.44597520e+00
1.81487000e+03 5.85504086e+00
1.81506753e+03 6.29020673e+00
1.81519922e+03 6.54590525e+00
1.81533091e+03 6.76776380e+00
1.81546260e+03 6.95147207e+00
1.81559428e+03 7.09394892e+00
1.81572597e+03 7.19352771e+00
1.81585766e+03 7.25006036e+00
1.81595814e+03 7.26505785e+00
1.81610887e+03 7.24484155e+00
1.81625960e+03 7.17898674e+00
1.81646057e+03 7.03461272e+00
1.81666153e+03 6.84750797e+00
1.81706347e+03 6.45003792e+00
1.81726444e+03 6.28967090e+00
1.81741517e+03 6.20318541e+00
1.81757759e+03 6.15018792e+00
1.81768977e+03 6.14046619e+00
1.81784351e+03 6.16448131e+00
1.81799726e+03 6.23166161e+00
1.81815100e+03 6.34015292e+00
1.81830474e+03 6.48644921e+00
1.81845848e+03 6.66582822e+00
1.81868910e+03 6.98491417e+00
1.81891971e+03 7.34721523e+00
1.81938094e+03 8.13947839e+00
1.81999591e+03 9.25230881e+00
1.82080288e+03 1.07674129e+01
1.82102062e+03 1.11438684e+01
1.82123836e+03 1.14701158e+01
1.82145610e+03 1.17202754e+01
1.82161940e+03 1.18427504e+01
1.82180993e+03 1.19017825e+01
1.82183714e+03 1.19022465e+01
1.82199711e+03 1.18627899e+01
1.82215540e+03 1.17516959e+01
1.82231370e+03 1.15700391e+01
1.82247200e+03 1.13221532e+01
1.82263029e+03 1.10153446e+01
1.82284135e+03 1.05318019e+01
1.82315794e+03 9.70466736e+00
1.82358006e+03 8.56532420e+00
1.82380325e+03 8.00577867e+00
1.82402644e+03 7.49864785e+00
1.82424964e+03 7.04913268e+00
1.82447283e+03 6.65337285e+00
1.82469602e+03 6.30104669e+00
1.82503081e+03 5.82507881e+00
1.82554867e+03 5.14017618e+00
1.82591481e+03 4.68295648e+00
1.82609788e+03 4.47418814e+00
1.82628096e+03 4.28774330e+00
1.82646403e+03 4.13083474e+00
1.82660133e+03 4.03643382e+00
1.82673864e+03 3.96440555e+00
1.82687421e+03 3.91668384e+00
1.82700633e+03 3.89324476e+00
1.82707227e+03 3.89008933e+00
1.82720414e+03 3.90053316e+00
1.82733602e+03 3.93245006e+00
1.82746789e+03 3.98430692e+00
1.82759977e+03 4.05408271e+00
1.82779758e+03 4.18699175e+00
1.82806133e+03 4.40235790e+00
1.82858883e+03 4.87747106e+00
1.82885258e+03 5.09540722e+00
1.82911633e+03 5.27825873e+00
1.82930680e+03 5.38195843e+00
1.82949727e+03 5.45846853e+00
1.82968774e+03 5.50592969e+00
1.82987822e+03 5.52351184e+00
1.83009842e+03 5.50692203e+00
1.83031862e+03 5.45281537e+00
1.83053882e+03 5.36529680e+00
1.83075902e+03 5.25049575e+00
1.83119942e+03 4.97273628e+00
1.83149302e+03 4.78462143e+00
1.83171321e+03 4.66047211e+00
1.83193341e+03 4.56260219e+00
1.83215361e+03 4.50042619e+00
1.83232767e+03 4.48174387e+00
1.83250375e+03 4.49360354e+00
1.83265460e+03 4.53004985e+00
1.83280545e+03 4.59160248e+00
1.83295630e+03 4.67841357e+00
1.83310714e+03 4.78992764e+00
1.83325799e+03 4.92478893e+00
1.83348427e+03 5.16570240e+00
1.83363512e+03 5.34706332e+00
1.83419156e+03 6.06957052e+00
1.83437705e+03 6.29181796e+00
1.83456253e+03 6.48455754e+00
1.83474801e+03 6.63739136e+00
1.83493349e+03 6.74272575e+00
1.83511898e+03 6.79672175e+00
1.83522237e+03 6.80452867e+00
1.83532575e+03 6.79713061e+00
1.83553253e+03 6.74141926e+00
1.83573930e+03 6.64234313e+00
1.83635962e+03 6.25837532e+00
1.83656640e+03 6.15862865e+00
1.83677317e+03 6.09470651e+00
1.83698365e+03 6.07361389e+00
1.83720114e+03 6.10187884e+00
1.83741862e+03 6.18125563e+00
1.83763611e+03 6.30985548e+00
1.83785359e+03 6.48453759e+00
1.83807108e+03 6.70101968e+00
1.83836106e+03 7.04364381e+00
1.83901351e+03 7.89820526e+00
1.83923100e+03 8.13895478e+00
1.83938059e+03 8.26900790e+00
1.83953018e+03 8.36047926e+00
1.83967977e+03 8.40598081e+00
1.83975456e+03 8.40958211e+00
1.83991512e+03 8.37103112e+00
1.84004377e+03 8.29298299e+00
1.84017242e+03 8.17282818e+00
1.84030108e+03 8.01199749e+00
1.84042973e+03 7.81338615e+00
1.84060126e+03 7.49729996e+00
1.84077280e+03 7.13489441e+00
1.84111587e+03 6.33550191e+00
1.84138920e+03 5.70159770e+00
1.84157676e+03 5.30320438e+00
1.84170180e+03 5.06310551e+00
1.84182685e+03 4.84713779e+00
1.84195189e+03 4.65730867e+00
1.84207693e+03 4.49457288e+00
1.84220198e+03 4.35889557e+00
1.84233592e+03 4.24251049e+00
1.84246987e+03 4.15403306e+00
1.84260387e+03 4.09062110e+00
1.84273796e+03 4.04895841e+00
1.84291674e+03 4.02110694e+00
1.84305084e+03 4.01633662e+00
1.84327432e+03 4.02932855e+00
1.84363190e+03 4.07836110e+00
1.84434705e+03 4.20635767e+00
1.84461523e+03 4.27215201e+00
1.84488341e+03 4.36242382e+00
1.84506220e+03 4.44201399e+00
1.84524099e+03 4.54112777e+00
1.84541977e+03 4.66300678e+00
1.84562879e+03 4.83845947e+00
1.84578555e+03 4.99604309e+00
1.84594232e+03 5.17806462e+00
1.84609908e+03 5.38646234e+00
1.84625584e+03 5.62318182e+00
1.84641260e+03 5.89014619e+00
1.84656937e+03 6.18918513e+00
1.84672613e+03 6.52193098e+00
1.84688289e+03 6.88966703e+00
1.84703965e+03 7.29315310e+00
1.84718914e+03 7.71123974e+00
1.84738360e+03 8.30240238e+00
1.84757806e+03 8.94298771e+00
1.84786975e+03 9.97897798e+00
1.84845313e+03 1.21436126e+01
1.84871164e+03 1.30258091e+01
1.84890379e+03 1.35990203e+01
1.84909594e+03 1.40731352e+01
1.84922404e+03 1.43223456e+01
1.84935214e+03 1.45108857e+01
1.84948024e+03 1.46337963e+01
1.84960834e+03 1.46874490e+01
1.84967239e+03 1.46875791e+01
1.84981886e+03 1.46202948e+01
1.84996534e+03 1.44599090e+01
1.85011182e+03 1.42100640e+01
1.85025830e+03 1.38771481e+01
1.85040477e+03 1.34699760e+01
1.85055125e+03 1.29993393e+01
1.85074655e+03 1.22942883e+01
1.85103951e+03 1.11332420e+01
1.85146971e+03 9.38903766e+00
1.85170462e+03 8.49521661e+00
1.85188080e+03 7.87326135e+00
1.85205698e+03 7.29958918e+00
1.85217443e+03 6.94536507e+00
1.85232034e+03 6.53699276e+00
1.85246625e+03 6.16303742e+00
1.85261217e+03 5.82206612e+00
1.85275808e+03 5.51216343e+00
1.85290399e+03 5.23116478e+00
1.85304990e+03 4.97686214e+00
1.85319581e+03 4.74718288e+00
1.85334173e+03 4.54034566e+00
1.85351791e+03 4.31915328e+00
1.85369409e+03 4.12802828e+00
1.85387027e+03 3.96710303e+00
1.85400240e+03 3.86721953e+00
1.85413454e+03 3.78665035e+00
1.85426667e+03 3.72731530e+00
1.85439881e+03 3.69164170e+00
1.85448690e+03 3.68240614e+00
1.85461903e+03 3.69271474e+00
1.85470712e+03 3.71714520e+00
1.85480376e+03 3.76150371e+00
1.85490894e+03 3.83216805e+00
1.85501412e+03 3.92773569e+00
1.85511930e+03 4.04966030e+00
1.85522448e+03 4.19914202e+00
1.85532967e+03 4.37705337e+00
1.85543485e+03 4.58384587e+00
1.85554003e+03 4.81948398e+00
1.85563298e+03 5.05127358e+00
1.85575407e+03 5.38493438e+00
1.85587516e+03 5.75180941e+00
1.85599625e+03 6.14788058e+00
1.85615770e+03 6.71221448e+00
1.85660779e+03 8.36857919e+00
1.85679247e+03 9.00851959e+00
1.85693099e+03 9.44356715e+00
1.85706075e+03 9.80333556e+00
1.85718614e+03 1.00978855e+01
1.85731153e+03 1.03329427e+01
1.85743692e+03 1.05029423e+01
1.85756231e+03 1.06042021e+01
1.85768625e+03 1.06351259e+01
1.85780728e+03 1.05993525e+01
1.85792831e+03 1.05005853e+01
1.85804934e+03 1.03426682e+01
1.85813002e+03 1.02071018e+01
1.85829139e+03 9.87187084e+00
1.85845277e+03 9.46590081e+00
1.85861414e+03 9.00845707e+00
1.85918010e+03 7.27677635e+00
1.85936252e+03 6.75811318e+00
1.85954493e+03 6.28842146e+00
1.85966655e+03 6.00763815e+00
1.85978815e+03 5.75501517e+00
1.85990976e+03 5.53163786e+00
1.86002112e+03 5.35313528e+00
1.86013247e+03 5.19948624e+00
1.86024382e+03 5.07036919e+00
1.86035517e+03 4.96525365e+00
1.86046652e+03 4.88345939e+00
1.86057788e+03 4.82420133e+00
1.86068923e+03 4.78661894e+00
1.86084044e+03 4.76862533e+00
1.86096004e+03 4.77986049e+00
1.86111950e+03 4.82730955e+00
1.86127895e+03 4.90855856e+00
1.86143841e+03 5.01945461e+00
1.86165102e+03 5.20491961e+00
1.86196994e+03 5.53494882e+00
1.86228885e+03 5.87712324e+00
1.86250146e+03 6.08202392e+00
1.86267530e+03 6.22169136e+00
1.86284914e+03 6.32789975e+00
1.86302298e+03 6.39495431e+00
1.86319682e+03 6.41966933e+00
1.86335910e+03 6.40412839e+00
1.86352137e+03 6.35316455e+00
1.86373773e+03 6.23686119e+00
1.86395409e+03 6.07747972e+00
1.86471136e+03 5.40319178e+00
1.86501382e+03 5.16356444e+00
1.86527212e+03 4.98639605e+00
1.86578872e+03 4.68055442e+00
1.86630532e+03 4.37243275e+00
1.86664972e+03 4.14105546e+00
1.86751072e+03 3.51447684e+00
1.86774829e+03 3.35897920e+00
1.86794438e+03 3.24885421e+00
1.86814048e+03 3.16257653e+00
1.86827121e+03 3.12216570e+00
1.86840194e+03 3.09836540e+00
1.86846730e+03 3.09350580e+00
1.86859803e+03 3.09949165e+00
1.86872876e+03 3.12851137e+00
1.86882270e+03 3.16489736e+00
1.86891663e+03 3.21513728e+00
1.86901057e+03 3.27986375e+00
1.86910451e+03 3.35955250e+00
1.86919844e+03 3.45449822e+00
1.86929238e+03 3.56477985e+00
1.86938632e+03 3.69024261e+00
1.86948026e+03 3.83047352e+00
1.86960774e+03 4.04312641e+00
1.86973521e+03 4.27913464e+00
1.86992644e+03 4.66905310e+00
1.87024513e+03 5.37396703e+00
1.87050009e+03 5.93371249e+00
1.87067963e+03 6.29503418e+00
1.87085916e+03 6.60959082e+00
1.87097885e+03 6.78601442e+00
1.87109854e+03 6.93174607e+00
1.87121823e+03 7.04428968e+00
1.87133792e+03 7.12214268e+00
1.87145761e+03 7.16484210e+00
1.87155883e+03 7.17392037e+00
1.87171065e+03 7.14329057e+00
1.87186248e+03 7.06425390e+00
1.87201431e+03 6.94391916e+00
1.87216614e+03 6.79091082e+00
1.87246980e+03 6.42532616e+00
1.87277345e+03 6.04381752e+00
1.87297589e+03 5.81294979e+00
1.87315721e+03 5.63534523e+00
1.87331741e+03 5.50606054e+00
1.87347762e+03 5.40413981e+00
1.87363782e+03 5.32876891e+00
1.87385665e+03 5.26370165e+00
1.87413412e+03 5.22799671e+00
1.87468905e+03 5.21015165e+00
1.87493903e+03 5.18580598e+00
1.87527277e+03 5.11788238e+00
1.87571776e+03 4.97749990e+00
1.87616275e+03 4.83320653e+00
1.87649650e+03 4.75664563e+00
1.87686780e+03 4.71330911e+00
1.87764797e+03 4.67575132e+00
1.87796830e+03 4.63523364e+00
1.87882253e+03 4.46147963e+00
1.87903609e+03 4.43895404e+00
1.87914287e+03 4.43696294e+00
1.87935643e+03 4.45678995e+00
1.87952491e+03 4.49853078e+00
1.87969339e+03 4.56583556e+00
1.87986187e+03 4.65960940e+00
1.88003034e+03 4.77916538e+00
1.88025498e+03 4.97420303e+00
1.88047962e+03 5.19979238e+00
1.88092890e+03 5.67508010e+00
1.88115354e+03 5.88373386e+00
1.88130794e+03 6.00137047e+00
1.88146234e+03 6.09178745e+00
1.88161675e+03 6.15126830e+00
1.88179508e+03 6.17928025e+00
1.88181901e+03 6.17973339e+00
1.88196257e+03 6.16680905e+00
1.88215399e+03 6.11214532e+00
1.88244113e+03 5.97439279e+00
1.88282397e+03 5.77433117e+00
1.88301539e+03 5.70863446e+00
1.88315896e+03 5.68782993e+00
1.88320682e+03 5.68735701e+00
1.88334900e+03 5.70684671e+00
1.88348840e+03 5.75768764e+00
1.88362780e+03 5.83998799e+00
1.88376721e+03 5.95172406e+00
1.88395308e+03 6.13930805e+00
1.88451070e+03 6.81063257e+00
1.88469657e+03 7.00411650e+00
1.88483967e+03 7.12175478e+00
1.88499016e+03 7.20789172e+00
1.88514065e+03 7.25018071e+00
1.88519082e+03 7.25398630e+00
1.88533436e+03 7.23609739e+00
1.88547789e+03 7.17667405e+00
1.88557359e+03 7.11556588e+00
1.88576497e+03 6.94889872e+00
1.88595636e+03 6.73728722e+00
1.88643482e+03 6.15075539e+00
1.88662620e+03 5.95077892e+00
1.88677484e+03 5.82805309e+00
1.88693367e+03 5.73653708e+00
1.88709250e+03 5.69127558e+00
1.88714544e+03 5.68702819e+00
1.88726687e+03 5.69809892e+00
1.88738830e+03 5.73790162e+00
1.88746926e+03 5.77992114e+00
1.88763117e+03 5.89879480e+00
1.88779308e+03 6.05920076e+00
1.88795499e+03 6.25365216e+00
1.88811690e+03 6.47322440e+00
1.88857671e+03 7.14394371e+00
1.88878070e+03 7.41667518e+00
1.88898468e+03 7.64445322e+00
1.88912067e+03 7.76201112e+00
1.88925667e+03 7.84645453e+00
1.88942665e+03 7.89941233e+00
1.88948615e+03 7.90311053e+00
1.88962767e+03 7.87948719e+00
1.88977620e+03 7.80451629e+00
1.88992473e+03 7.67816176e+00
1.89007326e+03 7.50211462e+00
1.89022178e+03 7.27972359e+00
1.89037031e+03 7.01584339e+00
1.89051884e+03 6.71660674e+00
1.89071688e+03 6.27501714e+00
1.89101394e+03 5.55898936e+00
1.89137254e+03 4.68714932e+00
1.89154559e+03 4.28904884e+00
1.89171864e+03 3.91615527e+00
1.89186231e+03 3.62931621e+00
1.89197658e+03 3.41713025e+00
1.89209086e+03 3.21956332e+00
1.89220514e+03 3.03667835e+00
1.89231942e+03 2.86825831e+00
1.89243370e+03 2.71386793e+00
1.89254798e+03 2.57291859e+00
1.89266226e+03 2.44473459e+00
1.89280250e+03 2.30383913e+00
1.89292716e+03 2.19286342e+00
1.89305181e+03 2.09455183e+00
1.89317647e+03 2.00837150e+00
1.89330112e+03 1.93402801e+00
1.89342578e+03 1.87148958e+00
1.89355043e+03 1.82099531e+00
1.89367509e+03 1.78305040e+00
1.89379975e+03 1.75839983e+00
1.89392440e+03 1.74798876e+00
1.89396595e+03 1.74786859e+00
1.89404905e+03 1.75291014e+00
1.89413419e+03 1.76568618e+00
1.89422621e+03 1.78859144e+00
1.89431822e+03 1.82139997e+00
1.89441024e+03 1.86454478e+00
1.89450225e+03 1.91840705e+00
1.89459427e+03 1.98329809e+00
1.89468628e+03 2.05943778e+00
1.89477830e+03 2.14694215e+00
1.89487031e+03 2.24580048e+00
1.89498895e+03 2.38975544e+00
1.89510757e+03 2.55164190e+00
1.89522620e+03 2.73033485e+00
1.89534483e+03 2.92425086e+00
1.89550300e+03 3.20290057e+00
1.89573430e+03 3.63971893e+00
1.89611981e+03 4.38568019e+00
1.89633911e+03 4.78045783e+00
1.89648531e+03 5.01770393e+00
1.89663151e+03 5.22757416e+00
1.89677772e+03 5.40549389e+00
1.89692392e+03 5.54810066e+00
1.89707012e+03 5.65339377e+00
1.89721632e+03 5.72078301e+00
1.89735068e+03 5.74995168e+00
1.89741194e+03 5.75324114e+00
1.89759571e+03 5.72812710e+00
1.89777948e+03 5.65639713e+00
1.89796325e+03 5.54701590e+00
1.89814702e+03 5.40998361e+00
1.89875959e+03 4.88216982e+00
1.89900461e+03 4.69220736e+00
1.89918838e+03 4.57299131e+00
1.89940135e+03 4.46687929e+00
1.89955307e+03 4.41524967e+00
1.89970479e+03 4.38524266e+00
1.89985651e+03 4.37782987e+00
1.90000246e+03 4.39250967e+00
1.90014841e+03 4.42865383e+00
1.90024571e+03 4.46453377e+00
1.90044031e+03 4.56366568e+00
1.90063491e+03 4.69706350e+00
1.90082951e+03 4.86087162e+00
1.90102411e+03 5.04985198e+00
1.90131601e+03 5.36567460e+00
1.90175877e+03 5.86024936e+00
1.90201787e+03 6.11793306e+00
1.90219060e+03 6.26158905e+00
1.90236333e+03 6.37507198e+00
1.90253606e+03 6.45290417e+00
1.90270878e+03 6.49103978e+00
1.90279515e+03 6.49443733e+00
1.90295961e+03 6.47157903e+00
1.90312408e+03 6.41103010e+00
1.90328855e+03 6.31529456e+00
1.90345301e+03 6.18861481e+00
1.90367230e+03 5.98180349e+00
1.90422052e+03 5.38833537e+00
1.90443981e+03 5.17276009e+00
1.90462317e+03 5.02266220e+00
1.90477062e+03 4.92798799e+00
1.90491807e+03 4.85985838e+00
1.90506551e+03 4.82002838e+00
1.90519071e+03 4.80874966e+00
1.90534511e+03 4.82245486e+00
1.90549952e+03 4.86421325e+00
1.90565393e+03 4.92998492e+00
1.90585981e+03 5.04571970e+00
1.90637450e+03 5.37866741e+00
1.90658038e+03 5.48772844e+00
1.90678625e+03 5.56321422e+00
1.90697845e+03 5.59614062e+00
1.90704252e+03 5.59841619e+00
1.90722815e+03 5.58019574e+00
1.90741377e+03 5.52671199e+00
1.90753752e+03 5.47349962e+00
1.90778502e+03 5.33332835e+00
1.90852752e+03 4.81302316e+00
1.90877502e+03 4.66477894e+00
1.90902253e+03 4.54726728e+00
1.90930882e+03 4.45063050e+00
1.90940425e+03 4.42647991e+00
1.91024263e+03 4.26961743e+00
1.91046547e+03 4.20980011e+00
1.91079972e+03 4.08901862e+00
1.91135681e+03 3.84500319e+00
1.91157964e+03 3.76326783e+00
1.91174677e+03 3.72098990e+00
1.91191389e+03 3.70210110e+00
1.91194044e+03 3.70167019e+00
1.91207320e+03 3.71158803e+00
1.91218913e+03 3.73835702e+00
1.91231478e+03 3.78868240e+00
1.91244043e+03 3.86328932e+00
1.91256608e+03 3.96413188e+00
1.91269173e+03 4.09290905e+00
1.91281738e+03 4.25102698e+00
1.91294303e+03 4.43954371e+00
1.91306868e+03 4.65911703e+00
1.91317824e+03 4.87608703e+00
1.91331845e+03 5.18808419e+00
1.91345866e+03 5.53746609e+00
1.91359887e+03 5.92206566e+00
1.91369234e+03 6.19650920e+00
1.91387929e+03 6.78324880e+00
1.91411939e+03 7.59415630e+00
1.91471965e+03 9.70283431e+00
1.91497686e+03 1.05443397e+01
1.91518260e+03 1.11564834e+01
1.91538834e+03 1.17025335e+01
1.91559408e+03 1.21767762e+01
1.91579982e+03 1.25776286e+01
1.91600555e+03 1.29061106e+01
1.91621129e+03 1.31639289e+01
1.91641703e+03 1.33516744e+01
1.91662277e+03 1.34675484e+01
1.91682851e+03 1.35069374e+01
1.91703425e+03 1.34629179e+01
1.91723385e+03 1.33330188e+01
1.91743344e+03 1.31106946e+01
1.91763304e+03 1.27918895e+01
1.91783263e+03 1.23764058e+01
1.91803223e+03 1.18688181e+01
1.91823182e+03 1.12787860e+01
1.91843142e+03 1.06207085e+01
1.91873066e+03 9.54742988e+00
1.91912922e+03 8.07022495e+00
1.91932851e+03 7.36189007e+00
1.91947601e+03 6.86788037e+00
1.91961959e+03 6.42013487e+00
1.91976318e+03 6.01166225e+00
1.91990677e+03 5.64817228e+00
1.92000249e+03 5.43324431e+00
1.92009821e+03 5.24164009e+00
1.92019394e+03 5.07433343e+00
1.92029101e+03 4.93025395e+00
1.92038809e+03 4.81249801e+00
1.92048516e+03 4.72137216e+00
1.92058224e+03 4.65693170e+00
1.92067931e+03 4.61897426e+00
1.92077531e+03 4.60702954e+00
1.92087076e+03 4.61969429e+00
1.92096621e+03 4.65590672e+00
1.92106167e+03 4.71451367e+00
1.92115712e+03 4.79414146e+00
1.92128440e+03 4.93026409e+00
1.92141167e+03 5.09671201e+00
1.92153894e+03 5.28879212e+00
1.92172985e+03 5.61390083e+00
1.92209626e+03 6.30308555e+00
1.92237107e+03 6.81753953e+00
1.92255427e+03 7.13600655e+00
1.92273747e+03 7.42422923e+00
1.92292068e+03 7.67610485e+00
1.92310388e+03 7.88797578e+00
1.92330600e+03 8.07327800e+00
1.92352702e+03 8.21712573e+00
1.92374804e+03 8.29966792e+00
1.92393453e+03 8.32142100e+00
1.92414316e+03 8.29277681e+00
1.92433391e+03 8.21611601e+00
1.92452467e+03 8.08972326e+00
1.92471542e+03 7.91277564e+00
1.92490617e+03 7.68585626e+00
1.92509692e+03 7.41159459e+00
1.92528768e+03 7.09505772e+00
1.92547843e+03 6.74381342e+00
1.92573277e+03 6.23866896e+00
1.92618048e+03 5.32733969e+00
1.92637912e+03 4.94851029e+00
1.92657776e+03 4.60393913e+00
1.92671018e+03 4.39881600e+00
1.92684261e+03 4.21668116e+00
1.92697503e+03 4.05989486e+00
1.92710746e+03 3.93037414e+00
1.92722703e+03 3.83807839e+00
1.92733376e+03 3.77612755e+00
1.92744049e+03 3.73381405e+00
1.92754721e+03 3.71130248e+00
1.92760057e+03 3.70747337e+00
1.92770940e+03 3.71490549e+00
1.92781823e+03 3.74250727e+00
1.92792706e+03 3.78976430e+00
1.92803588e+03 3.85596472e+00
1.92818099e+03 3.97210380e+00
1.92832609e+03 4.11760688e+00
1.92847119e+03 4.28921856e+00
1.92861630e+03 4.48315064e+00
1.92883828e+03 4.81322338e+00
1.92945336e+03 5.80472195e+00
1.92968401e+03 6.14993885e+00
1.92991466e+03 6.45432468e+00
1.93009009e+03 6.65166310e+00
1.93028717e+03 6.83491282e+00
1.93048425e+03 6.97795074e+00
1.93068134e+03 7.08499354e+00
1.93077988e+03 7.12728566e+00
1.93159453e+03 7.37798119e+00
1.93192078e+03 7.52432622e+00
1.93235579e+03 7.79200281e+00
1.93268205e+03 8.00113969e+00
1.93289955e+03 8.11177267e+00
1.93311705e+03 8.17776762e+00
1.93322581e+03 8.18920050e+00
1.93341602e+03 8.16960463e+00
1.93358943e+03 8.10553176e+00
1.93376285e+03 7.99798874e+00
1.93393627e+03 7.85081542e+00
1.93416749e+03 7.60482857e+00
1.93474554e+03 6.88829137e+00
1.93497676e+03 6.63188045e+00
1.93515018e+03 6.47507929e+00
1.93533285e+03 6.35407424e+00
1.93545771e+03 6.30189663e+00
1.93562939e+03 6.27514850e+00
1.93575867e+03 6.29147402e+00
1.93591238e+03 6.35292132e+00
1.93606610e+03 6.45992726e+00
1.93621981e+03 6.61084700e+00
1.93637353e+03 6.80242545e+00
1.93652724e+03 7.02983588e+00
1.93673220e+03 7.37782002e+00
1.93714210e+03 8.15743844e+00
1.93743120e+03 8.70401090e+00
1.93768364e+03 9.13573047e+00
1.93793608e+03 9.50522043e+00
1.93818852e+03 9.80948814e+00
1.93852511e+03 1.01353226e+01
1.93936658e+03 1.08552590e+01
1.93978731e+03 1.12200269e+01
1.94003975e+03 1.13824653e+01
1.94021337e+03 1.14423239e+01
1.94030018e+03 1.14512744e+01
1.94044486e+03 1.14299245e+01
1.94059963e+03 1.13516538e+01
1.94074497e+03 1.12224139e+01
1.94089030e+03 1.10383449e+01
1.94103564e+03 1.08013300e+01
1.94118098e+03 1.05158597e+01
1.94137477e+03 1.00719209e+01
1.94166544e+03 9.31491368e+00
1.94205301e+03 8.26661376e+00
1.94228067e+03 7.69820628e+00
1.94243244e+03 7.35699245e+00
1.94258422e+03 7.05221486e+00
1.94273599e+03 6.78652051e+00
1.94288777e+03 6.56022717e+00
1.94303954e+03 6.37156530e+00
1.94319132e+03 6.21703391e+00
1.94335858e+03 6.08048312e+00
1.94354133e+03 5.96302961e+00
1.94381546e+03 5.82651561e+00
1.94436371e+03 5.58100906e+00
1.94463784e+03 5.42914033e+00
1.94491197e+03 5.24695576e+00
1.94527747e+03 4.96508612e+00
1.94582572e+03 4.51909403e+00
1.94609985e+03 4.31736980e+00
1.94635238e+03 4.15758968e+00
1.94659411e+03 4.03236535e+00
1.94683584e+03 3.93466948e+00
1.94707757e+03 3.86191144e+00
1.94731930e+03 3.80960948e+00
1.94764160e+03 3.76321663e+00
1.94796391e+03 3.73579669e+00
1.94828621e+03 3.72567869e+00
1.94860852e+03 3.73915368e+00
1.94883803e+03 3.76956646e+00
1.94904312e+03 3.81584354e+00
1.94924820e+03 3.88324112e+00
1.94945329e+03 3.97378472e+00
1.94965837e+03 4.08825265e+00
1.94986345e+03 4.22605189e+00
1.95006854e+03 4.38528897e+00
1.95027362e+03 4.56298222e+00
1.95054707e+03 4.82204918e+00
1.95144052e+03 5.72343602e+00
1.95180298e+03 6.05028582e+00
1.95204462e+03 6.23460907e+00
1.95228626e+03 6.38229933e+00
1.95252791e+03 6.48595809e+00
1.95276955e+03 6.54019642e+00
1.95289037e+03 6.54790335e+00
1.95308458e+03 6.53323480e+00
1.95327880e+03 6.48663368e+00
1.95347301e+03 6.41111146e+00
1.95376433e+03 6.25324903e+00
1.95405565e+03 6.05794261e+00
1.95483250e+03 5.48908970e+00
1.95522092e+03 5.23593047e+00
1.95551224e+03 5.07343442e+00
1.95580356e+03 4.93763624e+00
1.95612692e+03 4.82010917e+00
1.95638522e+03 4.75225314e+00
1.95664352e+03 4.70802704e+00
1.95690182e+03 4.68778678e+00
1.95703097e+03 4.68680035e+00
1.95728847e+03 4.70349210e+00
1.95754597e+03 4.74611171e+00
1.95780347e+03 4.81640992e+00
1.95806096e+03 4.91619197e+00
1.95831846e+03 5.04634045e+00
1.95857596e+03 5.20555563e+00
1.95891928e+03 5.45454090e+00
1.95960594e+03 5.98767774e+00
1.95988523e+03 6.17337415e+00
1.96010047e+03 6.29067247e+00
1.96031572e+03 6.38233489e+00
1.96063859e+03 6.47372692e+00
1.96161961e+03 6.61176027e+00
1.96189099e+03 6.68527915e+00
1.96216237e+03 6.79484759e+00
1.96243374e+03 6.93936109e+00
1.96324787e+03 7.45987682e+00
1.96351925e+03 7.60687006e+00
1.96390202e+03 7.76167159e+00
1.96448251e+03 7.94950680e+00
1.96467015e+03 8.03972972e+00
1.96484961e+03 8.16124246e+00
1.96502089e+03 8.32113451e+00
1.96519217e+03 8.53397415e+00
1.96536344e+03 8.80758292e+00
1.96553472e+03 9.14681425e+00
1.96570600e+03 9.55278354e+00
1.96587728e+03 1.00222797e+01
1.96604856e+03 1.05474477e+01
1.96630399e+03 1.14057266e+01
1.96672847e+03 1.28739165e+01
1.96689826e+03 1.34083473e+01
1.96706806e+03 1.38749462e+01
1.96723785e+03 1.42494869e+01
1.96736519e+03 1.44568385e+01
1.96749253e+03 1.45924812e+01
1.96764421e+03 1.46521457e+01
1.96779225e+03 1.45974928e+01
1.96793847e+03 1.44315031e+01
1.96808469e+03 1.41555251e+01
1.96823091e+03 1.37746183e+01
1.96837713e+03 1.32973345e+01
1.96852335e+03 1.27352940e+01
1.96866957e+03 1.21026239e+01
1.96886453e+03 1.11768737e+01
1.96939046e+03 8.50830305e+00
1.96959448e+03 7.52175933e+00
1.96973050e+03 6.90673452e+00
1.96983826e+03 6.44952286e+00
1.96995751e+03 5.97814607e+00
1.97007677e+03 5.54574949e+00
1.97019602e+03 5.15406519e+00
1.97031528e+03 4.80390930e+00
1.97043454e+03 4.49528229e+00
1.97054345e+03 4.24912356e+00
1.97065236e+03 4.03605448e+00
1.97076127e+03 3.85477303e+00
1.97087018e+03 3.70371160e+00
1.97097909e+03 3.58110068e+00
1.97108800e+03 3.48502514e+00
1.97119691e+03 3.41347249e+00
1.97130582e+03 3.36437305e+00
1.97141668e+03 3.33529052e+00
1.97152754e+03 3.32509349e+00
1.97163840e+03 3.33159501e+00
1.97180469e+03 3.36796879e+00
1.97197098e+03 3.43005584e+00
1.97219270e+03 3.54129107e+00
1.97285786e+03 3.93848504e+00
1.97316644e+03 4.09657141e+00
1.97342704e+03 4.20119169e+00
1.97377451e+03 4.30458025e+00
1.97421949e+03 4.42933954e+00
1.97439748e+03 4.50254231e+00
1.97454560e+03 4.58486668e+00
1.97466387e+03 4.66905099e+00
1.97478213e+03 4.77297524e+00
1.97490039e+03 4.89949573e+00
1.97501866e+03 5.05111316e+00
1.97513692e+03 5.22984747e+00
1.97525519e+03 5.43712084e+00
1.97537345e+03 5.67365532e+00
1.97548670e+03 5.92755055e+00
1.97564907e+03 6.33657383e+00
1.97581144e+03 6.79407498e+00
1.97597380e+03 7.29223172e+00
1.97619029e+03 8.00131806e+00
1.97664266e+03 9.51910507e+00
1.97681472e+03 1.00600373e+01
1.97698679e+03 1.05576114e+01
1.97715885e+03 1.10002943e+01
1.97733092e+03 1.13800820e+01
1.97750299e+03 1.16927565e+01
1.97767505e+03 1.19377091e+01
1.97785082e+03 1.21205462e+01
1.97802660e+03 1.22401219e+01
1.97824032e+03 1.23090007e+01
1.97831156e+03 1.23150284e+01
1.97852528e+03 1.22870165e+01
1.97873900e+03 1.21944577e+01
1.97895272e+03 1.20395870e+01
1.97916644e+03 1.18207136e+01
1.97938016e+03 1.15338463e+01
1.97959388e+03 1.11750934e+01
1.97980760e+03 1.07431892e+01
1.98002132e+03 1.02415455e+01
1.98023504e+03 9.67934223e+00
1.98054672e+03 8.78282009e+00
1.98102760e+03 7.35672673e+00
1.98126804e+03 6.69050681e+00
1.98141869e+03 6.30528625e+00
1.98156934e+03 5.95049065e+00
1.98171999e+03 5.62927459e+00
1.98187064e+03 5.34347557e+00
1.98202129e+03 5.09369022e+00
1.98217194e+03 4.87945313e+00
1.98232259e+03 4.69943496e+00
1.98247324e+03 4.55168855e+00
1.98261392e+03 4.44079460e+00
1.98275460e+03 4.35396155e+00
1.98289529e+03 4.28914272e+00
1.98303597e+03 4.24439031e+00
1.98322354e+03 4.21288024e+00
1.98336504e+03 4.20837188e+00
1.98357727e+03 4.22944566e+00
1.98378951e+03 4.28046442e+00
1.98400175e+03 4.35782589e+00
1.98421399e+03 4.45774430e+00
1.98449697e+03 4.61825170e+00
1.98520443e+03 5.06813006e+00
1.98548741e+03 5.22675039e+00
1.98575239e+03 5.34874565e+00
1.98601738e+03 5.44411227e+00
1.98663635e+03 5.61880109e+00
1.98690614e+03 5.71763195e+00
1.98715084e+03 5.84272980e+00
1.98739554e+03 6.01013669e+00
1.98764023e+03 6.21934136e+00
1.98825198e+03 6.83237435e+00
1.98849668e+03 7.04736822e+00
1.98868020e+03 7.16934826e+00
1.98882670e+03 7.23379013e+00
1.98899736e+03 7.26516086e+00
1.98913034e+03 7.25381460e+00
1.98927326e+03 7.20506054e+00
1.98941618e+03 7.11843411e+00
1.98955910e+03 6.99550091e+00
1.98974966e+03 6.78067428e+00
1.98994022e+03 6.51809132e+00
1.99022606e+03 6.06731093e+00
1.99060718e+03 5.45148539e+00
1.99078545e+03 5.19344178e+00
1.99096371e+03 4.97237638e+00
1.99108255e+03 4.85078603e+00
1.99120139e+03 4.75277897e+00
1.99132023e+03 4.68027811e+00
1.99143907e+03 4.63463312e+00
1.99155791e+03 4.61661437e+00
1.99168791e+03 4.62875437e+00
1.99181790e+03 4.67365366e+00
1.99194790e+03 4.75003165e+00
1.99207789e+03 4.85589454e+00
1.99220789e+03 4.98860531e+00
1.99233788e+03 5.14495846e+00
1.99251121e+03 5.38377521e+00
1.99277119e+03 5.78681410e+00
1.99311674e+03 6.34959474e+00
1.99337507e+03 6.74397420e+00
1.99354729e+03 6.97608898e+00
1.99371951e+03 7.17400792e+00
1.99389172e+03 7.33130050e+00
1.99406394e+03 7.44337888e+00
1.99423616e+03 7.50766078e+00
1.99438140e+03 7.52428647e+00
1.99455878e+03 7.49922156e+00
1.99473617e+03 7.42760488e+00
1.99491355e+03 7.31480554e+00
1.99515007e+03 7.11248081e+00
1.99550483e+03 6.73764516e+00
1.99597786e+03 6.21138805e+00
1.99621437e+03 5.97675916e+00
1.99641577e+03 5.80483475e+00
1.99661716e+03 5.66339435e+00
1.99681855e+03 5.55468941e+00
1.99701995e+03 5.47915285e+00
1.99722134e+03 5.43592898e+00
1.99743697e+03 5.42362243e+00
1.99765971e+03 5.44524372e+00
1.99788245e+03 5.49880024e+00
1.99810519e+03 5.58090988e+00
1.99832793e+03 5.68741348e+00
1.99847642e+03 5.76938653e+00
1.99936738e+03 6.32056972e+00
1.99966437e+03 6.47751114e+00
2.00010122e+03 6.66451458e+00
2.00053807e+03 6.83941868e+00
2.00082930e+03 6.98401148e+00
2.00112053e+03 7.16842641e+00
2.00184861e+03 7.72967601e+00
2.00206565e+03 7.86038385e+00
2.00227991e+03 7.93509516e+00
2.00242274e+03 7.94511997e+00
2.00256558e+03 7.91799626e+00
2.00273287e+03 7.83521621e+00
2.00290017e+03 7.69612115e+00
2.00306746e+03 7.50294390e+00
2.00323475e+03 7.26163391e+00
2.00340204e+03 6.98151843e+00
2.00373662e+03 6.35508433e+00
2.00402717e+03 5.81343759e+00
2.00421206e+03 5.50599472e+00
2.00433532e+03 5.32697209e+00
2.00445857e+03 5.17309037e+00
2.00458183e+03 5.04706119e+00
2.00470509e+03 4.95058632e+00
2.00482834e+03 4.88433012e+00
2.00494107e+03 4.84991874e+00
2.00504326e+03 4.83954068e+00
2.00519654e+03 4.85846503e+00
2.00534983e+03 4.91400893e+00
2.00550311e+03 4.99964652e+00
2.00570749e+03 5.14793987e+00
2.00632062e+03 5.66255750e+00
2.00652500e+03 5.80983672e+00
2.00678659e+03 5.95727011e+00
2.00696098e+03 6.02626823e+00
2.00722256e+03 6.08440179e+00
2.00738841e+03 6.09393611e+00
2.00763719e+03 6.07145987e+00
2.00788597e+03 6.00940572e+00
2.00813475e+03 5.91358061e+00
2.00838353e+03 5.79059337e+00
2.00888108e+03 5.49501120e+00
2.00937864e+03 5.19416979e+00
2.00971035e+03 5.02294808e+00
2.00999805e+03 4.90233367e+00
2.01036359e+03 4.78312605e+00
2.01109466e+03 4.59059246e+00
2.01146020e+03 4.47924669e+00
2.01182574e+03 4.34558227e+00
2.01231313e+03 4.13564034e+00
2.01280051e+03 3.89765475e+00
2.01328790e+03 3.63702387e+00
2.01394247e+03 3.27676912e+00
2.01419325e+03 3.15230739e+00
2.01444403e+03 3.04640521e+00
2.01461121e+03 2.98960851e+00
2.01477840e+03 2.94579599e+00
2.01494559e+03 2.91601237e+00
2.01514803e+03 2.89919204e+00
2.01521856e+03 2.89818012e+00
2.01539486e+03 2.90590323e+00
2.01560643e+03 2.93228625e+00
2.01581800e+03 2.97320063e+00
2.01666428e+03 3.17979464e+00
2.01694637e+03 3.23284228e+00
2.01722846e+03 3.27067094e+00
2.01755270e+03 3.29763612e+00
2.01810227e+03 3.31987217e+00
2.01869401e+03 3.33071406e+00
2.01913781e+03 3.32069688e+00
2.01937995e+03 3.30021403e+00
2.01966257e+03 3.25698239e+00
2.01994519e+03 3.18996864e+00
2.02022780e+03 3.09938179e+00
2.02041621e+03 3.02758012e+00
2.02079303e+03 2.86451834e+00
2.02154667e+03 2.51557955e+00
2.02192349e+03 2.35353186e+00
2.02220611e+03 2.24333631e+00
2.02246734e+03 2.15255956e+00
2.02271787e+03 2.07782084e+00
2.02296841e+03 2.01767863e+00
2.02313543e+03 1.98693295e+00
2.02330245e+03 1.96441959e+00
2.02346948e+03 1.95061268e+00
2.02363650e+03 1.94578942e+00
2.02385044e+03 1.95281804e+00
2.02406438e+03 1.97435595e+00
2.02427832e+03 2.00968505e+00
2.02449225e+03 2.05786242e+00
2.02470619e+03 2.11786494e+00
2.02492013e+03 2.18864478e+00
2.02520538e+03 2.29778584e+00
2.02549063e+03 2.42048898e+00
2.02607890e+03 2.69018546e+00
2.02631950e+03 2.79201302e+00
2.02656009e+03 2.87846974e+00
2.02680068e+03 2.94247630e+00
2.02696107e+03 2.96978740e+00
2.02712147e+03 2.98347572e+00
2.02720167e+03 2.98504860e+00
2.02737409e+03 2.97662397e+00
2.02754651e+03 2.95293925e+00
2.02777640e+03 2.90113624e+00
2.02812124e+03 2.79593499e+00
2.02846608e+03 2.68870552e+00
2.02863850e+03 2.64635021e+00
2.02881092e+03 2.61756887e+00
2.02899052e+03 2.60607592e+00
2.02899771e+03 2.60605623e+00
2.02914729e+03 2.61389880e+00
2.02928053e+03 2.63461260e+00
2.02941377e+03 2.66847582e+00
2.02954701e+03 2.71515569e+00
2.02972467e+03 2.79576741e+00
2.02990233e+03 2.89412513e+00
2.03016881e+03 3.06394982e+00
2.03052412e+03 3.29870950e+00
2.03073101e+03 3.42024500e+00
2.03093789e+03 3.51837018e+00
2.03109306e+03 3.57200072e+00
2.03124823e+03 3.60616444e+00
2.03140282e+03 3.61994433e+00
2.03145397e+03 3.62006647e+00
2.03160743e+03 3.60773673e+00
2.03176088e+03 3.57787233e+00
2.03196549e+03 3.51561686e+00
2.03217010e+03 3.43563431e+00
2.03268161e+03 3.22245680e+00
2.03288622e+03 3.15529061e+00
2.03305291e+03 3.11486015e+00
2.03324606e+03 3.08593020e+00
2.03343094e+03 3.07595221e+00
2.03361582e+03 3.08109626e+00
2.03389315e+03 3.10884004e+00
2.03444779e+03 3.17774262e+00
2.03472511e+03 3.19095885e+00
2.03497244e+03 3.18263400e+00
2.03521977e+03 3.15583645e+00
2.03559075e+03 3.09105098e+00
2.03608541e+03 2.99509884e+00
2.03633274e+03 2.95766531e+00
2.03658006e+03 2.93266682e+00
2.03690081e+03 2.92034666e+00
2.03694022e+03 2.92032930e+00
2.03717672e+03 2.92637407e+00
2.03749205e+03 2.94891062e+00
2.03780738e+03 2.98696073e+00
2.03804387e+03 3.02801410e+00
2.03828037e+03 3.08451723e+00
2.03851687e+03 3.16284827e+00
2.03867453e+03 3.23083363e+00
2.03883220e+03 3.31394477e+00
2.03898986e+03 3.41402415e+00
2.03914753e+03 3.53239338e+00
2.03930823e+03 3.67249907e+00
2.03947198e+03 3.83516494e+00
2.03963573e+03 4.01654264e+00
2.03988135e+03 4.31792920e+00
2.04053635e+03 5.19096927e+00
2.04078630e+03 5.49909813e+00
2.04103625e+03 5.76598513e+00
2.04120288e+03 5.91444625e+00
2.04136951e+03 6.03630961e+00
2.04153615e+03 6.13032056e+00
2.04170278e+03 6.19643619e+00
2.04193299e+03 6.24412374e+00
2.04206016e+03 6.25068404e+00
2.04225090e+03 6.23789553e+00
2.04250523e+03 6.18757244e+00
2.04352254e+03 5.87489028e+00
2.04390403e+03 5.79223111e+00
2.04444320e+03 5.68998818e+00
2.04474533e+03 5.60251592e+00
2.04499015e+03 5.49624425e+00
2.04523496e+03 5.34962526e+00
2.04547977e+03 5.16079330e+00
2.04572459e+03 4.93530542e+00
2.04621422e+03 4.43475625e+00
2.04639783e+03 4.25907267e+00
2.04658144e+03 4.10748684e+00
2.04673533e+03 4.00739178e+00
2.04685075e+03 3.95256044e+00
2.04696617e+03 3.91776210e+00
2.04708160e+03 3.90508051e+00
2.04719702e+03 3.91623036e+00
2.04729779e+03 3.94647880e+00
2.04739857e+03 3.99646756e+00
2.04749934e+03 4.06649505e+00
2.04760012e+03 4.15657158e+00
2.04770090e+03 4.26641654e+00
2.04780167e+03 4.39546105e+00
2.04795284e+03 4.62309489e+00
2.04806925e+03 4.82404593e+00
2.04820131e+03 5.07582169e+00
2.04839941e+03 5.49238544e+00
2.04866353e+03 6.09572194e+00
2.04905971e+03 7.01882117e+00
2.04930284e+03 7.54302071e+00
2.04946493e+03 7.85683724e+00
2.04962701e+03 8.13419177e+00
2.04978910e+03 8.37022277e+00
2.04995118e+03 8.56208846e+00
2.05011327e+03 8.70914618e+00
2.05027536e+03 8.81298763e+00
2.05044141e+03 8.87847606e+00
2.05069643e+03 8.91289696e+00
2.05103647e+03 8.88086388e+00
2.05146151e+03 8.82596819e+00
2.05154652e+03 8.82407759e+00
2.05179192e+03 8.84868650e+00
2.05201807e+03 8.91712714e+00
2.05224422e+03 9.03033847e+00
2.05247037e+03 9.18223763e+00
2.05322421e+03 9.79902388e+00
2.05352575e+03 9.99902299e+00
2.05375190e+03 1.00977996e+01
2.05397805e+03 1.01390817e+01
2.05419523e+03 1.01159511e+01
2.05439445e+03 1.00358708e+01
2.05459368e+03 9.89754641e+00
2.05479291e+03 9.70170733e+00
2.05499213e+03 9.45178893e+00
2.05519136e+03 9.15392976e+00
2.05545700e+03 8.69737495e+00
2.05625390e+03 7.17660638e+00
2.05649912e+03 6.74347099e+00
2.05674434e+03 6.35532766e+00
2.05692825e+03 6.09883272e+00
2.05711216e+03 5.87356230e+00
2.05729608e+03 5.67906081e+00
2.05747999e+03 5.51342594e+00
2.05772521e+03 5.33211237e+00
2.05797042e+03 5.18738109e+00
2.05821564e+03 5.06884753e+00
2.05913941e+03 4.69548795e+00
2.05969367e+03 4.44045266e+00
2.06024793e+03 4.17832844e+00
2.06052506e+03 4.07307625e+00
2.06070981e+03 4.02317444e+00
2.06089456e+03 3.99517594e+00
2.06098694e+03 3.99080219e+00
2.06117169e+03 4.00371740e+00
2.06133050e+03 4.03974919e+00
2.06148931e+03 4.10003776e+00
2.06164811e+03 4.18478619e+00
2.06180692e+03 4.29317801e+00
2.06196572e+03 4.42332316e+00
2.06212453e+03 4.57226220e+00
2.06233627e+03 4.79311197e+00
2.06286562e+03 5.37957159e+00
2.06311670e+03 5.62813487e+00
2.06330501e+03 5.78423742e+00
2.06349332e+03 5.90714474e+00
2.06368163e+03 5.99308244e+00
2.06386994e+03 6.04121555e+00
2.06406604e+03 6.05359712e+00
2.06426214e+03 6.03329626e+00
2.06455629e+03 5.96126034e+00
2.06485043e+03 5.87261211e+00
2.06514458e+03 5.80560018e+00
2.06534068e+03 5.78867674e+00
2.06556773e+03 5.80584371e+00
2.06576123e+03 5.85368475e+00
2.06595473e+03 5.93015006e+00
2.06621274e+03 6.06744997e+00
2.06685775e+03 6.46486151e+00
2.06711575e+03 6.59193151e+00
2.06737376e+03 6.67960871e+00
2.06760336e+03 6.72158023e+00
2.06780457e+03 6.73270817e+00
2.06810639e+03 6.71538805e+00
2.06881061e+03 6.63196111e+00
2.06901182e+03 6.62475210e+00
2.06927269e+03 6.63809739e+00
2.06959323e+03 6.69341191e+00
2.06991376e+03 6.78920243e+00
2.07039456e+03 6.98510195e+00
2.07087536e+03 7.18730520e+00
2.07119590e+03 7.28376141e+00
2.07143630e+03 7.31615444e+00
2.07151643e+03 7.31717351e+00
2.07173909e+03 7.29042634e+00
2.07192625e+03 7.23152030e+00
2.07211341e+03 7.13787531e+00
2.07230057e+03 7.01006426e+00
2.07255012e+03 6.79101828e+00
2.07279967e+03 6.52621426e+00
2.07317399e+03 6.07435849e+00
2.07379482e+03 5.29941390e+00
2.07416002e+03 4.88090177e+00
2.07452521e+03 4.50229742e+00
2.07489041e+03 4.15900454e+00
2.07525560e+03 3.84560916e+00
2.07549906e+03 3.65376143e+00
2.07578575e+03 3.44966261e+00
2.07603319e+03 3.29785506e+00
2.07619815e+03 3.21210220e+00
2.07636311e+03 3.14067234e+00
2.07652806e+03 3.08513221e+00
2.07669302e+03 3.04685837e+00
2.07685798e+03 3.02698384e+00
2.07694046e+03 3.02422346e+00
2.07709662e+03 3.03245066e+00
2.07725278e+03 3.05853328e+00
2.07740895e+03 3.10252161e+00
2.07756511e+03 3.16417195e+00
2.07772127e+03 3.24292720e+00
2.07787743e+03 3.33789564e+00
2.07808565e+03 3.48754322e+00
2.07829386e+03 3.65982259e+00
2.07860619e+03 3.94936692e+00
2.07915807e+03 4.49157951e+00
2.07948919e+03 4.79141499e+00
2.07970994e+03 4.96587128e+00
2.07993070e+03 5.11467575e+00
2.08015145e+03 5.23608114e+00
2.08037220e+03 5.33106818e+00
2.08070333e+03 5.43251273e+00
2.08136558e+03 5.57565878e+00
2.08158633e+03 5.63990921e+00
2.08180708e+03 5.73032957e+00
2.08202784e+03 5.85803852e+00
2.08223637e+03 6.02233071e+00
2.08243269e+03 6.22256032e+00
2.08262901e+03 6.47148383e+00
2.08282532e+03 6.77106529e+00
2.08302164e+03 7.12020551e+00
2.08321796e+03 7.51418341e+00
2.08351244e+03 8.16903628e+00
2.08387417e+03 9.01330587e+00
2.08412228e+03 9.55952386e+00
2.08428769e+03 9.88288048e+00
2.08445310e+03 1.01579095e+01
2.08461850e+03 1.03721250e+01
2.08478391e+03 1.05147533e+01
2.08494932e+03 1.05774146e+01
2.08499067e+03 1.05798787e+01
2.08513096e+03 1.05477485e+01
2.08527936e+03 1.04451969e+01
2.08542777e+03 1.02732851e+01
2.08557617e+03 1.00353405e+01
2.08572457e+03 9.73673680e+00
2.08587298e+03 9.38461661e+00
2.08602138e+03 8.98755031e+00
2.08621925e+03 8.40489667e+00
2.08680559e+03 6.54473079e+00
2.08699619e+03 5.96785004e+00
2.08713913e+03 5.56226896e+00
2.08728208e+03 5.18599377e+00
2.08737738e+03 4.95361191e+00
2.08750695e+03 4.66348971e+00
2.08763653e+03 4.40494707e+00
2.08776611e+03 4.17935786e+00
2.08786329e+03 4.03228926e+00
2.08796047e+03 3.90435672e+00
2.08805765e+03 3.79554836e+00
2.08815483e+03 3.70571852e+00
2.08825201e+03 3.63460025e+00
2.08834919e+03 3.58182275e+00
2.08845268e+03 3.54526204e+00
2.08857913e+03 3.52713870e+00
2.08859863e+03 3.52686481e+00
2.08872539e+03 3.54090246e+00
2.08884240e+03 3.57724781e+00
2.08895941e+03 3.63475197e+00
2.08907642e+03 3.71212991e+00
2.08919343e+03 3.80809779e+00
2.08934945e+03 3.96281489e+00
2.08950546e+03 4.14555875e+00
2.08966147e+03 4.35379800e+00
2.08981528e+03 4.58192307e+00
2.08996689e+03 4.82725122e+00
2.09019431e+03 5.23047190e+00
2.09042172e+03 5.67300584e+00
2.09064914e+03 6.15208428e+00
2.09087655e+03 6.66453068e+00
2.09120616e+03 7.45596144e+00
2.09179837e+03 8.93316361e+00
2.09205218e+03 9.53117387e+00
2.09230598e+03 1.00672538e+01
2.09247950e+03 1.03829116e+01
2.09265301e+03 1.06474158e+01
2.09282653e+03 1.08537798e+01
2.09300004e+03 1.09969164e+01
2.09317356e+03 1.10739570e+01
2.09328874e+03 1.10882424e+01
2.09346076e+03 1.10558273e+01
2.09361366e+03 1.09752332e+01
2.09384303e+03 1.07706807e+01
2.09407239e+03 1.04789878e+01
2.09430175e+03 1.01171294e+01
2.09460756e+03 9.55560431e+00
2.09506629e+03 8.61993461e+00
2.09567792e+03 7.35305002e+00
2.09598436e+03 6.76114618e+00
2.09618865e+03 6.39504748e+00
2.09639295e+03 6.05717053e+00
2.09659724e+03 5.75133874e+00
2.09680153e+03 5.48036970e+00
2.09700583e+03 5.24583821e+00
2.09721012e+03 5.04788659e+00
2.09741571e+03 4.88424645e+00
2.09762260e+03 4.75275444e+00
2.09782949e+03 4.65045908e+00
2.09803638e+03 4.57237785e+00
2.09834671e+03 4.48873494e+00
2.09876049e+03 4.41192835e+00
2.09938116e+03 4.30308831e+00
2.09979494e+03 4.20393100e+00
2.10010527e+03 4.10671522e+00
2.10041561e+03 3.98540144e+00
2.10073783e+03 3.83004392e+00
2.10096850e+03 3.69902806e+00
2.10119918e+03 3.55167502e+00
2.10154518e+03 3.30412868e+00
2.10223720e+03 2.76704272e+00
2.10246788e+03 2.59725732e+00
2.10266398e+03 2.46415099e+00
2.10286008e+03 2.34435289e+00
2.10305618e+03 2.23977641e+00
2.10325229e+03 2.15139633e+00
2.10344839e+03 2.07929867e+00
2.10364449e+03 2.02284203e+00
2.10384059e+03 1.98088659e+00
2.10403669e+03 1.95204971e+00
2.10424894e+03 1.93402144e+00
2.10445081e+03 1.92825073e+00
2.10464750e+03 1.93237779e+00
2.10484418e+03 1.94561593e+00
2.10504087e+03 1.96780489e+00
2.10523756e+03 1.99907419e+00
2.10543425e+03 2.03977511e+00
2.10563094e+03 2.09040958e+00
2.10582762e+03 2.15156742e+00
2.10602431e+03 2.22386515e+00
2.10622100e+03 2.30787695e+00
2.10641769e+03 2.40404497e+00
2.10663537e+03 2.52487520e+00
2.10685306e+03 2.66052283e+00
2.10707074e+03 2.80985249e+00
2.10739726e+03 3.05440682e+00
2.10805031e+03 3.56622708e+00
2.10831967e+03 3.75871713e+00
2.10856044e+03 3.90870883e+00
2.10880121e+03 4.03203351e+00
2.10904198e+03 4.12565731e+00
2.10928275e+03 4.18943008e+00
2.10953830e+03 4.22735835e+00
2.10982340e+03 4.24019997e+00
2.11020354e+03 4.22402451e+00
2.11058368e+03 4.18498787e+00
2.11105886e+03 4.10981242e+00
2.11134397e+03 4.04343548e+00
2.11162907e+03 3.95287398e+00
2.11191418e+03 3.83277295e+00
2.11219929e+03 3.68197917e+00
2.11248439e+03 3.50498334e+00
2.11317353e+03 3.03700530e+00
2.11340324e+03 2.89449673e+00
2.11363296e+03 2.77031802e+00
2.11380524e+03 2.69220911e+00
2.11397753e+03 2.62853835e+00
2.11414981e+03 2.58006363e+00
2.11432210e+03 2.54701058e+00
2.11449556e+03 2.52910153e+00
2.11462882e+03 2.52549582e+00
2.11482872e+03 2.53586295e+00
2.11502861e+03 2.56407991e+00
2.11522851e+03 2.60894393e+00
2.11542840e+03 2.66935786e+00
2.11562829e+03 2.74434936e+00
2.11582818e+03 2.83301150e+00
2.11609471e+03 2.97083834e+00
2.11636123e+03 3.12853196e+00
2.11662776e+03 3.30245180e+00
2.11713070e+03 3.65785049e+00
2.11780129e+03 4.13399249e+00
2.11830424e+03 4.46026007e+00
2.11897483e+03 4.85278539e+00
2.11972655e+03 5.25765381e+00
2.12003887e+03 5.40432856e+00
2.12035119e+03 5.52213662e+00
2.12066351e+03 5.59701914e+00
2.12087172e+03 5.61733196e+00
2.12097582e+03 5.61784141e+00
2.12122806e+03 5.59233936e+00
2.12148030e+03 5.53198120e+00
2.12185866e+03 5.39435141e+00
2.12236313e+03 5.19163496e+00
2.12261537e+03 5.11411584e+00
2.12286761e+03 5.06706980e+00
2.12309037e+03 5.05437337e+00
2.12338032e+03 5.07534819e+00
2.12415351e+03 5.21145923e+00
2.12434681e+03 5.22559311e+00
2.12454011e+03 5.21951837e+00
2.12477451e+03 5.18108441e+00
2.12500891e+03 5.10901489e+00
2.12524331e+03 5.00947288e+00
2.12582931e+03 4.72374328e+00
2.12606372e+03 4.63673254e+00
2.12623952e+03 4.59621568e+00
2.12641532e+03 4.58257961e+00
2.12659149e+03 4.59940078e+00
2.12678864e+03 4.65656583e+00
2.12698578e+03 4.75400351e+00
2.12718293e+03 4.88881137e+00
2.12731436e+03 4.99688998e+00
2.12757721e+03 5.24715650e+00
2.12823436e+03 5.94755440e+00
2.12849722e+03 6.20041934e+00
2.12871050e+03 6.37502864e+00
2.12895605e+03 6.53427255e+00
2.12920160e+03 6.64596263e+00
2.12940258e+03 6.70361848e+00
2.12964086e+03 6.73820715e+00
2.12976000e+03 6.74442206e+00
2.13059398e+03 6.71369988e+00
2.13083225e+03 6.72802219e+00
2.13107053e+03 6.77690541e+00
2.13129359e+03 6.86545444e+00
2.13150143e+03 6.99340149e+00
2.13170928e+03 7.17060347e+00
2.13191712e+03 7.39958225e+00
2.13212496e+03 7.67962149e+00
2.13233280e+03 8.00645027e+00
2.13264456e+03 8.56603566e+00
2.13320794e+03 9.65119202e+00
2.13347459e+03 1.01121163e+01
2.13365236e+03 1.03704139e+01
2.13383013e+03 1.05754230e+01
2.13400790e+03 1.07169268e+01
2.13418567e+03 1.07872571e+01
2.13427456e+03 1.07942016e+01
2.13443415e+03 1.07585313e+01
2.13459375e+03 1.06618322e+01
2.13475335e+03 1.05072517e+01
2.13491294e+03 1.03002498e+01
2.13512574e+03 9.95580294e+00
2.13533853e+03 9.55317171e+00
2.13597692e+03 8.23242381e+00
2.13624332e+03 7.72590804e+00
2.13642092e+03 7.42251847e+00
2.13659852e+03 7.14992817e+00
2.13677612e+03 6.90815212e+00
2.13704252e+03 6.59846797e+00
2.13730892e+03 6.34124219e+00
2.13757532e+03 6.12224674e+00
2.13793052e+03 5.86893863e+00
2.13828572e+03 5.64490360e+00
2.13864092e+03 5.44702734e+00
2.13900462e+03 5.27690815e+00
2.13919071e+03 5.20460919e+00
2.13956290e+03 5.09106419e+00
2.13993509e+03 5.01465466e+00
2.14030728e+03 4.96565196e+00
2.14086556e+03 4.92371844e+00
2.14123775e+03 4.91445584e+00
2.14160994e+03 4.93148588e+00
2.14191174e+03 4.97887753e+00
2.14214315e+03 5.04533230e+00
2.14237457e+03 5.14550924e+00
2.14254812e+03 5.24654254e+00
2.14272168e+03 5.37207546e+00
2.14289524e+03 5.52333680e+00
2.14306880e+03 5.70052580e+00
2.14330021e+03 5.97513612e+00
2.14353163e+03 6.28762343e+00
2.14398714e+03 6.96884487e+00
2.14432695e+03 7.47468462e+00
2.14455349e+03 7.77971285e+00
2.14478003e+03 8.04168966e+00
2.14500657e+03 8.24994527e+00
2.14523311e+03 8.39909831e+00
2.14545965e+03 8.48974480e+00
2.14573789e+03 8.53082995e+00
2.14578426e+03 8.53143128e+00
2.14601613e+03 8.51466196e+00
2.14675811e+03 8.38514448e+00
2.14762799e+03 8.31088644e+00
2.14790174e+03 8.25302761e+00
2.14814574e+03 8.15076980e+00
2.14835996e+03 8.00792903e+00
2.14857419e+03 7.80820375e+00
2.14878842e+03 7.55022237e+00
2.14900264e+03 7.23872642e+00
2.14921687e+03 6.88447169e+00
2.14982352e+03 5.80136696e+00
2.15003679e+03 5.45546010e+00
2.15017896e+03 5.25119683e+00
2.15032114e+03 5.07339362e+00
2.15046331e+03 4.92557634e+00
2.15060549e+03 4.81015581e+00
2.15074767e+03 4.72834555e+00
2.15088984e+03 4.68014454e+00
2.15102722e+03 4.66439848e+00
2.15116459e+03 4.67690432e+00
2.15132944e+03 4.72511348e+00
2.15149428e+03 4.80358176e+00
2.15165913e+03 4.90500183e+00
2.15231852e+03 5.38089840e+00
2.15253832e+03 5.50844509e+00
2.15274573e+03 5.59329100e+00
2.15294076e+03 5.63495475e+00
2.15303827e+03 5.64075662e+00
2.15323523e+03 5.62103318e+00
2.15343220e+03 5.55985510e+00
2.15362916e+03 5.45984009e+00
2.15382612e+03 5.32536484e+00
2.15402308e+03 5.16204964e+00
2.15422005e+03 4.97622461e+00
2.15461397e+03 4.56286829e+00
2.15523540e+03 3.88977235e+00
2.15552398e+03 3.59715977e+00
2.15581256e+03 3.32607085e+00
2.15610114e+03 3.07939097e+00
2.15629353e+03 2.92957947e+00
2.15648592e+03 2.79244397e+00
2.15667830e+03 2.66920183e+00
2.15689354e+03 2.54987268e+00
2.15703704e+03 2.48264097e+00
2.15718053e+03 2.42650729e+00
2.15732403e+03 2.38265799e+00
2.15746752e+03 2.35234728e+00
2.15761101e+03 2.33684953e+00
2.15768276e+03 2.33504569e+00
2.15782625e+03 2.34406217e+00
2.15795865e+03 2.36806528e+00
2.15809105e+03 2.40783499e+00
2.15822344e+03 2.46387414e+00
2.15835584e+03 2.53645333e+00
2.15848824e+03 2.62557215e+00
2.15862063e+03 2.73092291e+00
2.15875303e+03 2.85186981e+00
2.15888542e+03 2.98743256e+00
2.15907934e+03 3.20952519e+00
2.15927326e+03 3.45464454e+00
2.15953181e+03 3.80557881e+00
2.15991964e+03 4.34634595e+00
2.16020736e+03 4.72676679e+00
2.16042315e+03 4.98640883e+00
2.16063893e+03 5.21792755e+00
2.16085472e+03 5.41931400e+00
2.16107051e+03 5.59181227e+00
2.16135823e+03 5.78408920e+00
2.16164594e+03 5.94638800e+00
2.16256821e+03 6.40142396e+00
2.16291505e+03 6.54716996e+00
2.16317517e+03 6.62464508e+00
2.16343530e+03 6.65741521e+00
2.16366648e+03 6.63736363e+00
2.16383977e+03 6.58733222e+00
2.16401306e+03 6.50560668e+00
2.16418635e+03 6.39239995e+00
2.16441741e+03 6.19613431e+00
2.16464847e+03 5.95705070e+00
2.16534163e+03 5.14363028e+00
2.16555838e+03 4.91895454e+00
2.16571022e+03 4.78526126e+00
2.16586206e+03 4.67594618e+00
2.16601389e+03 4.59412857e+00
2.16616573e+03 4.54170250e+00
2.16631911e+03 4.51912845e+00
2.16637126e+03 4.51829099e+00
2.16652773e+03 4.53556186e+00
2.16668419e+03 4.57994786e+00
2.16689282e+03 4.67344554e+00
2.16710144e+03 4.79342096e+00
2.16751868e+03 5.04752399e+00
2.16772730e+03 5.14851550e+00
2.16788377e+03 5.20088103e+00
2.16805179e+03 5.22896708e+00
2.16810972e+03 5.23116397e+00
2.16827448e+03 5.21514812e+00
2.16843470e+03 5.16735643e+00
2.16859492e+03 5.08841733e+00
2.16875515e+03 4.98045411e+00
2.16891537e+03 4.84686223e+00
2.16912901e+03 4.63652548e+00
2.16944945e+03 4.27666426e+00
2.16987672e+03 3.77768970e+00
2.17010320e+03 3.52922166e+00
2.17032969e+03 3.30224412e+00
2.17049955e+03 3.14854436e+00
2.17066942e+03 3.00960778e+00
2.17083928e+03 2.88505309e+00
2.17100914e+03 2.77385994e+00
2.17123563e+03 2.64381784e+00
2.17146211e+03 2.53082661e+00
2.17168860e+03 2.43072547e+00
2.17203177e+03 2.29548435e+00
2.17254653e+03 2.11274208e+00
2.17306128e+03 1.94425706e+00
2.17340445e+03 1.84217587e+00
2.17366183e+03 1.77404859e+00
2.17391921e+03 1.71571915e+00
2.17417659e+03 1.66962182e+00
2.17434818e+03 1.64689106e+00
2.17455180e+03 1.62937144e+00
2.17475802e+03 1.62327563e+00
2.17490531e+03 1.62682027e+00
2.17509116e+03 1.64156162e+00
2.17527701e+03 1.66876049e+00
2.17541639e+03 1.69801778e+00
2.17555578e+03 1.73542355e+00
2.17569516e+03 1.78148950e+00
2.17583455e+03 1.83672758e+00
2.17597394e+03 1.90163289e+00
2.17611332e+03 1.97666557e+00
2.17625271e+03 2.06223004e+00
2.17639209e+03 2.15864911e+00
2.17653637e+03 2.27011477e+00
2.17668065e+03 2.39353004e+00
2.17682492e+03 2.52880569e+00
2.17696920e+03 2.67564874e+00
2.17718562e+03 2.91642171e+00
2.17740203e+03 3.17933621e+00
2.17761800e+03 3.46004465e+00
2.17797644e+03 3.95377057e+00
2.17869332e+03 4.96368654e+00
2.17908672e+03 5.49282797e+00
2.18013580e+03 6.85168214e+00
2.18052921e+03 7.39774386e+00
2.18145632e+03 8.76263261e+00
2.18172226e+03 9.12357912e+00
2.18198819e+03 9.43935821e+00
2.18225413e+03 9.69143257e+00
2.18245359e+03 9.82849875e+00
2.18265304e+03 9.91433789e+00
2.18285249e+03 9.94439204e+00
2.18307042e+03 9.91000056e+00
2.18329759e+03 9.79796737e+00
2.18352476e+03 9.60958552e+00
2.18375192e+03 9.34933733e+00
2.18397909e+03 9.02451100e+00
2.18420626e+03 8.64468531e+00
2.18443342e+03 8.22104626e+00
2.18473631e+03 7.60889918e+00
2.18547677e+03 6.05141738e+00
2.18574612e+03 5.51921978e+00
2.18594813e+03 5.14831025e+00
2.18615015e+03 4.80844879e+00
2.18635216e+03 4.50514689e+00
2.18648436e+03 4.32874035e+00
2.18661409e+03 4.17386304e+00
2.18674382e+03 4.03783923e+00
2.18687355e+03 3.92120449e+00
2.18700328e+03 3.82421265e+00
2.18713301e+03 3.74681345e+00
2.18726274e+03 3.68863863e+00
2.18739247e+03 3.64899809e+00
2.18751973e+03 3.62715195e+00
2.18764452e+03 3.62093074e+00
2.18783171e+03 3.63671947e+00
2.18801889e+03 3.67773010e+00
2.18820608e+03 3.73782267e+00
2.18895482e+03 4.04258480e+00
2.18920440e+03 4.12612545e+00
2.18945398e+03 4.18621897e+00
2.18971687e+03 4.22095179e+00
2.18989447e+03 4.22817977e+00
2.19007207e+03 4.22371451e+00
2.19042727e+03 4.18754506e+00
2.19149287e+03 4.01106839e+00
2.19220327e+03 3.90382384e+00
2.19255847e+03 3.83598988e+00
2.19294124e+03 3.74087432e+00
2.19383437e+03 3.47097002e+00
2.19408955e+03 3.40853815e+00
2.19434473e+03 3.36449205e+00
2.19459991e+03 3.34209556e+00
2.19473575e+03 3.33908723e+00
2.19501390e+03 3.34996402e+00
2.19542789e+03 3.39442320e+00
2.19584189e+03 3.44469488e+00
2.19625588e+03 3.47516440e+00
2.19659024e+03 3.47988117e+00
2.19725897e+03 3.46707400e+00
2.19759333e+03 3.47347464e+00
2.19793817e+03 3.50100719e+00
2.19828302e+03 3.55057699e+00
2.19880028e+03 3.65576136e+00
2.19931755e+03 3.78794327e+00
2.19966239e+03 3.89969973e+00
2.19992103e+03 4.00655435e+00
2.20017966e+03 4.14222854e+00
2.20035208e+03 4.25239409e+00
2.20055457e+03 4.40434380e+00
2.20075706e+03 4.58151636e+00
2.20095955e+03 4.78285679e+00
2.20116204e+03 5.00507454e+00
2.20176952e+03 5.73218093e+00
2.20197201e+03 5.96513295e+00
2.20224020e+03 6.23941116e+00
2.20244135e+03 6.40796666e+00
2.20264250e+03 6.53683016e+00
2.20284365e+03 6.62148904e+00
2.20304479e+03 6.66023130e+00
2.20310940e+03 6.66305347e+00
2.20330323e+03 6.64491467e+00
2.20349705e+03 6.59051167e+00
2.20369088e+03 6.50609970e+00
2.20394931e+03 6.36022620e+00
2.20459539e+03 5.95152077e+00
2.20485382e+03 5.81556784e+00
2.20511226e+03 5.71174012e+00
2.20539244e+03 5.63824053e+00
2.20563399e+03 5.60375549e+00
2.20637478e+03 5.56735823e+00
2.20667110e+03 5.52848113e+00
2.20690211e+03 5.47009639e+00
2.20713312e+03 5.38241780e+00
2.20736414e+03 5.26569462e+00
2.20759515e+03 5.12465800e+00
2.20828820e+03 4.65562891e+00
2.20851921e+03 4.52477849e+00
2.20873133e+03 4.43141929e+00
2.20894346e+03 4.36857012e+00
2.20915796e+03 4.33752537e+00
2.20923105e+03 4.33419047e+00
2.20945031e+03 4.34424843e+00
2.20966958e+03 4.37987300e+00
2.20996193e+03 4.45555401e+00
2.21040046e+03 4.60191485e+00
2.21083899e+03 4.77512382e+00
2.21113135e+03 4.91994203e+00
2.21135061e+03 5.05717871e+00
2.21154068e+03 5.20383167e+00
2.21171614e+03 5.36688079e+00
2.21189159e+03 5.55965994e+00
2.21206705e+03 5.78378312e+00
2.21224251e+03 6.03914083e+00
2.21247646e+03 6.42463679e+00
2.21271040e+03 6.85285696e+00
2.21317830e+03 7.78169332e+00
2.21364382e+03 8.70038686e+00
2.21399237e+03 9.32864533e+00
2.21434093e+03 9.88907875e+00
2.21468948e+03 1.03879272e+01
2.21521231e+03 1.10514548e+01
2.21556086e+03 1.14432078e+01
2.21590942e+03 1.17725023e+01
2.21615664e+03 1.19451840e+01
2.21637549e+03 1.20382731e+01
2.21652139e+03 1.20620295e+01
2.21672894e+03 1.20348099e+01
2.21691388e+03 1.19442270e+01
2.21709883e+03 1.17874270e+01
2.21728378e+03 1.15636576e+01
2.21746873e+03 1.12751553e+01
2.21765367e+03 1.09271594e+01
2.21790027e+03 1.03848070e+01
2.21814687e+03 9.77633834e+00
2.21881462e+03 8.03392737e+00
2.21907647e+03 7.40455865e+00
2.21925103e+03 7.02285398e+00
2.21942559e+03 6.67700253e+00
2.21960015e+03 6.36959350e+00
2.21977472e+03 6.10140795e+00
2.21994928e+03 5.87168241e+00
2.22012322e+03 5.67907269e+00
2.22029653e+03 5.52043581e+00
2.22046985e+03 5.39182471e+00
2.22064317e+03 5.28990099e+00
2.22081648e+03 5.21140904e+00
2.22107646e+03 5.13105212e+00
2.22133643e+03 5.08756889e+00
2.22163461e+03 5.07281271e+00
2.22205765e+03 5.09538960e+00
2.22328055e+03 5.23874900e+00
2.22361117e+03 5.29578718e+00
2.22388728e+03 5.37174871e+00
2.22410889e+03 5.46156794e+00
2.22433049e+03 5.58349082e+00
2.22455209e+03 5.74055351e+00
2.22477369e+03 5.93194054e+00
2.22510609e+03 6.27068308e+00
2.22567883e+03 6.89372456e+00
2.22593790e+03 7.13211659e+00
2.22613221e+03 7.27143489e+00
2.22632652e+03 7.36754518e+00
2.22652083e+03 7.41462244e+00
2.22658560e+03 7.41881720e+00
2.22679602e+03 7.39218370e+00
2.22700645e+03 7.30552043e+00
2.22721687e+03 7.16376854e+00
2.22742729e+03 6.97476641e+00
2.22770786e+03 6.66635488e+00
2.22812871e+03 6.13471247e+00
2.22854956e+03 5.59095878e+00
2.22883012e+03 5.25239889e+00
2.22907932e+03 4.97921227e+00
2.22932851e+03 4.73687184e+00
2.22957770e+03 4.52745149e+00
2.22982690e+03 4.35096123e+00
2.23007609e+03 4.20585040e+00
2.23032528e+03 4.08945096e+00
2.23057448e+03 3.99835474e+00
2.23082367e+03 3.92873827e+00
2.23115593e+03 3.86249194e+00
2.23148818e+03 3.81837630e+00
2.23207575e+03 3.77082288e+00
2.23344675e+03 3.68105824e+00
2.23403432e+03 3.64347548e+00
2.23442604e+03 3.63516319e+00
2.23472912e+03 3.64532421e+00
2.23505082e+03 3.67570033e+00
2.23537252e+03 3.72710498e+00
2.23569421e+03 3.79795686e+00
2.23612314e+03 3.91840043e+00
2.23655207e+03 4.06756576e+00
2.23687377e+03 4.20359940e+00
2.23719546e+03 4.36856988e+00
2.23751716e+03 4.56978367e+00
2.23783886e+03 4.80966977e+00
2.23805332e+03 4.98832773e+00
2.23873215e+03 5.58728693e+00
2.23895843e+03 5.76851611e+00
2.23918471e+03 5.92469374e+00
2.23941098e+03 6.04829777e+00
2.23963726e+03 6.13451845e+00
2.23986353e+03 6.18170377e+00
2.24008107e+03 6.19156177e+00
2.24029860e+03 6.17008438e+00
2.24062491e+03 6.08980960e+00
2.24095121e+03 5.96758710e+00
2.24138628e+03 5.76466775e+00
2.24258272e+03 5.12446244e+00
2.24290902e+03 4.97493033e+00
2.24312656e+03 4.89804114e+00
2.24334409e+03 4.84631457e+00
2.24358552e+03 4.82384877e+00
2.24360409e+03 4.82374580e+00
2.24375818e+03 4.83195394e+00
2.24399206e+03 4.87413172e+00
2.24422595e+03 4.94690664e+00
2.24481066e+03 5.18497651e+00
2.24504455e+03 5.26014246e+00
2.24521997e+03 5.29286777e+00
2.24533691e+03 5.29980184e+00
2.24551232e+03 5.28395951e+00
2.24567261e+03 5.23905267e+00
2.24583289e+03 5.16333246e+00
2.24599318e+03 5.05651658e+00
2.24615346e+03 4.91972171e+00
2.24631375e+03 4.75538990e+00
2.24647403e+03 4.56715282e+00
2.24668775e+03 4.28708571e+00
2.24732366e+03 3.38369093e+00
2.24752692e+03 3.11652564e+00
2.24767937e+03 2.93519035e+00
2.24783182e+03 2.77464103e+00
2.24793345e+03 2.68085815e+00
2.24806995e+03 2.57330322e+00
2.24817457e+03 2.50611515e+00
2.24827918e+03 2.45281224e+00
2.24838379e+03 2.41383280e+00
2.24848841e+03 2.38946336e+00
2.24859302e+03 2.37983992e+00
2.24869945e+03 2.38517005e+00
2.24880588e+03 2.40558749e+00
2.24891232e+03 2.44077908e+00
2.24901875e+03 2.49028842e+00
2.24912518e+03 2.55352541e+00
2.24923161e+03 2.62977229e+00
2.24933804e+03 2.71819554e+00
2.24944447e+03 2.81785707e+00
2.24957700e+03 2.95609396e+00
2.24970952e+03 3.10800067e+00
2.24990830e+03 3.35645187e+00
2.25017335e+03 3.71356059e+00
2.25063437e+03 4.35285204e+00
2.25089379e+03 4.69510738e+00
2.25115322e+03 5.00943837e+00
2.25141264e+03 5.28808385e+00
2.25167206e+03 5.52710108e+00
2.25193149e+03 5.72596722e+00
2.25219091e+03 5.88685456e+00
2.25245034e+03 6.01376360e+00
2.25271069e+03 6.11195926e+00
2.25310261e+03 6.21608036e+00
2.25349454e+03 6.28153888e+00
2.25388646e+03 6.31996818e+00
2.25453967e+03 6.34133316e+00
2.25500056e+03 6.32957034e+00
2.25566106e+03 6.27541716e+00
2.25632156e+03 6.17890613e+00
2.25731230e+03 5.97558026e+00
2.25863330e+03 5.68871796e+00
2.25929380e+03 5.57893738e+00
2.25995430e+03 5.50806997e+00
2.26054531e+03 5.47874696e+00
2.26389687e+03 5.50486010e+00
2.26438371e+03 5.47667019e+00
2.26487055e+03 5.42106698e+00
2.26535738e+03 5.33495979e+00
2.26584422e+03 5.21914643e+00
2.26649334e+03 5.02639530e+00
2.26811612e+03 4.46595425e+00
2.26860296e+03 4.31228084e+00
2.26908980e+03 4.18398552e+00
2.26954597e+03 4.09648173e+00
2.26985008e+03 4.05954202e+00
2.27015419e+03 4.04159676e+00
2.27030625e+03 4.04005840e+00
2.27066422e+03 4.05633331e+00
2.27102219e+03 4.10017503e+00
2.27138016e+03 4.17013793e+00
2.27173814e+03 4.26380836e+00
2.27209611e+03 4.37804388e+00
2.27263306e+03 4.57998479e+00
2.27317002e+03 4.80745161e+00
2.27531785e+03 5.78706550e+00
2.27603379e+03 6.08857781e+00
2.27665661e+03 6.32156916e+00
2.27727942e+03 6.51883375e+00
2.27790223e+03 6.67299408e+00
2.27852505e+03 6.77732475e+00
2.27914786e+03 6.82750911e+00
2.27935547e+03 6.83221103e+00
2.28002871e+03 6.81013055e+00
2.28070196e+03 6.74259121e+00
2.28115079e+03 6.68085421e+00
2.28294612e+03 6.38193652e+00
2.28653678e+03 5.73701963e+00
2.28792115e+03 5.46756880e+00
2.28895943e+03 5.22972500e+00
2.28999771e+03 4.94840756e+00
2.29172818e+03 4.43218893e+00
2.29235820e+03 4.25939713e+00
2.29292606e+03 4.12958216e+00
2.29335195e+03 4.05491225e+00
2.29377785e+03 4.00319209e+00
2.29420374e+03 3.97598424e+00
2.29446843e+03 3.97149688e+00
2.29483660e+03 3.98058995e+00
2.29532750e+03 4.01890978e+00
2.29581839e+03 4.08497750e+00
2.29630929e+03 4.17666865e+00
2.29680019e+03 4.29153055e+00
2.29729108e+03 4.42557824e+00
2.29860014e+03 4.82226829e+00
2.29925467e+03 4.99972758e+00
2.29978214e+03 5.11264483e+00
2.30018256e+03 5.17574753e+00
2.30058297e+03 5.21768629e+00
2.30098339e+03 5.23801624e+00
2.30118359e+03 5.24016040e+00
2.30535313e+03 4.77395352e+00
2.30587907e+03 4.79665723e+00
2.30640501e+03 4.85843518e+00
2.30675565e+03 4.91843813e+00
2.30745691e+03 5.07223326e+00
2.30815816e+03 5.25373218e+00
2.31026194e+03 5.84310849e+00
2.31119919e+03 6.08524452e+00
2.31167115e+03 6.18341940e+00
2.31214312e+03 6.25306131e+00
2.31261509e+03 6.28335144e+00
2.31267409e+03 6.28387513e+00
2.31301723e+03 6.27112268e+00
2.31334953e+03 6.23203321e+00
2.31368184e+03 6.16648959e+00
2.31418030e+03 6.02197608e+00
2.31467876e+03 5.83092570e+00
2.31517722e+03 5.60592161e+00
2.31584183e+03 5.27429328e+00
2.31750336e+03 4.40994581e+00
2.31816797e+03 4.08590724e+00
2.31878729e+03 3.81128859e+00
2.31920017e+03 3.64771104e+00
2.31961306e+03 3.50328530e+00
2.32002594e+03 3.38134899e+00
2.32033560e+03 3.30675868e+00
2.32064526e+03 3.24819745e+00
2.32095492e+03 3.20684870e+00
2.32126458e+03 3.18349456e+00
2.32147102e+03 3.17805843e+00
2.32175289e+03 3.18353586e+00
2.32203476e+03 3.20328238e+00
2.32245756e+03 3.25718109e+00
2.32288037e+03 3.33568620e+00
2.32344411e+03 3.46878573e+00
2.32428971e+03 3.70437393e+00
2.32654466e+03 4.39177767e+00
2.33049082e+03 5.61740626e+00
2.33153044e+03 5.96527194e+00
2.33257007e+03 6.34306198e+00
2.33534239e+03 7.42993857e+00
2.33603548e+03 7.67484311e+00
2.33657625e+03 7.83522438e+00
2.33711702e+03 7.95687582e+00
2.33765779e+03 8.03266304e+00
2.33819856e+03 8.06106340e+00
2.33886354e+03 8.03817837e+00
2.33952851e+03 7.96837261e+00
2.34252090e+03 7.50942048e+00
2.34318587e+03 7.43602485e+00
2.34389277e+03 7.40569055e+00
2.34880272e+03 7.95882871e+00
2.34945707e+03 7.94987264e+00
2.35043859e+03 7.87568213e+00
2.35142011e+03 7.74151253e+00
2.35305598e+03 7.48957306e+00
2.35371033e+03 7.42960122e+00
2.35403750e+03 7.41604131e+00
2.35825460e+03 7.63081291e+00
2.35880077e+03 7.58631533e+00
2.35934693e+03 7.48571521e+00
2.35989310e+03 7.32686079e+00
2.36043926e+03 7.11681102e+00
2.36116748e+03 6.77961166e+00
2.36225981e+03 6.21447475e+00
2.36408036e+03 5.25066335e+00
2.36494315e+03 4.82375852e+00
2.36551835e+03 4.56146728e+00
2.36609355e+03 4.31939165e+00
2.36666875e+03 4.09682693e+00
2.36724394e+03 3.89223273e+00
2.36781914e+03 3.70597130e+00
2.36839434e+03 3.54232970e+00
2.36868194e+03 3.47130625e+00
2.36915792e+03 3.37305485e+00
2.36951492e+03 3.31697871e+00
2.36987191e+03 3.27670692e+00
2.37034789e+03 3.24646876e+00
2.37058589e+03 3.24018771e+00
2.37490965e+03 3.33025519e+00
2.37608886e+03 3.38055523e+00
2.37745376e+03 3.46614545e+00
2.37861128e+03 3.56121767e+00
2.37976880e+03 3.66964250e+00
2.38063694e+03 3.73654874e+00
2.38121570e+03 3.75894837e+00
2.38150508e+03 3.76062182e+00
2.38196902e+03 3.74861133e+00
2.38243297e+03 3.71904967e+00
2.38305156e+03 3.65730183e+00
2.38459804e+03 3.46037641e+00
2.38521663e+03 3.39461481e+00
2.38583522e+03 3.34973351e+00
2.38645381e+03 3.32914056e+00
2.38670199e+03 3.32742836e+00
2.38717580e+03 3.33306351e+00
2.38789778e+03 3.35859342e+00
2.39114671e+03 3.53457076e+00
2.39222969e+03 3.57346896e+00
2.39410876e+03 3.62430031e+00
2.39473512e+03 3.66559961e+00
2.39536148e+03 3.73612820e+00
2.39598784e+03 3.83980198e+00
2.39661420e+03 3.97380335e+00
2.39724055e+03 4.13093642e+00
2.39849327e+03 4.48061462e+00
2.40240053e+03 5.61605179e+00
2.40344743e+03 5.88929864e+00
2.40414537e+03 6.03495519e+00
2.40473970e+03 6.12210390e+00
2.40523042e+03 6.16372559e+00
2.40547578e+03 6.17422320e+00
2.41075471e+03 5.88846032e+00
2.41585941e+03 6.16496692e+00
2.41594607e+03 6.16535338e+00
2.41646600e+03 6.15575056e+00
2.41715925e+03 6.11357123e+00
2.41854575e+03 5.97540111e+00
2.41993225e+03 5.83298010e+00
2.42062550e+03 5.78300233e+00
2.42131875e+03 5.76449246e+00
2.42189810e+03 5.78005120e+00
2.42247744e+03 5.82503236e+00
2.42324990e+03 5.92395889e+00
2.42440859e+03 6.12539809e+00
2.42711221e+03 6.65900283e+00
2.42787439e+03 6.78135538e+00
2.42843832e+03 6.84052993e+00
2.42900225e+03 6.86256459e+00
2.42965978e+03 6.83756368e+00
2.43031731e+03 6.76534324e+00
2.43130361e+03 6.60325981e+00
2.43294744e+03 6.30522134e+00
2.43360497e+03 6.20736824e+00
2.43426250e+03 6.13556788e+00
2.43498613e+03 6.09511947e+00
2.43523941e+03 6.09217869e+00
2.43577869e+03 6.10783889e+00
2.43631625e+03 6.15525939e+00
2.43685381e+03 6.23478972e+00
2.43757056e+03 6.38496542e+00
2.43828730e+03 6.57180304e+00
2.44043755e+03 7.19070867e+00
2.44115430e+03 7.36197202e+00
2.44173394e+03 7.46514098e+00
2.44231358e+03 7.52897010e+00
2.44270000e+03 7.54970467e+00
2.44523125e+03 7.53423492e+00
2.44584575e+03 7.57615050e+00
2.44646025e+03 7.65724932e+00
2.44830376e+03 7.99916858e+00
2.44891826e+03 8.08921008e+00
2.44953276e+03 8.14499682e+00
2.45014727e+03 8.15783478e+00
2.45072977e+03 8.12395665e+00
2.45131227e+03 8.04149476e+00
2.45189478e+03 7.91105891e+00
2.45247728e+03 7.73848243e+00
2.45335104e+03 7.42283260e+00
2.45480730e+03 6.82794458e+00
2.45888482e+03 5.12107678e+00
2.45967626e+03 4.80596592e+00
2.46030308e+03 4.58017675e+00
2.46072095e+03 4.44857641e+00
2.46113883e+03 4.33670007e+00
2.46155671e+03 4.24768426e+00
2.46197458e+03 4.18325177e+00
2.46239246e+03 4.14328863e+00
2.46290151e+03 4.12483040e+00
2.46299269e+03 4.12463751e+00
2.46353977e+03 4.13996436e+00
2.46426920e+03 4.19395084e+00
2.46499863e+03 4.27301745e+00
2.46609278e+03 4.42308641e+00
2.46718694e+03 4.59971242e+00
2.46864580e+03 4.86307416e+00
2.46997030e+03 5.12812890e+00
2.47129479e+03 5.42779257e+00
2.47482677e+03 6.29675680e+00
2.47612717e+03 6.59504452e+00
2.47696199e+03 6.75237091e+00
2.47779680e+03 6.87551877e+00
2.47904902e+03 7.00842028e+00
2.48155347e+03 7.19800972e+00
2.48266515e+03 7.26136554e+00
2.48321889e+03 7.27290745e+00
2.48376823e+03 7.25610121e+00
2.48431318e+03 7.19640969e+00
2.48472189e+03 7.11531873e+00
2.48513060e+03 6.99971668e+00
2.48567555e+03 6.79455449e+00
2.48622050e+03 6.54592223e+00
2.48703792e+03 6.15072639e+00
2.48758287e+03 5.91416989e+00
2.48801090e+03 5.75950168e+00
2.48847759e+03 5.62745767e+00
2.48894428e+03 5.53286581e+00
2.48941096e+03 5.47134964e+00
2.48972209e+03 5.44606557e+00
2.49034434e+03 5.42750367e+00
2.49085991e+03 5.44107625e+00
2.49137549e+03 5.47947119e+00
2.49206292e+03 5.56719464e+00
2.49275035e+03 5.68940408e+00
2.49446893e+03 6.04901296e+00
2.49515637e+03 6.16794791e+00
2.49584380e+03 6.24566472e+00
2.49648379e+03 6.27262066e+00
2.49705460e+03 6.26060620e+00
2.49762541e+03 6.22047856e+00
2.49876704e+03 6.08811398e+00
2.50219192e+03 5.59228824e+00
2.50296429e+03 5.50411986e+00
2.50374794e+03 5.45186020e+00
2.50434363e+03 5.43976458e+00
2.50536291e+03 5.46203340e+00
2.50740148e+03 5.57386092e+00
2.51218102e+03 5.85986015e+00
2.51331941e+03 5.90285464e+00
2.51369887e+03 5.90486266e+00
2.51444168e+03 5.87968261e+00
2.51499880e+03 5.83071999e+00
2.51555591e+03 5.75480925e+00
2.51629873e+03 5.61702936e+00
2.51741295e+03 5.36031333e+00
2.51927000e+03 4.91110010e+00
2.52004526e+03 4.74740641e+00
2.52085296e+03 4.60481376e+00
2.52145874e+03 4.52150777e+00
2.52206452e+03 4.46395459e+00
2.52267029e+03 4.43761640e+00
2.52287222e+03 4.43638843e+00
2.52339880e+03 4.45047366e+00
2.52392538e+03 4.48555409e+00
2.52532959e+03 4.61249182e+00
2.52743590e+03 4.74578114e+00
2.52796249e+03 4.80189212e+00
2.52848906e+03 4.88404718e+00
2.52903657e+03 4.99915278e+00
2.52958407e+03 5.14046782e+00
2.53067908e+03 5.46857171e+00
2.53213909e+03 5.91779828e+00
2.53323410e+03 6.21797087e+00
2.53432910e+03 6.47353181e+00
2.53565299e+03 6.73567005e+00
2.53664590e+03 6.89789324e+00
2.53763881e+03 7.01332618e+00
2.53863172e+03 7.07476848e+00
2.53962463e+03 7.09369424e+00
2.54373606e+03 7.05273514e+00
2.54579178e+03 7.00207903e+00
2.54655372e+03 6.95323179e+00
2.54725531e+03 6.86565109e+00
2.54778151e+03 6.76168407e+00
2.54830771e+03 6.62019452e+00
2.54883390e+03 6.44270181e+00
2.54971090e+03 6.09071851e+00
2.55058789e+03 5.72887485e+00
2.55111409e+03 5.54135708e+00
2.55146489e+03 5.43914733e+00
2.55181569e+03 5.35978343e+00
2.55222834e+03 5.29912046e+00
2.55264099e+03 5.27531687e+00
2.55303225e+03 5.28583769e+00
2.55342351e+03 5.32561118e+00
2.55394518e+03 5.41655961e+00
2.55446686e+03 5.53990026e+00
2.55524938e+03 5.76179162e+00
2.55890112e+03 6.92251481e+00
2.56135932e+03 7.69358842e+00
2.56247379e+03 8.00464385e+00
2.56358825e+03 8.27477459e+00
2.56507420e+03 8.57663867e+00
2.56618867e+03 8.75380921e+00
2.56722920e+03 8.86105531e+00
2.56782432e+03 8.88243793e+00
2.56850887e+03 8.85464925e+00
2.56908936e+03 8.77780152e+00
2.56966985e+03 8.64821240e+00
2.57025034e+03 8.46756802e+00
2.57083083e+03 8.24256802e+00
2.57160482e+03 7.89151577e+00
2.57315279e+03 7.10700125e+00
2.57431377e+03 6.52068126e+00
2.57489783e+03 6.25818809e+00
2.57533587e+03 6.09138464e+00
2.57577391e+03 5.96067325e+00
2.57621196e+03 5.87367306e+00
2.57665000e+03 5.83410810e+00
2.57677676e+03 5.83140528e+00
2.57715703e+03 5.84489663e+00
2.57766406e+03 5.90449970e+00
2.57918516e+03 6.18197500e+00
2.57969219e+03 6.25132133e+00
2.58019922e+03 6.29469528e+00
2.58070625e+03 6.31143792e+00
2.58137834e+03 6.29673596e+00
2.58205043e+03 6.24789418e+00
2.58305856e+03 6.13011584e+00
2.58406669e+03 5.97873236e+00
2.58507483e+03 5.79582356e+00
2.58574692e+03 5.64492231e+00
2.58639194e+03 5.46830971e+00
2.58700989e+03 5.26501057e+00
2.58762784e+03 5.02901438e+00
2.58855476e+03 4.63026045e+00
2.58979066e+03 4.08117398e+00
2.59040861e+03 3.83178455e+00
2.59087208e+03 3.66708141e+00
2.59126731e+03 3.54510126e+00
2.59174880e+03 3.42105955e+00
2.59223029e+03 3.32330679e+00
2.59271178e+03 3.24905242e+00
2.59319327e+03 3.19452156e+00
2.59367476e+03 3.15621665e+00
2.59415625e+03 3.13185366e+00
2.59463774e+03 3.12081625e+00
2.59487848e+03 3.12051775e+00
2.59541575e+03 3.13357377e+00
2.59595302e+03 3.16745793e+00
2.59649028e+03 3.22427779e+00
2.59702755e+03 3.30590666e+00
2.59743050e+03 3.38450290e+00
2.59783345e+03 3.47884311e+00
2.59823641e+03 3.58957209e+00
2.59863936e+03 3.71698328e+00
2.59917662e+03 3.91213593e+00
2.59971657e+03 4.13442584e+00
2.60052649e+03 4.50504328e+00
2.60268628e+03 5.56404737e+00
2.60349620e+03 5.92916668e+00
2.60408519e+03 6.16223047e+00
2.60467418e+03 6.35967137e+00
2.60526316e+03 6.51898401e+00
2.60585214e+03 6.64315116e+00
2.60663746e+03 6.76670036e+00
2.60781543e+03 6.90021974e+00
2.60899340e+03 6.99812126e+00
2.61002898e+03 7.03991186e+00
2.61027924e+03 7.04056450e+00
2.61110726e+03 7.01128618e+00
2.61193528e+03 6.93690171e+00
2.61317731e+03 6.76963854e+00
2.61690340e+03 6.18738963e+00
2.61813701e+03 6.02419264e+00
2.61937062e+03 5.89081857e+00
2.62430505e+03 5.45957043e+00
2.62900667e+03 5.06851655e+00
2.63012388e+03 4.99588694e+00
2.63096178e+03 4.96908927e+00
2.63124108e+03 4.96833225e+00
2.63195999e+03 4.98910704e+00
2.63267890e+03 5.04273115e+00
2.63375727e+03 5.16942968e+00
2.63591400e+03 5.46225851e+00
2.63699237e+03 5.57550583e+00
2.63784501e+03 5.63076430e+00
2.63848450e+03 5.64496874e+00
2.63906080e+03 5.63260178e+00
2.63960552e+03 5.59523478e+00
2.64015023e+03 5.53074112e+00
2.64087651e+03 5.40396417e+00
2.64160280e+03 5.24023902e+00
2.64378166e+03 4.67372950e+00
2.64450794e+03 4.50147463e+00
2.64531447e+03 4.33706788e+00
2.64612100e+03 4.20175676e+00
2.64692752e+03 4.08916174e+00
2.64854058e+03 3.89711586e+00
2.65096016e+03 3.63489377e+00
2.65188285e+03 3.54908346e+00
2.65280554e+03 3.48300009e+00
2.65372824e+03 3.44302570e+00
2.65465093e+03 3.42931443e+00
2.65545665e+03 3.43509796e+00
2.65626237e+03 3.45776233e+00
2.65686665e+03 3.49116908e+00
2.65747094e+03 3.54565531e+00
2.65807523e+03 3.62742517e+00
2.65867952e+03 3.73998066e+00
2.65928381e+03 3.88261020e+00
2.65988810e+03 4.05040219e+00
2.66069382e+03 4.30047284e+00
2.66391084e+03 5.36907391e+00
2.66461438e+03 5.58212751e+00
2.66531792e+03 5.76189820e+00
2.66584557e+03 5.86212451e+00
2.66637323e+03 5.92397601e+00
2.66681838e+03 5.94298938e+00
2.66736993e+03 5.92449945e+00
2.66792148e+03 5.86443452e+00
2.66865688e+03 5.73514113e+00
2.66975997e+03 5.48229084e+00
2.67233387e+03 4.84921112e+00
2.67300031e+03 4.70497888e+00
2.67359781e+03 4.59889940e+00
2.67419531e+03 4.52345619e+00
2.67479281e+03 4.48271234e+00
2.67509155e+03 4.47482310e+00
2.67862402e+03 4.58362998e+00
2.67942740e+03 4.56565401e+00
2.68023077e+03 4.52272167e+00
2.68290869e+03 4.31602979e+00
2.68793714e+03 3.90566557e+00
2.68942468e+03 3.76963778e+00
2.69091223e+03 3.61039995e+00
2.69386186e+03 3.24714769e+00
2.69637593e+03 2.93227198e+00
2.69709423e+03 2.85118058e+00
2.69781254e+03 2.78456154e+00
2.69835126e+03 2.75094772e+00
2.69888999e+03 2.73631592e+00
2.69902234e+03 2.73584953e+00
2.69942117e+03 2.74141309e+00
2.70022063e+03 2.77570716e+00
2.70181954e+03 2.87023407e+00
2.70261900e+03 2.90796816e+00
2.70341846e+03 2.92699688e+00
2.70532091e+03 2.93643037e+00
2.70600349e+03 2.95082080e+00
2.70668606e+03 2.97767694e+00
2.70770993e+03 3.03861596e+00
2.70975767e+03 3.19219435e+00
2.71590088e+03 3.67478453e+00
2.71756722e+03 3.79382577e+00
2.71881697e+03 3.86273072e+00
2.72256622e+03 3.99427732e+00
2.72337341e+03 4.04721165e+00
2.72391153e+03 4.10224577e+00
2.72444965e+03 4.17794665e+00
2.72498777e+03 4.27631706e+00
2.72552589e+03 4.39678816e+00
2.72633308e+03 4.61189787e+00
2.72740932e+03 4.93844563e+00
2.73063805e+03 5.97574096e+00
2.73153384e+03 6.24659302e+00
2.73224917e+03 6.43546699e+00
2.73296450e+03 6.58323237e+00
2.73332217e+03 6.63749225e+00
2.73403750e+03 6.70504853e+00
2.73623125e+03 6.75633546e+00
2.73715938e+03 6.82463135e+00
2.73808750e+03 6.94683465e+00
2.73963438e+03 7.17690960e+00
2.74056250e+03 7.26653238e+00
2.74118125e+03 7.28959021e+00
2.74191377e+03 7.27524156e+00
2.74264629e+03 7.21570986e+00
2.74337881e+03 7.11386880e+00
2.74411133e+03 6.97837610e+00
2.74594263e+03 6.60327223e+00
2.74667515e+03 6.48638100e+00
2.74745053e+03 6.39837310e+00
2.74826879e+03 6.33992298e+00
2.74949617e+03 6.29583727e+00
2.75031442e+03 6.28978676e+00
2.75121770e+03 6.30876307e+00
2.75212098e+03 6.35912136e+00
2.75347590e+03 6.48553033e+00
2.75573410e+03 6.76016077e+00
2.75754066e+03 7.00995139e+00
2.75970533e+03 7.34854571e+00
2.76035473e+03 7.42188953e+00
2.76100414e+03 7.44469906e+00
2.76142679e+03 7.42105736e+00
2.76184944e+03 7.36335144e+00
2.76248342e+03 7.21763034e+00
2.76438535e+03 6.62114280e+00
2.76501933e+03 6.46539952e+00
2.76565330e+03 6.34775986e+00
2.76649861e+03 6.23486340e+00
2.76776656e+03 6.11070048e+00
2.77542174e+03 5.44336862e+00
2.77676087e+03 5.34866761e+00
2.77765362e+03 5.31214209e+00
2.77810000e+03 5.30528325e+00
2.77885000e+03 5.31180048e+00
2.77960000e+03 5.33827192e+00
2.78260000e+03 5.51333580e+00
2.78410000e+03 5.57362782e+00
2.79216328e+03 5.66595089e+00
2.79230684e+03 5.66617469e+00
2.79313024e+03 5.65487713e+00
2.79391571e+03 5.61281606e+00
2.79470118e+03 5.53156220e+00
2.79548665e+03 5.41286809e+00
2.79666485e+03 5.18805754e+00
2.79902126e+03 4.69921049e+00
2.80007172e+03 4.51246239e+00
2.80077201e+03 4.41263046e+00
2.80147231e+03 4.33434599e+00
2.80252276e+03 4.25138659e+00
2.80357321e+03 4.19645653e+00
2.80462366e+03 4.16700069e+00
2.80482374e+03 4.16598377e+00
2.80538341e+03 4.17552864e+00
2.80592278e+03 4.20713767e+00
2.80646215e+03 4.26574458e+00
2.80700152e+03 4.35267698e+00
2.80754089e+03 4.46397892e+00
2.80897921e+03 4.80296119e+00
2.80969838e+03 4.94678778e+00
2.81041754e+03 5.05608704e+00
2.81112946e+03 5.13501547e+00
2.81218651e+03 5.21783389e+00
2.81289120e+03 5.25290747e+00
2.81359589e+03 5.26215772e+00
2.81414847e+03 5.24299319e+00
2.81470105e+03 5.19613353e+00
2.81506943e+03 5.14936265e+00
2.81580620e+03 5.02340913e+00
2.81654297e+03 4.86635075e+00
2.81875327e+03 4.34238931e+00
2.81980619e+03 4.12023018e+00
2.82075464e+03 3.95595032e+00
2.82170309e+03 3.82508730e+00
2.82265154e+03 3.72367854e+00
2.82328384e+03 3.67360709e+00
2.82391614e+03 3.64044141e+00
2.82454844e+03 3.62645841e+00
2.82526685e+03 3.63468630e+00
2.82598527e+03 3.66702774e+00
2.82670368e+03 3.72075677e+00
2.82742210e+03 3.79361106e+00
2.82814051e+03 3.88417407e+00
2.82885892e+03 3.99070243e+00
2.83029575e+03 4.23554390e+00
2.83261915e+03 4.65687857e+00
2.83378085e+03 4.85275442e+00
2.83494255e+03 5.02372933e+00
2.83610425e+03 5.16407651e+00
2.83703442e+03 5.24680937e+00
2.83784884e+03 5.29088524e+00
2.83866326e+03 5.30760656e+00
2.83981199e+03 5.29618541e+00
2.84172655e+03 5.23270188e+00
2.84287529e+03 5.16568795e+00
2.84364111e+03 5.09583289e+00
2.84440693e+03 5.00189691e+00
2.84698931e+03 4.60691466e+00
2.84772246e+03 4.52221179e+00
2.84821123e+03 4.48684921e+00
2.84878828e+03 4.47167958e+00
2.84940624e+03 4.48882387e+00
2.84993592e+03 4.52887183e+00
2.85046560e+03 4.58807282e+00
2.85152495e+03 4.74452573e+00
2.85434990e+03 5.23051761e+00
2.85631640e+03 5.58757481e+00
2.85749629e+03 5.82791724e+00
2.85867618e+03 6.10502926e+00
2.86064268e+03 6.60082161e+00
2.86144690e+03 6.76184490e+00
2.86198304e+03 6.83451922e+00
2.86251919e+03 6.87224707e+00
2.86278726e+03 6.87731387e+00
2.86332459e+03 6.86100057e+00
2.86386191e+03 6.81394387e+00
2.86457834e+03 6.71641758e+00
2.86565299e+03 6.53023806e+00
2.86744408e+03 6.20233121e+00
2.86851873e+03 6.04338814e+00
2.86927811e+03 5.96824261e+00
2.87003750e+03 5.92903910e+00
2.87785000e+03 5.96595918e+00
2.87862883e+03 5.92032725e+00
2.87940767e+03 5.82959098e+00
2.88018650e+03 5.69405307e+00
2.88096533e+03 5.52267997e+00
2.88252300e+03 5.12780261e+00
2.88408066e+03 4.72793503e+00
2.88491453e+03 4.53573190e+00
2.88574839e+03 4.37279293e+00
2.88658225e+03 4.24323980e+00
2.88741611e+03 4.14276189e+00
2.88866691e+03 4.02552680e+00
2.89075156e+03 3.86213593e+00
2.89175274e+03 3.79711482e+00
2.89275391e+03 3.74842468e+00
2.89375508e+03 3.71990667e+00
2.89450596e+03 3.71354696e+00
2.89532197e+03 3.72344852e+00
2.89617056e+03 3.75478594e+00
2.89701914e+03 3.80802029e+00
2.89815059e+03 3.90595571e+00
2.90380781e+03 4.49186672e+00
2.90494819e+03 4.58608751e+00
2.90551838e+03 4.61438712e+00
2.90608858e+03 4.62157320e+00
2.90670369e+03 4.59978753e+00
2.90731881e+03 4.54685374e+00
2.90824149e+03 4.42640983e+00
2.90916417e+03 4.29710940e+00
2.90977929e+03 4.22860605e+00
2.91039440e+03 4.18580949e+00
2.91100952e+03 4.17424180e+00
2.91157083e+03 4.19354224e+00
2.91213215e+03 4.24255578e+00
2.91269346e+03 4.32102300e+00
2.91325477e+03 4.42676920e+00
2.91381609e+03 4.55567322e+00
2.91437740e+03 4.70225464e+00
2.91550002e+03 5.02725918e+00
2.91999053e+03 6.42098835e+00
2.92321089e+03 7.46621592e+00
2.92392653e+03 7.67130996e+00
2.92464217e+03 7.82997850e+00
2.92517890e+03 7.90551047e+00
2.92580564e+03 7.93814588e+00
2.92643578e+03 7.91033872e+00
2.92715593e+03 7.81500533e+00
2.92787609e+03 7.67166664e+00
2.92931639e+03 7.31568878e+00
2.93723809e+03 5.20985884e+00
2.93825457e+03 4.95818877e+00
2.93927105e+03 4.73072006e+00
2.94028753e+03 4.53294679e+00
2.94130402e+03 4.36040100e+00
2.94435347e+03 3.89998932e+00
2.94621546e+03 3.63483297e+00
2.94706096e+03 3.53229677e+00
2.94769509e+03 3.47393852e+00
2.94832922e+03 3.43957347e+00
2.94875198e+03 3.43282175e+00
2.94929430e+03 3.44446128e+00
2.94983662e+03 3.47811432e+00
2.95019816e+03 3.51141930e+00
2.95092126e+03 3.59855827e+00
2.95164435e+03 3.70389049e+00
2.95381363e+03 4.04192025e+00
2.95453672e+03 4.13651635e+00
2.95510005e+03 4.19167946e+00
2.95566339e+03 4.22333323e+00
2.95603894e+03 4.22863919e+00
2.95662972e+03 4.20918239e+00
2.95722051e+03 4.15662556e+00
2.95781129e+03 4.07570770e+00
2.95840207e+03 3.97379704e+00
2.96037135e+03 3.58097452e+00
2.96115906e+03 3.43915921e+00
2.96174984e+03 3.35105519e+00
2.96234062e+03 3.28289200e+00
2.96298078e+03 3.23301286e+00
2.96362093e+03 3.20666958e+00
2.96404770e+03 3.20063758e+00
2.96483627e+03 3.21025907e+00
2.96562484e+03 3.24432522e+00
2.96641340e+03 3.30294147e+00
2.96720197e+03 3.38574968e+00
2.96799054e+03 3.48804565e+00
2.97035625e+03 3.83091797e+00
2.97139927e+03 3.95965689e+00
2.97244228e+03 4.05955132e+00
2.97348529e+03 4.13486373e+00
2.97452831e+03 4.18961142e+00
2.97557132e+03 4.21680495e+00
2.97591899e+03 4.21781091e+00
2.97673533e+03 4.20418761e+00
2.97918431e+03 4.11431861e+00
2.98027275e+03 4.09904961e+00
2.98255688e+03 4.11252226e+00
2.98484101e+03 4.14821076e+00
2.98636376e+03 4.19698564e+00
2.98818909e+03 4.28231297e+00
2.99524196e+03 4.67420441e+00
2.99642461e+03 4.75392187e+00
2.99721304e+03 4.82432440e+00
2.99800148e+03 4.91677402e+00
2.99878991e+03 5.03439406e+00
2.99997256e+03 5.25311430e+00
3.00380490e+03 6.07029135e+00
3.00533783e+03 6.36317432e+00
3.00643424e+03 6.53790824e+00
3.00742408e+03 6.65385543e+00
3.00808397e+03 6.70038561e+00
3.00874386e+03 6.71848197e+00
3.00968543e+03 6.69668954e+00
3.01062699e+03 6.63032680e+00
3.01203933e+03 6.47619772e+00
3.01345168e+03 6.27273681e+00
3.01533480e+03 5.94432325e+00
3.01840341e+03 5.39115248e+00
3.01946694e+03 5.23254098e+00
3.02017595e+03 5.15419377e+00
3.02088497e+03 5.10287673e+00
3.02159398e+03 5.07784210e+00
3.02194849e+03 5.07373814e+00
3.02307609e+03 5.08627098e+00
3.02495541e+03 5.14811801e+00
3.02608301e+03 5.20589676e+00
3.02683474e+03 5.26586099e+00
3.02758647e+03 5.35413068e+00
3.02832788e+03 5.47397368e+00
3.02942453e+03 5.70057305e+00
3.03088673e+03 6.01932591e+00
3.03161783e+03 6.15093328e+00
3.03234893e+03 6.25191507e+00
3.03308003e+03 6.32124225e+00
3.03399170e+03 6.36486258e+00
3.03435283e+03 6.36859351e+00
3.03490276e+03 6.35810212e+00
3.03564149e+03 6.31071738e+00
3.03638022e+03 6.22454288e+00
3.03711895e+03 6.10473452e+00
3.03822705e+03 5.88291204e+00
3.04083951e+03 5.31137304e+00
3.04202833e+03 5.08113086e+00
3.04282087e+03 4.95470844e+00
3.04361342e+03 4.85337298e+00
3.04440596e+03 4.77461905e+00
3.04519850e+03 4.71506522e+00
3.04599105e+03 4.67529209e+00
3.04678359e+03 4.66029128e+00
3.05054997e+03 4.77121691e+00
3.05129422e+03 4.75892261e+00
3.05203847e+03 4.72166764e+00
3.05352698e+03 4.60573512e+00
3.05650398e+03 4.35271044e+00
3.05755031e+03 4.28327864e+00
3.05833506e+03 4.25950029e+00
3.05841681e+03 4.25923608e+00
3.05887589e+03 4.26754502e+00
3.05943437e+03 4.30311248e+00
3.05999285e+03 4.36946672e+00
3.06055134e+03 4.46645287e+00
3.06110982e+03 4.59067881e+00
3.06194754e+03 4.81558573e+00
3.06306451e+03 5.15625982e+00
3.06697389e+03 6.40511560e+00
3.06787037e+03 6.67508069e+00
3.06854636e+03 6.85331786e+00
3.06922235e+03 6.99032992e+00
3.06972934e+03 7.05436488e+00
3.07023633e+03 7.07850900e+00
3.07079870e+03 7.05722070e+00
3.07136107e+03 6.99170568e+00
3.07173599e+03 6.92990966e+00
3.07361056e+03 6.57024732e+00
3.07473530e+03 6.40499642e+00
3.07623496e+03 6.23886330e+00
3.08273953e+03 5.59805543e+00
3.08392812e+03 5.45410252e+00
3.08472052e+03 5.33588083e+00
3.08551292e+03 5.19476072e+00
3.08670152e+03 4.94815054e+00
3.08828631e+03 4.60802931e+00
3.08888061e+03 4.50416442e+00
3.08935396e+03 4.44409404e+00
3.08976682e+03 4.41358423e+00
3.09011088e+03 4.40597967e+00
3.09049321e+03 4.41727435e+00
3.09096350e+03 4.45803417e+00
3.09143379e+03 4.52298588e+00
3.09300142e+03 4.79550643e+00
3.09362847e+03 4.88058281e+00
3.09425552e+03 4.94076035e+00
3.09519609e+03 4.99633692e+00
3.10204128e+03 5.22550219e+00
3.10249848e+03 5.22938973e+00
3.10305578e+03 5.22038042e+00
3.10366313e+03 5.18890117e+00
3.10427048e+03 5.13254324e+00
3.10508029e+03 5.02103995e+00
3.10589009e+03 4.87777159e+00
3.10831950e+03 4.38537515e+00
3.10912930e+03 4.23557200e+00
3.10981157e+03 4.12583259e+00
3.11049385e+03 4.03362432e+00
3.11151726e+03 3.92652861e+00
3.11254068e+03 3.84979681e+00
3.11356409e+03 3.80100594e+00
3.11441693e+03 3.78716126e+00
3.11524888e+03 3.80229034e+00
3.11591025e+03 3.83470568e+00
3.11690232e+03 3.91086824e+00
3.11855576e+03 4.07632084e+00
3.12384678e+03 4.65122751e+00
3.12605166e+03 4.90646633e+00
3.12737486e+03 5.08611072e+00
3.12825698e+03 5.22887537e+00
3.12958018e+03 5.47777609e+00
3.13222656e+03 6.01213333e+00
3.13325638e+03 6.19508114e+00
3.13428620e+03 6.33641948e+00
3.13505856e+03 6.40722132e+00
3.13595965e+03 6.44705205e+00
3.13621711e+03 6.44883975e+00
3.13669688e+03 6.43860026e+00
3.13739896e+03 6.38500810e+00
3.13792552e+03 6.30758390e+00
3.13845208e+03 6.19295657e+00
3.13897865e+03 6.03975830e+00
3.13950521e+03 5.85158256e+00
3.14020729e+03 5.56224699e+00
3.14126042e+03 5.11280735e+00
3.14178698e+03 4.91328928e+00
3.14230866e+03 4.74763770e+00
3.14282790e+03 4.62009193e+00
3.14334714e+03 4.53013872e+00
3.14386639e+03 4.47370705e+00
3.14438563e+03 4.44410382e+00
3.14496517e+03 4.43374981e+00
3.14566530e+03 4.44109546e+00
3.14706558e+03 4.48571984e+00
3.14846585e+03 4.55662448e+00
3.14939937e+03 4.62688016e+00
3.15173316e+03 4.86260443e+00
3.15251959e+03 4.92435524e+00
3.15315894e+03 4.94794166e+00
3.15347861e+03 4.94817976e+00
3.15413140e+03 4.92281132e+00
3.15478418e+03 4.86449423e+00
3.15565455e+03 4.74722981e+00
3.15826568e+03 4.31269893e+00
3.15957124e+03 4.12160645e+00
3.16044161e+03 4.01069123e+00
3.16523916e+03 3.46708968e+00
3.17003671e+03 2.94065700e+00
3.17126044e+03 2.82287982e+00
3.17187231e+03 2.77681273e+00
3.17248418e+03 2.74486915e+00
3.17309604e+03 2.73087805e+00
3.17330000e+03 2.73063392e+00
3.17386082e+03 2.74157330e+00
3.17442164e+03 2.76863731e+00
3.17516939e+03 2.82570856e+00
3.17591715e+03 2.90032127e+00
3.17703879e+03 3.03380940e+00
3.17816042e+03 3.18908934e+00
3.17928206e+03 3.36882504e+00
3.18060536e+03 3.60942010e+00
3.18457527e+03 4.39258598e+00
3.18920683e+03 5.31626913e+00
3.19055068e+03 5.56128918e+00
3.19123288e+03 5.65998568e+00
3.19191507e+03 5.72606202e+00
3.19242672e+03 5.74712969e+00
3.19259727e+03 5.74806931e+00
3.19321463e+03 5.72573108e+00
3.19383199e+03 5.66692629e+00
3.19424357e+03 5.61222320e+00
3.19671302e+03 5.21926285e+00
3.19835932e+03 5.00103783e+00
3.20878590e+03 3.76301328e+00
3.21060488e+03 3.55566981e+00
3.21149902e+03 3.46609323e+00
3.21239316e+03 3.39538357e+00
3.21306377e+03 3.36119129e+00
3.21373438e+03 3.34732875e+00
3.21436895e+03 3.35492939e+00
3.21500352e+03 3.38340573e+00
3.21563809e+03 3.43257003e+00
3.21627266e+03 3.50142282e+00
3.21690723e+03 3.58802180e+00
3.21754180e+03 3.68927895e+00
3.21881094e+03 3.91966747e+00
3.22388750e+03 4.91087100e+00
3.22527729e+03 5.16556908e+00
3.22666708e+03 5.39511842e+00
3.22770942e+03 5.53125884e+00
3.22840432e+03 5.59408059e+00
3.22909921e+03 5.62867232e+00
3.22944666e+03 5.63481222e+00
3.23019256e+03 5.62420760e+00
3.23131141e+03 5.55959487e+00
3.23392206e+03 5.32514707e+00
3.23466795e+03 5.28024758e+00
3.23541385e+03 5.26437865e+00
3.23628590e+03 5.28456188e+00
3.23715795e+03 5.33764434e+00
3.23890205e+03 5.49099177e+00
3.24239024e+03 5.81592738e+00
3.24367950e+03 5.90993301e+00
3.24464644e+03 5.94183542e+00
3.24480759e+03 5.94229621e+00
3.24540140e+03 5.93040739e+00
3.24626671e+03 5.87529586e+00
3.24713202e+03 5.78294480e+00
3.24842998e+03 5.60526250e+00
3.25059325e+03 5.29141793e+00
3.25189121e+03 5.13629381e+00
3.25302665e+03 5.03472238e+00
3.25491904e+03 4.91435612e+00
3.25681144e+03 4.82576603e+00
3.25794688e+03 4.79863570e+00
3.25815078e+03 4.79778928e+00
3.25874964e+03 4.80520462e+00
3.25953955e+03 4.84156435e+00
3.26032947e+03 4.91060123e+00
3.26111938e+03 5.00857934e+00
3.26269920e+03 5.23772704e+00
3.26348911e+03 5.33043013e+00
3.26427902e+03 5.38572776e+00
3.26477968e+03 5.39802339e+00
3.26561208e+03 5.38172819e+00
3.26644447e+03 5.32977611e+00
3.26769307e+03 5.21492333e+00
3.27102267e+03 4.85621184e+00
3.27170298e+03 4.80540328e+00
3.27223120e+03 4.78564071e+00
3.27249531e+03 4.78358781e+00
3.27308540e+03 4.79882421e+00
3.27367549e+03 4.84003215e+00
3.27456061e+03 4.94063899e+00
3.27603583e+03 5.16506018e+00
3.28075652e+03 5.96152139e+00
3.28222417e+03 6.19263623e+00
3.28308663e+03 6.29643419e+00
3.28366160e+03 6.33883947e+00
3.28423657e+03 6.35110539e+00
3.28475172e+03 6.33206728e+00
3.28526687e+03 6.28339628e+00
3.28595373e+03 6.17630929e+00
3.28698403e+03 5.95373323e+00
3.28801432e+03 5.71813327e+00
3.28870119e+03 5.59480833e+00
3.28921634e+03 5.53791067e+00
3.28973148e+03 5.52081967e+00
3.29013814e+03 5.53868710e+00
3.29054480e+03 5.58485383e+00
3.29081590e+03 5.63081580e+00
3.29135811e+03 5.75577707e+00
3.29190032e+03 5.91761151e+00
3.29271364e+03 6.20830596e+00
3.29406916e+03 6.75540409e+00
3.29840684e+03 8.57085120e+00
3.29925513e+03 8.89709634e+00
3.30010342e+03 9.17476492e+00
3.30073964e+03 9.32683119e+00
3.30137585e+03 9.41135096e+00
3.30180000e+03 9.42415179e+00
3.30230625e+03 9.39188209e+00
3.30281250e+03 9.31007464e+00
3.30331875e+03 9.18464292e+00
3.30382500e+03 9.02405262e+00
3.30483750e+03 8.63425499e+00
3.30736875e+03 7.53234350e+00
3.30990000e+03 6.42541556e+00
3.31102852e+03 5.95980561e+00
3.31215703e+03 5.52609629e+00
3.31290938e+03 5.25827741e+00
3.31366172e+03 5.01601068e+00
3.31422598e+03 4.86056599e+00
3.31479023e+03 4.73777738e+00
3.31516641e+03 4.67841929e+00
3.31554258e+03 4.63881188e+00
3.31601917e+03 4.61611820e+00
3.31619489e+03 4.61460253e+00
3.31672207e+03 4.62674960e+00
3.31873037e+03 4.73932127e+00
3.31960303e+03 4.75579173e+00
3.32101602e+03 4.72848546e+00
3.32242900e+03 4.69493600e+00
3.32290000e+03 4.69250979e+00
3.32371123e+03 4.70753331e+00
3.32452246e+03 4.74662669e+00
3.32614492e+03 4.86440912e+00
3.32817300e+03 5.01470077e+00
3.32898423e+03 5.05261664e+00
3.32976250e+03 5.06754307e+00
3.33261250e+03 5.03586260e+00
3.33607188e+03 5.05778209e+00
3.33721570e+03 5.02964072e+00
3.33835952e+03 4.96648245e+00
3.34140972e+03 4.74849728e+00
3.34264795e+03 4.67646251e+00
3.34359932e+03 4.64882641e+00
3.34407500e+03 4.64789117e+00
3.34794277e+03 4.75704345e+00
3.34880978e+03 4.73493287e+00
3.34967678e+03 4.67470119e+00
3.35083279e+03 4.55396734e+00
3.35372280e+03 4.19397090e+00
3.35719082e+03 3.75562273e+00
3.35834647e+03 3.62848149e+00
3.35950212e+03 3.52395020e+00
3.36065778e+03 3.44087370e+00
3.36181343e+03 3.37152513e+00
3.36643604e+03 3.11921977e+00
3.36799441e+03 3.04631770e+00
3.36916319e+03 3.00639007e+00
3.36955278e+03 2.99698405e+00
3.37266953e+03 2.95807006e+00
3.37370645e+03 2.92786870e+00
3.37578027e+03 2.83046474e+00
3.37655796e+03 2.81102596e+00
3.37681719e+03 2.81076974e+00
3.37736545e+03 2.82295525e+00
3.37791372e+03 2.85311120e+00
3.37846198e+03 2.89973816e+00
3.37901024e+03 2.95954359e+00
3.38010677e+03 3.10359330e+00
3.39326510e+03 5.01905285e+00
3.39486375e+03 5.23916958e+00
3.39586800e+03 5.35793160e+00
3.39687225e+03 5.45067415e+00
3.39787650e+03 5.51313894e+00
3.39938288e+03 5.56345500e+00
3.41042964e+03 5.73017451e+00
3.41202096e+03 5.78463481e+00
3.41321445e+03 5.85503833e+00
3.41679492e+03 6.13693607e+00
3.41767896e+03 6.17334935e+00
3.41803257e+03 6.17626570e+00
3.41880872e+03 6.15347849e+00
3.41940806e+03 6.10675774e+00
3.42030707e+03 5.99324108e+00
3.42120608e+03 5.84037585e+00
3.42300410e+03 5.48057499e+00
3.42719949e+03 4.61454712e+00
3.42843953e+03 4.37501681e+00
3.42940058e+03 4.21218380e+00
3.43036162e+03 4.07582857e+00
3.43132267e+03 3.96529574e+00
3.43292441e+03 3.81941329e+00
3.43805000e+03 3.42190741e+00
3.43962925e+03 3.32024051e+00
3.44068208e+03 3.27355759e+00
3.44173491e+03 3.24950563e+00
3.44247844e+03 3.24507285e+00
3.44399824e+03 3.25627647e+00
3.44616939e+03 3.29677525e+00
3.44747207e+03 3.33980076e+00
3.44877476e+03 3.40751950e+00
3.45036698e+03 3.52184405e+00
3.45499896e+03 3.91410930e+00
3.45847295e+03 4.20576375e+00
3.45958945e+03 4.27630969e+00
3.46042683e+03 4.30328761e+00
3.46070596e+03 4.30558955e+00
3.46521250e+03 4.13326298e+00
3.46578329e+03 4.15329491e+00
3.46635409e+03 4.19707770e+00
3.46711515e+03 4.28785608e+00
3.46939832e+03 4.64326433e+00
3.47015938e+03 4.73926553e+00
3.47092043e+03 4.80597116e+00
3.47172025e+03 4.84269848e+00
3.47234201e+03 4.85091692e+00
3.47335442e+03 4.83776861e+00
3.47861894e+03 4.65318908e+00
3.48428843e+03 4.44917806e+00
3.48557578e+03 4.42084165e+00
3.48605320e+03 4.42077408e+00
3.48687639e+03 4.44187914e+00
3.48769958e+03 4.49639423e+00
3.48852277e+03 4.58707339e+00
3.48934596e+03 4.70967220e+00
3.49044355e+03 4.90592087e+00
3.49483389e+03 5.77085732e+00
3.49591150e+03 5.96334503e+00
3.49698911e+03 6.12369838e+00
3.49806672e+03 6.23965482e+00
3.49914434e+03 6.31224665e+00
3.50076075e+03 6.37265257e+00
3.50345479e+03 6.42400402e+00
3.50398794e+03 6.42572091e+00
3.50543685e+03 6.39856897e+00
3.50688577e+03 6.31613229e+00
3.50785171e+03 6.23679761e+00
3.51531267e+03 5.50824073e+00
3.52656621e+03 4.39545757e+00
3.52795212e+03 4.27964661e+00
3.52887606e+03 4.22747931e+00
3.52956902e+03 4.20956981e+00
3.52980000e+03 4.20826406e+00
3.53046477e+03 4.21779979e+00
3.53146193e+03 4.26532559e+00
3.53245910e+03 4.34106264e+00
3.53644774e+03 4.71989465e+00
3.54098585e+03 5.15246488e+00
3.54263427e+03 5.28140650e+00
3.54373322e+03 5.33472658e+00
3.54483217e+03 5.35486999e+00
3.54618346e+03 5.34395736e+00
3.54843560e+03 5.28435678e+00
3.54978689e+03 5.22552135e+00
3.55068775e+03 5.16616149e+00
3.55158861e+03 5.08516667e+00
3.55252967e+03 4.97776665e+00
3.55400155e+03 4.77608803e+00
3.55890783e+03 4.04528293e+00
3.56024631e+03 3.85653759e+00
3.56096075e+03 3.77106880e+00
3.56167520e+03 3.70627623e+00
3.56221103e+03 3.67647771e+00
3.56274686e+03 3.66611773e+00
3.56337870e+03 3.68073515e+00
3.56401054e+03 3.72330266e+00
3.56464237e+03 3.78971747e+00
3.56527421e+03 3.87421830e+00
3.56653788e+03 4.07370095e+00
3.57285625e+03 5.14822025e+00
3.57447673e+03 5.39021570e+00
3.57609722e+03 5.58853287e+00
3.57771770e+03 5.74820501e+00
3.57893306e+03 5.83533558e+00
3.57995397e+03 5.86915043e+00
3.58013870e+03 5.87007295e+00
3.58073779e+03 5.86087046e+00
3.58156650e+03 5.81797444e+00
3.58280957e+03 5.70194062e+00
3.58612442e+03 5.30735557e+00
3.58749649e+03 5.17508735e+00
3.58912656e+03 5.05830680e+00
3.59021328e+03 5.00831341e+00
3.59130000e+03 4.98734674e+00
3.59245758e+03 5.00011582e+00
3.59361516e+03 5.04156642e+00
3.59593032e+03 5.16227053e+00
3.60056065e+03 5.43563846e+00
3.60293784e+03 5.61217899e+00
3.60531503e+03 5.80610775e+00
3.60610743e+03 5.84975847e+00
3.60689982e+03 5.86439611e+00
3.60773728e+03 5.83945205e+00
3.60857473e+03 5.77210816e+00
3.60941218e+03 5.67001868e+00
3.61024963e+03 5.54567628e+00
3.61401621e+03 4.92098699e+00
3.61526656e+03 4.73972284e+00
3.61610013e+03 4.64392880e+00
3.61693370e+03 4.57275458e+00
3.61776727e+03 4.52395294e+00
3.61860084e+03 4.49129960e+00
3.62026797e+03 4.44793549e+00
3.62591849e+03 4.32942610e+00
3.62722245e+03 4.28071851e+00
3.62847113e+03 4.20970186e+00
3.63055226e+03 4.05072312e+00
3.63221717e+03 3.92201288e+00
3.63304962e+03 3.87620757e+00
3.63367396e+03 3.85897197e+00
3.63393304e+03 3.85719425e+00
3.63470150e+03 3.87233139e+00
3.63531707e+03 3.90634790e+00
3.63613782e+03 3.97771955e+00
3.63736895e+03 4.12167490e+00
3.64065195e+03 4.56145093e+00
3.64168823e+03 4.68602815e+00
3.64272451e+03 4.78748699e+00
3.64376079e+03 4.85877686e+00
3.64479707e+03 4.90048955e+00
3.64686963e+03 4.93321902e+00
3.64842405e+03 4.93973390e+00
3.64996345e+03 4.92490155e+00
3.65098470e+03 4.89353066e+00
3.65200596e+03 4.83773983e+00
3.65302722e+03 4.75449191e+00
3.65404848e+03 4.64461121e+00
3.65711225e+03 4.24780163e+00
3.65788247e+03 4.16512391e+00
3.65865268e+03 4.10080028e+00
3.65942289e+03 4.05491405e+00
3.66019311e+03 4.02397084e+00
3.66173353e+03 3.98789154e+00
3.67559738e+03 3.80378295e+00
3.68216314e+03 3.72770554e+00
3.68303006e+03 3.73469582e+00
3.68395581e+03 3.76320114e+00
3.68465011e+03 3.80345690e+00
3.68534442e+03 3.86150744e+00
3.68627017e+03 3.96403090e+00
3.68765878e+03 4.15274107e+00
3.68997314e+03 4.48597214e+00
3.69086881e+03 4.59661040e+00
3.69176447e+03 4.68403145e+00
3.69266013e+03 4.74434911e+00
3.69355579e+03 4.77925565e+00
3.69475000e+03 4.79792167e+00
3.70159551e+03 4.78498284e+00
3.70324487e+03 4.76701681e+00
3.70489424e+03 4.72391821e+00
3.70654360e+03 4.64316422e+00
3.71479043e+03 4.10539930e+00
3.71614944e+03 4.03426915e+00
3.71750845e+03 3.98287328e+00
3.71954696e+03 3.93417811e+00
3.72294448e+03 3.87604854e+00
3.72566250e+03 3.83657675e+00
3.72700000e+03 3.83229278e+00
3.72842257e+03 3.84561254e+00
3.73269029e+03 3.93587185e+00
3.74976116e+03 4.34622290e+00
3.75117356e+03 4.40339718e+00
3.75258596e+03 4.48959858e+00
3.75352756e+03 4.56274188e+00
3.75729397e+03 4.88366594e+00
3.75866280e+03 4.97025374e+00
3.76003163e+03 5.01992200e+00
3.76459438e+03 5.08208469e+00
3.76631539e+03 5.13818971e+00
3.77213994e+03 5.42424830e+00
3.77346299e+03 5.46043706e+00
3.77412451e+03 5.46611338e+00
3.77548628e+03 5.45324946e+00
3.77775588e+03 5.39105355e+00
3.78865000e+03 5.05382915e+00
3.79617500e+03 4.94006650e+00
3.80311211e+03 4.87753008e+00
3.80558543e+03 4.89976939e+00
3.81630312e+03 5.05222542e+00
3.82890625e+03 5.26413981e+00
3.83090210e+03 5.32422771e+00
3.84287720e+03 5.82397372e+00
3.84487305e+03 5.89646121e+00
3.84586299e+03 5.90706860e+00
3.84676679e+03 5.88585660e+00
3.84767058e+03 5.82751153e+00
3.84857438e+03 5.73218713e+00
3.84947818e+03 5.60816017e+00
3.85218956e+03 5.19083669e+00
3.85361409e+03 5.00347012e+00
3.85517626e+03 4.83373667e+00
3.85934205e+03 4.43638107e+00
3.86197919e+03 4.20311287e+00
3.86308766e+03 4.12050316e+00
3.86419614e+03 4.05558161e+00
3.86530461e+03 4.01007929e+00
3.86696732e+03 3.96748762e+00
3.87472663e+03 3.84512533e+00
3.89825811e+03 3.49317833e+00
3.90166314e+03 3.45325888e+00
3.90234414e+03 3.45052843e+00
3.90358259e+03 3.45771484e+00
3.90605950e+03 3.50365401e+00
3.92215938e+03 3.91779239e+00
3.92446406e+03 3.99804307e+00
3.93137813e+03 4.28003530e+00
3.93522042e+03 4.40249339e+00
3.93650119e+03 4.46804625e+00
3.93735503e+03 4.53345594e+00
3.93867307e+03 4.67027897e+00
3.94006564e+03 4.84639254e+00
3.94424336e+03 5.40629651e+00
3.94563594e+03 5.56158815e+00
3.94696983e+03 5.67199377e+00
3.94830371e+03 5.74838197e+00
3.95097149e+03 5.85230396e+00
3.95230537e+03 5.88609886e+00
3.95289062e+03 5.89067576e+00
3.95966469e+03 5.61009193e+00
3.95979104e+03 5.60971828e+00
3.96105458e+03 5.62764708e+00
3.96206542e+03 5.66703319e+00
3.96307625e+03 5.73438978e+00
3.96408708e+03 5.83875003e+00
3.96509792e+03 5.98199464e+00
3.96711958e+03 6.32076049e+00
3.96820517e+03 6.47220245e+00
3.96907541e+03 6.54928471e+00
3.96994566e+03 6.58049067e+00
3.97086855e+03 6.56922317e+00
3.97225289e+03 6.49262761e+00
3.97363722e+03 6.36861726e+00
3.97502156e+03 6.20315219e+00
3.97640589e+03 6.00231691e+00
3.98129911e+03 5.20744462e+00
3.98427685e+03 4.71920022e+00
3.98581830e+03 4.48328877e+00
3.98664160e+03 4.37706458e+00
3.98746490e+03 4.29318219e+00
3.98828820e+03 4.23601766e+00
3.98911149e+03 4.20571234e+00
3.98966036e+03 4.19844868e+00
3.99090689e+03 4.20890756e+00
3.99963262e+03 4.43685599e+00
4.00219060e+03 4.47628925e+00
4.00645391e+03 4.50560219e+00
4.03870000e+03 4.63650710e+00
4.09677424e+03 4.15728988e+00
4.09732197e+03 4.15658096e+00
4.09872493e+03 4.16478514e+00
4.10129062e+03 4.21336763e+00
4.11155338e+03 4.47688237e+00
4.11306328e+03 4.48672158e+00
4.11424827e+03 4.46532598e+00
4.11543325e+03 4.41494540e+00
4.11721073e+03 4.30338743e+00
4.12312943e+03 3.88307934e+00
4.12430197e+03 3.81632286e+00
4.12547450e+03 3.76974921e+00
4.12664703e+03 3.74664610e+00
4.12723330e+03 3.74249999e+00
4.12978845e+03 3.74969209e+00
4.16811563e+03 4.05281860e+00
4.17051016e+03 4.09975700e+00
4.17529922e+03 4.24279531e+00
4.18727188e+03 4.64266552e+00
4.18953656e+03 4.74052733e+00
4.19123507e+03 4.84812510e+00
4.19633062e+03 5.27930745e+00
4.19737639e+03 5.34245579e+00
4.19816072e+03 5.36322491e+00
4.19842217e+03 5.36352559e+00
4.19928241e+03 5.33878658e+00
4.20014264e+03 5.27772608e+00
4.20272336e+03 5.02077851e+00
4.20358360e+03 4.96021092e+00
4.20487396e+03 4.90592038e+00
4.21235503e+03 4.79207556e+00
4.23378993e+03 4.50818336e+00
4.23407197e+03 4.50775026e+00
4.23512630e+03 4.51975535e+00
4.23586167e+03 4.54809255e+00
4.23659704e+03 4.60019325e+00
4.23733241e+03 4.68061461e+00
4.23806778e+03 4.79042542e+00
4.23855803e+03 4.87857430e+00
4.23953853e+03 5.08232657e+00
4.24248002e+03 5.75919731e+00
4.24348785e+03 5.96066056e+00
4.24449568e+03 6.12266116e+00
4.24550351e+03 6.24243228e+00
4.24651135e+03 6.32735373e+00
4.24852701e+03 6.44157706e+00
4.25054268e+03 6.51735662e+00
4.25202188e+03 6.53344828e+00
4.25335203e+03 6.50183885e+00
4.25468219e+03 6.42742257e+00
4.25911604e+03 6.07515339e+00
4.26621021e+03 5.49032456e+00
4.26790048e+03 5.37889171e+00
4.26959075e+03 5.29777591e+00
4.27297130e+03 5.18676931e+00
4.27584375e+03 5.10748098e+00
4.27770000e+03 5.08793734e+00
4.27884331e+03 5.10172479e+00
4.27998662e+03 5.13608899e+00
4.28341655e+03 5.29475312e+00
4.28570317e+03 5.41731007e+00
4.28763677e+03 5.54769777e+00
4.29079790e+03 5.81995533e+00
4.29198333e+03 5.89634066e+00
4.29297118e+03 5.91867622e+00
4.29387422e+03 5.89362438e+00
4.29457969e+03 5.84207496e+00
4.29552031e+03 5.73439278e+00
4.29646094e+03 5.59256968e+00
4.29975313e+03 5.01620430e+00
4.30069375e+03 4.87929137e+00
4.30148075e+03 4.79068625e+00
4.30226775e+03 4.72855599e+00
4.30305475e+03 4.69125944e+00
4.30433070e+03 4.67022664e+00
4.30481965e+03 4.67005464e+00
4.30970917e+03 4.71731330e+00
4.31955685e+03 4.82052840e+00
4.31962547e+03 4.82055549e+00
4.32134004e+03 4.80282643e+00
4.32291737e+03 4.75080559e+00
4.32396892e+03 4.70168741e+00
4.33658750e+03 4.00025232e+00
4.33849561e+03 3.91505250e+00
4.34135776e+03 3.81793977e+00
4.34326587e+03 3.77284474e+00
4.34439746e+03 3.76319917e+00
4.34551895e+03 3.77339013e+00
4.34646289e+03 3.80061068e+00
4.34740684e+03 3.84860920e+00
4.34835078e+03 3.92108325e+00
4.34929473e+03 4.02012280e+00
4.35023867e+03 4.14425016e+00
4.35165459e+03 4.36401821e+00
4.35424989e+03 4.79232927e+00
4.35531156e+03 4.94181613e+00
4.35601933e+03 5.01957521e+00
4.35672711e+03 5.07385813e+00
4.35743488e+03 5.10167558e+00
4.35778877e+03 5.10582441e+00
4.35871999e+03 5.09232384e+00
4.36430733e+03 4.87077339e+00
4.36570043e+03 4.84369156e+00
4.36592583e+03 4.84348850e+00
4.36727820e+03 4.86240223e+00
4.37268770e+03 5.02803082e+00
4.38425402e+03 5.39603258e+00
4.38577261e+03 5.42621593e+00
4.38653190e+03 5.42835801e+00
4.38745181e+03 5.41056233e+00
4.38837173e+03 5.36441794e+00
4.38929164e+03 5.28664081e+00
4.39021155e+03 5.17945473e+00
4.39159143e+03 4.98136593e+00
4.39389121e+03 4.62975755e+00
4.39473316e+03 4.51810825e+00
4.39557510e+03 4.42585838e+00
4.39641705e+03 4.35478277e+00
4.39767997e+03 4.28219994e+00
4.39894289e+03 4.23528039e+00
4.40399456e+03 4.10397974e+00
4.42083347e+03 3.69113804e+00
4.42238337e+03 3.67293623e+00
4.42290000e+03 3.67220144e+00
4.42424063e+03 3.68361205e+00
4.42558125e+03 3.71235036e+00
4.42736875e+03 3.77506997e+00
4.42870938e+03 3.84400911e+00
4.43005000e+03 3.93396536e+00
4.43399063e+03 4.25373462e+00
4.44581250e+03 5.23551302e+00
4.45053516e+03 5.60616667e+00
4.45195195e+03 5.69634497e+00
4.45289649e+03 5.73315811e+00
4.45357187e+03 5.74141897e+00
4.45426791e+03 5.73108616e+00
4.45525373e+03 5.68366724e+00
4.45623954e+03 5.60398207e+00
4.45771827e+03 5.44774033e+00
4.46226330e+03 4.91836190e+00
4.46346682e+03 4.79725665e+00
4.46467034e+03 4.70436611e+00
4.46587386e+03 4.64531880e+00
4.46707738e+03 4.61337606e+00
4.46888266e+03 4.59347915e+00
4.47128971e+03 4.58247497e+00
4.47295218e+03 4.58900372e+00
4.47429609e+03 4.61466603e+00
4.47564000e+03 4.66517127e+00
4.47787985e+03 4.79513919e+00
4.48683926e+03 5.38849143e+00
4.48825571e+03 5.45388186e+00
4.48967217e+03 5.48204234e+00
4.49113797e+03 5.47005906e+00
4.49406957e+03 5.38474056e+00
4.51312500e+03 4.75259770e+00
4.51516309e+03 4.71524377e+00
4.52127734e+03 4.68035664e+00
4.54445374e+03 4.59488831e+00
4.54596863e+03 4.57126490e+00
4.54710480e+03 4.53460362e+00
4.54824097e+03 4.47688845e+00
4.54975586e+03 4.37327110e+00
4.55581543e+03 3.88251274e+00
4.55709250e+03 3.79920426e+00
4.55836957e+03 3.74009853e+00
4.55964664e+03 3.70567148e+00
4.56092371e+03 3.68857663e+00
4.56688336e+03 3.66502100e+00
4.56773474e+03 3.66404827e+00
4.56943750e+03 3.66804896e+00
4.57077371e+03 3.68691639e+00
4.57210992e+03 3.72625690e+00
4.57411424e+03 3.81542592e+00
4.59238298e+03 4.78861059e+00
4.59473212e+03 4.90279469e+00
4.59629821e+03 4.95028570e+00
4.59708125e+03 4.95933184e+00
4.59853477e+03 4.95057819e+00
4.60144180e+03 4.87871944e+00
4.62033750e+03 4.31887828e+00
4.62306710e+03 4.27339279e+00
4.63125590e+03 4.20353748e+00
4.63270232e+03 4.17280778e+00
4.63414874e+03 4.11938893e+00
4.63607730e+03 4.01513639e+00
4.64475582e+03 3.45253940e+00
4.64712490e+03 3.30903917e+00
4.64844649e+03 3.25114441e+00
4.64976807e+03 3.22019523e+00
4.65072065e+03 3.21495131e+00
4.65225681e+03 3.22898626e+00
4.65379298e+03 3.26306888e+00
4.65532914e+03 3.32073539e+00
4.65635325e+03 3.37655050e+00
4.65788941e+03 3.48354009e+00
4.66104962e+03 3.74398078e+00
4.66950674e+03 4.45524525e+00
4.67104470e+03 4.56222709e+00
4.67207001e+03 4.61146972e+00
4.67321326e+03 4.63548622e+00
4.67344914e+03 4.63609444e+00
4.67451064e+03 4.62263278e+00
4.67592597e+03 4.57566519e+00
4.67922840e+03 4.44244632e+00
4.68064373e+03 4.40750674e+00
4.69538110e+03 4.34756540e+00
4.69715358e+03 4.31167482e+00
4.69892605e+03 4.25013926e+00
4.71192420e+03 3.67287498e+00
4.71428750e+03 3.56326696e+00
4.71624568e+03 3.45818727e+00
4.72254803e+03 3.07496171e+00
4.72383151e+03 3.01558161e+00
4.72468716e+03 2.99087996e+00
4.72554281e+03 2.98172775e+00
4.72639239e+03 2.98835202e+00
4.72724198e+03 3.00820225e+00
4.72894115e+03 3.07215774e+00
4.73913617e+03 3.54951063e+00
4.74366729e+03 3.75857271e+00
4.74493364e+03 3.80183012e+00
4.74620000e+03 3.82445394e+00
4.76130000e+03 3.74542292e+00
4.76268281e+03 3.76335346e+00
4.76406563e+03 3.79848657e+00
4.76959688e+03 3.98477824e+00
4.77236250e+03 4.08536989e+00
4.77662172e+03 4.26531073e+00
4.77789948e+03 4.30770818e+00
4.77917725e+03 4.32654442e+00
4.78037144e+03 4.31854583e+00
4.78156564e+03 4.29046338e+00
4.78634242e+03 4.11572335e+00
4.79828438e+03 3.65399489e+00
4.80026953e+03 3.59542773e+00
4.80225469e+03 3.55569925e+00
4.81416562e+03 3.40409774e+00
4.81674453e+03 3.34636408e+00
4.81975326e+03 3.26908924e+00
4.82061289e+03 3.25872808e+00
4.82104271e+03 3.25845288e+00
4.82205351e+03 3.27436160e+00
4.82306431e+03 3.31518768e+00
4.82407511e+03 3.37680651e+00
4.82660211e+03 3.55397550e+00
4.82761291e+03 3.60793411e+00
4.82862371e+03 3.64435994e+00
4.83017260e+03 3.67198561e+00
4.83330308e+03 3.68599677e+00
4.84582500e+03 3.71823999e+00
4.84857773e+03 3.74799104e+00
4.85316562e+03 3.83426666e+00
4.86540000e+03 4.10972418e+00
4.86702488e+03 4.16824488e+00
4.86864976e+03 4.24573629e+00
4.89139805e+03 5.55920395e+00
4.89337949e+03 5.63953489e+00
4.89456836e+03 5.65458500e+00
4.89560147e+03 5.63800062e+00
4.89663458e+03 5.59456973e+00
4.89870079e+03 5.45748974e+00
4.92762781e+03 3.11239672e+00
4.92950020e+03 2.97552240e+00
4.93062364e+03 2.91028532e+00
4.93174708e+03 2.86554082e+00
4.93287052e+03 2.84274680e+00
4.93361947e+03 2.83784610e+00
4.93557621e+03 2.84811158e+00
4.95511731e+03 3.08929222e+00
4.95660406e+03 3.09606646e+00
4.95792705e+03 3.08938056e+00
4.95979051e+03 3.06085317e+00
4.96444917e+03 2.95334562e+00
4.97097130e+03 2.79678961e+00
4.97226107e+03 2.77445101e+00
4.97315618e+03 2.76893994e+00
4.97382960e+03 2.77278297e+00
4.97481841e+03 2.79350076e+00
4.97580722e+03 2.83300582e+00
4.97679602e+03 2.88986911e+00
4.97778483e+03 2.96248513e+00
4.97877364e+03 3.05100808e+00
4.97976244e+03 3.15686345e+00
4.98075125e+03 3.27991875e+00
4.98337939e+03 3.64299817e+00
4.98423288e+03 3.74633041e+00
4.98508638e+03 3.83118664e+00
4.98593987e+03 3.89618603e+00
4.98722011e+03 3.96280779e+00
4.98807361e+03 3.99389096e+00
4.99319458e+03 4.12507855e+00
4.99565273e+03 4.17586962e+00
4.99790625e+03 4.19715454e+00
5.00651562e+03 4.15608275e+00
5.01512500e+03 4.08389334e+00
5.01724194e+03 4.04059377e+00
5.02147583e+03 3.91400349e+00
5.02399634e+03 3.84964789e+00
5.02480347e+03 3.84302527e+00
5.02582433e+03 3.85256096e+00
5.02644162e+03 3.86916404e+00
5.02767621e+03 3.92548139e+00
5.02891080e+03 4.00539674e+00
5.03718634e+03 4.65654292e+00
5.04034023e+03 4.90257217e+00
5.04191717e+03 5.00353707e+00
5.04296847e+03 5.04568662e+00
5.04384902e+03 5.05899057e+00
5.04481048e+03 5.04888549e+00
5.04577194e+03 5.01631051e+00
5.04769486e+03 4.91083641e+00
5.05410458e+03 4.49454451e+00
5.05522182e+03 4.44228954e+00
5.05633906e+03 4.41256468e+00
5.05963125e+03 4.39113608e+00
5.06074481e+03 4.36441507e+00
5.06185837e+03 4.31553858e+00
5.06408550e+03 4.17646280e+00
5.06742619e+03 3.94941048e+00
5.06887981e+03 3.87647388e+00
5.06990000e+03 3.85056499e+00
5.09350000e+03 4.04575907e+00
5.09452865e+03 4.01718614e+00
5.09555729e+03 3.96567556e+00
5.09864324e+03 3.76847232e+00
5.09967189e+03 3.72010552e+00
5.10070053e+03 3.69069775e+00
5.10172918e+03 3.67931357e+00
5.10314661e+03 3.68471524e+00
5.10739890e+03 3.74953396e+00
5.11570277e+03 3.89411788e+00
5.11767839e+03 3.94207041e+00
5.11899546e+03 3.99303027e+00
5.12031253e+03 4.06304954e+00
5.12360522e+03 4.26634209e+00
5.12455105e+03 4.30314894e+00
5.12549687e+03 4.31444205e+00
5.12649553e+03 4.29391134e+00
5.12749419e+03 4.24234937e+00
5.12949150e+03 4.08897498e+00
5.13098949e+03 3.97319314e+00
5.13248748e+03 3.88223913e+00
5.13348613e+03 3.83781852e+00
5.13574968e+03 3.76593894e+00
5.14480388e+03 3.54193805e+00
5.14933098e+03 3.43671346e+00
5.15159453e+03 3.39076762e+00
5.15300957e+03 3.38040877e+00
5.16092074e+03 3.49889920e+00
5.16136221e+03 3.49976479e+00
5.16334883e+03 3.48520597e+00
5.17577203e+03 3.32146968e+00
5.17766190e+03 3.30631941e+00
5.17860684e+03 3.30512630e+00
5.18042557e+03 3.32088020e+00
5.18345680e+03 3.38017595e+00
5.19800668e+03 3.72241936e+00
5.19937042e+03 3.73552025e+00
5.20059533e+03 3.72595889e+00
5.20213598e+03 3.68410927e+00
5.20444695e+03 3.60284549e+00
5.20598760e+03 3.56635953e+00
5.20906890e+03 3.52866628e+00
5.21317002e+03 3.49624266e+00
5.21418984e+03 3.49469091e+00
5.21639253e+03 3.51203047e+00
5.22006367e+03 3.58000719e+00
5.22593750e+03 3.71311098e+00
5.23085938e+03 3.84312094e+00
5.23208984e+03 3.85884681e+00
5.23250000e+03 3.85994017e+00
5.23396016e+03 3.84654932e+00
5.23639375e+03 3.78556529e+00
5.24028750e+03 3.66932529e+00
5.24182187e+03 3.63824502e+00
5.24335625e+03 3.62303828e+00
5.26529404e+03 3.63442124e+00
5.26937216e+03 3.64491111e+00
5.27090146e+03 3.66631528e+00
5.27190330e+03 3.69666185e+00
5.27288748e+03 3.74285475e+00
5.27436373e+03 3.83822702e+00
5.27633208e+03 3.97267560e+00
5.27731625e+03 4.02253736e+00
5.27830042e+03 4.05378412e+00
5.27946118e+03 4.06836802e+00
5.28219823e+03 4.05475279e+00
5.28767233e+03 3.99001132e+00
5.29040938e+03 3.95160357e+00
5.29789387e+03 3.80526193e+00
5.29912852e+03 3.79304498e+00
5.30030768e+03 3.80056934e+00
5.30148684e+03 3.82665356e+00
5.30384517e+03 3.91041434e+00
5.31170625e+03 4.22639621e+00
5.31599893e+03 4.35947534e+00
5.31921843e+03 4.43801925e+00
5.32111924e+03 4.46624422e+00
5.32194687e+03 4.46710837e+00
5.33082500e+03 4.25410317e+00
5.35533438e+03 4.18881899e+00
5.35718282e+03 4.15040210e+00
5.35903128e+03 4.08510051e+00
5.36396047e+03 3.87464333e+00
5.36569458e+03 3.81578064e+00
5.36669819e+03 3.79726251e+00
5.36720000e+03 3.79382657e+00
5.36865703e+03 3.80649131e+00
5.37011406e+03 3.84635326e+00
5.37497081e+03 4.03626842e+00
5.38274163e+03 4.34498913e+00
5.38393024e+03 4.37595728e+00
5.38511885e+03 4.38620087e+00
5.38629774e+03 4.36796302e+00
5.38747664e+03 4.32175344e+00
5.38924498e+03 4.21750112e+00
5.39455000e+03 3.85218613e+00
5.39599800e+03 3.77285896e+00
5.39744600e+03 3.71359582e+00
5.39937666e+03 3.65839041e+00
5.40130732e+03 3.62359674e+00
5.40227266e+03 3.61860640e+00
5.40325957e+03 3.62784802e+00
5.40424648e+03 3.65355721e+00
5.40572686e+03 3.71737312e+00
5.41135806e+03 4.02023673e+00
5.41373823e+03 4.13617178e+00
5.41552337e+03 4.20658628e+00
5.41730850e+03 4.25348854e+00
5.41968867e+03 4.28875400e+00
5.42324209e+03 4.31624479e+00
5.42442656e+03 4.31852795e+00
5.42588301e+03 4.30623450e+00
5.42733945e+03 4.27110585e+00
5.42952412e+03 4.18134523e+00
5.43662114e+03 3.82367174e+00
5.43825020e+03 3.76459092e+00
5.44042227e+03 3.71502357e+00
5.44476641e+03 3.65375206e+00
5.45591548e+03 3.51359620e+00
5.45899147e+03 3.46851864e+00
5.46083706e+03 3.42366909e+00
5.46329785e+03 3.33780092e+00
5.46763806e+03 3.17087823e+00
5.46894013e+03 3.13743557e+00
5.47024219e+03 3.12729184e+00
5.47126464e+03 3.13978840e+00
5.47228708e+03 3.16910207e+00
5.47365035e+03 3.22634722e+00
5.47569524e+03 3.33045869e+00
5.49205440e+03 4.21389370e+00
5.49511854e+03 4.35177069e+00
5.50022544e+03 4.53648422e+00
5.51289844e+03 4.95177532e+00
5.51469922e+03 4.98747229e+00
5.51514941e+03 4.98996060e+00
5.51615095e+03 4.98183556e+00
5.51725363e+03 4.94847723e+00
5.51835631e+03 4.89095418e+00
5.52001033e+03 4.77429960e+00
5.52491177e+03 4.38006823e+00
5.52638396e+03 4.28611854e+00
5.52736542e+03 4.24519453e+00
5.52847078e+03 4.22592765e+00
5.52865663e+03 4.22552259e+00
5.52983369e+03 4.23969842e+00
5.53132051e+03 4.28740733e+00
5.54420625e+03 4.86016194e+00
5.54624609e+03 4.92952079e+00
5.55236563e+03 5.07461773e+00
5.55868991e+03 5.19782379e+00
5.56079801e+03 5.21747635e+00
5.56237702e+03 5.19915351e+00
5.56368301e+03 5.15625525e+00
5.56629500e+03 5.02538790e+00
5.58264885e+03 4.07297106e+00
5.58469459e+03 3.97370953e+00
5.58674032e+03 3.90153678e+00
5.59014987e+03 3.82064663e+00
5.60456890e+03 3.54293196e+00
5.60613051e+03 3.52480672e+00
5.60691132e+03 3.52323125e+00
5.60794926e+03 3.53324190e+00
5.60898720e+03 3.55837985e+00
5.61054411e+03 3.61940458e+00
5.61417690e+03 3.79560727e+00
5.61616485e+03 3.87084519e+00
5.61901489e+03 3.95201602e+00
5.63202920e+03 4.27503037e+00
5.63525757e+03 4.34336484e+00
5.63687175e+03 4.35221584e+00
5.63834761e+03 4.32876089e+00
5.63982346e+03 4.27505384e+00
5.64277517e+03 4.11912219e+00
5.65064638e+03 3.65965684e+00
5.65314938e+03 3.52311116e+00
5.65475497e+03 3.45724021e+00
5.65636057e+03 3.41649499e+00
5.65796616e+03 3.39844847e+00
5.66117734e+03 3.38448349e+00
5.67372812e+03 3.37152395e+00
5.67535447e+03 3.38507728e+00
5.67698081e+03 3.41320442e+00
5.68185984e+03 3.54003318e+00
5.68592570e+03 3.64801261e+00
5.68728240e+03 3.66822056e+00
5.68755416e+03 3.66887926e+00
5.68864086e+03 3.65486077e+00
5.68945580e+03 3.62438974e+00
5.68999908e+03 3.59483230e+00
5.69271553e+03 3.40326143e+00
5.69380211e+03 3.34698332e+00
5.69488868e+03 3.31445187e+00
5.69651855e+03 3.29664848e+00
5.69704901e+03 3.29500232e+00
5.74288128e+03 3.33354590e+00
5.74754938e+03 3.34338414e+00
5.74946486e+03 3.36628168e+00
5.75090146e+03 3.40734365e+00
5.75233806e+03 3.47579363e+00
5.75329579e+03 3.53529431e+00
5.75521126e+03 3.67423112e+00
5.76287314e+03 4.27151069e+00
5.76490486e+03 4.40987708e+00
5.76693657e+03 4.52626373e+00
5.76896829e+03 4.61503235e+00
5.77049207e+03 4.64864369e+00
5.77100000e+03 4.65112638e+00
5.77239239e+03 4.63524271e+00
5.77378478e+03 4.59207835e+00
5.77656956e+03 4.46827970e+00
5.78213911e+03 4.20567386e+00
5.78369476e+03 4.15006586e+00
5.78525040e+03 4.11451111e+00
5.78628750e+03 4.10252454e+00
5.80616250e+03 4.11794708e+00
5.82603750e+03 4.15206841e+00
5.82842483e+03 4.17243357e+00
5.83081216e+03 4.21237062e+00
5.84513613e+03 4.55003040e+00
5.84677160e+03 4.56487848e+00
5.84820775e+03 4.55038157e+00
5.84932291e+03 4.51901278e+00
5.85155325e+03 4.42086153e+00
5.85489875e+03 4.25401200e+00
5.85635263e+03 4.20837640e+00
5.85703004e+03 4.20194872e+00
5.85794956e+03 4.21347024e+00
5.85853037e+03 4.23350468e+00
5.85969199e+03 4.30033807e+00
5.86143441e+03 4.44252571e+00
5.86317684e+03 4.58640265e+00
5.86433846e+03 4.65748851e+00
5.86550008e+03 4.69934935e+00
5.86672827e+03 4.71612839e+00
5.86975753e+03 4.70400441e+00
5.88107444e+03 4.61881149e+00
5.88386085e+03 4.58090802e+00
5.88553269e+03 4.52994012e+00
5.88720454e+03 4.44979798e+00
5.89008960e+03 4.26797277e+00
5.90638408e+03 3.18344650e+00
5.90840486e+03 3.06357797e+00
5.90961732e+03 3.00645482e+00
5.91082979e+03 2.96550854e+00
5.91204225e+03 2.94100462e+00
5.91285056e+03 2.93202699e+00
5.91608380e+03 2.92360605e+00
5.93225000e+03 2.91937037e+00
5.93465528e+03 2.92882933e+00
5.93706055e+03 2.95252741e+00
5.97073439e+03 3.49640798e+00
5.97451761e+03 3.53285119e+00
6.00100014e+03 3.67398261e+00
6.05436526e+03 3.92979215e+00
6.05599113e+03 3.91130060e+00
6.05761700e+03 3.86360394e+00
6.05870091e+03 3.81580748e+00
6.06303657e+03 3.58689945e+00
6.06443173e+03 3.53193800e+00
6.06582689e+03 3.49560178e+00
6.06675700e+03 3.47954453e+00
6.07047743e+03 3.44270919e+00
6.09280000e+03 3.28007130e+00
6.12630000e+03 3.29214732e+00
6.15501057e+03 3.09213291e+00
6.15871928e+03 3.05874610e+00
6.16081653e+03 3.02621534e+00
6.16339955e+03 2.96985231e+00
6.17028761e+03 2.80023859e+00
6.17373164e+03 2.72034653e+00
6.17489717e+03 2.70342740e+00
6.17606270e+03 2.69806102e+00
6.17737035e+03 2.70768505e+00
6.17867799e+03 2.73221272e+00
6.18129329e+03 2.80539660e+00
6.19001094e+03 3.07552012e+00
6.19254746e+03 3.13158140e+00
6.21030313e+03 3.40539357e+00
6.21373594e+03 3.48750908e+00
6.21945730e+03 3.65026870e+00
6.22104389e+03 3.68305613e+00
6.22263047e+03 3.69333273e+00
6.22379317e+03 3.68111125e+00
6.22495586e+03 3.65255178e+00
6.22728126e+03 3.56607483e+00
6.23503257e+03 3.23971006e+00
6.23678439e+03 3.18577411e+00
6.23853622e+03 3.15474577e+00
6.23970410e+03 3.14640315e+00
6.25538437e+03 3.18074919e+00
6.26079942e+03 3.20732906e+00
6.26296543e+03 3.23709593e+00
6.26404844e+03 3.26012199e+00
6.27265508e+03 3.49268681e+00
6.27419404e+03 3.51105487e+00
6.27470703e+03 3.51105692e+00
6.27584863e+03 3.49859839e+00
6.27699024e+03 3.47037824e+00
6.27927344e+03 3.38689729e+00
6.28269824e+03 3.25292996e+00
6.28437273e+03 3.20270515e+00
6.28597139e+03 3.17046076e+00
6.28810293e+03 3.14586056e+00
6.30089219e+03 3.06305305e+00
6.30351562e+03 3.05661395e+00
6.30608320e+03 3.07092299e+00
6.31121836e+03 3.13633311e+00
6.32405625e+03 3.31817832e+00
6.32715879e+03 3.38271491e+00
6.33181260e+03 3.51664356e+00
6.33569077e+03 3.63142795e+00
6.33722311e+03 3.65967231e+00
6.33797980e+03 3.66254392e+00
6.33892086e+03 3.65293784e+00
6.33986190e+03 3.62883185e+00
6.34315558e+03 3.50017824e+00
6.34456715e+03 3.46663545e+00
6.34550820e+03 3.45657829e+00
6.37160000e+03 3.52385161e+00
6.39162813e+03 3.51794990e+00
6.39291682e+03 3.53486676e+00
6.39420552e+03 3.56739779e+00
6.39613856e+03 3.64186461e+00
6.40193770e+03 3.91958490e+00
6.40337314e+03 3.96921544e+00
6.40480859e+03 3.99691646e+00
6.40612107e+03 4.00394062e+00
6.40860970e+03 3.99007700e+00
6.45127188e+03 3.50013382e+00
6.45362500e+03 3.48997544e+00
6.45775000e+03 3.49056837e+00
6.46047505e+03 3.47759627e+00
6.46320009e+03 3.43979839e+00
6.48763785e+03 3.00215366e+00
6.48927928e+03 2.98526054e+00
6.49010000e+03 2.98230030e+00
6.49169192e+03 2.98849159e+00
6.49434512e+03 3.02093902e+00
6.50708047e+03 3.21171482e+00
6.50960293e+03 3.23256700e+00
6.51044375e+03 3.23557942e+00
6.54060635e+03 3.21480498e+00
6.54411126e+03 3.19154110e+00
6.55929922e+03 3.03439595e+00
6.56005117e+03 3.03190090e+00
6.56137793e+03 3.03829521e+00
6.56252754e+03 3.05908983e+00
6.56367715e+03 3.09545400e+00
6.56540156e+03 3.17196279e+00
6.56770078e+03 3.28016837e+00
6.56885039e+03 3.32039588e+00
6.57000000e+03 3.34530066e+00
6.57429844e+03 3.38604761e+00
6.57573125e+03 3.41388334e+00
6.58146250e+03 3.55446125e+00
6.58304821e+03 3.57789092e+00
6.58463393e+03 3.58579450e+00
6.58962827e+03 3.56370188e+00
6.63790690e+03 3.22517200e+00
6.65014783e+03 3.10784940e+00
6.67974002e+03 2.80945886e+00
6.68209530e+03 2.79312702e+00
6.68288040e+03 2.79231257e+00
6.68430426e+03 2.80012793e+00
6.68572813e+03 2.81917397e+00
6.69427134e+03 2.98606172e+00
6.69620314e+03 3.00460252e+00
6.69684707e+03 3.00654076e+00
6.70057184e+03 2.99555744e+00
6.71671250e+03 2.89454871e+00
6.72068818e+03 2.84650601e+00
6.72983518e+03 2.70326895e+00
6.73172584e+03 2.68847487e+00
6.73295802e+03 2.69438149e+00
6.73416195e+03 2.71637870e+00
6.73536588e+03 2.75414474e+00
6.73717178e+03 2.83108983e+00
6.74018160e+03 2.96814652e+00
6.74198750e+03 3.03103357e+00
6.74401475e+03 3.07588258e+00
6.75009651e+03 3.14990592e+00
6.79244356e+03 3.60699413e+00
6.79965156e+03 3.69356117e+00
6.80978037e+03 3.92288299e+00
6.81074693e+03 3.92661934e+00
6.81198849e+03 3.91183306e+00
6.81323006e+03 3.87619941e+00
6.81509241e+03 3.79508658e+00
6.83061199e+03 2.95586717e+00
6.83214323e+03 2.88543982e+00
6.83367447e+03 2.83074201e+00
6.83520572e+03 2.79458972e+00
6.83673696e+03 2.77365289e+00
6.84133068e+03 2.74465686e+00
6.84373692e+03 2.73636244e+00
6.84544308e+03 2.74244803e+00
6.84668984e+03 2.75937390e+00
6.84793660e+03 2.78904267e+00
6.84959893e+03 2.84600642e+00
6.85791063e+03 3.20038043e+00
6.86015419e+03 3.27396447e+00
6.86239775e+03 3.31819187e+00
6.86538916e+03 3.34855417e+00
6.86987627e+03 3.37313109e+00
6.87006460e+03 3.37317418e+00
6.87158878e+03 3.36630319e+00
6.87292464e+03 3.34897989e+00
6.87693219e+03 3.27841137e+00
6.87826804e+03 3.26559701e+00
6.88093975e+03 3.25682909e+00
6.90164478e+03 3.24118838e+00
6.90441602e+03 3.24793561e+00
6.90716406e+03 3.27427949e+00
6.91082812e+03 3.32987597e+00
6.93281250e+03 3.73337337e+00
6.93571838e+03 3.80967670e+00
6.94637329e+03 4.14821724e+00
6.94888330e+03 4.21435802e+00
6.95060156e+03 4.22846850e+00
6.95189524e+03 4.21346937e+00
6.95405137e+03 4.15370539e+00
6.95663872e+03 4.07441268e+00
6.96440078e+03 3.90817474e+00
6.97820000e+03 3.62550221e+00
6.98209905e+03 3.51406557e+00
6.98859746e+03 3.30723974e+00
6.99041130e+03 3.26556920e+00
6.99149961e+03 3.25683616e+00
6.99269859e+03 3.26781243e+00
6.99389756e+03 3.29834703e+00
6.99749448e+03 3.42130891e+00
6.99869346e+03 3.44892175e+00
7.00109141e+03 3.47713428e+00
7.01163396e+03 3.53885405e+00
7.01448623e+03 3.57363203e+00
7.01638775e+03 3.61853261e+00
7.01828926e+03 3.68053743e+00
7.02713387e+03 4.02710890e+00
7.02961098e+03 4.14163273e+00
7.03394593e+03 4.36828117e+00
7.03580376e+03 4.44130538e+00
7.03703434e+03 4.46610421e+00
7.03787943e+03 4.47074123e+00
7.03976397e+03 4.45222052e+00
7.04672227e+03 4.29300392e+00
7.05600000e+03 4.07360406e+00
7.05836470e+03 4.03863005e+00
7.06861172e+03 3.97329200e+00
7.08122344e+03 3.89724864e+00
7.08415488e+03 3.86497015e+00
7.08708633e+03 3.81102433e+00
7.10467500e+03 3.42552985e+00
7.10719531e+03 3.39033294e+00
7.14500000e+03 3.12609145e+00
7.15530000e+03 2.96698992e+00
7.16266289e+03 2.85023007e+00
7.16450361e+03 2.83297075e+00
7.16535859e+03 2.83079083e+00
7.16711138e+03 2.84014651e+00
7.16886416e+03 2.86403668e+00
7.17938085e+03 3.06792066e+00
7.19943328e+03 3.46895575e+00
7.20278922e+03 3.52427425e+00
7.20446719e+03 3.53114750e+00
7.20579607e+03 3.51699542e+00
7.20712495e+03 3.48470749e+00
7.20911827e+03 3.41256884e+00
7.21310491e+03 3.24677694e+00
7.21509823e+03 3.18261371e+00
7.21691837e+03 3.14767857e+00
7.21873852e+03 3.13151713e+00
7.22965938e+03 3.10530716e+00
7.25580000e+03 3.07112866e+00
7.29978125e+03 3.23753191e+00
7.30205191e+03 3.22194362e+00
7.30432256e+03 3.18587820e+00
7.32400156e+03 2.76859730e+00
7.32619956e+03 2.73659649e+00
7.32707876e+03 2.73223883e+00
7.32843444e+03 2.74115563e+00
7.32935053e+03 2.75873099e+00
7.33118270e+03 2.81442537e+00
7.33393095e+03 2.90961923e+00
7.33667921e+03 2.98806457e+00
7.38614778e+03 4.15409202e+00
7.39010345e+03 4.22782882e+00
7.39669624e+03 4.30221456e+00
7.39931721e+03 4.31073126e+00
7.40129881e+03 4.29110673e+00
7.40278500e+03 4.25250359e+00
7.40427120e+03 4.19061402e+00
7.40625280e+03 4.08005600e+00
7.42078671e+03 3.13564638e+00
7.42265895e+03 3.03103832e+00
7.42390712e+03 2.97712406e+00
7.42515528e+03 2.93998047e+00
7.42641448e+03 2.91923261e+00
7.42814159e+03 2.91126997e+00
7.43141693e+03 2.92279039e+00
7.48756563e+03 3.27560293e+00
7.49150723e+03 3.32100817e+00
7.51909844e+03 3.71326718e+00
7.52104297e+03 3.72385461e+00
7.52501152e+03 3.71082673e+00
7.54365038e+03 3.54943098e+00
7.54653401e+03 3.50747953e+00
7.54797582e+03 3.47647258e+00
7.55374306e+03 3.31798900e+00
7.57218942e+03 2.77617345e+00
7.57416332e+03 2.73100856e+00
7.57556149e+03 2.71708502e+00
7.57570542e+03 2.71695038e+00
7.57685214e+03 2.72613402e+00
7.57756708e+03 2.74134247e+00
7.57899695e+03 2.79028762e+00
7.58185669e+03 2.91092225e+00
7.58328656e+03 2.95639493e+00
7.58471643e+03 2.98765270e+00
7.58757617e+03 3.02977534e+00
7.60435865e+03 3.20976081e+00
7.60680108e+03 3.21898124e+00
7.60850188e+03 3.20956807e+00
7.61020268e+03 3.18614454e+00
7.62040747e+03 2.98280330e+00
7.62270125e+03 2.95786196e+00
7.62346585e+03 2.95562370e+00
7.62570967e+03 2.96492447e+00
7.63543292e+03 3.07394046e+00
7.64740000e+03 3.21273388e+00
7.66221719e+03 3.29185894e+00
7.66779492e+03 3.31459725e+00
7.67080840e+03 3.30308551e+00
7.67869922e+03 3.22460610e+00
7.71026250e+03 2.87474381e+00
7.73785750e+03 2.53417224e+00
7.74011090e+03 2.51577097e+00
7.74067425e+03 2.51448696e+00
7.74191495e+03 2.51840620e+00
7.74326966e+03 2.53422464e+00
7.74530172e+03 2.57771840e+00
7.74936584e+03 2.69489260e+00
7.76494469e+03 3.17165310e+00
7.76697648e+03 3.22545426e+00
7.77104005e+03 3.31240637e+00
7.77916719e+03 3.45739650e+00
7.78151680e+03 3.47869038e+00
7.78230000e+03 3.47918243e+00
7.78442520e+03 3.46177279e+00
7.78796719e+03 3.39814706e+00
7.80496875e+03 3.04386689e+00
7.80824509e+03 2.99245868e+00
7.81807412e+03 2.88597038e+00
7.82075275e+03 2.86854308e+00
7.82164563e+03 2.86764511e+00
7.82376916e+03 2.88062757e+00
7.82589270e+03 2.91139590e+00
7.83438683e+03 3.08634598e+00
7.85562217e+03 3.53041168e+00
7.85748678e+03 3.55827523e+00
7.85935139e+03 3.56924135e+00
7.86113251e+03 3.55754766e+00
7.86410104e+03 3.50325270e+00
7.87835000e+03 3.16579922e+00
7.88043906e+03 3.13389399e+00
7.88252812e+03 3.11696617e+00
7.94520000e+03 2.97214610e+00
7.98928509e+03 2.61255827e+00
7.98999045e+03 2.61138362e+00
7.99101765e+03 2.61533830e+00
7.99236671e+03 2.63497977e+00
7.99371576e+03 2.67336215e+00
7.99708839e+03 2.80494956e+00
7.99843744e+03 2.84626765e+00
8.00046102e+03 2.88617759e+00
8.00621486e+03 2.94556546e+00
8.01002435e+03 2.97556025e+00
8.01129418e+03 2.97769052e+00
8.01312927e+03 2.96845703e+00
8.01496436e+03 2.94657726e+00
8.01863454e+03 2.88651888e+00
8.02597490e+03 2.75942357e+00
8.02784587e+03 2.74417425e+00
8.02815770e+03 2.74384126e+00
8.02965093e+03 2.75294284e+00
8.03142303e+03 2.78581422e+00
8.03319513e+03 2.83496956e+00
8.03792073e+03 2.98180256e+00
8.04019946e+03 3.03193613e+00
8.04247820e+03 3.05889283e+00
8.05007398e+03 3.10156736e+00
8.08248320e+03 3.26320731e+00
8.08741886e+03 3.30489522e+00
8.08812395e+03 3.30567240e+00
8.08956164e+03 3.29660049e+00
8.09099934e+03 3.27352518e+00
8.09387472e+03 3.20346693e+00
8.10059802e+03 3.02257810e+00
8.10254309e+03 2.98870096e+00
8.10411152e+03 2.97757275e+00
8.10470741e+03 2.97654489e+00
8.10828279e+03 2.97917760e+00
8.11387136e+03 2.96460826e+00
8.19770000e+03 2.61948088e+00
8.20072500e+03 2.61758826e+00
8.24307500e+03 2.62286597e+00
8.24610000e+03 2.61923084e+00
8.25825000e+03 2.53312409e+00
8.26719639e+03 2.46579752e+00
8.26874480e+03 2.46166696e+00
8.27025467e+03 2.46614320e+00
8.27224212e+03 2.48755144e+00
8.27522331e+03 2.54292675e+00
8.28516060e+03 2.75577624e+00
8.28782556e+03 2.80006036e+00
8.29049052e+03 2.82443630e+00
8.29582045e+03 2.83853702e+00
8.32780000e+03 2.88074022e+00
8.35550000e+03 3.04567223e+00
8.36557070e+03 3.12829219e+00
8.36591797e+03 3.12885752e+00
8.36786108e+03 3.11886597e+00
8.37035825e+03 3.07782488e+00
8.37660117e+03 2.95015500e+00
8.37862688e+03 2.92772406e+00
8.37930212e+03 2.92562134e+00
8.38177566e+03 2.93544277e+00
8.40568651e+03 3.17018139e+00
8.41027500e+03 3.19138356e+00
8.48126523e+03 3.31480102e+00
8.48466683e+03 3.30722847e+00
8.48714425e+03 3.28344177e+00
8.49086038e+03 3.21879723e+00
8.50324746e+03 2.97455898e+00
8.50475303e+03 2.95601859e+00
8.50625859e+03 2.95021162e+00
8.50814136e+03 2.96319766e+00
8.51127930e+03 3.01752023e+00
8.51441724e+03 3.07587300e+00
8.51630000e+03 3.09285873e+00
8.55330000e+03 2.89724981e+00
8.55463437e+03 2.90764765e+00
8.55596875e+03 2.92898949e+00
8.56397500e+03 3.11308983e+00
8.56634531e+03 3.15009519e+00
8.56871563e+03 3.16872234e+00
8.60190000e+03 3.25148092e+00
8.65199766e+03 3.61333771e+00
8.65264893e+03 3.61426425e+00
8.65555235e+03 3.60321893e+00
8.68361875e+03 3.31792621e+00
8.68499141e+03 3.31266846e+00
8.68809820e+03 3.31843530e+00
8.73470000e+03 3.62121718e+00
8.76121250e+03 3.65242340e+00
8.76548662e+03 3.64154452e+00
8.78691786e+03 3.47376683e+00
8.79273795e+03 3.42011156e+00
8.79564800e+03 3.37678790e+00
8.79896223e+03 3.30538815e+00
8.80890493e+03 3.05977237e+00
8.81060247e+03 3.03136902e+00
8.81230000e+03 3.02051373e+00
8.81373726e+03 3.02752721e+00
8.81517451e+03 3.04785543e+00
8.81804902e+03 3.11022656e+00
8.82379805e+03 3.24792080e+00
8.82599082e+03 3.28507036e+00
8.82818359e+03 3.30004731e+00
8.83054035e+03 3.29181510e+00
8.85676885e+03 3.02681985e+00
8.86650000e+03 2.92368842e+00
8.88562500e+03 2.66688164e+00
8.88802031e+03 2.64966586e+00
8.88881875e+03 2.64718871e+00
8.91760000e+03 2.67249171e+00
8.97858581e+03 2.46556286e+00
8.99891442e+03 2.40034865e+00
9.00189001e+03 2.40906624e+00
9.00684932e+03 2.44552016e+00
9.13211823e+03 3.53404233e+00
9.13420000e+03 3.54249667e+00
9.25230000e+03 3.37548452e+00
9.27193594e+03 3.43164372e+00
9.27352442e+03 3.41499970e+00
9.27511291e+03 3.38110798e+00
9.27749564e+03 3.30671929e+00
9.28464383e+03 3.04578549e+00
9.28692509e+03 2.98371487e+00
9.28844592e+03 2.95863068e+00
9.29072718e+03 2.94425348e+00
9.29891939e+03 2.96291125e+00
9.44699553e+03 3.47522781e+00
9.44890000e+03 3.47610203e+00
9.52801914e+03 3.20757639e+00
9.53395308e+03 3.16985164e+00
9.56362275e+03 2.89522487e+00
9.57599297e+03 2.78751652e+00
9.57699766e+03 2.78604496e+00
9.60900000e+03 3.00007584e+00
9.64380000e+03 2.96065174e+00
9.66691802e+03 3.08628188e+00
9.67159608e+03 3.07293717e+00
9.71722634e+03 2.80564920e+00
9.71763535e+03 2.80515680e+00
9.71918148e+03 2.80987196e+00
9.72063770e+03 2.82767263e+00
9.72209392e+03 2.86084809e+00
9.72573447e+03 2.97808509e+00
9.72791880e+03 3.03916620e+00
9.73010312e+03 3.08390441e+00
9.74415000e+03 3.28804706e+00
9.74745688e+03 3.31987448e+00
9.75737754e+03 3.36773060e+00
9.76178672e+03 3.38341713e+00
9.76380952e+03 3.37602780e+00
9.76611599e+03 3.34205184e+00
9.77072893e+03 3.23110576e+00
9.77303540e+03 3.19545686e+00
9.77592979e+03 3.17180065e+00
9.78000000e+03 3.15786017e+00
9.81180000e+03 3.23758187e+00
9.81498750e+03 3.22218154e+00
9.84580000e+03 2.91201494e+00
9.85912188e+03 2.84324642e+00
9.86443477e+03 2.83113082e+00
9.86679694e+03 2.84079246e+00
9.87073389e+03 2.88211920e+00
9.88963125e+03 3.14417547e+00
9.89281758e+03 3.16848589e+00
9.89387969e+03 3.17225291e+00
9.92335625e+03 3.17607621e+00
9.96200469e+03 3.38801536e+00
9.96356973e+03 3.37906088e+00
9.96513477e+03 3.35646237e+00
9.96826484e+03 3.28432824e+00
9.97295996e+03 3.16451953e+00
9.97579580e+03 3.11423850e+00
9.97960820e+03 3.07298903e+00
1.00183662e+04 2.76888625e+00
1.00215418e+04 2.75178805e+00
1.00660000e+04 2.68663678e+00
1.00786562e+04 2.68188250e+00
1.00810000e+04 2.68483025e+00
1.01167188e+04 2.90835528e+00
1.01527188e+04 3.13369914e+00
1.01530000e+04 3.13419634e+00
1.01565000e+04 3.12925180e+00
1.02090000e+04 2.86288121e+00
1.04790000e+04 2.66331730e+00
1.06750000e+04 3.08482762e+00
1.08067794e+04 2.78148746e+00
1.09070000e+04 2.65434193e+00
1.09440000e+04 2.73874029e+00
1.09860000e+04 2.55388911e+00
1.09891201e+04 2.56074381e+00
1.10547812e+04 3.02724039e+00
1.10570000e+04 3.03590177e+00
1.12520000e+04 2.87941353e+00
1.13180000e+04 3.05875859e+00
1.13750000e+04 2.94181291e+00
1.13940000e+04 2.88564348e+00
1.14090000e+04 2.78767904e+00
1.14660000e+04 2.91614932e+00
1.15300000e+04 2.82670369e+00
1.16981669e+04 2.38761038e+00
1.17000000e+04 2.38759572e+00
1.17847149e+04 2.62214091e+00
1.17906997e+04 2.64716829e+00
1.18325938e+04 2.90017377e+00
1.18340000e+04 2.90223762e+00
1.19060000e+04 2.66863838e+00
1.20794115e+04 2.69682608e+00
1.21610000e+04 2.85469976e+00
1.22175000e+04 2.63341222e+00
1.22740000e+04 2.40738886e+00
1.26190000e+04 2.45824013e+00
1.28960000e+04 2.60502293e+00
1.32810000e+04 3.01753797e+00
1.34743090e+04 2.91127232e+00
1.37480000e+04 2.45902798e+00
1.39298371e+04 2.57537328e+00
1.40200000e+04 2.70704888e+00
1.42450000e+04 2.49691534e+00
1.43957285e+04 2.55175023e+00
1.48564600e+04 2.88423562e+00
1.49250000e+04 3.02629800e+00
1.49792863e+04 2.79727821e+00
1.50335725e+04 2.55528611e+00
1.51380000e+04 2.28969794e+00
1.53515699e+04 2.31952516e+00
1.56560000e+04 2.41651611e+00
1.64910000e+04 2.40598292e+00
1.66900000e+04 2.43650082e+00
1.67670000e+04 2.18093230e+00
1.69720000e+04 2.36139400e+00
1.75020000e+04 2.14194844e+00
1.77489217e+04 2.39364332e+00
1.81900000e+04 2.48680845e+00
1.87840000e+04 2.47391936e+00
1.90630000e+04 2.65160662e+00
1.92500000e+04 2.33961016e+00
1.94070000e+04 2.19151393e+00
1.95350000e+04 2.34673815e+00
1.99250000e+04 2.29012363e+00
2.00056250e+04 2.37061286e+00
2.00540000e+04 2.43898830e+00
2.03600000e+04 2.12223124e+00
2.06070000e+04 2.02165113e+00
2.07390000e+04 2.15327869e+00
2.08440000e+04 2.04552505e+00
2.14940000e+04 2.08498632e+00
2.16050000e+04 2.17616330e+00
2.17540000e+04 2.43097782e+00
2.18680000e+04 2.39321736e+00
2.21190000e+04 2.62862005e+00
2.22900000e+04 2.71372629e+00
2.23674375e+04 2.67884670e+00
2.25260000e+04 2.34299678e+00
2.26260000e+04 2.38771987e+00
2.27650000e+04 2.20909134e+00
2.29680000e+04 2.14152794e+00
2.31320000e+04 1.94412642e+00
2.33980000e+04 2.06168534e+00
2.34950000e+04 1.95461911e+00
2.36945000e+04 2.13040377e+00
2.37990000e+04 2.28560398e+00
2.41036933e+04 2.13649047e+00
2.41085297e+04 2.12726762e+00
2.41515751e+04 1.99863102e+00
2.41518601e+04 1.99860104e+00
2.41558341e+04 2.00685067e+00
2.41624576e+04 2.04251129e+00
2.41942500e+04 2.25086418e+00
2.41982920e+04 2.26689266e+00
2.42023340e+04 2.27386533e+00
2.51760000e+04 2.19323965e+00
2.52440000e+04 2.24946460e+00
2.55760000e+04 2.07784429e+00
2.56240000e+04 2.18939411e+00
2.58170000e+04 2.01434485e+00
2.61584669e+04 2.13137955e+00
2.63079880e+04 2.26503562e+00
2.63136768e+04 2.25506537e+00
2.63567493e+04 2.10597892e+00
2.63600000e+04 2.09947474e+00
2.66620000e+04 2.18899834e+00
2.67970000e+04 2.07398561e+00
2.70240000e+04 2.21693405e+00
2.76050000e+04 2.15069254e+00
2.80400000e+04 2.35085332e+00
2.86550000e+04 2.22770919e+00
2.87690000e+04 2.40005790e+00
2.91730000e+04 2.36620632e+00
2.92320000e+04 2.28120465e+00
2.99640000e+04 2.11334090e+00
3.11450000e+04 2.10891645e+00
3.20435859e+04 2.16969486e+00
3.23298515e+04 1.96639817e+00
3.23940000e+04 1.92054758e+00
3.35570000e+04 2.01390638e+00
3.44133036e+04 1.69448945e+00
3.44680000e+04 1.67795323e+00
3.45917134e+04 1.89260910e+00
3.45999609e+04 1.90223192e+00
3.46063687e+04 1.89677716e+00
3.46910938e+04 1.68271228e+00
3.46950755e+04 1.67927236e+00
3.47040240e+04 1.68546351e+00
3.47666633e+04 1.78137524e+00
3.47819913e+04 1.78966030e+00
3.53860000e+04 1.85428382e+00
3.68320000e+04 1.73629512e+00
3.74180000e+04 1.95111767e+00
3.77390000e+04 1.73472912e+00
3.78460000e+04 1.63552326e+00
3.81060000e+04 1.80855008e+00
3.83680000e+04 1.78111163e+00
3.84560000e+04 1.91835263e+00
3.86340000e+04 1.84925468e+00
3.88760000e+04 1.97739964e+00
3.92640000e+04 1.84598258e+00
3.98160000e+04 1.82499187e+00
4.03777321e+04 1.97873291e+00
4.06290000e+04 2.11750302e+00
4.14470000e+04 1.86815443e+00
4.21470000e+04 1.76661232e+00
4.22490000e+04 1.88797621e+00
4.23510000e+04 1.80837765e+00
4.25550000e+04 1.98998600e+00
4.29920000e+04 1.89077695e+00
4.58160000e+04 1.75804133e+00
4.63860000e+04 1.90655578e+00
4.68670000e+04 1.89989307e+00
4.73460000e+04 1.69234514e+00
4.80734112e+04 1.98119556e+00
4.81384677e+04 1.89540967e+00
4.82020000e+04 1.80662300e+00
4.84510000e+04 1.88946979e+00
4.88280000e+04 1.81339826e+00
4.89550000e+04 1.95823141e+00
4.90845001e+04 1.86760462e+00
5.15940000e+04 1.78174836e+00
5.22870000e+04 1.92206920e+00
5.28520000e+04 1.84597868e+00
5.34260000e+04 1.91761630e+00
5.41500000e+04 1.83022060e+00
5.53570000e+04 1.88651693e+00
5.97170000e+04 1.74890433e+00
6.04060000e+04 1.92785860e+00
6.11080000e+04 1.83093791e+00
6.32880000e+04 1.79414641e+00
6.40390000e+04 1.66567941e+00
6.53900000e+04 1.79401709e+00
6.55860000e+04 1.87945601e+00
6.58700000e+04 1.74325480e+00
6.61800000e+04 1.77632369e+00
6.65810000e+04 1.61207209e+00
6.68160000e+04 1.65457815e+00
6.71890000e+04 1.80208824e+00
6.77810000e+04 1.74751944e+00
6.80120000e+04 1.83671999e+00
6.86390000e+04 1.73173883e+00
6.88510000e+04 1.78303349e+00
6.94900000e+04 1.71692846e+00
7.03560000e+04 1.79526362e+00
7.10160000e+04 1.50340051e+00
7.18610000e+04 1.68553159e+00
7.25000000e+04 1.74733792e+00
7.28230000e+04 1.77048513e+00
7.37530000e+04 1.66330854e+00
7.46010000e+04 1.66882676e+00
7.50000000e+04 1.68212388e+00
8.50000000e+04 1.59844350e+00
9.50000000e+04 1.57733094e+00
1.00000000e+05 1.58785142e+00
1.19976400e+05 1.50101684e+00
1.60891848e+05 1.41932493e+00
1.74847783e+05 1.39993496e+00
1.80000000e+05 1.39687968e+00
2.00000000e+05 1.34692750e+00
2.10000000e+05 1.34956959e+00
2.30000000e+05 1.29923953e+00
2.35000000e+05 1.30396554e+00
2.40000000e+05 1.29382273e+00
2.45000000e+05 1.29337797e+00
2.70031409e+05 1.24965526e+00
2.80000000e+05 1.23421729e+00
3.00000000e+05 1.23070499e+00
3.25000000e+05 1.23588647e+00
3.50000000e+05 1.21611253e+00
3.75000000e+05 1.21857935e+00
4.00000000e+05 1.18562992e+00
4.25000000e+05 1.20236655e+00
4.50000000e+05 1.16520776e+00
4.75000000e+05 1.14021756e+00
5.00000000e+05 1.14199728e+00
5.20000000e+05 1.14018683e+00
5.40000000e+05 1.12302461e+00
5.70000000e+05 1.13947250e+00
6.00000000e+05 1.11002181e+00
6.50000000e+05 1.12009487e+00
7.00000000e+05 1.11680740e+00
7.50000000e+05 1.13208485e+00
8.00000000e+05 1.11061297e+00
8.50000000e+05 1.11960662e+00
9.00000000e+05 1.14370559e+00
9.40000000e+05 1.17291128e+00
9.60000000e+05 1.19728231e+00
9.80000000e+05 1.20648618e+00
1.10000000e+06 1.19400529e+00
1.74047732e+06 1.26673852e+00
2.00000000e+06 1.28849553e+00
2.67401135e+06 1.25027390e+00
3.21783696e+06 1.19867623e+00
3.88864309e+06 1.14598652e+00
4.14288322e+06 1.13142722e+00
4.50000000e+06 1.11749761e+00
5.00000000e+06 1.07310205e+00
5.30000000e+06 1.05729757e+00
5.50000000e+06 1.03790557e+00
5.80000000e+06 1.03881504e+00
6.00000000e+06 1.09191004e+00
6.20000000e+06 1.17950449e+00
6.50000000e+06 1.33369427e+00
7.00000000e+06 1.54339351e+00
7.50000000e+06 1.70148900e+00
7.75000000e+06 1.73830269e+00
8.00000000e+06 1.78528836e+00
8.50000000e+06 1.79269732e+00
1.00000000e+07 1.75889988e+00
1.01410820e+07 1.75565511e+00
1.02841544e+07 1.75236445e+00
1.04292453e+07 1.74902736e+00
1.05763832e+07 1.74564319e+00
1.07255969e+07 1.74221127e+00
1.08769158e+07 1.73873094e+00
1.10000000e+07 1.73590000e+00
1.11551902e+07 1.72590575e+00
1.13125698e+07 1.71577050e+00
1.14721698e+07 1.70549226e+00
1.15000000e+07 1.70370000e+00
1.16622443e+07 1.70918386e+00
1.18267776e+07 1.71474508e+00
1.19936321e+07 1.72038477e+00
1.20000000e+07 1.72060000e+00
1.21692984e+07 1.74866967e+00
1.23409853e+07 1.77713536e+00
1.25150944e+07 1.80600265e+00
1.26916598e+07 1.83527720e+00
1.26916598e+07 1.83527720e+00
1.28707163e+07 1.86496476e+00
1.30000000e+07 1.88640000e+00
1.31834066e+07 1.92172411e+00
1.33694007e+07 1.95754658e+00
1.35580189e+07 1.99387444e+00
1.37492982e+07 2.03071483e+00
1.39432760e+07 2.06807496e+00
1.40000000e+07 2.07900000e+00
1.41975148e+07 2.08330582e+00
1.43978162e+07 2.08767239e+00
1.45000000e+07 2.08990000e+00
1.47045689e+07 2.10487444e+00
1.49120239e+07 2.12006015e+00
1.50000000e+07 2.12650000e+00
1.52116230e+07 2.13229847e+00
1.54262316e+07 2.13817875e+00
1.56438680e+07 2.14414198e+00
1.58645748e+07 2.15018935e+00
1.60000000e+07 2.15390000e+00
1.62257312e+07 2.14134935e+00
1.64546471e+07 2.12862162e+00
1.66867925e+07 2.11571434e+00
1.69222131e+07 2.10262495e+00
1.70000000e+07 2.09830000e+00
1.72398394e+07 2.08887431e+00
1.74830625e+07 2.07931564e+00
1.77297170e+07 2.06962212e+00
1.79798514e+07 2.05979184e+00
1.79798514e+07 2.05979184e+00
1.80000000e+07 2.05900000e+00
1.82539476e+07 2.05227039e+00
1.85114779e+07 2.04544583e+00
1.87726416e+07 2.03852500e+00
1.87726416e+07 2.03852500e+00
1.90000000e+07 2.03250000e+00
1.92680558e+07 2.02957819e+00
1.95398934e+07 2.02661516e+00
1.98155661e+07 2.02361033e+00
1.98155661e+07 2.02361033e+00
2.00000000e+07 2.02160000e+00
2.02821640e+07 2.04036391e+00
2.05683088e+07 2.05939254e+00
2.08584906e+07 2.07868963e+00
2.10000000e+07 2.08810000e+00
2.12962722e+07 2.09621786e+00
2.15967243e+07 2.10445024e+00
2.19014152e+07 2.11279878e+00
2.20000000e+07 2.11550000e+00
2.23103804e+07 2.12450103e+00
2.26251397e+07 2.13362905e+00
2.29443397e+07 2.14288585e+00
2.30000000e+07 2.14450000e+00
2.33244886e+07 2.12652333e+00
2.36535551e+07 2.10829304e+00
2.39872642e+07 2.08980556e+00
2.40000000e+07 2.08910000e+00
2.43385968e+07 2.10186510e+00
2.46819706e+07 2.11481029e+00
2.50000000e+07 2.12680000e+00
2.53527050e+07 2.12729379e+00
2.57103860e+07 2.12779454e+00
2.60000000e+07 2.12820000e+00
2.63668132e+07 2.12097378e+00
2.67388015e+07 2.11364561e+00
2.70000000e+07 2.10850000e+00
2.73809214e+07 2.11844205e+00
2.77672169e+07 2.12852436e+00
2.80000000e+07 2.13460000e+00
2.83950296e+07 2.12302563e+00
2.87956324e+07 2.11128797e+00
2.90000000e+07 2.10530000e+00
2.94091378e+07 2.12563415e+00
2.98240478e+07 2.14625518e+00
3.00000000e+07 2.15500000e+00
