24413
1.00000000e-05 5.46255636e+03
1.10303700e-05 5.20117624e+03
1.21669100e-05 4.95230379e+03
1.34205500e-05 4.71534052e+03
1.48033600e-05 4.48971660e+03
1.63286500e-05 4.27488944e+03
1.80111100e-05 4.07034244e+03
1.98669100e-05 3.87558370e+03
2.19139400e-05 3.69014487e+03
2.41718900e-05 3.51358002e+03
2.66624800e-05 3.34546454e+03
2.94097100e-05 3.18539415e+03
3.24399900e-05 3.03298392e+03
3.57825100e-05 2.88786733e+03
3.94694300e-05 2.74969540e+03
4.35362400e-05 2.61813587e+03
4.80220800e-05 2.49287236e+03
5.29701300e-05 2.37360364e+03
5.84280100e-05 2.26004288e+03
6.44482500e-05 2.15191700e+03
7.10888100e-05 2.04896598e+03
7.84135800e-05 1.95094223e+03
8.64930800e-05 1.85761003e+03
9.54050600e-05 1.76874493e+03
1.05235300e-04 1.68413321e+03
1.16078400e-04 1.60357141e+03
1.28038800e-04 1.52686578e+03
1.41231500e-04 1.45383184e+03
1.55783600e-04 1.38429396e+03
1.71835100e-04 1.31808490e+03
1.89540400e-04 1.25504542e+03
2.09070100e-04 1.19502391e+03
2.30612000e-04 1.13787601e+03
2.54373600e-04 1.08346427e+03
2.80583500e-04 1.03165781e+03
3.09493900e-04 9.82332006e+02
3.41383200e-04 9.35368209e+02
3.76558300e-04 8.90653433e+02
4.15357700e-04 8.48080094e+02
4.58154900e-04 8.07545750e+02
5.05361800e-04 7.68952849e+02
5.57432800e-04 7.32208500e+02
6.14868900e-04 6.97224239e+02
6.78223200e-04 6.63915822e+02
7.48105200e-04 6.32203014e+02
8.25187700e-04 6.02009397e+02
9.10212500e-04 5.73262181e+02
1.00399800e-03 5.45892028e+02
1.10744690e-03 5.19832883e+02
1.22155490e-03 4.95021810e+02
1.34742020e-03 4.71398841e+02
1.48625420e-03 4.48906829e+02
1.63939330e-03 4.27491310e+02
1.80831140e-03 4.07100383e+02
1.99463430e-03 3.87684588e+02
2.20015530e-03 3.69196810e+02
2.42685260e-03 3.51592184e+02
2.67690810e-03 3.34827969e+02
2.95272860e-03 3.18863287e+02
3.25696870e-03 3.03658585e+02
3.59255680e-03 2.89174649e+02
3.96272290e-03 2.75371352e+02
4.37102980e-03 2.62206805e+02
4.82140740e-03 2.49637996e+02
5.31819050e-03 2.37623179e+02
5.86616070e-03 2.26124611e+02
6.47059200e-03 2.15109383e+02
7.13730200e-03 2.04548840e+02
7.87270780e-03 1.94412407e+02
8.68388760e-03 1.84672943e+02
9.57864890e-03 1.75303252e+02
1.05656037e-02 1.66278298e+02
1.16542513e-02 1.57576492e+02
1.28550698e-02 1.49180917e+02
1.41796170e-02 1.41080636e+02
1.56406415e-02 1.33272744e+02
1.71321998e-02 1.26287729e+02
1.87650786e-02 1.19572133e+02
2.05545965e-02 1.13126337e+02
2.25136658e-02 1.06966029e+02
2.44879247e-02 1.01542729e+02
2.52418800e-02 9.96516272e+01
2.53000000e-02 9.95096354e+01
2.75185970e-02 9.44576923e+01
2.99317462e-02 8.96672968e+01
3.25565083e-02 8.51309067e+01
3.54114399e-02 8.08422456e+01
3.85167250e-02 7.67919218e+01
4.18943175e-02 7.29680805e+01
4.55680964e-02 6.93580807e+01
4.95640347e-02 6.59497259e+01
5.39103832e-02 6.27317052e+01
5.86378699e-02 5.96936502e+01
6.37799173e-02 5.68266316e+01
6.93728790e-02 5.41240455e+01
7.54562963e-02 5.15820694e+01
8.20731781e-02 4.91996630e+01
8.92703047e-02 4.69789603e+01
9.70985588e-02 4.49260164e+01
1.05613285e-01 4.30503948e+01
1.14075616e-01 4.14963422e+01
1.23209952e-01 4.01213429e+01
1.33082228e-01 3.89504556e+01
1.42738633e-01 3.80923628e+01
1.52023317e-01 3.75239453e+01
1.61919884e-01 3.71824323e+01
1.69313801e-01 3.71088769e+01
1.79072764e-01 3.72542880e+01
1.88076797e-01 3.76255080e+01
1.97523875e-01 3.82604890e+01
2.07455657e-01 3.91868990e+01
2.19413053e-01 4.05908882e+01
2.47154378e-01 4.42450823e+01
2.55970371e-01 4.51686980e+01
2.63243882e-01 4.56683089e+01
2.70590706e-01 4.58508108e+01
2.76944109e-01 4.57038078e+01
2.82818567e-01 4.52992341e+01
2.88831805e-01 4.46191035e+01
2.94958422e-01 4.36654477e+01
3.01229775e-01 4.24473532e+01
3.09789352e-01 4.04704790e+01
3.20823792e-01 3.75856087e+01
3.44102668e-01 3.12520948e+01
3.53880497e-01 2.87809090e+01
3.61404640e-01 2.70281941e+01
3.69070651e-01 2.53887080e+01
3.76917765e-01 2.38628906e+01
3.84912836e-01 2.24595838e+01
3.93096784e-01 2.11698781e+01
4.01435040e-01 1.99945575e+01
4.09970279e-01 1.89209888e+01
4.18666451e-01 1.79460711e+01
4.27568062e-01 1.70568264e+01
4.36637512e-01 1.62492162e+01
4.45921221e-01 1.55117858e+01
4.55379973e-01 1.48410128e+01
4.65062181e-01 1.42268469e+01
4.78277128e-01 1.34862343e+01
4.91867583e-01 1.28215653e+01
5.05844218e-01 1.22240771e+01
5.20218004e-01 1.16860414e+01
5.35000229e-01 1.12005772e+01
5.54056493e-01 1.06553132e+01
5.73819681e-01 1.01675047e+01
5.94258662e-01 9.73275595e+00
6.15455861e-01 9.34458607e+00
6.37377888e-01 9.00031022e+00
6.60113149e-01 8.69672055e+00
6.88448197e-01 8.38092397e+00
7.12970151e-01 8.16029592e+00
7.38401787e-01 7.98210587e+00
7.64703046e-01 7.85003499e+00
7.91979994e-01 7.77002185e+00
8.10534128e-01 7.75360956e+00
8.29559755e-01 7.77299867e+00
8.47156138e-01 7.82693027e+00
8.65168220e-01 7.92553191e+00
8.83519918e-01 8.07824254e+00
8.95984794e-01 8.21759595e+00
9.08625527e-01 8.39507338e+00
9.21444597e-01 8.61892873e+00
9.34444522e-01 8.89872952e+00
9.47627852e-01 9.24754524e+00
9.57654845e-01 9.56566356e+00
9.67776146e-01 9.94161364e+00
9.77992421e-01 1.03861086e+01
9.88304334e-01 1.09122530e+01
9.95275932e-01 1.13189884e+01
1.00224753e+00 1.17725426e+01
1.00931748e+00 1.22856848e+01
1.01638744e+00 1.28579287e+01
1.02355714e+00 1.35042214e+01
1.03072684e+00 1.42222932e+01
1.03799769e+00 1.50285527e+01
1.04526854e+00 1.59168453e+01
1.05264197e+00 1.69026974e+01
1.06001539e+00 1.79720441e+01
1.07123158e+00 1.97421566e+01
1.08634473e+00 2.23155015e+01
1.10167109e+00 2.49382305e+01
1.10941527e+00 2.61667592e+01
1.11721369e+00 2.72718742e+01
1.12506712e+00 2.81987906e+01
1.13099845e+00 2.87457238e+01
1.13692978e+00 2.91414928e+01
1.14326168e+00 2.93825237e+01
1.14801060e+00 2.94344819e+01
1.15364824e+00 2.93505022e+01
1.15973025e+00 2.90848136e+01
1.16581227e+00 2.86452003e+01
1.17198008e+00 2.80353155e+01
1.17814790e+00 2.72785547e+01
1.18642967e+00 2.60702915e+01
1.19476944e+00 2.46860256e+01
1.20739677e+00 2.24061801e+01
1.22443097e+00 1.92737312e+01
1.23300772e+00 1.77701534e+01
1.24170548e+00 1.63361600e+01
1.25040324e+00 1.50115806e+01
1.25701860e+00 1.40833163e+01
1.26363395e+00 1.32249310e+01
1.27028041e+00 1.24320611e+01
1.27698909e+00 1.17001169e+01
1.28369778e+00 1.10334078e+01
1.29046956e+00 1.04224000e+01
1.29727289e+00 9.86660836e+00
1.30407622e+00 9.36419888e+00
1.31097553e+00 8.90428781e+00
1.31787484e+00 8.48945954e+00
1.32247439e+00 8.23564566e+00
1.33180325e+00 7.77070133e+00
1.34113212e+00 7.36432512e+00
1.35059260e+00 7.00310422e+00
1.36005308e+00 6.68549169e+00
1.36964703e+00 6.40131792e+00
1.37924098e+00 6.14963949e+00
1.38897029e+00 5.92255825e+00
1.40363287e+00 5.62458355e+00
1.41843272e+00 5.36777724e+00
1.43344137e+00 5.14399924e+00
1.44859118e+00 4.94904686e+00
1.45873811e+00 4.83314252e+00
1.47931828e+00 4.62774581e+00
1.50018880e+00 4.45267764e+00
1.52135376e+00 4.30307537e+00
1.54281733e+00 4.17541707e+00
1.56458370e+00 4.06706111e+00
1.58665716e+00 3.97616960e+00
1.60904204e+00 3.90166007e+00
1.63174273e+00 3.84317825e+00
1.65476368e+00 3.80108306e+00
1.67810942e+00 3.77663595e+00
1.69865717e+00 3.77180741e+00
1.72262216e+00 3.78883047e+00
1.74084949e+00 3.82152621e+00
1.75924824e+00 3.87627671e+00
1.77781965e+00 3.95954241e+00
1.79031649e+00 4.03592754e+00
1.80290149e+00 4.13413270e+00
1.81557463e+00 4.26043545e+00
1.82512419e+00 4.37868354e+00
1.83476315e+00 4.52356552e+00
1.84440211e+00 4.70089772e+00
1.85087341e+00 4.84270956e+00
1.85739004e+00 5.00823934e+00
1.86390667e+00 5.20126936e+00
1.87042330e+00 5.42765075e+00
1.87533376e+00 5.62459833e+00
1.88029019e+00 5.85048977e+00
1.88524662e+00 6.10800763e+00
1.89020304e+00 6.40223102e+00
1.89515947e+00 6.73894697e+00
1.90011589e+00 7.12466685e+00
1.90514225e+00 7.57328032e+00
1.90849315e+00 7.90849868e+00
1.91184405e+00 8.27561003e+00
1.91519495e+00 8.67725980e+00
1.91854586e+00 9.11613770e+00
1.92189676e+00 9.59493440e+00
1.92524766e+00 1.01162897e+01
1.92851601e+00 1.06682159e+01
1.93170180e+00 1.12495663e+01
1.93648048e+00 1.22057810e+01
1.94125917e+00 1.32672542e+01
1.94603785e+00 1.44369629e+01
1.95081654e+00 1.57154325e+01
1.95518948e+00 1.69786151e+01
1.96074955e+00 1.87060731e+01
1.96630963e+00 2.05546781e+01
1.97464975e+00 2.35021371e+01
1.99161342e+00 2.96763785e+01
1.99839889e+00 3.19784360e+01
2.00355673e+00 3.35727903e+01
2.00885204e+00 3.50208288e+01
2.01414736e+00 3.62355157e+01
2.01944267e+00 3.71799068e+01
2.02473799e+00 3.78245692e+01
2.03003330e+00 3.81492179e+01
2.03269029e+00 3.81879804e+01
2.03716222e+00 3.80648930e+01
2.04254161e+00 3.76088321e+01
2.04792101e+00 3.68318489e+01
2.05330040e+00 3.57600283e+01
2.05867979e+00 3.44280534e+01
2.06408448e+00 3.28694524e+01
2.06953977e+00 3.11192423e+01
2.07681348e+00 2.85944969e+01
2.09427778e+00 2.22724768e+01
2.10156996e+00 1.97607626e+01
2.10740369e+00 1.78765124e+01
2.11177900e+00 1.65513370e+01
2.11608454e+00 1.53277506e+01
2.12025054e+00 1.42231195e+01
2.12441654e+00 1.31978444e+01
2.12858254e+00 1.22516941e+01
2.13274854e+00 1.13831206e+01
2.13691455e+00 1.05895065e+01
2.14038690e+00 9.98283804e+00
2.14385925e+00 9.42353033e+00
2.14733160e+00 8.90904293e+00
2.15080396e+00 8.43669807e+00
2.15427631e+00 8.00374493e+00
2.15774866e+00 7.60741627e+00
2.16122101e+00 7.24497434e+00
2.16469337e+00 6.91374995e+00
2.16851086e+00 6.58256717e+00
2.17232835e+00 6.28276476e+00
2.17614584e+00 6.01129870e+00
2.17996333e+00 5.76534285e+00
2.18568957e+00 5.43861186e+00
2.19141580e+00 5.15564383e+00
2.19716897e+00 4.90861419e+00
2.20297599e+00 4.69124599e+00
2.20878301e+00 4.50097667e+00
2.21459004e+00 4.33359148e+00
2.22233274e+00 4.14003354e+00
2.23013005e+00 3.97319372e+00
2.23798198e+00 3.82827237e+00
2.24583392e+00 3.70228452e+00
2.25761182e+00 3.54175419e+00
2.26955588e+00 3.40646244e+00
2.28149995e+00 3.29274616e+00
2.28946265e+00 3.22666705e+00
2.30561275e+00 3.11191072e+00
2.32176285e+00 3.01786577e+00
2.33814080e+00 2.93898910e+00
2.36282325e+00 2.84408392e+00
2.38773677e+00 2.77070090e+00
2.41300177e+00 2.71446970e+00
2.43850440e+00 2.67304680e+00
2.46424633e+00 2.64474254e+00
2.49022925e+00 2.62917936e+00
2.51062171e+00 2.62654334e+00
2.53718698e+00 2.63726481e+00
2.56400210e+00 2.66767938e+00
2.58196214e+00 2.70240178e+00
2.60017555e+00 2.75292487e+00
2.61838897e+00 2.82249179e+00
2.63224176e+00 2.89039674e+00
2.64609454e+00 2.97253393e+00
2.65532973e+00 3.03530757e+00
2.67406069e+00 3.18053198e+00
2.72128448e+00 3.59018712e+00
2.73559790e+00 3.69651056e+00
2.75004530e+00 3.78065799e+00
2.76449271e+00 3.83624373e+00
2.78011307e+00 3.86308094e+00
2.78501587e+00 3.86496509e+00
2.79972427e+00 3.85556715e+00
2.84419531e+00 3.78012444e+00
2.85413924e+00 3.77488728e+00
2.86529148e+00 3.78195043e+00
2.87537972e+00 3.80278306e+00
2.88546795e+00 3.83949298e+00
2.89555619e+00 3.89392379e+00
2.90571559e+00 3.96844885e+00
2.91594615e+00 4.06543532e+00
2.92617671e+00 4.18670177e+00
2.93640728e+00 4.33497958e+00
2.94671000e+00 4.51497695e+00
2.95449118e+00 4.67379284e+00
2.96227235e+00 4.85454289e+00
2.97005352e+00 5.05950764e+00
2.97783470e+00 5.29116450e+00
2.98565246e+00 5.55343291e+00
2.99354341e+00 5.85092124e+00
3.00143436e+00 6.18404491e+00
3.00932531e+00 6.55529951e+00
3.01721627e+00 6.96673930e+00
3.02510722e+00 7.41972628e+00
3.03310950e+00 7.92192785e+00
3.04111177e+00 8.46631972e+00
3.05178148e+00 9.25306439e+00
3.06245118e+00 1.00984644e+01
3.09483662e+00 1.27997323e+01
3.10565686e+00 1.36397006e+01
3.11381020e+00 1.42113509e+01
3.12203986e+00 1.47157788e+01
3.13026953e+00 1.51313486e+01
3.13849920e+00 1.54444935e+01
3.14672886e+00 1.56449718e+01
3.15495853e+00 1.57265604e+01
3.15622889e+00 1.57283864e+01
3.16457802e+00 1.56691024e+01
3.17292716e+00 1.54894297e+01
3.18127629e+00 1.51975661e+01
3.18962542e+00 1.48056475e+01
3.19797455e+00 1.43288971e+01
3.20640222e+00 1.37792401e+01
3.21769145e+00 1.29680684e+01
3.24591453e+00 1.08338150e+01
3.25736303e+00 1.00225731e+01
3.26594941e+00 9.46043908e+00
3.27453578e+00 8.94605516e+00
3.28312216e+00 8.48399451e+00
3.29170854e+00 8.07672708e+00
3.30041605e+00 7.72048839e+00
3.30912357e+00 7.42098286e+00
3.31783108e+00 7.17695947e+00
3.32653860e+00 6.98677740e+00
3.33524611e+00 6.84877274e+00
3.34246094e+00 6.77295468e+00
3.35108557e+00 6.72738821e+00
3.35539789e+00 6.72293035e+00
3.36427388e+00 6.75252145e+00
3.37314987e+00 6.83556941e+00
3.38202587e+00 6.97481189e+00
3.39090186e+00 7.17455306e+00
3.39681919e+00 7.34424636e+00
3.40273651e+00 7.54576631e+00
3.40873733e+00 7.78539144e+00
3.41473814e+00 8.06376225e+00
3.42073895e+00 8.38458967e+00
3.42673976e+00 8.75204528e+00
3.43274057e+00 9.17074647e+00
3.43874138e+00 9.64572206e+00
3.44474219e+00 1.01823533e+01
3.45074300e+00 1.07862845e+01
3.45552091e+00 1.13191202e+01
3.46029883e+00 1.19012050e+01
3.46507674e+00 1.25353827e+01
3.46985465e+00 1.32243497e+01
3.47463257e+00 1.39705686e+01
3.47941048e+00 1.47761741e+01
3.48418839e+00 1.56428691e+01
3.49115737e+00 1.70187987e+01
3.49773055e+00 1.84387878e+01
3.50430374e+00 1.99752545e+01
3.51087693e+00 2.16225853e+01
3.51964118e+00 2.39744181e+01
3.53121843e+00 2.72962195e+01
3.55280380e+00 3.37308425e+01
3.56239729e+00 3.64592063e+01
3.57182086e+00 3.89068315e+01
3.57810324e+00 4.03562843e+01
3.58438561e+00 4.16240209e+01
3.59066799e+00 4.26823033e+01
3.59695037e+00 4.35072762e+01
3.60323274e+00 4.40799331e+01
3.60951512e+00 4.43868952e+01
3.61364104e+00 4.44402096e+01
3.61781302e+00 4.43737672e+01
3.62418750e+00 4.40405335e+01
3.63056198e+00 4.34349212e+01
3.63693647e+00 4.25714868e+01
3.64331095e+00 4.14705353e+01
3.64968543e+00 4.01572351e+01
3.65605992e+00 3.86605622e+01
3.66562164e+00 3.61413344e+01
3.67619415e+00 3.30932378e+01
3.69998229e+00 2.59556556e+01
3.70791167e+00 2.36736215e+01
3.71534277e+00 2.16372257e+01
3.72277387e+00 1.97214113e+01
3.73020497e+00 1.79405029e+01
3.73577830e+00 1.66984685e+01
3.74157922e+00 1.54928006e+01
3.74749394e+00 1.43547946e+01
3.75340865e+00 1.33072968e+01
3.75932336e+00 1.23473284e+01
3.76523808e+00 1.14709234e+01
3.76918122e+00 1.09307875e+01
3.77462254e+00 1.02402037e+01
3.78006386e+00 9.60934740e+00
3.78550519e+00 9.03394848e+00
3.79094651e+00 8.50973175e+00
3.79638783e+00 8.03250148e+00
3.80182916e+00 7.59820728e+00
3.80727048e+00 7.20299302e+00
3.81271180e+00 6.84323070e+00
3.81943562e+00 6.44263318e+00
3.82615943e+00 6.08519825e+00
3.83288324e+00 5.76570217e+00
3.83960705e+00 5.47950592e+00
3.84633087e+00 5.22251971e+00
3.85305468e+00 4.99115972e+00
3.85977849e+00 4.78230009e+00
3.86991164e+00 4.50414832e+00
3.88013965e+00 4.26112888e+00
3.89036766e+00 4.04961677e+00
3.90059567e+00 3.86445828e+00
3.91082368e+00 3.70150564e+00
3.92105169e+00 3.55739950e+00
3.93488144e+00 3.38772776e+00
3.94871118e+00 3.24216805e+00
3.96254093e+00 3.11654054e+00
3.97637067e+00 3.00756103e+00
3.99039553e+00 2.91136126e+00
4.01143282e+00 2.78946028e+00
4.03247010e+00 2.68964321e+00
4.05380419e+00 2.60693475e+00
4.07513828e+00 2.53985873e+00
4.08936100e+00 2.50262520e+00
4.11820776e+00 2.44281382e+00
4.14705452e+00 2.40112416e+00
4.17630826e+00 2.37504358e+00
4.20827530e+00 2.36380157e+00
4.21098860e+00 2.36365243e+00
4.24069333e+00 2.37009654e+00
4.27039807e+00 2.39136728e+00
4.30052188e+00 2.42882626e+00
4.33064570e+00 2.48405878e+00
4.35355730e+00 2.53985032e+00
4.37646891e+00 2.60963403e+00
4.39948826e+00 2.69627116e+00
4.42272311e+00 2.80391209e+00
4.43821301e+00 2.88929605e+00
4.45370291e+00 2.98777748e+00
4.46941134e+00 3.10351027e+00
4.48511977e+00 3.23842987e+00
4.50082821e+00 3.39677906e+00
4.51260953e+00 3.53428203e+00
4.52450166e+00 3.69288664e+00
4.53644920e+00 3.87652249e+00
4.54839674e+00 4.09017197e+00
4.55636177e+00 4.25295321e+00
4.56432679e+00 4.43533899e+00
4.57229182e+00 4.64095042e+00
4.58025684e+00 4.87429209e+00
4.58757698e+00 5.11798900e+00
4.59489713e+00 5.39521280e+00
4.60221727e+00 5.71253719e+00
4.60770737e+00 5.98160213e+00
4.61319748e+00 6.28168413e+00
4.61868759e+00 6.61737622e+00
4.62417769e+00 6.99393975e+00
4.62966780e+00 7.41737050e+00
4.63515790e+00 7.89445865e+00
4.63881797e+00 8.24606270e+00
4.64305252e+00 8.69008941e+00
4.64728706e+00 9.17802585e+00
4.65152161e+00 9.71433643e+00
4.65575615e+00 1.03038053e+01
4.65999070e+00 1.09515270e+01
4.66422524e+00 1.16628878e+01
4.66845978e+00 1.24435404e+01
4.67269433e+00 1.32993669e+01
4.67616931e+00 1.40620940e+01
4.67964430e+00 1.48829435e+01
4.68311928e+00 1.57653619e+01
4.68659427e+00 1.67127956e+01
4.69006925e+00 1.77286583e+01
4.69354424e+00 1.88162911e+01
4.69875671e+00 2.05893310e+01
4.70336694e+00 2.23062929e+01
4.70767605e+00 2.40432271e+01
4.71198515e+00 2.59123337e+01
4.71629425e+00 2.79171313e+01
4.72060335e+00 3.00600859e+01
4.72629084e+00 3.31019640e+01
4.73192035e+00 3.63509490e+01
4.73754985e+00 3.98312588e+01
4.74317936e+00 4.35321262e+01
4.75034451e+00 4.85349967e+01
4.75904529e+00 5.49837832e+01
4.77209647e+00 6.51691182e+01
4.78900178e+00 7.84557659e+01
4.79720631e+00 8.45459794e+01
4.80541083e+00 9.01557564e+01
4.81361536e+00 9.51042060e+01
4.81908504e+00 9.79519742e+01
4.82455472e+00 1.00386137e+02
4.83075318e+00 1.02595951e+02
4.83695164e+00 1.04179096e+02
4.84315009e+00 1.05102582e+02
4.84934855e+00 1.05347481e+02
4.85616823e+00 1.04828365e+02
4.86298790e+00 1.03498260e+02
4.86980758e+00 1.01393335e+02
4.87662726e+00 9.85690434e+01
4.88344694e+00 9.50975957e+01
4.89026661e+00 9.10647696e+01
4.89708629e+00 8.65662673e+01
4.90390597e+00 8.17038406e+01
4.91748594e+00 7.13477234e+01
4.93559257e+00 5.72724957e+01
4.94323591e+00 5.15788127e+01
4.94946928e+00 4.71390705e+01
4.95570265e+00 4.29214356e+01
4.96193601e+00 3.89530765e+01
4.96811697e+00 3.52827256e+01
4.97271338e+00 3.27308172e+01
4.97730979e+00 3.03326944e+01
4.98190620e+00 2.80884318e+01
4.98650261e+00 2.59964415e+01
4.99116058e+00 2.40286645e+01
4.99594166e+00 2.21635974e+01
5.00072274e+00 2.04493439e+01
5.00550382e+00 1.88790065e+01
5.01028490e+00 1.74449922e+01
5.01506598e+00 1.61392275e+01
5.01906517e+00 1.51394438e+01
5.02306436e+00 1.42185861e+01
5.02706355e+00 1.33717004e+01
5.03106274e+00 1.25938908e+01
5.03506193e+00 1.18803657e+01
5.03906112e+00 1.12264742e+01
5.04306031e+00 1.06277370e+01
5.04705950e+00 1.00798698e+01
5.05170330e+00 9.50215283e+00
5.05634709e+00 8.98155116e+00
5.06099089e+00 8.51249343e+00
5.06563469e+00 8.08983526e+00
5.07027849e+00 7.70885530e+00
5.07492229e+00 7.36524451e+00
5.08111402e+00 6.95851790e+00
5.08730575e+00 6.60306680e+00
5.09349749e+00 6.29173637e+00
5.09884034e+00 6.05379490e+00
5.10558132e+00 5.78860489e+00
5.11232230e+00 5.55702208e+00
5.11906328e+00 5.35407791e+00
5.12805124e+00 5.12095021e+00
5.13703921e+00 4.92341221e+00
5.14602718e+00 4.75516543e+00
5.15501515e+00 4.61124978e+00
5.16400312e+00 4.48774341e+00
5.17761188e+00 4.33281240e+00
5.19128404e+00 4.20886607e+00
5.20495620e+00 4.11055553e+00
5.21862836e+00 4.03324804e+00
5.23230053e+00 3.97335218e+00
5.24901351e+00 3.91965318e+00
5.27180815e+00 3.87405055e+00
5.29460278e+00 3.85283206e+00
5.31155156e+00 3.84884695e+00
5.33960325e+00 3.85745032e+00
5.45286537e+00 3.94573593e+00
5.49694051e+00 3.96353135e+00
5.53571648e+00 3.96623104e+00
5.57449245e+00 3.96517938e+00
5.62182010e+00 3.97370750e+00
5.66133760e+00 4.00487135e+00
5.69111511e+00 4.05285267e+00
5.72117137e+00 4.13018060e+00
5.74120888e+00 4.20156075e+00
5.76124639e+00 4.29176854e+00
5.78156660e+00 4.40538958e+00
5.80188680e+00 4.54462869e+00
5.82220701e+00 4.71346186e+00
5.84252721e+00 4.91685829e+00
5.85798238e+00 5.09853468e+00
5.87343754e+00 5.30724318e+00
5.88889270e+00 5.54704463e+00
5.90434787e+00 5.82276258e+00
5.91980303e+00 6.14014154e+00
5.93540356e+00 6.50971883e+00
5.94585237e+00 6.78897171e+00
5.95630117e+00 7.09694332e+00
5.96674998e+00 7.43676128e+00
5.97719878e+00 7.81183863e+00
5.98764759e+00 8.22587868e+00
5.99809640e+00 8.68288806e+00
6.00854520e+00 9.18720457e+00
6.01780338e+00 9.67736884e+00
6.02706156e+00 1.02119670e+01
6.03631974e+00 1.07949672e+01
6.04557791e+00 1.14308378e+01
6.05483609e+00 1.21247334e+01
6.06409427e+00 1.28827610e+01
6.07335245e+00 1.37123486e+01
6.08261063e+00 1.46227396e+01
6.08998886e+00 1.54138320e+01
6.09736709e+00 1.62709664e+01
6.10474533e+00 1.72031091e+01
6.11212356e+00 1.82211792e+01
6.11950180e+00 1.93384253e+01
6.12688003e+00 2.05708269e+01
6.13425826e+00 2.19375057e+01
6.14163650e+00 2.34611270e+01
6.14721503e+00 2.47333481e+01
6.15279356e+00 2.61234612e+01
6.15837209e+00 2.76459631e+01
6.16395063e+00 2.93168000e+01
6.16952916e+00 3.11533579e+01
6.17510769e+00 3.31744096e+01
6.18068622e+00 3.54000173e+01
6.18626476e+00 3.78513753e+01
6.19070331e+00 3.99777573e+01
6.19514187e+00 4.22724723e+01
6.19958043e+00 4.47470996e+01
6.20401899e+00 4.74132296e+01
6.20845754e+00 5.02823159e+01
6.21289610e+00 5.33655036e+01
6.21733466e+00 5.66734485e+01
6.22376265e+00 6.18826020e+01
6.22973096e+00 6.71831838e+01
6.23569927e+00 7.29481615e+01
6.24166759e+00 7.91894929e+01
6.24763590e+00 8.59128733e+01
6.25360421e+00 9.31166685e+01
6.26068325e+00 1.02269643e+02
6.26776229e+00 1.12050332e+02
6.27484133e+00 1.22405021e+02
6.28473516e+00 1.37692343e+02
6.30162389e+00 1.65204419e+02
6.31569784e+00 1.88306670e+02
6.32695700e+00 2.05933472e+02
6.33451901e+00 2.16932160e+02
6.34208102e+00 2.26986848e+02
6.34964303e+00 2.35875871e+02
6.35720504e+00 2.43395268e+02
6.36476705e+00 2.49366778e+02
6.37232906e+00 2.53645041e+02
6.37989107e+00 2.56123621e+02
6.38745307e+00 2.56739440e+02
6.39358314e+00 2.55858306e+02
6.39971320e+00 2.53754371e+02
6.40379991e+00 2.51688001e+02
6.41197332e+00 2.46029509e+02
6.42014674e+00 2.38473285e+02
6.42832016e+00 2.29224865e+02
6.43649357e+00 2.18528325e+02
6.44466699e+00 2.06655026e+02
6.45758164e+00 1.86194749e+02
6.48602904e+00 1.38767751e+02
6.49735706e+00 1.20741609e+02
6.50394384e+00 1.10799043e+02
6.51053062e+00 1.01336742e+02
6.51711740e+00 9.24041013e+01
6.52425989e+00 8.33562190e+01
6.52961677e+00 7.70217136e+01
6.53497364e+00 7.10795840e+01
6.54033051e+00 6.55294066e+01
6.54568738e+00 6.03664438e+01
6.55108923e+00 5.55436329e+01
6.55649108e+00 5.10940466e+01
6.56189293e+00 4.70031293e+01
6.56729477e+00 4.32542543e+01
6.57269662e+00 3.98292553e+01
6.57650029e+00 3.76015271e+01
6.58050640e+00 3.54109806e+01
6.58451251e+00 3.33721932e+01
6.58851862e+00 3.14769861e+01
6.59252472e+00 2.97172355e+01
6.59653083e+00 2.80849313e+01
6.60053694e+00 2.65722337e+01
6.60454305e+00 2.51715151e+01
6.60929048e+00 2.36464526e+01
6.61477926e+00 2.20509718e+01
6.62026802e+00 2.06190154e+01
6.62575680e+00 1.93345809e+01
6.63124557e+00 1.81828588e+01
6.63673433e+00 1.71502412e+01
6.64222311e+00 1.62243067e+01
6.64771187e+00 1.53937855e+01
6.65292910e+00 1.46835213e+01
6.65787477e+00 1.40741925e+01
6.66529328e+00 1.32636906e+01
6.67271179e+00 1.25617393e+01
6.68013030e+00 1.19532273e+01
6.68754881e+00 1.14254520e+01
6.69496732e+00 1.09678141e+01
6.70238583e+00 1.05715375e+01
6.70980434e+00 1.02294188e+01
6.71969569e+00 9.84756655e+00
6.72958703e+00 9.54102151e+00
6.73851199e+00 9.32266420e+00
6.74743694e+00 9.15559966e+00
6.75636189e+00 9.03759259e+00
6.76528685e+00 8.96782181e+00
6.77421180e+00 8.94682028e+00
6.78240955e+00 8.97208815e+00
6.79024370e+00 9.03842824e+00
6.79807785e+00 9.14908728e+00
6.80591201e+00 9.30801890e+00
6.81374616e+00 9.52013855e+00
6.82158031e+00 9.79137741e+00
6.82941446e+00 1.01287284e+01
6.83724861e+00 1.05402756e+01
6.84508277e+00 1.10351967e+01
6.85291692e+00 1.16237278e+01
6.85813969e+00 1.20735867e+01
6.86371998e+00 1.26096974e+01
6.86965780e+00 1.32479992e+01
6.87559562e+00 1.39617012e+01
6.88153344e+00 1.47564509e+01
6.88747126e+00 1.56378844e+01
6.89340907e+00 1.66115105e+01
6.89934689e+00 1.76825777e+01
6.90528471e+00 1.88559240e+01
6.91039725e+00 1.99514103e+01
6.91682815e+00 2.14450341e+01
6.92325905e+00 2.30706060e+01
6.92968994e+00 2.48299714e+01
6.93612084e+00 2.67231486e+01
6.94255173e+00 2.87480527e+01
6.95103996e+00 3.16145613e+01
6.95952820e+00 3.46853726e+01
6.96801643e+00 3.79348313e+01
6.98173127e+00 4.34713351e+01
7.00786429e+00 5.43145938e+01
7.01831750e+00 5.84352538e+01
7.02648374e+00 6.14396090e+01
7.03464998e+00 6.41866972e+01
7.04281622e+00 6.66161723e+01
7.05098245e+00 6.86725452e+01
7.05914869e+00 7.03073606e+01
7.06731493e+00 7.14811617e+01
7.07548117e+00 7.21651280e+01
7.08364740e+00 7.23422852e+01
7.09130136e+00 7.20441037e+01
7.09895532e+00 7.13032128e+01
7.10660928e+00 7.01356663e+01
7.11426324e+00 6.85664343e+01
7.12191720e+00 6.66284461e+01
7.12957115e+00 6.43613662e+01
7.13977643e+00 6.09049646e+01
7.14998171e+00 5.70600894e+01
7.16528963e+00 5.08294615e+01
7.19149346e+00 3.98853716e+01
7.20340429e+00 3.51638892e+01
7.21238848e+00 3.18084794e+01
7.22137268e+00 2.86670774e+01
7.22811082e+00 2.64650895e+01
7.23484897e+00 2.44017703e+01
7.24156483e+00 2.24861539e+01
7.24823612e+00 2.07229245e+01
7.25490742e+00 1.90972315e+01
7.26157871e+00 1.76056437e+01
7.26825000e+00 1.62432903e+01
7.27492130e+00 1.50041730e+01
7.28054637e+00 1.40501254e+01
7.28617144e+00 1.31744194e+01
7.29179651e+00 1.23724477e+01
7.29742158e+00 1.16395098e+01
7.30304665e+00 1.09708908e+01
7.30867172e+00 1.03619301e+01
7.31429680e+00 9.80807701e+00
7.31992187e+00 9.30493682e+00
7.32502953e+00 8.88847278e+00
7.33269103e+00 8.32916875e+00
7.34035253e+00 7.84002129e+00
7.34801403e+00 7.41245804e+00
7.35567553e+00 7.03876577e+00
7.36333703e+00 6.71207099e+00
7.37099853e+00 6.42629925e+00
7.37866003e+00 6.17611926e+00
7.38632153e+00 5.95687840e+00
7.39653686e+00 5.70577603e+00
7.40490777e+00 5.52996554e+00
7.41469751e+00 5.35320491e+00
7.42775050e+00 5.15772965e+00
7.44080348e+00 4.99941783e+00
7.45385647e+00 4.87052781e+00
7.46690945e+00 4.76481050e+00
7.48648893e+00 4.63871949e+00
7.50606841e+00 4.53966129e+00
7.54577983e+00 4.38157748e+00
7.67908498e+00 3.89949482e+00
7.70593276e+00 3.82027286e+00
7.73435479e+00 3.75823223e+00
7.75685199e+00 3.72804224e+00
7.77934919e+00 3.71564758e+00
7.80678734e+00 3.72463393e+00
7.83422550e+00 3.75921970e+00
7.86166365e+00 3.81816615e+00
7.88910180e+00 3.90045526e+00
7.91692706e+00 4.00723239e+00
7.94475232e+00 4.13765952e+00
7.97257757e+00 4.29262046e+00
8.00040283e+00 4.47372089e+00
8.02862065e+00 4.68647186e+00
8.05683847e+00 4.93182559e+00
8.08505629e+00 5.21424744e+00
8.10621966e+00 5.45388289e+00
8.12758207e+00 5.72338888e+00
8.14904402e+00 6.02586041e+00
8.17050596e+00 6.36461895e+00
8.19196790e+00 6.74508421e+00
8.21342985e+00 7.17387421e+00
8.23499272e+00 7.66164657e+00
8.24950254e+00 8.02717546e+00
8.26401236e+00 8.42717015e+00
8.27852218e+00 8.86623195e+00
8.29303200e+00 9.34979414e+00
8.30754182e+00 9.88430936e+00
8.32205165e+00 1.04775039e+01
8.33656147e+00 1.11387133e+01
8.34959136e+00 1.17997573e+01
8.36114132e+00 1.24472063e+01
8.37269128e+00 1.31610471e+01
8.38424124e+00 1.39511135e+01
8.39579119e+00 1.48290868e+01
8.40734115e+00 1.58088590e+01
8.41889111e+00 1.69069434e+01
8.42755358e+00 1.78198029e+01
8.43621605e+00 1.88197091e+01
8.44401766e+00 1.98036463e+01
8.45181926e+00 2.08757314e+01
8.45962087e+00 2.20457173e+01
8.46742248e+00 2.33243468e+01
8.47522408e+00 2.47233852e+01
8.48302569e+00 2.62556303e+01
8.49082730e+00 2.79348965e+01
8.49862890e+00 2.97759620e+01
8.50747588e+00 3.20793014e+01
8.51632285e+00 3.46347730e+01
8.52516982e+00 3.74671051e+01
8.53401679e+00 4.06013075e+01
8.54286377e+00 4.40619969e+01
8.55123890e+00 4.76601503e+01
8.55937811e+00 5.14745628e+01
8.56751733e+00 5.56164419e+01
8.57565654e+00 6.00968893e+01
8.58379576e+00 6.49230063e+01
8.59181498e+00 7.00182119e+01
8.59959422e+00 7.52805031e+01
8.60996653e+00 8.27705211e+01
8.62033884e+00 9.07660664e+01
8.63448930e+00 1.02378429e+02
8.65338000e+00 1.18779599e+02
8.67604884e+00 1.38825738e+02
8.69116140e+00 1.51644073e+02
8.70618021e+00 1.63310980e+02
8.71619274e+00 1.70220459e+02
8.72620527e+00 1.76252868e+02
8.73621781e+00 1.81267888e+02
8.74623034e+00 1.85146006e+02
8.75624287e+00 1.87793808e+02
8.76625541e+00 1.89148200e+02
8.77126167e+00 1.89329677e+02
8.77930374e+00 1.88927035e+02
8.78734581e+00 1.87678285e+02
8.79806856e+00 1.84739944e+02
8.80879132e+00 1.80433399e+02
8.81951407e+00 1.74887924e+02
8.83023683e+00 1.68262866e+02
8.84095959e+00 1.60739637e+02
8.85704372e+00 1.48198522e+02
8.88355860e+00 1.25836291e+02
8.90344476e+00 1.09082603e+02
8.91659673e+00 9.85219630e+01
8.92964323e+00 8.86806849e+01
8.93942810e+00 8.17948615e+01
8.94921298e+00 7.53748138e+01
8.95899785e+00 6.94420078e+01
8.96893915e+00 6.39224443e+01
8.97895866e+00 5.88757612e+01
8.98897817e+00 5.43364287e+01
8.99565784e+00 5.15834602e+01
9.00233751e+00 4.90415862e+01
9.00901719e+00 4.67035750e+01
9.01828720e+00 4.37822364e+01
9.02605824e+00 4.16088825e+01
9.03382927e+00 3.96734284e+01
9.04160030e+00 3.79634226e+01
9.04937134e+00 3.64667903e+01
9.05714237e+00 3.51719544e+01
9.06491340e+00 3.40678884e+01
9.07268444e+00 3.31441151e+01
9.08045547e+00 3.23906545e+01
9.08822650e+00 3.17979329e+01
9.09599754e+00 3.13566591e+01
9.10472757e+00 3.10302000e+01
9.11488406e+00 3.08591050e+01
9.11890087e+00 3.08490380e+01
9.13095131e+00 3.09970917e+01
9.14300174e+00 3.13823418e+01
9.15505217e+00 3.19629215e+01
9.16710260e+00 3.26929095e+01
9.20727071e+00 3.55414245e+01
9.22333795e+00 3.65368900e+01
9.23538838e+00 3.71117903e+01
9.24609517e+00 3.74575225e+01
9.25613014e+00 3.76158241e+01
9.25947513e+00 3.76298083e+01
9.27011536e+00 3.75376627e+01
9.28196614e+00 3.71814218e+01
9.29381692e+00 3.65544685e+01
9.30566769e+00 3.56645373e+01
9.31751847e+00 3.45302036e+01
9.32936925e+00 3.31794509e+01
9.34122002e+00 3.16477066e+01
9.35307080e+00 2.99755301e+01
9.37677235e+00 2.63831111e+01
9.39941032e+00 2.28993212e+01
9.41308418e+00 2.08792316e+01
9.42675805e+00 1.89754821e+01
9.43701345e+00 1.76428752e+01
9.44726884e+00 1.64020414e+01
9.45936889e+00 1.50634842e+01
9.46743558e+00 1.42485225e+01
9.47550228e+00 1.34955781e+01
9.48356897e+00 1.28037979e+01
9.49163567e+00 1.21716520e+01
9.49970236e+00 1.15970674e+01
9.50776906e+00 1.10775544e+01
9.51837150e+00 1.04737785e+01
9.52822515e+00 9.98763982e+00
9.53807880e+00 9.56793660e+00
9.54793245e+00 9.20899045e+00
9.55778609e+00 8.90525421e+00
9.56763974e+00 8.65140299e+00
9.57749339e+00 8.44238716e+00
9.59063158e+00 8.22527193e+00
9.60376978e+00 8.06899081e+00
9.61690797e+00 7.96392500e+00
9.62962772e+00 7.90259618e+00
9.64883983e+00 7.86844985e+00
9.65268225e+00 7.86823352e+00
9.67573679e+00 7.89760951e+00
9.72184585e+00 7.99952876e+00
9.73721554e+00 8.01268562e+00
9.76118470e+00 7.98895485e+00
9.78698309e+00 7.89465681e+00
9.81278148e+00 7.73792439e+00
9.85577880e+00 7.43320039e+00
9.87297773e+00 7.34529699e+00
9.88587692e+00 7.31196208e+00
9.89017666e+00 7.30903148e+00
9.90080177e+00 7.32283718e+00
9.91142688e+00 7.37118174e+00
9.92278035e+00 7.46729827e+00
9.93413382e+00 7.61558165e+00
9.94548730e+00 7.82171316e+00
9.95400240e+00 8.01713119e+00
9.96251750e+00 8.24923085e+00
9.96819424e+00 8.42484877e+00
9.97954771e+00 8.82679006e+00
9.99090118e+00 9.29575766e+00
1.00022546e+01 9.82896271e+00
1.00123324e+01 1.03517760e+01
1.00274490e+01 1.12102419e+01
1.00476044e+01 1.24503758e+01
1.00727987e+01 1.40311474e+01
1.00875584e+01 1.48975937e+01
1.01016045e+01 1.56314492e+01
1.01156505e+01 1.62397557e+01
1.01250145e+01 1.65594018e+01
1.01343786e+01 1.68008603e+01
1.01437426e+01 1.69578189e+01
1.01542771e+01 1.70279332e+01
1.01554476e+01 1.70286041e+01
1.01652089e+01 1.69782728e+01
1.01763392e+01 1.67998671e+01
1.01874695e+01 1.64967943e+01
1.01985999e+01 1.60772789e+01
1.02097302e+01 1.55529638e+01
1.02208605e+01 1.49382696e+01
1.02319909e+01 1.42496405e+01
1.02468313e+01 1.32470412e+01
1.02902994e+01 1.01267047e+01
1.03040866e+01 9.18426304e+00
1.03178738e+01 8.30170967e+00
1.03282142e+01 7.68722123e+00
1.03389350e+01 7.09740598e+00
1.03498459e+01 6.54873806e+00
1.03607569e+01 6.05271875e+00
1.03716678e+01 5.60850906e+00
1.03789418e+01 5.34021531e+00
1.03862157e+01 5.09328328e+00
1.03963090e+01 4.78426275e+00
1.04059933e+01 4.52213961e+00
1.04156776e+01 4.29101612e+00
1.04253620e+01 4.08819764e+00
1.04350463e+01 3.91101783e+00
1.04447307e+01 3.75690531e+00
1.04544150e+01 3.62343475e+00
1.04640994e+01 3.50835913e+00
1.04737837e+01 3.40962849e+00
1.04866962e+01 3.30025014e+00
1.04980242e+01 3.22249897e+00
1.05126394e+01 3.14360490e+00
1.05272547e+01 3.08518004e+00
1.05418700e+01 3.04391443e+00
1.05613570e+01 3.01084777e+00
1.05804217e+01 2.99792846e+00
1.05897429e+01 2.99720277e+00
1.06083853e+01 3.00425646e+00
1.06456701e+01 3.03934597e+00
1.07015973e+01 3.09587959e+00
1.07255562e+01 3.10885213e+00
1.07604644e+01 3.11312211e+00
1.08302808e+01 3.10076216e+00
1.08651890e+01 3.10804347e+00
1.08939306e+01 3.13306428e+00
1.09226721e+01 3.18151689e+00
1.09514137e+01 3.25691260e+00
1.09801552e+01 3.36100317e+00
1.09993163e+01 3.44695695e+00
1.10184773e+01 3.54677285e+00
1.10379087e+01 3.66302240e+00
1.10573400e+01 3.79567812e+00
1.10767714e+01 3.94649484e+00
1.10962027e+01 4.11779541e+00
1.11156341e+01 4.31262058e+00
1.11350655e+01 4.53497208e+00
1.11544968e+01 4.79019305e+00
1.11690703e+01 5.00745923e+00
1.11810243e+01 5.20530441e+00
1.11952167e+01 5.46734616e+00
1.12094090e+01 5.76467907e+00
1.12200533e+01 6.01557443e+00
1.12306975e+01 6.29511288e+00
1.12413418e+01 6.60869178e+00
1.12519860e+01 6.96305056e+00
1.12626303e+01 7.36661301e+00
1.12732746e+01 7.82989329e+00
1.12803707e+01 8.17826521e+00
1.12874669e+01 8.56355790e+00
1.12952381e+01 9.03418241e+00
1.13030093e+01 9.56356727e+00
1.13107805e+01 1.01610658e+01
1.13166089e+01 1.06603135e+01
1.13224373e+01 1.12090254e+01
1.13282657e+01 1.18128536e+01
1.13340942e+01 1.24780160e+01
1.13399226e+01 1.32113314e+01
1.13457510e+01 1.40202387e+01
1.13522117e+01 1.50150594e+01
1.13573619e+01 1.58897173e+01
1.13625121e+01 1.68438402e+01
1.13676624e+01 1.78843630e+01
1.13728126e+01 1.90186310e+01
1.13779628e+01 2.02543772e+01
1.13831131e+01 2.15997116e+01
1.13882633e+01 2.30630916e+01
1.13928758e+01 2.44810891e+01
1.13989881e+01 2.65279734e+01
1.14051005e+01 2.87804079e+01
1.14112128e+01 3.12542074e+01
1.14173251e+01 3.39653324e+01
1.14234374e+01 3.69296905e+01
1.14294253e+01 4.00943045e+01
1.14354132e+01 4.35311349e+01
1.14414010e+01 4.72536548e+01
1.14473889e+01 5.12742963e+01
1.14533768e+01 5.56041849e+01
1.14593681e+01 6.02556048e+01
1.14653612e+01 6.52352143e+01
1.14713542e+01 7.05470177e+01
1.14773473e+01 7.61937222e+01
1.14853381e+01 8.42427893e+01
1.14911926e+01 9.05123637e+01
1.14989063e+01 9.92394633e+01
1.15066199e+01 1.08471906e+02
1.15181905e+01 1.23181950e+02
1.15293820e+01 1.38241588e+02
1.15489672e+01 1.65885976e+02
1.15708791e+01 1.97100285e+02
1.15827627e+01 2.13275304e+02
1.15946462e+01 2.28342781e+02
1.16065298e+01 2.41850431e+02
1.16184134e+01 2.53371181e+02
1.16263358e+01 2.59758143e+02
1.16354215e+01 2.65663919e+02
1.16445073e+01 2.69941584e+02
1.16535930e+01 2.72505520e+02
1.16626788e+01 2.73305343e+02
1.16718579e+01 2.72308438e+02
1.16810369e+01 2.69522334e+02
1.16902160e+01 2.65009969e+02
1.16993951e+01 2.58869918e+02
1.17085742e+01 2.51232786e+02
1.17177532e+01 2.42256596e+02
1.17269323e+01 2.32121255e+02
1.17361114e+01 2.21022569e+02
1.17486823e+01 2.04634572e+02
1.17738243e+01 1.69716237e+02
1.17908311e+01 1.46099379e+02
1.18041388e+01 1.28407584e+02
1.18130106e+01 1.17208815e+02
1.18218824e+01 1.06589155e+02
1.18294146e+01 9.80767402e+01
1.18369468e+01 9.00581154e+01
1.18444791e+01 8.25527891e+01
1.18520113e+01 7.55715077e+01
1.18586608e+01 6.98462357e+01
1.18653104e+01 6.45290084e+01
1.18719599e+01 5.96134299e+01
1.18786095e+01 5.50898943e+01
1.18852591e+01 5.09461162e+01
1.18900439e+01 4.81912716e+01
1.18951806e+01 4.54376555e+01
1.19003173e+01 4.28874241e+01
1.19054540e+01 4.05324300e+01
1.19105906e+01 3.83642879e+01
1.19157273e+01 3.63744973e+01
1.19208640e+01 3.45545153e+01
1.19260007e+01 3.28958626e+01
1.19323362e+01 3.10599271e+01
1.19379871e+01 2.96064237e+01
1.19436379e+01 2.83156418e+01
1.19492887e+01 2.71777410e+01
1.19549395e+01 2.61834631e+01
1.19605903e+01 2.53241720e+01
1.19662412e+01 2.45919206e+01
1.19718920e+01 2.39794786e+01
1.19775428e+01 2.34803677e+01
1.19850772e+01 2.29814235e+01
1.19910747e+01 2.27134400e+01
1.19977655e+01 2.25434839e+01
1.20027836e+01 2.25024579e+01
1.20103107e+01 2.25763879e+01
1.20178378e+01 2.28105645e+01
1.20253650e+01 2.32047049e+01
1.20328921e+01 2.37610410e+01
1.20404192e+01 2.44842999e+01
1.20479463e+01 2.53816664e+01
1.20554734e+01 2.64627502e+01
1.20630006e+01 2.77395314e+01
1.20705277e+01 2.92262858e+01
1.20780548e+01 3.09395037e+01
1.20847455e+01 3.26674226e+01
1.20914361e+01 3.46032547e+01
1.20981268e+01 3.67624409e+01
1.21048174e+01 3.91613744e+01
1.21115080e+01 4.18172641e+01
1.21181987e+01 4.47479131e+01
1.21248893e+01 4.79715242e+01
1.21315800e+01 5.15064036e+01
1.21385147e+01 5.55181191e+01
1.21454494e+01 5.99033180e+01
1.21523841e+01 6.46806052e+01
1.21593188e+01 6.98670527e+01
1.21662535e+01 7.54777142e+01
1.21731699e+01 8.15085511e+01
1.21800772e+01 8.79742225e+01
1.21869844e+01 9.48880003e+01
1.21961941e+01 1.04805191e+02
1.22054038e+01 1.15510932e+02
1.22151745e+01 1.27700231e+02
1.22249451e+01 1.40690544e+02
1.22347158e+01 1.54400294e+02
1.22481206e+01 1.74176729e+02
1.22880965e+01 2.35942581e+02
1.23026332e+01 2.57472985e+02
1.23132802e+01 2.72196826e+02
1.23239271e+01 2.85684884e+02
1.23345741e+01 2.97636215e+02
1.23452211e+01 3.07773668e+02
1.23558681e+01 3.15855038e+02
1.23665151e+01 3.21682986e+02
1.23771621e+01 3.25113429e+02
1.23878091e+01 3.26061647e+02
1.23989421e+01 3.24375552e+02
1.24100751e+01 3.20001873e+02
1.24212081e+01 3.13063897e+02
1.24323411e+01 3.03752486e+02
1.24434741e+01 2.92317006e+02
1.24546071e+01 2.79053844e+02
1.24620291e+01 2.69358478e+02
1.24768731e+01 2.48385473e+02
1.24991391e+01 2.14545605e+02
1.25232241e+01 1.77476703e+02
1.25371099e+01 1.56980993e+02
1.25482185e+01 1.41412482e+02
1.25582585e+01 1.28122635e+02
1.25679422e+01 1.16092031e+02
1.25776260e+01 1.04888967e+02
1.25848889e+01 9.70490071e+01
1.25921158e+01 8.97327625e+01
1.25992708e+01 8.29654284e+01
1.26064258e+01 7.66666130e+01
1.26135809e+01 7.08268403e+01
1.26207359e+01 6.54330362e+01
1.26278910e+01 6.04691785e+01
1.26353918e+01 5.57069046e+01
1.26428925e+01 5.13734699e+01
1.26503933e+01 4.74439148e+01
1.26578941e+01 4.38923199e+01
1.26653949e+01 4.06922802e+01
1.26716447e+01 3.82754059e+01
1.26791437e+01 3.56520992e+01
1.26866426e+01 3.33065352e+01
1.26941416e+01 3.12140769e+01
1.27016406e+01 2.93511600e+01
1.27091396e+01 2.76954293e+01
1.27166385e+01 2.62258439e+01
1.27241375e+01 2.49227192e+01
1.27305690e+01 2.39237713e+01
1.27386152e+01 2.28111617e+01
1.27466613e+01 2.18329475e+01
1.27547075e+01 2.09714692e+01
1.27654357e+01 1.99770024e+01
1.27761639e+01 1.91282076e+01
1.27868921e+01 1.83960565e+01
1.27976203e+01 1.77556887e+01
1.28137126e+01 1.69220418e+01
1.28351690e+01 1.59625245e+01
1.28780818e+01 1.42501895e+01
1.29556403e+01 1.12153755e+01
1.29766786e+01 1.04373778e+01
1.29977169e+01 9.71749920e+00
1.30117424e+01 9.27991867e+00
1.30278964e+01 8.82524068e+00
1.30440504e+01 8.42836073e+00
1.30602044e+01 8.09225975e+00
1.30763584e+01 7.81755551e+00
1.30925124e+01 7.60262250e+00
1.31086664e+01 7.44382717e+00
1.31248204e+01 7.33583799e+00
1.31409744e+01 7.27198898e+00
1.31633507e+01 7.24218270e+00
1.31642632e+01 7.24214315e+00
1.31933677e+01 7.27430117e+00
1.32457609e+01 7.39123606e+00
1.32806897e+01 7.43227972e+00
1.33152930e+01 7.41805788e+00
1.33844997e+01 7.32040418e+00
1.33974760e+01 7.31602312e+00
1.34191030e+01 7.33558834e+00
1.34427680e+01 7.40685920e+00
1.34605166e+01 7.50058860e+00
1.34782653e+01 7.63121602e+00
1.34900978e+01 7.73876092e+00
1.35137627e+01 7.99984947e+00
1.35374276e+01 8.31320674e+00
1.35847575e+01 9.03028600e+00
1.36258590e+01 9.64645841e+00
1.36520140e+01 9.98535650e+00
1.36781689e+01 1.02589968e+01
1.37043238e+01 1.04564325e+01
1.37304787e+01 1.05754750e+01
1.37600377e+01 1.06227965e+01
1.37842825e+01 1.06031802e+01
1.38206497e+01 1.04992149e+01
1.38448945e+01 1.03939187e+01
1.38933841e+01 1.01232976e+01
1.39297513e+01 9.87257604e+00
1.39664605e+01 9.56946931e+00
1.40033408e+01 9.20414173e+00
1.40402210e+01 8.77753715e+00
1.41139816e+01 7.83259817e+00
1.41385684e+01 7.54431926e+00
1.41606603e+01 7.32925306e+00
1.41772292e+01 7.21027202e+00
1.41937980e+01 7.14122177e+00
1.42048440e+01 7.13000642e+00
1.42158899e+01 7.15223128e+00
1.42269358e+01 7.21317832e+00
1.42381734e+01 7.32080784e+00
1.42494109e+01 7.48082866e+00
1.42578391e+01 7.63926668e+00
1.42662673e+01 7.83387725e+00
1.42746954e+01 8.06760410e+00
1.42831236e+01 8.34336568e+00
1.42915518e+01 8.66399689e+00
1.42999800e+01 9.03218154e+00
1.43084081e+01 9.45037626e+00
1.43168363e+01 9.92072647e+00
1.43275299e+01 1.05952559e+01
1.43382235e+01 1.13588971e+01
1.43489171e+01 1.22124298e+01
1.43596107e+01 1.31547193e+01
1.43703043e+01 1.41824326e+01
1.43810101e+01 1.52911045e+01
1.43952927e+01 1.68794794e+01
1.44095754e+01 1.85669901e+01
1.44509177e+01 2.36445868e+01
1.44658566e+01 2.53813261e+01
1.44807954e+01 2.69652884e+01
1.44957342e+01 2.83331317e+01
1.45056934e+01 2.90959981e+01
1.45158509e+01 2.97328152e+01
1.45262066e+01 3.02214232e+01
1.45365623e+01 3.05368619e+01
1.45482125e+01 3.06755878e+01
1.45495070e+01 3.06766270e+01
1.45599591e+01 3.05792648e+01
1.45717539e+01 3.02456129e+01
1.45835486e+01 2.96828262e+01
1.45953434e+01 2.89054007e+01
1.46071381e+01 2.79333571e+01
1.46189329e+01 2.67913136e+01
1.46307276e+01 2.55073937e+01
1.46464540e+01 2.36275544e+01
1.46739750e+01 2.00845946e+01
1.46968847e+01 1.71186137e+01
1.47126997e+01 1.51657994e+01
1.47253518e+01 1.36954464e+01
1.47338909e+01 1.27589590e+01
1.47446431e+01 1.16507335e+01
1.47553953e+01 1.06264691e+01
1.47634594e+01 9.91521231e+00
1.47715236e+01 9.25329755e+00
1.47809307e+01 8.54321887e+00
1.47903379e+01 7.89880558e+00
1.47997451e+01 7.31802773e+00
1.48091523e+01 6.79819614e+00
1.48185595e+01 6.33612477e+00
1.48274880e+01 5.94778448e+00
1.48361771e+01 5.61371713e+00
1.48448663e+01 5.31987359e+00
1.48535554e+01 5.06323837e+00
1.48622446e+01 4.84086152e+00
1.48709337e+01 4.64990480e+00
1.48796229e+01 4.48768300e+00
1.48883120e+01 4.35169414e+00
1.48970012e+01 4.23964166e+00
1.49056904e+01 4.14944944e+00
1.49143795e+01 4.07927124e+00
1.49248257e+01 4.01913345e+00
1.49352718e+01 3.98324773e+00
1.49476193e+01 3.96957125e+00
1.49599667e+01 3.98492915e+00
1.49723140e+01 4.02795070e+00
1.49846614e+01 4.09811187e+00
1.49970088e+01 4.19570369e+00
1.50093562e+01 4.32180638e+00
1.50217036e+01 4.47826906e+00
1.50340510e+01 4.66769110e+00
1.50463984e+01 4.89340389e+00
1.50587458e+01 5.15944294e+00
1.50669774e+01 5.36150094e+00
1.50770859e+01 5.63927170e+00
1.50871944e+01 5.95261357e+00
1.50973029e+01 6.30480539e+00
1.51074114e+01 6.69927006e+00
1.51175199e+01 7.13950724e+00
1.51276284e+01 7.62900460e+00
1.51377369e+01 8.17113880e+00
1.51478454e+01 8.76905578e+00
1.51585257e+01 9.46447506e+00
1.51692060e+01 1.02279259e+01
1.51798863e+01 1.10612244e+01
1.51905666e+01 1.19651336e+01
1.52012470e+01 1.29391496e+01
1.52125018e+01 1.40392208e+01
1.52240438e+01 1.52414103e+01
1.52394333e+01 1.69484225e+01
1.52586700e+01 1.92142160e+01
1.53050084e+01 2.48550674e+01
1.53243302e+01 2.70464309e+01
1.53388215e+01 2.85302772e+01
1.53525630e+01 2.97651468e+01
1.53659295e+01 3.07711333e+01
1.53792960e+01 3.15560757e+01
1.53926625e+01 3.20974372e+01
1.54060290e+01 3.23795691e+01
1.54149400e+01 3.24193905e+01
1.54277785e+01 3.22673628e+01
1.54406171e+01 3.18729881e+01
1.54534556e+01 3.12479007e+01
1.54662941e+01 3.04099335e+01
1.54791327e+01 2.93822823e+01
1.54919712e+01 2.81924580e+01
1.55090893e+01 2.64069757e+01
1.55262073e+01 2.44649463e+01
1.55668079e+01 1.96772428e+01
1.55817315e+01 1.79903715e+01
1.55966550e+01 1.64017304e+01
1.56078477e+01 1.52920679e+01
1.56197578e+01 1.42004929e+01
1.56320266e+01 1.31819020e+01
1.56402058e+01 1.25665271e+01
1.56483850e+01 1.20043927e+01
1.56565642e+01 1.14971379e+01
1.56647434e+01 1.10461917e+01
1.56729226e+01 1.06528534e+01
1.56802132e+01 1.03518216e+01
1.56898161e+01 1.00281946e+01
1.56994191e+01 9.78948327e+00
1.57058210e+01 9.67876099e+00
1.57122230e+01 9.60777176e+00
1.57202254e+01 9.57640899e+00
1.57282279e+01 9.61084414e+00
1.57348860e+01 9.69143809e+00
1.57415441e+01 9.82094704e+00
1.57482022e+01 1.00011805e+01
1.57548603e+01 1.02341222e+01
1.57615185e+01 1.05219278e+01
1.57681766e+01 1.08669147e+01
1.57748347e+01 1.12715458e+01
1.57814928e+01 1.17384125e+01
1.57881509e+01 1.22702081e+01
1.57948090e+01 1.28696941e+01
1.58023278e+01 1.36315645e+01
1.58084879e+01 1.43255636e+01
1.58146481e+01 1.50847506e+01
1.58208082e+01 1.59112002e+01
1.58269683e+01 1.68068640e+01
1.58331284e+01 1.77735342e+01
1.58392885e+01 1.88127913e+01
1.58485287e+01 2.05105994e+01
1.58561275e+01 2.20336727e+01
1.58637263e+01 2.36721608e+01
1.58687922e+01 2.48285641e+01
1.58789239e+01 2.72935457e+01
1.58890557e+01 2.99563608e+01
1.58993822e+01 3.28636940e+01
1.59097087e+01 3.59507903e+01
1.59251985e+01 4.08714167e+01
1.59447312e+01 4.74366742e+01
1.59806547e+01 5.97287766e+01
1.59939408e+01 6.40264593e+01
1.60061436e+01 6.77067789e+01
1.60183463e+01 7.10439267e+01
1.60305491e+01 7.39573431e+01
1.60427519e+01 7.63742167e+01
1.60549546e+01 7.82325817e+01
1.60671574e+01 7.94840388e+01
1.60763095e+01 8.00040621e+01
1.60854616e+01 8.01565074e+01
1.60980304e+01 7.97644903e+01
1.61105993e+01 7.86893674e+01
1.61231682e+01 7.69634664e+01
1.61357371e+01 7.46370778e+01
1.61483059e+01 7.17760443e+01
1.61608748e+01 6.84586967e+01
1.61692540e+01 6.60364797e+01
1.61860125e+01 6.08095233e+01
1.62153399e+01 5.10120343e+01
1.62384723e+01 4.33161611e+01
1.62542579e+01 3.83419442e+01
1.62668864e+01 3.46137727e+01
1.62755298e+01 3.22156521e+01
1.62865024e+01 2.93699287e+01
1.62947318e+01 2.73900784e+01
1.63029612e+01 2.55475480e+01
1.63111906e+01 2.38448522e+01
1.63208368e+01 2.20281739e+01
1.63277399e+01 2.08463144e+01
1.63346430e+01 1.97618575e+01
1.63415461e+01 1.87731449e+01
1.63484492e+01 1.78780468e+01
1.63553523e+01 1.70740420e+01
1.63622554e+01 1.63582735e+01
1.63691585e+01 1.57276144e+01
1.63775792e+01 1.50686706e+01
1.63859998e+01 1.45249940e+01
1.63944205e+01 1.40899392e+01
1.64028412e+01 1.37567062e+01
1.64112619e+01 1.35184168e+01
1.64206004e+01 1.33568310e+01
1.64303979e+01 1.32934862e+01
1.64320309e+01 1.32927626e+01
1.64401954e+01 1.33283391e+01
1.64499929e+01 1.34508363e+01
1.64597904e+01 1.36505833e+01
1.64728538e+01 1.40194087e+01
1.64859171e+01 1.44835300e+01
1.65055121e+01 1.53072485e+01
1.65574351e+01 1.77015391e+01
1.65729790e+01 1.83337257e+01
1.65885228e+01 1.88704567e+01
1.66040667e+01 1.92857943e+01
1.66196106e+01 1.95588097e+01
1.66312685e+01 1.96608377e+01
1.66390404e+01 1.96774974e+01
1.66525269e+01 1.96066934e+01
1.66669278e+01 1.93912944e+01
1.66813287e+01 1.90354388e+01
1.66957296e+01 1.85475310e+01
1.67101304e+01 1.79399148e+01
1.67245313e+01 1.72281629e+01
1.67389322e+01 1.64302437e+01
1.67581334e+01 1.52660533e+01
1.68207776e+01 1.12050440e+01
1.68369389e+01 1.02094102e+01
1.68531002e+01 9.26990841e+00
1.68652395e+01 8.60780183e+00
1.68774154e+01 7.98482656e+00
1.68895913e+01 7.40496866e+00
1.69017673e+01 6.86908191e+00
1.69139432e+01 6.37708022e+00
1.69261191e+01 5.92808644e+00
1.69369104e+01 5.56489174e+00
1.69477017e+01 5.23290856e+00
1.69584930e+01 4.93052294e+00
1.69692843e+01 4.65596313e+00
1.69800756e+01 4.40736122e+00
1.69908670e+01 4.18280799e+00
1.70016582e+01 3.98039693e+00
1.70124495e+01 3.79826215e+00
1.70225267e+01 3.64490079e+00
1.70376424e+01 3.44204924e+00
1.70527582e+01 3.26798808e+00
1.70678739e+01 3.11881343e+00
1.70829896e+01 2.99108540e+00
1.70981054e+01 2.88181772e+00
1.71132211e+01 2.78845194e+00
1.71283368e+01 2.70882075e+00
1.71434526e+01 2.64110659e+00
1.71636069e+01 2.56678568e+00
1.71871793e+01 2.49956675e+00
1.72074222e+01 2.45632763e+00
1.72276651e+01 2.42477368e+00
1.72546556e+01 2.39888655e+00
1.72816462e+01 2.38974948e+00
1.73121228e+01 2.39799357e+00
1.73425994e+01 2.42488725e+00
1.73730760e+01 2.46993469e+00
1.74035526e+01 2.53323648e+00
1.74340292e+01 2.61568424e+00
1.74568867e+01 2.69129382e+00
1.74797442e+01 2.78038363e+00
1.75026016e+01 2.88532234e+00
1.75254591e+01 3.00953176e+00
1.75446374e+01 3.13203485e+00
1.75638156e+01 3.27508111e+00
1.75781993e+01 3.39856625e+00
1.75925830e+01 3.53847182e+00
1.76069667e+01 3.69745373e+00
1.76213504e+01 3.87852909e+00
1.76357342e+01 4.08507886e+00
1.76501179e+01 4.32083394e+00
1.76645016e+01 4.58984154e+00
1.76788852e+01 4.89640370e+00
1.76898055e+01 5.15696969e+00
1.77007259e+01 5.44373063e+00
1.77116462e+01 5.75863358e+00
1.77225665e+01 6.10354942e+00
1.77334868e+01 6.48021714e+00
1.77444071e+01 6.89018132e+00
1.77553274e+01 7.33472347e+00
1.77662477e+01 7.81478828e+00
1.77804503e+01 8.49310303e+00
1.77946528e+01 9.23226008e+00
1.78088553e+01 1.00304885e+01
1.78230578e+01 1.08840947e+01
1.78419945e+01 1.20980092e+01
1.78679282e+01 1.38653088e+01
1.79146088e+01 1.71176798e+01
1.79321587e+01 1.82672443e+01
1.79465115e+01 1.91393369e+01
1.79608643e+01 1.99297686e+01
1.79752170e+01 2.06205904e+01
1.79895698e+01 2.11956444e+01
1.80039226e+01 2.16412677e+01
1.80182754e+01 2.19469052e+01
1.80326282e+01 2.21055912e+01
1.80398045e+01 2.21287140e+01
1.80552855e+01 2.20509970e+01
1.80707664e+01 2.18027524e+01
1.80862474e+01 2.13931406e+01
1.81017283e+01 2.08360228e+01
1.81172093e+01 2.01492090e+01
1.81326902e+01 1.93535347e+01
1.81533315e+01 1.81629179e+01
1.81842933e+01 1.62133045e+01
1.82154096e+01 1.42176312e+01
1.82363597e+01 1.29319738e+01
1.82520723e+01 1.20247107e+01
1.82677848e+01 1.11790039e+01
1.82834974e+01 1.04028301e+01
1.82965963e+01 9.81259411e+00
1.83083884e+01 9.32680706e+00
1.83201805e+01 8.88449539e+00
1.83319726e+01 8.48529029e+00
1.83437647e+01 8.12829312e+00
1.83555569e+01 7.81218013e+00
1.83673490e+01 7.53530579e+00
1.83791411e+01 7.29579766e+00
1.83909332e+01 7.09164504e+00
1.83987946e+01 6.97416231e+00
1.84145174e+01 6.78112188e+00
1.84272215e+01 6.66329944e+00
1.84399256e+01 6.57702132e+00
1.84526298e+01 6.52012734e+00
1.84709426e+01 6.48601601e+00
1.84737470e+01 6.48552073e+00
1.84877687e+01 6.50097285e+00
1.85045948e+01 6.55750491e+00
1.85214209e+01 6.65396332e+00
1.85382470e+01 6.78976962e+00
1.85550731e+01 6.96547198e+00
1.85718992e+01 7.18281142e+00
1.85887253e+01 7.44480183e+00
1.86055514e+01 7.75582597e+00
1.86223775e+01 8.12174095e+00
1.86392036e+01 8.54998814e+00
1.86512966e+01 8.90130902e+00
1.86642651e+01 9.32355199e+00
1.86772336e+01 9.79825787e+00
1.86902022e+01 1.03315898e+01
1.87031707e+01 1.09303855e+01
1.87161392e+01 1.16021659e+01
1.87291077e+01 1.23551509e+01
1.87420763e+01 1.31982784e+01
1.87530211e+01 1.39871055e+01
1.87664028e+01 1.50573568e+01
1.87797845e+01 1.62556830e+01
1.87931662e+01 1.75956351e+01
1.88020873e+01 1.85749252e+01
1.88110084e+01 1.96285794e+01
1.88240901e+01 2.13190484e+01
1.88365718e+01 2.31080972e+01
1.88490536e+01 2.50870640e+01
1.88615353e+01 2.72759235e+01
1.88740170e+01 2.96972947e+01
1.88864987e+01 3.23767578e+01
1.88986338e+01 3.52566041e+01
1.89107688e+01 3.84372109e+01
1.89229039e+01 4.19512018e+01
1.89350389e+01 4.58341015e+01
1.89471740e+01 5.01239564e+01
1.89587935e+01 5.46498211e+01
1.89701552e+01 5.95059217e+01
1.89815169e+01 6.48214983e+01
1.89928787e+01 7.06287157e+01
1.90042404e+01 7.69571432e+01
1.90154735e+01 8.37513154e+01
1.90264493e+01 9.09244575e+01
1.90374252e+01 9.86373799e+01
1.90484010e+01 1.06893312e+02
1.90593768e+01 1.15685919e+02
1.90743783e+01 1.28538002e+02
1.90904806e+01 1.43317117e+02
1.91106085e+01 1.62975189e+02
1.91635330e+01 2.17217401e+02
1.91827136e+01 2.35928089e+02
1.91970991e+01 2.48916594e+02
1.92114846e+01 2.60657619e+02
1.92257780e+01 2.70789442e+02
1.92400715e+01 2.79122684e+02
1.92543650e+01 2.85428534e+02
1.92686584e+01 2.89529090e+02
1.92829519e+01 2.91306000e+02
1.92877164e+01 2.91370830e+02
1.93024307e+01 2.89902017e+02
1.93171451e+01 2.85954089e+02
1.93318594e+01 2.79642789e+02
1.93465737e+01 2.71151309e+02
1.93612881e+01 2.60720585e+02
1.93760024e+01 2.48637000e+02
1.93858120e+01 2.39819087e+02
1.94054311e+01 2.20798971e+02
1.94397645e+01 1.85131162e+02
1.94641894e+01 1.59715498e+02
1.94837096e+01 1.40272333e+02
1.95000522e+01 1.24937773e+02
1.95133690e+01 1.13215499e+02
1.95266858e+01 1.02259412e+02
1.95366734e+01 9.45697201e+01
1.95466610e+01 8.73415188e+01
1.95558408e+01 8.11061819e+01
1.95646167e+01 7.55078167e+01
1.95733926e+01 7.02579718e+01
1.95821686e+01 6.53481955e+01
1.95909445e+01 6.07679577e+01
1.95998776e+01 5.64314507e+01
1.96091253e+01 5.22733695e+01
1.96183729e+01 4.84352826e+01
1.96276205e+01 4.48994304e+01
1.96368682e+01 4.16476445e+01
1.96461158e+01 3.86616881e+01
1.96569074e+01 3.54892335e+01
1.96676989e+01 3.26262053e+01
1.96784904e+01 3.00457237e+01
1.96892820e+01 2.77222826e+01
1.97000735e+01 2.56319402e+01
1.97081287e+01 2.42102154e+01
1.97170448e+01 2.27630757e+01
1.97259608e+01 2.14383082e+01
1.97348769e+01 2.02257710e+01
1.97437929e+01 1.91161009e+01
1.97527090e+01 1.81006856e+01
1.97616251e+01 1.71716313e+01
1.97705411e+01 1.63217255e+01
1.97819659e+01 1.53379364e+01
1.97924159e+01 1.45319060e+01
1.98028659e+01 1.38068465e+01
1.98133160e+01 1.31553179e+01
1.98237660e+01 1.25707491e+01
1.98342161e+01 1.20473504e+01
1.98446661e+01 1.15800415e+01
1.98585995e+01 1.10366097e+01
1.98725329e+01 1.05760347e+01
1.98864663e+01 1.01907980e+01
1.99014510e+01 9.85339874e+00
1.99164358e+01 9.58930205e+00
1.99314205e+01 9.39289179e+00
1.99464053e+01 9.25918362e+00
1.99613900e+01 9.18352330e+00
1.99759099e+01 9.16124587e+00
1.99917849e+01 9.18919388e+00
2.00108348e+01 9.28642224e+00
2.00298847e+01 9.44197235e+00
2.00552846e+01 9.71706502e+00
2.01187844e+01 1.05225042e+01
2.01441843e+01 1.07990731e+01
2.01695842e+01 1.10076791e+01
2.01918199e+01 1.11242075e+01
2.02161560e+01 1.11826778e+01
2.02330802e+01 1.11886015e+01
2.02838530e+01 1.11535932e+01
2.03007772e+01 1.11761123e+01
2.03177015e+01 1.12466803e+01
2.03346257e+01 1.13852102e+01
2.03484046e+01 1.15616949e+01
2.03621835e+01 1.18059280e+01
2.03759624e+01 1.21266203e+01
2.03897412e+01 1.25310231e+01
2.04035201e+01 1.30245720e+01
2.04172990e+01 1.36105707e+01
2.04310779e+01 1.42899435e+01
2.04448568e+01 1.50610700e+01
2.04623830e+01 1.61675633e+01
2.04799092e+01 1.74009048e+01
2.04974355e+01 1.87407108e+01
2.05149617e+01 2.01621891e+01
2.06446720e+01 3.12137735e+01
2.06640069e+01 3.29951314e+01
2.06785081e+01 3.44666468e+01
2.06930092e+01 3.61146349e+01
2.07060244e+01 3.77960437e+01
2.07190396e+01 3.97211204e+01
2.07320548e+01 4.19433376e+01
2.07418162e+01 4.38379502e+01
2.07515776e+01 4.59534753e+01
2.07613390e+01 4.83121231e+01
2.07711004e+01 5.09347911e+01
2.07808617e+01 5.38404783e+01
2.07906231e+01 5.70456338e+01
2.08008671e+01 6.07457821e+01
2.08120762e+01 6.52018957e+01
2.08232852e+01 7.00902237e+01
2.08344943e+01 7.54089161e+01
2.08457034e+01 8.11464256e+01
2.08569125e+01 8.72807409e+01
2.08704316e+01 9.51593928e+01
2.08884571e+01 1.06345329e+02
2.09200016e+01 1.27033233e+02
2.09467804e+01 1.44522653e+02
2.09645465e+01 1.55391854e+02
2.09823126e+01 1.65194576e+02
2.09941567e+01 1.70940060e+02
2.10060007e+01 1.75926259e+02
2.10178448e+01 1.80056350e+02
2.10285191e+01 1.82976450e+02
2.10427761e+01 1.85604692e+02
2.10570331e+01 1.86706493e+02
2.10617854e+01 1.86726735e+02
2.10760559e+01 1.85740499e+02
2.10903264e+01 1.83206050e+02
2.11045969e+01 1.79188608e+02
2.11188674e+01 1.73793568e+02
2.11331379e+01 1.67161327e+02
2.11474084e+01 1.59460704e+02
2.11569221e+01 1.53826437e+02
2.11759494e+01 1.41625391e+02
2.11997336e+01 1.25255501e+02
2.12328062e+01 1.02034031e+02
2.12516084e+01 8.93171805e+01
2.12641432e+01 8.12328779e+01
2.12751368e+01 7.44664713e+01
2.12861305e+01 6.80403291e+01
2.12971241e+01 6.19810043e+01
2.13081177e+01 5.63064810e+01
2.13180227e+01 5.15318386e+01
2.13279278e+01 4.70801287e+01
2.13378328e+01 4.29494271e+01
2.13477378e+01 3.91341302e+01
2.13553915e+01 3.63965800e+01
2.13630452e+01 3.38370473e+01
2.13706990e+01 3.14496113e+01
2.13783527e+01 2.92277295e+01
2.13860064e+01 2.71643433e+01
2.13948932e+01 2.49575426e+01
2.14043965e+01 2.28093177e+01
2.14107321e+01 2.14914576e+01
2.14170677e+01 2.02597974e+01
2.14234033e+01 1.91098665e+01
2.14297388e+01 1.80372511e+01
2.14360744e+01 1.70376041e+01
2.14429204e+01 1.60345537e+01
2.14502767e+01 1.50402137e+01
2.14576330e+01 1.41262789e+01
2.14649893e+01 1.32867751e+01
2.14723456e+01 1.25160115e+01
2.14797019e+01 1.18085909e+01
2.14870582e+01 1.11594224e+01
2.14944145e+01 1.05637195e+01
2.15037089e+01 9.88059161e+00
2.15121332e+01 9.32199651e+00
2.15205574e+01 8.81512198e+00
2.15289817e+01 8.35477653e+00
2.15374060e+01 7.93623538e+00
2.15430222e+01 7.67829834e+00
2.15542545e+01 7.20783141e+00
2.15654869e+01 6.79101222e+00
2.15767193e+01 6.42053595e+00
2.15879516e+01 6.09010133e+00
2.16016954e+01 5.73240533e+00
2.16154392e+01 5.41823704e+00
2.16291829e+01 5.14070356e+00
2.16429267e+01 4.89413883e+00
2.16566705e+01 4.67388974e+00
2.16704142e+01 4.47613625e+00
2.16887393e+01 4.24211212e+00
2.17070643e+01 4.03659752e+00
2.17253893e+01 3.85495847e+00
2.17433983e+01 3.69619430e+00
2.17610913e+01 3.55661316e+00
2.17876307e+01 3.37325202e+00
2.18141702e+01 3.21637772e+00
2.18407096e+01 3.08188227e+00
2.18672491e+01 2.96658790e+00
2.18937885e+01 2.86796275e+00
2.19114815e+01 2.81043485e+00
2.19468674e+01 2.71277109e+00
2.19822534e+01 2.63540528e+00
2.20176393e+01 2.57549609e+00
2.20537732e+01 2.53009036e+00
2.20899071e+01 2.49910517e+00
2.21260410e+01 2.48188494e+00
2.21531414e+01 2.47814291e+00
2.21784792e+01 2.48220750e+00
2.22110877e+01 2.49930136e+00
2.22436962e+01 2.53171115e+00
2.22763047e+01 2.58246195e+00
2.23007611e+01 2.63513026e+00
2.23252175e+01 2.70313182e+00
2.23496738e+01 2.79002437e+00
2.23659781e+01 2.86081994e+00
2.23822823e+01 2.94410050e+00
2.23985866e+01 3.04227759e+00
2.24148908e+01 3.15835806e+00
2.24309178e+01 3.29352234e+00
2.24466675e+01 3.45091369e+00
2.24584797e+01 3.58792573e+00
2.24702920e+01 3.74390875e+00
2.24821042e+01 3.92166738e+00
2.24939165e+01 4.12436511e+00
2.25057287e+01 4.35553999e+00
2.25175410e+01 4.61911186e+00
2.25293532e+01 4.91938037e+00
2.25411655e+01 5.26100561e+00
2.25490403e+01 5.51418449e+00
2.25572350e+01 5.80118241e+00
2.25654298e+01 6.11395953e+00
2.25736245e+01 6.45435635e+00
2.25818192e+01 6.82423807e+00
2.25900140e+01 7.22547564e+00
2.25982087e+01 7.65992421e+00
2.26064035e+01 8.12939875e+00
2.26145982e+01 8.63564634e+00
2.26241578e+01 9.27488081e+00
2.26337175e+01 9.96879471e+00
2.26432771e+01 1.07194726e+01
2.26528367e+01 1.15286071e+01
2.26623964e+01 1.23974255e+01
2.26728431e+01 1.34158911e+01
2.26837333e+01 1.45543353e+01
2.26946235e+01 1.57699671e+01
2.27091438e+01 1.75064091e+01
2.27236641e+01 1.93656656e+01
2.27423093e+01 2.19090441e+01
2.27656157e+01 2.52714391e+01
2.28118991e+01 3.21031412e+01
2.28323807e+01 3.49565229e+01
2.28528622e+01 3.75567642e+01
2.28665166e+01 3.91011541e+01
2.28801709e+01 4.04649709e+01
2.28938253e+01 4.16284046e+01
2.29074796e+01 4.25776401e+01
2.29217000e+01 4.33312920e+01
2.29359204e+01 4.38467110e+01
2.29501960e+01 4.41359402e+01
2.29645821e+01 4.42183478e+01
2.29837636e+01 4.40605083e+01
2.30413080e+01 4.29153165e+01
2.30556941e+01 4.28168643e+01
2.30700802e+01 4.29406817e+01
2.30844663e+01 4.33614823e+01
2.30940571e+01 4.38423983e+01
2.31037163e+01 4.45121892e+01
2.31134439e+01 4.53934318e+01
2.31231716e+01 4.64987955e+01
2.31328993e+01 4.78425291e+01
2.31426270e+01 4.94360319e+01
2.31523546e+01 5.12875181e+01
2.31620823e+01 5.34016968e+01
2.31718100e+01 5.57795076e+01
2.31810454e+01 5.82782214e+01
2.31941602e+01 6.22175245e+01
2.32072750e+01 6.65882100e+01
2.32203898e+01 7.13466423e+01
2.32378761e+01 7.81931337e+01
2.32656663e+01 8.98433299e+01
2.32942368e+01 1.01994830e+02
2.33132838e+01 1.09672146e+02
2.33285367e+01 1.15318598e+02
2.33457250e+01 1.20934569e+02
2.33629132e+01 1.25566218e+02
2.33743720e+01 1.28023728e+02
2.33858308e+01 1.29931151e+02
2.33972896e+01 1.31260079e+02
2.34087484e+01 1.31992521e+02
2.34144778e+01 1.32132361e+02
2.34291974e+01 1.31801306e+02
2.34439169e+01 1.30496891e+02
2.34586365e+01 1.28267335e+02
2.34733560e+01 1.25184710e+02
2.34880756e+01 1.21340918e+02
2.35027951e+01 1.16842998e+02
2.35224212e+01 1.10031354e+02
2.35420472e+01 1.02554119e+02
2.35997067e+01 7.93261243e+01
2.36232236e+01 7.02620879e+01
2.36420371e+01 6.34616137e+01
2.36564408e+01 5.85825613e+01
2.36709912e+01 5.39679001e+01
2.36855416e+01 4.96815412e+01
2.37000921e+01 4.57276868e+01
2.37146425e+01 4.21039191e+01
2.37297426e+01 3.86845094e+01
2.37405422e+01 3.64458402e+01
2.37513418e+01 3.43742109e+01
2.37621414e+01 3.24645163e+01
2.37729410e+01 3.07116917e+01
2.37837407e+01 2.91109012e+01
2.37945403e+01 2.76576980e+01
2.38053399e+01 2.63481200e+01
2.38169928e+01 2.50922688e+01
2.38294989e+01 2.39221199e+01
2.38420051e+01 2.29326812e+01
2.38545112e+01 2.21216026e+01
2.38638908e+01 2.16294039e+01
2.38732705e+01 2.12362724e+01
2.38826501e+01 2.09419634e+01
2.38920297e+01 2.07463172e+01
2.39014093e+01 2.06491914e+01
2.39045358e+01 2.06386785e+01
2.39141164e+01 2.06743835e+01
2.39240987e+01 2.08201511e+01
2.39340810e+01 2.10759420e+01
2.39440633e+01 2.14405582e+01
2.39540456e+01 2.19122751e+01
2.39640279e+01 2.24887327e+01
2.39773376e+01 2.34148112e+01
2.39906473e+01 2.45118521e+01
2.40039571e+01 2.57672744e+01
2.40172668e+01 2.71653247e+01
2.40345990e+01 2.91678277e+01
2.40519312e+01 3.13290586e+01
2.41097051e+01 3.88625639e+01
2.41307247e+01 4.13585214e+01
2.41447377e+01 4.28400575e+01
2.41587508e+01 4.41321182e+01
2.41727638e+01 4.52012169e+01
2.41867769e+01 4.60185296e+01
2.42007899e+01 4.65609033e+01
2.42148030e+01 4.68116743e+01
2.42218095e+01 4.68244243e+01
2.42341453e+01 4.66623174e+01
2.42464810e+01 4.62658426e+01
2.42588168e+01 4.56401374e+01
2.42711525e+01 4.47945591e+01
2.42876002e+01 4.33485254e+01
2.43040479e+01 4.15763801e+01
2.43204956e+01 3.95276226e+01
2.43369433e+01 3.72578635e+01
2.43618732e+01 3.35282161e+01
2.44127671e+01 2.56001883e+01
2.44351591e+01 2.22807666e+01
2.44490687e+01 2.03344509e+01
2.44629783e+01 1.84960716e+01
2.44768880e+01 1.67769068e+01
2.44899411e+01 1.52786387e+01
2.45029943e+01 1.38950656e+01
2.45127841e+01 1.29331554e+01
2.45225740e+01 1.20356729e+01
2.45330801e+01 1.11428982e+01
2.45450188e+01 1.02142375e+01
2.45569575e+01 9.37314105e+00
2.45649166e+01 8.85880157e+00
2.45728757e+01 8.37983316e+00
2.45808348e+01 7.93465475e+00
2.45887939e+01 7.52162872e+00
2.45990952e+01 7.03207590e+00
2.46085777e+01 6.62342882e+00
2.46180602e+01 6.25213088e+00
2.46275428e+01 5.91540259e+00
2.46370253e+01 5.61054522e+00
2.46465078e+01 5.33496101e+00
2.46559904e+01 5.08617365e+00
2.46654729e+01 4.86183918e+00
2.46749554e+01 4.65975709e+00
2.46875988e+01 4.42140122e+00
2.47003178e+01 4.21336717e+00
2.47131125e+01 4.03213164e+00
2.47259072e+01 3.87536593e+00
2.47387018e+01 3.73986011e+00
2.47514965e+01 3.62281896e+00
2.47642911e+01 3.52182551e+00
2.47834831e+01 3.39596774e+00
2.48026751e+01 3.29585206e+00
2.48218671e+01 3.21697855e+00
2.48410591e+01 3.15586922e+00
2.48602510e+01 3.10985746e+00
2.48858403e+01 3.06855633e+00
2.49101100e+01 3.04770362e+00
2.49311558e+01 3.04240316e+00
2.49598684e+01 3.05253981e+00
2.49885811e+01 3.08124700e+00
2.50172937e+01 3.12745155e+00
2.50460064e+01 3.19044960e+00
2.50747190e+01 3.26973183e+00
2.51034317e+01 3.36484204e+00
2.51321443e+01 3.47526012e+00
2.51704278e+01 3.64508747e+00
2.52087114e+01 3.83859332e+00
2.52492606e+01 4.06573960e+00
2.53134832e+01 4.45966142e+00
2.54205208e+01 5.14648824e+00
2.54633359e+01 5.40621476e+00
2.55061509e+01 5.64234268e+00
2.55489659e+01 5.84429418e+00
2.55858023e+01 5.98307141e+00
2.56166600e+01 6.07021617e+00
2.56475176e+01 6.12825056e+00
2.56783753e+01 6.15579000e+00
2.56938041e+01 6.15803036e+00
2.57242782e+01 6.14046582e+00
2.57547523e+01 6.09562211e+00
2.57953844e+01 6.00001887e+00
2.59172807e+01 5.61569687e+00
2.59477548e+01 5.54444304e+00
2.59782289e+01 5.50569136e+00
2.59883869e+01 5.50224747e+00
2.60087030e+01 5.51260062e+00
2.60294194e+01 5.55041565e+00
2.60505362e+01 5.62183708e+00
2.60716530e+01 5.73101282e+00
2.60927698e+01 5.88227347e+00
2.61138867e+01 6.07945626e+00
2.61297243e+01 6.25935937e+00
2.61455619e+01 6.46773686e+00
2.61666787e+01 6.79059780e+00
2.61877955e+01 7.16446898e+00
2.62069721e+01 7.54623651e+00
2.62261487e+01 7.96473978e+00
2.62549136e+01 8.64974821e+00
2.63220317e+01 1.03697424e+01
2.63494033e+01 1.10368229e+01
2.63739885e+01 1.15729561e+01
2.63985737e+01 1.20211929e+01
2.64149638e+01 1.22589171e+01
2.64313539e+01 1.24404307e+01
2.64477441e+01 1.25607596e+01
2.64641342e+01 1.26163216e+01
2.64723292e+01 1.26191144e+01
2.64885655e+01 1.25749447e+01
2.65048017e+01 1.24652154e+01
2.65210380e+01 1.22919119e+01
2.65372743e+01 1.20585281e+01
2.65589226e+01 1.16624849e+01
2.65805710e+01 1.11831712e+01
2.66022193e+01 1.06381421e+01
2.66346918e+01 9.73982031e+00
2.66854520e+01 8.28494172e+00
2.67120761e+01 7.56470816e+00
2.67320441e+01 7.06665400e+00
2.67520121e+01 6.61516149e+00
2.67675818e+01 6.30021255e+00
2.67831515e+01 6.02074421e+00
2.67987212e+01 5.77873325e+00
2.68142909e+01 5.57548328e+00
2.68298606e+01 5.41164759e+00
2.68454302e+01 5.28725218e+00
2.68609999e+01 5.20171562e+00
2.68765696e+01 5.15386712e+00
2.68922512e+01 5.14200159e+00
2.69096512e+01 5.16863546e+00
2.69270512e+01 5.23323754e+00
2.69444512e+01 5.33100604e+00
2.69618512e+01 5.45641789e+00
2.69850512e+01 5.65593905e+00
2.70546512e+01 6.32206593e+00
2.70767011e+01 6.50416638e+00
2.70976009e+01 6.64494642e+00
2.71185006e+01 6.74742993e+00
2.71394004e+01 6.80727386e+00
2.71561494e+01 6.82359622e+00
2.71750470e+01 6.80956982e+00
2.72002437e+01 6.74404091e+00
2.72380387e+01 6.57889043e+00
2.72758337e+01 6.40518481e+00
2.72947313e+01 6.34650390e+00
2.73136288e+01 6.32550786e+00
2.73262271e+01 6.33980685e+00
2.73388255e+01 6.38196594e+00
2.73514238e+01 6.45645194e+00
2.73634162e+01 6.56141364e+00
2.73754086e+01 6.70335942e+00
2.73874010e+01 6.88585160e+00
2.73993934e+01 7.11226638e+00
2.74113858e+01 7.38574293e+00
2.74233782e+01 7.70912818e+00
2.74353705e+01 8.08491720e+00
2.74473629e+01 8.51518931e+00
2.74612992e+01 9.08573512e+00
2.74752355e+01 9.73354730e+00
2.74891717e+01 1.04590200e+01
2.75031080e+01 1.12612393e+01
2.75170442e+01 1.21378404e+01
2.75301120e+01 1.30239082e+01
2.75469567e+01 1.42499207e+01
2.75638014e+01 1.55580762e+01
2.75890684e+01 1.76365997e+01
2.76437726e+01 2.22761879e+01
2.76656542e+01 2.40221525e+01
2.76833049e+01 2.53165584e+01
2.77034346e+01 2.66224345e+01
2.77168544e+01 2.73705690e+01
2.77302741e+01 2.80067112e+01
2.77436939e+01 2.85207393e+01
2.77571137e+01 2.89045460e+01
2.77705334e+01 2.91522715e+01
2.77868628e+01 2.92653896e+01
2.78014105e+01 2.91912129e+01
2.78188677e+01 2.88888906e+01
2.78363250e+01 2.83648768e+01
2.78537823e+01 2.76369599e+01
2.78712396e+01 2.67284612e+01
2.78886968e+01 2.56671142e+01
2.79119732e+01 2.40678573e+01
2.79468877e+01 2.14324417e+01
2.79815424e+01 1.87603502e+01
2.80042989e+01 1.70825734e+01
2.80213664e+01 1.59009462e+01
2.80384338e+01 1.48035505e+01
2.80555012e+01 1.38027558e+01
2.80676970e+01 1.31516391e+01
2.80807104e+01 1.25182609e+01
2.80937238e+01 1.19493818e+01
2.81067372e+01 1.14450505e+01
2.81197506e+01 1.10042989e+01
2.81327640e+01 1.06252420e+01
2.81457774e+01 1.03051885e+01
2.81587908e+01 1.00407478e+01
2.81728077e+01 9.81354785e+00
2.81878282e+01 9.63019386e+00
2.82058367e+01 9.48195236e+00
2.82163351e+01 9.42643972e+00
2.82373317e+01 9.37043260e+00
2.82478300e+01 9.36426466e+00
2.82793249e+01 9.39978767e+00
2.83318165e+01 9.48821943e+00
2.83423148e+01 9.49097468e+00
2.83711666e+01 9.44905013e+00
2.83947320e+01 9.34989805e+00
2.84182974e+01 9.18601024e+00
2.84418627e+01 8.95716898e+00
2.84654281e+01 8.66785277e+00
2.84889935e+01 8.32624057e+00
2.85204140e+01 7.80810925e+00
2.85675448e+01 6.95461910e+00
2.86240780e+01 5.92088108e+00
2.86522850e+01 5.43386398e+00
2.86804920e+01 4.97699348e+00
2.87086991e+01 4.55391349e+00
2.87369061e+01 4.16558775e+00
2.87651131e+01 3.81127270e+00
2.87915429e+01 3.50874530e+00
2.88179726e+01 3.23323104e+00
2.88444024e+01 2.98342058e+00
2.88708321e+01 2.75828872e+00
2.88884520e+01 2.62154260e+00
2.89060718e+01 2.49529037e+00
2.89293222e+01 2.34458345e+00
2.89525727e+01 2.21184198e+00
2.89700105e+01 2.12406651e+00
2.89874484e+01 2.04644517e+00
2.90048862e+01 1.97910237e+00
2.90223240e+01 1.92225762e+00
2.90397619e+01 1.87625924e+00
2.90571997e+01 1.84162595e+00
2.90746375e+01 1.81909494e+00
2.90920754e+01 1.80967567e+00
2.91040869e+01 1.81149700e+00
2.91160984e+01 1.82070946e+00
2.91305048e+01 1.84241314e+00
2.91449111e+01 1.87697611e+00
2.91557159e+01 1.91225254e+00
2.91665206e+01 1.95636088e+00
2.91773254e+01 2.01012067e+00
2.91881302e+01 2.07443206e+00
2.91989349e+01 2.15027456e+00
2.92097397e+01 2.23870337e+00
2.92205445e+01 2.34084406e+00
2.92313492e+01 2.45788391e+00
2.92414819e+01 2.58228276e+00
2.92516146e+01 2.72192392e+00
2.92617473e+01 2.87787328e+00
2.92718800e+01 3.05119719e+00
2.92820127e+01 3.24294521e+00
2.92921453e+01 3.45413061e+00
2.93022780e+01 3.68570872e+00
2.93124107e+01 3.93855318e+00
2.93228364e+01 4.22171389e+00
2.93332620e+01 4.52888859e+00
2.93436877e+01 4.86058490e+00
2.93541134e+01 5.21709798e+00
2.93645390e+01 5.59847907e+00
2.93745713e+01 5.98874420e+00
2.93876855e+01 6.53250853e+00
2.94007997e+01 7.11268975e+00
2.94139139e+01 7.72664266e+00
2.94343584e+01 8.74235787e+00
2.94621331e+01 1.02059494e+01
2.95080245e+01 1.26744010e+01
2.95282558e+01 1.37047974e+01
2.95484872e+01 1.46516818e+01
2.95687186e+01 1.54813875e+01
2.95822062e+01 1.59539159e+01
2.95956937e+01 1.63523114e+01
2.96083777e+01 1.66530519e+01
2.96202582e+01 1.68654315e+01
2.96321387e+01 1.70077468e+01
2.96440191e+01 1.70780464e+01
2.96499594e+01 1.70858633e+01
2.96642623e+01 1.70298643e+01
2.96785652e+01 1.68694915e+01
2.96928680e+01 1.66082759e+01
2.97071709e+01 1.62517922e+01
2.97214738e+01 1.58074624e+01
2.97357767e+01 1.52843006e+01
2.97548472e+01 1.44820723e+01
2.97739177e+01 1.35850126e+01
2.98025235e+01 1.21238278e+01
2.98516684e+01 9.53431173e+00
2.98751007e+01 8.36326600e+00
2.98892018e+01 7.69899501e+00
2.99033031e+01 7.07174001e+00
2.99174043e+01 6.48549955e+00
2.99284436e+01 6.05704417e+00
2.99404098e+01 5.62400851e+00
2.99523761e+01 5.22423660e+00
2.99643423e+01 4.85789553e+00
2.99763085e+01 4.52474580e+00
2.99882748e+01 4.22420694e+00
2.99975075e+01 4.01407486e+00
3.00067401e+01 3.82236309e+00
3.00159728e+01 3.64852665e+00
3.00252055e+01 3.49197711e+00
3.00344382e+01 3.35209719e+00
3.00436709e+01 3.22825519e+00
3.00529036e+01 3.11981822e+00
3.00621362e+01 3.02616304e+00
3.00713689e+01 2.94668693e+00
3.00806016e+01 2.88081698e+00
3.00903937e+01 2.82522690e+00
3.01013048e+01 2.77989055e+00
3.01122158e+01 2.75136729e+00
3.01243465e+01 2.73865234e+00
3.01370871e+01 2.74612469e+00
3.01498277e+01 2.77437257e+00
3.01625683e+01 2.82304071e+00
3.01753089e+01 2.89198867e+00
3.01880495e+01 2.98128420e+00
3.02007901e+01 3.09119237e+00
3.02135307e+01 3.22216287e+00
3.02262713e+01 3.37481533e+00
3.02390119e+01 3.54992450e+00
3.02517525e+01 3.74840419e+00
3.02625275e+01 3.93526840e+00
3.02733024e+01 4.14028174e+00
3.02840773e+01 4.36418935e+00
3.02948523e+01 4.60778602e+00
3.03056272e+01 4.87191403e+00
3.03164021e+01 5.15746239e+00
3.03271771e+01 5.46536748e+00
3.03379520e+01 5.79661486e+00
3.03531517e+01 6.30559946e+00
3.03683514e+01 6.86622534e+00
3.03835511e+01 7.48186848e+00
3.03987508e+01 8.15619716e+00
3.04139505e+01 8.89320332e+00
3.04281148e+01 9.64022826e+00
3.04417614e+01 1.04185079e+01
3.04554079e+01 1.12578739e+01
3.04690545e+01 1.21620627e+01
3.04827010e+01 1.31348968e+01
3.04964939e+01 1.41918025e+01
3.05105792e+01 1.53514620e+01
3.05246646e+01 1.65959700e+01
3.05387499e+01 1.79284370e+01
3.05528353e+01 1.93511209e+01
3.05669206e+01 2.08651176e+01
3.05822825e+01 2.26199365e+01
3.06027651e+01 2.51223180e+01
3.06232476e+01 2.77955735e+01
3.06488508e+01 3.13348597e+01
3.07186661e+01 4.13636687e+01
3.07419379e+01 4.44818660e+01
3.07643364e+01 4.71836148e+01
3.07792688e+01 4.87634566e+01
3.07942011e+01 5.01279233e+01
3.08091335e+01 5.12470853e+01
3.08240659e+01 5.20948099e+01
3.08389982e+01 5.26497664e+01
3.08539306e+01 5.28962763e+01
3.08613968e+01 5.29006763e+01
3.08747262e+01 5.27092754e+01
3.08880556e+01 5.22631210e+01
3.09013850e+01 5.15669182e+01
3.09147144e+01 5.06296566e+01
3.09324870e+01 4.90280739e+01
3.09502596e+01 4.70624789e+01
3.09680321e+01 4.47834620e+01
3.09858047e+01 4.22488619e+01
3.10133980e+01 3.79543610e+01
3.10723225e+01 2.83110128e+01
3.10959707e+01 2.46172191e+01
3.11097980e+01 2.25701729e+01
3.11236254e+01 2.06248285e+01
3.11374527e+01 1.87923910e+01
3.11503023e+01 1.71978860e+01
3.11631518e+01 1.57121439e+01
3.11760014e+01 1.43373701e+01
3.11856386e+01 1.33794024e+01
3.11966420e+01 1.23616595e+01
3.12083284e+01 1.13679862e+01
3.12200149e+01 1.04617671e+01
3.12317014e+01 9.63984786e+00
3.12433879e+01 8.89852884e+00
3.12542092e+01 8.28040205e+00
3.12632998e+01 7.80928343e+00
3.12723905e+01 7.37987422e+00
3.12814811e+01 6.99001677e+00
3.12905718e+01 6.63755190e+00
3.12996624e+01 6.32034581e+00
3.13087531e+01 6.03631187e+00
3.13178438e+01 5.78343143e+00
3.13269344e+01 5.55977018e+00
3.13360250e+01 5.36349237e+00
3.13451157e+01 5.19287379e+00
3.13556663e+01 5.02491671e+00
3.13669468e+01 4.87860866e+00
3.13782273e+01 4.76426444e+00
3.13895078e+01 4.67974784e+00
3.14007883e+01 4.62327392e+00
3.14126873e+01 4.59252704e+00
3.14192552e+01 4.58777453e+00
3.14302017e+01 4.59867388e+00
3.14433375e+01 4.64235347e+00
3.14564734e+01 4.71936409e+00
3.14696092e+01 4.83032890e+00
3.14827451e+01 4.97659133e+00
3.14958809e+01 5.16023040e+00
3.15090168e+01 5.38407821e+00
3.15221526e+01 5.65173820e+00
3.15352884e+01 5.96760266e+00
3.15440457e+01 6.20749147e+00
3.15534738e+01 6.49426928e+00
3.15635729e+01 6.83689475e+00
3.15736719e+01 7.21931074e+00
3.15837710e+01 7.64499316e+00
3.15938701e+01 8.11768984e+00
3.16039691e+01 8.64140456e+00
3.16140682e+01 9.22038272e+00
3.16241672e+01 9.85908622e+00
3.16330547e+01 1.04742618e+01
3.16445686e+01 1.13507046e+01
3.16560825e+01 1.23235689e+01
3.16675964e+01 1.34002038e+01
3.16791103e+01 1.45879315e+01
3.16906242e+01 1.58939053e+01
3.17002609e+01 1.70828391e+01
3.17098976e+01 1.83631532e+01
3.17195343e+01 1.97382843e+01
3.17291710e+01 2.12112713e+01
3.17388076e+01 2.27846718e+01
3.17490562e+01 2.45703788e+01
3.17596108e+01 2.65321041e+01
3.17736835e+01 2.93423666e+01
3.17877562e+01 3.23731334e+01
3.18021158e+01 3.56864944e+01
3.18173359e+01 3.94287417e+01
3.18363610e+01 4.44075833e+01
3.18591912e+01 5.07452733e+01
3.19299329e+01 7.12833740e+01
3.19487432e+01 7.64448456e+01
3.19661520e+01 8.08949932e+01
3.19835608e+01 8.49254508e+01
3.20009696e+01 8.84385522e+01
3.20183784e+01 9.13457706e+01
3.20357872e+01 9.35715318e+01
3.20488438e+01 9.47572984e+01
3.20619004e+01 9.55079343e+01
3.20749570e+01 9.58118685e+01
3.20793092e+01 9.58128911e+01
3.20969780e+01 9.53025234e+01
3.21146467e+01 9.39803378e+01
3.21323155e+01 9.18829735e+01
3.21499843e+01 8.90678388e+01
3.21676530e+01 8.56104138e+01
3.21853218e+01 8.16007915e+01
3.21971010e+01 7.86703521e+01
3.22206593e+01 7.23340835e+01
3.22559969e+01 6.21236140e+01
3.22930172e+01 5.13129579e+01
3.23140515e+01 4.54220255e+01
3.23308790e+01 4.09403846e+01
3.23475316e+01 3.67548794e+01
3.23599773e+01 3.38081094e+01
3.23724231e+01 3.10270537e+01
3.23848688e+01 2.84178161e+01
3.23979051e+01 2.58724794e+01
3.24109414e+01 2.35197727e+01
3.24207186e+01 2.18804513e+01
3.24304958e+01 2.03465114e+01
3.24407060e+01 1.88544531e+01
3.24517820e+01 1.73587281e+01
3.24628581e+01 1.59858429e+01
3.24739341e+01 1.47300492e+01
3.24850102e+01 1.35851495e+01
3.24960862e+01 1.25446486e+01
3.25054528e+01 1.17412730e+01
3.25148194e+01 1.10037197e+01
3.25241860e+01 1.03279329e+01
3.25335526e+01 9.70991355e+00
3.25429192e+01 9.14574672e+00
3.25522858e+01 8.63163427e+00
3.25616524e+01 8.16391507e+00
3.25710190e+01 7.73908439e+00
3.25795537e+01 7.38650666e+00
3.25880884e+01 7.06437321e+00
3.26008904e+01 6.63333666e+00
3.26136925e+01 6.25864359e+00
3.26264946e+01 5.93386853e+00
3.26392966e+01 5.65324069e+00
3.26520987e+01 5.41162160e+00
3.26649007e+01 5.20447682e+00
3.26777028e+01 5.02784006e+00
3.26905048e+01 4.87827586e+00
3.27033069e+01 4.75284055e+00
3.27180922e+01 4.63476338e+00
3.27338691e+01 4.53708777e+00
3.27496460e+01 4.46576486e+00
3.27654230e+01 4.41864519e+00
3.27811999e+01 4.39433971e+00
3.27917178e+01 4.39045525e+00
3.28112782e+01 4.40942122e+00
3.28259485e+01 4.44666043e+00
3.28406188e+01 4.50489855e+00
3.28552891e+01 4.58596037e+00
3.28699593e+01 4.69236631e+00
3.28846296e+01 4.82741495e+00
3.28992999e+01 4.99528070e+00
3.29139702e+01 5.20112717e+00
3.29286405e+01 5.45123090e+00
3.29384207e+01 5.64621393e+00
3.29482009e+01 5.86674687e+00
3.29604831e+01 6.18430881e+00
3.29696948e+01 6.45568304e+00
3.29789065e+01 6.75879976e+00
3.29881181e+01 7.09690264e+00
3.29973298e+01 7.47351073e+00
3.30065415e+01 7.89242406e+00
3.30157532e+01 8.35772639e+00
3.30249649e+01 8.87378446e+00
3.30341765e+01 9.44524330e+00
3.30433882e+01 1.00770169e+01
3.30503415e+01 1.05969823e+01
3.30581070e+01 1.12246205e+01
3.30658724e+01 1.19049980e+01
3.30736379e+01 1.26415340e+01
3.30814034e+01 1.34377274e+01
3.30891688e+01 1.42971388e+01
3.30969343e+01 1.52233691e+01
3.31046997e+01 1.62200363e+01
3.31151992e+01 1.76860027e+01
3.31251242e+01 1.92041594e+01
3.31350493e+01 2.08583159e+01
3.31449743e+01 2.26553252e+01
3.31548994e+01 2.46015540e+01
3.31645556e+01 2.66437516e+01
3.31736741e+01 2.87110477e+01
3.31827927e+01 3.09164496e+01
3.31949507e+01 3.40759000e+01
3.32040692e+01 3.66114946e+01
3.32160963e+01 4.01739559e+01
3.32279925e+01 4.39393397e+01
3.32398886e+01 4.79392254e+01
3.32517848e+01 5.21639096e+01
3.32690576e+01 5.86689395e+01
3.32879322e+01 6.62155903e+01
3.33105817e+01 7.57325531e+01
3.33612939e+01 9.76549658e+01
3.33828750e+01 1.06603041e+02
3.34044562e+01 1.14903393e+02
3.34252020e+01 1.21998486e+02
3.34390325e+01 1.26123300e+02
3.34528630e+01 1.29686586e+02
3.34666935e+01 1.32630702e+02
3.34805240e+01 1.34907484e+02
3.34943545e+01 1.36479627e+02
3.35081850e+01 1.37321767e+02
3.35151003e+01 1.37464616e+02
3.35292977e+01 1.37174721e+02
3.35434952e+01 1.36108414e+02
3.35576926e+01 1.34287666e+02
3.35718901e+01 1.31748067e+02
3.35860875e+01 1.28537738e+02
3.36002850e+01 1.24715892e+02
3.36192149e+01 1.18788477e+02
3.36381449e+01 1.12078775e+02
3.36570748e+01 1.04783507e+02
3.36955937e+01 8.89690461e+01
3.37294900e+01 7.50345746e+01
3.37518579e+01 6.63252057e+01
3.37675399e+01 6.05952993e+01
3.37832219e+01 5.52474106e+01
3.37949834e+01 5.15181003e+01
3.38067448e+01 4.80499140e+01
3.38185057e+01 4.48574016e+01
3.38302666e+01 4.19519681e+01
3.38420275e+01 3.93426858e+01
3.38537884e+01 3.70364452e+01
3.38655493e+01 3.50382902e+01
3.38735316e+01 3.38594691e+01
3.38816557e+01 3.28079327e+01
3.38897797e+01 3.19065006e+01
3.38979037e+01 3.11555709e+01
3.39060278e+01 3.05553908e+01
3.39141518e+01 3.01060865e+01
3.39222758e+01 2.98076885e+01
3.39303999e+01 2.96601512e+01
3.39344619e+01 2.96429236e+01
3.39438010e+01 2.97461447e+01
3.39531402e+01 3.00481835e+01
3.39624794e+01 3.05486331e+01
3.39718185e+01 3.12469548e+01
3.39811577e+01 3.21424457e+01
3.39904969e+01 3.32341816e+01
3.39998360e+01 3.45209599e+01
3.40091752e+01 3.60012227e+01
3.40177930e+01 3.75370811e+01
3.40264108e+01 3.92340297e+01
3.40393375e+01 4.20760943e+01
3.40522643e+01 4.52647155e+01
3.40651910e+01 4.87864603e+01
3.40781177e+01 5.26243456e+01
3.40935459e+01 5.75892457e+01
3.41089741e+01 6.29306821e+01
3.41244023e+01 6.85955947e+01
3.41498260e+01 7.84661739e+01
3.41998036e+01 9.85789423e+01
3.42283864e+01 1.09523392e+02
3.42455699e+01 1.15568057e+02
3.42627534e+01 1.21046521e+02
3.42799368e+01 1.25834455e+02
3.42971203e+01 1.29822010e+02
3.43143038e+01 1.32918382e+02
3.43314873e+01 1.35055739e+02
3.43486707e+01 1.36192254e+02
3.43572625e+01 1.36379742e+02
3.43735420e+01 1.36042893e+02
3.43898215e+01 1.34822602e+02
3.44061011e+01 1.32765164e+02
3.44223806e+01 1.29937360e+02
3.44386602e+01 1.26423975e+02
3.44549397e+01 1.22324696e+02
3.44766458e+01 1.16140659e+02
3.45092049e+01 1.05903085e+02
3.45556890e+01 9.10047191e+01
3.45742726e+01 8.54575120e+01
3.45928562e+01 8.03502448e+01
3.46114397e+01 7.57910498e+01
3.46238288e+01 7.30990094e+01
3.46399058e+01 7.00571810e+01
3.46547296e+01 6.77292600e+01
3.46695534e+01 6.58754776e+01
3.46843772e+01 6.45042643e+01
3.46992010e+01 6.36173065e+01
3.47135119e+01 6.32165960e+01
3.47179403e+01 6.31820971e+01
3.47312255e+01 6.33279075e+01
3.47445108e+01 6.38395957e+01
3.47577960e+01 6.47051173e+01
3.47710812e+01 6.59107538e+01
3.47799380e+01 6.68960587e+01
3.47976516e+01 6.92808093e+01
3.48153652e+01 7.21835510e+01
3.48330788e+01 7.55604836e+01
3.48507925e+01 7.93644971e+01
3.48693532e+01 8.37531166e+01
3.48971942e+01 9.09692970e+01
3.49343155e+01 1.01386585e+02
3.49807172e+01 1.14710950e+02
3.50083854e+01 1.22219749e+02
3.50357079e+01 1.28878565e+02
3.50539228e+01 1.32723677e+02
3.50721378e+01 1.35975782e+02
3.50903528e+01 1.38542913e+02
3.51085678e+01 1.40345065e+02
3.51267828e+01 1.41317659e+02
3.51358903e+01 1.41477655e+02
3.51561670e+01 1.41028913e+02
3.51729209e+01 1.39811365e+02
3.51896748e+01 1.37834829e+02
3.52064287e+01 1.35123065e+02
3.52231825e+01 1.31715324e+02
3.52343518e+01 1.29082707e+02
3.52566903e+01 1.23038166e+02
3.52790288e+01 1.16104663e+02
3.53013673e+01 1.08482527e+02
3.53354413e+01 9.60126553e+01
3.53882512e+01 7.62291566e+01
3.54117222e+01 6.77975517e+01
3.54335752e+01 6.03557034e+01
3.54495605e+01 5.52189683e+01
3.54655457e+01 5.03725895e+01
3.54815310e+01 4.58352770e+01
3.54947685e+01 4.23199351e+01
3.55080060e+01 3.90268691e+01
3.55212435e+01 3.59557458e+01
3.55344809e+01 3.31036410e+01
3.55477184e+01 3.04653800e+01
3.55607552e+01 2.80692815e+01
3.55736917e+01 2.58818468e+01
3.55866281e+01 2.38748171e+01
3.55995645e+01 2.20383425e+01
3.56125009e+01 2.03620548e+01
3.56211252e+01 1.93282627e+01
3.56317966e+01 1.81363194e+01
3.56424680e+01 1.70352358e+01
3.56531393e+01 1.60190758e+01
3.56638107e+01 1.50820356e+01
3.56744821e+01 1.42184852e+01
3.56851534e+01 1.34230035e+01
3.56958248e+01 1.26904046e+01
3.57102901e+01 1.17889762e+01
3.57216721e+01 1.11470427e+01
3.57330540e+01 1.05587415e+01
3.57444359e+01 1.00192486e+01
3.57596118e+01 9.36818302e+00
3.57747878e+01 8.78637381e+00
3.57899637e+01 8.26525786e+00
3.58051396e+01 7.79726126e+00
3.58203155e+01 7.37572124e+00
3.58392240e+01 6.90674356e+00
3.58562049e+01 6.53136876e+00
3.58731857e+01 6.19314442e+00
3.58901665e+01 5.88702418e+00
3.59071474e+01 5.60872279e+00
3.59297885e+01 5.27472531e+00
3.59524296e+01 4.97665394e+00
3.59750707e+01 4.70877833e+00
3.59977118e+01 4.46648019e+00
3.60252030e+01 4.20133501e+00
3.60413736e+01 4.05823185e+00
3.60737148e+01 3.79644861e+00
3.61060560e+01 3.56256433e+00
3.61383972e+01 3.35214792e+00
3.61707385e+01 3.16178123e+00
3.62030797e+01 2.98879278e+00
3.62354209e+01 2.83106426e+00
3.62677621e+01 2.68689022e+00
3.63108372e+01 2.51354390e+00
3.63539123e+01 2.35912227e+00
3.63969874e+01 2.22147463e+00
3.64400624e+01 2.09881955e+00
3.64831375e+01 1.98964455e+00
3.65262126e+01 1.89264614e+00
3.65692877e+01 1.80670097e+00
3.66123628e+01 1.73086004e+00
3.66591846e+01 1.65899154e+00
3.67060064e+01 1.59742468e+00
3.67528283e+01 1.54568449e+00
3.67996501e+01 1.50351077e+00
3.68464719e+01 1.47075922e+00
3.68932937e+01 1.44722815e+00
3.69401156e+01 1.43241032e+00
3.69869374e+01 1.42524956e+00
3.70209674e+01 1.42391823e+00
3.71230572e+01 1.43111456e+00
3.72251470e+01 1.44029611e+00
3.72591770e+01 1.44126832e+00
3.73283942e+01 1.43852266e+00
3.74841330e+01 1.42347474e+00
3.75014373e+01 1.42345009e+00
3.75562449e+01 1.42965601e+00
3.75966427e+01 1.44261107e+00
3.76370406e+01 1.46510732e+00
3.76673390e+01 1.48962696e+00
3.76976374e+01 1.52186314e+00
3.77279358e+01 1.56295593e+00
3.77582342e+01 1.61415111e+00
3.77885326e+01 1.67680394e+00
3.78188310e+01 1.75236038e+00
3.78491294e+01 1.84230620e+00
3.78707983e+01 1.91626151e+00
3.78939371e+01 2.00470803e+00
3.79170759e+01 2.10340439e+00
3.79402147e+01 2.21267360e+00
3.79633535e+01 2.33263074e+00
3.79864923e+01 2.46312691e+00
3.80212005e+01 2.67751614e+00
3.80566519e+01 2.91653950e+00
3.81059022e+01 3.27148522e+00
3.81674650e+01 3.72097369e+00
3.82044027e+01 3.97263684e+00
3.82413404e+01 4.19528376e+00
3.82661042e+01 4.32249493e+00
3.82908679e+01 4.42864709e+00
3.83156317e+01 4.51169235e+00
3.83403955e+01 4.57050567e+00
3.83651593e+01 4.60499885e+00
3.83902376e+01 4.61617926e+00
3.84238850e+01 4.59762930e+00
3.84575324e+01 4.54849326e+00
3.85416510e+01 4.37365089e+00
3.85752984e+01 4.32421517e+00
3.86005340e+01 4.31196166e+00
3.86257695e+01 4.33092663e+00
3.86425932e+01 4.36579027e+00
3.86600994e+01 4.42498031e+00
3.86776055e+01 4.51150335e+00
3.86951116e+01 4.62980444e+00
3.87082412e+01 4.74234874e+00
3.87213708e+01 4.87786595e+00
3.87345004e+01 5.03889438e+00
3.87476300e+01 5.22821995e+00
3.87607596e+01 5.44890301e+00
3.87738892e+01 5.70430501e+00
3.87826423e+01 5.89566924e+00
3.87954537e+01 6.20899650e+00
3.88082651e+01 6.56540072e+00
3.88210765e+01 6.96921431e+00
3.88338879e+01 7.42513313e+00
3.88466993e+01 7.93822441e+00
3.88595107e+01 8.51392530e+00
3.88691192e+01 8.99026501e+00
3.88787278e+01 9.50765385e+00
3.88895355e+01 1.01420012e+01
3.89027414e+01 1.09979811e+01
3.89159473e+01 1.19499234e+01
3.89291533e+01 1.30054871e+01
3.89423592e+01 1.41724408e+01
3.89555651e+01 1.54585405e+01
3.89683007e+01 1.68188052e+01
3.89810362e+01 1.83034907e+01
3.89937718e+01 1.99187072e+01
3.90065073e+01 2.16699589e+01
3.90192429e+01 2.35619634e+01
3.90317040e+01 2.55530201e+01
3.90440279e+01 2.76605344e+01
3.90563518e+01 2.99067405e+01
3.90727837e+01 3.31166119e+01
3.90892156e+01 3.65669969e+01
3.91078191e+01 4.07496561e+01
3.91264226e+01 4.52008858e+01
3.91450261e+01 4.98841637e+01
3.91755071e+01 5.79288317e+01
3.92348949e+01 7.39086208e+01
3.92586500e+01 7.99295977e+01
3.92766472e+01 8.41678156e+01
3.92946445e+01 8.80333075e+01
3.93126417e+01 9.14451355e+01
3.93306389e+01 9.43291527e+01
3.93486362e+01 9.66208334e+01
3.93666334e+01 9.82678303e+01
3.93846306e+01 9.92321174e+01
3.94026279e+01 9.94915909e+01
3.94215588e+01 9.89984275e+01
3.94404898e+01 9.77342056e+01
3.94594208e+01 9.57336971e+01
3.94783518e+01 9.30505188e+01
3.94972828e+01 8.97547675e+01
3.95162137e+01 8.59299726e+01
3.95414550e+01 8.01697127e+01
3.95666964e+01 7.38721738e+01
3.96336809e+01 5.63141677e+01
3.96628034e+01 4.90176339e+01
3.96822185e+01 4.44459541e+01
3.97010833e+01 4.02816878e+01
3.97152320e+01 3.73568039e+01
3.97293806e+01 3.46112100e+01
3.97435293e+01 3.20493959e+01
3.97576779e+01 2.96726070e+01
3.97728072e+01 2.73338661e+01
3.97879364e+01 2.51995798e+01
3.98030657e+01 2.32618480e+01
3.98181949e+01 2.15106253e+01
3.98333242e+01 1.99342616e+01
3.98465026e+01 1.86937463e+01
3.98587055e+01 1.76470971e+01
3.98709085e+01 1.66912876e+01
3.98831114e+01 1.58192498e+01
3.98953144e+01 1.50240619e+01
3.99034497e+01 1.45333172e+01
3.99197203e+01 1.36378093e+01
3.99359909e+01 1.28451109e+01
3.99522615e+01 1.21421997e+01
3.99685321e+01 1.15175012e+01
3.99882754e+01 1.08501192e+01
4.00080186e+01 1.02680390e+01
4.00277618e+01 9.75916726e+00
4.00475050e+01 9.31411158e+00
4.00672483e+01 8.92579125e+00
4.00869915e+01 8.58900218e+00
4.01067347e+01 8.29996765e+00
4.01264780e+01 8.05589987e+00
4.01462212e+01 7.85459324e+00
4.01659644e+01 7.69406509e+00
4.01892987e+01 7.55407987e+00
4.02096429e+01 7.47304825e+00
4.02345556e+01 7.42086194e+00
4.02492963e+01 7.41162760e+00
4.02787777e+01 7.43302247e+00
4.03229997e+01 7.53307420e+00
4.03819624e+01 7.69445112e+00
4.04114438e+01 7.74483632e+00
4.04261844e+01 7.75519096e+00
4.04556658e+01 7.73823224e+00
4.04813819e+01 7.67663370e+00
4.05070980e+01 7.56803276e+00
4.05328141e+01 7.41233524e+00
4.05585302e+01 7.21236429e+00
4.05842463e+01 6.97354605e+00
4.06099624e+01 6.70343419e+00
4.06613946e+01 6.10664406e+00
4.07128269e+01 5.50217001e+00
4.07408249e+01 5.19784579e+00
4.07625328e+01 4.98304942e+00
4.07842406e+01 4.79141974e+00
4.08059485e+01 4.62648863e+00
4.08276564e+01 4.49109264e+00
4.08493643e+01 4.38740480e+00
4.08710722e+01 4.31699067e+00
4.08873531e+01 4.28665432e+00
4.09036340e+01 4.27588837e+00
4.09205956e+01 4.28563856e+00
4.09375572e+01 4.31682419e+00
4.09545189e+01 4.36938917e+00
4.09714805e+01 4.44320247e+00
4.09884421e+01 4.53808036e+00
4.10054037e+01 4.65380813e+00
4.10280192e+01 4.84016204e+00
4.10506347e+01 5.06272043e+00
4.10732502e+01 5.32119419e+00
4.10944372e+01 5.59595958e+00
4.11141957e+01 5.88103097e+00
4.11339543e+01 6.19476871e+00
4.11537128e+01 6.53860770e+00
4.11734713e+01 6.91477658e+00
4.11932298e+01 7.32651433e+00
4.12129884e+01 7.77831568e+00
4.12327469e+01 8.27619606e+00
4.12509457e+01 8.78223734e+00
4.12675849e+01 9.29137114e+00
4.12842240e+01 9.85212620e+00
4.13008631e+01 1.04727891e+01
4.13175023e+01 1.11629437e+01
4.13341414e+01 1.19334894e+01
4.13466208e+01 1.25714411e+01
4.13591001e+01 1.32670333e+01
4.13715795e+01 1.40262015e+01
4.13818050e+01 1.47000020e+01
4.13939364e+01 1.55650567e+01
4.14060677e+01 1.65071120e+01
4.14181991e+01 1.75322791e+01
4.14303305e+01 1.86466350e+01
4.14424619e+01 1.98561119e+01
4.14545933e+01 2.11663723e+01
4.14667246e+01 2.25826723e+01
4.14818881e+01 2.45091645e+01
4.14955348e+01 2.63971370e+01
4.15091815e+01 2.84353674e+01
4.15228282e+01 3.06261015e+01
4.15364749e+01 3.29695330e+01
4.15506750e+01 3.55678076e+01
4.15659821e+01 3.85449766e+01
4.15863916e+01 4.27797981e+01
4.16068010e+01 4.72810898e+01
4.16386610e+01 5.47060596e+01
4.16959134e+01 6.83963475e+01
4.17188143e+01 7.36006582e+01
4.17456024e+01 7.91852357e+01
4.17634611e+01 8.24910354e+01
4.17813198e+01 8.53827137e+01
4.17991785e+01 8.77991194e+01
4.18170372e+01 8.96884954e+01
4.18348959e+01 9.10104930e+01
4.18527546e+01 9.17377466e+01
4.18649149e+01 9.18851827e+01
4.18810696e+01 9.16443813e+01
4.19004552e+01 9.07091269e+01
4.19198407e+01 8.90990130e+01
4.19392263e+01 8.68631251e+01
4.19586119e+01 8.40660539e+01
4.19779975e+01 8.07848251e+01
4.20038450e+01 7.58060922e+01
4.20296924e+01 7.03364388e+01
4.21000093e+01 5.46559117e+01
4.21210398e+01 5.01404686e+01
4.21420703e+01 4.58449713e+01
4.21642773e+01 4.16083653e+01
4.21818150e+01 3.85104574e+01
4.21993528e+01 3.56489037e+01
4.22168905e+01 3.30336823e+01
4.22344282e+01 3.06698393e+01
4.22505874e+01 2.87151865e+01
4.22639895e+01 2.72553715e+01
4.22773917e+01 2.59397629e+01
4.22907939e+01 2.47656489e+01
4.23041960e+01 2.37297466e+01
4.23175982e+01 2.28283169e+01
4.23310004e+01 2.20572498e+01
4.23444025e+01 2.14121200e+01
4.23578047e+01 2.08882156e+01
4.23712069e+01 2.04805429e+01
4.23846091e+01 2.01838112e+01
4.23985940e+01 1.99863776e+01
4.24162481e+01 1.98902785e+01
4.24177193e+01 1.98895725e+01
4.24339022e+01 1.99512069e+01
4.24515562e+01 2.01529304e+01
4.24692103e+01 2.04776943e+01
4.24927490e+01 2.10684959e+01
4.25162877e+01 2.17936064e+01
4.25869039e+01 2.42256597e+01
4.26139364e+01 2.50296454e+01
4.26342107e+01 2.55115051e+01
4.26544850e+01 2.58595280e+01
4.26747593e+01 2.60527406e+01
4.26882755e+01 2.60881800e+01
4.27066787e+01 2.60112195e+01
4.27241464e+01 2.58035702e+01
4.27416141e+01 2.54679967e+01
4.27590818e+01 2.50119878e+01
4.27765494e+01 2.44471553e+01
4.27998397e+01 2.35518803e+01
4.28347750e+01 2.20001756e+01
4.28813555e+01 1.98373487e+01
4.29050719e+01 1.88363816e+01
4.29208828e+01 1.82498890e+01
4.29366937e+01 1.77488954e+01
4.29525046e+01 1.73498014e+01
4.29683155e+01 1.70673312e+01
4.29841264e+01 1.69142228e+01
4.29920319e+01 1.68895488e+01
4.30038901e+01 1.69204801e+01
4.30139641e+01 1.70127313e+01
4.30262068e+01 1.72084204e+01
4.30384495e+01 1.74971095e+01
4.30506921e+01 1.78791620e+01
4.30629348e+01 1.83538508e+01
4.30751775e+01 1.89193410e+01
4.30874201e+01 1.95726825e+01
4.30996628e+01 2.03098154e+01
4.31180537e+01 2.15630080e+01
4.31364580e+01 2.29725451e+01
4.31548623e+01 2.45105312e+01
4.31794013e+01 2.67058340e+01
4.32384255e+01 3.21607813e+01
4.32642893e+01 3.43690277e+01
4.32815319e+01 3.56977050e+01
4.32987745e+01 3.68760563e+01
4.33160170e+01 3.78769932e+01
4.33332596e+01 3.86773315e+01
4.33520966e+01 3.93006577e+01
4.33674202e+01 3.96027575e+01
4.33827438e+01 3.97150112e+01
4.34017050e+01 3.95888715e+01
4.34206662e+01 3.91740830e+01
4.34396274e+01 3.84832605e+01
4.34585886e+01 3.75365935e+01
4.34775497e+01 3.63609095e+01
4.34965109e+01 3.49884881e+01
4.35217925e+01 3.29157927e+01
4.35470740e+01 3.06508848e+01
4.36070495e+01 2.50500807e+01
4.36291027e+01 2.30777947e+01
4.36511558e+01 2.12233494e+01
4.36732089e+01 1.95187584e+01
4.36935655e+01 1.80974855e+01
4.37071365e+01 1.72364896e+01
4.37207075e+01 1.64463116e+01
4.37342786e+01 1.57269084e+01
4.37478496e+01 1.50770956e+01
4.37614206e+01 1.44946722e+01
4.37749916e+01 1.39765572e+01
4.37894791e+01 1.34901069e+01
4.38048829e+01 1.30424640e+01
4.38202867e+01 1.26595219e+01
4.38356905e+01 1.23337009e+01
4.38587962e+01 1.19351132e+01
4.38819019e+01 1.16219194e+01
4.39050076e+01 1.13703093e+01
4.39358153e+01 1.10954815e+01
4.40282381e+01 1.04104974e+01
4.40776835e+01 1.00914137e+01
4.41073508e+01 9.95121455e+00
4.41370180e+01 9.88136921e+00
4.41469071e+01 9.87872193e+00
4.41666853e+01 9.91073865e+00
4.41864635e+01 9.99908428e+00
4.42034530e+01 1.01253143e+01
4.42204426e+01 1.03019398e+01
4.42374322e+01 1.05316716e+01
4.42544217e+01 1.08161395e+01
4.42714113e+01 1.11557651e+01
4.42884009e+01 1.15496626e+01
4.43053904e+01 1.19955745e+01
4.43306810e+01 1.27474458e+01
4.43555838e+01 1.35749512e+01
4.43887877e+01 1.47721440e+01
4.44385934e+01 1.66251907e+01
4.44732844e+01 1.78292628e+01
4.45004179e+01 1.86504665e+01
4.45185069e+01 1.91160437e+01
4.45365959e+01 1.95032648e+01
4.45546849e+01 1.98029022e+01
4.45727739e+01 2.00076298e+01
4.45908629e+01 2.01122430e+01
4.45999074e+01 2.01259979e+01
4.46210948e+01 2.00566479e+01
4.46422822e+01 1.98464190e+01
4.46634696e+01 1.95007631e+01
4.46846570e+01 1.90290210e+01
4.47058445e+01 1.84438950e+01
4.47270319e+01 1.77607834e+01
4.47552818e+01 1.67276853e+01
4.47835317e+01 1.55951808e+01
4.48642988e+01 1.21899802e+01
4.48898936e+01 1.11578287e+01
4.49154885e+01 1.01829432e+01
4.49359883e+01 9.45195590e+00
4.49590952e+01 8.68675989e+00
4.49822022e+01 7.98674439e+00
4.50053092e+01 7.35246866e+00
4.50207139e+01 6.96547178e+00
4.50361186e+01 6.60621738e+00
4.50515232e+01 6.27362793e+00
4.50725277e+01 5.86082932e+00
4.50935322e+01 5.49180654e+00
4.51145366e+01 5.16296869e+00
4.51355411e+01 4.87080980e+00
4.51565455e+01 4.61207673e+00
4.51775500e+01 4.38389422e+00
4.51985544e+01 4.18384600e+00
4.52195589e+01 4.01001972e+00
4.52386935e+01 3.87330108e+00
4.52578281e+01 3.75647901e+00
4.52769628e+01 3.65917112e+00
4.52960974e+01 3.58127291e+00
4.53152320e+01 3.52290966e+00
4.53343666e+01 3.48437988e+00
4.53535012e+01 3.46609122e+00
4.53630686e+01 3.46467749e+00
4.53828863e+01 3.47843283e+00
4.54033873e+01 3.51668465e+00
4.54238882e+01 3.57960580e+00
4.54443891e+01 3.66712887e+00
4.54648901e+01 3.77877113e+00
4.54853910e+01 3.91354196e+00
4.55058920e+01 4.06986674e+00
4.55263929e+01 4.24553265e+00
4.55557194e+01 4.52458162e+00
4.55938714e+01 4.91984855e+00
4.56510994e+01 5.51853389e+00
4.56797133e+01 5.78887772e+00
4.57034522e+01 5.98418829e+00
4.57247535e+01 6.13029086e+00
4.57460548e+01 6.24383571e+00
4.57673561e+01 6.32098603e+00
4.57886574e+01 6.35903039e+00
4.57979768e+01 6.36295967e+00
4.58174842e+01 6.34587373e+00
4.58394231e+01 6.28622830e+00
4.58613620e+01 6.18563570e+00
4.58833008e+01 6.04740076e+00
4.59052397e+01 5.87609719e+00
4.59344915e+01 5.60611548e+00
4.59637433e+01 5.30296040e+00
4.60222470e+01 4.66550616e+00
4.60466427e+01 4.41340913e+00
4.60661823e+01 4.22686549e+00
4.60857219e+01 4.05879974e+00
4.61052615e+01 3.91330795e+00
4.61248011e+01 3.79416444e+00
4.61394558e+01 3.72419802e+00
4.61541105e+01 3.67237886e+00
4.61687653e+01 3.64000208e+00
4.61834200e+01 3.62830422e+00
4.62002576e+01 3.64193424e+00
4.62127743e+01 3.67181487e+00
4.62252910e+01 3.71932689e+00
4.62378077e+01 3.78517174e+00
4.62503244e+01 3.87004803e+00
4.62628412e+01 3.97465354e+00
4.62753579e+01 4.09968582e+00
4.62878746e+01 4.24584176e+00
4.63003913e+01 4.41381449e+00
4.63129080e+01 4.60429032e+00
4.63254247e+01 4.81794231e+00
4.63399001e+01 5.09478302e+00
4.63521620e+01 5.35493743e+00
4.63644238e+01 5.63919569e+00
4.63766856e+01 5.94805554e+00
4.63889475e+01 6.28195656e+00
4.64073402e+01 6.83054711e+00
4.64257330e+01 7.43718257e+00
4.64438082e+01 8.09026529e+00
4.64617245e+01 8.79309953e+00
4.64796409e+01 9.55036323e+00
4.64975573e+01 1.03605595e+01
4.65214457e+01 1.15191808e+01
4.65455286e+01 1.27707664e+01
4.65757130e+01 1.44418799e+01
4.66119344e+01 1.65621805e+01
4.66967660e+01 2.16844119e+01
4.67331449e+01 2.37678083e+01
4.67604291e+01 2.52117743e+01
4.67895499e+01 2.65962571e+01
4.68195888e+01 2.78119276e+01
4.68396148e+01 2.84820371e+01
4.68596408e+01 2.90270492e+01
4.68796668e+01 2.94376479e+01
4.68996928e+01 2.97063069e+01
4.69197188e+01 2.98275389e+01
4.69297318e+01 2.98317661e+01
4.69538035e+01 2.96869026e+01
4.69778752e+01 2.93246810e+01
4.70019469e+01 2.87516997e+01
4.70260186e+01 2.79799001e+01
4.70500903e+01 2.70263074e+01
4.70741620e+01 2.59125437e+01
4.70982336e+01 2.46641275e+01
4.71223053e+01 2.33096078e+01
4.71659199e+01 2.06848578e+01
4.72240727e+01 1.71233331e+01
4.72512818e+01 1.55400356e+01
4.72766236e+01 1.41602917e+01
4.72956299e+01 1.32023159e+01
4.73146363e+01 1.23214587e+01
4.73336426e+01 1.15266778e+01
4.73479439e+01 1.09902337e+01
4.73638756e+01 1.04590249e+01
4.73798074e+01 1.00014404e+01
4.73917562e+01 9.70863518e+00
4.74037050e+01 9.46048649e+00
4.74156538e+01 9.25821247e+00
4.74276026e+01 9.10294157e+00
4.74395514e+01 8.99571665e+00
4.74515002e+01 8.93749736e+00
4.74594660e+01 8.92634571e+00
4.74736303e+01 8.96200712e+00
4.74860273e+01 9.05229452e+00
4.74984242e+01 9.19843324e+00
4.75108211e+01 9.40095547e+00
4.75232180e+01 9.66023564e+00
4.75356150e+01 9.97646525e+00
4.75480119e+01 1.03496260e+01
4.75604088e+01 1.07794592e+01
4.75721502e+01 1.12383430e+01
4.75887789e+01 1.19729912e+01
4.76054076e+01 1.28042730e+01
4.76220364e+01 1.37280345e+01
4.76386651e+01 1.47387867e+01
4.76552938e+01 1.58296085e+01
4.76739574e+01 1.71387947e+01
4.77019528e+01 1.92401178e+01
4.77486118e+01 2.29603785e+01
4.77952707e+01 2.66656635e+01
4.78253248e+01 2.88747008e+01
4.78460470e+01 3.02559782e+01
4.78667693e+01 3.14881889e+01
4.78874916e+01 3.25462136e+01
4.79082138e+01 3.34094796e+01
4.79289361e+01 3.40627958e+01
4.79496583e+01 3.44969529e+01
4.79703806e+01 3.47090498e+01
4.79782806e+01 3.47319607e+01
4.80019804e+01 3.46145749e+01
4.80256803e+01 3.42333243e+01
4.80493802e+01 3.36150624e+01
4.80730801e+01 3.27936914e+01
4.80967800e+01 3.18081131e+01
4.81283799e+01 3.03108263e+01
4.82073795e+01 2.62557551e+01
4.82360741e+01 2.48671994e+01
4.82618636e+01 2.37239658e+01
4.82876530e+01 2.27060909e+01
4.83134425e+01 2.18316017e+01
4.83392319e+01 2.11121055e+01
4.83650214e+01 2.05535086e+01
4.83908108e+01 2.01566970e+01
4.84166003e+01 1.99180808e+01
4.84386183e+01 1.98338525e+01
4.84477417e+01 1.98295183e+01
4.84751117e+01 1.99160880e+01
4.85024818e+01 2.01361449e+01
4.85389752e+01 2.05944573e+01
4.85754686e+01 2.11765542e+01
4.86484554e+01 2.23859532e+01
4.86849488e+01 2.28473716e+01
4.87123188e+01 2.30725844e+01
4.87369186e+01 2.31687017e+01
4.87523950e+01 2.31743470e+01
4.87819956e+01 2.30683473e+01
4.88115962e+01 2.28239052e+01
4.88559971e+01 2.22797147e+01
4.89003980e+01 2.17044779e+01
4.89299986e+01 2.14363841e+01
4.89521990e+01 2.13607629e+01
4.89743995e+01 2.14368509e+01
4.89891998e+01 2.15909358e+01
4.90067980e+01 2.18988699e+01
4.90251336e+01 2.23802653e+01
4.90434692e+01 2.30407586e+01
4.90618048e+01 2.38922452e+01
4.90801403e+01 2.49423593e+01
4.90984759e+01 2.61938758e+01
4.91180468e+01 2.77489060e+01
4.91382353e+01 2.95792815e+01
4.91584239e+01 3.16196531e+01
4.91786124e+01 3.38413719e+01
4.92122600e+01 3.78430948e+01
4.92710559e+01 4.51153365e+01
4.93004538e+01 4.85138312e+01
4.93225022e+01 5.08044095e+01
4.93428395e+01 5.26482802e+01
4.93623212e+01 5.41218702e+01
4.93818029e+01 5.52683411e+01
4.94012846e+01 5.60557161e+01
4.94207663e+01 5.64613081e+01
4.94337541e+01 5.65129843e+01
4.94540322e+01 5.62409519e+01
4.94743103e+01 5.55453582e+01
4.94945884e+01 5.44446906e+01
4.95148664e+01 5.29689044e+01
4.95351445e+01 5.11581275e+01
4.95554226e+01 4.90609764e+01
4.95824601e+01 4.59152590e+01
4.96230162e+01 4.07381634e+01
4.96709813e+01 3.45008360e+01
4.96919089e+01 3.19172480e+01
4.97128366e+01 2.94920641e+01
4.97337642e+01 2.72669673e+01
4.97539953e+01 2.53370543e+01
4.97674827e+01 2.41823692e+01
4.97809701e+01 2.31386472e+01
4.97944575e+01 2.22088522e+01
4.98079448e+01 2.13945331e+01
4.98214322e+01 2.06959126e+01
4.98349196e+01 2.01119956e+01
4.98496490e+01 1.96028474e+01
4.98656204e+01 1.91977865e+01
4.98802415e+01 1.89555267e+01
4.98935123e+01 1.88367612e+01
4.99042949e+01 1.88074966e+01
4.99200539e+01 1.88666822e+01
4.99333247e+01 1.90041841e+01
4.99532309e+01 1.93471695e+01
4.99731371e+01 1.98364624e+01
4.99930433e+01 2.04523904e+01
5.00063141e+01 2.09239931e+01
5.00328557e+01 2.19897371e+01
5.00593973e+01 2.31863568e+01
5.01008420e+01 2.52340168e+01
5.02051641e+01 3.06665387e+01
5.02498736e+01 3.27944317e+01
5.02796799e+01 3.40339932e+01
5.03094862e+01 3.50714180e+01
5.03348788e+01 3.57575915e+01
5.03558576e+01 3.61650287e+01
5.03768364e+01 3.64126153e+01
5.03978152e+01 3.64887523e+01
5.04228439e+01 3.63445088e+01
5.04446527e+01 3.60064231e+01
5.04664616e+01 3.54731273e+01
5.04882705e+01 3.47534650e+01
5.05100793e+01 3.38624960e+01
5.05391578e+01 3.24451941e+01
5.05682363e+01 3.08258322e+01
5.06507504e+01 2.58497580e+01
5.06802041e+01 2.42209789e+01
5.06998399e+01 2.32546970e+01
5.07194757e+01 2.24130714e+01
5.07391115e+01 2.17184692e+01
5.07538384e+01 2.13059760e+01
5.07685652e+01 2.09945841e+01
5.07832921e+01 2.07905477e+01
5.07998462e+01 2.06958047e+01
5.08016735e+01 2.06943287e+01
5.08126373e+01 2.07237275e+01
5.08276433e+01 2.08717831e+01
5.08426493e+01 2.11462356e+01
5.08576554e+01 2.15479323e+01
5.08726614e+01 2.20765068e+01
5.08876674e+01 2.27303831e+01
5.09026734e+01 2.35067789e+01
5.09176794e+01 2.44017224e+01
5.09326854e+01 2.54100677e+01
5.09549547e+01 2.71017450e+01
5.09772240e+01 2.90040511e+01
5.09920702e+01 3.03746223e+01
5.10217626e+01 3.33157663e+01
5.10707487e+01 3.85375355e+01
5.11286298e+01 4.47467005e+01
5.11575704e+01 4.76361225e+01
5.11865109e+01 5.02579465e+01
5.12135147e+01 5.23915129e+01
5.12366451e+01 5.39363002e+01
5.12597754e+01 5.51919263e+01
5.12829058e+01 5.61396432e+01
5.13060361e+01 5.67686574e+01
5.13337733e+01 5.70990255e+01
5.13383802e+01 5.71095298e+01
5.13660213e+01 5.69140551e+01
5.13936623e+01 5.62938768e+01
5.14213034e+01 5.52818335e+01
5.14489445e+01 5.39175612e+01
5.14765856e+01 5.22447190e+01
5.15042267e+01 5.03086034e+01
5.15318677e+01 4.81543553e+01
5.15687225e+01 4.50182013e+01
5.16240047e+01 3.99470695e+01
5.17158272e+01 3.12998940e+01
5.17525563e+01 2.80076635e+01
5.17857693e+01 2.52097335e+01
5.18154662e+01 2.28931148e+01
5.18377389e+01 2.12882975e+01
5.18600116e+01 1.98074810e+01
5.18822843e+01 1.84570609e+01
5.18997611e+01 1.74911322e+01
5.19198663e+01 1.64825615e+01
5.19399715e+01 1.55826969e+01
5.19600767e+01 1.47886278e+01
5.19801820e+01 1.40957618e+01
5.20002872e+01 1.34980188e+01
5.20203924e+01 1.29880657e+01
5.20404976e+01 1.25575793e+01
5.20610581e+01 1.21901120e+01
5.20820739e+01 1.18800829e+01
5.21030896e+01 1.16254350e+01
5.21346133e+01 1.13236617e+01
5.21766448e+01 1.10179631e+01
5.22607079e+01 1.04907435e+01
5.23027395e+01 1.01788933e+01
5.23447710e+01 9.80488496e+00
5.23868026e+01 9.36617009e+00
5.24310947e+01 8.84416167e+00
5.25049148e+01 7.89342098e+00
5.25787350e+01 6.93781374e+00
5.26230271e+01 6.40351961e+00
5.26560017e+01 6.03704932e+00
5.26889762e+01 5.70309933e+00
5.27219508e+01 5.40601183e+00
5.27466817e+01 5.20980519e+00
5.27714127e+01 5.03832533e+00
5.27961436e+01 4.89345486e+00
5.28208745e+01 4.77730270e+00
5.28456055e+01 4.69224406e+00
5.28703364e+01 4.64091734e+00
5.28938546e+01 4.62599532e+00
5.29149473e+01 4.64283321e+00
5.29359933e+01 4.68998724e+00
5.29570394e+01 4.76914101e+00
5.29780854e+01 4.88174915e+00
5.29991314e+01 5.02892271e+00
5.30201774e+01 5.21130274e+00
5.30412234e+01 5.42893215e+00
5.30622694e+01 5.68113456e+00
5.30833154e+01 5.96640532e+00
5.31058062e+01 6.30505698e+00
5.31282970e+01 6.67451471e+00
5.31620332e+01 7.27412675e+00
5.32407509e+01 8.75032734e+00
5.32730406e+01 9.31603559e+00
5.33024374e+01 9.77319688e+00
5.33318342e+01 1.01529736e+01
5.33514320e+01 1.03537644e+01
5.33710299e+01 1.05071828e+01
5.33906277e+01 1.06096375e+01
5.34102256e+01 1.06586446e+01
5.34200245e+01 1.06626547e+01
5.34428455e+01 1.06187703e+01
5.34656666e+01 1.05015587e+01
5.34884876e+01 1.03143578e+01
5.35113086e+01 1.00626101e+01
5.35341296e+01 9.75362000e+00
5.35569506e+01 9.39623155e+00
5.35873786e+01 8.86183724e+00
5.36482347e+01 7.69152686e+00
5.36792243e+01 7.09638758e+00
5.37107754e+01 6.52446835e+00
5.37344388e+01 6.13080408e+00
5.37581021e+01 5.77534968e+00
5.37817655e+01 5.46341531e+00
5.38029916e+01 5.22358365e+00
5.38229990e+01 5.03344686e+00
5.38430064e+01 4.87845405e+00
5.38630138e+01 4.75807134e+00
5.38830212e+01 4.67104063e+00
5.39050468e+01 4.61151030e+00
5.39224216e+01 4.58929554e+00
5.39311089e+01 4.58572606e+00
5.39571710e+01 4.60203553e+00
5.39832331e+01 4.65295538e+00
5.40006078e+01 4.70220993e+00
5.40353573e+01 4.82676287e+00
5.41396057e+01 5.25889482e+00
5.41743551e+01 5.38449498e+00
5.42699948e+01 5.68872212e+00
5.43011875e+01 5.81512861e+00
5.43219826e+01 5.92463091e+00
5.43422226e+01 6.06013448e+00
5.43619073e+01 6.22817230e+00
5.43815921e+01 6.44166218e+00
5.43963556e+01 6.63800297e+00
5.44111192e+01 6.87081377e+00
5.44258828e+01 7.14533237e+00
5.44406463e+01 7.46711524e+00
5.44554099e+01 7.84202204e+00
5.44701735e+01 8.27619189e+00
5.44849370e+01 8.77601297e+00
5.44955986e+01 9.18150093e+00
5.45070795e+01 9.66318664e+00
5.45185603e+01 1.01947125e+01
5.45300411e+01 1.07793124e+01
5.45415220e+01 1.14202181e+01
5.45530028e+01 1.21206386e+01
5.45644836e+01 1.28837270e+01
5.45759645e+01 1.37125524e+01
5.45906300e+01 1.48715743e+01
5.46040176e+01 1.60323404e+01
5.46174053e+01 1.72952770e+01
5.46307929e+01 1.86638820e+01
5.46441806e+01 2.01410727e+01
5.46575550e+01 2.17274620e+01
5.46709031e+01 2.34224334e+01
5.46842512e+01 2.52295565e+01
5.47020486e+01 2.78126091e+01
5.47153967e+01 2.98778501e+01
5.47338785e+01 3.29120791e+01
5.47530446e+01 3.62606216e+01
5.47722108e+01 3.97955804e+01
5.48009601e+01 4.53903417e+01
5.48487984e+01 5.51858536e+01
5.48966367e+01 6.49797242e+01
5.49215691e+01 6.98084527e+01
5.49440977e+01 7.38715578e+01
5.49666263e+01 7.75545008e+01
5.49891549e+01 8.07702641e+01
5.50116835e+01 8.34403316e+01
5.50342121e+01 8.54980892e+01
5.50567407e+01 8.68918224e+01
5.50736372e+01 8.74799736e+01
5.50905336e+01 8.76673600e+01
5.51128590e+01 8.72990966e+01
5.51351845e+01 8.62437416e+01
5.51575099e+01 8.45341644e+01
5.51798354e+01 8.22207070e+01
5.52021608e+01 7.93690911e+01
5.52244863e+01 7.60577076e+01
5.52542535e+01 7.10801356e+01
5.52840208e+01 6.56653617e+01
5.53520687e+01 5.28472695e+01
5.53754657e+01 4.86337955e+01
5.53988628e+01 4.46554234e+01
5.54222598e+01 4.09752646e+01
5.54432211e+01 3.79713006e+01
5.54641824e+01 3.52699824e+01
5.54781566e+01 3.36450681e+01
5.54921309e+01 3.21638561e+01
5.55061051e+01 3.08270374e+01
5.55200793e+01 2.96338121e+01
5.55340535e+01 2.85820341e+01
5.55486534e+01 2.76306006e+01
5.55632533e+01 2.68248467e+01
5.55778532e+01 2.61586551e+01
5.55924531e+01 2.56250311e+01
5.56070531e+01 2.52162861e+01
5.56232162e+01 2.48995054e+01
5.56401609e+01 2.47082570e+01
5.56571056e+01 2.46477108e+01
5.56796985e+01 2.47466723e+01
5.57022914e+01 2.50221030e+01
5.57248844e+01 2.54442690e+01
5.57474773e+01 2.59861348e+01
5.57813667e+01 2.69726845e+01
5.58152561e+01 2.81133098e+01
5.58604419e+01 2.98068207e+01
5.59056278e+01 3.16721134e+01
5.59508136e+01 3.37454695e+01
5.59875628e+01 3.56466869e+01
5.60158752e+01 3.72863274e+01
5.60441876e+01 3.91115686e+01
5.60725001e+01 4.11489516e+01
5.61008125e+01 4.34169520e+01
5.61291250e+01 4.59217853e+01
5.61574374e+01 4.86536609e+01
5.61999061e+01 5.31088061e+01
5.62768464e+01 6.16438420e+01
5.63153165e+01 6.56559071e+01
5.63409633e+01 6.80427927e+01
5.63666101e+01 7.00963833e+01
5.63922568e+01 7.17331776e+01
5.64128365e+01 7.26947163e+01
5.64361054e+01 7.33608804e+01
5.64554962e+01 7.35499948e+01
5.64780627e+01 7.33318562e+01
5.64999269e+01 7.26624672e+01
5.65217912e+01 7.15450612e+01
5.65436554e+01 6.99938918e+01
5.65655196e+01 6.80340335e+01
5.65873838e+01 6.57003350e+01
5.66092480e+01 6.30359957e+01
5.66420443e+01 5.85298450e+01
5.66719990e+01 5.40204365e+01
5.67618632e+01 3.97227995e+01
5.67925552e+01 3.50297447e+01
5.68130166e+01 3.20519470e+01
5.68334779e+01 2.92229361e+01
5.68541677e+01 2.65320931e+01
5.68750858e+01 2.39986224e+01
5.68907743e+01 2.22272598e+01
5.69064629e+01 2.05683981e+01
5.69221515e+01 1.90224628e+01
5.69377224e+01 1.75989890e+01
5.69532345e+01 1.62889006e+01
5.69687466e+01 1.50839337e+01
5.69842588e+01 1.39806877e+01
5.69997709e+01 1.29751951e+01
5.70101123e+01 1.23570155e+01
5.70242647e+01 1.15757584e+01
5.70384170e+01 1.08659592e+01
5.70525694e+01 1.02238730e+01
5.70667217e+01 9.64573676e+00
5.70808741e+01 9.12782419e+00
5.70950265e+01 8.66649316e+00
5.71091788e+01 8.25822507e+00
5.71233312e+01 7.89965730e+00
5.71383474e+01 7.56999963e+00
5.71533637e+01 7.28916396e+00
5.71683799e+01 7.05387020e+00
5.71833962e+01 6.86112268e+00
5.71984124e+01 6.70821404e+00
5.72134287e+01 6.59272637e+00
5.72284449e+01 6.51252659e+00
5.72434611e+01 6.46575980e+00
5.72578474e+01 6.45084415e+00
5.72722337e+01 6.46398546e+00
5.72894972e+01 6.51544661e+00
5.73067607e+01 6.60464096e+00
5.73240243e+01 6.73066566e+00
5.73412878e+01 6.89298324e+00
5.73585513e+01 7.09140089e+00
5.73758148e+01 7.32605049e+00
5.73930784e+01 7.59737055e+00
5.74103419e+01 7.90608919e+00
5.74276054e+01 8.25320503e+00
5.74449263e+01 8.64132140e+00
5.74622472e+01 9.07084432e+00
5.74795680e+01 9.54347340e+00
5.74968889e+01 1.00610770e+01
5.75142097e+01 1.06256518e+01
5.75315306e+01 1.12392676e+01
5.75488515e+01 1.19040056e+01
5.75731197e+01 1.29251762e+01
5.75939618e+01 1.38892272e+01
5.76148040e+01 1.49363657e+01
5.76356461e+01 1.60681533e+01
5.76564882e+01 1.72849069e+01
5.76773303e+01 1.85853686e+01
5.77063607e+01 2.05298917e+01
5.77353911e+01 2.26145348e+01
5.77789367e+01 2.59459267e+01
5.78623219e+01 3.25276493e+01
5.78918376e+01 3.47177422e+01
5.79213533e+01 3.67222422e+01
5.79508690e+01 3.84699569e+01
5.79725881e+01 3.95534495e+01
5.79943073e+01 4.04394540e+01
5.80160264e+01 4.11093804e+01
5.80377456e+01 4.15496360e+01
5.80594647e+01 4.17523261e+01
5.80667044e+01 4.17666157e+01
5.80903855e+01 4.16289642e+01
5.81140665e+01 4.12171061e+01
5.81377476e+01 4.05489211e+01
5.81614286e+01 3.96502773e+01
5.81930033e+01 3.81508859e+01
5.82245780e+01 3.63918279e+01
5.83193022e+01 3.05568326e+01
5.83591895e+01 2.82797912e+01
5.83857811e+01 2.69234249e+01
5.84123726e+01 2.57215027e+01
5.84389642e+01 2.46821709e+01
5.84655557e+01 2.38022460e+01
5.84921473e+01 2.30684825e+01
5.85187388e+01 2.24594021e+01
5.85495980e+01 2.18723392e+01
5.86549787e+01 2.01882130e+01
5.86901056e+01 1.95249202e+01
5.87252325e+01 1.87357679e+01
5.87603594e+01 1.78040405e+01
5.87954863e+01 1.67322900e+01
5.88290377e+01 1.55953893e+01
5.88770015e+01 1.38347000e+01
5.89541440e+01 1.09074912e+01
5.89805256e+01 9.94442314e+00
5.90069072e+01 9.02539976e+00
5.90332887e+01 8.16210971e+00
5.90529133e+01 7.56154254e+00
5.90722145e+01 7.00855356e+00
5.90915158e+01 6.49481278e+00
5.91108170e+01 6.02148128e+00
5.91301183e+01 5.58907622e+00
5.91494195e+01 5.19754281e+00
5.91670610e+01 4.87496901e+00
5.91847025e+01 4.58535976e+00
5.92023441e+01 4.32774910e+00
5.92199856e+01 4.10097955e+00
5.92376271e+01 3.90374505e+00
5.92552686e+01 3.73463154e+00
5.92729102e+01 3.59215053e+00
5.92905517e+01 3.47476913e+00
5.93071298e+01 3.38595130e+00
5.93237079e+01 3.31663499e+00
5.93402860e+01 3.26553863e+00
5.93568641e+01 3.23139867e+00
5.93762375e+01 3.21133108e+00
5.93859242e+01 3.20874194e+00
5.94052976e+01 3.21727594e+00
5.94246709e+01 3.24257112e+00
5.94440443e+01 3.28286247e+00
5.94731043e+01 3.36774291e+00
5.95021644e+01 3.47723226e+00
5.95312244e+01 3.60645981e+00
5.95699712e+01 3.80210074e+00
5.96280913e+01 4.12933530e+00
5.96921369e+01 4.51868344e+00
5.97680336e+01 5.01076343e+00
5.98186314e+01 5.36222255e+00
5.98692292e+01 5.73747164e+00
5.99451259e+01 6.34248256e+00
6.00210226e+01 6.96306590e+00
6.00716204e+01 7.34825694e+00
6.01162221e+01 7.64286352e+00
6.01496734e+01 7.82513933e+00
6.01831246e+01 7.96836421e+00
6.02165759e+01 8.07010192e+00
6.02500272e+01 8.13115021e+00
6.02946549e+01 8.15707962e+00
6.03690344e+01 8.11253359e+00
6.04285380e+01 8.07524884e+00
6.04731657e+01 8.09496431e+00
6.05095863e+01 8.16215354e+00
6.05419034e+01 8.26891343e+00
6.05742205e+01 8.42352991e+00
6.06065377e+01 8.62569651e+00
6.06388548e+01 8.87146434e+00
6.06819442e+01 9.25375586e+00
6.07896679e+01 1.03048269e+01
6.08327574e+01 1.06707748e+01
6.08646374e+01 1.08879033e+01
6.08965175e+01 1.10441837e+01
6.09283976e+01 1.11279449e+01
6.09443376e+01 1.11396361e+01
6.09707996e+01 1.11115045e+01
6.10023652e+01 1.09971282e+01
6.10339308e+01 1.07931737e+01
6.10654965e+01 1.05011266e+01
6.10970621e+01 1.01258071e+01
6.11286278e+01 9.67516150e+00
6.11601935e+01 9.15987578e+00
6.11917591e+01 8.59282855e+00
6.12338466e+01 7.78124683e+00
6.13225927e+01 6.01215989e+00
6.13610148e+01 5.28270273e+00
6.13866296e+01 4.82371703e+00
6.14130613e+01 4.37839886e+00
6.14334978e+01 4.05599720e+00
6.14539343e+01 3.75393805e+00
6.14743708e+01 3.47289475e+00
6.14948073e+01 3.21314918e+00
6.15163818e+01 2.96196235e+00
6.15322821e+01 2.79171853e+00
6.15481824e+01 2.63377214e+00
6.15640827e+01 2.48773811e+00
6.15799829e+01 2.35316228e+00
6.15958832e+01 2.22953589e+00
6.16117835e+01 2.11630828e+00
6.16276838e+01 2.01289976e+00
6.16432223e+01 1.92075822e+00
6.16583990e+01 1.83872419e+00
6.16811640e+01 1.72927644e+00
6.17039290e+01 1.63462618e+00
6.17266941e+01 1.55313754e+00
6.17494591e+01 1.48329271e+00
6.17722241e+01 1.42371501e+00
6.17949892e+01 1.37318281e+00
6.18177542e+01 1.33063622e+00
6.18405192e+01 1.29517685e+00
6.18632843e+01 1.26606229e+00
6.18926128e+01 1.23695766e+00
6.19209164e+01 1.21702655e+00
6.19492200e+01 1.20450402e+00
6.19775236e+01 1.19900214e+00
6.19916754e+01 1.19880377e+00
6.20160094e+01 1.20236012e+00
6.20525105e+01 1.21675959e+00
6.20890115e+01 1.24171741e+00
6.21255126e+01 1.27666591e+00
6.21620136e+01 1.32065468e+00
6.21863477e+01 1.35430865e+00
6.22350158e+01 1.42938859e+00
6.23323519e+01 1.58838854e+00
6.23688530e+01 1.64141393e+00
6.23969089e+01 1.67646223e+00
6.24286867e+01 1.70836324e+00
6.24604644e+01 1.73050098e+00
6.24922422e+01 1.74178609e+00
6.25081311e+01 1.74316639e+00
6.25427937e+01 1.73624878e+00
6.25774563e+01 1.71619777e+00
6.26121189e+01 1.68428219e+00
6.26467815e+01 1.64245058e+00
6.26929983e+01 1.57555304e+00
6.27854319e+01 1.42866422e+00
6.28316487e+01 1.36155630e+00
6.28663113e+01 1.31841439e+00
6.28934647e+01 1.29014150e+00
6.29246632e+01 1.26448215e+00
6.29558616e+01 1.24671915e+00
6.29870600e+01 1.23724251e+00
6.30026592e+01 1.23567699e+00
6.30317150e+01 1.23843618e+00
6.30607707e+01 1.24855312e+00
6.30898265e+01 1.26593416e+00
6.31188822e+01 1.29043970e+00
6.31479379e+01 1.32190610e+00
6.31769937e+01 1.36016508e+00
6.32060494e+01 1.40506327e+00
6.32351052e+01 1.45648594e+00
6.32738461e+01 1.53514130e+00
6.33125871e+01 1.62560258e+00
6.33435627e+01 1.70705902e+00
6.33745382e+01 1.79773791e+00
6.34055138e+01 1.89945875e+00
6.34287455e+01 1.98469239e+00
6.34519772e+01 2.07949997e+00
6.34752088e+01 2.18622726e+00
6.34984405e+01 2.30793582e+00
6.35216722e+01 2.44854013e+00
6.35371600e+01 2.55515292e+00
6.35526477e+01 2.67405076e+00
6.35695482e+01 2.82013243e+00
6.35832830e+01 2.95335274e+00
6.35970177e+01 3.10144494e+00
6.36107526e+01 3.26632615e+00
6.36244873e+01 3.45008713e+00
6.36382221e+01 3.65499326e+00
6.36519569e+01 3.88348070e+00
6.36656917e+01 4.13815042e+00
6.36794265e+01 4.42175749e+00
6.36931613e+01 4.73719719e+00
6.37068961e+01 5.08748411e+00
6.37174331e+01 5.38178091e+00
6.37279702e+01 5.69984928e+00
6.37385072e+01 6.04313575e+00
6.37490442e+01 6.41309009e+00
6.37595812e+01 6.81115449e+00
6.37701183e+01 7.23874955e+00
6.37806553e+01 7.69726288e+00
6.37953092e+01 8.38882145e+00
6.38076598e+01 9.02262157e+00
6.38200104e+01 9.70498953e+00
6.38323610e+01 1.04375714e+01
6.38447116e+01 1.12217701e+01
6.38570622e+01 1.20587047e+01
6.38739404e+01 1.32891111e+01
6.38908187e+01 1.46203427e+01
6.39076969e+01 1.60518438e+01
6.39245751e+01 1.75814278e+01
6.39423587e+01 1.92947840e+01
6.39601423e+01 2.11056745e+01
6.39868177e+01 2.39836623e+01
6.40190342e+01 2.76618724e+01
6.40890084e+01 3.59246093e+01
6.41201080e+01 3.94409585e+01
6.41423380e+01 4.17877796e+01
6.41645681e+01 4.39393215e+01
6.41867982e+01 4.58479094e+01
6.42090282e+01 4.74695974e+01
6.42312583e+01 4.87658471e+01
6.42534883e+01 4.97050353e+01
6.42757184e+01 5.02637287e+01
6.42979485e+01 5.04276352e+01
6.43162195e+01 5.02632419e+01
6.43344905e+01 4.98313778e+01
6.43527615e+01 4.91389859e+01
6.43710325e+01 4.81972684e+01
6.43893036e+01 4.70213720e+01
6.44075746e+01 4.56299711e+01
6.44319359e+01 4.34773957e+01
6.44562973e+01 4.10384427e+01
6.44806586e+01 3.83760886e+01
6.45176148e+01 3.40570183e+01
6.45857474e+01 2.58793040e+01
6.46105850e+01 2.30197757e+01
6.46338897e+01 2.04622682e+01
6.46525335e+01 1.85234308e+01
6.46733286e+01 1.64879787e+01
6.46869533e+01 1.52322795e+01
6.47005781e+01 1.40408457e+01
6.47142028e+01 1.29150370e+01
6.47282321e+01 1.18250653e+01
6.47426662e+01 1.07770248e+01
6.47571003e+01 9.80271195e+00
6.47715344e+01 8.90079537e+00
6.47855605e+01 8.09194188e+00
6.47991786e+01 7.36828411e+00
6.48093922e+01 6.86403768e+00
6.48196058e+01 6.39162332e+00
6.48298193e+01 5.94992308e+00
6.48409041e+01 5.50394453e+00
6.48524244e+01 5.07566561e+00
6.48639447e+01 4.68154431e+00
6.48754651e+01 4.31979374e+00
6.48869854e+01 3.98862705e+00
6.48992480e+01 3.66773752e+00
6.49084129e+01 3.44797131e+00
6.49175777e+01 3.24441165e+00
6.49267426e+01 3.05622381e+00
6.49359074e+01 2.88259779e+00
6.49450723e+01 2.72275063e+00
6.49542371e+01 2.57592945e+00
6.49634020e+01 2.44141235e+00
6.49756549e+01 2.27959991e+00
6.49871607e+01 2.14517672e+00
6.49986664e+01 2.02650618e+00
6.50101722e+01 1.92248704e+00
6.50216779e+01 1.83210934e+00
6.50331836e+01 1.75445367e+00
6.50446894e+01 1.68869055e+00
6.50561951e+01 1.63407871e+00
6.50677009e+01 1.58996305e+00
6.50792066e+01 1.55577161e+00
6.50907124e+01 1.53101259e+00
6.51026059e+01 1.51489298e+00
6.51163285e+01 1.50777816e+00
6.51174127e+01 1.50772730e+00
6.51282550e+01 1.51125432e+00
6.51412658e+01 1.52502270e+00
6.51542766e+01 1.54901684e+00
6.51672874e+01 1.58313132e+00
6.51802981e+01 1.62733741e+00
6.51933089e+01 1.68167334e+00
6.52063197e+01 1.74623429e+00
6.52193304e+01 1.82116215e+00
6.52323412e+01 1.90663506e+00
6.52453520e+01 2.00285633e+00
6.52566543e+01 2.09533611e+00
6.52736078e+01 2.24988968e+00
6.52905613e+01 2.42385940e+00
6.53075148e+01 2.61765489e+00
6.53244683e+01 2.83158291e+00
6.53407126e+01 3.05560196e+00
6.53555385e+01 3.27631784e+00
6.53753064e+01 3.59447117e+00
6.53950742e+01 3.93918752e+00
6.54148421e+01 4.30919921e+00
6.54374847e+01 4.76170543e+00
6.54601273e+01 5.24123547e+00
6.54940911e+01 6.00044557e+00
6.55773806e+01 7.93521643e+00
6.56061679e+01 8.57454319e+00
6.56314143e+01 9.10004218e+00
6.56531198e+01 9.51657929e+00
6.56748253e+01 9.89373793e+00
6.56965308e+01 1.02260439e+01
6.57182363e+01 1.05091930e+01
6.57399418e+01 1.07402585e+01
6.57616474e+01 1.09178518e+01
6.57833528e+01 1.10422234e+01
6.58094343e+01 1.11241050e+01
6.58246630e+01 1.11401399e+01
6.58551203e+01 1.11104471e+01
6.58855777e+01 1.10139680e+01
6.59464923e+01 1.07107706e+01
6.59921784e+01 1.04821715e+01
6.60226357e+01 1.03709880e+01
6.60563730e+01 1.03099383e+01
6.60656273e+01 1.03065285e+01
6.60905947e+01 1.03279159e+01
6.61220209e+01 1.04181048e+01
6.61534470e+01 1.05726158e+01
6.62005863e+01 1.08925777e+01
6.62634386e+01 1.13640412e+01
6.62948648e+01 1.15577935e+01
6.63262910e+01 1.16870596e+01
6.63526335e+01 1.17283005e+01
6.63789761e+01 1.16963300e+01
6.64034964e+01 1.15938144e+01
6.64280167e+01 1.14175131e+01
6.64525369e+01 1.11668140e+01
6.64770572e+01 1.08439573e+01
6.65015775e+01 1.04538585e+01
6.65260978e+01 1.00038037e+01
6.65506181e+01 9.50304178e+00
6.65751384e+01 8.96230389e+00
6.66210602e+01 7.88300414e+00
6.66746356e+01 6.60369165e+00
6.67091773e+01 5.81852046e+00
6.67323391e+01 5.32507592e+00
6.67555009e+01 4.86527150e+00
6.67728722e+01 4.54531806e+00
6.67902435e+01 4.24834500e+00
6.68110548e+01 3.92420485e+00
6.68249290e+01 3.72772900e+00
6.68388033e+01 3.54706263e+00
6.68526775e+01 3.38213430e+00
6.68665517e+01 3.23273088e+00
6.68804259e+01 3.09850935e+00
6.68943001e+01 2.97900753e+00
6.69100280e+01 2.86061819e+00
6.69276094e+01 2.74859485e+00
6.69451909e+01 2.65651622e+00
6.69627724e+01 2.58266159e+00
6.69790894e+01 2.52881238e+00
6.70016683e+01 2.47468286e+00
6.70242472e+01 2.44039784e+00
6.70468261e+01 2.42172827e+00
6.70769313e+01 2.41398708e+00
6.71521943e+01 2.42537917e+00
6.71822995e+01 2.42271529e+00
6.72124047e+01 2.40759039e+00
6.72381936e+01 2.38205888e+00
6.72639825e+01 2.34354132e+00
6.72897715e+01 2.29156180e+00
6.73155604e+01 2.22637918e+00
6.73413494e+01 2.14889882e+00
6.73671383e+01 2.06056503e+00
6.74015235e+01 1.92916678e+00
6.74531014e+01 1.71357175e+00
6.75188512e+01 1.43297310e+00
6.75502158e+01 1.30626752e+00
6.75737392e+01 1.21695767e+00
6.75972626e+01 1.13371773e+00
6.76129449e+01 1.08201447e+00
6.76339817e+01 1.01781821e+00
6.76550185e+01 9.59868351e-01
6.76760554e+01 9.08429164e-01
6.76970922e+01 8.63671968e-01
6.77128698e+01 8.34548336e-01
6.77286474e+01 8.09254618e-01
6.77444250e+01 7.87792670e-01
6.77602026e+01 7.70153112e-01
6.77759802e+01 7.56318834e-01
6.77921495e+01 7.46066605e-01
6.78085145e+01 7.39710606e-01
6.78248796e+01 7.37373644e-01
6.78407222e+01 7.38918162e-01
6.78565648e+01 7.44190187e-01
6.78724074e+01 7.53176390e-01
6.78882500e+01 7.65867472e-01
6.79040926e+01 7.82257640e-01
6.79199352e+01 8.02343461e-01
6.79304969e+01 8.17785907e-01
6.79516203e+01 8.53590614e-01
6.79727438e+01 8.95940537e-01
6.79938673e+01 9.44800169e-01
6.80107737e+01 9.88552057e-01
6.80361334e+01 1.06179533e+00
6.80614931e+01 1.14391899e+00
6.80868528e+01 1.23450180e+00
6.81122125e+01 1.33295720e+00
6.81407712e+01 1.45228980e+00
6.81757280e+01 1.60855196e+00
6.82223370e+01 1.82905339e+00
6.83039027e+01 2.22189762e+00
6.83501496e+01 2.43109808e+00
6.83847442e+01 2.57390243e+00
6.84193388e+01 2.70152286e+00
6.84539334e+01 2.81196799e+00
6.84885280e+01 2.90458178e+00
6.85231226e+01 2.98023725e+00
6.85750145e+01 3.06780454e+00
6.86667399e+01 3.19329097e+00
6.87050356e+01 3.25864536e+00
6.87320081e+01 3.31727740e+00
6.87589807e+01 3.38994041e+00
6.87859532e+01 3.47932759e+00
6.88129258e+01 3.58750238e+00
6.88398983e+01 3.71573603e+00
6.88668709e+01 3.86437488e+00
6.88938434e+01 4.03274706e+00
6.89315145e+01 4.29744228e+00
6.89798842e+01 4.67508089e+00
6.90645312e+01 5.36077856e+00
6.91008085e+01 5.62815144e+00
6.91297316e+01 5.81580511e+00
6.91586548e+01 5.97379814e+00
6.91875779e+01 6.09677266e+00
6.92165010e+01 6.18074847e+00
6.92454241e+01 6.22335747e+00
6.92599131e+01 6.22888815e+00
6.92841531e+01 6.21483104e+00
6.93132410e+01 6.16101483e+00
6.93423289e+01 6.07033775e+00
6.93714168e+01 5.94796866e+00
6.94102006e+01 5.74697490e+00
6.95071603e+01 5.17601669e+00
6.95459442e+01 4.97743472e+00
6.95653361e+01 4.89594329e+00
6.95927797e+01 4.80816900e+00
6.96133624e+01 4.76793894e+00
6.96339450e+01 4.75350420e+00
6.96545277e+01 4.76833872e+00
6.96751104e+01 4.81592516e+00
6.96943333e+01 4.89302833e+00
6.97135562e+01 5.00458737e+00
6.97327791e+01 5.15343661e+00
6.97520021e+01 5.34238323e+00
6.97664192e+01 5.51206750e+00
6.97808364e+01 5.70699052e+00
6.97952536e+01 5.92824765e+00
6.98096708e+01 6.17688548e+00
6.98240880e+01 6.45388853e+00
6.98427865e+01 6.85687475e+00
6.98566792e+01 7.18920803e+00
6.98775184e+01 7.74175668e+00
6.98983575e+01 8.36046552e+00
6.99191966e+01 9.04614194e+00
6.99400357e+01 9.79876260e+00
6.99602991e+01 1.05938742e+01
6.99805626e+01 1.14495266e+01
7.00008260e+01 1.23628611e+01
7.00278439e+01 1.36634169e+01
7.00575953e+01 1.51910627e+01
7.00955469e+01 1.72515091e+01
7.01904258e+01 2.25790962e+01
7.02310192e+01 2.47335063e+01
7.02621246e+01 2.62521758e+01
7.02932300e+01 2.76161490e+01
7.03243354e+01 2.87943438e+01
7.03554408e+01 2.97621536e+01
7.03865462e+01 3.05024875e+01
7.04176516e+01 3.10062604e+01
7.04487571e+01 3.12722931e+01
7.04732067e+01 3.13182599e+01
7.04976563e+01 3.12266575e+01
7.05343308e+01 3.08483877e+01
7.05710052e+01 3.02094780e+01
7.06076797e+01 2.93452513e+01
7.06443541e+01 2.82918084e+01
7.06810285e+01 2.70836426e+01
7.07177030e+01 2.57522032e+01
7.07666023e+01 2.38329615e+01
7.08399511e+01 2.07596777e+01
7.09465501e+01 1.61901827e+01
7.09998495e+01 1.39988547e+01
7.10346551e+01 1.26432131e+01
7.10668494e+01 1.14591064e+01
7.10990437e+01 1.03537700e+01
7.11231894e+01 9.58218482e+00
7.11470477e+01 8.87157285e+00
7.11703308e+01 8.22986100e+00
7.11936140e+01 7.64064541e+00
7.12168972e+01 7.10454509e+00
7.12401804e+01 6.62148033e+00
7.12634636e+01 6.19071875e+00
7.12808040e+01 5.90312083e+00
7.12981443e+01 5.64307357e+00
7.13154846e+01 5.40970159e+00
7.13328249e+01 5.20201308e+00
7.13501652e+01 5.01892092e+00
7.13675055e+01 4.85926666e+00
7.13906260e+01 4.68076319e+00
7.14137464e+01 4.53885902e+00
7.14368668e+01 4.43065217e+00
7.14559254e+01 4.36481117e+00
7.14784207e+01 4.31212454e+00
7.15037278e+01 4.28267933e+00
7.15163814e+01 4.27899560e+00
7.15374707e+01 4.28824728e+00
7.15627779e+01 4.32354715e+00
7.15880850e+01 4.38422844e+00
7.16133922e+01 4.46995672e+00
7.16386993e+01 4.58120371e+00
7.16640065e+01 4.71925106e+00
7.16893136e+01 4.88616008e+00
7.17146208e+01 5.08470348e+00
7.17399279e+01 5.31825584e+00
7.17590589e+01 5.52036539e+00
7.17804494e+01 5.77478331e+00
7.18018398e+01 6.06163006e+00
7.18232303e+01 6.38332724e+00
7.18446208e+01 6.74210174e+00
7.18660112e+01 7.13985223e+00
7.18874017e+01 7.57801250e+00
7.19087922e+01 8.05741364e+00
7.19348073e+01 8.69611416e+00
7.19577872e+01 9.30991190e+00
7.19807670e+01 9.96772728e+00
7.20114068e+01 1.09063566e+01
7.20522328e+01 1.22439231e+01
7.21439087e+01 1.53693539e+01
7.21846535e+01 1.66669004e+01
7.22150407e+01 1.75363371e+01
7.22450851e+01 1.82815696e+01
7.22751295e+01 1.88872993e+01
7.23051738e+01 1.93317639e+01
7.23252034e+01 1.95300328e+01
7.23452329e+01 1.96456746e+01
7.23652625e+01 1.96765536e+01
7.23925495e+01 1.95810525e+01
7.24198365e+01 1.93291227e+01
7.24471234e+01 1.89275035e+01
7.24744104e+01 1.83871709e+01
7.25016974e+01 1.77227731e+01
7.25289843e+01 1.69519082e+01
7.25653669e+01 1.57927307e+01
7.26017495e+01 1.45291395e+01
7.26996199e+01 1.09869566e+01
7.27357002e+01 9.74654214e+00
7.27645644e+01 8.81262393e+00
7.27933927e+01 7.94248005e+00
7.28150050e+01 7.33513691e+00
7.28366173e+01 6.76814674e+00
7.28582295e+01 6.24216154e+00
7.28798418e+01 5.75705201e+00
7.29024129e+01 5.29318686e+00
7.29254636e+01 4.86297664e+00
7.29485142e+01 4.47455761e+00
7.29715648e+01 4.12534350e+00
7.29946155e+01 3.81249141e+00
7.30156219e+01 3.55653870e+00
7.30325398e+01 3.36901420e+00
7.30550970e+01 3.14264411e+00
7.30776542e+01 2.94086590e+00
7.31002114e+01 2.76114984e+00
7.31227686e+01 2.60115353e+00
7.31453258e+01 2.45874448e+00
7.31678830e+01 2.33201128e+00
7.31904402e+01 2.21926545e+00
7.32152210e+01 2.10978424e+00
7.32400017e+01 2.01374983e+00
7.32647825e+01 1.92977812e+00
7.32895632e+01 1.85673884e+00
7.33143440e+01 1.79373057e+00
7.33391247e+01 1.74005776e+00
7.33639055e+01 1.69521158e+00
7.33886862e+01 1.65885642e+00
7.34134670e+01 1.63082261e+00
7.34382477e+01 1.61110671e+00
7.34669198e+01 1.59890859e+00
7.34790715e+01 1.59729972e+00
7.35033748e+01 1.60078616e+00
7.35243009e+01 1.61140001e+00
7.35452270e+01 1.62967757e+00
7.35661531e+01 1.65637658e+00
7.35870792e+01 1.69244307e+00
7.36080053e+01 1.73903976e+00
7.36289314e+01 1.79757709e+00
7.36498575e+01 1.86974697e+00
7.36707835e+01 1.95755814e+00
7.36847343e+01 2.02593925e+00
7.36986850e+01 2.10310787e+00
7.37126357e+01 2.18993949e+00
7.37265864e+01 2.28739488e+00
7.37433379e+01 2.41993874e+00
7.37600893e+01 2.57131200e+00
7.37726529e+01 2.69850880e+00
7.37852165e+01 2.83852246e+00
7.37977801e+01 2.99241383e+00
7.38103437e+01 3.16130547e+00
7.38229073e+01 3.34638082e+00
7.38354708e+01 3.54888121e+00
7.38480344e+01 3.77010171e+00
7.38605980e+01 4.01138727e+00
7.38715222e+01 4.23857426e+00
7.38824463e+01 4.48291557e+00
7.38933705e+01 4.74536279e+00
7.39042946e+01 5.02687884e+00
7.39206809e+01 5.48702836e+00
7.39370671e+01 5.99552816e+00
7.39523077e+01 6.51469131e+00
7.39652571e+01 6.99272238e+00
7.39782064e+01 7.50622097e+00
7.39911558e+01 8.05655799e+00
7.39997886e+01 8.44454170e+00
7.40170544e+01 9.27264107e+00
7.40312372e+01 1.00062010e+01
7.40454200e+01 1.07889461e+01
7.40643303e+01 1.19102479e+01
7.40832407e+01 1.31207871e+01
7.41040809e+01 1.45573882e+01
7.41268509e+01 1.62464480e+01
7.41496210e+01 1.80533124e+01
7.41780835e+01 2.04609716e+01
7.42132846e+01 2.36255610e+01
7.43124261e+01 3.29497820e+01
7.43442732e+01 3.57879987e+01
7.43761203e+01 3.83961114e+01
7.43973517e+01 3.99622052e+01
7.44185831e+01 4.13606808e+01
7.44398145e+01 4.25686665e+01
7.44610458e+01 4.35661857e+01
7.44873827e+01 4.44867426e+01
7.45109645e+01 4.49960718e+01
7.45345462e+01 4.51981602e+01
7.45593822e+01 4.50768010e+01
7.45842182e+01 4.46190895e+01
7.46090542e+01 4.38402298e+01
7.46338902e+01 4.27634928e+01
7.46587262e+01 4.14192348e+01
7.46835622e+01 3.98436374e+01
7.47166768e+01 3.74534829e+01
7.47497914e+01 3.48274536e+01
7.48410711e+01 2.72101472e+01
7.48688095e+01 2.49962348e+01
7.48965480e+01 2.29050958e+01
7.49186283e+01 2.13485012e+01
7.49432613e+01 1.97397789e+01
7.49678944e+01 1.82757330e+01
7.49925274e+01 1.69617039e+01
7.50089495e+01 1.61696029e+01
7.50253715e+01 1.54438750e+01
7.50483698e+01 1.45362393e+01
7.50680987e+01 1.38546615e+01
7.50878276e+01 1.32576957e+01
7.51075565e+01 1.27398181e+01
7.51272853e+01 1.22949574e+01
7.51470142e+01 1.19166889e+01
7.51667431e+01 1.15984020e+01
7.51864720e+01 1.13334516e+01
7.52127772e+01 1.10518412e+01
7.52390823e+01 1.08384197e+01
7.52729051e+01 1.06416390e+01
7.53142453e+01 1.04831605e+01
7.54359884e+01 1.01787598e+01
7.54911657e+01 9.97709749e+00
7.55279506e+01 9.78868190e+00
7.55647355e+01 9.54904571e+00
7.56015204e+01 9.25523525e+00
7.56383052e+01 8.90764342e+00
7.56750901e+01 8.50977104e+00
7.57118750e+01 8.06785951e+00
7.57615639e+01 7.41630813e+00
7.58982083e+01 5.50400521e+00
7.59441312e+01 4.89193346e+00
7.59776319e+01 4.47284642e+00
7.60111326e+01 4.08252007e+00
7.60362581e+01 3.81090545e+00
7.60639981e+01 3.53355759e+00
7.60930455e+01 3.26947994e+00
7.61220928e+01 3.03285628e+00
7.61414577e+01 2.89037321e+00
7.61608226e+01 2.75997631e+00
7.61801875e+01 2.64146541e+00
7.61995524e+01 2.53456975e+00
7.62233525e+01 2.41860713e+00
7.62471527e+01 2.31896145e+00
7.62709529e+01 2.23481152e+00
7.62947530e+01 2.16525766e+00
7.63185532e+01 2.10933859e+00
7.63423534e+01 2.06604630e+00
7.63661535e+01 2.03433948e+00
7.63899537e+01 2.01315615e+00
7.64200216e+01 1.99977597e+00
7.64350555e+01 1.99807330e+00
7.64651234e+01 2.00332912e+00
7.64951913e+01 2.01845362e+00
7.65402931e+01 2.05558341e+00
7.65703609e+01 2.08763026e+00
7.66304967e+01 2.16402074e+00
7.66906324e+01 2.25380785e+00
7.67357343e+01 2.33200729e+00
7.67808361e+01 2.42512247e+00
7.68109039e+01 2.49952003e+00
7.68409718e+01 2.58740272e+00
7.68710397e+01 2.69236479e+00
7.68956612e+01 2.79372911e+00
7.69202827e+01 2.91129301e+00
7.69449042e+01 3.04716481e+00
7.69695257e+01 3.20330665e+00
7.69941472e+01 3.38143685e+00
7.70187687e+01 3.58293033e+00
7.70433902e+01 3.80872287e+00
7.70680117e+01 4.05922319e+00
7.70928580e+01 4.33686022e+00
7.71177042e+01 4.63858547e+00
7.71508326e+01 5.07550586e+00
7.71839609e+01 5.54660451e+00
7.72294192e+01 6.23402503e+00
7.73161017e+01 7.58760346e+00
7.73688167e+01 8.36990617e+00
7.74113852e+01 8.94683612e+00
7.74539537e+01 9.46137836e+00
7.74965222e+01 9.91008136e+00
7.75249011e+01 1.01750733e+01
7.75816591e+01 1.06406719e+01
7.76951750e+01 1.14787210e+01
7.77519329e+01 1.19404303e+01
7.78418367e+01 1.27739448e+01
7.79081282e+01 1.33950776e+01
7.79578468e+01 1.37842780e+01
7.79909926e+01 1.39727474e+01
7.80241383e+01 1.40834764e+01
7.80407112e+01 1.41047490e+01
7.80738569e+01 1.40711406e+01
7.81055180e+01 1.39373954e+01
7.81371791e+01 1.37002375e+01
7.81688402e+01 1.33601020e+01
7.82005013e+01 1.29217734e+01
7.82321624e+01 1.23940013e+01
7.82638235e+01 1.17888581e+01
7.82954846e+01 1.11209136e+01
7.83434036e+01 1.00266907e+01
7.84409508e+01 7.70578715e+00
7.84847455e+01 6.71231162e+00
7.85122822e+01 6.12269603e+00
7.85398190e+01 5.56625881e+00
7.85673558e+01 5.04661276e+00
7.85930300e+01 4.59739222e+00
7.86122856e+01 4.28353601e+00
7.86315412e+01 3.98968968e+00
7.86507969e+01 3.71586293e+00
7.86700525e+01 3.46190368e+00
7.86934257e+01 3.17991719e+00
7.87090078e+01 3.00761325e+00
7.87245898e+01 2.84757486e+00
7.87401719e+01 2.69953562e+00
7.87557540e+01 2.56321907e+00
7.87713361e+01 2.43834662e+00
7.87869182e+01 2.32464543e+00
7.88048233e+01 2.20745027e+00
7.88199944e+01 2.11915483e+00
7.88351656e+01 2.04074543e+00
7.88503367e+01 1.97205302e+00
7.88655078e+01 1.91293961e+00
7.88806790e+01 1.86330110e+00
7.88958501e+01 1.82306979e+00
7.89110212e+01 1.79221592e+00
7.89261923e+01 1.77074897e+00
7.89413635e+01 1.75871780e+00
7.89527418e+01 1.75593810e+00
7.89655413e+01 1.75927688e+00
7.89835742e+01 1.77576994e+00
7.90016071e+01 1.80633747e+00
7.90151318e+01 1.83872026e+00
7.90286565e+01 1.87940235e+00
7.90376730e+01 1.91122689e+00
7.90557059e+01 1.98642609e+00
7.90737388e+01 2.07742597e+00
7.90917717e+01 2.18470917e+00
7.91098046e+01 2.30874223e+00
7.91231801e+01 2.41181583e+00
7.91432434e+01 2.58447973e+00
7.91633067e+01 2.77916438e+00
7.91833700e+01 2.99611601e+00
7.92034333e+01 3.23537046e+00
7.92231817e+01 3.49244029e+00
7.92423003e+01 3.76124245e+00
7.92614189e+01 4.04893074e+00
7.92869103e+01 4.46009750e+00
7.93060288e+01 4.78736611e+00
7.93389230e+01 5.38265266e+00
7.93792200e+01 6.15245848e+00
7.94598139e+01 7.72021346e+00
7.94930742e+01 8.32984147e+00
7.95192979e+01 8.77598938e+00
7.95455215e+01 9.18181122e+00
7.95717452e+01 9.53905395e+00
7.95979689e+01 9.84063446e+00
7.96241926e+01 1.00809711e+01
7.96504163e+01 1.02562610e+01
7.96766399e+01 1.03646828e+01
7.96993647e+01 1.04047147e+01
7.97089776e+01 1.04069017e+01
7.97378164e+01 1.03631397e+01
7.97666552e+01 1.02493781e+01
7.97954940e+01 1.00747667e+01
7.98243328e+01 9.85053611e+00
7.98435586e+01 9.67971725e+00
7.99589138e+01 8.53275198e+00
7.99973655e+01 8.19152502e+00
8.00288308e+01 7.95460637e+00
8.00602961e+01 7.76320729e+00
8.00917615e+01 7.62040843e+00
8.01232268e+01 7.52573715e+00
8.01584885e+01 7.47215792e+00
8.01816290e+01 7.46301019e+00
8.02290120e+01 7.49243588e+00
8.03524281e+01 7.65650197e+00
8.03876898e+01 7.67046928e+00
8.04327097e+01 7.64197883e+00
8.04737933e+01 7.56465697e+00
8.05148770e+01 7.43834417e+00
8.05559606e+01 7.26838268e+00
8.05970442e+01 7.06434277e+00
8.07066005e+01 6.45589091e+00
8.07476841e+01 6.24756857e+00
8.07887678e+01 6.07477247e+00
8.08161568e+01 5.98682226e+00
8.08520994e+01 5.91251394e+00
8.08820365e+01 5.89176317e+00
8.09119735e+01 5.91274808e+00
8.09396428e+01 5.97193660e+00
8.09673121e+01 6.07094174e+00
8.09949814e+01 6.21027395e+00
8.10226506e+01 6.38928158e+00
8.10503199e+01 6.60603150e+00
8.10779892e+01 6.85722546e+00
8.11194931e+01 7.28794912e+00
8.11841372e+01 8.03861733e+00
8.12349466e+01 8.63453058e+00
8.12688196e+01 9.00176937e+00
8.13026926e+01 9.32364758e+00
8.13365656e+01 9.58314966e+00
8.13619703e+01 9.72789646e+00
8.13873750e+01 9.82423157e+00
8.14159212e+01 9.87011880e+00
8.14217260e+01 9.87106930e+00
8.14458166e+01 9.84418903e+00
8.14732451e+01 9.75310901e+00
8.15006737e+01 9.59921193e+00
8.15281023e+01 9.38614296e+00
8.15555309e+01 9.11948793e+00
8.15738166e+01 8.91550386e+00
8.16103880e+01 8.45624841e+00
8.16652452e+01 7.68450189e+00
8.17298005e+01 6.76008689e+00
8.17588949e+01 6.37740995e+00
8.17879893e+01 6.03653745e+00
8.18073856e+01 5.83974966e+00
8.18267819e+01 5.67235386e+00
8.18461782e+01 5.53862071e+00
8.18655745e+01 5.44279059e+00
8.18827259e+01 5.39300251e+00
8.18976325e+01 5.37872750e+00
8.19125390e+01 5.39340298e+00
8.19274456e+01 5.43890630e+00
8.19430258e+01 5.52143532e+00
8.19592796e+01 5.64786743e+00
8.19755334e+01 5.81780569e+00
8.19917873e+01 6.03354898e+00
8.20080411e+01 6.29732569e+00
8.20242949e+01 6.61127125e+00
8.20405488e+01 6.97739995e+00
8.20568026e+01 7.39757418e+00
8.20699855e+01 7.77921413e+00
8.20851534e+01 8.26468623e+00
8.21003213e+01 8.80072578e+00
8.21154892e+01 9.38810442e+00
8.21306571e+01 1.00273273e+01
8.21458250e+01 1.07185971e+01
8.21615420e+01 1.14896533e+01
8.21772591e+01 1.23158741e+01
8.21982151e+01 1.35014443e+01
8.22191711e+01 1.47793022e+01
8.22418878e+01 1.62622142e+01
8.22663651e+01 1.79629924e+01
8.22908425e+01 1.97554843e+01
8.23275585e+01 2.25739059e+01
8.24106198e+01 2.91192597e+01
8.24438444e+01 3.16064518e+01
8.24720538e+01 3.35691209e+01
8.24952483e+01 3.50440553e+01
8.25184428e+01 3.63664909e+01
8.25416372e+01 3.75132908e+01
8.25648317e+01 3.84642138e+01
8.25880261e+01 3.92025742e+01
8.26112206e+01 3.97158014e+01
8.26344150e+01 3.99958825e+01
8.26460122e+01 4.00473122e+01
8.26720876e+01 3.99478131e+01
8.26981629e+01 3.95568004e+01
8.27242382e+01 3.88887028e+01
8.27503135e+01 3.79652530e+01
8.27763888e+01 3.68146951e+01
8.28024642e+01 3.54707561e+01
8.28372313e+01 3.34441401e+01
8.28893819e+01 3.01013251e+01
8.29401339e+01 2.67848438e+01
8.29721037e+01 2.47972209e+01
8.30040735e+01 2.29644273e+01
8.30280508e+01 2.17231605e+01
8.30520282e+01 2.06159496e+01
8.30756520e+01 1.96691717e+01
8.30992758e+01 1.88742168e+01
8.31228996e+01 1.82357914e+01
8.31465234e+01 1.77546638e+01
8.31701472e+01 1.74278311e+01
8.31944258e+01 1.72458193e+01
8.32108298e+01 1.72059581e+01
8.32354359e+01 1.72616316e+01
8.32600420e+01 1.74411845e+01
8.32764460e+01 1.76205546e+01
8.33092541e+01 1.80952957e+01
8.33420622e+01 1.86818427e+01
8.34240824e+01 2.02941900e+01
8.34567684e+01 2.08670720e+01
8.34893323e+01 2.13371551e+01
8.35218962e+01 2.16768581e+01
8.35544601e+01 2.18656236e+01
8.35757575e+01 2.19018910e+01
8.36008347e+01 2.18547755e+01
8.36309273e+01 2.16728041e+01
8.36610199e+01 2.13625057e+01
8.36911125e+01 2.09378875e+01
8.37312360e+01 2.02255483e+01
8.37713595e+01 1.93921755e+01
8.38917300e+01 1.66769938e+01
8.39332548e+01 1.58154006e+01
8.39747796e+01 1.50432742e+01
8.40163043e+01 1.43730854e+01
8.40578291e+01 1.38057938e+01
8.40993539e+01 1.33331796e+01
8.41408786e+01 1.29406853e+01
8.41962450e+01 1.25106946e+01
8.42792945e+01 1.19770771e+01
8.43993571e+01 1.12307330e+01
8.44640533e+01 1.07801057e+01
8.45610976e+01 1.00221584e+01
8.46904901e+01 8.90788914e+00
8.48198825e+01 7.77924441e+00
8.49044191e+01 7.07990723e+00
8.49827017e+01 6.47451358e+00
8.50609843e+01 5.91412840e+00
8.51392670e+01 5.39950706e+00
8.52175496e+01 4.93024514e+00
8.52697381e+01 4.64221957e+00
8.53218603e+01 4.37384488e+00
8.53739825e+01 4.12387907e+00
8.54261047e+01 3.89097033e+00
8.55042880e+01 3.56950299e+00
8.55824713e+01 3.27501016e+00
8.56606546e+01 3.00086332e+00
8.57317669e+01 2.76607839e+00
8.57993438e+01 2.55654988e+00
8.58669206e+01 2.36460675e+00
8.59119718e+01 2.25020002e+00
8.59570230e+01 2.15031192e+00
8.59908114e+01 2.08722954e+00
8.60245999e+01 2.03631367e+00
8.60600731e+01 1.99810660e+00
8.60859683e+01 1.98142128e+00
8.61118635e+01 1.97524729e+00
8.61377587e+01 1.98051066e+00
8.61641654e+01 1.99857600e+00
8.61910835e+01 2.03108084e+00
8.62180015e+01 2.07860590e+00
8.62449196e+01 2.14178860e+00
8.62718377e+01 2.22105476e+00
8.62987558e+01 2.31656932e+00
8.63256739e+01 2.42818836e+00
8.63525920e+01 2.55541464e+00
8.63801354e+01 2.70082334e+00
8.64083043e+01 2.86400532e+00
8.64505576e+01 3.13169185e+00
8.65068953e+01 3.51684015e+00
8.65773174e+01 4.00417878e+00
8.66187293e+01 4.27051693e+00
8.66597205e+01 4.50361728e+00
8.66870480e+01 4.63638782e+00
8.67143754e+01 4.74760575e+00
8.67417029e+01 4.83491372e+00
8.67690304e+01 4.89659890e+00
8.67963579e+01 4.93166802e+00
8.68197483e+01 4.94035014e+00
8.68489287e+01 4.92409899e+00
8.68781090e+01 4.87921420e+00
8.69072893e+01 4.80809293e+00
8.69461964e+01 4.67806487e+00
8.69851034e+01 4.51639283e+00
8.70434641e+01 4.23760142e+00
8.71212782e+01 3.85380113e+00
8.71670363e+01 3.64845225e+00
8.71975417e+01 3.52681763e+00
8.72280471e+01 3.41973592e+00
8.72585525e+01 3.32821679e+00
8.72890579e+01 3.25241984e+00
8.73195633e+01 3.19173520e+00
8.73500687e+01 3.14489873e+00
8.73910292e+01 3.10062009e+00
8.74424448e+01 3.06769326e+00
8.76177725e+01 3.00990913e+00
8.76645614e+01 2.98481370e+00
8.78049280e+01 2.88852277e+00
8.78517168e+01 2.86627762e+00
8.78985057e+01 2.86041409e+00
8.79335973e+01 2.87119355e+00
8.79632401e+01 2.89287580e+00
8.79991312e+01 2.93700148e+00
8.80350222e+01 3.00308184e+00
8.80619405e+01 3.06833016e+00
8.80888588e+01 3.14782076e+00
8.81157771e+01 3.24208672e+00
8.81426955e+01 3.35148203e+00
8.81785865e+01 3.52113656e+00
8.82144776e+01 3.71780981e+00
8.82481631e+01 3.92627039e+00
8.82796431e+01 4.14090261e+00
8.83268631e+01 4.49551052e+00
8.83740830e+01 4.88338821e+00
8.84370430e+01 5.43741394e+00
8.85642890e+01 6.58619388e+00
8.86176396e+01 7.03407386e+00
8.86709903e+01 7.43667962e+00
8.87110033e+01 7.69988285e+00
8.87510164e+01 7.92408384e+00
8.87910294e+01 8.10534731e+00
8.88310424e+01 8.24104203e+00
8.88710554e+01 8.32992287e+00
8.89183313e+01 8.37498426e+00
8.89255942e+01 8.37630358e+00
8.89691715e+01 8.35453573e+00
8.90127487e+01 8.28600519e+00
8.90563260e+01 8.17840830e+00
8.91434806e+01 7.89007653e+00
8.92161094e+01 7.64622610e+00
8.92596866e+01 7.53736484e+00
8.92887382e+01 7.49421899e+00
8.93177897e+01 7.48331114e+00
8.93468412e+01 7.51277811e+00
8.93758927e+01 7.59147248e+00
8.94027636e+01 7.71650724e+00
8.94229168e+01 7.84846105e+00
8.94430700e+01 8.01749163e+00
8.94632232e+01 8.22790227e+00
8.94833764e+01 8.48441072e+00
8.95035296e+01 8.79220641e+00
8.95236828e+01 9.15700694e+00
8.95438360e+01 9.58511277e+00
8.95639892e+01 1.00834522e+01
8.95841424e+01 1.06596172e+01
8.95997668e+01 1.11651086e+01
8.96175802e+01 1.18098297e+01
8.96353936e+01 1.25336930e+01
8.96532070e+01 1.33435801e+01
8.96710204e+01 1.42467025e+01
8.96888338e+01 1.52505390e+01
8.97066472e+01 1.63627532e+01
8.97244606e+01 1.75910898e+01
8.97397333e+01 1.87425393e+01
8.97588314e+01 2.03176987e+01
8.97779295e+01 2.20514802e+01
8.97970277e+01 2.39520606e+01
8.98161258e+01 2.60266355e+01
8.98352239e+01 2.82811135e+01
8.98518902e+01 3.03989421e+01
8.98685566e+01 3.26587526e+01
8.98907784e+01 3.58931631e+01
8.99130002e+01 3.93773781e+01
8.99361174e+01 4.32581275e+01
8.99601302e+01 4.75487963e+01
8.99841430e+01 5.20782287e+01
9.00201622e+01 5.92417451e+01
9.01192304e+01 7.98997004e+01
9.01522531e+01 8.65122370e+01
9.01789819e+01 9.15323726e+01
9.02057107e+01 9.61382030e+01
9.02324395e+01 1.00224968e+02
9.02591683e+01 1.03695741e+02
9.02858972e+01 1.06465271e+02
9.03126260e+01 1.08463479e+02
9.03393548e+01 1.09638424e+02
9.03660836e+01 1.09958553e+02
9.03878563e+01 1.09580077e+02
9.04096291e+01 1.08633154e+02
9.04314018e+01 1.07133120e+02
9.04531745e+01 1.05104569e+02
9.04749472e+01 1.02580681e+02
9.04967200e+01 9.96023067e+01
9.05257503e+01 9.50069098e+01
9.05547806e+01 8.98149006e+01
9.05838109e+01 8.41637003e+01
9.06262804e+01 7.53651555e+01
9.07031551e+01 5.91037685e+01
9.07337965e+01 5.29088747e+01
9.07574492e+01 4.83510367e+01
9.07811020e+01 4.40321008e+01
9.08047548e+01 3.99825560e+01
9.08247650e+01 3.67835501e+01
9.08447751e+01 3.38020142e+01
9.08647853e+01 3.10427918e+01
9.08847954e+01 2.85071127e+01
9.09026118e+01 2.64359664e+01
9.09204281e+01 2.45370762e+01
9.09382445e+01 2.28054762e+01
9.09560608e+01 2.12348516e+01
9.09738772e+01 1.98177636e+01
9.09910279e+01 1.85908864e+01
9.10078459e+01 1.75107413e+01
9.10246639e+01 1.65443114e+01
9.10414819e+01 1.56834025e+01
9.10582999e+01 1.49197201e+01
9.10751179e+01 1.42449817e+01
9.10919359e+01 1.36510287e+01
9.11087539e+01 1.31299175e+01
9.11255719e+01 1.26739993e+01
9.11479958e+01 1.21549851e+01
9.11725710e+01 1.16854272e+01
9.11992974e+01 1.12709687e+01
9.12260237e+01 1.09358789e+01
9.12527501e+01 1.06619947e+01
9.12928396e+01 1.03343800e+01
9.13195660e+01 1.01556310e+01
9.13730187e+01 9.86239207e+00
9.14264714e+01 9.63545285e+00
9.14665610e+01 9.50957367e+00
9.15066505e+01 9.43099106e+00
9.15333768e+01 9.41092430e+00
9.15734664e+01 9.43938577e+00
9.16012786e+01 9.50660880e+00
9.16301765e+01 9.62267056e+00
9.16590745e+01 9.78967507e+00
9.16879725e+01 1.00107768e+01
9.17168705e+01 1.02883777e+01
9.17457685e+01 1.06242064e+01
9.17746665e+01 1.10194754e+01
9.18035644e+01 1.14750948e+01
9.18328093e+01 1.19984977e+01
9.18624011e+01 1.25930206e+01
9.18919928e+01 1.32544020e+01
9.19215846e+01 1.39848194e+01
9.19511763e+01 1.47871036e+01
9.19807681e+01 1.56646370e+01
9.20103599e+01 1.66210803e+01
9.20399516e+01 1.76599310e+01
9.20784836e+01 1.91404808e+01
9.21140879e+01 2.06384704e+01
9.21496921e+01 2.22572695e+01
9.21971645e+01 2.45825881e+01
9.22718412e+01 2.84933403e+01
9.23262500e+01 3.13521014e+01
9.23670567e+01 3.33680466e+01
9.24078633e+01 3.51673906e+01
9.24350677e+01 3.61978417e+01
9.24622722e+01 3.70603687e+01
9.24877393e+01 3.76932221e+01
9.25132065e+01 3.81390131e+01
9.25386737e+01 3.83835510e+01
9.25545907e+01 3.84295552e+01
9.25836402e+01 3.82960077e+01
9.26128891e+01 3.78759509e+01
9.26421380e+01 3.71750321e+01
9.26713869e+01 3.62074572e+01
9.27006358e+01 3.49953115e+01
9.27298847e+01 3.35675388e+01
9.27591336e+01 3.19586042e+01
9.27981321e+01 2.95983158e+01
9.28663795e+01 2.51486561e+01
9.29211135e+01 2.15742899e+01
9.29511031e+01 1.97044236e+01
9.29810927e+01 1.79364838e+01
9.30095906e+01 1.63731705e+01
9.30365967e+01 1.50119214e+01
9.30568513e+01 1.40744807e+01
9.30771060e+01 1.32125465e+01
9.30973606e+01 1.24288429e+01
9.31124776e+01 1.18961936e+01
9.31292085e+01 1.13597288e+01
9.31459394e+01 1.08798026e+01
9.31626703e+01 1.04571606e+01
9.31794012e+01 1.00925278e+01
9.31961321e+01 9.78667170e+00
9.32128630e+01 9.54045858e+00
9.32295939e+01 9.35490789e+00
9.32446455e+01 9.24081781e+00
9.32580180e+01 9.18231349e+00
9.32713904e+01 9.16502067e+00
9.32847628e+01 9.18991108e+00
9.32999328e+01 9.27060738e+00
9.33169004e+01 9.42907272e+00
9.33338680e+01 9.66228495e+00
9.33465937e+01 9.88811629e+00
9.33593193e+01 1.01591702e+01
9.33720450e+01 1.04769531e+01
9.33847707e+01 1.08430409e+01
9.33974964e+01 1.12590653e+01
9.34102220e+01 1.17266981e+01
9.34229477e+01 1.22476340e+01
9.34395380e+01 1.30096127e+01
9.34518863e+01 1.36396420e+01
9.34642347e+01 1.43249788e+01
9.34827573e+01 1.54597316e+01
9.35012798e+01 1.67263804e+01
9.35198024e+01 1.81285808e+01
9.35370301e+01 1.95568935e+01
9.35536105e+01 2.10458967e+01
9.35701908e+01 2.26475444e+01
9.35867712e+01 2.43613817e+01
9.36088783e+01 2.68183032e+01
9.36244004e+01 2.86575042e+01
9.36443910e+01 3.11586990e+01
9.36643816e+01 3.37999260e+01
9.36943675e+01 3.79959643e+01
9.37255988e+01 4.26111204e+01
9.38297033e+01 5.86820239e+01
9.38609347e+01 6.32918266e+01
9.38874070e+01 6.69594230e+01
9.39138794e+01 7.03278480e+01
9.39403517e+01 7.33258661e+01
9.39668240e+01 7.58881828e+01
9.39932964e+01 7.79578598e+01
9.40197687e+01 7.94884841e+01
9.40462411e+01 8.04459746e+01
9.40727134e+01 8.08099246e+01
9.40944249e+01 8.06607721e+01
9.41161364e+01 8.01122270e+01
9.41378479e+01 7.91749445e+01
9.41595594e+01 7.78658165e+01
9.41885081e+01 7.55818025e+01
9.42174567e+01 7.27451945e+01
9.42464054e+01 6.94365852e+01
9.42753541e+01 6.57458556e+01
9.43195999e+01 5.95833623e+01
9.44190312e+01 4.50142951e+01
9.44501938e+01 4.06426515e+01
9.44737078e+01 3.74925292e+01
9.44972219e+01 3.44967535e+01
9.45207359e+01 3.16731322e+01
9.45452912e+01 2.89214524e+01
9.45698465e+01 2.63787636e+01
9.45882630e+01 2.46104707e+01
9.46066795e+01 2.29602511e+01
9.46277168e+01 2.12167201e+01
9.46452361e+01 1.98763522e+01
9.46627554e+01 1.86332962e+01
9.46802747e+01 1.74830402e+01
9.46977940e+01 1.64205977e+01
9.47153133e+01 1.54406434e+01
9.47328326e+01 1.45376487e+01
9.47503519e+01 1.37059977e+01
9.47696093e+01 1.28674823e+01
9.47906049e+01 1.20352844e+01
9.48116004e+01 1.12798662e+01
9.48325960e+01 1.05927656e+01
9.48535916e+01 9.96619073e+00
9.48745872e+01 9.39308902e+00
9.48955827e+01 8.86718559e+00
9.49165783e+01 8.38298666e+00
9.49382345e+01 7.92224218e+00
9.49605513e+01 7.48396378e+00
9.49828681e+01 7.07881934e+00
9.50051849e+01 6.70357221e+00
9.50275017e+01 6.35562489e+00
9.50609769e+01 5.88048761e+00
9.50944521e+01 5.45692429e+00
9.51210082e+01 5.15498184e+00
9.51518035e+01 4.84031893e+00
9.51825989e+01 4.56163018e+00
9.52133943e+01 4.31669440e+00
9.52441897e+01 4.10315200e+00
9.52749851e+01 3.91843126e+00
9.53057805e+01 3.75974179e+00
9.53365758e+01 3.62411926e+00
9.53726982e+01 3.49031002e+00
9.54141474e+01 3.36434125e+00
9.54555967e+01 3.26113353e+00
9.54970460e+01 3.17446876e+00
9.55592199e+01 3.06463534e+00
9.56421184e+01 2.93891179e+00
9.57250169e+01 2.82715150e+00
9.58079155e+01 2.73104259e+00
9.58700894e+01 2.67325110e+00
9.59322633e+01 2.63001037e+00
9.59944372e+01 2.60109470e+00
9.62256031e+01 2.54980086e+00
9.62798239e+01 2.52734876e+00
9.63340446e+01 2.49284733e+00
9.63882654e+01 2.44400372e+00
9.64424862e+01 2.37977653e+00
9.64967069e+01 2.30038720e+00
9.65509277e+01 2.20723368e+00
9.66051484e+01 2.10274499e+00
9.67000979e+01 1.90274353e+00
9.68019197e+01 1.68646094e+00
9.68630127e+01 1.56854649e+00
9.69037414e+01 1.49931226e+00
9.69444702e+01 1.44014850e+00
9.69750167e+01 1.40376202e+00
9.70013695e+01 1.37874088e+00
9.70337107e+01 1.35717423e+00
9.70579666e+01 1.34839002e+00
9.70741372e+01 1.34640543e+00
9.70983931e+01 1.34974664e+00
9.71145637e+01 1.35650731e+00
9.71408785e+01 1.37596344e+00
9.71606146e+01 1.39800696e+00
9.71803506e+01 1.42700494e+00
9.72000867e+01 1.46351078e+00
9.72198228e+01 1.50811816e+00
9.72395589e+01 1.56146103e+00
9.72592950e+01 1.62421210e+00
9.72790311e+01 1.69708011e+00
9.72987672e+01 1.78080558e+00
9.73185033e+01 1.87615437e+00
9.73337080e+01 1.95803024e+00
9.73509598e+01 2.06030520e+00
9.73682117e+01 2.17305226e+00
9.73854635e+01 2.29679037e+00
9.74027154e+01 2.43202219e+00
9.74199672e+01 2.57922587e+00
9.74372191e+01 2.73884470e+00
9.74544709e+01 2.91127737e+00
9.74764168e+01 3.14967813e+00
9.74963968e+01 3.38569508e+00
9.75163767e+01 3.64006271e+00
9.75363567e+01 3.91286372e+00
9.75563367e+01 4.20398207e+00
9.75827438e+01 4.61624821e+00
9.76089182e+01 5.05444191e+00
9.76350926e+01 5.51988134e+00
9.76743542e+01 6.26230677e+00
9.77232758e+01 7.24217865e+00
9.78048118e+01 8.91364180e+00
9.78555142e+01 9.89698689e+00
9.78893159e+01 1.04941228e+01
9.79231175e+01 1.10248473e+01
9.79569191e+01 1.14735387e+01
9.79822703e+01 1.17479162e+01
9.80076215e+01 1.19636221e+01
9.80329728e+01 1.21168646e+01
9.80583240e+01 1.22049721e+01
9.80752248e+01 1.22267484e+01
9.81071643e+01 1.21867483e+01
9.81391038e+01 1.20422357e+01
9.81710433e+01 1.17978424e+01
9.82029828e+01 1.14610290e+01
9.82349223e+01 1.10417071e+01
9.82668618e+01 1.05517531e+01
9.82881548e+01 1.01923955e+01
9.83307408e+01 9.41387770e+00
9.84052664e+01 7.94725659e+00
9.84638580e+01 6.79355543e+00
9.84958214e+01 6.19128203e+00
9.85277849e+01 5.61921459e+00
9.85576093e+01 5.11838370e+00
9.85852948e+01 4.68539102e+00
9.86129803e+01 4.28522669e+00
9.86337444e+01 4.00735647e+00
9.86545085e+01 3.74877897e+00
9.86727815e+01 3.53714894e+00
9.86910544e+01 3.34026190e+00
9.87093273e+01 3.15785188e+00
9.87276003e+01 2.98956417e+00
9.87458732e+01 2.83496989e+00
9.87641462e+01 2.69358001e+00
9.87824191e+01 2.56485842e+00
9.88006920e+01 2.44823401e+00
9.88209629e+01 2.33228914e+00
9.88412338e+01 2.22966616e+00
9.88615047e+01 2.13952455e+00
9.88817756e+01 2.06102762e+00
9.89020466e+01 1.99335174e+00
9.89223175e+01 1.93569367e+00
9.89358314e+01 1.90243513e+00
9.89628593e+01 1.84734865e+00
9.89898871e+01 1.80608527e+00
9.90169150e+01 1.77703188e+00
9.90431785e+01 1.75906046e+00
9.90767382e+01 1.74873539e+00
9.90935181e+01 1.74816733e+00
9.91270778e+01 1.75474389e+00
9.91606375e+01 1.76978643e+00
9.92109771e+01 1.80392323e+00
9.92948763e+01 1.87842548e+00
9.93955555e+01 1.97937465e+00
9.94626749e+01 2.05556084e+00
9.95130145e+01 2.12585574e+00
9.95465741e+01 2.18405470e+00
9.95772922e+01 2.24876631e+00
9.96051686e+01 2.31959826e+00
9.96330451e+01 2.40446080e+00
9.96609215e+01 2.50583046e+00
9.96887979e+01 2.62612912e+00
9.97097053e+01 2.73014206e+00
9.97306126e+01 2.84693023e+00
9.97515199e+01 2.97722811e+00
9.97724272e+01 3.12162340e+00
9.97962278e+01 3.30367908e+00
9.98258149e+01 3.55662274e+00
9.98554020e+01 3.83881109e+00
9.98849891e+01 4.14902779e+00
9.99145762e+01 4.48503901e+00
9.99441633e+01 4.84360316e+00
9.99815527e+01 5.32239415e+00
1.00093721e+02 6.82621034e+00
1.00139871e+02 7.42053527e+00
1.00186020e+02 7.97179504e+00
1.00232170e+02 8.46823556e+00
1.00278320e+02 8.90691175e+00
1.00324470e+02 9.29478613e+00
1.00462919e+02 1.03519001e+01
1.00506762e+02 1.07351312e+01
1.00550605e+02 1.11768568e+01
1.00594447e+02 1.16869531e+01
1.00638290e+02 1.22639350e+01
1.00725976e+02 1.35482841e+01
1.00791740e+02 1.44928799e+01
1.00832740e+02 1.49986783e+01
1.00870897e+02 1.53708513e+01
1.00899515e+02 1.55698447e+01
1.00928133e+02 1.56887683e+01
1.00951981e+02 1.57209663e+01
1.00976175e+02 1.56879608e+01
1.01005832e+02 1.55547508e+01
1.01035489e+02 1.53193754e+01
1.01065146e+02 1.49851861e+01
1.01094802e+02 1.45588990e+01
1.01124459e+02 1.40502577e+01
1.01164002e+02 1.32655101e+01
1.01203544e+02 1.23907102e+01
1.01316787e+02 9.72422488e+00
1.01350944e+02 8.96277827e+00
1.01385102e+02 8.25414632e+00
1.01410720e+02 7.76507678e+00
1.01432567e+02 7.37997689e+00
1.01459181e+02 6.95286292e+00
1.01485795e+02 6.57304224e+00
1.01512409e+02 6.24030375e+00
1.01539023e+02 5.95311341e+00
1.01565638e+02 5.70879240e+00
1.01592252e+02 5.50374151e+00
1.01618866e+02 5.33366713e+00
1.01648922e+02 5.17768998e+00
1.01678233e+02 5.05588936e+00
1.01715919e+02 4.93265058e+00
1.01766166e+02 4.80626460e+00
1.01908441e+02 4.52040081e+00
1.01979579e+02 4.39675343e+00
1.02015147e+02 4.35524053e+00
1.02050716e+02 4.33970581e+00
1.02074429e+02 4.34946243e+00
1.02098141e+02 4.37968376e+00
1.02121854e+02 4.43433519e+00
1.02145566e+02 4.51749473e+00
1.02166770e+02 4.61936122e+00
1.02187973e+02 4.75022657e+00
1.02209177e+02 4.91293025e+00
1.02230381e+02 5.11018307e+00
1.02251584e+02 5.34452211e+00
1.02272788e+02 5.61825099e+00
1.02293992e+02 5.93339415e+00
1.02315195e+02 6.29163979e+00
1.02336696e+02 6.70025678e+00
1.02358197e+02 7.15542311e+00
1.02379698e+02 7.65752981e+00
1.02401199e+02 8.20640046e+00
1.02422700e+02 8.80127403e+00
1.02445130e+02 9.46938435e+00
1.02468025e+02 1.01989904e+01
1.02490921e+02 1.09734591e+01
1.02521448e+02 1.20686592e+01
1.02561689e+02 1.36025635e+01
1.02629690e+02 1.63385489e+01
1.02707405e+02 1.94761881e+01
1.02750383e+02 2.11172784e+01
1.02793361e+02 2.26384105e+01
1.02836339e+02 2.40096022e+01
1.02879317e+02 2.52138718e+01
1.02922295e+02 2.62483224e+01
1.02965273e+02 2.71233659e+01
1.03008251e+02 2.78600617e+01
1.03075403e+02 2.87999365e+01
1.03147926e+02 2.96283666e+01
1.03244622e+02 3.05337200e+01
1.03292971e+02 3.08703767e+01
1.03341319e+02 3.10712677e+01
1.03365493e+02 3.11015799e+01
1.03401755e+02 3.10360977e+01
1.03438016e+02 3.08136072e+01
1.03473673e+02 3.04190836e+01
1.03509330e+02 2.98338273e+01
1.03544988e+02 2.90490982e+01
1.03580645e+02 2.80649454e+01
1.03616302e+02 2.68906227e+01
1.03651959e+02 2.55442474e+01
1.03687617e+02 2.40517160e+01
1.03739766e+02 2.16733276e+01
1.03855210e+02 1.61184609e+01
1.03893927e+02 1.43294864e+01
1.03932644e+02 1.26418418e+01
1.03958455e+02 1.15869841e+01
1.03984427e+02 1.05896766e+01
1.04010399e+02 9.66115682e+00
1.04036371e+02 8.80427322e+00
1.04055850e+02 8.20949667e+00
1.04078091e+02 7.58071169e+00
1.04101713e+02 6.97110944e+00
1.04125334e+02 6.42028002e+00
1.04141082e+02 6.08485419e+00
1.04156830e+02 5.77413872e+00
1.04172578e+02 5.48743778e+00
1.04194479e+02 5.12723632e+00
1.04212938e+02 4.85705505e+00
1.04231397e+02 4.61607558e+00
1.04249856e+02 4.40302108e+00
1.04268315e+02 4.21664411e+00
1.04286774e+02 4.05574716e+00
1.04305233e+02 3.91919942e+00
1.04323692e+02 3.80594958e+00
1.04342151e+02 3.71503486e+00
1.04360610e+02 3.64558635e+00
1.04379069e+02 3.59683086e+00
1.04395291e+02 3.57052684e+00
1.04412117e+02 3.55914341e+00
1.04418873e+02 3.55903903e+00
1.04439142e+02 3.57378563e+00
1.04459411e+02 3.61070316e+00
1.04479680e+02 3.66932272e+00
1.04499949e+02 3.74923834e+00
1.04520218e+02 3.85008548e+00
1.04540487e+02 3.97151252e+00
1.04560756e+02 4.11315796e+00
1.04581025e+02 4.27462300e+00
1.04608050e+02 4.51992523e+00
1.04630657e+02 4.75058084e+00
1.04657942e+02 5.05833800e+00
1.04685226e+02 5.39617388e+00
1.04712511e+02 5.76139582e+00
1.04748890e+02 6.28522203e+00
1.04787656e+02 6.87990908e+00
1.04911113e+02 8.85638792e+00
1.04963261e+02 9.63192647e+00
1.04994834e+02 1.00560806e+01
1.05026406e+02 1.04350101e+01
1.05057978e+02 1.07608265e+01
1.05089550e+02 1.10270086e+01
1.05121123e+02 1.12286815e+01
1.05152695e+02 1.13628425e+01
1.05184267e+02 1.14285028e+01
1.05196781e+02 1.14357420e+01
1.05234321e+02 1.13955993e+01
1.05271861e+02 1.12684957e+01
1.05309401e+02 1.10648752e+01
1.05334427e+02 1.08931582e+01
1.05384481e+02 1.04841178e+01
1.05509614e+02 9.31544265e+00
1.05559667e+02 8.89170234e+00
1.05602313e+02 8.58649132e+00
1.05637553e+02 8.38243164e+00
1.05672792e+02 8.22600735e+00
1.05708031e+02 8.11793965e+00
1.05746624e+02 8.05240172e+00
1.05780705e+02 8.03532326e+00
1.05830515e+02 8.06424323e+00
1.05956353e+02 8.23827218e+00
1.05998299e+02 8.26197341e+00
1.06040245e+02 8.23936522e+00
1.06072410e+02 8.18256098e+00
1.06105984e+02 8.08198261e+00
1.06139559e+02 7.93699066e+00
1.06173134e+02 7.74751982e+00
1.06206709e+02 7.51570209e+00
1.06240284e+02 7.24572093e+00
1.06285050e+02 6.83696287e+00
1.06352200e+02 6.15773883e+00
1.06419350e+02 5.46627163e+00
1.06453758e+02 5.13373516e+00
1.06488166e+02 4.83092438e+00
1.06511105e+02 4.65127686e+00
1.06534043e+02 4.49349491e+00
1.06556982e+02 4.36119118e+00
1.06579921e+02 4.25812396e+00
1.06597125e+02 4.20238413e+00
1.06613002e+02 4.16903444e+00
1.06633287e+02 4.15408484e+00
1.06648500e+02 4.16503795e+00
1.06663714e+02 4.19661361e+00
1.06678927e+02 4.25037128e+00
1.06693057e+02 4.32161955e+00
1.06706646e+02 4.41084967e+00
1.06720235e+02 4.52173185e+00
1.06733824e+02 4.65567103e+00
1.06747412e+02 4.81414685e+00
1.06761001e+02 4.99871675e+00
1.06774590e+02 5.21102121e+00
1.06788179e+02 5.45277490e+00
1.06801767e+02 5.72576774e+00
1.06815356e+02 6.03186863e+00
1.06828945e+02 6.37300585e+00
1.06845371e+02 6.83499712e+00
1.06861797e+02 7.35472787e+00
1.06878223e+02 7.93591133e+00
1.06894649e+02 8.58231757e+00
1.06911074e+02 9.29773649e+00
1.06925706e+02 9.99619524e+00
1.06939441e+02 1.07067123e+01
1.06953176e+02 1.14725217e+01
1.06966911e+02 1.22956576e+01
1.06980645e+02 1.31780243e+01
1.06994501e+02 1.41300251e+01
1.07008600e+02 1.51641594e+01
1.07027399e+02 1.66483264e+01
1.07046197e+02 1.82555224e+01
1.07064995e+02 1.99877787e+01
1.07083236e+02 2.17890722e+01
1.07101476e+02 2.37088050e+01
1.07119716e+02 2.57455930e+01
1.07143831e+02 2.86132641e+01
1.07167328e+02 3.15902251e+01
1.07196700e+02 3.55441226e+01
1.07231946e+02 4.05818804e+01
1.07273302e+02 4.67944274e+01
1.07366351e+02 6.10664903e+01
1.07397368e+02 6.55919465e+01
1.07426240e+02 6.95541730e+01
1.07455112e+02 7.31928474e+01
1.07483984e+02 7.64315256e+01
1.07512856e+02 7.92002711e+01
1.07541727e+02 8.14382826e+01
1.07570599e+02 8.30962333e+01
1.07599471e+02 8.41381939e+01
1.07628343e+02 8.45430301e+01
1.07653247e+02 8.43757633e+01
1.07678151e+02 8.37359444e+01
1.07703055e+02 8.26379369e+01
1.07727959e+02 8.11041490e+01
1.07752863e+02 7.91642975e+01
1.07777767e+02 7.68545137e+01
1.07810973e+02 7.32716459e+01
1.07844178e+02 6.92145616e+01
1.07877383e+02 6.48003179e+01
1.07928607e+02 5.75670006e+01
1.08006503e+02 4.64214363e+01
1.08044944e+02 4.11928605e+01
1.08069895e+02 3.79764021e+01
1.08094845e+02 3.49302508e+01
1.08119796e+02 3.20750469e+01
1.08145732e+02 2.93266494e+01
1.08165923e+02 2.73503145e+01
1.08186114e+02 2.55215259e+01
1.08206304e+02 2.38427402e+01
1.08226495e+02 2.23149626e+01
1.08239956e+02 2.13802036e+01
1.08257795e+02 2.02438320e+01
1.08275634e+02 1.92228000e+01
1.08293473e+02 1.83149282e+01
1.08311312e+02 1.75174893e+01
1.08329151e+02 1.68272561e+01
1.08346990e+02 1.62405698e+01
1.08364829e+02 1.57533644e+01
1.08382669e+02 1.53612259e+01
1.08404519e+02 1.50034937e+01
1.08420301e+02 1.48241966e+01
1.08437299e+02 1.47005629e+01
1.08454296e+02 1.46443220e+01
1.08462795e+02 1.46399408e+01
1.08488292e+02 1.47141778e+01
1.08513788e+02 1.49058596e+01
1.08539284e+02 1.51970475e+01
1.08564780e+02 1.55694371e+01
1.08598775e+02 1.61603335e+01
1.08707931e+02 1.83088343e+01
1.08744184e+02 1.89493725e+01
1.08780437e+02 1.94869543e+01
1.08816690e+02 1.98933399e+01
1.08852943e+02 2.01501772e+01
1.08887095e+02 2.02485714e+01
1.08897078e+02 2.02512420e+01
1.08917046e+02 2.02224878e+01
1.08956980e+02 2.00391505e+01
1.08996915e+02 1.97172402e+01
1.09116719e+02 1.84481668e+01
1.09156653e+02 1.81411707e+01
1.09186604e+02 1.80199788e+01
1.09201365e+02 1.80039082e+01
1.09227158e+02 1.80559771e+01
1.09250086e+02 1.81970104e+01
1.09277696e+02 1.84965010e+01
1.09297663e+02 1.88066275e+01
1.09317631e+02 1.91979472e+01
1.09337598e+02 1.96714061e+01
1.09357565e+02 2.02265859e+01
1.09387516e+02 2.12081764e+01
1.09417467e+02 2.23569774e+01
1.09452413e+02 2.38826538e+01
1.09487359e+02 2.55674132e+01
1.09603846e+02 3.15932024e+01
1.09643826e+02 3.34925674e+01
1.09683805e+02 3.51365245e+01
1.09710458e+02 3.60443341e+01
1.09737111e+02 3.67735440e+01
1.09763764e+02 3.73044213e+01
1.09790418e+02 3.76217290e+01
1.09817071e+02 3.77151534e+01
1.09845273e+02 3.75646160e+01
1.09873475e+02 3.71580529e+01
1.09901676e+02 3.65022238e+01
1.09929878e+02 3.56099359e+01
1.09958080e+02 3.44994356e+01
1.09986282e+02 3.31936150e+01
1.10014484e+02 3.17190794e+01
1.10042686e+02 3.01051225e+01
1.10078717e+02 2.78895050e+01
1.10150778e+02 2.31872891e+01
1.10199747e+02 1.99875242e+01
1.10238560e+02 1.75500278e+01
1.10270904e+02 1.56256575e+01
1.10300796e+02 1.39543187e+01
1.10321766e+02 1.28504065e+01
1.10342736e+02 1.18066933e+01
1.10363706e+02 1.08252446e+01
1.10385103e+02 9.88917555e+00
1.10406928e+02 9.00277378e+00
1.10428752e+02 8.18490901e+00
1.10445121e+02 7.61576369e+00
1.10461489e+02 7.08373263e+00
1.10478701e+02 6.56330319e+00
1.10495912e+02 6.08163587e+00
1.10513123e+02 5.63735531e+00
1.10530335e+02 5.22898777e+00
1.10547546e+02 4.85498564e+00
1.10560501e+02 4.59517744e+00
1.10574938e+02 4.32671332e+00
1.10589374e+02 4.07952751e+00
1.10603810e+02 3.85269039e+00
1.10618247e+02 3.64529488e+00
1.10632683e+02 3.45646200e+00
1.10647119e+02 3.28534732e+00
1.10661556e+02 3.13114661e+00
1.10678273e+02 2.97271641e+00
1.10692522e+02 2.85395538e+00
1.10706772e+02 2.74951097e+00
1.10721021e+02 2.65880770e+00
1.10735270e+02 2.58132586e+00
1.10749519e+02 2.51659721e+00
1.10763769e+02 2.46420941e+00
1.10778018e+02 2.42380205e+00
1.10792267e+02 2.39506863e+00
1.10806516e+02 2.37775287e+00
1.10820765e+02 2.37164845e+00
1.10836183e+02 2.37748783e+00
1.10851601e+02 2.39612274e+00
1.10867019e+02 2.42746489e+00
1.10882437e+02 2.47147733e+00
1.10897855e+02 2.52816743e+00
1.10913273e+02 2.59758079e+00
1.10928691e+02 2.67979616e+00
1.10944108e+02 2.77491142e+00
1.10959526e+02 2.88305375e+00
1.10974944e+02 3.00434645e+00
1.10992615e+02 3.15969948e+00
1.11014790e+02 3.37961570e+00
1.11036966e+02 3.62756411e+00
1.11059141e+02 3.90369119e+00
1.11081317e+02 4.20796031e+00
1.11103493e+02 4.54008946e+00
1.11127885e+02 4.93690994e+00
1.11152278e+02 5.36551066e+00
1.11176670e+02 5.82409903e+00
1.11211281e+02 6.52141542e+00
1.11252153e+02 7.40362944e+00
1.11313462e+02 8.80287365e+00
1.11377904e+02 1.02842254e+01
1.11417958e+02 1.11576626e+01
1.11458013e+02 1.19569961e+01
1.11484716e+02 1.24333760e+01
1.11511419e+02 1.28544754e+01
1.11538123e+02 1.32125251e+01
1.11564826e+02 1.35007996e+01
1.11595902e+02 1.37412629e+01
1.11622489e+02 1.38614720e+01
1.11649076e+02 1.39005312e+01
1.11679323e+02 1.38458377e+01
1.11709570e+02 1.36877189e+01
1.11739816e+02 1.34310954e+01
1.11770063e+02 1.30835613e+01
1.11800310e+02 1.26551254e+01
1.11830557e+02 1.21578718e+01
1.11870886e+02 1.14117435e+01
1.11931380e+02 1.01877760e+01
1.11988766e+02 9.01219905e+00
1.12022881e+02 8.35035872e+00
1.12056997e+02 7.74058792e+00
1.12082583e+02 7.32795737e+00
1.12108170e+02 6.96074047e+00
1.12134403e+02 6.63701484e+00
1.12151891e+02 6.45322360e+00
1.12169380e+02 6.29638226e+00
1.12186869e+02 6.16736727e+00
1.12204357e+02 6.06682439e+00
1.12221846e+02 5.99516221e+00
1.12239334e+02 5.95255555e+00
1.12256648e+02 5.93893950e+00
1.12273786e+02 5.95317847e+00
1.12290925e+02 5.99451218e+00
1.12308063e+02 6.06225505e+00
1.12325202e+02 6.15552375e+00
1.12350910e+02 6.34088033e+00
1.12376617e+02 6.57680131e+00
1.12398018e+02 6.80799222e+00
1.12423680e+02 7.12175248e+00
1.12462174e+02 7.65315217e+00
1.12513499e+02 8.43633561e+00
1.12590486e+02 9.64230561e+00
1.12632963e+02 1.02561231e+01
1.12675439e+02 1.07918819e+01
1.12703757e+02 1.10923853e+01
1.12732075e+02 1.13402435e+01
1.12760393e+02 1.15309860e+01
1.12788710e+02 1.16618803e+01
1.12817028e+02 1.17319812e+01
1.12840496e+02 1.17445500e+01
1.12875698e+02 1.16893047e+01
1.12910900e+02 1.15521895e+01
1.12946101e+02 1.13439424e+01
1.12981303e+02 1.10776133e+01
1.13028239e+02 1.06571950e+01
1.13169046e+02 9.26425440e+00
1.13219194e+02 8.81512998e+00
1.13272553e+02 8.39313102e+00
1.13325912e+02 8.02773924e+00
1.13405950e+02 7.55568204e+00
1.13512668e+02 6.95522261e+00
1.13566027e+02 6.62060070e+00
1.13619386e+02 6.24520326e+00
1.13667440e+02 5.86924315e+00
1.13715494e+02 5.46050186e+00
1.13779566e+02 4.87826009e+00
1.13875674e+02 3.98108477e+00
1.13930107e+02 3.49437060e+00
1.13966395e+02 3.18970467e+00
1.14002683e+02 2.90603553e+00
1.14030616e+02 2.70430572e+00
1.14059982e+02 2.50950872e+00
1.14089349e+02 2.33374601e+00
1.14108926e+02 2.22769690e+00
1.14128504e+02 2.13087214e+00
1.14148081e+02 2.04350940e+00
1.14167659e+02 1.96581775e+00
1.14186014e+02 1.90192820e+00
1.14203146e+02 1.85023701e+00
1.14220278e+02 1.80632486e+00
1.14237410e+02 1.77029477e+00
1.14254543e+02 1.74224761e+00
1.14271675e+02 1.72228367e+00
1.14288807e+02 1.71050380e+00
1.14305940e+02 1.70700986e+00
1.14324871e+02 1.71290964e+00
1.14345601e+02 1.73128422e+00
1.14366332e+02 1.76228812e+00
1.14387062e+02 1.80609337e+00
1.14407792e+02 1.86285678e+00
1.14428523e+02 1.93271093e+00
1.14449253e+02 2.01575366e+00
1.14469984e+02 2.11203628e+00
1.14488390e+02 2.20861690e+00
1.14512514e+02 2.35089803e+00
1.14536638e+02 2.51074420e+00
1.14560761e+02 2.68771176e+00
1.14584885e+02 2.88115063e+00
1.14609009e+02 3.09017571e+00
1.14640361e+02 3.38322967e+00
1.14671713e+02 3.69752133e+00
1.14718741e+02 4.20004449e+00
1.14833519e+02 5.48286937e+00
1.14873160e+02 5.90458563e+00
1.14907280e+02 6.24291050e+00
1.14950178e+02 6.62422582e+00
1.14978777e+02 6.84562954e+00
1.15007376e+02 7.03753808e+00
1.15035975e+02 7.19811028e+00
1.15064573e+02 7.32644550e+00
1.15093172e+02 7.42264169e+00
1.15132738e+02 7.50497245e+00
1.15176605e+02 7.53435031e+00
1.15209505e+02 7.52093452e+00
1.15275306e+02 7.43270710e+00
1.15341107e+02 7.31458294e+00
1.15406908e+02 7.22736621e+00
1.15450775e+02 7.21071919e+00
1.15497474e+02 7.24137960e+00
1.15522239e+02 7.27932906e+00
1.15571770e+02 7.39875961e+00
1.15621301e+02 7.56771829e+00
1.15769892e+02 8.17618643e+00
1.15819423e+02 8.32958489e+00
1.15856571e+02 8.40264727e+00
1.15895569e+02 8.43047067e+00
1.15934417e+02 8.40140443e+00
1.15971116e+02 8.31789539e+00
1.16007815e+02 8.17853916e+00
1.16044514e+02 7.98428088e+00
1.16081213e+02 7.73818445e+00
1.16117912e+02 7.44517088e+00
1.16154611e+02 7.11166628e+00
1.16191310e+02 6.74521023e+00
1.16240242e+02 6.21959126e+00
1.16374654e+02 4.70943913e+00
1.16425499e+02 4.16718621e+00
1.16466175e+02 3.76078654e+00
1.16495776e+02 3.48351780e+00
1.16524925e+02 3.22719846e+00
1.16554073e+02 2.98831309e+00
1.16583222e+02 2.76733268e+00
1.16612370e+02 2.56439769e+00
1.16643545e+02 2.36715627e+00
1.16667028e+02 2.23180660e+00
1.16690512e+02 2.10750179e+00
1.16713995e+02 1.99387693e+00
1.16737479e+02 1.89052153e+00
1.16760962e+02 1.79698988e+00
1.16784446e+02 1.71281752e+00
1.16807929e+02 1.63752970e+00
1.16834689e+02 1.56196841e+00
1.16857215e+02 1.50632689e+00
1.16879741e+02 1.45755275e+00
1.16909776e+02 1.40256933e+00
1.16939810e+02 1.35833924e+00
1.16969845e+02 1.32415118e+00
1.16999880e+02 1.29939535e+00
1.17029915e+02 1.28356836e+00
1.17059950e+02 1.27627668e+00
1.17069480e+02 1.27569811e+00
1.17098069e+02 1.27888075e+00
1.17126659e+02 1.28935812e+00
1.17155248e+02 1.30709735e+00
1.17183838e+02 1.33215260e+00
1.17212427e+02 1.36466270e+00
1.17241017e+02 1.40485088e+00
1.17269606e+02 1.45302235e+00
1.17298196e+02 1.50956608e+00
1.17326785e+02 1.57495501e+00
1.17355375e+02 1.64975093e+00
1.17378708e+02 1.71821826e+00
1.17406313e+02 1.80843872e+00
1.17433919e+02 1.90937633e+00
1.17461524e+02 2.02190808e+00
1.17489130e+02 2.14703836e+00
1.17516735e+02 2.28592077e+00
1.17544341e+02 2.43987865e+00
1.17571947e+02 2.61043313e+00
1.17596069e+02 2.77441455e+00
1.17616707e+02 2.92682311e+00
1.17637345e+02 3.09137130e+00
1.17657983e+02 3.26907436e+00
1.17678621e+02 3.46104990e+00
1.17699259e+02 3.66851509e+00
1.17719897e+02 3.89279555e+00
1.17740535e+02 4.13532201e+00
1.17759740e+02 4.37874444e+00
1.17786398e+02 4.74749135e+00
1.17813056e+02 5.15550127e+00
1.17839714e+02 5.60669458e+00
1.17866372e+02 6.10512094e+00
1.17893030e+02 6.65485402e+00
1.17916492e+02 7.18429467e+00
1.17939953e+02 7.75914943e+00
1.17963415e+02 8.38176345e+00
1.17986876e+02 9.05416282e+00
1.18010338e+02 9.77793227e+00
1.18033261e+02 1.05357338e+01
1.18063468e+02 1.16112201e+01
1.18093675e+02 1.27730851e+01
1.18123881e+02 1.40177609e+01
1.18157492e+02 1.54921541e+01
1.18203760e+02 1.76511798e+01
1.18287043e+02 2.17532860e+01
1.18334342e+02 2.40715279e+01
1.18381642e+02 2.62618060e+01
1.18417116e+02 2.77578077e+01
1.18452591e+02 2.90792771e+01
1.18484927e+02 3.00968742e+01
1.18510987e+02 3.07673895e+01
1.18537046e+02 3.12908251e+01
1.18563106e+02 3.16570161e+01
1.18589166e+02 3.18584303e+01
1.18606539e+02 3.18987361e+01
1.18632655e+02 3.18162843e+01
1.18658799e+02 3.15622831e+01
1.18684944e+02 3.11402822e+01
1.18711088e+02 3.05568557e+01
1.18737233e+02 2.98214160e+01
1.18772092e+02 2.86253567e+01
1.18806951e+02 2.72148275e+01
1.18841810e+02 2.56292716e+01
1.18876670e+02 2.39114040e+01
1.18939895e+02 2.06002401e+01
1.19000955e+02 1.73617919e+01
1.19041825e+02 1.52711588e+01
1.19080232e+02 1.34119395e+01
1.19105836e+02 1.22442448e+01
1.19130846e+02 1.11664112e+01
1.19155262e+02 1.01781668e+01
1.19179677e+02 9.25575588e+00
1.19204093e+02 8.40051391e+00
1.19227561e+02 7.64195392e+00
1.19250082e+02 6.97188430e+00
1.19266973e+02 6.50576427e+00
1.19283864e+02 6.07006790e+00
1.19300754e+02 5.66390422e+00
1.19319966e+02 5.23652798e+00
1.19340339e+02 4.82180511e+00
1.19360711e+02 4.44459954e+00
1.19381084e+02 4.10267547e+00
1.19401457e+02 3.79373473e+00
1.19420882e+02 3.52773100e+00
1.19438414e+02 3.30991219e+00
1.19455946e+02 3.11168864e+00
1.19473478e+02 2.93163508e+00
1.19491009e+02 2.76836957e+00
1.19508541e+02 2.62056068e+00
1.19526073e+02 2.48693665e+00
1.19543605e+02 2.36629188e+00
1.19561136e+02 2.25748821e+00
1.19578668e+02 2.15945868e+00
1.19602044e+02 2.04380100e+00
1.19625896e+02 1.94146935e+00
1.19649749e+02 1.85293930e+00
1.19673601e+02 1.77638722e+00
1.19697453e+02 1.71021057e+00
1.19721306e+02 1.65301209e+00
1.19745158e+02 1.60358537e+00
1.19780936e+02 1.54179734e+00
1.19816715e+02 1.49235251e+00
1.19852494e+02 1.45305887e+00
1.19888272e+02 1.42226892e+00
1.19924051e+02 1.39877581e+00
1.19959829e+02 1.38172667e+00
1.20002192e+02 1.36910337e+00
1.20039213e+02 1.36438607e+00
1.20057724e+02 1.36417924e+00
1.20107569e+02 1.37075636e+00
1.20157414e+02 1.38803611e+00
1.20194798e+02 1.40844354e+00
1.20232181e+02 1.43571649e+00
1.20269565e+02 1.47039653e+00
1.20306949e+02 1.51310353e+00
1.20344333e+02 1.56451028e+00
1.20381717e+02 1.62531008e+00
1.20419100e+02 1.69617864e+00
1.20456484e+02 1.77773288e+00
1.20489304e+02 1.85855425e+00
1.20522125e+02 1.94828485e+00
1.20554945e+02 2.04711132e+00
1.20587765e+02 2.15513855e+00
1.20620585e+02 2.27240759e+00
1.20669815e+02 2.46566861e+00
1.20719045e+02 2.67998006e+00
1.20764938e+02 2.89957794e+00
1.20810832e+02 3.14035450e+00
1.20856725e+02 3.40627083e+00
1.20887321e+02 3.60066192e+00
1.20917916e+02 3.81188946e+00
1.20948511e+02 4.04348894e+00
1.20978047e+02 4.29045796e+00
1.21006522e+02 4.55471655e+00
1.21034997e+02 4.84951247e+00
1.21063472e+02 5.18024275e+00
1.21084829e+02 5.45541544e+00
1.21106185e+02 5.75677750e+00
1.21127542e+02 6.08708479e+00
1.21148898e+02 6.44915312e+00
1.21170254e+02 6.84581179e+00
1.21191611e+02 7.27985055e+00
1.21217267e+02 7.85449201e+00
1.21242923e+02 8.49129752e+00
1.21268580e+02 9.19409451e+00
1.21294236e+02 9.96601415e+00
1.21319892e+02 1.08093046e+01
1.21342497e+02 1.16123992e+01
1.21370602e+02 1.26894226e+01
1.21398707e+02 1.38516930e+01
1.21426812e+02 1.50952020e+01
1.21458707e+02 1.65966012e+01
1.21503314e+02 1.88319133e+01
1.21565764e+02 2.21352654e+01
1.21627670e+02 2.54426709e+01
1.21671733e+02 2.76960855e+01
1.21715796e+02 2.97687830e+01
1.21748844e+02 3.11535345e+01
1.21780181e+02 3.22981983e+01
1.21810663e+02 3.32296030e+01
1.21841144e+02 3.39614430e+01
1.21871626e+02 3.44782161e+01
1.21902108e+02 3.47693891e+01
1.21922429e+02 3.48354226e+01
1.21953263e+02 3.47396592e+01
1.21984097e+02 3.44121954e+01
1.22014931e+02 3.38634952e+01
1.22045765e+02 3.31095349e+01
1.22076599e+02 3.21712226e+01
1.22107432e+02 3.10736355e+01
1.22148544e+02 2.94117447e+01
1.22210212e+02 2.66431609e+01
1.22290487e+02 2.29156127e+01
1.22329650e+02 2.11848671e+01
1.22368814e+02 1.95769528e+01
1.22398186e+02 1.84733645e+01
1.22421065e+02 1.76825894e+01
1.22447240e+02 1.68566904e+01
1.22473416e+02 1.61176809e+01
1.22499591e+02 1.54662236e+01
1.22525767e+02 1.49008194e+01
1.22551942e+02 1.44179907e+01
1.22578117e+02 1.40125058e+01
1.22604293e+02 1.36776380e+01
1.22639577e+02 1.33238310e+01
1.22681748e+02 1.30194782e+01
1.22723918e+02 1.28060059e+01
1.22850432e+02 1.23223131e+01
1.22895936e+02 1.20866268e+01
1.22941440e+02 1.17757204e+01
1.22986944e+02 1.13786723e+01
1.23032448e+02 1.08950824e+01
1.23077952e+02 1.03335593e+01
1.23119920e+02 9.75986012e+00
1.23173520e+02 8.97463955e+00
1.23280720e+02 7.36032042e+00
1.23329397e+02 6.66273041e+00
1.23373151e+02 6.07593376e+00
1.23405966e+02 5.66626378e+00
1.23438782e+02 5.28526855e+00
1.23471597e+02 4.93422714e+00
1.23497646e+02 4.67723472e+00
1.23527866e+02 4.40304862e+00
1.23558086e+02 4.15423981e+00
1.23588307e+02 3.93024572e+00
1.23618527e+02 3.73044305e+00
1.23648747e+02 3.55426674e+00
1.23678968e+02 3.40131324e+00
1.23709188e+02 3.27142494e+00
1.23734960e+02 3.17898526e+00
1.23766943e+02 3.08819535e+00
1.23788266e+02 3.04283822e+00
1.23809588e+02 3.01007842e+00
1.23830910e+02 2.99041182e+00
1.23852233e+02 2.98441802e+00
1.23873555e+02 2.99275140e+00
1.23894877e+02 3.01613068e+00
1.23917331e+02 3.05786226e+00
1.23939784e+02 3.11807517e+00
1.23962237e+02 3.19773492e+00
1.23984690e+02 3.29780495e+00
1.24007143e+02 3.41922069e+00
1.24029597e+02 3.56285877e+00
1.24052050e+02 3.72951051e+00
1.24074503e+02 3.91984932e+00
1.24101421e+02 4.17998374e+00
1.24128339e+02 4.47546942e+00
1.24155257e+02 4.80643384e+00
1.24182175e+02 5.17250014e+00
1.24209093e+02 5.57274403e+00
1.24233534e+02 5.96450962e+00
1.24264471e+02 6.49653678e+00
1.24295409e+02 7.06506148e+00
1.24341814e+02 7.97481442e+00
1.24401879e+02 9.22236801e+00
1.24501987e+02 1.13430404e+01
1.24554110e+02 1.24026640e+01
1.24606233e+02 1.34011777e+01
1.24658355e+02 1.43319293e+01
1.24814723e+02 1.69351346e+01
1.24866846e+02 1.79064889e+01
1.24905938e+02 1.87411541e+01
1.24934952e+02 1.94403622e+01
1.24966920e+02 2.03051511e+01
1.24998887e+02 2.12819432e+01
1.25030854e+02 2.23808652e+01
1.25062821e+02 2.36077476e+01
1.25094789e+02 2.49633192e+01
1.25126756e+02 2.64425866e+01
1.25174706e+02 2.88674201e+01
1.25220378e+02 3.13533583e+01
1.25334555e+02 3.77463036e+01
1.25385257e+02 4.03311390e+01
1.25427056e+02 4.21814833e+01
1.25468855e+02 4.36893273e+01
1.25496722e+02 4.44691427e+01
1.25524588e+02 4.50489004e+01
1.25552454e+02 4.54161929e+01
1.25580320e+02 4.55630452e+01
1.25613671e+02 4.54446862e+01
1.25647023e+02 4.50092575e+01
1.25680374e+02 4.42693479e+01
1.25713726e+02 4.32462085e+01
1.25747077e+02 4.19686013e+01
1.25780429e+02 4.04713632e+01
1.25824897e+02 3.82016028e+01
1.25869366e+02 3.57107343e+01
1.26004616e+02 2.77707134e+01
1.26050315e+02 2.52490501e+01
1.26084589e+02 2.34758175e+01
1.26118863e+02 2.18203351e+01
1.26149302e+02 2.04555533e+01
1.26179742e+02 1.91922712e+01
1.26210182e+02 1.80294371e+01
1.26240622e+02 1.69634002e+01
1.26271061e+02 1.59884243e+01
1.26301501e+02 1.50972337e+01
1.26331941e+02 1.42815165e+01
1.26374003e+02 1.32621051e+01
1.26408871e+02 1.24967223e+01
1.26455360e+02 1.15654132e+01
1.26501851e+02 1.07121036e+01
1.26548340e+02 9.91573612e+00
1.26618076e+02 8.79662863e+00
1.26687810e+02 7.74673404e+00
1.26734301e+02 7.08362329e+00
1.26777355e+02 6.49940842e+00
1.26820410e+02 5.94894214e+00
1.26863464e+02 5.43801448e+00
1.26895755e+02 5.08441522e+00
1.26932943e+02 4.71219756e+00
1.26959367e+02 4.47232365e+00
1.26985791e+02 4.25418075e+00
1.27012216e+02 4.05875551e+00
1.27038640e+02 3.88688752e+00
1.27065064e+02 3.73926036e+00
1.27091488e+02 3.61639598e+00
1.27117912e+02 3.51865158e+00
1.27138248e+02 3.46065920e+00
1.27158584e+02 3.41768096e+00
1.27178920e+02 3.38967808e+00
1.27205808e+02 3.37546962e+00
1.27225462e+02 3.38132118e+00
1.27251667e+02 3.41005510e+00
1.27277873e+02 3.46211725e+00
1.27304079e+02 3.53670869e+00
1.27330285e+02 3.63287034e+00
1.27356490e+02 3.74948267e+00
1.27382696e+02 3.88527024e+00
1.27408902e+02 4.03880410e+00
1.27436785e+02 4.21988393e+00
1.27478611e+02 4.52124338e+00
1.27520436e+02 4.85139692e+00
1.27576203e+02 5.32179407e+00
1.27679889e+02 6.21881800e+00
1.27727809e+02 6.61083966e+00
1.27775728e+02 6.96924467e+00
1.27823648e+02 7.28105209e+00
1.27859587e+02 7.47724778e+00
1.27895527e+02 7.63633676e+00
1.27931466e+02 7.75468157e+00
1.27967406e+02 7.82939327e+00
1.28007838e+02 7.85876709e+00
1.28043609e+02 7.83529311e+00
1.28086035e+02 7.74718135e+00
1.28128460e+02 7.59532465e+00
1.28170886e+02 7.38331362e+00
1.28213312e+02 7.11657454e+00
1.28255737e+02 6.80219693e+00
1.28298163e+02 6.44867887e+00
1.28354731e+02 5.93313175e+00
1.28487651e+02 4.65686587e+00
1.28527221e+02 4.29514907e+00
1.28566791e+02 3.95598624e+00
1.28596469e+02 3.72069075e+00
1.28626147e+02 3.50482700e+00
1.28651718e+02 3.33638524e+00
1.28677290e+02 3.18582537e+00
1.28702861e+02 3.05461684e+00
1.28728432e+02 2.94417371e+00
1.28754004e+02 2.85587560e+00
1.28773182e+02 2.80500893e+00
1.28792361e+02 2.76795181e+00
1.28811539e+02 2.74529762e+00
1.28830718e+02 2.73765663e+00
1.28851686e+02 2.74723016e+00
1.28869267e+02 2.77030255e+00
1.28890451e+02 2.81713748e+00
1.28911635e+02 2.88570828e+00
1.28932819e+02 2.97705907e+00
1.28948707e+02 3.06118339e+00
1.28964595e+02 3.15923101e+00
1.28980483e+02 3.27170904e+00
1.28996371e+02 3.39914198e+00
1.29012259e+02 3.54207292e+00
1.29028147e+02 3.70105545e+00
1.29050118e+02 3.94840824e+00
1.29072089e+02 4.22905916e+00
1.29094059e+02 4.54453634e+00
1.29116030e+02 4.89634174e+00
1.29138001e+02 5.28592548e+00
1.29158904e+02 5.69290414e+00
1.29179274e+02 6.12459696e+00
1.29199645e+02 6.59180027e+00
1.29220015e+02 7.09521063e+00
1.29240385e+02 7.63532127e+00
1.29261146e+02 8.22384267e+00
1.29282690e+02 8.87512013e+00
1.29311414e+02 9.80707344e+00
1.29340139e+02 1.08096713e+01
1.29368863e+02 1.18792539e+01
1.29404178e+02 1.32780028e+01
1.29448323e+02 1.51359086e+01
1.29510125e+02 1.78732703e+01
1.29592239e+02 2.15383065e+01
1.29633296e+02 2.32719264e+01
1.29674353e+02 2.48673279e+01
1.29714810e+02 2.62510724e+01
1.29741782e+02 2.70450859e+01
1.29768754e+02 2.77207571e+01
1.29795725e+02 2.82664692e+01
1.29822697e+02 2.86725094e+01
1.29849668e+02 2.89313650e+01
1.29883382e+02 2.90404756e+01
1.29907937e+02 2.89677055e+01
1.29934656e+02 2.87433886e+01
1.29961374e+02 2.83710773e+01
1.29988092e+02 2.78566227e+01
1.30014811e+02 2.72082779e+01
1.30050435e+02 2.61538703e+01
1.30086059e+02 2.49101041e+01
1.30121684e+02 2.35115103e+01
1.30157308e+02 2.19957061e+01
1.30224955e+02 1.89344170e+01
1.30291402e+02 1.59044391e+01
1.30334450e+02 1.40327429e+01
1.30360885e+02 1.29444297e+01
1.30387321e+02 1.19135403e+01
1.30413757e+02 1.09472632e+01
1.30441740e+02 1.00009869e+01
1.30462728e+02 9.34580373e+00
1.30483716e+02 8.73885831e+00
1.30504703e+02 8.18088938e+00
1.30525691e+02 7.67212531e+00
1.30546008e+02 7.22625079e+00
1.30566326e+02 6.82563883e+00
1.30586643e+02 6.46933404e+00
1.30606960e+02 6.15608227e+00
1.30627277e+02 5.88436428e+00
1.30647595e+02 5.65244470e+00
1.30667912e+02 5.45839836e+00
1.30688229e+02 5.30015440e+00
1.30711615e+02 5.15947655e+00
1.30730403e+02 5.07636358e+00
1.30752389e+02 5.01026362e+00
1.30774375e+02 4.97490008e+00
1.30790864e+02 4.96672962e+00
1.30818346e+02 4.98430601e+00
1.30851324e+02 5.04973187e+00
1.30884302e+02 5.15432670e+00
1.30917281e+02 5.28877289e+00
1.30961252e+02 5.49939386e+00
1.31071180e+02 6.07107433e+00
1.31126791e+02 6.32957294e+00
1.31168499e+02 6.49224849e+00
1.31210208e+02 6.62195891e+00
1.31251917e+02 6.71573394e+00
1.31293625e+02 6.77297954e+00
1.31334422e+02 6.79520846e+00
1.31348021e+02 6.79574404e+00
1.31402418e+02 6.76812017e+00
1.31484012e+02 6.66255496e+00
1.31592804e+02 6.49409653e+00
1.31647200e+02 6.43929698e+00
1.31687998e+02 6.42479704e+00
1.31728795e+02 6.43952109e+00
1.31773269e+02 6.49418294e+00
1.31817743e+02 6.59318594e+00
1.31862217e+02 6.73893297e+00
1.31906691e+02 6.93204455e+00
1.31951165e+02 7.17146364e+00
1.31995639e+02 7.45460205e+00
1.32040113e+02 7.77752070e+00
1.32084587e+02 8.13511228e+00
1.32156624e+02 8.77201951e+00
1.32372735e+02 1.08265850e+01
1.32468784e+02 1.16674526e+01
1.32638229e+02 1.30434809e+01
1.32694711e+02 1.35768619e+01
1.32737073e+02 1.40573998e+01
1.32779434e+02 1.46423959e+01
1.32807675e+02 1.51079905e+01
1.32835916e+02 1.56469613e+01
1.32864157e+02 1.62704416e+01
1.32892397e+02 1.69892544e+01
1.32920638e+02 1.78135225e+01
1.32945100e+02 1.86197171e+01
1.32969562e+02 1.95167311e+01
1.32994024e+02 2.05083852e+01
1.33018486e+02 2.15971818e+01
1.33042948e+02 2.27841171e+01
1.33067410e+02 2.40684663e+01
1.33104103e+02 2.61714243e+01
1.33136205e+02 2.81724771e+01
1.33175946e+02 3.08293581e+01
1.33235558e+02 3.50822169e+01
1.33320270e+02 4.12651396e+01
1.33365242e+02 4.43676620e+01
1.33410214e+02 4.71729751e+01
1.33440195e+02 4.88127974e+01
1.33470176e+02 5.02256575e+01
1.33500157e+02 5.13789682e+01
1.33525875e+02 5.21402128e+01
1.33558058e+02 5.27734024e+01
1.33590240e+02 5.30331371e+01
1.33600968e+02 5.30345761e+01
1.33626855e+02 5.28611696e+01
1.33652742e+02 5.24386784e+01
1.33678629e+02 5.17718811e+01
1.33704516e+02 5.08695375e+01
1.33739032e+02 4.93221040e+01
1.33773548e+02 4.74173891e+01
1.33808065e+02 4.52032171e+01
1.33842581e+02 4.27342283e+01
1.33896303e+02 3.85246048e+01
1.34021145e+02 2.81745733e+01
1.34057369e+02 2.53004434e+01
1.34083991e+02 2.32824538e+01
1.34110612e+02 2.13616641e+01
1.34137234e+02 1.95506022e+01
1.34164440e+02 1.78232913e+01
1.34191647e+02 1.62284299e+01
1.34212052e+02 1.51222399e+01
1.34232457e+02 1.40945046e+01
1.34253400e+02 1.31216464e+01
1.34275421e+02 1.21880178e+01
1.34297443e+02 1.13448128e+01
1.34319464e+02 1.05902269e+01
1.34341485e+02 9.92185882e+00
1.34363506e+02 9.33681195e+00
1.34380183e+02 8.94718020e+00
1.34396860e+02 8.60188826e+00
1.34413536e+02 8.29929472e+00
1.34430213e+02 8.03769522e+00
1.34446890e+02 7.81533335e+00
1.34463567e+02 7.63042542e+00
1.34480244e+02 7.48116750e+00
1.34503370e+02 7.32980510e+00
1.34522716e+02 7.24967075e+00
1.34542062e+02 7.20891888e+00
1.34554960e+02 7.20227091e+00
1.34574306e+02 7.22107398e+00
1.34600101e+02 7.29573774e+00
1.34625896e+02 7.42147394e+00
1.34651691e+02 7.59236421e+00
1.34677486e+02 7.80270841e+00
1.34703281e+02 8.04701849e+00
1.34737594e+02 8.41559282e+00
1.34789062e+02 9.03791046e+00
1.34943467e+02 1.10738237e+01
1.34996560e+02 1.17267382e+01
1.35052902e+02 1.23471572e+01
1.35109243e+02 1.28758587e+01
1.35165585e+02 1.33072097e+01
1.35203146e+02 1.35442070e+01
1.35278268e+02 1.39269651e+01
1.35387351e+02 1.44423738e+01
1.35430984e+02 1.47199764e+01
1.35467279e+02 1.50196792e+01
1.35496237e+02 1.53189594e+01
1.35525195e+02 1.56834739e+01
1.35554153e+02 1.61237790e+01
1.35583111e+02 1.66497261e+01
1.35612069e+02 1.72700839e+01
1.35641027e+02 1.79921483e+01
1.35669985e+02 1.88213497e+01
1.35695496e+02 1.96432125e+01
1.35728592e+02 2.08377283e+01
1.35761688e+02 2.21738959e+01
1.35794784e+02 2.36431237e+01
1.35838912e+02 2.57836416e+01
1.35899262e+02 2.89590900e+01
1.35988595e+02 3.38187576e+01
1.36039642e+02 3.64305478e+01
1.36077714e+02 3.81854393e+01
1.36115361e+02 3.96913459e+01
1.36153008e+02 4.09148072e+01
1.36190654e+02 4.18096478e+01
1.36228301e+02 4.23402802e+01
1.36253398e+02 4.24798078e+01
1.36265947e+02 4.24837825e+01
1.36297958e+02 4.22942758e+01
1.36329968e+02 4.18212795e+01
1.36361979e+02 4.10755722e+01
1.36393989e+02 4.00753969e+01
1.36426000e+02 3.88458726e+01
1.36458010e+02 3.74181982e+01
1.36506026e+02 3.49855692e+01
1.36577667e+02 3.09811869e+01
1.36633303e+02 2.78391255e+01
1.36670394e+02 2.58531431e+01
1.36707752e+02 2.40141782e+01
1.36735771e+02 2.27751717e+01
1.36763790e+02 2.16795308e+01
1.36791808e+02 2.07449320e+01
1.36810487e+02 2.02186201e+01
1.36830647e+02 1.97421560e+01
1.36852287e+02 1.93402846e+01
1.36873928e+02 1.90548364e+01
1.36895568e+02 1.88875663e+01
1.36915827e+02 1.88385079e+01
1.36934702e+02 1.88858265e+01
1.36953578e+02 1.90215830e+01
1.36972453e+02 1.92437590e+01
1.36991329e+02 1.95496174e+01
1.37019642e+02 2.01576143e+01
1.37047956e+02 2.09316015e+01
1.37070833e+02 2.16662812e+01
1.37097712e+02 2.26387641e+01
1.37138031e+02 2.42776542e+01
1.37191789e+02 2.66836041e+01
1.37272426e+02 3.03734604e+01
1.37316632e+02 3.22273642e+01
1.37346103e+02 3.33282760e+01
1.37375574e+02 3.42880991e+01
1.37405045e+02 3.50818976e+01
1.37434516e+02 3.56884691e+01
1.37463987e+02 3.60909028e+01
1.37493457e+02 3.62769891e+01
1.37508193e+02 3.62864447e+01
1.37535390e+02 3.61557025e+01
1.37562587e+02 3.58332472e+01
1.37589783e+02 3.53229038e+01
1.37616980e+02 3.46319624e+01
1.37644177e+02 3.37709147e+01
1.37671374e+02 3.27531065e+01
1.37707636e+02 3.11797866e+01
1.37743899e+02 2.93987930e+01
1.37780161e+02 2.74569629e+01
1.37832808e+02 2.44514459e+01
1.37927728e+02 1.89001493e+01
1.37962564e+02 1.69410869e+01
1.38001876e+02 1.48396052e+01
1.38028083e+02 1.35184670e+01
1.38051566e+02 1.23962420e+01
1.38072326e+02 1.14561490e+01
1.38093085e+02 1.05670624e+01
1.38113844e+02 9.73049730e+00
1.38134563e+02 8.94887102e+00
1.38155241e+02 8.22226467e+00
1.38175919e+02 7.54901496e+00
1.38196597e+02 6.92861956e+00
1.38212853e+02 6.47744227e+00
1.38230604e+02 6.02080457e+00
1.38248356e+02 5.60093358e+00
1.38266107e+02 5.21683412e+00
1.38283859e+02 4.86739933e+00
1.38301610e+02 4.55144929e+00
1.38318840e+02 4.27561904e+00
1.38336071e+02 4.02898195e+00
1.38353301e+02 3.81033398e+00
1.38370531e+02 3.61845806e+00
1.38387761e+02 3.45213453e+00
1.38404991e+02 3.31014992e+00
1.38422222e+02 3.19130420e+00
1.38439452e+02 3.09441679e+00
1.38454219e+02 3.02797429e+00
1.38468986e+02 2.97609614e+00
1.38486171e+02 2.93313301e+00
1.38503355e+02 2.90787005e+00
1.38520540e+02 2.89925823e+00
1.38537724e+02 2.90627452e+00
1.38554909e+02 2.92792004e+00
1.38572094e+02 2.96321791e+00
1.38595007e+02 3.02986438e+00
1.38617919e+02 3.11685109e+00
1.38640832e+02 3.22198658e+00
1.38664013e+02 3.34460766e+00
1.38699187e+02 3.55691448e+00
1.38734360e+02 3.79396865e+00
1.38792983e+02 4.22284647e+00
1.38875753e+02 4.83857834e+00
1.38911624e+02 5.08714768e+00
1.38947496e+02 5.31381554e+00
1.38983368e+02 5.51186262e+00
1.39019239e+02 5.67547762e+00
1.39055111e+02 5.79997063e+00
1.39090983e+02 5.88195879e+00
1.39126855e+02 5.91950849e+00
1.39138554e+02 5.92203402e+00
1.39173654e+02 5.90122678e+00
1.39208754e+02 5.83922170e+00
1.39243853e+02 5.73891149e+00
1.39278953e+02 5.60442199e+00
1.39314053e+02 5.44093908e+00
1.39360852e+02 5.18837357e+00
1.39501251e+02 4.34715199e+00
1.39546208e+02 4.10156679e+00
1.39576179e+02 3.95526723e+00
1.39606150e+02 3.82622458e+00
1.39636121e+02 3.71669099e+00
1.39666093e+02 3.62835473e+00
1.39696064e+02 3.56231848e+00
1.39726035e+02 3.51909461e+00
1.39751357e+02 3.50031910e+00
1.39768800e+02 3.49666013e+00
1.39803039e+02 3.51062519e+00
1.39834048e+02 3.54593731e+00
1.39865057e+02 3.60061855e+00
1.39906402e+02 3.69914957e+00
1.39947747e+02 3.82035386e+00
1.40071783e+02 4.23756785e+00
1.40126078e+02 4.40266989e+00
1.40166799e+02 4.50359751e+00
1.40207520e+02 4.57795879e+00
1.40248241e+02 4.62089790e+00
1.40275388e+02 4.63035086e+00
1.40311843e+02 4.61771788e+00
1.40346165e+02 4.57897226e+00
1.40380487e+02 4.51471569e+00
1.40414809e+02 4.42633520e+00
1.40449132e+02 4.31601991e+00
1.40494894e+02 4.13994870e+00
1.40540657e+02 3.93877190e+00
1.40670415e+02 3.32561008e+00
1.40716468e+02 3.13012133e+00
1.40747170e+02 3.01690616e+00
1.40777872e+02 2.92194227e+00
1.40800898e+02 2.86508191e+00
1.40823924e+02 2.82241925e+00
1.40846951e+02 2.79568285e+00
1.40869977e+02 2.78663828e+00
1.40893004e+02 2.79709648e+00
1.40913433e+02 2.82420421e+00
1.40935094e+02 2.87281153e+00
1.40952906e+02 2.92924523e+00
1.40970718e+02 3.00155253e+00
1.40988530e+02 3.09071119e+00
1.41006342e+02 3.19772798e+00
1.41024154e+02 3.32363866e+00
1.41041966e+02 3.46950734e+00
1.41059778e+02 3.63642481e+00
1.41076522e+02 3.81353140e+00
1.41092200e+02 3.99794106e+00
1.41107877e+02 4.20113122e+00
1.41123555e+02 4.42389271e+00
1.41139232e+02 4.66701947e+00
1.41154910e+02 4.93130440e+00
1.41170587e+02 5.21753457e+00
1.41186265e+02 5.52648595e+00
1.41206224e+02 5.95389669e+00
1.41224406e+02 6.37762178e+00
1.41242587e+02 6.83525549e+00
1.41260768e+02 7.32780164e+00
1.41278949e+02 7.85617152e+00
1.41297940e+02 8.44718420e+00
1.41318550e+02 9.13467103e+00
1.41339159e+02 9.87084203e+00
1.41359769e+02 1.06561393e+01
1.41387248e+02 1.17797895e+01
1.41413993e+02 1.29567755e+01
1.41440004e+02 1.41785793e+01
1.41466015e+02 1.54735815e+01
1.41492026e+02 1.68377123e+01
1.41529541e+02 1.89158330e+01
1.41570392e+02 2.13044259e+01
1.41635753e+02 2.53097681e+01
1.41723544e+02 3.07435418e+01
1.41761168e+02 3.29681541e+01
1.41798792e+02 3.50612282e+01
1.41836416e+02 3.69742414e+01
1.41877021e+02 3.87829810e+01
1.41917625e+02 4.02736162e+01
1.41944695e+02 4.10673785e+01
1.41971765e+02 4.16876367e+01
1.41998834e+02 4.21253347e+01
1.42025904e+02 4.23739308e+01
1.42052974e+02 4.24295563e+01
1.42083738e+02 4.22572514e+01
1.42114502e+02 4.18372413e+01
1.42145266e+02 4.11770024e+01
1.42176030e+02 4.02884295e+01
1.42206794e+02 3.91874765e+01
1.42237558e+02 3.78936678e+01
1.42278577e+02 3.59078697e+01
1.42319596e+02 3.36789841e+01
1.42360615e+02 3.12707676e+01
1.42450798e+02 2.56625547e+01
1.42520472e+02 2.13565073e+01
1.42562431e+02 1.88892555e+01
1.42590403e+02 1.73224851e+01
1.42618375e+02 1.58289732e+01
1.42645067e+02 1.44786140e+01
1.42670477e+02 1.32650481e+01
1.42695887e+02 1.21242855e+01
1.42721297e+02 1.10576929e+01
1.42748143e+02 1.00117533e+01
1.42769353e+02 9.24365451e+00
1.42790563e+02 8.52611729e+00
1.42811773e+02 7.85794688e+00
1.42832984e+02 7.23765270e+00
1.42854013e+02 6.66821321e+00
1.42874680e+02 6.15094923e+00
1.42895346e+02 5.67374385e+00
1.42916013e+02 5.23456970e+00
1.42936680e+02 4.83133221e+00
1.42957347e+02 4.46191021e+00
1.42980270e+02 4.08911945e+00
1.43003193e+02 3.75241969e+00
1.43026116e+02 3.44899020e+00
1.43049039e+02 3.17610214e+00
1.43071962e+02 2.93113657e+00
1.43090178e+02 2.75473392e+00
1.43111326e+02 2.56851013e+00
1.43132475e+02 2.40059016e+00
1.43153624e+02 2.24933447e+00
1.43174772e+02 2.11321355e+00
1.43195921e+02 1.99081129e+00
1.43217070e+02 1.88081963e+00
1.43238218e+02 1.78203610e+00
1.43260177e+02 1.69014691e+00
1.43282947e+02 1.60517112e+00
1.43305716e+02 1.52956314e+00
1.43328485e+02 1.46229822e+00
1.43351254e+02 1.40245284e+00
1.43374023e+02 1.34919837e+00
1.43396793e+02 1.30179075e+00
1.43430947e+02 1.24020352e+00
1.43465100e+02 1.18832638e+00
1.43499254e+02 1.14450078e+00
1.43533408e+02 1.10732677e+00
1.43567562e+02 1.07562728e+00
1.43613100e+02 1.04019878e+00
1.43661257e+02 1.00935906e+00
1.43709413e+02 9.83691421e-01
1.43773621e+02 9.55521564e-01
1.43837829e+02 9.32830472e-01
1.43902038e+02 9.15139410e-01
1.43966246e+02 9.03004293e-01
1.44014402e+02 8.98417680e-01
1.44030454e+02 8.97926529e-01
1.44078610e+02 9.00175952e-01
1.44126767e+02 9.09139972e-01
1.44166070e+02 9.22654319e-01
1.44195548e+02 9.37204246e-01
1.44225026e+02 9.56189845e-01
1.44254504e+02 9.80298098e-01
1.44283982e+02 1.01032416e+00
1.44313459e+02 1.04718999e+00
1.44342937e+02 1.09196218e+00
1.44372415e+02 1.14587422e+00
1.44392067e+02 1.18758649e+00
1.44411719e+02 1.23446015e+00
1.44431371e+02 1.28701157e+00
1.44452557e+02 1.35067499e+00
1.44475278e+02 1.42789035e+00
1.44497999e+02 1.51537850e+00
1.44520720e+02 1.61427829e+00
1.44543440e+02 1.72582919e+00
1.44560481e+02 1.81859803e+00
1.44577522e+02 1.91983994e+00
1.44594562e+02 2.03019127e+00
1.44611603e+02 2.15031996e+00
1.44630918e+02 2.29918902e+00
1.44646828e+02 2.43267042e+00
1.44662738e+02 2.57661997e+00
1.44678647e+02 2.73167236e+00
1.44694557e+02 2.89847864e+00
1.44710467e+02 3.07770359e+00
1.44726377e+02 3.27002288e+00
1.44742287e+02 3.47611963e+00
1.44764460e+02 3.78762705e+00
1.44785787e+02 4.11548690e+00
1.44807114e+02 4.47268050e+00
1.44828441e+02 4.86079517e+00
1.44849768e+02 5.28133513e+00
1.44870321e+02 5.71861146e+00
1.44889325e+02 6.15189887e+00
1.44908328e+02 6.61385633e+00
1.44927332e+02 7.10517845e+00
1.44952670e+02 7.80690137e+00
1.44979875e+02 8.62054809e+00
1.45008948e+02 9.55935371e+00
1.45038020e+02 1.05691646e+01
1.45067093e+02 1.16481240e+01
1.45098885e+02 1.29033475e+01
1.45133398e+02 1.43478535e+01
1.45176539e+02 1.62567319e+01
1.45239358e+02 1.91842322e+01
1.45337746e+02 2.38572401e+01
1.45395790e+02 2.64660684e+01
1.45433169e+02 2.80117713e+01
1.45470548e+02 2.94109688e+01
1.45507926e+02 3.06305351e+01
1.45545305e+02 3.16403403e+01
1.45582684e+02 3.24144633e+01
1.45610718e+02 3.28277838e+01
1.45638752e+02 3.30904230e+01
1.45666786e+02 3.31981338e+01
1.45676130e+02 3.31992004e+01
1.45708360e+02 3.30690027e+01
1.45740590e+02 3.27333305e+01
1.45772820e+02 3.21982626e+01
1.45805051e+02 3.14737750e+01
1.45837281e+02 3.05734464e+01
1.45869511e+02 2.95140649e+01
1.45912484e+02 2.78881327e+01
1.45955458e+02 2.60661271e+01
1.45998431e+02 2.41039896e+01
1.46124408e+02 1.80817337e+01
1.46172946e+02 1.58574775e+01
1.46214068e+02 1.40897193e+01
1.46241483e+02 1.29870348e+01
1.46268897e+02 1.19538986e+01
1.46295936e+02 1.10091920e+01
1.46322974e+02 1.01431754e+01
1.46343252e+02 9.54769129e+00
1.46363531e+02 8.99998977e+00
1.46386089e+02 8.44808895e+00
1.46404169e+02 8.05008255e+00
1.46422248e+02 7.69190478e+00
1.46440327e+02 7.37378805e+00
1.46458406e+02 7.09584131e+00
1.46476485e+02 6.85806068e+00
1.46494565e+02 6.66033890e+00
1.46512644e+02 6.50247372e+00
1.46532515e+02 6.37459195e+00
1.46548762e+02 6.30520267e+00
1.46565009e+02 6.26710339e+00
1.46576490e+02 6.25884341e+00
1.46592563e+02 6.27292464e+00
1.46610932e+02 6.32512379e+00
1.46629301e+02 6.41511820e+00
1.46647670e+02 6.54207647e+00
1.46666039e+02 6.70507842e+00
1.46684408e+02 6.90310986e+00
1.46702777e+02 7.13505643e+00
1.46720558e+02 7.39073851e+00
1.46746349e+02 7.81353372e+00
1.46772139e+02 8.29412653e+00
1.46797930e+02 8.82791861e+00
1.46815124e+02 9.21082553e+00
1.46849511e+02 1.00340364e+01
1.46887096e+02 1.10066499e+01
1.46937208e+02 1.23853536e+01
1.47024906e+02 1.48592473e+01
1.47067152e+02 1.59956028e+01
1.47101532e+02 1.68563129e+01
1.47135912e+02 1.76375212e+01
1.47170291e+02 1.83201439e+01
1.47204671e+02 1.88870737e+01
1.47239051e+02 1.93237916e+01
1.47273430e+02 1.96189024e+01
1.47307810e+02 1.97645659e+01
1.47325000e+02 1.97799530e+01
1.47355123e+02 1.97140274e+01
1.47385245e+02 1.95310567e+01
1.47415368e+02 1.92345489e+01
1.47445491e+02 1.88302097e+01
1.47475613e+02 1.83257608e+01
1.47505736e+02 1.77306935e+01
1.47545900e+02 1.68154242e+01
1.47586063e+02 1.57876754e+01
1.47646308e+02 1.41034917e+01
1.47747640e+02 1.11500061e+01
1.47797368e+02 9.76092511e+00
1.47829272e+02 8.91960076e+00
1.47861175e+02 8.12812399e+00
1.47893078e+02 7.39377414e+00
1.47916694e+02 6.89035517e+00
1.47939687e+02 6.43494659e+00
1.47962680e+02 6.01500380e+00
1.47985672e+02 5.63135560e+00
1.48008665e+02 5.28449271e+00
1.48031657e+02 4.97460545e+00
1.48052731e+02 4.72299976e+00
1.48073804e+02 4.50216029e+00
1.48094877e+02 4.31171366e+00
1.48115950e+02 4.15117114e+00
1.48137023e+02 4.01994123e+00
1.48158096e+02 3.91735375e+00
1.48179169e+02 3.84267081e+00
1.48200242e+02 3.79510446e+00
1.48217858e+02 3.77554957e+00
1.48229601e+02 3.77247137e+00
1.48247217e+02 3.78241230e+00
1.48270704e+02 3.82202980e+00
1.48294192e+02 3.89061972e+00
1.48317679e+02 3.98689674e+00
1.48341167e+02 4.10954795e+00
1.48364654e+02 4.25723326e+00
1.48388142e+02 4.42857620e+00
1.48418519e+02 4.68296051e+00
1.48448897e+02 4.97136056e+00
1.48479275e+02 5.29042512e+00
1.48509652e+02 5.63661487e+00
1.48550156e+02 6.13388124e+00
1.48604177e+02 6.84519417e+00
1.48739231e+02 8.70767613e+00
1.48787558e+02 9.34373204e+00
1.48830193e+02 9.86677919e+00
1.48872827e+02 1.03415699e+01
1.48915462e+02 1.07575595e+01
1.48958096e+02 1.11061250e+01
1.49000730e+02 1.13809828e+01
1.49043365e+02 1.15784881e+01
1.49085999e+02 1.16978107e+01
1.49132776e+02 1.17412368e+01
1.49175209e+02 1.17066072e+01
1.49226129e+02 1.15826166e+01
1.49277049e+02 1.13838873e+01
1.49344942e+02 1.10348466e+01
1.49514675e+02 1.00210826e+01
1.49582568e+02 9.65677509e+00
1.49650461e+02 9.34960723e+00
1.49715495e+02 9.11377666e+00
1.49780529e+02 8.92995111e+00
1.49823885e+02 8.83045678e+00
1.50040665e+02 8.42072406e+00
1.50127377e+02 8.20337815e+00
1.50192411e+02 7.99090472e+00
1.50257445e+02 7.72835284e+00
1.50322479e+02 7.41416789e+00
1.50386948e+02 7.05567379e+00
1.50472528e+02 6.52490076e+00
1.50600899e+02 5.69713840e+00
1.50643689e+02 5.44176841e+00
1.50686479e+02 5.21117538e+00
1.50727116e+02 5.02372970e+00
1.50767752e+02 4.87535079e+00
1.50794843e+02 4.80211332e+00
1.50821934e+02 4.75208996e+00
1.50849025e+02 4.72742453e+00
1.50862570e+02 4.72522395e+00
1.50889661e+02 4.74221742e+00
1.50914956e+02 4.78500384e+00
1.50938457e+02 4.84903364e+00
1.50961957e+02 4.93715168e+00
1.50985457e+02 5.04982748e+00
1.51008957e+02 5.18729741e+00
1.51032457e+02 5.34954681e+00
1.51055957e+02 5.53628699e+00
1.51079457e+02 5.74694439e+00
1.51103911e+02 5.99059542e+00
1.51142023e+02 6.41675591e+00
1.51180134e+02 6.89323760e+00
1.51218245e+02 7.41096445e+00
1.51269060e+02 8.14589320e+00
1.51368922e+02 9.62049020e+00
1.51413594e+02 1.02341375e+01
1.51458267e+02 1.07828304e+01
1.51488048e+02 1.11004004e+01
1.51517830e+02 1.13716678e+01
1.51546699e+02 1.15849675e+01
1.51574658e+02 1.17407008e+01
1.51602616e+02 1.18432026e+01
1.51630574e+02 1.18902117e+01
1.51644553e+02 1.18924647e+01
1.51680681e+02 1.18321621e+01
1.51716810e+02 1.16774778e+01
1.51752939e+02 1.14319660e+01
1.51789068e+02 1.11017737e+01
1.51825196e+02 1.06953620e+01
1.51861325e+02 1.02231355e+01
1.51885411e+02 9.87758875e+00
1.51933582e+02 9.12992204e+00
1.52017883e+02 7.72341407e+00
1.52081886e+02 6.65961137e+00
1.52116526e+02 6.11232598e+00
1.52151167e+02 5.59713873e+00
1.52184684e+02 5.13696276e+00
1.52208980e+02 4.83075911e+00
1.52233276e+02 4.55009416e+00
1.52257572e+02 4.29698359e+00
1.52281868e+02 4.07326618e+00
1.52298065e+02 3.94128455e+00
1.52316443e+02 3.80884081e+00
1.52334822e+02 3.69541847e+00
1.52353201e+02 3.60163208e+00
1.52371579e+02 3.52807421e+00
1.52389957e+02 3.47532024e+00
1.52408336e+02 3.44393645e+00
1.52426714e+02 3.43448303e+00
1.52445093e+02 3.44751815e+00
1.52464658e+02 3.48673565e+00
1.52484223e+02 3.55274920e+00
1.52503788e+02 3.64623851e+00
1.52523353e+02 3.76788146e+00
1.52542918e+02 3.91835328e+00
1.52562482e+02 4.09831456e+00
1.52582047e+02 4.30840818e+00
1.52601612e+02 4.54924046e+00
1.52621299e+02 4.82316796e+00
1.52640986e+02 5.12929794e+00
1.52660673e+02 5.46805885e+00
1.52680359e+02 5.83977653e+00
1.52700046e+02 6.24465905e+00
1.52719124e+02 6.66874493e+00
1.52744157e+02 7.27235159e+00
1.52769190e+02 7.92887575e+00
1.52794223e+02 8.63711935e+00
1.52819233e+02 9.39453384e+00
1.52844220e+02 1.01984830e+01
1.52881700e+02 1.14856751e+01
1.52920156e+02 1.28942414e+01
1.52974035e+02 1.49792777e+01
1.53081793e+02 1.92693540e+01
1.53122202e+02 2.08071000e+01
1.53157017e+02 2.20521413e+01
1.53191833e+02 2.31958482e+01
1.53226648e+02 2.42133196e+01
1.53261463e+02 2.50816573e+01
1.53296279e+02 2.57808577e+01
1.53331094e+02 2.62945824e+01
1.53365909e+02 2.66108389e+01
1.53400725e+02 2.67224745e+01
1.53436814e+02 2.66201229e+01
1.53472903e+02 2.62995227e+01
1.53508992e+02 2.57703210e+01
1.53545080e+02 2.50476858e+01
1.53581169e+02 2.41516578e+01
1.53617258e+02 2.31063362e+01
1.53641318e+02 2.23398347e+01
1.53689436e+02 2.06785022e+01
1.53773644e+02 1.75450123e+01
1.53837514e+02 1.51667878e+01
1.53872075e+02 1.39363656e+01
1.53906636e+02 1.27698030e+01
1.53940995e+02 1.16885027e+01
1.53966614e+02 1.09404714e+01
1.53992232e+02 1.02465522e+01
1.54017851e+02 9.60966386e+00
1.54043470e+02 9.03184475e+00
1.54060549e+02 8.68006314e+00
1.54083361e+02 8.25221130e+00
1.54106174e+02 7.87235653e+00
1.54128987e+02 7.54000637e+00
1.54151800e+02 7.25427435e+00
1.54174612e+02 7.01391855e+00
1.54197425e+02 6.81738764e+00
1.54220238e+02 6.66285639e+00
1.54243051e+02 6.54827118e+00
1.54265458e+02 6.47243845e+00
1.54287866e+02 6.43071506e+00
1.54310274e+02 6.42072671e+00
1.54332682e+02 6.44002588e+00
1.54366293e+02 6.51843783e+00
1.54399905e+02 6.64871313e+00
1.54433516e+02 6.82257336e+00
1.54467128e+02 7.03208552e+00
1.54511943e+02 7.35419821e+00
1.54579167e+02 7.89844579e+00
1.54689892e+02 8.86825005e+00
1.54807649e+02 9.94367715e+00
1.54866528e+02 1.05157893e+01
1.54925406e+02 1.11356560e+01
1.54984285e+02 1.18254674e+01
1.55043163e+02 1.26046017e+01
1.55094052e+02 1.33593056e+01
1.55158398e+02 1.44224823e+01
1.55222745e+02 1.55915993e+01
1.55372886e+02 1.85057793e+01
1.55437926e+02 1.97127338e+01
1.55504352e+02 2.08232620e+01
1.55570778e+02 2.17639997e+01
1.55615062e+02 2.22836744e+01
1.55681488e+02 2.28994332e+01
1.55747914e+02 2.33356287e+01
1.55822673e+02 2.36590851e+01
1.56021835e+02 2.42194891e+01
1.56104454e+02 2.45737626e+01
1.56166418e+02 2.49566712e+01
1.56228382e+02 2.54570088e+01
1.56311001e+02 2.63041112e+01
1.56434929e+02 2.78433211e+01
1.56517548e+02 2.88778140e+01
1.56579512e+02 2.95402335e+01
1.56641476e+02 3.00180123e+01
1.56695499e+02 3.02262721e+01
1.56722510e+02 3.02440317e+01
1.56763507e+02 3.01499926e+01
1.56805466e+02 2.98951407e+01
1.56847426e+02 2.94768229e+01
1.56889385e+02 2.88984235e+01
1.56931345e+02 2.81695042e+01
1.56973304e+02 2.73050714e+01
1.57029250e+02 2.59755266e+01
1.57085195e+02 2.44929120e+01
1.57197087e+02 2.12896315e+01
1.57310106e+02 1.80497680e+01
1.57385452e+02 1.60130017e+01
1.57441961e+02 1.45753693e+01
1.57498471e+02 1.32201243e+01
1.57550400e+02 1.20480748e+01
1.57602329e+02 1.09464823e+01
1.57654258e+02 9.91661733e+00
1.57693205e+02 9.19305234e+00
1.57730834e+02 8.53569500e+00
1.57767806e+02 7.93189092e+00
1.57804777e+02 7.37200287e+00
1.57841749e+02 6.85821655e+00
1.57878720e+02 6.39247944e+00
1.57903368e+02 6.10943733e+00
1.57932375e+02 5.80492228e+00
1.57961382e+02 5.53148935e+00
1.57990389e+02 5.28900389e+00
1.58019396e+02 5.07698146e+00
1.58048403e+02 4.89457723e+00
1.58077410e+02 4.74058862e+00
1.58106417e+02 4.61347097e+00
1.58135424e+02 4.51136481e+00
1.58167064e+02 4.42599482e+00
1.58202148e+02 4.35940167e+00
1.58237233e+02 4.31792262e+00
1.58284013e+02 4.29342649e+00
1.58307403e+02 4.29116048e+00
1.58400962e+02 4.31664639e+00
1.58494521e+02 4.34107473e+00
1.58541301e+02 4.33528893e+00
1.58604600e+02 4.29969373e+00
1.58667899e+02 4.23081921e+00
1.58731198e+02 4.13374247e+00
1.58857796e+02 3.90461377e+00
1.58921095e+02 3.80810616e+00
1.58968570e+02 3.76077067e+00
1.59000219e+02 3.74630815e+00
1.59016044e+02 3.74523052e+00
1.59047694e+02 3.75704295e+00
1.59082020e+02 3.79338008e+00
1.59111484e+02 3.84634018e+00
1.59140949e+02 3.92124035e+00
1.59170413e+02 4.01958724e+00
1.59199878e+02 4.14262198e+00
1.59229343e+02 4.29127926e+00
1.59258807e+02 4.46614171e+00
1.59288272e+02 4.66740465e+00
1.59317736e+02 4.89483704e+00
1.59356550e+02 5.23316541e+00
1.59395363e+02 5.61287965e+00
1.59434177e+02 6.02977264e+00
1.59472990e+02 6.47829907e+00
1.59538891e+02 7.29290399e+00
1.59666235e+02 8.92782874e+00
1.59751131e+02 9.95990168e+00
1.59834298e+02 1.08872161e+01
1.59945189e+02 1.20808958e+01
1.60000634e+02 1.27510580e+01
1.60042218e+02 1.33375986e+01
1.60069941e+02 1.37868363e+01
1.60097663e+02 1.42948562e+01
1.60125386e+02 1.48723797e+01
1.60153108e+02 1.55300411e+01
1.60180831e+02 1.62780763e+01
1.60206480e+02 1.70589060e+01
1.60230054e+02 1.78577877e+01
1.60253629e+02 1.87390428e+01
1.60277204e+02 1.97062392e+01
1.60300779e+02 2.07619100e+01
1.60324353e+02 2.19074148e+01
1.60359715e+02 2.37938574e+01
1.60383290e+02 2.51611053e+01
1.60420974e+02 2.75183875e+01
1.60458658e+02 3.00657586e+01
1.60496342e+02 3.27695241e+01
1.60578254e+02 3.89626733e+01
1.60644595e+02 4.39609733e+01
1.60688822e+02 4.70866469e+01
1.60725041e+02 4.94288970e+01
1.60767358e+02 5.18301848e+01
1.60795569e+02 5.31883296e+01
1.60823779e+02 5.43246537e+01
1.60851990e+02 5.52190086e+01
1.60880201e+02 5.58549744e+01
1.60908412e+02 5.62202779e+01
1.60936623e+02 5.63071025e+01
1.60973840e+02 5.59908918e+01
1.61011057e+02 5.51902390e+01
1.61048274e+02 5.39242512e+01
1.61085491e+02 5.22249370e+01
1.61122707e+02 5.01356350e+01
1.61159924e+02 4.77090214e+01
1.61184736e+02 4.59331218e+01
1.61234358e+02 4.20868242e+01
1.61296386e+02 3.69275769e+01
1.61389518e+02 2.90505390e+01
1.61431454e+02 2.56514074e+01
1.61469910e+02 2.26915796e+01
1.61506626e+02 2.00400666e+01
1.61531103e+02 1.83788533e+01
1.61555540e+02 1.68111217e+01
1.61579937e+02 1.53397385e+01
1.61604334e+02 1.39639869e+01
1.61628731e+02 1.26845440e+01
1.61647150e+02 1.17821942e+01
1.61665809e+02 1.09231594e+01
1.61684468e+02 1.01186718e+01
1.61703127e+02 9.36754203e+00
1.61721786e+02 8.66832633e+00
1.61740445e+02 8.01938251e+00
1.61758455e+02 7.43898308e+00
1.61776464e+02 6.90196908e+00
1.61794474e+02 6.40647632e+00
1.61812484e+02 5.95058163e+00
1.61830494e+02 5.53230995e+00
1.61845389e+02 5.21338027e+00
1.61863172e+02 4.86292463e+00
1.61880955e+02 4.54364530e+00
1.61898739e+02 4.25363060e+00
1.61916522e+02 3.99100285e+00
1.61934305e+02 3.75392383e+00
1.61952089e+02 3.54061308e+00
1.61969872e+02 3.34934979e+00
1.61990493e+02 3.15299838e+00
1.62008087e+02 3.00530197e+00
1.62025681e+02 2.87433573e+00
1.62043274e+02 2.75873125e+00
1.62060868e+02 2.65719777e+00
1.62072597e+02 2.59672449e+00
1.62096056e+02 2.49157218e+00
1.62119514e+02 2.40539213e+00
1.62142973e+02 2.33588837e+00
1.62166431e+02 2.28099816e+00
1.62189299e+02 2.23979830e+00
1.62212168e+02 2.20922963e+00
1.62242659e+02 2.18274523e+00
1.62273150e+02 2.17016388e+00
1.62288395e+02 2.16839518e+00
1.62318887e+02 2.17278010e+00
1.62364623e+02 2.19662852e+00
1.62410360e+02 2.23852212e+00
1.62456097e+02 2.29718202e+00
1.62501833e+02 2.37304918e+00
1.62547570e+02 2.46812005e+00
1.62578061e+02 2.54378965e+00
1.62608552e+02 2.63078449e+00
1.62639043e+02 2.73062587e+00
1.62670962e+02 2.85075658e+00
1.62704309e+02 2.99557900e+00
1.62737655e+02 3.16264329e+00
1.62762665e+02 3.30409364e+00
1.62787675e+02 3.46058745e+00
1.62812685e+02 3.63316509e+00
1.62837695e+02 3.82279841e+00
1.62862705e+02 4.03036816e+00
1.62887715e+02 4.25662852e+00
1.62921062e+02 4.58840076e+00
1.62951752e+02 4.92483529e+00
1.62982443e+02 5.29126769e+00
1.63013134e+02 5.68730626e+00
1.63043825e+02 6.11191288e+00
1.63084745e+02 6.71938416e+00
1.63122734e+02 7.32058914e+00
1.63179717e+02 8.27407100e+00
1.63295196e+02 1.02724863e+01
1.63353691e+02 1.12321872e+01
1.63397563e+02 1.18886100e+01
1.63441435e+02 1.24675301e+01
1.63470683e+02 1.28007578e+01
1.63511407e+02 1.31833273e+01
1.63541951e+02 1.34016631e+01
1.63572494e+02 1.35567392e+01
1.63603038e+02 1.36456531e+01
1.63628490e+02 1.36678883e+01
1.63659568e+02 1.36304848e+01
1.63698549e+02 1.34840262e+01
1.63737530e+02 1.32303044e+01
1.63776511e+02 1.28758608e+01
1.63815492e+02 1.24298686e+01
1.63854473e+02 1.19037109e+01
1.63893454e+02 1.13104832e+01
1.63945429e+02 1.04399180e+01
1.64023391e+02 9.03505652e+00
1.64100067e+02 7.63616926e+00
1.64150755e+02 6.74938778e+00
1.64184547e+02 6.18862665e+00
1.64215472e+02 5.70232584e+00
1.64246397e+02 5.24532179e+00
1.64277321e+02 4.82049016e+00
1.64308246e+02 4.43015102e+00
1.64333243e+02 4.14111359e+00
1.64358239e+02 3.87658781e+00
1.64383235e+02 3.63720297e+00
1.64408232e+02 3.42348323e+00
1.64433228e+02 3.23587715e+00
1.64452139e+02 3.11154867e+00
1.64473296e+02 2.99065971e+00
1.64494453e+02 2.88924449e+00
1.64515611e+02 2.80757677e+00
1.64536768e+02 2.74596148e+00
1.64557925e+02 2.70474694e+00
1.64579082e+02 2.68433060e+00
1.64589661e+02 2.68206145e+00
1.64605529e+02 2.68875551e+00
1.64620429e+02 2.70625232e+00
1.64639649e+02 2.74519940e+00
1.64658870e+02 2.80303848e+00
1.64678090e+02 2.88028456e+00
1.64697310e+02 2.97749169e+00
1.64716531e+02 3.09524524e+00
1.64735751e+02 3.23415923e+00
1.64754972e+02 3.39486707e+00
1.64771917e+02 3.55513834e+00
1.64793921e+02 3.79001448e+00
1.64815925e+02 4.05599696e+00
1.64837929e+02 4.35399580e+00
1.64859933e+02 4.68485531e+00
1.64881937e+02 5.04932087e+00
1.64900618e+02 5.38559905e+00
1.64919300e+02 5.74683584e+00
1.64944209e+02 6.26761975e+00
1.64969118e+02 6.83322545e+00
1.64996105e+02 7.49626955e+00
1.65025170e+02 8.26767780e+00
1.65054235e+02 9.09635991e+00
1.65083301e+02 9.97904450e+00
1.65111742e+02 1.08908089e+01
1.65153467e+02 1.23030944e+01
1.65209101e+02 1.42902442e+01
1.65320504e+02 1.83737826e+01
1.65365066e+02 1.99316453e+01
1.65404032e+02 2.12047177e+01
1.65437405e+02 2.22049274e+01
1.65470777e+02 2.31030768e+01
1.65504150e+02 2.38827946e+01
1.65537523e+02 2.45297348e+01
1.65570895e+02 2.50320672e+01
1.65604268e+02 2.53808547e+01
1.65637640e+02 2.55703587e+01
1.65654326e+02 2.56045048e+01
1.65691719e+02 2.55345549e+01
1.65729110e+02 2.52660527e+01
1.65766502e+02 2.48082853e+01
1.65803894e+02 2.41751965e+01
1.65841286e+02 2.33847214e+01
1.65878678e+02 2.24579676e+01
1.65928534e+02 2.10508870e+01
1.65978390e+02 1.95017074e+01
1.66127403e+02 1.45856007e+01
1.66183076e+02 1.28266651e+01
1.66219823e+02 1.17285251e+01
1.66256204e+02 1.07011893e+01
1.66292585e+02 9.73938473e+00
1.66328965e+02 8.84671944e+00
1.66356520e+02 8.21762630e+00
1.66384613e+02 7.61797974e+00
1.66412707e+02 7.05991646e+00
1.66440800e+02 6.54243905e+00
1.66468893e+02 6.06420020e+00
1.66496986e+02 5.62358682e+00
1.66527477e+02 5.18585727e+00
1.66557968e+02 4.78789960e+00
1.66588459e+02 4.42721822e+00
1.66618950e+02 4.10133656e+00
1.66649441e+02 3.80785474e+00
1.66673610e+02 3.59673410e+00
1.66701621e+02 3.37433959e+00
1.66729632e+02 3.17441320e+00
1.66757643e+02 2.99555556e+00
1.66785654e+02 2.83650460e+00
1.66813666e+02 2.69613157e+00
1.66841677e+02 2.57343949e+00
1.66869688e+02 2.46755121e+00
1.66894333e+02 2.38767361e+00
1.66926253e+02 2.30193540e+00
1.66958173e+02 2.23540825e+00
1.66990093e+02 2.18736716e+00
1.67022013e+02 2.15719476e+00
1.67053933e+02 2.14436037e+00
1.67063008e+02 2.14381088e+00
1.67090232e+02 2.15024533e+00
1.67117456e+02 2.16860789e+00
1.67144680e+02 2.19865575e+00
1.67171904e+02 2.24015102e+00
1.67199128e+02 2.29285201e+00
1.67226352e+02 2.35650694e+00
1.67253576e+02 2.43084552e+00
1.67289875e+02 2.54606831e+00
1.67326174e+02 2.67896933e+00
1.67361764e+02 2.82556467e+00
1.67396647e+02 2.98393330e+00
1.67431529e+02 3.15577356e+00
1.67483852e+02 3.43611276e+00
1.67536176e+02 3.73933694e+00
1.67605940e+02 4.16986124e+00
1.67788539e+02 5.33594838e+00
1.67850473e+02 5.70750149e+00
1.67912408e+02 6.04935515e+00
1.67973644e+02 6.34903777e+00
1.68033484e+02 6.59767853e+00
1.68093324e+02 6.79678844e+00
1.68153164e+02 6.94208279e+00
1.68213005e+02 7.03088347e+00
1.68272845e+02 7.06226010e+00
1.68329365e+02 7.04004675e+00
1.68385885e+02 6.97010527e+00
1.68442405e+02 6.85691633e+00
1.68498925e+02 6.70688455e+00
1.68574285e+02 6.46399417e+00
1.68762686e+02 5.79433102e+00
1.68838045e+02 5.56609234e+00
1.68893996e+02 5.42853817e+00
1.68948806e+02 5.32379552e+00
1.69003616e+02 5.24861623e+00
1.69060418e+02 5.19852661e+00
1.69137483e+02 5.16418524e+00
1.69291611e+02 5.13007482e+00
1.69385557e+02 5.07809059e+00
1.69440970e+02 5.02771004e+00
1.69634917e+02 4.79771273e+00
1.69690331e+02 4.75234411e+00
1.69745744e+02 4.73501813e+00
1.69788220e+02 4.74628437e+00
1.69829233e+02 4.78034459e+00
1.69868599e+02 4.83569857e+00
1.69907964e+02 4.91322691e+00
1.69960452e+02 5.04870573e+00
1.70012940e+02 5.21472694e+00
1.70170403e+02 5.78150539e+00
1.70222891e+02 5.94485683e+00
1.70262628e+02 6.04407198e+00
1.70302365e+02 6.11585693e+00
1.70342102e+02 6.15553318e+00
1.70361971e+02 6.16220827e+00
1.70406260e+02 6.14370584e+00
1.70442890e+02 6.09285540e+00
1.70479520e+02 6.01023292e+00
1.70516150e+02 5.89745445e+00
1.70552781e+02 5.75725764e+00
1.70601621e+02 5.53431373e+00
1.70650461e+02 5.28073688e+00
1.70772562e+02 4.60386230e+00
1.70819572e+02 4.36395798e+00
1.70866583e+02 4.15541248e+00
1.70897924e+02 4.03948233e+00
1.70929264e+02 3.94548918e+00
1.70960604e+02 3.87591185e+00
1.70991945e+02 3.83273837e+00
1.71023285e+02 3.81742495e+00
1.71046484e+02 3.82457970e+00
1.71072270e+02 3.85121482e+00
1.71098056e+02 3.89746498e+00
1.71123842e+02 3.96300514e+00
1.71149628e+02 4.04723402e+00
1.71175414e+02 4.14928070e+00
1.71214093e+02 4.33320720e+00
1.71253035e+02 4.55130712e+00
1.71292502e+02 4.79976183e+00
1.71345126e+02 5.16096405e+00
1.71450373e+02 5.90911026e+00
1.71502017e+02 6.24658994e+00
1.71553661e+02 6.53764720e+00
1.71588090e+02 6.69708831e+00
1.71622519e+02 6.82357780e+00
1.71656949e+02 6.91345921e+00
1.71691378e+02 6.96396244e+00
1.71717200e+02 6.97487102e+00
1.71751567e+02 6.95278530e+00
1.71790208e+02 6.87808407e+00
1.71828848e+02 6.75199946e+00
1.71867488e+02 6.57742493e+00
1.71906128e+02 6.35857705e+00
1.71944768e+02 6.10078318e+00
1.71983408e+02 5.81023453e+00
1.72034928e+02 5.38365590e+00
1.72112209e+02 4.69401290e+00
1.72201273e+02 3.88857898e+00
1.72254026e+02 3.43407774e+00
1.72296228e+02 3.09240819e+00
1.72334524e+02 2.80323177e+00
1.72362268e+02 2.60751945e+00
1.72390013e+02 2.42410024e+00
1.72417757e+02 2.25336679e+00
1.72445502e+02 2.09551941e+00
1.72477379e+02 1.93009848e+00
1.72500008e+02 1.82291412e+00
1.72522637e+02 1.72408517e+00
1.72545265e+02 1.63342853e+00
1.72567894e+02 1.55072464e+00
1.72590523e+02 1.47572610e+00
1.72613152e+02 1.40816606e+00
1.72635781e+02 1.34776622e+00
1.72662671e+02 1.28491253e+00
1.72689561e+02 1.23130507e+00
1.72716451e+02 1.18649938e+00
1.72743341e+02 1.15008665e+00
1.72770231e+02 1.12170538e+00
1.72797121e+02 1.10105247e+00
1.72824011e+02 1.08789138e+00
1.72850900e+02 1.08205909e+00
1.72858548e+02 1.08172519e+00
1.72881491e+02 1.08423165e+00
1.72904434e+02 1.09201368e+00
1.72927377e+02 1.10512567e+00
1.72950319e+02 1.12366665e+00
1.72973262e+02 1.14777955e+00
1.72996205e+02 1.17765026e+00
1.73019148e+02 1.21350505e+00
1.73042090e+02 1.25560822e+00
1.73065033e+02 1.30425863e+00
1.73087976e+02 1.35978561e+00
1.73107075e+02 1.41150993e+00
1.73129978e+02 1.48044783e+00
1.73152881e+02 1.55728784e+00
1.73175784e+02 1.64242337e+00
1.73198687e+02 1.73625020e+00
1.73221590e+02 1.83915602e+00
1.73244494e+02 1.95151549e+00
1.73267396e+02 2.07367811e+00
1.73295907e+02 2.23992780e+00
1.73321496e+02 2.40292615e+00
1.73347085e+02 2.57927234e+00
1.73372674e+02 2.76916423e+00
1.73398263e+02 2.97268695e+00
1.73432042e+02 3.26214237e+00
1.73465482e+02 3.57156355e+00
1.73498922e+02 3.90287028e+00
1.73532362e+02 4.25473939e+00
1.73570810e+02 4.68239052e+00
1.73625131e+02 5.32204960e+00
1.73701181e+02 6.26535326e+00
1.73820568e+02 7.76579451e+00
1.73885674e+02 8.54029622e+00
1.73934504e+02 9.07969483e+00
1.73983333e+02 9.57287914e+00
1.74024361e+02 9.94596709e+00
1.74065389e+02 1.02778301e+01
1.74106416e+02 1.05663826e+01
1.74147444e+02 1.08106839e+01
1.74208985e+02 1.10946992e+01
1.74270526e+02 1.12838226e+01
1.74334044e+02 1.13874694e+01
1.74379025e+02 1.14100941e+01
1.74446497e+02 1.13742228e+01
1.74513969e+02 1.12647506e+01
1.74581441e+02 1.10908337e+01
1.74648912e+02 1.08586467e+01
1.74716384e+02 1.05715986e+01
1.74783856e+02 1.02311729e+01
1.74851328e+02 9.83815442e+00
1.74918800e+02 9.39396978e+00
1.74986271e+02 8.90190486e+00
1.75073615e+02 8.20400636e+00
1.75200702e+02 7.10861459e+00
1.75327788e+02 6.00299700e+00
1.75387282e+02 5.51202728e+00
1.75438675e+02 5.11285897e+00
1.75490068e+02 4.74298189e+00
1.75541461e+02 4.40720914e+00
1.75575724e+02 4.20416064e+00
1.75609986e+02 4.01869794e+00
1.75644248e+02 3.85135955e+00
1.75679219e+02 3.69956215e+00
1.75714191e+02 3.56705523e+00
1.75749163e+02 3.45371791e+00
1.75784134e+02 3.35924609e+00
1.75819106e+02 3.28318540e+00
1.75854077e+02 3.22496727e+00
1.75889049e+02 3.18394708e+00
1.75924021e+02 3.15944391e+00
1.75959749e+02 3.15076419e+00
1.75995476e+02 3.15794711e+00
1.76038350e+02 3.18670917e+00
1.76081223e+02 3.23679802e+00
1.76124097e+02 3.30794731e+00
1.76166970e+02 3.40045630e+00
1.76209844e+02 3.51532526e+00
1.76252717e+02 3.65439606e+00
1.76295591e+02 3.82048606e+00
1.76338464e+02 4.01751584e+00
1.76367046e+02 4.16853557e+00
1.76398879e+02 4.35780944e+00
1.76433962e+02 4.59552637e+00
1.76469044e+02 4.86807699e+00
1.76495356e+02 5.09831863e+00
1.76521668e+02 5.35321078e+00
1.76547980e+02 5.63515953e+00
1.76574293e+02 5.94667020e+00
1.76600605e+02 6.29031500e+00
1.76626917e+02 6.66869433e+00
1.76653229e+02 7.08438620e+00
1.76685055e+02 7.64061904e+00
1.76708111e+02 8.08230209e+00
1.76731167e+02 8.55815212e+00
1.76754223e+02 9.06942128e+00
1.76788806e+02 9.90497225e+00
1.76823390e+02 1.08249891e+01
1.76856320e+02 1.17803643e+01
1.76885941e+02 1.27053357e+01
1.76925436e+02 1.40320734e+01
1.76964932e+02 1.54585630e+01
1.77004427e+02 1.69732421e+01
1.77064433e+02 1.94066002e+01
1.77184445e+02 2.44577638e+01
1.77244452e+02 2.68766679e+01
1.77300924e+02 2.89563076e+01
1.77338572e+02 3.01914763e+01
1.77376220e+02 3.12778224e+01
1.77413869e+02 3.21953536e+01
1.77451517e+02 3.29285652e+01
1.77489165e+02 3.34672873e+01
1.77526813e+02 3.38073029e+01
1.77559368e+02 3.39425814e+01
1.77573098e+02 3.39566846e+01
1.77614288e+02 3.38537648e+01
1.77655479e+02 3.35508974e+01
1.77710400e+02 3.28880687e+01
1.77765321e+02 3.20105654e+01
1.77902623e+02 2.95479241e+01
1.77957544e+02 2.87189397e+01
1.77998249e+02 2.82385926e+01
1.78037983e+02 2.79044203e+01
1.78077717e+02 2.77163283e+01
1.78104310e+02 2.76746292e+01
1.78144356e+02 2.77373000e+01
1.78184402e+02 2.79416886e+01
1.78224448e+02 2.82706022e+01
1.78277842e+02 2.88611292e+01
1.78438026e+02 3.09796277e+01
1.78491420e+02 3.15513370e+01
1.78540892e+02 3.19306042e+01
1.78586442e+02 3.21261300e+01
1.78609217e+02 3.21648652e+01
1.78664607e+02 3.20946222e+01
1.78719997e+02 3.18070703e+01
1.78775387e+02 3.13396766e+01
1.78830777e+02 3.07450363e+01
1.78996947e+02 2.87819852e+01
1.79078733e+02 2.79968873e+01
1.79157920e+02 2.74316653e+01
1.79264737e+02 2.69063929e+01
1.79434460e+02 2.61641822e+01
1.79497366e+02 2.58047096e+01
1.79717538e+02 2.43278592e+01
1.79780444e+02 2.40065033e+01
1.79843350e+02 2.38020135e+01
1.79911866e+02 2.37278645e+01
1.79973637e+02 2.37797698e+01
1.80121887e+02 2.40832796e+01
1.80171304e+02 2.41188344e+01
1.80220720e+02 2.40577748e+01
1.80270137e+02 2.38660254e+01
1.80307757e+02 2.36155781e+01
1.80345376e+02 2.32655417e+01
1.80382995e+02 2.28114421e+01
1.80420615e+02 2.22526582e+01
1.80458234e+02 2.15924052e+01
1.80495854e+02 2.08375217e+01
1.80552283e+02 1.95505589e+01
1.80618724e+02 1.78535240e+01
1.80782668e+02 1.33767466e+01
1.80824768e+02 1.22795035e+01
1.80866866e+02 1.12411383e+01
1.80908965e+02 1.02757669e+01
1.80942634e+02 9.56364295e+00
1.80980492e+02 8.83209246e+00
1.81005731e+02 8.38702202e+00
1.81030970e+02 7.97699746e+00
1.81056208e+02 7.60248481e+00
1.81081447e+02 7.26370321e+00
1.81106686e+02 6.96065765e+00
1.81131925e+02 6.69318885e+00
1.81155065e+02 6.47897681e+00
1.81178206e+02 6.29415709e+00
1.81201347e+02 6.13841413e+00
1.81224488e+02 6.01142002e+00
1.81247628e+02 5.91285123e+00
1.81270769e+02 5.84240465e+00
1.81293910e+02 5.79980569e+00
1.81317050e+02 5.78481673e+00
1.81346230e+02 5.80497028e+00
1.81375410e+02 5.86839673e+00
1.81404589e+02 5.97485531e+00
1.81433769e+02 6.12414522e+00
1.81462948e+02 6.31605802e+00
1.81492128e+02 6.55031871e+00
1.81521308e+02 6.82651811e+00
1.81550487e+02 7.14403920e+00
1.81585842e+02 7.58280010e+00
1.81621197e+02 8.07855193e+00
1.81656551e+02 8.62800404e+00
1.81691906e+02 9.22674504e+00
1.81739045e+02 1.00917628e+01
1.81797187e+02 1.12395264e+01
1.81942540e+02 1.42201491e+01
1.81989585e+02 1.51155578e+01
1.82043509e+02 1.60338806e+01
1.82079458e+02 1.65607480e+01
1.82115408e+02 1.70050352e+01
1.82151357e+02 1.73560955e+01
1.82187306e+02 1.76051291e+01
1.82223255e+02 1.77455099e+01
1.82250217e+02 1.77768627e+01
1.82285658e+02 1.77201352e+01
1.82325339e+02 1.75252228e+01
1.82365020e+02 1.71955621e+01
1.82404701e+02 1.67389707e+01
1.82444382e+02 1.61666224e+01
1.82484063e+02 1.54925581e+01
1.82523744e+02 1.47330858e+01
1.82576652e+02 1.36186836e+01
1.82656014e+02 1.18198137e+01
1.82740061e+02 9.89355795e+00
1.82778456e+02 9.04803190e+00
1.82816850e+02 8.24157633e+00
1.82854146e+02 7.50521603e+00
1.82890342e+02 6.84206656e+00
1.82917489e+02 6.38131067e+00
1.82944636e+02 5.95389220e+00
1.82971783e+02 5.56111243e+00
1.82992859e+02 5.28066383e+00
1.83016911e+02 4.98714787e+00
1.83040964e+02 4.72215734e+00
1.83065017e+02 4.48575723e+00
1.83089070e+02 4.27786152e+00
1.83113123e+02 4.09825428e+00
1.83137176e+02 3.94660923e+00
1.83161228e+02 3.82250723e+00
1.83181697e+02 3.73821946e+00
1.83207024e+02 3.66052265e+00
1.83232352e+02 3.61157304e+00
1.83253592e+02 3.59212124e+00
1.83266390e+02 3.58969585e+00
1.83291987e+02 3.60529232e+00
1.83317583e+02 3.64736471e+00
1.83343179e+02 3.71491338e+00
1.83368775e+02 3.80686926e+00
1.83394371e+02 3.92208438e+00
1.83419968e+02 4.05932080e+00
1.83445564e+02 4.21723863e+00
1.83479655e+02 4.45716100e+00
1.83513747e+02 4.72739234e+00
1.83536474e+02 4.92232103e+00
1.83581930e+02 5.34146221e+00
1.83642473e+02 5.94235881e+00
1.83748086e+02 7.01543982e+00
1.83793348e+02 7.44613707e+00
1.83838611e+02 7.83718616e+00
1.83880370e+02 8.15019980e+00
1.83915120e+02 8.36799269e+00
1.83949871e+02 8.54140796e+00
1.83984621e+02 8.66611989e+00
1.84019372e+02 8.73882683e+00
1.84054123e+02 8.75736202e+00
1.84093136e+02 8.71248574e+00
1.84132149e+02 8.59867644e+00
1.84171162e+02 8.41839856e+00
1.84210175e+02 8.17596323e+00
1.84249188e+02 7.87734463e+00
1.84288201e+02 7.52993199e+00
1.84314210e+02 7.27538058e+00
1.84366227e+02 6.72353799e+00
1.84444253e+02 5.83222809e+00
1.84519463e+02 4.96511572e+00
1.84568664e+02 4.42466567e+00
1.84601464e+02 4.08533277e+00
1.84633505e+02 3.77440388e+00
1.84665546e+02 3.48686986e+00
1.84689576e+02 3.28812841e+00
1.84713607e+02 3.10488739e+00
1.84742137e+02 2.90846832e+00
1.84767157e+02 2.75581186e+00
1.84792176e+02 2.62195588e+00
1.84817196e+02 2.50720204e+00
1.84842215e+02 2.41169892e+00
1.84860980e+02 2.35271159e+00
1.84879745e+02 2.30450806e+00
1.84898509e+02 2.26699781e+00
1.84917274e+02 2.24005091e+00
1.84931733e+02 2.22638852e+00
1.84954424e+02 2.21716922e+00
1.84977115e+02 2.22250942e+00
1.84999806e+02 2.24192281e+00
1.85022497e+02 2.27485386e+00
1.85045188e+02 2.32068111e+00
1.85067880e+02 2.37871859e+00
1.85090571e+02 2.44821854e+00
1.85122868e+02 2.56530814e+00
1.85151686e+02 2.68595005e+00
1.85190111e+02 2.86702512e+00
1.85228536e+02 3.06664213e+00
1.85294368e+02 3.43633201e+00
1.85376589e+02 3.90930896e+00
1.85431403e+02 4.20571240e+00
1.85472514e+02 4.40660336e+00
1.85511098e+02 4.57229492e+00
1.85548418e+02 4.70717792e+00
1.85585739e+02 4.81363750e+00
1.85623059e+02 4.88899475e+00
1.85660379e+02 4.93139106e+00
1.85685260e+02 4.94082160e+00
1.85724256e+02 4.92510666e+00
1.85763253e+02 4.87277189e+00
1.85802249e+02 4.78544284e+00
1.85841246e+02 4.66568165e+00
1.85880243e+02 4.51686150e+00
1.85919239e+02 4.34301414e+00
1.85971235e+02 4.08013277e+00
1.86023230e+02 3.79223571e+00
1.86169687e+02 2.94383267e+00
1.86215330e+02 2.69301701e+00
1.86260973e+02 2.45751884e+00
1.86296216e+02 2.28829517e+00
1.86333479e+02 2.12261245e+00
1.86370742e+02 1.97125808e+00
1.86408005e+02 1.83450902e+00
1.86445269e+02 1.71223749e+00
1.86482532e+02 1.60397770e+00
1.86510271e+02 1.53205660e+00
1.86538010e+02 1.46711835e+00
1.86565749e+02 1.40873926e+00
1.86593488e+02 1.35646494e+00
1.86635097e+02 1.28846544e+00
1.86676705e+02 1.23153602e+00
1.86718314e+02 1.18412385e+00
1.86759922e+02 1.14478471e+00
1.86801531e+02 1.11222231e+00
1.86843140e+02 1.08530993e+00
1.86898618e+02 1.05659617e+00
1.86963182e+02 1.03136271e+00
1.87036833e+02 1.01085990e+00
1.87110483e+02 9.97163528e-01
1.87184134e+02 9.88715072e-01
1.87301882e+02 9.82774093e-01
1.87637029e+02 9.78875067e-01
1.87729408e+02 9.80463868e-01
1.87798693e+02 9.87839140e-01
1.87844882e+02 9.98298016e-01
1.87891072e+02 1.01534752e+00
1.87931285e+02 1.03730152e+00
1.87965522e+02 1.06254661e+00
1.87999758e+02 1.09506604e+00
1.88025435e+02 1.12500856e+00
1.88051113e+02 1.16036856e+00
1.88076790e+02 1.20178272e+00
1.88102468e+02 1.24992995e+00
1.88128145e+02 1.30553389e+00
1.88153822e+02 1.36936470e+00
1.88179500e+02 1.44224226e+00
1.88199222e+02 1.50490525e+00
1.88221548e+02 1.58342737e+00
1.88243875e+02 1.67061591e+00
1.88266201e+02 1.76713934e+00
1.88288527e+02 1.87370078e+00
1.88310853e+02 1.99103891e+00
1.88333180e+02 2.11992847e+00
1.88355506e+02 2.26117976e+00
1.88375937e+02 2.40199803e+00
1.88394474e+02 2.53989342e+00
1.88413011e+02 2.68796920e+00
1.88431548e+02 2.84676012e+00
1.88459353e+02 3.10623859e+00
1.88487159e+02 3.39295730e+00
1.88514964e+02 3.70884800e+00
1.88539184e+02 4.00930042e+00
1.88563404e+02 4.33464715e+00
1.88587624e+02 4.68614726e+00
1.88611844e+02 5.06500872e+00
1.88636064e+02 5.47237518e+00
1.88659582e+02 5.89620959e+00
1.88682749e+02 6.34178982e+00
1.88705916e+02 6.81591797e+00
1.88736806e+02 7.49338926e+00
1.88767695e+02 8.22328370e+00
1.88798856e+02 9.01275698e+00
1.88830016e+02 9.85488976e+00
1.88861176e+02 1.07479925e+01
1.88902770e+02 1.20146724e+01
1.88944503e+02 1.33621688e+01
1.89007104e+02 1.54964321e+01
1.89132260e+02 1.99187922e+01
1.89180919e+02 2.15753602e+01
1.89229578e+02 2.31246454e+01
1.89269516e+02 2.42813605e+01
1.89316338e+02 2.54676094e+01
1.89347554e+02 2.61381759e+01
1.89378769e+02 2.67004043e+01
1.89409984e+02 2.71454726e+01
1.89441199e+02 2.74662094e+01
1.89472414e+02 2.76572984e+01
1.89503629e+02 2.77154248e+01
1.89545089e+02 2.75852613e+01
1.89586548e+02 2.72215860e+01
1.89628007e+02 2.66338238e+01
1.89669466e+02 2.58374336e+01
1.89710926e+02 2.48531681e+01
1.89752385e+02 2.37061320e+01
1.89780024e+02 2.28649004e+01
1.89835303e+02 2.10390292e+01
1.89904402e+02 1.85826180e+01
1.90014327e+02 1.45948697e+01
1.90065676e+02 1.28123544e+01
1.90113423e+02 1.12468373e+01
1.90144054e+02 1.02996750e+01
1.90174685e+02 9.40227101e+00
1.90205316e+02 8.55764308e+00
1.90234522e+02 7.80328030e+00
1.90263728e+02 7.09958328e+00
1.90292933e+02 6.44672551e+00
1.90314838e+02 5.99019051e+00
1.90335355e+02 5.58791072e+00
1.90361788e+02 5.10506402e+00
1.90388221e+02 4.66094453e+00
1.90408045e+02 4.35240928e+00
1.90427870e+02 4.06417387e+00
1.90452750e+02 3.73003113e+00
1.90477631e+02 3.42521324e+00
1.90502512e+02 3.14815745e+00
1.90527393e+02 2.89727242e+00
1.90552274e+02 2.67096359e+00
1.90571505e+02 2.51187814e+00
1.90593381e+02 2.34671842e+00
1.90615258e+02 2.19739890e+00
1.90637134e+02 2.06294098e+00
1.90659010e+02 1.94241061e+00
1.90680886e+02 1.83492797e+00
1.90702762e+02 1.73967001e+00
1.90724638e+02 1.65587581e+00
1.90747142e+02 1.58090434e+00
1.90770275e+02 1.51499999e+00
1.90793407e+02 1.45976351e+00
1.90816540e+02 1.41463436e+00
1.90839673e+02 1.37914665e+00
1.90862805e+02 1.35293137e+00
1.90885938e+02 1.33571849e+00
1.90909070e+02 1.32733890e+00
1.90920637e+02 1.32643677e+00
1.90943157e+02 1.33097519e+00
1.90965677e+02 1.34391035e+00
1.90988197e+02 1.36542108e+00
1.91010717e+02 1.39578371e+00
1.91033238e+02 1.43537326e+00
1.91055758e+02 1.48466445e+00
1.91078278e+02 1.54423271e+00
1.91100798e+02 1.61475302e+00
1.91123319e+02 1.69700296e+00
1.91145839e+02 1.79185744e+00
1.91160852e+02 1.86257308e+00
1.91179404e+02 1.95875627e+00
1.91197956e+02 2.06525637e+00
1.91216508e+02 2.18274251e+00
1.91235060e+02 2.31192222e+00
1.91253612e+02 2.45353932e+00
1.91272164e+02 2.60837068e+00
1.91290716e+02 2.77722261e+00
1.91309268e+02 2.96092646e+00
1.91331847e+02 3.20578508e+00
1.91354427e+02 3.47546980e+00
1.91377006e+02 3.77155865e+00
1.91399586e+02 4.09562402e+00
1.91422165e+02 4.44921727e+00
1.91441932e+02 4.78418246e+00
1.91466413e+02 5.23341996e+00
1.91490893e+02 5.72229526e+00
1.91515374e+02 6.25233230e+00
1.91541356e+02 6.86133299e+00
1.91568838e+02 7.55890528e+00
1.91596321e+02 8.31227329e+00
1.91623804e+02 9.12178925e+00
1.91651350e+02 9.98919284e+00
1.91678961e+02 1.09137892e+01
1.91706571e+02 1.18917010e+01
1.91747986e+02 1.34521167e+01
1.91796426e+02 1.54026820e+01
1.91844865e+02 1.74595483e+01
1.91992059e+02 2.39158083e+01
1.92038020e+02 2.58260078e+01
1.92078653e+02 2.74005422e+01
1.92113958e+02 2.86524149e+01
1.92149263e+02 2.97725751e+01
1.92184568e+02 3.07402509e+01
1.92219874e+02 3.15370267e+01
1.92255179e+02 3.21474308e+01
1.92290484e+02 3.25594617e+01
1.92325789e+02 3.27649846e+01
1.92343442e+02 3.27888930e+01
1.92379019e+02 3.26768532e+01
1.92414596e+02 3.23532012e+01
1.92450173e+02 3.18248135e+01
1.92485750e+02 3.11026851e+01
1.92521327e+02 3.02015468e+01
1.92556904e+02 2.91393849e+01
1.92592481e+02 2.79368433e+01
1.92628058e+02 2.66165726e+01
1.92676302e+02 2.46810748e+01
1.92760729e+02 2.10626111e+01
1.92836925e+02 1.77645870e+01
1.92884600e+02 1.57788427e+01
1.92932274e+02 1.39006775e+01
1.92961997e+02 1.27979185e+01
1.92989660e+02 1.18248559e+01
1.93017322e+02 1.09068125e+01
1.93044985e+02 1.00464293e+01
1.93073239e+02 9.22899062e+00
1.93102087e+02 8.45944803e+00
1.93123723e+02 7.92558471e+00
1.93145358e+02 7.42864867e+00
1.93166993e+02 6.96823156e+00
1.93193465e+02 6.45368956e+00
1.93212724e+02 6.11230137e+00
1.93231984e+02 5.79794703e+00
1.93251243e+02 5.50988652e+00
1.93270502e+02 5.24731103e+00
1.93289761e+02 5.00936455e+00
1.93309021e+02 4.79514376e+00
1.93328280e+02 4.60371788e+00
1.93353148e+02 4.38870730e+00
1.93378017e+02 4.20801307e+00
1.93402885e+02 4.05952805e+00
1.93427753e+02 3.94115173e+00
1.93452621e+02 3.85080826e+00
1.93472550e+02 3.79726913e+00
1.93495828e+02 3.75449833e+00
1.93519106e+02 3.73151224e+00
1.93536565e+02 3.72632393e+00
1.93565663e+02 3.73875659e+00
1.93600581e+02 3.78498593e+00
1.93635498e+02 3.86097594e+00
1.93670416e+02 3.96231178e+00
1.93693694e+02 4.04187876e+00
1.93740251e+02 4.22454644e+00
1.93786807e+02 4.43121106e+00
1.93867695e+02 4.82311060e+00
1.93970686e+02 5.33044967e+00
1.94039348e+02 5.64400672e+00
1.94108009e+02 5.92036708e+00
1.94159505e+02 6.09701455e+00
1.94211001e+02 6.24445460e+00
1.94262497e+02 6.36153978e+00
1.94313993e+02 6.44836098e+00
1.94382654e+02 6.51901862e+00
1.94452967e+02 6.54214369e+00
1.94528488e+02 6.51739416e+00
1.94590988e+02 6.46178563e+00
1.94653488e+02 6.37615450e+00
1.94715988e+02 6.26058695e+00
1.94778488e+02 6.11385372e+00
1.94840989e+02 5.93397940e+00
1.94903489e+02 5.71906181e+00
1.94965989e+02 5.46817961e+00
1.95028489e+02 5.18220179e+00
1.95085345e+02 4.89422277e+00
1.95157390e+02 4.49817458e+00
1.95283469e+02 3.75840147e+00
1.95361055e+02 3.30440237e+00
1.95408160e+02 3.04003410e+00
1.95455264e+02 2.78930398e+00
1.95502369e+02 2.55582665e+00
1.95540828e+02 2.38007813e+00
1.95570641e+02 2.25392821e+00
1.95600455e+02 2.13709373e+00
1.95630268e+02 2.02991023e+00
1.95660081e+02 1.93260554e+00
1.95689895e+02 1.84530792e+00
1.95719708e+02 1.76806034e+00
1.95749521e+02 1.70083212e+00
1.95774713e+02 1.65177259e+00
1.95805569e+02 1.60123528e+00
1.95836424e+02 1.56105939e+00
1.95867279e+02 1.53107121e+00
1.95898134e+02 1.51110721e+00
1.95928990e+02 1.50103248e+00
1.95946080e+02 1.49967284e+00
1.95980260e+02 1.50594499e+00
1.96014441e+02 1.52423125e+00
1.96048621e+02 1.55466573e+00
1.96082801e+02 1.59751022e+00
1.96108436e+02 1.63801907e+00
1.96134071e+02 1.68594018e+00
1.96159706e+02 1.74152582e+00
1.96185342e+02 1.80506224e+00
1.96216813e+02 1.89440509e+00
1.96245577e+02 1.98749545e+00
1.96274340e+02 2.09202931e+00
1.96303103e+02 2.20851976e+00
1.96331867e+02 2.33746577e+00
1.96360630e+02 2.47933525e+00
1.96389394e+02 2.63454033e+00
1.96418157e+02 2.80341649e+00
1.96454227e+02 3.03486304e+00
1.96486760e+02 3.26252186e+00
1.96519293e+02 3.50799514e+00
1.96551826e+02 3.77087940e+00
1.96584359e+02 4.05045445e+00
1.96629824e+02 4.46705007e+00
1.96677377e+02 4.93096039e+00
1.96748707e+02 5.66688350e+00
1.96888915e+02 7.14892345e+00
1.96950685e+02 7.76132615e+00
1.96997012e+02 8.18290771e+00
1.97043340e+02 8.56131397e+00
1.97087630e+02 8.87469473e+00
1.97131921e+02 9.13427306e+00
1.97176211e+02 9.33510431e+00
1.97220502e+02 9.47387409e+00
1.97264792e+02 9.54900971e+00
1.97296902e+02 9.56373231e+00
1.97348942e+02 9.51851060e+00
1.97400982e+02 9.39256664e+00
1.97453022e+02 9.19365081e+00
1.97505062e+02 8.93157487e+00
1.97557103e+02 8.61757666e+00
1.97626489e+02 8.13893213e+00
1.97730570e+02 7.35008175e+00
1.97834650e+02 6.55267409e+00
1.97902845e+02 6.05860487e+00
1.97971039e+02 5.60283296e+00
1.98016503e+02 5.32438637e+00
1.98061966e+02 5.06782829e+00
1.98107429e+02 4.83359017e+00
1.98152893e+02 4.62140195e+00
1.98198356e+02 4.43040925e+00
1.98247455e+02 4.24642400e+00
1.98296553e+02 4.08353362e+00
1.98345652e+02 3.93938498e+00
1.98419300e+02 3.75298117e+00
1.98492948e+02 3.59554474e+00
1.98566596e+02 3.46092433e+00
1.98640244e+02 3.34561141e+00
1.98713892e+02 3.24974188e+00
1.98762991e+02 3.19877142e+00
1.98812089e+02 3.16123640e+00
1.98861188e+02 3.14120207e+00
1.98885737e+02 3.13940734e+00
1.98922561e+02 3.14930612e+00
1.98959385e+02 3.17725421e+00
1.98983935e+02 3.20777905e+00
1.99014952e+02 3.26223112e+00
1.99047269e+02 3.34071405e+00
1.99071508e+02 3.41625009e+00
1.99095746e+02 3.50789133e+00
1.99119984e+02 3.61738936e+00
1.99144222e+02 3.74660134e+00
1.99168461e+02 3.89748345e+00
1.99192699e+02 4.07207878e+00
1.99216937e+02 4.27250851e+00
1.99241175e+02 4.50095410e+00
1.99265413e+02 4.75963917e+00
1.99292074e+02 5.08178538e+00
1.99310656e+02 5.33113360e+00
1.99329238e+02 5.60201393e+00
1.99347819e+02 5.89539747e+00
1.99375692e+02 6.37972088e+00
1.99403564e+02 6.91978828e+00
1.99430247e+02 7.49154015e+00
1.99454551e+02 8.06068515e+00
1.99478855e+02 8.67728033e+00
1.99503159e+02 9.34229463e+00
1.99527463e+02 1.00563479e+01
1.99551766e+02 1.08196554e+01
1.99584702e+02 1.19321689e+01
1.99617637e+02 1.31326197e+01
1.99650573e+02 1.44171798e+01
1.99683508e+02 1.57800603e+01
1.99732055e+02 1.79147214e+01
1.99780602e+02 2.01688396e+01
1.99916591e+02 2.67213786e+01
1.99968404e+02 2.91171144e+01
2.00020217e+02 3.13365341e+01
2.00070047e+02 3.32308295e+01
2.00103267e+02 3.43294494e+01
2.00136487e+02 3.52758738e+01
2.00169707e+02 3.60546194e+01
2.00202927e+02 3.66527852e+01
2.00236147e+02 3.70604009e+01
2.00269368e+02 3.72707299e+01
2.00285978e+02 3.73007389e+01
2.00322752e+02 3.71884740e+01
2.00359526e+02 3.68330102e+01
2.00396300e+02 3.62425129e+01
2.00433074e+02 3.54300913e+01
2.00469848e+02 3.44133587e+01
2.00506622e+02 3.32138506e+01
2.00543396e+02 3.18563300e+01
2.00580171e+02 3.03680146e+01
2.00627709e+02 2.82972553e+01
2.00787958e+02 2.08979853e+01
2.00840854e+02 1.85814134e+01
2.00876119e+02 1.71313711e+01
2.00911384e+02 1.57750867e+01
2.00939609e+02 1.47657440e+01
2.00967835e+02 1.38300386e+01
2.00996061e+02 1.29722365e+01
2.01024286e+02 1.21955848e+01
2.01052512e+02 1.15023210e+01
2.01072647e+02 1.10594895e+01
2.01094100e+02 1.06353133e+01
2.01115552e+02 1.02602314e+01
2.01137005e+02 9.93391375e+00
2.01158458e+02 9.65577325e+00
2.01179911e+02 9.42497670e+00
2.01201363e+02 9.24046303e+00
2.01222816e+02 9.10095066e+00
2.01248116e+02 8.99221572e+00
2.01269976e+02 8.94487465e+00
2.01284550e+02 8.93628847e+00
2.01306410e+02 8.95628288e+00
2.01335558e+02 9.04071324e+00
2.01364705e+02 9.18579311e+00
2.01393852e+02 9.38525176e+00
2.01423000e+02 9.63244089e+00
2.01466720e+02 1.00773926e+01
2.01509549e+02 1.05784776e+01
2.01638036e+02 1.22288927e+01
2.01695141e+02 1.29125691e+01
2.01737621e+02 1.33568195e+01
2.01780101e+02 1.37260679e+01
2.01822581e+02 1.40053044e+01
2.01865061e+02 1.41828182e+01
2.01909311e+02 1.42509185e+01
2.01911081e+02 1.42510842e+01
2.01948237e+02 1.42085832e+01
2.01988040e+02 1.40660485e+01
2.02027844e+02 1.38259008e+01
2.02067648e+02 1.34936712e+01
2.02107452e+02 1.30774023e+01
2.02147256e+02 1.25872716e+01
2.02187060e+02 1.20351595e+01
2.02240131e+02 1.12253385e+01
2.02319739e+02 9.91955447e+00
2.02408173e+02 8.45869380e+00
2.02449439e+02 7.80944810e+00
2.02490704e+02 7.19642960e+00
2.02524036e+02 6.73385153e+00
2.02562133e+02 6.24596863e+00
2.02600229e+02 5.80560303e+00
2.02625627e+02 5.53985041e+00
2.02651025e+02 5.29696890e+00
2.02676423e+02 5.07720598e+00
2.02701820e+02 4.88058417e+00
2.02733912e+02 4.66493599e+00
2.02763000e+02 4.50048730e+00
2.02792088e+02 4.36466087e+00
2.02821177e+02 4.25638757e+00
2.02850265e+02 4.17442610e+00
2.02882838e+02 4.11217788e+00
2.02909199e+02 4.08328398e+00
2.02938855e+02 4.07222973e+00
2.02975101e+02 4.08724039e+00
2.03014643e+02 4.13605864e+00
2.03054184e+02 4.21497138e+00
2.03093726e+02 4.32021330e+00
2.03133267e+02 4.44814634e+00
2.03185989e+02 4.64796545e+00
2.03238711e+02 4.87385118e+00
2.03324227e+02 5.27558225e+00
2.03455401e+02 5.90856257e+00
2.03520989e+02 6.19948920e+00
2.03586576e+02 6.45267138e+00
2.03635767e+02 6.60885500e+00
2.03684957e+02 6.72981758e+00
2.03734148e+02 6.81069152e+00
2.03783338e+02 6.84764076e+00
2.03799735e+02 6.84971006e+00
2.03848590e+02 6.82465286e+00
2.03897278e+02 6.75285400e+00
2.03945965e+02 6.63515392e+00
2.03994653e+02 6.47388406e+00
2.04043340e+02 6.27278781e+00
2.04075798e+02 6.11902487e+00
2.04140715e+02 5.77220234e+00
2.04205631e+02 5.38653136e+00
2.04368034e+02 4.36814218e+00
2.04433174e+02 3.98447604e+00
2.04482028e+02 3.72089337e+00
2.04530883e+02 3.48431392e+00
2.04563453e+02 3.34401516e+00
2.04596022e+02 3.21912486e+00
2.04636133e+02 3.08809420e+00
2.04662874e+02 3.01551170e+00
2.04689615e+02 2.95526472e+00
2.04716355e+02 2.90772923e+00
2.04743096e+02 2.87322196e+00
2.04769836e+02 2.85200124e+00
2.04796577e+02 2.84426712e+00
2.04828845e+02 2.85308706e+00
2.04857193e+02 2.87731122e+00
2.04885540e+02 2.91694894e+00
2.04913887e+02 2.97191333e+00
2.04942235e+02 3.04202337e+00
2.04970582e+02 3.12699595e+00
2.04998929e+02 3.22643728e+00
2.05036726e+02 3.38062712e+00
2.05074522e+02 3.55803705e+00
2.05112318e+02 3.75665547e+00
2.05149416e+02 3.96984105e+00
2.05205062e+02 4.31728344e+00
2.05297806e+02 4.94138182e+00
2.05372001e+02 5.44472201e+00
2.05427814e+02 5.80224102e+00
2.05483962e+02 6.12644356e+00
2.05521395e+02 6.31566818e+00
2.05558827e+02 6.47895593e+00
2.05596259e+02 6.61319400e+00
2.05633691e+02 6.71600676e+00
2.05671123e+02 6.78586704e+00
2.05708555e+02 6.82218158e+00
2.05736059e+02 6.82767589e+00
2.05777313e+02 6.80350605e+00
2.05818568e+02 6.74315372e+00
2.05873575e+02 6.61407002e+00
2.05928581e+02 6.44218462e+00
2.06093600e+02 5.84669964e+00
2.06148606e+02 5.68559650e+00
2.06186196e+02 5.60253458e+00
2.06223785e+02 5.54691535e+00
2.06261374e+02 5.52258599e+00
2.06298963e+02 5.53242909e+00
2.06328481e+02 5.56533411e+00
2.06357999e+02 5.62084529e+00
2.06402276e+02 5.74625752e+00
2.06446554e+02 5.92023629e+00
2.06490831e+02 6.13850194e+00
2.06535108e+02 6.39470470e+00
2.06589459e+02 6.74889580e+00
2.06716278e+02 7.64271830e+00
2.06770629e+02 8.00340570e+00
2.06824980e+02 8.31968783e+00
2.06873277e+02 8.54774731e+00
2.06921573e+02 8.71378177e+00
2.06957795e+02 8.79199652e+00
2.07000055e+02 8.82887758e+00
2.07006092e+02 8.82919735e+00
2.07047129e+02 8.79792510e+00
2.07090575e+02 8.70109697e+00
2.07134020e+02 8.54004038e+00
2.07177466e+02 8.31802005e+00
2.07220911e+02 8.04006767e+00
2.07264357e+02 7.71271396e+00
2.07307803e+02 7.34367473e+00
2.07365730e+02 6.80163605e+00
2.07452621e+02 5.92518186e+00
2.07549317e+02 4.93759523e+00
2.07605761e+02 4.38851535e+00
2.07650915e+02 3.97585087e+00
2.07682098e+02 3.70803859e+00
2.07721884e+02 3.38950198e+00
2.07751725e+02 3.16912171e+00
2.07781565e+02 2.96562905e+00
2.07811405e+02 2.77974960e+00
2.07834766e+02 2.64690313e+00
2.07861595e+02 2.50839374e+00
2.07888423e+02 2.38518936e+00
2.07915252e+02 2.27753855e+00
2.07942081e+02 2.18566566e+00
2.07968910e+02 2.10978813e+00
2.07995738e+02 2.05013744e+00
2.08015860e+02 2.01620404e+00
2.08035982e+02 1.99167286e+00
2.08057180e+02 1.97616220e+00
2.08078379e+02 1.97145427e+00
2.08092512e+02 1.97443266e+00
2.08117455e+02 1.99190918e+00
2.08136162e+02 2.01551302e+00
2.08154869e+02 2.04838693e+00
2.08173576e+02 2.09081093e+00
2.08192283e+02 2.14310013e+00
2.08210990e+02 2.20560675e+00
2.08229697e+02 2.27872092e+00
2.08248405e+02 2.36287520e+00
2.08267112e+02 2.45854323e+00
2.08285819e+02 2.56624436e+00
2.08302053e+02 2.66989835e+00
2.08322051e+02 2.81120920e+00
2.08342048e+02 2.96831975e+00
2.08362045e+02 3.14209244e+00
2.08382042e+02 3.33345605e+00
2.08402040e+02 3.54340027e+00
2.08422037e+02 3.77297825e+00
2.08442034e+02 4.02330415e+00
2.08466625e+02 4.36131697e+00
2.08488514e+02 4.69193077e+00
2.08510403e+02 5.05232190e+00
2.08532292e+02 5.44424706e+00
2.08554181e+02 5.86951427e+00
2.08575820e+02 6.32451365e+00
2.08596961e+02 6.80396033e+00
2.08618101e+02 7.31963983e+00
2.08639241e+02 7.87322669e+00
2.08660382e+02 8.46636330e+00
2.08681522e+02 9.10063568e+00
2.08703041e+02 9.79009646e+00
2.08724560e+02 1.05252392e+01
2.08753253e+02 1.15787999e+01
2.08781945e+02 1.27186727e+01
2.08812877e+02 1.40465394e+01
2.08837756e+02 1.51901290e+01
2.08870928e+02 1.68200354e+01
2.08904100e+02 1.85687927e+01
2.08928978e+02 1.99563402e+01
2.08962403e+02 2.19184622e+01
2.08995827e+02 2.39853215e+01
2.09045964e+02 2.72572198e+01
2.09106066e+02 3.13860657e+01
2.09236238e+02 4.05406462e+01
2.09294092e+02 4.43859181e+01
2.09333775e+02 4.68282172e+01
2.09373459e+02 4.90537275e+01
2.09413142e+02 5.10144418e+01
2.09452826e+02 5.26662639e+01
2.09492509e+02 5.39707233e+01
2.09532193e+02 5.48964961e+01
2.09571876e+02 5.54207291e+01
2.09611559e+02 5.55300272e+01
2.09653088e+02 5.51966093e+01
2.09694616e+02 5.44134870e+01
2.09736144e+02 5.32009513e+01
2.09777673e+02 5.15905094e+01
2.09819201e+02 4.96235667e+01
2.09860729e+02 4.73497296e+01
2.09888415e+02 4.56906911e+01
2.09943786e+02 4.21083921e+01
2.10040686e+02 3.53699994e+01
2.10123471e+02 2.96157124e+01
2.10175178e+02 2.62137804e+01
2.10207727e+02 2.41917994e+01
2.10238355e+02 2.23902966e+01
2.10268983e+02 2.06974108e+01
2.10299611e+02 1.91212713e+01
2.10332225e+02 1.75780545e+01
2.10358174e+02 1.64529145e+01
2.10384123e+02 1.54203597e+01
2.10410072e+02 1.44808914e+01
2.10436021e+02 1.36342306e+01
2.10453320e+02 1.31208944e+01
2.10477128e+02 1.24803428e+01
2.10500937e+02 1.19147712e+01
2.10524745e+02 1.14223441e+01
2.10548553e+02 1.10009314e+01
2.10572361e+02 1.06481533e+01
2.10596169e+02 1.03614209e+01
2.10619977e+02 1.01379727e+01
2.10643785e+02 9.97490620e+00
2.10668776e+02 9.86539268e+00
2.10697931e+02 9.81270006e+00
2.10702097e+02 9.81145425e+00
2.10727087e+02 9.83525862e+00
2.10752078e+02 9.90993934e+00
2.10777068e+02 1.00316481e+01
2.10810389e+02 1.02603328e+01
2.10843710e+02 1.05562999e+01
2.10877030e+02 1.09100219e+01
2.10926357e+02 1.15190581e+01
2.10974374e+02 1.21827836e+01
2.11102420e+02 1.40665603e+01
2.11166443e+02 1.49401235e+01
2.11212571e+02 1.54910492e+01
2.11258699e+02 1.59520790e+01
2.11304828e+02 1.63051307e+01
2.11350956e+02 1.65358950e+01
2.11397084e+02 1.66344194e+01
2.11412460e+02 1.66368344e+01
2.11454358e+02 1.65653567e+01
2.11496257e+02 1.63807924e+01
2.11538156e+02 1.60873273e+01
2.11580054e+02 1.56922325e+01
2.11621953e+02 1.52055159e+01
2.11663852e+02 1.46394680e+01
2.11719717e+02 1.37857755e+01
2.11775581e+02 1.28523178e+01
2.11912980e+02 1.04493652e+01
2.11966582e+02 9.55122218e+00
2.12020184e+02 8.71153213e+00
2.12060385e+02 8.13050996e+00
2.12092581e+02 7.69937012e+00
2.12130173e+02 7.23720536e+00
2.12167765e+02 6.82125858e+00
2.12205357e+02 6.45242307e+00
2.12242948e+02 6.13070851e+00
2.12280540e+02 5.85541375e+00
2.12318132e+02 5.62531394e+00
2.12355724e+02 5.43883998e+00
2.12389438e+02 5.30728479e+00
2.12419276e+02 5.21795292e+00
2.12449113e+02 5.15319884e+00
2.12478951e+02 5.11227927e+00
2.12513051e+02 5.09389392e+00
2.12551413e+02 5.10853708e+00
2.12589776e+02 5.15994568e+00
2.12628138e+02 5.24783094e+00
2.12666501e+02 5.37225016e+00
2.12704863e+02 5.53352705e+00
2.12743225e+02 5.73214376e+00
2.12781588e+02 5.96859974e+00
2.12817808e+02 6.22691036e+00
2.12851886e+02 6.50109339e+00
2.12885964e+02 6.80522260e+00
2.12920042e+02 7.13865867e+00
2.12971159e+02 7.69118056e+00
2.13022276e+02 8.30088476e+00
2.13073392e+02 8.95847425e+00
2.13142034e+02 9.89416944e+00
2.13244997e+02 1.13266397e+01
2.13313638e+02 1.22279202e+01
2.13364572e+02 1.28307344e+01
2.13414409e+02 1.33423682e+01
2.13464246e+02 1.37573267e+01
2.13514083e+02 1.40590479e+01
2.13547307e+02 1.41906880e+01
2.13588838e+02 1.42719915e+01
2.13605451e+02 1.42778521e+01
2.13644528e+02 1.42306598e+01
2.13690685e+02 1.40649058e+01
2.13736841e+02 1.37830948e+01
2.13782998e+02 1.33918322e+01
2.13829155e+02 1.29008659e+01
2.13875312e+02 1.23225840e+01
2.13921468e+02 1.16714228e+01
2.13983010e+02 1.07172810e+01
2.14075324e+02 9.18131506e+00
2.14161582e+02 7.73136741e+00
2.14217069e+02 6.83414752e+00
2.14270653e+02 6.01527164e+00
2.14303839e+02 5.53736689e+00
2.14337024e+02 5.08464100e+00
2.14370210e+02 4.65877162e+00
2.14404343e+02 4.24995419e+00
2.14439424e+02 3.86135625e+00
2.14465735e+02 3.59103210e+00
2.14492046e+02 3.33869887e+00
2.14518357e+02 3.10409508e+00
2.14548532e+02 2.85635757e+00
2.14569936e+02 2.69403998e+00
2.14591341e+02 2.54249554e+00
2.14612745e+02 2.40137119e+00
2.14634150e+02 2.27028326e+00
2.14655554e+02 2.14882817e+00
2.14676959e+02 2.03658266e+00
2.14706889e+02 1.89424663e+00
2.14732465e+02 1.78529669e+00
2.14758041e+02 1.68722775e+00
2.14783617e+02 1.59928080e+00
2.14809194e+02 1.52070789e+00
2.14834770e+02 1.45077892e+00
2.14860346e+02 1.38878588e+00
2.14885922e+02 1.33404895e+00
2.14911498e+02 1.28591888e+00
2.14937075e+02 1.24377991e+00
2.14971176e+02 1.19591633e+00
2.15000507e+02 1.16147174e+00
2.15029838e+02 1.13246040e+00
2.15073834e+02 1.09766657e+00
2.15117830e+02 1.07156743e+00
2.15161826e+02 1.05244562e+00
2.15205822e+02 1.03886794e+00
2.15255912e+02 1.02867770e+00
2.15331048e+02 1.02117472e+00
2.15381139e+02 1.02003628e+00
2.15456274e+02 1.02283548e+00
2.15531410e+02 1.03065361e+00
2.15606546e+02 1.04422886e+00
2.15681682e+02 1.06547737e+00
2.15731772e+02 1.08534040e+00
2.15781863e+02 1.11104521e+00
2.15831953e+02 1.14387963e+00
2.15882044e+02 1.18526788e+00
2.15919612e+02 1.22283792e+00
2.15957179e+02 1.26674485e+00
2.15994747e+02 1.31766495e+00
2.16026582e+02 1.36680322e+00
2.16065208e+02 1.43440218e+00
2.16103833e+02 1.51138469e+00
2.16142458e+02 1.59837045e+00
2.16181083e+02 1.69590134e+00
2.16219708e+02 1.80441879e+00
2.16258333e+02 1.92423949e+00
2.16296958e+02 2.05553025e+00
2.16341777e+02 2.22222892e+00
2.16367283e+02 2.32386356e+00
2.16418296e+02 2.54125321e+00
2.16469309e+02 2.77608591e+00
2.16536729e+02 3.10905383e+00
2.16635175e+02 3.62555412e+00
2.16750029e+02 4.23107704e+00
2.16805522e+02 4.50550983e+00
2.16850878e+02 4.71277927e+00
2.16896233e+02 4.89965551e+00
2.16941589e+02 5.06162988e+00
2.16986944e+02 5.19459007e+00
2.17032299e+02 5.29499926e+00
2.17077655e+02 5.36006332e+00
2.17123010e+02 5.38786876e+00
2.17134349e+02 5.38886689e+00
2.17175174e+02 5.37262411e+00
2.17219404e+02 5.32032102e+00
2.17263633e+02 5.23312329e+00
2.17307862e+02 5.11315057e+00
2.17352092e+02 4.96334287e+00
2.17381578e+02 4.84866811e+00
2.17440550e+02 4.58931617e+00
2.17499523e+02 4.29893972e+00
2.17587981e+02 3.82971717e+00
2.17696337e+02 3.24705502e+00
2.17748916e+02 2.97672896e+00
2.17801495e+02 2.72108475e+00
2.17843869e+02 2.52801451e+00
2.17892121e+02 2.32379405e+00
2.17940373e+02 2.13704031e+00
2.17988625e+02 1.96790235e+00
2.18036878e+02 1.81592605e+00
2.18069046e+02 1.72370769e+00
2.18106768e+02 1.62429795e+00
2.18150046e+02 1.52106995e+00
2.18193324e+02 1.42842329e+00
2.18236601e+02 1.34533552e+00
2.18279879e+02 1.27084222e+00
2.18323156e+02 1.20408144e+00
2.18366434e+02 1.14432501e+00
2.18409712e+02 1.09099732e+00
2.18454724e+02 1.04190792e+00
2.18501471e+02 9.97511673e-01
2.18548219e+02 9.59713185e-01
2.18594966e+02 9.28587447e-01
2.18641713e+02 9.04380806e-01
2.18676773e+02 8.91002431e-01
2.18711834e+02 8.81960945e-01
2.18746894e+02 8.77521813e-01
2.18758581e+02 8.77116935e-01
2.18793642e+02 8.79301946e-01
2.18824149e+02 8.85575892e-01
2.18861788e+02 8.99347962e-01
2.18890018e+02 9.14369730e-01
2.18918249e+02 9.33710985e-01
2.18946479e+02 9.57666886e-01
2.18974709e+02 9.86560268e-01
2.19002939e+02 1.02074301e+00
2.19031169e+02 1.06059822e+00
2.19059399e+02 1.10654113e+00
2.19087629e+02 1.15901993e+00
2.19118890e+02 1.22534360e+00
2.19143773e+02 1.28475087e+00
2.19168656e+02 1.35042743e+00
2.19193539e+02 1.42276441e+00
2.19218423e+02 1.50216913e+00
2.19243305e+02 1.58906054e+00
2.19268189e+02 1.68386856e+00
2.19293072e+02 1.78702753e+00
2.19315741e+02 1.88864636e+00
2.19346423e+02 2.03838668e+00
2.19377106e+02 2.20288041e+00
2.19407788e+02 2.38288084e+00
2.19438471e+02 2.57908194e+00
2.19469153e+02 2.79209636e+00
2.19496224e+02 2.99440578e+00
2.19523295e+02 3.21046738e+00
2.19559389e+02 3.52023006e+00
2.19595483e+02 3.85486659e+00
2.19631939e+02 4.21784065e+00
2.19668757e+02 4.60918340e+00
2.19705574e+02 5.02419402e+00
2.19760800e+02 5.68707904e+00
2.19814855e+02 6.37555370e+00
2.19904947e+02 7.58075541e+00
2.20013058e+02 9.04291078e+00
2.20075026e+02 9.84194290e+00
2.20126890e+02 1.04650110e+01
2.20178754e+02 1.10307144e+01
2.20230618e+02 1.15254710e+01
2.20282481e+02 1.19374993e+01
2.20334345e+02 1.22573640e+01
2.20373243e+02 1.24326583e+01
2.20412140e+02 1.25506050e+01
2.20451038e+02 1.26105129e+01
2.20464004e+02 1.26176101e+01
2.20513322e+02 1.25867205e+01
2.20562640e+02 1.24671593e+01
2.20611958e+02 1.22647330e+01
2.20661276e+02 1.19872319e+01
2.20710594e+02 1.16440587e+01
2.20759912e+02 1.12458136e+01
2.20825669e+02 1.06488429e+01
2.20924305e+02 9.66801726e+00
2.21030636e+02 8.58591259e+00
2.21111784e+02 7.79925994e+00
2.21172644e+02 7.25256072e+00
2.21233505e+02 6.75281908e+00
2.21294365e+02 6.30509981e+00
2.21336090e+02 6.02926303e+00
2.21378966e+02 5.77200571e+00
2.21421842e+02 5.54047462e+00
2.21464718e+02 5.33336288e+00
2.21507594e+02 5.14900966e+00
2.21571908e+02 4.91102852e+00
2.21636222e+02 4.71353830e+00
2.21700536e+02 4.55075394e+00
2.21764850e+02 4.41856109e+00
2.21829164e+02 4.31532970e+00
2.21893478e+02 4.24250905e+00
2.21936354e+02 4.21310944e+00
2.21979230e+02 4.20159814e+00
2.22027382e+02 4.21365571e+00
2.22067452e+02 4.24729951e+00
2.22107522e+02 4.30587543e+00
2.22141897e+02 4.37867614e+00
2.22176272e+02 4.47475183e+00
2.22210646e+02 4.59644306e+00
2.22245021e+02 4.74603891e+00
2.22279395e+02 4.92570619e+00
2.22313770e+02 5.13741039e+00
2.22348145e+02 5.38283898e+00
2.22382519e+02 5.66332181e+00
2.22411567e+02 5.92834618e+00
2.22440615e+02 6.21931676e+00
2.22469662e+02 6.53621252e+00
2.22513234e+02 7.05935202e+00
2.22556806e+02 7.63748228e+00
2.22600378e+02 8.26631708e+00
2.22651513e+02 9.06068615e+00
2.22724738e+02 1.02787630e+01
2.22889493e+02 1.31181169e+01
2.22955574e+02 1.41794200e+01
2.23003350e+02 1.48817197e+01
2.23051125e+02 1.55142160e+01
2.23098901e+02 1.60665163e+01
2.23146677e+02 1.65319435e+01
2.23194452e+02 1.69081982e+01
2.23242228e+02 1.71978895e+01
2.23290003e+02 1.74088792e+01
2.23360610e+02 1.76061182e+01
2.23501823e+02 1.78541046e+01
2.23548894e+02 1.79963493e+01
2.23595965e+02 1.82236698e+01
2.23643036e+02 1.85717097e+01
2.23682011e+02 1.89766648e+01
2.23712892e+02 1.93865206e+01
2.23743772e+02 1.98850501e+01
2.23774652e+02 2.04806939e+01
2.23805532e+02 2.11810020e+01
2.23836412e+02 2.19924434e+01
2.23867293e+02 2.29202229e+01
2.23898173e+02 2.39681079e+01
2.23937873e+02 2.54950520e+01
2.23974263e+02 2.70724778e+01
2.24010654e+02 2.88164409e+01
2.24047044e+02 3.07196679e+01
2.24083434e+02 3.27709946e+01
2.24125035e+02 3.52780317e+01
2.24177056e+02 3.86138278e+01
2.24281099e+02 4.56812951e+01
2.24350460e+02 5.04114938e+01
2.24408397e+02 5.41837468e+01
2.24454908e+02 5.69986437e+01
2.24501419e+02 5.95528376e+01
2.24547930e+02 6.17867481e+01
2.24594441e+02 6.36484084e+01
2.24640952e+02 6.50951988e+01
2.24687463e+02 6.60952323e+01
2.24733974e+02 6.66282263e+01
2.24757229e+02 6.67165295e+01
2.24792534e+02 6.66235285e+01
2.24827839e+02 6.62602075e+01
2.24880797e+02 6.52253753e+01
2.24933754e+02 6.36389713e+01
2.24986712e+02 6.15559820e+01
2.25039669e+02 5.90444604e+01
2.25092627e+02 5.61827216e+01
2.25145584e+02 5.30564809e+01
2.25322109e+02 4.18939707e+01
2.25377462e+02 3.85290347e+01
2.25432815e+02 3.53940069e+01
2.25474329e+02 3.32432313e+01
2.25515843e+02 3.12978768e+01
2.25557519e+02 2.95769586e+01
2.25585518e+02 2.85616776e+01
2.25613517e+02 2.76652594e+01
2.25641516e+02 2.68911726e+01
2.25669515e+02 2.62416160e+01
2.25697514e+02 2.57174803e+01
2.25725513e+02 2.53183257e+01
2.25753512e+02 2.50423727e+01
2.25779753e+02 2.48928392e+01
2.25804236e+02 2.48452852e+01
2.25840960e+02 2.49319612e+01
2.25877685e+02 2.51941930e+01
2.25914409e+02 2.56131062e+01
2.25951134e+02 2.61668231e+01
2.25987858e+02 2.68309025e+01
2.26061307e+02 2.83827098e+01
2.26159239e+02 3.05802056e+01
2.26224100e+02 3.18783353e+01
2.26272746e+02 3.26678052e+01
2.26321391e+02 3.32433118e+01
2.26370037e+02 3.35650745e+01
2.26402467e+02 3.36241412e+01
2.26448915e+02 3.34798379e+01
2.26494263e+02 3.30735973e+01
2.26539611e+02 3.24081983e+01
2.26584960e+02 3.14954167e+01
2.26630308e+02 3.03548218e+01
2.26675657e+02 2.90125311e+01
2.26721005e+02 2.74997575e+01
2.26781469e+02 2.52778340e+01
2.26857050e+02 2.22936201e+01
2.26975882e+02 1.75105747e+01
2.27030994e+02 1.53870875e+01
2.27080234e+02 1.35910146e+01
2.27111102e+02 1.25245483e+01
2.27141971e+02 1.15091598e+01
2.27181098e+02 1.03004803e+01
2.27214130e+02 9.35126254e+00
2.27247162e+02 8.46878334e+00
2.27271935e+02 7.85100588e+00
2.27296709e+02 7.27085744e+00
2.27319411e+02 6.77191473e+00
2.27348300e+02 6.18142888e+00
2.27369967e+02 5.77048818e+00
2.27391633e+02 5.38618388e+00
2.27413300e+02 5.02777690e+00
2.27436438e+02 4.67271568e+00
2.27460312e+02 4.33525970e+00
2.27484186e+02 4.02597895e+00
2.27508061e+02 3.74364530e+00
2.27531935e+02 3.48702558e+00
2.27554240e+02 3.26940652e+00
2.27573410e+02 3.09870227e+00
2.27592579e+02 2.94242560e+00
2.27611749e+02 2.79997572e+00
2.27630918e+02 2.67076836e+00
2.27650087e+02 2.55424193e+00
2.27669256e+02 2.44985851e+00
2.27688426e+02 2.35710782e+00
2.27707595e+02 2.27550552e+00
2.27726764e+02 2.20459649e+00
2.27745934e+02 2.14395467e+00
2.27762927e+02 2.09846399e+00
2.27784133e+02 2.05218637e+00
2.27805340e+02 2.01713294e+00
2.27826546e+02 1.99288868e+00
2.27851790e+02 1.97760593e+00
2.27866431e+02 1.97529666e+00
2.27888392e+02 1.98059857e+00
2.27910353e+02 1.99616255e+00
2.27932314e+02 2.02173392e+00
2.27954275e+02 2.05709182e+00
2.27976236e+02 2.10204612e+00
2.27998197e+02 2.15643118e+00
2.28027479e+02 2.24337053e+00
2.28056760e+02 2.34652828e+00
2.28082770e+02 2.45155287e+00
2.28116879e+02 2.60807153e+00
2.28150987e+02 2.78555107e+00
2.28185096e+02 2.98355038e+00
2.28219204e+02 3.20154632e+00
2.28253312e+02 3.43889617e+00
2.28286718e+02 3.68935139e+00
2.28320123e+02 3.95669527e+00
2.28364664e+02 4.33749409e+00
2.28409205e+02 4.74315542e+00
2.28466219e+02 5.29245015e+00
2.28553079e+02 6.17259856e+00
2.28674684e+02 7.41707284e+00
2.28734214e+02 7.99416096e+00
2.28783787e+02 8.44136946e+00
2.28833359e+02 8.84757308e+00
2.28882932e+02 9.20328690e+00
2.28932504e+02 9.49994054e+00
2.28982076e+02 9.73025058e+00
2.29031649e+02 9.88858187e+00
2.29081221e+02 9.97126173e+00
2.29106008e+02 9.98368802e+00
2.29149793e+02 9.95867229e+00
2.29193578e+02 9.87504673e+00
2.29237363e+02 9.73580659e+00
2.29281149e+02 9.54551051e+00
2.29339529e+02 9.22310042e+00
2.29397909e+02 8.83936361e+00
2.29573050e+02 7.56448389e+00
2.29627695e+02 7.21718160e+00
2.29664125e+02 7.02301487e+00
2.29700555e+02 6.86852486e+00
2.29736985e+02 6.76222335e+00
2.29764308e+02 6.71926320e+00
2.29782523e+02 6.71012808e+00
2.29809845e+02 6.72832275e+00
2.29837168e+02 6.78791707e+00
2.29864490e+02 6.89235243e+00
2.29890478e+02 7.03634099e+00
2.29916466e+02 7.22667325e+00
2.29942453e+02 7.46597216e+00
2.29968441e+02 7.75669205e+00
2.29994428e+02 8.10109526e+00
2.30020416e+02 8.50121033e+00
2.30046403e+02 8.95880617e+00
2.30072391e+02 9.47535079e+00
2.30100337e+02 1.00979018e+01
2.30128284e+02 1.07908459e+01
2.30156230e+02 1.15545533e+01
2.30184177e+02 1.23887863e+01
2.30212123e+02 1.32926532e+01
2.30237264e+02 1.41639875e+01
2.30268915e+02 1.53366502e+01
2.30300566e+02 1.65894806e+01
2.30332217e+02 1.79167492e+01
2.30368427e+02 1.95173444e+01
2.30409195e+02 2.14091364e+01
2.30470347e+02 2.43790649e+01
2.30593482e+02 3.05113803e+01
2.30648395e+02 3.31411995e+01
2.30703307e+02 3.55990631e+01
2.30748620e+02 3.74457963e+01
2.30802194e+02 3.93624575e+01
2.30837909e+02 4.04544325e+01
2.30873625e+02 4.13821025e+01
2.30909341e+02 4.21349441e+01
2.30945056e+02 4.27052346e+01
2.30980772e+02 4.30881948e+01
2.31025214e+02 4.33006912e+01
2.31033941e+02 4.33081691e+01
2.31068848e+02 4.32273241e+01
2.31121209e+02 4.27834352e+01
2.31173570e+02 4.19761723e+01
2.31225931e+02 4.08409045e+01
2.31278291e+02 3.94202314e+01
2.31330652e+02 3.77615239e+01
2.31400467e+02 3.52657178e+01
2.31470281e+02 3.25529698e+01
2.31653307e+02 2.51918044e+01
2.31715950e+02 2.28017953e+01
2.31778593e+02 2.05610046e+01
2.31825575e+02 1.90013143e+01
2.31866068e+02 1.77515028e+01
2.31906561e+02 1.65964567e+01
2.31947054e+02 1.55418187e+01
2.31987548e+02 1.45920379e+01
2.32028041e+02 1.37503640e+01
2.32057241e+02 1.32117001e+01
2.32088647e+02 1.26967485e+01
2.32120053e+02 1.22485554e+01
2.32151459e+02 1.18666913e+01
2.32182865e+02 1.15502520e+01
2.32214271e+02 1.12978535e+01
2.32245677e+02 1.11076190e+01
2.32277084e+02 1.09771808e+01
2.32306582e+02 1.09065814e+01
2.32334173e+02 1.08835850e+01
2.32375560e+02 1.09213671e+01
2.32416947e+02 1.10372041e+01
2.32458334e+02 1.12202573e+01
2.32513516e+02 1.15483109e+01
2.32568698e+02 1.19446791e+01
2.32679063e+02 1.28174345e+01
2.32763697e+02 1.34360734e+01
2.32822599e+02 1.37850671e+01
2.32881501e+02 1.40396617e+01
2.32925678e+02 1.41590116e+01
2.32977905e+02 1.42155850e+01
2.32985956e+02 1.42160565e+01
2.33034260e+02 1.41733225e+01
2.33082564e+02 1.40557243e+01
2.33130868e+02 1.38702394e+01
2.33195273e+02 1.35342212e+01
2.33259679e+02 1.31225074e+01
2.33485097e+02 1.15072427e+01
2.33562201e+02 1.10151027e+01
2.33639304e+02 1.05848556e+01
2.33716407e+02 1.02117613e+01
2.33947716e+02 9.22575018e+00
2.34024820e+02 8.85468606e+00
2.34101923e+02 8.42853181e+00
2.34172732e+02 7.98226196e+00
2.34243542e+02 7.48545036e+00
2.34314352e+02 6.94685537e+00
2.34535582e+02 5.16210867e+00
2.34591590e+02 4.72930603e+00
2.34647598e+02 4.31927395e+00
2.34703606e+02 3.93746589e+00
2.34751483e+02 3.63638556e+00
2.34799360e+02 3.36015526e+00
2.34847238e+02 3.10932009e+00
2.34895115e+02 2.88363993e+00
2.34942992e+02 2.68220284e+00
2.34989375e+02 2.50881131e+00
2.35035012e+02 2.35749317e+00
2.35080648e+02 2.22353084e+00
2.35126284e+02 2.10510948e+00
2.35171921e+02 2.00047939e+00
2.35217557e+02 1.90806580e+00
2.35263193e+02 1.82656311e+00
2.35308830e+02 1.75501416e+00
2.35354466e+02 1.69286855e+00
2.35400102e+02 1.64002143e+00
2.35445738e+02 1.59683305e+00
2.35490879e+02 1.56442102e+00
2.35536019e+02 1.54348404e+00
2.35573636e+02 1.53594865e+00
2.35581159e+02 1.53562541e+00
2.35611253e+02 1.53859336e+00
2.35641346e+02 1.54886294e+00
2.35671440e+02 1.56710926e+00
2.35700927e+02 1.59339958e+00
2.35729807e+02 1.62786849e+00
2.35758688e+02 1.67159480e+00
2.35787568e+02 1.72518576e+00
2.35816449e+02 1.78921609e+00
2.35845329e+02 1.86421450e+00
2.35874210e+02 1.95064658e+00
2.35903090e+02 2.04890095e+00
2.35929681e+02 2.15007408e+00
2.35966132e+02 2.30571759e+00
2.36002583e+02 2.48104755e+00
2.36039035e+02 2.67582360e+00
2.36075486e+02 2.88941661e+00
2.36111937e+02 3.12077721e+00
2.36153383e+02 3.40351679e+00
2.36194829e+02 3.70439018e+00
2.36256998e+02 4.18154400e+00
2.36383502e+02 5.18640900e+00
2.36436392e+02 5.58963829e+00
2.36489282e+02 5.96421883e+00
2.36541686e+02 6.29466204e+00
2.36594090e+02 6.57316166e+00
2.36629026e+02 6.72502394e+00
2.36663962e+02 6.84696192e+00
2.36698899e+02 6.93704364e+00
2.36733835e+02 6.99387577e+00
2.36768771e+02 7.01663957e+00
2.36811952e+02 6.99742202e+00
2.36855133e+02 6.92671395e+00
2.36898315e+02 6.80673377e+00
2.36941496e+02 6.64096675e+00
2.36984678e+02 6.43401737e+00
2.37027859e+02 6.19141583e+00
2.37085434e+02 5.82332300e+00
2.37143009e+02 5.41887642e+00
2.37301143e+02 4.25073634e+00
2.37348990e+02 3.91309963e+00
2.37396837e+02 3.59439203e+00
2.37435094e+02 3.35627525e+00
2.37478094e+02 3.10865174e+00
2.37521095e+02 2.88369301e+00
2.37564095e+02 2.68212922e+00
2.37592761e+02 2.56076505e+00
2.37621428e+02 2.44962449e+00
2.37650095e+02 2.34841680e+00
2.37687237e+02 2.23140857e+00
2.37724380e+02 2.12935806e+00
2.37761523e+02 2.04103413e+00
2.37798665e+02 1.96508519e+00
2.37835808e+02 1.90009220e+00
2.37872950e+02 1.84461898e+00
2.37928664e+02 1.77618875e+00
2.37984378e+02 1.72155192e+00
2.38058663e+02 1.66343714e+00
2.38170091e+02 1.59348686e+00
2.38402447e+02 1.46561022e+00
2.38521000e+02 1.40568169e+00
2.38600036e+02 1.37079147e+00
2.38679071e+02 1.34179823e+00
2.38758107e+02 1.31966932e+00
2.38837142e+02 1.30460112e+00
2.38938676e+02 1.29461701e+00
2.39000692e+02 1.29269892e+00
2.39124724e+02 1.29496075e+00
2.39372787e+02 1.30858075e+00
2.39496997e+02 1.32106044e+00
2.39559103e+02 1.33226923e+00
2.39621208e+02 1.34961303e+00
2.39674239e+02 1.37148105e+00
2.39727270e+02 1.40222909e+00
2.39767043e+02 1.43272124e+00
2.39806817e+02 1.47101518e+00
2.39846590e+02 1.51855644e+00
2.39886364e+02 1.57693516e+00
2.39926137e+02 1.64788047e+00
2.39952652e+02 1.70307136e+00
2.39979168e+02 1.76525018e+00
2.40005684e+02 1.83501483e+00
2.40032199e+02 1.91297847e+00
2.40059646e+02 2.00298050e+00
2.40088024e+02 2.10671708e+00
2.40116402e+02 2.22207060e+00
2.40144781e+02 2.34979425e+00
2.40173159e+02 2.49061491e+00
2.40201537e+02 2.64522181e+00
2.40229915e+02 2.81424820e+00
2.40258293e+02 2.99825991e+00
2.40293509e+02 3.24815622e+00
2.40325050e+02 3.49274956e+00
2.40356591e+02 3.75728696e+00
2.40388132e+02 4.04183966e+00
2.40419673e+02 4.34622846e+00
2.40461110e+02 4.77546765e+00
2.40501930e+02 5.22920873e+00
2.40542750e+02 5.71092830e+00
2.40603981e+02 6.47774891e+00
2.40696552e+02 7.70292377e+00
2.40789124e+02 8.93803688e+00
2.40850838e+02 9.72090762e+00
2.40894466e+02 1.02354206e+01
2.40938095e+02 1.07055619e+01
2.40981723e+02 1.11211588e+01
2.41025352e+02 1.14728594e+01
2.41068980e+02 1.17524896e+01
2.41112609e+02 1.19533631e+01
2.41156237e+02 1.20705522e+01
2.41199865e+02 1.21010854e+01
2.41243680e+02 1.20436421e+01
2.41287495e+02 1.18991550e+01
2.41331310e+02 1.16709807e+01
2.41375124e+02 1.13644507e+01
2.41418939e+02 1.09866537e+01
2.41462753e+02 1.05461623e+01
2.41506568e+02 1.00526974e+01
2.41550383e+02 9.51677515e+00
2.41628242e+02 8.49366594e+00
2.41758007e+02 6.72992061e+00
2.41817085e+02 5.95836675e+00
2.41856471e+02 5.46833140e+00
2.41895856e+02 5.00263109e+00
2.41936118e+02 4.55505132e+00
2.41977257e+02 4.13005668e+00
2.42008111e+02 3.83382303e+00
2.42038965e+02 3.55735474e+00
2.42069819e+02 3.30079562e+00
2.42103051e+02 3.04662365e+00
2.42137473e+02 2.80718532e+00
2.42171894e+02 2.59130944e+00
2.42206315e+02 2.39807548e+00
2.42229263e+02 2.28129469e+00
2.42252210e+02 2.17372931e+00
2.42281850e+02 2.04781043e+00
2.42309098e+02 1.94430563e+00
2.42336347e+02 1.85182821e+00
2.42363595e+02 1.76967341e+00
2.42390844e+02 1.69713566e+00
2.42418092e+02 1.63351427e+00
2.42445340e+02 1.57812222e+00
2.42472589e+02 1.53029002e+00
2.42499837e+02 1.48937120e+00
2.42536169e+02 1.44449925e+00
2.42569294e+02 1.41216399e+00
2.42614173e+02 1.37961437e+00
2.42660142e+02 1.35759298e+00
2.42706111e+02 1.34491039e+00
2.42752080e+02 1.33969143e+00
2.42767403e+02 1.33932196e+00
2.42828695e+02 1.34325718e+00
2.42920633e+02 1.36046538e+00
2.43165800e+02 1.42590497e+00
2.43288384e+02 1.45289681e+00
2.43410968e+02 1.47160301e+00
2.43533552e+02 1.48220200e+00
2.43733310e+02 1.48671934e+00
2.43871776e+02 1.48602020e+00
2.44010242e+02 1.48933122e+00
2.44114092e+02 1.50072432e+00
2.44180601e+02 1.51541006e+00
2.44244385e+02 1.53736265e+00
2.44308169e+02 1.56933925e+00
2.44356007e+02 1.60138810e+00
2.44403845e+02 1.64154223e+00
2.44451683e+02 1.69084958e+00
2.44499521e+02 1.75028028e+00
2.44547360e+02 1.82067011e+00
2.44595198e+02 1.90265784e+00
2.44643036e+02 1.99662437e+00
2.44695415e+02 2.11331398e+00
2.44750064e+02 2.24997871e+00
2.44804713e+02 2.40072414e+00
2.44877578e+02 2.62024755e+00
2.44997564e+02 3.01081941e+00
2.45091805e+02 3.32050800e+00
2.45162485e+02 3.53982499e+00
2.45233166e+02 3.73772248e+00
2.45303846e+02 3.90605658e+00
2.45352078e+02 4.00064568e+00
2.45401421e+02 4.07869176e+00
2.45450764e+02 4.13700235e+00
2.45500108e+02 4.17543168e+00
2.45555527e+02 4.19552929e+00
2.45586275e+02 4.19668591e+00
2.45647770e+02 4.17941860e+00
2.45709266e+02 4.13921254e+00
2.45801510e+02 4.04538143e+00
2.45893753e+02 3.92481875e+00
2.46139736e+02 3.57356677e+00
2.46231979e+02 3.46329445e+00
2.46293475e+02 3.40689409e+00
2.46354971e+02 3.37122404e+00
2.46401092e+02 3.36301137e+00
2.46447214e+02 3.37557654e+00
2.46493336e+02 3.41429204e+00
2.46524381e+02 3.45820872e+00
2.46555723e+02 3.51965760e+00
2.46587861e+02 3.60305667e+00
2.46620795e+02 3.71286138e+00
2.46653730e+02 3.85050034e+00
2.46678431e+02 3.97402454e+00
2.46703131e+02 4.11657648e+00
2.46727832e+02 4.27965235e+00
2.46752533e+02 4.46475569e+00
2.46777234e+02 4.67338588e+00
2.46801935e+02 4.90701409e+00
2.46826636e+02 5.16706935e+00
2.46855220e+02 5.50278365e+00
2.46885746e+02 5.90460252e+00
2.46916272e+02 6.35322021e+00
2.46946798e+02 6.85042518e+00
2.46977325e+02 7.39758999e+00
2.47007031e+02 7.97888901e+00
2.47035099e+02 8.57266982e+00
2.47063167e+02 9.20956119e+00
2.47091235e+02 9.88890304e+00
2.47128659e+02 1.08586301e+01
2.47168188e+02 1.19577879e+01
2.47209824e+02 1.31907919e+01
2.47251459e+02 1.44900262e+01
2.47313912e+02 1.65318545e+01
2.47449607e+02 2.10801173e+01
2.47517136e+02 2.32196919e+01
2.47561730e+02 2.45219354e+01
2.47606324e+02 2.57042486e+01
2.47650918e+02 2.67418578e+01
2.47695513e+02 2.76133081e+01
2.47740107e+02 2.83014054e+01
2.47784701e+02 2.87939815e+01
2.47829295e+02 2.90844705e+01
2.47867291e+02 2.91718812e+01
2.47914386e+02 2.90806408e+01
2.47961482e+02 2.87802522e+01
2.48008577e+02 2.82895542e+01
2.48055673e+02 2.76330178e+01
2.48102768e+02 2.68395037e+01
2.48165562e+02 2.56235935e+01
2.48353944e+02 2.16212826e+01
2.48418822e+02 2.03507396e+01
2.48483700e+02 1.92169123e+01
2.48532358e+02 1.84693011e+01
2.48581016e+02 1.78115182e+01
2.48613455e+02 1.74207224e+01
2.48678333e+02 1.67410044e+01
2.48743210e+02 1.61699550e+01
2.48963255e+02 1.45001029e+01
2.49023448e+02 1.39796515e+01
2.49083640e+02 1.33916333e+01
2.49143833e+02 1.27278785e+01
2.49204026e+02 1.19886273e+01
2.49264219e+02 1.11817030e+01
2.49354508e+02 9.87622967e+00
2.49523790e+02 7.33228913e+00
2.49582163e+02 6.49213699e+00
2.49640085e+02 5.70337668e+00
2.49678699e+02 5.20829279e+00
2.49717313e+02 4.74096586e+00
2.49755393e+02 4.30917682e+00
2.49793473e+02 3.90749060e+00
2.49822033e+02 3.62638425e+00
2.49850593e+02 3.36264928e+00
2.49878346e+02 3.12292876e+00
2.49904485e+02 2.91189334e+00
2.49930624e+02 2.71489761e+00
2.49956763e+02 2.53160845e+00
2.49982902e+02 2.36162820e+00
2.50009041e+02 2.20450809e+00
2.50032402e+02 2.07456988e+00
2.50055763e+02 1.95414211e+00
2.50079123e+02 1.84283895e+00
2.50102484e+02 1.74026600e+00
2.50125845e+02 1.64602441e+00
2.50149206e+02 1.55971509e+00
2.50172567e+02 1.48094256e+00
2.50195927e+02 1.40931819e+00
2.50223976e+02 1.33223100e+00
2.50252025e+02 1.26427095e+00
2.50280074e+02 1.20483588e+00
2.50308122e+02 1.15335665e+00
2.50336171e+02 1.10930004e+00
2.50364220e+02 1.07217041e+00
2.50392269e+02 1.04150905e+00
2.50420317e+02 1.01689435e+00
2.50448366e+02 9.97940253e-01
2.50476415e+02 9.84294677e-01
2.50511976e+02 9.74126527e-01
2.50548414e+02 9.71410546e-01
2.50584852e+02 9.75931947e-01
2.50621290e+02 9.87183694e-01
2.50657728e+02 1.00470338e+00
2.50694166e+02 1.02806038e+00
2.50730605e+02 1.05684398e+00
2.50767043e+02 1.09065113e+00
2.50815627e+02 1.14284118e+00
2.50864211e+02 1.20224946e+00
2.50927347e+02 1.28849507e+00
2.51005033e+02 1.40515956e+00
2.51199250e+02 1.71423791e+00
2.51283907e+02 1.84014356e+00
2.51340344e+02 1.91629779e+00
2.51396782e+02 1.98453843e+00
2.51453220e+02 2.04394755e+00
2.51509657e+02 2.09418384e+00
2.51594314e+02 2.15319616e+00
2.51650751e+02 2.18333553e+00
2.51868143e+02 2.27632419e+00
2.51940607e+02 2.32051963e+00
2.51988557e+02 2.35968904e+00
2.52036507e+02 2.40910778e+00
2.52084457e+02 2.47051661e+00
2.52132407e+02 2.54532731e+00
2.52180356e+02 2.63454645e+00
2.52228306e+02 2.73871379e+00
2.52276256e+02 2.85785904e+00
2.52324206e+02 2.99147983e+00
2.52393254e+02 3.20713115e+00
2.52462302e+02 3.44567297e+00
2.52554366e+02 3.78751698e+00
2.52692462e+02 4.31114669e+00
2.52794590e+02 4.67103687e+00
2.52862675e+02 4.88411568e+00
2.52930761e+02 5.06920839e+00
2.52998846e+02 5.22260941e+00
2.53066931e+02 5.34229398e+00
2.53135017e+02 5.42771879e+00
2.53203102e+02 5.47946831e+00
2.53280092e+02 5.49903521e+00
2.53344512e+02 5.48518496e+00
2.53408933e+02 5.44508195e+00
2.53473354e+02 5.37966346e+00
2.53537775e+02 5.28957943e+00
2.53602195e+02 5.17528723e+00
2.53666616e+02 5.03724231e+00
2.53731037e+02 4.87614744e+00
2.53795458e+02 4.69320863e+00
2.53881352e+02 4.41876166e+00
2.53969350e+02 4.10828148e+00
2.54217130e+02 3.17473667e+00
2.54284706e+02 2.93515610e+00
2.54349315e+02 2.72422941e+00
2.54392387e+02 2.59638183e+00
2.54435460e+02 2.48065690e+00
2.54478532e+02 2.37859505e+00
2.54521605e+02 2.29164768e+00
2.54564677e+02 2.22117584e+00
2.54596981e+02 2.17990221e+00
2.54629286e+02 2.14911701e+00
2.54667229e+02 2.12699395e+00
2.54705173e+02 2.12071812e+00
2.54730468e+02 2.12566973e+00
2.54767958e+02 2.14689672e+00
2.54796075e+02 2.17398912e+00
2.54824192e+02 2.21088640e+00
2.54842936e+02 2.24102138e+00
2.54880426e+02 2.31478611e+00
2.54917915e+02 2.40678267e+00
2.54955404e+02 2.51719988e+00
2.54992894e+02 2.64609801e+00
2.55030383e+02 2.79338866e+00
2.55071570e+02 2.97610261e+00
2.55112758e+02 3.18009760e+00
2.55153945e+02 3.40446042e+00
2.55195133e+02 3.64794241e+00
2.55250050e+02 3.99949489e+00
2.55311833e+02 4.42608800e+00
2.55394210e+02 5.03119546e+00
2.55538369e+02 6.11477584e+00
2.55604937e+02 6.58740863e+00
2.55655694e+02 6.92048959e+00
2.55706451e+02 7.22141394e+00
2.55757208e+02 7.48292568e+00
2.55807966e+02 7.69850279e+00
2.55858723e+02 7.86261476e+00
2.55909480e+02 7.97095401e+00
2.55960237e+02 8.02061871e+00
2.55985616e+02 8.02295874e+00
2.56038656e+02 7.97932737e+00
2.56091696e+02 7.87127277e+00
2.56144736e+02 7.70187666e+00
2.56197776e+02 7.47594421e+00
2.56250816e+02 7.19978758e+00
2.56303856e+02 6.88094548e+00
2.56374576e+02 6.40409307e+00
2.56445296e+02 5.88776345e+00
2.56605839e+02 4.68092271e+00
2.56660302e+02 4.29049795e+00
2.56714765e+02 3.92134011e+00
2.56769228e+02 3.57858526e+00
2.56814289e+02 3.31765680e+00
2.56859350e+02 3.07876695e+00
2.56904411e+02 2.86267643e+00
2.56949473e+02 2.66956769e+00
2.56994534e+02 2.49910583e+00
2.57035176e+02 2.36414520e+00
2.57073609e+02 2.25214294e+00
2.57112042e+02 2.15445095e+00
2.57150475e+02 2.07009217e+00
2.57188908e+02 1.99801140e+00
2.57227341e+02 1.93710933e+00
2.57265774e+02 1.88627447e+00
2.57317018e+02 1.83226962e+00
2.57368262e+02 1.79175388e+00
2.57419506e+02 1.76247283e+00
2.57472221e+02 1.74198608e+00
2.57520281e+02 1.73028771e+00
2.57581259e+02 1.72320678e+00
2.57611747e+02 1.72239444e+00
2.57703214e+02 1.72881645e+00
2.57794680e+02 1.74603152e+00
2.57916635e+02 1.78177891e+00
2.58221523e+02 1.89817159e+00
2.58343479e+02 1.93536614e+00
2.58465434e+02 1.95858893e+00
2.58708789e+02 1.98327025e+00
2.58781796e+02 1.99951772e+00
2.58854803e+02 2.02863269e+00
2.58907677e+02 2.06085503e+00
2.58960552e+02 2.10465146e+00
2.59013426e+02 2.16175468e+00
2.59066300e+02 2.23357181e+00
2.59119175e+02 2.32109802e+00
2.59172049e+02 2.42484823e+00
2.59224923e+02 2.54481700e+00
2.59277798e+02 2.68046738e+00
2.59327855e+02 2.82240207e+00
2.59402941e+02 3.05707491e+00
2.59478027e+02 3.31301391e+00
2.59578142e+02 3.67695094e+00
2.59786785e+02 4.47267658e+00
2.59895313e+02 4.90230056e+00
2.59967665e+02 5.20531339e+00
2.60040017e+02 5.53406716e+00
2.60094281e+02 5.80623930e+00
2.60148545e+02 6.10840473e+00
2.60202809e+02 6.44862921e+00
2.60257072e+02 6.83550688e+00
2.60299971e+02 7.18021962e+00
2.60342869e+02 7.56406234e+00
2.60385768e+02 7.99139551e+00
2.60428666e+02 8.46644087e+00
2.60471565e+02 8.99320130e+00
2.60514463e+02 9.57537703e+00
2.60557362e+02 1.02162761e+01
2.60600260e+02 1.09187142e+01
2.60650123e+02 1.18154260e+01
2.60699986e+02 1.28004826e+01
2.60749848e+02 1.38745089e+01
2.60799711e+02 1.50361941e+01
2.60849573e+02 1.62819530e+01
2.60916598e+02 1.80776217e+01
2.60992204e+02 2.02417714e+01
2.61193820e+02 2.63019982e+01
2.61269426e+02 2.84521495e+01
2.61337984e+02 3.02145368e+01
2.61383690e+02 3.12503733e+01
2.61429396e+02 3.21488664e+01
2.61475102e+02 3.28894561e+01
2.61520807e+02 3.34540527e+01
2.61566513e+02 3.38277588e+01
2.61612219e+02 3.39995185e+01
2.61635072e+02 3.40073892e+01
2.61686341e+02 3.38333751e+01
2.61737610e+02 3.33958293e+01
2.61788880e+02 3.27032772e+01
2.61840149e+02 3.17715012e+01
2.61891418e+02 3.06228068e+01
2.61942687e+02 2.92849864e+01
2.61976867e+02 2.83036987e+01
2.62045226e+02 2.61726062e+01
2.62147764e+02 2.27139280e+01
2.62276572e+02 1.83002034e+01
2.62347542e+02 1.59890371e+01
2.62394975e+02 1.45299982e+01
2.62442528e+02 1.31504097e+01
2.62490080e+02 1.18624992e+01
2.62525744e+02 1.09600340e+01
2.62561408e+02 1.01133488e+01
2.62598073e+02 9.30141702e+00
2.62634738e+02 8.54840928e+00
2.62671403e+02 7.85323279e+00
2.62708068e+02 7.21423463e+00
2.62744732e+02 6.62930199e+00
2.62783184e+02 6.07126091e+00
2.62809414e+02 5.72156148e+00
2.62835644e+02 5.39577959e+00
2.62861874e+02 5.09284568e+00
2.62888104e+02 4.81167923e+00
2.62914334e+02 4.55120095e+00
2.62940564e+02 4.31034356e+00
2.62975923e+02 4.01486867e+00
2.63003310e+02 3.80763252e+00
2.63030698e+02 3.61806499e+00
2.63058085e+02 3.44512208e+00
2.63094601e+02 3.23869553e+00
2.63131118e+02 3.05791895e+00
2.63167634e+02 2.90084812e+00
2.63204150e+02 2.76576786e+00
2.63240667e+02 2.65119616e+00
2.63273741e+02 2.56408206e+00
2.63303373e+02 2.49883605e+00
2.63333004e+02 2.44523833e+00
2.63362636e+02 2.40296206e+00
2.63392268e+02 2.37178093e+00
2.63421900e+02 2.35156728e+00
2.63451532e+02 2.34228733e+00
2.63466348e+02 2.34176150e+00
2.63495979e+02 2.34901195e+00
2.63534132e+02 2.37491034e+00
2.63562747e+02 2.40687065e+00
2.63591361e+02 2.44989277e+00
2.63619976e+02 2.50430476e+00
2.63648590e+02 2.57046224e+00
2.63677205e+02 2.64873607e+00
2.63705819e+02 2.73949720e+00
2.63734434e+02 2.84310333e+00
2.63763048e+02 2.95988195e+00
2.63801201e+02 3.13655365e+00
2.63829791e+02 3.28491705e+00
2.63858382e+02 3.44708870e+00
2.63901267e+02 3.71620951e+00
2.63944153e+02 4.01586506e+00
2.63987039e+02 4.34483056e+00
2.64029924e+02 4.70107432e+00
2.64086849e+02 5.21097640e+00
2.64143774e+02 5.75446285e+00
2.64317754e+02 7.48517819e+00
2.64377884e+02 8.04709220e+00
2.64438015e+02 8.55582946e+00
2.64478102e+02 8.85518962e+00
2.64518189e+02 9.11610757e+00
2.64558276e+02 9.33361119e+00
2.64593709e+02 9.48634971e+00
2.64639878e+02 9.62585455e+00
2.64686047e+02 9.69495512e+00
2.64701437e+02 9.70203421e+00
2.64745400e+02 9.67826849e+00
2.64789362e+02 9.59040457e+00
2.64833324e+02 9.44119530e+00
2.64877286e+02 9.23496454e+00
2.64921249e+02 8.97744882e+00
2.64965211e+02 8.67558816e+00
2.65023827e+02 8.21786729e+00
2.65111752e+02 7.45491254e+00
2.65226294e+02 6.42961341e+00
2.65282219e+02 5.95650018e+00
2.65338144e+02 5.52119094e+00
2.65380088e+02 5.22651877e+00
2.65425874e+02 4.94097173e+00
2.65457678e+02 4.76669799e+00
2.65489482e+02 4.61315465e+00
2.65521286e+02 4.48086701e+00
2.65553090e+02 4.37006423e+00
2.65584895e+02 4.28069647e+00
2.65616699e+02 4.21244941e+00
2.65648503e+02 4.16476611e+00
2.65681189e+02 4.13636598e+00
2.65713875e+02 4.12779510e+00
2.65746561e+02 4.13779130e+00
2.65795589e+02 4.18442762e+00
2.65844618e+02 4.26418088e+00
2.65893647e+02 4.37112467e+00
2.65942676e+02 4.49900301e+00
2.66040733e+02 4.79197591e+00
2.66138791e+02 5.09312349e+00
2.66207890e+02 5.28568976e+00
2.66280716e+02 5.45450501e+00
2.66335335e+02 5.55109243e+00
2.66389954e+02 5.61800459e+00
2.66444573e+02 5.65318657e+00
2.66477607e+02 5.65873316e+00
2.66541858e+02 5.63605810e+00
2.66601166e+02 5.57796957e+00
2.66660475e+02 5.48805799e+00
2.66739552e+02 5.32775923e+00
2.66779091e+02 5.23449856e+00
2.66976786e+02 4.72250916e+00
2.67055864e+02 4.53675994e+00
2.67123638e+02 4.40437700e+00
2.67180108e+02 4.31899885e+00
2.67236578e+02 4.26002048e+00
2.67293048e+02 4.22984288e+00
2.67321284e+02 4.22599076e+00
2.67375849e+02 4.23997345e+00
2.67430413e+02 4.28163998e+00
2.67484979e+02 4.34935106e+00
2.67539543e+02 4.44037093e+00
2.67612297e+02 4.59131467e+00
2.67757803e+02 4.94856872e+00
2.67866933e+02 5.20709160e+00
2.67930549e+02 5.33077373e+00
2.67985029e+02 5.41198414e+00
2.68039509e+02 5.46529357e+00
2.68100798e+02 5.48747040e+00
2.68155892e+02 5.47086311e+00
2.68207888e+02 5.42294722e+00
2.68259883e+02 5.34469335e+00
2.68311879e+02 5.23837212e+00
2.68363875e+02 5.10744973e+00
2.68433202e+02 4.90251824e+00
2.68641185e+02 4.20879193e+00
2.68714882e+02 3.98738661e+00
2.68773433e+02 3.83819902e+00
2.68831983e+02 3.71961048e+00
2.68871017e+02 3.66005747e+00
2.68910050e+02 3.61744290e+00
2.68949084e+02 3.59257587e+00
2.68988118e+02 3.58596963e+00
2.69028222e+02 3.59843523e+00
2.69068327e+02 3.63035215e+00
2.69108431e+02 3.68136891e+00
2.69148535e+02 3.75086432e+00
2.69202008e+02 3.87073739e+00
2.69255480e+02 4.01923630e+00
2.69308953e+02 4.19311181e+00
2.69362425e+02 4.38863614e+00
2.69446538e+02 4.73004542e+00
2.69599735e+02 5.40731342e+00
2.69722293e+02 5.94316385e+00
2.69814212e+02 6.31207718e+00
2.69906130e+02 6.63810318e+00
2.69991948e+02 6.89793703e+00
2.70077765e+02 7.11435150e+00
2.70134977e+02 7.23624001e+00
2.70249400e+02 7.43455599e+00
2.70363823e+02 7.58576499e+00
2.70478246e+02 7.70157043e+00
2.70592670e+02 7.78372633e+00
2.70721396e+02 7.82583046e+00
2.70735699e+02 7.82656440e+00
2.70821516e+02 7.81298950e+00
2.71108144e+02 7.64173905e+00
2.71141865e+02 7.63700984e+00
2.71192447e+02 7.65471920e+00
2.71243028e+02 7.71406875e+00
2.71293610e+02 7.83010152e+00
2.71327331e+02 7.94710495e+00
2.71361052e+02 8.10191341e+00
2.71393497e+02 8.29160958e+00
2.71425942e+02 8.52626065e+00
2.71458387e+02 8.81082816e+00
2.71490833e+02 9.15022766e+00
2.71523278e+02 9.54924954e+00
2.71555723e+02 1.00124666e+01
2.71588168e+02 1.05441484e+01
2.71620613e+02 1.11481586e+01
2.71657277e+02 1.19219538e+01
2.71693941e+02 1.27962815e+01
2.71730606e+02 1.37738596e+01
2.71767270e+02 1.48560390e+01
2.71803934e+02 1.60426295e+01
2.71838366e+02 1.72503936e+01
2.71882788e+02 1.89370461e+01
2.71927209e+02 2.07587888e+01
2.71971631e+02 2.27010266e+01
2.72025894e+02 2.52090872e+01
2.72122052e+02 2.98862496e+01
2.72218210e+02 3.45940228e+01
2.72274533e+02 3.72226007e+01
2.72323073e+02 3.93388672e+01
2.72371614e+02 4.12663911e+01
2.72420154e+02 4.29597719e+01
2.72468695e+02 4.43780264e+01
2.72517235e+02 4.54862181e+01
2.72565775e+02 4.62568457e+01
2.72614316e+02 4.66709742e+01
2.72638586e+02 4.67409655e+01
2.72689457e+02 4.65895881e+01
2.72740329e+02 4.60406777e+01
2.72791200e+02 4.51113262e+01
2.72842072e+02 4.38289589e+01
2.72892943e+02 4.22299322e+01
2.72943815e+02 4.03577638e+01
2.72977729e+02 3.89817878e+01
2.73045558e+02 3.59916184e+01
2.73147300e+02 3.11429684e+01
2.73272929e+02 2.50738095e+01
2.73338439e+02 2.20621122e+01
2.73390847e+02 1.97866341e+01
2.73430228e+02 1.81705582e+01
2.73469608e+02 1.66428122e+01
2.73508989e+02 1.52081290e+01
2.73548369e+02 1.38692656e+01
2.73586711e+02 1.26587081e+01
2.73625054e+02 1.15394277e+01
2.73653811e+02 1.07588994e+01
2.73682568e+02 1.00277208e+01
2.73712191e+02 9.32469654e+00
2.73743549e+02 8.63416106e+00
2.73774907e+02 7.99661262e+00
2.73806265e+02 7.40965867e+00
2.73837624e+02 6.87078649e+00
2.73868982e+02 6.37742548e+00
2.73895000e+02 6.00075530e+00
2.73921019e+02 5.65215136e+00
2.73947038e+02 5.33015497e+00
2.73973056e+02 5.03333683e+00
2.73999075e+02 4.76030030e+00
2.74025094e+02 4.50969521e+00
2.74051112e+02 4.28021373e+00
2.74077131e+02 4.07060105e+00
2.74107435e+02 3.84990865e+00
2.74137739e+02 3.65271780e+00
2.74168043e+02 3.47730320e+00
2.74198347e+02 3.32203238e+00
2.74228651e+02 3.18535707e+00
2.74258955e+02 3.06581040e+00
2.74289259e+02 2.96200026e+00
2.74319563e+02 2.87260492e+00
2.74359968e+02 2.77366457e+00
2.74400374e+02 2.69529108e+00
2.74448893e+02 2.62461327e+00
2.74495250e+02 2.57722465e+00
2.74525434e+02 2.55523175e+00
2.74585802e+02 2.52806352e+00
2.74661261e+02 2.51698015e+00
2.74676353e+02 2.51685104e+00
2.74887641e+02 2.53505858e+00
2.74948009e+02 2.53545998e+00
2.75075340e+02 2.52112478e+00
2.75218587e+02 2.49991658e+00
2.75234504e+02 2.49948101e+00
2.75298169e+02 2.50682446e+00
2.75345918e+02 2.52575883e+00
2.75393667e+02 2.56082150e+00
2.75425500e+02 2.59540631e+00
2.75457333e+02 2.64062992e+00
2.75494476e+02 2.70884087e+00
2.75531619e+02 2.79600614e+00
2.75568762e+02 2.90460512e+00
2.75596620e+02 3.00161587e+00
2.75624477e+02 3.11312025e+00
2.75652335e+02 3.24013433e+00
2.75680192e+02 3.38364255e+00
2.75708050e+02 3.54458427e+00
2.75735907e+02 3.72383846e+00
2.75766563e+02 3.94322540e+00
2.75802815e+02 4.23383662e+00
2.75839067e+02 4.55944414e+00
2.75875319e+02 4.92098299e+00
2.75911572e+02 5.31897020e+00
2.75947824e+02 5.75344694e+00
2.75981112e+02 6.18412529e+00
2.76014400e+02 6.64435637e+00
2.76058784e+02 7.30174784e+00
2.76103168e+02 8.00517222e+00
2.76154050e+02 8.86073675e+00
2.76225775e+02 1.01347035e+01
2.76376872e+02 1.29026096e+01
2.76442849e+02 1.40525236e+01
2.76508826e+02 1.51057132e+01
2.76552810e+02 1.57334510e+01
2.76596794e+02 1.62883677e+01
2.76640779e+02 1.67604654e+01
2.76684763e+02 1.71413838e+01
2.76731363e+02 1.74383745e+01
2.76780579e+02 1.76276750e+01
2.76826703e+02 1.76871304e+01
2.76874040e+02 1.76306731e+01
2.76925680e+02 1.74385617e+01
2.76977320e+02 1.71197590e+01
2.77028960e+02 1.66876437e+01
2.77080600e+02 1.61585777e+01
2.77149453e+02 1.53345074e+01
2.77218307e+02 1.44178791e+01
2.77399667e+02 1.18932648e+01
2.77465147e+02 1.10398717e+01
2.77530628e+02 1.02528057e+01
2.77596108e+02 9.54337769e+00
2.77661588e+02 8.91572315e+00
2.77705242e+02 8.54197908e+00
2.77750680e+02 8.18886300e+00
2.77818837e+02 7.72173984e+00
2.77886994e+02 7.31952186e+00
2.77955151e+02 6.97014389e+00
2.78023308e+02 6.66222263e+00
2.78114184e+02 6.29972616e+00
2.78205060e+02 5.97714535e+00
2.78295936e+02 5.68441900e+00
2.78386812e+02 5.41656530e+00
2.78490117e+02 5.13955862e+00
2.78605851e+02 4.86164180e+00
2.78721586e+02 4.61497554e+00
2.78837320e+02 4.39686070e+00
2.78953054e+02 4.20769596e+00
2.79039855e+02 4.08797324e+00
2.79126656e+02 3.99178813e+00
2.79213456e+02 3.92421620e+00
2.79271323e+02 3.89750429e+00
2.79336424e+02 3.88665703e+00
2.79406328e+02 3.89864729e+00
2.79478635e+02 3.93677580e+00
2.79550941e+02 3.99951347e+00
2.79623248e+02 4.08365589e+00
2.79743759e+02 4.25793725e+00
2.79936576e+02 4.55645316e+00
2.80032985e+02 4.67726780e+00
2.80105291e+02 4.74187017e+00
2.80184311e+02 4.77988745e+00
2.80225499e+02 4.78458797e+00
2.80284808e+02 4.77209939e+00
2.80353177e+02 4.72916624e+00
2.80421545e+02 4.65662938e+00
2.80489914e+02 4.55703298e+00
2.80558283e+02 4.43434377e+00
2.80649441e+02 4.24376600e+00
2.80877337e+02 3.71980209e+00
2.80968495e+02 3.52520490e+00
2.81058084e+02 3.35489926e+00
2.81147673e+02 3.20748562e+00
2.81237263e+02 3.08038567e+00
2.81506030e+02 2.74543187e+00
2.81595619e+02 2.61877158e+00
2.81662811e+02 2.51128053e+00
2.81738942e+02 2.37478617e+00
2.81819543e+02 2.21351257e+00
2.81900144e+02 2.03748139e+00
2.82007612e+02 1.78769019e+00
2.82143788e+02 1.46657805e+00
2.82215558e+02 1.30441551e+00
2.82272974e+02 1.18160332e+00
2.82330390e+02 1.06662899e+00
2.82369231e+02 9.93906225e-01
2.82418205e+02 9.08508090e-01
2.82454936e+02 8.49268384e-01
2.82491666e+02 7.94244951e-01
2.82528397e+02 7.43461080e-01
2.82558908e+02 7.04480832e-01
2.82595444e+02 6.61570709e-01
2.82631980e+02 6.22663649e-01
2.82668516e+02 5.87619443e-01
2.82705052e+02 5.56269260e-01
2.82741588e+02 5.28422413e-01
2.82778123e+02 5.03871486e-01
2.82814659e+02 4.82398070e-01
2.82851444e+02 4.63660007e-01
2.82888478e+02 4.47482654e-01
2.82925511e+02 4.33768933e-01
2.82962545e+02 4.22290970e-01
2.82999578e+02 4.12829582e-01
2.83036612e+02 4.05176298e-01
2.83092162e+02 3.96661863e-01
2.83146865e+02 3.91239379e-01
2.83199873e+02 3.88308683e-01
2.83270550e+02 3.87274084e-01
2.83341227e+02 3.88820597e-01
2.83411904e+02 3.92341517e-01
2.83517920e+02 4.00358511e-01
2.83623936e+02 4.10782334e-01
2.83765291e+02 4.27564967e-01
2.83871307e+02 4.42277117e-01
2.83977323e+02 4.59324386e-01
2.84083339e+02 4.79734598e-01
2.84154016e+02 4.95971881e-01
2.84224693e+02 5.14995392e-01
2.84291006e+02 5.35969041e-01
2.84352956e+02 5.58807421e-01
2.84414905e+02 5.85230093e-01
2.84476854e+02 6.15612667e-01
2.84538803e+02 6.50224215e-01
2.84600752e+02 6.89184118e-01
2.84662702e+02 7.32423371e-01
2.84724651e+02 7.79654846e-01
2.84805060e+02 8.46029639e-01
2.84953362e+02 9.77505461e-01
2.85076948e+02 1.08640292e+00
2.85151099e+02 1.14675901e+00
2.85221415e+02 1.19809468e+00
2.85291730e+02 1.24206566e+00
2.85362046e+02 1.27746256e+00
2.85432362e+02 1.30354815e+00
2.85502677e+02 1.32011062e+00
2.85571955e+02 1.32743061e+00
2.85594875e+02 1.32801035e+00
2.85663634e+02 1.32481337e+00
2.85755313e+02 1.31100655e+00
2.85984510e+02 1.25636961e+00
2.86076189e+02 1.24062359e+00
2.86144948e+02 1.23673925e+00
2.86190788e+02 1.23942962e+00
2.86236627e+02 1.24728554e+00
2.86282350e+02 1.26105595e+00
2.86327956e+02 1.28144842e+00
2.86373562e+02 1.30919071e+00
2.86419168e+02 1.34491160e+00
2.86464774e+02 1.38914327e+00
2.86510380e+02 1.44229469e+00
2.86555986e+02 1.50462411e+00
2.86601592e+02 1.57621217e+00
2.86646815e+02 1.65622140e+00
2.86691654e+02 1.74409270e+00
2.86736494e+02 1.83991378e+00
2.86803754e+02 1.99676867e+00
2.86893433e+02 2.22445835e+00
2.87045588e+02 2.62700640e+00
2.87108064e+02 2.78435515e+00
2.87170540e+02 2.92926117e+00
2.87233016e+02 3.05669544e+00
2.87295492e+02 3.16224233e+00
2.87342349e+02 3.22490030e+00
2.87389206e+02 3.27223055e+00
2.87436063e+02 3.30364293e+00
2.87491743e+02 3.32016119e+00
2.87504977e+02 3.32082513e+00
2.87553502e+02 3.31300879e+00
2.87606438e+02 3.28740543e+00
2.87659374e+02 3.24644046e+00
2.87729955e+02 3.17372129e+00
2.87906408e+02 2.96636348e+00
2.87959344e+02 2.91823305e+00
2.88012280e+02 2.88651391e+00
2.88061728e+02 2.87663842e+00
2.88104201e+02 2.88679742e+00
2.88146675e+02 2.91692065e+00
2.88177534e+02 2.95268862e+00
2.88210937e+02 3.00564396e+00
2.88244339e+02 3.07429910e+00
2.88277742e+02 3.15944096e+00
2.88311145e+02 3.26170584e+00
2.88344548e+02 3.38156555e+00
2.88377951e+02 3.51931476e+00
2.88411353e+02 3.67505983e+00
2.88442830e+02 3.83821306e+00
2.88487155e+02 4.09442633e+00
2.88531480e+02 4.38042865e+00
2.88575805e+02 4.69433104e+00
2.88605355e+02 4.91787368e+00
2.88664455e+02 5.39508813e+00
2.88731788e+02 5.97824482e+00
2.88933786e+02 7.82373513e+00
2.89001150e+02 8.41259632e+00
2.89068514e+02 8.95980570e+00
2.89135878e+02 9.45118914e+00
2.89203242e+02 9.87575605e+00
2.89270606e+02 1.02262827e+01
2.89337970e+02 1.04995413e+01
2.89405334e+02 1.06961418e+01
2.89472698e+02 1.08200018e+01
2.89546362e+02 1.08797671e+01
2.89572145e+02 1.08838142e+01
2.89649492e+02 1.08497692e+01
2.89737888e+02 1.07377272e+01
2.89826285e+02 1.05609539e+01
2.89914682e+02 1.03274634e+01
2.90003079e+02 1.00388018e+01
2.90091475e+02 9.69136042e+00
2.90179872e+02 9.27907153e+00
2.90268269e+02 8.79674865e+00
2.90356666e+02 8.24323718e+00
2.90415597e+02 7.83690191e+00
2.90502529e+02 7.19083867e+00
2.90611195e+02 6.32774437e+00
2.90763328e+02 5.09086197e+00
2.90846566e+02 4.43970333e+00
2.90915931e+02 3.92838616e+00
2.90971424e+02 3.54616183e+00
2.91008617e+02 3.30525490e+00
2.91055256e+02 3.02188128e+00
2.91101896e+02 2.76034281e+00
2.91136876e+02 2.57891253e+00
2.91171856e+02 2.41022410e+00
2.91213782e+02 2.22476835e+00
2.91255708e+02 2.05727633e+00
2.91297634e+02 1.90724550e+00
2.91339560e+02 1.77399197e+00
2.91367511e+02 1.69407044e+00
2.91407329e+02 1.59191025e+00
2.91442929e+02 1.51157210e+00
2.91478529e+02 1.44094512e+00
2.91514129e+02 1.37935811e+00
2.91549729e+02 1.32613030e+00
2.91585330e+02 1.28058208e+00
2.91620930e+02 1.24204225e+00
2.91656530e+02 1.20985760e+00
2.91703997e+02 1.17574578e+00
2.91751464e+02 1.15040586e+00
2.91802908e+02 1.13134586e+00
2.91858329e+02 1.11894744e+00
2.91913751e+02 1.11344101e+00
2.91941462e+02 1.11285526e+00
2.91996883e+02 1.11535338e+00
2.92080015e+02 1.12688648e+00
2.92163147e+02 1.14666772e+00
2.92246280e+02 1.17500847e+00
2.92301701e+02 1.19953165e+00
2.92357123e+02 1.22956821e+00
2.92412544e+02 1.26621879e+00
2.92467965e+02 1.31071106e+00
2.92523387e+02 1.36430502e+00
2.92578808e+02 1.42818447e+00
2.92634230e+02 1.50333684e+00
2.92680717e+02 1.57556831e+00
2.92737047e+02 1.67457527e+00
2.92793377e+02 1.78591991e+00
2.92849707e+02 1.90871353e+00
2.92924814e+02 2.08737162e+00
2.93131581e+02 2.61422444e+00
2.93195037e+02 2.76468713e+00
2.93258492e+02 2.89871221e+00
2.93300796e+02 2.97581728e+00
2.93356500e+02 3.05909994e+00
2.93398278e+02 3.10610771e+00
2.93440056e+02 3.13858372e+00
2.93481833e+02 3.15567488e+00
2.93506204e+02 3.15831093e+00
2.93555251e+02 3.14698149e+00
2.93602712e+02 3.11493956e+00
2.93650172e+02 3.06276151e+00
2.93697632e+02 2.99158098e+00
2.93745093e+02 2.90302660e+00
2.93776733e+02 2.83534050e+00
2.93840013e+02 2.68239260e+00
2.93903294e+02 2.51129672e+00
2.94029854e+02 2.14192436e+00
2.94106278e+02 1.91978856e+00
2.94157227e+02 1.77887424e+00
2.94208177e+02 1.64699036e+00
2.94250816e+02 1.54530794e+00
2.94285145e+02 1.47006921e+00
2.94319475e+02 1.40131036e+00
2.94353804e+02 1.33946790e+00
2.94388133e+02 1.28489865e+00
2.94422463e+02 1.23788293e+00
2.94456792e+02 1.19863153e+00
2.94491122e+02 1.16729118e+00
2.94518290e+02 1.14815783e+00
2.94548300e+02 1.13287582e+00
2.94578311e+02 1.12374362e+00
2.94605433e+02 1.12076848e+00
2.94639671e+02 1.12412932e+00
2.94673909e+02 1.13536407e+00
2.94708147e+02 1.15438043e+00
2.94742385e+02 1.18107023e+00
2.94776622e+02 1.21531265e+00
2.94810860e+02 1.25697728e+00
2.94845098e+02 1.30592477e+00
2.94878948e+02 1.36133338e+00
2.94912410e+02 1.42281430e+00
2.94945873e+02 1.49080671e+00
2.94979335e+02 1.56514104e+00
2.95029528e+02 1.68812092e+00
2.95079721e+02 1.82422564e+00
2.95129915e+02 1.97259204e+00
2.95178658e+02 2.12741888e+00
2.95243649e+02 2.34827904e+00
2.95324888e+02 2.64264234e+00
2.95514762e+02 3.36056181e+00
2.95598018e+02 3.65954194e+00
2.95660459e+02 3.86488702e+00
2.95722901e+02 4.04721496e+00
2.95775375e+02 4.17844095e+00
2.95827849e+02 4.28640200e+00
2.95880323e+02 4.36868665e+00
2.95932797e+02 4.42357787e+00
2.95985271e+02 4.45016967e+00
2.96002762e+02 4.45271575e+00
2.96056690e+02 4.44101944e+00
2.96110618e+02 4.40098873e+00
2.96164546e+02 4.33499432e+00
2.96218474e+02 4.24634601e+00
2.96290378e+02 4.10012117e+00
2.96398235e+02 3.84444952e+00
2.96506091e+02 3.58306768e+00
2.96577995e+02 3.42618858e+00
2.96642905e+02 3.30713760e+00
2.96691587e+02 3.23610543e+00
2.96740270e+02 3.18333200e+00
2.96788952e+02 3.15075167e+00
2.96837634e+02 3.13997713e+00
2.96878313e+02 3.14870303e+00
2.96918991e+02 3.17436100e+00
2.96959669e+02 3.21769138e+00
2.97000347e+02 3.27949333e+00
2.97041025e+02 3.36068566e+00
2.97081703e+02 3.46236329e+00
2.97122381e+02 3.58584915e+00
2.97163059e+02 3.73273537e+00
2.97203737e+02 3.90491325e+00
2.97244415e+02 4.10458264e+00
2.97271534e+02 4.25419361e+00
2.97307928e+02 4.47734544e+00
2.97344322e+02 4.72805782e+00
2.97380716e+02 5.00854148e+00
2.97417110e+02 5.32107304e+00
2.97453504e+02 5.66793624e+00
2.97489898e+02 6.05134241e+00
2.97526292e+02 6.47335526e+00
2.97562686e+02 6.93579178e+00
2.97599715e+02 7.44931423e+00
2.97636745e+02 8.00731122e+00
2.97673774e+02 8.61030201e+00
2.97710803e+02 9.25812580e+00
2.97760175e+02 1.01899011e+01
2.97806143e+02 1.11235231e+01
2.97852112e+02 1.21147388e+01
2.97921065e+02 1.36906444e+01
2.98100118e+02 1.79953937e+01
2.98162546e+02 1.94365290e+01
2.98215370e+02 2.05740784e+01
2.98280202e+02 2.18221930e+01
2.98323423e+02 2.25400818e+01
2.98366644e+02 2.31505226e+01
2.98409865e+02 2.36415972e+01
2.98453086e+02 2.40034702e+01
2.98496307e+02 2.42286955e+01
2.98539528e+02 2.43124472e+01
2.98588933e+02 2.42323831e+01
2.98638337e+02 2.39662933e+01
2.98687742e+02 2.35203050e+01
2.98737146e+02 2.29049564e+01
2.98786551e+02 2.21347248e+01
2.98835955e+02 2.12274072e+01
2.98885360e+02 2.02033913e+01
2.98934764e+02 1.90848596e+01
2.99021008e+02 1.69751913e+01
2.99186458e+02 1.27592981e+01
2.99251592e+02 1.11694649e+01
2.99305871e+02 9.91491946e+00
2.99356243e+02 8.82179925e+00
2.99391852e+02 8.09535792e+00
2.99427461e+02 7.40986573e+00
2.99463071e+02 6.76685301e+00
2.99499192e+02 6.15890103e+00
2.99535827e+02 5.58824145e+00
2.99563302e+02 5.19046916e+00
2.99590778e+02 4.81828962e+00
2.99618254e+02 4.47126254e+00
2.99646898e+02 4.13564030e+00
2.99676126e+02 3.81990697e+00
2.99705355e+02 3.53024047e+00
2.99734583e+02 3.26559278e+00
2.99763812e+02 3.02483886e+00
2.99790943e+02 2.82170327e+00
2.99813880e+02 2.66450276e+00
2.99836817e+02 2.51997324e+00
2.99859755e+02 2.38750048e+00
2.99882692e+02 2.26646738e+00
2.99905629e+02 2.15626020e+00
2.99928566e+02 2.05626657e+00
2.99951504e+02 1.96588527e+00
2.99966795e+02 1.91067836e+00
2.99997378e+02 1.81160350e+00
3.00027961e+02 1.72653406e+00
3.00054081e+02 1.66399474e+00
3.00080201e+02 1.60996210e+00
3.00097614e+02 1.57830181e+00
3.00132441e+02 1.52451364e+00
3.00167267e+02 1.48213048e+00
3.00207000e+02 1.44584361e+00
3.00246734e+02 1.42053488e+00
3.00286467e+02 1.40444378e+00
3.00326199e+02 1.39601753e+00
3.00360966e+02 1.39386530e+00
3.00405665e+02 1.39694950e+00
3.00458643e+02 1.40737096e+00
3.00538109e+02 1.43307924e+00
3.00591086e+02 1.45509555e+00
3.00697041e+02 1.50745937e+00
3.00802995e+02 1.56872029e+00
3.00908950e+02 1.63798949e+00
3.01014905e+02 1.71438818e+00
3.01276976e+02 1.91243043e+00
3.01389292e+02 1.98382232e+00
3.01464169e+02 2.02065426e+00
3.01539047e+02 2.04666254e+00
3.01613924e+02 2.06091227e+00
3.01668830e+02 2.06392329e+00
3.01733719e+02 2.06000732e+00
3.01813583e+02 2.04590878e+00
3.02093105e+02 1.96585181e+00
3.02212901e+02 1.94278679e+00
3.02310598e+02 1.93510212e+00
3.02368363e+02 1.93467580e+00
3.02570542e+02 1.94080365e+00
3.02657190e+02 1.93670180e+00
3.02737461e+02 1.92350687e+00
3.02804976e+02 1.90344564e+00
3.02872492e+02 1.87432031e+00
3.02940007e+02 1.83609938e+00
3.03030028e+02 1.77237285e+00
3.03120048e+02 1.69755813e+00
3.03300090e+02 1.53751696e+00
3.03390110e+02 1.46573554e+00
3.03435121e+02 1.43486954e+00
3.03495898e+02 1.40028308e+00
3.03556675e+02 1.37537454e+00
3.03602259e+02 1.36391318e+00
3.03655439e+02 1.35909599e+00
3.03706693e+02 1.36370903e+00
3.03749386e+02 1.37476681e+00
3.03792080e+02 1.39251936e+00
3.03834773e+02 1.41700618e+00
3.03877467e+02 1.44818140e+00
3.03934391e+02 1.49991506e+00
3.03991316e+02 1.56275850e+00
3.04048241e+02 1.63591894e+00
3.04105165e+02 1.71836624e+00
3.04187267e+02 1.85107857e+00
3.04267727e+02 1.99311779e+00
3.04509105e+02 2.44296157e+00
3.04603412e+02 2.60841637e+00
3.04684746e+02 2.73854058e+00
3.04766080e+02 2.85362736e+00
3.04847415e+02 2.95133114e+00
3.04928749e+02 3.03011332e+00
3.05010084e+02 3.08911602e+00
3.05091418e+02 3.12798040e+00
3.05172752e+02 3.14665542e+00
3.05213419e+02 3.14845029e+00
3.05299797e+02 3.13568975e+00
3.05386175e+02 3.10060004e+00
3.05472552e+02 3.04357161e+00
3.05558930e+02 2.96532500e+00
3.05645308e+02 2.86714707e+00
3.05731686e+02 2.75111634e+00
3.05789271e+02 2.66529400e+00
3.05904441e+02 2.47853092e+00
3.06134782e+02 2.08603548e+00
3.06229195e+02 1.93720628e+00
3.06292137e+02 1.84723530e+00
3.06355079e+02 1.76673825e+00
3.06418022e+02 1.69717525e+00
3.06480964e+02 1.63967025e+00
3.06528171e+02 1.60492356e+00
3.06575377e+02 1.57757065e+00
3.06622584e+02 1.55766833e+00
3.06664356e+02 1.54622433e+00
3.06724523e+02 1.53966547e+00
3.06731350e+02 1.53964087e+00
3.06772307e+02 1.54246055e+00
3.06826916e+02 1.55379016e+00
3.06881525e+02 1.57311986e+00
3.06936135e+02 1.59966158e+00
3.07018049e+02 1.65120596e+00
3.07099963e+02 1.71455744e+00
3.07181877e+02 1.78785112e+00
3.07263791e+02 1.87060384e+00
3.07345705e+02 1.96445851e+00
3.07400314e+02 2.03529280e+00
3.07454924e+02 2.11519951e+00
3.07509533e+02 2.20715177e+00
3.07564143e+02 2.31493422e+00
3.07609612e+02 2.42004026e+00
3.07655081e+02 2.54234607e+00
3.07689183e+02 2.64738307e+00
3.07723285e+02 2.76550936e+00
3.07757387e+02 2.89830787e+00
3.07791489e+02 3.04739600e+00
3.07825591e+02 3.21439940e+00
3.07859693e+02 3.40091810e+00
3.07893795e+02 3.60848808e+00
3.07927896e+02 3.83854466e+00
3.07967148e+02 4.13284213e+00
3.08006398e+02 4.46028235e+00
3.08045649e+02 4.82209526e+00
3.08084900e+02 5.21899345e+00
3.08124151e+02 5.65109156e+00
3.08159299e+02 6.06743995e+00
3.08203426e+02 6.62804532e+00
3.08247554e+02 7.22799707e+00
3.08291681e+02 7.86299360e+00
3.08364471e+02 8.97138098e+00
3.08516651e+02 1.13881785e+01
3.08584286e+02 1.24201682e+01
3.08631870e+02 1.30983342e+01
3.08679453e+02 1.37203364e+01
3.08727036e+02 1.42722011e+01
3.08774620e+02 1.47410438e+01
3.08822203e+02 1.51155531e+01
3.08869786e+02 1.53864237e+01
3.08917370e+02 1.55467262e+01
3.08964953e+02 1.55921806e+01
3.09014526e+02 1.55158423e+01
3.09064100e+02 1.53149629e+01
3.09113673e+02 1.49945298e+01
3.09163247e+02 1.45626269e+01
3.09212820e+02 1.40300782e+01
3.09262393e+02 1.34099956e+01
3.09295442e+02 1.29552561e+01
3.09361540e+02 1.19677795e+01
3.09460687e+02 1.03649421e+01
3.09565296e+02 8.64118181e+00
3.09636857e+02 7.50957470e+00
3.09684564e+02 6.79643267e+00
3.09725552e+02 6.21701206e+00
3.09766541e+02 5.67226160e+00
3.09807529e+02 5.16487402e+00
3.09838270e+02 4.80994800e+00
3.09869478e+02 4.47259594e+00
3.09900920e+02 4.15629023e+00
3.09932362e+02 3.86356881e+00
3.09963803e+02 3.59412240e+00
3.09995245e+02 3.34744667e+00
3.10016206e+02 3.19531680e+00
3.10048176e+02 2.98164845e+00
3.10080146e+02 2.78930926e+00
3.10112117e+02 2.61723813e+00
3.10144087e+02 2.46429568e+00
3.10176057e+02 2.32928816e+00
3.10208028e+02 2.21099381e+00
3.10239998e+02 2.10818186e+00
3.10271968e+02 2.01963162e+00
3.10304766e+02 1.94235669e+00
3.10337563e+02 1.87758440e+00
3.10370361e+02 1.82411990e+00
3.10403158e+02 1.78083133e+00
3.10435956e+02 1.74665558e+00
3.10473774e+02 1.71727135e+00
3.10514102e+02 1.69626647e+00
3.10554430e+02 1.68442477e+00
3.10608201e+02 1.68054037e+00
3.10661972e+02 1.68768503e+00
3.10715743e+02 1.70344551e+00
3.10769514e+02 1.72578030e+00
3.10877056e+02 1.78357022e+00
3.11199683e+02 1.98871066e+00
3.11347305e+02 2.08692155e+00
3.11427465e+02 2.14841715e+00
3.11507625e+02 2.22277356e+00
3.11567745e+02 2.29154617e+00
3.11627865e+02 2.37570114e+00
3.11667945e+02 2.44246771e+00
3.11708026e+02 2.51936933e+00
3.11748106e+02 2.60786473e+00
3.11788186e+02 2.70947624e+00
3.11828266e+02 2.82578035e+00
3.11868346e+02 2.95839364e+00
3.11908426e+02 3.10896071e+00
3.11948506e+02 3.27913425e+00
3.11984344e+02 3.44924243e+00
3.12020181e+02 3.63748937e+00
3.12056019e+02 3.84498543e+00
3.12091857e+02 4.07277792e+00
3.12127695e+02 4.32183271e+00
3.12163533e+02 4.59300284e+00
3.12199371e+02 4.88700423e+00
3.12235208e+02 5.20438115e+00
3.12278146e+02 5.61587824e+00
3.12321084e+02 6.06152782e+00
3.12364022e+02 6.54087233e+00
3.12406960e+02 7.05278108e+00
3.12464211e+02 7.78262348e+00
3.12535175e+02 8.75256320e+00
3.12629794e+02 1.01262940e+01
3.12771723e+02 1.22251253e+01
3.12842687e+02 1.32157642e+01
3.12915349e+02 1.41346792e+01
3.12963790e+02 1.46726798e+01
3.13012231e+02 1.51370294e+01
3.13060673e+02 1.55170156e+01
3.13109114e+02 1.58035062e+01
3.13157555e+02 1.59893342e+01
3.13205997e+02 1.60696128e+01
3.13218107e+02 1.60728546e+01
3.13263231e+02 1.60253554e+01
3.13312752e+02 1.58661165e+01
3.13362273e+02 1.55984514e+01
3.13411794e+02 1.52288884e+01
3.13461315e+02 1.47665596e+01
3.13510836e+02 1.42228851e+01
3.13560357e+02 1.36111704e+01
3.13626385e+02 1.27153328e+01
3.13809844e+02 1.00433109e+01
3.13861248e+02 9.32404234e+00
3.13912652e+02 8.64679933e+00
3.13964055e+02 8.02459596e+00
3.13999501e+02 7.63341193e+00
3.14034947e+02 7.27662536e+00
3.14070393e+02 6.95669477e+00
3.14105840e+02 6.67555553e+00
3.14141286e+02 6.43462221e+00
3.14176732e+02 6.23479747e+00
3.14212178e+02 6.07648687e+00
3.14247624e+02 5.95961866e+00
3.14279970e+02 5.88869887e+00
3.14309651e+02 5.85300307e+00
3.14328549e+02 5.84457939e+00
3.14366347e+02 5.86004244e+00
3.14404144e+02 5.91670708e+00
3.14441941e+02 6.01196698e+00
3.14479739e+02 6.14286114e+00
3.14517536e+02 6.30612500e+00
3.14555334e+02 6.49824498e+00
3.14613868e+02 6.84401039e+00
3.14676079e+02 7.26147513e+00
3.14759026e+02 7.86827875e+00
3.14883447e+02 8.80370785e+00
3.14953448e+02 9.30254450e+00
3.15039027e+02 9.85170613e+00
3.15096080e+02 1.01684160e+01
3.15153133e+02 1.04385866e+01
3.15210186e+02 1.06580037e+01
3.15267238e+02 1.08239589e+01
3.15324291e+02 1.09351072e+01
3.15381344e+02 1.09912818e+01
3.15420677e+02 1.09983859e+01
3.15479676e+02 1.09618582e+01
3.15538675e+02 1.08707589e+01
3.15597674e+02 1.07278959e+01
3.15656673e+02 1.05365024e+01
3.15735338e+02 1.02120335e+01
3.15814004e+02 9.81696613e+00
3.15892669e+02 9.36159100e+00
3.15971334e+02 8.85732270e+00
3.16099809e+02 7.96211202e+00
3.16300379e+02 6.52097827e+00
3.16388333e+02 5.92791710e+00
3.16451624e+02 5.53271897e+00
3.16514916e+02 5.17128001e+00
3.16578208e+02 4.84884438e+00
3.16620402e+02 4.65751499e+00
3.16662597e+02 4.48601002e+00
3.16718853e+02 4.28886235e+00
3.16761039e+02 4.16468710e+00
3.16803224e+02 4.06041351e+00
3.16845410e+02 3.97534685e+00
3.16901657e+02 3.89002295e+00
3.16947560e+02 3.84217490e+00
3.17000897e+02 3.80819521e+00
3.17072012e+02 3.79270400e+00
3.17143128e+02 3.80212446e+00
3.17356475e+02 3.87574303e+00
3.17427590e+02 3.88347121e+00
3.17498706e+02 3.87015493e+00
3.17560612e+02 3.83771248e+00
3.17622518e+02 3.78402177e+00
3.17684424e+02 3.70870815e+00
3.17746330e+02 3.61268515e+00
3.17808237e+02 3.49805099e+00
3.17870143e+02 3.36793108e+00
3.17952684e+02 3.17727578e+00
3.18117768e+02 2.77940026e+00
3.18183492e+02 2.63162703e+00
3.18256855e+02 2.48438130e+00
3.18305764e+02 2.40000628e+00
3.18354672e+02 2.32886107e+00
3.18403581e+02 2.27256268e+00
3.18452490e+02 2.23246854e+00
3.18501398e+02 2.20966033e+00
3.18538079e+02 2.20438699e+00
3.18573286e+02 2.20910679e+00
3.18619245e+02 2.22987001e+00
3.18665205e+02 2.26719631e+00
3.18711164e+02 2.32087947e+00
3.18757123e+02 2.39045697e+00
3.18803082e+02 2.47520361e+00
3.18849041e+02 2.57412626e+00
3.18895000e+02 2.68596090e+00
3.18962861e+02 2.87137724e+00
3.19007741e+02 3.00473409e+00
3.19097502e+02 3.28787540e+00
3.19232143e+02 3.71798660e+00
3.19299702e+02 3.91719049e+00
3.19367736e+02 4.09445620e+00
3.19435770e+02 4.23972550e+00
3.19481126e+02 4.31503013e+00
3.19526482e+02 4.37089435e+00
3.19571839e+02 4.40583495e+00
3.19617195e+02 4.41878522e+00
3.19657509e+02 4.41132794e+00
3.19710419e+02 4.37426870e+00
3.19763328e+02 4.30676984e+00
3.19816237e+02 4.21020544e+00
3.19869146e+02 4.08675753e+00
3.19922056e+02 3.93932531e+00
3.19974965e+02 3.77140392e+00
3.20027874e+02 3.58694673e+00
3.20098420e+02 3.32266102e+00
3.20263681e+02 2.67684734e+00
3.20323123e+02 2.45377396e+00
3.20382565e+02 2.24376238e+00
3.20427146e+02 2.09736718e+00
3.20475580e+02 1.95106766e+00
3.20509153e+02 1.85827982e+00
3.20542726e+02 1.77308240e+00
3.20576299e+02 1.69586676e+00
3.20609872e+02 1.62696811e+00
3.20643445e+02 1.56667300e+00
3.20677019e+02 1.51522764e+00
3.20710592e+02 1.47284680e+00
3.20745016e+02 1.43900494e+00
3.20779441e+02 1.41508959e+00
3.20813865e+02 1.40129098e+00
3.20848290e+02 1.39780645e+00
3.20882147e+02 1.40464704e+00
3.20916003e+02 1.42189868e+00
3.20949860e+02 1.44982048e+00
3.20983717e+02 1.48870943e+00
3.21017574e+02 1.53890574e+00
3.21051431e+02 1.60079679e+00
3.21085287e+02 1.67481959e+00
3.21119144e+02 1.76146180e+00
3.21148795e+02 1.84812683e+00
3.21178445e+02 1.94527251e+00
3.21208096e+02 2.05331603e+00
3.21237746e+02 2.17269561e+00
3.21267397e+02 2.30386940e+00
3.21297047e+02 2.44730724e+00
3.21326697e+02 2.60348767e+00
3.21356348e+02 2.77288931e+00
3.21393009e+02 3.00132938e+00
3.21429671e+02 3.25155568e+00
3.21466332e+02 3.52435773e+00
3.21502994e+02 3.82042910e+00
3.21539655e+02 4.14033306e+00
3.21573521e+02 4.45736536e+00
3.21616811e+02 4.89298896e+00
3.21660101e+02 5.36260604e+00
3.21703391e+02 5.86563794e+00
3.21749554e+02 6.43753177e+00
3.21798589e+02 7.08264155e+00
3.21847624e+02 7.76277313e+00
3.21921177e+02 8.83740064e+00
3.22050789e+02 1.08253268e+01
3.22147997e+02 1.23148892e+01
3.22241780e+02 1.36721803e+01
3.22303161e+02 1.44852511e+01
3.22364541e+02 1.52189376e+01
3.22425922e+02 1.58597872e+01
3.22487302e+02 1.63984829e+01
3.22548682e+02 1.68305991e+01
3.22610063e+02 1.71570596e+01
3.22671443e+02 1.73842122e+01
3.22733479e+02 1.75245757e+01
3.22826533e+02 1.76036738e+01
3.22857551e+02 1.76050648e+01
3.23043658e+02 1.75443534e+01
3.23136712e+02 1.75839843e+01
3.23211167e+02 1.76963434e+01
3.23298043e+02 1.79348612e+01
3.23384919e+02 1.82866103e+01
3.23515233e+02 1.89732700e+01
3.23688984e+02 1.99538797e+01
3.23775860e+02 2.03527773e+01
3.23862736e+02 2.06236120e+01
3.23935717e+02 2.07233322e+01
3.23950313e+02 2.07276051e+01
3.24025784e+02 2.06611645e+01
3.24095202e+02 2.04659378e+01
3.24164620e+02 2.01438017e+01
3.24234038e+02 1.97027931e+01
3.24303456e+02 1.91566681e+01
3.24396014e+02 1.82976398e+01
3.24534850e+02 1.68406727e+01
3.24673686e+02 1.53622797e+01
3.24748391e+02 1.46263710e+01
3.24833667e+02 1.38790527e+01
3.24890518e+02 1.34494226e+01
3.24947369e+02 1.30817483e+01
3.25004220e+02 1.27795714e+01
3.25061071e+02 1.25441397e+01
3.25117921e+02 1.23744565e+01
3.25174772e+02 1.22674125e+01
3.25240671e+02 1.22150136e+01
3.25262637e+02 1.22129880e+01
3.25350502e+02 1.22698801e+01
3.25438368e+02 1.24057859e+01
3.25701963e+02 1.29417466e+01
3.25833760e+02 1.31099885e+01
3.25938356e+02 1.31605106e+01
3.25999018e+02 1.31628769e+01
3.26120344e+02 1.31472440e+01
3.26241670e+02 1.31837748e+01
3.26332664e+02 1.33083232e+01
3.26398067e+02 1.34735700e+01
3.26468210e+02 1.37330654e+01
3.26538354e+02 1.40809529e+01
3.26608497e+02 1.45114462e+01
3.26713712e+02 1.52751111e+01
3.26853999e+02 1.63598510e+01
3.26924143e+02 1.68447836e+01
3.26986778e+02 1.71994260e+01
3.27049413e+02 1.74504540e+01
3.27112047e+02 1.75730213e+01
3.27133578e+02 1.75817849e+01
3.27174682e+02 1.75476725e+01
3.27230757e+02 1.73889470e+01
3.27286832e+02 1.70974998e+01
3.27342907e+02 1.66745594e+01
3.27398982e+02 1.61263817e+01
3.27455057e+02 1.54638597e+01
3.27511132e+02 1.47018850e+01
3.27567207e+02 1.38585161e+01
3.27653380e+02 1.24507722e+01
3.27818922e+02 9.62600957e+00
3.27887517e+02 8.50619393e+00
3.27934411e+02 7.78179486e+00
3.27981305e+02 7.09939901e+00
3.28028200e+02 6.46475086e+00
3.28063279e+02 6.02379989e+00
3.28098174e+02 5.61523067e+00
3.28133069e+02 5.23740432e+00
3.28167965e+02 4.89065130e+00
3.28202860e+02 4.57491274e+00
3.28237756e+02 4.28977615e+00
3.28270739e+02 4.04774058e+00
3.28303722e+02 3.83154521e+00
3.28336705e+02 3.64014844e+00
3.28369688e+02 3.47234475e+00
3.28402671e+02 3.32679142e+00
3.28435654e+02 3.20203927e+00
3.28468637e+02 3.09655681e+00
3.28501620e+02 3.00875574e+00
3.28542145e+02 2.92269402e+00
3.28575790e+02 2.86748565e+00
3.28609434e+02 2.82516895e+00
3.28659901e+02 2.78216470e+00
3.28710368e+02 2.75883519e+00
3.28777657e+02 2.74941775e+00
3.28979525e+02 2.77253217e+00
3.29013170e+02 2.77330771e+00
3.29080459e+02 2.76593624e+00
3.29145920e+02 2.74487510e+00
3.29211381e+02 2.70856180e+00
3.29276842e+02 2.65684935e+00
3.29342303e+02 2.59078291e+00
3.29429584e+02 2.48394010e+00
3.29516865e+02 2.36179960e+00
3.29735069e+02 2.03939478e+00
3.29826795e+02 1.91585010e+00
3.29898923e+02 1.82907243e+00
3.29971050e+02 1.75275212e+00
3.30043178e+02 1.68709388e+00
3.30115306e+02 1.63147521e+00
3.30163391e+02 1.59936672e+00
3.30259562e+02 1.54484952e+00
3.30355732e+02 1.49955086e+00
3.30746362e+02 1.34094693e+00
3.30865335e+02 1.29881760e+00
3.30944650e+02 1.27897627e+00
3.31004137e+02 1.27172098e+00
3.31023965e+02 1.27123789e+00
3.31063623e+02 1.27379895e+00
3.31103281e+02 1.28183152e+00
3.31142938e+02 1.29633960e+00
3.31182596e+02 1.31842398e+00
3.31221293e+02 1.34842518e+00
3.31259990e+02 1.38799649e+00
3.31289013e+02 1.42474033e+00
3.31318036e+02 1.46819347e+00
3.31347059e+02 1.51897947e+00
3.31376082e+02 1.57775530e+00
3.31405105e+02 1.64521169e+00
3.31434128e+02 1.72207320e+00
3.31463150e+02 1.80909800e+00
3.31492173e+02 1.90707731e+00
3.31516744e+02 1.99919713e+00
3.31541314e+02 2.10027376e+00
3.31565884e+02 2.21083894e+00
3.31590454e+02 2.33143770e+00
3.31615025e+02 2.46262727e+00
3.31639595e+02 2.60497542e+00
3.31664165e+02 2.75905843e+00
3.31688735e+02 2.92545877e+00
3.31721674e+02 3.16888658e+00
3.31754614e+02 3.43691607e+00
3.31787553e+02 3.73094423e+00
3.31820492e+02 4.05233503e+00
3.31853431e+02 4.40240217e+00
3.31884522e+02 4.76025568e+00
3.31914690e+02 5.13386174e+00
3.31944857e+02 5.53425308e+00
3.31975024e+02 5.96211106e+00
3.32005192e+02 6.41799065e+00
3.32046533e+02 7.08894734e+00
3.32088991e+02 7.83414085e+00
3.32131449e+02 8.63598466e+00
3.32173908e+02 9.49340012e+00
3.32216624e+02 1.04099971e+01
3.32259597e+02 1.13834978e+01
3.32324057e+02 1.29301906e+01
3.32402551e+02 1.49257204e+01
3.32580154e+02 1.96172629e+01
3.32651196e+02 2.14217747e+01
3.32705278e+02 2.27108481e+01
3.32759359e+02 2.38963935e+01
3.32813441e+02 2.49518219e+01
3.32867523e+02 2.58524726e+01
3.32921605e+02 2.65766633e+01
3.32975686e+02 2.71066343e+01
3.33029768e+02 2.74293740e+01
3.33083850e+02 2.75372340e+01
3.33138736e+02 2.74250661e+01
3.33193623e+02 2.70938096e+01
3.33248509e+02 2.65536761e+01
3.33303396e+02 2.58204301e+01
3.33358282e+02 2.49146477e+01
3.33413168e+02 2.38607650e+01
3.33486351e+02 2.22724252e+01
3.33559532e+02 2.05374546e+01
3.33756740e+02 1.56459281e+01
3.33815029e+02 1.42576681e+01
3.33873319e+02 1.29347993e+01
3.33930065e+02 1.17233691e+01
3.33985267e+02 1.06257498e+01
3.34026668e+02 9.85777170e+00
3.34068069e+02 9.13808548e+00
3.34109470e+02 8.46660075e+00
3.34154613e+02 7.78838735e+00
3.34201627e+02 7.13993449e+00
3.34248641e+02 6.54772415e+00
3.34295654e+02 6.00840245e+00
3.34342668e+02 5.51831021e+00
3.34374010e+02 5.21706008e+00
3.34410080e+02 4.89390899e+00
3.34446149e+02 4.59434186e+00
3.34482218e+02 4.31674449e+00
3.34518288e+02 4.05958548e+00
3.34554357e+02 3.82142831e+00
3.34590427e+02 3.60094216e+00
3.34626496e+02 3.39690150e+00
3.34662566e+02 3.20818847e+00
3.34702335e+02 3.01667193e+00
3.34742104e+02 2.84133561e+00
3.34781873e+02 2.68108827e+00
3.34821642e+02 2.53495872e+00
3.34861411e+02 2.40207844e+00
3.34901181e+02 2.28167076e+00
3.34940950e+02 2.17303594e+00
3.34980719e+02 2.07554164e+00
3.35020155e+02 1.98929770e+00
3.35059592e+02 1.91293430e+00
3.35099029e+02 1.84598611e+00
3.35138466e+02 1.78802997e+00
3.35177902e+02 1.73868312e+00
3.35217339e+02 1.69760262e+00
3.35256776e+02 1.66448544e+00
3.35296212e+02 1.63906878e+00
3.35335649e+02 1.62112994e+00
3.35375086e+02 1.61048648e+00
3.35414777e+02 1.60699472e+00
3.35454978e+02 1.61073008e+00
3.35508580e+02 1.62696311e+00
3.35562182e+02 1.65596193e+00
3.35615783e+02 1.69768097e+00
3.35669385e+02 1.75209972e+00
3.35722986e+02 1.81917802e+00
3.35776588e+02 1.89880894e+00
3.35830189e+02 1.99076965e+00
3.35878386e+02 2.08367194e+00
3.35926583e+02 2.18581470e+00
3.35998878e+02 2.35505590e+00
3.36071173e+02 2.54110943e+00
3.36167567e+02 2.80908507e+00
3.36393474e+02 3.46431540e+00
3.36482330e+02 3.70334114e+00
3.36571185e+02 3.91517014e+00
3.36630422e+02 4.03639017e+00
3.36689658e+02 4.13870943e+00
3.36744871e+02 4.21532611e+00
3.36800083e+02 4.27265057e+00
3.36855296e+02 4.30996279e+00
3.36922593e+02 4.32803943e+00
3.36934677e+02 4.32811784e+00
3.37007184e+02 4.30887409e+00
3.37079691e+02 4.25749095e+00
3.37152198e+02 4.17715328e+00
3.37224705e+02 4.07200235e+00
3.37297212e+02 3.94689987e+00
3.37393887e+02 3.75828367e+00
3.37635577e+02 3.25665305e+00
3.37724685e+02 3.08701384e+00
3.37806225e+02 2.94796354e+00
3.37887765e+02 2.82750473e+00
3.37969304e+02 2.72728858e+00
3.38050844e+02 2.64781812e+00
3.38132384e+02 2.58878382e+00
3.38213924e+02 2.54950030e+00
3.38295464e+02 2.52939707e+00
3.38336234e+02 2.52651260e+00
3.38413977e+02 2.53467683e+00
3.38491720e+02 2.56210014e+00
3.38550027e+02 2.59685152e+00
3.38608334e+02 2.64547948e+00
3.38666642e+02 2.70994383e+00
3.38724949e+02 2.79253390e+00
3.38783256e+02 2.89578785e+00
3.38841563e+02 3.02238041e+00
3.38899871e+02 3.17498418e+00
3.38938742e+02 3.29241931e+00
3.38980205e+02 3.43240477e+00
3.39024258e+02 3.59853503e+00
3.39068312e+02 3.78319633e+00
3.39112365e+02 3.98676030e+00
3.39156419e+02 4.20929972e+00
3.39200472e+02 4.45054613e+00
3.39266552e+02 4.84595878e+00
3.39333214e+02 5.28190667e+00
3.39401036e+02 5.75712581e+00
3.39536682e+02 6.76481869e+00
3.39627113e+02 7.43880966e+00
3.39699383e+02 7.95130125e+00
3.39780548e+02 8.47389235e+00
3.39834658e+02 8.77881339e+00
3.39888768e+02 9.04066591e+00
3.39942878e+02 9.25327432e+00
3.39996988e+02 9.41156173e+00
3.40051098e+02 9.51175477e+00
3.40105208e+02 9.55153736e+00
3.40162886e+02 9.52659553e+00
3.40220564e+02 9.43321839e+00
3.40278242e+02 9.27445020e+00
3.40335920e+02 9.05518901e+00
3.40393598e+02 8.78197212e+00
3.40451276e+02 8.46270117e+00
3.40528180e+02 7.98094617e+00
3.40643536e+02 7.18545029e+00
3.40760187e+02 6.36490895e+00
3.40839682e+02 5.83664995e+00
3.40899303e+02 5.47260890e+00
3.40958924e+02 5.14517749e+00
3.40998672e+02 4.95071837e+00
3.41038419e+02 4.77743959e+00
3.41084982e+02 4.60347019e+00
3.41131545e+02 4.46280528e+00
3.41178108e+02 4.35712430e+00
3.41224670e+02 4.28768252e+00
3.41271233e+02 4.25531522e+00
3.41286754e+02 4.25284970e+00
3.41329605e+02 4.26771804e+00
3.41372457e+02 4.31431255e+00
3.41415308e+02 4.39227340e+00
3.41458160e+02 4.50096879e+00
3.41501011e+02 4.63950765e+00
3.41543862e+02 4.80675627e+00
3.41586714e+02 5.00135974e+00
3.41629565e+02 5.22176858e+00
3.41691241e+02 5.58082724e+00
3.41752917e+02 5.98424981e+00
3.41814592e+02 6.42624953e+00
3.41876268e+02 6.90106915e+00
3.41958502e+02 7.57592984e+00
3.42068040e+02 8.53202991e+00
3.42204962e+02 9.79587926e+00
3.42341884e+02 1.11268045e+01
3.42486638e+02 1.26169092e+01
3.42621617e+02 1.40973301e+01
3.42756596e+02 1.56656977e+01
3.43116539e+02 2.00158265e+01
3.43241485e+02 2.14165529e+01
3.43324782e+02 2.22608100e+01
3.43408079e+02 2.30041582e+01
3.43491376e+02 2.36184651e+01
3.43574673e+02 2.40731356e+01
3.43637146e+02 2.42901463e+01
3.43712634e+02 2.43895816e+01
3.43715237e+02 2.43895866e+01
3.43782915e+02 2.43042354e+01
3.43841739e+02 2.40901362e+01
3.43900562e+02 2.37396951e+01
3.43959385e+02 2.32500482e+01
3.44018209e+02 2.26218249e+01
3.44077032e+02 2.18594967e+01
3.44135855e+02 2.09715287e+01
3.44194679e+02 1.99702765e+01
3.44253502e+02 1.88716524e+01
3.44319724e+02 1.75419970e+01
3.44419057e+02 1.54280183e+01
3.44564734e+02 1.22744569e+01
3.44634252e+02 1.08305038e+01
3.44680596e+02 9.91130375e+00
3.44723242e+02 9.10365735e+00
3.44762188e+02 8.40218392e+00
3.44801135e+02 7.73819076e+00
3.44840081e+02 7.11390346e+00
3.44881603e+02 6.49381136e+00
3.44914677e+02 6.03421636e+00
3.44947751e+02 5.60531146e+00
3.44980825e+02 5.20701665e+00
3.45013898e+02 4.83899410e+00
3.45050410e+02 4.46716693e+00
3.45079337e+02 4.19759016e+00
3.45108263e+02 3.94941473e+00
3.45137189e+02 3.72191116e+00
3.45166115e+02 3.51427740e+00
3.45195041e+02 3.32566073e+00
3.45223967e+02 3.15516723e+00
3.45252893e+02 3.00188158e+00
3.45285915e+02 2.84673612e+00
3.45313755e+02 2.73141555e+00
3.45341594e+02 2.62939094e+00
3.45369433e+02 2.53987643e+00
3.45397273e+02 2.46211765e+00
3.45434392e+02 2.37549114e+00
3.45471511e+02 2.30691305e+00
3.45508630e+02 2.25495993e+00
3.45545749e+02 2.21837824e+00
3.45577370e+02 2.19852822e+00
3.45616555e+02 2.18748798e+00
3.45629617e+02 2.18700122e+00
3.45668802e+02 2.19474709e+00
3.45707987e+02 2.21587583e+00
3.45747172e+02 2.24999896e+00
3.45786357e+02 2.29690051e+00
3.45825542e+02 2.35650971e+00
3.45864727e+02 2.42887117e+00
3.45903911e+02 2.51410987e+00
3.45943097e+02 2.61239639e+00
3.45982281e+02 2.72390762e+00
3.46020771e+02 2.84645708e+00
3.46059260e+02 2.98198334e+00
3.46097750e+02 3.13046582e+00
3.46155484e+02 3.37712053e+00
3.46213218e+02 3.65139627e+00
3.46270953e+02 3.95119732e+00
3.46332458e+02 4.29512344e+00
3.46416978e+02 4.79959892e+00
3.46628278e+02 6.10686273e+00
3.46718090e+02 6.61944785e+00
3.46777965e+02 6.92740140e+00
3.46837839e+02 7.20074434e+00
3.46897714e+02 7.43449056e+00
3.46957588e+02 7.62534456e+00
3.47017463e+02 7.77190129e+00
3.47077337e+02 7.87471450e+00
3.47146208e+02 7.94214442e+00
3.47211909e+02 7.96150180e+00
3.47301944e+02 7.93086990e+00
3.47418745e+02 7.82698979e+00
3.47652349e+02 7.57114616e+00
3.47966929e+02 7.30049681e+00
3.48075405e+02 7.16281412e+00
3.48164124e+02 6.99864991e+00
3.48223269e+02 6.85648826e+00
3.48282415e+02 6.68550006e+00
3.48341560e+02 6.48503616e+00
3.48400706e+02 6.25596888e+00
3.48489424e+02 5.86421169e+00
3.48556474e+02 5.53693850e+00
3.48668908e+02 4.95050720e+00
3.48818819e+02 4.15615399e+00
3.48891185e+02 3.79169098e+00
3.48963552e+02 3.45090215e+00
3.49017827e+02 3.21448718e+00
3.49072102e+02 2.99649695e+00
3.49108285e+02 2.86197505e+00
3.49162226e+02 2.67793857e+00
3.49216167e+02 2.51380783e+00
3.49256623e+02 2.40367001e+00
3.49297079e+02 2.30443794e+00
3.49337535e+02 2.21585900e+00
3.49377991e+02 2.13764590e+00
3.49418447e+02 2.06950185e+00
3.49458902e+02 2.01114433e+00
3.49499358e+02 1.96232404e+00
3.49539814e+02 1.92284202e+00
3.49589021e+02 1.88721359e+00
3.49638228e+02 1.86509615e+00
3.49687435e+02 1.85654413e+00
3.49736642e+02 1.86176658e+00
3.49785078e+02 1.88069452e+00
3.49833515e+02 1.91373247e+00
3.49881951e+02 1.96137430e+00
3.49930387e+02 2.02413574e+00
3.49978824e+02 2.10250958e+00
3.50027260e+02 2.19691772e+00
3.50075697e+02 2.30766635e+00
3.50124133e+02 2.43490276e+00
3.50180840e+02 2.60473694e+00
3.50237546e+02 2.79661940e+00
3.50294253e+02 3.00960749e+00
3.50350960e+02 3.24226987e+00
3.50407666e+02 3.49269139e+00
3.50471858e+02 3.79459675e+00
3.50562438e+02 4.24618098e+00
3.50788887e+02 5.42228046e+00
3.50875324e+02 5.85337721e+00
3.50961761e+02 6.25573683e+00
3.51048198e+02 6.61844763e+00
3.51134635e+02 6.93207105e+00
3.51199463e+02 7.13039247e+00
3.51264291e+02 7.29427718e+00
3.51329118e+02 7.42199970e+00
3.51393946e+02 7.51267922e+00
3.51458774e+02 7.56638319e+00
3.51528634e+02 7.58416357e+00
3.51601010e+02 7.56172138e+00
3.51673387e+02 7.50254051e+00
3.51769889e+02 7.37802172e+00
3.52059395e+02 6.88488490e+00
3.52155897e+02 6.74818261e+00
3.52252399e+02 6.64867408e+00
3.52316744e+02 6.60450311e+00
3.52437167e+02 6.56229142e+00
3.52617801e+02 6.53842984e+00
3.52708118e+02 6.50479939e+00
3.52798435e+02 6.43117344e+00
3.52864671e+02 6.34253421e+00
3.52930906e+02 6.21957450e+00
3.52997141e+02 6.05991683e+00
3.53063376e+02 5.86325339e+00
3.53129612e+02 5.63131763e+00
3.53195847e+02 5.36770622e+00
3.53284160e+02 4.97605078e+00
3.53372474e+02 4.55271211e+00
3.53567678e+02 3.59100712e+00
3.53630411e+02 3.29737241e+00
3.53693144e+02 3.02045536e+00
3.53740194e+02 2.82645409e+00
3.53790878e+02 2.63269234e+00
3.53843380e+02 2.45047638e+00
3.53878381e+02 2.34028087e+00
3.53913383e+02 2.23961693e+00
3.53948384e+02 2.14886408e+00
3.53983385e+02 2.06835781e+00
3.54018386e+02 1.99839766e+00
3.54060100e+02 1.92916488e+00
3.54096420e+02 1.88171283e+00
3.54132740e+02 1.84646387e+00
3.54169060e+02 1.82365291e+00
3.54205380e+02 1.81350865e+00
3.54217487e+02 1.81298137e+00
3.54247207e+02 1.81781638e+00
3.54282434e+02 1.83497322e+00
3.54317660e+02 1.86473719e+00
3.54352887e+02 1.90734511e+00
3.54388113e+02 1.96304982e+00
3.54423340e+02 2.03212322e+00
3.54458567e+02 2.11485696e+00
3.54493793e+02 2.21156394e+00
3.54527364e+02 2.31703349e+00
3.54559278e+02 2.42962762e+00
3.54591193e+02 2.55451700e+00
3.54623107e+02 2.69198824e+00
3.54655022e+02 2.84233549e+00
3.54686936e+02 3.00585793e+00
3.54718851e+02 3.18285347e+00
3.54750765e+02 3.37361668e+00
3.54795637e+02 3.66565567e+00
3.54839008e+02 3.97500579e+00
3.54882380e+02 4.31152552e+00
3.54925751e+02 4.67561756e+00
3.54969123e+02 5.06748612e+00
3.55011406e+02 5.47621532e+00
3.55051512e+02 5.88796250e+00
3.55104987e+02 6.47238519e+00
3.55158461e+02 7.09522274e+00
3.55229845e+02 7.98054030e+00
3.55319387e+02 9.16106378e+00
3.55526431e+02 1.19949889e+01
3.55610310e+02 1.30767011e+01
3.55666230e+02 1.37392746e+01
3.55722150e+02 1.43372089e+01
3.55778070e+02 1.48557436e+01
3.55833989e+02 1.52812116e+01
3.55889909e+02 1.56016534e+01
3.55945829e+02 1.58073855e+01
3.56002255e+02 1.58916852e+01
3.56011659e+02 1.58933747e+01
3.56064144e+02 1.58372742e+01
3.56107224e+02 1.57084337e+01
3.56150304e+02 1.55063898e+01
3.56193384e+02 1.52337496e+01
3.56250825e+02 1.47670376e+01
3.56308265e+02 1.41933102e+01
3.56365705e+02 1.35270431e+01
3.56423146e+02 1.27848225e+01
3.56512342e+02 1.15240920e+01
3.56718756e+02 8.44589038e+00
3.56777710e+02 7.60495578e+00
3.56842323e+02 6.73247587e+00
3.56885398e+02 6.18544781e+00
3.56929511e+02 5.65732109e+00
3.56974660e+02 5.15245333e+00
3.57019810e+02 4.68492669e+00
3.57053672e+02 4.35908186e+00
3.57087534e+02 4.05441792e+00
3.57123823e+02 3.75109547e+00
3.57160111e+02 3.47116290e+00
3.57196400e+02 3.21381960e+00
3.57232688e+02 2.97810162e+00
3.57268977e+02 2.76291375e+00
3.57298567e+02 2.60181667e+00
3.57333555e+02 2.42699399e+00
3.57368543e+02 2.26804982e+00
3.57403532e+02 2.12382131e+00
3.57438520e+02 1.99315455e+00
3.57473508e+02 1.87492040e+00
3.57508496e+02 1.76803161e+00
3.57543484e+02 1.67145196e+00
3.57574980e+02 1.59252408e+00
3.57616984e+02 1.49789210e+00
3.57658988e+02 1.41409985e+00
3.57700992e+02 1.33986638e+00
3.57742996e+02 1.27406995e+00
3.57785000e+02 1.21574724e+00
3.57827004e+02 1.16408596e+00
3.57869008e+02 1.11841879e+00
3.57911012e+02 1.07821202e+00
3.57953016e+02 1.04305580e+00
3.57995020e+02 1.01265202e+00
3.58047259e+02 9.81181640e-01
3.58104614e+02 9.54530545e-01
3.58161970e+02 9.36156127e-01
3.58200207e+02 9.28604067e-01
3.58248004e+02 9.24635161e-01
3.58257563e+02 9.24591983e-01
3.58295800e+02 9.27002403e-01
3.58337343e+02 9.34457818e-01
3.58382191e+02 9.48426016e-01
3.58427039e+02 9.68845183e-01
3.58471887e+02 9.96032205e-01
3.58516736e+02 1.03029601e+00
3.58561584e+02 1.07192474e+00
3.58606432e+02 1.12117261e+00
3.58651280e+02 1.17824664e+00
3.58691424e+02 1.23609373e+00
3.58744585e+02 1.32261739e+00
3.58797745e+02 1.42041996e+00
3.58850905e+02 1.52929478e+00
3.58904065e+02 1.64882654e+00
3.58957225e+02 1.77837816e+00
3.59012880e+02 1.92380438e+00
3.59096363e+02 2.15795247e+00
3.59207673e+02 2.49158274e+00
3.59402466e+02 3.09083656e+00
3.59489648e+02 3.34609869e+00
3.59576830e+02 3.58295286e+00
3.59664013e+02 3.79549283e+00
3.59751195e+02 3.97943246e+00
3.59838377e+02 4.13230013e+00
3.59925559e+02 4.25344624e+00
3.60012741e+02 4.34389226e+00
3.60099923e+02 4.40606284e+00
3.60179180e+02 4.44097135e+00
3.60298045e+02 4.46189422e+00
3.60321818e+02 4.46241884e+00
3.60464457e+02 4.44782580e+00
3.60939917e+02 4.34517025e+00
3.61159267e+02 4.30207895e+00
3.61310645e+02 4.25014889e+00
3.61428037e+02 4.18530919e+00
3.61545430e+02 4.09401875e+00
3.61662822e+02 3.97620320e+00
3.61780215e+02 3.83592922e+00
3.61936738e+02 3.62583456e+00
3.62559902e+02 2.73875609e+00
3.62823564e+02 2.35582434e+00
3.62898896e+02 2.25449511e+00
3.62974228e+02 2.16306810e+00
3.63030727e+02 2.10381234e+00
3.63087226e+02 2.05495656e+00
3.63146724e+02 2.01725934e+00
3.63191348e+02 1.99983183e+00
3.63235972e+02 1.99293310e+00
3.63280596e+02 1.99761780e+00
3.63325220e+02 2.01486125e+00
3.63362482e+02 2.03951507e+00
3.63399745e+02 2.07397010e+00
3.63437007e+02 2.11858691e+00
3.63474270e+02 2.17364058e+00
3.63511532e+02 2.23931121e+00
3.63548794e+02 2.31567527e+00
3.63586057e+02 2.40269795e+00
3.63623319e+02 2.50022650e+00
3.63676672e+02 2.65758467e+00
3.63730024e+02 2.83463600e+00
3.63783377e+02 3.02958819e+00
3.63836729e+02 3.24012582e+00
3.63907866e+02 3.54016856e+00
3.64143257e+02 4.58850490e+00
3.64221720e+02 4.91522121e+00
3.64300717e+02 5.21136422e+00
3.64353382e+02 5.38499589e+00
3.64406047e+02 5.53635947e+00
3.64458711e+02 5.66329484e+00
3.64511376e+02 5.76424588e+00
3.64564040e+02 5.83829441e+00
3.64616705e+02 5.88516495e+00
3.64683922e+02 5.90612138e+00
3.64752063e+02 5.88492841e+00
3.64806575e+02 5.83952349e+00
3.64888344e+02 5.72941948e+00
3.64970113e+02 5.57697240e+00
3.65051882e+02 5.39181398e+00
3.65188163e+02 5.03599102e+00
3.65460726e+02 4.27376140e+00
3.65605367e+02 3.89427695e+00
3.65695495e+02 3.67699938e+00
3.65785624e+02 3.47805161e+00
3.65875752e+02 3.30013518e+00
3.65965880e+02 3.14573564e+00
3.66033476e+02 3.04662318e+00
3.66101073e+02 2.96246766e+00
3.66168669e+02 2.89344443e+00
3.66236265e+02 2.83922634e+00
3.66323814e+02 2.78943067e+00
3.66413579e+02 2.75871411e+00
3.66534743e+02 2.73947801e+00
3.66716489e+02 2.72018265e+00
3.66807361e+02 2.69661799e+00
3.66877603e+02 2.66581210e+00
3.66957505e+02 2.61434082e+00
3.67037407e+02 2.54391954e+00
3.67117308e+02 2.45486373e+00
3.67197210e+02 2.34935018e+00
3.67277112e+02 2.23118494e+00
3.67503250e+02 1.87463687e+00
3.67582404e+02 1.75970770e+00
3.67635173e+02 1.69023211e+00
3.67687942e+02 1.62785293e+00
3.67740711e+02 1.57348463e+00
3.67793480e+02 1.52778507e+00
3.67846249e+02 1.49115365e+00
3.67899018e+02 1.46374456e+00
3.67946796e+02 1.44683163e+00
3.68008817e+02 1.43576736e+00
3.68031864e+02 1.43468045e+00
3.68077959e+02 1.43720635e+00
3.68124054e+02 1.44572153e+00
3.68193196e+02 1.46900753e+00
3.68262338e+02 1.50407558e+00
3.68331480e+02 1.55036282e+00
3.68400623e+02 1.60792960e+00
3.68469765e+02 1.67766505e+00
3.68538907e+02 1.76145707e+00
3.68585002e+02 1.82656442e+00
3.68631097e+02 1.90041358e+00
3.68677192e+02 1.98442065e+00
3.68724465e+02 2.08284910e+00
3.68772916e+02 2.19871104e+00
3.68809254e+02 2.29697447e+00
3.68845593e+02 2.40617279e+00
3.68881931e+02 2.52743021e+00
3.68918269e+02 2.66190289e+00
3.68954607e+02 2.81076168e+00
3.68990946e+02 2.97517233e+00
3.69027284e+02 3.15627638e+00
3.69063622e+02 3.35516241e+00
3.69102868e+02 3.59110463e+00
3.69147928e+02 3.89051878e+00
3.69192988e+02 4.22178246e+00
3.69238049e+02 4.58594428e+00
3.69283109e+02 4.98358168e+00
3.69328169e+02 5.41472030e+00
3.69376434e+02 5.91298598e+00
3.69424698e+02 6.44738007e+00
3.69472963e+02 7.01532033e+00
3.69543442e+02 7.89720230e+00
3.69632300e+02 9.07572543e+00
3.69810016e+02 1.14902017e+01
3.69876660e+02 1.23465240e+01
3.69955928e+02 1.32779662e+01
3.70008774e+02 1.38271346e+01
3.70061619e+02 1.43055461e+01
3.70114465e+02 1.47031050e+01
3.70167310e+02 1.50113113e+01
3.70220156e+02 1.52235873e+01
3.70273001e+02 1.53355440e+01
3.70299424e+02 1.53531755e+01
3.70347286e+02 1.53198969e+01
3.70395148e+02 1.52037232e+01
3.70443009e+02 1.50074432e+01
3.70490871e+02 1.47353959e+01
3.70538733e+02 1.43933387e+01
3.70586595e+02 1.39882754e+01
3.70650411e+02 1.33642042e+01
3.70714226e+02 1.26637089e+01
3.70809950e+02 1.15195363e+01
3.70968352e+02 9.56760413e+00
3.71031713e+02 8.82701771e+00
3.71097210e+02 8.11392466e+00
3.71147936e+02 7.60845614e+00
3.71198662e+02 7.15077095e+00
3.71249387e+02 6.74607919e+00
3.71283204e+02 6.50785646e+00
3.71317022e+02 6.29611444e+00
3.71361090e+02 6.06131556e+00
3.71401830e+02 5.88682531e+00
3.71442570e+02 5.75411005e+00
3.71483310e+02 5.66371386e+00
3.71524050e+02 5.61589753e+00
3.71551210e+02 5.60767901e+00
3.71584484e+02 5.62329253e+00
3.71617757e+02 5.66695259e+00
3.71651030e+02 5.73829213e+00
3.71684304e+02 5.83681596e+00
3.71728668e+02 6.00936444e+00
3.71773033e+02 6.22723951e+00
3.71817397e+02 6.48810938e+00
3.71861762e+02 6.78916174e+00
3.71906126e+02 7.12708490e+00
3.71956710e+02 7.55246207e+00
3.72007293e+02 8.01433037e+00
3.72083168e+02 8.75943904e+00
3.72285501e+02 1.08488278e+01
3.72366168e+02 1.16251340e+01
3.72421543e+02 1.21088274e+01
3.72476918e+02 1.25396783e+01
3.72532293e+02 1.29079321e+01
3.72587668e+02 1.32053629e+01
3.72643044e+02 1.34255122e+01
3.72698419e+02 1.35638540e+01
3.72753794e+02 1.36178772e+01
3.72800540e+02 1.35974247e+01
3.72847287e+02 1.35172746e+01
3.72894033e+02 1.33791239e+01
3.72940779e+02 1.31855033e+01
3.73010899e+02 1.27983717e+01
3.73081018e+02 1.23073968e+01
3.73151138e+02 1.17282524e+01
3.73221257e+02 1.10778999e+01
3.73314750e+02 1.01300611e+01
3.73478362e+02 8.36059525e+00
3.73592893e+02 7.12328297e+00
3.73684050e+02 6.18044352e+00
3.73744821e+02 5.58398027e+00
3.73796008e+02 5.10577655e+00
3.73859991e+02 4.54280851e+00
3.73911177e+02 4.12239110e+00
3.73949567e+02 3.82538902e+00
3.73992762e+02 3.51046380e+00
3.74035956e+02 3.21619057e+00
3.74079151e+02 2.94264395e+00
3.74122346e+02 2.68970185e+00
3.74158836e+02 2.49185916e+00
3.74195325e+02 2.30822953e+00
3.74231815e+02 2.13845606e+00
3.74268304e+02 1.98211364e+00
3.74304794e+02 1.83871432e+00
3.74332042e+02 1.73975232e+00
3.74362211e+02 1.63795389e+00
3.74392381e+02 1.54398949e+00
3.74422550e+02 1.45749822e+00
3.74452720e+02 1.37810633e+00
3.74482890e+02 1.30543275e+00
3.74513059e+02 1.23909009e+00
3.74543229e+02 1.17868968e+00
3.74579599e+02 1.11322393e+00
3.74611526e+02 1.06187406e+00
3.74643454e+02 1.01577739e+00
3.74675381e+02 9.74497613e-01
3.74707309e+02 9.37612674e-01
3.74749879e+02 8.94569619e-01
3.74792448e+02 8.57708316e-01
3.74835018e+02 8.26182255e-01
3.74877588e+02 7.99214740e-01
3.74920158e+02 7.76102153e-01
3.74984013e+02 7.47305766e-01
3.75047868e+02 7.23975285e-01
3.75111723e+02 7.04663586e-01
3.75196862e+02 6.83290944e-01
3.75320948e+02 6.57903639e-01
3.75443222e+02 6.37341967e-01
3.75565496e+02 6.20790272e-01
3.75647012e+02 6.12421725e-01
3.75728528e+02 6.06728344e-01
3.75810044e+02 6.04279480e-01
3.75891560e+02 6.05704699e-01
3.75966955e+02 6.11061233e-01
3.76042350e+02 6.20892353e-01
3.76098896e+02 6.31575185e-01
3.76155441e+02 6.45404804e-01
3.76211987e+02 6.62676343e-01
3.76268533e+02 6.83697607e-01
3.76325079e+02 7.08784912e-01
3.76381625e+02 7.38256123e-01
3.76438171e+02 7.72421400e-01
3.76494717e+02 8.11570220e-01
3.76541525e+02 8.47930433e-01
3.76588334e+02 8.87998016e-01
3.76635142e+02 9.31857696e-01
3.76681951e+02 9.79553684e-01
3.76752164e+02 1.05826604e+00
3.76822377e+02 1.14532659e+00
3.76896888e+02 1.24617456e+00
3.76979998e+02 1.36748696e+00
3.77090811e+02 1.53959312e+00
3.77284734e+02 1.84632226e+00
3.77376514e+02 1.98140998e+00
3.77440590e+02 2.06747066e+00
3.77504667e+02 2.14465921e+00
3.77568743e+02 2.21144244e+00
3.77632819e+02 2.26666518e+00
3.77696896e+02 2.30964496e+00
3.77760972e+02 2.34025244e+00
3.77825048e+02 2.35897099e+00
3.77901326e+02 2.36736715e+00
3.77977604e+02 2.36367976e+00
3.78206437e+02 2.32998338e+00
3.78230274e+02 2.32929575e+00
3.78301784e+02 2.33668493e+00
3.78358992e+02 2.35630233e+00
3.78416201e+02 2.39200240e+00
3.78454476e+02 2.42668726e+00
3.78492887e+02 2.47149253e+00
3.78531299e+02 2.52742055e+00
3.78569711e+02 2.59556940e+00
3.78608122e+02 2.67701875e+00
3.78646534e+02 2.77282389e+00
3.78684945e+02 2.88400695e+00
3.78723357e+02 3.01155115e+00
3.78761221e+02 3.15420078e+00
3.78798538e+02 3.31204954e+00
3.78835855e+02 3.48778173e+00
3.78873172e+02 3.68206929e+00
3.78910488e+02 3.89550452e+00
3.78947805e+02 4.12858359e+00
3.78985122e+02 4.38169688e+00
3.79022439e+02 4.65511210e+00
3.79070109e+02 5.03410991e+00
3.79113628e+02 5.40911952e+00
3.79157146e+02 5.81140925e+00
3.79215170e+02 6.38883581e+00
3.79273194e+02 7.01038529e+00
3.79347161e+02 7.85968249e+00
3.79439621e+02 8.99270726e+00
3.79666548e+02 1.18889663e+01
3.79739661e+02 1.27726034e+01
3.79812774e+02 1.35886192e+01
3.79885887e+02 1.43122221e+01
3.79959000e+02 1.49216596e+01
3.80016482e+02 1.53094520e+01
3.80073965e+02 1.56107602e+01
3.80131448e+02 1.58231606e+01
3.80188931e+02 1.59474721e+01
3.80248124e+02 1.59878827e+01
3.80307318e+02 1.59476401e+01
3.80386243e+02 1.57893173e+01
3.80504631e+02 1.54032495e+01
3.80662481e+02 1.48387444e+01
3.80741405e+02 1.46309456e+01
3.80820331e+02 1.45181806e+01
3.80851691e+02 1.45046874e+01
3.80918015e+02 1.45391180e+01
3.80987941e+02 1.46677038e+01
3.81057868e+02 1.48828401e+01
3.81162758e+02 1.53285365e+01
3.81337574e+02 1.61675711e+01
3.81407500e+02 1.64405233e+01
3.81484760e+02 1.66420122e+01
3.81548204e+02 1.67036475e+01
3.81611648e+02 1.66547223e+01
3.81666622e+02 1.65150045e+01
3.81721595e+02 1.62817259e+01
3.81776568e+02 1.59554335e+01
3.81831542e+02 1.55400342e+01
3.81886515e+02 1.50425324e+01
3.81941488e+02 1.44726418e+01
3.82014786e+02 1.36210197e+01
3.82124733e+02 1.22140877e+01
3.82265185e+02 1.03586229e+01
3.82332339e+02 9.50972017e+00
3.82399493e+02 8.71420193e+00
3.82449859e+02 8.16223757e+00
3.82489281e+02 7.76061915e+00
3.82534550e+02 7.33482317e+00
3.82579818e+02 6.94840619e+00
3.82625087e+02 6.60209568e+00
3.82670355e+02 6.29574908e+00
3.82715624e+02 6.02843966e+00
3.82760892e+02 5.79855748e+00
3.82806161e+02 5.60392104e+00
3.82857481e+02 5.42254911e+00
3.82886167e+02 5.33782686e+00
3.82943538e+02 5.20033575e+00
3.83004850e+02 5.09415421e+00
3.83066161e+02 5.02212203e+00
3.83127473e+02 4.97651341e+00
3.83188784e+02 4.95032767e+00
3.83311407e+02 4.93312090e+00
3.83578259e+02 4.93857665e+00
3.83865873e+02 4.92426169e+00
3.84044601e+02 4.89304623e+00
3.84178646e+02 4.83747323e+00
3.84257717e+02 4.78189086e+00
3.84326494e+02 4.71523389e+00
3.84395271e+02 4.62876169e+00
3.84464048e+02 4.52056095e+00
3.84532825e+02 4.38965859e+00
3.84601602e+02 4.23616338e+00
3.84670380e+02 4.06131313e+00
3.84739157e+02 3.86742811e+00
3.84819480e+02 3.62131905e+00
3.84957283e+02 3.16832049e+00
3.85095087e+02 2.70954656e+00
3.85174639e+02 2.45734498e+00
3.85241874e+02 2.25795304e+00
3.85292301e+02 2.11916624e+00
3.85342728e+02 1.99127282e+00
3.85393154e+02 1.87567341e+00
3.85430795e+02 1.79818764e+00
3.85472460e+02 1.72190046e+00
3.85514125e+02 1.65624580e+00
3.85555790e+02 1.60190402e+00
3.85597455e+02 1.55955138e+00
3.85628703e+02 1.53606324e+00
3.85659952e+02 1.51999136e+00
3.85691200e+02 1.51163044e+00
3.85708127e+02 1.51042707e+00
3.85743281e+02 1.51564822e+00
3.85779204e+02 1.53213057e+00
3.85813797e+02 1.55909623e+00
3.85848390e+02 1.59738567e+00
3.85882984e+02 1.64743691e+00
3.85917577e+02 1.70968813e+00
3.85952170e+02 1.78457390e+00
3.85986763e+02 1.87251858e+00
3.86021356e+02 1.97393052e+00
3.86050789e+02 2.07110681e+00
3.86087198e+02 2.20551461e+00
3.86123606e+02 2.35597209e+00
3.86160015e+02 2.52278849e+00
3.86196423e+02 2.70620123e+00
3.86232832e+02 2.90636123e+00
3.86267178e+02 3.11058571e+00
3.86301525e+02 3.32971372e+00
3.86347321e+02 3.64480089e+00
3.86393116e+02 3.98546906e+00
3.86439377e+02 4.35453983e+00
3.86486103e+02 4.75129614e+00
3.86532829e+02 5.17021424e+00
3.86602919e+02 5.83479799e+00
3.86683174e+02 6.63740027e+00
3.86883813e+02 8.71446075e+00
3.86959268e+02 9.46787135e+00
3.87029922e+02 1.01324408e+01
3.87100576e+02 1.07419314e+01
3.87171230e+02 1.12829309e+01
3.87241884e+02 1.17445152e+01
3.87312539e+02 1.21188576e+01
3.87383193e+02 1.24016419e+01
3.87453847e+02 1.25922339e+01
3.87508025e+02 1.26776540e+01
3.87582764e+02 1.27143380e+01
3.87657504e+02 1.26661093e+01
3.87732244e+02 1.25454006e+01
3.87844354e+02 1.22587984e+01
3.87956464e+02 1.18867102e+01
3.88180684e+02 1.10311827e+01
3.88404903e+02 1.01312677e+01
3.88554383e+02 9.48690968e+00
3.88666493e+02 8.95319718e+00
3.88781832e+02 8.34220159e+00
3.88898786e+02 7.65193180e+00
3.89015740e+02 6.89599758e+00
3.89132694e+02 6.09275505e+00
3.89327616e+02 4.72998312e+00
3.89413630e+02 4.15440697e+00
3.89470972e+02 3.78958865e+00
3.89528314e+02 3.44413906e+00
3.89582919e+02 3.13603965e+00
3.89634787e+02 2.86429286e+00
3.89673688e+02 2.67477342e+00
3.89712589e+02 2.49802620e+00
3.89751490e+02 2.33436963e+00
3.89796247e+02 2.16249671e+00
3.89828037e+02 2.05112110e+00
3.89859827e+02 1.94858148e+00
3.89891617e+02 1.85477025e+00
3.89923407e+02 1.76952804e+00
3.89955197e+02 1.69264870e+00
3.89986987e+02 1.62388211e+00
3.90018777e+02 1.56294004e+00
3.90059593e+02 1.49564775e+00
3.90100409e+02 1.43997528e+00
3.90141225e+02 1.39511944e+00
3.90182041e+02 1.36024014e+00
3.90222163e+02 1.33484671e+00
3.90262285e+02 1.31745253e+00
3.90302406e+02 1.30726474e+00
3.90342528e+02 1.30352686e+00
3.90396023e+02 1.30736778e+00
3.90449519e+02 1.31994991e+00
3.90503014e+02 1.34005531e+00
3.90556510e+02 1.36677183e+00
3.90610005e+02 1.39952495e+00
3.90663501e+02 1.43809714e+00
3.90716996e+02 1.48263265e+00
3.90770492e+02 1.53362797e+00
3.90823987e+02 1.59190642e+00
3.90877483e+02 1.65857772e+00
3.90930978e+02 1.73498103e+00
3.90984474e+02 1.82261480e+00
3.91037969e+02 1.92305309e+00
3.91082037e+02 2.01651363e+00
3.91126105e+02 2.12053601e+00
3.91170173e+02 2.23584029e+00
3.91214241e+02 2.36301277e+00
3.91258309e+02 2.50246768e+00
3.91302378e+02 2.65441138e+00
3.91346446e+02 2.81881024e+00
3.91408080e+02 3.06900565e+00
3.91460777e+02 3.30043396e+00
3.91531040e+02 3.63082656e+00
3.91636435e+02 4.16036309e+00
3.91803927e+02 5.01997609e+00
3.91892168e+02 5.44035669e+00
3.91958348e+02 5.72306660e+00
3.92024529e+02 5.96786242e+00
3.92086106e+02 6.15458145e+00
3.92147682e+02 6.29625751e+00
3.92209259e+02 6.38887910e+00
3.92255442e+02 6.42457689e+00
3.92290684e+02 6.43196482e+00
3.92350229e+02 6.40541661e+00
3.92409774e+02 6.33087288e+00
3.92469319e+02 6.21073019e+00
3.92528864e+02 6.04858343e+00
3.92588409e+02 5.84904283e+00
3.92647954e+02 5.61750902e+00
3.92707498e+02 5.35992902e+00
3.92786892e+02 4.98676493e+00
3.93017027e+02 3.83856845e+00
3.93109565e+02 3.39819146e+00
3.93183596e+02 3.06962195e+00
3.93236463e+02 2.85071346e+00
3.93288003e+02 2.65111619e+00
3.93339543e+02 2.46575265e+00
3.93391083e+02 2.29486276e+00
3.93442623e+02 2.13838558e+00
3.93476982e+02 2.04192738e+00
3.93532467e+02 1.89901342e+00
3.93574080e+02 1.80182170e+00
3.93615694e+02 1.71275182e+00
3.93671178e+02 1.60585391e+00
3.93726663e+02 1.51147901e+00
3.93782147e+02 1.42846646e+00
3.93837632e+02 1.35565819e+00
3.93893116e+02 1.29193159e+00
3.93947074e+02 1.23765891e+00
3.93999507e+02 1.19132881e+00
3.94051939e+02 1.15055283e+00
3.94130587e+02 1.09835628e+00
3.94209235e+02 1.05526160e+00
3.94287884e+02 1.01981386e+00
3.94366532e+02 9.91005208e-01
3.94445180e+02 9.68264786e-01
3.94523828e+02 9.51444576e-01
3.94602477e+02 9.40803608e-01
3.94681125e+02 9.36992900e-01
3.94733557e+02 9.38740082e-01
3.94792039e+02 9.45287847e-01
3.94853856e+02 9.58183168e-01
3.94915672e+02 9.78099279e-01
3.94962034e+02 9.98251709e-01
3.95008397e+02 1.02339462e+00
3.95054759e+02 1.05403121e+00
3.95101121e+02 1.09069202e+00
3.95147484e+02 1.13392975e+00
3.95193846e+02 1.18431239e+00
3.95240208e+02 1.24241461e+00
3.95286571e+02 1.30880880e+00
3.95324150e+02 1.36909490e+00
3.95361730e+02 1.43548198e+00
3.95399309e+02 1.50824024e+00
3.95436889e+02 1.58761844e+00
3.95474469e+02 1.67384033e+00
3.95512048e+02 1.76709786e+00
3.95549627e+02 1.86754761e+00
3.95602475e+02 2.02118980e+00
3.95648278e+02 2.16617029e+00
3.95694081e+02 2.32211495e+00
3.95739884e+02 2.48888816e+00
3.95800955e+02 2.72762116e+00
3.95871366e+02 3.02484074e+00
3.95951117e+02 3.38719414e+00
3.96030867e+02 3.77272036e+00
3.96150493e+02 4.38272987e+00
3.96397670e+02 5.67836520e+00
3.96480063e+02 6.09301753e+00
3.96589919e+02 6.61104243e+00
3.96663137e+02 6.92603696e+00
3.96736356e+02 7.21055009e+00
3.96809574e+02 7.45919936e+00
3.96882792e+02 7.66661497e+00
3.96956010e+02 7.82751921e+00
3.97029229e+02 7.93687891e+00
3.97102447e+02 7.99014171e+00
3.97139056e+02 7.99451904e+00
3.97195297e+02 7.97121960e+00
3.97254192e+02 7.90695070e+00
3.97313086e+02 7.80144653e+00
3.97371981e+02 7.65500528e+00
3.97430876e+02 7.46876062e+00
3.97489771e+02 7.24472181e+00
3.97548666e+02 6.98577580e+00
3.97607561e+02 6.69564710e+00
3.97686087e+02 6.26812974e+00
3.97764613e+02 5.80547940e+00
3.98005770e+02 4.31049587e+00
3.98073068e+02 3.91101799e+00
3.98131109e+02 3.58384883e+00
3.98189150e+02 3.27692252e+00
3.98247191e+02 2.99352657e+00
3.98290722e+02 2.79802882e+00
3.98340510e+02 2.59359488e+00
3.98375788e+02 2.46164297e+00
3.98411065e+02 2.34069380e+00
3.98446343e+02 2.23093218e+00
3.98481621e+02 2.13247656e+00
3.98516899e+02 2.04538525e+00
3.98552177e+02 1.96966264e+00
3.98587455e+02 1.90526542e+00
3.98627786e+02 1.84540650e+00
3.98668117e+02 1.80004903e+00
3.98708448e+02 1.76894980e+00
3.98748779e+02 1.75181663e+00
3.98787458e+02 1.74819258e+00
3.98826136e+02 1.75676850e+00
3.98864814e+02 1.77717393e+00
3.98903492e+02 1.80900123e+00
3.98942170e+02 1.85180378e+00
3.98980848e+02 1.90509222e+00
3.99019526e+02 1.96833158e+00
3.99058204e+02 2.04093700e+00
3.99108750e+02 2.14887184e+00
3.99159296e+02 2.27013551e+00
3.99226691e+02 2.44951787e+00
3.99294086e+02 2.64487096e+00
3.99418422e+02 3.02968257e+00
3.99554379e+02 3.45071332e+00
3.99645017e+02 3.70872659e+00
3.99711589e+02 3.87764433e+00
3.99775347e+02 4.01851126e+00
3.99839105e+02 4.13585495e+00
3.99902862e+02 4.22759861e+00
3.99966620e+02 4.29271387e+00
4.00030377e+02 4.33128419e+00
4.00097882e+02 4.34454266e+00
4.00165387e+02 4.33212240e+00
4.00255394e+02 4.28250289e+00
4.00345400e+02 4.20603614e+00
4.00570416e+02 3.98666975e+00
4.00660422e+02 3.92147273e+00
4.00750429e+02 3.88381020e+00
4.00803716e+02 3.87661932e+00
4.00876116e+02 3.88556486e+00
4.00948516e+02 3.91516505e+00
4.01045049e+02 3.98203620e+00
4.01189848e+02 4.11893461e+00
4.01334648e+02 4.25751520e+00
4.01431181e+02 4.32620921e+00
4.01503580e+02 4.35605971e+00
4.01557880e+02 4.36340052e+00
4.01622130e+02 4.35351682e+00
4.01700163e+02 4.31278805e+00
4.01778196e+02 4.24002487e+00
4.01856229e+02 4.13627701e+00
4.01934262e+02 4.00402184e+00
4.02012295e+02 3.84682473e+00
4.02090328e+02 3.66896891e+00
4.02168361e+02 3.47510614e+00
4.02324426e+02 3.05808515e+00
4.02515817e+02 2.53596377e+00
4.02625001e+02 2.25221771e+00
4.02712348e+02 2.03980825e+00
4.02777858e+02 1.89146314e+00
4.02838561e+02 1.76377750e+00
4.02899264e+02 1.64656872e+00
4.02959967e+02 1.54080519e+00
4.03020670e+02 1.44737656e+00
4.03061138e+02 1.39234558e+00
4.03101607e+02 1.34337518e+00
4.03154491e+02 1.28884562e+00
4.03207376e+02 1.24540458e+00
4.03242632e+02 1.22277566e+00
4.03277888e+02 1.20531557e+00
4.03313144e+02 1.19309996e+00
4.03348401e+02 1.18619241e+00
4.03383657e+02 1.18464457e+00
4.03419785e+02 1.18865974e+00
4.03455912e+02 1.19837330e+00
4.03492040e+02 1.21380075e+00
4.03528167e+02 1.23494374e+00
4.03564295e+02 1.26179029e+00
4.03600423e+02 1.29431441e+00
4.03648593e+02 1.34644074e+00
4.03696763e+02 1.40845527e+00
4.03744934e+02 1.48018166e+00
4.03788144e+02 1.55260759e+00
4.03845521e+02 1.66026033e+00
4.03902898e+02 1.78054528e+00
4.03960274e+02 1.91288515e+00
4.04017651e+02 2.05664250e+00
4.04075028e+02 2.21113270e+00
4.04145549e+02 2.41466288e+00
4.04216070e+02 2.63197945e+00
4.04310099e+02 2.94091257e+00
4.04404127e+02 3.26913184e+00
4.04531546e+02 3.74026921e+00
4.04665554e+02 4.26333393e+00
4.04826363e+02 4.91972426e+00
4.05072694e+02 5.94335745e+00
4.05188331e+02 6.39804920e+00
4.05265423e+02 6.67622070e+00
4.05342514e+02 6.92438639e+00
4.05419605e+02 7.13319483e+00
4.05496697e+02 7.29325929e+00
4.05570400e+02 7.39266160e+00
4.05644104e+02 7.43309090e+00
4.05715288e+02 7.41173231e+00
4.05781434e+02 7.33662407e+00
4.05847579e+02 7.20813587e+00
4.05913724e+02 7.02790919e+00
4.05979870e+02 6.79932811e+00
4.06046015e+02 6.52740248e+00
4.06112160e+02 6.21854951e+00
4.06178305e+02 5.88029707e+00
4.06266499e+02 5.39793039e+00
4.06462216e+02 4.29537913e+00
4.06525643e+02 3.95482991e+00
4.06589069e+02 3.63255014e+00
4.06652496e+02 3.33306185e+00
4.06711332e+02 3.07867471e+00
4.06770168e+02 2.84887522e+00
4.06809392e+02 2.70997494e+00
4.06848617e+02 2.58276374e+00
4.06887841e+02 2.46731793e+00
4.06927065e+02 2.36360276e+00
4.06966289e+02 2.27148656e+00
4.07017932e+02 2.16751996e+00
4.07069575e+02 2.08260340e+00
4.07121219e+02 2.01589697e+00
4.07172862e+02 1.96644034e+00
4.07224505e+02 1.93319044e+00
4.07273722e+02 1.91558274e+00
4.07321726e+02 1.91070237e+00
4.07369730e+02 1.91704106e+00
4.07417734e+02 1.93368087e+00
4.07465738e+02 1.95970083e+00
4.07529743e+02 2.00738506e+00
4.07593748e+02 2.06787986e+00
4.07657753e+02 2.13891508e+00
4.07753761e+02 2.26007311e+00
4.08003035e+02 2.59960363e+00
4.08086127e+02 2.70057028e+00
4.08169218e+02 2.78562286e+00
4.08231537e+02 2.83573991e+00
4.08293855e+02 2.87194772e+00
4.08356174e+02 2.89265023e+00
4.08397720e+02 2.89724110e+00
4.08460182e+02 2.88970718e+00
4.08522716e+02 2.86454607e+00
4.08585250e+02 2.82199301e+00
4.08647784e+02 2.76285720e+00
4.08710318e+02 2.68850593e+00
4.08793697e+02 2.56902950e+00
4.08877076e+02 2.43161156e+00
4.09085522e+02 2.05582210e+00
4.09179874e+02 1.89478871e+00
4.09250638e+02 1.78703029e+00
4.09297814e+02 1.72362646e+00
4.09344989e+02 1.66818623e+00
4.09392165e+02 1.62160174e+00
4.09439341e+02 1.58461540e+00
4.09477612e+02 1.56206681e+00
4.09521662e+02 1.54470027e+00
4.09565712e+02 1.53672677e+00
4.09580395e+02 1.53617371e+00
4.09622977e+02 1.54051297e+00
4.09665559e+02 1.55359571e+00
4.09708141e+02 1.57519514e+00
4.09750723e+02 1.60496004e+00
4.09793305e+02 1.64241779e+00
4.09857179e+02 1.71170788e+00
4.09921052e+02 1.79450522e+00
4.09987690e+02 1.89209740e+00
4.10098753e+02 2.06977422e+00
4.10232030e+02 2.28338291e+00
4.10298388e+02 2.37976581e+00
4.10364188e+02 2.46341623e+00
4.10429987e+02 2.53169506e+00
4.10495786e+02 2.58168647e+00
4.10561585e+02 2.61117923e+00
4.10627385e+02 2.61876432e+00
4.10685345e+02 2.60683946e+00
4.10743305e+02 2.57766236e+00
4.10801266e+02 2.53192877e+00
4.10859226e+02 2.47080699e+00
4.10917186e+02 2.39588211e+00
4.10975146e+02 2.30908374e+00
4.11052427e+02 2.17869244e+00
4.11168347e+02 1.96318084e+00
4.11318169e+02 1.67690592e+00
4.11390711e+02 1.54500559e+00
4.11463253e+02 1.42188707e+00
4.11517659e+02 1.33669943e+00
4.11563126e+02 1.27075669e+00
4.11617790e+02 1.19815557e+00
4.11672454e+02 1.13300726e+00
4.11727118e+02 1.07526337e+00
4.11781782e+02 1.02467816e+00
4.11836446e+02 9.80844376e-01
4.11891110e+02 9.43232346e-01
4.11945773e+02 9.11230184e-01
4.11997739e+02 8.85412250e-01
4.12071640e+02 8.55297349e-01
4.12145541e+02 8.31553320e-01
4.12219442e+02 8.12849373e-01
4.12317976e+02 7.94022178e-01
4.12416511e+02 7.80919852e-01
4.12515046e+02 7.73270782e-01
4.12588947e+02 7.71564509e-01
4.12662848e+02 7.74041720e-01
4.12736749e+02 7.81601313e-01
4.12792107e+02 7.91224429e-01
4.12853557e+02 8.06528451e-01
4.12915007e+02 8.27366124e-01
4.12976457e+02 8.54447952e-01
4.13022544e+02 8.79289393e-01
4.13068632e+02 9.08352617e-01
4.13114719e+02 9.41944344e-01
4.13160807e+02 9.80373618e-01
4.13206894e+02 1.02395388e+00
4.13252981e+02 1.07300466e+00
4.13295880e+02 1.12386560e+00
4.13338778e+02 1.18002343e+00
4.13381677e+02 1.24176055e+00
4.13424576e+02 1.30936933e+00
4.13467474e+02 1.38315227e+00
4.13510373e+02 1.46342113e+00
4.13553271e+02 1.55049488e+00
4.13596169e+02 1.64469638e+00
4.13637392e+02 1.74223284e+00
4.13678615e+02 1.84692751e+00
4.13740449e+02 2.01796813e+00
4.13802283e+02 2.20650848e+00
4.13864117e+02 2.41316895e+00
4.13925951e+02 2.63830387e+00
4.13977422e+02 2.83980649e+00
4.14046049e+02 3.12795279e+00
4.14097519e+02 3.35797152e+00
4.14166146e+02 3.68152671e+00
4.14270944e+02 4.20603876e+00
4.14482395e+02 5.31102028e+00
4.14576374e+02 5.78214525e+00
4.14669232e+02 6.20792949e+00
4.14731137e+02 6.45999952e+00
4.14793042e+02 6.68016136e+00
4.14854947e+02 6.86346155e+00
4.14916852e+02 7.00570730e+00
4.14978757e+02 7.10364280e+00
4.15040662e+02 7.15508021e+00
4.15071614e+02 7.16299183e+00
4.15142979e+02 7.13590271e+00
4.15214344e+02 7.04681819e+00
4.15285708e+02 6.89892202e+00
4.15357073e+02 6.69712000e+00
4.15428438e+02 6.44772979e+00
4.15499802e+02 6.15812018e+00
4.15594955e+02 5.72334849e+00
4.15690108e+02 5.25109902e+00
4.15901407e+02 4.16308884e+00
4.16004260e+02 3.65599471e+00
4.16072829e+02 3.33796974e+00
4.16140929e+02 3.04268911e+00
4.16191651e+02 2.83812581e+00
4.16242374e+02 2.64809999e+00
4.16293097e+02 2.47377101e+00
4.16343819e+02 2.31622816e+00
4.16377634e+02 2.22104194e+00
4.16417670e+02 2.11900970e+00
4.16457706e+02 2.02902228e+00
4.16497742e+02 1.95159578e+00
4.16537778e+02 1.88726262e+00
4.16577813e+02 1.83657555e+00
4.16617849e+02 1.80011318e+00
4.16647876e+02 1.78246501e+00
4.16677903e+02 1.77342523e+00
4.16697921e+02 1.77231673e+00
4.16735326e+02 1.78111723e+00
4.16766320e+02 1.79947453e+00
4.16794109e+02 1.82474525e+00
4.16821898e+02 1.85859423e+00
4.16849686e+02 1.90126076e+00
4.16877475e+02 1.95298300e+00
4.16905264e+02 2.01399594e+00
4.16933052e+02 2.08452971e+00
4.16960841e+02 2.16480530e+00
4.16988630e+02 2.25503203e+00
4.17025681e+02 2.39114821e+00
4.17055686e+02 2.51487562e+00
4.17090123e+02 2.67202085e+00
4.17124560e+02 2.84554882e+00
4.17158997e+02 3.03559072e+00
4.17193434e+02 3.24218576e+00
4.17227871e+02 3.46526998e+00
4.17269939e+02 3.75988586e+00
4.17312006e+02 4.07823641e+00
4.17354074e+02 4.41941602e+00
4.17396141e+02 4.78217661e+00
4.17445510e+02 5.23323126e+00
4.17519562e+02 5.95407129e+00
4.17593614e+02 6.71536358e+00
4.17777949e+02 8.66635888e+00
4.17869107e+02 9.58173363e+00
4.17928532e+02 1.01319226e+01
4.17987958e+02 1.06313925e+01
4.18047384e+02 1.10692779e+01
4.18106810e+02 1.14361139e+01
4.18166235e+02 1.17242741e+01
4.18225661e+02 1.19283332e+01
4.18285087e+02 1.20453513e+01
4.18334342e+02 1.20760858e+01
4.18392970e+02 1.20362213e+01
4.18451598e+02 1.19175474e+01
4.18510226e+02 1.17268363e+01
4.18549312e+02 1.15639690e+01
4.18627482e+02 1.11663937e+01
4.18705653e+02 1.06963176e+01
4.18940165e+02 9.14822247e+00
4.19017172e+02 8.68435249e+00
4.19094178e+02 8.27669783e+00
4.19171185e+02 7.93700630e+00
4.19222523e+02 7.75112629e+00
4.19273861e+02 7.59778930e+00
4.19350867e+02 7.42559513e+00
4.19414975e+02 7.32924386e+00
4.19511135e+02 7.24674747e+00
4.19767564e+02 7.15133047e+00
4.19863724e+02 7.06478761e+00
4.19931196e+02 6.96345067e+00
4.19998668e+02 6.82201082e+00
4.20066140e+02 6.63752074e+00
4.20133612e+02 6.40963464e+00
4.20201084e+02 6.14046105e+00
4.20268555e+02 5.83428041e+00
4.20336027e+02 5.49714687e+00
4.20437271e+02 4.94954478e+00
4.20639904e+02 3.80598149e+00
4.20731213e+02 3.31548287e+00
4.20788749e+02 3.02510335e+00
4.20846286e+02 2.75279191e+00
4.20889438e+02 2.56178797e+00
4.20934456e+02 2.37546495e+00
4.20980407e+02 2.19946512e+00
4.21026357e+02 2.03813260e+00
4.21072308e+02 1.89158296e+00
4.21118258e+02 1.75973573e+00
4.21148892e+02 1.67988869e+00
4.21190444e+02 1.58165325e+00
4.21231996e+02 1.49469877e+00
4.21273549e+02 1.41862517e+00
4.21315101e+02 1.35298851e+00
4.21356653e+02 1.29731607e+00
4.21398206e+02 1.25112142e+00
4.21439758e+02 1.21391559e+00
4.21481310e+02 1.18521816e+00
4.21518506e+02 1.16636576e+00
4.21555702e+02 1.15364082e+00
4.21600343e+02 1.14603579e+00
4.21615224e+02 1.14528075e+00
4.21659865e+02 1.14811699e+00
4.21704505e+02 1.15827251e+00
4.21749146e+02 1.17534996e+00
4.21793787e+02 1.19898524e+00
4.21838428e+02 1.22884278e+00
4.21883069e+02 1.26460931e+00
4.21942591e+02 1.32097764e+00
4.22002112e+02 1.38664264e+00
4.22062292e+02 1.46179516e+00
4.22123129e+02 1.54599399e+00
4.22183967e+02 1.63768445e+00
4.22275224e+02 1.78743618e+00
4.22366481e+02 1.94913905e+00
4.22518575e+02 2.23633771e+00
4.22811544e+02 2.80253018e+00
4.22978955e+02 3.10772161e+00
4.23104514e+02 3.32270627e+00
4.23430681e+02 3.85319128e+00
4.23551912e+02 4.06489172e+00
4.23642835e+02 4.24182791e+00
4.23733758e+02 4.44264207e+00
4.23824682e+02 4.67572352e+00
4.23885297e+02 4.85340729e+00
4.23945913e+02 5.05199935e+00
4.24006528e+02 5.27400825e+00
4.24067143e+02 5.52169781e+00
4.24127759e+02 5.79693637e+00
4.24184821e+02 6.08239800e+00
4.24265084e+02 6.52805389e+00
4.24345348e+02 7.02414488e+00
4.24425611e+02 7.56618760e+00
4.24532629e+02 8.34525282e+00
4.24738752e+02 9.90581948e+00
4.24830321e+02 1.05524578e+01
4.24891367e+02 1.09421465e+01
4.24952412e+02 1.12862214e+01
4.25013458e+02 1.15745430e+01
4.25074504e+02 1.17979747e+01
4.25134991e+02 1.19477883e+01
4.25195478e+02 1.20206089e+01
4.25215640e+02 1.20270738e+01
4.25268067e+02 1.20013359e+01
4.25332595e+02 1.18849791e+01
4.25397124e+02 1.16769739e+01
4.25461652e+02 1.13820631e+01
4.25526180e+02 1.10077438e+01
4.25590709e+02 1.05639047e+01
4.25655237e+02 1.00623556e+01
4.25752030e+02 9.23088411e+00
4.25991404e+02 7.04523199e+00
4.26058044e+02 6.47014981e+00
4.26122933e+02 5.94535493e+00
4.26171600e+02 5.57952945e+00
4.26220266e+02 5.24057718e+00
4.26268933e+02 4.93060269e+00
4.26309358e+02 4.69625354e+00
4.26357764e+02 4.44409805e+00
4.26406170e+02 4.22338890e+00
4.26454575e+02 4.03410348e+00
4.26502981e+02 3.87576148e+00
4.26551387e+02 3.74746849e+00
4.26599792e+02 3.64796176e+00
4.26648198e+02 3.57565673e+00
4.26693154e+02 3.53124508e+00
4.26734661e+02 3.50820986e+00
4.26776167e+02 3.50097078e+00
4.26838427e+02 3.51643722e+00
4.26900687e+02 3.55878367e+00
4.26962946e+02 3.62259808e+00
4.27045959e+02 3.73179421e+00
4.27336505e+02 4.17623205e+00
4.27462331e+02 4.33733202e+00
4.27588156e+02 4.46313767e+00
4.27741202e+02 4.58090684e+00
4.27879526e+02 4.68309487e+00
4.27985898e+02 4.78208303e+00
4.28060319e+02 4.87144326e+00
4.28134739e+02 4.98262489e+00
4.28209160e+02 5.11895409e+00
4.28283580e+02 5.28228875e+00
4.28358001e+02 5.47283746e+00
4.28432421e+02 5.68907729e+00
4.28544052e+02 6.05407832e+00
4.28828047e+02 7.07190424e+00
4.28922712e+02 7.38222083e+00
4.29017377e+02 7.64727615e+00
4.29088376e+02 7.80576825e+00
4.29159375e+02 7.92244677e+00
4.29230374e+02 7.99198990e+00
4.29301373e+02 8.01051304e+00
4.29369477e+02 7.97827018e+00
4.29437582e+02 7.89666424e+00
4.29505687e+02 7.76693516e+00
4.29573792e+02 7.59191035e+00
4.29641896e+02 7.37589955e+00
4.29710001e+02 7.12451128e+00
4.29800808e+02 6.74590164e+00
4.29937017e+02 6.12124118e+00
4.30082506e+02 5.44079170e+00
4.30191872e+02 4.95999119e+00
4.30273897e+02 4.63154642e+00
4.30355922e+02 4.33740058e+00
4.30410605e+02 4.16198572e+00
4.30465288e+02 4.00347072e+00
4.30542927e+02 3.80683215e+00
4.30620566e+02 3.64138052e+00
4.30698206e+02 3.50337127e+00
4.30775845e+02 3.38800821e+00
4.30879364e+02 3.26005165e+00
4.31189921e+02 2.93652443e+00
4.31331318e+02 2.77213098e+00
4.31444955e+02 2.62431494e+00
4.31710107e+02 2.25700630e+00
4.31785864e+02 2.16053944e+00
4.31861622e+02 2.07522018e+00
4.31917885e+02 2.02165047e+00
4.31973038e+02 1.97916227e+00
4.32028191e+02 1.94825750e+00
4.32083345e+02 1.93052921e+00
4.32120113e+02 1.92678523e+00
4.32175267e+02 1.93435619e+00
4.32216904e+02 1.95128622e+00
4.32263409e+02 1.98235066e+00
4.32309914e+02 2.02692613e+00
4.32356420e+02 2.08566041e+00
4.32402925e+02 2.15913236e+00
4.32449431e+02 2.24784466e+00
4.32495936e+02 2.35221705e+00
4.32542441e+02 2.47257685e+00
4.32584727e+02 2.59608489e+00
4.32622794e+02 2.71880858e+00
4.32679893e+02 2.92339531e+00
4.32736992e+02 3.15235037e+00
4.32794091e+02 3.40509871e+00
4.32851190e+02 3.68069999e+00
4.32910385e+02 3.98911566e+00
4.32970628e+02 4.32472000e+00
4.33050953e+02 4.80180843e+00
4.33151358e+02 5.43504121e+00
4.33424721e+02 7.22394712e+00
4.33518001e+02 7.80162866e+00
4.33607191e+02 8.31396399e+00
4.33692290e+02 8.75556322e+00
4.33777389e+02 9.14314879e+00
4.33862489e+02 9.47147603e+00
4.33947588e+02 9.73776952e+00
4.34032687e+02 9.94141108e+00
4.34117786e+02 1.00833901e+01
4.34202886e+02 1.01655990e+01
4.34285381e+02 1.01901922e+01
4.34378589e+02 1.01545652e+01
4.34458481e+02 1.00711877e+01
4.34538373e+02 9.93884610e+00
4.34618265e+02 9.75674066e+00
4.34698156e+02 9.52384072e+00
4.34778049e+02 9.23938677e+00
4.34857940e+02 8.90344697e+00
4.34937832e+02 8.51744176e+00
4.35017724e+02 8.08454708e+00
4.35097616e+02 7.60991803e+00
4.35187454e+02 7.03529140e+00
4.35322210e+02 6.11982900e+00
4.35514883e+02 4.79107527e+00
4.35601759e+02 4.21951803e+00
4.35659676e+02 3.85673796e+00
4.35714211e+02 3.53151422e+00
4.35765364e+02 3.24264065e+00
4.35816517e+02 2.97067889e+00
4.35867669e+02 2.71649848e+00
4.35918769e+02 2.48085774e+00
4.35969817e+02 2.26390155e+00
4.36008103e+02 2.11323409e+00
4.36046388e+02 1.97274823e+00
4.36084674e+02 1.84223061e+00
4.36132565e+02 1.69257082e+00
4.36167694e+02 1.59204861e+00
4.36202824e+02 1.49902718e+00
4.36237953e+02 1.41318258e+00
4.36273082e+02 1.33417274e+00
4.36308211e+02 1.26164318e+00
4.36343340e+02 1.19523251e+00
4.36378469e+02 1.13457766e+00
4.36425643e+02 1.06154922e+00
4.36472817e+02 9.97399134e-01
4.36519991e+02 9.41313518e-01
4.36567164e+02 8.92529451e-01
4.36614338e+02 8.50345057e-01
4.36661512e+02 8.14127759e-01
4.36708686e+02 7.83319557e-01
4.36755859e+02 7.57441405e-01
4.36803033e+02 7.36095633e-01
4.36850207e+02 7.18967577e-01
4.36881656e+02 7.09774311e-01
4.36935652e+02 6.97988474e-01
4.36989647e+02 6.91157645e-01
4.37043643e+02 6.89295065e-01
4.37097639e+02 6.92555830e-01
4.37149416e+02 7.00767539e-01
4.37201193e+02 7.14344294e-01
4.37240025e+02 7.28344456e-01
4.37278858e+02 7.45896122e-01
4.37317691e+02 7.67290194e-01
4.37356523e+02 7.92853285e-01
4.37395356e+02 8.22946617e-01
4.37434188e+02 8.57964476e-01
4.37473021e+02 8.98332142e-01
4.37511854e+02 9.44503189e-01
4.37547190e+02 9.91963668e-01
4.37582527e+02 1.04500111e+00
4.37617863e+02 1.10400208e+00
4.37653200e+02 1.16936032e+00
4.37688536e+02 1.24147323e+00
4.37723873e+02 1.32073581e+00
4.37759210e+02 1.40753696e+00
4.37794546e+02 1.50225180e+00
4.37832380e+02 1.61283847e+00
4.37870215e+02 1.73331006e+00
4.37908049e+02 1.86402685e+00
4.37945883e+02 2.00529431e+00
4.37983718e+02 2.15735409e+00
4.38022182e+02 2.32318215e+00
4.38060963e+02 2.50191906e+00
4.38112670e+02 2.75822222e+00
4.38151451e+02 2.96373810e+00
4.38203158e+02 3.25490150e+00
4.38261812e+02 3.60759158e+00
4.38320466e+02 3.98190788e+00
4.38408448e+02 4.57723464e+00
4.38537484e+02 5.49843625e+00
4.38703666e+02 6.69364660e+00
4.38788608e+02 7.27359148e+00
4.38873549e+02 7.81344859e+00
4.38958490e+02 8.30202603e+00
4.39043431e+02 8.73219248e+00
4.39128373e+02 9.10161589e+00
4.39213314e+02 9.41297095e+00
4.39298255e+02 9.67354897e+00
4.39383197e+02 9.89426526e+00
4.39750899e+02 1.06944456e+01
4.40057317e+02 1.13960003e+01
4.40149243e+02 1.15574081e+01
4.40241168e+02 1.16553730e+01
4.40302452e+02 1.16732080e+01
4.40379050e+02 1.16307672e+01
4.40438303e+02 1.15428201e+01
4.40504211e+02 1.13845178e+01
4.40570120e+02 1.11609778e+01
4.40636029e+02 1.08731954e+01
4.40701937e+02 1.05248305e+01
4.40745876e+02 1.02618742e+01
4.40833754e+02 9.67312998e+00
4.40921633e+02 9.02040519e+00
4.41172898e+02 7.04410978e+00
4.41248407e+02 6.48507384e+00
4.41323916e+02 5.96694306e+00
4.41380548e+02 5.61098576e+00
4.41447462e+02 5.23063088e+00
4.41495498e+02 4.98581229e+00
4.41543535e+02 4.76496328e+00
4.41591571e+02 4.56784850e+00
4.41639608e+02 4.39376575e+00
4.41687644e+02 4.24159986e+00
4.41735681e+02 4.10988339e+00
4.41783718e+02 3.99686143e+00
4.41848709e+02 3.87016371e+00
4.41913701e+02 3.76874266e+00
4.41957028e+02 3.71243798e+00
4.42053312e+02 3.61050823e+00
4.42292914e+02 3.40476437e+00
4.42388459e+02 3.30966159e+00
4.42484004e+02 3.19582552e+00
4.42579550e+02 3.06053743e+00
4.42675095e+02 2.90417679e+00
4.42770640e+02 2.72967337e+00
4.42913958e+02 2.44480734e+00
4.43096825e+02 2.07124072e+00
4.43188259e+02 1.89319677e+00
4.43256834e+02 1.76770473e+00
4.43334090e+02 1.63704157e+00
4.43388487e+02 1.55291196e+00
4.43442884e+02 1.47591837e+00
4.43497281e+02 1.40645552e+00
4.43551679e+02 1.34477738e+00
4.43606076e+02 1.29100353e+00
4.43660473e+02 1.24512930e+00
4.43714871e+02 1.20703919e+00
4.43760652e+02 1.18086213e+00
4.43806434e+02 1.15988271e+00
4.43852216e+02 1.14390230e+00
4.43897998e+02 1.13270035e+00
4.43965995e+02 1.12437812e+00
4.43988661e+02 1.12369606e+00
4.44056659e+02 1.12752517e+00
4.44124656e+02 1.13960098e+00
4.44192654e+02 1.15926683e+00
4.44260651e+02 1.18597261e+00
4.44328649e+02 1.21928508e+00
4.44396646e+02 1.25888028e+00
4.44441978e+02 1.28864745e+00
4.44532641e+02 1.35601317e+00
4.44623304e+02 1.43342850e+00
4.44729364e+02 1.53582097e+00
4.44835423e+02 1.64911986e+00
4.45118247e+02 1.97474450e+00
4.45216480e+02 2.08027284e+00
4.45299060e+02 2.15851334e+00
4.45381640e+02 2.22310192e+00
4.45464220e+02 2.27051007e+00
4.45519273e+02 2.29110077e+00
4.45588090e+02 2.30329107e+00
4.45601853e+02 2.30385244e+00
4.45672117e+02 2.29676543e+00
4.45736222e+02 2.27581057e+00
4.45800328e+02 2.24148877e+00
4.45864434e+02 2.19474500e+00
4.45928540e+02 2.13699481e+00
4.46014014e+02 2.04611636e+00
4.46142225e+02 1.89131003e+00
4.46270437e+02 1.73347913e+00
4.46337660e+02 1.65716838e+00
4.46411118e+02 1.58373780e+00
4.46460090e+02 1.54242698e+00
4.46509062e+02 1.50846924e+00
4.46558035e+02 1.48282173e+00
4.46607007e+02 1.46633882e+00
4.46655979e+02 1.45976620e+00
4.46704951e+02 1.46373903e+00
4.46750128e+02 1.47721138e+00
4.46795305e+02 1.50044014e+00
4.46840483e+02 1.53368765e+00
4.46885660e+02 1.57715103e+00
4.46930837e+02 1.63097029e+00
4.46976015e+02 1.69523591e+00
4.47021192e+02 1.76999863e+00
4.47066369e+02 1.85527719e+00
4.47106745e+02 1.94038973e+00
4.47147122e+02 2.03388593e+00
4.47187498e+02 2.13574652e+00
4.47248062e+02 2.30417107e+00
4.47308627e+02 2.49128213e+00
4.47369191e+02 2.69698988e+00
4.47430194e+02 2.92286856e+00
4.47491416e+02 3.16823451e+00
4.47552637e+02 3.43202298e+00
4.47613859e+02 3.71377012e+00
4.47695488e+02 4.11607246e+00
4.47769047e+02 4.50261688e+00
4.47875352e+02 5.09508042e+00
4.48181351e+02 6.88934674e+00
4.48261826e+02 7.33630915e+00
4.48342301e+02 7.75113618e+00
4.48422777e+02 8.12270055e+00
4.48503252e+02 8.44119059e+00
4.48583727e+02 8.69888976e+00
4.48664203e+02 8.89080452e+00
4.48744678e+02 9.01505072e+00
4.48817187e+02 9.07006629e+00
4.48849459e+02 9.07794383e+00
4.48914003e+02 9.06496101e+00
4.49010819e+02 8.98085004e+00
4.49107635e+02 8.83244693e+00
4.49236723e+02 8.56136354e+00
4.49365810e+02 8.23594622e+00
4.49559442e+02 7.68947800e+00
4.49753073e+02 7.08574577e+00
4.49903212e+02 6.56537284e+00
4.50031604e+02 6.07577354e+00
4.50159996e+02 5.54595630e+00
4.50331185e+02 4.79499505e+00
4.50543475e+02 3.85341127e+00
4.50646227e+02 3.41945899e+00
4.50728429e+02 3.09131322e+00
4.50810630e+02 2.78395710e+00
4.50869191e+02 2.57907551e+00
4.50926206e+02 2.39149608e+00
4.50983222e+02 2.21594747e+00
4.51040237e+02 2.05251865e+00
4.51097253e+02 1.90113109e+00
4.51155312e+02 1.75912674e+00
4.51215458e+02 1.62460644e+00
4.51275605e+02 1.50247411e+00
4.51335751e+02 1.39227871e+00
4.51395898e+02 1.29358958e+00
4.51456044e+02 1.20603649e+00
4.51498447e+02 1.15085082e+00
4.51540849e+02 1.10099936e+00
4.51583252e+02 1.05645689e+00
4.51625654e+02 1.01723848e+00
4.51668056e+02 9.83402441e-01
4.51710459e+02 9.55054093e-01
4.51752861e+02 9.32348488e-01
4.51795264e+02 9.15493052e-01
4.51837666e+02 9.04749175e-01
4.51880069e+02 9.00433898e-01
4.51924179e+02 9.03168992e-01
4.51955863e+02 9.09944742e-01
4.51990851e+02 9.22369982e-01
4.52029143e+02 9.42251895e-01
4.52067435e+02 9.69106398e-01
4.52105727e+02 1.00338220e+00
4.52144019e+02 1.04555683e+00
4.52172738e+02 1.08267228e+00
4.52201457e+02 1.12473163e+00
4.52230176e+02 1.17195870e+00
4.52258895e+02 1.22458046e+00
4.52291550e+02 1.29125760e+00
4.52318567e+02 1.35215733e+00
4.52359092e+02 1.45367523e+00
4.52399617e+02 1.56793816e+00
4.52440143e+02 1.69552333e+00
4.52480668e+02 1.83695884e+00
4.52518731e+02 1.98282492e+00
4.52555561e+02 2.13628957e+00
4.52592392e+02 2.30208987e+00
4.52629223e+02 2.48036570e+00
4.52666054e+02 2.67116582e+00
4.52713602e+02 2.93591635e+00
4.52759591e+02 3.21139857e+00
4.52805580e+02 3.50532833e+00
4.52851569e+02 3.81675003e+00
4.52900194e+02 4.16362226e+00
4.52977087e+02 4.74425833e+00
4.53079611e+02 5.56386162e+00
4.53278672e+02 7.19065138e+00
4.53358296e+02 7.80437586e+00
4.53424918e+02 8.28022704e+00
4.53505348e+02 8.79238034e+00
4.53558967e+02 9.08772792e+00
4.53612587e+02 9.34080654e+00
4.53666207e+02 9.54777624e+00
4.53719826e+02 9.70562795e+00
4.53773446e+02 9.81227863e+00
4.53837626e+02 9.87116019e+00
4.53856108e+02 9.87419114e+00
4.53911551e+02 9.84642222e+00
4.53974915e+02 9.74896487e+00
4.54038279e+02 9.58566091e+00
4.54101643e+02 9.36265740e+00
4.54165007e+02 9.08762672e+00
4.54249492e+02 8.65550554e+00
4.54333977e+02 8.17019064e+00
4.54556563e+02 6.81695804e+00
4.54636987e+02 6.35997869e+00
4.54717410e+02 5.94474575e+00
4.54771026e+02 5.69636129e+00
4.54824642e+02 5.47316465e+00
4.54878257e+02 5.27625780e+00
4.54931873e+02 5.10587548e+00
4.55000645e+02 4.92510978e+00
4.55069418e+02 4.78383168e+00
4.55143837e+02 4.66974547e+00
4.55229551e+02 4.57799625e+00
4.55343836e+02 4.49770879e+00
4.55515263e+02 4.39556722e+00
4.55604865e+02 4.32025238e+00
4.55669784e+02 4.24773321e+00
4.55734703e+02 4.15721076e+00
4.55799622e+02 4.04745119e+00
4.55864542e+02 3.91844250e+00
4.55929461e+02 3.77130816e+00
4.56026839e+02 3.52147767e+00
4.56135394e+02 3.21346666e+00
4.56309937e+02 2.69689078e+00
4.56397209e+02 2.44873164e+00
4.56461933e+02 2.27570613e+00
4.56525199e+02 2.11847621e+00
4.56588466e+02 1.97488614e+00
4.56651732e+02 1.84623165e+00
4.56714998e+02 1.73325763e+00
4.56757175e+02 1.66678934e+00
4.56798547e+02 1.60843231e+00
4.56839113e+02 1.55768245e+00
4.56879680e+02 1.51317606e+00
4.56940529e+02 1.45765337e+00
4.57001378e+02 1.41484406e+00
4.57062227e+02 1.38378286e+00
4.57126050e+02 1.36272649e+00
4.57195821e+02 1.35188641e+00
4.57226709e+02 1.35080246e+00
4.57288848e+02 1.35496169e+00
4.57358619e+02 1.36897059e+00
4.57428390e+02 1.39208863e+00
4.57498161e+02 1.42379353e+00
4.57567931e+02 1.46384045e+00
4.57637702e+02 1.51223579e+00
4.57707473e+02 1.56919537e+00
4.57777243e+02 1.63509138e+00
4.57847014e+02 1.71039358e+00
4.57917697e+02 1.79678869e+00
4.57988380e+02 1.89385333e+00
4.58059062e+02 2.00199547e+00
4.58129745e+02 2.12147617e+00
4.58200428e+02 2.25235875e+00
4.58271110e+02 2.39446200e+00
4.58341793e+02 2.54732026e+00
4.58445680e+02 2.78976935e+00
4.58578496e+02 3.12458222e+00
4.58810925e+02 3.73871331e+00
4.58943742e+02 4.07252569e+00
4.59039948e+02 4.28924089e+00
4.59136155e+02 4.47372486e+00
4.59200293e+02 4.57407085e+00
4.59264431e+02 4.65331569e+00
4.59328569e+02 4.70933232e+00
4.59392706e+02 4.74052951e+00
4.59440810e+02 4.74705663e+00
4.59501938e+02 4.73430701e+00
4.59569579e+02 4.69331731e+00
4.59637220e+02 4.62579979e+00
4.59704861e+02 4.53476746e+00
4.59772502e+02 4.42454927e+00
4.60020519e+02 3.96087345e+00
4.60088160e+02 3.85525771e+00
4.60155801e+02 3.77746650e+00
4.60204714e+02 3.74481185e+00
4.60244263e+02 3.73622952e+00
4.60283812e+02 3.74604719e+00
4.60323362e+02 3.77653594e+00
4.60362911e+02 3.82992860e+00
4.60406668e+02 3.91830464e+00
4.60441450e+02 4.01231570e+00
4.60476231e+02 4.12882083e+00
4.60511013e+02 4.26905742e+00
4.60545794e+02 4.43415549e+00
4.60580576e+02 4.62512230e+00
4.60615357e+02 4.84282125e+00
4.60650139e+02 5.08795830e+00
4.60693149e+02 5.42979533e+00
4.60731577e+02 5.77186383e+00
4.60770005e+02 6.14860168e+00
4.60808433e+02 6.55973527e+00
4.60846861e+02 7.00461960e+00
4.60896705e+02 7.63019617e+00
4.60945155e+02 8.28787657e+00
4.60993605e+02 8.99031725e+00
4.61066280e+02 1.01162812e+01
4.61146274e+02 1.14319687e+01
4.61343548e+02 1.47789545e+01
4.61407499e+02 1.58119032e+01
4.61471451e+02 1.67778636e+01
4.61535402e+02 1.76528199e+01
4.61599353e+02 1.84144309e+01
4.61651611e+02 1.89387856e+01
4.61713493e+02 1.94324344e+01
4.61775374e+02 1.97772176e+01
4.61837256e+02 1.99656999e+01
4.61877876e+02 2.00028532e+01
4.61926275e+02 1.99578607e+01
4.61984353e+02 1.97787242e+01
4.62042431e+02 1.94696151e+01
4.62100509e+02 1.90406037e+01
4.62158588e+02 1.85046697e+01
4.62216666e+02 1.78772287e+01
4.62294104e+02 1.69283970e+01
4.62410260e+02 1.53553010e+01
4.62561253e+02 1.32658506e+01
4.62634809e+02 1.23130004e+01
4.62708364e+02 1.14422250e+01
4.62763531e+02 1.08564065e+01
4.62820866e+02 1.03169535e+01
4.62879286e+02 9.84532498e+00
4.62937706e+02 9.45527911e+00
4.62996126e+02 9.14709883e+00
4.63054546e+02 8.91867552e+00
4.63112634e+02 8.76640217e+00
4.63170059e+02 8.68330376e+00
4.63227484e+02 8.65989576e+00
4.63284909e+02 8.68766558e+00
4.63361475e+02 8.78799500e+00
4.63476325e+02 9.02571134e+00
4.63629457e+02 9.38007675e+00
4.63731542e+02 9.56169250e+00
4.63808099e+02 9.63866327e+00
4.63859136e+02 9.65409344e+00
4.63910174e+02 9.63728667e+00
4.63972068e+02 9.57069083e+00
4.64033961e+02 9.45151025e+00
4.64095855e+02 9.27936799e+00
4.64157749e+02 9.05554841e+00
4.64219643e+02 8.78286105e+00
4.64281537e+02 8.46546347e+00
4.64343431e+02 8.10865158e+00
4.64405325e+02 7.71862671e+00
4.64493547e+02 7.11891871e+00
4.64758212e+02 5.21046541e+00
4.64843667e+02 4.62340947e+00
4.64900637e+02 4.25379728e+00
4.64957607e+02 3.90579213e+00
4.65013896e+02 3.58602741e+00
4.65069505e+02 3.29582470e+00
4.65111211e+02 3.09591244e+00
4.65152918e+02 2.91174021e+00
4.65194624e+02 2.74360830e+00
4.65226698e+02 2.62531608e+00
4.65263040e+02 2.50285015e+00
4.65299382e+02 2.39260395e+00
4.65335724e+02 2.29442665e+00
4.65372066e+02 2.20809381e+00
4.65408408e+02 2.13331427e+00
4.65444750e+02 2.06973434e+00
4.65481092e+02 2.01694351e+00
4.65527880e+02 1.96411352e+00
4.65556497e+02 1.93976863e+00
4.65595380e+02 1.91580355e+00
4.65634263e+02 1.90167581e+00
4.65673146e+02 1.89662290e+00
4.65712029e+02 1.89984906e+00
4.65770353e+02 1.91840710e+00
4.65828677e+02 1.95088567e+00
4.65867560e+02 1.97883846e+00
4.65945326e+02 2.04598888e+00
4.66178622e+02 2.27813318e+00
4.66265133e+02 2.35292326e+00
4.66351643e+02 2.41137092e+00
4.66416526e+02 2.44175822e+00
4.66481409e+02 2.45919742e+00
4.66524664e+02 2.46327740e+00
4.66590836e+02 2.45768875e+00
4.66657007e+02 2.43808857e+00
4.66723179e+02 2.40531988e+00
4.66789351e+02 2.36072737e+00
4.66877580e+02 2.28598997e+00
4.67009923e+02 2.15177258e+00
4.67186381e+02 1.96222385e+00
4.67281143e+02 1.86993396e+00
4.67357116e+02 1.80623645e+00
4.67433089e+02 1.75441873e+00
4.67509061e+02 1.71632576e+00
4.67585034e+02 1.69311836e+00
4.67657189e+02 1.68528575e+00
4.67721709e+02 1.68987348e+00
4.67786229e+02 1.70491244e+00
4.67850749e+02 1.72961498e+00
4.67936776e+02 1.77573294e+00
4.68022803e+02 1.83406033e+00
4.68151843e+02 1.93661972e+00
4.68388679e+02 2.13350276e+00
4.68485853e+02 2.20416054e+00
4.68583027e+02 2.26340841e+00
4.68680201e+02 2.30903419e+00
4.68777375e+02 2.34006150e+00
4.68874433e+02 2.35669042e+00
4.68951089e+02 2.36046879e+00
4.69035814e+02 2.35630902e+00
4.69164918e+02 2.33686502e+00
4.69552231e+02 2.24591482e+00
4.69681335e+02 2.22509346e+00
4.69810439e+02 2.21734984e+00
4.69924001e+02 2.22496190e+00
4.70022021e+02 2.24522637e+00
4.70120040e+02 2.28113586e+00
4.70193555e+02 2.32039828e+00
4.70267069e+02 2.37210943e+00
4.70340584e+02 2.43815311e+00
4.70414098e+02 2.52051593e+00
4.70487613e+02 2.62117873e+00
4.70561127e+02 2.74197048e+00
4.70634642e+02 2.88439449e+00
4.70687438e+02 3.00060097e+00
4.70744020e+02 3.13826486e+00
4.70800602e+02 3.28938899e+00
4.70885475e+02 3.54019331e+00
4.70970348e+02 3.81692694e+00
4.71083512e+02 4.21669746e+00
4.71291069e+02 4.97908834e+00
4.71380702e+02 5.28783604e+00
4.71470335e+02 5.56393770e+00
4.71530090e+02 5.72306354e+00
4.71589846e+02 5.85791358e+00
4.71648921e+02 5.96426437e+00
4.71707997e+02 6.04133043e+00
4.71767073e+02 6.08734750e+00
4.71826149e+02 6.10132551e+00
4.71892632e+02 6.07856059e+00
4.71959115e+02 6.01604560e+00
4.72025598e+02 5.91609053e+00
4.72092081e+02 5.78218787e+00
4.72158564e+02 5.61884176e+00
4.72225047e+02 5.43134883e+00
4.72313691e+02 5.15392530e+00
4.72569611e+02 4.30019469e+00
4.72672540e+02 3.98418397e+00
4.72741159e+02 3.79332538e+00
4.72809779e+02 3.62109230e+00
4.72878398e+02 3.46861580e+00
4.72947018e+02 3.33599054e+00
4.73015637e+02 3.22239836e+00
4.73084256e+02 3.12627363e+00
4.73156327e+02 3.04179556e+00
4.73228398e+02 2.97138196e+00
4.73336504e+02 2.88553576e+00
4.73516681e+02 2.77235846e+00
4.73877034e+02 2.57362894e+00
4.74021175e+02 2.50624567e+00
4.74129281e+02 2.46935682e+00
4.74237387e+02 2.44968161e+00
4.74283944e+02 2.44751622e+00
4.74362289e+02 2.45325285e+00
4.74457651e+02 2.47666994e+00
4.74553013e+02 2.51793757e+00
4.74648375e+02 2.57591466e+00
4.74743737e+02 2.64894917e+00
4.74839099e+02 2.73555512e+00
4.74934462e+02 2.83519884e+00
4.75029824e+02 2.94906823e+00
4.75125186e+02 3.08068473e+00
4.75220548e+02 3.23620944e+00
4.75284123e+02 3.35737301e+00
4.75347697e+02 3.49606107e+00
4.75404055e+02 3.63633123e+00
4.75460412e+02 3.79535173e+00
4.75516770e+02 3.97541270e+00
4.75573127e+02 4.17859659e+00
4.75629485e+02 4.40664483e+00
4.75685842e+02 4.66081884e+00
4.75742199e+02 4.94177369e+00
4.75798557e+02 5.24944150e+00
4.75861478e+02 5.62338781e+00
4.75924400e+02 6.02697098e+00
4.76008295e+02 6.60412770e+00
4.76161718e+02 7.73066673e+00
4.76299620e+02 8.74046097e+00
4.76382361e+02 9.30221584e+00
4.76465102e+02 9.80392279e+00
4.76520262e+02 1.00948030e+01
4.76575423e+02 1.03444076e+01
4.76633848e+02 1.05585841e+01
4.76692273e+02 1.07167285e+01
4.76750698e+02 1.08155905e+01
4.76809123e+02 1.08532527e+01
4.76878102e+02 1.08182874e+01
4.76947081e+02 1.06989004e+01
4.77016060e+02 1.04992066e+01
4.77085039e+02 1.02256295e+01
4.77154018e+02 9.88658276e+00
4.77222997e+02 9.49209033e+00
4.77314969e+02 8.89936154e+00
4.77452927e+02 7.92571870e+00
4.77587256e+02 6.96315964e+00
4.77671969e+02 6.38771215e+00
4.77735505e+02 5.98613310e+00
4.77799040e+02 5.61805079e+00
4.77862575e+02 5.28946423e+00
4.77924816e+02 5.01068081e+00
4.77965879e+02 4.85197113e+00
4.78006942e+02 4.71429313e+00
4.78048004e+02 4.59826460e+00
4.78089067e+02 4.50429776e+00
4.78130130e+02 4.43259839e+00
4.78171192e+02 4.38316188e+00
4.78212255e+02 4.35577350e+00
4.78240211e+02 4.34953305e+00
4.78282147e+02 4.35854555e+00
4.78324081e+02 4.38885326e+00
4.78379995e+02 4.46054727e+00
4.78435908e+02 4.56514244e+00
4.78491821e+02 4.69894017e+00
4.78547734e+02 4.85766899e+00
4.78631604e+02 5.13195803e+00
4.78883190e+02 6.04393755e+00
4.78957732e+02 6.28653198e+00
4.79032275e+02 6.49438390e+00
4.79106818e+02 6.65748495e+00
4.79162725e+02 6.74568081e+00
4.79218632e+02 6.80198293e+00
4.79276355e+02 6.82518456e+00
4.79339958e+02 6.80915963e+00
4.79403560e+02 6.75048146e+00
4.79467162e+02 6.65168873e+00
4.79530764e+02 6.51681830e+00
4.79615567e+02 6.29033990e+00
4.79700369e+02 6.02522174e+00
4.79912376e+02 5.31692693e+00
4.79998521e+02 5.06359902e+00
4.80064136e+02 4.90247754e+00
4.80129751e+02 4.77707385e+00
4.80173494e+02 4.71643795e+00
4.80217237e+02 4.67599699e+00
4.80274650e+02 4.65563146e+00
4.80277384e+02 4.65562164e+00
4.80329783e+02 4.67277031e+00
4.80379901e+02 4.72049314e+00
4.80430020e+02 4.79912308e+00
4.80480139e+02 4.90842322e+00
4.80530258e+02 5.04766002e+00
4.80580376e+02 5.21562592e+00
4.80630495e+02 5.41066551e+00
4.80680614e+02 5.63071234e+00
4.80760465e+02 6.02679603e+00
4.80842652e+02 6.48200388e+00
4.80924840e+02 6.97116980e+00
4.81144006e+02 8.32072280e+00
4.81255737e+02 8.95937263e+00
4.81330225e+02 9.34045702e+00
4.81404712e+02 9.67387743e+00
4.81479200e+02 9.95080420e+00
4.81553687e+02 1.01639013e+01
4.81628175e+02 1.03075293e+01
4.81702662e+02 1.03779133e+01
4.81739906e+02 1.03850004e+01
4.81813906e+02 1.03433316e+01
4.81887905e+02 1.02287764e+01
4.81961905e+02 1.00446305e+01
4.82035905e+02 9.79611288e+00
4.82109904e+02 9.49020615e+00
4.82183904e+02 9.13542098e+00
4.82282570e+02 8.60329260e+00
4.82430570e+02 7.73029828e+00
4.82579812e+02 6.83773904e+00
4.82680963e+02 6.26691021e+00
4.82756826e+02 5.87131536e+00
4.82832690e+02 5.51057670e+00
4.82908553e+02 5.18881098e+00
4.82983231e+02 4.91218411e+00
4.83057315e+02 4.67726848e+00
4.83131399e+02 4.48033404e+00
4.83205483e+02 4.31872236e+00
4.83279567e+02 4.18880798e+00
4.83353652e+02 4.08633673e+00
4.83427736e+02 4.00676376e+00
4.83526514e+02 3.92849768e+00
4.83625293e+02 3.87306784e+00
4.83724072e+02 3.83229204e+00
4.83919280e+02 3.77322417e+00
4.84212093e+02 3.70722648e+00
4.84407301e+02 3.68023023e+00
4.84832081e+02 3.66154645e+00
4.84962951e+02 3.64308252e+00
4.85086088e+02 3.60544214e+00
4.85201492e+02 3.54595841e+00
4.85316895e+02 3.45967556e+00
4.85432299e+02 3.34673990e+00
4.85547702e+02 3.21117167e+00
4.85836210e+02 2.83059536e+00
4.85951614e+02 2.69193351e+00
4.86043349e+02 2.59905676e+00
4.86112150e+02 2.54250756e+00
4.86180952e+02 2.49870755e+00
4.86249753e+02 2.46841213e+00
4.86318555e+02 2.45176339e+00
4.86368164e+02 2.44797610e+00
4.86442578e+02 2.45426571e+00
4.86516992e+02 2.47313278e+00
4.86616211e+02 2.51321413e+00
4.86864258e+02 2.63802529e+00
4.86963477e+02 2.67535809e+00
4.87037891e+02 2.69152907e+00
4.87093702e+02 2.69538416e+00
4.87159447e+02 2.68976765e+00
4.87236024e+02 2.66857024e+00
4.87312600e+02 2.63147366e+00
4.87389177e+02 2.57926693e+00
4.87440228e+02 2.53686480e+00
4.87542330e+02 2.43702360e+00
4.87695483e+02 2.26359180e+00
4.87848636e+02 2.08740304e+00
4.87950737e+02 1.98282167e+00
4.88016423e+02 1.92527685e+00
4.88082109e+02 1.87738091e+00
4.88147795e+02 1.84050438e+00
4.88213481e+02 1.81569657e+00
4.88279167e+02 1.80368266e+00
4.88301062e+02 1.80260098e+00
4.88355265e+02 1.80628857e+00
4.88409468e+02 1.81905457e+00
4.88463670e+02 1.84081619e+00
4.88517873e+02 1.87139265e+00
4.88590143e+02 1.92541298e+00
4.88662414e+02 1.99385396e+00
4.88734684e+02 2.07582010e+00
4.88806955e+02 2.17037190e+00
4.88879225e+02 2.27658519e+00
4.88981422e+02 2.44502507e+00
4.89083619e+02 2.63292222e+00
4.89185816e+02 2.83844565e+00
4.89288013e+02 3.05989676e+00
4.89424276e+02 3.37656656e+00
4.89624554e+02 3.87248523e+00
4.89824831e+02 4.36961551e+00
4.89944998e+02 4.64348310e+00
4.90025109e+02 4.80562935e+00
4.90109613e+02 4.95205158e+00
4.90198512e+02 5.07213772e+00
4.90265186e+02 5.13548018e+00
4.90331860e+02 5.17333012e+00
4.90390200e+02 5.18414333e+00
4.90467806e+02 5.16492336e+00
4.90538376e+02 5.11371446e+00
4.90608946e+02 5.03097290e+00
4.90679516e+02 4.91834180e+00
4.90750086e+02 4.77848361e+00
4.90844179e+02 4.55601289e+00
4.90938273e+02 4.30243518e+00
4.91201185e+02 3.54107918e+00
4.91284223e+02 3.32023694e+00
4.91339582e+02 3.18670371e+00
4.91394940e+02 3.06708591e+00
4.91450299e+02 2.96369814e+00
4.91505657e+02 2.87862844e+00
4.91561016e+02 2.81371424e+00
4.91602535e+02 2.77921026e+00
4.91641156e+02 2.75858063e+00
4.91690719e+02 2.74890870e+00
4.91741499e+02 2.75917723e+00
4.91793498e+02 2.79131369e+00
4.91845497e+02 2.84554828e+00
4.91897496e+02 2.92183734e+00
4.91949495e+02 3.01985963e+00
4.92001493e+02 3.13900606e+00
4.92053492e+02 3.27837037e+00
4.92105491e+02 3.43674180e+00
4.92162504e+02 3.63041845e+00
4.92224531e+02 3.86214712e+00
4.92317572e+02 4.24269322e+00
4.92472640e+02 4.92645780e+00
4.92596695e+02 5.47017059e+00
4.92686238e+02 5.83282916e+00
4.92774031e+02 6.14613562e+00
4.92832560e+02 6.32485169e+00
4.92891090e+02 6.47543386e+00
4.92949619e+02 6.59522836e+00
4.93008148e+02 6.68239665e+00
4.93066677e+02 6.73599746e+00
4.93137931e+02 6.75602264e+00
4.93200915e+02 6.73383154e+00
4.93263898e+02 6.67690989e+00
4.93347876e+02 6.55360804e+00
4.93431854e+02 6.38676296e+00
4.93557822e+02 6.08473822e+00
4.93725778e+02 5.66127002e+00
4.93810379e+02 5.46916572e+00
4.93895602e+02 5.30428949e+00
4.93980825e+02 5.17512844e+00
4.94066047e+02 5.08522378e+00
4.94139734e+02 5.03938128e+00
4.94232959e+02 5.02108348e+00
4.94326185e+02 5.04136882e+00
4.94419410e+02 5.09233431e+00
4.94543710e+02 5.19384154e+00
4.94730161e+02 5.38783836e+00
4.94916612e+02 5.61943082e+00
4.95040912e+02 5.81015555e+00
4.95143231e+02 6.00602017e+00
4.95223568e+02 6.19450248e+00
4.95303904e+02 6.42120104e+00
4.95384241e+02 6.69235313e+00
4.95464577e+02 7.01266183e+00
4.95544914e+02 7.38460044e+00
4.95625250e+02 7.80779614e+00
4.95705587e+02 8.27854988e+00
4.95806110e+02 8.92303422e+00
4.96047529e+02 1.05748730e+01
4.96138062e+02 1.11570571e+01
4.96228594e+02 1.16721942e+01
4.96291728e+02 1.19754593e+01
4.96354861e+02 1.22216346e+01
4.96417995e+02 1.24021652e+01
4.96481128e+02 1.25099234e+01
4.96533740e+02 1.25401907e+01
4.96587746e+02 1.25126134e+01
4.96655063e+02 1.23935223e+01
4.96722381e+02 1.21809890e+01
4.96789699e+02 1.18783490e+01
4.96857016e+02 1.14916627e+01
4.96924334e+02 1.10294362e+01
4.96991652e+02 1.05022215e+01
4.97058969e+02 9.92213874e+00
4.97148726e+02 9.08923824e+00
4.97383510e+02 6.80736133e+00
4.97466968e+02 6.03218254e+00
4.97533733e+02 5.44631967e+00
4.97576619e+02 5.08959592e+00
4.97629007e+02 4.67700921e+00
4.97681395e+02 4.29165478e+00
4.97733783e+02 3.93476738e+00
4.97775179e+02 3.67333348e+00
4.97820783e+02 3.40643762e+00
4.97866388e+02 3.16150200e+00
4.97911992e+02 2.93809789e+00
4.97957597e+02 2.73558523e+00
4.98003201e+02 2.55315049e+00
4.98041880e+02 2.41345179e+00
4.98080559e+02 2.28687711e+00
4.98119239e+02 2.17275076e+00
4.98157918e+02 2.07037467e+00
4.98196597e+02 1.97903841e+00
4.98235276e+02 1.89803249e+00
4.98273955e+02 1.82665611e+00
4.98312634e+02 1.76422714e+00
4.98351314e+02 1.71008744e+00
4.98389993e+02 1.66360964e+00
4.98440601e+02 1.61338423e+00
4.98490246e+02 1.57468534e+00
4.98539891e+02 1.54539034e+00
4.98589536e+02 1.52454832e+00
4.98641334e+02 1.51089708e+00
4.98695287e+02 1.50456515e+00
4.98722263e+02 1.50415398e+00
4.98776216e+02 1.50836564e+00
4.98857144e+02 1.52601394e+00
4.98938073e+02 1.55549507e+00
4.99019002e+02 1.59505909e+00
4.99099931e+02 1.64309648e+00
4.99207836e+02 1.71760602e+00
4.99369693e+02 1.84386886e+00
4.99559453e+02 1.99683789e+00
4.99682236e+02 2.08796805e+00
4.99805019e+02 2.16573083e+00
4.99886874e+02 2.20773852e+00
4.99968729e+02 2.24075106e+00
5.00050584e+02 2.26436061e+00
5.00132439e+02 2.27873534e+00
5.00220718e+02 2.28480469e+00
5.00308996e+02 2.28284968e+00
5.00617971e+02 2.25572868e+00
5.00662110e+02 2.25551102e+00
5.00750389e+02 2.26288865e+00
5.00838667e+02 2.28389048e+00
5.00911528e+02 2.31393100e+00
5.00984388e+02 2.35716713e+00
5.01057249e+02 2.41478386e+00
5.01130110e+02 2.48752880e+00
5.01202970e+02 2.57568990e+00
5.01275831e+02 2.67909765e+00
5.01348692e+02 2.79715433e+00
5.01421552e+02 2.92888503e+00
5.01504514e+02 3.09388354e+00
5.01628957e+02 3.36653133e+00
5.01753399e+02 3.66192852e+00
5.02002284e+02 4.28851992e+00
5.02281520e+02 4.99045158e+00
5.02412370e+02 5.29920107e+00
5.02543219e+02 5.58278038e+00
5.02674069e+02 5.82960757e+00
5.02772206e+02 5.98245593e+00
5.02870343e+02 6.10078692e+00
5.02968480e+02 6.17851734e+00
5.03066617e+02 6.21021453e+00
5.03159652e+02 6.19392594e+00
5.03242481e+02 6.13966808e+00
5.03325311e+02 6.04759334e+00
5.03408141e+02 5.91863051e+00
5.03490970e+02 5.75500806e+00
5.03573800e+02 5.56022654e+00
5.03684239e+02 5.26024574e+00
5.03794679e+02 4.92688158e+00
5.04077176e+02 4.03120193e+00
5.04169602e+02 3.75714240e+00
5.04262029e+02 3.50563521e+00
5.04323647e+02 3.35337813e+00
5.04385264e+02 3.21498532e+00
5.04446882e+02 3.09138152e+00
5.04508500e+02 2.98315386e+00
5.04573986e+02 2.88527879e+00
5.04639472e+02 2.80502865e+00
5.04704958e+02 2.74203853e+00
5.04770444e+02 2.69567263e+00
5.04835930e+02 2.66508001e+00
5.04896983e+02 2.64987783e+00
5.04936207e+02 2.64646224e+00
5.05014654e+02 2.65338206e+00
5.05093101e+02 2.67689318e+00
5.05171549e+02 2.71488495e+00
5.05249996e+02 2.76526701e+00
5.05367667e+02 2.85961868e+00
5.05485338e+02 2.97062633e+00
5.05877575e+02 3.38280579e+00
5.06034470e+02 3.53475665e+00
5.06203221e+02 3.67389649e+00
5.06338678e+02 3.76309359e+00
5.06474134e+02 3.83069443e+00
5.06609591e+02 3.87660549e+00
5.06745047e+02 3.90133102e+00
5.06835351e+02 3.90626968e+00
5.06992466e+02 3.89270516e+00
5.07110301e+02 3.86323787e+00
5.07228137e+02 3.81580342e+00
5.07345973e+02 3.74865264e+00
5.07463809e+02 3.65997615e+00
5.07581644e+02 3.54841914e+00
5.07699480e+02 3.41369839e+00
5.07817316e+02 3.25722775e+00
5.07935152e+02 3.08264059e+00
5.08261895e+02 2.56416362e+00
5.08363673e+02 2.41761356e+00
5.08431525e+02 2.33101704e+00
5.08499377e+02 2.25612520e+00
5.08567228e+02 2.19523422e+00
5.08635080e+02 2.15044355e+00
5.08696871e+02 2.12520789e+00
5.08758663e+02 2.11597535e+00
5.08822619e+02 2.12418520e+00
5.08868143e+02 2.14138258e+00
5.08913667e+02 2.16815185e+00
5.08959191e+02 2.20449860e+00
5.09004715e+02 2.25032829e+00
5.09050239e+02 2.30544706e+00
5.09118525e+02 2.40487959e+00
5.09164050e+02 2.48174590e+00
5.09231562e+02 2.61007155e+00
5.09299074e+02 2.75374409e+00
5.09366586e+02 2.91051382e+00
5.09467855e+02 3.16482911e+00
5.09636635e+02 3.61849618e+00
5.09868716e+02 4.24506734e+00
5.10033284e+02 4.65964199e+00
5.10197853e+02 5.04006045e+00
5.10362421e+02 5.39000987e+00
5.10581846e+02 5.82166617e+00
5.10782998e+02 6.18414848e+00
5.10933862e+02 6.42281953e+00
5.11084726e+02 6.61488801e+00
5.11185302e+02 6.70810679e+00
5.11285878e+02 6.76851789e+00
5.11386453e+02 6.79409210e+00
5.11497291e+02 6.78280508e+00
5.11608128e+02 6.73513585e+00
5.11774384e+02 6.61644174e+00
5.11996059e+02 6.43923425e+00
5.12106897e+02 6.37343732e+00
5.12217734e+02 6.33762660e+00
5.12273153e+02 6.33308967e+00
5.12397411e+02 6.35716714e+00
5.12521668e+02 6.42575641e+00
5.12708055e+02 6.58851929e+00
5.12956570e+02 6.82398656e+00
5.13080828e+02 6.90387203e+00
5.13174021e+02 6.93188864e+00
5.13205085e+02 6.93388830e+00
5.13297507e+02 6.91560457e+00
5.13388386e+02 6.85964906e+00
5.13479265e+02 6.76410606e+00
5.13570144e+02 6.62867884e+00
5.13661023e+02 6.45459915e+00
5.13751902e+02 6.24447112e+00
5.13842781e+02 6.00206526e+00
5.13933660e+02 5.73207810e+00
5.14054832e+02 5.33852120e+00
5.14236590e+02 4.70431216e+00
5.14467441e+02 3.88816505e+00
5.14582867e+02 3.50009523e+00
5.14669436e+02 3.22510250e+00
5.14746449e+02 2.99472341e+00
5.14818684e+02 2.79239226e+00
5.14890918e+02 2.60446314e+00
5.14963153e+02 2.43169096e+00
5.15035388e+02 2.27452554e+00
5.15083545e+02 2.17850458e+00
5.15157772e+02 2.04414308e+00
5.15213443e+02 1.95403824e+00
5.15269114e+02 1.87279318e+00
5.15306228e+02 1.82338318e+00
5.15380455e+02 1.73541051e+00
5.15454683e+02 1.66092224e+00
5.15528911e+02 1.59858500e+00
5.15603138e+02 1.54692645e+00
5.15677366e+02 1.50438515e+00
5.15751457e+02 1.46941953e+00
5.15862593e+02 1.42757074e+00
5.15973730e+02 1.39397425e+00
5.16270094e+02 1.31321209e+00
5.16418276e+02 1.26520233e+00
5.16566458e+02 1.20837043e+00
5.16714640e+02 1.14397164e+00
5.16940484e+02 1.04151794e+00
5.17056977e+02 9.93838436e-01
5.17134638e+02 9.66973393e-01
5.17212300e+02 9.45832230e-01
5.17270546e+02 9.34735513e-01
5.17328792e+02 9.28554064e-01
5.17367623e+02 9.27557826e-01
5.17425869e+02 9.31375789e-01
5.17484115e+02 9.42364596e-01
5.17537378e+02 9.59499289e-01
5.17577325e+02 9.77275158e-01
5.17617272e+02 9.99658231e-01
5.17657218e+02 1.02701539e+00
5.17697165e+02 1.05973244e+00
5.17737112e+02 1.09821511e+00
5.17777059e+02 1.14288885e+00
5.17817006e+02 1.19419902e+00
5.17856953e+02 1.25261003e+00
5.17896900e+02 1.31860472e+00
5.17928806e+02 1.37709719e+00
5.17965988e+02 1.45211202e+00
5.18003169e+02 1.53490094e+00
5.18040351e+02 1.62588848e+00
5.18077532e+02 1.72549968e+00
5.18114714e+02 1.83415779e+00
5.18151895e+02 1.95227736e+00
5.18189077e+02 2.08026078e+00
5.18222934e+02 2.20570529e+00
5.18268733e+02 2.38939549e+00
5.18314532e+02 2.58973099e+00
5.18360331e+02 2.80721988e+00
5.18406131e+02 3.04225416e+00
5.18451930e+02 3.29508513e+00
5.18506082e+02 3.61710090e+00
5.18560234e+02 3.96391930e+00
5.18614387e+02 4.33493936e+00
5.18668539e+02 4.72910839e+00
5.18739922e+02 5.28140487e+00
5.18829151e+02 6.01694383e+00
5.18918380e+02 6.79044374e+00
5.19124562e+02 8.62680916e+00
5.19209807e+02 9.35945776e+00
5.19295052e+02 1.00471547e+01
5.19359274e+02 1.05234730e+01
5.19423497e+02 1.09549481e+01
5.19487719e+02 1.13342758e+01
5.19551941e+02 1.16550910e+01
5.19616163e+02 1.19121629e+01
5.19680386e+02 1.21015440e+01
5.19744608e+02 1.22206717e+01
5.19808830e+02 1.22684117e+01
5.19877526e+02 1.22408064e+01
5.19946222e+02 1.21339287e+01
5.20014918e+02 1.19514655e+01
5.20083614e+02 1.16985237e+01
5.20152310e+02 1.13813847e+01
5.20221006e+02 1.10072412e+01
5.20312600e+02 1.04333179e+01
5.20404194e+02 9.79157354e+00
5.20541586e+02 8.74503197e+00
5.20797208e+02 6.72519943e+00
5.20890162e+02 6.02257752e+00
5.20949542e+02 5.59340977e+00
5.21021825e+02 5.09669131e+00
5.21094109e+02 4.63237547e+00
5.21148321e+02 4.30761078e+00
5.21202534e+02 4.00432512e+00
5.21259067e+02 3.71192638e+00
5.21315599e+02 3.44459925e+00
5.21372132e+02 3.20273102e+00
5.21428664e+02 2.98638874e+00
5.21485197e+02 2.79532779e+00
5.21526175e+02 2.67234521e+00
5.21570443e+02 2.55376152e+00
5.21614711e+02 2.44954699e+00
5.21658979e+02 2.35915204e+00
5.21703247e+02 2.28195161e+00
5.21747515e+02 2.21725593e+00
5.21791783e+02 2.16432421e+00
5.21836051e+02 2.12237699e+00
5.21886860e+02 2.08673202e+00
5.21944209e+02 2.06107484e+00
5.22001558e+02 2.04920506e+00
5.22030232e+02 2.04791827e+00
5.22087581e+02 2.05366629e+00
5.22144931e+02 2.06933980e+00
5.22230954e+02 2.10889256e+00
5.22316978e+02 2.16523509e+00
5.22403002e+02 2.23715593e+00
5.22489025e+02 2.32535476e+00
5.22575049e+02 2.43256648e+00
5.22632398e+02 2.51687441e+00
5.22689747e+02 2.61359015e+00
5.22747096e+02 2.72492649e+00
5.22803111e+02 2.85017009e+00
5.22857792e+02 2.99057498e+00
5.22912473e+02 3.15136230e+00
5.22967154e+02 3.33499178e+00
5.23021835e+02 3.54385822e+00
5.23076516e+02 3.78019274e+00
5.23131197e+02 4.04596112e+00
5.23185877e+02 4.34275628e+00
5.23231125e+02 4.61262319e+00
5.23284848e+02 4.96206402e+00
5.23338570e+02 5.34298129e+00
5.23392292e+02 5.75465811e+00
5.23446014e+02 6.19560834e+00
5.23499737e+02 6.66353089e+00
5.23577669e+02 7.38363243e+00
5.23681578e+02 8.39886937e+00
5.23863420e+02 1.02078361e+01
5.23946999e+02 1.09905753e+01
5.24010247e+02 1.15370934e+01
5.24073495e+02 1.20301296e+01
5.24136743e+02 1.24577258e+01
5.24199991e+02 1.28090416e+01
5.24263240e+02 1.30747853e+01
5.24326488e+02 1.32475866e+01
5.24389736e+02 1.33223072e+01
5.24405548e+02 1.33252911e+01
5.24454890e+02 1.32939017e+01
5.24505185e+02 1.31986903e+01
5.24555481e+02 1.30408055e+01
5.24605776e+02 1.28224038e+01
5.24656071e+02 1.25465948e+01
5.24723132e+02 1.20965485e+01
5.24790192e+02 1.15631466e+01
5.24857252e+02 1.09598549e+01
5.24924313e+02 1.03015035e+01
5.25031564e+02 9.17310323e+00
5.25215866e+02 7.18066973e+00
5.25304803e+02 6.26564838e+00
5.25356879e+02 5.75896693e+00
5.25408956e+02 5.27890186e+00
5.25461033e+02 4.82876383e+00
5.25510700e+02 4.42974458e+00
5.25560367e+02 4.06203747e+00
5.25597617e+02 3.80754215e+00
5.25634867e+02 3.57167225e+00
5.25675755e+02 3.33444027e+00
5.25707864e+02 3.16410713e+00
5.25739974e+02 3.00780189e+00
5.25772083e+02 2.86545625e+00
5.25804192e+02 2.73695822e+00
5.25836301e+02 2.62216221e+00
5.25868411e+02 2.52089286e+00
5.25900520e+02 2.43295451e+00
5.25935928e+02 2.35118216e+00
5.25964959e+02 2.29583263e+00
5.25993990e+02 2.25084123e+00
5.26023020e+02 2.21604194e+00
5.26052051e+02 2.19127174e+00
5.26082501e+02 2.17589471e+00
5.26115790e+02 2.17130539e+00
5.26149079e+02 2.17927489e+00
5.26182368e+02 2.19960648e+00
5.26215658e+02 2.23212116e+00
5.26248946e+02 2.27665732e+00
5.26282236e+02 2.33307092e+00
5.26315525e+02 2.40123292e+00
5.26348814e+02 2.48102818e+00
5.26382103e+02 2.57235184e+00
5.26426488e+02 2.71188116e+00
5.26473751e+02 2.88254090e+00
5.26521014e+02 3.07569587e+00
5.26568276e+02 3.29101278e+00
5.26615539e+02 3.52808173e+00
5.26662802e+02 3.78638592e+00
5.26710937e+02 4.07060265e+00
5.26759508e+02 4.37813841e+00
5.26808080e+02 4.70539350e+00
5.26872841e+02 5.17001762e+00
5.26937603e+02 5.66327975e+00
5.27016572e+02 6.29640702e+00
5.27174510e+02 7.62484273e+00
5.27332448e+02 8.94767180e+00
5.27433415e+02 9.73617893e+00
5.27508059e+02 1.02685736e+01
5.27582703e+02 1.07451327e+01
5.27657347e+02 1.11557897e+01
5.27731991e+02 1.14922445e+01
5.27806635e+02 1.17482655e+01
5.27881279e+02 1.19198817e+01
5.27955923e+02 1.20054461e+01
5.27991754e+02 1.20160520e+01
5.28070584e+02 1.19713587e+01
5.28156579e+02 1.18205337e+01
5.28242575e+02 1.15715963e+01
5.28328570e+02 1.12355098e+01
5.28414566e+02 1.08249622e+01
5.28500562e+02 1.03537374e+01
5.28586557e+02 9.83616832e+00
5.28758549e+02 8.71946177e+00
5.28926392e+02 7.61248968e+00
5.29032757e+02 6.94538927e+00
5.29112531e+02 6.47800426e+00
5.29192304e+02 6.04745545e+00
5.29272078e+02 5.66037176e+00
5.29325866e+02 5.42672288e+00
5.29380260e+02 5.21450071e+00
5.29434654e+02 5.02760805e+00
5.29489048e+02 4.86690177e+00
5.29543442e+02 4.73295012e+00
5.29597836e+02 4.62603139e+00
5.29652230e+02 4.54613891e+00
5.29706624e+02 4.49298719e+00
5.29770110e+02 4.46401709e+00
5.29791025e+02 4.46207221e+00
5.29853768e+02 4.47802392e+00
5.29916511e+02 4.52519194e+00
5.29979255e+02 4.60139761e+00
5.30041998e+02 4.70414170e+00
5.30083827e+02 4.78602070e+00
5.30167485e+02 4.97790734e+00
5.30251143e+02 5.20097318e+00
5.30376629e+02 5.57642148e+00
5.30615071e+02 6.33118588e+00
5.30713377e+02 6.62070781e+00
5.30811684e+02 6.87753618e+00
5.30909990e+02 7.08904955e+00
5.30983720e+02 7.21105329e+00
5.31057450e+02 7.29698056e+00
5.31131180e+02 7.34335393e+00
5.31180333e+02 7.35094069e+00
5.31253773e+02 7.32609854e+00
5.31327068e+02 7.25721703e+00
5.31400364e+02 7.14427164e+00
5.31473659e+02 6.98832294e+00
5.31546954e+02 6.79151202e+00
5.31620250e+02 6.55701456e+00
5.31693545e+02 6.28895129e+00
5.31791272e+02 5.88794015e+00
5.31888999e+02 5.44946869e+00
5.32201110e+02 3.96727071e+00
5.32286863e+02 3.58023192e+00
5.32365193e+02 3.24727441e+00
5.32436100e+02 2.96684683e+00
5.32489280e+02 2.77139019e+00
5.32542460e+02 2.58976662e+00
5.32595640e+02 2.42277381e+00
5.32637002e+02 2.30342338e+00
5.32684272e+02 2.17865241e+00
5.32731543e+02 2.06656499e+00
5.32778813e+02 1.96738984e+00
5.32826084e+02 1.88129990e+00
5.32873354e+02 1.80842103e+00
5.32920624e+02 1.74883914e+00
5.32967895e+02 1.70260528e+00
5.33006719e+02 1.67463068e+00
5.33052285e+02 1.65329271e+00
5.33097851e+02 1.64433405e+00
5.33113040e+02 1.64408840e+00
5.33157944e+02 1.65133184e+00
5.33202849e+02 1.67039539e+00
5.33247754e+02 1.70112704e+00
5.33292659e+02 1.74332536e+00
5.33337564e+02 1.79673170e+00
5.33382468e+02 1.86102142e+00
5.33427373e+02 1.93579654e+00
5.33472278e+02 2.02057762e+00
5.33535379e+02 2.15551532e+00
5.33598479e+02 2.30718782e+00
5.33640546e+02 2.41649597e+00
5.33724680e+02 2.65129035e+00
5.33854821e+02 3.04244043e+00
5.33992843e+02 3.46407252e+00
5.34084857e+02 3.72985234e+00
5.34153868e+02 3.91276532e+00
5.34224843e+02 4.08077373e+00
5.34296799e+02 4.22573867e+00
5.34368756e+02 4.34127537e+00
5.34440713e+02 4.42441879e+00
5.34512669e+02 4.47326820e+00
5.34577341e+02 4.48725595e+00
5.34649713e+02 4.46963440e+00
5.34716518e+02 4.42335664e+00
5.34783323e+02 4.35020313e+00
5.34850127e+02 4.25273194e+00
5.34916932e+02 4.13404108e+00
5.35006005e+02 3.94886859e+00
5.35095078e+02 3.74117244e+00
5.35385301e+02 3.01665921e+00
5.35469358e+02 2.82012955e+00
5.35553416e+02 2.63886725e+00
5.35637473e+02 2.47623201e+00
5.35693511e+02 2.37931910e+00
5.35749372e+02 2.29239075e+00
5.35805054e+02 2.21558181e+00
5.35860736e+02 2.14866015e+00
5.35916418e+02 2.09154074e+00
5.35972100e+02 2.04401144e+00
5.36027782e+02 2.00575354e+00
5.36083464e+02 1.97636058e+00
5.36139146e+02 1.95535750e+00
5.36212298e+02 1.93962829e+00
5.36268938e+02 1.93596152e+00
5.36348232e+02 1.94204242e+00
5.36438855e+02 1.96305749e+00
5.36529478e+02 1.99676984e+00
5.36620101e+02 2.04095752e+00
5.36756035e+02 2.12262817e+00
5.36891969e+02 2.21792269e+00
5.37073215e+02 2.35874122e+00
5.37526329e+02 2.72882923e+00
5.37706339e+02 2.86065107e+00
5.37840421e+02 2.94460066e+00
5.37974503e+02 3.01244504e+00
5.38108585e+02 3.06151560e+00
5.38242667e+02 3.09030553e+00
5.38362966e+02 3.09872502e+00
5.38517522e+02 3.08689538e+00
5.38702988e+02 3.04467534e+00
5.38950277e+02 2.95916459e+00
5.39197566e+02 2.86845981e+00
5.39383033e+02 2.81242752e+00
5.39568499e+02 2.77248845e+00
5.39753966e+02 2.74932604e+00
5.39877610e+02 2.74406582e+00
5.40001255e+02 2.75032725e+00
5.40093988e+02 2.76671010e+00
5.40186721e+02 2.79849908e+00
5.40248544e+02 2.83163113e+00
5.40310366e+02 2.87730425e+00
5.40372937e+02 2.93941860e+00
5.40435508e+02 3.02109340e+00
5.40482437e+02 3.09756616e+00
5.40529365e+02 3.18907170e+00
5.40576294e+02 3.29748746e+00
5.40623222e+02 3.42474050e+00
5.40670150e+02 3.57277590e+00
5.40717079e+02 3.74351806e+00
5.40764007e+02 3.93882827e+00
5.40810936e+02 4.16045801e+00
5.40847859e+02 4.35438495e+00
5.40884783e+02 4.56627978e+00
5.40921706e+02 4.79672953e+00
5.40977092e+02 5.17819214e+00
5.41032477e+02 5.60346176e+00
5.41087863e+02 6.07278060e+00
5.41138418e+02 6.53909616e+00
5.41202606e+02 7.18129271e+00
5.41266794e+02 7.87559648e+00
5.41330982e+02 8.61581329e+00
5.41427002e+02 9.79041335e+00
5.41661399e+02 1.27703271e+01
5.41736409e+02 1.36728292e+01
5.41801194e+02 1.43988671e+01
5.41865979e+02 1.50585330e+01
5.41930765e+02 1.56368428e+01
5.41995550e+02 1.61203810e+01
5.42060336e+02 1.64978329e+01
5.42125121e+02 1.67604430e+01
5.42189907e+02 1.69023731e+01
5.42222299e+02 1.69271176e+01
5.42288520e+02 1.68816708e+01
5.42354741e+02 1.67095983e+01
5.42420962e+02 1.64167030e+01
5.42487182e+02 1.60119297e+01
5.42553403e+02 1.55069474e+01
5.42619624e+02 1.49156206e+01
5.42707918e+02 1.40197247e+01
5.42796213e+02 1.30368131e+01
5.43035885e+02 1.02311813e+01
5.43143116e+02 9.03813794e+00
5.43214603e+02 8.29537754e+00
5.43283054e+02 7.63207449e+00
5.43351504e+02 7.01976355e+00
5.43419954e+02 6.46025782e+00
5.43488404e+02 5.95343853e+00
5.43556854e+02 5.49760054e+00
5.43614970e+02 5.14846817e+00
5.43667918e+02 4.85867367e+00
5.43720865e+02 4.59392078e+00
5.43773813e+02 4.35226124e+00
5.43826761e+02 4.13177248e+00
5.43862059e+02 3.99563652e+00
5.43932656e+02 3.74720457e+00
5.44003253e+02 3.52776766e+00
5.44073850e+02 3.33474232e+00
5.44144447e+02 3.16652382e+00
5.44207267e+02 3.03720571e+00
5.44270088e+02 2.92734035e+00
5.44332908e+02 2.83781561e+00
5.44380024e+02 2.78486846e+00
5.44427139e+02 2.74495111e+00
5.44474254e+02 2.71898011e+00
5.44529222e+02 2.70767434e+00
5.44568485e+02 2.71303968e+00
5.44615600e+02 2.73531557e+00
5.44647010e+02 2.76030377e+00
5.44691745e+02 2.81066524e+00
5.44736480e+02 2.87924559e+00
5.44781214e+02 2.96694555e+00
5.44825949e+02 3.07458018e+00
5.44870684e+02 3.20285113e+00
5.44915418e+02 3.35231910e+00
5.44960153e+02 3.52337664e+00
5.45004888e+02 3.71622205e+00
5.45055196e+02 3.95908646e+00
5.45105504e+02 4.22907679e+00
5.45155812e+02 4.52537550e+00
5.45206119e+02 4.84671512e+00
5.45273197e+02 5.31104795e+00
5.45342208e+02 5.82619933e+00
5.45434224e+02 6.55884340e+00
5.45677531e+02 8.57664396e+00
5.45750073e+02 9.14359651e+00
5.45822616e+02 9.66785217e+00
5.45895159e+02 1.01348845e+01
5.45967701e+02 1.05313925e+01
5.46022108e+02 1.07755050e+01
5.46076515e+02 1.09694570e+01
5.46130922e+02 1.11101190e+01
5.46185329e+02 1.11953028e+01
5.46243935e+02 1.12236545e+01
5.46310937e+02 1.11754014e+01
5.46377939e+02 1.10430483e+01
5.46444941e+02 1.08308074e+01
5.46511944e+02 1.05449258e+01
5.46578946e+02 1.01933966e+01
5.46645948e+02 9.78559955e+00
5.46712950e+02 9.33190616e+00
5.46802286e+02 8.67451188e+00
5.47080700e+02 6.50450646e+00
5.47152905e+02 5.96924763e+00
5.47225109e+02 5.46279862e+00
5.47298787e+02 4.98175795e+00
5.47354045e+02 4.64724231e+00
5.47409303e+02 4.33648081e+00
5.47464561e+02 4.04998787e+00
5.47519819e+02 3.78778077e+00
5.47568446e+02 3.57680166e+00
5.47617074e+02 3.38378718e+00
5.47665701e+02 3.20802822e+00
5.47714329e+02 3.04866405e+00
5.47762956e+02 2.90471834e+00
5.47811584e+02 2.77512957e+00
5.47844002e+02 2.69616242e+00
5.47908839e+02 2.55452211e+00
5.47973676e+02 2.43233038e+00
5.48038513e+02 2.32690022e+00
5.48110703e+02 2.22609516e+00
5.48182893e+02 2.13957323e+00
5.48255084e+02 2.06434393e+00
5.48363369e+02 1.96701899e+00
5.48471655e+02 1.88198578e+00
5.48688226e+02 1.72909771e+00
5.48976988e+02 1.53522802e+00
5.49121369e+02 1.44280713e+00
5.49232565e+02 1.37686277e+00
5.49349585e+02 1.31543419e+00
5.49427599e+02 1.28063133e+00
5.49505612e+02 1.25197770e+00
5.49583625e+02 1.23058908e+00
5.49661638e+02 1.21764721e+00
5.49720148e+02 1.21424140e+00
5.49778658e+02 1.21686830e+00
5.49817665e+02 1.22227088e+00
5.49882698e+02 1.23836605e+00
5.49931473e+02 1.25673926e+00
5.49980249e+02 1.28098459e+00
5.50029024e+02 1.31155059e+00
5.50077799e+02 1.34890727e+00
5.50126574e+02 1.39354393e+00
5.50175349e+02 1.44596427e+00
5.50224124e+02 1.50668160e+00
5.50272899e+02 1.57621116e+00
5.50321674e+02 1.65506138e+00
5.50360086e+02 1.72404058e+00
5.50404393e+02 1.81146097e+00
5.50448699e+02 1.90760393e+00
5.50493006e+02 2.01275693e+00
5.50537313e+02 2.12716157e+00
5.50581619e+02 2.25100380e+00
5.50625926e+02 2.38440361e+00
5.50692386e+02 2.60249567e+00
5.50749253e+02 2.80608230e+00
5.50806120e+02 3.02487397e+00
5.50881942e+02 3.33891802e+00
5.50957765e+02 3.67595479e+00
5.51045138e+02 4.08784511e+00
5.51218254e+02 4.94710625e+00
5.51341908e+02 5.55851424e+00
5.51426481e+02 5.95446575e+00
5.51496702e+02 6.25919818e+00
5.51566924e+02 6.53452964e+00
5.51637145e+02 6.77363209e+00
5.51707366e+02 6.97022478e+00
5.51777587e+02 7.11883005e+00
5.51847809e+02 7.21501269e+00
5.51918030e+02 7.25558350e+00
5.51935585e+02 7.25679503e+00
5.51989844e+02 7.23770327e+00
5.52044900e+02 7.18310659e+00
5.52099955e+02 7.09356789e+00
5.52155011e+02 6.97019932e+00
5.52210067e+02 6.81466199e+00
5.52283474e+02 6.56105191e+00
5.52356882e+02 6.26052669e+00
5.52430289e+02 5.92060489e+00
5.52503697e+02 5.54962906e+00
5.52622275e+02 4.90726223e+00
5.52826960e+02 3.76916006e+00
5.52920430e+02 3.27502636e+00
5.52972962e+02 3.01147566e+00
5.53025494e+02 2.76030384e+00
5.53078026e+02 2.52286437e+00
5.53131311e+02 2.29711275e+00
5.53184595e+02 2.08730739e+00
5.53224559e+02 1.94069621e+00
5.53264522e+02 1.80339099e+00
5.53303710e+02 1.67778168e+00
5.53341348e+02 1.56549178e+00
5.53378986e+02 1.46125704e+00
5.53416623e+02 1.36490386e+00
5.53454261e+02 1.27621447e+00
5.53491898e+02 1.19493466e+00
5.53526082e+02 1.12729493e+00
5.53560265e+02 1.06529803e+00
5.53594448e+02 1.00869674e+00
5.53628631e+02 9.57233100e-01
5.53662815e+02 9.10640969e-01
5.53696998e+02 8.68649802e-01
5.53731181e+02 8.30986756e-01
5.53765365e+02 7.97379426e-01
5.53799548e+02 7.67557735e-01
5.53833731e+02 7.41256565e-01
5.53876213e+02 7.13087498e-01
5.53915599e+02 6.91054353e-01
5.53954986e+02 6.72576503e-01
5.53994372e+02 6.57309696e-01
5.54044028e+02 6.42140783e-01
5.54073992e+02 6.34957517e-01
5.54133918e+02 6.24484100e-01
5.54193844e+02 6.18500620e-01
5.54253770e+02 6.16285812e-01
5.54313696e+02 6.17255518e-01
5.54373622e+02 6.20960712e-01
5.54463511e+02 6.30986626e-01
5.54553400e+02 6.45930322e-01
5.54643290e+02 6.65817823e-01
5.54733179e+02 6.91181660e-01
5.54793105e+02 7.11590166e-01
5.54853031e+02 7.35217102e-01
5.54912957e+02 7.62478734e-01
5.54972883e+02 7.93824565e-01
5.55030342e+02 8.28146122e-01
5.55087800e+02 8.67058766e-01
5.55145258e+02 9.10953363e-01
5.55202717e+02 9.60187078e-01
5.55260175e+02 1.01506738e+00
5.55317634e+02 1.07583637e+00
5.55375092e+02 1.14265584e+00
5.55432550e+02 1.21559366e+00
5.55497125e+02 1.30481585e+00
5.55561700e+02 1.40148654e+00
5.55604750e+02 1.46987050e+00
5.55690850e+02 1.61527641e+00
5.55776950e+02 1.77057184e+00
5.55912030e+02 2.02803082e+00
5.56101142e+02 2.39568355e+00
5.56209206e+02 2.59640749e+00
5.56290439e+02 2.73724427e+00
5.56371672e+02 2.86633271e+00
5.56452905e+02 2.98125909e+00
5.56534138e+02 3.08009970e+00
5.56615371e+02 3.16150826e+00
5.56696605e+02 3.22476734e+00
5.56777838e+02 3.26980410e+00
5.56859071e+02 3.29716603e+00
5.56957625e+02 3.30826390e+00
5.57034278e+02 3.30187449e+00
5.57151083e+02 3.27095726e+00
5.57267888e+02 3.22029186e+00
5.57326290e+02 3.18963741e+00
5.57793510e+02 2.90586179e+00
5.58027120e+02 2.77808463e+00
5.58260730e+02 2.66911651e+00
5.58435937e+02 2.60083095e+00
5.58611144e+02 2.54861046e+00
5.58727949e+02 2.52670894e+00
5.58834779e+02 2.51886140e+00
5.58941609e+02 2.52534816e+00
5.59045902e+02 2.54787746e+00
5.59150195e+02 2.58833940e+00
5.59254488e+02 2.64802685e+00
5.59358782e+02 2.72742100e+00
5.59463075e+02 2.82605682e+00
5.59567368e+02 2.94245451e+00
5.59671662e+02 3.07412262e+00
5.59838930e+02 3.30826659e+00
5.60090833e+02 3.67691930e+00
5.60216784e+02 3.84883839e+00
5.60342736e+02 4.00071840e+00
5.60468687e+02 4.12533026e+00
5.60563150e+02 4.19782028e+00
5.60657614e+02 4.25112453e+00
5.60783565e+02 4.29253866e+00
5.60902391e+02 4.30304554e+00
5.61021218e+02 4.29063111e+00
5.61199458e+02 4.24300662e+00
5.61615350e+02 4.10203473e+00
5.61936937e+02 4.00183730e+00
5.62067609e+02 3.94408493e+00
5.62193779e+02 3.86690252e+00
5.62319949e+02 3.76281677e+00
5.62446120e+02 3.62977029e+00
5.62572290e+02 3.47039015e+00
5.62761545e+02 3.19918316e+00
5.62950800e+02 2.92584488e+00
5.63041572e+02 2.80763519e+00
5.63124634e+02 2.71240334e+00
5.63207696e+02 2.63262001e+00
5.63290758e+02 2.57051706e+00
5.63373820e+02 2.52746954e+00
5.63456882e+02 2.50395036e+00
5.63518757e+02 2.49890959e+00
5.63611571e+02 2.51019049e+00
5.63704384e+02 2.54180535e+00
5.63797198e+02 2.59043117e+00
5.63890011e+02 2.65220565e+00
5.64075638e+02 2.79898123e+00
5.64323140e+02 3.00064839e+00
5.64446891e+02 3.09047540e+00
5.64607783e+02 3.19070869e+00
5.64768674e+02 3.27288281e+00
5.65010011e+02 3.37078861e+00
5.65251348e+02 3.44688852e+00
5.65412240e+02 3.48225242e+00
5.65573131e+02 3.49627977e+00
5.65693799e+02 3.48637611e+00
5.65804327e+02 3.45786335e+00
5.65909785e+02 3.41108993e+00
5.66015242e+02 3.34432050e+00
5.66120700e+02 3.25806245e+00
5.66226158e+02 3.15423158e+00
5.66366768e+02 2.99412106e+00
5.66718293e+02 2.55298400e+00
5.66858903e+02 2.39118501e+00
5.66970137e+02 2.27999737e+00
5.67044293e+02 2.21643958e+00
5.67118449e+02 2.16255199e+00
5.67192605e+02 2.11918473e+00
5.67266761e+02 2.08701241e+00
5.67340917e+02 2.06652879e+00
5.67424343e+02 2.05782625e+00
5.67433612e+02 2.05780447e+00
5.67507095e+02 2.06430400e+00
5.67589511e+02 2.08548937e+00
5.67671927e+02 2.12078821e+00
5.67754342e+02 2.16922125e+00
5.67836758e+02 2.22940930e+00
5.67946646e+02 2.32483382e+00
5.68111477e+02 2.48965707e+00
5.68331253e+02 2.71743347e+00
5.68469954e+02 2.84566776e+00
5.68573980e+02 2.92650206e+00
5.68678006e+02 2.99123357e+00
5.68782032e+02 3.03897540e+00
5.68886058e+02 3.07064998e+00
5.69037894e+02 3.09408856e+00
5.69265648e+02 3.10978047e+00
5.69379525e+02 3.12724435e+00
5.69493402e+02 3.16317842e+00
5.69576426e+02 3.20576499e+00
5.69659450e+02 3.26518153e+00
5.69742474e+02 3.34343041e+00
5.69825498e+02 3.44177817e+00
5.69908523e+02 3.56069699e+00
5.69991547e+02 3.69986485e+00
5.70074571e+02 3.85823441e+00
5.70157594e+02 4.03417198e+00
5.70259246e+02 4.27055001e+00
5.70411722e+02 4.66060058e+00
5.70564198e+02 5.08542074e+00
5.70716675e+02 5.54587266e+00
5.70818326e+02 5.87981333e+00
5.70919977e+02 6.24507218e+00
5.71011321e+02 6.60938911e+00
5.71092357e+02 6.96903959e+00
5.71173394e+02 7.36986407e+00
5.71254430e+02 7.81785577e+00
5.71335467e+02 8.31766001e+00
5.71416503e+02 8.87185098e+00
5.71497540e+02 9.48028135e+00
5.71578576e+02 1.01395517e+01
5.71672138e+02 1.09546423e+01
5.71990402e+02 1.38898106e+01
5.72075389e+02 1.46183820e+01
5.72171218e+02 1.53551370e+01
5.72267047e+02 1.59695698e+01
5.72330934e+02 1.62963925e+01
5.72394820e+02 1.65483454e+01
5.72458706e+02 1.67197265e+01
5.72522593e+02 1.68065431e+01
5.72554536e+02 1.68174885e+01
5.72634950e+02 1.67485600e+01
5.72715365e+02 1.65434427e+01
5.72795780e+02 1.62082810e+01
5.72876194e+02 1.57532228e+01
5.72956609e+02 1.51917919e+01
5.73037024e+02 1.45401345e+01
5.73144243e+02 1.35620636e+01
5.73251463e+02 1.25003866e+01
5.73495124e+02 1.00072118e+01
5.73577956e+02 9.19505181e+00
5.73660788e+02 8.42433607e+00
5.73743620e+02 7.70545395e+00
5.73816171e+02 7.12448106e+00
5.73888722e+02 6.59266683e+00
5.73961273e+02 6.11201554e+00
5.74033824e+02 5.68319114e+00
5.74082191e+02 5.42588806e+00
5.74150463e+02 5.10071647e+00
5.74210177e+02 4.85156197e+00
5.74269891e+02 4.63375478e+00
5.74329606e+02 4.44556332e+00
5.74389320e+02 4.28509033e+00
5.74449034e+02 4.15034329e+00
5.74508748e+02 4.03929847e+00
5.74568462e+02 3.94996145e+00
5.74628177e+02 3.88041595e+00
5.74687891e+02 3.82886718e+00
5.74767510e+02 3.78532010e+00
5.74857668e+02 3.76689292e+00
5.74868938e+02 3.76669993e+00
5.74947826e+02 3.77748236e+00
5.75037985e+02 3.81413232e+00
5.75128143e+02 3.87481518e+00
5.75218301e+02 3.95827562e+00
5.75308460e+02 4.06382219e+00
5.75398618e+02 4.19108975e+00
5.75488776e+02 4.33979091e+00
5.75578935e+02 4.50947942e+00
5.75669093e+02 4.69933823e+00
5.75781793e+02 4.96290285e+00
5.75939575e+02 5.37304095e+00
5.76360329e+02 6.55935994e+00
5.76518111e+02 6.96489643e+00
5.76637712e+02 7.23078413e+00
5.76738223e+02 7.41771604e+00
5.76838733e+02 7.56545517e+00
5.76939243e+02 7.66948800e+00
5.77039753e+02 7.72631261e+00
5.77106760e+02 7.73671885e+00
5.77205508e+02 7.71090437e+00
5.77304257e+02 7.63570269e+00
5.77403005e+02 7.51185724e+00
5.77501753e+02 7.34150710e+00
5.77600501e+02 7.12835754e+00
5.77699249e+02 6.87781538e+00
5.77830914e+02 6.49820358e+00
5.78160074e+02 5.46442723e+00
5.78275517e+02 5.12966879e+00
5.78352478e+02 4.92866451e+00
5.78429440e+02 4.75002545e+00
5.78506401e+02 4.59668368e+00
5.78583363e+02 4.47046296e+00
5.78660325e+02 4.37197010e+00
5.78737286e+02 4.30054945e+00
5.78821247e+02 4.25125544e+00
5.78912208e+02 4.22697581e+00
5.78957689e+02 4.22416055e+00
5.79094130e+02 4.24085566e+00
5.79321532e+02 4.28522511e+00
5.79367013e+02 4.28670231e+00
5.79457974e+02 4.27469271e+00
5.79546173e+02 4.23955283e+00
5.79631609e+02 4.17999225e+00
5.79717046e+02 4.09367429e+00
5.79802483e+02 3.98064469e+00
5.79887919e+02 3.84251743e+00
5.79973356e+02 3.68229576e+00
5.80058793e+02 3.50412455e+00
5.80186948e+02 3.21429688e+00
5.80388513e+02 2.74534846e+00
5.80489296e+02 2.52473593e+00
5.80564883e+02 2.37235559e+00
5.80619378e+02 2.27143775e+00
5.80677975e+02 2.17261325e+00
5.80736573e+02 2.08493124e+00
5.80795170e+02 2.00936100e+00
5.80853768e+02 1.94671226e+00
5.80912365e+02 1.89763532e+00
5.80970963e+02 1.86262244e+00
5.81029560e+02 1.84200914e+00
5.81081599e+02 1.83592363e+00
5.81136474e+02 1.84198708e+00
5.81191349e+02 1.86076987e+00
5.81246224e+02 1.89205584e+00
5.81301099e+02 1.93550194e+00
5.81355974e+02 1.99063467e+00
5.81410849e+02 2.05684642e+00
5.81465724e+02 2.13339226e+00
5.81520598e+02 2.21938772e+00
5.81581538e+02 2.32471196e+00
5.81672946e+02 2.49861870e+00
5.81764355e+02 2.68602176e+00
5.81947173e+02 3.07231954e+00
5.82039907e+02 3.25800525e+00
5.82135291e+02 3.43024198e+00
5.82230676e+02 3.57520446e+00
5.82294266e+02 3.65313507e+00
5.82357855e+02 3.71410373e+00
5.82421445e+02 3.75687578e+00
5.82485034e+02 3.78069433e+00
5.82529245e+02 3.78593443e+00
5.82591322e+02 3.77776780e+00
5.82665816e+02 3.74487869e+00
5.82740309e+02 3.68865845e+00
5.82814802e+02 3.61192085e+00
5.82914126e+02 3.48395872e+00
5.83063112e+02 3.25799159e+00
5.83212099e+02 3.02498404e+00
5.83311423e+02 2.88420998e+00
5.83381778e+02 2.79796464e+00
5.83452133e+02 2.72626013e+00
5.83522488e+02 2.67151228e+00
5.83592843e+02 2.63560185e+00
5.83663198e+02 2.61986656e+00
5.83686650e+02 2.61925931e+00
5.83750123e+02 2.62944756e+00
5.83813596e+02 2.65697881e+00
5.83877069e+02 2.70169136e+00
5.83940542e+02 2.76316470e+00
5.84004015e+02 2.84075381e+00
5.84067488e+02 2.93362280e+00
5.84130961e+02 3.04077649e+00
5.84194434e+02 3.16108846e+00
5.84283333e+02 3.34935022e+00
5.84372232e+02 3.55732920e+00
5.84505581e+02 3.89765011e+00
5.84905627e+02 4.98931174e+00
5.85069149e+02 5.40037405e+00
5.85178164e+02 5.64422103e+00
5.85287179e+02 5.85736912e+00
5.85396193e+02 6.03616694e+00
5.85505208e+02 6.17923903e+00
5.85614223e+02 6.28789769e+00
5.85723238e+02 6.36641680e+00
5.85904205e+02 6.45115423e+00
5.86093894e+02 6.52774496e+00
5.86220354e+02 6.60622500e+00
5.86338124e+02 6.72042995e+00
5.86447204e+02 6.87343561e+00
5.86556284e+02 7.07797500e+00
5.86665364e+02 7.33392962e+00
5.86774444e+02 7.63418642e+00
5.87101685e+02 8.62597344e+00
5.87200368e+02 8.87946528e+00
5.87288653e+02 9.05794257e+00
5.87376938e+02 9.17691305e+00
5.87443152e+02 9.22047960e+00
5.87476259e+02 9.22632127e+00
5.87556937e+02 9.19381682e+00
5.87628294e+02 9.10854830e+00
5.87699651e+02 8.97048104e+00
5.87771008e+02 8.78171328e+00
5.87842365e+02 8.54601582e+00
5.87937507e+02 8.16797944e+00
5.88032649e+02 7.73151676e+00
5.88175363e+02 7.00677881e+00
5.88377119e+02 5.94825585e+00
5.88483733e+02 5.42039589e+00
5.88563693e+02 5.05344521e+00
5.88643654e+02 4.71743312e+00
5.88696961e+02 4.51257156e+00
5.88771404e+02 4.25383637e+00
5.88827237e+02 4.08141354e+00
5.88883069e+02 3.92783144e+00
5.88938902e+02 3.79312078e+00
5.88994734e+02 3.67713209e+00
5.89050567e+02 3.57956885e+00
5.89106399e+02 3.50001985e+00
5.89162232e+02 3.43798285e+00
5.89218064e+02 3.39288457e+00
5.89273897e+02 3.36409231e+00
5.89335997e+02 3.35038571e+00
5.89363237e+02 3.35021224e+00
5.89444957e+02 3.36990476e+00
5.89526678e+02 3.41782035e+00
5.89608398e+02 3.49098642e+00
5.89690118e+02 3.58604888e+00
5.89799078e+02 3.74027455e+00
5.89962519e+02 4.00947018e+00
5.90180439e+02 4.37815278e+00
5.90300543e+02 4.55490558e+00
5.90390621e+02 4.66384629e+00
5.90480699e+02 4.74712354e+00
5.90570777e+02 4.80119584e+00
5.90670181e+02 4.82446002e+00
5.90679508e+02 4.82464113e+00
5.90772773e+02 4.80769039e+00
5.90847385e+02 4.77024394e+00
5.90959303e+02 4.67732186e+00
5.91071221e+02 4.54598926e+00
5.91183138e+02 4.38398958e+00
5.91332362e+02 4.13461810e+00
5.91780034e+02 3.31494991e+00
5.91948387e+02 3.02098788e+00
5.92088998e+02 2.78975961e+00
5.92229610e+02 2.57369481e+00
5.92370221e+02 2.37505120e+00
5.92463962e+02 2.25380889e+00
5.92557703e+02 2.14288182e+00
5.92641432e+02 2.05365864e+00
5.92715148e+02 1.98371236e+00
5.92788865e+02 1.92266323e+00
5.92862582e+02 1.87134230e+00
5.92936299e+02 1.83059479e+00
5.93010015e+02 1.80126576e+00
5.93083732e+02 1.78418585e+00
5.93139019e+02 1.77989783e+00
5.93194307e+02 1.78327281e+00
5.93263998e+02 1.79890896e+00
5.93333689e+02 1.82774111e+00
5.93403380e+02 1.87022414e+00
5.93473071e+02 1.92669687e+00
5.93542763e+02 1.99735064e+00
5.93612454e+02 2.08219337e+00
5.93682145e+02 2.18101315e+00
5.93751836e+02 2.29334144e+00
5.93829767e+02 2.43400452e+00
5.93907697e+02 2.58907440e+00
5.94011605e+02 2.81462935e+00
5.94167466e+02 3.17989703e+00
5.94360730e+02 3.64015591e+00
5.94476688e+02 3.89711530e+00
5.94553993e+02 4.05243865e+00
5.94631299e+02 4.19097240e+00
5.94708604e+02 4.30984147e+00
5.94785910e+02 4.40681303e+00
5.94865476e+02 4.48218488e+00
5.94945043e+02 4.53202864e+00
5.95038214e+02 4.55817820e+00
5.95078341e+02 4.55908700e+00
5.95158594e+02 4.54330508e+00
5.95238847e+02 4.50589779e+00
5.95359226e+02 4.41495900e+00
5.95479605e+02 4.29073497e+00
5.95640111e+02 4.08904293e+00
5.95800617e+02 3.86173048e+00
5.96041375e+02 3.49389118e+00
5.96282134e+02 3.10452428e+00
5.96517982e+02 2.71614543e+00
5.96635906e+02 2.53156963e+00
5.96714521e+02 2.41805301e+00
5.96793137e+02 2.31631612e+00
5.96871753e+02 2.23050894e+00
5.96930291e+02 2.17967023e+00
5.96987982e+02 2.14264005e+00
5.97045674e+02 2.12057707e+00
5.97091346e+02 2.11504732e+00
5.97141826e+02 2.12249946e+00
5.97180286e+02 2.13851654e+00
5.97218747e+02 2.16409303e+00
5.97260609e+02 2.20341996e+00
5.97302472e+02 2.25534935e+00
5.97344334e+02 2.32047335e+00
5.97386196e+02 2.39931928e+00
5.97428058e+02 2.49233953e+00
5.97469920e+02 2.59989908e+00
5.97511782e+02 2.72226634e+00
5.97553644e+02 2.85960034e+00
5.97602521e+02 3.03893455e+00
5.97651398e+02 3.23856496e+00
5.97700275e+02 3.45807709e+00
5.97749152e+02 3.69678232e+00
5.97798029e+02 3.95370544e+00
5.97846653e+02 4.22611717e+00
5.97911316e+02 4.61167424e+00
5.98008311e+02 5.23051321e+00
5.98283025e+02 7.07955016e+00
5.98367046e+02 7.61178009e+00
5.98437058e+02 8.02095683e+00
5.98521066e+02 8.45626695e+00
5.98577071e+02 8.70561749e+00
5.98633076e+02 8.91757166e+00
5.98689081e+02 9.08871968e+00
5.98745086e+02 9.21630725e+00
5.98801091e+02 9.29830890e+00
5.98871081e+02 9.33488511e+00
5.98931683e+02 9.30696920e+00
5.98987623e+02 9.23277314e+00
5.99043563e+02 9.11355352e+00
5.99080856e+02 9.01011357e+00
5.99155443e+02 8.74948953e+00
5.99230030e+02 8.42406181e+00
5.99304617e+02 8.04341395e+00
5.99379203e+02 7.61826577e+00
5.99490796e+02 6.92388538e+00
5.99712834e+02 5.47082668e+00
5.99821280e+02 4.78985125e+00
5.99892720e+02 4.36784717e+00
5.99964160e+02 3.97263087e+00
6.00017740e+02 3.69586349e+00
6.00075921e+02 3.41565492e+00
6.00136402e+02 3.14752889e+00
6.00196883e+02 2.90326243e+00
6.00257364e+02 2.68261987e+00
6.00317845e+02 2.48494826e+00
6.00375653e+02 2.31656793e+00
6.00428113e+02 2.18021828e+00
6.00480573e+02 2.05855299e+00
6.00533033e+02 1.95055132e+00
6.00585494e+02 1.85514538e+00
6.00637954e+02 1.77124864e+00
6.00690414e+02 1.69778015e+00
6.00742874e+02 1.63368676e+00
6.00795334e+02 1.57796024e+00
6.00847794e+02 1.52965199e+00
6.00917741e+02 1.47527411e+00
6.00989299e+02 1.42974770e+00
6.01060856e+02 1.39275712e+00
6.01108561e+02 1.37214015e+00
6.01203971e+02 1.33913478e+00
6.01299381e+02 1.31555235e+00
6.01394791e+02 1.30030362e+00
6.01502127e+02 1.29276372e+00
6.01525979e+02 1.29251122e+00
6.01585610e+02 1.29427682e+00
6.01681020e+02 1.30476907e+00
6.01760754e+02 1.32159673e+00
6.01840488e+02 1.34669053e+00
6.01920222e+02 1.38096978e+00
6.01999956e+02 1.42533189e+00
6.02079690e+02 1.48059004e+00
6.02159424e+02 1.54741632e+00
6.02239158e+02 1.62629275e+00
6.02318892e+02 1.71747246e+00
6.02402928e+02 1.82688293e+00
6.02486964e+02 1.94963067e+00
6.02571000e+02 2.08506176e+00
6.02655036e+02 2.23221189e+00
6.02767084e+02 2.44446319e+00
6.02910226e+02 2.73695527e+00
6.03124939e+02 3.20255676e+00
6.03339651e+02 3.67167693e+00
6.03516424e+02 4.03657951e+00
6.03634272e+02 4.25854376e+00
6.03752121e+02 4.45623564e+00
6.03869969e+02 4.62327438e+00
6.03958356e+02 4.72463320e+00
6.04046742e+02 4.80269149e+00
6.04135128e+02 4.85522299e+00
6.04238245e+02 4.88187275e+00
6.04252977e+02 4.88252140e+00
6.04345505e+02 4.86816977e+00
6.04440104e+02 4.82058815e+00
6.04534703e+02 4.74055901e+00
6.04629303e+02 4.63008614e+00
6.04723902e+02 4.49232171e+00
6.04786968e+02 4.38734256e+00
6.04913101e+02 4.15243131e+00
6.05102299e+02 3.76228289e+00
6.05291498e+02 3.36639100e+00
6.05436398e+02 3.08318555e+00
6.05532998e+02 2.91074608e+00
6.05629598e+02 2.75380758e+00
6.05726198e+02 2.61314398e+00
6.05822798e+02 2.48851052e+00
6.05919398e+02 2.37884376e+00
6.06015999e+02 2.28251183e+00
6.06139733e+02 2.17550753e+00
6.06215167e+02 2.11769354e+00
6.06366036e+02 2.01516357e+00
6.06516905e+02 1.92634678e+00
6.06667774e+02 1.84927601e+00
6.06818643e+02 1.78465701e+00
6.06931795e+02 1.74581234e+00
6.07044946e+02 1.71659297e+00
6.07158098e+02 1.69802918e+00
6.07279565e+02 1.69052735e+00
6.07287881e+02 1.69048240e+00
6.07404300e+02 1.69586198e+00
6.07537350e+02 1.71433499e+00
6.07670401e+02 1.74270104e+00
6.08003027e+02 1.82694279e+00
6.08136077e+02 1.85436415e+00
6.08269127e+02 1.87411735e+00
6.08481247e+02 1.89164681e+00
6.08699638e+02 1.90831925e+00
6.08808834e+02 1.92643229e+00
6.08918030e+02 1.95804913e+00
6.08987889e+02 1.98786924e+00
6.09057748e+02 2.02677574e+00
6.09127606e+02 2.07597210e+00
6.09197465e+02 2.13647611e+00
6.09267324e+02 2.20907241e+00
6.09337183e+02 2.29426999e+00
6.09407042e+02 2.39226900e+00
6.09476901e+02 2.50293537e+00
6.09558796e+02 2.64812822e+00
6.09640692e+02 2.80865214e+00
6.09722588e+02 2.98245422e+00
6.09845432e+02 3.26206173e+00
6.10132068e+02 3.93970839e+00
6.10253462e+02 4.20391633e+00
6.10334392e+02 4.36189089e+00
6.10415322e+02 4.50069508e+00
6.10496252e+02 4.61677623e+00
6.10577182e+02 4.70711978e+00
6.10658111e+02 4.76938608e+00
6.10739041e+02 4.80203020e+00
6.10779506e+02 4.80700239e+00
6.10860565e+02 4.79423569e+00
6.10941624e+02 4.75190780e+00
6.11022683e+02 4.68177860e+00
6.11103742e+02 4.58653478e+00
6.11211820e+02 4.42666002e+00
6.11319899e+02 4.23864415e+00
6.11644134e+02 3.62273249e+00
6.11750363e+02 3.44049926e+00
6.11856592e+02 3.28202157e+00
6.11927411e+02 3.19199704e+00
6.11998230e+02 3.11533150e+00
6.12069049e+02 3.05209634e+00
6.12139869e+02 3.00179717e+00
6.12248228e+02 2.94743367e+00
6.12360849e+02 2.91443053e+00
6.12511011e+02 2.89369834e+00
6.12736253e+02 2.87018886e+00
6.12875194e+02 2.83746698e+00
6.13002913e+02 2.78605176e+00
6.13130632e+02 2.71252696e+00
6.13258350e+02 2.61951103e+00
6.13449929e+02 2.45703450e+00
6.13641507e+02 2.29178122e+00
6.13769226e+02 2.19372837e+00
6.13876395e+02 2.12446684e+00
6.13963014e+02 2.07893873e+00
6.14049633e+02 2.04343009e+00
6.14136252e+02 2.01799283e+00
6.14236443e+02 2.00054582e+00
6.14350204e+02 1.99467040e+00
6.14463965e+02 2.00104736e+00
6.14634608e+02 2.02700504e+00
6.14862130e+02 2.07775336e+00
6.15430938e+02 2.21936433e+00
6.15658460e+02 2.28610159e+00
6.15885983e+02 2.36759378e+00
6.16168337e+02 2.48776080e+00
6.16758409e+02 2.75244115e+00
6.16884853e+02 2.82302861e+00
6.16969149e+02 2.88269606e+00
6.17053445e+02 2.95828466e+00
6.17116667e+02 3.02906280e+00
6.17179889e+02 3.11509925e+00
6.17243111e+02 3.21948384e+00
6.17306333e+02 3.34543353e+00
6.17348481e+02 3.44298758e+00
6.17399967e+02 3.57850254e+00
6.17451453e+02 3.73355505e+00
6.17502939e+02 3.90969228e+00
6.17554425e+02 4.10829550e+00
6.17605911e+02 4.33052893e+00
6.17657397e+02 4.57728833e+00
6.17708883e+02 4.84915066e+00
6.17760369e+02 5.14632634e+00
6.17812170e+02 5.47067033e+00
6.17863972e+02 5.81977597e+00
6.17933041e+02 6.32170522e+00
6.18002111e+02 6.86139836e+00
6.18088826e+02 7.58336415e+00
6.18245370e+02 8.96302563e+00
6.18401914e+02 1.03378828e+01
6.18486443e+02 1.10290100e+01
6.18551137e+02 1.15148444e+01
6.18615832e+02 1.19521946e+01
6.18680527e+02 1.23316926e+01
6.18745221e+02 1.26449470e+01
6.18809916e+02 1.28848257e+01
6.18874610e+02 1.30457052e+01
6.18939305e+02 1.31236631e+01
6.18971652e+02 1.31308205e+01
6.19033550e+02 1.30849905e+01
6.19095448e+02 1.29616708e+01
6.19157346e+02 1.27630770e+01
6.19219244e+02 1.24929175e+01
6.19281142e+02 1.21562615e+01
6.19343040e+02 1.17593698e+01
6.19404937e+02 1.13094868e+01
6.19466835e+02 1.08146109e+01
6.19555297e+02 1.00461922e+01
6.19687989e+02 8.80975491e+00
6.19854802e+02 7.22663981e+00
6.19957165e+02 6.29589711e+00
6.20025408e+02 5.70849950e+00
6.20093650e+02 5.15421141e+00
6.20153059e+02 4.70185692e+00
6.20212468e+02 4.27960136e+00
6.20271878e+02 3.88858982e+00
6.20316435e+02 3.61614899e+00
6.20361076e+02 3.36108760e+00
6.20405759e+02 3.12353673e+00
6.20450442e+02 2.90341195e+00
6.20495125e+02 2.70025284e+00
6.20539808e+02 2.51349400e+00
6.20569597e+02 2.39777902e+00
6.20614636e+02 2.23564326e+00
6.20659675e+02 2.08824823e+00
6.20704714e+02 1.95477764e+00
6.20749753e+02 1.83439162e+00
6.20794792e+02 1.72623824e+00
6.20839831e+02 1.62946772e+00
6.20884870e+02 1.54324079e+00
6.20929909e+02 1.46673886e+00
6.20979220e+02 1.39319604e+00
6.21028531e+02 1.32936625e+00
6.21077842e+02 1.27430608e+00
6.21127153e+02 1.22712897e+00
6.21176464e+02 1.18700679e+00
6.21225776e+02 1.15317155e+00
6.21258650e+02 1.13375538e+00
6.21324398e+02 1.10158964e+00
6.21390146e+02 1.07714733e+00
6.21455894e+02 1.05918785e+00
6.21531841e+02 1.04512588e+00
6.21607788e+02 1.03693912e+00
6.21707468e+02 1.03336291e+00
6.21797655e+02 1.03589169e+00
6.21911576e+02 1.04591117e+00
6.22025496e+02 1.06352158e+00
6.22101443e+02 1.07998835e+00
6.22177390e+02 1.10089729e+00
6.22253337e+02 1.12699678e+00
6.22329283e+02 1.15913973e+00
6.22405230e+02 1.19822049e+00
6.22481177e+02 1.24510341e+00
6.22557124e+02 1.30054565e+00
6.22633071e+02 1.36511827e+00
6.22702158e+02 1.43205475e+00
6.22764384e+02 1.49903641e+00
6.22857723e+02 1.61094637e+00
6.22951063e+02 1.73524977e+00
6.23075515e+02 1.91596117e+00
6.23321042e+02 2.28973404e+00
6.23435182e+02 2.45193506e+00
6.23511276e+02 2.54950606e+00
6.23587369e+02 2.63574557e+00
6.23663463e+02 2.70859959e+00
6.23739557e+02 2.76652954e+00
6.23811244e+02 2.80662483e+00
6.23878524e+02 2.83128957e+00
6.23959513e+02 2.84481927e+00
6.24006862e+02 2.84507859e+00
6.24101560e+02 2.83081140e+00
6.24196257e+02 2.80104447e+00
6.24433002e+02 2.70286696e+00
6.24527699e+02 2.67474184e+00
6.24598722e+02 2.66546107e+00
6.24622397e+02 2.66527710e+00
6.24694929e+02 2.67546467e+00
6.24770480e+02 2.70585441e+00
6.24827655e+02 2.74409410e+00
6.24884829e+02 2.79667682e+00
6.24942003e+02 2.86446338e+00
6.24999178e+02 2.94808041e+00
6.25056352e+02 3.04790724e+00
6.25113526e+02 3.16406624e+00
6.25170700e+02 3.29641627e+00
6.25227875e+02 3.44454920e+00
6.25301137e+02 3.65632345e+00
6.25374400e+02 3.89081998e+00
6.25472083e+02 4.23396207e+00
6.25569766e+02 4.60414474e+00
6.25865297e+02 5.77575823e+00
6.25957805e+02 6.11792574e+00
6.26050314e+02 6.42801422e+00
6.26136106e+02 6.67703720e+00
6.26208465e+02 6.85200453e+00
6.26280825e+02 6.99039049e+00
6.26353184e+02 7.08882160e+00
6.26425543e+02 7.14490923e+00
6.26482828e+02 7.15839860e+00
6.26547793e+02 7.14047762e+00
6.26622629e+02 7.07690958e+00
6.26697465e+02 6.96959730e+00
6.26772300e+02 6.82217641e+00
6.26847136e+02 6.63953600e+00
6.26946917e+02 6.35166561e+00
6.27096588e+02 5.85875099e+00
6.27296150e+02 5.18162662e+00
6.27391907e+02 4.88467598e+00
6.27487664e+02 4.62288735e+00
6.27551502e+02 4.47242424e+00
6.27615340e+02 4.34340517e+00
6.27679178e+02 4.23691011e+00
6.27743015e+02 4.15329802e+00
6.27806853e+02 4.09222557e+00
6.27868104e+02 4.05388915e+00
6.27947457e+02 4.03134669e+00
6.27973907e+02 4.03000457e+00
6.28053259e+02 4.04197169e+00
6.28159062e+02 4.08752436e+00
6.28476471e+02 4.29043293e+00
6.28582273e+02 4.33522764e+00
6.28688076e+02 4.35142317e+00
6.28771265e+02 4.34032364e+00
6.28856646e+02 4.30572182e+00
6.28942027e+02 4.24787684e+00
6.29027409e+02 4.16843363e+00
6.29112790e+02 4.07022809e+00
6.29226632e+02 3.91673067e+00
6.29568157e+02 3.40605508e+00
6.29686208e+02 3.24977485e+00
6.29777902e+02 3.14580254e+00
6.29869596e+02 3.06001117e+00
6.29961291e+02 2.99383728e+00
6.30052985e+02 2.94757208e+00
6.30152182e+02 2.91904831e+00
6.30247353e+02 2.91079891e+00
6.30342523e+02 2.91858583e+00
6.30418659e+02 2.93424721e+00
6.30570931e+02 2.98332611e+00
6.30951612e+02 3.13553453e+00
6.31180020e+02 3.20609502e+00
6.31522645e+02 3.28911682e+00
6.31665410e+02 3.34151540e+00
6.31756262e+02 3.39116348e+00
6.31842790e+02 3.45587119e+00
6.31929317e+02 3.54253054e+00
6.31994213e+02 3.62495813e+00
6.32059108e+02 3.72467216e+00
6.32124004e+02 3.84369302e+00
6.32188899e+02 3.98388010e+00
6.32253795e+02 4.14685570e+00
6.32318690e+02 4.33392307e+00
6.32383586e+02 4.54598717e+00
6.32455730e+02 4.81158559e+00
6.32531500e+02 5.12410936e+00
6.32607270e+02 5.46971171e+00
6.32683039e+02 5.84586782e+00
6.32758809e+02 6.24884182e+00
6.32868073e+02 6.86705299e+00
6.33161826e+02 8.60327284e+00
6.33279328e+02 9.25778786e+00
6.33404513e+02 9.88921758e+00
6.33529697e+02 1.04352580e+01
6.33654882e+02 1.08920450e+01
6.33780067e+02 1.12719456e+01
6.34072958e+02 1.20419318e+01
6.34170429e+02 1.23346098e+01
6.34267900e+02 1.26810041e+01
6.34365371e+02 1.30976202e+01
6.34462842e+02 1.35945576e+01
6.34560314e+02 1.41737947e+01
6.34657785e+02 1.48282040e+01
6.34803992e+02 1.59126549e+01
6.35030001e+02 1.76290135e+01
6.35120405e+02 1.82447023e+01
6.35210809e+02 1.87753682e+01
6.35301213e+02 1.91939199e+01
6.35391617e+02 1.94774846e+01
6.35459420e+02 1.95909368e+01
6.35504622e+02 1.96163961e+01
6.35586457e+02 1.95571327e+01
6.35675309e+02 1.93378935e+01
6.35764160e+02 1.89611103e+01
6.35853012e+02 1.84362038e+01
6.35941863e+02 1.77774352e+01
6.36030715e+02 1.70028126e+01
6.36119567e+02 1.61328988e+01
6.36238035e+02 1.48627520e+01
6.36445356e+02 1.24821670e+01
6.36599885e+02 1.07037798e+01
6.36724797e+02 9.32998476e+00
6.36808072e+02 8.46456974e+00
6.36882577e+02 7.73205559e+00
6.36957083e+02 7.04342415e+00
6.37031589e+02 6.40183500e+00
6.37087468e+02 5.95285108e+00
6.37144090e+02 5.52673354e+00
6.37201084e+02 5.12744701e+00
6.37258078e+02 4.75793711e+00
6.37315071e+02 4.41800872e+00
6.37372065e+02 4.10724574e+00
6.37410061e+02 3.91597525e+00
6.37465264e+02 3.66021990e+00
6.37520467e+02 3.42994507e+00
6.37575671e+02 3.22420412e+00
6.37630874e+02 3.04194337e+00
6.37686077e+02 2.88201981e+00
6.37741280e+02 2.74321910e+00
6.37796483e+02 2.62427299e+00
6.37851687e+02 2.52387621e+00
6.37907364e+02 2.44005914e+00
6.37963041e+02 2.37239597e+00
6.38018718e+02 2.31952957e+00
6.38074395e+02 2.28012592e+00
6.38137230e+02 2.25020237e+00
6.38200064e+02 2.23398047e+00
6.38241954e+02 2.22993559e+00
6.38325733e+02 2.23596833e+00
6.38409512e+02 2.25795774e+00
6.38493291e+02 2.29285366e+00
6.38618960e+02 2.36396989e+00
6.38744628e+02 2.45227567e+00
6.38870297e+02 2.55461929e+00
6.38995966e+02 2.67119171e+00
6.39121635e+02 2.80564972e+00
6.39205414e+02 2.90856198e+00
6.39289193e+02 3.02530636e+00
6.39372972e+02 3.15918115e+00
6.39452300e+02 3.30500427e+00
6.39527177e+02 3.46256585e+00
6.39602054e+02 3.64212798e+00
6.39676931e+02 3.84606732e+00
6.39751807e+02 4.07636517e+00
6.39826684e+02 4.33443245e+00
6.39901561e+02 4.62093330e+00
6.39976438e+02 4.93562307e+00
6.40066404e+02 5.34910450e+00
6.40171461e+02 5.87487540e+00
6.40276517e+02 6.43574003e+00
6.40523505e+02 7.79176834e+00
6.40612909e+02 8.25281256e+00
6.40702312e+02 8.67347410e+00
6.40791715e+02 9.03821701e+00
6.40858768e+02 9.26634648e+00
6.40925820e+02 9.44951245e+00
6.40992873e+02 9.58318687e+00
6.41059925e+02 9.66385273e+00
6.41126978e+02 9.68914373e+00
6.41198028e+02 9.65429461e+00
6.41271078e+02 9.55264138e+00
6.41344128e+02 9.38634660e+00
6.41417177e+02 9.15927417e+00
6.41490227e+02 8.87689828e+00
6.41538927e+02 8.66126530e+00
6.41636326e+02 8.17482203e+00
6.41733726e+02 7.63216983e+00
6.42017179e+02 5.93853285e+00
6.42105832e+02 5.43280629e+00
6.42194486e+02 4.96237069e+00
6.42260976e+02 4.63929596e+00
6.42311897e+02 4.41183528e+00
6.42369412e+02 4.17776240e+00
6.42426927e+02 3.96963022e+00
6.42484442e+02 3.78892742e+00
6.42541957e+02 3.63688737e+00
6.42585094e+02 3.54229052e+00
6.42628230e+02 3.46476931e+00
6.42671366e+02 3.40465870e+00
6.42714502e+02 3.36226953e+00
6.42757787e+02 3.33784667e+00
6.42794106e+02 3.33157117e+00
6.42844640e+02 3.34478227e+00
6.42887909e+02 3.37673940e+00
6.42931178e+02 3.42811295e+00
6.42974447e+02 3.49928642e+00
6.43017717e+02 3.59067933e+00
6.43060986e+02 3.70274934e+00
6.43104255e+02 3.83599207e+00
6.43147525e+02 3.99093860e+00
6.43190794e+02 4.16815050e+00
6.43234063e+02 4.36821233e+00
6.43282792e+02 4.62161675e+00
6.43322556e+02 4.85103430e+00
6.43362321e+02 5.10127428e+00
6.43402085e+02 5.37276392e+00
6.43461732e+02 5.82068681e+00
6.43521379e+02 6.31838708e+00
6.43581025e+02 6.86658455e+00
6.43637787e+02 7.43537935e+00
6.43694549e+02 8.04979115e+00
6.43751311e+02 8.70888674e+00
6.43808073e+02 9.41102869e+00
6.43883755e+02 1.04098634e+01
6.43976205e+02 1.17157193e+01
6.44091766e+02 1.34497025e+01
6.44341035e+02 1.73047277e+01
6.44428518e+02 1.85862176e+01
6.44516001e+02 1.97711332e+01
6.44603484e+02 2.08223804e+01
6.44690966e+02 2.17053796e+01
6.44754094e+02 2.22208935e+01
6.44822026e+02 2.26496191e+01
6.44889959e+02 2.29391193e+01
6.44957891e+02 2.30837199e+01
6.44991858e+02 2.31008353e+01
6.45060942e+02 2.30223769e+01
6.45130025e+02 2.27950759e+01
6.45199109e+02 2.24257306e+01
6.45268193e+02 2.19244952e+01
6.45337277e+02 2.13044587e+01
6.45406361e+02 2.05811106e+01
6.45498473e+02 1.94859499e+01
6.45590584e+02 1.82815775e+01
6.45867769e+02 1.44300797e+01
6.45960447e+02 1.31907764e+01
6.46053125e+02 1.20219559e+01
6.46129025e+02 1.11287923e+01
6.46217706e+02 1.01655283e+01
6.46276826e+02 9.57276284e+00
6.46335947e+02 9.01911587e+00
6.46395067e+02 8.50330811e+00
6.46454188e+02 8.02342494e+00
6.46513308e+02 7.57707976e+00
6.46572429e+02 7.16158659e+00
6.46643875e+02 6.69659570e+00
6.46715320e+02 6.26752919e+00
6.46786766e+02 5.86967850e+00
6.46858211e+02 5.49885176e+00
6.46929657e+02 5.15153034e+00
6.47036825e+02 4.66879818e+00
6.47143993e+02 4.22684529e+00
6.47236883e+02 3.87469135e+00
6.47329772e+02 3.55116113e+00
6.47399439e+02 3.32785557e+00
6.47469106e+02 3.12178014e+00
6.47545302e+02 2.91684247e+00
6.47604804e+02 2.77208727e+00
6.47664305e+02 2.64097302e+00
6.47723807e+02 2.52357838e+00
6.47783309e+02 2.41982728e+00
6.47842811e+02 2.32947518e+00
6.47902312e+02 2.25210372e+00
6.47961814e+02 2.18712302e+00
6.48024131e+02 2.13153089e+00
6.48089263e+02 2.08594315e+00
6.48166946e+02 2.04641610e+00
6.48212063e+02 2.02992587e+00
6.48302298e+02 2.00866342e+00
6.48392533e+02 1.99930788e+00
6.48482768e+02 1.99739643e+00
6.48663238e+02 1.99915529e+00
6.48798590e+02 1.99126778e+00
6.48895226e+02 1.97508430e+00
6.48998262e+02 1.94546699e+00
6.49101299e+02 1.90190276e+00
6.49204335e+02 1.84435010e+00
6.49307372e+02 1.77381910e+00
6.49410409e+02 1.69217511e+00
6.49513445e+02 1.60190830e+00
6.49728943e+02 1.39808321e+00
6.49911771e+02 1.22565358e+00
6.50033657e+02 1.11869046e+00
6.50125071e+02 1.04508969e+00
6.50198169e+02 9.91126329e-01
6.50283421e+02 9.34252593e-01
6.50368674e+02 8.84317856e-01
6.50432613e+02 8.51581473e-01
6.50496553e+02 8.22948601e-01
6.50560492e+02 7.98433121e-01
6.50624432e+02 7.78020221e-01
6.50688371e+02 7.61675653e-01
6.50752311e+02 7.49355332e-01
6.50816250e+02 7.41013856e-01
6.50874890e+02 7.36828202e-01
6.50912217e+02 7.35880070e-01
6.50978013e+02 7.37450344e-01
6.51043808e+02 7.43161761e-01
6.51109603e+02 7.53042122e-01
6.51175398e+02 7.67144180e-01
6.51241193e+02 7.85543621e-01
6.51306989e+02 8.08334541e-01
6.51372784e+02 8.35623037e-01
6.51438579e+02 8.67518554e-01
6.51504374e+02 9.04124380e-01
6.51570169e+02 9.45526130e-01
6.51643554e+02 9.97428620e-01
6.51732116e+02 1.06812102e+00
6.51820678e+02 1.14748829e+00
6.51909240e+02 1.23517345e+00
6.51997802e+02 1.33056196e+00
6.52086364e+02 1.43275732e+00
6.52215692e+02 1.59168995e+00
6.52539011e+02 2.00706562e+00
6.52647109e+02 2.13863335e+00
6.52777411e+02 2.28278177e+00
6.52864280e+02 2.36680432e+00
6.52951148e+02 2.43889936e+00
6.53038017e+02 2.49738571e+00
6.53124885e+02 2.54088821e+00
6.53211754e+02 2.56839587e+00
6.53298622e+02 2.57930801e+00
6.53386488e+02 2.57330365e+00
6.53474354e+02 2.55047783e+00
6.53562219e+02 2.51163373e+00
6.53650085e+02 2.45804678e+00
6.53737951e+02 2.39143435e+00
6.53825816e+02 2.31391067e+00
6.53942970e+02 2.19784859e+00
6.54235856e+02 1.88579589e+00
6.54353309e+02 1.77032712e+00
6.54431611e+02 1.70160883e+00
6.54509914e+02 1.64152297e+00
6.54588216e+02 1.59155303e+00
6.54666518e+02 1.55291550e+00
6.54725245e+02 1.53193917e+00
6.54783971e+02 1.51813227e+00
6.54842698e+02 1.51166264e+00
6.54862273e+02 1.51115065e+00
6.54926324e+02 1.51521795e+00
6.54990375e+02 1.52798744e+00
6.55054425e+02 1.54922459e+00
6.55118476e+02 1.57856868e+00
6.55182527e+02 1.61554594e+00
6.55246577e+02 1.65958447e+00
6.55331978e+02 1.72814929e+00
6.55417379e+02 1.80638903e+00
6.55545480e+02 1.93787682e+00
6.55701059e+02 2.11230329e+00
6.55960357e+02 2.41285678e+00
6.56167796e+02 2.64216253e+00
6.56375234e+02 2.85212755e+00
6.56650209e+02 3.10512869e+00
6.56925184e+02 3.35717193e+00
6.57062671e+02 3.49729651e+00
6.57200158e+02 3.65537166e+00
6.57337646e+02 3.83710495e+00
6.57475133e+02 4.04676997e+00
6.57612620e+02 4.28662868e+00
6.57750108e+02 4.55660046e+00
6.57899347e+02 4.88080580e+00
6.58072090e+02 5.28860353e+00
6.58532740e+02 6.43417392e+00
6.58705483e+02 6.82836879e+00
6.58839841e+02 7.09643041e+00
6.58955007e+02 7.28819895e+00
6.59070173e+02 7.43563955e+00
6.59185338e+02 7.53018118e+00
6.59300504e+02 7.56404457e+00
6.59409268e+02 7.53463020e+00
6.59505229e+02 7.45626622e+00
6.59601190e+02 7.32778982e+00
6.59697151e+02 7.14995400e+00
6.59793112e+02 6.92529749e+00
6.59889073e+02 6.65818002e+00
6.59985034e+02 6.35469087e+00
6.60080995e+02 6.02242594e+00
6.60272917e+02 5.30730715e+00
6.60457253e+02 4.61588446e+00
6.60570030e+02 4.21855072e+00
6.60654613e+02 3.94231828e+00
6.60739196e+02 3.68895434e+00
6.60823778e+02 3.46102045e+00
6.60908362e+02 3.25989670e+00
6.60992946e+02 3.08581711e+00
6.61077530e+02 2.93796225e+00
6.61162114e+02 2.81461185e+00
6.61246698e+02 2.71334101e+00
6.61331282e+02 2.63123831e+00
6.61415866e+02 2.56513400e+00
6.61528645e+02 2.49634978e+00
6.61641423e+02 2.44320056e+00
6.61754202e+02 2.39967715e+00
6.62147165e+02 2.27347159e+00
6.62343646e+02 2.21795429e+00
6.62540128e+02 2.17628365e+00
6.62671116e+02 2.16117136e+00
6.62761170e+02 2.15809444e+00
6.62896545e+02 2.16557211e+00
6.63038207e+02 2.18868818e+00
6.63179869e+02 2.22539886e+00
6.63368753e+02 2.28902784e+00
6.63746519e+02 2.42834234e+00
6.64029844e+02 2.52737309e+00
6.64171506e+02 2.58612671e+00
6.64265948e+02 2.63555619e+00
6.64351494e+02 2.69130036e+00
6.64428145e+02 2.75279271e+00
6.64504796e+02 2.82752790e+00
6.64581446e+02 2.91756793e+00
6.64658097e+02 3.02464657e+00
6.64734748e+02 3.15002029e+00
6.64811399e+02 3.29433081e+00
6.64888050e+02 3.45748427e+00
6.64960324e+02 3.62776722e+00
6.65062171e+02 3.89177728e+00
6.65197966e+02 4.27659515e+00
6.65401660e+02 4.87587750e+00
6.65502465e+02 5.15588442e+00
6.65601188e+02 5.40272580e+00
6.65699911e+02 5.61070626e+00
6.65765726e+02 5.72261747e+00
6.65831542e+02 5.81011174e+00
6.65897357e+02 5.87116393e+00
6.65963172e+02 5.90432501e+00
6.65996080e+02 5.91016202e+00
6.66062805e+02 5.89978803e+00
6.66129530e+02 5.85985340e+00
6.66196256e+02 5.79115910e+00
6.66262981e+02 5.69512866e+00
6.66351948e+02 5.52806625e+00
6.66440915e+02 5.32198440e+00
6.66529882e+02 5.08399818e+00
6.66663333e+02 4.68432717e+00
6.66982442e+02 3.66415361e+00
6.67092293e+02 3.33328801e+00
6.67180720e+02 3.08473410e+00
6.67281226e+02 2.82519316e+00
6.67348230e+02 2.66683629e+00
6.67415234e+02 2.52056714e+00
6.67482238e+02 2.38637257e+00
6.67549242e+02 2.26400570e+00
6.67616246e+02 2.15302955e+00
6.67683250e+02 2.05286046e+00
6.67750174e+02 1.96291129e+00
6.67817098e+02 1.88230314e+00
6.67884022e+02 1.81025048e+00
6.67950946e+02 1.74596474e+00
6.68051332e+02 1.66243140e+00
6.68151718e+02 1.59225453e+00
6.68252104e+02 1.53333494e+00
6.68352490e+02 1.48392918e+00
6.68452876e+02 1.44265986e+00
6.68553262e+02 1.40849233e+00
6.68687110e+02 1.37273790e+00
6.68796229e+02 1.35116150e+00
6.68922815e+02 1.33407793e+00
6.69049402e+02 1.32506275e+00
6.69136223e+02 1.32328946e+00
6.69270102e+02 1.32710936e+00
6.69403981e+02 1.33822462e+00
6.69537860e+02 1.35595428e+00
6.69671739e+02 1.37995024e+00
6.69805617e+02 1.41055579e+00
6.69939496e+02 1.44917130e+00
6.70073375e+02 1.49854013e+00
6.70162628e+02 1.53944743e+00
6.70251880e+02 1.58857489e+00
6.70341133e+02 1.64775560e+00
6.70430385e+02 1.71899617e+00
6.70497325e+02 1.78160237e+00
6.70553328e+02 1.84074464e+00
6.70620708e+02 1.92082917e+00
6.70688088e+02 2.01144864e+00
6.70755468e+02 2.11335785e+00
6.70822848e+02 2.22720522e+00
6.70890229e+02 2.35350694e+00
6.70957609e+02 2.49262229e+00
6.71024989e+02 2.64473373e+00
6.71112387e+02 2.86135252e+00
6.71192950e+02 3.07989335e+00
6.71273512e+02 3.31561899e+00
6.71380929e+02 3.65425803e+00
6.71488345e+02 4.01658693e+00
6.71639818e+02 4.55651177e+00
6.71942763e+02 5.66103880e+00
6.72094236e+02 6.17846217e+00
6.72235388e+02 6.61153997e+00
6.72329490e+02 6.86515978e+00
6.72423592e+02 7.08572839e+00
6.72517693e+02 7.27001773e+00
6.72611795e+02 7.41588902e+00
6.72705897e+02 7.52238934e+00
6.72799998e+02 7.58977858e+00
6.72915276e+02 7.62119747e+00
6.72928922e+02 7.62137456e+00
6.73010794e+02 7.60770318e+00
6.73119957e+02 7.55327567e+00
6.73229120e+02 7.46311704e+00
6.73392864e+02 7.27464025e+00
6.73502027e+02 7.12184931e+00
6.73720353e+02 6.77037749e+00
6.73938679e+02 6.37278299e+00
6.74157005e+02 5.93539429e+00
6.74639878e+02 4.89133801e+00
6.74778539e+02 4.61638553e+00
6.74870980e+02 4.45466743e+00
6.74963421e+02 4.31694406e+00
6.75055862e+02 4.20896557e+00
6.75125193e+02 4.15080093e+00
6.75194524e+02 4.11456331e+00
6.75263855e+02 4.10215491e+00
6.75333186e+02 4.11522426e+00
6.75404033e+02 4.15631554e+00
6.75474880e+02 4.22655131e+00
6.75545727e+02 4.32668782e+00
6.75616574e+02 4.45710054e+00
6.75687421e+02 4.61776848e+00
6.75758268e+02 4.80825672e+00
6.75829115e+02 5.02770151e+00
6.75899962e+02 5.27479049e+00
6.75993113e+02 5.63868309e+00
6.76086263e+02 6.04193026e+00
6.76179414e+02 6.47773538e+00
6.76319139e+02 7.17397498e+00
6.76552015e+02 8.36052058e+00
6.76682658e+02 8.98113455e+00
6.76795136e+02 9.45555836e+00
6.76870120e+02 9.72996322e+00
6.76945105e+02 9.96434909e+00
6.77020090e+02 1.01540101e+01
6.77095075e+02 1.02952228e+01
6.77170060e+02 1.03853935e+01
6.77260644e+02 1.04243977e+01
6.77338639e+02 1.03967552e+01
6.77432232e+02 1.02912522e+01
6.77525826e+02 1.01120783e+01
6.77619419e+02 9.86709011e+00
6.77713013e+02 9.56600094e+00
6.77806606e+02 9.21971894e+00
6.77931398e+02 8.70740981e+00
6.78330610e+02 6.95066980e+00
6.78461461e+02 6.40693568e+00
6.78592312e+02 5.89909821e+00
6.78723163e+02 5.43060088e+00
6.78854014e+02 5.00092717e+00
6.78988263e+02 4.59726185e+00
6.79129307e+02 4.20877044e+00
6.79270351e+02 3.85152382e+00
6.79411395e+02 3.52120935e+00
6.79552438e+02 3.21522302e+00
6.79693482e+02 2.93302179e+00
6.79811513e+02 2.71623418e+00
6.79929543e+02 2.51914799e+00
6.80008229e+02 2.40002653e+00
6.80086916e+02 2.29180307e+00
6.80165603e+02 2.19546426e+00
6.80244289e+02 2.11199101e+00
6.80322976e+02 2.04230063e+00
6.80399577e+02 1.98845394e+00
6.80476179e+02 1.94898897e+00
6.80552780e+02 1.92425931e+00
6.80629381e+02 1.91436238e+00
6.80698656e+02 1.91802926e+00
6.80767931e+02 1.93330742e+00
6.80837206e+02 1.95961210e+00
6.80906482e+02 1.99613848e+00
6.80975757e+02 2.04186906e+00
6.81079669e+02 2.12501441e+00
6.81183582e+02 2.22127735e+00
6.81493419e+02 2.53074965e+00
6.81596698e+02 2.62238913e+00
6.81699977e+02 2.69959877e+00
6.81803256e+02 2.75826085e+00
6.81880716e+02 2.78818638e+00
6.81958175e+02 2.80504235e+00
6.82009814e+02 2.80875923e+00
6.82107688e+02 2.79911901e+00
6.82205563e+02 2.76804105e+00
6.82303436e+02 2.71677672e+00
6.82401311e+02 2.64734202e+00
6.82499185e+02 2.56237341e+00
6.82597059e+02 2.46496780e+00
6.82727557e+02 2.32163442e+00
6.82988555e+02 2.02010402e+00
6.83096954e+02 1.90101298e+00
6.83183253e+02 1.81288189e+00
6.83269552e+02 1.73258913e+00
6.83355851e+02 1.66167074e+00
6.83442150e+02 1.60144327e+00
6.83528449e+02 1.55300790e+00
6.83593174e+02 1.52496585e+00
6.83657898e+02 1.50436990e+00
6.83722622e+02 1.49146736e+00
6.83776736e+02 1.48672592e+00
6.83809275e+02 1.48656496e+00
6.83868981e+02 1.49157752e+00
6.83928686e+02 1.50350571e+00
6.83988392e+02 1.52236924e+00
6.84048098e+02 1.54815019e+00
6.84127706e+02 1.59318080e+00
6.84207314e+02 1.65015257e+00
6.84286921e+02 1.71867185e+00
6.84366529e+02 1.79818649e+00
6.84446137e+02 1.88796871e+00
6.84532119e+02 1.99540788e+00
6.84618101e+02 2.11231654e+00
6.84747074e+02 2.30157043e+00
6.85048010e+02 2.76806743e+00
6.85173234e+02 2.95115018e+00
6.85290958e+02 3.10499087e+00
6.85369441e+02 3.19377862e+00
6.85447924e+02 3.26904205e+00
6.85526407e+02 3.32887315e+00
6.85604890e+02 3.37165634e+00
6.85683373e+02 3.39613440e+00
6.85761856e+02 3.40146286e+00
6.85832131e+02 3.38965310e+00
6.85902407e+02 3.36221271e+00
6.85996108e+02 3.30196640e+00
6.86089809e+02 3.21626727e+00
6.86183509e+02 3.10766911e+00
6.86277210e+02 2.97948728e+00
6.86370911e+02 2.83564117e+00
6.86511462e+02 2.60007105e+00
6.86773332e+02 2.14639029e+00
6.86878080e+02 1.97697353e+00
6.86964111e+02 1.84894772e+00
6.87031425e+02 1.75760673e+00
6.87098740e+02 1.67524068e+00
6.87166054e+02 1.60283607e+00
6.87233369e+02 1.54125624e+00
6.87300683e+02 1.49124339e+00
6.87351169e+02 1.46170293e+00
6.87401655e+02 1.43923888e+00
6.87452141e+02 1.42403074e+00
6.87508178e+02 1.41581612e+00
6.87527783e+02 1.41512040e+00
6.87579969e+02 1.41881365e+00
6.87628843e+02 1.42960656e+00
6.87677717e+02 1.44748678e+00
6.87726591e+02 1.47240659e+00
6.87775464e+02 1.50427517e+00
6.87840629e+02 1.55733479e+00
6.87905794e+02 1.62204961e+00
6.87970959e+02 1.69781380e+00
6.88036124e+02 1.78386355e+00
6.88115836e+02 1.90175045e+00
6.88210095e+02 2.05646699e+00
6.88304355e+02 2.22409805e+00
6.88648347e+02 2.87315524e+00
6.88769909e+02 3.08716198e+00
6.88891471e+02 3.27903630e+00
6.88972513e+02 3.39161495e+00
6.89053554e+02 3.49055380e+00
6.89139459e+02 3.57993927e+00
6.89230227e+02 3.65710735e+00
6.89320994e+02 3.71730063e+00
6.89457146e+02 3.77899913e+00
6.89568775e+02 3.80805845e+00
6.89736218e+02 3.82443807e+00
6.89792033e+02 3.82446306e+00
6.90015290e+02 3.80633159e+00
6.90238548e+02 3.76680463e+00
6.90461805e+02 3.70810470e+00
6.90908321e+02 3.55588098e+00
6.91075764e+02 3.51466012e+00
6.91187393e+02 3.50385671e+00
6.91291902e+02 3.51060997e+00
6.91400356e+02 3.53818161e+00
6.91460116e+02 3.56314195e+00
6.91579635e+02 3.63453670e+00
6.91699154e+02 3.73347827e+00
6.91818673e+02 3.85605949e+00
6.92057712e+02 4.14250369e+00
6.92236990e+02 4.35280761e+00
6.92345088e+02 4.45899372e+00
6.92441765e+02 4.53232218e+00
6.92538442e+02 4.57975509e+00
6.92635119e+02 4.59711389e+00
6.92711550e+02 4.58761981e+00
6.92795824e+02 4.55237902e+00
6.92880099e+02 4.49105518e+00
6.92964374e+02 4.40444820e+00
6.93048649e+02 4.29424526e+00
6.93132924e+02 4.16293843e+00
6.93245290e+02 3.96060194e+00
6.93357657e+02 3.73536886e+00
6.93648748e+02 3.11566768e+00
6.93781464e+02 2.84906003e+00
6.93881002e+02 2.66662365e+00
6.93980539e+02 2.50328257e+00
6.94046897e+02 2.40619842e+00
6.94113255e+02 2.31905098e+00
6.94205960e+02 2.21421241e+00
6.94298665e+02 2.12885497e+00
6.94391369e+02 2.06214983e+00
6.94484074e+02 2.01280827e+00
6.94576779e+02 1.97925874e+00
6.94678836e+02 1.95857345e+00
6.94772228e+02 1.95276155e+00
6.94856725e+02 1.95700588e+00
6.94963459e+02 1.97379435e+00
6.95070192e+02 2.00205576e+00
6.95176926e+02 2.04090531e+00
6.95283659e+02 2.08990974e+00
6.95390393e+02 2.14895127e+00
6.95461548e+02 2.19389700e+00
6.95603859e+02 2.29713976e+00
6.95746171e+02 2.41752503e+00
6.95876359e+02 2.54093537e+00
6.96136734e+02 2.81239934e+00
6.96332016e+02 3.01756866e+00
6.96462204e+02 3.14354936e+00
6.96592392e+02 3.25387814e+00
6.96722580e+02 3.34395512e+00
6.96842346e+02 3.40686325e+00
6.96951690e+02 3.44783474e+00
6.97087170e+02 3.48005577e+00
6.97410398e+02 3.52450353e+00
6.97531609e+02 3.55602038e+00
6.97652820e+02 3.61164442e+00
6.97733812e+02 3.66696017e+00
6.97814804e+02 3.73952331e+00
6.97895796e+02 3.83098474e+00
6.97976788e+02 3.94224574e+00
6.98057780e+02 4.07335181e+00
6.98138772e+02 4.22342255e+00
6.98260260e+02 4.47982374e+00
6.98394109e+02 4.79453823e+00
6.98580815e+02 5.25382993e+00
6.98720844e+02 5.57903533e+00
6.98814197e+02 5.77073209e+00
6.98907549e+02 5.93295191e+00
6.99000902e+02 6.05864633e+00
6.99090327e+02 6.13946710e+00
6.99175823e+02 6.17703064e+00
6.99218571e+02 6.18057441e+00
6.99309973e+02 6.15336783e+00
6.99401374e+02 6.07896353e+00
6.99492775e+02 5.95901819e+00
6.99584177e+02 5.79669088e+00
6.99675578e+02 5.59644271e+00
6.99766979e+02 5.36378872e+00
6.99888848e+02 5.01412624e+00
7.00071651e+02 4.43810911e+00
7.00302531e+02 3.69822629e+00
7.00411543e+02 3.36988268e+00
7.00493302e+02 3.13962766e+00
7.00575061e+02 2.92614318e+00
7.00661462e+02 2.72110869e+00
7.00725253e+02 2.58436027e+00
7.00789043e+02 2.46060772e+00
7.00852833e+02 2.35015043e+00
7.00916624e+02 2.25311035e+00
7.00980414e+02 2.16944871e+00
7.01044204e+02 2.09898426e+00
7.01107994e+02 2.04141254e+00
7.01180357e+02 1.99119182e+00
7.01241057e+02 1.96092528e+00
7.01301758e+02 1.94096233e+00
7.01376691e+02 1.92973805e+00
7.01399171e+02 1.92911783e+00
7.01481598e+02 1.93701790e+00
7.01571519e+02 1.96253005e+00
7.01661439e+02 2.00376128e+00
7.01751359e+02 2.05873463e+00
7.01841280e+02 2.12547261e+00
7.01961173e+02 2.22934608e+00
7.02081067e+02 2.34595075e+00
7.02519752e+02 2.80603122e+00
7.02649174e+02 2.92942952e+00
7.02778596e+02 3.03761597e+00
7.02908018e+02 3.12611186e+00
7.03037440e+02 3.19130871e+00
7.03134507e+02 3.22335851e+00
7.03231573e+02 3.24027637e+00
7.03296284e+02 3.24306306e+00
7.03416226e+02 3.23060283e+00
7.03536167e+02 3.19655338e+00
7.03616128e+02 3.16308868e+00
7.03776050e+02 3.07513798e+00
7.04015932e+02 2.91189505e+00
7.04175854e+02 2.80138806e+00
7.04335776e+02 2.70511424e+00
7.04455717e+02 2.64901127e+00
7.04575658e+02 2.61027542e+00
7.04699907e+02 2.58975993e+00
7.04772511e+02 2.58669467e+00
7.04917295e+02 2.59726097e+00
7.05297723e+02 2.66497197e+00
7.05406417e+02 2.67085130e+00
7.05515111e+02 2.66040636e+00
7.05613177e+02 2.63323622e+00
7.05700615e+02 2.59280659e+00
7.05788053e+02 2.53612415e+00
7.05875490e+02 2.46301805e+00
7.05962928e+02 2.37406872e+00
7.06050366e+02 2.27056528e+00
7.06137804e+02 2.15442220e+00
7.06225241e+02 2.02806023e+00
7.06366287e+02 1.80984881e+00
7.06585271e+02 1.46241546e+00
7.06696969e+02 1.29368512e+00
7.06774376e+02 1.18383359e+00
7.06851783e+02 1.08136816e+00
7.06909838e+02 1.01004541e+00
7.06967893e+02 9.43889225e-01
7.07036527e+02 8.72759566e-01
7.07082283e+02 8.29786178e-01
7.07128039e+02 7.90475272e-01
7.07173795e+02 7.54895182e-01
7.07219551e+02 7.23098653e-01
7.07265306e+02 6.95125496e-01
7.07311062e+02 6.71006204e-01
7.07364219e+02 6.47856931e-01
7.07409638e+02 6.32249612e-01
7.07455056e+02 6.20509028e-01
7.07500475e+02 6.12659339e-01
7.07545893e+02 6.08730045e-01
7.07568602e+02 6.08246713e-01
7.07605975e+02 6.09619209e-01
7.07650678e+02 6.14838219e-01
7.07695382e+02 6.24007603e-01
7.07740085e+02 6.37193820e-01
7.07784789e+02 6.54473629e-01
7.07829493e+02 6.75933778e-01
7.07874196e+02 7.01670262e-01
7.07918900e+02 7.31787169e-01
7.07963603e+02 7.66395140e-01
7.08008307e+02 8.05609443e-01
7.08053011e+02 8.49547712e-01
7.08103565e+02 9.05075777e-01
7.08154119e+02 9.66960037e-01
7.08204673e+02 1.03535479e+00
7.08255227e+02 1.11039757e+00
7.08305781e+02 1.19220305e+00
7.08353653e+02 1.27598087e+00
7.08415695e+02 1.39375980e+00
7.08477737e+02 1.52193454e+00
7.08539779e+02 1.66040734e+00
7.08606589e+02 1.82078299e+00
7.08678166e+02 2.00505824e+00
7.08749743e+02 2.20143881e+00
7.08821320e+02 2.40887226e+00
7.08923574e+02 2.72172348e+00
7.09034349e+02 3.07753467e+00
7.09346847e+02 4.11026068e+00
7.09482103e+02 4.53378889e+00
7.09583546e+02 4.82719316e+00
7.09684989e+02 5.09228760e+00
7.09783442e+02 5.31664206e+00
7.09875918e+02 5.49334006e+00
7.09968393e+02 5.63353063e+00
7.10060868e+02 5.73448752e+00
7.10153343e+02 5.79428335e+00
7.10245818e+02 5.81184528e+00
7.10327318e+02 5.79214675e+00
7.10408818e+02 5.73996244e+00
7.10490318e+02 5.65632105e+00
7.10571818e+02 5.54280431e+00
7.10653318e+02 5.40152844e+00
7.10734818e+02 5.23511182e+00
7.10843484e+02 4.97948450e+00
7.10952151e+02 4.69300042e+00
7.11115151e+02 4.22572307e+00
7.11338144e+02 3.56694343e+00
7.11449641e+02 3.25124130e+00
7.11561138e+02 2.95597521e+00
7.11651677e+02 2.73575886e+00
7.11742216e+02 2.53582094e+00
7.11802575e+02 2.41462428e+00
7.11862935e+02 2.30342326e+00
7.11923294e+02 2.20229652e+00
7.11983653e+02 2.11115806e+00
7.12044013e+02 2.02977048e+00
7.12112940e+02 1.94827113e+00
7.12181867e+02 1.87825270e+00
7.12250794e+02 1.81880710e+00
7.12319722e+02 1.76890187e+00
7.12388649e+02 1.72741972e+00
7.12492040e+02 1.67844490e+00
7.12595431e+02 1.64188995e+00
7.12738875e+02 1.60490096e+00
7.13438138e+02 1.47263282e+00
7.13582904e+02 1.45215896e+00
7.13691479e+02 1.44518921e+00
7.13727670e+02 1.44515636e+00
7.13800053e+02 1.44936777e+00
7.13872437e+02 1.46024188e+00
7.13944820e+02 1.47892760e+00
7.14010914e+02 1.50375874e+00
7.14077009e+02 1.53682858e+00
7.14143104e+02 1.57885842e+00
7.14209198e+02 1.63047012e+00
7.14275293e+02 1.69216241e+00
7.14341388e+02 1.76428774e+00
7.14407482e+02 1.84703183e+00
7.14473577e+02 1.94039601e+00
7.14555347e+02 2.07028766e+00
7.14637116e+02 2.21530946e+00
7.14718885e+02 2.37416294e+00
7.14800655e+02 2.54507993e+00
7.14909681e+02 2.78788649e+00
7.15246422e+02 3.57904875e+00
7.15381118e+02 3.88034330e+00
7.15498763e+02 4.12287300e+00
7.15599356e+02 4.31099911e+00
7.15699950e+02 4.47955954e+00
7.15800544e+02 4.62822350e+00
7.15951434e+02 4.81619995e+00
7.16052028e+02 4.92128652e+00
7.16253215e+02 5.09584355e+00
7.16554996e+02 5.30971347e+00
7.16856776e+02 5.49913464e+00
7.17057963e+02 5.60644681e+00
7.17263979e+02 5.68762422e+00
7.17469994e+02 5.73171211e+00
7.17613248e+02 5.74041939e+00
7.17899756e+02 5.71643913e+00
7.18759280e+02 5.55305567e+00
7.19045788e+02 5.47269264e+00
7.19260669e+02 5.37947451e+00
7.19475550e+02 5.24654838e+00
7.19690431e+02 5.07080467e+00
7.19897782e+02 4.86766407e+00
7.20169232e+02 4.58244254e+00
7.20372819e+02 4.38582720e+00
7.20508544e+02 4.27614742e+00
7.20644268e+02 4.18884995e+00
7.20779993e+02 4.12482213e+00
7.20847855e+02 4.10077299e+00
7.21403942e+02 3.97020013e+00
7.21539812e+02 3.91059757e+00
7.21675681e+02 3.82465716e+00
7.21811551e+02 3.71051234e+00
7.21947420e+02 3.57040091e+00
7.22083290e+02 3.41015000e+00
7.22422963e+02 2.97869109e+00
7.22548477e+02 2.82958368e+00
7.22663636e+02 2.70585770e+00
7.22778795e+02 2.59770215e+00
7.22893953e+02 2.50674288e+00
7.23009112e+02 2.43336983e+00
7.23124270e+02 2.37692449e+00
7.23239429e+02 2.33595217e+00
7.23354588e+02 2.30847641e+00
7.23507161e+02 2.28902629e+00
7.23649653e+02 2.28404670e+00
7.23792144e+02 2.28777160e+00
7.24172120e+02 2.31736606e+00
7.25122062e+02 2.39853168e+00
7.25502039e+02 2.44211980e+00
7.25882015e+02 2.49497393e+00
7.26166998e+02 2.54245945e+00
7.26356986e+02 2.58335339e+00
7.26541655e+02 2.63622537e+00
7.26721005e+02 2.70532894e+00
7.26855518e+02 2.77129025e+00
7.26990030e+02 2.85077284e+00
7.27124543e+02 2.94455409e+00
7.27259056e+02 3.05324990e+00
7.27393568e+02 3.17773475e+00
7.27528081e+02 3.31955039e+00
7.27662593e+02 3.48112454e+00
7.27797106e+02 3.66563683e+00
7.27886781e+02 3.80306710e+00
7.28001887e+02 3.99794645e+00
7.28116994e+02 4.21442415e+00
7.28232101e+02 4.45197830e+00
7.28404761e+02 4.84163772e+00
7.28692528e+02 5.52624727e+00
7.28842286e+02 5.85674721e+00
7.28946240e+02 6.05715433e+00
7.29050194e+02 6.22374271e+00
7.29154148e+02 6.34887304e+00
7.29258103e+02 6.42663829e+00
7.29362057e+02 6.45341611e+00
7.29447221e+02 6.43660240e+00
7.29532385e+02 6.38578600e+00
7.29589161e+02 6.33405452e+00
7.29702713e+02 6.19219382e+00
7.29816265e+02 6.00812423e+00
7.29986593e+02 5.68275854e+00
7.30156920e+02 5.34661540e+00
7.30270472e+02 5.14531229e+00
7.30351456e+02 5.02418801e+00
7.30432439e+02 4.92855894e+00
7.30513423e+02 4.86408313e+00
7.30594406e+02 4.83602788e+00
7.30607904e+02 4.83523872e+00
7.30675390e+02 4.84922299e+00
7.30736332e+02 4.88901254e+00
7.30804227e+02 4.96582796e+00
7.30872123e+02 5.07891423e+00
7.30940018e+02 5.23015675e+00
7.31007913e+02 5.42122806e+00
7.31075809e+02 5.65360367e+00
7.31143704e+02 5.92857666e+00
7.31211600e+02 6.24727561e+00
7.31271605e+02 6.56612681e+00
7.31323721e+02 6.87184716e+00
7.31401895e+02 7.38137057e+00
7.31480070e+02 7.95284256e+00
7.31558244e+02 8.58694854e+00
7.31636417e+02 9.28407634e+00
7.31715057e+02 1.00489444e+01
7.31793929e+02 1.08796225e+01
7.31872802e+02 1.17727315e+01
7.31951674e+02 1.27261656e+01
7.32056837e+02 1.40854413e+01
7.32166987e+02 1.56050325e+01
7.32292777e+02 1.74347843e+01
7.32586286e+02 2.18382856e+01
7.32712075e+02 2.36258945e+01
7.32826552e+02 2.51021567e+01
7.32935372e+02 2.63102078e+01
7.33007919e+02 2.69818511e+01
7.33080466e+02 2.75287251e+01
7.33153013e+02 2.79374181e+01
7.33225560e+02 2.81967369e+01
7.33298107e+02 2.82981713e+01
7.33362823e+02 2.82509156e+01
7.33448154e+02 2.79874293e+01
7.33533484e+02 2.74974983e+01
7.33618815e+02 2.67900069e+01
7.33704145e+02 2.58802401e+01
7.33789476e+02 2.47892352e+01
7.33874806e+02 2.35428336e+01
7.33960137e+02 2.21705196e+01
7.34073911e+02 2.02000486e+01
7.34363198e+02 1.49569894e+01
7.34462054e+02 1.32395049e+01
7.34541138e+02 1.19346156e+01
7.34621580e+02 1.06855985e+01
7.34682251e+02 9.80236967e+00
7.34742922e+02 8.97346035e+00
7.34803593e+02 8.20111254e+00
7.34853850e+02 7.60509451e+00
7.34904106e+02 7.04900453e+00
7.34954363e+02 6.53270367e+00
7.35004619e+02 6.05571083e+00
7.35054876e+02 5.61724935e+00
7.35110280e+02 5.17729430e+00
7.35148932e+02 4.89647896e+00
7.35187584e+02 4.63640530e+00
7.35226236e+02 4.39639285e+00
7.35264889e+02 4.17572654e+00
7.35303541e+02 3.97366877e+00
7.35342193e+02 3.78946524e+00
7.35393945e+02 3.56946057e+00
7.35433247e+02 3.42174088e+00
7.35472549e+02 3.28986040e+00
7.35511851e+02 3.17305143e+00
7.35564253e+02 3.03946512e+00
7.35616655e+02 2.92965769e+00
7.35669057e+02 2.84203612e+00
7.35721459e+02 2.77511434e+00
7.35773862e+02 2.72751901e+00
7.35819166e+02 2.70097471e+00
7.35876477e+02 2.68557979e+00
7.35895580e+02 2.68474215e+00
7.35952890e+02 2.69444434e+00
7.36010201e+02 2.72155095e+00
7.36067511e+02 2.76497268e+00
7.36124822e+02 2.82371131e+00
7.36182132e+02 2.89683632e+00
7.36258546e+02 3.01518570e+00
7.36334960e+02 3.15547813e+00
7.36411374e+02 3.31562162e+00
7.36493657e+02 3.50772225e+00
7.36575940e+02 3.71726638e+00
7.36699364e+02 4.05690579e+00
7.37028496e+02 5.01553102e+00
7.37153812e+02 5.35660008e+00
7.37280075e+02 5.66205950e+00
7.37364251e+02 5.83749450e+00
7.37448426e+02 5.98652427e+00
7.37532602e+02 6.10688622e+00
7.37616777e+02 6.19739690e+00
7.37700952e+02 6.25805162e+00
7.37743040e+02 6.27751602e+00
7.38688449e+02 5.98715995e+00
7.38793687e+02 6.04271153e+00
7.38898925e+02 6.13980076e+00
7.39004163e+02 6.27694812e+00
7.39109401e+02 6.44976063e+00
7.39240038e+02 6.70361979e+00
7.39544860e+02 7.37843856e+00
7.39806136e+02 7.94189075e+00
7.40241595e+02 8.80516616e+00
7.40415779e+02 9.19904342e+00
7.40566694e+02 9.59948415e+00
7.40694339e+02 9.98609406e+00
7.41077276e+02 1.12827662e+01
7.41204922e+02 1.16686837e+01
7.41300656e+02 1.19041778e+01
7.41396391e+02 1.20750359e+01
7.41492125e+02 1.21663556e+01
7.41524036e+02 1.21769216e+01
7.41613255e+02 1.21493390e+01
7.41692286e+02 1.20512485e+01
7.41771317e+02 1.18820048e+01
7.41850348e+02 1.16420243e+01
7.41929380e+02 1.13339432e+01
7.42008411e+02 1.09624979e+01
7.42087442e+02 1.05343088e+01
7.42166474e+02 1.00575715e+01
7.42291914e+02 9.22459112e+00
7.42523963e+02 7.56428082e+00
7.42654202e+02 6.64393947e+00
7.42729041e+02 6.13936457e+00
7.42803881e+02 5.66031782e+00
7.42878720e+02 5.21187721e+00
7.42937598e+02 4.88326649e+00
7.43001973e+02 4.55034554e+00
7.43066348e+02 4.24642300e+00
7.43130723e+02 3.97252694e+00
7.43195098e+02 3.72925666e+00
7.43259473e+02 3.51683866e+00
7.43308942e+02 3.37452348e+00
7.43358411e+02 3.25023385e+00
7.43407880e+02 3.14374766e+00
7.43457349e+02 3.05478004e+00
7.43506818e+02 2.98299484e+00
7.43556287e+02 2.92801434e+00
7.43605756e+02 2.88942711e+00
7.43655225e+02 2.86679386e+00
7.43704114e+02 2.85964716e+00
7.43753002e+02 2.86716164e+00
7.43801890e+02 2.88884880e+00
7.43850779e+02 2.92419862e+00
7.43915963e+02 2.99165840e+00
7.43981148e+02 3.08111412e+00
7.44046332e+02 3.19112255e+00
7.44111516e+02 3.32012163e+00
7.44176701e+02 3.46641308e+00
7.44254655e+02 3.66147288e+00
7.44332609e+02 3.87515070e+00
7.44449541e+02 4.22219592e+00
7.44722381e+02 5.08027680e+00
7.44840902e+02 5.43596001e+00
7.44962602e+02 5.76669795e+00
7.45043735e+02 5.96046226e+00
7.45124868e+02 6.12858706e+00
7.45206001e+02 6.26833604e+00
7.45287135e+02 6.37790794e+00
7.45368268e+02 6.45650585e+00
7.45449401e+02 6.50435419e+00
7.45539220e+02 6.52295413e+00
7.45629039e+02 6.50829057e+00
7.45736822e+02 6.45252535e+00
7.45880532e+02 6.32749173e+00
7.46024242e+02 6.16461647e+00
7.46455373e+02 5.62962235e+00
7.47015077e+02 5.00641278e+00
7.47181474e+02 4.79859073e+00
7.47639067e+02 4.16599649e+00
7.47763865e+02 4.01749694e+00
7.47847063e+02 3.93728747e+00
7.47930262e+02 3.87725883e+00
7.48018400e+02 3.84032767e+00
7.48077158e+02 3.83310573e+00
7.48135917e+02 3.84111836e+00
7.48197910e+02 3.86707845e+00
7.48263138e+02 3.91462409e+00
7.48328366e+02 3.98340905e+00
7.48393593e+02 4.07350581e+00
7.48458821e+02 4.18452962e+00
7.48524049e+02 4.31562794e+00
7.48589277e+02 4.46548503e+00
7.48687119e+02 4.72147404e+00
7.48790790e+02 5.02579366e+00
7.48963576e+02 5.57789362e+00
7.49170920e+02 6.23992243e+00
7.49272505e+02 6.53448303e+00
7.49369917e+02 6.78501899e+00
7.49467329e+02 6.99689501e+00
7.49564741e+02 7.16510493e+00
7.49662153e+02 7.28717726e+00
7.49759565e+02 7.36324379e+00
7.49862950e+02 7.39659796e+00
7.49897412e+02 7.39778527e+00
7.50000797e+02 7.37531991e+00
7.50104183e+02 7.32049597e+00
7.50310953e+02 7.15089030e+00
7.50586648e+02 6.89729753e+00
7.50862342e+02 6.68673424e+00
7.51135786e+02 6.48795892e+00
7.51271499e+02 6.35962458e+00
7.51407213e+02 6.19214220e+00
7.51508997e+02 6.03446588e+00
7.51610782e+02 5.84684831e+00
7.51712567e+02 5.62962059e+00
7.51814352e+02 5.38559093e+00
7.51950065e+02 5.02776973e+00
7.52255348e+02 4.18163447e+00
7.52356916e+02 3.92173388e+00
7.52458484e+02 3.68864996e+00
7.52526195e+02 3.55227841e+00
7.52593908e+02 3.43354388e+00
7.52661619e+02 3.33409074e+00
7.52729331e+02 3.25512877e+00
7.52798756e+02 3.19622144e+00
7.52869893e+02 3.15929805e+00
7.52931251e+02 3.14629379e+00
7.52957040e+02 3.14591334e+00
7.53034409e+02 3.16208423e+00
7.53111777e+02 3.20253221e+00
7.53189145e+02 3.26449914e+00
7.53266513e+02 3.34460536e+00
7.53369670e+02 3.47284457e+00
7.53679142e+02 3.90432494e+00
7.53779730e+02 4.02526058e+00
7.53877749e+02 4.11949465e+00
7.53975768e+02 4.18395809e+00
7.54049282e+02 4.20988147e+00
7.54098291e+02 4.21572361e+00
7.54173445e+02 4.20634000e+00
7.54249418e+02 4.17416190e+00
7.54325390e+02 4.11968129e+00
7.54401363e+02 4.04409274e+00
7.54477336e+02 3.94920699e+00
7.54578633e+02 3.79677891e+00
7.54679930e+02 3.62090931e+00
7.54831876e+02 3.32965721e+00
7.55066210e+02 2.87032831e+00
7.55165988e+02 2.68904259e+00
7.55265766e+02 2.52392075e+00
7.55365544e+02 2.37860193e+00
7.55432063e+02 2.29392982e+00
7.55512182e+02 2.20555495e+00
7.55582471e+02 2.14041231e+00
7.55652761e+02 2.08669965e+00
7.55723050e+02 2.04402969e+00
7.55793340e+02 2.01181774e+00
7.55885633e+02 1.98414057e+00
7.55976499e+02 1.97132329e+00
7.56021931e+02 1.96963731e+00
7.56112797e+02 1.97438634e+00
7.56249096e+02 1.99795774e+00
7.56385395e+02 2.03575274e+00
7.56567126e+02 2.10038298e+00
7.56748858e+02 2.17707111e+00
7.56885157e+02 2.24410012e+00
7.57021456e+02 2.32396429e+00
7.57112322e+02 2.38756068e+00
7.57203188e+02 2.46218546e+00
7.57294053e+02 2.55039998e+00
7.57383797e+02 2.65338563e+00
7.57473542e+02 2.77448236e+00
7.57563286e+02 2.91572017e+00
7.57653030e+02 3.07866148e+00
7.57742774e+02 3.26425904e+00
7.57832518e+02 3.47274042e+00
7.57922262e+02 3.70352753e+00
7.58012006e+02 3.95519699e+00
7.58118604e+02 4.27808679e+00
7.58260735e+02 4.74017087e+00
7.58580528e+02 5.82825164e+00
7.58751693e+02 6.37715061e+00
7.58865803e+02 6.70736098e+00
7.58979913e+02 6.99828169e+00
7.59094022e+02 7.24223288e+00
7.59208132e+02 7.43325667e+00
7.59322242e+02 7.56741387e+00
7.59436352e+02 7.64303672e+00
7.59529674e+02 7.66184971e+00
7.59638477e+02 7.63732864e+00
7.59747279e+02 7.56737255e+00
7.59856081e+02 7.45876975e+00
7.60001151e+02 7.26894540e+00
7.60363826e+02 6.72337300e+00
7.60508896e+02 6.54118460e+00
7.60617698e+02 6.43551884e+00
7.60730601e+02 6.35810601e+00
7.60854347e+02 6.31046412e+00
7.60995677e+02 6.29565257e+00
7.61278338e+02 6.31698310e+00
7.61419669e+02 6.30156610e+00
7.61513889e+02 6.26357939e+00
7.61606574e+02 6.19704697e+00
7.61697722e+02 6.09876281e+00
7.61788871e+02 5.96499886e+00
7.61880019e+02 5.79466798e+00
7.61971168e+02 5.58850913e+00
7.62062316e+02 5.34900044e+00
7.62153465e+02 5.08016641e+00
7.62244614e+02 4.78729558e+00
7.62395231e+02 4.26750886e+00
7.62631578e+02 3.42792540e+00
7.62752394e+02 3.01938528e+00
7.62836459e+02 2.75295616e+00
7.62920524e+02 2.50529774e+00
7.62983573e+02 2.33363207e+00
7.63046622e+02 2.17513715e+00
7.63094916e+02 2.06313383e+00
7.63143210e+02 1.95959384e+00
7.63191504e+02 1.86473213e+00
7.63239798e+02 1.77870770e+00
7.63288092e+02 1.70162818e+00
7.63336387e+02 1.63355463e+00
7.63384681e+02 1.57450619e+00
7.63432975e+02 1.52446467e+00
7.63486665e+02 1.47934091e+00
7.63540356e+02 1.44517281e+00
7.63594046e+02 1.42180921e+00
7.63647736e+02 1.40906515e+00
7.63687115e+02 1.40634557e+00
7.63733654e+02 1.41021947e+00
7.63790932e+02 1.42528995e+00
7.63848210e+02 1.45140780e+00
7.63905488e+02 1.48820241e+00
7.63962766e+02 1.53527402e+00
7.64020045e+02 1.59219296e+00
7.64077323e+02 1.65849894e+00
7.64130998e+02 1.72871760e+00
7.64206108e+02 1.83926476e+00
7.64281217e+02 1.96299401e+00
7.64356326e+02 2.09853947e+00
7.64456472e+02 2.29510658e+00
7.64562922e+02 2.52005614e+00
7.64732053e+02 2.89980717e+00
7.65020342e+02 3.55886246e+00
7.65145904e+02 3.82984082e+00
7.65271466e+02 4.08030935e+00
7.65397027e+02 4.30370750e+00
7.65491199e+02 4.45005392e+00
7.65585370e+02 4.57595088e+00
7.65679541e+02 4.67970316e+00
7.65773712e+02 4.75995234e+00
7.65867884e+02 4.81568818e+00
7.65962055e+02 4.84626461e+00
7.66021127e+02 4.85246996e+00
7.66130101e+02 4.83775105e+00
7.66239074e+02 4.78976545e+00
7.66348048e+02 4.71002564e+00
7.66457021e+02 4.60088549e+00
7.66565995e+02 4.46553416e+00
7.66674968e+02 4.30793885e+00
7.66820266e+02 4.07128170e+00
7.67245824e+02 3.31467507e+00
7.67370450e+02 3.10555377e+00
7.67495076e+02 2.91229733e+00
7.67619702e+02 2.73786313e+00
7.67744327e+02 2.58325064e+00
7.67868953e+02 2.44761414e+00
7.67993579e+02 2.32857988e+00
7.68118205e+02 2.22271667e+00
7.68308481e+02 2.07759109e+00
7.68884320e+02 1.66134562e+00
7.69076266e+02 1.52355151e+00
7.69204230e+02 1.43812815e+00
7.69317943e+02 1.37009000e+00
7.69431656e+02 1.31227568e+00
7.69507464e+02 1.28065408e+00
7.69583273e+02 1.25532847e+00
7.69659081e+02 1.23683672e+00
7.69734890e+02 1.22560147e+00
7.69810698e+02 1.22192362e+00
7.69878541e+02 1.22518949e+00
7.69946384e+02 1.23470340e+00
7.70014227e+02 1.25044903e+00
7.70082069e+02 1.27235324e+00
7.70149912e+02 1.30029810e+00
7.70217755e+02 1.33413433e+00
7.70308212e+02 1.38812559e+00
7.70398669e+02 1.45189892e+00
7.70489126e+02 1.52510549e+00
7.70576346e+02 1.60438458e+00
7.70660331e+02 1.68866723e+00
7.70744315e+02 1.78073153e+00
7.70828299e+02 1.88065164e+00
7.70912283e+02 1.98856161e+00
7.70996268e+02 2.10461234e+00
7.71122244e+02 2.29416469e+00
7.71254468e+02 2.51285223e+00
7.71399189e+02 2.77346084e+00
7.71592151e+02 3.14644444e+00
7.71833353e+02 3.61988629e+00
7.71978074e+02 3.88144882e+00
7.72080682e+02 4.04448357e+00
7.72183291e+02 4.18142699e+00
7.72285899e+02 4.28617049e+00
7.72354305e+02 4.33550622e+00
7.72422710e+02 4.36699726e+00
7.72502339e+02 4.38002025e+00
7.72577454e+02 4.36834691e+00
7.72655656e+02 4.33140844e+00
7.72733859e+02 4.26979716e+00
7.72812061e+02 4.18481956e+00
7.72890263e+02 4.07844346e+00
7.72994533e+02 3.90783328e+00
7.73098803e+02 3.71125676e+00
7.73255208e+02 3.38673521e+00
7.73417438e+02 3.04239345e+00
7.73533360e+02 2.81017588e+00
7.73620301e+02 2.65125185e+00
7.73707242e+02 2.50976540e+00
7.73765202e+02 2.42671855e+00
7.73823163e+02 2.35358105e+00
7.73897023e+02 2.27563875e+00
7.73952418e+02 2.22885734e+00
7.74007813e+02 2.19230484e+00
7.74063208e+02 2.16603983e+00
7.74118603e+02 2.14999675e+00
7.74177633e+02 2.14394332e+00
7.74236662e+02 2.14893113e+00
7.74295692e+02 2.16447481e+00
7.74354722e+02 2.18997424e+00
7.74443267e+02 2.24533391e+00
7.74531812e+02 2.31878539e+00
7.74590842e+02 2.37631466e+00
7.74708901e+02 2.50760489e+00
7.74885991e+02 2.73020556e+00
7.75110796e+02 3.02032561e+00
7.75253945e+02 3.18964119e+00
7.75397093e+02 3.33611047e+00
7.75540242e+02 3.45474078e+00
7.75683390e+02 3.54508619e+00
7.75826538e+02 3.61192119e+00
7.76090425e+02 3.71237760e+00
7.76222369e+02 3.78037248e+00
7.76321326e+02 3.85394308e+00
7.76389295e+02 3.92068708e+00
7.76459261e+02 4.00663871e+00
7.76529227e+02 4.11311864e+00
7.76599192e+02 4.24305234e+00
7.76669158e+02 4.39913524e+00
7.76739124e+02 4.58373604e+00
7.76809090e+02 4.79880041e+00
7.76879056e+02 5.04575816e+00
7.76941501e+02 5.29379656e+00
7.77023888e+02 5.66111382e+00
7.77106275e+02 6.07309012e+00
7.77188662e+02 6.52731487e+00
7.77271049e+02 7.01985617e+00
7.77353436e+02 7.54528984e+00
7.77509710e+02 8.60700264e+00
7.77770166e+02 1.04219601e+01
7.77914994e+02 1.13583813e+01
7.78011547e+02 1.19200065e+01
7.78108099e+02 1.24159494e+01
7.78204651e+02 1.28356290e+01
7.78301203e+02 1.31714567e+01
7.78397756e+02 1.34191247e+01
7.78494308e+02 1.35776737e+01
7.78600613e+02 1.36519360e+01
7.78629628e+02 1.36547515e+01
7.78716672e+02 1.36211468e+01
7.78832731e+02 1.34869333e+01
7.78948790e+02 1.32661871e+01
7.79064849e+02 1.29773819e+01
7.79238938e+02 1.24565736e+01
7.79819233e+02 1.05117044e+01
7.80517882e+02 8.28368805e+00
7.81168831e+02 6.11032248e+00
7.81346362e+02 5.55571220e+00
7.81458965e+02 5.22895035e+00
7.81571567e+02 4.92551680e+00
7.81684170e+02 4.64714989e+00
7.81796772e+02 4.39413005e+00
7.81909375e+02 4.16538832e+00
7.82021977e+02 3.95877918e+00
7.82134579e+02 3.77146486e+00
7.82247182e+02 3.60035339e+00
7.82389522e+02 3.40274417e+00
7.82531861e+02 3.22181362e+00
7.82674201e+02 3.05509669e+00
7.82816541e+02 2.90254396e+00
7.82958881e+02 2.76633161e+00
7.83065635e+02 2.67715526e+00
7.83172390e+02 2.60125483e+00
7.83279145e+02 2.54060899e+00
7.83385900e+02 2.49699225e+00
7.83485964e+02 2.47278249e+00
7.83586028e+02 2.46536544e+00
7.83681871e+02 2.47407023e+00
7.83777714e+02 2.49774260e+00
7.83873557e+02 2.53531076e+00
7.83969400e+02 2.58513219e+00
7.84097191e+02 2.66678227e+00
7.84480563e+02 2.94957758e+00
7.84608354e+02 3.03026666e+00
7.84704534e+02 3.07867659e+00
7.84800715e+02 3.11370738e+00
7.84920941e+02 3.13596333e+00
7.84969031e+02 3.13774147e+00
7.85087580e+02 3.12452037e+00
7.85182084e+02 3.09671685e+00
7.85308089e+02 3.03861920e+00
7.85434094e+02 2.96180258e+00
7.85749107e+02 2.74117928e+00
7.85875112e+02 2.66587775e+00
7.85969616e+02 2.62258944e+00
7.86054647e+02 2.59615298e+00
7.86134941e+02 2.58368616e+00
7.86161706e+02 2.58241631e+00
7.86246087e+02 2.58822752e+00
7.86338642e+02 2.61192764e+00
7.86431197e+02 2.65327581e+00
7.86523752e+02 2.71085832e+00
7.86647159e+02 2.80880183e+00
7.86832269e+02 2.98503827e+00
7.87017379e+02 3.16756046e+00
7.87140785e+02 3.27583355e+00
7.87242306e+02 3.34918673e+00
7.87361760e+02 3.41144838e+00
7.87441396e+02 3.43636476e+00
7.87540917e+02 3.44760553e+00
7.87648297e+02 3.43497421e+00
7.87743746e+02 3.40352025e+00
7.87839195e+02 3.35548994e+00
7.87966461e+02 3.27161887e+00
7.88284624e+02 3.02972876e+00
7.88411890e+02 2.95151436e+00
7.88507339e+02 2.91045046e+00
7.88581192e+02 2.89188044e+00
7.88644246e+02 2.88639059e+00
7.88730379e+02 2.89566297e+00
7.88799617e+02 2.91788916e+00
7.88868855e+02 2.95359926e+00
7.88938093e+02 3.00274282e+00
7.89030410e+02 3.08846718e+00
7.89122727e+02 3.19559821e+00
7.89215044e+02 3.32142786e+00
7.89353520e+02 3.53729392e+00
7.89712974e+02 4.14564083e+00
7.89819828e+02 4.30762254e+00
7.89926683e+02 4.44774071e+00
7.90033537e+02 4.56000515e+00
7.90140392e+02 4.63979223e+00
7.90247246e+02 4.68405752e+00
7.90319076e+02 4.69309963e+00
7.90411091e+02 4.68035471e+00
7.90521509e+02 4.63020830e+00
7.90631926e+02 4.54492389e+00
7.90742344e+02 4.42889246e+00
7.90852762e+02 4.28754754e+00
7.90963179e+02 4.12695632e+00
7.91184014e+02 3.77297671e+00
7.91404849e+02 3.41297610e+00
7.91557322e+02 3.17923221e+00
7.91715044e+02 2.95853266e+00
7.91833336e+02 2.80885472e+00
7.91951628e+02 2.67260895e+00
7.92109350e+02 2.50987335e+00
7.92267072e+02 2.36518727e+00
7.92424794e+02 2.23463208e+00
7.92582516e+02 2.11552704e+00
7.92740239e+02 2.00739760e+00
7.92881126e+02 1.92187419e+00
7.93022013e+02 1.85041187e+00
7.93115938e+02 1.81308657e+00
7.93209863e+02 1.78617395e+00
7.93303788e+02 1.77176229e+00
7.93350750e+02 1.76993562e+00
7.93421194e+02 1.77471869e+00
7.93491638e+02 1.78938365e+00
7.93566931e+02 1.81704964e+00
7.93642224e+02 1.85817958e+00
7.93717517e+02 1.91378368e+00
7.93773987e+02 1.96552478e+00
7.93830457e+02 2.02622706e+00
7.93868103e+02 2.07180404e+00
7.93943397e+02 2.17548123e+00
7.94018690e+02 2.29608222e+00
7.94093983e+02 2.43364352e+00
7.94178170e+02 2.60720786e+00
7.94262357e+02 2.80080508e+00
7.94346543e+02 3.01306289e+00
7.94430730e+02 3.24205687e+00
7.94542979e+02 3.56906681e+00
7.94708238e+02 4.08082024e+00
7.94928583e+02 4.77323770e+00
7.95078982e+02 5.21604574e+00
7.95174293e+02 5.47072439e+00
7.95269605e+02 5.69828531e+00
7.95364917e+02 5.89367599e+00
7.95460229e+02 6.05280094e+00
7.95555541e+02 6.17269417e+00
7.95650853e+02 6.25163804e+00
7.95746164e+02 6.28921564e+00
7.95783133e+02 6.29280264e+00
7.95894038e+02 6.26807667e+00
7.96004944e+02 6.19356845e+00
7.96115849e+02 6.07516105e+00
7.96189786e+02 5.97536619e+00
7.96337660e+02 5.73644504e+00
7.96485534e+02 5.46171567e+00
7.96855218e+02 4.74019088e+00
7.97019730e+02 4.44824903e+00
7.97155593e+02 4.23368482e+00
7.97291455e+02 4.04626018e+00
7.97427318e+02 3.88638521e+00
7.97563180e+02 3.75270299e+00
7.97699043e+02 3.64277739e+00
7.97834905e+02 3.55376581e+00
7.97970768e+02 3.48299164e+00
7.98106630e+02 3.42835297e+00
7.98287780e+02 3.37844270e+00
7.98430814e+02 3.35699736e+00
7.98535730e+02 3.35151369e+00
7.98656360e+02 3.35629533e+00
7.98792703e+02 3.37645748e+00
7.98929046e+02 3.41262765e+00
7.99065389e+02 3.46477343e+00
7.99201732e+02 3.53238049e+00
7.99406246e+02 3.66055953e+00
7.99610760e+02 3.81664905e+00
7.99815274e+02 3.99522435e+00
8.00087960e+02 4.25842763e+00
8.00633331e+02 4.81239755e+00
8.00932467e+02 5.09468385e+00
8.01258053e+02 5.38845437e+00
8.01461544e+02 5.60109157e+00
8.01583639e+02 5.75924114e+00
8.01705734e+02 5.95341281e+00
8.01827829e+02 6.19452034e+00
8.01909225e+02 6.38615297e+00
8.01990622e+02 6.60512041e+00
8.02072018e+02 6.85279903e+00
8.02170495e+02 7.19129506e+00
8.02268972e+02 7.57067389e+00
8.02367450e+02 7.98646743e+00
8.02515165e+02 8.66129637e+00
8.02761358e+02 9.82208258e+00
8.02892781e+02 1.03900306e+01
8.02991619e+02 1.07611039e+01
8.03090456e+02 1.10654219e+01
8.03189294e+02 1.12881177e+01
8.03288131e+02 1.14171583e+01
8.03362260e+02 1.14472887e+01
8.03442943e+02 1.14124923e+01
8.03526903e+02 1.13009216e+01
8.03610864e+02 1.11141973e+01
8.03694824e+02 1.08563815e+01
8.03778785e+02 1.05337147e+01
8.03834758e+02 1.02865259e+01
8.03946705e+02 9.72790514e+00
8.04058653e+02 9.10487499e+00
8.04383867e+02 7.18005181e+00
8.04485186e+02 6.61528966e+00
8.04586506e+02 6.09363906e+00
8.04662495e+02 5.73710218e+00
8.04724198e+02 5.47198191e+00
8.04796942e+02 5.18910860e+00
8.04869687e+02 4.93925353e+00
8.04942431e+02 4.72251763e+00
8.05015176e+02 4.53821311e+00
8.05087920e+02 4.38495704e+00
8.05160665e+02 4.26077973e+00
8.05233410e+02 4.16323771e+00
8.05311468e+02 4.08499893e+00
8.05394373e+02 4.02773796e+00
8.05477278e+02 3.99246469e+00
8.05560183e+02 3.97443693e+00
8.05643089e+02 3.96904784e+00
8.06002344e+02 3.99410507e+00
8.06057614e+02 3.99419510e+00
8.06216772e+02 3.97598439e+00
8.06362623e+02 3.92952268e+00
8.06508474e+02 3.85118981e+00
8.06654325e+02 3.74085665e+00
8.06800176e+02 3.60066546e+00
8.06946027e+02 3.43433044e+00
8.07091878e+02 3.24659505e+00
8.07237730e+02 3.04285128e+00
8.07723900e+02 2.32373695e+00
8.07871465e+02 2.11691951e+00
8.07982138e+02 1.97196616e+00
8.08092812e+02 1.83827479e+00
8.08203485e+02 1.71790420e+00
8.08277268e+02 1.64595002e+00
8.08348594e+02 1.58320009e+00
8.08417464e+02 1.52928761e+00
8.08486333e+02 1.48218548e+00
8.08555203e+02 1.44207784e+00
8.08624073e+02 1.40908185e+00
8.08692943e+02 1.38324434e+00
8.08761813e+02 1.36453863e+00
8.08830682e+02 1.35286242e+00
8.08897723e+02 1.34807788e+00
8.08930328e+02 1.34802907e+00
8.08995538e+02 1.35223712e+00
8.09093354e+02 1.36870392e+00
8.09191170e+02 1.39618792e+00
8.09288985e+02 1.43313319e+00
8.09386801e+02 1.47776409e+00
8.09517222e+02 1.54587260e+00
8.09778064e+02 1.69382015e+00
8.09908484e+02 1.76495784e+00
8.10067496e+02 1.84288842e+00
8.10226508e+02 1.90851244e+00
8.10385519e+02 1.96228807e+00
8.10783048e+02 2.07579700e+00
8.10942060e+02 2.13151514e+00
8.11061318e+02 2.18351394e+00
8.11180577e+02 2.24612149e+00
8.11326139e+02 2.33730148e+00
8.11471701e+02 2.44252843e+00
8.11835605e+02 2.72797015e+00
8.11981167e+02 2.82960884e+00
8.12126729e+02 2.91183753e+00
8.12235900e+02 2.95717881e+00
8.12345071e+02 2.98692720e+00
8.12449938e+02 3.00055555e+00
8.12486784e+02 3.00197069e+00
8.12560477e+02 2.99985110e+00
8.12707862e+02 2.97812039e+00
8.12855247e+02 2.93877912e+00
8.13223711e+02 2.81627247e+00
8.13371096e+02 2.77680707e+00
8.13518482e+02 2.75003576e+00
8.13695794e+02 2.73664879e+00
8.13721699e+02 2.73636396e+00
8.13903034e+02 2.74469919e+00
8.14006653e+02 2.75610784e+00
8.14628373e+02 2.85600749e+00
8.14939232e+02 2.88896605e+00
8.15146472e+02 2.89588336e+00
8.15331614e+02 2.88981269e+00
8.15576182e+02 2.86335338e+00
8.15902272e+02 2.80344262e+00
8.16146840e+02 2.75751796e+00
8.16309885e+02 2.73793635e+00
8.16411789e+02 2.73382191e+00
8.16554453e+02 2.74201556e+00
8.16699378e+02 2.77015339e+00
8.16844304e+02 2.82056220e+00
8.16989229e+02 2.89402856e+00
8.17134154e+02 2.98978529e+00
8.17279079e+02 3.10565804e+00
8.17424005e+02 3.23830501e+00
8.17617238e+02 3.43378860e+00
8.18003706e+02 3.84094200e+00
8.18186180e+02 4.01335366e+00
8.18314965e+02 4.11656405e+00
8.18443751e+02 4.19869463e+00
8.18572537e+02 4.25506831e+00
8.18701322e+02 4.28186738e+00
8.18744251e+02 4.28375552e+00
8.18861403e+02 4.27042007e+00
8.18972739e+02 4.23282050e+00
8.19084075e+02 4.17226121e+00
8.19232522e+02 4.06069811e+00
8.19380970e+02 3.92358472e+00
8.19677865e+02 3.63290367e+00
8.19789201e+02 3.54176879e+00
8.19900537e+02 3.47323799e+00
8.19999880e+02 3.43771497e+00
8.20075237e+02 3.43025752e+00
8.20150594e+02 3.44185065e+00
8.20212193e+02 3.46667150e+00
8.20285153e+02 3.51502102e+00
8.20358113e+02 3.58475260e+00
8.20431073e+02 3.67634188e+00
8.20504033e+02 3.78980827e+00
8.20576994e+02 3.92468412e+00
8.20649954e+02 4.07999285e+00
8.20722914e+02 4.25424135e+00
8.20828698e+02 4.53631537e+00
8.20967307e+02 4.94621895e+00
8.21244525e+02 5.81401710e+00
8.21389922e+02 6.23662349e+00
8.21504061e+02 6.52612104e+00
8.21618200e+02 6.76456737e+00
8.21694292e+02 6.89022693e+00
8.21770385e+02 6.98676997e+00
8.21846478e+02 7.05292385e+00
8.21941920e+02 7.09225939e+00
8.21970943e+02 7.09466386e+00
8.22077364e+02 7.06660900e+00
8.22193460e+02 6.97422867e+00
8.22309555e+02 6.82566768e+00
8.22425651e+02 6.63146984e+00
8.22541746e+02 6.40318975e+00
8.22773937e+02 5.88943371e+00
8.23083525e+02 5.19030404e+00
8.23302522e+02 4.73338679e+00
8.23514922e+02 4.32817020e+00
8.23727322e+02 3.95368785e+00
8.23939723e+02 3.60155390e+00
8.24152123e+02 3.26750794e+00
8.24346149e+02 2.97921392e+00
8.24503425e+02 2.75999340e+00
8.24660701e+02 2.55637691e+00
8.24817977e+02 2.37051341e+00
8.24975254e+02 2.20387576e+00
8.25080104e+02 2.10384705e+00
8.25202497e+02 1.99837256e+00
8.25307447e+02 1.91755906e+00
8.25412397e+02 1.84552850e+00
8.25517347e+02 1.78215885e+00
8.25622297e+02 1.72733627e+00
8.25727247e+02 1.68097084e+00
8.25832197e+02 1.64300283e+00
8.25937147e+02 1.61339793e+00
8.26042097e+02 1.59213315e+00
8.26147047e+02 1.57917401e+00
8.26251997e+02 1.57444499e+00
8.26381134e+02 1.57968756e+00
8.26510271e+02 1.59663168e+00
8.26639407e+02 1.62439881e+00
8.26768544e+02 1.66167606e+00
8.26940726e+02 1.72301188e+00
8.27371182e+02 1.89776811e+00
8.27543364e+02 1.95897578e+00
8.27703044e+02 2.00405075e+00
8.27850221e+02 2.03383589e+00
8.27923810e+02 2.04449524e+00
8.28773140e+02 2.08709332e+00
8.28975475e+02 2.11890387e+00
8.29177810e+02 2.16535507e+00
8.29447591e+02 2.23317562e+00
8.29582480e+02 2.25986880e+00
8.29717371e+02 2.27592244e+00
8.29801677e+02 2.27907994e+00
8.29919729e+02 2.27359959e+00
8.30054666e+02 2.25317495e+00
8.30189603e+02 2.21955873e+00
8.30594414e+02 2.09018681e+00
8.30729351e+02 2.06145742e+00
8.30838987e+02 2.05257091e+00
8.30847421e+02 2.05254420e+00
8.30931756e+02 2.05808947e+00
8.31017228e+02 2.07536814e+00
8.31099073e+02 2.10381299e+00
8.31180917e+02 2.14440047e+00
8.31262761e+02 2.19722778e+00
8.31344605e+02 2.26197961e+00
8.31426449e+02 2.33792423e+00
8.31549215e+02 2.47023624e+00
8.31684705e+02 2.63591212e+00
8.32006578e+02 3.05583662e+00
8.32113869e+02 3.18509920e+00
8.32221160e+02 3.30052141e+00
8.32328452e+02 3.39806585e+00
8.32435743e+02 3.47479817e+00
8.32527611e+02 3.52267296e+00
8.32642279e+02 3.55897590e+00
8.32754464e+02 3.57030267e+00
8.32855964e+02 3.56191959e+00
8.32984175e+02 3.53016038e+00
8.33155123e+02 3.46127467e+00
8.33582492e+02 3.24799766e+00
8.33753440e+02 3.17410469e+00
8.34009862e+02 3.08677315e+00
8.34343318e+02 3.00266668e+00
8.34760139e+02 2.91522623e+00
8.34926867e+02 2.89008358e+00
8.35093595e+02 2.88082400e+00
8.35218641e+02 2.89088031e+00
8.35343687e+02 2.92140720e+00
8.35436746e+02 2.96066170e+00
8.35529805e+02 3.01641958e+00
8.35622864e+02 3.09057125e+00
8.35715923e+02 3.18463369e+00
8.35808982e+02 3.29962613e+00
8.35902040e+02 3.43595544e+00
8.35995099e+02 3.59332227e+00
8.36088158e+02 3.77065258e+00
8.36202441e+02 4.01289854e+00
8.36316724e+02 4.27721805e+00
8.36697666e+02 5.22023992e+00
8.36840935e+02 5.55022045e+00
8.36936448e+02 5.74753629e+00
8.37031961e+02 5.92075628e+00
8.37127473e+02 6.06549161e+00
8.37222986e+02 6.17819145e+00
8.37318499e+02 6.25628400e+00
8.37414012e+02 6.29827497e+00
8.37461768e+02 6.30557427e+00
8.37572324e+02 6.28789592e+00
8.37682879e+02 6.22395116e+00
8.37793435e+02 6.11787460e+00
8.37903991e+02 5.97553726e+00
8.38051399e+02 5.74223704e+00
8.38419918e+02 5.07436876e+00
8.38567325e+02 4.83316203e+00
8.38689810e+02 4.66709016e+00
8.38787370e+02 4.56380785e+00
8.38884931e+02 4.48986534e+00
8.38982492e+02 4.44711251e+00
8.39060478e+02 4.43561557e+00
8.39148098e+02 4.44595045e+00
8.39235718e+02 4.47906190e+00
8.39323338e+02 4.53206320e+00
8.39440164e+02 4.62698274e+00
8.39790643e+02 4.96569037e+00
8.39907469e+02 5.05409028e+00
8.40020845e+02 5.10996675e+00
8.40130772e+02 5.12892400e+00
8.40216770e+02 5.11681443e+00
8.40309875e+02 5.07608635e+00
8.40402981e+02 5.00722116e+00
8.40496087e+02 4.91220667e+00
8.40620227e+02 4.75057539e+00
8.40744368e+02 4.55854426e+00
8.41116790e+02 3.91971195e+00
8.41252062e+02 3.70501957e+00
8.41361865e+02 3.54815854e+00
8.41471668e+02 3.40902291e+00
8.41581470e+02 3.28761995e+00
8.41691273e+02 3.18239556e+00
8.41837677e+02 3.06248653e+00
8.42057282e+02 2.90970707e+00
8.42424779e+02 2.66578202e+00
8.42723536e+02 2.44625002e+00
8.43022293e+02 2.21890363e+00
8.43171672e+02 2.11268177e+00
8.43321051e+02 2.01795970e+00
8.43433085e+02 1.95743847e+00
8.43545118e+02 1.90822618e+00
8.43646780e+02 1.87507263e+00
8.43748442e+02 1.85443330e+00
8.43850104e+02 1.84780390e+00
8.43926351e+02 1.85289790e+00
8.43991555e+02 1.86458708e+00
8.44071133e+02 1.88852265e+00
8.44150711e+02 1.92358886e+00
8.44230290e+02 1.97022327e+00
8.44309868e+02 2.02873771e+00
8.44389446e+02 2.09929216e+00
8.44469024e+02 2.18187078e+00
8.44548602e+02 2.27626214e+00
8.44625348e+02 2.37809100e+00
8.44736217e+02 2.54271559e+00
8.44847087e+02 2.72585121e+00
8.44957957e+02 2.92438418e+00
8.45105783e+02 3.20657732e+00
8.45513991e+02 4.01239184e+00
8.45681138e+02 4.32056660e+00
8.45848286e+02 4.60137385e+00
8.46015433e+02 4.84933867e+00
8.46187984e+02 5.06778863e+00
8.46363237e+02 5.24854306e+00
8.46538490e+02 5.38488019e+00
8.46655326e+02 5.44854849e+00
8.46772161e+02 5.48782508e+00
8.46888996e+02 5.49994649e+00
8.47005831e+02 5.48194516e+00
8.47128430e+02 5.42758480e+00
8.47251027e+02 5.33433111e+00
8.47373626e+02 5.20071490e+00
8.47496224e+02 5.02683557e+00
8.47618822e+02 4.81463862e+00
8.47741420e+02 4.56801201e+00
8.47864018e+02 4.29268557e+00
8.48047728e+02 3.84263444e+00
8.48353290e+02 3.06705260e+00
8.48475515e+02 2.77341410e+00
8.48574699e+02 2.55073895e+00
8.48673882e+02 2.34598471e+00
8.48748270e+02 2.20602216e+00
8.48822658e+02 2.07888982e+00
8.48903107e+02 1.95678452e+00
8.48964823e+02 1.87441883e+00
8.49026538e+02 1.80212593e+00
8.49088253e+02 1.74003373e+00
8.49149969e+02 1.68817548e+00
8.49211684e+02 1.64649343e+00
8.49273400e+02 1.61484405e+00
8.49335115e+02 1.59300274e+00
8.49407917e+02 1.57943391e+00
8.49449860e+02 1.57738709e+00
8.49512776e+02 1.58186798e+00
8.49575691e+02 1.59495053e+00
8.49617635e+02 1.60817270e+00
8.49701523e+02 1.64460272e+00
8.49785410e+02 1.69305444e+00
8.49869297e+02 1.75189487e+00
8.49953185e+02 1.81943353e+00
8.50090299e+02 1.94411582e+00
8.50303205e+02 2.15814909e+00
8.50569338e+02 2.43178440e+00
8.50888698e+02 2.74371237e+00
8.51110504e+02 2.95877278e+00
8.51258375e+02 3.11260838e+00
8.51406245e+02 3.28286708e+00
8.51554116e+02 3.47479105e+00
8.51701987e+02 3.69010122e+00
8.51923793e+02 4.04812338e+00
8.52158256e+02 4.43478182e+00
8.52288144e+02 4.62794033e+00
8.52418033e+02 4.78859461e+00
8.52504625e+02 4.87098392e+00
8.52591217e+02 4.92951532e+00
8.52677809e+02 4.96140723e+00
8.52721106e+02 4.96671827e+00
8.52821385e+02 4.95077346e+00
8.52906859e+02 4.90579300e+00
8.52992334e+02 4.83264459e+00
8.53077809e+02 4.73304267e+00
8.53163283e+02 4.60961959e+00
8.53277249e+02 4.41401787e+00
8.53391216e+02 4.19200980e+00
8.53720678e+02 3.50223542e+00
8.53854317e+02 3.24351828e+00
8.53943410e+02 3.08782633e+00
8.54032503e+02 2.94838522e+00
8.54121596e+02 2.82657365e+00
8.54210689e+02 2.72287053e+00
8.54299782e+02 2.63693199e+00
8.54388875e+02 2.56771301e+00
8.54489329e+02 2.50771064e+00
8.54603202e+02 2.45931930e+00
8.54717075e+02 2.42737599e+00
8.54868906e+02 2.40262746e+00
8.55096653e+02 2.38611533e+00
8.55523449e+02 2.37613264e+00
8.55779527e+02 2.38288812e+00
8.55999174e+02 2.40265576e+00
8.56365251e+02 2.45983670e+00
8.56658113e+02 2.50375702e+00
8.56841152e+02 2.51713707e+00
8.56896064e+02 2.51799488e+00
8.57051214e+02 2.51138235e+00
8.57201573e+02 2.49170956e+00
8.57351931e+02 2.45948568e+00
8.57552410e+02 2.40021275e+00
8.58053605e+02 2.21959612e+00
8.58254083e+02 2.15936401e+00
8.58404442e+02 2.12679362e+00
8.58554800e+02 2.10772385e+00
8.58677814e+02 2.10308955e+00
8.58803644e+02 2.10881335e+00
8.58929474e+02 2.12499382e+00
8.59055304e+02 2.15137524e+00
8.59181134e+02 2.18784435e+00
8.59306964e+02 2.23471472e+00
8.59432794e+02 2.29296989e+00
8.59558624e+02 2.36440969e+00
8.59684454e+02 2.45165751e+00
8.59810284e+02 2.55800318e+00
8.59894171e+02 2.64130674e+00
8.59978057e+02 2.73579613e+00
8.60073202e+02 2.85775836e+00
8.60168347e+02 2.99659850e+00
8.60263492e+02 3.15316340e+00
8.60358637e+02 3.32783665e+00
8.60453782e+02 3.52047104e+00
8.60548927e+02 3.73035794e+00
8.60691645e+02 4.07463864e+00
8.60828423e+02 4.43243556e+00
8.61051437e+02 5.05501199e+00
8.61363656e+02 5.94759824e+00
8.61587034e+02 6.55229126e+00
8.61721207e+02 6.88487809e+00
8.61855380e+02 7.18450315e+00
8.61989552e+02 7.44206177e+00
8.62123725e+02 7.64755498e+00
8.62224355e+02 7.76117588e+00
8.62324984e+02 7.83521435e+00
8.62442386e+02 7.86629233e+00
8.62557316e+02 7.83450085e+00
8.62650533e+02 7.76156701e+00
8.62743750e+02 7.64615519e+00
8.62836967e+02 7.48944943e+00
8.62930183e+02 7.29409909e+00
8.63023400e+02 7.06425833e+00
8.63147689e+02 6.71403638e+00
8.63334123e+02 6.13039254e+00
8.63520557e+02 5.53867951e+00
8.63638064e+02 5.19492436e+00
8.63716402e+02 4.98907516e+00
8.63794740e+02 4.80747548e+00
8.63873079e+02 4.65433780e+00
8.63951417e+02 4.53324928e+00
8.64010170e+02 4.46523194e+00
8.64068924e+02 4.41782968e+00
8.64127678e+02 4.39174621e+00
8.64174552e+02 4.38654081e+00
8.64231597e+02 4.39908084e+00
8.64288641e+02 4.43235948e+00
8.64326671e+02 4.46598642e+00
8.64402731e+02 4.56021793e+00
8.64478790e+02 4.68930481e+00
8.64554850e+02 4.85142774e+00
8.64630910e+02 5.04426412e+00
8.64706969e+02 5.26504709e+00
8.64783029e+02 5.51062334e+00
8.64890678e+02 5.89375236e+00
8.64998327e+02 6.30883358e+00
8.65357157e+02 7.77578356e+00
8.65483037e+02 8.26639991e+00
8.65608917e+02 8.71906211e+00
8.65734797e+02 9.12235043e+00
8.65860676e+02 9.46909926e+00
8.65986556e+02 9.75700077e+00
8.66112436e+02 9.98876523e+00
8.66238316e+02 1.01717294e+01
8.66364196e+02 1.03168793e+01
8.66937768e+02 1.08452736e+01
8.67372472e+02 1.13114279e+01
8.67517374e+02 1.14197194e+01
8.67662275e+02 1.14605588e+01
8.67770951e+02 1.14307577e+01
8.67872594e+02 1.13466014e+01
8.67970721e+02 1.12082584e+01
8.68068848e+02 1.10107180e+01
8.68166975e+02 1.07531217e+01
8.68265102e+02 1.04368327e+01
8.68363229e+02 1.00653267e+01
8.68461356e+02 9.64397135e+00
8.68592192e+02 9.01681821e+00
8.68723028e+02 8.33320621e+00
8.69121349e+02 6.13265615e+00
8.69240231e+02 5.50458326e+00
8.69329392e+02 5.05785180e+00
8.69425852e+02 4.60403705e+00
8.69498196e+02 4.28666678e+00
8.69570540e+02 3.99088289e+00
8.69642885e+02 3.71800568e+00
8.69715229e+02 3.46901393e+00
8.69782786e+02 3.25863908e+00
8.69850343e+02 3.06992207e+00
8.69917899e+02 2.90289060e+00
8.69985456e+02 2.75734518e+00
8.70053012e+02 2.63287226e+00
8.70120569e+02 2.52885895e+00
8.70188126e+02 2.44450907e+00
8.70255682e+02 2.37886044e+00
8.70324904e+02 2.32982995e+00
8.70378201e+02 2.30382841e+00
8.70438646e+02 2.28580040e+00
8.70508537e+02 2.27885379e+00
8.70589761e+02 2.28741083e+00
8.70680429e+02 2.31492085e+00
8.70771097e+02 2.35767816e+00
8.70891989e+02 2.43177588e+00
8.71254662e+02 2.68983491e+00
8.71369856e+02 2.75966564e+00
8.71479352e+02 2.81245441e+00
8.71588847e+02 2.84885533e+00
8.71698343e+02 2.86674039e+00
8.71753090e+02 2.86834138e+00
8.71858975e+02 2.85730203e+00
8.71964860e+02 2.82792428e+00
8.72070744e+02 2.78126010e+00
8.72176629e+02 2.71909468e+00
8.72317808e+02 2.61637906e+00
8.72458988e+02 2.49770733e+00
8.72741347e+02 2.24688616e+00
8.72882527e+02 2.13308641e+00
8.72980621e+02 2.06510608e+00
8.73078715e+02 2.00939620e+00
8.73176810e+02 1.96843140e+00
8.73242206e+02 1.95038287e+00
8.73307603e+02 1.94037911e+00
8.73340301e+02 1.93853736e+00
8.73405697e+02 1.94140958e+00
8.73483657e+02 1.95658812e+00
8.73561617e+02 1.98484113e+00
8.73639577e+02 2.02625700e+00
8.73717538e+02 2.08068559e+00
8.73795498e+02 2.14772955e+00
8.73873458e+02 2.22673851e+00
8.73951418e+02 2.31680879e+00
8.74065232e+02 2.46571891e+00
8.74172796e+02 2.62177623e+00
8.74387922e+02 2.95937859e+00
8.74603048e+02 3.29423032e+00
8.74726630e+02 3.46727569e+00
8.74850212e+02 3.61574372e+00
8.74932600e+02 3.69744966e+00
8.75014988e+02 3.76323853e+00
8.75097375e+02 3.81172478e+00
8.75179763e+02 3.84194156e+00
8.75262151e+02 3.85337227e+00
8.75360589e+02 3.84236088e+00
8.75459027e+02 3.80527575e+00
8.75557465e+02 3.74382240e+00
8.75655904e+02 3.66053849e+00
8.75787154e+02 3.52123388e+00
8.75918405e+02 3.35812759e+00
8.76246532e+02 2.91346903e+00
8.76400096e+02 2.72037779e+00
8.76488035e+02 2.62164330e+00
8.76575973e+02 2.53389798e+00
8.76663912e+02 2.45854654e+00
8.76751851e+02 2.39656734e+00
8.76839789e+02 2.34852173e+00
8.76927728e+02 2.31457940e+00
8.77015666e+02 2.29455698e+00
8.77115056e+02 2.28806041e+00
8.77214445e+02 2.29763020e+00
8.77313834e+02 2.32187841e+00
8.77413223e+02 2.35921352e+00
8.77512613e+02 2.40793066e+00
8.77661697e+02 2.49853892e+00
8.77810781e+02 2.60508029e+00
8.78009559e+02 2.76263687e+00
8.78407116e+02 3.08925787e+00
8.78605895e+02 3.23955181e+00
8.78829162e+02 3.38609316e+00
8.78978006e+02 3.46760567e+00
8.79126851e+02 3.53512827e+00
8.79350117e+02 3.61065133e+00
8.79573384e+02 3.65870850e+00
8.79796650e+02 3.68530155e+00
8.80156549e+02 3.69852325e+00
8.80516447e+02 3.68805289e+00
8.80804365e+02 3.66260993e+00
8.80948324e+02 3.64305763e+00
8.81668121e+02 3.50885300e+00
8.81866064e+02 3.49421889e+00
8.82028019e+02 3.50745446e+00
8.82157856e+02 3.54079144e+00
8.82273572e+02 3.59113284e+00
8.82389288e+02 3.66327355e+00
8.82505003e+02 3.75861857e+00
8.82620719e+02 3.87749220e+00
8.82736435e+02 4.01894239e+00
8.82852151e+02 4.18061138e+00
8.83025724e+02 4.45232191e+00
8.83338164e+02 4.97108446e+00
8.83463140e+02 5.16268013e+00
8.83588115e+02 5.33012821e+00
8.83713091e+02 5.46399817e+00
8.83806823e+02 5.53743064e+00
8.83900555e+02 5.58466567e+00
8.84009909e+02 5.60405355e+00
8.84094987e+02 5.59144232e+00
8.84199170e+02 5.54270127e+00
8.84303353e+02 5.45816483e+00
8.84407537e+02 5.33991466e+00
8.84511720e+02 5.19111811e+00
8.84581175e+02 5.07692806e+00
8.84720087e+02 4.81883081e+00
8.84858998e+02 4.53133403e+00
8.85218579e+02 3.73987615e+00
8.85382097e+02 3.39742249e+00
8.85504736e+02 3.16033851e+00
8.85627375e+02 2.94462306e+00
8.85750014e+02 2.75262389e+00
8.85831568e+02 2.63855688e+00
8.85912919e+02 2.53554540e+00
8.85994269e+02 2.44296021e+00
8.86116295e+02 2.32239359e+00
8.86238320e+02 2.22147070e+00
8.86360346e+02 2.13702230e+00
8.86441696e+02 2.08816023e+00
8.86604397e+02 2.00361066e+00
8.86767098e+02 1.93025364e+00
8.87392633e+02 1.66532006e+00
8.87792812e+02 1.49414503e+00
8.87992901e+02 1.41681116e+00
8.88192990e+02 1.34893149e+00
8.88343057e+02 1.30494955e+00
8.88493124e+02 1.26688440e+00
8.88693213e+02 1.22478282e+00
8.88855412e+02 1.19741190e+00
8.89017610e+02 1.17593259e+00
8.89179808e+02 1.16066909e+00
8.89342006e+02 1.15241706e+00
8.89450138e+02 1.15136375e+00
8.89603116e+02 1.15676789e+00
8.89737653e+02 1.16886071e+00
8.89872190e+02 1.18828214e+00
8.90006728e+02 1.21515839e+00
8.90141265e+02 1.24923997e+00
8.90275802e+02 1.28987933e+00
8.90455185e+02 1.35246503e+00
8.90724259e+02 1.45767521e+00
8.91076338e+02 1.59772279e+00
8.91325354e+02 1.68666004e+00
8.91491364e+02 1.73785177e+00
8.91657374e+02 1.78109003e+00
8.91823384e+02 1.81526910e+00
8.91989394e+02 1.83922102e+00
8.92155404e+02 1.85163629e+00
8.92238409e+02 1.85308549e+00
8.92365644e+02 1.84867100e+00
8.92498333e+02 1.83507239e+00
8.92631023e+02 1.81202339e+00
8.92763713e+02 1.77965285e+00
8.92852173e+02 1.75319266e+00
8.93029092e+02 1.69019631e+00
8.93471391e+02 1.50653339e+00
8.93604081e+02 1.45873188e+00
8.93692541e+02 1.43317750e+00
8.93781941e+02 1.41455645e+00
8.93872283e+02 1.40509356e+00
8.93903338e+02 1.40439742e+00
8.93985210e+02 1.40978471e+00
8.94052967e+02 1.42312197e+00
8.94098138e+02 1.43701125e+00
8.94161134e+02 1.46370658e+00
8.94224130e+02 1.49967092e+00
8.94287127e+02 1.54571120e+00
8.94350123e+02 1.60261652e+00
8.94413119e+02 1.67114609e+00
8.94476116e+02 1.75201540e+00
8.94539112e+02 1.84588259e+00
8.94602108e+02 1.95333304e+00
8.94671282e+02 2.08755489e+00
8.94740455e+02 2.23926552e+00
8.94809629e+02 2.40880422e+00
8.94878802e+02 2.59631253e+00
8.94947975e+02 2.80171354e+00
8.95011599e+02 3.00616882e+00
8.95092732e+02 3.28776217e+00
8.95173864e+02 3.59149190e+00
8.95254997e+02 3.91551988e+00
8.95366385e+02 4.38908506e+00
8.95508029e+02 5.02810120e+00
8.95862138e+02 6.68066233e+00
8.95974560e+02 7.17959193e+00
8.96086983e+02 7.64680747e+00
8.96199405e+02 8.07245661e+00
8.96311827e+02 8.44847379e+00
8.96424249e+02 8.76911500e+00
8.96536672e+02 9.03136648e+00
8.96649094e+02 9.23518831e+00
8.96761516e+02 9.38355264e+00
8.96870083e+02 9.47961284e+00
8.97023885e+02 9.55110856e+00
8.97228953e+02 9.57057022e+00
8.97434022e+02 9.56465551e+00
8.97639091e+02 9.59052970e+00
8.98783945e+02 1.04041384e+01
8.99879069e+02 1.03071437e+01
9.00083472e+02 1.04207987e+01
9.00628546e+02 1.09125424e+01
9.00764815e+02 1.09870253e+01
9.00867016e+02 1.10069483e+01
9.01007774e+02 1.09731706e+01
9.01123445e+02 1.08876723e+01
9.01239115e+02 1.07499329e+01
9.01354785e+02 1.05637664e+01
9.01509013e+02 1.02527828e+01
9.01740353e+02 9.69994468e+00
9.02048808e+02 8.93101331e+00
9.02291940e+02 8.37950120e+00
9.02558654e+02 7.84048222e+00
9.02825369e+02 7.31670746e+00
9.03003178e+02 6.94011626e+00
9.03180988e+02 6.52482769e+00
9.03358798e+02 6.06993662e+00
9.03787712e+02 4.90964315e+00
9.03909361e+02 4.60514269e+00
9.04031010e+02 4.33063258e+00
9.04112110e+02 4.16908662e+00
9.04193209e+02 4.02767083e+00
9.04274309e+02 3.90852049e+00
9.04349999e+02 3.81892394e+00
9.04425689e+02 3.75125045e+00
9.04501379e+02 3.70615676e+00
9.04577070e+02 3.68391155e+00
9.04617729e+02 3.68136717e+00
9.04699047e+02 3.69566867e+00
9.04780366e+02 3.73499859e+00
9.04861684e+02 3.79792421e+00
9.04943003e+02 3.88253126e+00
9.05024321e+02 3.98646059e+00
9.05146299e+02 4.17246027e+00
9.05289890e+02 4.42454541e+00
9.05601251e+02 5.00430733e+00
9.05725795e+02 5.21464604e+00
9.05850340e+02 5.39638201e+00
9.05974884e+02 5.54194285e+00
9.06099428e+02 5.64704123e+00
9.06223973e+02 5.71107796e+00
9.07161201e+02 5.63736903e+00
9.07286021e+02 5.69549024e+00
9.07410840e+02 5.79128988e+00
9.07535660e+02 5.92234145e+00
9.07660480e+02 6.08192564e+00
9.08031843e+02 6.60957444e+00
9.08190998e+02 6.79032195e+00
9.08297101e+02 6.87335303e+00
9.08403205e+02 6.91812184e+00
9.08456256e+02 6.92451262e+00
9.08541454e+02 6.91107793e+00
9.08637893e+02 6.85974046e+00
9.08734331e+02 6.77028649e+00
9.08830770e+02 6.64453576e+00
9.08895062e+02 6.54210593e+00
9.09023647e+02 6.29852688e+00
9.09152232e+02 6.01409002e+00
9.09345109e+02 5.54254200e+00
9.09605580e+02 4.89660629e+00
9.09740766e+02 4.58549240e+00
9.09875953e+02 4.30161521e+00
9.10011139e+02 4.04783229e+00
9.10146326e+02 3.82303590e+00
9.10281512e+02 3.62304313e+00
9.10416699e+02 3.44178752e+00
9.10619479e+02 3.19057896e+00
9.11377481e+02 2.27700038e+00
9.11552404e+02 2.08133856e+00
9.11657758e+02 1.97387483e+00
9.11763111e+02 1.87656942e+00
9.11868464e+02 1.79102771e+00
9.11973817e+02 1.71849464e+00
9.12052832e+02 1.67316344e+00
9.12131847e+02 1.63586649e+00
9.12210862e+02 1.60672326e+00
9.12289876e+02 1.58576306e+00
9.12368891e+02 1.57294443e+00
9.12451908e+02 1.56814704e+00
9.12536926e+02 1.57230100e+00
9.12621943e+02 1.58547942e+00
9.12706961e+02 1.60755731e+00
9.12791978e+02 1.63846631e+00
9.12876996e+02 1.67822357e+00
9.12962013e+02 1.72695865e+00
9.13047031e+02 1.78494019e+00
9.13132048e+02 1.85260145e+00
9.13217066e+02 1.93056662e+00
9.13302083e+02 2.01967586e+00
9.13384897e+02 2.11821913e+00
9.13467711e+02 2.22959981e+00
9.13550525e+02 2.35530952e+00
9.13633339e+02 2.49710123e+00
9.13716153e+02 2.65699063e+00
9.13798967e+02 2.83724237e+00
9.13861077e+02 2.98728284e+00
9.13923188e+02 3.15128811e+00
9.13994612e+02 3.35865102e+00
9.14054647e+02 3.54972243e+00
9.14114682e+02 3.75723759e+00
9.14174717e+02 3.98221871e+00
9.14234751e+02 4.22562773e+00
9.14294786e+02 4.48833546e+00
9.14354821e+02 4.77108824e+00
9.14414856e+02 5.07447275e+00
9.14494899e+02 5.51170522e+00
9.14569938e+02 5.95576790e+00
9.14644977e+02 6.43242089e+00
9.14745029e+02 7.11637573e+00
9.14845081e+02 7.85061029e+00
9.14951193e+02 8.67501543e+00
9.15163417e+02 1.04081081e+01
9.15320615e+02 1.16914920e+01
9.15422788e+02 1.24867293e+01
9.15524960e+02 1.32262464e+01
9.15627132e+02 1.38891943e+01
9.15729304e+02 1.44563226e+01
9.15805933e+02 1.48086958e+01
9.15882562e+02 1.50921045e+01
9.15959191e+02 1.53022237e+01
9.16035820e+02 1.54362169e+01
9.16129308e+02 1.54948955e+01
9.16218712e+02 1.54441819e+01
9.16308117e+02 1.52928031e+01
9.16397521e+02 1.50471484e+01
9.16486926e+02 1.47158780e+01
9.16576330e+02 1.43094585e+01
9.16695536e+02 1.36710737e+01
9.16814742e+02 1.29495831e+01
9.16993551e+02 1.17754891e+01
9.17264822e+02 9.95656261e+00
9.17405933e+02 9.05607134e+00
9.17547045e+02 8.21166688e+00
9.17659403e+02 7.58550349e+00
9.17784810e+02 6.93730400e+00
9.17910218e+02 6.34257110e+00
9.18035625e+02 5.80017613e+00
9.18119230e+02 5.46699769e+00
9.18202834e+02 5.15620523e+00
9.18286439e+02 4.86765504e+00
9.18370981e+02 4.59849530e+00
9.18455523e+02 4.35222373e+00
9.18540064e+02 4.12906477e+00
9.18624606e+02 3.92926331e+00
9.18709147e+02 3.75300811e+00
9.18793689e+02 3.60035534e+00
9.18878230e+02 3.47115453e+00
9.18962772e+02 3.36498688e+00
9.19056544e+02 3.27326906e+00
9.19150316e+02 3.20748349e+00
9.19246446e+02 3.16484574e+00
9.19347290e+02 3.14415501e+00
9.19397713e+02 3.14192777e+00
9.19481749e+02 3.14851537e+00
9.19616209e+02 3.18037104e+00
9.19750668e+02 3.22949629e+00
9.20086816e+02 3.36790388e+00
9.20288504e+02 3.43167012e+00
9.20728850e+02 3.53589371e+00
9.20849824e+02 3.58529388e+00
9.20930474e+02 3.63248137e+00
9.21011123e+02 3.69496616e+00
9.21087028e+02 3.77079117e+00
9.21162934e+02 3.86594746e+00
9.21238839e+02 3.98305638e+00
9.21314744e+02 4.12449262e+00
9.21390650e+02 4.29228983e+00
9.21466555e+02 4.48804545e+00
9.21542460e+02 4.71283358e+00
9.21618366e+02 4.96712401e+00
9.21704089e+02 5.28949405e+00
9.21789812e+02 5.64780405e+00
9.21875534e+02 6.03940830e+00
9.21961257e+02 6.46040712e+00
9.22075554e+02 7.05845197e+00
9.22388890e+02 8.78557287e+00
9.22514225e+02 9.44553321e+00
9.22614959e+02 9.93457229e+00
9.22729161e+02 1.04260796e+01
9.22843363e+02 1.08343266e+01
9.22919498e+02 1.10533433e+01
9.22995632e+02 1.12262374e+01
9.23071767e+02 1.13509657e+01
9.23147901e+02 1.14264585e+01
9.23221933e+02 1.14525570e+01
9.23329827e+02 1.14088462e+01
9.23437721e+02 1.12731901e+01
9.23545614e+02 1.10539366e+01
9.23653508e+02 1.07617493e+01
9.23761402e+02 1.04088170e+01
9.23905260e+02 9.86607015e+00
9.24121048e+02 8.95796374e+00
9.24419810e+02 7.65843789e+00
9.24585759e+02 6.97019848e+00
9.24751708e+02 6.32855534e+00
9.24876170e+02 5.88389392e+00
9.25000631e+02 5.47318998e+00
9.25108155e+02 5.14659130e+00
9.25215679e+02 4.84637394e+00
9.25323203e+02 4.57236530e+00
9.25430727e+02 4.32408258e+00
9.25538251e+02 4.10077503e+00
9.25645775e+02 3.90146030e+00
9.25753299e+02 3.72496706e+00
9.25860823e+02 3.56999176e+00
9.25989763e+02 3.41060861e+00
9.26118703e+02 3.27793931e+00
9.26247643e+02 3.17001380e+00
9.26376583e+02 3.08539322e+00
9.26505524e+02 3.02335262e+00
9.26634464e+02 2.98398716e+00
9.26731169e+02 2.96987157e+00
9.26779522e+02 2.96798831e+00
9.26892344e+02 2.97773043e+00
9.27004710e+02 3.00835865e+00
9.27117077e+02 3.06156253e+00
9.27201351e+02 3.11732609e+00
9.27285626e+02 3.18746325e+00
9.27369901e+02 3.27260000e+00
9.27454175e+02 3.37325366e+00
9.27538450e+02 3.48979719e+00
9.27622725e+02 3.62242373e+00
9.27735091e+02 3.82420636e+00
9.27832293e+02 4.02121478e+00
9.27955349e+02 4.29878390e+00
9.28078405e+02 4.60454358e+00
9.28201461e+02 4.93340898e+00
9.28624516e+02 6.13145673e+00
9.28742478e+02 6.44499424e+00
9.28860440e+02 6.73015393e+00
9.28978402e+02 6.97659566e+00
9.29096364e+02 7.17523145e+00
9.29214326e+02 7.31913475e+00
9.29273307e+02 7.36920695e+00
9.29391269e+02 7.42488332e+00
9.29452325e+02 7.43093847e+00
9.29574436e+02 7.40012285e+00
9.29696547e+02 7.32067156e+00
9.29879714e+02 7.14297713e+00
9.30062881e+02 6.95301834e+00
9.30184993e+02 6.85530636e+00
9.30276576e+02 6.81206771e+00
9.30337632e+02 6.80187591e+00
9.30422930e+02 6.81673865e+00
9.30504078e+02 6.86560398e+00
9.30583209e+02 6.94795628e+00
9.30662341e+02 7.06524214e+00
9.30741472e+02 7.21672934e+00
9.30846981e+02 7.46800072e+00
9.30952489e+02 7.76719893e+00
9.31110752e+02 8.27677254e+00
9.31321769e+02 8.97887390e+00
9.31460833e+02 9.38757708e+00
9.31565130e+02 9.63471764e+00
9.31669427e+02 9.81319963e+00
9.31773724e+02 9.91048905e+00
9.31843256e+02 9.92586848e+00
9.31931275e+02 9.88596359e+00
9.32011156e+02 9.79187973e+00
9.32091037e+02 9.64399351e+00
9.32170918e+02 9.44516690e+00
9.32250799e+02 9.19974240e+00
9.32357307e+02 8.80995135e+00
9.32463815e+02 8.36377846e+00
9.32623577e+02 7.62994197e+00
9.32837870e+02 6.62898920e+00
9.32945654e+02 6.16138509e+00
9.33026493e+02 5.83993010e+00
9.33107331e+02 5.54961441e+00
9.33183982e+02 5.30689453e+00
9.33252261e+02 5.11948039e+00
9.33320539e+02 4.96032341e+00
9.33388817e+02 4.82983514e+00
9.33457095e+02 4.72779445e+00
9.33525373e+02 4.65338389e+00
9.33583969e+02 4.61053028e+00
9.33671863e+02 4.57993589e+00
9.33701161e+02 4.57801017e+00
9.33789056e+02 4.59417332e+00
9.33876950e+02 4.63841799e+00
9.33994142e+02 4.72950833e+00
9.34287123e+02 5.01515941e+00
9.34404315e+02 5.11157807e+00
9.34521750e+02 5.17813386e+00
9.34610009e+02 5.20240824e+00
9.34639429e+02 5.20495791e+00
9.34731900e+02 5.19363550e+00
9.34832796e+02 5.14639005e+00
9.34933693e+02 5.06210263e+00
9.35034589e+02 4.94169154e+00
9.35135485e+02 4.78750171e+00
9.35236382e+02 4.60308146e+00
9.35337278e+02 4.39292595e+00
9.35438174e+02 4.16220669e+00
9.35572703e+02 3.83225471e+00
9.35875823e+02 3.06053039e+00
9.35977150e+02 2.81241612e+00
9.36078477e+02 2.57663948e+00
9.36179805e+02 2.35666224e+00
9.36257650e+02 2.20013739e+00
9.36335496e+02 2.05552184e+00
9.36413342e+02 1.92352297e+00
9.36491188e+02 1.80461471e+00
9.36569034e+02 1.69905272e+00
9.36627081e+02 1.62906493e+00
9.36691278e+02 1.56029010e+00
9.36755475e+02 1.50044920e+00
9.36819672e+02 1.44934328e+00
9.36883869e+02 1.40671342e+00
9.36948067e+02 1.37224850e+00
9.37012264e+02 1.34559346e+00
9.37076461e+02 1.32635663e+00
9.37145946e+02 1.31340732e+00
9.37225392e+02 1.30792241e+00
9.37230066e+02 1.30789203e+00
9.37295492e+02 1.31067471e+00
9.37370265e+02 1.32073764e+00
9.37445038e+02 1.33743134e+00
9.37519811e+02 1.36002534e+00
9.37631970e+02 1.40343969e+00
9.37744129e+02 1.45630518e+00
9.37856289e+02 1.51661774e+00
9.38005835e+02 1.60570530e+00
9.38230153e+02 1.75196428e+00
9.38464053e+02 1.91539117e+00
9.38702743e+02 2.09278119e+00
9.38941433e+02 2.28429714e+00
9.39100560e+02 2.42246766e+00
9.39259687e+02 2.57102726e+00
9.39418813e+02 2.73171809e+00
9.39577940e+02 2.90646078e+00
9.39770624e+02 3.14022993e+00
9.39899079e+02 3.31194349e+00
9.40027535e+02 3.49837802e+00
9.40155991e+02 3.70126030e+00
9.40284446e+02 3.92197214e+00
9.40412902e+02 4.16113261e+00
9.40605585e+02 4.55264305e+00
9.40825728e+02 5.03555945e+00
9.41100905e+02 5.64272455e+00
9.41266012e+02 5.97020515e+00
9.41376083e+02 6.15706858e+00
9.41486154e+02 6.30959355e+00
9.41569655e+02 6.39797933e+00
9.41653156e+02 6.45982161e+00
9.41757532e+02 6.49666094e+00
9.41778407e+02 6.49840302e+00
9.41876609e+02 6.48085521e+00
9.41961286e+02 6.43161999e+00
9.42045963e+02 6.35161281e+00
9.42158866e+02 6.20020782e+00
9.42271768e+02 6.00391667e+00
9.42384671e+02 5.77196173e+00
9.42554024e+02 5.38246390e+00
9.42763282e+02 4.89209094e+00
9.42882991e+02 4.63807484e+00
9.42962798e+02 4.48909262e+00
9.43042604e+02 4.36097530e+00
9.43122411e+02 4.25701389e+00
9.43202217e+02 4.17983067e+00
9.43282023e+02 4.13129969e+00
9.43361830e+02 4.11249051e+00
9.43442675e+02 4.12397566e+00
9.43523520e+02 4.16555296e+00
9.43604366e+02 4.23570533e+00
9.43685211e+02 4.33208838e+00
9.43766056e+02 4.45160256e+00
9.43846901e+02 4.59048915e+00
9.43954695e+02 4.79831153e+00
9.44224179e+02 5.35967970e+00
9.44373769e+02 5.64555126e+00
9.44485962e+02 5.82586367e+00
9.44598155e+02 5.96665958e+00
9.44710347e+02 6.06156898e+00
9.44822540e+02 6.10726991e+00
9.44872804e+02 6.11162799e+00
9.44956578e+02 6.09735188e+00
9.45057108e+02 6.04681709e+00
9.45157637e+02 5.96398575e+00
9.45291675e+02 5.81334527e+00
9.45492733e+02 5.53488001e+00
9.45693791e+02 5.24597955e+00
9.45827830e+02 5.07431729e+00
9.45938015e+02 4.95614697e+00
9.46067513e+02 4.85025457e+00
9.46197012e+02 4.78323318e+00
9.46309072e+02 4.75630919e+00
9.46377967e+02 4.75299326e+00
9.46515757e+02 4.77211506e+00
9.46722441e+02 4.84513009e+00
9.46998020e+02 4.95922031e+00
9.47135810e+02 4.99561201e+00
9.47239152e+02 5.00554651e+00
9.47386923e+02 4.98773538e+00
9.47520211e+02 4.93616261e+00
9.47653500e+02 4.85069528e+00
9.47786788e+02 4.73394903e+00
9.47875646e+02 4.64105487e+00
9.48053364e+02 4.42745250e+00
9.48586517e+02 3.71287325e+00
9.48764234e+02 3.49772172e+00
9.48888296e+02 3.36357100e+00
9.49012358e+02 3.24490222e+00
9.49136421e+02 3.14322816e+00
9.49260483e+02 3.05983159e+00
9.49384545e+02 2.99591650e+00
9.49508607e+02 2.95268389e+00
9.49632669e+02 2.93131383e+00
9.49694700e+02 2.92916419e+00
9.49804813e+02 2.93977802e+00
9.49900977e+02 2.96436778e+00
9.49997140e+02 3.00323299e+00
9.50093304e+02 3.05604476e+00
9.50189467e+02 3.12210212e+00
9.50333712e+02 3.24345727e+00
9.50477957e+02 3.38636400e+00
9.50897406e+02 3.84493487e+00
9.51021194e+02 3.96600208e+00
9.51144983e+02 4.06864147e+00
9.51268772e+02 4.14717255e+00
9.51392561e+02 4.19712062e+00
9.51516350e+02 4.21550625e+00
9.51643435e+02 4.20016659e+00
9.51770521e+02 4.15055865e+00
9.51897606e+02 4.06876680e+00
9.52024691e+02 3.95828345e+00
9.52151776e+02 3.82362485e+00
9.52278861e+02 3.66990509e+00
9.52448309e+02 3.44442767e+00
9.52921220e+02 2.77980836e+00
9.53118396e+02 2.51867987e+00
9.53266279e+02 2.33643776e+00
9.53414161e+02 2.16800399e+00
9.53562043e+02 2.01478199e+00
9.53660632e+02 1.92169018e+00
9.53775191e+02 1.82318303e+00
9.53889750e+02 1.73567687e+00
9.54004309e+02 1.65990076e+00
9.54118869e+02 1.59668654e+00
9.54204788e+02 1.55807641e+00
9.54290708e+02 1.52747895e+00
9.54376627e+02 1.50533912e+00
9.54462547e+02 1.49211495e+00
9.54541306e+02 1.48822021e+00
9.54627095e+02 1.49335898e+00
9.54696773e+02 1.50502988e+00
9.54766451e+02 1.52366724e+00
9.54836129e+02 1.54948605e+00
9.54905807e+02 1.58268464e+00
9.54975485e+02 1.62344083e+00
9.55045163e+02 1.67190774e+00
9.55114841e+02 1.72820896e+00
9.55207745e+02 1.81561196e+00
9.55300648e+02 1.91719213e+00
9.55385971e+02 2.02292283e+00
9.55463711e+02 2.12947265e+00
9.55541451e+02 2.24550375e+00
9.55658062e+02 2.43646927e+00
9.55774673e+02 2.64602950e+00
9.55891283e+02 2.87152911e+00
9.56085494e+02 3.27252704e+00
9.56357257e+02 3.84865077e+00
9.56512551e+02 4.15957580e+00
9.56631291e+02 4.37603366e+00
9.56754573e+02 4.57329597e+00
9.56877855e+02 4.73600560e+00
9.57001136e+02 4.85890812e+00
9.57083324e+02 4.91695961e+00
9.57165512e+02 4.95527810e+00
9.57285412e+02 4.97583962e+00
9.57398551e+02 4.95823562e+00
9.57511690e+02 4.90776050e+00
9.57624828e+02 4.82883324e+00
9.57775680e+02 4.68905412e+00
9.58228235e+02 4.18321989e+00
9.58379086e+02 4.03959546e+00
9.58504126e+02 3.94815884e+00
9.58603354e+02 3.89872145e+00
9.58702582e+02 3.87353026e+00
9.58752196e+02 3.87106865e+00
9.58851424e+02 3.88843417e+00
9.58932727e+02 3.92663408e+00
9.59014030e+02 3.98825188e+00
9.59095333e+02 4.07493811e+00
9.59176636e+02 4.18826902e+00
9.59257939e+02 4.32970637e+00
9.59339241e+02 4.50053998e+00
9.59420544e+02 4.70181719e+00
9.59501847e+02 4.93425930e+00
9.59568466e+02 5.14817925e+00
9.59668394e+02 5.50843760e+00
9.59768322e+02 5.91457015e+00
9.59868250e+02 6.36357166e+00
9.59968178e+02 6.85068611e+00
9.60100210e+02 7.54128106e+00
9.60427279e+02 9.34706218e+00
9.60558107e+02 1.00362130e+01
9.60684863e+02 1.06432965e+01
9.60769367e+02 1.10014680e+01
9.60853871e+02 1.13138849e+01
9.60938375e+02 1.15741618e+01
9.61022879e+02 1.17769631e+01
9.61107383e+02 1.19181782e+01
9.61191887e+02 1.19950499e+01
9.61234139e+02 1.20088851e+01
9.61338765e+02 1.19724028e+01
9.61443392e+02 1.18370463e+01
9.61548019e+02 1.16078613e+01
9.61652645e+02 1.12926835e+01
9.61757272e+02 1.09016372e+01
9.61861898e+02 1.04465499e+01
9.62001400e+02 9.76253856e+00
9.62140902e+02 9.01930929e+00
9.62466250e+02 7.22359116e+00
9.62582345e+02 6.60854381e+00
9.62698440e+02 6.02552732e+00
9.62814534e+02 5.48268152e+00
9.62906608e+02 5.08465319e+00
9.62998682e+02 4.71754781e+00
9.63090756e+02 4.38254213e+00
9.63182830e+02 4.08013059e+00
9.63274904e+02 3.81022080e+00
9.63351703e+02 3.60954092e+00
9.63420865e+02 3.44737471e+00
9.63490027e+02 3.30226625e+00
9.63559189e+02 3.17362072e+00
9.63628351e+02 3.06077922e+00
9.63697513e+02 2.96303297e+00
9.63766675e+02 2.87963766e+00
9.63835837e+02 2.80982292e+00
9.63904999e+02 2.75280095e+00
9.63997215e+02 2.69528884e+00
9.64081109e+02 2.65987493e+00
9.64161753e+02 2.63961930e+00
9.64258185e+02 2.63129963e+00
9.64376047e+02 2.64155599e+00
9.64504624e+02 2.67383645e+00
9.64633200e+02 2.72297203e+00
9.64804636e+02 2.80578231e+00
9.65233225e+02 3.03346267e+00
9.65490378e+02 3.14877629e+00
9.65733023e+02 3.23622086e+00
9.66218313e+02 3.39526619e+00
9.66400297e+02 3.47053599e+00
9.66582281e+02 3.56352798e+00
9.66764265e+02 3.67834175e+00
9.66946249e+02 3.81850433e+00
9.67128232e+02 3.98790703e+00
9.67310216e+02 4.19134387e+00
9.67431539e+02 4.34851341e+00
9.67570918e+02 4.55247823e+00
9.67710297e+02 4.78262422e+00
9.67849675e+02 5.03852346e+00
9.68058743e+02 5.46359958e+00
9.68407190e+02 6.21611002e+00
9.68546569e+02 6.49619578e+00
9.68697544e+02 6.75920897e+00
9.68810774e+02 6.91696664e+00
9.68924005e+02 7.03217753e+00
9.69037236e+02 7.09847148e+00
9.69112723e+02 7.11317797e+00
9.69214495e+02 7.09401812e+00
9.69310539e+02 7.03447321e+00
9.69406582e+02 6.93550094e+00
9.69502625e+02 6.79919022e+00
9.69598668e+02 6.62878285e+00
9.69726726e+02 6.35597952e+00
9.69854783e+02 6.04232958e+00
9.70046870e+02 5.52531992e+00
9.70257048e+02 4.94531431e+00
9.70421289e+02 4.51663048e+00
9.70544470e+02 4.22351025e+00
9.70667651e+02 3.96204360e+00
9.70749771e+02 3.80753585e+00
9.70831892e+02 3.66983568e+00
9.70933105e+02 3.52381127e+00
9.71034317e+02 3.40394550e+00
9.71135529e+02 3.30957856e+00
9.71236742e+02 3.23945420e+00
9.71337955e+02 3.19182252e+00
9.71456865e+02 3.16167596e+00
9.71542038e+02 3.15512041e+00
9.71669798e+02 3.16489905e+00
9.71797557e+02 3.19309448e+00
9.71967904e+02 3.24913272e+00
9.72308596e+02 3.37358874e+00
9.72478942e+02 3.41798432e+00
9.72606702e+02 3.43578082e+00
9.72691875e+02 3.43881161e+00
9.72823575e+02 3.42842666e+00
9.72957246e+02 3.39881882e+00
9.73090917e+02 3.35088430e+00
9.73269144e+02 3.26242906e+00
9.73447372e+02 3.15354561e+00
9.73892941e+02 2.85962811e+00
9.74071169e+02 2.75861463e+00
9.74222306e+02 2.68786343e+00
9.74408376e+02 2.62170693e+00
9.74594446e+02 2.57779930e+00
9.74745825e+02 2.55610364e+00
9.74924537e+02 2.54292058e+00
9.75103249e+02 2.53931630e+00
9.75371318e+02 2.54656387e+00
9.75602995e+02 2.56672245e+00
9.75776752e+02 2.59663673e+00
9.75892966e+02 2.62788603e+00
9.76009554e+02 2.67163599e+00
9.76126143e+02 2.73097696e+00
9.76242732e+02 2.80910269e+00
9.76330173e+02 2.88181344e+00
9.76417615e+02 2.96781211e+00
9.76505056e+02 3.06790550e+00
9.76592498e+02 3.18257993e+00
9.76709087e+02 3.35826846e+00
9.76812420e+02 3.53496875e+00
9.76947536e+02 3.79267216e+00
9.77082653e+02 4.07438025e+00
9.77397925e+02 4.76738685e+00
9.77529566e+02 5.04134442e+00
9.77654257e+02 5.27477277e+00
9.77778947e+02 5.47180374e+00
9.77862074e+02 5.57819674e+00
9.77945200e+02 5.66188172e+00
9.78028327e+02 5.72107316e+00
9.78111454e+02 5.75455866e+00
9.78174673e+02 5.76242488e+00
9.78256963e+02 5.74985385e+00
9.78360908e+02 5.69792396e+00
9.78464854e+02 5.60798431e+00
9.78568799e+02 5.48368625e+00
9.78672745e+02 5.32978123e+00
9.78776690e+02 5.15183846e+00
9.78915284e+02 4.88771457e+00
9.79261769e+02 4.18261788e+00
9.79384957e+02 3.94466510e+00
9.79508146e+02 3.72447485e+00
9.79631335e+02 3.52653226e+00
9.79754524e+02 3.35369550e+00
9.79846915e+02 3.24145535e+00
9.79939307e+02 3.14434752e+00
9.80031699e+02 3.06227014e+00
9.80124090e+02 2.99491979e+00
9.80216482e+02 2.94186256e+00
9.80314571e+02 2.90061227e+00
9.80415509e+02 2.87372372e+00
9.80533251e+02 2.86140947e+00
9.80550055e+02 2.86126903e+00
9.80650882e+02 2.86863004e+00
9.80751709e+02 2.88962510e+00
9.80852536e+02 2.92366073e+00
9.80986972e+02 2.98824845e+00
9.81121407e+02 3.07326306e+00
9.81255843e+02 3.17674957e+00
9.81390279e+02 3.29638467e+00
9.81591933e+02 3.50017706e+00
9.81887369e+02 3.83231425e+00
9.82379763e+02 4.39875173e+00
9.82675199e+02 4.70843929e+00
9.82872157e+02 4.89299930e+00
9.83069115e+02 5.05636783e+00
9.83276721e+02 5.20235897e+00
9.83494975e+02 5.32282021e+00
9.83713230e+02 5.40469176e+00
9.83876920e+02 5.43756900e+00
9.83986048e+02 5.44458415e+00
9.84147749e+02 5.43135535e+00
9.84308456e+02 5.38847088e+00
9.84469162e+02 5.31449208e+00
9.84629869e+02 5.20898265e+00
9.84790575e+02 5.07297664e+00
9.84897713e+02 4.96669765e+00
9.85111988e+02 4.72291111e+00
9.85433401e+02 4.30936109e+00
9.85754814e+02 3.89482182e+00
9.85937343e+02 3.68040479e+00
9.86119871e+02 3.48872183e+00
9.86302400e+02 3.32079679e+00
9.86484929e+02 3.17390462e+00
9.86728300e+02 3.00174190e+00
9.87093358e+02 2.76834150e+00
9.87458415e+02 2.54712732e+00
9.87701787e+02 2.41321395e+00
9.87885698e+02 2.32708773e+00
9.88023631e+02 2.27455987e+00
9.88161565e+02 2.23451437e+00
9.88299498e+02 2.20840531e+00
9.88437432e+02 2.19719117e+00
9.88479121e+02 2.19681884e+00
9.88604189e+02 2.20420440e+00
9.88729258e+02 2.22435067e+00
9.88854326e+02 2.25715136e+00
9.88979394e+02 2.30241056e+00
9.89104462e+02 2.35986550e+00
9.89229531e+02 2.42916124e+00
9.89354599e+02 2.50977441e+00
9.89521357e+02 2.63340797e+00
9.89688114e+02 2.77253461e+00
9.90190466e+02 3.22560807e+00
9.90330124e+02 3.33912744e+00
9.90469781e+02 3.43755573e+00
9.90609439e+02 3.51691725e+00
9.90749096e+02 3.57497670e+00
9.90888754e+02 3.61172232e+00
9.91741144e+02 3.64679044e+00
9.91908926e+02 3.69294937e+00
9.92076707e+02 3.76713085e+00
9.92188562e+02 3.83008721e+00
9.92635979e+02 4.11339113e+00
9.92750284e+02 4.16842089e+00
9.92864589e+02 4.20521614e+00
9.92978894e+02 4.21873799e+00
9.93093199e+02 4.20485661e+00
9.93191653e+02 4.16863460e+00
9.93290106e+02 4.10876723e+00
9.93388560e+02 4.02494353e+00
9.93487014e+02 3.91764368e+00
9.93585467e+02 3.78810761e+00
9.93683921e+02 3.63827106e+00
9.93782375e+02 3.47067419e+00
9.93880828e+02 3.28834966e+00
9.94008847e+02 3.03487483e+00
9.94360896e+02 2.30515765e+00
9.94486754e+02 2.05566787e+00
9.94580607e+02 1.88023386e+00
9.94674460e+02 1.71649702e+00
9.94744850e+02 1.60260077e+00
9.94813901e+02 1.49908729e+00
9.94882284e+02 1.40519327e+00
9.94950666e+02 1.32037388e+00
9.95019049e+02 1.24504610e+00
9.95087431e+02 1.17955301e+00
9.95153738e+02 1.12569992e+00
9.95215892e+02 1.08402672e+00
9.95278047e+02 1.05100672e+00
9.95340201e+02 1.02673727e+00
9.95402356e+02 1.01129161e+00
9.95464511e+02 1.00472392e+00
9.95478134e+02 1.00447475e+00
9.95519004e+02 1.00630131e+00
9.95573497e+02 1.01475355e+00
9.95627990e+02 1.03009622e+00
9.95682483e+02 1.05234168e+00
9.95736976e+02 1.08150018e+00
9.95791469e+02 1.11757995e+00
9.95845963e+02 1.16058747e+00
9.95900456e+02 1.21052628e+00
9.95948068e+02 1.25983300e+00
9.95995680e+02 1.31442739e+00
9.96067099e+02 1.40621374e+00
9.96138517e+02 1.50982218e+00
9.96209935e+02 1.62515362e+00
9.96281353e+02 1.75204820e+00
9.96343123e+02 1.87094489e+00
9.96404893e+02 1.99810370e+00
9.96487253e+02 2.18001452e+00
9.96569612e+02 2.37525506e+00
9.96670267e+02 2.63029239e+00
9.96789218e+02 2.95143624e+00
9.96967643e+02 3.46071613e+00
9.97200413e+02 4.13510888e+00
9.97352173e+02 4.54966549e+00
9.97465992e+02 4.83186095e+00
9.97579811e+02 5.07932931e+00
9.97655691e+02 5.22090483e+00
9.97737738e+02 5.35005654e+00
9.97825951e+02 5.45876901e+00
9.97914165e+02 5.53436046e+00
9.98002379e+02 5.57579818e+00
9.98062011e+02 5.58440090e+00
9.98139636e+02 5.57261198e+00
9.98232786e+02 5.52570601e+00
9.98325936e+02 5.44606514e+00
9.98419086e+02 5.33802284e+00
9.98543287e+02 5.15926203e+00
9.98915887e+02 4.53815894e+00
9.99040087e+02 4.36093714e+00
9.99135678e+02 4.25269245e+00
9.99207371e+02 4.19185390e+00
9.99279064e+02 4.15098038e+00
9.99350757e+02 4.13191370e+00
9.99374655e+02 4.13065959e+00
9.99456695e+02 4.14651266e+00
9.99525185e+02 4.18419312e+00
9.99593675e+02 4.24433344e+00
9.99662165e+02 4.32669154e+00
9.99730655e+02 4.43060353e+00
9.99799145e+02 4.55499204e+00
9.99901879e+02 4.77663749e+00
1.00000811e+03 5.04373676e+00
1.00012134e+03 5.36070452e+00
1.00042329e+03 6.26770622e+00
1.00057427e+03 6.68933273e+00
1.00067511e+03 6.93559865e+00
1.00077596e+03 7.14286085e+00
1.00087680e+03 7.30338621e+00
1.00097765e+03 7.41104824e+00
1.00107849e+03 7.46155932e+00
1.00111211e+03 7.46523808e+00
1.00121395e+03 7.43571534e+00
1.00131579e+03 7.34562365e+00
1.00141764e+03 7.19737416e+00
1.00151948e+03 6.99522002e+00
1.00162132e+03 6.74499575e+00
1.00172316e+03 6.45381400e+00
1.00185895e+03 6.01585600e+00
1.00199474e+03 5.53997727e+00
1.00230113e+03 4.43452580e+00
1.00240384e+03 4.08317674e+00
1.00250655e+03 3.75327792e+00
1.00258358e+03 3.52343129e+00
1.00267250e+03 3.27986190e+00
1.00273575e+03 3.12223511e+00
1.00279899e+03 2.97852375e+00
1.00286224e+03 2.84941514e+00
1.00292549e+03 2.73547100e+00
1.00298873e+03 2.63714838e+00
1.00305198e+03 2.55479294e+00
1.00311523e+03 2.48865909e+00
1.00316677e+03 2.44687722e+00
1.00321830e+03 2.41602282e+00
1.00326984e+03 2.39610754e+00
1.00333704e+03 2.38653631e+00
1.00338404e+03 2.39081382e+00
1.00344670e+03 2.41043742e+00
1.00350937e+03 2.44577678e+00
1.00357203e+03 2.49656631e+00
1.00363469e+03 2.56248363e+00
1.00369736e+03 2.64314494e+00
1.00376002e+03 2.73811020e+00
1.00382268e+03 2.84687741e+00
1.00390796e+03 3.01603866e+00
1.00399323e+03 3.20808010e+00
1.00407851e+03 3.42114559e+00
1.00416378e+03 3.65312113e+00
1.00427748e+03 3.98772040e+00
1.00442348e+03 4.45026184e+00
1.00486146e+03 5.90807137e+00
1.00498166e+03 6.28330146e+00
1.00510186e+03 6.63062035e+00
1.00522206e+03 6.94259556e+00
1.00534226e+03 7.21361811e+00
1.00546247e+03 7.44032937e+00
1.00558267e+03 7.62189352e+00
1.00570287e+03 7.76007041e+00
1.00582307e+03 7.85906115e+00
1.00596159e+03 7.93277541e+00
1.00619246e+03 7.99143599e+00
1.00656186e+03 8.04347453e+00
1.00681757e+03 8.11548923e+00
1.00720114e+03 8.24910072e+00
1.00732900e+03 8.26773705e+00
1.00745686e+03 8.25509879e+00
1.00758471e+03 8.20041896e+00
1.00769368e+03 8.11380613e+00
1.00780265e+03 7.98604538e+00
1.00791162e+03 7.81491410e+00
1.00802059e+03 7.60022749e+00
1.00812956e+03 7.34394333e+00
1.00823852e+03 7.05015449e+00
1.00840198e+03 6.55293547e+00
1.00878500e+03 5.28031100e+00
1.00891641e+03 4.87122477e+00
1.00901667e+03 4.58856636e+00
1.00908577e+03 4.41313951e+00
1.00915487e+03 4.25621566e+00
1.00922397e+03 4.11987105e+00
1.00929308e+03 4.00591640e+00
1.00936218e+03 3.91587207e+00
1.00943128e+03 3.85093092e+00
1.00950038e+03 3.81194222e+00
1.00957135e+03 3.79942096e+00
1.00963778e+03 3.81307043e+00
1.00970421e+03 3.85100145e+00
1.00977064e+03 3.91263234e+00
1.00983706e+03 3.99705137e+00
1.00990349e+03 4.10302375e+00
1.00996992e+03 4.22900337e+00
1.01006956e+03 4.45138508e+00
1.01016509e+03 4.69613328e+00
1.01028972e+03 5.04924408e+00
1.01060131e+03 5.98159230e+00
1.01072479e+03 6.31999803e+00
1.01084828e+03 6.61401215e+00
1.01093060e+03 6.77810964e+00
1.01101292e+03 6.91263323e+00
1.01109525e+03 7.01504931e+00
1.01117757e+03 7.08374984e+00
1.01127594e+03 7.12080977e+00
1.01130000e+03 7.12246335e+00
1.01138823e+03 7.10432262e+00
1.01148448e+03 7.04342581e+00
1.01158074e+03 6.94410864e+00
1.01170907e+03 6.76260256e+00
1.01190157e+03 6.42239505e+00
1.01209408e+03 6.06371637e+00
1.01222241e+03 5.85084528e+00
1.01233303e+03 5.70299341e+00
1.01242593e+03 5.61353487e+00
1.01251882e+03 5.56223156e+00
1.01258269e+03 5.55172595e+00
1.01265817e+03 5.56737457e+00
1.01273460e+03 5.61575615e+00
1.01281104e+03 5.69793791e+00
1.01288748e+03 5.81434419e+00
1.01296392e+03 5.96474052e+00
1.01304035e+03 6.14822648e+00
1.01311679e+03 6.36323801e+00
1.01319323e+03 6.60755945e+00
1.01330567e+03 7.01411758e+00
1.01341370e+03 7.44798491e+00
1.01355773e+03 8.07086422e+00
1.01384580e+03 9.33882050e+00
1.01397637e+03 9.85902013e+00
1.01410694e+03 1.03066888e+01
1.01419399e+03 1.05527122e+01
1.01428104e+03 1.07495443e+01
1.01436809e+03 1.08921954e+01
1.01445514e+03 1.09769546e+01
1.01454218e+03 1.10015209e+01
1.01462498e+03 1.09682816e+01
1.01470778e+03 1.08804439e+01
1.01479057e+03 1.07398571e+01
1.01487337e+03 1.05495704e+01
1.01498376e+03 1.02259188e+01
1.01509416e+03 9.83410035e+00
1.01520456e+03 9.38936528e+00
1.01542535e+03 8.41083133e+00
1.01556659e+03 7.77779200e+00
1.01570783e+03 7.18433978e+00
1.01581376e+03 6.78605582e+00
1.01588438e+03 6.54994575e+00
1.01595500e+03 6.34113952e+00
1.01603366e+03 6.14397708e+00
1.01609869e+03 6.01122809e+00
1.01616372e+03 5.90721450e+00
1.01622876e+03 5.83276421e+00
1.01629379e+03 5.78828930e+00
1.01635870e+03 5.77377072e+00
1.01642337e+03 5.78854261e+00
1.01648803e+03 5.83164005e+00
1.01655270e+03 5.90180273e+00
1.01663892e+03 6.03455755e+00
1.01672514e+03 6.20756341e+00
1.01681137e+03 6.41488936e+00
1.01694070e+03 6.77517278e+00
1.01729223e+03 7.85838494e+00
1.01739835e+03 8.15633548e+00
1.01750447e+03 8.41722006e+00
1.01761059e+03 8.63081885e+00
1.01771671e+03 8.78970308e+00
1.01782284e+03 8.88958577e+00
1.01791197e+03 8.92706419e+00
1.01794804e+03 8.93040163e+00
1.01805624e+03 8.90151542e+00
1.01816445e+03 8.81933892e+00
1.01830872e+03 8.64191436e+00
1.01845300e+03 8.41000795e+00
1.01881369e+03 7.76530010e+00
1.01895796e+03 7.53962623e+00
1.01910641e+03 7.34813247e+00
1.01925903e+03 7.19791805e+00
1.01941119e+03 7.09062924e+00
1.01963874e+03 6.98412866e+00
1.01994214e+03 6.86430994e+00
1.02015432e+03 6.74408889e+00
1.02031347e+03 6.61939828e+00
1.02047261e+03 6.46340468e+00
1.02068480e+03 6.21431734e+00
1.02121527e+03 5.51562909e+00
1.02142746e+03 5.25945909e+00
1.02163965e+03 5.03230247e+00
1.02186072e+03 4.82282916e+00
1.02252392e+03 4.23910083e+00
1.02285552e+03 3.94712168e+00
1.02302132e+03 3.82484224e+00
1.02313186e+03 3.76201866e+00
1.02324239e+03 3.71976401e+00
1.02335293e+03 3.70263071e+00
1.02344746e+03 3.71088220e+00
1.02354014e+03 3.74141648e+00
1.02362028e+03 3.78663119e+00
1.02370041e+03 3.84962728e+00
1.02380726e+03 3.96097314e+00
1.02391410e+03 4.10201395e+00
1.02402095e+03 4.26968082e+00
1.02412780e+03 4.45952651e+00
1.02428807e+03 4.77325168e+00
1.02456962e+03 5.34315925e+00
1.02468369e+03 5.55502258e+00
1.02479776e+03 5.74273200e+00
1.02491182e+03 5.89860662e+00
1.02502589e+03 6.01631971e+00
1.02513996e+03 6.09119423e+00
1.02525402e+03 6.12037320e+00
1.02536167e+03 6.10510574e+00
1.02546932e+03 6.04896146e+00
1.02557697e+03 5.95399203e+00
1.02568461e+03 5.82344266e+00
1.02579226e+03 5.66153538e+00
1.02589991e+03 5.47323912e+00
1.02604344e+03 5.19060998e+00
1.02625873e+03 4.72652432e+00
1.02654599e+03 4.09984313e+00
1.02668972e+03 3.80768146e+00
1.02683344e+03 3.54060737e+00
1.02692926e+03 3.37912146e+00
1.02702508e+03 3.23200867e+00
1.02712089e+03 3.09969377e+00
1.02722027e+03 2.97805764e+00
1.02732322e+03 2.86828963e+00
1.02742616e+03 2.77404834e+00
1.02752910e+03 2.69397210e+00
1.02763205e+03 2.62644581e+00
1.02778646e+03 2.54486593e+00
1.02794088e+03 2.48183389e+00
1.02809530e+03 2.43251934e+00
1.02830119e+03 2.38305993e+00
1.02845560e+03 2.35760307e+00
1.02861002e+03 2.34445928e+00
1.02866149e+03 2.34349922e+00
1.02881591e+03 2.35350305e+00
1.02894624e+03 2.38001022e+00
1.02904397e+03 2.41263447e+00
1.02914171e+03 2.45722720e+00
1.02923944e+03 2.51428880e+00
1.02933717e+03 2.58379230e+00
1.02943491e+03 2.66510653e+00
1.02958151e+03 2.80623271e+00
1.02972811e+03 2.96384816e+00
1.03000302e+03 3.26800627e+00
1.03016797e+03 3.42871019e+00
1.03027793e+03 3.51638311e+00
1.03038789e+03 3.58374439e+00
1.03049786e+03 3.62796803e+00
1.03060782e+03 3.64761749e+00
1.03064114e+03 3.64869549e+00
1.03074110e+03 3.63878232e+00
1.03084106e+03 3.61053389e+00
1.03094101e+03 3.56657980e+00
1.03107429e+03 3.48975217e+00
1.03140748e+03 3.27325904e+00
1.03154075e+03 3.20678471e+00
1.03164071e+03 3.17393560e+00
1.03175420e+03 3.15863603e+00
1.03176311e+03 3.15851416e+00
1.03184678e+03 3.16539255e+00
1.03193747e+03 3.18944383e+00
1.03202815e+03 3.23048464e+00
1.03211884e+03 3.28743765e+00
1.03223975e+03 3.38484555e+00
1.03242113e+03 3.56367376e+00
1.03266295e+03 3.81928117e+00
1.03278387e+03 3.93389318e+00
1.03288932e+03 4.01750493e+00
1.03299477e+03 4.08078371e+00
1.03310022e+03 4.11990919e+00
1.03320567e+03 4.13226995e+00
1.03330844e+03 4.11732181e+00
1.03341122e+03 4.07575227e+00
1.03351399e+03 4.00876255e+00
1.03361677e+03 3.91860606e+00
1.03371954e+03 3.80841404e+00
1.03382232e+03 3.68198794e+00
1.03395935e+03 3.49550752e+00
1.03430193e+03 3.00306568e+00
1.03446714e+03 2.78321140e+00
1.03457727e+03 2.65068854e+00
1.03468741e+03 2.53139399e+00
1.03479754e+03 2.42594103e+00
1.03490768e+03 2.33405913e+00
1.03501781e+03 2.25473651e+00
1.03512795e+03 2.18638489e+00
1.03528062e+03 2.10604124e+00
1.03547583e+03 2.01913162e+00
1.03586624e+03 1.85586116e+00
1.03606145e+03 1.76331199e+00
1.03625666e+03 1.65856789e+00
1.03645187e+03 1.54238800e+00
1.03692059e+03 1.24561042e+00
1.03705252e+03 1.16874452e+00
1.03714048e+03 1.12214545e+00
1.03722843e+03 1.08049094e+00
1.03731639e+03 1.04487910e+00
1.03740434e+03 1.01643310e+00
1.03748603e+03 9.97427756e-01
1.03756146e+03 9.87034028e-01
1.03762746e+03 9.84155558e-01
1.03769345e+03 9.87578109e-01
1.03775002e+03 9.95882645e-01
1.03781425e+03 1.01170781e+00
1.03787847e+03 1.03473101e+00
1.03794270e+03 1.06535077e+00
1.03800692e+03 1.10394795e+00
1.03807115e+03 1.15088201e+00
1.03813538e+03 1.20648672e+00
1.03819960e+03 1.27106516e+00
1.03826383e+03 1.34488407e+00
1.03833010e+03 1.43098215e+00
1.03839638e+03 1.52734612e+00
1.03846265e+03 1.63410246e+00
1.03852893e+03 1.75129499e+00
1.03859520e+03 1.87888483e+00
1.03866544e+03 2.02531330e+00
1.03873767e+03 2.18757747e+00
1.03880990e+03 2.36120609e+00
1.03890621e+03 2.60918144e+00
1.03900251e+03 2.87393834e+00
1.03910634e+03 3.17487575e+00
1.03931401e+03 3.80642588e+00
1.03950041e+03 4.37464285e+00
1.03962427e+03 4.73232624e+00
1.03974813e+03 5.05931910e+00
1.03983071e+03 5.25407544e+00
1.03991328e+03 5.42618476e+00
1.03999585e+03 5.57254052e+00
1.04007843e+03 5.69048954e+00
1.04017514e+03 5.78973578e+00
1.04027186e+03 5.84493766e+00
1.04033633e+03 5.85678590e+00
1.04041976e+03 5.84265496e+00
1.04050319e+03 5.79621103e+00
1.04058663e+03 5.71922095e+00
1.04067006e+03 5.61423015e+00
1.04078130e+03 5.43639906e+00
1.04089254e+03 5.22401067e+00
1.04105940e+03 4.86459395e+00
1.04126799e+03 4.40108576e+00
1.04139316e+03 4.14495772e+00
1.04147661e+03 3.99269498e+00
1.04156005e+03 3.85965109e+00
1.04164350e+03 3.74895713e+00
1.04172694e+03 3.66309127e+00
1.04181039e+03 3.60382393e+00
1.04189384e+03 3.57220272e+00
1.04194519e+03 3.56665181e+00
1.04201626e+03 3.57633121e+00
1.04208733e+03 3.60571441e+00
1.04215840e+03 3.65398033e+00
1.04220579e+03 3.69609658e+00
1.04230055e+03 3.80229938e+00
1.04239531e+03 3.93445911e+00
1.04249007e+03 4.08796908e+00
1.04263221e+03 4.34693737e+00
1.04291800e+03 4.90202102e+00
1.04303720e+03 5.11857168e+00
1.04315640e+03 5.31174668e+00
1.04327561e+03 5.47345273e+00
1.04339481e+03 5.59739194e+00
1.04351402e+03 5.67927852e+00
1.04363322e+03 5.71690717e+00
1.04367762e+03 5.71951393e+00
1.04376641e+03 5.70645227e+00
1.04389960e+03 5.64303757e+00
1.04403279e+03 5.53151008e+00
1.04416598e+03 5.37847258e+00
1.04429917e+03 5.19160375e+00
1.04443236e+03 4.97900712e+00
1.04460995e+03 4.66921757e+00
1.04505392e+03 3.86291459e+00
1.04521722e+03 3.58394715e+00
1.04538051e+03 3.32553640e+00
1.04554381e+03 3.09256678e+00
1.04565267e+03 2.95322506e+00
1.04576153e+03 2.82758928e+00
1.04587040e+03 2.71615920e+00
1.04596782e+03 2.62866871e+00
1.04609680e+03 2.53051423e+00
1.04622577e+03 2.45186810e+00
1.04635475e+03 2.39148741e+00
1.04648373e+03 2.34759025e+00
1.04661270e+03 2.31796595e+00
1.04673606e+03 2.30070433e+00
1.04692110e+03 2.29019941e+00
1.04698278e+03 2.28975725e+00
1.04722950e+03 2.29765690e+00
1.04759958e+03 2.32724675e+00
1.04780987e+03 2.35514165e+00
1.04799521e+03 2.39184578e+00
1.04818055e+03 2.44492994e+00
1.04831955e+03 2.49785109e+00
1.04845856e+03 2.56290742e+00
1.04864390e+03 2.66783242e+00
1.04882924e+03 2.78967658e+00
1.04919992e+03 3.05141073e+00
1.04937214e+03 3.16204794e+00
1.04953123e+03 3.24740172e+00
1.04969033e+03 3.31069292e+00
1.04980965e+03 3.34124174e+00
1.04995504e+03 3.35742168e+00
1.04998110e+03 3.35784823e+00
1.05013749e+03 3.34497291e+00
1.05029387e+03 3.30729312e+00
1.05045026e+03 3.24829626e+00
1.05065878e+03 3.14463266e+00
1.05107580e+03 2.90250688e+00
1.05123219e+03 2.81938832e+00
1.05138858e+03 2.75172054e+00
1.05149284e+03 2.71926722e+00
1.05159709e+03 2.70005574e+00
1.05166518e+03 2.69601711e+00
1.05176731e+03 2.70465363e+00
1.05186945e+03 2.73347602e+00
1.05194972e+03 2.77217713e+00
1.05203000e+03 2.82648839e+00
1.05211028e+03 2.89769742e+00
1.05219056e+03 2.98697466e+00
1.05227084e+03 3.09532649e+00
1.05235111e+03 3.22354563e+00
1.05243139e+03 3.37216059e+00
1.05251167e+03 3.54138647e+00
1.05261310e+03 3.78441096e+00
1.05271453e+03 4.05886174e+00
1.05281596e+03 4.36241273e+00
1.05291739e+03 4.69156286e+00
1.05305263e+03 5.16199887e+00
1.05338498e+03 6.37943757e+00
1.05351791e+03 6.84428976e+00
1.05362467e+03 7.18860852e+00
1.05374554e+03 7.53424117e+00
1.05386641e+03 7.82093993e+00
1.05394699e+03 7.97411444e+00
1.05402757e+03 8.09406956e+00
1.05410815e+03 8.17907396e+00
1.05418872e+03 8.22808901e+00
1.05426456e+03 8.24105112e+00
1.05437118e+03 8.20560545e+00
1.05447780e+03 8.11004422e+00
1.05458443e+03 7.95908637e+00
1.05469105e+03 7.75914690e+00
1.05479767e+03 7.51794754e+00
1.05493984e+03 7.14708134e+00
1.05515308e+03 6.52834992e+00
1.05543189e+03 5.70441330e+00
1.05556302e+03 5.34062101e+00
1.05569415e+03 5.00247185e+00
1.05582528e+03 4.69352232e+00
1.05595641e+03 4.41451734e+00
1.05608754e+03 4.16394763e+00
1.05621867e+03 3.93873894e+00
1.05634980e+03 3.73494836e+00
1.05649038e+03 3.53553340e+00
1.05664042e+03 3.33930980e+00
1.05686548e+03 3.06780504e+00
1.05709053e+03 2.81652744e+00
1.05731559e+03 2.58442597e+00
1.05746563e+03 2.44257379e+00
1.05761567e+03 2.31375426e+00
1.05777320e+03 2.19564500e+00
1.05787823e+03 2.12838435e+00
1.05798326e+03 2.07154834e+00
1.05808828e+03 2.02617710e+00
1.05819331e+03 1.99325896e+00
1.05829833e+03 1.97370158e+00
1.05839023e+03 1.96817874e+00
1.05848256e+03 1.97399908e+00
1.05856263e+03 1.98855031e+00
1.05864270e+03 2.01210657e+00
1.05872277e+03 2.04476840e+00
1.05882954e+03 2.10253255e+00
1.05893630e+03 2.17644920e+00
1.05904306e+03 2.26625820e+00
1.05914982e+03 2.37157718e+00
1.05925658e+03 2.49196670e+00
1.05936024e+03 2.62288059e+00
1.05946080e+03 2.76279304e+00
1.05956136e+03 2.91527455e+00
1.05966192e+03 3.08034516e+00
1.05976248e+03 3.25819018e+00
1.05991332e+03 3.54968505e+00
1.06006416e+03 3.87216774e+00
1.06020037e+03 4.19098399e+00
1.06032927e+03 4.51678834e+00
1.06050113e+03 4.98494554e+00
1.06071596e+03 5.61089355e+00
1.06098897e+03 6.41863643e+00
1.06111370e+03 6.76534907e+00
1.06123842e+03 7.08062993e+00
1.06136314e+03 7.35136817e+00
1.06145668e+03 7.51768656e+00
1.06155022e+03 7.64734448e+00
1.06164377e+03 7.73655151e+00
1.06173731e+03 7.78253780e+00
1.06179967e+03 7.78835518e+00
1.06189109e+03 7.76061101e+00
1.06198252e+03 7.69035657e+00
1.06207394e+03 7.57942545e+00
1.06216537e+03 7.43083954e+00
1.06228727e+03 7.18136776e+00
1.06240917e+03 6.88447635e+00
1.06259202e+03 6.38136528e+00
1.06287390e+03 5.57488205e+00
1.06302246e+03 5.18271119e+00
1.06312149e+03 4.94584656e+00
1.06322053e+03 4.73251938e+00
1.06331957e+03 4.54443516e+00
1.06341860e+03 4.38191284e+00
1.06351763e+03 4.24398151e+00
1.06363560e+03 4.10882414e+00
1.06377251e+03 3.98513923e+00
1.06390256e+03 3.89200694e+00
1.06433060e+03 3.64196797e+00
1.06449275e+03 3.53309041e+00
1.06465490e+03 3.40549074e+00
1.06481704e+03 3.26019721e+00
1.06514134e+03 2.94644521e+00
1.06530348e+03 2.80229641e+00
1.06538456e+03 2.73975858e+00
1.06549923e+03 2.66687626e+00
1.06558523e+03 2.62691807e+00
1.06567124e+03 2.60176812e+00
1.06575724e+03 2.59319166e+00
1.06584324e+03 2.60270175e+00
1.06591028e+03 2.62345581e+00
1.06597733e+03 2.65639104e+00
1.06604437e+03 2.70182061e+00
1.06611141e+03 2.75992179e+00
1.06617845e+03 2.83073039e+00
1.06624549e+03 2.91413665e+00
1.06631254e+03 3.00988265e+00
1.06637958e+03 3.11756103e+00
1.06645614e+03 3.25440835e+00
1.06657099e+03 3.48509436e+00
1.06668583e+03 3.74209741e+00
1.06683896e+03 4.11562348e+00
1.06720183e+03 5.04650797e+00
1.06735914e+03 5.41964939e+00
1.06746401e+03 5.64194235e+00
1.06756888e+03 5.83586513e+00
1.06767376e+03 5.99587904e+00
1.06777863e+03 6.11722748e+00
1.06787918e+03 6.19375503e+00
1.06797541e+03 6.22825891e+00
1.06802353e+03 6.23089597e+00
1.06812910e+03 6.20221795e+00
1.06823467e+03 6.12669555e+00
1.06834024e+03 6.00614808e+00
1.06844580e+03 5.84374325e+00
1.06855137e+03 5.64388354e+00
1.06865694e+03 5.41205600e+00
1.06879770e+03 5.06431749e+00
1.06900883e+03 4.49434359e+00
1.06921040e+03 3.94432652e+00
1.06933201e+03 3.63061408e+00
1.06942323e+03 3.41131865e+00
1.06951444e+03 3.20940989e+00
1.06960565e+03 3.02756819e+00
1.06969793e+03 2.86611482e+00
1.06979075e+03 2.72801157e+00
1.06985262e+03 2.64986829e+00
1.06991450e+03 2.58293187e+00
1.06997638e+03 2.52710852e+00
1.07003825e+03 2.48216821e+00
1.07010013e+03 2.44775874e+00
1.07016448e+03 2.42263794e+00
1.07023129e+03 2.40736481e+00
1.07029810e+03 2.40225817e+00
1.07039832e+03 2.41151181e+00
1.07049854e+03 2.43778821e+00
1.07059876e+03 2.47712163e+00
1.07079920e+03 2.57847819e+00
1.07099963e+03 2.68361898e+00
1.07113326e+03 2.74211877e+00
1.07125755e+03 2.78180168e+00
1.07137249e+03 2.80298080e+00
1.07146813e+03 2.80827470e+00
1.07158262e+03 2.79983784e+00
1.07169711e+03 2.77633440e+00
1.07181160e+03 2.73990102e+00
1.07196425e+03 2.67660790e+00
1.07226955e+03 2.53537643e+00
1.07242220e+03 2.47837117e+00
1.07253669e+03 2.44981643e+00
1.07265853e+03 2.43725843e+00
1.07267049e+03 2.43714994e+00
1.07276888e+03 2.44456621e+00
1.07286880e+03 2.46811008e+00
1.07296871e+03 2.50860558e+00
1.07306863e+03 2.56635521e+00
1.07316855e+03 2.64114653e+00
1.07326847e+03 2.73228311e+00
1.07336839e+03 2.83862955e+00
1.07346830e+03 2.95867776e+00
1.07356822e+03 3.09062945e+00
1.07369422e+03 3.27090271e+00
1.07388323e+03 3.56179820e+00
1.07473222e+03 4.94339151e+00
1.07496618e+03 5.35112461e+00
1.07512216e+03 5.64640833e+00
1.07527813e+03 5.96685834e+00
1.07543411e+03 6.31523330e+00
1.07566807e+03 6.88766299e+00
1.07621420e+03 8.33144382e+00
1.07640928e+03 8.81413420e+00
1.07660436e+03 9.24059534e+00
1.07675067e+03 9.50997515e+00
1.07689698e+03 9.72627237e+00
1.07704328e+03 9.88110886e+00
1.07718959e+03 9.96644191e+00
1.07728713e+03 9.98095481e+00
1.07738467e+03 9.95916529e+00
1.07750994e+03 9.87514093e+00
1.07763522e+03 9.72562835e+00
1.07776049e+03 9.50940082e+00
1.07788576e+03 9.22717578e+00
1.07801104e+03 8.88193180e+00
1.07813631e+03 8.47909549e+00
1.07826159e+03 8.02648103e+00
1.07838686e+03 7.53405324e+00
1.07857930e+03 6.72709942e+00
1.07886795e+03 5.49311969e+00
1.07901652e+03 4.88953569e+00
1.07913301e+03 4.44633136e+00
1.07922039e+03 4.13551788e+00
1.07930776e+03 3.84547373e+00
1.07939949e+03 3.56489496e+00
1.07946645e+03 3.37616394e+00
1.07953342e+03 3.20128159e+00
1.07960038e+03 3.04030531e+00
1.07966735e+03 2.89315729e+00
1.07973431e+03 2.75963896e+00
1.07980128e+03 2.63944920e+00
1.07986824e+03 2.53220304e+00
1.07993621e+03 2.43612845e+00
1.08000517e+03 2.35125827e+00
1.08007414e+03 2.27852093e+00
1.08014310e+03 2.21731781e+00
1.08021206e+03 2.16704707e+00
1.08028103e+03 2.12711322e+00
1.08034999e+03 2.09694178e+00
1.08041895e+03 2.07598220e+00
1.08051698e+03 2.06103332e+00
1.08055670e+03 2.05966168e+00
1.08064407e+03 2.06559369e+00
1.08073939e+03 2.08531476e+00
1.08083471e+03 2.11794106e+00
1.08093003e+03 2.16264373e+00
1.08102535e+03 2.21870156e+00
1.08108890e+03 2.26206992e+00
1.08121599e+03 2.36247807e+00
1.08134308e+03 2.48022143e+00
1.08147018e+03 2.61444670e+00
1.08158839e+03 2.75354991e+00
1.08170659e+03 2.90608954e+00
1.08182480e+03 3.07195108e+00
1.08194301e+03 3.25117286e+00
1.08206121e+03 3.44391638e+00
1.08223853e+03 3.75882928e+00
1.08241584e+03 4.10502428e+00
1.08255420e+03 4.39647415e+00
1.08276174e+03 4.86550476e+00
1.08303846e+03 5.53393737e+00
1.08331518e+03 6.21005011e+00
1.08352272e+03 6.68126405e+00
1.08366106e+03 6.95833995e+00
1.08379941e+03 7.19230011e+00
1.08393776e+03 7.37182532e+00
1.08402999e+03 7.45614345e+00
1.08412222e+03 7.50909360e+00
1.08421445e+03 7.52858447e+00
1.08433444e+03 7.50147468e+00
1.08444524e+03 7.42255443e+00
1.08455605e+03 7.29225665e+00
1.08466686e+03 7.11259192e+00
1.08477766e+03 6.88718029e+00
1.08488847e+03 6.62112191e+00
1.08499928e+03 6.32080735e+00
1.08514702e+03 5.87995735e+00
1.08557061e+03 4.52428564e+00
1.08569871e+03 4.13401092e+00
1.08582682e+03 3.76971674e+00
1.08592290e+03 3.51728087e+00
1.08600077e+03 3.32707175e+00
1.08609247e+03 3.12035406e+00
1.08618418e+03 2.93249418e+00
1.08627588e+03 2.76317768e+00
1.08636758e+03 2.61161184e+00
1.08645928e+03 2.47663489e+00
1.08655098e+03 2.35681221e+00
1.08664268e+03 2.25054512e+00
1.08673528e+03 2.15529450e+00
1.08682878e+03 2.06970891e+00
1.08696904e+03 1.95782448e+00
1.08710929e+03 1.86173134e+00
1.08724955e+03 1.77812443e+00
1.08738980e+03 1.70509535e+00
1.08753006e+03 1.64204553e+00
1.08767031e+03 1.58943867e+00
1.08781057e+03 1.54844809e+00
1.08790407e+03 1.52830522e+00
1.08799757e+03 1.51441739e+00
1.08811445e+03 1.50640120e+00
1.08813783e+03 1.50608541e+00
1.08822571e+03 1.50880488e+00
1.08834908e+03 1.52303222e+00
1.08847245e+03 1.54905225e+00
1.08859583e+03 1.58593513e+00
1.08867808e+03 1.61584711e+00
1.08884257e+03 1.68585490e+00
1.08925382e+03 1.88571271e+00
1.08941832e+03 1.95862363e+00
1.08955644e+03 2.01002533e+00
1.08966819e+03 2.04305325e+00
1.08977994e+03 2.06733408e+00
1.08989169e+03 2.08231333e+00
1.09003057e+03 2.08788051e+00
1.09011359e+03 2.08461270e+00
1.09027962e+03 2.06509380e+00
1.09044565e+03 2.03233351e+00
1.09077771e+03 1.95424443e+00
1.09094374e+03 1.92522782e+00
1.09106826e+03 1.91486882e+00
1.09110976e+03 1.91426657e+00
1.09123429e+03 1.92261845e+00
1.09132146e+03 1.93861858e+00
1.09141279e+03 1.96529977e+00
1.09150411e+03 2.00274996e+00
1.09159544e+03 2.05133443e+00
1.09168677e+03 2.11112722e+00
1.09177810e+03 2.18188647e+00
1.09186943e+03 2.26304679e+00
1.09200642e+03 2.40224804e+00
1.09215528e+03 2.57258670e+00
1.09260186e+03 3.12292263e+00
1.09275072e+03 3.28820002e+00
1.09286464e+03 3.39889122e+00
1.09299326e+03 3.50310454e+00
1.09312188e+03 3.58238075e+00
1.09325050e+03 3.63533430e+00
1.09338686e+03 3.66328843e+00
1.09345892e+03 3.66721455e+00
1.09360305e+03 3.65586382e+00
1.09381923e+03 3.60505968e+00
1.09410747e+03 3.52245243e+00
1.09425159e+03 3.49574968e+00
1.09435968e+03 3.48852574e+00
1.09450735e+03 3.50071975e+00
1.09462607e+03 3.53065703e+00
1.09474479e+03 3.57842160e+00
1.09486351e+03 3.64236972e+00
1.09502181e+03 3.74754595e+00
1.09541754e+03 4.04396147e+00
1.09557584e+03 4.14485107e+00
1.09573413e+03 4.22035671e+00
1.09589341e+03 4.26474064e+00
1.09602085e+03 4.27622833e+00
1.09616954e+03 4.26456272e+00
1.09639259e+03 4.20864430e+00
1.09668998e+03 4.11044901e+00
1.09683868e+03 4.07604329e+00
1.09698737e+03 4.06638721e+00
1.09709890e+03 4.08146982e+00
1.09719369e+03 4.11240043e+00
1.09730892e+03 4.17521286e+00
1.09742415e+03 4.26805714e+00
1.09753939e+03 4.39261170e+00
1.09765462e+03 4.54965029e+00
1.09776985e+03 4.73905136e+00
1.09788509e+03 4.95980766e+00
1.09800032e+03 5.21007385e+00
1.09811033e+03 5.47412117e+00
1.09826752e+03 5.88801041e+00
1.09847711e+03 6.49003239e+00
1.09889629e+03 7.75056648e+00
1.09910442e+03 8.33628156e+00
1.09924318e+03 8.68812358e+00
1.09938194e+03 8.99733553e+00
1.09952070e+03 9.25455633e+00
1.09965946e+03 9.45139838e+00
1.09979822e+03 9.58086951e+00
1.09993697e+03 9.63782055e+00
1.10000635e+03 9.63811230e+00
1.10013487e+03 9.58853949e+00
1.10026339e+03 9.47495936e+00
1.10039191e+03 9.30071475e+00
1.10052043e+03 9.07150178e+00
1.10064895e+03 8.79526070e+00
1.10077747e+03 8.48188731e+00
1.10103451e+03 7.79024898e+00
1.10129155e+03 7.09465745e+00
1.10142771e+03 6.75635031e+00
1.10157917e+03 6.42187312e+00
1.10168014e+03 6.22828377e+00
1.10178110e+03 6.06029652e+00
1.10188207e+03 5.91842680e+00
1.10198304e+03 5.80207358e+00
1.10213449e+03 5.67146917e+00
1.10227075e+03 5.59185290e+00
1.10244229e+03 5.52741331e+00
1.10278536e+03 5.43362821e+00
1.10294269e+03 5.36858474e+00
1.10308581e+03 5.28164004e+00
1.10322892e+03 5.16196686e+00
1.10337204e+03 5.00699094e+00
1.10351516e+03 4.81752002e+00
1.10365828e+03 4.59741928e+00
1.10380140e+03 4.35303238e+00
1.10409650e+03 3.80828278e+00
1.10425734e+03 3.51138337e+00
1.10441817e+03 3.23101475e+00
1.10453880e+03 3.03853909e+00
1.10465943e+03 2.86598766e+00
1.10474108e+03 2.76228930e+00
1.10482273e+03 2.67022267e+00
1.10490438e+03 2.59053135e+00
1.10498603e+03 2.52381093e+00
1.10506768e+03 2.47050985e+00
1.10514933e+03 2.43093245e+00
1.10523098e+03 2.40524264e+00
1.10532608e+03 2.39285732e+00
1.10533954e+03 2.39262144e+00
1.10542026e+03 2.39901278e+00
1.10550099e+03 2.41857697e+00
1.10558172e+03 2.45092931e+00
1.10566245e+03 2.49557119e+00
1.10574318e+03 2.55189325e+00
1.10585082e+03 2.64390713e+00
1.10595846e+03 2.75342738e+00
1.10606610e+03 2.87818289e+00
1.10622594e+03 3.08604939e+00
1.10638255e+03 3.30793058e+00
1.10669578e+03 3.76723302e+00
1.10685240e+03 3.98469919e+00
1.10700901e+03 4.18104480e+00
1.10713191e+03 4.31458562e+00
1.10725481e+03 4.42604610e+00
1.10737771e+03 4.51252046e+00
1.10750061e+03 4.57201267e+00
1.10762351e+03 4.60359598e+00
1.10770656e+03 4.60921870e+00
1.10783281e+03 4.59452502e+00
1.10795905e+03 4.55419294e+00
1.10808530e+03 4.49214161e+00
1.10825363e+03 4.38451615e+00
1.10867445e+03 4.08202019e+00
1.10884278e+03 3.98548403e+00
1.10896903e+03 3.93253474e+00
1.10908153e+03 3.90147676e+00
1.10921927e+03 3.88448103e+00
1.10928659e+03 3.88411253e+00
1.10942124e+03 3.89677456e+00
1.10969054e+03 3.95587204e+00
1.10989252e+03 4.00181768e+00
1.11002717e+03 4.01920100e+00
1.11009450e+03 4.02140002e+00
1.11022915e+03 4.00949312e+00
1.11035160e+03 3.97721433e+00
1.11047405e+03 3.92302939e+00
1.11059650e+03 3.84710549e+00
1.11071895e+03 3.75113421e+00
1.11088221e+03 3.59746598e+00
1.11112711e+03 3.33391223e+00
1.11137201e+03 3.07001335e+00
1.11149446e+03 2.95222941e+00
1.11160137e+03 2.86264319e+00
1.11170050e+03 2.79330247e+00
1.11179964e+03 2.73915086e+00
1.11189878e+03 2.70164201e+00
1.11199791e+03 2.68173087e+00
1.11206400e+03 2.67846620e+00
1.11217217e+03 2.69037156e+00
1.11228033e+03 2.72307268e+00
1.11238850e+03 2.77520445e+00
1.11249666e+03 2.84472877e+00
1.11264089e+03 2.95987449e+00
1.11278510e+03 3.09374879e+00
1.11307354e+03 3.38407304e+00
1.11321777e+03 3.52401183e+00
1.11339040e+03 3.67421795e+00
1.11356303e+03 3.79838330e+00
1.11373566e+03 3.89355648e+00
1.11390830e+03 3.96173976e+00
1.11412716e+03 4.01936061e+00
1.11464132e+03 4.12450341e+00
1.11523882e+03 4.30240759e+00
1.11538820e+03 4.33354570e+00
1.11553758e+03 4.34516053e+00
1.11568695e+03 4.33078052e+00
1.11583819e+03 4.28535343e+00
1.11598943e+03 4.20756177e+00
1.11614067e+03 4.09967093e+00
1.11629191e+03 3.96745641e+00
1.11674563e+03 3.52044397e+00
1.11689686e+03 3.39111858e+00
1.11700623e+03 3.31329554e+00
1.11711560e+03 3.25143517e+00
1.11722496e+03 3.20698029e+00
1.11733433e+03 3.18035272e+00
1.11746994e+03 3.17109406e+00
1.11760555e+03 3.18504570e+00
1.11774116e+03 3.21708789e+00
1.11821580e+03 3.37253543e+00
1.11835141e+03 3.40019186e+00
1.11847678e+03 3.40973137e+00
1.11862052e+03 3.39800246e+00
1.11874977e+03 3.36506022e+00
1.11887902e+03 3.31080194e+00
1.11900828e+03 3.23650060e+00
1.11913754e+03 3.14458391e+00
1.11930987e+03 3.00051777e+00
1.11974072e+03 2.59611074e+00
1.11991306e+03 2.44596005e+00
1.12004255e+03 2.34797992e+00
1.12017203e+03 2.26780412e+00
1.12025835e+03 2.22640648e+00
1.12034467e+03 2.19609212e+00
1.12043099e+03 2.17802539e+00
1.12051732e+03 2.17329183e+00
1.12060364e+03 2.18288032e+00
1.12068076e+03 2.20427531e+00
1.12075789e+03 2.23832708e+00
1.12083501e+03 2.28545780e+00
1.12091214e+03 2.34596930e+00
1.12098926e+03 2.42003164e+00
1.12106639e+03 2.50766315e+00
1.12114351e+03 2.60872573e+00
1.12122064e+03 2.72290533e+00
1.12132339e+03 2.89454291e+00
1.12142615e+03 3.08690907e+00
1.12149465e+03 3.22558965e+00
1.12163165e+03 3.52433815e+00
1.12181550e+03 3.95823076e+00
1.12214333e+03 4.75915625e+00
1.12228383e+03 5.08419533e+00
1.12242433e+03 5.38217821e+00
1.12255660e+03 5.62888537e+00
1.12267242e+03 5.81202430e+00
1.12278825e+03 5.96019106e+00
1.12290407e+03 6.07028749e+00
1.12301989e+03 6.14024534e+00
1.12314571e+03 6.16961465e+00
1.12315570e+03 6.16986153e+00
1.12325561e+03 6.15564186e+00
1.12337550e+03 6.09947132e+00
1.12349539e+03 6.00291315e+00
1.12361528e+03 5.86932661e+00
1.12373518e+03 5.70291912e+00
1.12385507e+03 5.50857424e+00
1.12401492e+03 5.21530098e+00
1.12425471e+03 4.72954834e+00
1.12459923e+03 4.01488827e+00
1.12478390e+03 3.65824990e+00
1.12492240e+03 3.41345937e+00
1.12506090e+03 3.19249656e+00
1.12515323e+03 3.05981071e+00
1.12526670e+03 2.91374291e+00
1.12538017e+03 2.78704575e+00
1.12549364e+03 2.68010222e+00
1.12560711e+03 2.59307613e+00
1.12572058e+03 2.52598096e+00
1.12583405e+03 2.47874908e+00
1.12594752e+03 2.45126986e+00
1.12606099e+03 2.44341053e+00
1.12615637e+03 2.45186180e+00
1.12625176e+03 2.47392339e+00
1.12634715e+03 2.50939593e+00
1.12644253e+03 2.55798164e+00
1.12653792e+03 2.61924744e+00
1.12663331e+03 2.69257868e+00
1.12676049e+03 2.80764575e+00
1.12688767e+03 2.93994976e+00
1.12707844e+03 3.16254473e+00
1.12741818e+03 3.58124902e+00
1.12755407e+03 3.73493460e+00
1.12768997e+03 3.86847261e+00
1.12782586e+03 3.97419336e+00
1.12792778e+03 4.03125587e+00
1.12802970e+03 4.06684566e+00
1.12813163e+03 4.07949036e+00
1.12823757e+03 4.06753245e+00
1.12834552e+03 4.02911230e+00
1.12845348e+03 3.96525970e+00
1.12856143e+03 3.87796039e+00
1.12866939e+03 3.77003574e+00
1.12881333e+03 3.60019314e+00
1.12902923e+03 3.30985564e+00
1.12931711e+03 2.91145207e+00
1.12946519e+03 2.72495066e+00
1.12956391e+03 2.61386828e+00
1.12966263e+03 2.51607527e+00
1.12976135e+03 2.43351381e+00
1.12986007e+03 2.36781159e+00
1.12993411e+03 2.33040938e+00
1.13000814e+03 2.30370123e+00
1.13008218e+03 2.28806047e+00
1.13014043e+03 2.28372843e+00
1.13022300e+03 2.28984394e+00
1.13029649e+03 2.30752500e+00
1.13036999e+03 2.33680043e+00
1.13044349e+03 2.37765396e+00
1.13051698e+03 2.42998165e+00
1.13061497e+03 2.51725047e+00
1.13071297e+03 2.62381811e+00
1.13081096e+03 2.74859318e+00
1.13090896e+03 2.89010414e+00
1.13100108e+03 3.03672845e+00
1.13113046e+03 3.26113979e+00
1.13130296e+03 3.58372067e+00
1.13156172e+03 4.08011474e+00
1.13169622e+03 4.32398318e+00
1.13184095e+03 4.56064609e+00
1.13193744e+03 4.69793566e+00
1.13203393e+03 4.81522730e+00
1.13213043e+03 4.90992482e+00
1.13222692e+03 4.97997246e+00
1.13232341e+03 5.02392166e+00
1.13241990e+03 5.04097221e+00
1.13253469e+03 5.02607470e+00
1.13264947e+03 4.97390180e+00
1.13276426e+03 4.88660041e+00
1.13287905e+03 4.76734302e+00
1.13299384e+03 4.62011285e+00
1.13310863e+03 4.44946788e+00
1.13326168e+03 4.19396352e+00
1.13349125e+03 3.77440734e+00
1.13380363e+03 3.19124827e+00
1.13396296e+03 2.90943702e+00
1.13408246e+03 2.71091290e+00
1.13420195e+03 2.52585791e+00
1.13433565e+03 2.33682041e+00
1.13444371e+03 2.19904458e+00
1.13455177e+03 2.07536596e+00
1.13465984e+03 1.96615654e+00
1.13476790e+03 1.87157671e+00
1.13487596e+03 1.79158485e+00
1.13495701e+03 1.74102855e+00
1.13503806e+03 1.69837588e+00
1.13514612e+03 1.65338852e+00
1.13522982e+03 1.62746035e+00
1.13531352e+03 1.60887127e+00
1.13541386e+03 1.59558825e+00
1.13551687e+03 1.59123793e+00
1.13563658e+03 1.59652277e+00
1.13577021e+03 1.61329198e+00
1.13590384e+03 1.63878765e+00
1.13608202e+03 1.68135857e+00
1.13643837e+03 1.77195161e+00
1.13661654e+03 1.80954326e+00
1.13679472e+03 1.83748162e+00
1.13698578e+03 1.85536150e+00
1.13719824e+03 1.86146473e+00
1.13741070e+03 1.85652560e+00
1.13797726e+03 1.82769567e+00
1.13873612e+03 1.81168279e+00
1.13894186e+03 1.79726871e+00
1.13913005e+03 1.77250947e+00
1.13931825e+03 1.73456537e+00
1.13950645e+03 1.68362418e+00
1.13969464e+03 1.62245126e+00
1.14007104e+03 1.49303092e+00
1.14021219e+03 1.45291533e+00
1.14030628e+03 1.43216078e+00
1.14040038e+03 1.41784851e+00
1.14047986e+03 1.41187217e+00
1.14051228e+03 1.41126906e+00
1.14060955e+03 1.41666475e+00
1.14067440e+03 1.42691652e+00
1.14074216e+03 1.44398172e+00
1.14081282e+03 1.46934523e+00
1.14088348e+03 1.50311891e+00
1.14095415e+03 1.54599487e+00
1.14102481e+03 1.59865833e+00
1.14109547e+03 1.66177421e+00
1.14116613e+03 1.73598244e+00
1.14123680e+03 1.82187789e+00
1.14129918e+03 1.90786183e+00
1.14138035e+03 2.03452619e+00
1.14146151e+03 2.17845099e+00
1.14154267e+03 2.34001437e+00
1.14162384e+03 2.51936385e+00
1.14170500e+03 2.71636805e+00
1.14179853e+03 2.96467793e+00
1.14189206e+03 3.23455399e+00
1.14198559e+03 3.52404742e+00
1.14211388e+03 3.94804893e+00
1.14228770e+03 4.55659554e+00
1.14249627e+03 5.29923172e+00
1.14263532e+03 5.77285605e+00
1.14277540e+03 6.20882888e+00
1.14286879e+03 6.46645762e+00
1.14296218e+03 6.69107574e+00
1.14305556e+03 6.87767668e+00
1.14314895e+03 7.02204646e+00
1.14324233e+03 7.12093582e+00
1.14333572e+03 7.17219911e+00
1.14338241e+03 7.17962727e+00
1.14347782e+03 7.15707234e+00
1.14357323e+03 7.08483803e+00
1.14366864e+03 6.96528623e+00
1.14376405e+03 6.80204351e+00
1.14385946e+03 6.59986679e+00
1.14395486e+03 6.36447715e+00
1.14408207e+03 6.01020996e+00
1.14427289e+03 5.42636151e+00
1.14446060e+03 4.84041810e+00
1.14458160e+03 4.48093705e+00
1.14470260e+03 4.14987964e+00
1.14479335e+03 3.92607895e+00
1.14488410e+03 3.72682462e+00
1.14497116e+03 3.56087107e+00
1.14505822e+03 3.42094239e+00
1.14514529e+03 3.30763434e+00
1.14523235e+03 3.22086211e+00
1.14531942e+03 3.15989444e+00
1.14538165e+03 3.13141866e+00
1.14544808e+03 3.11410632e+00
1.14551451e+03 3.10937431e+00
1.14561416e+03 3.12345555e+00
1.14571381e+03 3.15922511e+00
1.14581345e+03 3.21210041e+00
1.14587988e+03 3.25446528e+00
1.14627846e+03 3.54235596e+00
1.14641133e+03 3.61935256e+00
1.14652569e+03 3.66669747e+00
1.14664006e+03 3.69249169e+00
1.14671630e+03 3.69640928e+00
1.14682243e+03 3.68321750e+00
1.14692855e+03 3.64803720e+00
1.14703468e+03 3.59136560e+00
1.14714081e+03 3.51449567e+00
1.14724693e+03 3.41939732e+00
1.14735306e+03 3.30858393e+00
1.14749456e+03 3.14144151e+00
1.14770681e+03 2.86443329e+00
1.14802881e+03 2.43377083e+00
1.14816418e+03 2.26401602e+00
1.14829955e+03 2.10665905e+00
1.14843492e+03 1.96404909e+00
1.14857030e+03 1.83738033e+00
1.14870303e+03 1.72880580e+00
1.14883576e+03 1.63500161e+00
1.14896849e+03 1.55461311e+00
1.14910122e+03 1.48581941e+00
1.14923395e+03 1.42652455e+00
1.14936668e+03 1.37454403e+00
1.14954365e+03 1.31301709e+00
1.14998608e+03 1.17520029e+00
1.15034054e+03 1.07081198e+00
1.15048232e+03 1.03368751e+00
1.15062410e+03 1.00244869e+00
1.15073044e+03 9.84620764e-01
1.15083677e+03 9.73108136e-01
1.15094311e+03 9.69357490e-01
1.15101400e+03 9.71901077e-01
1.15108489e+03 9.78992637e-01
1.15116026e+03 9.92004424e-01
1.15124010e+03 1.01249294e+00
1.15131994e+03 1.04044368e+00
1.15139978e+03 1.07639866e+00
1.15147961e+03 1.12085723e+00
1.15155945e+03 1.17426929e+00
1.15163929e+03 1.23702496e+00
1.15171913e+03 1.30945087e+00
1.15178630e+03 1.37806425e+00
1.15186806e+03 1.47120752e+00
1.15194982e+03 1.57501545e+00
1.15203158e+03 1.68948043e+00
1.15211334e+03 1.81448034e+00
1.15219510e+03 1.94975700e+00
1.15229922e+03 2.13626838e+00
1.15240333e+03 2.33761083e+00
1.15250745e+03 2.55216607e+00
1.15264855e+03 2.86020531e+00
1.15290736e+03 3.45525220e+00
1.15312920e+03 3.96093210e+00
1.15325370e+03 4.22663931e+00
1.15335479e+03 4.42598346e+00
1.15345589e+03 4.60615505e+00
1.15355698e+03 4.76324673e+00
1.15365807e+03 4.89372425e+00
1.15375917e+03 4.99458109e+00
1.15386026e+03 5.06347325e+00
1.15396135e+03 5.09884090e+00
1.15401190e+03 5.10370029e+00
1.15411365e+03 5.08754542e+00
1.15421540e+03 5.03740906e+00
1.15431716e+03 4.95490793e+00
1.15441891e+03 4.84252369e+00
1.15452066e+03 4.70349301e+00
1.15462242e+03 4.54167663e+00
1.15475808e+03 4.29798388e+00
1.15496159e+03 3.89488674e+00
1.15525113e+03 3.30779300e+00
1.15540500e+03 3.01651204e+00
1.15552040e+03 2.81561691e+00
1.15563580e+03 2.63300744e+00
1.15571273e+03 2.52238582e+00
1.15581956e+03 2.38425999e+00
1.15592638e+03 2.26445250e+00
1.15600650e+03 2.18657818e+00
1.15608662e+03 2.11878204e+00
1.15616674e+03 2.06078822e+00
1.15624686e+03 2.01225849e+00
1.15635369e+03 1.96162666e+00
1.15646051e+03 1.92625712e+00
1.15656734e+03 1.90533321e+00
1.15667544e+03 1.89820966e+00
1.15676115e+03 1.90233682e+00
1.15686400e+03 1.91862810e+00
1.15696686e+03 1.94750014e+00
1.15706971e+03 1.98949948e+00
1.15717256e+03 2.04551493e+00
1.15727542e+03 2.11675763e+00
1.15737827e+03 2.20471753e+00
1.15748112e+03 2.31109376e+00
1.15758398e+03 2.43770034e+00
1.15765254e+03 2.53423785e+00
1.15772375e+03 2.64539323e+00
1.15779758e+03 2.77293707e+00
1.15787142e+03 2.91344837e+00
1.15794525e+03 3.06727574e+00
1.15801909e+03 3.23460908e+00
1.15809292e+03 3.41546001e+00
1.15820368e+03 3.71156807e+00
1.15827751e+03 3.92479630e+00
1.15839525e+03 4.28867005e+00
1.15851299e+03 4.67760654e+00
1.15868959e+03 5.29357939e+00
1.15892415e+03 6.12753368e+00
1.15909984e+03 6.72098279e+00
1.15923160e+03 7.12529995e+00
1.15936337e+03 7.47974370e+00
1.15945121e+03 7.68267433e+00
1.15955380e+03 7.88172627e+00
1.15965639e+03 8.03704632e+00
1.15975898e+03 8.14694159e+00
1.15986156e+03 8.21112150e+00
1.15995466e+03 8.23068679e+00
1.16004775e+03 8.21522793e+00
1.16018738e+03 8.13205366e+00
1.16032702e+03 7.98697479e+00
1.16042011e+03 7.86234758e+00
1.16060629e+03 7.56493591e+00
1.16116484e+03 6.55872433e+00
1.16135102e+03 6.25620884e+00
1.16156948e+03 5.94222655e+00
1.16178795e+03 5.67052774e+00
1.16193360e+03 5.50898245e+00
1.16222489e+03 5.22025236e+00
1.16251618e+03 4.96405745e+00
1.16280747e+03 4.73765132e+00
1.16302594e+03 4.59476515e+00
1.16324441e+03 4.48564606e+00
1.16339006e+03 4.43727425e+00
1.16353570e+03 4.41217837e+00
1.16360853e+03 4.40922004e+00
1.16373619e+03 4.42045417e+00
1.16390071e+03 4.46686107e+00
1.16406523e+03 4.54924615e+00
1.16422975e+03 4.66556352e+00
1.16433942e+03 4.75997453e+00
1.16455878e+03 4.98148025e+00
1.16488782e+03 5.36349406e+00
1.16532654e+03 5.87957283e+00
1.16566054e+03 6.23219318e+00
1.16599701e+03 6.54643791e+00
1.16633349e+03 6.82499128e+00
1.16655780e+03 6.98368995e+00
1.16678212e+03 7.10351590e+00
1.16695035e+03 7.15376038e+00
1.16704849e+03 7.16229022e+00
1.16717467e+03 7.14646763e+00
1.16730308e+03 7.09564890e+00
1.16744774e+03 6.99286174e+00
1.16759240e+03 6.84045833e+00
1.16773706e+03 6.64042019e+00
1.16788172e+03 6.39851547e+00
1.16809871e+03 5.97870182e+00
1.16843687e+03 5.28747044e+00
1.16858336e+03 5.01602526e+00
1.16868102e+03 4.85542914e+00
1.16877869e+03 4.71524803e+00
1.16887635e+03 4.59814767e+00
1.16897401e+03 4.50589563e+00
1.16907168e+03 4.43927905e+00
1.16916934e+03 4.39808032e+00
1.16929006e+03 4.38040151e+00
1.16939222e+03 4.39122643e+00
1.16946651e+03 4.41181346e+00
1.16961509e+03 4.47780454e+00
1.16998655e+03 4.69699781e+00
1.17013513e+03 4.76532810e+00
1.17028371e+03 4.80251220e+00
1.17035800e+03 4.80641124e+00
1.17048595e+03 4.78720091e+00
1.17060082e+03 4.74053862e+00
1.17071569e+03 4.66583659e+00
1.17083055e+03 4.56421189e+00
1.17094542e+03 4.43787489e+00
1.17109858e+03 4.23638644e+00
1.17125173e+03 4.00534689e+00
1.17148147e+03 3.62462112e+00
1.17181495e+03 3.05627728e+00
1.17199528e+03 2.76523832e+00
1.17213053e+03 2.56143593e+00
1.17226578e+03 2.37279876e+00
1.17235594e+03 2.25632227e+00
1.17246568e+03 2.12516598e+00
1.17257543e+03 2.00605603e+00
1.17268517e+03 1.89924666e+00
1.17279491e+03 1.80485337e+00
1.17290465e+03 1.72287708e+00
1.17301439e+03 1.65322887e+00
1.17312413e+03 1.59573514e+00
1.17323387e+03 1.55014727e+00
1.17332009e+03 1.52247260e+00
1.17340630e+03 1.50175221e+00
1.17349252e+03 1.48775988e+00
1.17360340e+03 1.47923277e+00
1.17364040e+03 1.47865984e+00
1.17372674e+03 1.48153257e+00
1.17382542e+03 1.49164850e+00
1.17392409e+03 1.50848133e+00
1.17407210e+03 1.54487707e+00
1.17422011e+03 1.59246016e+00
1.17436812e+03 1.64856507e+00
1.17466415e+03 1.77508027e+00
1.17496017e+03 1.90242393e+00
1.17515752e+03 1.97861565e+00
1.17537470e+03 2.04947747e+00
1.17559188e+03 2.10517856e+00
1.17573667e+03 2.13443397e+00
1.17602625e+03 2.17873713e+00
1.17631582e+03 2.21360354e+00
1.17747413e+03 2.36789530e+00
1.17771035e+03 2.38046087e+00
1.17775760e+03 2.38072785e+00
1.17794367e+03 2.37362834e+00
1.17812685e+03 2.35391190e+00
1.17840162e+03 2.30463232e+00
1.17885957e+03 2.20617232e+00
1.17904275e+03 2.17743991e+00
1.17922593e+03 2.16240115e+00
1.17931752e+03 2.16103177e+00
1.17948717e+03 2.17009615e+00
1.17965683e+03 2.19397955e+00
1.17976993e+03 2.21744051e+00
1.17999613e+03 2.27932862e+00
1.18022233e+03 2.35605256e+00
1.18056164e+03 2.49013552e+00
1.18078784e+03 2.59347613e+00
1.18095749e+03 2.68291457e+00
1.18112714e+03 2.78765752e+00
1.18127042e+03 2.89192137e+00
1.18141370e+03 3.01393867e+00
1.18155698e+03 3.15633962e+00
1.18170026e+03 3.32098870e+00
1.18184354e+03 3.50876956e+00
1.18198681e+03 3.71945804e+00
1.18213009e+03 3.95172677e+00
1.18227337e+03 4.20322621e+00
1.18246679e+03 4.56747750e+00
1.18304706e+03 5.73131468e+00
1.18330495e+03 6.21989893e+00
1.18348851e+03 6.53019922e+00
1.18367207e+03 6.79379975e+00
1.18379444e+03 6.93643079e+00
1.18391681e+03 7.04758550e+00
1.18403919e+03 7.12324709e+00
1.18416156e+03 7.15990628e+00
1.18422274e+03 7.16271860e+00
1.18436246e+03 7.12875729e+00
1.18448027e+03 7.05574853e+00
1.18459807e+03 6.94254197e+00
1.18471587e+03 6.79086713e+00
1.18483367e+03 6.60377101e+00
1.18499074e+03 6.30676702e+00
1.18514781e+03 5.96753866e+00
1.18546195e+03 5.22466413e+00
1.18569497e+03 4.67957270e+00
1.18584946e+03 4.34598456e+00
1.18600395e+03 4.04553746e+00
1.18610694e+03 3.86652066e+00
1.18620993e+03 3.70551942e+00
1.18631292e+03 3.56265436e+00
1.18644251e+03 3.40790174e+00
1.18655965e+03 3.29045338e+00
1.18667679e+03 3.19218793e+00
1.18679393e+03 3.11067706e+00
1.18691107e+03 3.04334098e+00
1.18706725e+03 2.97120458e+00
1.18722344e+03 2.91418509e+00
1.18745772e+03 2.84721230e+00
1.18777009e+03 2.77726791e+00
1.18808246e+03 2.72011702e+00
1.18839484e+03 2.67510166e+00
1.18870721e+03 2.64386128e+00
1.18945874e+03 2.59437252e+00
1.18975881e+03 2.55562097e+00
1.18995885e+03 2.51620038e+00
1.19025891e+03 2.43867653e+00
1.19055897e+03 2.35416979e+00
1.19075901e+03 2.30787353e+00
1.19090905e+03 2.28541992e+00
1.19105908e+03 2.27772491e+00
1.19118850e+03 2.28517025e+00
1.19133257e+03 2.31013907e+00
1.19147664e+03 2.35272761e+00
1.19162072e+03 2.41147140e+00
1.19176479e+03 2.48337188e+00
1.19219700e+03 2.72984611e+00
1.19234107e+03 2.80295627e+00
1.19245973e+03 2.85283584e+00
1.19257838e+03 2.89053896e+00
1.19269704e+03 2.91402317e+00
1.19281570e+03 2.92193386e+00
1.19295107e+03 2.91119313e+00
1.19308644e+03 2.87968807e+00
1.19322181e+03 2.82886401e+00
1.19335718e+03 2.76115854e+00
1.19353767e+03 2.65021566e+00
1.19380841e+03 2.45763485e+00
1.19407916e+03 2.26078696e+00
1.19425965e+03 2.14049390e+00
1.19442186e+03 2.04581876e+00
1.19458408e+03 1.96707377e+00
1.19469222e+03 1.92439953e+00
1.19480036e+03 1.88993154e+00
1.19490850e+03 1.86372897e+00
1.19501664e+03 1.84565380e+00
1.19516454e+03 1.83349371e+00
1.19520430e+03 1.83256184e+00
1.19536333e+03 1.83785724e+00
1.19552237e+03 1.85586202e+00
1.19568140e+03 1.88403511e+00
1.19591995e+03 1.93956228e+00
1.19711271e+03 2.26170438e+00
1.19735126e+03 2.33736919e+00
1.19751030e+03 2.39950376e+00
1.19766933e+03 2.47607820e+00
1.19779671e+03 2.55113146e+00
1.19792410e+03 2.64123449e+00
1.19805148e+03 2.74897918e+00
1.19817887e+03 2.87676619e+00
1.19830625e+03 3.02664224e+00
1.19843363e+03 3.20011692e+00
1.19856102e+03 3.39798993e+00
1.19868840e+03 3.62018503e+00
1.19881423e+03 3.86248399e+00
1.19894005e+03 4.12534990e+00
1.19912879e+03 4.55090062e+00
1.19956917e+03 5.59940726e+00
1.19974828e+03 5.99783285e+00
1.19990812e+03 6.31284719e+00
1.20001469e+03 6.49351557e+00
1.20012125e+03 6.64566471e+00
1.20022782e+03 6.76544777e+00
1.20033438e+03 6.84958629e+00
1.20044095e+03 6.89550238e+00
1.20050755e+03 6.90396730e+00
1.20062509e+03 6.88004885e+00
1.20074145e+03 6.80736602e+00
1.20085782e+03 6.68701435e+00
1.20097418e+03 6.52146117e+00
1.20109054e+03 6.31449552e+00
1.20120691e+03 6.07109142e+00
1.20132327e+03 5.79722772e+00
1.20147842e+03 5.39643469e+00
1.20191605e+03 4.18899935e+00
1.20204339e+03 3.85488863e+00
1.20217072e+03 3.54271936e+00
1.20226622e+03 3.32652477e+00
1.20235024e+03 3.15074426e+00
1.20245462e+03 2.95272002e+00
1.20253290e+03 2.81971783e+00
1.20261118e+03 2.70038129e+00
1.20268946e+03 2.59484186e+00
1.20276775e+03 2.50307667e+00
1.20284603e+03 2.42492334e+00
1.20292431e+03 2.36010976e+00
1.20300260e+03 2.30826926e+00
1.20308088e+03 2.26897404e+00
1.20317111e+03 2.23863127e+00
1.20324152e+03 2.22561364e+00
1.20330626e+03 2.22155541e+00
1.20340337e+03 2.22908121e+00
1.20350048e+03 2.25220000e+00
1.20359759e+03 2.29016934e+00
1.20369470e+03 2.34236389e+00
1.20379181e+03 2.40827632e+00
1.20388892e+03 2.48751086e+00
1.20398602e+03 2.57975424e+00
1.20408314e+03 2.68474673e+00
1.20418024e+03 2.80222920e+00
1.20429324e+03 2.95424792e+00
1.20443802e+03 3.17202308e+00
1.20458279e+03 3.41354774e+00
1.20472757e+03 3.67538111e+00
1.20492060e+03 4.04728137e+00
1.20523173e+03 4.66066114e+00
1.20537480e+03 4.92732375e+00
1.20551787e+03 5.17055195e+00
1.20566095e+03 5.38059019e+00
1.20576825e+03 5.51100704e+00
1.20587555e+03 5.61468512e+00
1.20598286e+03 5.68919812e+00
1.20609016e+03 5.73290120e+00
1.20616170e+03 5.74448806e+00
1.20625919e+03 5.73760775e+00
1.20635669e+03 5.70499482e+00
1.20645418e+03 5.64760029e+00
1.20660042e+03 5.51824536e+00
1.20674666e+03 5.34268648e+00
1.20689290e+03 5.12839577e+00
1.20703915e+03 4.88329852e+00
1.20723414e+03 4.52185951e+00
1.20752662e+03 3.93760259e+00
1.20793451e+03 3.10680817e+00
1.20814742e+03 2.68919938e+00
1.20831774e+03 2.37113197e+00
1.20846439e+03 2.11223097e+00
1.20858737e+03 1.90778398e+00
1.20871035e+03 1.71638134e+00
1.20880259e+03 1.58212869e+00
1.20889483e+03 1.45633907e+00
1.20899212e+03 1.33319927e+00
1.20906509e+03 1.24746192e+00
1.20913807e+03 1.16749018e+00
1.20921104e+03 1.09332713e+00
1.20928401e+03 1.02497786e+00
1.20935205e+03 9.66462855e-01
1.20942008e+03 9.12923352e-01
1.20948811e+03 8.64283015e-01
1.20955615e+03 8.20445724e-01
1.20962418e+03 7.81297177e-01
1.20969222e+03 7.46710404e-01
1.20976025e+03 7.16545725e-01
1.20982829e+03 6.90656551e-01
1.20989681e+03 6.68750854e-01
1.20996533e+03 6.50874237e-01
1.21003385e+03 6.36873850e-01
1.21010237e+03 6.26601821e-01
1.21017089e+03 6.19917073e-01
1.21024752e+03 6.16528976e-01
1.21027441e+03 6.16332742e-01
1.21035509e+03 6.18746992e-01
1.21043577e+03 6.25538880e-01
1.21051646e+03 6.36564731e-01
1.21059714e+03 6.51703200e-01
1.21067782e+03 6.70852918e-01
1.21075850e+03 6.93930294e-01
1.21083918e+03 7.20863936e-01
1.21091987e+03 7.51590594e-01
1.21100055e+03 7.86049404e-01
1.21109210e+03 8.29587571e-01
1.21120538e+03 8.89833086e-01
1.21131867e+03 9.56870409e-01
1.21143195e+03 1.03033425e+00
1.21154524e+03 1.10973954e+00
1.21165852e+03 1.19445800e+00
1.21180078e+03 1.30715422e+00
1.21203788e+03 1.50549013e+00
1.21232240e+03 1.74678542e+00
1.21248174e+03 1.87560167e+00
1.21261073e+03 1.97289297e+00
1.21273973e+03 2.06159697e+00
1.21286873e+03 2.13972997e+00
1.21299772e+03 2.20556003e+00
1.21312672e+03 2.25769140e+00
1.21325572e+03 2.29512718e+00
1.21338472e+03 2.31732159e+00
1.21350215e+03 2.32420672e+00
1.21360803e+03 2.31977337e+00
1.21376684e+03 2.29524803e+00
1.21392565e+03 2.25139802e+00
1.21408446e+03 2.19136410e+00
1.21424327e+03 2.11888547e+00
1.21450795e+03 1.98149835e+00
1.21482557e+03 1.81164844e+00
1.21503732e+03 1.70724527e+00
1.21520543e+03 1.63312296e+00
1.21539215e+03 1.56099045e+00
1.21557886e+03 1.49897777e+00
1.21576558e+03 1.44507822e+00
1.21663693e+03 1.22275859e+00
1.21694812e+03 1.14417845e+00
1.21707260e+03 1.11719581e+00
1.21720008e+03 1.09478054e+00
1.21729796e+03 1.08244672e+00
1.21739583e+03 1.07543493e+00
1.21746107e+03 1.07421085e+00
1.21755895e+03 1.07827844e+00
1.21765682e+03 1.09026530e+00
1.21773064e+03 1.10507805e+00
1.21780446e+03 1.12522778e+00
1.21787828e+03 1.15100830e+00
1.21795211e+03 1.18266484e+00
1.21802593e+03 1.22038749e+00
1.21809975e+03 1.26430470e+00
1.21817357e+03 1.31447731e+00
1.21824739e+03 1.37089306e+00
1.21831914e+03 1.43162132e+00
1.21842676e+03 1.53324821e+00
1.21853438e+03 1.64672983e+00
1.21864201e+03 1.77082206e+00
1.21878550e+03 1.94989159e+00
1.21898129e+03 2.21077750e+00
1.21922115e+03 2.53510257e+00
1.21938107e+03 2.73900497e+00
1.21950340e+03 2.88093557e+00
1.21963053e+03 3.01050299e+00
1.21975766e+03 3.11767594e+00
1.21988480e+03 3.19910662e+00
1.22001193e+03 3.25250355e+00
1.22013906e+03 3.27679158e+00
1.22017445e+03 3.27837286e+00
1.22028062e+03 3.26992067e+00
1.22038679e+03 3.24257836e+00
1.22049295e+03 3.19800566e+00
1.22063451e+03 3.11564439e+00
1.22077607e+03 3.01305354e+00
1.22120074e+03 2.66072474e+00
1.22134834e+03 2.55083081e+00
1.22146358e+03 2.47861674e+00
1.22157881e+03 2.42202756e+00
1.22169405e+03 2.38396764e+00
1.22177087e+03 2.37009919e+00
1.22184769e+03 2.36613502e+00
1.22193720e+03 2.37465153e+00
1.22201385e+03 2.39361044e+00
1.22209050e+03 2.42362025e+00
1.22216714e+03 2.46485292e+00
1.22224379e+03 2.51738136e+00
1.22234598e+03 2.60493748e+00
1.22244818e+03 2.71219912e+00
1.22255038e+03 2.83852467e+00
1.22265257e+03 2.98295474e+00
1.22274499e+03 3.12808767e+00
1.22286895e+03 3.34224863e+00
1.22299291e+03 3.57550969e+00
1.22319951e+03 3.99508463e+00
1.22359789e+03 4.83260430e+00
1.22375329e+03 5.13662438e+00
1.22390869e+03 5.41116008e+00
1.22406409e+03 5.64696441e+00
1.22418064e+03 5.79409036e+00
1.22429720e+03 5.91348082e+00
1.22441375e+03 6.00412666e+00
1.22453030e+03 6.06595323e+00
1.22467264e+03 6.10360023e+00
1.22473728e+03 6.10765883e+00
1.22486657e+03 6.09322809e+00
1.22499585e+03 6.05157792e+00
1.22518977e+03 5.94597077e+00
1.22538370e+03 5.79878191e+00
1.22557762e+03 5.61905090e+00
1.22577155e+03 5.41228296e+00
1.22596548e+03 5.18071030e+00
1.22615940e+03 4.92472242e+00
1.22635333e+03 4.64494778e+00
1.22654725e+03 4.34436356e+00
1.22706128e+03 3.51073049e+00
1.22720557e+03 3.29215791e+00
1.22734985e+03 3.09270159e+00
1.22748387e+03 2.93019672e+00
1.22759739e+03 2.81316382e+00
1.22771090e+03 2.71735346e+00
1.22782442e+03 2.64431657e+00
1.22790010e+03 2.60872974e+00
1.22797577e+03 2.58373362e+00
1.22805145e+03 2.56925457e+00
1.22812681e+03 2.56506980e+00
1.22823985e+03 2.57712321e+00
1.22835288e+03 2.60956693e+00
1.22846592e+03 2.66004832e+00
1.22857895e+03 2.72570173e+00
1.22872967e+03 2.83114180e+00
1.22918181e+03 3.18760864e+00
1.22933082e+03 3.28991443e+00
1.22947810e+03 3.37157012e+00
1.22962539e+03 3.42858701e+00
1.22973586e+03 3.45294502e+00
1.22984632e+03 3.46053471e+00
1.22998211e+03 3.44659434e+00
1.23011790e+03 3.40782635e+00
1.23025370e+03 3.34638672e+00
1.23038948e+03 3.26562957e+00
1.23057054e+03 3.13553225e+00
1.23102317e+03 2.77669315e+00
1.23115897e+03 2.68206947e+00
1.23129475e+03 2.60197428e+00
1.23139957e+03 2.55231612e+00
1.23150439e+03 2.51455289e+00
1.23160921e+03 2.48940464e+00
1.23171403e+03 2.47716066e+00
1.23177096e+03 2.47588840e+00
1.23188483e+03 2.48436184e+00
1.23199870e+03 2.50671316e+00
1.23211257e+03 2.54162126e+00
1.23228338e+03 2.61395024e+00
1.23239725e+03 2.67286780e+00
1.23262498e+03 2.80849772e+00
1.23296659e+03 3.03629225e+00
1.23330820e+03 3.28038252e+00
1.23353594e+03 3.45716871e+00
1.23371384e+03 3.60874040e+00
1.23389175e+03 3.77594346e+00
1.23406966e+03 3.96073214e+00
1.23433652e+03 4.26895708e+00
1.23487024e+03 4.92521989e+00
1.23505310e+03 5.12481072e+00
1.23524093e+03 5.29532074e+00
1.23538179e+03 5.39348547e+00
1.23552266e+03 5.46226671e+00
1.23566353e+03 5.49965557e+00
1.23577291e+03 5.50665723e+00
1.23589778e+03 5.49159897e+00
1.23602264e+03 5.45325051e+00
1.23620993e+03 5.35658247e+00
1.23639723e+03 5.22093990e+00
1.23658452e+03 5.05662759e+00
1.23720884e+03 4.44254957e+00
1.23739613e+03 4.28114445e+00
1.23758343e+03 4.14999060e+00
1.23770829e+03 4.08441293e+00
1.23783668e+03 4.03832082e+00
1.23796506e+03 4.01576382e+00
1.23801855e+03 4.01356369e+00
1.23813068e+03 4.02271336e+00
1.23821070e+03 4.04035256e+00
1.23837076e+03 4.10110063e+00
1.23853082e+03 4.18988905e+00
1.23901098e+03 4.51124033e+00
1.23917104e+03 4.59047096e+00
1.23929108e+03 4.62677487e+00
1.23940213e+03 4.63854477e+00
1.23950942e+03 4.62774081e+00
1.23961821e+03 4.59339748e+00
1.23972700e+03 4.53547160e+00
1.23983579e+03 4.45504696e+00
1.23998084e+03 4.31666974e+00
1.24012589e+03 4.14988837e+00
1.24056105e+03 3.58507786e+00
1.24071269e+03 3.40686335e+00
1.24083136e+03 3.28745586e+00
1.24095003e+03 3.19079276e+00
1.24106870e+03 3.12047699e+00
1.24114782e+03 3.08950741e+00
1.24122693e+03 3.07181372e+00
1.24129334e+03 3.06737008e+00
1.24137391e+03 3.07473079e+00
1.24148134e+03 3.10588030e+00
1.24158876e+03 3.16031744e+00
1.24169619e+03 3.23622516e+00
1.24180361e+03 3.33119352e+00
1.24191103e+03 3.44229105e+00
1.24207217e+03 3.63172000e+00
1.24247165e+03 4.14041123e+00
1.24260996e+03 4.30054190e+00
1.24274827e+03 4.43845321e+00
1.24288657e+03 4.54660988e+00
1.24299030e+03 4.60436037e+00
1.24309404e+03 4.63972922e+00
1.24319777e+03 4.65121932e+00
1.24330492e+03 4.63710399e+00
1.24341378e+03 4.59552035e+00
1.24352264e+03 4.52707227e+00
1.24363151e+03 4.43314709e+00
1.24374037e+03 4.31587266e+00
1.24388552e+03 4.12805078e+00
1.24403067e+03 3.91167971e+00
1.24424840e+03 3.55353733e+00
1.24456139e+03 3.02540309e+00
1.24472924e+03 2.76182315e+00
1.24485512e+03 2.58145087e+00
1.24498100e+03 2.41945445e+00
1.24506492e+03 2.32278710e+00
1.24515325e+03 2.23141881e+00
1.24524157e+03 2.15098747e+00
1.24532989e+03 2.08162166e+00
1.24541821e+03 2.02328686e+00
1.24550654e+03 1.97580311e+00
1.24559486e+03 1.93886948e+00
1.24568318e+03 1.91207929e+00
1.24577150e+03 1.89494152e+00
1.24587616e+03 1.88635421e+00
1.24598082e+03 1.88949676e+00
1.24608547e+03 1.90325622e+00
1.24619013e+03 1.92646171e+00
1.24634711e+03 1.97632741e+00
1.24650410e+03 2.04054903e+00
1.24671341e+03 2.14127174e+00
1.24713203e+03 2.35866976e+00
1.24734134e+03 2.45801174e+00
1.24753312e+03 2.53524995e+00
1.24770737e+03 2.59036487e+00
1.24788162e+03 2.62882075e+00
1.24805587e+03 2.64926171e+00
1.24814299e+03 2.65253460e+00
1.24832625e+03 2.64436636e+00
1.24850951e+03 2.61651037e+00
1.24869277e+03 2.57051579e+00
1.24887604e+03 2.50861128e+00
1.24912038e+03 2.40624230e+00
1.24948690e+03 2.22688492e+00
1.24985342e+03 2.04521338e+00
1.25003668e+03 1.96439773e+00
1.25018229e+03 1.90884151e+00
1.25035133e+03 1.85676116e+00
1.25047810e+03 1.82796462e+00
1.25060488e+03 1.80896528e+00
1.25073166e+03 1.80042256e+00
1.25077392e+03 1.79997869e+00
1.25089797e+03 1.80574922e+00
1.25102202e+03 1.82212830e+00
1.25114607e+03 1.84902468e+00
1.25127012e+03 1.88616793e+00
1.25139416e+03 1.93313029e+00
1.25151821e+03 1.98934185e+00
1.25168361e+03 2.07743988e+00
1.25184901e+03 2.17864361e+00
1.25209710e+03 2.34917838e+00
1.25251582e+03 2.65612265e+00
1.25268331e+03 2.77092743e+00
1.25285080e+03 2.87219588e+00
1.25301828e+03 2.95380286e+00
1.25314390e+03 2.99877754e+00
1.25326951e+03 3.02776034e+00
1.25341607e+03 3.03971943e+00
1.25353009e+03 3.03224150e+00
1.25366972e+03 3.00341012e+00
1.25380935e+03 2.95434257e+00
1.25394898e+03 2.88758087e+00
1.25408860e+03 2.80654302e+00
1.25427478e+03 2.68325570e+00
1.25464712e+03 2.42155727e+00
1.25483329e+03 2.30017936e+00
1.25500304e+03 2.20154335e+00
1.25515637e+03 2.12394860e+00
1.25530969e+03 2.05739706e+00
1.25546302e+03 2.00105834e+00
1.25569301e+03 1.93246994e+00
1.25584633e+03 1.89485394e+00
1.25615298e+03 1.83220735e+00
1.25645963e+03 1.78014168e+00
1.25676628e+03 1.73678437e+00
1.25707293e+03 1.70399443e+00
1.25737958e+03 1.68324845e+00
1.25779525e+03 1.67059421e+00
1.25821092e+03 1.66210971e+00
1.25848804e+03 1.64954263e+00
1.25873549e+03 1.62945577e+00
1.25898295e+03 1.59992284e+00
1.25935414e+03 1.54153132e+00
1.25972532e+03 1.47886200e+00
1.25997278e+03 1.44423687e+00
1.26015837e+03 1.42630720e+00
1.26034396e+03 1.41781441e+00
1.26040583e+03 1.41741748e+00
1.26058661e+03 1.42398014e+00
1.26076500e+03 1.44244895e+00
1.26094338e+03 1.47321429e+00
1.26112177e+03 1.51596973e+00
1.26130015e+03 1.56967210e+00
1.26141907e+03 1.61070117e+00
1.26165692e+03 1.70204578e+00
1.26213261e+03 1.89460213e+00
1.26231099e+03 1.95841709e+00
1.26244776e+03 2.00016048e+00
1.26260239e+03 2.03742553e+00
1.26275702e+03 2.06197927e+00
1.26291165e+03 2.07194275e+00
1.26293097e+03 2.07208811e+00
1.26308143e+03 2.06447668e+00
1.26322014e+03 2.04343935e+00
1.26335884e+03 2.00895615e+00
1.26349755e+03 1.96154173e+00
1.26363626e+03 1.90222244e+00
1.26372873e+03 1.85679438e+00
1.26391367e+03 1.75441543e+00
1.26419108e+03 1.58282945e+00
1.26446850e+03 1.40969201e+00
1.26462789e+03 1.31884256e+00
1.26473415e+03 1.26457636e+00
1.26484041e+03 1.21675724e+00
1.26494667e+03 1.17646262e+00
1.26505293e+03 1.14462868e+00
1.26513263e+03 1.12677506e+00
1.26521232e+03 1.11437342e+00
1.26529202e+03 1.10761609e+00
1.26535395e+03 1.10634520e+00
1.26544556e+03 1.11091353e+00
1.26553716e+03 1.12315927e+00
1.26562876e+03 1.14294739e+00
1.26572036e+03 1.17001540e+00
1.26581196e+03 1.20397676e+00
1.26590356e+03 1.24432326e+00
1.26599516e+03 1.29043516e+00
1.26613310e+03 1.36912945e+00
1.26627212e+03 1.45709618e+00
1.26673551e+03 1.76998148e+00
1.26687788e+03 1.85846845e+00
1.26702693e+03 1.94092706e+00
1.26717598e+03 2.01004877e+00
1.26732503e+03 2.06368734e+00
1.26747408e+03 2.10061602e+00
1.26762314e+03 2.12055218e+00
1.26773751e+03 2.12468249e+00
1.26785187e+03 2.11975363e+00
1.26802343e+03 2.09724824e+00
1.26819498e+03 2.05981923e+00
1.26842372e+03 1.99382820e+00
1.26888119e+03 1.84457590e+00
1.26910993e+03 1.78014124e+00
1.26928149e+03 1.74332155e+00
1.26939585e+03 1.72622986e+00
1.26953095e+03 1.71549315e+00
1.26958938e+03 1.71449030e+00
1.26968676e+03 1.71835074e+00
1.26976467e+03 1.72692302e+00
1.26986553e+03 1.74610868e+00
1.26996639e+03 1.77546382e+00
1.27006726e+03 1.81619413e+00
1.27016812e+03 1.86957215e+00
1.27026898e+03 1.93691283e+00
1.27034463e+03 1.99737844e+00
1.27042027e+03 2.06698895e+00
1.27049592e+03 2.14626909e+00
1.27057156e+03 2.23570023e+00
1.27065229e+03 2.34282615e+00
1.27073302e+03 2.46244036e+00
1.27081375e+03 2.59486237e+00
1.27089448e+03 2.74027197e+00
1.27097521e+03 2.89868505e+00
1.27105594e+03 3.06993055e+00
1.27117703e+03 3.34997013e+00
1.27128885e+03 3.63145539e+00
1.27143174e+03 4.01871963e+00
1.27157464e+03 4.42945987e+00
1.27194283e+03 5.51818092e+00
1.27209667e+03 5.94480406e+00
1.27225052e+03 6.32789077e+00
1.27235308e+03 6.55032144e+00
1.27245564e+03 6.74085951e+00
1.27255820e+03 6.89549180e+00
1.27267159e+03 7.02086004e+00
1.27276475e+03 7.08604167e+00
1.27287704e+03 7.11804304e+00
1.27289618e+03 7.11840621e+00
1.27301100e+03 7.08991122e+00
1.27312583e+03 7.01060097e+00
1.27324065e+03 6.88419206e+00
1.27335548e+03 6.71581513e+00
1.27347030e+03 6.51172677e+00
1.27362340e+03 6.19626925e+00
1.27385305e+03 5.66598088e+00
1.27414078e+03 4.98083032e+00
1.27431502e+03 4.58820495e+00
1.27448927e+03 4.22690372e+00
1.27460543e+03 4.00607023e+00
1.27472160e+03 3.80156133e+00
1.27483776e+03 3.61269719e+00
1.27501201e+03 3.35591577e+00
1.27514446e+03 3.17912230e+00
1.27534312e+03 2.93832936e+00
1.27554179e+03 2.72218015e+00
1.27567424e+03 2.59093429e+00
1.27580668e+03 2.47075871e+00
1.27593913e+03 2.36332011e+00
1.27607157e+03 2.27098226e+00
1.27617702e+03 2.21012410e+00
1.27628247e+03 2.16211359e+00
1.27638792e+03 2.12840411e+00
1.27649337e+03 2.11030429e+00
1.27656368e+03 2.10744924e+00
1.27663397e+03 2.11225171e+00
1.27672973e+03 2.13139553e+00
1.27682549e+03 2.16520789e+00
1.27692125e+03 2.21354475e+00
1.27701700e+03 2.27593428e+00
1.27711276e+03 2.35157613e+00
1.27720852e+03 2.43934691e+00
1.27735215e+03 2.59056058e+00
1.27750660e+03 2.77323965e+00
1.27793290e+03 3.31424277e+00
1.27809276e+03 3.50302068e+00
1.27825262e+03 3.67085293e+00
1.27841504e+03 3.81395413e+00
1.27853686e+03 3.90095862e+00
1.27865868e+03 3.96993259e+00
1.27882111e+03 4.03446556e+00
1.27897705e+03 4.06908718e+00
1.27912650e+03 4.08025041e+00
1.27935067e+03 4.06395480e+00
1.27957485e+03 4.01698104e+00
1.27979903e+03 3.94608183e+00
1.28002320e+03 3.85364594e+00
1.28024738e+03 3.73893548e+00
1.28047156e+03 3.60079113e+00
1.28069573e+03 3.44064505e+00
1.28129354e+03 2.96778480e+00
1.28149915e+03 2.82372292e+00
1.28165336e+03 2.73327570e+00
1.28180757e+03 2.66166131e+00
1.28196178e+03 2.61064290e+00
1.28211599e+03 2.58023249e+00
1.28328002e+03 2.62510675e+00
1.28343085e+03 2.59697716e+00
1.28358168e+03 2.54930209e+00
1.28373251e+03 2.48170927e+00
1.28388334e+03 2.39528243e+00
1.28403417e+03 2.29241179e+00
1.28417959e+03 2.18088578e+00
1.28446504e+03 1.94176403e+00
1.28465534e+03 1.78035677e+00
1.28484564e+03 1.62812190e+00
1.28500282e+03 1.51500868e+00
1.28510761e+03 1.44792769e+00
1.28521239e+03 1.38850517e+00
1.28531718e+03 1.33737165e+00
1.28542197e+03 1.29495686e+00
1.28552675e+03 1.26149396e+00
1.28563154e+03 1.23702866e+00
1.28573180e+03 1.22192533e+00
1.28582434e+03 1.21497554e+00
1.28586901e+03 1.21393791e+00
1.28595836e+03 1.21619230e+00
1.28604771e+03 1.22391501e+00
1.28618173e+03 1.24483898e+00
1.28631575e+03 1.27556116e+00
1.28644977e+03 1.31435854e+00
1.28658380e+03 1.35942912e+00
1.28685184e+03 1.46126338e+00
1.28720923e+03 1.60327864e+00
1.28758983e+03 1.74536578e+00
1.28797042e+03 1.88521043e+00
1.28816072e+03 1.96515114e+00
1.28830345e+03 2.03472054e+00
1.28844617e+03 2.11567873e+00
1.28858890e+03 2.21053224e+00
1.28873162e+03 2.32115042e+00
1.28888773e+03 2.46126844e+00
1.28904384e+03 2.62091966e+00
1.28914791e+03 2.73710844e+00
1.28935606e+03 2.98719337e+00
1.28968751e+03 3.40044977e+00
1.28987246e+03 3.61338116e+00
1.28999576e+03 3.73844127e+00
1.29011906e+03 3.84492932e+00
1.29024236e+03 3.92908278e+00
1.29036566e+03 3.98788687e+00
1.29048896e+03 4.01925633e+00
1.29055060e+03 4.02428468e+00
1.29067311e+03 4.01305382e+00
1.29079562e+03 3.97417917e+00
1.29091813e+03 3.90924532e+00
1.29104063e+03 3.82072371e+00
1.29116314e+03 3.71180400e+00
1.29128565e+03 3.58619228e+00
1.29144899e+03 3.39968624e+00
1.29192241e+03 2.81818703e+00
1.29211761e+03 2.59390953e+00
1.29224774e+03 2.45715897e+00
1.29237787e+03 2.33296989e+00
1.29250801e+03 2.22281370e+00
1.29263814e+03 2.12779148e+00
1.29276827e+03 2.04872316e+00
1.29286587e+03 2.00027527e+00
1.29295144e+03 1.96564400e+00
1.29305752e+03 1.93308503e+00
1.29316359e+03 1.91219734e+00
1.29326967e+03 1.90315183e+00
1.29332271e+03 1.90311321e+00
1.29343859e+03 1.91350375e+00
1.29355447e+03 1.93831516e+00
1.29367036e+03 1.97752237e+00
1.29378624e+03 2.03098052e+00
1.29390213e+03 2.09840632e+00
1.29401801e+03 2.17935571e+00
1.29413389e+03 2.27321278e+00
1.29424977e+03 2.37917723e+00
1.29438648e+03 2.51838494e+00
1.29452318e+03 2.67108949e+00
1.29472823e+03 2.92026562e+00
1.29534340e+03 3.71802445e+00
1.29554932e+03 3.96227345e+00
1.29568660e+03 4.10778662e+00
1.29582388e+03 4.23522896e+00
1.29596116e+03 4.34131868e+00
1.29609845e+03 4.42321151e+00
1.29623573e+03 4.47861346e+00
1.29637301e+03 4.50588484e+00
1.29644165e+03 4.50865573e+00
1.29659919e+03 4.48736367e+00
1.29675673e+03 4.42806953e+00
1.29691428e+03 4.33253595e+00
1.29707182e+03 4.20373613e+00
1.29722936e+03 4.04567881e+00
1.29738691e+03 3.86318355e+00
1.29759696e+03 3.59118049e+00
1.29796456e+03 3.07399356e+00
1.29826763e+03 2.64928449e+00
1.29846167e+03 2.39460743e+00
1.29860720e+03 2.21729741e+00
1.29875273e+03 2.05405085e+00
1.29889825e+03 1.90633650e+00
1.29901695e+03 1.79799016e+00
1.29913564e+03 1.70077049e+00
1.29925433e+03 1.61462955e+00
1.29937302e+03 1.53928972e+00
1.29949172e+03 1.47426047e+00
1.29961041e+03 1.41886407e+00
1.29972910e+03 1.37226159e+00
1.29984779e+03 1.33349037e+00
1.29996520e+03 1.30181823e+00
1.30014131e+03 1.26446347e+00
1.30031741e+03 1.23623640e+00
1.30055222e+03 1.20763915e+00
1.30090444e+03 1.17504111e+00
1.30113925e+03 1.15901838e+00
1.30131536e+03 1.15214563e+00
1.30137406e+03 1.15130456e+00
1.30155017e+03 1.15462695e+00
1.30166758e+03 1.16281565e+00
1.30180603e+03 1.17990174e+00
1.30192565e+03 1.20191770e+00
1.30204526e+03 1.23112187e+00
1.30216488e+03 1.26763415e+00
1.30228450e+03 1.31121460e+00
1.30244399e+03 1.37918787e+00
1.30260348e+03 1.45606696e+00
1.30300220e+03 1.66221786e+00
1.30319976e+03 1.75532789e+00
1.30334792e+03 1.81447480e+00
1.30349609e+03 1.86150280e+00
1.30364425e+03 1.89468767e+00
1.30379242e+03 1.91329995e+00
1.30390084e+03 1.91780780e+00
1.30406348e+03 1.91116338e+00
1.30422612e+03 1.89057841e+00
1.30438875e+03 1.85916271e+00
1.30465981e+03 1.79231727e+00
1.30498508e+03 1.70802068e+00
1.30520193e+03 1.66085749e+00
1.30536457e+03 1.63486296e+00
1.30552720e+03 1.61982331e+00
1.30562079e+03 1.61717014e+00
1.30575181e+03 1.62202150e+00
1.30587461e+03 1.63678494e+00
1.30597047e+03 1.65592892e+00
1.30606633e+03 1.68229329e+00
1.30616219e+03 1.71629577e+00
1.30625806e+03 1.75825195e+00
1.30635392e+03 1.80833866e+00
1.30644978e+03 1.86656376e+00
1.30654564e+03 1.93273038e+00
1.30669771e+03 2.05285146e+00
1.30680185e+03 2.14449440e+00
1.30701012e+03 2.34416020e+00
1.30732253e+03 2.65354741e+00
1.30746796e+03 2.78520468e+00
1.30759183e+03 2.88345313e+00
1.30771571e+03 2.96437093e+00
1.30783959e+03 3.02419507e+00
1.30796347e+03 3.05992380e+00
1.30808735e+03 3.06951821e+00
1.30819200e+03 3.05653773e+00
1.30829664e+03 3.02431767e+00
1.30840128e+03 2.97355923e+00
1.30850593e+03 2.90554570e+00
1.30861057e+03 2.82208934e+00
1.30871521e+03 2.72545790e+00
1.30885474e+03 2.58071240e+00
1.30913379e+03 2.26304654e+00
1.30928217e+03 2.09466881e+00
1.30940010e+03 1.96816958e+00
1.30951804e+03 1.85192212e+00
1.30963597e+03 1.74877106e+00
1.30971459e+03 1.68838318e+00
1.30979321e+03 1.63526796e+00
1.30987442e+03 1.58839108e+00
1.30995820e+03 1.54873418e+00
1.31004198e+03 1.51796851e+00
1.31012576e+03 1.49597252e+00
1.31019864e+03 1.48375631e+00
1.31029935e+03 1.47692902e+00
1.31031097e+03 1.47685576e+00
1.31041556e+03 1.48237717e+00
1.31050853e+03 1.49583545e+00
1.31060150e+03 1.51620034e+00
1.31072545e+03 1.55201170e+00
1.31091139e+03 1.61809009e+00
1.31124116e+03 1.74252537e+00
1.31140490e+03 1.79422247e+00
1.31152770e+03 1.82424752e+00
1.31165050e+03 1.84502178e+00
1.31177330e+03 1.85552711e+00
1.31181423e+03 1.85664893e+00
1.31194776e+03 1.85197354e+00
1.31208129e+03 1.83489499e+00
1.31221482e+03 1.80643149e+00
1.31234835e+03 1.76818135e+00
1.31252639e+03 1.70553392e+00
1.31306051e+03 1.49133698e+00
1.31323855e+03 1.42863100e+00
1.31340648e+03 1.37931314e+00
1.31353243e+03 1.34969052e+00
1.31365838e+03 1.32683582e+00
1.31378432e+03 1.31089992e+00
1.31391027e+03 1.30186857e+00
1.31399737e+03 1.29960992e+00
1.31412802e+03 1.30224605e+00
1.31425868e+03 1.31206204e+00
1.31438933e+03 1.32914054e+00
1.31451998e+03 1.35377195e+00
1.31465064e+03 1.38649032e+00
1.31478129e+03 1.42807168e+00
1.31491195e+03 1.47949642e+00
1.31504260e+03 1.54186879e+00
1.31517325e+03 1.61629920e+00
1.31530390e+03 1.70375431e+00
1.31540709e+03 1.78247034e+00
1.31551027e+03 1.86983696e+00
1.31561345e+03 1.96572019e+00
1.31576823e+03 2.12449344e+00
1.31592300e+03 2.29855087e+00
1.31637658e+03 2.84521375e+00
1.31656199e+03 3.05200833e+00
1.31668559e+03 3.17296905e+00
1.31680920e+03 3.27531822e+00
1.31693280e+03 3.35524041e+00
1.31705641e+03 3.40967708e+00
1.31717776e+03 3.43628930e+00
1.31723730e+03 3.43928738e+00
1.31734339e+03 3.42812398e+00
1.31744948e+03 3.39621002e+00
1.31755557e+03 3.34455439e+00
1.31766166e+03 3.27473871e+00
1.31780312e+03 3.15706244e+00
1.31794457e+03 3.01686697e+00
1.31815675e+03 2.77945577e+00
1.31847040e+03 2.41511394e+00
1.31862260e+03 2.25106200e+00
1.31872406e+03 2.15096118e+00
1.31882553e+03 2.06003729e+00
1.31892700e+03 1.97944297e+00
1.31902846e+03 1.91000050e+00
1.31912993e+03 1.85221285e+00
1.31921665e+03 1.81221071e+00
1.31932462e+03 1.77441691e+00
1.31943259e+03 1.74953885e+00
1.31954573e+03 1.73652621e+00
1.31962287e+03 1.73473334e+00
1.31973859e+03 1.74169281e+00
1.31985430e+03 1.75866931e+00
1.32000859e+03 1.79351906e+00
1.32024002e+03 1.86194206e+00
1.32054859e+03 1.95806326e+00
1.32075362e+03 2.01074146e+00
1.32090583e+03 2.03976623e+00
1.32105805e+03 2.05911737e+00
1.32123573e+03 2.06997341e+00
1.32136267e+03 2.07118253e+00
1.32174349e+03 2.05687301e+00
1.32199737e+03 2.04733452e+00
1.32212431e+03 2.04606243e+00
1.32325986e+03 2.09870901e+00
1.32352441e+03 2.09206562e+00
1.32395431e+03 2.07423370e+00
1.32398738e+03 2.07405481e+00
1.32418579e+03 2.08168977e+00
1.32431807e+03 2.09756903e+00
1.32446958e+03 2.12897122e+00
1.32462109e+03 2.17588297e+00
1.32477261e+03 2.23839106e+00
1.32492412e+03 2.31502126e+00
1.32515138e+03 2.44949326e+00
1.32553016e+03 2.68497683e+00
1.32569249e+03 2.77198469e+00
1.32585482e+03 2.84138006e+00
1.32597656e+03 2.87904722e+00
1.32609831e+03 2.90304216e+00
1.32622122e+03 2.91300151e+00
1.32626297e+03 2.91317388e+00
1.32634646e+03 2.90884613e+00
1.32651345e+03 2.88321639e+00
1.32668044e+03 2.83956691e+00
1.32709791e+03 2.70150814e+00
1.32726490e+03 2.65726167e+00
1.32739014e+03 2.63582697e+00
1.32751538e+03 2.62763086e+00
1.32762726e+03 2.63333248e+00
1.32775389e+03 2.65608587e+00
1.32788052e+03 2.69699955e+00
1.32800715e+03 2.75617894e+00
1.32813378e+03 2.83291950e+00
1.32826041e+03 2.92572939e+00
1.32838704e+03 3.03237763e+00
1.32855588e+03 3.19100762e+00
1.32897797e+03 3.61425683e+00
1.32918082e+03 3.79599825e+00
1.32933297e+03 3.90849104e+00
1.32948510e+03 3.99361848e+00
1.32963724e+03 4.04659884e+00
1.32978938e+03 4.06441984e+00
1.32992278e+03 4.05028573e+00
1.33005617e+03 4.00900743e+00
1.33018957e+03 3.94248013e+00
1.33032296e+03 3.85369691e+00
1.33050082e+03 3.70753057e+00
1.33076761e+03 3.45127535e+00
1.33112333e+03 3.10024604e+00
1.33131256e+03 2.93294130e+00
1.33146300e+03 2.81620473e+00
1.33161344e+03 2.71572180e+00
1.33176388e+03 2.63159314e+00
1.33191432e+03 2.56262909e+00
1.33211490e+03 2.49036964e+00
1.33231549e+03 2.43422640e+00
1.33291749e+03 2.29206884e+00
1.33321910e+03 2.20726016e+00
1.33372179e+03 2.05275630e+00
1.33387260e+03 2.01549581e+00
1.33402340e+03 1.99016604e+00
1.33415536e+03 1.98214149e+00
1.33427475e+03 1.98978252e+00
1.33437529e+03 2.00956812e+00
1.33446467e+03 2.03901748e+00
1.33454290e+03 2.07500362e+00
1.33462112e+03 2.12138087e+00
1.33469935e+03 2.17891117e+00
1.33477758e+03 2.24828163e+00
1.33485581e+03 2.33008070e+00
1.33493404e+03 2.42478291e+00
1.33501227e+03 2.53272494e+00
1.33508288e+03 2.64168804e+00
1.33517739e+03 2.80462926e+00
1.33527190e+03 2.98682507e+00
1.33536641e+03 3.18748924e+00
1.33542941e+03 3.33092434e+00
1.33555543e+03 3.63870138e+00
1.33567742e+03 3.95905959e+00
1.33588074e+03 4.52493486e+00
1.33612473e+03 5.21214668e+00
1.33625793e+03 5.56711083e+00
1.33641356e+03 5.94300765e+00
1.33651731e+03 6.16153698e+00
1.33662106e+03 6.34844355e+00
1.33672481e+03 6.49931359e+00
1.33682856e+03 6.61054253e+00
1.33693231e+03 6.67947369e+00
1.33703606e+03 6.70450051e+00
1.33714383e+03 6.68348522e+00
1.33725160e+03 6.61529135e+00
1.33735937e+03 6.50190557e+00
1.33746714e+03 6.34647625e+00
1.33757492e+03 6.15316223e+00
1.33768269e+03 5.92693830e+00
1.33782639e+03 5.58381087e+00
1.33797008e+03 5.20623765e+00
1.33843658e+03 3.90889399e+00
1.33856207e+03 3.57740196e+00
1.33868754e+03 3.26451158e+00
1.33879195e+03 3.02104245e+00
1.33889636e+03 2.79452536e+00
1.33900077e+03 2.58591907e+00
1.33910518e+03 2.39572761e+00
1.33920959e+03 2.22408170e+00
1.33929268e+03 2.10064050e+00
1.33938925e+03 1.97156431e+00
1.33948582e+03 1.85760421e+00
1.33958239e+03 1.75831577e+00
1.33965482e+03 1.69319725e+00
1.33972725e+03 1.63586884e+00
1.33979968e+03 1.58613884e+00
1.33987211e+03 1.54382441e+00
1.33994454e+03 1.50875241e+00
1.34001696e+03 1.48076399e+00
1.34011324e+03 1.45427288e+00
1.34020951e+03 1.43971464e+00
1.34027369e+03 1.43648917e+00
1.34036415e+03 1.44055324e+00
1.34045462e+03 1.45446580e+00
1.34054508e+03 1.47796031e+00
1.34063555e+03 1.51073752e+00
1.34072602e+03 1.55245369e+00
1.34081648e+03 1.60270487e+00
1.34090695e+03 1.66101864e+00
1.34099741e+03 1.72684325e+00
1.34110584e+03 1.81473053e+00
1.34121426e+03 1.91122255e+00
1.34137690e+03 2.06888346e+00
1.34164796e+03 2.35189959e+00
1.34193026e+03 2.64568682e+00
1.34212662e+03 2.83148691e+00
1.34225753e+03 2.94080615e+00
1.34238844e+03 3.03546923e+00
1.34251934e+03 3.11352300e+00
1.34265025e+03 3.17368158e+00
1.34278116e+03 3.21539516e+00
1.34291206e+03 3.23887367e+00
1.34301288e+03 3.24510472e+00
1.34316411e+03 3.23686279e+00
1.34331534e+03 3.21059761e+00
1.34351698e+03 3.15508548e+00
1.34392027e+03 3.01986578e+00
1.34412191e+03 2.96575145e+00
1.34427314e+03 2.94077455e+00
1.34442437e+03 2.93368605e+00
1.34457065e+03 2.94672351e+00
1.34470705e+03 2.97807349e+00
1.34484344e+03 3.02847925e+00
1.34497984e+03 3.09748652e+00
1.34507077e+03 3.15314040e+00
1.34525263e+03 3.28437355e+00
1.34552542e+03 3.51474326e+00
1.34579821e+03 3.75054012e+00
1.34598007e+03 3.88820766e+00
1.34611168e+03 3.96901045e+00
1.34624329e+03 4.02895200e+00
1.34637489e+03 4.06453807e+00
1.34650650e+03 4.07349917e+00
1.34662010e+03 4.05916076e+00
1.34673369e+03 4.02479410e+00
1.34688516e+03 3.95029587e+00
1.34703662e+03 3.84839812e+00
1.34726381e+03 3.66272541e+00
1.34749101e+03 3.46987723e+00
1.34764247e+03 3.35713620e+00
1.34777020e+03 3.28214110e+00
1.34787421e+03 3.23945611e+00
1.34797821e+03 3.21656958e+00
1.34803021e+03 3.21336840e+00
1.34813421e+03 3.22477363e+00
1.34821651e+03 3.25148991e+00
1.34829880e+03 3.29441389e+00
1.34838110e+03 3.35377758e+00
1.34846340e+03 3.42952321e+00
1.34854569e+03 3.52129917e+00
1.34862799e+03 3.62846066e+00
1.34875143e+03 3.81593420e+00
1.34887835e+03 4.03797233e+00
1.34896411e+03 4.20183951e+00
1.34913564e+03 4.55298843e+00
1.34947870e+03 5.27499007e+00
1.34962997e+03 5.56410470e+00
1.34978124e+03 5.81315275e+00
1.34988208e+03 5.94995359e+00
1.34998293e+03 6.05911544e+00
1.35008377e+03 6.13761990e+00
1.35018462e+03 6.18310433e+00
1.35028546e+03 6.19393054e+00
1.35038531e+03 6.16965062e+00
1.35048516e+03 6.11046787e+00
1.35058500e+03 6.01706214e+00
1.35068485e+03 5.89084510e+00
1.35078470e+03 5.73390255e+00
1.35088454e+03 5.54892283e+00
1.35101767e+03 5.26427346e+00
1.35115080e+03 4.94420066e+00
1.35128393e+03 4.59819483e+00
1.35174794e+03 3.32763028e+00
1.35190315e+03 2.92516390e+00
1.35200159e+03 2.68494998e+00
1.35210002e+03 2.45898181e+00
1.35219846e+03 2.24897375e+00
1.35227308e+03 2.10124199e+00
1.35234769e+03 1.96389729e+00
1.35242231e+03 1.83726139e+00
1.35249693e+03 1.72156095e+00
1.35257155e+03 1.61692104e+00
1.35262765e+03 1.54555955e+00
1.35269011e+03 1.47348398e+00
1.35275257e+03 1.40913111e+00
1.35281503e+03 1.35242428e+00
1.35287749e+03 1.30326028e+00
1.35293996e+03 1.26151260e+00
1.35300242e+03 1.22703436e+00
1.35306488e+03 1.19966131e+00
1.35312520e+03 1.17980027e+00
1.35318338e+03 1.16659960e+00
1.35325552e+03 1.15810110e+00
1.35329856e+03 1.15705252e+00
1.35336313e+03 1.16092385e+00
1.35342769e+03 1.17109692e+00
1.35349226e+03 1.18730147e+00
1.35355682e+03 1.20925632e+00
1.35364291e+03 1.24696746e+00
1.35372900e+03 1.29365548e+00
1.35381509e+03 1.34855721e+00
1.35390118e+03 1.41086934e+00
1.35399871e+03 1.48935232e+00
1.35409624e+03 1.57496733e+00
1.35424255e+03 1.71377518e+00
1.35468144e+03 2.15898051e+00
1.35487266e+03 2.34167643e+00
1.35500014e+03 2.45220467e+00
1.35512762e+03 2.55094969e+00
1.35525509e+03 2.63619956e+00
1.35538257e+03 2.70695322e+00
1.35551005e+03 2.76299527e+00
1.35563752e+03 2.80492487e+00
1.35581953e+03 2.84323905e+00
1.35593781e+03 2.85726561e+00
1.35647004e+03 2.88464883e+00
1.35664744e+03 2.90730173e+00
1.35679284e+03 2.93920888e+00
1.35693825e+03 2.98530184e+00
1.35703518e+03 3.02425273e+00
1.35722905e+03 3.12093019e+00
1.35742291e+03 3.23840264e+00
1.35790758e+03 3.56468614e+00
1.35810145e+03 3.67976879e+00
1.35825659e+03 3.75491401e+00
1.35843123e+03 3.81623693e+00
1.35860587e+03 3.84958763e+00
1.35871761e+03 3.85558209e+00
1.35883535e+03 3.84908436e+00
1.35900661e+03 3.81744519e+00
1.35917787e+03 3.76238081e+00
1.35934913e+03 3.68804808e+00
1.35960602e+03 3.55058408e+00
1.36003417e+03 3.28766537e+00
1.36054795e+03 2.96953881e+00
1.36089047e+03 2.76959747e+00
1.36123299e+03 2.58186960e+00
1.36157242e+03 2.41075261e+00
1.36182469e+03 2.29582309e+00
1.36207695e+03 2.19299589e+00
1.36232922e+03 2.10248831e+00
1.36258148e+03 2.02289244e+00
1.36291783e+03 1.92850226e+00
1.36342236e+03 1.79257825e+00
1.36375872e+03 1.69326475e+00
1.36409507e+03 1.58317733e+00
1.36453418e+03 1.43334903e+00
1.36470982e+03 1.37787114e+00
1.36488546e+03 1.32914775e+00
1.36501719e+03 1.29890255e+00
1.36514892e+03 1.27547247e+00
1.36528066e+03 1.26001570e+00
1.36541239e+03 1.25350770e+00
1.36543434e+03 1.25334814e+00
1.36553391e+03 1.25607016e+00
1.36563501e+03 1.26472847e+00
1.36573611e+03 1.27938758e+00
1.36583721e+03 1.29997965e+00
1.36597202e+03 1.33629705e+00
1.36610682e+03 1.38194003e+00
1.36624162e+03 1.43565825e+00
1.36644382e+03 1.52777816e+00
1.36696935e+03 1.78605107e+00
1.36712565e+03 1.85450664e+00
1.36728194e+03 1.91405307e+00
1.36743823e+03 1.96282341e+00
1.36759452e+03 1.99979019e+00
1.36775081e+03 2.02483121e+00
1.36790756e+03 2.03874078e+00
1.36806476e+03 2.04302078e+00
1.36830055e+03 2.03642805e+00
1.36861495e+03 2.01882859e+00
1.36882619e+03 2.01309446e+00
1.36900795e+03 2.01913745e+00
1.36916144e+03 2.03590653e+00
1.36931123e+03 2.06534713e+00
1.36946101e+03 2.11009293e+00
1.36957335e+03 2.15500287e+00
1.36968568e+03 2.21054520e+00
1.36979802e+03 2.27740333e+00
1.36991036e+03 2.35609875e+00
1.37002270e+03 2.44694891e+00
1.37013503e+03 2.55001364e+00
1.37028481e+03 2.70594885e+00
1.37040359e+03 2.84366121e+00
1.37058174e+03 3.07019222e+00
1.37081929e+03 3.39773420e+00
1.37111621e+03 3.81233919e+00
1.37128252e+03 4.02581473e+00
1.37142512e+03 4.18669440e+00
1.37156771e+03 4.31946640e+00
1.37171031e+03 4.41768477e+00
1.37180538e+03 4.46133448e+00
1.37190044e+03 4.48612791e+00
1.37199551e+03 4.49127488e+00
1.37211410e+03 4.46958456e+00
1.37223270e+03 4.41683407e+00
1.37235129e+03 4.33410810e+00
1.37246989e+03 4.22341007e+00
1.37258849e+03 4.08756488e+00
1.37270708e+03 3.93007666e+00
1.37286521e+03 3.69340304e+00
1.37310240e+03 3.30229096e+00
1.37341251e+03 2.77709459e+00
1.37356450e+03 2.53237735e+00
1.37371649e+03 2.30407264e+00
1.37383047e+03 2.14604926e+00
1.37391864e+03 2.03238337e+00
1.37401899e+03 1.91251858e+00
1.37411933e+03 1.80292799e+00
1.37421968e+03 1.70356125e+00
1.37432002e+03 1.61417870e+00
1.37442037e+03 1.53440307e+00
1.37452071e+03 1.46376235e+00
1.37462106e+03 1.40173758e+00
1.37472825e+03 1.34440743e+00
1.37484228e+03 1.29288973e+00
1.37495631e+03 1.25055372e+00
1.37507035e+03 1.21696457e+00
1.37518438e+03 1.19188663e+00
1.37529841e+03 1.17529711e+00
1.37541245e+03 1.16738753e+00
1.37546946e+03 1.16680213e+00
1.37555499e+03 1.17031504e+00
1.37563327e+03 1.17834545e+00
1.37573281e+03 1.19556765e+00
1.37583236e+03 1.22110012e+00
1.37593190e+03 1.25544822e+00
1.37603145e+03 1.29909437e+00
1.37613099e+03 1.35245934e+00
1.37623054e+03 1.41586608e+00
1.37633008e+03 1.48950154e+00
1.37641557e+03 1.56091992e+00
1.37652271e+03 1.66092803e+00
1.37662984e+03 1.77214973e+00
1.37673698e+03 1.89376443e+00
1.37687983e+03 2.07001179e+00
1.37703779e+03 2.27939655e+00
1.37738394e+03 2.75817919e+00
1.37755702e+03 2.98640491e+00
1.37768997e+03 3.14675501e+00
1.37782923e+03 3.29481696e+00
1.37796849e+03 3.41770687e+00
1.37810775e+03 3.51165189e+00
1.37820059e+03 3.55697462e+00
1.37833985e+03 3.59823603e+00
1.37847138e+03 3.60813866e+00
1.37859903e+03 3.59230287e+00
1.37872669e+03 3.55398293e+00
1.37885434e+03 3.49662282e+00
1.37898200e+03 3.42432022e+00
1.37923731e+03 3.25297412e+00
1.37949262e+03 3.07576014e+00
1.37966283e+03 2.96962093e+00
1.37980789e+03 2.89264796e+00
1.37998775e+03 2.81829820e+00
1.38016762e+03 2.76890736e+00
1.38032023e+03 2.74593432e+00
1.38048237e+03 2.73838782e+00
1.38069084e+03 2.74885058e+00
1.38096880e+03 2.78380319e+00
1.38133942e+03 2.83181474e+00
1.38152472e+03 2.84220621e+00
1.38171003e+03 2.83633865e+00
1.38187282e+03 2.81452820e+00
1.38203561e+03 2.77517300e+00
1.38219840e+03 2.71741059e+00
1.38236119e+03 2.64145862e+00
1.38252398e+03 2.54863771e+00
1.38268677e+03 2.44131677e+00
1.38293095e+03 2.26049485e+00
1.38333833e+03 1.94080681e+00
1.38350132e+03 1.81956270e+00
1.38366431e+03 1.70832729e+00
1.38377297e+03 1.64144595e+00
1.38392327e+03 1.56033212e+00
1.38404817e+03 1.50409891e+00
1.38417307e+03 1.45875751e+00
1.38429797e+03 1.42470921e+00
1.38442288e+03 1.40207473e+00
1.38454778e+03 1.39070510e+00
1.38463421e+03 1.38922940e+00
1.38476384e+03 1.39632121e+00
1.38489348e+03 1.41377140e+00
1.38502312e+03 1.44046640e+00
1.38515276e+03 1.47510224e+00
1.38532561e+03 1.53111201e+00
1.38558488e+03 1.62859422e+00
1.38599517e+03 1.78783009e+00
1.38618892e+03 1.85416055e+00
1.38638267e+03 1.90977501e+00
1.38657642e+03 1.95238985e+00
1.38677018e+03 1.98093625e+00
1.38696393e+03 1.99555024e+00
1.38706937e+03 1.99804984e+00
1.38728026e+03 1.99306774e+00
1.38759660e+03 1.96725826e+00
1.38801838e+03 1.92032418e+00
1.38833471e+03 1.89329686e+00
1.38854560e+03 1.88484417e+00
1.38865105e+03 1.88408832e+00
1.38892672e+03 1.89303752e+00
1.38920239e+03 1.91480516e+00
1.38966185e+03 1.95766484e+00
1.38984563e+03 1.96766062e+00
1.38993752e+03 1.96949937e+00
1.39012130e+03 1.96529949e+00
1.39030498e+03 1.94939868e+00
1.39048866e+03 1.92168572e+00
1.39067233e+03 1.88376060e+00
1.39122337e+03 1.74826316e+00
1.39140704e+03 1.71396371e+00
1.39154480e+03 1.69763718e+00
1.39168235e+03 1.69148587e+00
1.39181788e+03 1.69667064e+00
1.39194955e+03 1.71309495e+00
1.39208122e+03 1.74084557e+00
1.39221290e+03 1.77945124e+00
1.39230068e+03 1.81073719e+00
1.39247624e+03 1.88466013e+00
1.39265180e+03 1.96991078e+00
1.39309071e+03 2.19583121e+00
1.39326506e+03 2.27516616e+00
1.39343818e+03 2.34009495e+00
1.39356803e+03 2.37719557e+00
1.39369787e+03 2.40285103e+00
1.39382772e+03 2.41614117e+00
1.39387100e+03 2.41772432e+00
1.39402910e+03 2.41124654e+00
1.39418720e+03 2.38574399e+00
1.39434530e+03 2.34215675e+00
1.39450340e+03 2.28209633e+00
1.39466150e+03 2.20769428e+00
1.39481960e+03 2.12144343e+00
1.39503039e+03 1.99269540e+00
1.39567008e+03 1.56880667e+00
1.39583912e+03 1.46307682e+00
1.39600815e+03 1.36490657e+00
1.39617719e+03 1.27624840e+00
1.39628988e+03 1.22319884e+00
1.39640257e+03 1.17539859e+00
1.39650654e+03 1.13616006e+00
1.39664941e+03 1.09004905e+00
1.39679228e+03 1.05301782e+00
1.39693514e+03 1.02487726e+00
1.39707801e+03 1.00520715e+00
1.39722088e+03 9.93388215e-01
1.39734768e+03 9.88849015e-01
1.39738995e+03 9.88468212e-01
1.39755902e+03 9.91955613e-01
1.39772810e+03 1.00224805e+00
1.39789717e+03 1.01773967e+00
1.39815078e+03 1.04745601e+00
1.39891160e+03 1.14835846e+00
1.39924974e+03 1.18761835e+00
1.39958788e+03 1.21982500e+00
1.39992603e+03 1.24332855e+00
1.40027617e+03 1.25811027e+00
1.40059658e+03 1.26690241e+00
1.40080027e+03 1.27466974e+00
1.40100396e+03 1.28909025e+00
1.40115673e+03 1.30748759e+00
1.40127332e+03 1.32760057e+00
1.40140464e+03 1.35801954e+00
1.40153595e+03 1.39797922e+00
1.40166727e+03 1.44855790e+00
1.40179859e+03 1.51041111e+00
1.40192991e+03 1.58365201e+00
1.40206123e+03 1.66776684e+00
1.40219255e+03 1.76156706e+00
1.40236200e+03 1.89383858e+00
1.40277719e+03 2.23601701e+00
1.40293289e+03 2.35526953e+00
1.40308859e+03 2.46143401e+00
1.40322876e+03 2.54247668e+00
1.40336892e+03 2.60778893e+00
1.40350909e+03 2.65672900e+00
1.40364925e+03 2.68997113e+00
1.40462031e+03 2.75307642e+00
1.40475441e+03 2.78462201e+00
1.40488852e+03 2.82958997e+00
1.40506732e+03 2.91027360e+00
1.40524612e+03 3.01125799e+00
1.40571802e+03 3.31477719e+00
1.40590927e+03 3.41915748e+00
1.40603676e+03 3.47235038e+00
1.40616426e+03 3.50855928e+00
1.40629176e+03 3.52532315e+00
1.40635550e+03 3.52589294e+00
1.40648069e+03 3.51137330e+00
1.40660587e+03 3.47619093e+00
1.40673106e+03 3.42122509e+00
1.40685624e+03 3.34820430e+00
1.40702316e+03 3.22708925e+00
1.40719007e+03 3.08564005e+00
1.40769081e+03 2.62418913e+00
1.40786747e+03 2.47768630e+00
1.40798525e+03 2.39147270e+00
1.40810303e+03 2.31643904e+00
1.40822081e+03 2.25388007e+00
1.40833859e+03 2.20471071e+00
1.40845637e+03 2.16947812e+00
1.40857414e+03 2.14838547e+00
1.40869892e+03 2.14132868e+00
1.40880872e+03 2.14774215e+00
1.40894049e+03 2.17019908e+00
1.40907225e+03 2.20745986e+00
1.40916010e+03 2.23967647e+00
1.40933579e+03 2.31902972e+00
1.40951148e+03 2.41342094e+00
1.40995070e+03 2.66987775e+00
1.41012090e+03 2.75820882e+00
1.41028562e+03 2.82811028e+00
1.41045033e+03 2.87747664e+00
1.41057387e+03 2.89862794e+00
1.41069741e+03 2.90495198e+00
1.41083104e+03 2.89456153e+00
1.41096467e+03 2.86647686e+00
1.41109830e+03 2.82173798e+00
1.41123193e+03 2.76217449e+00
1.41141011e+03 2.66413821e+00
1.41167737e+03 2.49283845e+00
1.41194463e+03 2.31866330e+00
1.41212280e+03 2.21575621e+00
1.41223897e+03 2.15904282e+00
1.41235514e+03 2.11293409e+00
1.41247130e+03 2.07923372e+00
1.41258747e+03 2.05951041e+00
1.41266491e+03 2.05478882e+00
1.41274235e+03 2.05719811e+00
1.41284868e+03 2.07261448e+00
1.41295501e+03 2.10251936e+00
1.41306133e+03 2.14724167e+00
1.41316766e+03 2.20688442e+00
1.41327399e+03 2.28130722e+00
1.41338031e+03 2.37009940e+00
1.41348664e+03 2.47256210e+00
1.41359296e+03 2.58767951e+00
1.41374440e+03 2.77076175e+00
1.41389583e+03 2.97164943e+00
1.41429965e+03 3.54165203e+00
1.41445127e+03 3.74464581e+00
1.41460324e+03 3.92797392e+00
1.41475521e+03 4.08246441e+00
1.41485652e+03 4.16566985e+00
1.41495783e+03 4.23090708e+00
1.41505915e+03 4.27683113e+00
1.41516046e+03 4.30260505e+00
1.41523778e+03 4.30851966e+00
1.41536625e+03 4.29235621e+00
1.41548260e+03 4.25099019e+00
1.41559896e+03 4.18652561e+00
1.41575409e+03 4.07017924e+00
1.41590923e+03 3.92787208e+00
1.41629707e+03 3.53264859e+00
1.41645221e+03 3.38908463e+00
1.41658892e+03 3.28186987e+00
1.41672564e+03 3.19827601e+00
1.41682818e+03 3.15335713e+00
1.41693072e+03 3.12474567e+00
1.41704822e+03 3.11244502e+00
1.41705805e+03 3.11240293e+00
1.41715633e+03 3.12016417e+00
1.41727428e+03 3.14827711e+00
1.41739222e+03 3.19502324e+00
1.41754948e+03 3.28177369e+00
1.41770673e+03 3.38960309e+00
1.41825714e+03 3.82115864e+00
1.41845733e+03 3.96364759e+00
1.41865753e+03 4.08979116e+00
1.41925812e+03 4.42525906e+00
1.41945831e+03 4.55668341e+00
1.41965851e+03 4.71323629e+00
1.41985870e+03 4.89754819e+00
1.42012072e+03 5.17327532e+00
1.42055742e+03 5.65040558e+00
1.42073210e+03 5.81751400e+00
1.42090678e+03 5.95818115e+00
1.42108146e+03 6.06866225e+00
1.42125614e+03 6.15013536e+00
1.42199522e+03 6.37618228e+00
1.42216681e+03 6.46231629e+00
1.42233839e+03 6.57624916e+00
1.42259577e+03 6.79311601e+00
1.42293894e+03 7.11011458e+00
1.42311052e+03 7.24235076e+00
1.42328211e+03 7.33178596e+00
1.42341034e+03 7.36061261e+00
1.42345277e+03 7.36187531e+00
1.42357922e+03 7.33918731e+00
1.42370393e+03 7.27627367e+00
1.42382864e+03 7.17252232e+00
1.42395335e+03 7.02928116e+00
1.42403649e+03 6.91332025e+00
1.42420277e+03 6.63827654e+00
1.42436906e+03 6.31702797e+00
1.42461848e+03 5.78221762e+00
1.42498611e+03 4.97476430e+00
1.42516343e+03 4.61051807e+00
1.42534074e+03 4.27508892e+00
1.42551805e+03 3.97252983e+00
1.42569537e+03 3.70371546e+00
1.42586058e+03 3.48253520e+00
1.42600159e+03 3.31473027e+00
1.42614261e+03 3.16503414e+00
1.42628362e+03 3.03258636e+00
1.42642464e+03 2.91702619e+00
1.42656565e+03 2.81864911e+00
1.42670666e+03 2.73850329e+00
1.42684768e+03 2.67844582e+00
1.42694169e+03 2.65084957e+00
1.42703570e+03 2.63432963e+00
1.42712970e+03 2.63000798e+00
1.42722371e+03 2.63913165e+00
1.42731772e+03 2.66305148e+00
1.42742159e+03 2.70840384e+00
1.42749949e+03 2.75660866e+00
1.42757739e+03 2.81790871e+00
1.42765529e+03 2.89312524e+00
1.42773319e+03 2.98303871e+00
1.42781109e+03 3.08837344e+00
1.42788899e+03 3.20976138e+00
1.42796689e+03 3.34772971e+00
1.42804479e+03 3.50266890e+00
1.42812269e+03 3.67480820e+00
1.42821897e+03 3.91136652e+00
1.42832443e+03 4.20026480e+00
1.42842990e+03 4.51903956e+00
1.42853536e+03 4.86557142e+00
1.42867599e+03 5.36536045e+00
1.42886199e+03 6.07647882e+00
1.42923910e+03 7.56561500e+00
1.42936718e+03 8.03944593e+00
1.42952517e+03 8.56791359e+00
1.42963049e+03 8.87405040e+00
1.42973582e+03 9.13512246e+00
1.42984114e+03 9.34515131e+00
1.42994646e+03 9.49928115e+00
1.43005179e+03 9.59398680e+00
1.43015711e+03 9.62722028e+00
1.43026496e+03 9.59705826e+00
1.43037282e+03 9.50316321e+00
1.43048067e+03 9.34847152e+00
1.43058852e+03 9.13751838e+00
1.43069638e+03 8.87625480e+00
1.43080423e+03 8.57180732e+00
1.43094803e+03 8.11265021e+00
1.43116374e+03 7.35173113e+00
1.43146193e+03 6.27260773e+00
1.43161631e+03 5.74875239e+00
1.43173210e+03 5.38554402e+00
1.43184788e+03 5.05347766e+00
1.43192508e+03 4.85112480e+00
1.43202836e+03 4.60538678e+00
1.43213165e+03 4.38877612e+00
1.43223494e+03 4.20098158e+00
1.43233822e+03 4.04090796e+00
1.43244151e+03 3.90679829e+00
1.43254480e+03 3.79637027e+00
1.43264809e+03 3.70695769e+00
1.43275137e+03 3.63565085e+00
1.43290009e+03 3.55870318e+00
1.43304880e+03 3.50416289e+00
1.43327188e+03 3.44681644e+00
1.43356849e+03 3.38369727e+00
1.43390186e+03 3.29944284e+00
1.43456861e+03 3.09378759e+00
1.43490199e+03 3.01026540e+00
1.43550817e+03 2.90037572e+00
1.43573235e+03 2.84921820e+00
1.43592476e+03 2.78909763e+00
1.43611717e+03 2.70973814e+00
1.43630958e+03 2.61003279e+00
1.43650200e+03 2.49205701e+00
1.43679061e+03 2.29231532e+00
1.43707923e+03 2.08741697e+00
1.43723975e+03 1.98086419e+00
1.43736838e+03 1.90259890e+00
1.43749701e+03 1.83217560e+00
1.43762564e+03 1.77044289e+00
1.43775426e+03 1.71770827e+00
1.43788289e+03 1.67375508e+00
1.43801152e+03 1.63789568e+00
1.43820446e+03 1.59684649e+00
1.43844621e+03 1.56030721e+00
1.43890646e+03 1.50183126e+00
1.43912497e+03 1.46597881e+00
1.43934349e+03 1.42063919e+00
1.43956200e+03 1.36604397e+00
1.44021754e+03 1.18009104e+00
1.44038142e+03 1.13925776e+00
1.44051075e+03 1.11143123e+00
1.44066015e+03 1.08520622e+00
1.44080955e+03 1.06613467e+00
1.44095895e+03 1.05468695e+00
1.44109795e+03 1.05094978e+00
1.44122657e+03 1.05322143e+00
1.44135518e+03 1.06060524e+00
1.44154810e+03 1.08004844e+00
1.44174102e+03 1.10749911e+00
1.44193394e+03 1.14052872e+00
1.44231978e+03 1.21513732e+00
1.44270562e+03 1.29521526e+00
1.44296284e+03 1.35436943e+00
1.44319414e+03 1.41622905e+00
1.44339951e+03 1.48156235e+00
1.44355354e+03 1.53848411e+00
1.44370757e+03 1.60276420e+00
1.44391295e+03 1.69964174e+00
1.44411832e+03 1.80728653e+00
1.44463176e+03 2.09339050e+00
1.44485375e+03 2.20653854e+00
1.44503271e+03 2.28529859e+00
1.44521167e+03 2.34940937e+00
1.44539062e+03 2.39659450e+00
1.44556958e+03 2.42561479e+00
1.44574920e+03 2.43623503e+00
1.44593012e+03 2.42882480e+00
1.44611104e+03 2.40457708e+00
1.44629196e+03 2.36534334e+00
1.44641258e+03 2.33194745e+00
1.44665381e+03 2.25111423e+00
1.44701565e+03 2.10745067e+00
1.44737750e+03 1.96004021e+00
1.44761873e+03 1.87346736e+00
1.44778754e+03 1.82329292e+00
1.44795635e+03 1.78393207e+00
1.44812516e+03 1.75649190e+00
1.44829397e+03 1.74112477e+00
1.44846029e+03 1.73695481e+00
1.44862661e+03 1.74193652e+00
1.44887610e+03 1.76105481e+00
1.44929190e+03 1.79923383e+00
1.44954138e+03 1.81128562e+00
1.44962454e+03 1.81215828e+00
1.44983039e+03 1.80690252e+00
1.45003623e+03 1.79175279e+00
1.45034500e+03 1.75611017e+00
1.45075669e+03 1.70601649e+00
1.45096254e+03 1.68999002e+00
1.45114265e+03 1.68505178e+00
1.45132727e+03 1.69082710e+00
1.45149517e+03 1.70659186e+00
1.45166307e+03 1.73261294e+00
1.45183097e+03 1.76844123e+00
1.45205483e+03 1.82941447e+00
1.45239062e+03 1.93926656e+00
1.45272642e+03 2.05070086e+00
1.45295028e+03 2.11276401e+00
1.45311537e+03 2.14711876e+00
1.45327482e+03 2.16865449e+00
1.45344756e+03 2.17752374e+00
1.45346085e+03 2.17756011e+00
1.45359388e+03 2.17284339e+00
1.45375356e+03 2.15539216e+00
1.45391324e+03 2.12633130e+00
1.45412615e+03 2.07313748e+00
1.45476488e+03 1.87676836e+00
1.45497779e+03 1.81990381e+00
1.45519070e+03 1.77439501e+00
1.45536169e+03 1.74708684e+00
1.45553269e+03 1.72799660e+00
1.45573918e+03 1.71509349e+00
1.45592418e+03 1.71184512e+00
1.45620168e+03 1.71936158e+00
1.45647917e+03 1.73963925e+00
1.45675667e+03 1.77186812e+00
1.45703416e+03 1.81629910e+00
1.45731166e+03 1.87293999e+00
1.45749666e+03 1.91685348e+00
1.45786665e+03 2.01507549e+00
1.45832914e+03 2.14106828e+00
1.45860664e+03 2.20706064e+00
1.45889484e+03 2.26005792e+00
1.45908697e+03 2.28414070e+00
1.45927910e+03 2.29824992e+00
1.45943913e+03 2.30228256e+00
1.45963101e+03 2.29829395e+00
1.45988685e+03 2.27988487e+00
1.46027062e+03 2.23290520e+00
1.46078230e+03 2.16362090e+00
1.46103815e+03 2.14030300e+00
1.46126201e+03 2.13301794e+00
1.46142191e+03 2.13788866e+00
1.46158899e+03 2.15392802e+00
1.46175606e+03 2.18296762e+00
1.46192314e+03 2.22682205e+00
1.46209022e+03 2.28725842e+00
1.46221552e+03 2.34448539e+00
1.46234083e+03 2.41265403e+00
1.46246614e+03 2.49237587e+00
1.46259145e+03 2.58419298e+00
1.46271675e+03 2.68856077e+00
1.46282577e+03 2.78984005e+00
1.46296025e+03 2.92845354e+00
1.46309474e+03 3.08223121e+00
1.46322923e+03 3.25099746e+00
1.46336371e+03 3.43424891e+00
1.46356545e+03 3.73420953e+00
1.46376718e+03 4.05958433e+00
1.46433614e+03 5.03251176e+00
1.46455117e+03 5.37389653e+00
1.46469452e+03 5.57649016e+00
1.46483787e+03 5.75127847e+00
1.46498122e+03 5.89203160e+00
1.46513038e+03 5.99663665e+00
1.46527954e+03 6.05416150e+00
1.46537897e+03 6.06504430e+00
1.46551873e+03 6.04280153e+00
1.46565849e+03 5.97783887e+00
1.46579824e+03 5.87313398e+00
1.46593800e+03 5.73335897e+00
1.46612434e+03 5.50310353e+00
1.46631069e+03 5.23845057e+00
1.46668337e+03 4.67854827e+00
1.46686971e+03 4.41623233e+00
1.46701788e+03 4.22758578e+00
1.46716604e+03 4.06097611e+00
1.46731420e+03 3.91854036e+00
1.46746236e+03 3.80070986e+00
1.46761052e+03 3.70640709e+00
1.46775869e+03 3.63333606e+00
1.46790685e+03 3.57831112e+00
1.46805501e+03 3.53759228e+00
1.46835133e+03 3.48303209e+00
1.46872174e+03 3.42488421e+00
1.46894398e+03 3.37429742e+00
1.46916622e+03 3.30049171e+00
1.46932376e+03 3.23086026e+00
1.46949067e+03 3.14038274e+00
1.46965758e+03 3.03333151e+00
1.46982450e+03 2.91173356e+00
1.47007486e+03 2.70926145e+00
1.47057560e+03 2.28296341e+00
1.47081730e+03 2.09163732e+00
1.47097843e+03 1.97515783e+00
1.47113956e+03 1.86903373e+00
1.47130069e+03 1.77373415e+00
1.47146182e+03 1.68910336e+00
1.47162296e+03 1.61449680e+00
1.47178409e+03 1.54892012e+00
1.47193955e+03 1.49308040e+00
1.47216427e+03 1.42289065e+00
1.47238898e+03 1.36206589e+00
1.47261369e+03 1.30754709e+00
1.47306311e+03 1.20804984e+00
1.47411176e+03 9.83310074e-01
1.47439340e+03 9.27455827e-01
1.47459115e+03 8.93147543e-01
1.47478889e+03 8.65220186e-01
1.47492072e+03 8.51232257e-01
1.47505255e+03 8.41684907e-01
1.47520086e+03 8.36951992e-01
1.47522970e+03 8.36826146e-01
1.47535398e+03 8.39406446e-01
1.47546730e+03 8.46327530e-01
1.47558062e+03 8.57731796e-01
1.47569393e+03 8.73667763e-01
1.47580725e+03 8.94122095e-01
1.47592056e+03 9.19033954e-01
1.47603388e+03 9.48317736e-01
1.47614719e+03 9.81887475e-01
1.47629828e+03 1.03322313e+00
1.47644937e+03 1.09212049e+00
1.47658530e+03 1.15183082e+00
1.47670608e+03 1.21061775e+00
1.47682685e+03 1.27531644e+00
1.47694763e+03 1.34656721e+00
1.47706840e+03 1.42511560e+00
1.47718918e+03 1.51175691e+00
1.47730995e+03 1.60726135e+00
1.47743073e+03 1.71228364e+00
1.47753860e+03 1.81448916e+00
1.47768103e+03 1.96175747e+00
1.47782346e+03 2.12254828e+00
1.47796589e+03 2.29541036e+00
1.47820327e+03 2.60291721e+00
1.47851728e+03 3.01697675e+00
1.47867720e+03 3.21351691e+00
1.47883712e+03 3.38849760e+00
1.47894374e+03 3.48877772e+00
1.47905035e+03 3.57314026e+00
1.47914663e+03 3.63391103e+00
1.47927555e+03 3.69013408e+00
1.47940448e+03 3.71564748e+00
1.47944746e+03 3.71711446e+00
1.47956148e+03 3.70383819e+00
1.47967551e+03 3.66597521e+00
1.47978954e+03 3.60457154e+00
1.47990357e+03 3.52134170e+00
1.48001760e+03 3.41859037e+00
1.48013162e+03 3.29910881e+00
1.48028366e+03 3.11926514e+00
1.48051172e+03 2.82198917e+00
1.48083219e+03 2.39514831e+00
1.48100062e+03 2.18604695e+00
1.48112694e+03 2.04187160e+00
1.48125326e+03 1.91077973e+00
1.48133748e+03 1.83128590e+00
1.48145000e+03 1.73532531e+00
1.48156252e+03 1.65114737e+00
1.48167503e+03 1.57847251e+00
1.48178755e+03 1.51671254e+00
1.48190007e+03 1.46503506e+00
1.48201259e+03 1.42243791e+00
1.48212511e+03 1.38781707e+00
1.48223763e+03 1.36003888e+00
1.48239871e+03 1.33000434e+00
1.48255980e+03 1.30886711e+00
1.48272088e+03 1.29436139e+00
1.48296251e+03 1.28199705e+00
1.48312359e+03 1.27932396e+00
1.48328468e+03 1.28150956e+00
1.48344576e+03 1.28951633e+00
1.48360078e+03 1.30389432e+00
1.48374975e+03 1.32497482e+00
1.48389871e+03 1.35407210e+00
1.48404767e+03 1.39175952e+00
1.48419663e+03 1.43817276e+00
1.48434559e+03 1.49291723e+00
1.48449455e+03 1.55502370e+00
1.48471799e+03 1.65845406e+00
1.48510873e+03 1.84718171e+00
1.48526502e+03 1.91598523e+00
1.48542132e+03 1.97574562e+00
1.48557761e+03 2.02324568e+00
1.48573391e+03 2.05576405e+00
1.48585113e+03 2.06907675e+00
1.48594881e+03 2.07245838e+00
1.48605672e+03 2.06784805e+00
1.48618928e+03 2.05024111e+00
1.48632183e+03 2.01995487e+00
1.48645439e+03 1.97797684e+00
1.48658695e+03 1.92573185e+00
1.48676369e+03 1.84321335e+00
1.48702880e+03 1.70193293e+00
1.48738228e+03 1.50753170e+00
1.48753820e+03 1.42789158e+00
1.48769412e+03 1.35523024e+00
1.48785003e+03 1.29095498e+00
1.48800595e+03 1.23580918e+00
1.48816186e+03 1.18994081e+00
1.48831778e+03 1.15301361e+00
1.48847369e+03 1.12433600e+00
1.48862961e+03 1.10299388e+00
1.48879681e+03 1.08709595e+00
1.48896401e+03 1.07718476e+00
1.48917215e+03 1.07139087e+00
1.48927621e+03 1.07060459e+00
1.48958842e+03 1.07391818e+00
1.49042095e+03 1.09410623e+00
1.49104564e+03 1.10384954e+00
1.49125392e+03 1.11078320e+00
1.49146220e+03 1.12402562e+00
1.49165413e+03 1.14498394e+00
1.49178208e+03 1.16518368e+00
1.49191003e+03 1.19139753e+00
1.49203798e+03 1.22441930e+00
1.49216594e+03 1.26490229e+00
1.49229389e+03 1.31330349e+00
1.49242185e+03 1.36983508e+00
1.49255254e+03 1.43589094e+00
1.49268598e+03 1.51155820e+00
1.49281941e+03 1.59469740e+00
1.49301957e+03 1.73061263e+00
1.49341988e+03 2.02021795e+00
1.49361603e+03 2.15628572e+00
1.49380415e+03 2.27385011e+00
1.49392956e+03 2.34213223e+00
1.49405498e+03 2.40052694e+00
1.49418039e+03 2.44779073e+00
1.49430580e+03 2.48300425e+00
1.49443122e+03 2.50560644e+00
1.49459157e+03 2.51587507e+00
1.49470909e+03 2.51038004e+00
1.49486154e+03 2.48777219e+00
1.49501400e+03 2.44933670e+00
1.49516646e+03 2.39743254e+00
1.49536973e+03 2.31222664e+00
1.49597955e+03 2.02033496e+00
1.49618283e+03 1.93585180e+00
1.49634427e+03 1.88015518e+00
1.49650572e+03 1.83651702e+00
1.49666717e+03 1.80582621e+00
1.49682861e+03 1.78808117e+00
1.49699001e+03 1.78242886e+00
1.49712657e+03 1.78591699e+00
1.49732521e+03 1.80166231e+00
1.49792112e+03 1.87819252e+00
1.49811976e+03 1.89739524e+00
1.49831840e+03 1.90731984e+00
1.49841772e+03 1.90817048e+00
1.49863444e+03 1.89991505e+00
1.49885116e+03 1.87821683e+00
1.49899564e+03 1.85715444e+00
1.49928461e+03 1.80317911e+00
1.49986253e+03 1.68026581e+00
1.50007926e+03 1.64200642e+00
1.50029598e+03 1.61477397e+00
1.50047658e+03 1.60371507e+00
1.50053979e+03 1.60287359e+00
1.50065718e+03 1.60606054e+00
1.50079913e+03 1.61906782e+00
1.50093853e+03 1.64277058e+00
1.50107794e+03 1.67846612e+00
1.50121735e+03 1.72718198e+00
1.50132191e+03 1.77276836e+00
1.50142646e+03 1.82639155e+00
1.50156587e+03 1.91060099e+00
1.50170528e+03 2.00926110e+00
1.50184469e+03 2.12183253e+00
1.50197296e+03 2.23679757e+00
1.50216538e+03 2.42682088e+00
1.50242194e+03 2.70351446e+00
1.50274264e+03 3.06059555e+00
1.50293898e+03 3.26868781e+00
1.50314316e+03 3.46378077e+00
1.50327928e+03 3.57672986e+00
1.50341540e+03 3.67283188e+00
1.50355153e+03 3.74982470e+00
1.50368765e+03 3.80591517e+00
1.50382377e+03 3.83983289e+00
1.50395989e+03 3.85087314e+00
1.50410809e+03 3.83677483e+00
1.50425628e+03 3.79615582e+00
1.50440447e+03 3.73062392e+00
1.50455267e+03 3.64268777e+00
1.50470086e+03 3.53572731e+00
1.50484905e+03 3.41392639e+00
1.50534303e+03 2.96675149e+00
1.50554063e+03 2.80318007e+00
1.50566341e+03 2.71485532e+00
1.50578619e+03 2.63985269e+00
1.50590897e+03 2.58022071e+00
1.50603175e+03 2.53742945e+00
1.50615454e+03 2.51229306e+00
1.50627573e+03 2.50490447e+00
1.50639612e+03 2.51412511e+00
1.50651651e+03 2.53862033e+00
1.50663691e+03 2.57655273e+00
1.50675730e+03 2.62554978e+00
1.50699809e+03 2.74519409e+00
1.50731914e+03 2.91156011e+00
1.50747966e+03 2.98057669e+00
1.50763372e+03 3.02986887e+00
1.50778777e+03 3.05838676e+00
1.50789047e+03 3.06456890e+00
1.50802904e+03 3.05603820e+00
1.50816762e+03 3.02852623e+00
1.50830619e+03 2.98356846e+00
1.50844476e+03 2.92377563e+00
1.50862953e+03 2.82717965e+00
1.50899905e+03 2.61616477e+00
1.50918382e+03 2.52507331e+00
1.50932239e+03 2.47237945e+00
1.50945435e+03 2.43892196e+00
1.50958301e+03 2.42493953e+00
1.50962589e+03 2.42476597e+00
1.50971166e+03 2.43154022e+00
1.50983077e+03 2.45726400e+00
1.50994987e+03 2.50240812e+00
1.51006897e+03 2.56688088e+00
1.51018807e+03 2.64993297e+00
1.51030717e+03 2.75014446e+00
1.51042628e+03 2.86543094e+00
1.51060493e+03 3.06051523e+00
1.51103455e+03 3.56894744e+00
1.51118258e+03 3.72952658e+00
1.51133061e+03 3.86875192e+00
1.51144163e+03 3.95454669e+00
1.51155265e+03 4.02130981e+00
1.51166368e+03 4.06686435e+00
1.51179320e+03 4.09119094e+00
1.51183021e+03 4.09225460e+00
1.51192843e+03 4.08227541e+00
1.51204802e+03 4.04533304e+00
1.51216760e+03 3.98234233e+00
1.51228718e+03 3.89543090e+00
1.51240677e+03 3.78753121e+00
1.51256621e+03 3.61726202e+00
1.51272566e+03 3.42569779e+00
1.51312427e+03 2.91900222e+00
1.51331407e+03 2.69382512e+00
1.51344060e+03 2.55703797e+00
1.51356713e+03 2.43300446e+00
1.51369366e+03 2.32250841e+00
1.51382019e+03 2.22550737e+00
1.51394672e+03 2.14123886e+00
1.51407325e+03 2.06836938e+00
1.51425490e+03 1.98014561e+00
1.51437328e+03 1.93055923e+00
1.51461005e+03 1.84263500e+00
1.51508359e+03 1.67464166e+00
1.51532035e+03 1.58224440e+00
1.51567550e+03 1.43169917e+00
1.51603066e+03 1.27859179e+00
1.51626110e+03 1.18678292e+00
1.51641472e+03 1.13206911e+00
1.51656835e+03 1.08426640e+00
1.51668357e+03 1.05374777e+00
1.51679879e+03 1.02836042e+00
1.51691401e+03 1.00855452e+00
1.51702923e+03 9.94733430e-01
1.51714445e+03 9.87254087e-01
1.51722126e+03 9.85947462e-01
1.51733277e+03 9.89481287e-01
1.51744976e+03 1.00031384e+00
1.51756676e+03 1.01864293e+00
1.51768376e+03 1.04461939e+00
1.51780076e+03 1.07833268e+00
1.51791775e+03 1.11980174e+00
1.51803475e+03 1.16895987e+00
1.51815175e+03 1.22564258e+00
1.51825920e+03 1.28408760e+00
1.51840604e+03 1.37325617e+00
1.51855289e+03 1.47211726e+00
1.51869973e+03 1.57915741e+00
1.51889552e+03 1.73122281e+00
1.51934193e+03 2.08765035e+00
1.51955104e+03 2.24110794e+00
1.51969044e+03 2.33243985e+00
1.51982984e+03 2.41224681e+00
1.51996925e+03 2.47855982e+00
1.52010865e+03 2.52986620e+00
1.52025590e+03 2.56668898e+00
1.52040315e+03 2.58523011e+00
1.52048608e+03 2.58769895e+00
1.52062430e+03 2.57952097e+00
1.52079015e+03 2.55083080e+00
1.52095601e+03 2.50408534e+00
1.52106659e+03 2.46451290e+00
1.52128773e+03 2.37019229e+00
1.52184060e+03 2.10206004e+00
1.52200646e+03 2.02930987e+00
1.52217231e+03 1.96706016e+00
1.52232283e+03 1.92269610e+00
1.52243572e+03 1.89857121e+00
1.52254860e+03 1.88336806e+00
1.52266149e+03 1.87795023e+00
1.52277438e+03 1.88305472e+00
1.52288202e+03 1.89825890e+00
1.52298966e+03 1.92391102e+00
1.52309730e+03 1.96018404e+00
1.52320495e+03 2.00705069e+00
1.52331259e+03 2.06426283e+00
1.52342023e+03 2.13133483e+00
1.52358169e+03 2.24875658e+00
1.52375894e+03 2.39700020e+00
1.52400579e+03 2.62527046e+00
1.52425263e+03 2.85928209e+00
1.52443777e+03 3.02422343e+00
1.52462290e+03 3.16925037e+00
1.52477205e+03 3.26589135e+00
1.52492119e+03 3.34091309e+00
1.52507034e+03 3.39226495e+00
1.52521948e+03 3.41925017e+00
1.52531695e+03 3.42398868e+00
1.52546316e+03 3.41320359e+00
1.52560936e+03 3.38324628e+00
1.52580431e+03 3.31927059e+00
1.52599925e+03 3.23618906e+00
1.52658407e+03 2.95763183e+00
1.52686572e+03 2.84040918e+00
1.52712583e+03 2.74768181e+00
1.52747265e+03 2.64019242e+00
1.52851310e+03 2.34189311e+00
1.52877321e+03 2.27713254e+00
1.52903332e+03 2.22523877e+00
1.52920673e+03 2.20044282e+00
1.52938014e+03 2.18533160e+00
1.52955355e+03 2.18155568e+00
1.52967665e+03 2.18673620e+00
1.52984840e+03 2.20638278e+00
1.53002015e+03 2.24245547e+00
1.53014896e+03 2.28170166e+00
1.53027777e+03 2.33254814e+00
1.53040658e+03 2.39602227e+00
1.53053540e+03 2.47308146e+00
1.53066421e+03 2.56454312e+00
1.53079302e+03 2.67100646e+00
1.53092183e+03 2.79277221e+00
1.53105064e+03 2.92975882e+00
1.53122096e+03 3.13328882e+00
1.53139127e+03 3.35986105e+00
1.53161836e+03 3.69019242e+00
1.53211114e+03 4.44477030e+00
1.53233938e+03 4.76537228e+00
1.53249154e+03 4.95255771e+00
1.53264369e+03 5.11099476e+00
1.53279585e+03 5.23517564e+00
1.53294800e+03 5.32080900e+00
1.53310016e+03 5.36509940e+00
1.53317624e+03 5.37132641e+00
1.53333131e+03 5.35130838e+00
1.53348637e+03 5.28896955e+00
1.53364144e+03 5.18774428e+00
1.53379651e+03 5.05261303e+00
1.53395158e+03 4.88975714e+00
1.53410664e+03 4.70615194e+00
1.53472691e+03 3.90811675e+00
1.53490667e+03 3.69697447e+00
1.53505943e+03 3.53517401e+00
1.53521219e+03 3.39263706e+00
1.53536495e+03 3.27125762e+00
1.53551771e+03 3.17205855e+00
1.53567048e+03 3.09530969e+00
1.53582324e+03 3.04064611e+00
1.53597600e+03 3.00718419e+00
1.53611906e+03 2.99391866e+00
1.53618574e+03 2.99332935e+00
1.53631911e+03 3.00203061e+00
1.53651916e+03 3.03716932e+00
1.53671921e+03 3.09410975e+00
1.53698593e+03 3.19345658e+00
1.53738603e+03 3.35866817e+00
1.53765276e+03 3.45254940e+00
1.53785281e+03 3.50117084e+00
1.53805286e+03 3.52358232e+00
1.53810287e+03 3.52447260e+00
1.53828836e+03 3.50997838e+00
1.53844155e+03 3.47634213e+00
1.53859475e+03 3.42353212e+00
1.53874795e+03 3.35311049e+00
1.53890115e+03 3.26768078e+00
1.53900328e+03 3.20408392e+00
1.53961607e+03 2.78652983e+00
1.53982034e+03 2.66436450e+00
1.53997686e+03 2.58532922e+00
1.54013338e+03 2.52102421e+00
1.54028990e+03 2.47194659e+00
1.54044642e+03 2.43727100e+00
1.54146391e+03 2.34724231e+00
1.54164015e+03 2.30684651e+00
1.54181640e+03 2.24782383e+00
1.54199264e+03 2.16905522e+00
1.54216888e+03 2.07127268e+00
1.54234513e+03 1.95691482e+00
1.54250281e+03 1.84367358e+00
1.54304694e+03 1.42518909e+00
1.54319534e+03 1.31783691e+00
1.54333443e+03 1.22479447e+00
1.54347352e+03 1.14101465e+00
1.54356624e+03 1.09105920e+00
1.54365897e+03 1.04622475e+00
1.54375170e+03 1.00676061e+00
1.54384443e+03 9.72827154e-01
1.54393715e+03 9.44500572e-01
1.54401598e+03 9.24825872e-01
1.54409480e+03 9.09148650e-01
1.54417363e+03 8.97379897e-01
1.54425245e+03 8.89394075e-01
1.54436325e+03 8.84252609e-01
1.54438541e+03 8.84037099e-01
1.54447406e+03 8.85724063e-01
1.54456270e+03 8.91233870e-01
1.54469566e+03 9.05858996e-01
1.54482863e+03 9.26924108e-01
1.54496159e+03 9.53029045e-01
1.54513888e+03 9.93249816e-01
1.54567073e+03 1.12327395e+00
1.54590138e+03 1.17389853e+00
1.54613203e+03 1.21860829e+00
1.54670865e+03 1.31815357e+00
1.54693930e+03 1.36336862e+00
1.54716995e+03 1.41777748e+00
1.54734293e+03 1.46624694e+00
1.54751592e+03 1.52185471e+00
1.54771055e+03 1.59287405e+00
1.54790519e+03 1.67224745e+00
1.54809982e+03 1.75925814e+00
1.54829445e+03 1.85368832e+00
1.54848908e+03 1.95646987e+00
1.54868371e+03 2.07024140e+00
1.54882968e+03 2.16552211e+00
1.54897566e+03 2.27231736e+00
1.54913072e+03 2.40206557e+00
1.54924622e+03 2.51217375e+00
1.54936171e+03 2.63586359e+00
1.54947721e+03 2.77493045e+00
1.54959271e+03 2.93097038e+00
1.54970820e+03 3.10524798e+00
1.54982370e+03 3.29856217e+00
1.54993919e+03 3.51111807e+00
1.55007505e+03 3.78504114e+00
1.55023126e+03 4.12903205e+00
1.55038747e+03 4.49814901e+00
1.55081383e+03 5.55279018e+00
1.55100587e+03 5.99702650e+00
1.55113389e+03 6.26269861e+00
1.55126192e+03 6.49466210e+00
1.55138994e+03 6.68577102e+00
1.55151797e+03 6.83006188e+00
1.55164599e+03 6.92306691e+00
1.55174860e+03 6.95867868e+00
1.55178281e+03 6.96271220e+00
1.55189967e+03 6.94692894e+00
1.55201654e+03 6.88619231e+00
1.55213341e+03 6.78254538e+00
1.55225027e+03 6.63914916e+00
1.55236713e+03 6.46010922e+00
1.55248400e+03 6.25026310e+00
1.55263982e+03 5.93182478e+00
1.55279564e+03 5.58141797e+00
1.55328378e+03 4.41577193e+00
1.55345339e+03 4.02789011e+00
1.55362300e+03 3.66392835e+00
1.55375925e+03 3.39236307e+00
1.55391359e+03 3.10911772e+00
1.55401648e+03 2.93503870e+00
1.55411937e+03 2.77271857e+00
1.55422226e+03 2.62192559e+00
1.55432515e+03 2.48231209e+00
1.55442804e+03 2.35344792e+00
1.55456614e+03 2.19654175e+00
1.55467178e+03 2.08826831e+00
1.55477742e+03 1.98959566e+00
1.55488306e+03 1.90002607e+00
1.55498870e+03 1.81909504e+00
1.55509433e+03 1.74638003e+00
1.55523518e+03 1.66154844e+00
1.55537604e+03 1.58983666e+00
1.55551689e+03 1.53052652e+00
1.55565774e+03 1.48295998e+00
1.55578792e+03 1.44889313e+00
1.55591810e+03 1.42382707e+00
1.55604829e+03 1.40725872e+00
1.55617847e+03 1.39867045e+00
1.55629097e+03 1.39726897e+00
1.55645971e+03 1.40484655e+00
1.55662846e+03 1.42304171e+00
1.55679721e+03 1.45083458e+00
1.55696595e+03 1.48739521e+00
1.55713470e+03 1.53215830e+00
1.55730345e+03 1.58486433e+00
1.55747220e+03 1.64555453e+00
1.55764095e+03 1.71450096e+00
1.55780969e+03 1.79206978e+00
1.55797844e+03 1.87853148e+00
1.55814454e+03 1.97227100e+00
1.55839369e+03 2.12749324e+00
1.55905809e+03 2.57718220e+00
1.55922419e+03 2.67864275e+00
1.55939123e+03 2.76727247e+00
1.55955922e+03 2.83826257e+00
1.55968521e+03 2.87710039e+00
1.55981120e+03 2.90201416e+00
1.55995819e+03 2.91210766e+00
1.56007913e+03 2.90443020e+00
1.56022904e+03 2.87465466e+00
1.56037894e+03 2.82295278e+00
1.56052885e+03 2.75063926e+00
1.56067875e+03 2.65977408e+00
1.56082866e+03 2.55304590e+00
1.56097857e+03 2.43363624e+00
1.56117844e+03 2.26081393e+00
1.56162913e+03 1.85703900e+00
1.56178195e+03 1.72861007e+00
1.56193477e+03 1.60978142e+00
1.56208758e+03 1.50303111e+00
1.56218946e+03 1.43952341e+00
1.56229134e+03 1.38261952e+00
1.56239322e+03 1.33258234e+00
1.56249739e+03 1.28865655e+00
1.56260155e+03 1.25205083e+00
1.56270572e+03 1.22263920e+00
1.56280988e+03 1.20017669e+00
1.56291405e+03 1.18431219e+00
1.56301586e+03 1.17475935e+00
1.56315002e+03 1.17033252e+00
1.56328418e+03 1.17405119e+00
1.56341835e+03 1.18460271e+00
1.56361959e+03 1.21034359e+00
1.56375376e+03 1.23227975e+00
1.56402209e+03 1.28279030e+00
1.56469291e+03 1.42206572e+00
1.56496123e+03 1.48493158e+00
1.56518260e+03 1.54606281e+00
1.56535699e+03 1.60350385e+00
1.56553138e+03 1.67169606e+00
1.56570578e+03 1.75266613e+00
1.56583657e+03 1.82266075e+00
1.56596737e+03 1.90094302e+00
1.56614176e+03 2.01808956e+00
1.56631615e+03 2.14874300e+00
1.56656391e+03 2.35276721e+00
1.56707750e+03 2.79621672e+00
1.56729761e+03 2.96790736e+00
1.56744435e+03 3.06782412e+00
1.56759109e+03 3.15265212e+00
1.56771771e+03 3.21187604e+00
1.56787745e+03 3.26629480e+00
1.56803720e+03 3.29686348e+00
1.56815350e+03 3.30392965e+00
1.56827961e+03 3.29744196e+00
1.56840572e+03 3.27692895e+00
1.56859489e+03 3.22223869e+00
1.56878406e+03 3.14308515e+00
1.56897322e+03 3.04504135e+00
1.56922545e+03 2.89521585e+00
1.56972989e+03 2.57948490e+00
1.56998212e+03 2.43467506e+00
1.57018745e+03 2.32976853e+00
1.57042513e+03 2.22536342e+00
1.57066280e+03 2.13974357e+00
1.57090047e+03 2.07176730e+00
1.57113815e+03 2.01914329e+00
1.57137582e+03 1.97908708e+00
1.57169272e+03 1.94062650e+00
1.57200962e+03 1.91477800e+00
1.57232651e+03 1.89846045e+00
1.57264341e+03 1.88981343e+00
1.57388124e+03 1.88479786e+00
1.57425368e+03 1.87224531e+00
1.57462611e+03 1.84899404e+00
1.57524683e+03 1.80219608e+00
1.57549512e+03 1.79190934e+00
1.57561926e+03 1.79125969e+00
1.57580548e+03 1.79807330e+00
1.57595850e+03 1.81231138e+00
1.57614039e+03 1.84147767e+00
1.57627681e+03 1.87332858e+00
1.57641323e+03 1.91463171e+00
1.57654965e+03 1.96603901e+00
1.57668607e+03 2.02801201e+00
1.57682249e+03 2.10078260e+00
1.57695891e+03 2.18431202e+00
1.57714080e+03 2.31177597e+00
1.57732269e+03 2.45594382e+00
1.57753776e+03 2.64387857e+00
1.57803957e+03 3.11481366e+00
1.57825463e+03 3.30726781e+00
1.57846969e+03 3.47900955e+00
1.57865907e+03 3.60552406e+00
1.57880111e+03 3.68185379e+00
1.57894315e+03 3.74046088e+00
1.57908518e+03 3.78034291e+00
1.57926358e+03 3.80335686e+00
1.57929994e+03 3.80437543e+00
1.57944537e+03 3.79637534e+00
1.57959080e+03 3.76991749e+00
1.57973623e+03 3.72649247e+00
1.57995438e+03 3.63355028e+00
1.58017252e+03 3.51332571e+00
1.58039067e+03 3.37273938e+00
1.58068153e+03 3.16460816e+00
1.58155412e+03 2.50371383e+00
1.58191245e+03 2.24724768e+00
1.58218119e+03 2.06628667e+00
1.58244994e+03 1.89648439e+00
1.58271869e+03 1.73942493e+00
1.58289785e+03 1.64305483e+00
1.58306149e+03 1.56196455e+00
1.58320961e+03 1.49521605e+00
1.58335773e+03 1.43577336e+00
1.58350585e+03 1.38469450e+00
1.58365397e+03 1.34310048e+00
1.58376506e+03 1.31881470e+00
1.58387615e+03 1.30097482e+00
1.58398724e+03 1.29002724e+00
1.58409833e+03 1.28638203e+00
1.58417239e+03 1.28818938e+00
1.58429466e+03 1.29886865e+00
1.58441693e+03 1.31941054e+00
1.58453920e+03 1.35002525e+00
1.58466146e+03 1.39078685e+00
1.58478373e+03 1.44162189e+00
1.58490600e+03 1.50229816e+00
1.58502827e+03 1.57242423e+00
1.58515053e+03 1.65144797e+00
1.58529063e+03 1.75202566e+00
1.58543073e+03 1.86209646e+00
1.58564087e+03 2.04181272e+00
1.58592106e+03 2.30043714e+00
1.58676916e+03 3.11418072e+00
1.58736659e+03 3.68212434e+00
1.58776488e+03 4.08355086e+00
1.58847811e+03 4.84867600e+00
1.58868266e+03 5.05020599e+00
1.58888722e+03 5.22266843e+00
1.58904063e+03 5.32429177e+00
1.58919405e+03 5.39551408e+00
1.58934746e+03 5.43100654e+00
1.58939860e+03 5.43412518e+00
1.58954477e+03 5.41747638e+00
1.58967644e+03 5.36896927e+00
1.58980810e+03 5.28838215e+00
1.58993977e+03 5.17657081e+00
1.59007144e+03 5.03554815e+00
1.59020310e+03 4.86844238e+00
1.59037866e+03 4.61233851e+00
1.59064199e+03 4.18211732e+00
1.59095632e+03 3.65576278e+00
1.59110930e+03 3.41742868e+00
1.59126228e+03 3.20213694e+00
1.59136427e+03 3.07480753e+00
1.59146626e+03 2.96232780e+00
1.59156825e+03 2.86590313e+00
1.59167023e+03 2.78634055e+00
1.59178424e+03 2.71784552e+00
1.59187875e+03 2.67740730e+00
1.59197327e+03 2.65144980e+00
1.59209707e+03 2.63831216e+00
1.59210739e+03 2.63823298e+00
1.59222087e+03 2.64695564e+00
1.59234467e+03 2.67474610e+00
1.59246846e+03 2.71853403e+00
1.59263353e+03 2.79566758e+00
1.59312873e+03 3.07052297e+00
1.59329379e+03 3.14870067e+00
1.59345922e+03 3.20918330e+00
1.59362464e+03 3.24773926e+00
1.59378351e+03 3.26231640e+00
1.59383208e+03 3.26235592e+00
1.59397781e+03 3.25058343e+00
1.59412354e+03 3.22247554e+00
1.59431785e+03 3.16438092e+00
1.59451215e+03 3.09041910e+00
1.59490076e+03 2.93179209e+00
1.59509507e+03 2.86378751e+00
1.59528937e+03 2.81124451e+00
1.59545840e+03 2.78027207e+00
1.59562605e+03 2.76326482e+00
1.59573735e+03 2.75896887e+00
1.59595996e+03 2.76433248e+00
1.59629388e+03 2.79507478e+00
1.59685041e+03 2.85495488e+00
1.59718433e+03 2.87378373e+00
1.59729563e+03 2.87573709e+00
1.59755008e+03 2.87097083e+00
1.59780453e+03 2.85161330e+00
1.59805898e+03 2.81471803e+00
1.59824982e+03 2.77346269e+00
1.59844066e+03 2.71913892e+00
1.59863150e+03 2.65102210e+00
1.59882234e+03 2.56918510e+00
1.59901318e+03 2.47462024e+00
1.59920401e+03 2.36920158e+00
1.59948146e+03 2.20197745e+00
1.60000724e+03 1.87113205e+00
1.60023257e+03 1.73712110e+00
1.60038279e+03 1.65429263e+00
1.60053301e+03 1.57865076e+00
1.60064847e+03 1.52658044e+00
1.60076393e+03 1.48084273e+00
1.60087940e+03 1.44251142e+00
1.60099486e+03 1.41277499e+00
1.60111032e+03 1.39293471e+00
1.60119692e+03 1.38538964e+00
1.60124743e+03 1.38416925e+00
1.60134125e+03 1.38863207e+00
1.60142784e+03 1.40111386e+00
1.60149780e+03 1.41751228e+00
1.60157998e+03 1.44447013e+00
1.60166216e+03 1.48023193e+00
1.60174434e+03 1.52528312e+00
1.60182652e+03 1.58005877e+00
1.60190870e+03 1.64493355e+00
1.60199087e+03 1.72020146e+00
1.60207305e+03 1.80606601e+00
1.60214473e+03 1.88968944e+00
1.60223650e+03 2.00859864e+00
1.60232827e+03 2.14060817e+00
1.60242004e+03 2.28528281e+00
1.60248122e+03 2.38844406e+00
1.60260357e+03 2.60967095e+00
1.60275164e+03 2.90052957e+00
1.60289972e+03 3.21068800e+00
1.60329457e+03 4.06810549e+00
1.60345089e+03 4.38923888e+00
1.60356609e+03 4.60817382e+00
1.60368130e+03 4.80685751e+00
1.60379650e+03 4.98109109e+00
1.60391171e+03 5.12727896e+00
1.60402691e+03 5.24256289e+00
1.60414212e+03 5.32494645e+00
1.60425732e+03 5.37336540e+00
1.60435991e+03 5.38779114e+00
1.60449487e+03 5.36663382e+00
1.60462983e+03 5.30249656e+00
1.60476480e+03 5.19959325e+00
1.60489976e+03 5.06327858e+00
1.60503472e+03 4.89967972e+00
1.60521467e+03 4.65031885e+00
1.60557457e+03 4.09971204e+00
1.60583682e+03 3.69999425e+00
1.60600142e+03 3.46264721e+00
1.60616602e+03 3.23955749e+00
1.60633062e+03 3.03189373e+00
1.60649522e+03 2.83959555e+00
1.60665982e+03 2.66187532e+00
1.60682442e+03 2.49768933e+00
1.60698902e+03 2.34607933e+00
1.60716149e+03 2.19999106e+00
1.60734183e+03 2.06084559e+00
1.60752218e+03 1.93560176e+00
1.60770252e+03 1.82440029e+00
1.60788287e+03 1.72725970e+00
1.60806322e+03 1.64383517e+00
1.60824356e+03 1.57327656e+00
1.60842391e+03 1.51421154e+00
1.60858273e+03 1.47029545e+00
1.60878867e+03 1.42229342e+00
1.60906326e+03 1.36922647e+00
1.60947514e+03 1.30219711e+00
1.60974973e+03 1.26267610e+00
1.61002431e+03 1.22912596e+00
1.61023025e+03 1.21060022e+00
1.61043619e+03 1.20043301e+00
1.61053917e+03 1.19921526e+00
1.61071078e+03 1.20372302e+00
1.61085852e+03 1.21458008e+00
1.61100626e+03 1.23198446e+00
1.61110475e+03 1.24708118e+00
1.61130173e+03 1.28470858e+00
1.61149871e+03 1.32996927e+00
1.61199117e+03 1.45104386e+00
1.61218815e+03 1.49146000e+00
1.61236800e+03 1.51988582e+00
1.61253071e+03 1.53753159e+00
1.61275135e+03 1.54941420e+00
1.61289063e+03 1.55093259e+00
1.61337814e+03 1.54367735e+00
1.61358707e+03 1.54921578e+00
1.61372635e+03 1.56061971e+00
1.61389343e+03 1.58480376e+00
1.61401874e+03 1.61133599e+00
1.61414405e+03 1.64531409e+00
1.61431113e+03 1.70174622e+00
1.61447821e+03 1.76925683e+00
1.61472882e+03 1.88455559e+00
1.61506298e+03 2.04177562e+00
1.61525395e+03 2.11967106e+00
1.61539718e+03 2.16687839e+00
1.61554041e+03 2.20162775e+00
1.61568364e+03 2.22196449e+00
1.61579703e+03 2.22698667e+00
1.61591780e+03 2.22120886e+00
1.61605420e+03 2.20097773e+00
1.61619060e+03 2.16690438e+00
1.61632700e+03 2.12030976e+00
1.61646339e+03 2.06305294e+00
1.61664526e+03 1.97412159e+00
1.61709992e+03 1.72778818e+00
1.61728178e+03 1.63574032e+00
1.61742797e+03 1.56966567e+00
1.61757415e+03 1.51247070e+00
1.61772034e+03 1.46508529e+00
1.61786653e+03 1.42771065e+00
1.61801271e+03 1.39986757e+00
1.61818033e+03 1.37827939e+00
1.61829922e+03 1.36847206e+00
1.61853700e+03 1.35831707e+00
1.61901256e+03 1.35008170e+00
1.61932434e+03 1.33891723e+00
1.61979202e+03 1.31699628e+00
1.61994791e+03 1.31374073e+00
1.62010381e+03 1.31531798e+00
1.62025970e+03 1.32313654e+00
1.62040316e+03 1.33664555e+00
1.62054661e+03 1.35645393e+00
1.62073789e+03 1.39206056e+00
1.62092917e+03 1.43603823e+00
1.62121608e+03 1.50912065e+00
1.62140736e+03 1.55520222e+00
1.62159863e+03 1.59284362e+00
1.62174209e+03 1.61254366e+00
1.62190332e+03 1.62365296e+00
1.62196003e+03 1.62448255e+00
1.62209735e+03 1.61949229e+00
1.62221825e+03 1.60681625e+00
1.62233916e+03 1.58661338e+00
1.62250037e+03 1.54898758e+00
1.62266158e+03 1.50121113e+00
1.62290340e+03 1.41733611e+00
1.62314521e+03 1.33031585e+00
1.62330642e+03 1.27753748e+00
1.62342469e+03 1.24435167e+00
1.62354297e+03 1.21759840e+00
1.62366125e+03 1.19869567e+00
1.62377953e+03 1.18889423e+00
1.62383867e+03 1.18774431e+00
1.62393723e+03 1.19177401e+00
1.62403993e+03 1.20426848e+00
1.62414263e+03 1.22557071e+00
1.62424534e+03 1.25588714e+00
1.62434804e+03 1.29527969e+00
1.62445074e+03 1.34366921e+00
1.62455345e+03 1.40083630e+00
1.62465615e+03 1.46643161e+00
1.62475885e+03 1.53998056e+00
1.62490385e+03 1.65620871e+00
1.62504884e+03 1.78514662e+00
1.62519384e+03 1.92453547e+00
1.62543550e+03 2.17336288e+00
1.62600189e+03 2.77774121e+00
1.62627031e+03 3.04483843e+00
1.62647162e+03 3.22715135e+00
1.62667426e+03 3.39070409e+00
1.62687958e+03 3.53249875e+00
1.62708490e+03 3.64718593e+00
1.62729021e+03 3.73232412e+00
1.62749553e+03 3.78637313e+00
1.62770084e+03 3.80907799e+00
1.62775246e+03 3.80997893e+00
1.62792609e+03 3.79962067e+00
1.62815134e+03 3.75842253e+00
1.62830150e+03 3.71650117e+00
1.62860183e+03 3.60855295e+00
1.62920250e+03 3.35939714e+00
1.63010349e+03 3.00681943e+00
1.63045419e+03 2.85166766e+00
1.63080488e+03 2.67473155e+00
1.63127247e+03 2.42522522e+00
1.63150627e+03 2.31048382e+00
1.63168161e+03 2.23515682e+00
1.63185696e+03 2.17182992e+00
1.63197386e+03 2.13703121e+00
1.63214022e+03 2.09800128e+00
1.63230659e+03 2.07066313e+00
1.63331592e+03 2.00299074e+00
1.63349548e+03 1.97239286e+00
1.63367503e+03 1.92752949e+00
1.63385459e+03 1.86766948e+00
1.63403415e+03 1.79372371e+00
1.63421370e+03 1.70815811e+00
1.63449595e+03 1.55961708e+00
1.63477395e+03 1.41303311e+00
1.63494074e+03 1.33323441e+00
1.63505194e+03 1.28595037e+00
1.63516314e+03 1.24464541e+00
1.63528588e+03 1.20708779e+00
1.63537794e+03 1.18503951e+00
1.63547000e+03 1.16860250e+00
1.63556205e+03 1.15800639e+00
1.63566975e+03 1.15319942e+00
1.63568540e+03 1.15318640e+00
1.63577926e+03 1.15674369e+00
1.63587312e+03 1.16644908e+00
1.63596698e+03 1.18210741e+00
1.63602955e+03 1.19571440e+00
1.63615469e+03 1.23003899e+00
1.63627984e+03 1.27294733e+00
1.63640499e+03 1.32318150e+00
1.63659271e+03 1.40913989e+00
1.63690487e+03 1.56756742e+00
1.63715446e+03 1.69503160e+00
1.63740406e+03 1.81304749e+00
1.63759125e+03 1.89189866e+00
1.63777844e+03 1.96149992e+00
1.63802804e+03 2.04086148e+00
1.63827763e+03 2.10821192e+00
1.63882455e+03 2.23478440e+00
1.63916960e+03 2.30692887e+00
1.63942840e+03 2.35276593e+00
1.63968719e+03 2.38429449e+00
1.63992442e+03 2.39445149e+00
1.64013592e+03 2.38478976e+00
1.64034327e+03 2.35698257e+00
1.64055063e+03 2.31211960e+00
1.64075798e+03 2.25366008e+00
1.64127635e+03 2.08979158e+00
1.64143187e+03 2.04993030e+00
1.64158738e+03 2.02095687e+00
1.64169106e+03 2.00936267e+00
1.64182295e+03 2.00509355e+00
1.64195484e+03 2.01381697e+00
1.64206913e+03 2.03257157e+00
1.64218342e+03 2.06196026e+00
1.64229771e+03 2.10183935e+00
1.64241200e+03 2.15169176e+00
1.64258344e+03 2.24312935e+00
1.64275487e+03 2.35046112e+00
1.64322902e+03 2.67744822e+00
1.64344494e+03 2.81057320e+00
1.64358888e+03 2.88443885e+00
1.64373283e+03 2.94316504e+00
1.64387677e+03 2.98514443e+00
1.64402072e+03 3.00995340e+00
1.64418999e+03 3.01831074e+00
1.64435927e+03 3.00740048e+00
1.64461319e+03 2.96651840e+00
1.64486710e+03 2.91587943e+00
1.64512102e+03 2.87752938e+00
1.64531939e+03 2.86709004e+00
1.64546497e+03 2.87307799e+00
1.64564503e+03 2.89648027e+00
1.64591513e+03 2.95793176e+00
1.64627526e+03 3.05499018e+00
1.64645532e+03 3.09118994e+00
1.64663539e+03 3.10791907e+00
1.64666564e+03 3.10830096e+00
1.64681545e+03 3.09827071e+00
1.64694712e+03 3.07168427e+00
1.64707879e+03 3.02741699e+00
1.64721046e+03 2.96527546e+00
1.64734213e+03 2.88584110e+00
1.64747380e+03 2.79041044e+00
1.64760547e+03 2.68089773e+00
1.64778103e+03 2.51718849e+00
1.64804437e+03 2.24738241e+00
1.64838791e+03 1.88701756e+00
1.64855589e+03 1.72063312e+00
1.64868188e+03 1.60395124e+00
1.64880787e+03 1.49587612e+00
1.64894226e+03 1.39133567e+00
1.64904306e+03 1.32076419e+00
1.64914386e+03 1.25718972e+00
1.64924466e+03 1.20072152e+00
1.64934546e+03 1.15135443e+00
1.64944627e+03 1.10897527e+00
1.64954707e+03 1.07337865e+00
1.64964787e+03 1.04427600e+00
1.64974980e+03 1.02108727e+00
1.64985286e+03 1.00358555e+00
1.64997681e+03 9.89759701e-01
1.65008544e+03 9.83449078e-01
1.65019407e+03 9.81890749e-01
1.65033892e+03 9.86081837e-01
1.65048376e+03 9.96049338e-01
1.65070103e+03 1.01872233e+00
1.65106313e+03 1.06720851e+00
1.65178735e+03 1.17240317e+00
1.65200462e+03 1.21004909e+00
1.65214946e+03 1.24031047e+00
1.65228613e+03 1.27460155e+00
1.65241461e+03 1.31354947e+00
1.65254309e+03 1.36062306e+00
1.65267158e+03 1.41745315e+00
1.65276794e+03 1.46744549e+00
1.65286430e+03 1.52446792e+00
1.65296066e+03 1.58910481e+00
1.65305702e+03 1.66186176e+00
1.65315339e+03 1.74314781e+00
1.65324975e+03 1.83325033e+00
1.65337169e+03 1.96012338e+00
1.65349363e+03 2.10126619e+00
1.65361557e+03 2.25614655e+00
1.65373750e+03 2.42373049e+00
1.65390009e+03 2.66418024e+00
1.65415129e+03 3.06217668e+00
1.65448624e+03 3.60105281e+00
1.65462910e+03 3.81687743e+00
1.65480647e+03 4.05967130e+00
1.65492472e+03 4.20064709e+00
1.65504297e+03 4.32117662e+00
1.65516122e+03 4.41847740e+00
1.65527947e+03 4.49025206e+00
1.65539772e+03 4.53477195e+00
1.65551597e+03 4.55094000e+00
1.65565022e+03 4.53441888e+00
1.65578447e+03 4.48126878e+00
1.65591872e+03 4.39303733e+00
1.65605297e+03 4.27229600e+00
1.65618722e+03 4.12251193e+00
1.65632147e+03 3.94788239e+00
1.65650046e+03 3.68463370e+00
1.65667946e+03 3.39772881e+00
1.65708944e+03 2.71647802e+00
1.65723092e+03 2.49172385e+00
1.65737240e+03 2.27960816e+00
1.65747851e+03 2.13088113e+00
1.65759132e+03 1.98391874e+00
1.65770748e+03 1.84566012e+00
1.65782364e+03 1.72140549e+00
1.65793980e+03 1.61155411e+00
1.65801724e+03 1.54637256e+00
1.65809468e+03 1.48757840e+00
1.65820374e+03 1.41538682e+00
1.65830926e+03 1.35694994e+00
1.65841478e+03 1.30915150e+00
1.65852030e+03 1.27129325e+00
1.65862581e+03 1.24258048e+00
1.65873211e+03 1.22202211e+00
1.65883997e+03 1.20878773e+00
1.65894783e+03 1.20223998e+00
1.65898378e+03 1.20137062e+00
1.65912759e+03 1.20349315e+00
1.65927140e+03 1.21291994e+00
1.65948712e+03 1.23638418e+00
1.65984664e+03 1.28748420e+00
1.66056570e+03 1.39870918e+00
1.66078141e+03 1.43812327e+00
1.66099713e+03 1.48579205e+00
1.66116149e+03 1.53016652e+00
1.66132585e+03 1.58350746e+00
1.66149022e+03 1.64749308e+00
1.66165458e+03 1.72353667e+00
1.66181894e+03 1.81265415e+00
1.66198331e+03 1.91532420e+00
1.66214767e+03 2.03136502e+00
1.66231203e+03 2.15982866e+00
1.66251323e+03 2.33132506e+00
1.66311683e+03 2.88367819e+00
1.66331803e+03 3.05479859e+00
1.66348994e+03 3.18520256e+00
1.66364721e+03 3.28755193e+00
1.66380448e+03 3.37070699e+00
1.66396175e+03 3.43255215e+00
1.66411902e+03 3.47184005e+00
1.66426278e+03 3.48769940e+00
1.66430169e+03 3.48872927e+00
1.66445733e+03 3.47934497e+00
1.66461296e+03 3.44937746e+00
1.66476860e+03 3.40057929e+00
1.66492424e+03 3.33503129e+00
1.66515769e+03 3.21020984e+00
1.66539115e+03 3.06024728e+00
1.66562460e+03 2.89204241e+00
1.66593588e+03 2.64979555e+00
1.66648061e+03 2.21276105e+00
1.66671406e+03 2.03554536e+00
1.66692883e+03 1.88656973e+00
1.66707201e+03 1.79791374e+00
1.66721519e+03 1.72004962e+00
1.66732258e+03 1.66990810e+00
1.66742996e+03 1.62773743e+00
1.66753735e+03 1.59430355e+00
1.66764473e+03 1.57031794e+00
1.66775212e+03 1.55641943e+00
1.66784160e+03 1.55294117e+00
1.66795443e+03 1.55948110e+00
1.66806040e+03 1.57703438e+00
1.66816637e+03 1.60582702e+00
1.66827233e+03 1.64589144e+00
1.66837830e+03 1.69709966e+00
1.66848427e+03 1.75915364e+00
1.66859023e+03 1.83157862e+00
1.66869620e+03 1.91372020e+00
1.66880348e+03 2.00592980e+00
1.66896639e+03 2.16096313e+00
1.66912929e+03 2.33016746e+00
1.66969041e+03 2.94675327e+00
1.66990763e+03 3.16426125e+00
1.67005245e+03 3.29275433e+00
1.67019726e+03 3.40461050e+00
1.67034208e+03 3.49764139e+00
1.67048690e+03 3.57040842e+00
1.67063171e+03 3.62226225e+00
1.67077652e+03 3.65333256e+00
1.67093005e+03 3.66455062e+00
1.67108356e+03 3.65523357e+00
1.67126779e+03 3.62059560e+00
1.67151342e+03 3.54389428e+00
1.67212750e+03 3.30151067e+00
1.67231173e+03 3.24631386e+00
1.67249595e+03 3.21339023e+00
1.67261876e+03 3.20755474e+00
1.67277546e+03 3.22250616e+00
1.67287258e+03 3.24580285e+00
1.67299905e+03 3.29351883e+00
1.67312553e+03 3.36174063e+00
1.67325201e+03 3.45078497e+00
1.67337848e+03 3.56024169e+00
1.67350496e+03 3.68889027e+00
1.67363144e+03 3.83465672e+00
1.67382115e+03 4.07873645e+00
1.67429682e+03 4.73348729e+00
1.67445538e+03 4.92838399e+00
1.67461393e+03 5.09278541e+00
1.67473285e+03 5.18985411e+00
1.67485177e+03 5.26029168e+00
1.67497068e+03 5.30115667e+00
1.67506483e+03 5.31113912e+00
1.67516862e+03 5.29843871e+00
1.67528715e+03 5.25328074e+00
1.67540568e+03 5.17604886e+00
1.67552420e+03 5.06833442e+00
1.67564273e+03 4.93264835e+00
1.67572175e+03 4.82825708e+00
1.67587979e+03 4.59124869e+00
1.67603783e+03 4.32537762e+00
1.67651810e+03 3.45654593e+00
1.67668231e+03 3.17670689e+00
1.67680546e+03 2.98271659e+00
1.67692861e+03 2.80566422e+00
1.67705954e+03 2.63841695e+00
1.67715718e+03 2.52874550e+00
1.67725483e+03 2.43235917e+00
1.67735248e+03 2.34932806e+00
1.67745013e+03 2.27947567e+00
1.67754777e+03 2.22239773e+00
1.67764542e+03 2.17749610e+00
1.67774307e+03 2.14400359e+00
1.67784468e+03 2.12029181e+00
1.67795026e+03 2.10648031e+00
1.67805584e+03 2.10233482e+00
1.67821421e+03 2.11106048e+00
1.67837257e+03 2.13328486e+00
1.67863652e+03 2.18718862e+00
1.67895325e+03 2.25526128e+00
1.67916441e+03 2.29015619e+00
1.67937557e+03 2.31057144e+00
1.67948114e+03 2.31453006e+00
1.67970377e+03 2.30900336e+00
1.67992640e+03 2.28642780e+00
1.68026035e+03 2.23046821e+00
1.68070561e+03 2.14859480e+00
1.68092824e+03 2.12001017e+00
1.68109521e+03 2.10883016e+00
1.68117870e+03 2.10719477e+00
1.68132368e+03 2.11122565e+00
1.68150817e+03 2.12960077e+00
1.68169265e+03 2.16291567e+00
1.68187714e+03 2.21030262e+00
1.68200013e+03 2.24883796e+00
1.68224611e+03 2.33906804e+00
1.68286106e+03 2.59257063e+00
1.68310704e+03 2.68126760e+00
1.68330639e+03 2.73920084e+00
1.68353545e+03 2.78601571e+00
1.68376451e+03 2.80880230e+00
1.68384087e+03 2.81076456e+00
1.68404614e+03 2.80186475e+00
1.68425141e+03 2.77254802e+00
1.68445669e+03 2.72367304e+00
1.68466196e+03 2.65668617e+00
1.68486723e+03 2.57364816e+00
1.68507251e+03 2.47734710e+00
1.68538042e+03 2.31626108e+00
1.68580377e+03 2.09029518e+00
1.68596413e+03 2.01300348e+00
1.68612449e+03 1.94501221e+00
1.68628484e+03 1.88928492e+00
1.68640511e+03 1.85718321e+00
1.68652538e+03 1.83453144e+00
1.68664565e+03 1.82221235e+00
1.68672583e+03 1.82011005e+00
1.68683266e+03 1.82526535e+00
1.68693278e+03 1.83862191e+00
1.68703289e+03 1.86043691e+00
1.68713300e+03 1.89084171e+00
1.68723312e+03 1.92989420e+00
1.68736660e+03 1.99538032e+00
1.68750009e+03 2.07596698e+00
1.68763357e+03 2.17116650e+00
1.68776706e+03 2.28022126e+00
1.68788887e+03 2.39093341e+00
1.68805407e+03 2.55617052e+00
1.68827435e+03 2.79777695e+00
1.68877945e+03 3.38142163e+00
1.68897311e+03 3.58539016e+00
1.68910222e+03 3.70552940e+00
1.68923133e+03 3.80872652e+00
1.68936044e+03 3.89160827e+00
1.68948955e+03 3.95124440e+00
1.68961866e+03 3.98530858e+00
1.68971549e+03 3.99309073e+00
1.68982812e+03 3.98244246e+00
1.68994863e+03 3.94752270e+00
1.69006915e+03 3.88884756e+00
1.69018966e+03 3.80766058e+00
1.69031018e+03 3.70583080e+00
1.69039052e+03 3.62764866e+00
1.69055121e+03 3.45033734e+00
1.69071190e+03 3.25134807e+00
1.69103328e+03 2.82022867e+00
1.69129774e+03 2.46790933e+00
1.69147404e+03 2.24980457e+00
1.69160628e+03 2.09968577e+00
1.69173851e+03 1.96331845e+00
1.69184189e+03 1.86719181e+00
1.69194528e+03 1.78077874e+00
1.69204866e+03 1.70436063e+00
1.69215205e+03 1.63807403e+00
1.69225544e+03 1.58193278e+00
1.69235882e+03 1.53584871e+00
1.69246221e+03 1.49964953e+00
1.69256559e+03 1.47309332e+00
1.69265145e+03 1.45815378e+00
1.69277371e+03 1.44759798e+00
1.69281011e+03 1.44680334e+00
1.69291932e+03 1.45060135e+00
1.69302852e+03 1.46322125e+00
1.69313773e+03 1.48402254e+00
1.69324694e+03 1.51228531e+00
1.69339255e+03 1.56017492e+00
1.69353816e+03 1.61774507e+00
1.69375658e+03 1.71691576e+00
1.69418306e+03 1.92283966e+00
1.69439372e+03 2.01332420e+00
1.69453416e+03 2.06438953e+00
1.69467460e+03 2.10609356e+00
1.69481504e+03 2.13730571e+00
1.69495548e+03 2.15745097e+00
1.69513198e+03 2.16714512e+00
1.69529139e+03 2.16197466e+00
1.69545081e+03 2.14548205e+00
1.69566336e+03 2.11035006e+00
1.69619475e+03 2.00339354e+00
1.69640730e+03 1.97265237e+00
1.69656671e+03 1.95989389e+00
1.69667299e+03 1.95729032e+00
1.69684914e+03 1.96440835e+00
1.69703365e+03 1.98779589e+00
1.69721817e+03 2.02723745e+00
1.69740269e+03 2.08139746e+00
1.69758720e+03 2.14794350e+00
1.69771021e+03 2.19763930e+00
1.69832526e+03 2.46454292e+00
1.69850977e+03 2.53404890e+00
1.69869429e+03 2.59078496e+00
1.69886475e+03 2.62880393e+00
1.69903520e+03 2.65101874e+00
1.69917435e+03 2.65678448e+00
1.69935289e+03 2.64805329e+00
1.69955693e+03 2.61772850e+00
1.69976098e+03 2.56979377e+00
1.70047514e+03 2.35502534e+00
1.70067919e+03 2.30655624e+00
1.70090793e+03 2.26842475e+00
1.70103465e+03 2.25505905e+00
1.70220503e+03 2.23443970e+00
1.70239279e+03 2.20949524e+00
1.70258055e+03 2.16965332e+00
1.70276831e+03 2.11414522e+00
1.70295607e+03 2.04352038e+00
1.70314383e+03 1.95950690e+00
1.70333519e+03 1.86287702e+00
1.70359273e+03 1.72151007e+00
1.70404344e+03 1.46921191e+00
1.70423660e+03 1.36871333e+00
1.70438844e+03 1.29579665e+00
1.70454028e+03 1.22935955e+00
1.70469212e+03 1.17012344e+00
1.70484396e+03 1.11853243e+00
1.70499580e+03 1.07477960e+00
1.70514764e+03 1.03884618e+00
1.70529948e+03 1.01054910e+00
1.70545131e+03 9.89593109e-01
1.70557776e+03 9.77488355e-01
1.70570421e+03 9.70015628e-01
1.70586302e+03 9.66884981e-01
1.70603688e+03 9.71074771e-01
1.70618590e+03 9.80766699e-01
1.70633493e+03 9.95963934e-01
1.70648395e+03 1.01661996e+00
1.70663297e+03 1.04273605e+00
1.70678199e+03 1.07432413e+00
1.70693101e+03 1.11136059e+00
1.70708004e+03 1.15373072e+00
1.70727873e+03 1.21803442e+00
1.70745957e+03 1.28335911e+00
1.70770402e+03 1.37914278e+00
1.70811144e+03 1.54284647e+00
1.70835590e+03 1.63086635e+00
1.70851887e+03 1.68003107e+00
1.70868184e+03 1.71884490e+00
1.70882851e+03 1.74334403e+00
1.70897519e+03 1.75693077e+00
1.70907297e+03 1.75965628e+00
1.70921402e+03 1.75461590e+00
1.70935506e+03 1.73931367e+00
1.70949610e+03 1.71454354e+00
1.70963715e+03 1.68151820e+00
1.70982521e+03 1.62738800e+00
1.71038938e+03 1.43930773e+00
1.71057744e+03 1.38346857e+00
1.71074005e+03 1.34306048e+00
1.71090265e+03 1.31177311e+00
1.71102461e+03 1.29499137e+00
1.71114657e+03 1.28424414e+00
1.71128816e+03 1.27943990e+00
1.71140873e+03 1.28174982e+00
1.71152930e+03 1.28970410e+00
1.71171016e+03 1.31140807e+00
1.71189103e+03 1.34334606e+00
1.71207189e+03 1.38344518e+00
1.71219246e+03 1.41352727e+00
1.71267476e+03 1.54304137e+00
1.71291591e+03 1.60113865e+00
1.71309677e+03 1.63619665e+00
1.71325888e+03 1.65914070e+00
1.71341163e+03 1.67212027e+00
1.71356438e+03 1.67593447e+00
1.71372245e+03 1.66990742e+00
1.71388052e+03 1.65396288e+00
1.71398590e+03 1.63820560e+00
1.71419665e+03 1.59619160e+00
1.71440741e+03 1.54396251e+00
1.71482893e+03 1.43221099e+00
1.71498699e+03 1.39611011e+00
1.71514506e+03 1.36722594e+00
1.71525044e+03 1.35306629e+00
1.71539625e+03 1.34130906e+00
1.71549650e+03 1.33896806e+00
1.71562840e+03 1.34338158e+00
1.71575791e+03 1.35608072e+00
1.71588742e+03 1.37682779e+00
1.71601693e+03 1.40504237e+00
1.71614643e+03 1.43982311e+00
1.71631911e+03 1.49432784e+00
1.71683714e+03 1.67880625e+00
1.71701085e+03 1.73452377e+00
1.71718559e+03 1.78146468e+00
1.71736033e+03 1.81673143e+00
1.71753508e+03 1.83882706e+00
1.71767799e+03 1.84681286e+00
1.71773353e+03 1.84752515e+00
1.71790016e+03 1.84214561e+00
1.71806678e+03 1.82673945e+00
1.71828895e+03 1.79415175e+00
1.71895545e+03 1.66610285e+00
1.71917762e+03 1.62924783e+00
1.71939979e+03 1.60075986e+00
1.71962241e+03 1.58241595e+00
1.71984503e+03 1.57543516e+00
1.72005308e+03 1.57977303e+00
1.72023198e+03 1.59201834e+00
1.72041089e+03 1.61190121e+00
1.72058979e+03 1.63875943e+00
1.72082833e+03 1.68324108e+00
1.72130541e+03 1.78242888e+00
1.72154395e+03 1.82291692e+00
1.72172286e+03 1.84290022e+00
1.72190176e+03 1.85083105e+00
1.72206799e+03 1.84567165e+00
1.72220839e+03 1.83134655e+00
1.72234880e+03 1.80800522e+00
1.72248921e+03 1.77630020e+00
1.72267642e+03 1.72308681e+00
1.72295723e+03 1.62830553e+00
1.72323804e+03 1.53115128e+00
1.72342525e+03 1.47419929e+00
1.72357615e+03 1.43682412e+00
1.72369073e+03 1.41492209e+00
1.72380532e+03 1.39935964e+00
1.72391990e+03 1.39057579e+00
1.72400120e+03 1.38857678e+00
1.72412124e+03 1.39205191e+00
1.72426527e+03 1.40600887e+00
1.72440931e+03 1.42979760e+00
1.72455335e+03 1.46208367e+00
1.72474540e+03 1.51537617e+00
1.72532156e+03 1.69999302e+00
1.72551362e+03 1.75434051e+00
1.72567437e+03 1.79250024e+00
1.72583513e+03 1.82258393e+00
1.72599589e+03 1.84389099e+00
1.72615664e+03 1.85628484e+00
1.72635798e+03 1.85984509e+00
1.72655933e+03 1.85166653e+00
1.72676067e+03 1.83406861e+00
1.72696201e+03 1.80969409e+00
1.72776738e+03 1.69169099e+00
1.72817006e+03 1.64136263e+00
1.72847207e+03 1.61158161e+00
1.72877409e+03 1.58958671e+00
1.72907610e+03 1.57662482e+00
1.72927744e+03 1.57382628e+00
1.72953963e+03 1.57808435e+00
1.72978191e+03 1.59039229e+00
1.73002419e+03 1.61047278e+00
1.73034723e+03 1.64722979e+00
1.73115482e+03 1.75505489e+00
1.73147786e+03 1.79030292e+00
1.73224081e+03 1.85767013e+00
1.73249757e+03 1.88976399e+00
1.73269014e+03 1.92303793e+00
1.73288271e+03 1.96670440e+00
1.73307528e+03 2.02227917e+00
1.73326785e+03 2.09028793e+00
1.73346042e+03 2.17007689e+00
1.73365299e+03 2.25975006e+00
1.73429489e+03 2.58461318e+00
1.73454104e+03 2.69522521e+00
1.73472565e+03 2.76457476e+00
1.73491026e+03 2.81934162e+00
1.73509488e+03 2.85816291e+00
1.73527949e+03 2.88102878e+00
1.73545238e+03 2.88917884e+00
1.73562527e+03 2.88668340e+00
1.73597105e+03 2.86214732e+00
1.73631684e+03 2.83587317e+00
1.73648973e+03 2.83088412e+00
1.73674308e+03 2.84046041e+00
1.73698446e+03 2.87159275e+00
1.73722585e+03 2.92404256e+00
1.73746724e+03 2.99414129e+00
1.73795000e+03 3.16323343e+00
1.73891555e+03 3.50760194e+00
1.73923739e+03 3.63616203e+00
1.73957902e+03 3.79749908e+00
1.74026226e+03 4.16638840e+00
1.74049001e+03 4.27003705e+00
1.74066082e+03 4.32762192e+00
1.74083164e+03 4.36157210e+00
1.74094551e+03 4.36865873e+00
1.74110697e+03 4.35496256e+00
1.74124974e+03 4.31836262e+00
1.74139251e+03 4.25850224e+00
1.74153527e+03 4.17620994e+00
1.74163045e+03 4.10977274e+00
1.74182080e+03 3.95281825e+00
1.74201115e+03 3.77100383e+00
1.74248704e+03 3.27775752e+00
1.74269845e+03 3.07510879e+00
1.74287279e+03 2.92917604e+00
1.74298903e+03 2.84541484e+00
1.74310526e+03 2.77376232e+00
1.74322149e+03 2.71486767e+00
1.74333772e+03 2.66897421e+00
1.74345395e+03 2.63593265e+00
1.74361033e+03 2.61079703e+00
1.74370859e+03 2.60546748e+00
1.74385597e+03 2.61076917e+00
1.74400336e+03 2.62939006e+00
1.74419988e+03 2.66913528e+00
1.74469117e+03 2.79028729e+00
1.74488768e+03 2.82623074e+00
1.74508420e+03 2.84498105e+00
1.74516467e+03 2.84658432e+00
1.74534599e+03 2.83572972e+00
1.74549727e+03 2.81061433e+00
1.74564855e+03 2.77086869e+00
1.74579983e+03 2.71725526e+00
1.74595112e+03 2.65123867e+00
1.74615282e+03 2.54761070e+00
1.74655624e+03 2.31178759e+00
1.74675795e+03 2.19454302e+00
1.74696512e+03 2.08474678e+00
1.74712460e+03 2.01163782e+00
1.74728409e+03 1.95087682e+00
1.74744357e+03 1.90375373e+00
1.74760305e+03 1.87062425e+00
1.74770937e+03 1.85605740e+00
1.74787810e+03 1.84416528e+00
1.74796246e+03 1.84274825e+00
1.74813118e+03 1.84707034e+00
1.74872172e+03 1.88828571e+00
1.74889044e+03 1.89196885e+00
1.74905916e+03 1.88633573e+00
1.74921085e+03 1.87174318e+00
1.74936253e+03 1.84737887e+00
1.74951421e+03 1.81318311e+00
1.74966590e+03 1.76970917e+00
1.74986814e+03 1.69927032e+00
1.75007038e+03 1.61809569e+00
1.75057599e+03 1.39939442e+00
1.75074376e+03 1.33153532e+00
1.75094371e+03 1.25923605e+00
1.75107701e+03 1.21768110e+00
1.75121030e+03 1.18227918e+00
1.75134360e+03 1.15353952e+00
1.75147690e+03 1.13179411e+00
1.75161020e+03 1.11721262e+00
1.75174350e+03 1.10982279e+00
1.75183478e+03 1.10886818e+00
1.75197170e+03 1.11355713e+00
1.75210862e+03 1.12535791e+00
1.75224554e+03 1.14395269e+00
1.75238246e+03 1.16897926e+00
1.75251938e+03 1.20004231e+00
1.75265630e+03 1.23671289e+00
1.75283886e+03 1.29350896e+00
1.75302142e+03 1.35813872e+00
1.75329938e+03 1.46787412e+00
1.75377639e+03 1.66623566e+00
1.75396719e+03 1.73866985e+00
1.75415799e+03 1.80065254e+00
1.75430109e+03 1.83759982e+00
1.75444419e+03 1.86446411e+00
1.75458730e+03 1.87983802e+00
1.75468270e+03 1.88319277e+00
1.75481303e+03 1.87850222e+00
1.75493699e+03 1.86405602e+00
1.75506094e+03 1.84016640e+00
1.75522621e+03 1.79480382e+00
1.75539148e+03 1.73636546e+00
1.75555675e+03 1.66833523e+00
1.75596993e+03 1.48507913e+00
1.75613979e+03 1.41718563e+00
1.75627061e+03 1.37246610e+00
1.75640144e+03 1.33635383e+00
1.75653227e+03 1.31029898e+00
1.75666310e+03 1.29533630e+00
1.75675032e+03 1.29183166e+00
1.75687649e+03 1.29606560e+00
1.75700266e+03 1.31114435e+00
1.75712883e+03 1.33655591e+00
1.75725499e+03 1.37145920e+00
1.75738116e+03 1.41473365e+00
1.75750733e+03 1.46503686e+00
1.75767555e+03 1.54043056e+00
1.75824809e+03 1.81935298e+00
1.75847605e+03 1.91811077e+00
1.75862803e+03 1.97448585e+00
1.75878000e+03 2.02152699e+00
1.75893198e+03 2.05812967e+00
1.75908395e+03 2.08353787e+00
1.75923592e+03 2.09732235e+00
1.75931191e+03 2.09980541e+00
1.75949264e+03 2.09399451e+00
1.75967336e+03 2.07218126e+00
1.75985409e+03 2.03541317e+00
1.76003481e+03 1.98521682e+00
1.76021554e+03 1.92355454e+00
1.76039626e+03 1.85276047e+00
1.76063723e+03 1.74870349e+00
1.76111916e+03 1.53188876e+00
1.76138081e+03 1.42282616e+00
1.76159257e+03 1.34403835e+00
1.76180433e+03 1.27538972e+00
1.76201608e+03 1.21721592e+00
1.76222783e+03 1.16884636e+00
1.76243959e+03 1.12886687e+00
1.76265134e+03 1.09545709e+00
1.76293368e+03 1.05790898e+00
1.76335719e+03 1.00945208e+00
1.76400932e+03 9.42041477e-01
1.76452027e+03 8.95239502e-01
1.76486091e+03 8.68141807e-01
1.76520154e+03 8.44829623e-01
1.76554218e+03 8.26223844e-01
1.76579766e+03 8.16391351e-01
1.76605314e+03 8.11091581e-01
1.76622345e+03 8.10462457e-01
1.76643474e+03 8.13141274e-01
1.76664603e+03 8.19667740e-01
1.76692774e+03 8.34043068e-01
1.76720946e+03 8.54454866e-01
1.76742074e+03 8.73876622e-01
1.76763203e+03 8.97759281e-01
1.76784332e+03 9.28029639e-01
1.76798417e+03 9.53284069e-01
1.76812503e+03 9.84069342e-01
1.76826589e+03 1.02195648e+00
1.76837153e+03 1.05611964e+00
1.76847717e+03 1.09614162e+00
1.76857619e+03 1.13976530e+00
1.76867521e+03 1.19007160e+00
1.76877423e+03 1.24781302e+00
1.76887325e+03 1.31371877e+00
1.76897227e+03 1.38847292e+00
1.76907128e+03 1.47268375e+00
1.76917030e+03 1.56685820e+00
1.76926932e+03 1.67137145e+00
1.76937337e+03 1.79257135e+00
1.76947742e+03 1.92545320e+00
1.76958147e+03 2.06979177e+00
1.76968551e+03 2.22507057e+00
1.76982424e+03 2.44767044e+00
1.76997471e+03 2.70611368e+00
1.77020042e+03 3.11604989e+00
1.77049711e+03 3.66132494e+00
1.77063910e+03 3.90886124e+00
1.77078110e+03 4.13804171e+00
1.77092309e+03 4.34192821e+00
1.77106508e+03 4.51414036e+00
1.77117158e+03 4.61917450e+00
1.77127807e+03 4.70140577e+00
1.77138456e+03 4.75939527e+00
1.77149106e+03 4.79218828e+00
1.77156205e+03 4.79981183e+00
1.77168762e+03 4.78542017e+00
1.77181319e+03 4.73615899e+00
1.77193877e+03 4.65374058e+00
1.77206434e+03 4.54073636e+00
1.77218991e+03 4.40044473e+00
1.77231548e+03 4.23673635e+00
1.77248291e+03 3.98945594e+00
1.77265034e+03 3.71882482e+00
1.77313395e+03 2.90001427e+00
1.77328893e+03 2.65088246e+00
1.77344391e+03 2.41720145e+00
1.77356780e+03 2.24382589e+00
1.77370700e+03 2.06486003e+00
1.77379980e+03 1.95535224e+00
1.77389260e+03 1.85387101e+00
1.77398540e+03 1.76045372e+00
1.77407820e+03 1.67504755e+00
1.77417100e+03 1.59752514e+00
1.77429359e+03 1.50687620e+00
1.77438298e+03 1.44893866e+00
1.77447236e+03 1.39760697e+00
1.77456174e+03 1.35262223e+00
1.77468092e+03 1.30205079e+00
1.77480010e+03 1.26164435e+00
1.77491928e+03 1.23077132e+00
1.77503846e+03 1.20881712e+00
1.77515763e+03 1.19518874e+00
1.77527647e+03 1.18931841e+00
1.77533572e+03 1.18909779e+00
1.77545423e+03 1.19371689e+00
1.77557273e+03 1.20462757e+00
1.77569123e+03 1.22127652e+00
1.77586898e+03 1.25576656e+00
1.77604674e+03 1.29990612e+00
1.77616524e+03 1.33367355e+00
1.77640224e+03 1.40879660e+00
1.77699475e+03 1.61210469e+00
1.77728844e+03 1.70500167e+00
1.77755122e+03 1.77636134e+00
1.77772641e+03 1.81593987e+00
1.77790160e+03 1.84812754e+00
1.77807679e+03 1.87220862e+00
1.77825198e+03 1.88759030e+00
1.77845728e+03 1.89397403e+00
1.77863603e+03 1.88908892e+00
1.77881792e+03 1.87434281e+00
1.77899980e+03 1.85046990e+00
1.77924232e+03 1.80693394e+00
1.77978799e+03 1.69010387e+00
1.77996988e+03 1.65836621e+00
1.78015177e+03 1.63752534e+00
1.78030334e+03 1.63175343e+00
1.78039429e+03 1.63446732e+00
1.78050885e+03 1.64539271e+00
1.78061555e+03 1.66380077e+00
1.78072225e+03 1.69075275e+00
1.78082895e+03 1.72671055e+00
1.78093565e+03 1.77199325e+00
1.78104235e+03 1.82676743e+00
1.78114905e+03 1.89103444e+00
1.78125575e+03 1.96462830e+00
1.78136244e+03 2.04720806e+00
1.78151733e+03 2.18198444e+00
1.78167221e+03 2.33239429e+00
1.78187873e+03 2.55217026e+00
1.78245082e+03 3.20261956e+00
1.78262571e+03 3.38816179e+00
1.78280059e+03 3.55546143e+00
1.78297548e+03 3.69819412e+00
1.78310664e+03 3.78578888e+00
1.78323780e+03 3.85458498e+00
1.78336897e+03 3.90316369e+00
1.78350013e+03 3.93062462e+00
1.78358757e+03 3.93701044e+00
1.78374202e+03 3.92517906e+00
1.78389646e+03 3.88492105e+00
1.78405090e+03 3.81847577e+00
1.78420534e+03 3.72907026e+00
1.78441126e+03 3.58122943e+00
1.78461718e+03 3.41097179e+00
1.78502902e+03 3.05087433e+00
1.78523494e+03 2.88324254e+00
1.78542068e+03 2.74922574e+00
1.78560642e+03 2.63623385e+00
1.78573024e+03 2.57403691e+00
1.78585406e+03 2.52287738e+00
1.78597789e+03 2.48286919e+00
1.78610171e+03 2.45385274e+00
1.78622554e+03 2.43543091e+00
1.78640909e+03 2.42628867e+00
1.78659265e+03 2.43645032e+00
1.78671502e+03 2.45236038e+00
1.78695976e+03 2.50113796e+00
1.78757162e+03 2.66259749e+00
1.78781636e+03 2.71451416e+00
1.78799992e+03 2.73920006e+00
1.78818347e+03 2.74806765e+00
1.78829108e+03 2.74506868e+00
1.78848720e+03 2.72342243e+00
1.78868333e+03 2.68167409e+00
1.78887945e+03 2.62265374e+00
1.78907558e+03 2.55107054e+00
1.78956589e+03 2.35781902e+00
1.78976201e+03 2.29108005e+00
1.78996115e+03 2.23671952e+00
1.79016332e+03 2.19753754e+00
1.79033353e+03 2.17694115e+00
1.79054091e+03 2.16502971e+00
1.79067916e+03 2.16324547e+00
1.79194691e+03 2.18727343e+00
1.79213907e+03 2.20201219e+00
1.79233123e+03 2.23160287e+00
1.79246760e+03 2.26477994e+00
1.79261224e+03 2.31323545e+00
1.79275688e+03 2.37680328e+00
1.79290152e+03 2.45619978e+00
1.79304615e+03 2.55121527e+00
1.79319079e+03 2.66063024e+00
1.79340775e+03 2.84654817e+00
1.79392678e+03 3.32448623e+00
1.79407654e+03 3.44679959e+00
1.79422630e+03 3.55149155e+00
1.79437606e+03 3.63329355e+00
1.79452582e+03 3.68777468e+00
1.79463814e+03 3.70865792e+00
1.79471302e+03 3.71250968e+00
1.79484278e+03 3.69956075e+00
1.79498126e+03 3.65814242e+00
1.79511974e+03 3.58891393e+00
1.79525822e+03 3.49352052e+00
1.79539670e+03 3.37445692e+00
1.79553518e+03 3.23491821e+00
1.79567366e+03 3.07861851e+00
1.79585830e+03 2.85116954e+00
1.79636663e+03 2.18806199e+00
1.79650568e+03 2.01478359e+00
1.79664473e+03 1.85080359e+00
1.79678378e+03 1.69837241e+00
1.79690736e+03 1.57400297e+00
1.79703093e+03 1.46098587e+00
1.79715450e+03 1.35987884e+00
1.79723688e+03 1.29924017e+00
1.79731926e+03 1.24404542e+00
1.79740164e+03 1.19426732e+00
1.79748184e+03 1.15094850e+00
1.79755985e+03 1.11358019e+00
1.79763785e+03 1.08079656e+00
1.79771586e+03 1.05245476e+00
1.79779387e+03 1.02839051e+00
1.79791088e+03 9.99907696e-01
1.79802789e+03 9.79947626e-01
1.79812025e+03 9.69723584e-01
1.79822695e+03 9.63438582e-01
1.79828030e+03 9.62337827e-01
1.79838700e+03 9.63834681e-01
1.79849371e+03 9.69751745e-01
1.79865376e+03 9.85608663e-01
1.79881381e+03 1.00816045e+00
1.79902722e+03 1.04576740e+00
1.79924062e+03 1.08916356e+00
1.79956073e+03 1.16124893e+00
1.79986956e+03 1.23856287e+00
1.80006043e+03 1.29219518e+00
1.80025130e+03 1.35264130e+00
1.80044216e+03 1.42220299e+00
1.80058531e+03 1.48169670e+00
1.80072846e+03 1.54832487e+00
1.80087161e+03 1.62258250e+00
1.80101476e+03 1.70460448e+00
1.80120563e+03 1.82545291e+00
1.80143270e+03 1.98340487e+00
1.80189344e+03 2.32141363e+00
1.80209090e+03 2.45583554e+00
1.80222254e+03 2.53584860e+00
1.80235418e+03 2.60529976e+00
1.80248975e+03 2.66338408e+00
1.80262531e+03 2.70569816e+00
1.80276088e+03 2.73053791e+00
1.80289645e+03 2.73674922e+00
1.80302286e+03 2.72527744e+00
1.80314927e+03 2.69721849e+00
1.80327567e+03 2.65314947e+00
1.80340208e+03 2.59412202e+00
1.80352849e+03 2.52161802e+00
1.80365490e+03 2.43748742e+00
1.80382344e+03 2.31095462e+00
1.80407625e+03 2.10189679e+00
1.80434452e+03 1.87435679e+00
1.80454396e+03 1.71421304e+00
1.80469354e+03 1.60446407e+00
1.80484311e+03 1.50658434e+00
1.80494283e+03 1.44899557e+00
1.80504255e+03 1.39813765e+00
1.80515541e+03 1.34920396e+00
1.80526827e+03 1.30985652e+00
1.80538113e+03 1.28041455e+00
1.80549398e+03 1.26108555e+00
1.80560684e+03 1.25198360e+00
1.80564446e+03 1.25123095e+00
1.80573310e+03 1.25396837e+00
1.80582175e+03 1.26302530e+00
1.80591039e+03 1.27837060e+00
1.80599903e+03 1.29996005e+00
1.80608768e+03 1.32773916e+00
1.80617632e+03 1.36164331e+00
1.80629451e+03 1.41625071e+00
1.80641270e+03 1.48142084e+00
1.80653089e+03 1.55692284e+00
1.80663837e+03 1.63431783e+00
1.80678351e+03 1.75158446e+00
1.80692864e+03 1.88278935e+00
1.80707378e+03 2.02693066e+00
1.80721892e+03 2.18271531e+00
1.80741723e+03 2.41132218e+00
1.80773626e+03 2.80361495e+00
1.80800211e+03 3.13347120e+00
1.80821479e+03 3.38253483e+00
1.80839610e+03 3.57337809e+00
1.80851697e+03 3.68505712e+00
1.80863785e+03 3.78138889e+00
1.80875872e+03 3.86007031e+00
1.80887959e+03 3.91906402e+00
1.80900047e+03 3.95668349e+00
1.80913645e+03 3.97190688e+00
1.80927140e+03 3.95767069e+00
1.80940585e+03 3.91423124e+00
1.80954029e+03 3.84225943e+00
1.80967474e+03 3.74326190e+00
1.80980918e+03 3.61953224e+00
1.80994362e+03 3.47404204e+00
1.81007807e+03 3.31031697e+00
1.81025732e+03 3.07046076e+00
1.81057103e+03 2.61910042e+00
1.81083191e+03 2.24413127e+00
1.81097596e+03 2.04730391e+00
1.81112000e+03 1.86207070e+00
1.81122608e+03 1.73460154e+00
1.81132824e+03 1.61984300e+00
1.81143041e+03 1.51347071e+00
1.81153257e+03 1.41584715e+00
1.81163474e+03 1.32718420e+00
1.81173690e+03 1.24756490e+00
1.81182865e+03 1.18374866e+00
1.81192039e+03 1.12711614e+00
1.81201213e+03 1.07753074e+00
1.81210388e+03 1.03481778e+00
1.81219562e+03 9.98773546e-01
1.81228737e+03 9.69175823e-01
1.81237911e+03 9.45789628e-01
1.81247086e+03 9.28375662e-01
1.81254775e+03 9.18206769e-01
1.81265538e+03 9.10476183e-01
1.81271684e+03 9.09339179e-01
1.81280903e+03 9.11927214e-01
1.81290122e+03 9.19479351e-01
1.81299342e+03 9.31792903e-01
1.81308561e+03 9.48673610e-01
1.81317780e+03 9.69932406e-01
1.81330073e+03 1.00476655e+00
1.81342365e+03 1.04660560e+00
1.81354657e+03 1.09497924e+00
1.81368328e+03 1.15582326e+00
1.81383376e+03 1.23045212e+00
1.81398425e+03 1.31188850e+00
1.81420998e+03 1.44354470e+00
1.81466144e+03 1.71796668e+00
1.81487469e+03 1.83927266e+00
1.81506298e+03 1.93465512e+00
1.81525126e+03 2.01465173e+00
1.81537678e+03 2.05766452e+00
1.81550230e+03 2.09145453e+00
1.81562783e+03 2.11544753e+00
1.81575335e+03 2.12932262e+00
1.81587142e+03 2.13308560e+00
1.81603735e+03 2.12351524e+00
1.81620329e+03 2.09764228e+00
1.81636922e+03 2.05726357e+00
1.81647984e+03 2.02342363e+00
1.81670108e+03 1.94273240e+00
1.81703295e+03 1.80226948e+00
1.81736482e+03 1.65949586e+00
1.81758606e+03 1.57376141e+00
1.81775518e+03 1.51741663e+00
1.81792430e+03 1.47138288e+00
1.81803705e+03 1.44733660e+00
1.81814980e+03 1.42916598e+00
1.81826255e+03 1.41729136e+00
1.81840348e+03 1.41185282e+00
1.81852367e+03 1.41587939e+00
1.81863057e+03 1.42640562e+00
1.81873746e+03 1.44361715e+00
1.81884436e+03 1.46759590e+00
1.81891562e+03 1.48735384e+00
1.81905815e+03 1.53586913e+00
1.81920068e+03 1.59615309e+00
1.81934320e+03 1.66771954e+00
1.81948573e+03 1.74983382e+00
1.81962826e+03 1.84149949e+00
1.81981915e+03 1.97701093e+00
1.82001005e+03 2.12363675e+00
1.82051912e+03 2.53306394e+00
1.82071575e+03 2.68240736e+00
1.82092383e+03 2.82507484e+00
1.82113191e+03 2.94587629e+00
1.82127064e+03 3.01186991e+00
1.82140936e+03 3.06513857e+00
1.82154808e+03 3.10529845e+00
1.82168680e+03 3.13251548e+00
1.82184213e+03 3.14857265e+00
1.82192810e+03 3.15155436e+00
1.82210003e+03 3.14701659e+00
1.82270181e+03 3.08631388e+00
1.82287375e+03 3.07964977e+00
1.82304568e+03 3.08759492e+00
1.82321361e+03 3.11311030e+00
1.82337753e+03 3.15688540e+00
1.82354145e+03 3.21948614e+00
1.82370537e+03 3.29927755e+00
1.82395125e+03 3.44323187e+00
1.82436105e+03 3.69935726e+00
1.82451836e+03 3.78355072e+00
1.82466907e+03 3.84771476e+00
1.82481978e+03 3.89078191e+00
1.82497991e+03 3.90914181e+00
1.82499639e+03 3.90929883e+00
1.82513274e+03 3.89765896e+00
1.82526308e+03 3.86469539e+00
1.82539342e+03 3.81076352e+00
1.82552377e+03 3.73711804e+00
1.82565411e+03 3.64582086e+00
1.82582790e+03 3.50147351e+00
1.82608859e+03 3.25310236e+00
1.82643617e+03 2.90972130e+00
1.82661761e+03 2.74541011e+00
1.82679906e+03 2.60143005e+00
1.82692002e+03 2.51930690e+00
1.82704098e+03 2.44933871e+00
1.82716195e+03 2.39185803e+00
1.82728291e+03 2.34670052e+00
1.82740387e+03 2.31324271e+00
1.82756579e+03 2.28492642e+00
1.82772771e+03 2.27231219e+00
1.82780867e+03 2.27062224e+00
1.82805154e+03 2.27726691e+00
1.82846645e+03 2.29377147e+00
1.82847657e+03 2.29379626e+00
1.82869921e+03 2.28561545e+00
1.82886320e+03 2.26687087e+00
1.82902719e+03 2.23591464e+00
1.82919118e+03 2.19259071e+00
1.82935517e+03 2.13769336e+00
1.82957382e+03 2.04937911e+00
1.82990180e+03 1.89625487e+00
1.83022977e+03 1.73884425e+00
1.83044843e+03 1.64280450e+00
1.83061730e+03 1.57782275e+00
1.83078618e+03 1.52310582e+00
1.83095505e+03 1.48011228e+00
1.83112393e+03 1.44974550e+00
1.83123651e+03 1.43672571e+00
1.83140260e+03 1.42807725e+00
1.83145611e+03 1.42793473e+00
1.83161663e+03 1.43501751e+00
1.83177715e+03 1.45293832e+00
1.83193767e+03 1.48109033e+00
1.83209819e+03 1.51887986e+00
1.83225871e+03 1.56581206e+00
1.83241923e+03 1.62155120e+00
1.83257975e+03 1.68594938e+00
1.83274026e+03 1.75903522e+00
1.83290078e+03 1.84095982e+00
1.83306130e+03 1.93189833e+00
1.83323791e+03 2.04245168e+00
1.83341452e+03 2.16374056e+00
1.83367944e+03 2.36370209e+00
1.83403266e+03 2.65292450e+00
1.83438588e+03 2.94237505e+00
1.83460098e+03 3.10343315e+00
1.83479115e+03 3.22807841e+00
1.83498133e+03 3.33096237e+00
1.83517151e+03 3.40863104e+00
1.83536169e+03 3.45939286e+00
1.83548847e+03 3.47831450e+00
1.83565764e+03 3.48596477e+00
1.83582681e+03 3.47544782e+00
1.83608057e+03 3.43188554e+00
1.83633433e+03 3.36491522e+00
1.83701102e+03 3.15183656e+00
1.83734936e+03 3.06138691e+00
1.83760311e+03 3.01063596e+00
1.83785687e+03 2.97812924e+00
1.83813442e+03 2.96559817e+00
1.83813838e+03 2.96559568e+00
1.83838778e+03 2.97486763e+00
1.83858036e+03 2.99317750e+00
1.83925435e+03 3.08127662e+00
1.83944692e+03 3.09275165e+00
1.83954321e+03 3.09282459e+00
1.83973578e+03 3.07878116e+00
1.83993427e+03 3.04158182e+00
1.84008314e+03 2.99737990e+00
1.84023201e+03 2.93924412e+00
1.84043050e+03 2.84165945e+00
1.84062899e+03 2.72492739e+00
1.84092673e+03 2.52688713e+00
1.84132371e+03 2.25649937e+00
1.84154122e+03 2.12214111e+00
1.84170435e+03 2.03272283e+00
1.84186748e+03 1.95466980e+00
1.84203061e+03 1.88848232e+00
1.84219374e+03 1.83383307e+00
1.84235687e+03 1.78970747e+00
1.84252000e+03 1.75460745e+00
1.84273750e+03 1.71880338e+00
1.84306376e+03 1.68046402e+00
1.84339049e+03 1.65191870e+00
1.84371723e+03 1.63061029e+00
1.84396228e+03 1.62236305e+00
1.84404396e+03 1.62190576e+00
1.84420733e+03 1.62558374e+00
1.84437070e+03 1.63674839e+00
1.84453100e+03 1.65653852e+00
1.84469130e+03 1.68649770e+00
1.84485160e+03 1.72784033e+00
1.84501190e+03 1.78152989e+00
1.84517221e+03 1.84824228e+00
1.84533251e+03 1.92834597e+00
1.84549281e+03 2.02189342e+00
1.84565311e+03 2.12861797e+00
1.84580304e+03 2.23984342e+00
1.84595296e+03 2.36134320e+00
1.84617785e+03 2.56060135e+00
1.84640274e+03 2.77616233e+00
1.84703337e+03 3.41142904e+00
1.84730464e+03 3.66398542e+00
1.84748549e+03 3.81250901e+00
1.84766633e+03 3.93894059e+00
1.84784718e+03 4.03835541e+00
1.84798282e+03 4.09260790e+00
1.84811845e+03 4.12783412e+00
1.84825409e+03 4.14297422e+00
1.84829930e+03 4.14343340e+00
1.84847494e+03 4.12315774e+00
1.84865058e+03 4.06799166e+00
1.84882622e+03 3.97920620e+00
1.84900186e+03 3.85922829e+00
1.84917751e+03 3.71148173e+00
1.84935315e+03 3.54017683e+00
1.84947024e+03 3.41521712e+00
1.84970443e+03 3.14620041e+00
1.85035774e+03 2.35039911e+00
1.85058891e+03 2.08401838e+00
1.85077384e+03 1.88548899e+00
1.85091254e+03 1.74696624e+00
1.85105594e+03 1.61415177e+00
1.85119933e+03 1.49258601e+00
1.85134272e+03 1.38269457e+00
1.85143832e+03 1.31602226e+00
1.85153391e+03 1.25463131e+00
1.85162951e+03 1.19848601e+00
1.85174247e+03 1.13880840e+00
1.85184021e+03 1.09287508e+00
1.85193795e+03 1.05209280e+00
1.85203569e+03 1.01630067e+00
1.85213343e+03 9.85321375e-01
1.85223117e+03 9.58963018e-01
1.85232891e+03 9.37023283e-01
1.85245923e+03 9.14281361e-01
1.85258956e+03 8.98516578e-01
1.85271988e+03 8.89222902e-01
1.85286307e+03 8.85883011e-01
1.85298022e+03 8.88076436e-01
1.85313643e+03 8.97306960e-01
1.85329263e+03 9.13123262e-01
1.85344884e+03 9.34954810e-01
1.85360505e+03 9.62372195e-01
1.85376125e+03 9.95113417e-01
1.85391746e+03 1.03310703e+00
1.85407366e+03 1.07648649e+00
1.85422987e+03 1.12559567e+00
1.85438607e+03 1.18097646e+00
1.85452446e+03 1.23584885e+00
1.85466285e+03 1.29677649e+00
1.85480124e+03 1.36437150e+00
1.85493963e+03 1.43923486e+00
1.85507802e+03 1.52190067e+00
1.85521640e+03 1.61277412e+00
1.85535479e+03 1.71206612e+00
1.85549318e+03 1.81972844e+00
1.85565338e+03 1.95430867e+00
1.85581357e+03 2.09840377e+00
1.85602717e+03 2.30189148e+00
1.85650150e+03 2.76496385e+00
1.85673242e+03 2.97095374e+00
1.85688636e+03 3.09168527e+00
1.85704031e+03 3.19455513e+00
1.85719425e+03 3.27617372e+00
1.85734820e+03 3.33390458e+00
1.85750214e+03 3.36606427e+00
1.85762335e+03 3.37296741e+00
1.85775605e+03 3.36217245e+00
1.85788875e+03 3.33307307e+00
1.85802145e+03 3.28715442e+00
1.85819839e+03 3.20328795e+00
1.85837532e+03 3.09895969e+00
1.85864072e+03 2.91861319e+00
1.85906349e+03 2.62169220e+00
1.85927018e+03 2.49108775e+00
1.85947687e+03 2.37754380e+00
1.85968356e+03 2.28338768e+00
1.85989024e+03 2.20864495e+00
1.86009693e+03 2.15155809e+00
1.86030362e+03 2.10922273e+00
1.86051031e+03 2.07821016e+00
1.86064810e+03 2.06211566e+00
1.86119927e+03 2.01543672e+00
1.86167314e+03 1.97657619e+00
1.86214701e+03 1.92733216e+00
1.86293679e+03 1.83469621e+00
1.86325271e+03 1.80900892e+00
1.86348964e+03 1.80140367e+00
1.86372657e+03 1.80792283e+00
1.86393341e+03 1.82772108e+00
1.86414024e+03 1.86233856e+00
1.86434707e+03 1.91256540e+00
1.86455391e+03 1.97828389e+00
1.86476074e+03 2.05845524e+00
1.86496757e+03 2.15122006e+00
1.86524335e+03 2.29014526e+00
1.86613573e+03 2.77938633e+00
1.86644014e+03 2.93017513e+00
1.86664308e+03 3.01792159e+00
1.86684602e+03 3.09180642e+00
1.86704896e+03 3.14867812e+00
1.86725190e+03 3.18568683e+00
1.86746752e+03 3.20094341e+00
1.86748654e+03 3.20105744e+00
1.86766078e+03 3.19286871e+00
1.86786972e+03 3.16227435e+00
1.86807867e+03 3.11277947e+00
1.86860104e+03 2.95583325e+00
1.86880999e+03 2.90691129e+00
1.86896670e+03 2.88595941e+00
1.86907118e+03 2.88191131e+00
1.86922789e+03 2.89335644e+00
1.86934033e+03 2.91579617e+00
1.86946873e+03 2.95675741e+00
1.86959713e+03 3.01417552e+00
1.86972553e+03 3.08743049e+00
1.86985393e+03 3.17513864e+00
1.87002513e+03 3.31079941e+00
1.87036753e+03 3.61863191e+00
1.87062433e+03 3.84561210e+00
1.87080900e+03 3.98618503e+00
1.87094750e+03 4.07145288e+00
1.87108600e+03 4.13506949e+00
1.87122450e+03 4.17405432e+00
1.87136300e+03 4.18646225e+00
1.87150339e+03 4.17106331e+00
1.87164378e+03 4.12780187e+00
1.87178417e+03 4.05809074e+00
1.87192456e+03 3.96432655e+00
1.87206495e+03 3.84970176e+00
1.87220534e+03 3.71798915e+00
1.87239252e+03 3.52291164e+00
1.87293739e+03 2.91307737e+00
1.87316811e+03 2.67061329e+00
1.87332191e+03 2.52163824e+00
1.87347572e+03 2.38449964e+00
1.87362953e+03 2.25980882e+00
1.87378334e+03 2.14757515e+00
1.87393715e+03 2.04735980e+00
1.87409096e+03 1.95844480e+00
1.87424303e+03 1.88080824e+00
1.87439511e+03 1.81256898e+00
1.87454719e+03 1.75300261e+00
1.87469927e+03 1.70154766e+00
1.87485134e+03 1.65783538e+00
1.87500342e+03 1.62169367e+00
1.87515550e+03 1.59312174e+00
1.87530758e+03 1.57224358e+00
1.87545965e+03 1.55924297e+00
1.87561173e+03 1.55429088e+00
1.87577040e+03 1.55779006e+00
1.87594227e+03 1.57144797e+00
1.87611413e+03 1.59490538e+00
1.87628599e+03 1.62727218e+00
1.87651515e+03 1.68193548e+00
1.87685887e+03 1.77971080e+00
1.87731717e+03 1.91314637e+00
1.87754633e+03 1.97104187e+00
1.87774884e+03 2.01425060e+00
1.87805261e+03 2.06427367e+00
1.87835639e+03 2.09970981e+00
1.87903273e+03 2.16563313e+00
1.87935773e+03 2.21183825e+00
1.87968273e+03 2.27539777e+00
1.88000772e+03 2.35489733e+00
1.88073897e+03 2.54805594e+00
1.88098272e+03 2.59876411e+00
1.88122647e+03 2.63516845e+00
1.88141876e+03 2.65262248e+00
1.88173130e+03 2.66184128e+00
1.88218928e+03 2.65645504e+00
1.88240910e+03 2.66314043e+00
1.88262893e+03 2.68837383e+00
1.88277823e+03 2.72067497e+00
1.88293029e+03 2.76899479e+00
1.88308235e+03 2.83459239e+00
1.88323440e+03 2.91827196e+00
1.88338646e+03 3.01973808e+00
1.88353851e+03 3.13748963e+00
1.88376660e+03 3.33831903e+00
1.88421007e+03 3.75791911e+00
1.88442863e+03 3.94272146e+00
1.88457434e+03 4.04499271e+00
1.88472005e+03 4.12458584e+00
1.88486576e+03 4.17726463e+00
1.88501147e+03 4.19984164e+00
1.88504790e+03 4.20052539e+00
1.88516675e+03 4.18861127e+00
1.88529037e+03 4.15317834e+00
1.88541400e+03 4.09475701e+00
1.88553763e+03 4.01456364e+00
1.88566125e+03 3.91447719e+00
1.88582609e+03 3.75440353e+00
1.88599093e+03 3.57049246e+00
1.88623818e+03 3.26779736e+00
1.88650176e+03 2.93853958e+00
1.88669923e+03 2.70666506e+00
1.88684733e+03 2.54900384e+00
1.88699544e+03 2.40954851e+00
1.88709417e+03 2.32810295e+00
1.88719291e+03 2.25656459e+00
1.88731222e+03 2.18383396e+00
1.88743153e+03 2.12632414e+00
1.88755084e+03 2.08387779e+00
1.88767015e+03 2.05597153e+00
1.88777660e+03 2.04266269e+00
1.88788304e+03 2.03946526e+00
1.88798949e+03 2.04543926e+00
1.88814916e+03 2.06925146e+00
1.88830883e+03 2.10735288e+00
1.88852173e+03 2.17310821e+00
1.88894751e+03 2.31868151e+00
1.88916041e+03 2.38063781e+00
1.88937330e+03 2.42605739e+00
1.88952579e+03 2.44595014e+00
1.88971331e+03 2.45465169e+00
1.88988205e+03 2.44772598e+00
1.89008581e+03 2.42254497e+00
1.89028957e+03 2.38284451e+00
1.89079897e+03 2.26008523e+00
1.89100273e+03 2.21977892e+00
1.89120649e+03 2.19394519e+00
1.89136718e+03 2.18660666e+00
1.89152375e+03 2.19165556e+00
1.89162151e+03 2.20095615e+00
1.89181703e+03 2.23276957e+00
1.89201255e+03 2.27920886e+00
1.89250134e+03 2.42054350e+00
1.89269686e+03 2.46780661e+00
1.89289238e+03 2.49870880e+00
1.89303237e+03 2.50747390e+00
1.89307459e+03 2.50763672e+00
1.89323504e+03 2.49706211e+00
1.89338703e+03 2.47027469e+00
1.89353902e+03 2.42750710e+00
1.89369101e+03 2.37012411e+00
1.89384300e+03 2.30043082e+00
1.89407099e+03 2.17974835e+00
1.89437496e+03 2.00890501e+00
1.89459243e+03 1.89605431e+00
1.89475553e+03 1.82401790e+00
1.89486426e+03 1.78404661e+00
1.89497300e+03 1.75146906e+00
1.89508173e+03 1.72683685e+00
1.89519046e+03 1.71045148e+00
1.89533101e+03 1.70153641e+00
1.89535255e+03 1.70136881e+00
1.89546028e+03 1.70511646e+00
1.89558954e+03 1.71907881e+00
1.89571881e+03 1.74212173e+00
1.89584808e+03 1.77260118e+00
1.89610662e+03 1.84809891e+00
1.89645133e+03 1.95423196e+00
1.89662369e+03 1.99895979e+00
1.89680160e+03 2.03380969e+00
1.89697951e+03 2.05425851e+00
1.89709812e+03 2.05903054e+00
1.89724332e+03 2.05494425e+00
1.89738852e+03 2.04020346e+00
1.89758211e+03 2.00543753e+00
1.89777571e+03 1.95637670e+00
1.89806610e+03 1.86543442e+00
1.89845329e+03 1.73778924e+00
1.89864689e+03 1.68212872e+00
1.89881308e+03 1.64295055e+00
1.89897928e+03 1.61384766e+00
1.89914548e+03 1.59627133e+00
1.89931167e+03 1.59109980e+00
1.89946929e+03 1.59793751e+00
1.89962691e+03 1.61600945e+00
1.89978453e+03 1.64470906e+00
1.89994214e+03 1.68307564e+00
1.90015230e+03 1.74707754e+00
1.90036246e+03 1.82249743e+00
1.90078277e+03 1.99192029e+00
1.90117116e+03 2.14815890e+00
1.90143852e+03 2.24346694e+00
1.90161675e+03 2.29767685e+00
1.90179499e+03 2.34234460e+00
1.90197323e+03 2.37580285e+00
1.90215146e+03 2.39651715e+00
1.90232970e+03 2.40315267e+00
1.90247617e+03 2.39732808e+00
1.90264820e+03 2.37696892e+00
1.90282024e+03 2.34188478e+00
1.90299228e+03 2.29249650e+00
1.90316432e+03 2.22986154e+00
1.90333635e+03 2.15570126e+00
1.90356574e+03 2.04303943e+00
1.90413920e+03 1.73882495e+00
1.90431150e+03 1.65529991e+00
1.90448434e+03 1.58095000e+00
1.90465718e+03 1.51857268e+00
1.90477240e+03 1.48456550e+00
1.90488763e+03 1.45703537e+00
1.90500285e+03 1.43614820e+00
1.90511808e+03 1.42189848e+00
1.90527958e+03 1.41273830e+00
1.90533153e+03 1.41234007e+00
1.90548736e+03 1.41795260e+00
1.90564320e+03 1.43257723e+00
1.90579903e+03 1.45441272e+00
1.90600681e+03 1.49124122e+00
1.90652626e+03 1.59127736e+00
1.90673404e+03 1.62290132e+00
1.90692811e+03 1.64368201e+00
1.90710847e+03 1.65400768e+00
1.90719865e+03 1.65571067e+00
1.90739969e+03 1.65112882e+00
1.90760072e+03 1.63545233e+00
1.90780175e+03 1.60988377e+00
1.90800278e+03 1.57618958e+00
1.90827083e+03 1.52234573e+00
1.90894094e+03 1.37607986e+00
1.90920898e+03 1.32427715e+00
1.90948821e+03 1.27811419e+00
1.90977863e+03 1.23850258e+00
1.91006906e+03 1.20586158e+00
1.91050469e+03 1.16586956e+00
1.91086772e+03 1.14026851e+00
1.91108554e+03 1.13059722e+00
1.91123075e+03 1.12800079e+00
1.91137596e+03 1.12963468e+00
1.91152117e+03 1.13666203e+00
1.91166638e+03 1.15037640e+00
1.91179569e+03 1.16934630e+00
1.91192499e+03 1.19575542e+00
1.91205430e+03 1.23065934e+00
1.91215128e+03 1.26304860e+00
1.91224825e+03 1.30124970e+00
1.91234523e+03 1.34568681e+00
1.91244221e+03 1.39676155e+00
1.91253919e+03 1.45484654e+00
1.91263617e+03 1.52027269e+00
1.91274694e+03 1.60433796e+00
1.91283916e+03 1.68215066e+00
1.91293139e+03 1.76719514e+00
1.91302362e+03 1.85951660e+00
1.91316196e+03 2.01154879e+00
1.91330030e+03 2.17936893e+00
1.91343864e+03 2.36198225e+00
1.91359007e+03 2.57702786e+00
1.91374151e+03 2.80522101e+00
1.91404437e+03 3.28643688e+00
1.91439398e+03 3.84336083e+00
1.91456879e+03 4.10450817e+00
1.91474359e+03 4.34447597e+00
1.91491840e+03 4.55724018e+00
1.91506811e+03 4.71436351e+00
1.91515954e+03 4.79806242e+00
1.91534242e+03 4.93658441e+00
1.91552530e+03 5.03676271e+00
1.91570818e+03 5.10050206e+00
1.91586721e+03 5.12893507e+00
1.91602625e+03 5.13517584e+00
1.91626480e+03 5.10932055e+00
1.91650335e+03 5.04897537e+00
1.91674191e+03 4.96029343e+00
1.91698046e+03 4.84596302e+00
1.91721901e+03 4.70563310e+00
1.91745756e+03 4.53727983e+00
1.91769612e+03 4.33901004e+00
1.91793467e+03 4.11076334e+00
1.91817322e+03 3.85544357e+00
1.91850842e+03 3.46347669e+00
1.91895586e+03 2.92378966e+00
1.91914762e+03 2.70409483e+00
1.91933688e+03 2.50292124e+00
1.91945972e+03 2.38333307e+00
1.91958256e+03 2.27404730e+00
1.91970540e+03 2.17632707e+00
1.91982824e+03 2.09129301e+00
1.91995108e+03 2.01991465e+00
1.92007393e+03 1.96299085e+00
1.92019677e+03 1.92113929e+00
1.92030981e+03 1.89630443e+00
1.92041305e+03 1.88522497e+00
1.92046467e+03 1.88384532e+00
1.92056296e+03 1.88883447e+00
1.92066125e+03 1.90366389e+00
1.92075954e+03 1.92806021e+00
1.92085783e+03 1.96163390e+00
1.92095612e+03 2.00387636e+00
1.92110356e+03 2.08208632e+00
1.92125099e+03 2.17574073e+00
1.92143394e+03 2.30860723e+00
1.92198278e+03 2.74567264e+00
1.92216573e+03 2.87701597e+00
1.92230729e+03 2.96518447e+00
1.92246843e+03 3.04709747e+00
1.92262957e+03 3.10604762e+00
1.92275043e+03 3.13373832e+00
1.92289583e+03 3.14744251e+00
1.92292037e+03 3.14762473e+00
1.92306760e+03 3.13594642e+00
1.92321483e+03 3.10310083e+00
1.92336206e+03 3.05067784e+00
1.92350929e+03 2.98088774e+00
1.92365652e+03 2.89640334e+00
1.92385283e+03 2.76602898e+00
1.92414729e+03 2.54714038e+00
1.92460124e+03 2.20039950e+00
1.92484048e+03 2.03066622e+00
1.92499997e+03 1.92619618e+00
1.92515947e+03 1.82974394e+00
1.92531896e+03 1.74184131e+00
1.92547845e+03 1.66279433e+00
1.92563795e+03 1.59278662e+00
1.92578265e+03 1.53721684e+00
1.92591256e+03 1.49388089e+00
1.92604247e+03 1.45688341e+00
1.92617238e+03 1.42640077e+00
1.92630229e+03 1.40265205e+00
1.92643220e+03 1.38589173e+00
1.92656211e+03 1.37639553e+00
1.92665954e+03 1.37420766e+00
1.92675697e+03 1.37637143e+00
1.92689996e+03 1.38762036e+00
1.92704294e+03 1.40865483e+00
1.92718593e+03 1.43954186e+00
1.92732891e+03 1.48015678e+00
1.92747190e+03 1.53014508e+00
1.92761488e+03 1.58889094e+00
1.92775787e+03 1.65550377e+00
1.92797570e+03 1.76939451e+00
1.92820025e+03 1.89744257e+00
1.92864936e+03 2.15790024e+00
1.92887392e+03 2.27552186e+00
1.92909847e+03 2.37607940e+00
1.92925732e+03 2.43444337e+00
1.92941616e+03 2.48124882e+00
1.92957500e+03 2.51642242e+00
1.92980943e+03 2.54871616e+00
1.93003618e+03 2.56221949e+00
1.93048968e+03 2.56869818e+00
1.93071643e+03 2.58140395e+00
1.93086759e+03 2.60030933e+00
1.93101211e+03 2.62906440e+00
1.93114999e+03 2.66796979e+00
1.93128786e+03 2.71924017e+00
1.93142574e+03 2.78345729e+00
1.93156361e+03 2.86057649e+00
1.93177042e+03 2.99870785e+00
1.93197723e+03 3.15890192e+00
1.93255576e+03 3.64578920e+00
1.93272562e+03 3.77363884e+00
1.93289549e+03 3.88359331e+00
1.93306535e+03 3.97100493e+00
1.93323522e+03 4.03285899e+00
1.93340508e+03 4.06808401e+00
1.93359902e+03 4.07712601e+00
1.93379296e+03 4.05752014e+00
1.93408387e+03 3.99155435e+00
1.93447175e+03 3.88790831e+00
1.93466569e+03 3.85212762e+00
1.93485963e+03 3.83800499e+00
1.93501875e+03 3.84624221e+00
1.93520521e+03 3.88042412e+00
1.93539167e+03 3.94043599e+00
1.93557813e+03 4.02313360e+00
1.93582675e+03 4.15929167e+00
1.93632398e+03 4.45561085e+00
1.93657260e+03 4.57960214e+00
1.93675906e+03 4.64940190e+00
1.93694552e+03 4.69452408e+00
1.93715488e+03 4.71303622e+00
1.93736919e+03 4.69669276e+00
1.93755288e+03 4.65663479e+00
1.93773658e+03 4.59658121e+00
1.93810397e+03 4.43885599e+00
1.93847136e+03 4.27576289e+00
1.93871628e+03 4.19035626e+00
1.93889998e+03 4.14735131e+00
1.93912564e+03 4.12378971e+00
1.93932181e+03 4.12982396e+00
1.93951798e+03 4.15749560e+00
1.93991032e+03 4.25220225e+00
1.94020457e+03 4.32313155e+00
1.94040075e+03 4.35296758e+00
1.94054787e+03 4.36057274e+00
1.94074908e+03 4.34591821e+00
1.94091134e+03 4.31123194e+00
1.94107359e+03 4.25620395e+00
1.94123584e+03 4.18250602e+00
1.94145217e+03 4.06058614e+00
1.94210117e+03 3.63775508e+00
1.94231751e+03 3.51838841e+00
1.94248884e+03 3.44363661e+00
1.94267832e+03 3.38606192e+00
1.94280465e+03 3.36383982e+00
1.94293097e+03 3.35511237e+00
1.94307555e+03 3.36175889e+00
1.94322014e+03 3.38571674e+00
1.94336472e+03 3.42600929e+00
1.94358159e+03 3.51383991e+00
1.94379846e+03 3.62882473e+00
1.94408762e+03 3.81140635e+00
1.94466595e+03 4.20772664e+00
1.94495511e+03 4.38922383e+00
1.94524428e+03 4.54423712e+00
1.94554039e+03 4.66892191e+00
1.94576248e+03 4.73777004e+00
1.94598456e+03 4.78471760e+00
1.94620665e+03 4.80927029e+00
1.94633620e+03 4.81299984e+00
1.94657200e+03 4.79907818e+00
1.94678690e+03 4.76221250e+00
1.94700179e+03 4.70138845e+00
1.94721669e+03 4.61617684e+00
1.94743159e+03 4.50699876e+00
1.94757485e+03 4.42164298e+00
1.94786138e+03 4.22463545e+00
1.94814790e+03 4.00134304e+00
1.94872096e+03 3.53352296e+00
1.94897022e+03 3.34747111e+00
1.94913639e+03 3.23681874e+00
1.94930256e+03 3.13977359e+00
1.94946874e+03 3.05826875e+00
1.94963491e+03 2.99365572e+00
1.94980108e+03 2.94665273e+00
1.94996726e+03 2.91732317e+00
1.95012094e+03 2.90543307e+00
1.95019154e+03 2.90463505e+00
1.95040334e+03 2.91835462e+00
1.95061514e+03 2.95296167e+00
1.95089754e+03 3.02292291e+00
1.95160354e+03 3.23843410e+00
1.95202715e+03 3.34703554e+00
1.95230955e+03 3.40355377e+00
1.95301656e+03 3.52619158e+00
1.95337006e+03 3.60875161e+00
1.95363519e+03 3.69078412e+00
1.95390032e+03 3.79105508e+00
1.95478408e+03 4.18267449e+00
1.95504921e+03 4.27837527e+00
1.95526259e+03 4.33445395e+00
1.95545009e+03 4.36449753e+00
1.95563758e+03 4.37435902e+00
1.95588374e+03 4.35486694e+00
1.95612990e+03 4.29853995e+00
1.95637606e+03 4.20776423e+00
1.95662222e+03 4.08712616e+00
1.95686838e+03 3.94299528e+00
1.95727865e+03 3.67208138e+00
1.95768891e+03 3.39900671e+00
1.95793507e+03 3.25208037e+00
1.95818123e+03 3.12823774e+00
1.95833644e+03 3.06506231e+00
1.95855590e+03 2.99795734e+00
1.95870221e+03 2.96828216e+00
1.95884852e+03 2.95051513e+00
1.95906300e+03 2.94450953e+00
1.95927748e+03 2.95876358e+00
1.95959921e+03 3.00545842e+00
1.96002818e+03 3.07742266e+00
1.96024266e+03 3.10132457e+00
1.96045714e+03 3.10917099e+00
1.96063258e+03 3.10081464e+00
1.96083719e+03 3.07257104e+00
1.96104179e+03 3.02418102e+00
1.96124639e+03 2.95691833e+00
1.96138279e+03 2.90282249e+00
1.96165559e+03 2.77703463e+00
1.96206480e+03 2.56240162e+00
1.96247400e+03 2.34492782e+00
1.96274681e+03 2.21103460e+00
1.96297136e+03 2.11165736e+00
1.96319591e+03 2.02383065e+00
1.96342047e+03 1.94856378e+00
1.96364502e+03 1.88663124e+00
1.96386957e+03 1.83891082e+00
1.96403799e+03 1.81316389e+00
1.96420640e+03 1.79675784e+00
1.96438885e+03 1.79043882e+00
1.96454323e+03 1.79517458e+00
1.96471117e+03 1.81161480e+00
1.96487911e+03 1.84050929e+00
1.96504705e+03 1.88235430e+00
1.96521499e+03 1.93732715e+00
1.96538293e+03 2.00519571e+00
1.96555087e+03 2.08524720e+00
1.96571881e+03 2.17624175e+00
1.96598844e+03 2.34052777e+00
1.96659855e+03 2.74038769e+00
1.96680192e+03 2.86060233e+00
1.96700528e+03 2.96317776e+00
1.96715781e+03 3.02474323e+00
1.96731034e+03 3.07055267e+00
1.96746286e+03 3.09873825e+00
1.96761554e+03 3.10797537e+00
1.96774927e+03 3.09991281e+00
1.96789895e+03 3.07298106e+00
1.96804863e+03 3.02777096e+00
1.96819831e+03 2.96562201e+00
1.96834799e+03 2.88854071e+00
1.96854756e+03 2.76712092e+00
1.96884692e+03 2.56079236e+00
1.96914628e+03 2.35175276e+00
1.96935238e+03 2.22200901e+00
1.96951185e+03 2.13627497e+00
1.96967132e+03 2.06726984e+00
1.96977763e+03 2.03201035e+00
1.96988395e+03 2.00613791e+00
1.96999026e+03 1.99014214e+00
1.97009657e+03 1.98433416e+00
1.97020946e+03 1.98945626e+00
1.97032234e+03 2.00612120e+00
1.97043523e+03 2.03400478e+00
1.97054811e+03 2.07254277e+00
1.97066100e+03 2.12093989e+00
1.97083032e+03 2.20974043e+00
1.97099965e+03 2.31411809e+00
1.97127066e+03 2.50056608e+00
1.97154168e+03 2.68976821e+00
1.97172235e+03 2.80520745e+00
1.97190303e+03 2.90416784e+00
1.97203854e+03 2.96413958e+00
1.97217404e+03 3.00983350e+00
1.97230955e+03 3.04001284e+00
1.97246737e+03 3.05485360e+00
1.97248967e+03 3.05518876e+00
1.97262351e+03 3.04828349e+00
1.97280197e+03 3.01677900e+00
1.97298042e+03 2.96351756e+00
1.97315887e+03 2.89413101e+00
1.97360501e+03 2.69785820e+00
1.97378346e+03 2.63159668e+00
1.97393221e+03 2.59081648e+00
1.97405125e+03 2.57087952e+00
1.97417029e+03 2.56452709e+00
1.97428933e+03 2.57366679e+00
1.97440326e+03 2.59847194e+00
1.97451210e+03 2.63799398e+00
1.97462093e+03 2.69386498e+00
1.97472976e+03 2.76672379e+00
1.97483860e+03 2.85696278e+00
1.97494743e+03 2.96470302e+00
1.97505626e+03 3.08977622e+00
1.97516509e+03 3.23170312e+00
1.97531094e+03 3.44687051e+00
1.97544808e+03 3.67287572e+00
1.97558522e+03 3.91844914e+00
1.97576808e+03 4.26893220e+00
1.97622258e+03 5.17354064e+00
1.97642631e+03 5.54675980e+00
1.97656213e+03 5.76801292e+00
1.97669795e+03 5.95970066e+00
1.97683377e+03 6.11606802e+00
1.97696959e+03 6.23225103e+00
1.97709710e+03 6.30140679e+00
1.97721630e+03 6.32920788e+00
1.97727591e+03 6.32945769e+00
1.97740493e+03 6.29872605e+00
1.97753396e+03 6.22590578e+00
1.97766299e+03 6.11284463e+00
1.97779201e+03 5.96246158e+00
1.97792104e+03 5.77860969e+00
1.97805006e+03 5.56590493e+00
1.97822210e+03 5.24639662e+00
1.97848015e+03 4.71689558e+00
1.97887889e+03 3.87057347e+00
1.97906025e+03 3.50568259e+00
1.97919627e+03 3.24846928e+00
1.97933229e+03 3.00831514e+00
1.97943411e+03 2.84078774e+00
1.97954705e+03 2.66779733e+00
1.97966000e+03 2.50858407e+00
1.97977295e+03 2.36312574e+00
1.97988589e+03 2.23115542e+00
1.97999884e+03 2.11221260e+00
1.98011179e+03 2.00569353e+00
1.98022474e+03 1.91089943e+00
1.98032140e+03 1.83851020e+00
1.98044198e+03 1.75874736e+00
1.98056257e+03 1.68982077e+00
1.98068315e+03 1.63085963e+00
1.98080373e+03 1.58106638e+00
1.98092431e+03 1.53973214e+00
1.98104490e+03 1.50624350e+00
1.98116548e+03 1.48008355e+00
1.98124587e+03 1.46650028e+00
1.98140664e+03 1.44811694e+00
1.98156742e+03 1.44088357e+00
1.98169826e+03 1.44284655e+00
1.98182911e+03 1.45158252e+00
1.98195995e+03 1.46685080e+00
1.98209079e+03 1.48839478e+00
1.98228706e+03 1.53181612e+00
1.98248333e+03 1.58742068e+00
1.98267959e+03 1.65355169e+00
1.98287586e+03 1.72810571e+00
1.98366092e+03 2.05516161e+00
1.98387579e+03 2.13526831e+00
1.98409066e+03 2.20427980e+00
1.98430553e+03 2.25954450e+00
1.98452040e+03 2.29945359e+00
1.98473526e+03 2.32356475e+00
1.98480689e+03 2.32818610e+00
1.98666125e+03 2.22901649e+00
1.98684856e+03 2.24696264e+00
1.98703587e+03 2.27719063e+00
1.98722318e+03 2.31928619e+00
1.98741048e+03 2.37178505e+00
1.98778510e+03 2.49711308e+00
1.98815971e+03 2.62372808e+00
1.98835157e+03 2.67761064e+00
1.98854342e+03 2.71816276e+00
1.98873528e+03 2.74189882e+00
1.98887917e+03 2.74728423e+00
1.98903064e+03 2.74097911e+00
1.98923766e+03 2.71305494e+00
1.98944468e+03 2.66540869e+00
1.98965170e+03 2.60294119e+00
1.99016924e+03 2.42924165e+00
1.99037626e+03 2.37479429e+00
1.99053152e+03 2.34735780e+00
1.99065273e+03 2.33614089e+00
1.99072219e+03 2.33428367e+00
1.99086110e+03 2.34148096e+00
1.99098435e+03 2.36084614e+00
1.99110759e+03 2.39300437e+00
1.99123084e+03 2.43819883e+00
1.99135409e+03 2.49634553e+00
1.99147733e+03 2.56703058e+00
1.99160058e+03 2.64950709e+00
1.99178545e+03 2.79290785e+00
1.99199054e+03 2.97415265e+00
1.99256443e+03 3.52639818e+00
1.99277963e+03 3.71383028e+00
1.99292310e+03 3.82187459e+00
1.99306587e+03 3.91161886e+00
1.99320795e+03 3.98009440e+00
1.99335002e+03 4.02512550e+00
1.99349210e+03 4.04471404e+00
1.99352761e+03 4.04547271e+00
1.99365881e+03 4.03362988e+00
1.99380234e+03 3.99421998e+00
1.99394586e+03 3.92777342e+00
1.99408938e+03 3.83576008e+00
1.99423290e+03 3.72045963e+00
1.99432858e+03 3.63210564e+00
1.99451994e+03 3.43252473e+00
1.99471130e+03 3.21031873e+00
1.99518660e+03 2.62571354e+00
1.99537174e+03 2.40924351e+00
1.99551059e+03 2.25806544e+00
1.99564945e+03 2.11910692e+00
1.99578830e+03 1.99415749e+00
1.99588622e+03 1.91516327e+00
1.99598948e+03 1.84037678e+00
1.99609274e+03 1.77449216e+00
1.99619600e+03 1.71752153e+00
1.99629926e+03 1.66934371e+00
1.99640252e+03 1.62971967e+00
1.99650578e+03 1.59831480e+00
1.99660904e+03 1.57471630e+00
1.99672009e+03 1.55751390e+00
1.99683893e+03 1.54779634e+00
1.99689834e+03 1.54606749e+00
1.99701718e+03 1.54838137e+00
1.99713602e+03 1.55776804e+00
1.99731428e+03 1.58362165e+00
1.99749254e+03 1.62190198e+00
1.99767080e+03 1.67119249e+00
1.99784906e+03 1.73063900e+00
1.99802732e+03 1.79990060e+00
1.99820557e+03 1.87903035e+00
1.99838383e+03 1.96831531e+00
1.99856209e+03 2.06808545e+00
1.99873129e+03 2.17266414e+00
1.99890050e+03 2.28676635e+00
1.99915430e+03 2.47465773e+00
1.99940811e+03 2.67941910e+00
2.00010518e+03 3.27304233e+00
2.00038938e+03 3.49413147e+00
2.00057884e+03 3.62271024e+00
2.00076831e+03 3.73078054e+00
2.00095777e+03 3.81412833e+00
2.00114723e+03 3.86922930e+00
2.00128933e+03 3.89040894e+00
2.00138406e+03 3.89451167e+00
2.00154598e+03 3.88260901e+00
2.00171781e+03 3.84390828e+00
2.00188964e+03 3.77914300e+00
2.00206146e+03 3.68994239e+00
2.00223329e+03 3.57873813e+00
2.00234784e+03 3.49390755e+00
2.00257694e+03 3.30354820e+00
2.00292060e+03 2.98549758e+00
2.00326425e+03 2.66223565e+00
2.00348138e+03 2.47288169e+00
2.00362614e+03 2.35863889e+00
2.00377090e+03 2.25685991e+00
2.00391565e+03 2.16968552e+00
2.00402422e+03 2.11498469e+00
2.00413279e+03 2.07013590e+00
2.00424135e+03 2.03562723e+00
2.00434992e+03 2.01181252e+00
2.00446671e+03 1.99838008e+00
2.00452986e+03 1.99641763e+00
2.00466105e+03 2.00419786e+00
2.00477349e+03 2.02343761e+00
2.00488594e+03 2.05397005e+00
2.00499838e+03 2.09537656e+00
2.00511082e+03 2.14713727e+00
2.00526075e+03 2.23120346e+00
2.00541067e+03 2.33098336e+00
2.00556060e+03 2.44472382e+00
2.00571052e+03 2.57058928e+00
2.00591565e+03 2.75903809e+00
2.00612077e+03 2.96186408e+00
2.00689544e+03 3.77100461e+00
2.00716819e+03 4.03399447e+00
2.00735002e+03 4.19074560e+00
2.00753185e+03 4.32731028e+00
2.00771368e+03 4.43946966e+00
2.00789551e+03 4.52371149e+00
2.00807734e+03 4.57761245e+00
2.00827316e+03 4.60060218e+00
2.00830115e+03 4.60094047e+00
2.00848303e+03 4.58589183e+00
2.00865093e+03 4.54727113e+00
2.00881883e+03 4.48814579e+00
2.00904269e+03 4.38437550e+00
2.00982620e+03 3.93979804e+00
2.01016897e+03 3.76639142e+00
2.01052569e+03 3.61441895e+00
2.01100131e+03 3.44096006e+00
2.01171474e+03 3.18561407e+00
2.01266598e+03 2.81503611e+00
2.01402923e+03 2.25775456e+00
2.01429052e+03 2.16161893e+00
2.01455181e+03 2.07946285e+00
2.01472601e+03 2.03484065e+00
2.01490020e+03 1.99950158e+00
2.01507439e+03 1.97387318e+00
2.01524859e+03 1.95779728e+00
2.01549330e+03 1.94981455e+00
2.01573802e+03 1.95540018e+00
2.01661899e+03 2.01069678e+00
2.01681476e+03 2.01796269e+00
2.01768027e+03 2.02795398e+00
2.01796877e+03 2.03987371e+00
2.01820210e+03 2.05854348e+00
2.01843543e+03 2.08586346e+00
2.01925209e+03 2.21059262e+00
2.01948542e+03 2.23362791e+00
2.01966042e+03 2.24065827e+00
2.01971875e+03 2.24066113e+00
2.01989416e+03 2.23287142e+00
2.02007039e+03 2.21259576e+00
2.02024662e+03 2.17965122e+00
2.02042286e+03 2.13465553e+00
2.02065784e+03 2.05838107e+00
2.02089281e+03 1.96813564e+00
2.02148026e+03 1.72350176e+00
2.02171523e+03 1.63526328e+00
2.02188552e+03 1.57976505e+00
2.02205580e+03 1.53318939e+00
2.02222608e+03 1.49672090e+00
2.02239637e+03 1.47112203e+00
2.02256665e+03 1.45672371e+00
2.02270746e+03 1.45321951e+00
2.02284754e+03 1.45700061e+00
2.02301564e+03 1.47045378e+00
2.02318374e+03 1.49258189e+00
2.02340787e+03 1.53314802e+00
2.02351994e+03 1.55709774e+00
2.02396820e+03 1.66556446e+00
2.02441647e+03 1.77334059e+00
2.02472482e+03 1.83821460e+00
2.02503318e+03 1.89478647e+00
2.02564989e+03 1.99237115e+00
2.02611243e+03 2.05402979e+00
2.02642079e+03 2.08151544e+00
2.02665205e+03 2.08904972e+00
2.02688332e+03 2.08147297e+00
2.02708925e+03 2.06010652e+00
2.02729517e+03 2.02458853e+00
2.02750110e+03 1.97614768e+00
2.02770703e+03 1.91768613e+00
2.02811888e+03 1.78999542e+00
2.02832481e+03 1.73329471e+00
2.02847925e+03 1.69962344e+00
2.02864216e+03 1.67592161e+00
2.02878144e+03 1.66763073e+00
2.02880930e+03 1.66746698e+00
2.02892073e+03 1.67220930e+00
2.02902265e+03 1.68453593e+00
2.02911506e+03 1.70267703e+00
2.02920748e+03 1.72767309e+00
2.02929990e+03 1.75965329e+00
2.02943852e+03 1.82075855e+00
2.02957714e+03 1.89729219e+00
2.02971577e+03 1.98838546e+00
2.02983669e+03 2.07865033e+00
2.03001807e+03 2.23001012e+00
2.03019944e+03 2.39564630e+00
2.03068312e+03 2.85513945e+00
2.03087155e+03 3.01835878e+00
2.03105997e+03 3.16022400e+00
2.03118559e+03 3.23950147e+00
2.03131120e+03 3.30460971e+00
2.03143682e+03 3.35434697e+00
2.03156244e+03 3.38796375e+00
2.03171192e+03 3.40661814e+00
2.03175964e+03 3.40773548e+00
2.03192666e+03 3.39391551e+00
2.03206982e+03 3.36157127e+00
2.03226070e+03 3.29303776e+00
2.03245158e+03 3.20157680e+00
2.03273790e+03 3.03790505e+00
2.03302423e+03 2.86502570e+00
2.03328780e+03 2.71622833e+00
2.03350589e+03 2.60902484e+00
2.03372398e+03 2.51967428e+00
2.03394206e+03 2.44861655e+00
2.03416015e+03 2.39435676e+00
2.03437824e+03 2.35439403e+00
2.03466902e+03 2.31904173e+00
2.03495980e+03 2.30094814e+00
2.03510520e+03 2.29832365e+00
2.03532328e+03 2.30357226e+00
2.03554137e+03 2.32194366e+00
2.03576311e+03 2.35682984e+00
2.03592941e+03 2.39518093e+00
2.03609572e+03 2.44464990e+00
2.03631746e+03 2.52778835e+00
2.03653920e+03 2.62860701e+00
2.03687180e+03 2.80285049e+00
2.03731528e+03 3.04038602e+00
2.03752488e+03 3.13771650e+00
2.03773447e+03 3.21694671e+00
2.03794407e+03 3.27402049e+00
2.03815366e+03 3.30733311e+00
2.03834695e+03 3.31787762e+00
2.03854024e+03 3.31183075e+00
2.03883018e+03 3.28095647e+00
2.03941004e+03 3.20151622e+00
2.03969997e+03 3.17845263e+00
2.04086766e+03 3.16412709e+00
2.04108624e+03 3.14125589e+00
2.04130481e+03 3.10502252e+00
2.04163268e+03 3.02914324e+00
2.04217911e+03 2.88405303e+00
2.04239769e+03 2.83838968e+00
2.04261626e+03 2.80990310e+00
2.04275834e+03 2.80326721e+00
2.04295752e+03 2.81221721e+00
2.04312880e+03 2.83811024e+00
2.04330007e+03 2.88092152e+00
2.04347135e+03 2.93961731e+00
2.04369971e+03 3.03872485e+00
2.04438482e+03 3.38850651e+00
2.04461319e+03 3.48140853e+00
2.04477544e+03 3.52803832e+00
2.04491964e+03 3.55250777e+00
2.04503981e+03 3.55920018e+00
2.04520447e+03 3.54675820e+00
2.04534330e+03 3.51642630e+00
2.04548213e+03 3.46835627e+00
2.04566724e+03 3.37886381e+00
2.04585234e+03 3.26499952e+00
2.04613000e+03 3.06444021e+00
2.04640766e+03 2.85583778e+00
2.04659277e+03 2.72946675e+00
2.04672128e+03 2.65426183e+00
2.04684978e+03 2.59313157e+00
2.04697828e+03 2.54911515e+00
2.04710679e+03 2.52490828e+00
2.04719246e+03 2.52091863e+00
2.04727812e+03 2.52731265e+00
2.04737361e+03 2.54723198e+00
2.04746911e+03 2.58109106e+00
2.04756460e+03 2.62919118e+00
2.04766009e+03 2.69165512e+00
2.04775558e+03 2.76842384e+00
2.04785107e+03 2.85925513e+00
2.04794656e+03 2.96372441e+00
2.04804205e+03 3.08122604e+00
2.04814807e+03 3.22599690e+00
2.04830709e+03 3.46853814e+00
2.04846612e+03 3.73663683e+00
2.04867815e+03 4.12253734e+00
2.04915478e+03 5.01957865e+00
2.04933118e+03 5.32789570e+00
2.04950757e+03 5.60638210e+00
2.04968397e+03 5.84571156e+00
2.04981626e+03 5.99494073e+00
2.04994856e+03 6.11560461e+00
2.05008086e+03 6.20624143e+00
2.05021316e+03 6.26627666e+00
2.05035859e+03 6.29738050e+00
2.05041583e+03 6.29991560e+00
2.05058755e+03 6.27665404e+00
2.05075927e+03 6.21160317e+00
2.05093099e+03 6.11189868e+00
2.05110271e+03 5.98575288e+00
2.05144614e+03 5.68833759e+00
2.05190406e+03 5.28516781e+00
2.05223046e+03 5.03734841e+00
2.05252279e+03 4.84993301e+00
2.05339979e+03 4.36198910e+00
2.05369212e+03 4.17469812e+00
2.05398446e+03 3.96059163e+00
2.05427679e+03 3.72023219e+00
2.05466656e+03 3.36892569e+00
2.05525123e+03 2.81984832e+00
2.05552894e+03 2.56955629e+00
2.05573722e+03 2.39279646e+00
2.05594550e+03 2.22833412e+00
2.05615378e+03 2.07814128e+00
2.05636206e+03 1.94351062e+00
2.05653005e+03 1.84667195e+00
2.05669805e+03 1.76030894e+00
2.05686604e+03 1.68410871e+00
2.05703404e+03 1.61752260e+00
2.05720203e+03 1.55981279e+00
2.05737003e+03 1.51011319e+00
2.05759402e+03 1.45468452e+00
2.05781802e+03 1.40959368e+00
2.05804201e+03 1.37275784e+00
2.05830163e+03 1.33804601e+00
2.05859687e+03 1.30637355e+00
2.05889211e+03 1.28090483e+00
2.05933497e+03 1.25167918e+00
2.05977783e+03 1.23201870e+00
2.06007307e+03 1.22460440e+00
2.06029450e+03 1.22259800e+00
2.06059736e+03 1.22588748e+00
2.06084167e+03 1.23471016e+00
2.06108597e+03 1.25009819e+00
2.06133028e+03 1.27287386e+00
2.06157458e+03 1.30346033e+00
2.06181889e+03 1.34163940e+00
2.06214463e+03 1.40242194e+00
2.06279611e+03 1.53672387e+00
2.06312185e+03 1.59509553e+00
2.06338073e+03 1.63081802e+00
2.06363961e+03 1.65485793e+00
2.06389581e+03 1.66705740e+00
2.06414664e+03 1.66968871e+00
2.06481554e+03 1.66259691e+00
2.06506637e+03 1.66948163e+00
2.06530664e+03 1.68805557e+00
2.06554162e+03 1.72034576e+00
2.06577661e+03 1.76783088e+00
2.06601160e+03 1.83022397e+00
2.06624658e+03 1.90592503e+00
2.06640324e+03 1.96256347e+00
2.06671655e+03 2.08673363e+00
2.06803698e+03 2.65462047e+00
2.06860771e+03 2.88800574e+00
2.06898819e+03 3.03096839e+00
2.06936868e+03 3.15599714e+00
2.06965404e+03 3.23327084e+00
2.06993940e+03 3.29317767e+00
2.07022476e+03 3.33360771e+00
2.07051013e+03 3.35316454e+00
2.07060525e+03 3.35487416e+00
2.07087610e+03 3.34619729e+00
2.07113970e+03 3.31803032e+00
2.07140330e+03 3.26992312e+00
2.07166691e+03 3.20176019e+00
2.07193051e+03 3.11420635e+00
2.07210624e+03 3.04592545e+00
2.07245771e+03 2.88979156e+00
2.07333638e+03 2.45224950e+00
2.07367467e+03 2.29483008e+00
2.07399979e+03 2.15854584e+00
2.07432490e+03 2.03742704e+00
2.07465002e+03 1.92950422e+00
2.07497513e+03 1.83258857e+00
2.07530025e+03 1.74622038e+00
2.07554408e+03 1.68958530e+00
2.07578792e+03 1.64189225e+00
2.07603175e+03 1.60542553e+00
2.07622493e+03 1.58607364e+00
2.07639277e+03 1.57701537e+00
2.07650467e+03 1.57528791e+00
2.07669781e+03 1.58084522e+00
2.07690360e+03 1.59903542e+00
2.07710939e+03 1.62995873e+00
2.07731518e+03 1.67323596e+00
2.07752097e+03 1.72801058e+00
2.07765817e+03 1.77027244e+00
2.07793256e+03 1.86620463e+00
2.07834414e+03 2.02812497e+00
2.07875572e+03 2.19098378e+00
2.07905020e+03 2.29393449e+00
2.07927105e+03 2.35779898e+00
2.07949191e+03 2.40716783e+00
2.07971277e+03 2.44043419e+00
2.07993362e+03 2.45725523e+00
2.08005597e+03 2.45980213e+00
2.08030066e+03 2.45204826e+00
2.08054536e+03 2.43061044e+00
2.08127943e+03 2.34047347e+00
2.08152413e+03 2.32303381e+00
2.08164647e+03 2.32026533e+00
2.08182999e+03 2.32566131e+00
2.08197834e+03 2.33984343e+00
2.08215269e+03 2.36946717e+00
2.08232704e+03 2.41478397e+00
2.08250139e+03 2.47738688e+00
2.08267573e+03 2.55861462e+00
2.08285008e+03 2.65947209e+00
2.08302443e+03 2.78052553e+00
2.08319878e+03 2.92178874e+00
2.08336853e+03 3.07812723e+00
2.08353369e+03 3.24678809e+00
2.08378143e+03 3.52601729e+00
2.08411175e+03 3.93181180e+00
2.08444207e+03 4.34682634e+00
2.08468388e+03 4.63471867e+00
2.08491382e+03 4.88014270e+00
2.08506711e+03 5.02213833e+00
2.08522040e+03 5.14308455e+00
2.08537369e+03 5.24036906e+00
2.08552698e+03 5.31202962e+00
2.08568027e+03 5.35682963e+00
2.08583356e+03 5.37429463e+00
2.08597190e+03 5.36681971e+00
2.08617942e+03 5.31604512e+00
2.08638693e+03 5.22190927e+00
2.08659444e+03 5.09089467e+00
2.08680196e+03 4.93114178e+00
2.08721699e+03 4.56351191e+00
2.08756284e+03 4.25632654e+00
2.08777036e+03 4.09179754e+00
2.08797787e+03 3.95209244e+00
2.08818555e+03 3.84313579e+00
2.08832406e+03 3.78951222e+00
2.08846257e+03 3.75166514e+00
2.08865827e+03 3.72463994e+00
2.08871545e+03 3.72232061e+00
2.08882982e+03 3.72468893e+00
2.08905857e+03 3.75401574e+00
2.08928731e+03 3.80800538e+00
2.08985917e+03 3.97555094e+00
2.09008792e+03 4.02654613e+00
2.09031666e+03 4.05578177e+00
2.09043104e+03 4.06078713e+00
2.09061242e+03 4.05486492e+00
2.09088450e+03 4.01502520e+00
2.09115659e+03 3.94297071e+00
2.09151936e+03 3.81172573e+00
2.09333323e+03 3.04239868e+00
2.09407211e+03 2.70295867e+00
2.09466321e+03 2.43177271e+00
2.09495876e+03 2.30765748e+00
2.09525431e+03 2.19605257e+00
2.09554986e+03 2.09926889e+00
2.09578475e+03 2.03379505e+00
2.09604609e+03 1.97323709e+00
2.09630744e+03 1.92563386e+00
2.09656878e+03 1.89065409e+00
2.09683012e+03 1.86755383e+00
2.09709146e+03 1.85506622e+00
2.09863220e+03 1.86484762e+00
2.09896089e+03 1.85105864e+00
2.09928957e+03 1.82471122e+00
2.09950870e+03 1.80080803e+00
2.09994694e+03 1.74171511e+00
2.10137124e+03 1.51736445e+00
2.10169992e+03 1.47183466e+00
2.10191905e+03 1.44701387e+00
2.10213817e+03 1.42889516e+00
2.10235931e+03 1.41951440e+00
2.10246987e+03 1.41880178e+00
2.10264160e+03 1.42358788e+00
2.10282507e+03 1.43720768e+00
2.10300854e+03 1.46003780e+00
2.10319201e+03 1.49218460e+00
2.10337548e+03 1.53344994e+00
2.10355895e+03 1.58338967e+00
2.10374242e+03 1.64139096e+00
2.10392589e+03 1.70674696e+00
2.10417052e+03 1.80404463e+00
2.10441515e+03 1.91129950e+00
2.10479469e+03 2.09280754e+00
2.10556637e+03 2.47894240e+00
2.10582360e+03 2.59619187e+00
2.10608083e+03 2.69914211e+00
2.10633806e+03 2.78355186e+00
2.10659528e+03 2.84669152e+00
2.10680232e+03 2.88132148e+00
2.10700935e+03 2.90166418e+00
2.10721790e+03 2.90828732e+00
2.10746436e+03 2.89913439e+00
2.10769187e+03 2.87512856e+00
2.10791938e+03 2.83655925e+00
2.10814688e+03 2.78344109e+00
2.10837439e+03 2.71572395e+00
2.10860190e+03 2.63371529e+00
2.10882941e+03 2.53851312e+00
2.10913275e+03 2.39502066e+00
2.10985309e+03 2.03001320e+00
2.11006159e+03 1.93358925e+00
2.11027009e+03 1.84675334e+00
2.11047859e+03 1.77104177e+00
2.11068709e+03 1.70677249e+00
2.11089559e+03 1.65305739e+00
2.11110408e+03 1.60798208e+00
2.11152108e+03 1.53289734e+00
2.11189867e+03 1.46642463e+00
2.11213725e+03 1.41892588e+00
2.11237584e+03 1.36533477e+00
2.11273371e+03 1.27457294e+00
2.11333017e+03 1.11481190e+00
2.11356876e+03 1.05705098e+00
2.11376963e+03 1.01441081e+00
2.11397049e+03 9.78536834e-01
2.11417136e+03 9.50158194e-01
2.11437223e+03 9.29537965e-01
2.11457310e+03 9.16521668e-01
2.11474268e+03 9.11098935e-01
2.11484530e+03 9.10104982e-01
2.11505055e+03 9.12779231e-01
2.11525580e+03 9.20874133e-01
2.11546104e+03 9.33421077e-01
2.11576891e+03 9.58569722e-01
2.11628203e+03 1.01056867e+00
2.11689777e+03 1.07641085e+00
2.11730826e+03 1.11535376e+00
2.11771875e+03 1.14716383e+00
2.11866468e+03 1.20517845e+00
2.11896095e+03 1.22991480e+00
2.11918315e+03 1.25483916e+00
2.11940535e+03 1.28696102e+00
2.11962756e+03 1.32735025e+00
2.11984976e+03 1.37637359e+00
2.11999789e+03 1.41363483e+00
2.12029416e+03 1.49723609e+00
2.12089071e+03 1.67885481e+00
2.12108956e+03 1.73348877e+00
2.12128841e+03 1.78023408e+00
2.12148726e+03 1.81643808e+00
2.12168611e+03 1.84001718e+00
2.12188496e+03 1.84966775e+00
2.12191721e+03 1.84988019e+00
2.12207846e+03 1.84531139e+00
2.12227196e+03 1.82790244e+00
2.12246546e+03 1.79874549e+00
2.12265896e+03 1.75979936e+00
2.12291696e+03 1.69683862e+00
2.12356196e+03 1.52155297e+00
2.12381995e+03 1.45724158e+00
2.12406052e+03 1.40425682e+00
2.12428365e+03 1.36192059e+00
2.12450678e+03 1.32627819e+00
2.12472991e+03 1.29724515e+00
2.12495303e+03 1.27481543e+00
2.12517616e+03 1.25928199e+00
2.12539929e+03 1.25134735e+00
2.12551086e+03 1.25056047e+00
2.12567820e+03 1.25381918e+00
2.12583256e+03 1.26201497e+00
2.12602970e+03 1.28050656e+00
2.12622685e+03 1.30882783e+00
2.12637471e+03 1.33693127e+00
2.12652256e+03 1.37109632e+00
2.12671971e+03 1.42607712e+00
2.12691685e+03 1.49142066e+00
2.12711400e+03 1.56616879e+00
2.12731114e+03 1.64881712e+00
2.12764410e+03 1.80053007e+00
2.12808803e+03 2.00743576e+00
2.12831000e+03 2.10369391e+00
2.12853197e+03 2.18992669e+00
2.12875394e+03 2.26283938e+00
2.12897591e+03 2.31994224e+00
2.12918703e+03 2.35819607e+00
2.12938730e+03 2.37961798e+00
2.12959122e+03 2.38694211e+00
2.12981955e+03 2.37913886e+00
2.13006864e+03 2.35407438e+00
2.13031774e+03 2.31563053e+00
2.13081592e+03 2.21701672e+00
2.13114804e+03 2.15014223e+00
2.13148016e+03 2.09394997e+00
2.13172925e+03 2.06353448e+00
2.13197834e+03 2.04572499e+00
2.13214440e+03 2.04146704e+00
2.13240507e+03 2.04714395e+00
2.13266574e+03 2.06670945e+00
2.13305675e+03 2.11515506e+00
2.13357808e+03 2.18754324e+00
2.13383875e+03 2.21223911e+00
2.13403426e+03 2.22039206e+00
2.13409942e+03 2.22069055e+00
2.13429211e+03 2.21367956e+00
2.13447918e+03 2.19493609e+00
2.13466624e+03 2.16430239e+00
2.13485331e+03 2.12248596e+00
2.13510273e+03 2.05200986e+00
2.13547686e+03 1.92599421e+00
2.13585099e+03 1.79533265e+00
2.13610041e+03 1.71605898e+00
2.13634950e+03 1.64862420e+00
2.13653608e+03 1.60750452e+00
2.13672265e+03 1.57504466e+00
2.13690923e+03 1.55130938e+00
2.13709580e+03 1.53606068e+00
2.13728075e+03 1.52895059e+00
2.13734131e+03 1.52829376e+00
2.13752299e+03 1.53114875e+00
2.13770467e+03 1.54120545e+00
2.13788634e+03 1.55865675e+00
2.13806803e+03 1.58401146e+00
2.13824970e+03 1.61808428e+00
2.13843138e+03 1.66194001e+00
2.13861306e+03 1.71679496e+00
2.13879474e+03 1.78389040e+00
2.13897642e+03 1.86434229e+00
2.13915810e+03 1.95898654e+00
2.13931031e+03 2.04951811e+00
2.13946252e+03 2.15024966e+00
2.13966547e+03 2.29972818e+00
2.13986841e+03 2.46477986e+00
2.14017283e+03 2.73473759e+00
2.14078167e+03 3.29742876e+00
2.14103287e+03 3.51023359e+00
2.14128408e+03 3.69610580e+00
2.14145155e+03 3.80085707e+00
2.14161902e+03 3.88821867e+00
2.14178649e+03 3.95728041e+00
2.14195397e+03 4.00797953e+00
2.14212144e+03 4.04112123e+00
2.14235434e+03 4.06122460e+00
2.14240092e+03 4.06210428e+00
2.14268041e+03 4.05070148e+00
2.14342570e+03 3.97180557e+00
2.14376459e+03 3.95401093e+00
2.14391715e+03 3.95178136e+00
2.14422228e+03 3.95251073e+00
2.14452741e+03 3.94770844e+00
2.14483253e+03 3.92039749e+00
2.14507607e+03 3.87277081e+00
2.14531961e+03 3.79781139e+00
2.14556315e+03 3.69563200e+00
2.14580669e+03 3.57031813e+00
2.14629377e+03 3.28134796e+00
2.14665907e+03 3.06745811e+00
2.14691740e+03 2.93397370e+00
2.14712224e+03 2.84261239e+00
2.14732707e+03 2.76461551e+00
2.14760019e+03 2.67903288e+00
2.14787330e+03 2.60822756e+00
2.14841953e+03 2.47477470e+00
2.14869265e+03 2.39605224e+00
2.14896576e+03 2.30403674e+00
2.14938267e+03 2.14377007e+00
2.14969535e+03 2.02265614e+00
2.14990381e+03 1.95097939e+00
2.15006015e+03 1.90596077e+00
2.15021649e+03 1.87092385e+00
2.15037283e+03 1.84783417e+00
2.15052917e+03 1.83828539e+00
2.15067373e+03 1.84249730e+00
2.15079473e+03 1.85605127e+00
2.15091573e+03 1.87884042e+00
2.15103672e+03 1.91074687e+00
2.15119806e+03 1.96690621e+00
2.15135939e+03 2.03745621e+00
2.15152072e+03 2.12063361e+00
2.15168205e+03 2.21423574e+00
2.15192405e+03 2.36854335e+00
2.15248207e+03 2.73905301e+00
2.15270528e+03 2.87276484e+00
2.15292850e+03 2.98824813e+00
2.15309590e+03 3.05987473e+00
2.15326331e+03 3.11696240e+00
2.15343072e+03 3.15858828e+00
2.15359813e+03 3.18438866e+00
2.15378983e+03 3.19473091e+00
2.15395001e+03 3.18832867e+00
2.15419030e+03 3.15517144e+00
2.15443058e+03 3.09720614e+00
2.15467086e+03 3.01853540e+00
2.15491114e+03 2.92288674e+00
2.15515142e+03 2.81317344e+00
2.15547180e+03 2.64829625e+00
2.15579217e+03 2.46460508e+00
2.15611255e+03 2.26446115e+00
2.15652338e+03 1.99075707e+00
2.15696200e+03 1.69576356e+00
2.15721264e+03 1.53739561e+00
2.15741461e+03 1.42086920e+00
2.15755391e+03 1.34821461e+00
2.15769322e+03 1.28305962e+00
2.15783252e+03 1.22632874e+00
2.15797182e+03 1.17880972e+00
2.15807630e+03 1.14959960e+00
2.15818078e+03 1.12612653e+00
2.15828526e+03 1.10852898e+00
2.15838974e+03 1.09688215e+00
2.15850706e+03 1.09090651e+00
2.15853637e+03 1.09057932e+00
2.15862430e+03 1.09235716e+00
2.15874153e+03 1.10103614e+00
2.15885876e+03 1.11664984e+00
2.15897600e+03 1.13880385e+00
2.15909323e+03 1.16700929e+00
2.15921047e+03 1.20068875e+00
2.15938632e+03 1.26002170e+00
2.15959594e+03 1.34144307e+00
2.15989796e+03 1.47035276e+00
2.16019998e+03 1.60059847e+00
2.16042649e+03 1.69185013e+00
2.16065300e+03 1.77341381e+00
2.16085095e+03 1.83514173e+00
2.16104889e+03 1.88769575e+00
2.16131282e+03 1.94498478e+00
2.16170871e+03 2.01249794e+00
2.16223657e+03 2.09690091e+00
2.16263246e+03 2.17270354e+00
2.16325587e+03 2.30444300e+00
2.16350159e+03 2.34697167e+00
2.16374732e+03 2.37538159e+00
2.16399304e+03 2.38474456e+00
2.16418656e+03 2.37675465e+00
2.16440978e+03 2.35047555e+00
2.16463300e+03 2.30778070e+00
2.16496783e+03 2.22250530e+00
2.16530266e+03 2.13143242e+00
2.16552588e+03 2.08032252e+00
2.16569330e+03 2.05235822e+00
2.16586071e+03 2.03617835e+00
2.16596047e+03 2.03293411e+00
2.16610725e+03 2.03746792e+00
2.16624833e+03 2.05246182e+00
2.16638941e+03 2.07758063e+00
2.16653048e+03 2.11198216e+00
2.16671859e+03 2.16987725e+00
2.16728289e+03 2.37826073e+00
2.16747099e+03 2.43931263e+00
2.16762325e+03 2.47866057e+00
2.16779786e+03 2.50910934e+00
2.16797974e+03 2.52117350e+00
2.16798702e+03 2.52120757e+00
2.16812624e+03 2.51499027e+00
2.16826959e+03 2.49488906e+00
2.16841294e+03 2.46125615e+00
2.16855629e+03 2.41503121e+00
2.16869964e+03 2.35766662e+00
2.16889077e+03 2.26714549e+00
2.16917747e+03 2.11230896e+00
2.16955974e+03 1.90109930e+00
2.16975122e+03 1.80583730e+00
2.16994269e+03 1.72381377e+00
2.17007034e+03 1.67821418e+00
2.17019799e+03 1.64076091e+00
2.17032564e+03 1.61194590e+00
2.17045329e+03 1.59202976e+00
2.17058094e+03 1.58104939e+00
2.17068610e+03 1.57859877e+00
2.17084383e+03 1.58561742e+00
2.17100157e+03 1.60452988e+00
2.17115930e+03 1.63393774e+00
2.17131704e+03 1.67212221e+00
2.17152735e+03 1.73323407e+00
2.17205313e+03 1.90373687e+00
2.17226344e+03 1.96443047e+00
2.17243511e+03 2.00521823e+00
2.17260679e+03 2.03558304e+00
2.17277846e+03 2.05364556e+00
2.17295014e+03 2.05809553e+00
2.17311634e+03 2.04879387e+00
2.17328255e+03 2.02608123e+00
2.17344875e+03 1.99052152e+00
2.17361495e+03 1.94322145e+00
2.17378116e+03 1.88576240e+00
2.17394736e+03 1.82011232e+00
2.17427977e+03 1.67340348e+00
2.17461218e+03 1.52248115e+00
2.17479540e+03 1.44446199e+00
2.17494024e+03 1.38787060e+00
2.17508508e+03 1.33714741e+00
2.17522992e+03 1.29340623e+00
2.17537476e+03 1.25760977e+00
2.17551960e+03 1.23057362e+00
2.17566444e+03 1.21297008e+00
2.17577307e+03 1.20628598e+00
2.17584549e+03 1.20503752e+00
2.17595428e+03 1.20809462e+00
2.17606316e+03 1.21718448e+00
2.17617203e+03 1.23238694e+00
2.17628090e+03 1.25374461e+00
2.17638978e+03 1.28126195e+00
2.17649865e+03 1.31490328e+00
2.17660752e+03 1.35459163e+00
2.17675268e+03 1.41669572e+00
2.17689785e+03 1.48889812e+00
2.17704301e+03 1.57060017e+00
2.17719617e+03 1.66623544e+00
2.17734933e+03 1.77041662e+00
2.17757906e+03 1.93956670e+00
2.17826827e+03 2.48011035e+00
2.17851052e+03 2.65491826e+00
2.17867202e+03 2.75953997e+00
2.17883352e+03 2.85189393e+00
2.17899501e+03 2.93005192e+00
2.17915651e+03 2.99256978e+00
2.17931801e+03 3.03855927e+00
2.17947951e+03 3.06773588e+00
2.17962885e+03 3.08002816e+00
2.17969744e+03 3.08112628e+00
2.17990322e+03 3.06847588e+00
2.18010900e+03 3.03471529e+00
2.18031477e+03 2.98419883e+00
2.18065774e+03 2.87609202e+00
2.18120648e+03 2.68909359e+00
2.18148085e+03 2.60735270e+00
2.18175522e+03 2.53967159e+00
2.18199216e+03 2.49316286e+00
2.18222910e+03 2.45657707e+00
2.18270298e+03 2.40362174e+00
2.18329533e+03 2.34419589e+00
2.18365074e+03 2.29563848e+00
2.18400615e+03 2.23045295e+00
2.18436156e+03 2.14782490e+00
2.18483544e+03 2.01744001e+00
2.18530932e+03 1.88367138e+00
2.18554626e+03 1.82592195e+00
2.18575810e+03 1.78559347e+00
2.18591698e+03 1.76531742e+00
2.18608910e+03 1.75575120e+00
2.18611558e+03 1.75559511e+00
2.18623474e+03 1.75973086e+00
2.18634066e+03 1.77057424e+00
2.18645384e+03 1.79030342e+00
2.18657428e+03 1.82123787e+00
2.18669471e+03 1.86305266e+00
2.18681515e+03 1.91622808e+00
2.18693558e+03 1.98104125e+00
2.18705602e+03 2.05753474e+00
2.18717645e+03 2.14548441e+00
2.18729689e+03 2.24437894e+00
2.18741783e+03 2.35387649e+00
2.18759998e+03 2.53549548e+00
2.18784285e+03 2.80045399e+00
2.18820716e+03 3.21298875e+00
2.18839157e+03 3.41075026e+00
2.18858051e+03 3.59354518e+00
2.18876944e+03 3.74765193e+00
2.18889540e+03 3.83075414e+00
2.18902136e+03 3.89609424e+00
2.18914732e+03 3.94241466e+00
2.18927328e+03 3.96895252e+00
2.18938766e+03 3.97570150e+00
2.18954185e+03 3.95906439e+00
2.18969604e+03 3.91429988e+00
2.18985023e+03 3.84394684e+00
2.18995302e+03 3.78449491e+00
2.19015861e+03 3.64090787e+00
2.19036420e+03 3.47342723e+00
2.19087817e+03 3.02282851e+00
2.19109183e+03 2.84912133e+00
2.19125813e+03 2.72714931e+00
2.19142442e+03 2.61901410e+00
2.19159072e+03 2.52558288e+00
2.19175701e+03 2.44669840e+00
2.19192330e+03 2.38132690e+00
2.19208960e+03 2.32776446e+00
2.19231133e+03 2.27098157e+00
2.19264392e+03 2.20600922e+00
2.19377524e+03 2.02208867e+00
2.19411540e+03 1.97971783e+00
2.19434217e+03 1.96293841e+00
2.19456894e+03 1.95781544e+00
2.19479088e+03 1.96455926e+00
2.19501281e+03 1.98179230e+00
2.19534571e+03 2.02139488e+00
2.19590055e+03 2.09336384e+00
2.19623346e+03 2.12323253e+00
2.19660180e+03 2.14095204e+00
2.19711656e+03 2.15826137e+00
2.19737393e+03 2.17631622e+00
2.19762322e+03 2.20607458e+00
2.19787251e+03 2.24982723e+00
2.19812180e+03 2.30654260e+00
2.19886967e+03 2.50646886e+00
2.19911896e+03 2.56148810e+00
2.19936824e+03 2.60175063e+00
2.19963213e+03 2.62623469e+00
2.19988578e+03 2.63351765e+00
2.20030853e+03 2.62256645e+00
2.20081583e+03 2.60616135e+00
2.20090038e+03 2.60580922e+00
2.20116200e+03 2.61085043e+00
2.20187030e+03 2.64976142e+00
2.20204737e+03 2.65359434e+00
2.20231298e+03 2.64339239e+00
2.20250399e+03 2.61996386e+00
2.20270893e+03 2.57687066e+00
2.20291387e+03 2.51391620e+00
2.20311881e+03 2.43145766e+00
2.20332375e+03 2.33151904e+00
2.20352869e+03 2.21757013e+00
2.20383609e+03 2.03047061e+00
2.20420392e+03 1.80286496e+00
2.20444825e+03 1.66226934e+00
2.20461113e+03 1.57705640e+00
2.20477402e+03 1.50018345e+00
2.20493691e+03 1.43242138e+00
2.20509979e+03 1.37406772e+00
2.20526268e+03 1.32498768e+00
2.20543545e+03 1.28249027e+00
2.20561811e+03 1.24720118e+00
2.20580077e+03 1.22038475e+00
2.20598343e+03 1.20041757e+00
2.20618652e+03 1.18427360e+00
2.20652181e+03 1.16649412e+00
2.20687785e+03 1.15400322e+00
2.20727839e+03 1.14654710e+00
2.20732290e+03 1.14643618e+00
2.20750092e+03 1.14832978e+00
2.20767894e+03 1.15521988e+00
2.20785696e+03 1.16901836e+00
2.20800378e+03 1.18708274e+00
2.20811941e+03 1.20641405e+00
2.20823504e+03 1.23087603e+00
2.20835067e+03 1.26101735e+00
2.20846630e+03 1.29733882e+00
2.20858193e+03 1.34027718e+00
2.20869756e+03 1.39019038e+00
2.20881318e+03 1.44734421e+00
2.20892193e+03 1.50785558e+00
2.20907475e+03 1.60402727e+00
2.20922756e+03 1.71304592e+00
2.20938037e+03 1.83438097e+00
2.20953318e+03 1.96714489e+00
2.20968599e+03 2.11010585e+00
2.20986888e+03 2.29242224e+00
2.21017370e+03 2.61487027e+00
2.21066141e+03 3.13839867e+00
2.21093519e+03 3.40987028e+00
2.21111771e+03 3.57246726e+00
2.21130023e+03 3.71571812e+00
2.21148274e+03 3.83624640e+00
2.21166527e+03 3.93141744e+00
2.21184778e+03 3.99949643e+00
2.21203030e+03 4.03976266e+00
2.21220876e+03 4.05255786e+00
2.21238316e+03 4.04088351e+00
2.21255755e+03 4.00726824e+00
2.21273195e+03 3.95428082e+00
2.21299354e+03 3.84512428e+00
2.21316794e+03 3.75732512e+00
2.21351673e+03 3.55999942e+00
2.21421432e+03 3.14883267e+00
2.21456311e+03 2.95924026e+00
2.21491190e+03 2.78531642e+00
2.21538418e+03 2.57058025e+00
2.21632873e+03 2.16619170e+00
2.21680100e+03 1.95387056e+00
2.21758735e+03 1.58409693e+00
2.21790067e+03 1.44333858e+00
2.21813565e+03 1.34624563e+00
2.21829231e+03 1.28721815e+00
2.21844896e+03 1.23374202e+00
2.21860562e+03 1.18659812e+00
2.21877917e+03 1.14260944e+00
2.21892200e+03 1.11347102e+00
2.21906484e+03 1.09114100e+00
2.21920767e+03 1.07596456e+00
2.21935050e+03 1.06824813e+00
2.21942192e+03 1.06727627e+00
2.21956011e+03 1.07102121e+00
2.21967449e+03 1.07988394e+00
2.21978886e+03 1.09413330e+00
2.21990324e+03 1.11394240e+00
2.22001762e+03 1.13950671e+00
2.22013200e+03 1.17104678e+00
2.22024638e+03 1.20881110e+00
2.22036076e+03 1.25307375e+00
2.22047514e+03 1.30413494e+00
2.22058952e+03 1.36231162e+00
2.22072280e+03 1.43951817e+00
2.22083688e+03 1.51400629e+00
2.22095095e+03 1.59657303e+00
2.22106502e+03 1.68748327e+00
2.22117909e+03 1.78695013e+00
2.22129316e+03 1.89511041e+00
2.22140723e+03 2.01200761e+00
2.22152130e+03 2.13757014e+00
2.22168539e+03 2.33295386e+00
2.22184598e+03 2.53998155e+00
2.22200656e+03 2.76090319e+00
2.22222067e+03 3.07275557e+00
2.22279493e+03 3.94362880e+00
2.22303502e+03 4.28540841e+00
2.22321509e+03 4.51775165e+00
2.22339516e+03 4.72189870e+00
2.22353849e+03 4.86019680e+00
2.22368182e+03 4.97430192e+00
2.22382515e+03 5.06230850e+00
2.22396847e+03 5.12298839e+00
2.22411180e+03 5.15583796e+00
2.22421884e+03 5.16233323e+00
2.22439665e+03 5.14015638e+00
2.22457445e+03 5.07950039e+00
2.22475225e+03 4.98464913e+00
2.22487079e+03 4.90499974e+00
2.22510786e+03 4.71410180e+00
2.22534493e+03 4.49296749e+00
2.22615085e+03 3.67756415e+00
2.22652968e+03 3.31854629e+00
2.22681380e+03 3.06760354e+00
2.22719264e+03 2.75467852e+00
2.22757147e+03 2.46252025e+00
2.22788291e+03 2.23713675e+00
2.22819435e+03 2.02709877e+00
2.22842793e+03 1.88181461e+00
2.22866151e+03 1.74917434e+00
2.22881723e+03 1.66882816e+00
2.22897806e+03 1.59345767e+00
2.22913889e+03 1.52657752e+00
2.22929972e+03 1.46897236e+00
2.22946054e+03 1.42144542e+00
2.22958117e+03 1.39290002e+00
2.22970179e+03 1.37081512e+00
2.22982241e+03 1.35551514e+00
2.22994303e+03 1.34730388e+00
2.23002344e+03 1.34590330e+00
2.23016729e+03 1.35177085e+00
2.23029414e+03 1.36605810e+00
2.23042100e+03 1.38900784e+00
2.23054786e+03 1.42062349e+00
2.23067472e+03 1.46077775e+00
2.23080157e+03 1.50919711e+00
2.23092843e+03 1.56544514e+00
2.23105529e+03 1.62891572e+00
2.23125619e+03 1.74223315e+00
2.23139367e+03 1.82703663e+00
2.23201230e+03 2.23395109e+00
2.23221851e+03 2.35892828e+00
2.23238573e+03 2.44892140e+00
2.23255295e+03 2.52568711e+00
2.23272017e+03 2.58700733e+00
2.23288739e+03 2.63138953e+00
2.23305461e+03 2.65814979e+00
2.23324634e+03 2.66737264e+00
2.23345032e+03 2.65367797e+00
2.23365431e+03 2.61891233e+00
2.23385829e+03 2.56731932e+00
2.23406227e+03 2.50365135e+00
2.23487821e+03 2.21257233e+00
2.23528617e+03 2.07957579e+00
2.23573052e+03 1.94833360e+00
2.23617487e+03 1.82444331e+00
2.23661922e+03 1.70892389e+00
2.23684139e+03 1.65868724e+00
2.23706356e+03 1.61745729e+00
2.23721168e+03 1.59670165e+00
2.23735979e+03 1.58253721e+00
2.23754494e+03 1.57553963e+00
2.23765603e+03 1.57765795e+00
2.23781291e+03 1.58932350e+00
2.23796979e+03 1.61155573e+00
2.23812667e+03 1.64450407e+00
2.23828355e+03 1.68796296e+00
2.23844043e+03 1.74136035e+00
2.23859731e+03 1.80375808e+00
2.23883263e+03 1.91133045e+00
2.23912666e+03 2.06131577e+00
2.23955783e+03 2.28494579e+00
2.23977342e+03 2.38512791e+00
2.23998900e+03 2.46954112e+00
2.24015069e+03 2.51926287e+00
2.24031238e+03 2.55519741e+00
2.24047407e+03 2.57583712e+00
2.24059534e+03 2.58062656e+00
2.24073599e+03 2.57431151e+00
2.24088633e+03 2.55333800e+00
2.24103668e+03 2.51788630e+00
2.24118702e+03 2.46855621e+00
2.24133737e+03 2.40630778e+00
2.24143759e+03 2.35825310e+00
2.24163805e+03 2.24845727e+00
2.24183851e+03 2.12391633e+00
2.24213920e+03 1.91963448e+00
2.24255522e+03 1.62985675e+00
2.24276575e+03 1.49176561e+00
2.24292365e+03 1.39585373e+00
2.24308154e+03 1.30840831e+00
2.24319781e+03 1.25029786e+00
2.24331407e+03 1.19809193e+00
2.24343034e+03 1.15223876e+00
2.24354660e+03 1.11312761e+00
2.24366287e+03 1.08109406e+00
2.24377913e+03 1.05642620e+00
2.24389540e+03 1.03937167e+00
2.24401166e+03 1.03014497e+00
2.24411199e+03 1.02861996e+00
2.24422011e+03 1.03378514e+00
2.24432823e+03 1.04613642e+00
2.24443635e+03 1.06579265e+00
2.24454447e+03 1.09286582e+00
2.24465260e+03 1.12746258e+00
2.24476071e+03 1.16968051e+00
2.24486884e+03 1.21960630e+00
2.24497696e+03 1.27730863e+00
2.24506597e+03 1.33068100e+00
2.24519949e+03 1.42068543e+00
2.24533300e+03 1.52255070e+00
2.24546652e+03 1.63605710e+00
2.24560004e+03 1.76079654e+00
2.24574036e+03 1.90329516e+00
2.24589429e+03 2.07179001e+00
2.24609954e+03 2.31291166e+00
2.24645871e+03 2.76134888e+00
2.24670454e+03 3.06722133e+00
2.24689906e+03 3.29473367e+00
2.24709358e+03 3.49890702e+00
2.24722325e+03 3.61739591e+00
2.24735293e+03 3.71879457e+00
2.24748261e+03 3.80088809e+00
2.24762991e+03 3.86846428e+00
2.24775361e+03 3.90281685e+00
2.24787730e+03 3.91608770e+00
2.24801539e+03 3.90592545e+00
2.24815348e+03 3.87006253e+00
2.24829158e+03 3.80993021e+00
2.24842967e+03 3.72767963e+00
2.24856776e+03 3.62608762e+00
2.24870584e+03 3.50843273e+00
2.24888996e+03 3.33288592e+00
2.24941691e+03 2.78919682e+00
2.24961684e+03 2.59608292e+00
2.24975013e+03 2.47805476e+00
2.24988341e+03 2.37053209e+00
2.25001670e+03 2.27461560e+00
2.25014998e+03 2.19092800e+00
2.25028327e+03 2.11964129e+00
2.25041656e+03 2.06052866e+00
2.25055841e+03 2.01034797e+00
2.25070027e+03 1.97229812e+00
2.25084445e+03 1.94475101e+00
2.25099328e+03 1.92650479e+00
2.25119172e+03 1.91533221e+00
2.25129093e+03 1.91425130e+00
2.25158859e+03 1.92346533e+00
2.25258077e+03 1.99242021e+00
2.25317607e+03 2.01819551e+00
2.25377138e+03 2.02926703e+00
2.25396981e+03 2.03085182e+00
2.28576927e+03 1.94679470e+00
2.37000000e+03 1.71493026e+00
2.65000000e+03 1.88049201e+00
3.00000000e+03 1.82956234e+00
3.35000000e+03 1.96269241e+00
3.74730603e+03 1.83874848e+00
4.11406547e+03 1.59598976e+00
4.20000000e+03 1.53624350e+00
4.69811503e+03 1.62538585e+00
5.30000000e+03 1.14834140e+00
6.00000000e+03 1.55896226e+00
6.70000000e+03 1.30891999e+00
7.50000000e+03 1.14148529e+00
8.40000000e+03 1.36895939e+00
9.50000000e+03 1.04364268e+00
1.13000000e+04 1.10159419e+00
1.20000000e+04 1.05968082e+00
1.43978745e+04 9.69729696e-01
1.54277455e+04 9.23200606e-01
1.60000000e+04 8.94046815e-01
1.77000000e+04 8.35024587e-01
2.20000000e+04 8.27654721e-01
2.30000000e+04 7.51550884e-01
2.60000000e+04 5.98493375e-01
2.80000000e+04 7.30312919e-01
3.00000000e+04 6.99830143e-01
3.60000000e+04 5.78995745e-01
4.00000000e+04 6.14272170e-01
4.50000000e+04 6.75353074e-01
5.00000000e+04 5.95906833e-01
5.60000000e+04 5.37549640e-01
7.10000000e+04 6.02907444e-01
8.00000000e+04 4.94368324e-01
9.00000000e+04 4.44052050e-01
1.00000000e+05 4.19068401e-01
1.39973034e+05 3.73142220e-01
1.57670419e+05 3.52531871e-01
1.75258282e+05 3.34017402e-01
2.05703274e+05 3.03159940e-01
2.39952801e+05 2.63347411e-01
3.00000000e+05 2.17805390e-01
3.40000000e+05 1.94816612e-01
4.00000000e+05 1.71635409e-01
4.40000000e+05 1.62591117e-01
5.14258184e+05 1.51445872e-01
7.77218380e+05 1.22161097e-01
8.25000000e+05 1.17774561e-01
9.25664732e+05 1.11376997e-01
9.85318681e+05 1.08129196e-01
1.09234628e+06 1.01205554e-01
1.13929289e+06 9.80999880e-02
1.16900000e+06 9.62841580e-02
1.55500000e+06 7.95532000e-02
1.72700000e+06 7.38764250e-02
2.00000000e+06 5.99271460e-02
2.37000000e+06 4.47806520e-02
2.60000000e+06 3.75350560e-02
2.92700000e+06 2.94218070e-02
3.34400000e+06 2.01688600e-02
3.92700000e+06 1.20778850e-02
4.40000000e+06 8.38232200e-03
4.89700000e+06 5.91302600e-03
5.38200000e+06 4.48596600e-03
5.50000000e+06 4.21334800e-03
5.60000000e+06 4.06818800e-03
5.70000000e+06 3.88403700e-03
5.85000000e+06 3.52535000e-03
6.00000000e+06 3.22293700e-03
6.40000000e+06 2.65260800e-03
7.00000000e+06 2.26511300e-03
7.40000000e+06 2.14776800e-03
7.76000000e+06 2.07974200e-03
8.40000000e+06 2.06900400e-03
9.00000000e+06 2.09915600e-03
9.37000000e+06 2.09163200e-03
1.00000000e+07 2.02354200e-03
1.01410820e+07 2.02792000e-03
1.02841544e+07 2.03237300e-03
1.04292453e+07 2.03688800e-03
1.05763832e+07 2.04146700e-03
1.07255969e+07 2.04611100e-03
1.08769158e+07 2.05082000e-03
1.10000000e+07 2.05465000e-03
1.11551902e+07 1.98100400e-03
1.13125698e+07 1.90631900e-03
1.14700000e+07 1.83161000e-03
1.16318211e+07 1.78737400e-03
1.17959251e+07 1.74251300e-03
1.19623444e+07 1.69702000e-03
1.21000000e+07 1.65939000e-03
1.22707092e+07 1.59541200e-03
1.24438268e+07 1.53053200e-03
1.25000000e+07 1.50948000e-03
1.26763525e+07 1.41856500e-03
1.28551930e+07 1.32636800e-03
1.28600000e+07 1.32389000e-03
1.30414314e+07 1.26878900e-03
1.32254226e+07 1.21291000e-03
1.32254226e+07 1.21291000e-03
1.34120095e+07 1.15624300e-03
1.35000000e+07 1.12952000e-03
1.36904607e+07 1.04444800e-03
1.38836085e+07 9.58175000e-04
1.40000000e+07 9.06187000e-04
1.41975148e+07 8.85111000e-04
1.43978162e+07 8.63737000e-04
1.45000000e+07 8.52833000e-04
1.47045689e+07 8.38397000e-04
1.49120239e+07 8.23757000e-04
1.50000000e+07 8.17549000e-04
1.52116230e+07 8.01866000e-04
1.54262316e+07 7.85961000e-04
1.56438680e+07 7.69832000e-04
1.58645748e+07 7.53475000e-04
1.60000000e+07 7.43439000e-04
1.62257312e+07 7.19618000e-04
1.64546471e+07 6.95461000e-04
1.66867925e+07 6.70964000e-04
1.69222131e+07 6.46121000e-04
1.70000000e+07 6.37912000e-04
1.72398394e+07 6.09124000e-04
1.74830625e+07 5.79930000e-04
1.77297170e+07 5.50324000e-04
1.79798514e+07 5.20300000e-04
1.79798514e+07 5.20300000e-04
1.80000000e+07 5.17882000e-04
1.82539476e+07 4.95074000e-04
1.85114779e+07 4.71944000e-04
1.87726416e+07 4.48488000e-04
1.87726416e+07 4.48488000e-04
1.90000000e+07 4.28068000e-04
1.92680558e+07 4.09015000e-04
1.95398934e+07 3.89693000e-04
1.98155661e+07 3.70099000e-04
1.98155661e+07 3.70099000e-04
2.00000000e+07 3.56990000e-04
2.02821640e+07 3.43479000e-04
2.05683088e+07 3.29778000e-04
2.08584906e+07 3.15883000e-04
2.10000000e+07 3.09107000e-04
2.12962722e+07 2.95664000e-04
2.15967243e+07 2.82032000e-04
2.19014152e+07 2.68207000e-04
2.20000000e+07 2.63734000e-04
2.23103804e+07 2.52544000e-04
2.26251397e+07 2.41196000e-04
2.29443397e+07 2.29688000e-04
2.30000000e+07 2.27681000e-04
2.33244886e+07 2.17781000e-04
2.36535551e+07 2.07741000e-04
2.39872642e+07 1.97560000e-04
2.40000000e+07 1.97171000e-04
2.43385968e+07 1.86009000e-04
2.46819706e+07 1.74691000e-04
2.50000000e+07 1.64207000e-04
2.53527050e+07 1.56677000e-04
2.57103860e+07 1.49041000e-04
2.60000000e+07 1.42858000e-04
2.63668132e+07 1.36159000e-04
2.67388015e+07 1.29365000e-04
2.70000000e+07 1.24595000e-04
2.73809214e+07 1.19475000e-04
2.77672169e+07 1.14283000e-04
2.80000000e+07 1.11154000e-04
2.83950296e+07 1.05717000e-04
2.87956324e+07 1.00203000e-04
2.90000000e+07 9.73897000e-05
2.94091378e+07 9.25715000e-05
2.98240478e+07 8.76853000e-05
3.00000000e+07 8.56132000e-05
