8137
1.00000000e-05 1.07500200e+02
1.10303700e-05 1.02434351e+02
1.21669100e-05 9.76147953e+01
1.34205500e-05 9.30299357e+01
1.48033600e-05 8.86687397e+01
1.63286500e-05 8.45207114e+01
1.80111100e-05 8.05758662e+01
1.98669100e-05 7.68247064e+01
2.19139400e-05 7.32581986e+01
2.41718900e-05 6.98677515e+01
2.66624800e-05 6.66451947e+01
2.94097100e-05 6.35827586e+01
3.24399900e-05 6.06730571e+01
3.60349200e-05 5.77163638e+01
4.00262700e-05 5.49200899e+01
4.44619000e-05 5.22738558e+01
4.93866500e-05 4.97727805e+01
5.48595700e-05 4.74075604e+01
6.09360000e-05 4.51738097e+01
6.76888000e-05 4.30631923e+01
7.51862400e-05 4.10717636e+01
8.35182300e-05 3.91920560e+01
9.27689900e-05 3.74205151e+01
1.03049400e-04 3.57504505e+01
1.14463600e-04 3.41786495e+01
1.27148200e-04 3.26991131e+01
1.41231500e-04 3.13089234e+01
1.56882500e-04 3.00026924e+01
1.74259300e-04 2.87777516e+01
1.94926300e-04 2.75556065e+01
2.18044300e-04 2.64167723e+01
2.43904100e-04 2.53571556e+01
2.72830900e-04 2.43728397e+01
3.05188300e-04 2.34600670e+01
3.43791400e-04 2.25644117e+01
3.87258400e-04 2.17415975e+01
4.36242500e-04 2.09868855e+01
4.94864900e-04 2.02581457e+01
5.61365000e-04 1.95971210e+01
6.41261900e-04 1.89680032e+01
7.32566200e-04 1.84039766e+01
8.42732700e-04 1.78753847e+01
9.76257200e-04 1.73859948e+01
1.13891550e-03 1.69382772e+01
1.33804760e-03 1.65336511e+01
1.59409640e-03 1.61585945e+01
1.92603070e-03 1.58185639e+01
2.35979790e-03 1.55168924e+01
2.95272860e-03 1.52467086e+01
3.79962580e-03 1.50057090e+01
5.06383470e-03 1.47938698e+01
7.08765520e-03 1.46069534e+01
1.04186158e-02 1.44537246e+01
1.73739043e-02 1.43020982e+01
2.52418800e-02 1.41974887e+01
2.53000000e-02 1.41970402e+01
1.34014427e-01 1.37409459e+01
2.44780160e-01 1.34572105e+01
2.53566958e-01 1.34533547e+01
3.30252380e-01 1.35042362e+01
5.47814845e-01 1.32248431e+01
8.05269478e-01 1.28630105e+01
1.04162276e+00 1.25892546e+01
1.04700984e+00 1.25886423e+01
1.08435667e+00 1.26296491e+01
1.17118397e+00 1.28918800e+01
1.19504729e+00 1.29173529e+01
1.25948554e+00 1.28511276e+01
1.39905906e+00 1.26349548e+01
1.95820932e+00 1.20252865e+01
1.97192597e+00 1.20210758e+01
2.00325188e+00 1.20586652e+01
2.07334179e+00 1.22409251e+01
2.08650842e+00 1.22523574e+01
2.14579747e+00 1.22136831e+01
2.31773086e+00 1.20335637e+01
3.02457667e+00 1.14554462e+01
3.05309666e+00 1.14475145e+01
3.10360760e+00 1.14910429e+01
3.19179798e+00 1.16651726e+01
3.21178778e+00 1.16822243e+01
3.25710033e+00 1.16627508e+01
3.42087198e+00 1.13485164e+01
3.49343453e+00 1.12246892e+01
3.50440266e+00 1.12194864e+01
3.52776968e+00 1.12374911e+01
3.55256746e+00 1.13121213e+01
3.57754016e+00 1.14481140e+01
3.64076403e+00 1.18875302e+01
3.66626644e+00 1.19982952e+01
3.69504402e+00 1.20396691e+01
3.72756817e+00 1.20027772e+01
3.84686801e+00 1.17149838e+01
3.92865942e+00 1.15859320e+01
4.18420594e+00 1.13064974e+01
4.51946810e+00 1.09753913e+01
4.61533376e+00 1.08171398e+01
4.72997233e+00 1.05566792e+01
4.74648050e+00 1.05461830e+01
4.77361297e+00 1.05885819e+01
4.79877937e+00 1.07113594e+01
4.82394576e+00 1.09078342e+01
4.87498866e+00 1.13662216e+01
4.90056420e+00 1.15214513e+01
4.92624794e+00 1.15885339e+01
4.93493550e+00 1.15921349e+01
4.96099819e+00 1.15587842e+01
5.06622945e+00 1.12331795e+01
5.13770483e+00 1.10839097e+01
5.24694179e+00 1.09291114e+01
5.47216431e+00 1.07062977e+01
5.70705440e+00 1.04967769e+01
5.82811079e+00 1.03263321e+01
5.95202704e+00 1.00847567e+01
6.18495681e+00 9.53046399e+00
6.21634207e+00 9.48227310e+00
6.22680382e+00 9.47963222e+00
6.24772732e+00 9.51286826e+00
6.26425436e+00 9.59218378e+00
6.28078139e+00 9.73509830e+00
6.29730843e+00 9.95368940e+00
6.31383546e+00 1.02532058e+01
6.33036250e+00 1.06291284e+01
6.34704498e+00 1.10700584e+01
6.38615211e+00 1.21791432e+01
6.40291232e+00 1.25993395e+01
6.41967252e+00 1.29382132e+01
6.43294095e+00 1.31343419e+01
6.44830433e+00 1.32749301e+01
6.46167867e+00 1.33229724e+01
6.46737132e+00 1.33238491e+01
6.48444926e+00 1.32652275e+01
6.50152720e+00 1.31329434e+01
6.53568308e+00 1.27452578e+01
6.58170613e+00 1.21905511e+01
6.61634388e+00 1.18485859e+01
6.63943572e+00 1.16630116e+01
6.68627096e+00 1.13662688e+01
6.73310621e+00 1.11342024e+01
6.87626430e+00 1.05142887e+01
6.92443039e+00 1.03455607e+01
6.95768673e+00 1.02944702e+01
6.96001467e+00 1.02942171e+01
6.97928498e+00 1.03131674e+01
7.00385793e+00 1.03981409e+01
7.02843088e+00 1.05532118e+01
7.06529031e+00 1.08844507e+01
7.10266976e+00 1.12434066e+01
7.12758939e+00 1.14327638e+01
7.15250902e+00 1.15511199e+01
7.17874662e+00 1.15919675e+01
7.20878077e+00 1.15500516e+01
7.24671865e+00 1.14157849e+01
7.32330807e+00 1.10918546e+01
7.40061616e+00 1.08475179e+01
7.47864797e+00 1.06729025e+01
7.90970467e+00 9.86894687e+00
8.02129637e+00 9.62389789e+00
8.16315308e+00 9.24727773e+00
8.24922504e+00 8.95573601e+00
8.30741590e+00 8.71331816e+00
8.36560676e+00 8.42281426e+00
8.42461858e+00 8.07393237e+00
8.49483148e+00 7.62455557e+00
8.51723361e+00 7.50372394e+00
8.53963575e+00 7.42224045e+00
8.55433715e+00 7.40382710e+00
8.56763842e+00 7.42093166e+00
8.57925695e+00 7.46892330e+00
8.59129296e+00 7.55774736e+00
8.60332898e+00 7.69291348e+00
8.61536498e+00 7.88073466e+00
8.62740099e+00 8.12679284e+00
8.63943700e+00 8.43546620e+00
8.65147301e+00 8.80943984e+00
8.66350902e+00 9.24924428e+00
8.67508283e+00 9.73240238e+00
8.68619442e+00 1.02479148e+01
8.70286180e+00 1.11025408e+01
8.72508499e+00 1.23476383e+01
8.75841977e+00 1.42539993e+01
8.77697580e+00 1.52242773e+01
8.78934648e+00 1.57990528e+01
8.80171716e+00 1.63005562e+01
8.81408785e+00 1.67189490e+01
8.82645854e+00 1.70480219e+01
8.83882922e+00 1.72853406e+01
8.85119991e+00 1.74321220e+01
8.86519536e+00 1.74948104e+01
8.88081558e+00 1.74480339e+01
8.89643580e+00 1.72969314e+01
8.91986613e+00 1.69227998e+01
8.95110657e+00 1.62614266e+01
8.99818760e+00 1.51868463e+01
9.02986879e+00 1.45271257e+01
9.06154998e+00 1.39548992e+01
9.09323117e+00 1.34762911e+01
9.12281253e+00 1.31153115e+01
9.15029407e+00 1.28574630e+01
9.17777560e+00 1.26784341e+01
9.20525714e+00 1.25794260e+01
9.22915912e+00 1.25536519e+01
9.26777171e+00 1.26014731e+01
9.33280344e+00 1.27559552e+01
9.36417227e+00 1.27858372e+01
9.39720017e+00 1.27591682e+01
9.43022808e+00 1.26768774e+01
9.49628388e+00 1.24166458e+01
9.59676549e+00 1.20088850e+01
9.66422576e+00 1.18053998e+01
9.76612498e+00 1.15929951e+01
9.86946181e+00 1.13968965e+01
1.00087021e+01 1.10724463e+01
1.00664033e+01 1.09935571e+01
1.00891729e+01 1.09852031e+01
1.02552837e+01 1.10992640e+01
1.03095400e+01 1.10764868e+01
1.03999673e+01 1.09427241e+01
1.06954869e+01 1.04233290e+01
1.09228925e+01 1.00525038e+01
1.10381994e+01 9.82311300e+00
1.11545857e+01 9.53315946e+00
1.12332713e+01 9.28062981e+00
1.12922854e+01 9.04100626e+00
1.14017270e+01 8.50027353e+00
1.14316504e+01 8.39489628e+00
1.14515993e+01 8.36969957e+00
1.14715482e+01 8.40102907e+00
1.14867158e+01 8.47447522e+00
1.15018834e+01 8.59970168e+00
1.15170510e+01 8.78343442e+00
1.15322186e+01 9.03017255e+00
1.15473862e+01 9.34128583e+00
1.15625538e+01 9.71426807e+00
1.15777214e+01 1.01422795e+01
1.16013758e+01 1.08916192e+01
1.16438101e+01 1.22964881e+01
1.16607839e+01 1.27990010e+01
1.16777576e+01 1.32265677e+01
1.16947313e+01 1.35580864e+01
1.17074616e+01 1.37350855e+01
1.17201919e+01 1.38473766e+01
1.17364352e+01 1.38968902e+01
1.17493626e+01 1.38647332e+01
1.17648754e+01 1.37506564e+01
1.17803883e+01 1.35662316e+01
1.18010721e+01 1.32363846e+01
1.18320978e+01 1.26343511e+01
1.18734655e+01 1.17888718e+01
1.19046371e+01 1.12037667e+01
1.19361006e+01 1.06868466e+01
1.19675640e+01 1.02414817e+01
1.19990274e+01 9.85480090e+00
1.20304909e+01 9.51663601e+00
1.20619543e+01 9.23066125e+00
1.20826480e+01 9.08316919e+00
1.21033417e+01 8.98508432e+00
1.21188619e+01 8.95725056e+00
1.21343822e+01 8.98195987e+00
1.21447291e+01 9.03460166e+00
1.21563935e+01 9.13534022e+00
1.21680579e+01 9.28667108e+00
1.21797224e+01 9.49566624e+00
1.21913868e+01 9.76918074e+00
1.22030512e+01 1.01134805e+01
1.22147157e+01 1.05338234e+01
1.22263801e+01 1.10340136e+01
1.22380446e+01 1.16159544e+01
1.22507821e+01 1.23442535e+01
1.22635196e+01 1.31653067e+01
1.22762571e+01 1.40707647e+01
1.22889946e+01 1.50479582e+01
1.23116679e+01 1.69099854e+01
1.23458075e+01 1.97600572e+01
1.23628773e+01 2.10700333e+01
1.23799472e+01 2.22201811e+01
1.23913270e+01 2.28714737e+01
1.24026051e+01 2.34110000e+01
1.24137812e+01 2.38326077e+01
1.24249574e+01 2.41360687e+01
1.24361335e+01 2.43192061e+01
1.24472069e+01 2.43831678e+01
1.24581776e+01 2.43354015e+01
1.24691482e+01 2.41838514e+01
1.24856042e+01 2.37822632e+01
1.25020602e+01 2.32054830e+01
1.25185161e+01 2.24959879e+01
1.25404574e+01 2.14186129e+01
1.25843400e+01 1.91545473e+01
1.26062813e+01 1.81041440e+01
1.26283773e+01 1.71558526e+01
1.26506282e+01 1.63277106e+01
1.26728790e+01 1.56272751e+01
1.26951298e+01 1.50450988e+01
1.27173807e+01 1.45666603e+01
1.27396315e+01 1.41758914e+01
1.27618824e+01 1.38572944e+01
1.27952586e+01 1.34847821e+01
1.28291058e+01 1.32011407e+01
1.28629529e+01 1.29804353e+01
1.29306472e+01 1.26359131e+01
1.30673091e+01 1.20459501e+01
1.31588415e+01 1.17112466e+01
1.32516653e+01 1.14647832e+01
1.34386225e+01 1.10437992e+01
1.35641906e+01 1.07500511e+01
1.36270602e+01 1.06685010e+01
1.36735494e+01 1.06509243e+01
1.37548433e+01 1.06937118e+01
1.38271046e+01 1.07917644e+01
1.39000456e+01 1.09425810e+01
1.40466071e+01 1.13360454e+01
1.41101695e+01 1.14624517e+01
1.41737319e+01 1.15093392e+01
1.42487191e+01 1.14585773e+01
1.43237063e+01 1.13516614e+01
1.43920809e+01 1.12948230e+01
1.44358773e+01 1.13194859e+01
1.45121169e+01 1.14641839e+01
1.45883566e+01 1.16262204e+01
1.46349035e+01 1.16698402e+01
1.46736170e+01 1.16492107e+01
1.47123306e+01 1.15786209e+01
1.49460682e+01 1.08867269e+01
1.51537717e+01 1.03442256e+01
1.52181536e+01 1.02348068e+01
1.52439063e+01 1.02218623e+01
1.52836884e+01 1.02518478e+01
1.53240470e+01 1.03494685e+01
1.53644055e+01 1.05040534e+01
1.54451227e+01 1.08563493e+01
1.54843393e+01 1.09726632e+01
1.55212719e+01 1.10174390e+01
1.55623302e+01 1.09886841e+01
1.56033884e+01 1.08896474e+01
1.56307605e+01 1.07953775e+01
1.57402492e+01 1.03234639e+01
1.58034029e+01 1.00532972e+01
1.58455054e+01 9.91112568e+00
1.58770823e+01 9.84843253e+00
1.58955021e+01 9.83751549e+00
1.59226868e+01 9.86505002e+00
1.59507421e+01 9.95608522e+00
1.59787974e+01 1.01139841e+01
1.60068527e+01 1.03329558e+01
1.60910187e+01 1.11565720e+01
1.61190740e+01 1.13922969e+01
1.61463598e+01 1.15606953e+01
1.61728760e+01 1.16537453e+01
1.61932703e+01 1.16756813e+01
1.62146787e+01 1.16547008e+01
1.62432234e+01 1.15662790e+01
1.62860404e+01 1.13416634e+01
1.63859466e+01 1.07016123e+01
1.64288355e+01 1.04790603e+01
1.64718679e+01 1.03244424e+01
1.65149004e+01 1.02546861e+01
1.65292446e+01 1.02517866e+01
1.65729692e+01 1.03036768e+01
1.66166938e+01 1.04311881e+01
1.67187178e+01 1.08148307e+01
1.67624424e+01 1.09220450e+01
1.68085995e+01 1.09640207e+01
1.68160068e+01 1.09640365e+01
1.68604508e+01 1.09313622e+01
1.69197094e+01 1.08267737e+01
1.71584161e+01 1.02822580e+01
1.75223754e+01 9.52810114e+00
1.76459800e+01 9.21315555e+00
1.77695846e+01 8.87225240e+00
1.78211319e+01 8.77581721e+00
1.78597924e+01 8.75295376e+00
1.78884386e+01 8.77377799e+00
1.79199576e+01 8.83882789e+00
1.79514765e+01 8.94752833e+00
1.79987549e+01 9.17608776e+00
1.80775521e+01 9.60794523e+00
1.81248305e+01 9.80308630e+00
1.81550759e+01 9.87754338e+00
1.81853213e+01 9.90786145e+00
1.82173915e+01 9.89375300e+00
1.82654969e+01 9.79818774e+00
1.83136023e+01 9.64070763e+00
1.84418834e+01 9.10741935e+00
1.86370198e+01 8.24472601e+00
1.88173990e+01 7.38037112e+00
1.88462324e+01 7.26963082e+00
1.88750658e+01 7.19525069e+00
1.88939878e+01 7.17845678e+00
1.89111076e+01 7.19485848e+00
1.89255244e+01 7.23901011e+00
1.89399356e+01 7.31781985e+00
1.89543413e+01 7.43872785e+00
1.89687471e+01 7.61007633e+00
1.89795514e+01 7.77710493e+00
1.89903557e+01 7.98159742e+00
1.90011600e+01 8.22767374e+00
1.90119643e+01 8.51947320e+00
1.90227686e+01 8.86106134e+00
1.90335729e+01 9.25631599e+00
1.90443773e+01 9.70880432e+00
1.90526066e+01 1.00938006e+01
1.90618625e+01 1.05701044e+01
1.90711184e+01 1.10934646e+01
1.90803743e+01 1.16647266e+01
1.90896302e+01 1.22842317e+01
1.91035140e+01 1.33032822e+01
1.91173978e+01 1.44268062e+01
1.91299524e+01 1.55270681e+01
1.91458058e+01 1.70184054e+01
1.91616592e+01 1.86037570e+01
1.91966545e+01 2.22945461e+01
1.92190849e+01 2.46601263e+01
1.92415153e+01 2.68938400e+01
1.92583381e+01 2.84150382e+01
1.92751608e+01 2.97555947e+01
1.92889246e+01 3.06917741e+01
1.93026883e+01 3.14656338e+01
1.93164520e+01 3.20651704e+01
1.93302157e+01 3.24831142e+01
1.93439794e+01 3.27171087e+01
1.93548265e+01 3.27733847e+01
1.93673450e+01 3.27024691e+01
1.93798635e+01 3.24933993e+01
1.93986413e+01 3.19436438e+01
1.94174190e+01 3.11491138e+01
1.94361968e+01 3.01591235e+01
1.94612338e+01 2.86251112e+01
1.95238262e+01 2.44255110e+01
1.95558088e+01 2.24149784e+01
1.95766456e+01 2.12272300e+01
1.95974825e+01 2.01512592e+01
1.96183193e+01 1.91902331e+01
1.96391561e+01 1.83408863e+01
1.96599929e+01 1.75956040e+01
1.96808297e+01 1.69442562e+01
1.97016665e+01 1.63756650e+01
1.97294490e+01 1.57270610e+01
1.97572314e+01 1.51814409e+01
1.97885560e+01 1.46639232e+01
1.98234229e+01 1.41819519e+01
1.98582898e+01 1.37754659e+01
1.99105901e+01 1.32704629e+01
1.99628904e+01 1.28596779e+01
2.00151907e+01 1.25224377e+01
2.00854163e+01 1.21598537e+01
2.02975690e+01 1.12916457e+01
2.04405007e+01 1.06572844e+01
2.05122159e+01 1.03995208e+01
2.07216122e+01 9.84865592e+00
2.07555534e+01 9.80786766e+00
2.07781808e+01 9.82471294e+00
2.08008083e+01 9.89615008e+00
2.08167217e+01 9.98887193e+00
2.08326351e+01 1.01237795e+01
2.08485486e+01 1.03065449e+01
2.08644620e+01 1.05418871e+01
2.08803754e+01 1.08331514e+01
2.08962889e+01 1.11819149e+01
2.09122023e+01 1.15876528e+01
2.09281157e+01 1.20474943e+01
2.09456434e+01 1.26101313e+01
2.09631711e+01 1.32213029e+01
2.10332818e+01 1.58371713e+01
2.10595733e+01 1.67215697e+01
2.10792501e+01 1.72892906e+01
2.11010759e+01 1.77974994e+01
2.11174452e+01 1.80836032e+01
2.11338146e+01 1.82832127e+01
2.11501840e+01 1.83953953e+01
2.11649676e+01 1.84233924e+01
2.11836218e+01 1.83654295e+01
2.12022761e+01 1.82138269e+01
2.12302574e+01 1.78421126e+01
2.12582388e+01 1.73455424e+01
2.13421829e+01 1.56133398e+01
2.13794914e+01 1.49117071e+01
2.14167999e+01 1.43106066e+01
2.14541084e+01 1.38142198e+01
2.14919433e+01 1.34062561e+01
2.15297781e+01 1.30764026e+01
2.15865304e+01 1.26890990e+01
2.16432827e+01 1.23890746e+01
2.17189524e+01 1.20725641e+01
2.18335246e+01 1.16954138e+01
2.19869991e+01 1.12857986e+01
2.23750160e+01 1.03400598e+01
2.24933927e+01 9.98977612e+00
2.26512283e+01 9.45259945e+00
2.27080406e+01 9.31806462e+00
2.27470858e+01 9.28532889e+00
2.27764116e+01 9.30350970e+00
2.28090331e+01 9.37034901e+00
2.28416547e+01 9.48272470e+00
2.29558300e+01 1.00116020e+01
2.29884516e+01 1.01117019e+01
2.30240798e+01 1.01574906e+01
2.30293415e+01 1.01582320e+01
2.30691800e+01 1.01177230e+01
2.31413405e+01 9.93070775e+00
2.31774206e+01 9.86886881e+00
2.31894474e+01 9.86495983e+00
2.32135008e+01 9.89190804e+00
2.32368510e+01 9.97020031e+00
2.32602011e+01 1.01055165e+01
2.32835512e+01 1.02988587e+01
2.33069013e+01 1.05463452e+01
2.33380348e+01 1.09452609e+01
2.34314353e+01 1.22977254e+01
2.34625688e+01 1.26843102e+01
2.34945423e+01 1.30048723e+01
2.35265159e+01 1.32397023e+01
2.35584894e+01 1.33919776e+01
2.36008636e+01 1.34854071e+01
2.36216648e+01 1.34947134e+01
2.36736678e+01 1.34388309e+01
2.37360713e+01 1.32569524e+01
2.37984749e+01 1.29722655e+01
2.38400772e+01 1.27348931e+01
2.39685945e+01 1.19146476e+01
2.40139069e+01 1.16768101e+01
2.40478913e+01 1.15487259e+01
2.40818757e+01 1.14764437e+01
2.41045319e+01 1.14623912e+01
2.43865242e+01 1.22619281e+01
2.44295304e+01 1.22407951e+01
2.44725367e+01 1.21632413e+01
2.45585492e+01 1.19161951e+01
2.46875679e+01 1.15266684e+01
2.48178001e+01 1.12233492e+01
2.49486391e+01 1.09946367e+01
2.50794780e+01 1.08347176e+01
2.51812518e+01 1.07715255e+01
2.52117839e+01 1.07672377e+01
2.52868315e+01 1.07921205e+01
2.53758624e+01 1.08920983e+01
2.54648934e+01 1.10640538e+01
2.56500706e+01 1.15235844e+01
2.57275169e+01 1.16660458e+01
2.57791478e+01 1.17124164e+01
2.58049633e+01 1.17175983e+01
2.58732248e+01 1.16696682e+01
2.59414864e+01 1.15356298e+01
2.59869940e+01 1.14055806e+01
2.61867708e+01 1.07070972e+01
2.62400087e+01 1.05764635e+01
2.62932467e+01 1.05136611e+01
2.63109926e+01 1.05107631e+01
2.66863459e+01 1.13790057e+01
2.66904985e+01 1.13801669e+01
2.67611026e+01 1.13506922e+01
2.68787760e+01 1.11771881e+01
2.70199841e+01 1.09465504e+01
2.72102537e+01 1.06993790e+01
2.73057205e+01 1.05210053e+01
2.74836229e+01 1.00634242e+01
2.75356759e+01 9.97991357e+00
2.75644136e+01 9.96582832e+00
2.75993868e+01 9.98911794e+00
2.76343603e+01 1.00627506e+01
2.76693338e+01 1.01881530e+01
2.77043073e+01 1.03604301e+01
2.77742543e+01 1.07952241e+01
2.78442013e+01 1.12288035e+01
2.78908327e+01 1.14457482e+01
2.79258062e+01 1.15506596e+01
2.79607797e+01 1.16025176e+01
2.83157622e+01 1.10727815e+01
2.85088711e+01 1.10425385e+01
2.86092463e+01 1.09693909e+01
2.87598091e+01 1.07918886e+01
2.90637669e+01 1.03511321e+01
2.93246393e+01 9.96065373e+00
2.94105740e+01 9.86530741e+00
2.94768154e+01 9.83914155e+00
2.94965087e+01 9.84144907e+00
2.97667795e+01 1.00410670e+01
2.98455212e+01 1.00033191e+01
2.99242629e+01 9.89000107e+00
3.00817463e+01 9.56673334e+00
3.02727354e+01 9.15284041e+00
3.03587355e+01 8.98608245e+00
3.04447357e+01 8.86619222e+00
3.05146109e+01 8.82923115e+00
3.05576567e+01 8.84489480e+00
3.06114985e+01 8.91801421e+00
3.06518797e+01 9.01914033e+00
3.06922610e+01 9.16363221e+00
3.07461027e+01 9.41998489e+00
3.08672466e+01 1.01077989e+01
3.09076279e+01 1.02916623e+01
3.09480092e+01 1.04149376e+01
3.09905016e+01 1.04656399e+01
3.09939171e+01 1.04660675e+01
3.10280711e+01 1.04416420e+01
3.10690560e+01 1.03503094e+01
3.11237025e+01 1.01502381e+01
3.13149652e+01 9.24798552e+00
3.15170135e+01 8.35694719e+00
3.16561463e+01 7.71993665e+00
3.17025239e+01 7.54913737e+00
3.17373072e+01 7.46779600e+00
3.17604960e+01 7.44740241e+00
3.17836848e+01 7.46204731e+00
3.18077171e+01 7.52148334e+00
3.18325931e+01 7.63775351e+00
3.18512500e+01 7.76524442e+00
3.18699069e+01 7.92929377e+00
3.18885639e+01 8.13070794e+00
3.19072208e+01 8.36917817e+00
3.19320967e+01 8.74192164e+00
3.19569726e+01 9.17036528e+00
3.19942865e+01 9.89166444e+00
3.20655458e+01 1.13443042e+01
3.20940495e+01 1.18723796e+01
3.21225532e+01 1.23294832e+01
3.21510570e+01 1.26949847e+01
3.21724348e+01 1.29006770e+01
3.21938125e+01 1.30445685e+01
3.22151903e+01 1.31266421e+01
3.22365225e+01 1.31492936e+01
3.22649349e+01 1.30954103e+01
3.22933473e+01 1.29591661e+01
3.23217598e+01 1.27581011e+01
3.23643784e+01 1.23750275e+01
3.24780281e+01 1.12339952e+01
3.25348530e+01 1.07322969e+01
3.25916778e+01 1.03047435e+01
3.26485027e+01 9.94077304e+00
3.27345417e+01 9.46989600e+00
3.29650479e+01 8.35657243e+00
3.30370811e+01 8.04135324e+00
3.30803010e+01 7.89589706e+00
3.31091143e+01 7.83553198e+00
3.31379276e+01 7.81909689e+00
3.31640893e+01 7.85466107e+00
3.31832333e+01 7.91821137e+00
3.32040803e+01 8.02951384e+00
3.32249273e+01 8.19002303e+00
3.32457743e+01 8.40430425e+00
3.32666213e+01 8.67553857e+00
3.32874683e+01 9.00505446e+00
3.33083153e+01 9.39190616e+00
3.33291623e+01 9.83254626e+00
3.33499260e+01 1.03185989e+01
3.33809465e+01 1.11121145e+01
3.34429876e+01 1.27797776e+01
3.34740081e+01 1.35484191e+01
3.34946885e+01 1.39996808e+01
3.35153468e+01 1.43847765e+01
3.35359830e+01 1.46920638e+01
3.35566192e+01 1.49131069e+01
3.35772554e+01 1.50423957e+01
3.35956625e+01 1.50786432e+01
3.36199296e+01 1.50144325e+01
3.36441966e+01 1.48303472e+01
3.36684637e+01 1.45394775e+01
3.36927308e+01 1.41588462e+01
3.37169979e+01 1.37078691e+01
3.37493540e+01 1.30321530e+01
3.38302442e+01 1.12432827e+01
3.38593236e+01 1.06450843e+01
3.38851261e+01 1.01590500e+01
3.39109287e+01 9.72531240e+00
3.39367312e+01 9.35241479e+00
3.39625338e+01 9.04840953e+00
3.39818857e+01 8.87044927e+00
3.40012376e+01 8.73921474e+00
3.40205895e+01 8.65816452e+00
3.40399415e+01 8.63064129e+00
3.40528427e+01 8.64354782e+00
3.40736486e+01 8.71924902e+00
3.40892530e+01 8.82170338e+00
3.41048575e+01 8.96388928e+00
3.41256634e+01 9.21503863e+00
3.41464693e+01 9.53453052e+00
3.41672752e+01 9.91786883e+00
3.41880810e+01 1.03579128e+01
3.42192899e+01 1.11020812e+01
3.42985471e+01 1.31425175e+01
3.43249662e+01 1.37528528e+01
3.43513853e+01 1.42721802e+01
3.43711996e+01 1.45853663e+01
3.43910139e+01 1.48233259e+01
3.44108282e+01 1.49803406e+01
3.44345571e+01 1.50584610e+01
3.44384716e+01 1.50598679e+01
3.44619590e+01 1.50021743e+01
3.44854464e+01 1.48379643e+01
3.45089338e+01 1.45805047e+01
3.45402504e+01 1.41219520e+01
3.45559086e+01 1.38563039e+01
3.46498583e+01 1.21271958e+01
3.46811748e+01 1.16248210e+01
3.47046385e+01 1.13069191e+01
3.47281022e+01 1.10501343e+01
3.47515659e+01 1.08625653e+01
3.47750297e+01 1.07511770e+01
3.47945827e+01 1.07211052e+01
3.48167699e+01 1.07607592e+01
3.48376803e+01 1.08742076e+01
3.48585908e+01 1.10656114e+01
3.48795013e+01 1.13387506e+01
3.49004118e+01 1.16968499e+01
3.49213223e+01 1.21421820e+01
3.49422328e+01 1.26755926e+01
3.49631433e+01 1.32959979e+01
3.49839319e+01 1.39955700e+01
3.50045987e+01 1.47667415e+01
3.50355988e+01 1.60444862e+01
3.50769323e+01 1.79035669e+01
3.51182657e+01 1.98120045e+01
3.51491947e+01 2.11752527e+01
3.51799816e+01 2.24010810e+01
3.52005062e+01 2.31151424e+01
3.52210307e+01 2.37290053e+01
3.52415553e+01 2.42312475e+01
3.52620799e+01 2.46142796e+01
3.52826045e+01 2.48745709e+01
3.53086216e+01 2.50293154e+01
3.53168605e+01 2.50387500e+01
3.53360846e+01 2.49907284e+01
3.53580550e+01 2.48243570e+01
3.53910106e+01 2.43830375e+01
3.54239662e+01 2.37622164e+01
3.54569218e+01 2.30209122e+01
3.55667738e+01 2.03265294e+01
3.56107146e+01 1.93525975e+01
3.56546554e+01 1.84951889e+01
3.57018138e+01 1.77087118e+01
3.57489722e+01 1.70485165e+01
3.57961306e+01 1.64949830e+01
3.58432890e+01 1.60276451e+01
3.59061669e+01 1.55076845e+01
3.59690448e+01 1.50751255e+01
3.60633616e+01 1.45403407e+01
3.61576784e+01 1.41020343e+01
3.62852083e+01 1.36163554e+01
3.64127383e+01 1.32182408e+01
3.66040332e+01 1.27335633e+01
3.67971273e+01 1.23313218e+01
3.70557856e+01 1.18714922e+01
3.73162685e+01 1.14662438e+01
3.78427339e+01 1.07376697e+01
3.80422401e+01 1.05005280e+01
3.81752442e+01 1.04084812e+01
3.84103469e+01 1.03173605e+01
3.84777872e+01 1.02485613e+01
3.85452275e+01 1.01370167e+01
3.86126678e+01 9.97972430e+00
3.87138282e+01 9.66672235e+00
3.88762096e+01 9.06316875e+00
3.89236802e+01 8.91734491e+00
3.89553272e+01 8.85192825e+00
3.89869742e+01 8.82671574e+00
3.90186213e+01 8.85687949e+00
3.90470113e+01 8.94465303e+00
3.90721444e+01 9.08032845e+00
3.90972774e+01 9.27850012e+00
3.91224104e+01 9.54551710e+00
3.91475434e+01 9.88563514e+00
3.91726765e+01 1.03002870e+01
3.91978095e+01 1.07874517e+01
3.92229425e+01 1.13412061e+01
3.92575579e+01 1.21937422e+01
3.93457533e+01 1.45573010e+01
3.93788266e+01 1.53785519e+01
3.94118999e+01 1.60891575e+01
3.94375740e+01 1.65390197e+01
3.94632481e+01 1.68849634e+01
3.94889222e+01 1.71190930e+01
3.95145963e+01 1.72392868e+01
3.95306407e+01 1.72578926e+01
3.95573814e+01 1.71983017e+01
3.95894701e+01 1.69939173e+01
3.96215589e+01 1.66724483e+01
3.96643439e+01 1.61194871e+01
3.97713065e+01 1.45713343e+01
3.98140915e+01 1.40236133e+01
3.98568765e+01 1.35539797e+01
3.99095930e+01 1.30828108e+01
3.99623094e+01 1.27108897e+01
4.00325980e+01 1.23195673e+01
4.01380309e+01 1.18458377e+01
4.02434638e+01 1.14502844e+01
4.03137524e+01 1.12463485e+01
4.03840410e+01 1.11066977e+01
4.04486695e+01 1.10340755e+01
4.06641709e+01 1.09411549e+01
4.07716445e+01 1.08139644e+01
4.08791182e+01 1.06063815e+01
4.10940655e+01 1.01368362e+01
4.12015392e+01 9.95509012e+00
4.12887116e+01 9.85283754e+00
4.13758839e+01 9.81070099e+00
4.14339989e+01 9.84539849e+00
4.14737934e+01 9.91873566e+00
4.15135879e+01 1.00492290e+01
4.15533825e+01 1.02522152e+01
4.15832284e+01 1.04599188e+01
4.16130743e+01 1.07189548e+01
4.16329715e+01 1.09204569e+01
4.16727661e+01 1.13884998e+01
4.17125606e+01 1.19282353e+01
4.18049296e+01 1.32745766e+01
4.18443605e+01 1.37867210e+01
4.18837914e+01 1.42003139e+01
4.19100787e+01 1.44055639e+01
4.19363659e+01 1.45476745e+01
4.19700071e+01 1.46346603e+01
4.19810380e+01 1.46404492e+01
4.20067766e+01 1.46129405e+01
4.20361923e+01 1.45179127e+01
4.20803158e+01 1.42740019e+01
4.21391471e+01 1.38322195e+01
4.22273941e+01 1.31186172e+01
4.22862254e+01 1.26989235e+01
4.23450568e+01 1.23501833e+01
4.24038881e+01 1.20713554e+01
4.24707198e+01 1.18312107e+01
4.25455520e+01 1.16485579e+01
4.25829681e+01 1.15865420e+01
4.27700486e+01 1.13918365e+01
4.28448808e+01 1.12655548e+01
4.28822969e+01 1.11789766e+01
4.30319613e+01 1.07642814e+01
4.30920478e+01 1.06481124e+01
4.31371126e+01 1.06152815e+01
4.31521343e+01 1.06170114e+01
4.35136748e+01 1.16009396e+01
4.39213563e+01 1.07941808e+01
4.43748696e+01 1.03014060e+01
4.44221373e+01 1.03469037e+01
4.44694049e+01 1.04420367e+01
4.45403065e+01 1.06641493e+01
4.46821094e+01 1.12045005e+01
4.47530109e+01 1.14106377e+01
4.48130633e+01 1.15204104e+01
4.48928994e+01 1.15791404e+01
4.49126831e+01 1.15811945e+01
4.50313854e+01 1.15276874e+01
4.51896551e+01 1.13607949e+01
4.53479248e+01 1.11153388e+01
4.55463202e+01 1.07811104e+01
4.56666972e+01 1.06352269e+01
4.59074511e+01 1.04270940e+01
4.59877024e+01 1.03138641e+01
4.61080794e+01 1.00661755e+01
4.62622567e+01 9.64701859e+00
4.64048213e+01 9.23278209e+00
4.64903600e+01 9.03311823e+00
4.65473859e+01 8.95506815e+00
4.65830270e+01 8.93947019e+00
4.66344788e+01 8.97274695e+00
4.66795794e+01 9.06289313e+00
4.67246800e+01 9.21253200e+00
4.67697806e+01 9.41866506e+00
4.68148812e+01 9.67249574e+00
4.69802502e+01 1.07377188e+01
4.70253508e+01 1.09731298e+01
4.70704514e+01 1.11492287e+01
4.71184448e+01 1.12591206e+01
4.71514047e+01 1.12856099e+01
4.71885195e+01 1.12687890e+01
4.72441917e+01 1.11600199e+01
4.72998640e+01 1.09706381e+01
4.73740936e+01 1.06370690e+01
4.75225528e+01 9.90039193e+00
4.75782250e+01 9.66228365e+00
4.76338972e+01 9.47516767e+00
4.76895695e+01 9.35727680e+00
4.77266843e+01 9.32416201e+00
4.77452417e+01 9.32214736e+00
4.77987271e+01 9.37036640e+00
4.78522125e+01 9.49171003e+00
4.78878694e+01 9.60480616e+00
4.80661540e+01 1.02799338e+01
4.81374679e+01 1.04843114e+01
4.82087817e+01 1.06175892e+01
4.82800955e+01 1.06827794e+01
4.83157525e+01 1.06926016e+01
4.86205923e+01 1.05406906e+01
4.86931756e+01 1.05760536e+01
4.88383423e+01 1.07148326e+01
4.89109257e+01 1.07316927e+01
4.89766288e+01 1.06880280e+01
4.91080350e+01 1.05394853e+01
4.91408866e+01 1.05286856e+01
4.91962635e+01 1.05686229e+01
4.92413143e+01 1.06644906e+01
4.92863651e+01 1.08153219e+01
4.94215173e+01 1.14155472e+01
4.94665681e+01 1.15724255e+01
4.95116188e+01 1.16626691e+01
4.95341442e+01 1.16773874e+01
4.95691434e+01 1.16570459e+01
4.96041427e+01 1.15846248e+01
4.96566415e+01 1.13884504e+01
4.97091403e+01 1.11119085e+01
4.98491373e+01 1.02399212e+01
4.99191357e+01 9.85633234e+00
4.99716346e+01 9.62475234e+00
5.00241334e+01 9.44920758e+00
5.00766323e+01 9.33304973e+00
5.01198754e+01 9.28333405e+00
5.01456189e+01 9.27373591e+00
5.01966261e+01 9.29861153e+00
5.02476332e+01 9.37913396e+00
5.02986403e+01 9.50707125e+00
5.04261581e+01 9.91323636e+00
5.04771652e+01 1.00402308e+01
5.05281724e+01 1.01056573e+01
5.05536759e+01 1.01091375e+01
5.06026726e+01 1.00560911e+01
5.06516693e+01 9.92747469e+00
5.07006660e+01 9.73804894e+00
5.08231577e+01 9.18728465e+00
5.08599052e+01 9.06443953e+00
5.08966528e+01 8.99056555e+00
5.09211511e+01 8.97598974e+00
5.09556128e+01 9.01080843e+00
5.09855028e+01 9.09894469e+00
5.10153929e+01 9.24426876e+00
5.10452830e+01 9.44751219e+00
5.10751730e+01 9.70675975e+00
5.11050630e+01 1.00173351e+01
5.11449165e+01 1.04981656e+01
5.12046966e+01 1.13111180e+01
5.12777687e+01 1.23176347e+01
5.13176446e+01 1.28075378e+01
5.13575206e+01 1.32206831e+01
5.13973965e+01 1.35382538e+01
5.14372725e+01 1.37503006e+01
5.14771484e+01 1.38559413e+01
5.15009383e+01 1.38709749e+01
5.15405882e+01 1.38248227e+01
5.15881681e+01 1.36720663e+01
5.16357480e+01 1.34431021e+01
5.17943476e+01 1.25172634e+01
5.18577875e+01 1.22186930e+01
5.19053673e+01 1.20601117e+01
5.19529472e+01 1.19692579e+01
5.19846671e+01 1.19490636e+01
5.20299566e+01 1.19764371e+01
5.20752461e+01 1.20658711e+01
5.21356320e+01 1.22652294e+01
5.23167899e+01 1.30588114e+01
5.23771759e+01 1.32533713e+01
5.24375618e+01 1.33626540e+01
5.24677548e+01 1.33816396e+01
5.25140189e+01 1.33647830e+01
5.25834150e+01 1.32448108e+01
5.26528112e+01 1.30346474e+01
5.27453394e+01 1.26659863e+01
5.29766599e+01 1.16405549e+01
5.30691881e+01 1.12972063e+01
5.31385842e+01 1.11040054e+01
5.32079804e+01 1.09823155e+01
5.32618191e+01 1.09391455e+01
5.35740985e+01 1.10511778e+01
5.36449580e+01 1.10059884e+01
5.37158174e+01 1.09013454e+01
5.37630570e+01 1.08036473e+01
5.39520156e+01 1.03117929e+01
5.41882137e+01 9.66979515e+00
5.42826930e+01 9.37412728e+00
5.45035683e+01 8.56111503e+00
5.45469772e+01 8.42934241e+00
5.45903861e+01 8.33989143e+00
5.46256558e+01 8.31364192e+00
5.46554995e+01 8.33443110e+00
5.46772039e+01 8.37922786e+00
5.47057483e+01 8.48170218e+00
5.47342928e+01 8.63904709e+00
5.47628372e+01 8.85574891e+00
5.47913816e+01 9.13428711e+00
5.48199260e+01 9.47459042e+00
5.48484704e+01 9.87359473e+00
5.48770149e+01 1.03249647e+01
5.49231287e+01 1.11389208e+01
5.50109762e+01 1.27755496e+01
5.50461151e+01 1.33684224e+01
5.50812541e+01 1.38754748e+01
5.51076083e+01 1.41821671e+01
5.51339625e+01 1.44152799e+01
5.51603167e+01 1.45684715e+01
5.51866710e+01 1.46386016e+01
5.51973421e+01 1.46432985e+01
5.52293554e+01 1.45776612e+01
5.52613688e+01 1.44000535e+01
5.52933821e+01 1.41249120e+01
5.53147244e+01 1.38964267e+01
5.53574088e+01 1.33596820e+01
5.54641200e+01 1.18560033e+01
5.55068045e+01 1.13099423e+01
5.55388493e+01 1.09521134e+01
5.55709571e+01 1.06476054e+01
5.56030649e+01 1.04015892e+01
5.56351728e+01 1.02152534e+01
5.56672806e+01 1.00870338e+01
5.56993884e+01 1.00131788e+01
5.57294817e+01 9.98859566e+00
5.57746218e+01 1.00211825e+01
5.58197618e+01 1.01211672e+01
5.58799485e+01 1.03328652e+01
5.59401352e+01 1.06159413e+01
5.59852753e+01 1.08774318e+01
5.60304153e+01 1.11954608e+01
5.60755553e+01 1.15921524e+01
5.61056486e+01 1.19135201e+01
5.61357420e+01 1.22897232e+01
5.61658354e+01 1.27275537e+01
5.61959592e+01 1.32321960e+01
5.62261136e+01 1.38053812e+01
5.62562680e+01 1.44442126e+01
5.63014996e+01 1.55090821e+01
5.64221171e+01 1.85967705e+01
5.64583310e+01 1.94410145e+01
5.64945449e+01 2.01738178e+01
5.65307588e+01 2.07602095e+01
5.65669726e+01 2.11743822e+01
5.66031865e+01 2.14019947e+01
5.66281057e+01 2.14487494e+01
5.66538013e+01 2.14060873e+01
5.66923448e+01 2.11819967e+01
5.67308883e+01 2.07916042e+01
5.67694318e+01 2.02705151e+01
5.68208232e+01 1.94391364e+01
5.69493015e+01 1.71787232e+01
5.70006928e+01 1.63491280e+01
5.70454251e+01 1.56944718e+01
5.71025348e+01 1.49541861e+01
5.71596446e+01 1.43129549e+01
5.72167544e+01 1.37558199e+01
5.72548276e+01 1.34236124e+01
5.73309739e+01 1.28385845e+01
5.74071203e+01 1.23508693e+01
5.74642301e+01 1.20529229e+01
5.75213398e+01 1.18239265e+01
5.75784496e+01 1.16785126e+01
5.76165228e+01 1.16363604e+01
5.76355594e+01 1.16336078e+01
5.76788644e+01 1.16764565e+01
5.77238863e+01 1.17973905e+01
5.77689082e+01 1.19978958e+01
5.78139302e+01 1.22741346e+01
5.78589521e+01 1.26153005e+01
5.80240325e+01 1.40593771e+01
5.80690544e+01 1.43767142e+01
5.81140764e+01 1.46096423e+01
5.81536656e+01 1.47325282e+01
5.82007645e+01 1.47753003e+01
5.82457984e+01 1.47197974e+01
5.83133492e+01 1.45055370e+01
5.84034170e+01 1.41273368e+01
5.84709678e+01 1.38983994e+01
5.85160017e+01 1.38078743e+01
5.85667348e+01 1.37737596e+01
5.86137618e+01 1.37996257e+01
5.87642480e+01 1.40423865e+01
5.88394912e+01 1.41039600e+01
5.88913736e+01 1.40823847e+01
5.89691973e+01 1.39458403e+01
5.90470210e+01 1.37083552e+01
5.93064333e+01 1.26954016e+01
5.94101982e+01 1.23443420e+01
5.95139631e+01 1.20543664e+01
5.96177280e+01 1.18273520e+01
5.97218595e+01 1.16692230e+01
5.98002329e+01 1.16081528e+01
5.98263574e+01 1.16013362e+01
5.98786064e+01 1.16101771e+01
6.03847064e+01 1.23650604e+01
6.04294252e+01 1.23766539e+01
6.05188628e+01 1.23452160e+01
6.06977380e+01 1.22226446e+01
6.07424568e+01 1.22106343e+01
6.12173686e+01 1.24285862e+01
6.13253270e+01 1.23838434e+01
6.16492021e+01 1.20754288e+01
6.20810355e+01 1.16522506e+01
6.26284428e+01 1.12726790e+01
6.30686638e+01 1.08682192e+01
6.32363288e+01 1.07601328e+01
6.34403847e+01 1.07098333e+01
6.34767757e+01 1.07084304e+01
6.37396764e+01 1.07360903e+01
6.38201522e+01 1.07844677e+01
6.38919938e+01 1.08831746e+01
6.39458750e+01 1.10116347e+01
6.39997563e+01 1.11995554e+01
6.40536375e+01 1.14517176e+01
6.41075187e+01 1.17627775e+01
6.42512020e+01 1.27162846e+01
6.43050832e+01 1.30271384e+01
6.43589645e+01 1.32610127e+01
6.43989806e+01 1.33717201e+01
6.44528642e+01 1.34287130e+01
6.44944665e+01 1.34027231e+01
6.45499364e+01 1.32865470e+01
6.46331411e+01 1.29908070e+01
6.47718157e+01 1.23978823e+01
6.48827554e+01 1.19886368e+01
6.49936950e+01 1.16752247e+01
6.51046347e+01 1.14325399e+01
6.52710442e+01 1.11400837e+01
6.53878079e+01 1.09817096e+01
6.54797487e+01 1.09034631e+01
6.55716896e+01 1.08801030e+01
6.59064003e+01 1.10413455e+01
6.62295748e+01 1.10833637e+01
6.65282961e+01 1.12553120e+01
6.65709706e+01 1.12610338e+01
6.66883702e+01 1.12183213e+01
6.68057697e+01 1.11085815e+01
6.70405689e+01 1.08571911e+01
6.75101672e+01 1.05445339e+01
6.84568636e+01 9.79220000e+00
6.89522455e+01 9.34017141e+00
6.90665644e+01 9.28748089e+00
6.94154230e+01 9.34547644e+00
6.94921523e+01 9.30202329e+00
6.95688816e+01 9.20771725e+00
6.96456110e+01 9.06497899e+00
6.98374343e+01 8.60771559e+00
6.99141636e+01 8.46349582e+00
6.99717106e+01 8.40821222e+00
6.99908929e+01 8.40373509e+00
7.00292576e+01 8.41983460e+00
7.00802517e+01 8.49974090e+00
7.01312458e+01 8.65358460e+00
7.01822399e+01 8.88424378e+00
7.02332341e+01 9.18850176e+00
7.02842282e+01 9.55712066e+00
7.03352223e+01 9.97596496e+00
7.05391987e+01 1.18084158e+01
7.06145843e+01 1.24137921e+01
7.06766686e+01 1.28401089e+01
7.07387528e+01 1.31839869e+01
7.08008370e+01 1.34317027e+01
7.08629213e+01 1.35731120e+01
7.09043107e+01 1.36059992e+01
7.09666535e+01 1.35649467e+01
7.10289962e+01 1.34251347e+01
7.10913390e+01 1.32056005e+01
7.11536817e+01 1.29308243e+01
7.13407099e+01 1.20173058e+01
7.14342240e+01 1.16123362e+01
7.15277381e+01 1.12641866e+01
7.16524236e+01 1.08623864e+01
7.18082804e+01 1.04204754e+01
7.19017946e+01 1.02184347e+01
7.19662828e+01 1.01431394e+01
7.19985269e+01 1.01344342e+01
7.20449755e+01 1.01636329e+01
7.20875888e+01 1.02389193e+01
7.21302022e+01 1.03633272e+01
7.21728155e+01 1.05359706e+01
7.22296334e+01 1.08323986e+01
7.23148601e+01 1.13710642e+01
7.24000868e+01 1.19243205e+01
7.24569046e+01 1.22434142e+01
7.25159598e+01 1.24979933e+01
7.25619293e+01 1.26302046e+01
7.26078987e+01 1.27019605e+01
7.26388961e+01 1.27175507e+01
7.27008910e+01 1.26787967e+01
7.27628859e+01 1.25662757e+01
7.28558782e+01 1.23146099e+01
7.31038577e+01 1.15714189e+01
7.33518372e+01 1.09413185e+01
7.35998167e+01 1.03230737e+01
7.38063472e+01 9.73768030e+00
7.39440342e+01 9.32927574e+00
7.40128778e+01 9.16275664e+00
7.40645104e+01 9.08014264e+00
7.41161430e+01 9.05303096e+00
7.41639349e+01 9.09272897e+00
7.42040451e+01 9.18316506e+00
7.42441553e+01 9.33083004e+00
7.42842656e+01 9.53728683e+00
7.43243758e+01 9.80026197e+00
7.43644861e+01 1.01132652e+01
7.44179664e+01 1.05894832e+01
7.45249270e+01 1.16047793e+01
7.45784074e+01 1.20601325e+01
7.46196491e+01 1.23547259e+01
7.46608908e+01 1.25865499e+01
7.47021325e+01 1.27488384e+01
7.47433743e+01 1.28404015e+01
7.47733495e+01 1.28647136e+01
7.48033247e+01 1.28568065e+01
7.48632752e+01 1.27612796e+01
7.49532008e+01 1.24946663e+01
7.50731017e+01 1.21146577e+01
7.51330521e+01 1.19797328e+01
7.51930026e+01 1.19018956e+01
7.52392593e+01 1.18831772e+01
7.53206671e+01 1.19312547e+01
7.54183565e+01 1.20926529e+01
7.56137352e+01 1.24998124e+01
7.57114246e+01 1.26121717e+01
7.57439877e+01 1.26246005e+01
7.58307968e+01 1.25922975e+01
7.59176060e+01 1.24739828e+01
7.59754787e+01 1.23586220e+01
7.63227153e+01 1.14980220e+01
7.64963336e+01 1.11481139e+01
7.66699518e+01 1.08678211e+01
7.70491734e+01 1.03220055e+01
7.71629399e+01 1.02038301e+01
7.72767064e+01 1.01604041e+01
7.73655725e+01 1.01866926e+01
7.75136825e+01 1.03091881e+01
7.78099027e+01 1.06100621e+01
7.79283908e+01 1.07962571e+01
7.81949890e+01 1.13782273e+01
7.82842770e+01 1.15010278e+01
7.83650304e+01 1.15375461e+01
7.84359609e+01 1.15115066e+01
7.85279788e+01 1.14133413e+01
7.87120146e+01 1.11038114e+01
7.90800863e+01 1.04285257e+01
7.92334494e+01 1.02055091e+01
7.93254673e+01 1.01236341e+01
7.94248244e+01 1.00986285e+01
7.98293995e+01 1.03394597e+01
7.99112016e+01 1.03503292e+01
8.00748059e+01 1.03335943e+01
8.01566080e+01 1.03388346e+01
8.03455842e+01 1.04225384e+01
8.04873163e+01 1.04735279e+01
8.05739224e+01 1.04561306e+01
8.06920084e+01 1.03664018e+01
8.10069045e+01 1.00086738e+01
8.10856285e+01 9.94944634e+00
8.11643525e+01 9.93429410e+00
8.16320236e+01 1.04494322e+01
8.17137305e+01 1.04018807e+01
8.17954375e+01 1.02784660e+01
8.19179979e+01 9.99470790e+00
8.20814118e+01 9.58040363e+00
8.21631187e+01 9.42747059e+00
8.22243989e+01 9.36182812e+00
8.22652524e+01 9.34755181e+00
8.23192904e+01 9.36912751e+00
8.23865130e+01 9.46192873e+00
8.24537355e+01 9.62107311e+00
8.25881806e+01 1.00547151e+01
8.26554031e+01 1.02674318e+01
8.27226256e+01 1.04339358e+01
8.27898481e+01 1.05294133e+01
8.28234594e+01 1.05460127e+01
8.28793646e+01 1.05264422e+01
8.29352697e+01 1.04519316e+01
8.30098100e+01 1.02841847e+01
8.31961605e+01 9.73577725e+00
8.32707007e+01 9.55456186e+00
8.33452410e+01 9.43097779e+00
8.34197812e+01 9.37195151e+00
8.34508467e+01 9.36544150e+00
8.35440433e+01 9.39839233e+00
8.36683053e+01 9.52688585e+00
8.37925674e+01 9.72202096e+00
8.38857640e+01 9.92415668e+00
8.39789606e+01 1.01933436e+01
8.40410916e+01 1.04122314e+01
8.42896158e+01 1.14138812e+01
8.43828123e+01 1.17090118e+01
8.44490758e+01 1.18542832e+01
8.45194717e+01 1.19454445e+01
8.45980034e+01 1.19794308e+01
8.47280046e+01 1.19374934e+01
8.49444300e+01 1.18474431e+01
8.49875205e+01 1.18437176e+01
8.52460633e+01 1.18540723e+01
8.54292824e+01 1.18023950e+01
8.56125014e+01 1.16773650e+01
8.57957204e+01 1.14913521e+01
8.59789395e+01 1.12385834e+01
8.63666604e+01 1.05641485e+01
8.65100893e+01 1.03623176e+01
8.66176609e+01 1.02641144e+01
8.67969470e+01 1.01928066e+01
8.70120904e+01 1.01388331e+01
8.76752190e+01 9.76368700e+00
8.77970416e+01 9.65776732e+00
8.78579529e+01 9.58775805e+00
8.81625094e+01 9.15581815e+00
8.82538763e+01 9.07060636e+00
8.83252568e+01 9.04765081e+00
8.83889321e+01 9.06793193e+00
8.84544653e+01 9.13269601e+00
8.85199986e+01 9.24119459e+00
8.86073762e+01 9.44327920e+00
8.88258203e+01 1.00487931e+01
8.89131980e+01 1.02353007e+01
8.89787312e+01 1.03253045e+01
8.90442644e+01 1.03646813e+01
8.91253889e+01 1.03409057e+01
8.92065134e+01 1.02431809e+01
8.92876379e+01 1.00868216e+01
8.94904491e+01 9.60258110e+00
8.95512925e+01 9.49183703e+00
8.96121358e+01 9.43505205e+00
8.96260791e+01 9.43273498e+00
8.96729792e+01 9.46323733e+00
8.97113643e+01 9.54173684e+00
8.97475722e+01 9.67048490e+00
8.97837802e+01 9.86222196e+00
8.98199882e+01 1.01266562e+01
8.98471442e+01 1.03781931e+01
8.98743001e+01 1.06790889e+01
8.99014561e+01 1.10320008e+01
8.99286121e+01 1.14386746e+01
8.99467160e+01 1.17400084e+01
8.99829240e+01 1.24143398e+01
9.00144566e+01 1.30759913e+01
9.00459893e+01 1.38001570e+01
9.00932882e+01 1.49812746e+01
9.02036524e+01 1.79079060e+01
9.02480521e+01 1.90070615e+01
9.02866532e+01 1.98553500e+01
9.03252543e+01 2.05652164e+01
9.03638553e+01 2.11058761e+01
9.03895894e+01 2.13607930e+01
9.04153234e+01 2.15260440e+01
9.04490391e+01 2.16036120e+01
9.04836263e+01 2.15207369e+01
9.05155528e+01 2.13048581e+01
9.05474794e+01 2.09663095e+01
9.05687638e+01 2.06796265e+01
9.06113326e+01 1.99832933e+01
9.06539013e+01 1.91618926e+01
9.07816076e+01 1.64280375e+01
9.08240098e+01 1.55723570e+01
9.08664120e+01 1.47955919e+01
9.09088142e+01 1.41165114e+01
9.09512163e+01 1.35452825e+01
9.09830180e+01 1.31893704e+01
9.10148196e+01 1.28942309e+01
9.10572218e+01 1.25896840e+01
9.10996239e+01 1.23765999e+01
9.11454374e+01 1.22332880e+01
9.12054299e+01 1.21505957e+01
9.12254275e+01 1.21426027e+01
9.13054176e+01 1.21671081e+01
9.14254027e+01 1.22335280e+01
9.14653977e+01 1.22340721e+01
9.15439873e+01 1.21826648e+01
9.16225769e+01 1.20606704e+01
9.17404612e+01 1.17833009e+01
9.18976403e+01 1.13894175e+01
9.19762298e+01 1.12498587e+01
9.20548194e+01 1.11853911e+01
9.20695549e+01 1.11837327e+01
9.21316290e+01 1.12186986e+01
9.21879012e+01 1.13143584e+01
9.22441733e+01 1.14744608e+01
9.23004455e+01 1.16972161e+01
9.23567177e+01 1.19740680e+01
9.25442916e+01 1.30351609e+01
9.26005638e+01 1.32921482e+01
9.26568360e+01 1.34747990e+01
9.27135222e+01 1.35673074e+01
9.27326935e+01 1.35764343e+01
9.27807164e+01 1.35504649e+01
9.28287392e+01 1.34589256e+01
9.29007734e+01 1.32190746e+01
9.29728076e+01 1.28934900e+01
9.31648989e+01 1.19213385e+01
9.32609445e+01 1.15099480e+01
9.33329787e+01 1.12724700e+01
9.33810015e+01 1.11598585e+01
9.34290244e+01 1.10941381e+01
9.34530358e+01 1.10823338e+01
9.35010586e+01 1.11088264e+01
9.35433070e+01 1.11963022e+01
9.35873445e+01 1.13615945e+01
9.36313819e+01 1.16110140e+01
9.36754193e+01 1.19499737e+01
9.37194568e+01 1.23790865e+01
9.37634942e+01 1.28928083e+01
9.38075317e+01 1.34785831e+01
9.38735879e+01 1.44474418e+01
9.39687924e+01 1.58582193e+01
9.40259152e+01 1.65911647e+01
9.40639970e+01 1.69902148e+01
9.41020788e+01 1.72987409e+01
9.41401606e+01 1.75055814e+01
9.41782424e+01 1.76048716e+01
9.41920735e+01 1.76140826e+01
9.42335666e+01 1.75582013e+01
9.42750597e+01 1.73851769e+01
9.43165528e+01 1.71104581e+01
9.43718769e+01 1.66208493e+01
9.44548632e+01 1.57314104e+01
9.45655114e+01 1.45166583e+01
9.46208356e+01 1.39782358e+01
9.46711205e+01 1.35500782e+01
9.47214054e+01 1.31836679e+01
9.47716903e+01 1.28760699e+01
9.48471177e+01 1.25093695e+01
9.49225451e+01 1.22299331e+01
9.50231149e+01 1.19474591e+01
9.51236847e+01 1.17321460e+01
9.52242545e+01 1.15692260e+01
9.53248244e+01 1.14571773e+01
9.54253942e+01 1.13934448e+01
9.55907382e+01 1.13617511e+01
9.57560821e+01 1.13558071e+01
9.62564852e+01 1.12758861e+01
9.66042060e+01 1.12394444e+01
9.67358685e+01 1.11749238e+01
9.68675311e+01 1.10553531e+01
9.69991937e+01 1.08810748e+01
9.71966875e+01 1.05427879e+01
9.74600127e+01 1.00532672e+01
9.75587596e+01 9.92212951e+00
9.76412961e+01 9.87507985e+00
9.77106988e+01 9.89950873e+00
9.77700440e+01 9.97649206e+00
9.78293892e+01 1.01088668e+01
9.78887345e+01 1.02947553e+01
9.79678614e+01 1.06117256e+01
9.81656789e+01 1.15156299e+01
9.82448058e+01 1.18048779e+01
9.83041511e+01 1.19615163e+01
9.83646086e+01 1.20605666e+01
9.84374603e+01 1.20995998e+01
9.84910869e+01 1.20781520e+01
9.85768894e+01 1.19746251e+01
9.87055931e+01 1.17219635e+01
9.89200994e+01 1.12404129e+01
9.90917043e+01 1.09062192e+01
9.92204081e+01 1.07076762e+01
9.93491118e+01 1.05585864e+01
9.94349143e+01 1.04838880e+01
9.97781243e+01 1.02758468e+01
1.00017381e+02 1.01680567e+01
1.00097133e+02 1.01526590e+01
1.00438950e+02 1.01812497e+01
1.00607380e+02 1.02196719e+01
1.00744884e+02 1.03021642e+01
1.01019890e+02 1.05898546e+01
1.01123017e+02 1.06449396e+01
1.01157393e+02 1.06467305e+01
1.01268052e+02 1.05915044e+01
1.01378711e+02 1.04592061e+01
1.01673800e+02 1.00214455e+01
1.01968890e+02 9.66408786e+00
1.02116435e+02 9.42924764e+00
1.02300866e+02 9.11334914e+00
1.02371948e+02 9.03097659e+00
1.02440339e+02 9.00035575e+00
1.02493241e+02 9.02034271e+00
1.02549358e+02 9.09038669e+00
1.02605476e+02 9.21380452e+00
1.02661594e+02 9.38892770e+00
1.02736417e+02 9.69006417e+00
1.02923476e+02 1.05767262e+01
1.02998300e+02 1.08902960e+01
1.03073123e+02 1.11457798e+01
1.03153138e+02 1.13551883e+01
1.03313169e+02 1.16569082e+01
1.03553214e+02 1.20524232e+01
1.03633229e+02 1.21353263e+01
1.03713244e+02 1.21559478e+01
1.03780157e+02 1.21158905e+01
1.03880526e+02 1.19605578e+01
1.03980895e+02 1.17166487e+01
1.04382373e+02 1.05149075e+01
1.04516199e+02 1.01644159e+01
1.04616568e+02 9.95761171e+00
1.04683481e+02 9.86380568e+00
1.04750394e+02 9.81740077e+00
1.04783850e+02 9.81480752e+00
1.04842168e+02 9.84597102e+00
1.04903319e+02 9.92823944e+00
1.04964470e+02 1.00581811e+01
1.05046005e+02 1.02907448e+01
1.05209074e+02 1.08301951e+01
1.05290609e+02 1.10575627e+01
1.05372143e+02 1.12129313e+01
1.05453678e+02 1.12814666e+01
1.05474365e+02 1.12850402e+01
1.05536425e+02 1.12655199e+01
1.05619171e+02 1.11825477e+01
1.05867411e+02 1.08105311e+01
1.05950157e+02 1.07174546e+01
1.06115650e+02 1.05989866e+01
1.06281143e+02 1.04839580e+01
1.06405263e+02 1.03364432e+01
1.06529383e+02 1.01243490e+01
1.06694876e+02 9.81006286e+00
1.06777622e+02 9.70552465e+00
1.06819068e+02 9.68893144e+00
1.06860514e+02 9.70878893e+00
1.06910249e+02 9.79689918e+00
1.06944581e+02 9.90949121e+00
1.06978913e+02 1.00732673e+01
1.07013245e+02 1.02960536e+01
1.07047577e+02 1.05853333e+01
1.07081909e+02 1.09477828e+01
1.07116241e+02 1.13887382e+01
1.07150573e+02 1.19116456e+01
1.07184905e+02 1.25175000e+01
1.07220463e+02 1.32303241e+01
1.07256020e+02 1.40240641e+01
1.07291578e+02 1.48886293e+01
1.07344915e+02 1.62858918e+01
1.07451588e+02 1.91851234e+01
1.07499270e+02 2.03847571e+01
1.07544124e+02 2.13788421e+01
1.07574027e+02 2.19449715e+01
1.07603930e+02 2.24197681e+01
1.07633833e+02 2.27937129e+01
1.07663737e+02 2.30599480e+01
1.07693640e+02 2.32145154e+01
1.07722153e+02 2.32569946e+01
1.07762840e+02 2.31441453e+01
1.07803526e+02 2.28396848e+01
1.07844213e+02 2.23649143e+01
1.07884899e+02 2.17474555e+01
1.07925586e+02 2.10189668e+01
1.07979835e+02 1.99324871e+01
1.08088332e+02 1.76419552e+01
1.08142581e+02 1.65586327e+01
1.08194483e+02 1.56120557e+01
1.08246385e+02 1.47732030e+01
1.08285312e+02 1.42200693e+01
1.08324238e+02 1.37325587e+01
1.08350189e+02 1.34431740e+01
1.08402091e+02 1.29456957e+01
1.08453993e+02 1.25484494e+01
1.08505895e+02 1.22403382e+01
1.08557798e+02 1.20096835e+01
1.08610560e+02 1.18424835e+01
1.08663322e+02 1.17309088e+01
1.08733784e+02 1.16475492e+01
1.08839647e+02 1.16057799e+01
1.08980798e+02 1.15737652e+01
1.09097242e+02 1.14841437e+01
1.09271907e+02 1.12608488e+01
1.09359240e+02 1.11829754e+01
1.09388351e+02 1.11730059e+01
1.09466023e+02 1.12002830e+01
1.09524375e+02 1.12791340e+01
1.09602177e+02 1.14623348e+01
1.09679979e+02 1.17182936e+01
1.09874485e+02 1.24406180e+01
1.09952288e+02 1.26566529e+01
1.10030090e+02 1.27871220e+01
1.10104949e+02 1.28237897e+01
1.10176864e+02 1.27821198e+01
1.10248779e+02 1.26782693e+01
1.10356652e+02 1.24422403e+01
1.10716228e+02 1.14803882e+01
1.10860059e+02 1.11413146e+01
1.11003889e+02 1.08560877e+01
1.11111762e+02 1.06931970e+01
1.11219635e+02 1.05939228e+01
1.11306766e+02 1.05729402e+01
1.11873196e+02 1.11553311e+01
1.11966317e+02 1.11271049e+01
1.12059437e+02 1.10323310e+01
1.12199117e+02 1.08096675e+01
1.12338798e+02 1.05649733e+01
1.12478478e+02 1.03659835e+01
1.12618159e+02 1.02427009e+01
1.12817241e+02 1.01693098e+01
1.13016323e+02 1.01495042e+01
1.13149045e+02 1.01746192e+01
1.13798852e+02 1.08691907e+01
1.13905348e+02 1.08361490e+01
1.14011844e+02 1.07313080e+01
1.14082842e+02 1.06328903e+01
1.14508826e+02 9.91622155e+00
1.14650821e+02 9.71324156e+00
1.14792816e+02 9.55699046e+00
1.14934810e+02 9.44597120e+00
1.15270290e+02 9.26453258e+00
1.15387708e+02 9.23773469e+00
1.15471578e+02 9.26113349e+00
1.15546668e+02 9.32884770e+00
1.15621757e+02 9.45010968e+00
1.15696846e+02 9.62660379e+00
1.15771935e+02 9.85101616e+00
1.15972173e+02 1.05444055e+01
1.16072292e+02 1.08390170e+01
1.16147381e+02 1.09980021e+01
1.16222470e+02 1.10925166e+01
1.16292692e+02 1.11214252e+01
1.16353181e+02 1.11037874e+01
1.16433833e+02 1.10288248e+01
1.16554810e+02 1.08379201e+01
1.16998395e+02 9.92992480e+00
1.17240350e+02 9.48034375e+00
1.17401653e+02 9.21021439e+00
1.17562957e+02 8.98572381e+00
1.17658277e+02 8.89230709e+00
1.17753598e+02 8.84391109e+00
1.17785371e+02 8.84042150e+00
1.17868028e+02 8.86726017e+00
1.17944353e+02 8.94566309e+00
1.18020677e+02 9.08413269e+00
1.18097002e+02 9.28962523e+00
1.18173326e+02 9.56601153e+00
1.18249651e+02 9.91176563e+00
1.18325976e+02 1.03175431e+01
1.18554949e+02 1.16635328e+01
1.18631274e+02 1.20444370e+01
1.18709121e+02 1.23406205e+01
1.18761019e+02 1.24749215e+01
1.18812917e+02 1.25551025e+01
1.18863430e+02 1.25817344e+01
1.18937119e+02 1.25370799e+01
1.19010809e+02 1.24102813e+01
1.19084499e+02 1.22249867e+01
1.19379259e+02 1.13294960e+01
1.19526639e+02 1.09597812e+01
1.19624892e+02 1.07571954e+01
1.19821398e+02 1.04258484e+01
1.20516819e+02 9.45647049e+00
1.20993378e+02 8.72623409e+00
1.21099280e+02 8.61235621e+00
1.21165469e+02 8.58618895e+00
1.21231658e+02 8.61764997e+00
1.21280256e+02 8.69112116e+00
1.21324503e+02 8.80459356e+00
1.21368749e+02 8.97004365e+00
1.21412996e+02 9.19391638e+00
1.21457242e+02 9.48106196e+00
1.21501488e+02 9.83401128e+00
1.21545735e+02 1.02523112e+01
1.21589981e+02 1.07320034e+01
1.21633988e+02 1.12623106e+01
1.21699638e+02 1.21265094e+01
1.21830938e+02 1.39141040e+01
1.21896588e+02 1.47082229e+01
1.21940355e+02 1.51578659e+01
1.21980499e+02 1.54989420e+01
1.22017019e+02 1.57423786e+01
1.22053540e+02 1.59177363e+01
1.22090060e+02 1.60231368e+01
1.22126934e+02 1.60590366e+01
1.22164160e+02 1.60261860e+01
1.22220000e+02 1.58580139e+01
1.22275840e+02 1.55688407e+01
1.22331680e+02 1.51880302e+01
1.22406133e+02 1.45921195e+01
1.22555040e+02 1.33484895e+01
1.22629493e+02 1.27971560e+01
1.22703946e+02 1.23256171e+01
1.22783126e+02 1.19153731e+01
1.22862307e+02 1.15892645e+01
1.22941487e+02 1.13298271e+01
1.23020667e+02 1.11181783e+01
1.23179028e+02 1.07780876e+01
1.23337389e+02 1.04934219e+01
1.23891651e+02 9.63053952e+00
1.24155729e+02 9.17334376e+00
1.24278994e+02 8.99793093e+00
1.24371443e+02 8.91197573e+00
1.24463892e+02 8.87550878e+00
1.24579084e+02 8.89633822e+00
1.24694277e+02 8.96784186e+00
1.24982258e+02 9.20981980e+00
1.25097450e+02 9.35939724e+00
1.25183844e+02 9.53304437e+00
1.25270239e+02 9.77753851e+00
1.25356633e+02 1.00936650e+01
1.25460158e+02 1.05423905e+01
1.25646977e+02 1.13804641e+01
1.25759069e+02 1.18042397e+01
1.25833796e+02 1.20391990e+01
1.25983251e+02 1.24216733e+01
1.26282162e+02 1.30785869e+01
1.26431617e+02 1.33490739e+01
1.26543708e+02 1.34546214e+01
1.26581072e+02 1.34627737e+01
1.26670551e+02 1.34194450e+01
1.26773887e+02 1.32590368e+01
1.26877224e+02 1.29973106e+01
1.27015006e+02 1.25470721e+01
1.27221679e+02 1.18244930e+01
1.27359461e+02 1.14064816e+01
1.27462797e+02 1.11568744e+01
1.27566134e+02 1.09752489e+01
1.27669470e+02 1.08692437e+01
1.27768617e+02 1.08386284e+01
1.28352374e+02 1.11837255e+01
1.28444810e+02 1.11489640e+01
1.28537247e+02 1.10554246e+01
1.28660495e+02 1.08512701e+01
1.29030242e+02 1.00479898e+01
1.29122678e+02 9.88947538e+00
1.29215115e+02 9.78210723e+00
1.29307551e+02 9.74353227e+00
1.29381968e+02 9.77232533e+00
1.29425572e+02 9.81592638e+00
1.29512781e+02 9.96177602e+00
1.29599990e+02 1.01763453e+01
1.29818012e+02 1.08345520e+01
1.29905221e+02 1.10445648e+01
1.29970627e+02 1.11463644e+01
1.30036034e+02 1.11885542e+01
1.30115848e+02 1.11532462e+01
1.30195663e+02 1.10269190e+01
1.30248873e+02 1.08994690e+01
1.30355292e+02 1.05710335e+01
1.30568131e+02 9.83016079e+00
1.30674550e+02 9.52069532e+00
1.30754365e+02 9.34439341e+00
1.30834179e+02 9.22459587e+00
1.30906534e+02 9.16688017e+00
1.30967992e+02 9.15446797e+00
1.31052617e+02 9.18592074e+00
1.31179555e+02 9.30952836e+00
1.31348806e+02 9.52288999e+00
1.31475744e+02 9.64900414e+00
1.31602682e+02 9.71580405e+00
1.31713168e+02 9.73003910e+00
1.32044624e+02 9.69580977e+00
1.32324588e+02 9.72653788e+00
1.32604552e+02 9.81048326e+00
1.32744533e+02 9.90105804e+00
1.32814524e+02 9.98785066e+00
1.32884515e+02 1.01264519e+01
1.32937008e+02 1.02786798e+01
1.32989502e+02 1.04842735e+01
1.33041995e+02 1.07534473e+01
1.33094488e+02 1.10944157e+01
1.33146981e+02 1.15118485e+01
1.33190214e+02 1.19129888e+01
1.33241685e+02 1.24531401e+01
1.33318891e+02 1.33645079e+01
1.33421833e+02 1.46587355e+01
1.33499040e+02 1.55669325e+01
1.33550510e+02 1.60852801e+01
1.33595127e+02 1.64524093e+01
1.33632889e+02 1.66915357e+01
1.33670651e+02 1.68575905e+01
1.33708413e+02 1.69460584e+01
1.33727294e+02 1.69604879e+01
1.33775479e+02 1.69074673e+01
1.33823664e+02 1.67299102e+01
1.33871848e+02 1.64386319e+01
1.33920033e+02 1.60493821e+01
1.33984279e+02 1.54114256e+01
1.34080648e+02 1.43009682e+01
1.34209140e+02 1.27757284e+01
1.34270557e+02 1.21037250e+01
1.34329145e+02 1.15226412e+01
1.34387733e+02 1.10103344e+01
1.34446321e+02 1.05725284e+01
1.34504909e+02 1.02120687e+01
1.34563497e+02 9.93011361e+00
1.34607438e+02 9.77035579e+00
1.34651379e+02 9.65485194e+00
1.34695320e+02 9.58337236e+00
1.34744601e+02 9.55501259e+00
1.34789939e+02 9.57635850e+00
1.34835276e+02 9.64170791e+00
1.34880614e+02 9.74896242e+00
1.34948620e+02 9.98186122e+00
1.35016626e+02 1.02889342e+01
1.35107301e+02 1.07826100e+01
1.35288652e+02 1.18610616e+01
1.35379327e+02 1.23398567e+01
1.35447333e+02 1.26395882e+01
1.35529109e+02 1.29227789e+01
1.35588217e+02 1.30779365e+01
1.35706432e+02 1.33000866e+01
1.35883756e+02 1.36035394e+01
1.35942863e+02 1.37433838e+01
1.36061079e+02 1.41040082e+01
1.36238402e+02 1.47034303e+01
1.36327063e+02 1.49035007e+01
1.36386171e+02 1.49601493e+01
1.36415724e+02 1.49612357e+01
1.36473545e+02 1.49081975e+01
1.36531365e+02 1.47838826e+01
1.36608459e+02 1.45222658e+01
1.36839740e+02 1.34868975e+01
1.36897561e+02 1.32878010e+01
1.36955381e+02 1.31552562e+01
1.37013201e+02 1.31044373e+01
1.37065990e+02 1.31373159e+01
1.37116263e+02 1.32408417e+01
1.37166537e+02 1.34117954e+01
1.37233568e+02 1.37309250e+01
1.37300599e+02 1.41265732e+01
1.37434661e+02 1.49824949e+01
1.37501692e+02 1.53517979e+01
1.37568723e+02 1.56274984e+01
1.37617927e+02 1.57534751e+01
1.37677400e+02 1.58093499e+01
1.37728742e+02 1.57713440e+01
1.37790352e+02 1.56265262e+01
1.37831425e+02 1.54768158e+01
1.37913571e+02 1.50776658e+01
1.37995718e+02 1.45926711e+01
1.38160011e+02 1.35737500e+01
1.38242157e+02 1.31139523e+01
1.38324304e+02 1.27120928e+01
1.38410378e+02 1.23566622e+01
1.38496453e+02 1.20638278e+01
1.38582527e+02 1.18255517e+01
1.38711639e+02 1.15530550e+01
1.38840750e+02 1.13627025e+01
1.39012899e+02 1.12004198e+01
1.39357197e+02 1.09703301e+01
1.39765285e+02 1.05996862e+01
1.39892867e+02 1.05282613e+01
1.40052159e+02 1.05012394e+01
1.40338664e+02 1.05325122e+01
1.40465999e+02 1.05169523e+01
1.40584677e+02 1.04534159e+01
1.40703355e+02 1.03310560e+01
1.40822034e+02 1.01518823e+01
1.41059390e+02 9.68724403e+00
1.41207738e+02 9.41865039e+00
1.41296746e+02 9.32239301e+00
1.41356086e+02 9.30688542e+00
1.41415425e+02 9.34402256e+00
1.41469956e+02 9.43443706e+00
1.41524487e+02 9.58676948e+00
1.41579018e+02 9.80668459e+00
1.41633549e+02 1.00968006e+01
1.41688080e+02 1.04558417e+01
1.41742611e+02 1.08780332e+01
1.41815319e+02 1.15203682e+01
1.41997089e+02 1.32654926e+01
1.42055346e+02 1.37709639e+01
1.42113604e+02 1.42066058e+01
1.42171861e+02 1.45525629e+01
1.42230119e+02 1.47955178e+01
1.42288376e+02 1.49297255e+01
1.42335081e+02 1.49598534e+01
1.42389653e+02 1.49137894e+01
1.42444224e+02 1.47906305e+01
1.42526082e+02 1.44923151e+01
1.42635225e+02 1.39643502e+01
1.42798941e+02 1.31167028e+01
1.42908084e+02 1.26193527e+01
1.43017227e+02 1.22086603e+01
1.43126371e+02 1.18803587e+01
1.43268056e+02 1.15480070e+01
1.43442282e+02 1.12277539e+01
1.43877846e+02 1.05692708e+01
1.44226298e+02 1.00555456e+01
1.44666206e+02 9.35468966e+00
1.44757663e+02 9.24428094e+00
1.44849119e+02 9.18710383e+00
1.44871983e+02 9.18479523e+00
1.44940576e+02 9.21525626e+00
1.44997191e+02 9.29042792e+00
1.45053806e+02 9.41856436e+00
1.45110421e+02 9.60498369e+00
1.45167035e+02 9.85225264e+00
1.45223650e+02 1.01593973e+01
1.45280265e+02 1.05213574e+01
1.45355752e+02 1.10725258e+01
1.45544468e+02 1.25644260e+01
1.45625447e+02 1.31242876e+01
1.45686182e+02 1.34657967e+01
1.45746917e+02 1.37224597e+01
1.45807651e+02 1.38850049e+01
1.45868386e+02 1.39508604e+01
1.45921954e+02 1.39316209e+01
1.45975523e+02 1.38462599e+01
1.46055875e+02 1.36137651e+01
1.46136227e+02 1.32878580e+01
1.46404068e+02 1.19812433e+01
1.46511204e+02 1.15277076e+01
1.46591557e+02 1.12572211e+01
1.46671909e+02 1.10627357e+01
1.46747250e+02 1.09604485e+01
1.46801683e+02 1.09392969e+01
1.46856592e+02 1.09646128e+01
1.46922626e+02 1.10566358e+01
1.46988660e+02 1.12113268e+01
1.47076706e+02 1.14971760e+01
1.47296819e+02 1.23436253e+01
1.47384865e+02 1.25988210e+01
1.47450899e+02 1.27167973e+01
1.47516933e+02 1.27602284e+01
1.47575470e+02 1.27340854e+01
1.47634007e+02 1.26498881e+01
1.47721813e+02 1.24292601e+01
1.47809618e+02 1.21235521e+01
1.48102303e+02 1.09118872e+01
1.48219377e+02 1.04862664e+01
1.48307182e+02 1.02226461e+01
1.48394988e+02 1.00195713e+01
1.48485593e+02 9.88619836e+00
1.48549730e+02 9.84541182e+00
1.48581798e+02 9.84304158e+00
1.48659552e+02 9.88915545e+00
1.48737305e+02 1.00083818e+01
1.48815059e+02 1.01948905e+01
1.48892812e+02 1.04360480e+01
1.49151991e+02 1.13697918e+01
1.49255663e+02 1.16690781e+01
1.49333416e+02 1.18314819e+01
1.49433862e+02 1.19582319e+01
1.49512756e+02 1.20005121e+01
1.49568959e+02 1.20073881e+01
1.50179011e+02 1.18472966e+01
1.50338083e+02 1.17584987e+01
1.50497154e+02 1.16072016e+01
1.50735761e+02 1.12884818e+01
1.51053904e+02 1.08358974e+01
1.51212975e+02 1.06749836e+01
1.51372046e+02 1.05959607e+01
1.51804712e+02 1.05788217e+01
1.51923588e+02 1.05113045e+01
1.52042464e+02 1.03852267e+01
1.52220779e+02 1.01040771e+01
1.52458531e+02 9.67284665e+00
1.52577408e+02 9.50718048e+00
1.52666565e+02 9.44600193e+00
1.52696284e+02 9.44313373e+00
1.52755722e+02 9.47033035e+00
1.52810284e+02 9.53995454e+00
1.52864846e+02 9.65812845e+00
1.52919408e+02 9.82873302e+00
1.52973970e+02 1.00531516e+01
1.53028532e+02 1.03296088e+01
1.53083094e+02 1.06527185e+01
1.53155844e+02 1.11397972e+01
1.53301343e+02 1.21804604e+01
1.53371965e+02 1.26398212e+01
1.53440462e+02 1.30091695e+01
1.53491834e+02 1.32203035e+01
1.53543206e+02 1.33660684e+01
1.53594578e+02 1.34423594e+01
1.53611702e+02 1.34521874e+01
1.53668325e+02 1.34305543e+01
1.53724949e+02 1.33310470e+01
1.53781572e+02 1.31637686e+01
1.53866507e+02 1.28145347e+01
1.54008066e+02 1.20905195e+01
1.54121312e+02 1.15002849e+01
1.54206248e+02 1.11009420e+01
1.54291183e+02 1.07591552e+01
1.54376118e+02 1.04829401e+01
1.54461053e+02 1.02728721e+01
1.54544879e+02 1.01255850e+01
1.54626489e+02 1.00314543e+01
1.54735301e+02 9.96457271e+00
1.54911947e+02 9.94438784e+00
1.55088593e+02 9.98001201e+00
1.55265239e+02 1.00646121e+01
1.55441885e+02 1.02126376e+01
1.55795176e+02 1.06217418e+01
1.56015984e+02 1.09183957e+01
1.56148468e+02 1.11600411e+01
1.56249117e+02 1.14066096e+01
1.56349766e+02 1.17234532e+01
1.56450415e+02 1.21113475e+01
1.56702037e+02 1.32010226e+01
1.56777523e+02 1.34664562e+01
1.56853010e+02 1.36575605e+01
1.56928496e+02 1.37565193e+01
1.56953659e+02 1.37674177e+01
1.57022615e+02 1.37406913e+01
1.57091571e+02 1.36362697e+01
1.57160527e+02 1.34659860e+01
1.57229483e+02 1.32456915e+01
1.57574263e+02 1.19206381e+01
1.57712176e+02 1.14455611e+01
1.57850088e+02 1.10304557e+01
1.57988000e+02 1.06832807e+01
1.58098535e+02 1.04650001e+01
1.58223274e+02 1.02936696e+01
1.58348012e+02 1.02041207e+01
1.58447980e+02 1.01846440e+01
1.58623146e+02 1.02283232e+01
1.58973478e+02 1.04024362e+01
1.59207032e+02 1.04682852e+01
1.59323809e+02 1.04745814e+01
1.59590328e+02 1.04293897e+01
1.59856846e+02 1.03624166e+01
1.59967895e+02 1.03966014e+01
1.60034525e+02 1.04713434e+01
1.60104966e+02 1.06232633e+01
1.60151927e+02 1.07808304e+01
1.60198889e+02 1.09945811e+01
1.60245850e+02 1.12738485e+01
1.60292811e+02 1.16269575e+01
1.60339772e+02 1.20603716e+01
1.60386733e+02 1.25778087e+01
1.60432065e+02 1.31571404e+01
1.60475768e+02 1.37864707e+01
1.60541322e+02 1.48444053e+01
1.60628727e+02 1.64016728e+01
1.60716132e+02 1.79951962e+01
1.60776830e+02 1.90310473e+01
1.60827816e+02 1.98045599e+01
1.60878801e+02 2.04540502e+01
1.60929786e+02 2.09512148e+01
1.60980772e+02 2.12751619e+01
1.61031757e+02 2.14139678e+01
1.61047593e+02 2.14187906e+01
1.61095101e+02 2.13261369e+01
1.61142610e+02 2.10800325e+01
1.61190118e+02 2.06949756e+01
1.61221790e+02 2.03706074e+01
1.61285135e+02 1.95901873e+01
1.61348479e+02 1.86838954e+01
1.61506841e+02 1.62483259e+01
1.61574033e+02 1.52787460e+01
1.61645074e+02 1.43558830e+01
1.61698355e+02 1.37455453e+01
1.61751635e+02 1.32089399e+01
1.61804916e+02 1.27448802e+01
1.61858197e+02 1.23492241e+01
1.61893717e+02 1.21205090e+01
1.61964758e+02 1.17377923e+01
1.62035799e+02 1.14399976e+01
1.62106839e+02 1.12100488e+01
1.62195214e+02 1.09956936e+01
1.62283589e+02 1.08379043e+01
1.62460339e+02 1.06185186e+01
1.62696005e+02 1.03973634e+01
1.62872755e+02 1.02680601e+01
1.62968494e+02 1.02416546e+01
1.63049505e+02 1.02650256e+01
1.63121528e+02 1.03333840e+01
1.63193552e+02 1.04545741e+01
1.63265575e+02 1.06318749e+01
1.63337598e+02 1.08626580e+01
1.63433629e+02 1.12366070e+01
1.63625692e+02 1.20498435e+01
1.63721723e+02 1.23834119e+01
1.63793746e+02 1.25626842e+01
1.63862955e+02 1.26649582e+01
1.63925721e+02 1.26948311e+01
1.63978412e+02 1.26746410e+01
1.64048667e+02 1.25887718e+01
1.64154049e+02 1.23561256e+01
1.64259432e+02 1.20384805e+01
1.64540451e+02 1.10743519e+01
1.64680961e+02 1.06402121e+01
1.64786344e+02 1.03665940e+01
1.64891726e+02 1.01569554e+01
1.64961981e+02 1.00639544e+01
1.65047767e+02 1.00136191e+01
1.65063298e+02 1.00128395e+01
1.65143385e+02 1.00528957e+01
1.65216923e+02 1.01568727e+01
1.65290462e+02 1.03234958e+01
1.65388513e+02 1.06286292e+01
1.65633641e+02 1.15543492e+01
1.65731693e+02 1.18622190e+01
1.65805231e+02 1.20344893e+01
1.65878769e+02 1.21501740e+01
1.65971499e+02 1.22188664e+01
1.66013999e+02 1.22253026e+01
1.66098999e+02 1.22013029e+01
1.66268999e+02 1.20608878e+01
1.66523999e+02 1.17515033e+01
1.66693999e+02 1.14875465e+01
1.66864000e+02 1.11632052e+01
1.67204000e+02 1.04517680e+01
1.67320012e+02 1.02615923e+01
1.67413048e+02 1.01574953e+01
1.67506084e+02 1.01098597e+01
1.67537096e+02 1.01081468e+01
1.67617000e+02 1.01381940e+01
1.67696905e+02 1.02174887e+01
1.67803443e+02 1.03915204e+01
1.67963252e+02 1.07479323e+01
1.68123060e+02 1.11127677e+01
1.68229599e+02 1.13012442e+01
1.68336137e+02 1.14185105e+01
1.68430788e+02 1.14595741e+01
1.68472170e+02 1.14609336e+01
1.68637695e+02 1.13966045e+01
1.68885984e+02 1.12381126e+01
1.69051509e+02 1.11907383e+01
1.69606466e+02 1.13844274e+01
1.71232942e+02 1.03253693e+01
1.71377500e+02 1.02927396e+01
1.71951032e+02 1.05052506e+01
1.72089200e+02 1.04694275e+01
1.72227368e+02 1.03630115e+01
1.72319479e+02 1.02607240e+01
1.72687927e+02 9.75009277e+00
1.73240599e+02 8.99135906e+00
1.73424823e+02 8.78232156e+00
1.73554056e+02 8.68750110e+00
1.73650981e+02 8.66195166e+00
1.73752227e+02 8.68837063e+00
1.73855634e+02 8.77817691e+00
1.73959040e+02 8.93259117e+00
1.74062447e+02 9.14619062e+00
1.74165854e+02 9.40753981e+00
1.74510544e+02 1.03941113e+01
1.74613951e+02 1.06433140e+01
1.74717358e+02 1.08343066e+01
1.74817493e+02 1.09499514e+01
1.74911086e+02 1.09900267e+01
1.74998739e+02 1.09675718e+01
1.75086392e+02 1.08907180e+01
1.75217872e+02 1.06882587e+01
1.75349352e+02 1.04079412e+01
1.75699964e+02 9.52512997e+00
1.75831444e+02 9.22343728e+00
1.75962924e+02 8.97031583e+00
1.76094403e+02 8.77685850e+00
1.76225883e+02 8.64541311e+00
1.76368126e+02 8.56854730e+00
1.76450012e+02 8.55467688e+00
1.76565337e+02 8.58241164e+00
1.76632216e+02 8.63461690e+00
1.76699095e+02 8.72569909e+00
1.76765975e+02 8.86927625e+00
1.76816134e+02 9.02086825e+00
1.76866294e+02 9.21781144e+00
1.76916453e+02 9.46669150e+00
1.76966613e+02 9.77308002e+00
1.77016772e+02 1.01408361e+01
1.77066932e+02 1.05714195e+01
1.77112555e+02 1.10163947e+01
1.77180990e+02 1.17704186e+01
1.77249424e+02 1.26072070e+01
1.77386293e+02 1.43810319e+01
1.77471348e+02 1.54170159e+01
1.77530495e+02 1.60466832e+01
1.77589642e+02 1.65709236e+01
1.77648789e+02 1.69701499e+01
1.77707935e+02 1.72335692e+01
1.77766511e+02 1.73595261e+01
1.77795227e+02 1.73743934e+01
1.77843087e+02 1.73364355e+01
1.77900519e+02 1.72007458e+01
1.77977096e+02 1.69044496e+01
1.78206825e+02 1.57741856e+01
1.78283401e+02 1.54681828e+01
1.78359977e+02 1.52323304e+01
1.78452008e+02 1.50326882e+01
1.78747564e+02 1.45929444e+01
1.78905074e+02 1.42435694e+01
1.79220093e+02 1.34235276e+01
1.79377603e+02 1.30984459e+01
1.79535113e+02 1.28344146e+01
1.79692622e+02 1.26338173e+01
1.79810755e+02 1.25656961e+01
1.79830443e+02 1.25647778e+01
1.79922699e+02 1.26094100e+01
1.80006654e+02 1.27250371e+01
1.80090610e+02 1.29077215e+01
1.80342477e+02 1.36245297e+01
1.80426433e+02 1.38063526e+01
1.80510389e+02 1.39074746e+01
1.80552366e+02 1.39222356e+01
1.80637474e+02 1.38757198e+01
1.80722581e+02 1.37332829e+01
1.80779319e+02 1.35936385e+01
1.80892795e+02 1.32405535e+01
1.81119748e+02 1.24568666e+01
1.81233224e+02 1.21224905e+01
1.81346700e+02 1.18623996e+01
1.81460176e+02 1.16888356e+01
1.81551026e+02 1.16181696e+01
1.81596451e+02 1.16071005e+01
1.81695320e+02 1.16416509e+01
1.81748763e+02 1.16943987e+01
1.81855651e+02 1.18693845e+01
1.81962538e+02 1.21245760e+01
1.82229756e+02 1.28957754e+01
1.82336643e+02 1.31380987e+01
1.82416808e+02 1.32562457e+01
1.82516630e+02 1.33123917e+01
1.82614917e+02 1.32690433e+01
1.82732860e+02 1.31089730e+01
1.82811489e+02 1.29565088e+01
1.83126004e+02 1.22647574e+01
1.83283262e+02 1.19884900e+01
1.83440520e+02 1.17913675e+01
1.83597778e+02 1.16720766e+01
1.83784785e+02 1.16183157e+01
1.83834986e+02 1.16163937e+01
1.84112023e+02 1.16368082e+01
1.84282448e+02 1.16135360e+01
1.84436736e+02 1.15313731e+01
1.84642453e+02 1.13326760e+01
1.85053887e+02 1.08412397e+01
1.85259604e+02 1.06591910e+01
1.85465322e+02 1.05562067e+01
1.86177172e+02 1.04124546e+01
1.86477587e+02 1.03460204e+01
1.87112815e+02 1.03019457e+01
1.87422805e+02 1.02028960e+01
1.87732795e+02 1.00176167e+01
1.88042786e+02 9.74908252e+00
1.88352776e+02 9.44932035e+00
1.88507771e+02 9.34176356e+00
1.88578810e+02 9.32580676e+00
1.88662766e+02 9.35455267e+00
1.88730914e+02 9.42977737e+00
1.88799062e+02 9.56358780e+00
1.88867210e+02 9.76526979e+00
1.88935359e+02 1.00406422e+01
1.89003507e+02 1.03906212e+01
1.89071655e+02 1.08100856e+01
1.89139803e+02 1.12872419e+01
1.89357918e+02 1.29541876e+01
1.89447898e+02 1.35533067e+01
1.89507885e+02 1.38760375e+01
1.89567872e+02 1.41206804e+01
1.89627859e+02 1.42780129e+01
1.89694081e+02 1.43457782e+01
1.89700316e+02 1.43464611e+01
1.89762668e+02 1.43014956e+01
1.89837491e+02 1.41331343e+01
1.89912314e+02 1.38616123e+01
1.89987137e+02 1.35147505e+01
1.90286428e+02 1.19089640e+01
1.90386192e+02 1.14350833e+01
1.90485956e+02 1.10226079e+01
1.90603914e+02 1.06103216e+01
1.90721872e+02 1.02650657e+01
1.90898809e+02 9.83607196e+00
1.91075746e+02 9.48875032e+00
1.91193703e+02 9.31689078e+00
1.91282172e+02 9.24266031e+00
1.91326406e+02 9.23153313e+00
1.91400130e+02 9.26517323e+00
1.91457075e+02 9.34745819e+00
1.91511988e+02 9.48434725e+00
1.91566900e+02 9.68768831e+00
1.91608084e+02 9.88940299e+00
1.91649269e+02 1.01371090e+01
1.91690453e+02 1.04334936e+01
1.91731637e+02 1.07803009e+01
1.91759094e+02 1.10398531e+01
1.91814006e+02 1.16260572e+01
1.91868918e+02 1.22969976e+01
1.91934444e+02 1.31937028e+01
1.91999969e+02 1.41683183e+01
1.92152861e+02 1.65181358e+01
1.92218386e+02 1.74408626e+01
1.92271456e+02 1.81005886e+01
1.92324526e+02 1.86564734e+01
1.92377596e+02 1.90893122e+01
1.92430665e+02 1.93853422e+01
1.92483735e+02 1.95370733e+01
1.92510423e+02 1.95583127e+01
1.92555415e+02 1.95123938e+01
1.92609404e+02 1.93285548e+01
1.92663393e+02 1.90176139e+01
1.92717383e+02 1.85980421e+01
1.92789369e+02 1.79071057e+01
1.92897347e+02 1.66995687e+01
1.93041319e+02 1.50309112e+01
1.93116922e+02 1.42202897e+01
1.93196142e+02 1.34576651e+01
1.93255557e+02 1.29528525e+01
1.93314972e+02 1.25081126e+01
1.93374387e+02 1.21229800e+01
1.93433802e+02 1.17954207e+01
1.93473411e+02 1.16076350e+01
1.93552631e+02 1.13012361e+01
1.93631851e+02 1.10806202e+01
1.93711071e+02 1.09377858e+01
1.93791158e+02 1.08632810e+01
1.93865789e+02 1.08474459e+01
1.93961658e+02 1.08859988e+01
1.94105461e+02 1.10217639e+01
1.94393068e+02 1.13513784e+01
1.94536872e+02 1.14541434e+01
1.94633029e+02 1.14763660e+01
1.94777698e+02 1.14338019e+01
1.94922367e+02 1.13151674e+01
1.95163481e+02 1.10169688e+01
1.95742155e+02 1.01812102e+01
1.95935047e+02 9.94623183e+00
1.96243520e+02 9.64972692e+00
1.96590266e+02 9.38487468e+00
1.96821430e+02 9.25262656e+00
1.97052594e+02 9.18462949e+00
1.97774147e+02 9.10957793e+00
1.97917182e+02 9.12148795e+00
1.98048351e+02 9.17639012e+00
1.98179519e+02 9.28954350e+00
1.98310687e+02 9.46508567e+00
1.98507440e+02 9.81233039e+00
1.98704192e+02 1.01586780e+01
1.98835361e+02 1.03225664e+01
1.98933737e+02 1.03905542e+01
1.99025036e+02 1.04109191e+01
1.99259067e+02 1.03748155e+01
1.99346828e+02 1.04033447e+01
1.99405336e+02 1.04650825e+01
1.99458969e+02 1.05647677e+01
1.99507728e+02 1.06999173e+01
1.99556488e+02 1.08848098e+01
1.99605247e+02 1.11256077e+01
1.99654006e+02 1.14270734e+01
1.99702765e+02 1.17920902e+01
1.99751524e+02 1.22212277e+01
1.99800284e+02 1.27123810e+01
1.99850555e+02 1.32783562e+01
1.99928228e+02 1.42503384e+01
2.00083576e+02 1.63566295e+01
2.00161250e+02 1.73571922e+01
2.00213032e+02 1.79559925e+01
2.00267446e+02 1.85013766e+01
2.00324490e+02 1.89604600e+01
2.00381534e+02 1.92880306e+01
2.00438579e+02 1.94742620e+01
2.00488734e+02 1.95189619e+01
2.00532000e+02 1.94699946e+01
2.00596900e+02 1.92542612e+01
2.00661799e+02 1.88875207e+01
2.00726698e+02 1.83981240e+01
2.00813231e+02 1.76107408e+01
2.01029562e+02 1.54329571e+01
2.01116095e+02 1.46378471e+01
2.01187383e+02 1.40594217e+01
2.01271448e+02 1.34828444e+01
2.01327492e+02 1.31658906e+01
2.01383536e+02 1.29031969e+01
2.01467601e+02 1.26071527e+01
2.01551666e+02 1.24186155e+01
2.01639199e+02 1.23187138e+01
2.01733666e+02 1.22940969e+01
2.02017069e+02 1.23987287e+01
2.02048558e+02 1.24009175e+01
2.02146120e+02 1.23716413e+01
2.02249870e+02 1.22718274e+01
2.02353621e+02 1.21021700e+01
2.02457372e+02 1.18768400e+01
2.02734040e+02 1.11797323e+01
2.02872375e+02 1.08793813e+01
2.02976125e+02 1.07082829e+01
2.03079876e+02 1.05953802e+01
2.03183627e+02 1.05472200e+01
2.03218210e+02 1.05461331e+01
2.03334391e+02 1.05968577e+01
2.03450571e+02 1.07252014e+01
2.03566751e+02 1.09146624e+01
2.03857202e+02 1.14676215e+01
2.03973382e+02 1.16328884e+01
2.04089562e+02 1.17258583e+01
2.04147652e+02 1.17413913e+01
2.04265857e+02 1.17095943e+01
2.04384061e+02 1.16027818e+01
2.04462864e+02 1.14993421e+01
2.04778077e+02 1.09693347e+01
2.05014486e+02 1.05960796e+01
2.05172092e+02 1.04108853e+01
2.05329699e+02 1.02913465e+01
2.05408502e+02 1.02548649e+01
2.05849650e+02 1.01372477e+01
2.06006950e+02 1.00333831e+01
2.06242901e+02 9.82247044e+00
2.06360876e+02 9.75394084e+00
2.06400201e+02 9.74598436e+00
2.06505857e+02 9.77553898e+00
2.06586876e+02 9.85641403e+00
2.06667894e+02 9.99052502e+00
2.06748912e+02 1.01737514e+01
2.06856936e+02 1.04758327e+01
2.07072984e+02 1.11236030e+01
2.07181009e+02 1.13774857e+01
2.07262027e+02 1.15066133e+01
2.07354271e+02 1.15784854e+01
2.07385492e+02 1.15841995e+01
2.07485471e+02 1.15422997e+01
2.07605446e+02 1.13875331e+01
2.07685429e+02 1.12368428e+01
2.07845395e+02 1.08695157e+01
2.08165327e+02 1.00947597e+01
2.08285302e+02 9.84748306e+00
2.08405277e+02 9.65734749e+00
2.08485260e+02 9.58193361e+00
2.08545247e+02 9.56450619e+00
2.08605234e+02 9.59092219e+00
2.08645226e+02 9.63813346e+00
2.08704189e+02 9.75914578e+00
2.08763151e+02 9.95136729e+00
2.08807374e+02 1.01487241e+01
2.08851596e+02 1.03961557e+01
2.08895818e+02 1.06968926e+01
2.08940040e+02 1.10531023e+01
2.08984262e+02 1.14655942e+01
2.09028485e+02 1.19335364e+01
2.09087447e+02 1.26387478e+01
2.09138372e+02 1.33139667e+01
2.09202700e+02 1.42351230e+01
2.09374242e+02 1.68058340e+01
2.09438570e+02 1.76885280e+01
2.09491670e+02 1.83316967e+01
2.09539156e+02 1.88205612e+01
2.09586642e+02 1.92129257e+01
2.09634128e+02 1.94975568e+01
2.09681614e+02 1.96669265e+01
2.09726488e+02 1.97178932e+01
2.09766138e+02 1.96750434e+01
2.09819004e+02 1.94943359e+01
2.09871870e+02 1.91828505e+01
2.09924736e+02 1.87566336e+01
2.09995225e+02 1.80445891e+01
2.10065713e+02 1.72173890e+01
2.10241934e+02 1.49971830e+01
2.10312311e+02 1.41690897e+01
2.10382578e+02 1.34239965e+01
2.10435278e+02 1.29296781e+01
2.10487978e+02 1.24951258e+01
2.10540678e+02 1.21215111e+01
2.10593378e+02 1.18079071e+01
2.10646078e+02 1.15518128e+01
2.10698779e+02 1.13496475e+01
2.10769045e+02 1.11565950e+01
2.10839312e+02 1.10409434e+01
2.10920651e+02 1.09890934e+01
2.10935274e+02 1.09878691e+01
2.11014240e+02 1.10171288e+01
2.11107829e+02 1.11143660e+01
2.11341801e+02 1.14879736e+01
2.11482184e+02 1.16726496e+01
2.11575773e+02 1.17345560e+01
2.11622568e+02 1.17422537e+01
2.11738538e+02 1.16906773e+01
2.11854509e+02 1.15453620e+01
2.11931822e+02 1.14066187e+01
2.12086449e+02 1.10668236e+01
2.12318390e+02 1.05203453e+01
2.12473017e+02 1.01984544e+01
2.12588988e+02 1.00039271e+01
2.12704958e+02 9.86934782e+00
2.12801600e+02 9.82073562e+00
2.12820928e+02 9.81956877e+00
2.12902241e+02 9.85122907e+00
2.12977022e+02 9.93881665e+00
2.13051802e+02 1.00887988e+01
2.13126583e+02 1.03042242e+01
2.13201363e+02 1.05837406e+01
2.13276144e+02 1.09206915e+01
2.13400778e+02 1.15743564e+01
2.13550339e+02 1.24001720e+01
2.13650047e+02 1.28926403e+01
2.13729175e+02 1.32117485e+01
2.13816999e+02 1.34680539e+01
2.13904823e+02 1.36090377e+01
2.13973886e+02 1.36381575e+01
2.14053464e+02 1.35890611e+01
2.14133042e+02 1.34640831e+01
2.14252409e+02 1.31717234e+01
2.14570721e+02 1.21811751e+01
2.14729876e+02 1.17454795e+01
2.14889032e+02 1.13960793e+01
2.15048188e+02 1.11246018e+01
2.15207344e+02 1.09091765e+01
2.16160725e+02 9.84511973e+00
2.16334067e+02 9.68791776e+00
2.16464073e+02 9.61596847e+00
2.16561578e+02 9.59827457e+00
2.16594079e+02 9.60024716e+00
2.17474852e+02 1.03466156e+01
2.17626072e+02 1.03087424e+01
2.17777292e+02 1.01946283e+01
2.17878105e+02 1.00905805e+01
2.18886236e+02 8.86479184e+00
2.19087862e+02 8.59895147e+00
2.19515825e+02 8.00277598e+00
2.19610927e+02 7.89910460e+00
2.19706030e+02 7.82956205e+00
2.19789245e+02 7.80832556e+00
2.19875855e+02 7.83625241e+00
2.19957368e+02 7.91693204e+00
2.20038880e+02 8.05497613e+00
2.20120393e+02 8.25106554e+00
2.20201905e+02 8.50142516e+00
2.20283418e+02 8.79764839e+00
2.20446443e+02 9.47394373e+00
2.20609468e+02 1.01492532e+01
2.20718151e+02 1.05329404e+01
2.20796618e+02 1.07571352e+01
2.20875085e+02 1.09307072e+01
2.20953552e+02 1.10532108e+01
2.21032018e+02 1.11286706e+01
2.21158420e+02 1.11715545e+01
2.21537626e+02 1.10920036e+01
2.21890381e+02 1.10331034e+01
2.22699401e+02 1.01874139e+01
2.22778264e+02 1.02135177e+01
2.22896557e+02 1.03274302e+01
2.23212006e+02 1.07973843e+01
2.23330299e+02 1.08975688e+01
2.23401759e+02 1.09163501e+01
2.23494466e+02 1.08978684e+01
2.23695332e+02 1.08031344e+01
2.23718509e+02 1.08008731e+01
2.23803490e+02 1.08372639e+01
2.23865295e+02 1.09246500e+01
2.23925407e+02 1.10743995e+01
2.23985519e+02 1.12993370e+01
2.24045631e+02 1.16076029e+01
2.24105743e+02 1.20033435e+01
2.24165855e+02 1.24860030e+01
2.24225967e+02 1.30499123e+01
2.24286079e+02 1.36842547e+01
2.24383729e+02 1.48229912e+01
2.24533881e+02 1.66462728e+01
2.24608957e+02 1.74900457e+01
2.24684033e+02 1.82286724e+01
2.24740340e+02 1.86912105e+01
2.24796647e+02 1.90619918e+01
2.24852954e+02 1.93329600e+01
2.24909261e+02 1.94999467e+01
2.24970673e+02 1.95632292e+01
2.25042295e+02 1.94865028e+01
2.25113917e+02 1.92618178e+01
2.25185540e+02 1.89103235e+01
2.25281036e+02 1.82898369e+01
2.25424280e+02 1.71774254e+01
2.25567525e+02 1.60652524e+01
2.25639147e+02 1.55803837e+01
2.25710769e+02 1.51741702e+01
2.25789856e+02 1.48369394e+01
2.25868943e+02 1.46287836e+01
2.25942619e+02 1.45524489e+01
2.25963571e+02 1.45505436e+01
2.26005473e+02 1.45711366e+01
2.26089278e+02 1.46979980e+01
2.26214985e+02 1.50358007e+01
2.26382595e+02 1.55413393e+01
2.26466400e+02 1.57274541e+01
2.26550205e+02 1.58297248e+01
2.26592107e+02 1.58443139e+01
2.26681043e+02 1.57911335e+01
2.26769978e+02 1.56292797e+01
2.26858914e+02 1.53756728e+01
2.26947850e+02 1.50542621e+01
2.27303592e+02 1.35620787e+01
2.27481464e+02 1.28941180e+01
2.27659335e+02 1.23158230e+01
2.27837206e+02 1.18073824e+01
2.28015078e+02 1.13542994e+01
2.28175448e+02 1.09987143e+01
2.28335819e+02 1.07143118e+01
2.28456097e+02 1.05641055e+01
2.28576376e+02 1.04775669e+01
2.28679979e+02 1.04542290e+01
2.28843908e+02 1.04963430e+01
2.29218602e+02 1.07132076e+01
2.29312275e+02 1.07352953e+01
2.29446800e+02 1.07052817e+01
2.29569355e+02 1.06054445e+01
2.29814464e+02 1.02998738e+01
2.29916593e+02 1.02278128e+01
2.29937018e+02 1.02249414e+01
2.29998296e+02 1.02482722e+01
2.30059573e+02 1.03299296e+01
2.30109133e+02 1.04474180e+01
2.30158693e+02 1.06174703e+01
2.30208253e+02 1.08450819e+01
2.30257813e+02 1.11338392e+01
2.30307373e+02 1.14855751e+01
2.30356933e+02 1.19000622e+01
2.30406493e+02 1.23747904e+01
2.30456053e+02 1.29048332e+01
2.30536313e+02 1.38608432e+01
2.30723588e+02 1.63119990e+01
2.30803848e+02 1.73145828e+01
2.30884108e+02 1.82017054e+01
2.30949482e+02 1.88045086e+01
2.31014855e+02 1.92788859e+01
2.31080228e+02 1.96138865e+01
2.31145601e+02 1.98068957e+01
2.31215396e+02 1.98621524e+01
2.31285191e+02 1.97757268e+01
2.31354985e+02 1.95676423e+01
2.31424780e+02 1.92609028e+01
2.31529472e+02 1.86664914e+01
2.31703958e+02 1.74823838e+01
2.31913342e+02 1.60052291e+01
2.32052931e+02 1.51004628e+01
2.32157623e+02 1.45095064e+01
2.32262314e+02 1.40246663e+01
2.32329609e+02 1.37809258e+01
2.32396905e+02 1.35964043e+01
2.32464200e+02 1.34737695e+01
2.32553795e+02 1.34058417e+01
2.32576096e+02 1.34050516e+01
2.32665297e+02 1.34590200e+01
2.32754499e+02 1.35876595e+01
2.33066706e+02 1.42158438e+01
2.33200508e+02 1.43839676e+01
2.33300344e+02 1.44381270e+01
2.33355579e+02 1.44455349e+01
2.33771247e+02 1.43621479e+01
2.34027984e+02 1.43825439e+01
2.34194516e+02 1.43403324e+01
2.34304976e+02 1.42481330e+01
2.34415435e+02 1.40955362e+01
2.34581125e+02 1.37696229e+01
2.34967733e+02 1.28726650e+01
2.35078192e+02 1.26514944e+01
2.35299111e+02 1.22834740e+01
2.35740949e+02 1.16974466e+01
2.35961868e+02 1.14378252e+01
2.36166332e+02 1.12572042e+01
2.36319680e+02 1.11854934e+01
2.36370796e+02 1.11749415e+01
2.36963051e+02 1.12206819e+01
2.37099842e+02 1.11599203e+01
2.37236633e+02 1.10461905e+01
2.37715401e+02 1.04881613e+01
2.37920587e+02 1.03230222e+01
2.38057378e+02 1.02556505e+01
2.38330960e+02 1.01869158e+01
2.39175886e+02 1.00949869e+01
2.39705576e+02 1.00617994e+01
2.40201304e+02 9.93903845e+00
2.40224911e+02 9.93868982e+00
2.40319335e+02 9.95713125e+00
2.40416139e+02 1.00213454e+01
2.40515323e+02 1.01519768e+01
2.40589711e+02 1.03018717e+01
2.40664099e+02 1.05004074e+01
2.40763284e+02 1.08406758e+01
2.40862468e+02 1.12571732e+01
2.41160020e+02 1.26855396e+01
2.41255261e+02 1.30803551e+01
2.41350503e+02 1.33906768e+01
2.41421934e+02 1.35559364e+01
2.41493365e+02 1.36591086e+01
2.41567010e+02 1.37011881e+01
2.41593034e+02 1.37012439e+01
2.41697131e+02 1.36328320e+01
2.41801227e+02 1.34758890e+01
2.41957372e+02 1.31438571e+01
2.42217613e+02 1.25626151e+01
2.42373757e+02 1.22891089e+01
2.42529902e+02 1.20903035e+01
2.42686047e+02 1.19527468e+01
2.43311930e+02 1.15758221e+01
2.43628133e+02 1.13020193e+01
2.44576741e+02 1.03356751e+01
2.44787543e+02 1.01723369e+01
2.44964970e+02 1.01035622e+01
2.45036996e+02 1.00991757e+01
2.45191322e+02 1.01362354e+01
2.45345647e+02 1.02249127e+01
2.45731461e+02 1.05076673e+01
2.45962950e+02 1.06180304e+01
2.46194438e+02 1.06575962e+01
2.46363078e+02 1.06380437e+01
2.46637509e+02 1.05233795e+01
2.46831898e+02 1.04512618e+01
2.46854768e+02 1.04501196e+01
2.46957679e+02 1.04813373e+01
2.47049794e+02 1.05771078e+01
2.47119360e+02 1.07038362e+01
2.47188925e+02 1.08837947e+01
2.47258490e+02 1.11193644e+01
2.47328055e+02 1.14088408e+01
2.47420808e+02 1.18670675e+01
2.47652691e+02 1.31695473e+01
2.47745445e+02 1.36366328e+01
2.47811714e+02 1.39124305e+01
2.47877983e+02 1.41255881e+01
2.47944253e+02 1.42681908e+01
2.48010522e+02 1.43375289e+01
2.48052072e+02 1.43446422e+01
2.48135172e+02 1.42830887e+01
2.48218271e+02 1.41399945e+01
2.48426021e+02 1.36290747e+01
2.48550670e+02 1.33715898e+01
2.48633770e+02 1.32654903e+01
2.48746072e+02 1.32175496e+01
2.48816824e+02 1.32374550e+01
2.49135207e+02 1.34912617e+01
2.49214802e+02 1.35121594e+01
2.49291481e+02 1.34927711e+01
2.49391773e+02 1.34033711e+01
2.49492066e+02 1.32447957e+01
2.49642505e+02 1.29059583e+01
2.50043675e+02 1.18151347e+01
2.50244260e+02 1.13376330e+01
2.50444845e+02 1.09383010e+01
2.50645430e+02 1.06104328e+01
2.50846015e+02 1.03543611e+01
2.50994447e+02 1.02169774e+01
2.51142879e+02 1.01269252e+01
2.51241834e+02 1.00911935e+01
2.51749300e+02 1.00199158e+01
2.52015584e+02 9.90188083e+00
2.52281868e+02 9.75808636e+00
2.52415010e+02 9.73126733e+00
2.52558593e+02 9.76945326e+00
2.52657795e+02 9.84386617e+00
2.52806599e+02 1.00284512e+01
2.52955402e+02 1.02867445e+01
2.53153807e+02 1.07052252e+01
2.53451414e+02 1.13772484e+01
2.53649818e+02 1.17733895e+01
2.53798622e+02 1.19980356e+01
2.53947425e+02 1.21313873e+01
2.54046627e+02 1.21605789e+01
2.54173065e+02 1.21253901e+01
2.54299502e+02 1.20133583e+01
2.54383794e+02 1.19013878e+01
2.54552377e+02 1.16092972e+01
2.54973835e+02 1.07447416e+01
2.55100273e+02 1.05341296e+01
2.55226710e+02 1.03883270e+01
2.55332075e+02 1.03329185e+01
2.55353148e+02 1.03300835e+01
2.55457010e+02 1.03590706e+01
2.55549584e+02 1.04458056e+01
2.55642158e+02 1.05864831e+01
2.55765590e+02 1.08421198e+01
2.56074170e+02 1.15862264e+01
2.56197603e+02 1.18116741e+01
2.56290177e+02 1.19213484e+01
2.56407362e+02 1.19767455e+01
2.56424809e+02 1.19769808e+01
2.56529491e+02 1.19377120e+01
2.56669066e+02 1.17932703e+01
2.56878429e+02 1.14570433e+01
2.57087792e+02 1.10860060e+01
2.57297154e+02 1.07541514e+01
2.57506517e+02 1.04760169e+01
2.57925243e+02 1.00035278e+01
2.58343969e+02 9.55845261e+00
2.58623119e+02 9.24319490e+00
2.59233201e+02 8.44850827e+00
2.59368775e+02 8.30516562e+00
2.59504349e+02 8.19818932e+00
2.59639923e+02 8.12908406e+00
2.59819861e+02 8.08342818e+00
2.59932012e+02 8.07248685e+00
2.60124121e+02 8.08693006e+00
2.60220175e+02 8.12853899e+00
2.60316230e+02 8.21953959e+00
2.60380520e+02 8.32347171e+00
2.60444811e+02 8.47543038e+00
2.60509102e+02 8.68874823e+00
2.60557320e+02 8.89761811e+00
2.60605539e+02 9.15529833e+00
2.60653757e+02 9.46794163e+00
2.60701975e+02 9.84140164e+00
2.60750193e+02 1.02809761e+01
2.60798411e+02 1.07911236e+01
2.60850505e+02 1.14253908e+01
2.60890401e+02 1.19709780e+01
2.60930297e+02 1.25686495e+01
2.60990141e+02 1.35607495e+01
2.61049985e+02 1.46608487e+01
2.61109830e+02 1.58562215e+01
2.61190093e+02 1.75757882e+01
2.61351562e+02 2.11911246e+01
2.61432296e+02 2.29130298e+01
2.61494273e+02 2.41200005e+01
2.61559102e+02 2.52294693e+01
2.61623931e+02 2.61442806e+01
2.61688760e+02 2.68338202e+01
2.61731980e+02 2.71578869e+01
2.61775199e+02 2.73694515e+01
2.61828854e+02 2.74746910e+01
2.61839290e+02 2.74751270e+01
2.61901904e+02 2.73452344e+01
2.61964518e+02 2.70014578e+01
2.62027132e+02 2.64683912e+01
2.62068875e+02 2.60228298e+01
2.62152360e+02 2.49609519e+01
2.62235846e+02 2.37420702e+01
2.62444560e+02 2.05187007e+01
2.62534788e+02 1.92240684e+01
2.62607516e+02 1.82709888e+01
2.62680244e+02 1.74098794e+01
2.62752972e+02 1.66431608e+01
2.62825700e+02 1.59676538e+01
2.62898428e+02 1.53764453e+01
2.62971156e+02 1.48605522e+01
2.63068127e+02 1.42730509e+01
2.63165098e+02 1.37799218e+01
2.63262068e+02 1.33616438e+01
2.63365105e+02 1.29813763e+01
2.63519660e+02 1.25039229e+01
2.63674214e+02 1.21081634e+01
2.63828769e+02 1.17744698e+01
2.63983324e+02 1.14956770e+01
2.64137879e+02 1.12724439e+01
2.64292433e+02 1.11054282e+01
2.64498506e+02 1.09546023e+01
2.64807616e+02 1.07669455e+01
2.65006115e+02 1.05880429e+01
2.65387966e+02 1.01381754e+01
2.65531160e+02 1.00213520e+01
2.65650488e+02 9.98872762e+00
2.65738453e+02 1.00134249e+01
2.65834601e+02 1.00930221e+01
2.65930748e+02 1.02279621e+01
2.66058945e+02 1.04849762e+01
2.66187143e+02 1.08055562e+01
2.66443537e+02 1.14728708e+01
2.66571734e+02 1.17283596e+01
2.66667882e+02 1.18552267e+01
2.66771062e+02 1.19197844e+01
2.66803720e+02 1.19244886e+01
2.66901694e+02 1.18955995e+01
2.67032325e+02 1.17707351e+01
2.67228272e+02 1.14683018e+01
2.67489535e+02 1.10438550e+01
2.67620166e+02 1.08839667e+01
2.67750797e+02 1.07736445e+01
2.67816113e+02 1.07361078e+01
2.68416657e+02 1.05789005e+01
2.68586220e+02 1.04725141e+01
2.68925346e+02 1.01667280e+01
2.69094908e+02 1.00466287e+01
2.69236211e+02 1.00102631e+01
2.69349754e+02 1.00396083e+01
2.69477677e+02 1.01438971e+01
2.69605600e+02 1.03228636e+01
2.69733524e+02 1.05647494e+01
2.70117295e+02 1.14219387e+01
2.70245218e+02 1.16590568e+01
2.70373141e+02 1.18388230e+01
2.70501065e+02 1.19550615e+01
2.70645970e+02 1.20104616e+01
2.70662952e+02 1.20117873e+01
2.70795329e+02 1.19854975e+01
2.70927706e+02 1.18939801e+01
2.71060083e+02 1.17378232e+01
2.71258649e+02 1.14062232e+01
2.71391027e+02 1.11693104e+01
2.71490310e+02 1.10287378e+01
2.71556498e+02 1.09742798e+01
2.71589592e+02 1.09638649e+01
2.71655781e+02 1.09856300e+01
2.71721970e+02 1.10762465e+01
2.71783443e+02 1.12341910e+01
2.71844916e+02 1.14732439e+01
2.71906389e+02 1.18010657e+01
2.71967862e+02 1.22223809e+01
2.72029335e+02 1.27382232e+01
2.72090808e+02 1.33453291e+01
2.72152282e+02 1.40357563e+01
2.72213755e+02 1.47967927e+01
2.72327732e+02 1.63331907e+01
2.72470203e+02 1.82891959e+01
2.72555686e+02 1.93584270e+01
2.72612674e+02 1.99864422e+01
2.72669663e+02 2.05269906e+01
2.72721929e+02 2.09345210e+01
2.72774196e+02 2.12500689e+01
2.72826463e+02 2.14693832e+01
2.72893229e+02 2.16080742e+01
2.72922229e+02 2.16198185e+01
2.72994726e+02 2.15277135e+01
2.73052724e+02 2.13395146e+01
2.73139722e+02 2.08966434e+01
2.73226719e+02 2.03060847e+01
2.73342715e+02 1.93787721e+01
2.73574708e+02 1.74317072e+01
2.73690705e+02 1.65471581e+01
2.73806701e+02 1.57615154e+01
2.73926300e+02 1.50572873e+01
2.74045899e+02 1.44510203e+01
2.74165498e+02 1.39295856e+01
2.74285096e+02 1.34811123e+01
2.74404695e+02 1.30963821e+01
2.74584093e+02 1.26225018e+01
2.74763491e+02 1.22483954e+01
2.75002689e+02 1.18437507e+01
2.75540883e+02 1.09838373e+01
2.75660482e+02 1.08320987e+01
2.75768349e+02 1.07574182e+01
2.75816418e+02 1.07527302e+01
2.75888521e+02 1.07888073e+01
2.75946992e+02 1.08629718e+01
2.76015864e+02 1.10101265e+01
2.76084737e+02 1.12291504e+01
2.76153610e+02 1.15251140e+01
2.76222482e+02 1.18996088e+01
2.76291355e+02 1.23499823e+01
2.76360228e+02 1.28688304e+01
2.76463537e+02 1.37472984e+01
2.76654950e+02 1.54894866e+01
2.76731516e+02 1.61366276e+01
2.76808081e+02 1.67059763e+01
2.76884646e+02 1.71695111e+01
2.76961212e+02 1.75061695e+01
2.77018636e+02 1.76676369e+01
2.77090263e+02 1.77567845e+01
2.77104466e+02 1.77598365e+01
2.77161278e+02 1.77254893e+01
2.77246496e+02 1.75444872e+01
2.77331715e+02 1.72318350e+01
2.77416933e+02 1.68199512e+01
2.77530558e+02 1.61761419e+01
2.77757807e+02 1.48320853e+01
2.77871431e+02 1.42300594e+01
2.77985055e+02 1.37051797e+01
2.78117798e+02 1.31917426e+01
2.78250540e+02 1.27742063e+01
2.78383282e+02 1.24365601e+01
2.78516024e+02 1.21661866e+01
2.78648766e+02 1.19564419e+01
2.78781508e+02 1.18060781e+01
2.78914250e+02 1.17176238e+01
2.79046992e+02 1.16957999e+01
2.79165300e+02 1.17367938e+01
2.79283607e+02 1.18375166e+01
2.79362479e+02 1.19378841e+01
2.79520222e+02 1.22123298e+01
2.79677965e+02 1.25636853e+01
2.79993451e+02 1.33208960e+01
2.80151194e+02 1.36227959e+01
2.80269501e+02 1.37814908e+01
2.80382577e+02 1.38711404e+01
2.80500125e+02 1.39011699e+01
2.80653417e+02 1.38572052e+01
2.80850617e+02 1.37059118e+01
2.81245016e+02 1.33232757e+01
2.81507949e+02 1.31357641e+01
2.82033816e+02 1.28530120e+01
2.82428215e+02 1.25437692e+01
2.83098163e+02 1.19391701e+01
2.83502023e+02 1.16369816e+01
2.84444365e+02 1.10418725e+01
2.84834108e+02 1.08357831e+01
2.85075115e+02 1.07624381e+01
2.85195618e+02 1.07472221e+01
2.85777984e+02 1.07776702e+01
2.85972106e+02 1.07599660e+01
2.86232140e+02 1.06738601e+01
2.86752208e+02 1.04220881e+01
2.86963486e+02 1.03761918e+01
2.86979738e+02 1.03761197e+01
2.87108533e+02 1.03962351e+01
2.87301116e+02 1.04875994e+01
2.87589990e+02 1.06537925e+01
2.87734427e+02 1.06819304e+01
2.87892993e+02 1.06357232e+01
2.88003414e+02 1.05544223e+01
2.88224256e+02 1.03091863e+01
2.88389887e+02 1.01201578e+01
2.88500308e+02 1.00326272e+01
2.88610729e+02 1.00017709e+01
2.88700239e+02 1.00308458e+01
2.88803138e+02 1.01326185e+01
2.88906037e+02 1.03096133e+01
2.89008936e+02 1.05564450e+01
2.89146134e+02 1.09715847e+01
2.89489130e+02 1.21596623e+01
2.89626329e+02 1.25861665e+01
2.89763528e+02 1.29496504e+01
2.89930260e+02 1.33009132e+01
2.90096993e+02 1.35551756e+01
2.90263725e+02 1.37096826e+01
2.90388775e+02 1.37537280e+01
2.90430458e+02 1.37537983e+01
2.90559194e+02 1.37070687e+01
2.90687931e+02 1.35926216e+01
2.90881036e+02 1.33189394e+01
2.91331614e+02 1.25271282e+01
2.91524719e+02 1.22560711e+01
2.91717823e+02 1.20657144e+01
2.91910928e+02 1.19511010e+01
2.92490243e+02 1.17948400e+01
2.93841535e+02 1.12498772e+01
2.94111793e+02 1.10802892e+01
2.94720303e+02 1.05766401e+01
2.94924281e+02 1.04553744e+01
2.95128259e+02 1.03921781e+01
2.95196252e+02 1.03852992e+01
2.95416854e+02 1.04109893e+01
2.95637457e+02 1.05008513e+01
2.96152196e+02 1.07909760e+01
2.96372798e+02 1.08403406e+01
2.96554703e+02 1.08149414e+01
2.96857877e+02 1.06744030e+01
2.97100416e+02 1.05599888e+01
2.97221686e+02 1.05426865e+01
2.97342955e+02 1.05821136e+01
2.97421863e+02 1.06526281e+01
2.97500770e+02 1.07698840e+01
2.97579678e+02 1.09439504e+01
2.97658586e+02 1.11842305e+01
2.97737493e+02 1.14982012e+01
2.97816401e+02 1.18899774e+01
2.97895308e+02 1.23589067e+01
2.97974216e+02 1.28984184e+01
2.98065125e+02 1.35900528e+01
2.98292397e+02 1.54274556e+01
2.98383306e+02 1.60899180e+01
2.98474215e+02 1.66423167e+01
2.98542396e+02 1.69614058e+01
2.98610578e+02 1.71858718e+01
2.98678759e+02 1.73091160e+01
2.98730161e+02 1.73340254e+01
2.98816184e+02 1.72491405e+01
2.98902206e+02 1.70199488e+01
2.98988229e+02 1.66709204e+01
2.99102926e+02 1.60718322e+01
2.99389668e+02 1.43582317e+01
2.99504365e+02 1.37360469e+01
2.99619062e+02 1.31978740e+01
2.99736647e+02 1.27416922e+01
2.99854232e+02 1.23779335e+01
2.99971817e+02 1.20948429e+01
3.00089402e+02 1.18777497e+01
3.00265779e+02 1.16442076e+01
3.00442157e+02 1.14841915e+01
3.00794912e+02 1.12686585e+01
3.01500422e+02 1.09309683e+01
3.02044217e+02 1.07236164e+01
3.02261735e+02 1.06802979e+01
3.02370495e+02 1.06767691e+01
3.02616674e+02 1.07210032e+01
3.03109034e+02 1.09087864e+01
3.03278282e+02 1.09313371e+01
3.03355214e+02 1.09261529e+01
3.04496058e+02 1.04414095e+01
3.05770463e+02 1.11374979e+01
3.05964245e+02 1.11135872e+01
3.06287214e+02 1.09781899e+01
3.07062339e+02 1.05300477e+01
3.07320714e+02 1.04119397e+01
3.07579090e+02 1.03385903e+01
3.07708277e+02 1.03255492e+01
3.07919662e+02 1.03585186e+01
3.08084058e+02 1.04571562e+01
3.08207354e+02 1.05905970e+01
3.08330650e+02 1.07836646e+01
3.08453947e+02 1.10355132e+01
3.08864934e+02 1.20487368e+01
3.08988231e+02 1.22751220e+01
3.09111527e+02 1.24062549e+01
3.09185916e+02 1.24319439e+01
3.09288944e+02 1.23999372e+01
3.09391971e+02 1.22956168e+01
3.09546512e+02 1.20332313e+01
3.10010135e+02 1.10144160e+01
3.10164676e+02 1.07322836e+01
3.10319217e+02 1.05007611e+01
3.10525272e+02 1.02606596e+01
3.10731326e+02 1.00806464e+01
3.10996169e+02 9.91011296e+00
3.11805247e+02 9.52717246e+00
3.12007517e+02 9.48352429e+00
3.12128878e+02 9.50345260e+00
3.12259037e+02 9.58423751e+00
3.12356656e+02 9.69506204e+00
3.12454276e+02 9.85432064e+00
3.12519355e+02 9.98820337e+00
3.12649514e+02 1.03188365e+01
3.12779673e+02 1.07169966e+01
3.13039991e+02 1.15680715e+01
3.13170149e+02 1.19224473e+01
3.13265418e+02 1.21132038e+01
3.13360685e+02 1.22301862e+01
3.13449588e+02 1.22660104e+01
3.13525761e+02 1.22395341e+01
3.13627324e+02 1.21268863e+01
3.13695033e+02 1.20083103e+01
3.13830450e+02 1.16910345e+01
3.14168994e+02 1.07404370e+01
3.14270557e+02 1.05015244e+01
3.14372120e+02 1.03159393e+01
3.14473683e+02 1.01952323e+01
3.14583822e+02 1.01449127e+01
3.14672358e+02 1.01658643e+01
3.14760893e+02 1.02382925e+01
3.14893697e+02 1.04296544e+01
3.15026501e+02 1.06938235e+01
3.15380644e+02 1.14997552e+01
3.15557716e+02 1.18374067e+01
3.15690520e+02 1.20314296e+01
3.15823323e+02 1.21681225e+01
3.15956127e+02 1.22452944e+01
3.16057736e+02 1.22639771e+01
3.16191695e+02 1.22366656e+01
3.16325655e+02 1.21549984e+01
3.16526594e+02 1.19519794e+01
3.16995451e+02 1.13678867e+01
3.17196390e+02 1.11812990e+01
3.17397329e+02 1.10518767e+01
3.17799208e+02 1.08521711e+01
3.18067126e+02 1.06710216e+01
3.18615324e+02 1.02075610e+01
3.18822444e+02 1.00845836e+01
3.18977783e+02 1.00419258e+01
3.19029563e+02 1.00390126e+01
3.19981397e+02 1.04748168e+01
3.20135608e+02 1.04266512e+01
3.20289819e+02 1.03077311e+01
3.20495433e+02 1.00625045e+01
3.21112277e+02 9.13257169e+00
3.21317891e+02 8.85685146e+00
3.21472102e+02 8.68699489e+00
3.21626313e+02 8.56559773e+00
3.21773181e+02 8.51179096e+00
3.21802554e+02 8.50966610e+00
3.21907086e+02 8.52802965e+00
3.22044439e+02 8.61676979e+00
3.22181792e+02 8.77775990e+00
3.22319145e+02 9.00099143e+00
3.22502282e+02 9.36544050e+00
3.22776988e+02 9.97517777e+00
3.23051694e+02 1.06354719e+01
3.23234831e+02 1.11454326e+01
3.23388729e+02 1.16368279e+01
3.23762705e+02 1.29556561e+01
3.23887364e+02 1.33510025e+01
3.24012022e+02 1.36766171e+01
3.24136681e+02 1.39096958e+01
3.24261340e+02 1.40365948e+01
3.24323669e+02 1.40590049e+01
3.25382839e+02 1.27876384e+01
3.25440077e+02 1.27833901e+01
3.25611788e+02 1.28415342e+01
3.26069686e+02 1.32017721e+01
3.26530489e+02 1.34680000e+01
3.26697506e+02 1.36260530e+01
3.27087211e+02 1.41602639e+01
3.27198555e+02 1.42667588e+01
3.27309899e+02 1.43038615e+01
3.27403767e+02 1.42668753e+01
3.27518353e+02 1.41294063e+01
3.27632940e+02 1.38949872e+01
3.27747526e+02 1.35810401e+01
3.28129482e+02 1.23224864e+01
3.28282264e+02 1.18892999e+01
3.28396850e+02 1.16318008e+01
3.28511437e+02 1.14393365e+01
3.28628413e+02 1.13088841e+01
3.28750169e+02 1.12360394e+01
3.28908045e+02 1.12143843e+01
3.29302733e+02 1.12827710e+01
3.29381671e+02 1.12837491e+01
3.29593019e+02 1.12338948e+01
3.29804367e+02 1.11153705e+01
3.30227064e+02 1.08292937e+01
3.30790659e+02 1.05399843e+01
3.31002007e+02 1.03763294e+01
3.31213356e+02 1.01482350e+01
3.31495153e+02 9.79872233e+00
3.31636052e+02 9.66122145e+00
3.31735322e+02 9.60866228e+00
3.31768413e+02 9.60280312e+00
3.31867683e+02 9.62988089e+00
3.31941029e+02 9.70128965e+00
3.32021542e+02 9.83959920e+00
3.32102054e+02 1.00487057e+01
3.32182566e+02 1.03347938e+01
3.32263079e+02 1.07008874e+01
3.32343591e+02 1.11459173e+01
3.32424103e+02 1.16639559e+01
3.32504615e+02 1.22437713e+01
3.32677606e+02 1.36147130e+01
3.32810339e+02 1.46628541e+01
3.32898829e+02 1.52934543e+01
3.32987318e+02 1.58296543e+01
3.33053685e+02 1.61528625e+01
3.33120052e+02 1.63987745e+01
3.33186419e+02 1.65624208e+01
3.33268046e+02 1.66493704e+01
3.33283307e+02 1.66519389e+01
3.33374870e+02 1.65826871e+01
3.33466433e+02 1.63848805e+01
3.33557997e+02 1.60877270e+01
3.33680081e+02 1.55950470e+01
3.33924250e+02 1.45540688e+01
3.34046334e+02 1.41062789e+01
3.34168419e+02 1.37321780e+01
3.34343510e+02 1.33057551e+01
3.34913755e+02 1.21859811e+01
3.35255902e+02 1.14918097e+01
3.35484000e+02 1.10793301e+01
3.35655074e+02 1.08321490e+01
3.35826147e+02 1.06631951e+01
3.35968709e+02 1.05967071e+01
3.36025733e+02 1.05909019e+01
3.36054245e+02 1.05925387e+01
3.37040473e+02 1.14098119e+01
3.37054616e+02 1.14102310e+01
3.37196044e+02 1.13725551e+01
3.37365758e+02 1.12361643e+01
3.37478901e+02 1.11027674e+01
3.38044615e+02 1.02901618e+01
3.38384043e+02 9.87884244e+00
3.38610329e+02 9.65634203e+00
3.38780043e+02 9.54103222e+00
3.38895136e+02 9.51253537e+00
3.38977067e+02 9.53002651e+00
3.39065425e+02 9.59551126e+00
3.39148504e+02 9.71103396e+00
3.39231584e+02 9.88758743e+00
3.39314663e+02 1.01318430e+01
3.39397743e+02 1.04474976e+01
3.39480822e+02 1.08342677e+01
3.39563902e+02 1.12871283e+01
3.39646981e+02 1.17959409e+01
3.39827924e+02 1.30187362e+01
3.39967328e+02 1.39547155e+01
3.40060264e+02 1.45139274e+01
3.40153199e+02 1.49852021e+01
3.40222901e+02 1.52659992e+01
3.40292603e+02 1.54762752e+01
3.40362305e+02 1.56119206e+01
3.40450013e+02 1.56754525e+01
3.40540043e+02 1.56217532e+01
3.40612068e+02 1.55002362e+01
3.40720104e+02 1.52082366e+01
3.40828141e+02 1.48166894e+01
3.41008202e+02 1.40437209e+01
3.41224276e+02 1.30980267e+01
3.41368325e+02 1.25386395e+01
3.41512374e+02 1.20692392e+01
3.41621706e+02 1.17797461e+01
3.41733631e+02 1.15434163e+01
3.41845555e+02 1.13651137e+01
3.41957479e+02 1.12404426e+01
3.42106712e+02 1.11489113e+01
3.42181328e+02 1.11320421e+01
3.42336658e+02 1.11535496e+01
3.42491989e+02 1.12499167e+01
3.42647319e+02 1.14265776e+01
3.42763817e+02 1.16190753e+01
3.42880315e+02 1.18703171e+01
3.42996812e+02 1.21867609e+01
3.43113310e+02 1.25730803e+01
3.43229808e+02 1.30301354e+01
3.43346306e+02 1.35525485e+01
3.43517442e+02 1.44064893e+01
3.43751119e+02 1.55854118e+01
3.43844590e+02 1.59950221e+01
3.43938061e+02 1.63338065e+01
3.44031532e+02 1.65807623e+01
3.44125003e+02 1.67201254e+01
3.44187821e+02 1.67487416e+01
3.44268230e+02 1.67080405e+01
3.44364722e+02 1.65493175e+01
3.44461213e+02 1.62837123e+01
3.44557705e+02 1.59314318e+01
3.44686360e+02 1.53690636e+01
3.45007998e+02 1.38485259e+01
3.45136654e+02 1.33033711e+01
3.45268392e+02 1.28142770e+01
3.45403213e+02 1.23881936e+01
3.45538035e+02 1.20309294e+01
3.45672856e+02 1.17335634e+01
3.45807677e+02 1.14901085e+01
3.45942499e+02 1.13007806e+01
3.46077320e+02 1.11726922e+01
3.46212141e+02 1.11177733e+01
3.46233207e+02 1.11166390e+01
3.46351660e+02 1.11508816e+01
3.46459821e+02 1.12441461e+01
3.46567983e+02 1.13945317e+01
3.46712198e+02 1.16690252e+01
3.47072737e+02 1.24751808e+01
3.47216953e+02 1.27228347e+01
3.47361168e+02 1.28782847e+01
3.47478539e+02 1.29332136e+01
3.47523802e+02 1.29387594e+01
3.47704853e+02 1.28933932e+01
3.48519585e+02 1.23386629e+01
3.49424842e+02 1.16051289e+01
3.50058523e+02 1.11755250e+01
3.50330100e+02 1.10403138e+01
3.50528591e+02 1.09923548e+01
3.50594755e+02 1.09885770e+01
3.50838752e+02 1.10283425e+01
3.51082749e+02 1.11385101e+01
3.51570743e+02 1.14239529e+01
3.51814740e+02 1.15065174e+01
3.51896072e+02 1.15175012e+01
3.52511065e+02 1.15030064e+01
3.52740905e+02 1.15700267e+01
3.53200584e+02 1.17966173e+01
3.53372963e+02 1.18299796e+01
3.53516746e+02 1.18089506e+01
3.53689391e+02 1.17181781e+01
3.53862037e+02 1.15611219e+01
3.54121005e+02 1.12412900e+01
3.54379973e+02 1.09062775e+01
3.54552618e+02 1.07331053e+01
3.54682102e+02 1.06557525e+01
3.54779215e+02 1.06364973e+01
3.54898717e+02 1.06653671e+01
3.55029412e+02 1.07682068e+01
3.55160108e+02 1.09457356e+01
3.55290803e+02 1.11919206e+01
3.55421499e+02 1.14942998e+01
3.55857151e+02 1.26371526e+01
3.55987846e+02 1.29205941e+01
3.56118542e+02 1.31333991e+01
3.56205672e+02 1.32284469e+01
3.56340951e+02 1.32971863e+01
3.56379313e+02 1.32995612e+01
3.56494401e+02 1.32651439e+01
3.56647851e+02 1.31382362e+01
3.56878026e+02 1.28419351e+01
3.57261651e+02 1.23073451e+01
3.57568551e+02 1.19637187e+01
3.58182351e+02 1.14237946e+01
3.58642701e+02 1.10543281e+01
3.58919115e+02 1.08739339e+01
3.59165043e+02 1.07745035e+01
3.59288007e+02 1.07516075e+01
3.60396669e+02 1.08895324e+01
3.60868722e+02 1.09305865e+01
3.62129596e+02 1.16152869e+01
3.62186366e+02 1.16183456e+01
3.62356677e+02 1.15936808e+01
3.62583757e+02 1.14941999e+01
3.62924378e+02 1.12541822e+01
3.63492079e+02 1.07983706e+01
3.63719159e+02 1.06760320e+01
3.63889469e+02 1.06337558e+01
3.63946239e+02 1.06304507e+01
3.64134249e+02 1.06582948e+01
3.64322258e+02 1.07402600e+01
3.64572937e+02 1.09126495e+01
3.64948955e+02 1.12465932e+01
3.65450313e+02 1.17017058e+01
3.65700992e+02 1.18584881e+01
3.65889001e+02 1.19133539e+01
3.65951671e+02 1.19180271e+01
3.66165640e+02 1.18846526e+01
3.66379610e+02 1.17885927e+01
3.67948718e+02 1.07399855e+01
3.68234011e+02 1.05710840e+01
3.68789306e+02 1.03055080e+01
3.69066954e+02 1.02175797e+01
3.69171072e+02 1.02085933e+01
3.69275190e+02 1.02236969e+01
3.69418124e+02 1.02995328e+01
3.69528407e+02 1.04132582e+01
3.69638690e+02 1.05816726e+01
3.69748973e+02 1.08049670e+01
3.69859256e+02 1.10764026e+01
3.70226866e+02 1.21083249e+01
3.70337149e+02 1.23671118e+01
3.70447432e+02 1.25639104e+01
3.70520955e+02 1.26540752e+01
3.70629431e+02 1.27233172e+01
3.70669828e+02 1.27299278e+01
3.70791018e+02 1.26926044e+01
3.70952605e+02 1.25354773e+01
3.71437366e+02 1.18383259e+01
3.71598953e+02 1.16691419e+01
3.71760540e+02 1.15674222e+01
3.71922127e+02 1.15389518e+01
3.73120993e+02 1.22566113e+01
3.73185144e+02 1.22620354e+01
3.73377597e+02 1.22357104e+01
3.73634201e+02 1.21173108e+01
3.73890804e+02 1.19296050e+01
3.74660616e+02 1.12247302e+01
3.75173823e+02 1.08337613e+01
3.76456968e+02 9.97971162e+00
3.76841911e+02 9.75856599e+00
3.77034383e+02 9.69118752e+00
3.77226854e+02 9.67062315e+00
3.77438867e+02 9.69973804e+00
3.77862893e+02 9.81120157e+00
3.77968899e+02 9.82044171e+00
3.78133800e+02 9.79740230e+00
3.78310482e+02 9.71366108e+00
3.78722741e+02 9.39170764e+00
3.78840529e+02 9.33223855e+00
3.78899423e+02 9.31967506e+00
3.79017212e+02 9.34053128e+00
3.79112902e+02 9.41164717e+00
3.79208592e+02 9.53813364e+00
3.79304282e+02 9.72304669e+00
3.79399971e+02 9.96567628e+00
3.79495661e+02 1.02611501e+01
3.79591351e+02 1.06003626e+01
3.79910318e+02 1.18585395e+01
3.80037904e+02 1.23123079e+01
3.80133021e+02 1.25953841e+01
3.80228138e+02 1.28187541e+01
3.80323255e+02 1.29770684e+01
3.80418372e+02 1.30712396e+01
3.80540126e+02 1.31101888e+01
3.80743050e+02 1.30468014e+01
3.80945974e+02 1.29680283e+01
3.80986559e+02 1.29635810e+01
3.81114917e+02 1.29883030e+01
3.81256483e+02 1.30853896e+01
3.81539614e+02 1.33912535e+01
3.81681179e+02 1.35029021e+01
3.81775556e+02 1.35291382e+01
3.81892888e+02 1.34926341e+01
3.81963032e+02 1.34320560e+01
3.82103319e+02 1.32301344e+01
3.82243606e+02 1.29456146e+01
3.82524180e+02 1.23076723e+01
3.82664467e+02 1.20453508e+01
3.82804754e+02 1.18635665e+01
3.82945042e+02 1.17726014e+01
3.83046312e+02 1.17595414e+01
3.83147581e+02 1.17821380e+01
3.83552661e+02 1.20093795e+01
3.83755201e+02 1.20684044e+01
3.83913642e+02 1.20553401e+01
3.84072083e+02 1.19953162e+01
3.84388966e+02 1.17930680e+01
3.85181172e+02 1.12110472e+01
3.85498054e+02 1.09184420e+01
3.85814936e+02 1.05568543e+01
3.86131819e+02 1.01885979e+01
3.86290260e+02 1.00564191e+01
3.86419096e+02 1.00064735e+01
3.86451304e+02 1.00047041e+01
3.86547931e+02 1.00298852e+01
3.86646058e+02 1.01074970e+01
3.86744186e+02 1.02420773e+01
3.86842313e+02 1.04346008e+01
3.86940440e+02 1.06817819e+01
3.87071276e+02 1.10823490e+01
3.87463785e+02 1.24491073e+01
3.87594621e+02 1.28312406e+01
3.87729774e+02 1.31348590e+01
3.87864927e+02 1.33342793e+01
3.87955029e+02 1.34106870e+01
3.88091829e+02 1.34508689e+01
3.88228629e+02 1.34181652e+01
3.88433829e+02 1.32794099e+01
3.88775828e+02 1.29316175e+01
3.89049428e+02 1.25983251e+01
3.90007026e+02 1.12628894e+01
3.90449217e+02 1.07328004e+01
3.90830957e+02 1.03509257e+01
3.91060000e+02 1.01872629e+01
3.91231783e+02 1.01340066e+01
3.91250870e+02 1.01332695e+01
3.91365391e+02 1.01552107e+01
3.91472913e+02 1.02215757e+01
3.91580434e+02 1.03361225e+01
3.91723796e+02 1.05630280e+01
3.91867158e+02 1.08618171e+01
3.92225563e+02 1.17165681e+01
3.92368925e+02 1.19971026e+01
3.92512287e+02 1.21925531e+01
3.92628965e+02 1.22785215e+01
3.92744880e+02 1.22996039e+01
3.92898925e+02 1.22420860e+01
3.92975947e+02 1.21847857e+01
3.93284037e+02 1.18583726e+01
3.93592126e+02 1.15193797e+01
3.93900216e+02 1.12421928e+01
3.94824485e+02 1.05273555e+01
3.95289014e+02 1.01647683e+01
3.95523673e+02 1.00405336e+01
3.95680113e+02 1.00135991e+01
3.95842356e+02 1.00553610e+01
3.95968392e+02 1.01465484e+01
3.96094428e+02 1.02922719e+01
3.96262476e+02 1.05656883e+01
3.96430524e+02 1.09080761e+01
3.96766620e+02 1.16486149e+01
3.96934668e+02 1.19661048e+01
3.97102716e+02 1.22079150e+01
3.97271086e+02 1.23599977e+01
3.97439455e+02 1.24193728e+01
3.97578857e+02 1.24026548e+01
3.97787960e+02 1.22817878e+01
3.97997064e+02 1.20744052e+01
3.98694075e+02 1.11947561e+01
3.98972879e+02 1.09001300e+01
3.99251684e+02 1.06791103e+01
3.99460787e+02 1.05714972e+01
3.99669890e+02 1.05157463e+01
3.99891691e+02 1.05026104e+01
4.00557095e+02 1.05313283e+01
4.01319029e+02 1.04626145e+01
4.01651169e+02 1.05076507e+01
4.02398485e+02 1.06910577e+01
4.02564555e+02 1.07045176e+01
4.02647590e+02 1.07004882e+01
4.04230055e+02 9.74802151e+00
4.04379201e+02 9.77777853e+00
4.04528347e+02 9.85793639e+00
4.04727208e+02 1.00365309e+01
4.04926070e+02 1.02815616e+01
4.05522654e+02 1.11859181e+01
4.05721515e+02 1.14452738e+01
4.05893416e+02 1.16056655e+01
4.06038358e+02 1.16802686e+01
4.06142085e+02 1.16963201e+01
4.06310871e+02 1.16574040e+01
4.06510913e+02 1.15227420e+01
4.06810977e+02 1.12147291e+01
4.07111040e+02 1.08935823e+01
4.07311082e+02 1.07236481e+01
4.07511125e+02 1.06149252e+01
4.07711167e+02 1.05824308e+01
4.08950927e+02 1.13327572e+01
4.09116572e+02 1.13073342e+01
4.09282217e+02 1.12356204e+01
4.10027620e+02 1.07615748e+01
4.10276087e+02 1.06567933e+01
4.10554248e+02 1.06134739e+01
4.10646968e+02 1.06115662e+01
4.10832409e+02 1.06125274e+01
4.11152591e+02 1.05848998e+01
4.11422075e+02 1.05035417e+01
4.11826302e+02 1.03012296e+01
4.12634754e+02 9.80139942e+00
4.13173723e+02 9.45180994e+00
4.13474706e+02 9.31271271e+00
4.13700444e+02 9.26557601e+00
4.13775690e+02 9.26314757e+00
4.13960505e+02 9.28711414e+00
4.14145320e+02 9.35344910e+00
4.14391739e+02 9.50259949e+00
4.14761369e+02 9.82019672e+00
4.15130998e+02 1.01564320e+01
4.15377418e+02 1.03265530e+01
4.15562233e+02 1.04029927e+01
4.15747048e+02 1.04261085e+01
4.17195244e+02 9.48265860e+00
4.17275655e+02 9.56485480e+00
4.17356067e+02 9.69542959e+00
4.17436478e+02 9.87787152e+00
4.17516889e+02 1.01135887e+01
4.17597301e+02 1.04014194e+01
4.17681613e+02 1.07546731e+01
4.17796631e+02 1.13058958e+01
4.18084176e+02 1.28097882e+01
4.18199194e+02 1.33427890e+01
4.18285457e+02 1.36747446e+01
4.18371720e+02 1.39319884e+01
4.18457984e+02 1.41045804e+01
4.18544247e+02 1.41881203e+01
4.18578012e+02 1.41966926e+01
4.18679307e+02 1.41454099e+01
4.18780602e+02 1.39917034e+01
4.18881897e+02 1.37586498e+01
4.19219548e+02 1.27699267e+01
4.19354608e+02 1.24316850e+01
4.19489668e+02 1.21817956e+01
4.19624728e+02 1.20263119e+01
4.19719556e+02 1.19667381e+01
4.19937103e+02 1.19295947e+01
4.20045877e+02 1.19307746e+01
4.20227166e+02 1.19100466e+01
4.20420320e+02 1.18141080e+01
4.20613474e+02 1.16269954e+01
4.20742244e+02 1.14597380e+01
4.21386091e+02 1.04624057e+01
4.21643630e+02 1.01024534e+01
4.21901168e+02 9.79540609e+00
4.22094323e+02 9.61335842e+00
4.22287477e+02 9.49096104e+00
4.22450222e+02 9.44835920e+00
4.22504470e+02 9.44826162e+00
4.22663989e+02 9.49101820e+00
4.22823508e+02 9.59570953e+00
4.22929853e+02 9.69487231e+00
4.23461583e+02 1.03104099e+01
4.23674275e+02 1.04958809e+01
4.24206004e+02 1.08069673e+01
4.24373245e+02 1.09718678e+01
4.24498676e+02 1.11506118e+01
4.24624107e+02 1.13811754e+01
4.24791348e+02 1.17583699e+01
4.25125831e+02 1.25828144e+01
4.25251261e+02 1.28360777e+01
4.25376692e+02 1.30206870e+01
4.25502123e+02 1.31219363e+01
4.25585765e+02 1.31404717e+01
4.25711260e+02 1.30977102e+01
4.25878587e+02 1.29278484e+01
4.25990138e+02 1.27610195e+01
4.26547894e+02 1.17409082e+01
4.26770996e+02 1.14087586e+01
4.26938323e+02 1.12235724e+01
4.27105649e+02 1.10952049e+01
4.27328752e+02 1.09966183e+01
4.27829071e+02 1.08804814e+01
4.28296968e+02 1.07427816e+01
4.28530916e+02 1.07119636e+01
4.29573219e+02 1.09401511e+01
4.30264630e+02 1.09039654e+01
4.30517270e+02 1.09447189e+01
4.31022552e+02 1.11017787e+01
4.31148872e+02 1.11172708e+01
4.31275192e+02 1.11072662e+01
4.31470208e+02 1.10276724e+01
4.31665223e+02 1.08610088e+01
4.31860238e+02 1.06135027e+01
4.32347777e+02 9.84253442e+00
4.32494039e+02 9.65281168e+00
4.32640301e+02 9.52670442e+00
4.32762185e+02 9.48863600e+00
4.32874321e+02 9.51937164e+00
4.32991337e+02 9.62698495e+00
4.33108352e+02 9.81597354e+00
4.33225367e+02 1.00852607e+01
4.33342383e+02 1.04276487e+01
4.33459398e+02 1.08298382e+01
4.33693429e+02 1.17361470e+01
4.33927460e+02 1.26287889e+01
4.34083480e+02 1.31369618e+01
4.34215452e+02 1.34859153e+01
4.34347424e+02 1.37532194e+01
4.34479396e+02 1.39399348e+01
4.34611367e+02 1.40518583e+01
4.34787330e+02 1.40972559e+01
4.34984730e+02 1.40228875e+01
4.35182129e+02 1.38288319e+01
4.35379529e+02 1.35289179e+01
4.35576928e+02 1.31466979e+01
4.36103327e+02 1.19926750e+01
4.36366527e+02 1.14790086e+01
4.36629726e+02 1.10478894e+01
4.36892926e+02 1.06863042e+01
4.37240310e+02 1.02757274e+01
4.37587693e+02 9.91643565e+00
4.37848231e+02 9.69825885e+00
4.38021923e+02 9.59816155e+00
4.38195615e+02 9.55180662e+00
4.38239038e+02 9.55024615e+00
4.38397277e+02 9.58216162e+00
4.38569501e+02 9.68569530e+00
4.38741725e+02 9.85559550e+00
4.38971357e+02 1.01611162e+01
4.39200988e+02 1.05236289e+01
4.39430620e+02 1.09302552e+01
4.39660252e+02 1.14039509e+01
4.39832476e+02 1.18217160e+01
4.40265592e+02 1.30026431e+01
4.40411668e+02 1.33339016e+01
4.40521225e+02 1.35166780e+01
4.40630782e+02 1.36277258e+01
4.40703820e+02 1.36581419e+01
4.40830074e+02 1.36283598e+01
4.40956328e+02 1.35048849e+01
4.41145709e+02 1.31987783e+01
4.41398217e+02 1.27460987e+01
4.41524471e+02 1.25773339e+01
4.41650725e+02 1.24796984e+01
4.41713852e+02 1.24612900e+01
4.42788792e+02 1.34879638e+01
4.42799511e+02 1.34883354e+01
4.42949580e+02 1.34474811e+01
4.43121088e+02 1.33070052e+01
4.43378349e+02 1.29695695e+01
4.43807118e+02 1.23249013e+01
4.44064380e+02 1.20032414e+01
4.44289806e+02 1.17840316e+01
4.44569151e+02 1.15812655e+01
4.44988169e+02 1.13724461e+01
4.45826205e+02 1.11045526e+01
4.46105551e+02 1.09717545e+01
4.46384896e+02 1.07814910e+01
4.47081070e+02 1.02082501e+01
4.47313128e+02 1.00757570e+01
4.47545186e+02 1.00181262e+01
4.47583862e+02 1.00174247e+01
4.47780770e+02 1.00579489e+01
4.47939002e+02 1.01452318e+01
4.48176350e+02 1.03576691e+01
4.48651047e+02 1.08975595e+01
4.48888395e+02 1.11044438e+01
4.49125743e+02 1.12362186e+01
4.49521323e+02 1.13850470e+01
4.50228577e+02 1.17154335e+01
4.50451556e+02 1.17543586e+01
4.50662484e+02 1.17270596e+01
4.50873412e+02 1.16389375e+01
4.51154650e+02 1.14431144e+01
4.51435888e+02 1.11829106e+01
4.52209291e+02 1.03748922e+01
4.52420219e+02 1.02070053e+01
4.52560838e+02 1.01348959e+01
4.52701457e+02 1.01082838e+01
4.52849209e+02 1.01413709e+01
4.52972591e+02 1.02233527e+01
4.53095973e+02 1.03564086e+01
4.53260483e+02 1.06066996e+01
4.53424992e+02 1.09190739e+01
4.53754012e+02 1.15779937e+01
4.53918521e+02 1.18385550e+01
4.54041903e+02 1.19751506e+01
4.54156825e+02 1.20497573e+01
4.54267416e+02 1.20729286e+01
4.54407248e+02 1.20395597e+01
4.54583878e+02 1.19183242e+01
4.55054892e+02 1.14352498e+01
4.55290399e+02 1.12387637e+01
4.55643659e+02 1.10465205e+01
4.55996919e+02 1.08742951e+01
4.56234139e+02 1.07120259e+01
4.56592538e+02 1.03853753e+01
4.57189869e+02 9.79925219e+00
4.57428802e+02 9.61426311e+00
4.57667734e+02 9.48191549e+00
4.57906667e+02 9.41404347e+00
4.58026133e+02 9.40713190e+00
4.58224845e+02 9.43719693e+00
4.58423556e+02 9.51664274e+00
4.58721623e+02 9.70687951e+00
4.59019690e+02 9.93138077e+00
4.59317757e+02 1.01157592e+01
4.59516468e+02 1.01757861e+01
4.59615823e+02 1.01788087e+01
4.59820492e+02 1.01210760e+01
4.60025160e+02 9.98420387e+00
4.60366273e+02 9.69750449e+00
4.60502719e+02 9.63393748e+00
4.60553886e+02 9.62850551e+00
4.60639164e+02 9.64918882e+00
4.60707387e+02 9.69731327e+00
4.60799603e+02 9.81430403e+00
4.60891819e+02 9.99781411e+00
4.60984035e+02 1.02523328e+01
4.61076251e+02 1.05782938e+01
4.61168467e+02 1.09713649e+01
4.61260683e+02 1.14220893e+01
4.61399008e+02 1.21733410e+01
4.61607440e+02 1.33362723e+01
4.61729184e+02 1.39384523e+01
4.61810346e+02 1.42758997e+01
4.61891509e+02 1.45478329e+01
4.61972671e+02 1.47457429e+01
4.62053834e+02 1.48651631e+01
4.62139373e+02 1.49060219e+01
4.62244276e+02 1.48449362e+01
4.62334193e+02 1.47089408e+01
4.62454081e+02 1.44394447e+01
4.62753804e+02 1.36424515e+01
4.62873692e+02 1.34054116e+01
4.62963609e+02 1.32945438e+01
4.63053525e+02 1.32512925e+01
4.63148421e+02 1.32829156e+01
4.63243317e+02 1.33918443e+01
4.63306580e+02 1.35036962e+01
4.63433108e+02 1.38046474e+01
4.63812690e+02 1.49397504e+01
4.63939218e+02 1.52437054e+01
4.64065745e+02 1.54485578e+01
4.64164021e+02 1.55261823e+01
4.64196780e+02 1.55353345e+01
4.64293533e+02 1.55135451e+01
4.64390286e+02 1.54216248e+01
4.64535415e+02 1.51675200e+01
4.64680544e+02 1.48039883e+01
4.64874049e+02 1.42159446e+01
4.65164307e+02 1.32833285e+01
4.65357812e+02 1.27188145e+01
4.65502941e+02 1.23527769e+01
4.65648070e+02 1.20448364e+01
4.65823916e+02 1.17531412e+01
4.65982103e+02 1.15641587e+01
4.66140289e+02 1.14363546e+01
4.66377569e+02 1.13303575e+01
4.66705125e+02 1.12597642e+01
4.68255217e+02 1.05069313e+01
4.69580963e+02 1.09008173e+01
4.69836486e+02 1.08627482e+01
4.70092008e+02 1.07426831e+01
4.70603052e+02 1.04150416e+01
4.70794694e+02 1.03604207e+01
4.70815988e+02 1.03599410e+01
4.70943749e+02 1.03868778e+01
4.71063463e+02 1.04643858e+01
4.71183176e+02 1.05967651e+01
4.71262985e+02 1.07151588e+01
4.71422604e+02 1.10153039e+01
4.71821649e+02 1.19248781e+01
4.71981268e+02 1.22293208e+01
4.72100981e+02 1.23956609e+01
4.72220695e+02 1.24976667e+01
4.72345013e+02 1.25327532e+01
4.72461311e+02 1.25042953e+01
4.72616374e+02 1.23901360e+01
4.72848969e+02 1.21148998e+01
4.73236627e+02 1.16026723e+01
4.73546754e+02 1.12703693e+01
4.74011943e+02 1.08909464e+01
4.74477133e+02 1.05665483e+01
4.75065275e+02 1.02152930e+01
4.75482298e+02 1.00217058e+01
4.75760313e+02 9.95332834e+00
4.75829817e+02 9.94972733e+00
4.75899321e+02 9.95288490e+00
4.77180347e+02 1.06435628e+01
4.78306603e+02 9.82640780e+00
4.78402590e+02 9.86262116e+00
4.78509546e+02 9.95991481e+00
4.78616503e+02 1.01191232e+01
4.78723459e+02 1.03371100e+01
4.78866067e+02 1.07033651e+01
4.79222588e+02 1.17495158e+01
4.79365197e+02 1.20918279e+01
4.79472153e+02 1.22793148e+01
4.79582592e+02 1.23981542e+01
4.79695447e+02 1.24380155e+01
4.79823493e+02 1.23912735e+01
4.79989606e+02 1.22217771e+01
4.80266462e+02 1.18635931e+01
4.80377204e+02 1.17672917e+01
4.80487947e+02 1.17301415e+01
4.80604357e+02 1.17697500e+01
4.80665396e+02 1.18252747e+01
4.80787474e+02 1.20071365e+01
4.80909552e+02 1.22735190e+01
4.81031630e+02 1.26034520e+01
4.81336826e+02 1.35100967e+01
4.81458904e+02 1.38221162e+01
4.81594751e+02 1.40873003e+01
4.81706962e+02 1.42258177e+01
4.81833421e+02 1.42874263e+01
4.81847669e+02 1.42881041e+01
4.81990144e+02 1.42290469e+01
4.82104124e+02 1.41042958e+01
4.82275094e+02 1.38181549e+01
4.82844994e+02 1.25865369e+01
4.83015964e+02 1.22789813e+01
4.83186934e+02 1.20326767e+01
4.83414894e+02 1.17949335e+01
4.83642854e+02 1.16359298e+01
4.84062608e+02 1.14481566e+01
4.84482361e+02 1.13226747e+01
4.84934977e+02 1.12594982e+01
4.85280538e+02 1.12244510e+01
4.85453319e+02 1.11870737e+01
4.86658485e+02 1.06715600e+01
4.87420915e+02 1.06035984e+01
4.87685550e+02 1.05017670e+01
4.87950185e+02 1.03238454e+01
4.88391243e+02 9.97864508e+00
4.88567666e+02 9.87687455e+00
4.88744089e+02 9.81848618e+00
4.88832301e+02 9.80815064e+00
4.89029546e+02 9.83252580e+00
4.89226791e+02 9.92002965e+00
4.89424036e+02 1.00639387e+01
4.89621282e+02 1.02566829e+01
4.89884275e+02 1.05770027e+01
4.90476011e+02 1.13910936e+01
4.90673256e+02 1.15883454e+01
4.90804753e+02 1.16693609e+01
4.90936249e+02 1.17029219e+01
4.92295748e+02 1.08205776e+01
4.92416396e+02 1.08085519e+01
4.93019635e+02 1.08724683e+01
4.93260931e+02 1.08465262e+01
4.93457006e+02 1.07612780e+01
4.93653080e+02 1.06166485e+01
4.94241303e+02 1.00569439e+01
4.94437377e+02 9.92062539e+00
4.94633451e+02 9.83951851e+00
4.94829526e+02 9.82212780e+00
4.94988481e+02 9.86016727e+00
4.95147436e+02 9.95016258e+00
4.95306391e+02 1.00969676e+01
4.95465345e+02 1.03034656e+01
4.95624300e+02 1.05682035e+01
4.95783255e+02 1.08832258e+01
4.96207135e+02 1.18240678e+01
4.96366089e+02 1.21328345e+01
4.96525044e+02 1.23666082e+01
4.96656544e+02 1.24834508e+01
4.96788044e+02 1.25201259e+01
4.96934130e+02 1.24637299e+01
4.97080217e+02 1.23122378e+01
4.97177608e+02 1.21665727e+01
4.97372390e+02 1.17992735e+01
4.97761954e+02 1.09684503e+01
4.97956736e+02 1.05966221e+01
4.98151518e+02 1.02830845e+01
4.98346300e+02 1.00297105e+01
4.98554206e+02 9.82088773e+00
4.98762111e+02 9.67257771e+00
4.98970017e+02 9.58757404e+00
4.99125946e+02 9.56985061e+00
4.99276762e+02 9.59390511e+00
4.99474442e+02 9.68962366e+00
4.99672122e+02 9.85492394e+00
4.99968641e+02 1.01987879e+01
5.00265161e+02 1.05669421e+01
5.00462841e+02 1.07622849e+01
5.00611101e+02 1.08591091e+01
5.00791039e+02 1.09093699e+01
5.00822719e+02 1.09106796e+01
5.01012794e+02 1.08778781e+01
5.01519660e+02 1.06455503e+01
5.01773094e+02 1.05900282e+01
5.01804340e+02 1.05892994e+01
5.02023063e+02 1.06224613e+01
5.02273033e+02 1.07307039e+01
5.02647987e+02 1.09829368e+01
5.03272911e+02 1.14655909e+01
5.03522881e+02 1.15952179e+01
5.03725981e+02 1.16328346e+01
5.03874168e+02 1.16134123e+01
5.04076803e+02 1.15224166e+01
5.04279438e+02 1.13688077e+01
5.04887342e+02 1.07894555e+01
5.05089977e+02 1.06466222e+01
5.05292612e+02 1.05566747e+01
5.05513379e+02 1.05165454e+01
5.05632828e+02 1.05142162e+01
5.06200214e+02 1.05519333e+01
5.06480926e+02 1.05269387e+01
5.07137928e+02 1.03552198e+01
5.07400728e+02 1.03272444e+01
5.07709970e+02 1.03694178e+01
5.08070753e+02 1.04404129e+01
5.08122294e+02 1.04420352e+01
5.08331253e+02 1.04053985e+01
5.08437132e+02 1.03561817e+01
5.08648890e+02 1.01952847e+01
5.08860648e+02 9.96904144e+00
5.09284164e+02 9.47383917e+00
5.09495922e+02 9.28368966e+00
5.09654740e+02 9.18801092e+00
5.09813558e+02 9.13741716e+00
5.09919437e+02 9.12942729e+00
5.10072742e+02 9.15508389e+00
5.10226047e+02 9.22708893e+00
5.10379351e+02 9.35065706e+00
5.10532656e+02 9.53330147e+00
5.10685961e+02 9.78217785e+00
5.10839266e+02 1.00997688e+01
5.10941469e+02 1.03468133e+01
5.11145875e+02 1.09017070e+01
5.11401383e+02 1.16132114e+01
5.11554687e+02 1.19820266e+01
5.11708705e+02 1.22688606e+01
5.11862722e+02 1.24579118e+01
5.12005326e+02 1.25522876e+01
5.12242999e+02 1.25997749e+01
5.12433137e+02 1.26237243e+01
5.12623276e+02 1.27160673e+01
5.12786011e+02 1.28878092e+01
5.12948747e+02 1.31526007e+01
5.13192850e+02 1.36751280e+01
5.13436953e+02 1.42187004e+01
5.13599689e+02 1.45161584e+01
5.13762424e+02 1.47227870e+01
5.13925160e+02 1.48238864e+01
5.14004540e+02 1.48348903e+01
5.14189762e+02 1.47726350e+01
5.14348524e+02 1.46386615e+01
5.14560206e+02 1.43812589e+01
5.15406935e+02 1.31235158e+01
5.15830299e+02 1.25764974e+01
5.16253664e+02 1.21039725e+01
5.17312074e+02 1.10378969e+01
5.18037917e+02 1.02583931e+01
5.18199216e+02 1.01187645e+01
5.18360514e+02 1.00279170e+01
5.18468886e+02 1.00078853e+01
5.18602461e+02 1.00434479e+01
5.18707466e+02 1.01271487e+01
5.18812471e+02 1.02658664e+01
5.18917476e+02 1.04622535e+01
5.19022481e+02 1.07155136e+01
5.19162488e+02 1.11328950e+01
5.19302494e+02 1.16202912e+01
5.19652511e+02 1.29146235e+01
5.19786746e+02 1.33428130e+01
5.19915210e+02 1.36750248e+01
5.20043675e+02 1.39157897e+01
5.20172139e+02 1.40592093e+01
5.20276757e+02 1.41058452e+01
5.20317144e+02 1.41080489e+01
5.20397916e+02 1.40881715e+01
5.20559461e+02 1.39640909e+01
5.20721007e+02 1.37536390e+01
5.20882552e+02 1.34864696e+01
5.21528733e+02 1.22519287e+01
5.21851824e+02 1.16881190e+01
5.22094142e+02 1.13239785e+01
5.22336460e+02 1.10192954e+01
5.22578778e+02 1.07879709e+01
5.22740323e+02 1.06916886e+01
5.22871268e+02 1.06632437e+01
5.23021787e+02 1.07060595e+01
5.23120995e+02 1.07905498e+01
5.23220203e+02 1.09286874e+01
5.23319411e+02 1.11271267e+01
5.23418619e+02 1.13905786e+01
5.23517827e+02 1.17207754e+01
5.23617035e+02 1.21155217e+01
5.23716242e+02 1.25679805e+01
5.23815450e+02 1.30663326e+01
5.24121783e+02 1.46949197e+01
5.24223894e+02 1.51838471e+01
5.24326005e+02 1.56017394e+01
5.24428116e+02 1.59258243e+01
5.24530227e+02 1.61388100e+01
5.24632338e+02 1.62304455e+01
5.24664669e+02 1.62335589e+01
5.24761662e+02 1.61693895e+01
5.24858654e+02 1.60007497e+01
5.24955647e+02 1.57394223e+01
5.25084971e+02 1.52745459e+01
5.25149633e+02 1.50044990e+01
5.25408280e+02 1.38044898e+01
5.25602265e+02 1.29151139e+01
5.25721733e+02 1.24197997e+01
5.25831344e+02 1.20148534e+01
5.25940955e+02 1.16637375e+01
5.26050566e+02 1.13703317e+01
5.26160178e+02 1.11373530e+01
5.26269789e+02 1.09672933e+01
5.26379400e+02 1.08629630e+01
5.26489011e+02 1.08275450e+01
5.26576597e+02 1.08508837e+01
5.26674935e+02 1.09333699e+01
5.26773273e+02 1.10758651e+01
5.26871611e+02 1.12769824e+01
5.27002729e+02 1.16290768e+01
5.27133847e+02 1.20602081e+01
5.27527201e+02 1.35118595e+01
5.27642326e+02 1.38720878e+01
5.27741459e+02 1.41220955e+01
5.27840591e+02 1.43035189e+01
5.27939724e+02 1.44085274e+01
5.28031622e+02 1.44348953e+01
5.28158615e+02 1.43618994e+01
5.28285609e+02 1.41748817e+01
5.28412603e+02 1.38963609e+01
5.28581929e+02 1.34308650e+01
5.28920579e+02 1.24239684e+01
5.29089904e+02 1.19878933e+01
5.29216898e+02 1.17189169e+01
5.29343892e+02 1.15088375e+01
5.29475605e+02 1.13581044e+01
5.29607318e+02 1.12779140e+01
5.29695127e+02 1.12635403e+01
5.29844817e+02 1.13085598e+01
5.29994507e+02 1.14344101e+01
5.30094300e+02 1.15574066e+01
5.30293887e+02 1.18754419e+01
5.30792853e+02 1.27989210e+01
5.30992440e+02 1.30860696e+01
5.31142130e+02 1.32345293e+01
5.31329209e+02 1.33276285e+01
5.31366599e+02 1.33337147e+01
5.31523034e+02 1.33158601e+01
5.31679468e+02 1.32340445e+01
5.31914119e+02 1.30150319e+01
5.32148771e+02 1.27170338e+01
5.32930942e+02 1.15886022e+01
5.33165594e+02 1.13031865e+01
5.33400245e+02 1.10762512e+01
5.33634897e+02 1.09238324e+01
5.33869548e+02 1.08544791e+01
5.34941485e+02 1.10432348e+01
5.35173200e+02 1.10101972e+01
5.35404915e+02 1.09212097e+01
5.35752486e+02 1.07059669e+01
5.36100058e+02 1.04489817e+01
5.36331773e+02 1.02960022e+01
5.36563487e+02 1.01900531e+01
5.36737273e+02 1.01563328e+01
5.36795202e+02 1.01554253e+01
5.37009284e+02 1.02011651e+01
5.37223367e+02 1.03261199e+01
5.37437450e+02 1.05231128e+01
5.37972657e+02 1.11575911e+01
5.38186740e+02 1.13622443e+01
5.38347302e+02 1.14610838e+01
5.38542211e+02 1.15056830e+01
5.38713948e+02 1.14781859e+01
5.38920032e+02 1.13793996e+01
5.39606980e+02 1.08938280e+01
5.40019148e+02 1.06617317e+01
5.40293927e+02 1.05538279e+01
5.40431317e+02 1.05363719e+01
5.40568706e+02 1.05680097e+01
5.40671748e+02 1.06405438e+01
5.40751490e+02 1.07352110e+01
5.40842279e+02 1.08935146e+01
5.40933067e+02 1.11152295e+01
5.41023856e+02 1.14093670e+01
5.41114645e+02 1.17828999e+01
5.41205433e+02 1.22396998e+01
5.41296222e+02 1.27795440e+01
5.41387010e+02 1.33972938e+01
5.41518024e+02 1.44034333e+01
5.41817689e+02 1.69141403e+01
5.41946117e+02 1.78957024e+01
5.42031736e+02 1.84574663e+01
5.42117354e+02 1.89195971e+01
5.42210526e+02 1.92889042e+01
5.42303697e+02 1.95040518e+01
5.42379525e+02 1.95603063e+01
5.42448094e+02 1.95197475e+01
5.42530377e+02 1.93614354e+01
5.42612660e+02 1.90935943e+01
5.42694943e+02 1.87310538e+01
5.42804653e+02 1.81320966e+01
5.42969219e+02 1.70854702e+01
5.43188640e+02 1.56649400e+01
5.43328983e+02 1.48703008e+01
5.43414469e+02 1.44563184e+01
5.43499956e+02 1.41013879e+01
5.43585443e+02 1.38058291e+01
5.43713674e+02 1.34663305e+01
5.43841904e+02 1.32320472e+01
5.43987996e+02 1.30572613e+01
5.44798764e+02 1.24485701e+01
5.44987451e+02 1.23592810e+01
5.45050346e+02 1.23536849e+01
5.45176137e+02 1.23936593e+01
5.45304739e+02 1.25189334e+01
5.45433342e+02 1.27398073e+01
5.45561944e+02 1.30564172e+01
5.45690546e+02 1.34570645e+01
5.45947751e+02 1.44071582e+01
5.46140654e+02 1.51062170e+01
5.46252254e+02 1.54466277e+01
5.46394151e+02 1.57702758e+01
5.46488749e+02 1.59046469e+01
5.46605607e+02 1.59736679e+01
5.46627867e+02 1.59746415e+01
5.46761430e+02 1.59025642e+01
5.46894992e+02 1.57108733e+01
5.47028554e+02 1.54259497e+01
5.47206637e+02 1.49548540e+01
5.47562803e+02 1.39537716e+01
5.47740887e+02 1.35164578e+01
5.47918970e+02 1.31473449e+01
5.48093206e+02 1.28504566e+01
5.48348789e+02 1.25073559e+01
5.48689567e+02 1.21565305e+01
5.49200734e+02 1.17241558e+01
5.49711901e+02 1.13389486e+01
5.50223068e+02 1.09977442e+01
5.50563846e+02 1.08298676e+01
5.50781551e+02 1.07823739e+01
5.50828866e+02 1.07809972e+01
5.51019149e+02 1.08143264e+01
5.51210453e+02 1.09160184e+01
5.51401757e+02 1.10839306e+01
5.51784364e+02 1.15428268e+01
5.52071320e+02 1.18675317e+01
5.52262624e+02 1.20116278e+01
5.52453928e+02 1.20732628e+01
5.52631859e+02 1.20534010e+01
5.52809790e+02 1.19681340e+01
5.53076687e+02 1.17539603e+01
5.53877378e+02 1.09707242e+01
5.54944965e+02 1.00666664e+01
5.55300828e+02 9.80035833e+00
5.55519185e+02 9.67745767e+00
5.55737542e+02 9.60664127e+00
5.55883114e+02 9.59481876e+00
5.56119170e+02 9.63892737e+00
5.56355227e+02 9.75354033e+00
5.56669969e+02 9.98768902e+00
5.56984711e+02 1.02912415e+01
5.57299453e+02 1.06645113e+01
5.57928937e+02 1.15289341e+01
5.58164994e+02 1.17818215e+01
5.58322365e+02 1.18896651e+01
5.58510057e+02 1.19398030e+01
5.58707937e+02 1.18976785e+01
5.58905818e+02 1.17705035e+01
5.59202639e+02 1.14781906e+01
5.59598401e+02 1.10700851e+01
5.59796281e+02 1.09225537e+01
5.59994162e+02 1.08366483e+01
5.60138410e+02 1.08163761e+01
5.60364948e+02 1.08527436e+01
5.60636794e+02 1.09817591e+01
5.61180486e+02 1.13119081e+01
5.61452332e+02 1.14057934e+01
5.61619701e+02 1.14226017e+01
5.61849964e+02 1.13978913e+01
5.62156982e+02 1.13002918e+01
5.62617508e+02 1.10735308e+01
5.63385051e+02 1.06289182e+01
5.63692069e+02 1.05038453e+01
5.63999086e+02 1.04536303e+01
5.65057284e+02 1.05892369e+01
5.66188627e+02 1.04474216e+01
5.66790241e+02 1.04065946e+01
5.67090083e+02 1.03306142e+01
5.67449122e+02 1.01636962e+01
5.67987680e+02 9.86209902e+00
5.68885278e+02 9.46791139e+00
5.69603355e+02 9.07373621e+00
5.69876991e+02 8.95501938e+00
5.70088754e+02 8.91745669e+00
5.70112283e+02 8.91733530e+00
5.70235538e+02 8.93253395e+00
5.70387930e+02 8.99327552e+00
5.70540323e+02 9.10948923e+00
5.70654617e+02 9.24022337e+00
5.70768911e+02 9.41552649e+00
5.70883205e+02 9.64361299e+00
5.70997500e+02 9.93422793e+00
5.71111794e+02 1.02980835e+01
5.71226088e+02 1.07457014e+01
5.71340382e+02 1.12856743e+01
5.71423832e+02 1.17410782e+01
5.71514535e+02 1.22944117e+01
5.71605239e+02 1.29051954e+01
5.71741293e+02 1.39128876e+01
5.72104106e+02 1.67983823e+01
5.72215515e+02 1.76023130e+01
5.72326924e+02 1.82988037e+01
5.72438333e+02 1.88539448e+01
5.72512605e+02 1.91325603e+01
5.72586878e+02 1.93319970e+01
5.72661150e+02 1.94497614e+01
5.72735345e+02 1.94857776e+01
5.72846521e+02 1.93925083e+01
5.72957696e+02 1.91377129e+01
5.73068872e+02 1.87457323e+01
5.73142989e+02 1.84226748e+01
5.73291223e+02 1.76705197e+01
5.73661809e+02 1.55744421e+01
5.73810043e+02 1.47891201e+01
5.73977455e+02 1.39965996e+01
5.74117398e+02 1.34228234e+01
5.74257341e+02 1.29316609e+01
5.74397284e+02 1.25196120e+01
5.74537227e+02 1.21805213e+01
5.74677170e+02 1.19072722e+01
5.74817113e+02 1.16929529e+01
5.75003703e+02 1.14885876e+01
5.75190294e+02 1.13670341e+01
5.75376884e+02 1.13194522e+01
5.75538890e+02 1.13318481e+01
5.75781899e+02 1.14307671e+01
5.76024907e+02 1.16066505e+01
5.76348919e+02 1.19261816e+01
5.76672931e+02 1.23182436e+01
5.76996942e+02 1.27747375e+01
5.77482960e+02 1.34942670e+01
5.77725968e+02 1.37641937e+01
5.77887974e+02 1.38659801e+01
5.78024388e+02 1.38909723e+01
5.78163404e+02 1.38567724e+01
5.78371927e+02 1.37032930e+01
5.78580450e+02 1.34624438e+01
5.78997497e+02 1.29289013e+01
5.79136512e+02 1.27827965e+01
5.79414543e+02 1.25661275e+01
5.80109620e+02 1.22163690e+01
5.80470140e+02 1.19551317e+01
5.81356158e+02 1.11221272e+01
5.81577663e+02 1.09579440e+01
5.81799167e+02 1.08399126e+01
5.82020672e+02 1.07703777e+01
5.82818897e+02 1.06868057e+01
5.83101841e+02 1.05877377e+01
5.83384785e+02 1.04189330e+01
5.83762044e+02 1.01430339e+01
5.84044988e+02 9.97786664e+00
5.84233617e+02 9.92740180e+00
5.84327932e+02 9.92702665e+00
5.84501104e+02 9.97550350e+00
5.84674276e+02 1.00890728e+01
5.84789724e+02 1.01981740e+01
5.85020620e+02 1.04774548e+01
5.85482412e+02 1.11029169e+01
5.85713308e+02 1.13533816e+01
5.85944204e+02 1.15329791e+01
5.86567660e+02 1.18702978e+01
5.86763940e+02 1.20344479e+01
5.86960220e+02 1.22516037e+01
5.87352779e+02 1.27385300e+01
5.87549059e+02 1.29038853e+01
5.87696269e+02 1.29477953e+01
5.87840413e+02 1.29079474e+01
5.87983024e+02 1.27839316e+01
5.88125635e+02 1.25817197e+01
5.88315782e+02 1.22157021e+01
5.88791151e+02 1.11200474e+01
5.88981299e+02 1.07316770e+01
5.89123910e+02 1.04931549e+01
5.89266520e+02 1.03129795e+01
5.89382985e+02 1.02164059e+01
5.89518860e+02 1.01683806e+01
5.89538271e+02 1.01675721e+01
5.89657302e+02 1.01972117e+01
5.89777616e+02 1.02888492e+01
5.89897931e+02 1.04419547e+01
5.90018246e+02 1.06525873e+01
5.90138560e+02 1.09130320e+01
5.90218770e+02 1.11088452e+01
5.90619818e+02 1.21861262e+01
5.90780238e+02 1.25725567e+01
5.90912992e+02 1.28370607e+01
5.91070627e+02 1.30705998e+01
5.91228262e+02 1.32119093e+01
5.91361487e+02 1.32637967e+01
5.91442166e+02 1.32688184e+01
5.91603524e+02 1.32301228e+01
5.91845561e+02 1.30864454e+01
5.92248957e+02 1.27360992e+01
5.92571674e+02 1.24100646e+01
5.93378465e+02 1.15346617e+01
5.93620503e+02 1.13209938e+01
5.93862540e+02 1.11789538e+01
5.94053230e+02 1.11388367e+01
5.94249725e+02 1.11770909e+01
5.94449123e+02 1.13005635e+01
5.94648520e+02 1.14971607e+01
5.95313180e+02 1.23230656e+01
5.95579044e+02 1.25739305e+01
5.95844907e+02 1.27377221e+01
5.96110771e+02 1.28076475e+01
5.96160621e+02 1.28093375e+01
5.96355826e+02 1.27773450e+01
5.96580071e+02 1.26587841e+01
5.96804317e+02 1.24520327e+01
5.97028562e+02 1.21723454e+01
5.97477054e+02 1.15407176e+01
5.97701299e+02 1.12892322e+01
5.97869483e+02 1.11707124e+01
5.98037667e+02 1.11292181e+01
5.98199003e+02 1.11668116e+01
5.98360339e+02 1.12746389e+01
5.98602343e+02 1.15309045e+01
5.98925015e+02 1.19113232e+01
5.99086351e+02 1.20569730e+01
5.99247687e+02 1.21474568e+01
5.99414378e+02 1.21766690e+01
5.99586424e+02 1.21442860e+01
5.99844491e+02 1.20132663e+01
6.00532672e+02 1.15816116e+01
6.01048808e+02 1.12764192e+01
6.01392899e+02 1.10078316e+01
6.01909035e+02 1.05443163e+01
6.02141741e+02 1.03729554e+01
6.02323726e+02 1.02853028e+01
6.02505710e+02 1.02536207e+01
6.02704343e+02 1.02933425e+01
6.02911301e+02 1.04200106e+01
6.03118259e+02 1.06271163e+01
6.03325216e+02 1.09018749e+01
6.03532174e+02 1.12302867e+01
6.03670146e+02 1.14727975e+01
6.04360005e+02 1.27969375e+01
6.04566963e+02 1.31318299e+01
6.04773920e+02 1.33696071e+01
6.04941771e+02 1.34690442e+01
6.05038962e+02 1.34848168e+01
6.05162685e+02 1.34611069e+01
6.05327649e+02 1.33599629e+01
6.05575096e+02 1.30941462e+01
6.06152470e+02 1.23003449e+01
6.06482399e+02 1.19175755e+01
6.06812327e+02 1.16133346e+01
6.07307220e+02 1.12413617e+01
6.07637148e+02 1.10300798e+01
6.08061198e+02 1.08130905e+01
6.08697272e+02 1.05720002e+01
6.09015309e+02 1.04879170e+01
6.09121321e+02 1.04759380e+01
6.09333346e+02 1.04960114e+01
6.09492926e+02 1.05635087e+01
6.09652506e+02 1.06857870e+01
6.09812086e+02 1.08658101e+01
6.09971666e+02 1.10996602e+01
6.10184440e+02 1.14758938e+01
6.10609987e+02 1.22913176e+01
6.10822761e+02 1.26378304e+01
6.10982341e+02 1.28389882e+01
6.11115360e+02 1.29600307e+01
6.11275013e+02 1.30457698e+01
6.11414961e+02 1.30687340e+01
6.11623286e+02 1.30240584e+01
6.11891733e+02 1.28695301e+01
6.12428628e+02 1.24947033e+01
6.13323451e+02 1.20483945e+01
6.13502416e+02 1.19282755e+01
6.14322009e+02 1.12813938e+01
6.14633212e+02 1.11151522e+01
6.14944415e+02 1.10256671e+01
6.15535025e+02 1.09770795e+01
6.16027427e+02 1.09650436e+01
6.16508812e+02 1.09970181e+01
6.17023943e+02 1.11105428e+01
6.17281509e+02 1.12196782e+01
6.17474683e+02 1.13652821e+01
6.17603466e+02 1.15159484e+01
6.17732249e+02 1.17267090e+01
6.17861032e+02 1.20112922e+01
6.17989814e+02 1.23794505e+01
6.18118597e+02 1.28341034e+01
6.18247380e+02 1.33690170e+01
6.18431267e+02 1.42368171e+01
6.18670259e+02 1.54156480e+01
6.18789755e+02 1.59568570e+01
6.18909250e+02 1.64231956e+01
6.19028746e+02 1.67868797e+01
6.19148242e+02 1.70272380e+01
6.19237864e+02 1.71193321e+01
6.19301019e+02 1.71378939e+01
6.19400861e+02 1.70908169e+01
6.19533984e+02 1.68930278e+01
6.19667108e+02 1.65645366e+01
6.19800231e+02 1.61384319e+01
6.20332724e+02 1.41437402e+01
6.20510222e+02 1.35669995e+01
6.20687720e+02 1.30817736e+01
6.20857069e+02 1.27036354e+01
6.21026418e+02 1.23984713e+01
6.21195768e+02 1.21527257e+01
6.21449792e+02 1.18658477e+01
6.21703816e+02 1.16433510e+01
6.22211864e+02 1.12927933e+01
6.22719912e+02 1.10077916e+01
6.23058610e+02 1.08682607e+01
6.23462240e+02 1.07742375e+01
6.24095653e+02 1.06734399e+01
6.24453450e+02 1.05396124e+01
6.24990146e+02 1.02816248e+01
6.25236132e+02 1.02357676e+01
6.25347943e+02 1.02488662e+01
6.25535397e+02 1.03297465e+01
6.25722850e+02 1.04878017e+01
6.25910303e+02 1.07139180e+01
6.26378936e+02 1.13888210e+01
6.26566389e+02 1.15970793e+01
6.26706979e+02 1.16947475e+01
6.26847569e+02 1.17317429e+01
6.27015652e+02 1.16933670e+01
6.27183735e+02 1.15737860e+01
6.27435860e+02 1.12907734e+01
6.27772027e+02 1.08837601e+01
6.27940110e+02 1.07363002e+01
6.28108194e+02 1.06530127e+01
6.28192235e+02 1.06372602e+01
6.28348971e+02 1.06509003e+01
6.28505707e+02 1.07107372e+01
6.29132652e+02 1.11114906e+01
6.29367756e+02 1.12065624e+01
6.29526866e+02 1.12257210e+01
6.29769093e+02 1.11823698e+01
6.30415031e+02 1.08930161e+01
6.30738000e+02 1.08177392e+01
6.31626310e+02 1.07882172e+01
6.32130288e+02 1.07426021e+01
6.32382276e+02 1.07773946e+01
6.32551572e+02 1.08546125e+01
6.32720867e+02 1.09891167e+01
6.32890163e+02 1.11857836e+01
6.33059459e+02 1.14404627e+01
6.33285186e+02 1.18468475e+01
6.33962368e+02 1.31833579e+01
6.34188096e+02 1.36888023e+01
6.34344991e+02 1.41117987e+01
6.34501887e+02 1.46162450e+01
6.34658782e+02 1.52051615e+01
6.35051021e+02 1.68646651e+01
6.35207917e+02 1.74604799e+01
6.35325588e+02 1.78216146e+01
6.35443260e+02 1.80833263e+01
6.35567815e+02 1.82344257e+01
6.35641633e+02 1.82591226e+01
6.35764372e+02 1.81938759e+01
6.35867731e+02 1.80420225e+01
6.36022769e+02 1.76719156e+01
6.36177808e+02 1.71724941e+01
6.36436206e+02 1.61889441e+01
6.36746283e+02 1.49912842e+01
6.36953001e+02 1.42692726e+01
6.37159719e+02 1.36286609e+01
6.37356609e+02 1.30925959e+01
6.37543672e+02 1.26463253e+01
6.37730735e+02 1.22600718e+01
6.37917798e+02 1.19351616e+01
6.38104860e+02 1.16738307e+01
6.38291923e+02 1.14768472e+01
6.38478986e+02 1.13415507e+01
6.38666049e+02 1.12608774e+01
6.38963743e+02 1.12169240e+01
6.39004576e+02 1.12165307e+01
6.39576231e+02 1.12710492e+01
6.39902892e+02 1.13457781e+01
6.40147887e+02 1.14556861e+01
6.40392883e+02 1.16355432e+01
6.40719543e+02 1.19693822e+01
6.41046203e+02 1.23005453e+01
6.41209534e+02 1.24097669e+01
6.41396497e+02 1.24550995e+01
6.41578849e+02 1.24038109e+01
6.41737568e+02 1.22836356e+01
6.41949194e+02 1.20343429e+01
6.42478258e+02 1.12542433e+01
6.42689883e+02 1.10121229e+01
6.42848603e+02 1.09018702e+01
6.42954415e+02 1.08746065e+01
6.43060228e+02 1.08932477e+01
6.43164964e+02 1.09656267e+01
6.43268624e+02 1.10996720e+01
6.43372283e+02 1.13061430e+01
6.43475943e+02 1.15957137e+01
6.43553688e+02 1.18736327e+01
6.43631432e+02 1.22079055e+01
6.43709177e+02 1.26015609e+01
6.43786921e+02 1.30565006e+01
6.43838751e+02 1.33941239e+01
6.43942411e+02 1.41501517e+01
6.44023514e+02 1.48126219e+01
6.44145169e+02 1.59071839e+01
6.44266823e+02 1.70912698e+01
6.44510133e+02 1.95248714e+01
6.44624843e+02 2.05885929e+01
6.44725665e+02 2.14179479e+01
6.44826488e+02 2.21117713e+01
6.44927310e+02 2.26406212e+01
6.45028132e+02 2.29830479e+01
6.45128955e+02 2.31273873e+01
6.45152526e+02 2.31322408e+01
6.45223239e+02 2.30821716e+01
6.45317524e+02 2.28706390e+01
6.45411808e+02 2.25082029e+01
6.45506092e+02 2.20166634e+01
6.45631805e+02 2.12067305e+01
6.45820374e+02 1.98031257e+01
6.46008942e+02 1.83751815e+01
6.46134655e+02 1.75008945e+01
6.46246720e+02 1.68082545e+01
6.46358784e+02 1.62104918e+01
6.46470848e+02 1.57099364e+01
6.46582913e+02 1.53007116e+01
6.46694978e+02 1.49710383e+01
6.46863074e+02 1.45921174e+01
6.47031171e+02 1.43040848e+01
6.47927687e+02 1.30809866e+01
6.48225254e+02 1.27589893e+01
6.48522822e+02 1.25458872e+01
6.48721200e+02 1.24605973e+01
6.49514713e+02 1.22655443e+01
6.49911470e+02 1.20965735e+01
6.50704983e+02 1.16187324e+01
6.51472799e+02 1.11533809e+01
6.51843859e+02 1.09634389e+01
6.52214918e+02 1.08285884e+01
6.52493213e+02 1.07816229e+01
6.52585978e+02 1.07770862e+01
6.53927732e+02 1.09241787e+01
6.54239434e+02 1.08818330e+01
6.54551137e+02 1.07807659e+01
6.55382343e+02 1.04287969e+01
6.55797946e+02 1.03205228e+01
6.56940855e+02 1.01678202e+01
6.57148657e+02 1.01598202e+01
6.57412361e+02 1.01899361e+01
6.57639947e+02 1.02705322e+01
6.57867534e+02 1.04124770e+01
6.58095121e+02 1.06147989e+01
6.58398569e+02 1.09557372e+01
6.58853742e+02 1.15135330e+01
6.59157191e+02 1.18335916e+01
6.59384778e+02 1.20088093e+01
6.59612365e+02 1.21071843e+01
6.59764089e+02 1.21231179e+01
6.59935308e+02 1.20905787e+01
6.60106527e+02 1.20057683e+01
6.60363356e+02 1.17941224e+01
6.61133842e+02 1.09181056e+01
6.61476280e+02 1.05893850e+01
6.61818718e+02 1.03336459e+01
6.62161156e+02 1.01404971e+01
6.62503595e+02 1.00149577e+01
6.62822343e+02 9.97402507e+00
6.64031858e+02 1.01709883e+01
6.64405895e+02 1.01649703e+01
6.64686423e+02 1.01915796e+01
6.64875560e+02 1.02732136e+01
6.65019002e+02 1.03883603e+01
6.65162443e+02 1.05573369e+01
6.65305885e+02 1.07809734e+01
6.65449326e+02 1.10530026e+01
6.65927465e+02 1.20996897e+01
6.66118720e+02 1.24518012e+01
6.66262162e+02 1.26482469e+01
6.66397510e+02 1.27700322e+01
6.66535603e+02 1.28285698e+01
6.66586161e+02 1.28340351e+01
6.66687276e+02 1.28213683e+01
6.66889508e+02 1.27164471e+01
6.67192855e+02 1.24344211e+01
6.67698433e+02 1.19106624e+01
6.68102896e+02 1.15715015e+01
6.70142113e+02 1.01069668e+01
6.70668820e+02 9.77967205e+00
6.70984845e+02 9.63327269e+00
6.71195527e+02 9.57496191e+00
6.71406210e+02 9.55982414e+00
6.71664384e+02 9.60843432e+00
6.71922558e+02 9.72729128e+00
6.72094673e+02 9.83636667e+00
6.72783136e+02 1.03323785e+01
6.73643715e+02 1.08400897e+01
6.73987946e+02 1.10156692e+01
6.74266067e+02 1.10908892e+01
6.74372071e+02 1.10921648e+01
6.74586833e+02 1.10399600e+01
6.74801594e+02 1.09226535e+01
6.75159529e+02 1.06866219e+01
6.75302703e+02 1.06314591e+01
6.75374290e+02 1.06228104e+01
6.75517464e+02 1.06558456e+01
6.75635835e+02 1.07437930e+01
6.75754205e+02 1.08944208e+01
6.75872575e+02 1.11118204e+01
6.75990945e+02 1.13965703e+01
6.76109315e+02 1.17454681e+01
6.76227685e+02 1.21514531e+01
6.76405240e+02 1.28429304e+01
6.76778973e+02 1.43987651e+01
6.76967702e+02 1.50884161e+01
6.77093521e+02 1.54641791e+01
6.77219341e+02 1.57549280e+01
6.77345160e+02 1.59519817e+01
6.77470979e+02 1.60532461e+01
6.77567552e+02 1.60684775e+01
6.77712412e+02 1.59996432e+01
6.77857271e+02 1.58390055e+01
6.78050417e+02 1.55232212e+01
6.78726428e+02 1.41641730e+01
6.79016147e+02 1.36516137e+01
6.79402439e+02 1.30671020e+01
6.79981877e+02 1.23211683e+01
6.80368169e+02 1.18923673e+01
6.80561315e+02 1.17249331e+01
6.80764725e+02 1.16120113e+01
6.80917283e+02 1.15854844e+01
6.81065570e+02 1.16163480e+01
6.81163004e+02 1.16686870e+01
6.81357873e+02 1.18465289e+01
6.81552742e+02 1.21046077e+01
6.82039913e+02 1.28505585e+01
6.82234782e+02 1.30756536e+01
6.82429650e+02 1.32114102e+01
6.82607818e+02 1.32496736e+01
6.82769283e+02 1.32185410e+01
6.83011481e+02 1.30807851e+01
6.83818808e+02 1.23915779e+01
6.84141739e+02 1.21828507e+01
6.84464670e+02 1.20360406e+01
6.84787601e+02 1.19469328e+01
6.85224716e+02 1.19084351e+01
6.85795634e+02 1.19267076e+01
6.86167072e+02 1.18894550e+01
6.86453215e+02 1.17917495e+01
6.86739358e+02 1.16262546e+01
6.87168572e+02 1.12826532e+01
6.87597786e+02 1.09121331e+01
6.87883929e+02 1.07139151e+01
6.88098536e+02 1.06205119e+01
6.88313143e+02 1.05892201e+01
6.89851788e+02 1.12353130e+01
6.89932896e+02 1.12379041e+01
6.90176218e+02 1.12113871e+01
6.90500647e+02 1.11072918e+01
6.91149505e+02 1.07791269e+01
6.91365791e+02 1.07100525e+01
6.91473934e+02 1.07021118e+01
6.91632379e+02 1.07349964e+01
6.91783286e+02 1.08251880e+01
6.91934193e+02 1.09790460e+01
6.92085100e+02 1.11967324e+01
6.92286310e+02 1.15737484e+01
6.92789333e+02 1.26940581e+01
6.92990543e+02 1.30689796e+01
6.93141450e+02 1.32747712e+01
6.93294733e+02 1.34023544e+01
6.93442189e+02 1.34427359e+01
6.93611192e+02 1.33934787e+01
6.93753510e+02 1.32827183e+01
6.93966987e+02 1.30270794e+01
6.94536260e+02 1.21526703e+01
6.94820896e+02 1.17644131e+01
6.95105532e+02 1.14538956e+01
6.95390168e+02 1.12205751e+01
6.95674805e+02 1.10615646e+01
6.95918596e+02 1.09871390e+01
6.96162388e+02 1.09709159e+01
6.97372564e+02 1.12710142e+01
6.98042270e+02 1.13403116e+01
6.98265627e+02 1.14136722e+01
6.98488983e+02 1.15477503e+01
6.98712339e+02 1.17422707e+01
6.99270731e+02 1.23290538e+01
6.99494087e+02 1.25073947e+01
6.99717443e+02 1.26055695e+01
6.99829122e+02 1.26194289e+01
7.00043116e+02 1.25789926e+01
7.00257111e+02 1.24585842e+01
7.00399775e+02 1.23429153e+01
7.01113091e+02 1.16250106e+01
7.01398417e+02 1.13964125e+01
7.01683744e+02 1.12426527e+01
7.01969070e+02 1.11624530e+01
7.02216260e+02 1.11430937e+01
7.02529841e+02 1.11703066e+01
7.02947948e+02 1.12743956e+01
7.03923532e+02 1.16509081e+01
7.04202270e+02 1.17095828e+01
7.04341640e+02 1.17189491e+01
7.06173057e+02 1.13987093e+01
7.06539340e+02 1.12588072e+01
7.06905623e+02 1.10329705e+01
7.07953599e+02 1.01924306e+01
7.08209234e+02 1.00385212e+01
7.08379657e+02 9.97400812e+00
7.08550080e+02 9.95102837e+00
7.08699883e+02 9.97181863e+00
7.08893659e+02 1.00621593e+01
7.09087436e+02 1.02257859e+01
7.09281212e+02 1.04564265e+01
7.09539580e+02 1.08416932e+01
7.10056316e+02 1.16721517e+01
7.10250092e+02 1.19285405e+01
7.10443869e+02 1.21234964e+01
7.10637645e+02 1.22452580e+01
7.10848048e+02 1.22894243e+01
7.11058661e+02 1.22454396e+01
7.11253074e+02 1.21369475e+01
7.11577095e+02 1.18532448e+01
7.12225137e+02 1.11839551e+01
7.12484354e+02 1.09624419e+01
7.12873180e+02 1.07111047e+01
7.13391613e+02 1.04802496e+01
7.14428481e+02 1.01144136e+01
7.14752502e+02 1.00488470e+01
7.14849709e+02 1.00440908e+01
7.15109028e+02 1.00786742e+01
7.15271142e+02 1.01377313e+01
7.15595368e+02 1.03276047e+01
7.16405935e+02 1.09148101e+01
7.16892275e+02 1.12010386e+01
7.17216502e+02 1.13321800e+01
7.17540729e+02 1.13867737e+01
7.18763799e+02 1.12526453e+01
7.19102744e+02 1.13186636e+01
7.19780635e+02 1.15439590e+01
7.20061324e+02 1.15798571e+01
7.20119580e+02 1.15782397e+01
7.21399704e+02 1.11812440e+01
7.22449122e+02 1.11301249e+01
7.22896651e+02 1.11135153e+01
7.23610512e+02 1.11271425e+01
7.24038061e+02 1.10820264e+01
7.24417252e+02 1.09626063e+01
7.25365229e+02 1.05219505e+01
7.27276870e+02 9.83619800e+00
7.27869187e+02 9.67914747e+00
7.28288745e+02 9.63042739e+00
7.28325764e+02 9.63003087e+00
7.28609547e+02 9.65437113e+00
7.29053677e+02 9.77967630e+00
7.29423785e+02 9.88064621e+00
7.29544070e+02 9.88953090e+00
7.29737377e+02 9.86332361e+00
7.29920433e+02 9.78621178e+00
7.30103489e+02 9.66007890e+00
7.30652656e+02 9.15575563e+00
7.30789948e+02 9.06601022e+00
7.30927240e+02 9.02428059e+00
7.31064532e+02 9.05071589e+00
7.31160189e+02 9.12097988e+00
7.31259975e+02 9.24931453e+00
7.31359761e+02 9.44302201e+00
7.31434601e+02 9.63696393e+00
7.31509441e+02 9.87716836e+00
7.31584280e+02 1.01677181e+01
7.31659120e+02 1.05125975e+01
7.31733960e+02 1.09155926e+01
7.31808799e+02 1.13801627e+01
7.31883639e+02 1.19092904e+01
7.31943982e+02 1.23845493e+01
7.32014776e+02 1.29986616e+01
7.32085569e+02 1.36743513e+01
7.32156363e+02 1.44112355e+01
7.32262552e+02 1.56276694e+01
7.32368742e+02 1.69675873e+01
7.32474932e+02 1.84132553e+01
7.32654663e+02 2.10262295e+01
7.32906285e+02 2.47317859e+01
7.33014123e+02 2.62051182e+01
7.33119977e+02 2.75133088e+01
7.33224837e+02 2.86293171e+01
7.33329698e+02 2.95273132e+01
7.33434559e+02 3.01766357e+01
7.33504466e+02 3.04608346e+01
7.33574373e+02 3.06220398e+01
7.33630953e+02 3.06618556e+01
7.33703697e+02 3.05952099e+01
7.33798067e+02 3.03179603e+01
7.33892437e+02 2.98397223e+01
7.33986808e+02 2.91820540e+01
7.34081178e+02 2.83714144e+01
7.34175548e+02 2.74375865e+01
7.34301375e+02 2.60552399e+01
7.34676343e+02 2.16651013e+01
7.34797142e+02 2.03438563e+01
7.34917942e+02 1.91265708e+01
7.35038741e+02 1.80302351e+01
7.35159541e+02 1.70618002e+01
7.35280340e+02 1.62200803e+01
7.35401140e+02 1.54979042e+01
7.35521940e+02 1.48842339e+01
7.35628287e+02 1.44234640e+01
7.35766128e+02 1.39213358e+01
7.35903970e+02 1.35090912e+01
7.36041811e+02 1.31702184e+01
7.36225600e+02 1.28101659e+01
7.36409388e+02 1.25355229e+01
7.36593177e+02 1.23334846e+01
7.36776965e+02 1.21968108e+01
7.36960754e+02 1.21194849e+01
7.37180029e+02 1.20929610e+01
7.37562172e+02 1.21543827e+01
7.38071696e+02 1.22602839e+01
7.38741686e+02 1.22966042e+01
7.39053270e+02 1.23878597e+01
7.39318032e+02 1.25564474e+01
7.39671049e+02 1.28816421e+01
7.40024065e+02 1.32181623e+01
7.40377082e+02 1.34892944e+01
7.41259623e+02 1.40695162e+01
7.41524386e+02 1.42013240e+01
7.41700894e+02 1.42306764e+01
7.41862542e+02 1.41979717e+01
7.42082725e+02 1.40480820e+01
7.42302908e+02 1.37804588e+01
7.42523091e+02 1.34207590e+01
7.43110245e+02 1.23028713e+01
7.43403822e+02 1.17932394e+01
7.43624005e+02 1.14644819e+01
7.43844188e+02 1.11924557e+01
7.44064371e+02 1.09897127e+01
7.44223493e+02 1.08950474e+01
7.44416381e+02 1.08474461e+01
7.44437813e+02 1.08469721e+01
7.44587949e+02 1.08711004e+01
7.44695221e+02 1.09171161e+01
7.44909765e+02 1.10732703e+01
7.45231581e+02 1.14155325e+01
7.45553398e+02 1.17770647e+01
7.45767942e+02 1.19731293e+01
7.45982486e+02 1.21133626e+01
7.46313404e+02 1.22287710e+01
7.46821381e+02 1.22823782e+01
7.46980236e+02 1.22868384e+01
7.47402470e+02 1.22489785e+01
7.47716041e+02 1.21345662e+01
7.48029612e+02 1.19361637e+01
7.48552231e+02 1.15542116e+01
7.48761278e+02 1.14515062e+01
7.49022282e+02 1.14031634e+01
7.49219714e+02 1.14281813e+01
7.49469101e+02 1.15196978e+01
7.50134136e+02 1.18536647e+01
7.50632911e+02 1.20271974e+01
7.51297945e+02 1.21846743e+01
7.51464204e+02 1.21995864e+01
7.51630463e+02 1.21921241e+01
7.53140078e+02 1.14113900e+01
7.53302651e+02 1.14580023e+01
7.53465225e+02 1.15628242e+01
7.53709084e+02 1.18087370e+01
7.54115518e+02 1.22945991e+01
7.54278091e+02 1.24464855e+01
7.54440664e+02 1.25428408e+01
7.54561091e+02 1.25709978e+01
7.54748421e+02 1.25374587e+01
7.54935752e+02 1.24162909e+01
7.55123082e+02 1.22261995e+01
7.55778738e+02 1.13893057e+01
7.56059733e+02 1.10937804e+01
7.56340729e+02 1.08629604e+01
7.56809054e+02 1.05728390e+01
7.57090050e+02 1.04428410e+01
7.57277380e+02 1.03894667e+01
7.57371045e+02 1.03790184e+01
7.57571982e+02 1.04085431e+01
7.57726554e+02 1.04928162e+01
7.57867520e+02 1.06254049e+01
7.58008486e+02 1.08149887e+01
7.58149452e+02 1.10605584e+01
7.58337406e+02 1.14634745e+01
7.58901269e+02 1.28585134e+01
7.59089223e+02 1.32418170e+01
7.59257946e+02 1.35002134e+01
7.59426669e+02 1.36641413e+01
7.59583809e+02 1.37300854e+01
7.59628466e+02 1.37342849e+01
7.59807096e+02 1.36938142e+01
7.59985726e+02 1.35787512e+01
7.60432301e+02 1.31504331e+01
7.60700247e+02 1.29395141e+01
7.60878877e+02 1.28608769e+01
7.60968192e+02 1.28427178e+01
7.62017954e+02 1.30732520e+01
7.62253898e+02 1.30105439e+01
7.62489841e+02 1.28552388e+01
7.62804432e+02 1.25374947e+01
7.63433613e+02 1.17857746e+01
7.63748204e+02 1.14552761e+01
7.64062795e+02 1.11993031e+01
7.64298739e+02 1.10735290e+01
7.64534682e+02 1.10162924e+01
7.64599416e+02 1.10135536e+01
7.64812602e+02 1.10451355e+01
7.65025787e+02 1.11378242e+01
7.65167911e+02 1.12312369e+01
7.65452158e+02 1.14825053e+01
7.66162777e+02 1.22884518e+01
7.66447024e+02 1.25554907e+01
7.66660210e+02 1.26856967e+01
7.66896678e+02 1.27425059e+01
7.66919961e+02 1.27430055e+01
7.67152790e+02 1.27021448e+01
7.67432185e+02 1.25668344e+01
7.68177239e+02 1.20863022e+01
7.68922293e+02 1.16566879e+01
7.69853609e+02 1.10179971e+01
7.70159162e+02 1.08774837e+01
7.70464715e+02 1.08167724e+01
7.70544100e+02 1.08139071e+01
7.70782257e+02 1.08319038e+01
7.71258569e+02 1.09485570e+01
7.71734882e+02 1.11353866e+01
7.72528736e+02 1.15607043e+01
7.72766893e+02 1.16401470e+01
7.72925664e+02 1.16544056e+01
7.73128453e+02 1.16169352e+01
7.73375260e+02 1.14843257e+01
7.73622067e+02 1.12710481e+01
7.74239086e+02 1.06081181e+01
7.74485893e+02 1.03848406e+01
7.74732700e+02 1.02206988e+01
7.74979508e+02 1.01188244e+01
7.75922423e+02 9.98808793e+00
7.76569779e+02 9.80301979e+00
7.76739710e+02 9.78207423e+00
7.76893457e+02 9.80504891e+00
7.77019253e+02 9.86645996e+00
7.77141374e+02 9.97214383e+00
7.77263495e+02 1.01302167e+01
7.77385615e+02 1.03453594e+01
7.77507736e+02 1.06193340e+01
7.77629857e+02 1.09505194e+01
7.77751978e+02 1.13337427e+01
7.77935159e+02 1.19866158e+01
7.78408380e+02 1.38186238e+01
7.78597668e+02 1.44743264e+01
7.78739634e+02 1.48976200e+01
7.78881600e+02 1.52508416e+01
7.79023566e+02 1.55295346e+01
7.79165532e+02 1.57340051e+01
7.79354821e+02 1.58985431e+01
7.79558973e+02 1.59548522e+01
7.79799890e+02 1.58909640e+01
7.80062709e+02 1.56996098e+01
7.80325528e+02 1.54141235e+01
7.80675953e+02 1.49240074e+01
7.81552016e+02 1.34533076e+01
7.81902442e+02 1.29378911e+01
7.82252867e+02 1.25201957e+01
7.82699418e+02 1.20807462e+01
7.83257608e+02 1.15834006e+01
7.83592522e+02 1.13450177e+01
7.83815798e+02 1.12499171e+01
7.83983255e+02 1.12270760e+01
7.84166068e+02 1.12580381e+01
7.84356561e+02 1.13561884e+01
7.84547053e+02 1.15192957e+01
7.84801042e+02 1.18207687e+01
7.85436017e+02 1.27132897e+01
7.85690006e+02 1.29833941e+01
7.85880498e+02 1.31131259e+01
7.86070991e+02 1.31735891e+01
7.86166230e+02 1.31786586e+01
7.86451949e+02 1.31084230e+01
7.86832907e+02 1.28842944e+01
7.87975783e+02 1.20599637e+01
7.88737699e+02 1.14865604e+01
7.89023418e+02 1.13279796e+01
7.89275814e+02 1.12572103e+01
7.89378947e+02 1.12505861e+01
7.89432969e+02 1.12523031e+01
7.90929373e+02 1.18282159e+01
7.91069799e+02 1.18376522e+01
7.91337884e+02 1.18031728e+01
7.91746395e+02 1.16570748e+01
7.92359162e+02 1.14078908e+01
7.93176184e+02 1.11217298e+01
7.94095334e+02 1.06774589e+01
7.94353750e+02 1.06155854e+01
7.94431895e+02 1.06127798e+01
7.94642339e+02 1.06507246e+01
7.94840789e+02 1.07521058e+01
7.95039238e+02 1.09147458e+01
7.95303838e+02 1.12049203e+01
7.95833037e+02 1.18462013e+01
7.96097637e+02 1.20956182e+01
7.96362236e+02 1.22565544e+01
7.96626836e+02 1.23257808e+01
7.96720239e+02 1.23303583e+01
7.97000448e+02 1.22924829e+01
7.97374060e+02 1.21499506e+01
7.97747672e+02 1.19360028e+01
7.98121284e+02 1.16748563e+01
7.99055313e+02 1.09667372e+01
7.99335522e+02 1.07994589e+01
7.99615731e+02 1.06981435e+01
7.99750958e+02 1.06837996e+01
7.99943851e+02 1.07135346e+01
8.00116848e+02 1.07981425e+01
8.00289845e+02 1.09419883e+01
8.00462843e+02 1.11440375e+01
8.00693506e+02 1.14901984e+01
8.01270163e+02 1.24919779e+01
8.01500826e+02 1.28288212e+01
8.01731489e+02 1.30887159e+01
8.02710864e+02 1.37863509e+01
8.03200551e+02 1.42132556e+01
8.03445395e+02 1.43590130e+01
8.03598423e+02 1.43901197e+01
8.03790965e+02 1.43454689e+01
8.03992418e+02 1.41951603e+01
8.04193871e+02 1.39544971e+01
8.04697503e+02 1.32012664e+01
8.04898956e+02 1.29530047e+01
8.05100409e+02 1.27856583e+01
8.05301862e+02 1.27127577e+01
8.05355558e+02 1.27092168e+01
8.05516647e+02 1.27351449e+01
8.05731433e+02 1.28400253e+01
8.06483184e+02 1.34026268e+01
8.06805362e+02 1.35470270e+01
8.07020148e+02 1.35798609e+01
8.07346948e+02 1.35306690e+01
8.07673748e+02 1.33753880e+01
8.07891614e+02 1.32258169e+01
8.08980947e+02 1.23098987e+01
8.09307747e+02 1.20987037e+01
8.09634547e+02 1.19497480e+01
8.11349816e+02 1.14847535e+01
8.11687337e+02 1.14275225e+01
8.11856097e+02 1.14176661e+01
8.13185622e+02 1.15264262e+01
8.13857121e+02 1.15121728e+01
8.14341158e+02 1.15494616e+01
8.15418343e+02 1.17749936e+01
8.15633780e+02 1.17947600e+01
8.15849217e+02 1.17864886e+01
8.16226605e+02 1.16978394e+01
8.16981381e+02 1.14007206e+01
8.17264421e+02 1.13418432e+01
8.17358768e+02 1.13395100e+01
8.17613478e+02 1.13886112e+01
8.17868187e+02 1.15236164e+01
8.18122896e+02 1.17338780e+01
8.18759670e+02 1.23860035e+01
8.19014379e+02 1.25888051e+01
8.19205411e+02 1.26826648e+01
8.19396443e+02 1.27183127e+01
8.19614448e+02 1.26919109e+01
8.19832454e+02 1.26102399e+01
8.20813478e+02 1.20599314e+01
8.21140486e+02 1.19610699e+01
8.21303108e+02 1.19513105e+01
8.21628353e+02 1.20087599e+01
8.22441466e+02 1.23233157e+01
8.23091956e+02 1.24981052e+01
8.23579823e+02 1.25455619e+01
8.23988523e+02 1.24920526e+01
8.24480677e+02 1.23375428e+01
8.25711062e+02 1.18825934e+01
8.27187523e+02 1.14404330e+01
8.27679677e+02 1.13395373e+01
8.27908712e+02 1.13176340e+01
8.30004610e+02 1.14321535e+01
8.31605747e+02 1.11665134e+01
8.32704719e+02 1.12162434e+01
8.33062309e+02 1.11583195e+01
8.33419898e+02 1.10384917e+01
8.34135077e+02 1.07588462e+01
8.34671461e+02 1.06118797e+01
8.35207845e+02 1.05267877e+01
8.35386640e+02 1.05205159e+01
8.35706242e+02 1.05620715e+01
8.35917454e+02 1.06412593e+01
8.36128665e+02 1.07703041e+01
8.36410281e+02 1.10197038e+01
8.36832704e+02 1.15056930e+01
8.37114319e+02 1.18332399e+01
8.37395935e+02 1.20994540e+01
8.37607146e+02 1.22346588e+01
8.37818358e+02 1.23082401e+01
8.39257114e+02 1.21624923e+01
8.39530515e+02 1.22425455e+01
8.40077318e+02 1.24791763e+01
8.40282368e+02 1.25124493e+01
8.40458456e+02 1.24896967e+01
8.40673932e+02 1.23931136e+01
8.40997145e+02 1.21382367e+01
8.41428095e+02 1.17491060e+01
8.41751308e+02 1.15374607e+01
8.42074521e+02 1.14272644e+01
8.42447311e+02 1.13872732e+01
8.42959895e+02 1.13579921e+01
8.43379276e+02 1.12688455e+01
8.43798656e+02 1.10922398e+01
8.44497625e+02 1.07274348e+01
8.44777212e+02 1.06327217e+01
8.45056799e+02 1.05971118e+01
8.45328071e+02 1.06218537e+01
8.45599343e+02 1.07006956e+01
8.45870615e+02 1.08303413e+01
8.46141888e+02 1.10123531e+01
8.46413160e+02 1.12499969e+01
8.46865280e+02 1.17542521e+01
8.47317400e+02 1.22914324e+01
8.47588672e+02 1.25515566e+01
8.47859944e+02 1.27184854e+01
8.48092403e+02 1.27720075e+01
8.48338155e+02 1.27386971e+01
8.48583908e+02 1.26257351e+01
8.48747743e+02 1.25164053e+01
8.49566919e+02 1.18242059e+01
8.49894589e+02 1.15918479e+01
8.50222259e+02 1.14290080e+01
8.50549929e+02 1.13361834e+01
8.51084582e+02 1.12876554e+01
8.51269991e+02 1.12860579e+01
8.51973669e+02 1.13200487e+01
8.52960635e+02 1.14825318e+01
8.53140083e+02 1.14908243e+01
8.53443062e+02 1.14607846e+01
8.53869572e+02 1.13326588e+01
8.54509337e+02 1.10885609e+01
8.55788867e+02 1.07158316e+01
8.58228595e+02 9.86478661e+00
8.59220288e+02 9.48908996e+00
8.59517796e+02 9.42371521e+00
8.59616965e+02 9.41823687e+00
8.59815304e+02 9.44373868e+00
8.59976141e+02 9.50983955e+00
8.60136977e+02 9.62592772e+00
8.60297814e+02 9.79874600e+00
8.60458651e+02 1.00318069e+01
8.60619487e+02 1.03241730e+01
8.60780324e+02 1.06697043e+01
8.60994773e+02 1.11928231e+01
8.61423671e+02 1.23009040e+01
8.61663606e+02 1.28530998e+01
8.61862671e+02 1.32306804e+01
8.62061736e+02 1.35197467e+01
8.62260801e+02 1.37152351e+01
8.62459866e+02 1.38177614e+01
8.62592576e+02 1.38359821e+01
8.62777352e+02 1.37971880e+01
8.62962128e+02 1.36877393e+01
8.63208497e+02 1.34445539e+01
8.63454865e+02 1.31177883e+01
8.63947601e+02 1.24049509e+01
8.64193969e+02 1.21275089e+01
8.64378745e+02 1.19884223e+01
8.64563521e+02 1.19158919e+01
8.64671946e+02 1.19035352e+01
8.64888796e+02 1.19371185e+01
8.65214070e+02 1.20886218e+01
8.65647769e+02 1.23426622e+01
8.66081469e+02 1.25289807e+01
8.66634969e+02 1.27129384e+01
8.66891383e+02 1.28663435e+01
8.67147797e+02 1.31090572e+01
8.67404211e+02 1.34421608e+01
8.67917039e+02 1.42146588e+01
8.68173454e+02 1.45234046e+01
8.68365764e+02 1.46718599e+01
8.68558075e+02 1.47338120e+01
8.68722363e+02 1.47159291e+01
8.68968795e+02 1.45759235e+01
8.69215226e+02 1.43253195e+01
8.69543802e+02 1.38819801e+01
8.70036666e+02 1.31562271e+01
8.70365242e+02 1.27320736e+01
8.70611674e+02 1.24756927e+01
8.70858105e+02 1.22780944e+01
8.71186681e+02 1.20965702e+01
8.71579164e+02 1.19620255e+01
8.72364130e+02 1.17337966e+01
8.72756614e+02 1.15685555e+01
8.73737821e+02 1.10695669e+01
8.74032184e+02 1.09649901e+01
8.74326546e+02 1.09233964e+01
8.74427832e+02 1.09272073e+01
8.76169643e+02 1.16800824e+01
8.76450492e+02 1.16398295e+01
8.76731342e+02 1.15244125e+01
8.77573891e+02 1.10134081e+01
8.77854741e+02 1.08804796e+01
8.78135591e+02 1.07975898e+01
8.78416440e+02 1.07708927e+01
8.78733858e+02 1.08043651e+01
8.79051276e+02 1.08905377e+01
8.80003528e+02 1.12640835e+01
8.80479655e+02 1.14057491e+01
8.80836749e+02 1.14447787e+01
8.81157017e+02 1.14149293e+01
8.81559487e+02 1.12981549e+01
8.82163194e+02 1.10823988e+01
8.82439892e+02 1.10457937e+01
8.82638258e+02 1.10700969e+01
8.82856039e+02 1.11555082e+01
8.83073819e+02 1.13038639e+01
8.83291600e+02 1.15075324e+01
8.84017535e+02 1.23434500e+01
8.84307909e+02 1.26139176e+01
8.84525690e+02 1.27548734e+01
8.84743470e+02 1.28357517e+01
8.84888657e+02 1.28566545e+01
8.85196534e+02 1.28230348e+01
8.85504411e+02 1.27064007e+01
8.86120165e+02 1.23486148e+01
8.86735919e+02 1.19889888e+01
8.87351673e+02 1.16950512e+01
8.88172678e+02 1.13460581e+01
8.90376144e+02 1.05039335e+01
8.91037184e+02 1.02959377e+01
8.91477877e+02 1.02042752e+01
8.92026111e+02 1.01644987e+01
8.92652539e+02 1.01753591e+01
8.93041266e+02 1.01404770e+01
8.93317576e+02 1.00658120e+01
8.93593886e+02 9.94267389e+00
8.94008351e+02 9.68430627e+00
8.94560971e+02 9.31613517e+00
8.94837281e+02 9.19368360e+00
8.95044514e+02 9.15882849e+00
8.95261889e+02 9.19109164e+00
8.95410187e+02 9.25891225e+00
8.95558485e+02 9.36561539e+00
8.95780931e+02 9.59693947e+00
8.96003378e+02 9.90470779e+00
8.96299974e+02 1.04025952e+01
8.96893165e+02 1.14794191e+01
8.97189761e+02 1.19446911e+01
8.97412207e+02 1.22291857e+01
8.97597696e+02 1.24187583e+01
8.97820376e+02 1.25890050e+01
8.98043056e+02 1.27005959e+01
8.98377076e+02 1.27730595e+01
8.99731637e+02 1.26227397e+01
9.00095431e+02 1.26893267e+01
9.00823019e+02 1.29130342e+01
9.01095864e+02 1.29421810e+01
9.01186812e+02 1.29378539e+01
9.02460560e+02 1.25396165e+01
9.02685266e+02 1.25309001e+01
9.03134677e+02 1.25493661e+01
9.03476891e+02 1.25004433e+01
9.03711910e+02 1.24044062e+01
9.04064437e+02 1.21760187e+01
9.04534473e+02 1.18258084e+01
9.04769491e+02 1.16890380e+01
9.05004510e+02 1.16050489e+01
9.05239528e+02 1.15815073e+01
9.06470892e+02 1.18928967e+01
9.08001355e+02 1.16849373e+01
9.09042172e+02 1.18742036e+01
9.10060360e+02 1.18964630e+01
9.10797537e+02 1.19635675e+01
9.11138585e+02 1.19220837e+01
9.11424551e+02 1.17980785e+01
9.11710516e+02 1.15888831e+01
9.12187126e+02 1.11139479e+01
9.12759057e+02 1.05080768e+01
9.13140345e+02 1.01655644e+01
9.13426310e+02 9.96740498e+00
9.13712276e+02 9.83863538e+00
9.13902920e+02 9.80405919e+00
9.14093563e+02 9.82401498e+00
9.14247604e+02 9.89077419e+00
9.14401645e+02 1.00135396e+01
9.14555686e+02 1.02029394e+01
9.14709727e+02 1.04688159e+01
9.14825258e+02 1.07228984e+01
9.14940788e+02 1.10255173e+01
9.15094829e+02 1.15030825e+01
9.15248870e+02 1.20572521e+01
9.15477483e+02 1.29827691e+01
9.15780669e+02 1.42577558e+01
9.15932262e+02 1.48411038e+01
9.16083856e+02 1.53438832e+01
9.16235449e+02 1.57384272e+01
9.16349144e+02 1.59513333e+01
9.16462838e+02 1.60879568e+01
9.16604769e+02 1.61504735e+01
9.16737037e+02 1.61055541e+01
9.16869305e+02 1.59712411e+01
9.17001573e+02 1.57614422e+01
9.17199975e+02 1.53409418e+01
9.17596778e+02 1.43194457e+01
9.17861314e+02 1.36428877e+01
9.18125850e+02 1.30389618e+01
9.18390386e+02 1.25306567e+01
9.18588788e+02 1.22177026e+01
9.18838984e+02 1.19111085e+01
9.19023046e+02 1.17506444e+01
9.19207108e+02 1.16451503e+01
9.19391170e+02 1.15906298e+01
9.20487025e+02 1.16717699e+01
9.20723682e+02 1.16095296e+01
9.21118111e+02 1.14039486e+01
9.21433654e+02 1.12456097e+01
9.21591425e+02 1.12113342e+01
9.21749196e+02 1.12272685e+01
9.21902116e+02 1.13010696e+01
9.22055036e+02 1.14375025e+01
9.22156982e+02 1.15631341e+01
9.22360875e+02 1.18891676e+01
9.22564767e+02 1.22906725e+01
9.22972553e+02 1.31576720e+01
9.23176445e+02 1.35415592e+01
9.23380338e+02 1.38551774e+01
9.23563613e+02 1.40704185e+01
9.23838527e+02 1.42870951e+01
9.24113440e+02 1.44108369e+01
9.24525809e+02 1.44892193e+01
9.24571628e+02 1.44908361e+01
9.24846541e+02 1.44619157e+01
9.25081641e+02 1.43711028e+01
9.25316741e+02 1.42081075e+01
9.25630208e+02 1.38840468e+01
9.26100408e+02 1.32562885e+01
9.26570608e+02 1.26238964e+01
9.26884074e+02 1.22813800e+01
9.27119174e+02 1.21014668e+01
9.27275908e+02 1.20331696e+01
9.27354274e+02 1.20181149e+01
9.27528287e+02 1.20383808e+01
9.27669245e+02 1.21170456e+01
9.27810203e+02 1.22589269e+01
9.27951161e+02 1.24692100e+01
9.28092119e+02 1.27502879e+01
9.28233077e+02 1.31007084e+01
9.28374035e+02 1.35142930e+01
9.28561980e+02 1.41434368e+01
9.28937868e+02 1.54956721e+01
9.29109639e+02 1.60532894e+01
9.29265236e+02 1.64707940e+01
9.29420833e+02 1.67757187e+01
9.29537531e+02 1.69192486e+01
9.29693064e+02 1.69918874e+01
9.29809569e+02 1.69609844e+01
9.29964909e+02 1.68214735e+01
9.30197919e+02 1.64670937e+01
9.30508599e+02 1.59412339e+01
9.30663939e+02 1.57488431e+01
9.30819279e+02 1.56455281e+01
9.30896949e+02 1.56326277e+01
9.32130703e+02 1.69950920e+01
9.32266181e+02 1.69370538e+01
9.32401659e+02 1.67865531e+01
9.32537138e+02 1.65493849e+01
9.32740355e+02 1.60592123e+01
9.32943572e+02 1.54622218e+01
9.33338345e+02 1.42559546e+01
9.33524068e+02 1.37682581e+01
9.33709792e+02 1.33737947e+01
9.33895516e+02 1.30847180e+01
9.34081240e+02 1.28995175e+01
9.34277020e+02 1.28028041e+01
9.34420948e+02 1.27828692e+01
9.34780769e+02 1.28439604e+01
9.35212555e+02 1.29421860e+01
9.35356483e+02 1.29480739e+01
9.35592608e+02 1.29138579e+01
9.35946795e+02 1.27611304e+01
9.36300982e+02 1.25170060e+01
9.37245481e+02 1.17524655e+01
9.37717731e+02 1.14256302e+01
9.38426105e+02 1.10275777e+01
9.39266794e+02 1.06349872e+01
9.39663736e+02 1.04981448e+01
9.39994521e+02 1.04445273e+01
9.40060678e+02 1.04439848e+01
9.40318640e+02 1.04861121e+01
9.40507112e+02 1.05710733e+01
9.40695584e+02 1.07105022e+01
9.40884056e+02 1.09086407e+01
9.41072528e+02 1.11642083e+01
9.41198176e+02 1.13626295e+01
9.41826416e+02 1.24818480e+01
9.42014888e+02 1.27651009e+01
9.42203360e+02 1.29784344e+01
9.42346018e+02 1.30831778e+01
9.42536540e+02 1.31413507e+01
9.42584403e+02 1.31415309e+01
9.42775858e+02 1.30897301e+01
9.42967313e+02 1.29689202e+01
9.43445950e+02 1.25405035e+01
9.43733133e+02 1.23282996e+01
9.44020315e+02 1.22146551e+01
9.44273152e+02 1.21933143e+01
9.44778827e+02 1.22327566e+01
9.45124095e+02 1.21952172e+01
9.45401388e+02 1.20961870e+01
9.46140834e+02 1.17203610e+01
9.46418127e+02 1.16451704e+01
9.46510558e+02 1.16394005e+01
9.46725195e+02 1.16694602e+01
9.46939832e+02 1.17588086e+01
9.47261788e+02 1.19731478e+01
9.47583743e+02 1.22135405e+01
9.47905699e+02 1.24027882e+01
9.48227654e+02 1.24967847e+01
9.48381942e+02 1.25060684e+01
9.48690517e+02 1.24670966e+01
9.49153380e+02 1.23180119e+01
9.50079105e+02 1.19531787e+01
9.50387680e+02 1.18761296e+01
9.50696256e+02 1.18578103e+01
9.52462938e+02 1.23225792e+01
9.52514669e+02 1.23235828e+01
9.52825057e+02 1.23010559e+01
9.53238908e+02 1.22124577e+01
9.53652758e+02 1.20764070e+01
9.54066609e+02 1.18891450e+01
9.54480460e+02 1.16407546e+01
9.55308161e+02 1.10517702e+01
9.55618549e+02 1.08878358e+01
9.55897209e+02 1.08196949e+01
9.55958528e+02 1.08173575e+01
9.56115964e+02 1.08342041e+01
9.56343237e+02 1.09168487e+01
9.56570510e+02 1.10617165e+01
9.57252328e+02 1.16565911e+01
9.57479601e+02 1.18139559e+01
9.57706874e+02 1.19122684e+01
9.57820510e+02 1.19366019e+01
9.59189731e+02 1.16889742e+01
9.59397471e+02 1.17599915e+01
9.59605210e+02 1.19053947e+01
9.59812949e+02 1.21300726e+01
9.60020688e+02 1.24307326e+01
9.60332297e+02 1.29927072e+01
9.60747775e+02 1.38037005e+01
9.61011807e+02 1.42358952e+01
9.61171969e+02 1.44293489e+01
9.61332131e+02 1.45570798e+01
9.61537020e+02 1.46162830e+01
9.61671201e+02 1.45920204e+01
9.61850109e+02 1.44887842e+01
9.62118470e+02 1.42110700e+01
9.62565739e+02 1.35660147e+01
9.62923555e+02 1.30253623e+01
9.63281370e+02 1.25472689e+01
9.63549732e+02 1.22507301e+01
9.63818093e+02 1.20130733e+01
9.64086455e+02 1.18350587e+01
9.64354816e+02 1.17145830e+01
9.64661626e+02 1.16389938e+01
9.65871241e+02 1.15637357e+01
9.66838378e+02 1.13801694e+01
9.67225233e+02 1.13516082e+01
9.67670822e+02 1.14036227e+01
9.68116411e+02 1.15471534e+01
9.69156118e+02 1.20291962e+01
9.69453177e+02 1.21034441e+01
9.69601707e+02 1.21151571e+01
9.71779245e+02 1.14040450e+01
9.72932641e+02 1.13597753e+01
9.74107714e+02 1.12935667e+01
9.75278311e+02 1.13531775e+01
9.75692117e+02 1.12819854e+01
9.76519729e+02 1.09881685e+01
9.76804220e+02 1.09480281e+01
9.77042532e+02 1.09832101e+01
9.77260528e+02 1.10790350e+01
9.77478523e+02 1.12308752e+01
9.78132509e+02 1.18206955e+01
9.78350505e+02 1.19739620e+01
9.78568500e+02 1.20720812e+01
9.78834517e+02 1.21129179e+01
9.79148554e+02 1.20749591e+01
9.79776629e+02 1.19362946e+01
9.80173533e+02 1.19137455e+01
9.80653304e+02 1.19251879e+01
9.80893189e+02 1.19146165e+01
9.82831790e+02 1.14827278e+01
9.83144704e+02 1.15072582e+01
9.83457619e+02 1.15926687e+01
9.83926992e+02 1.18024414e+01
9.84396364e+02 1.20442318e+01
9.84865736e+02 1.22397578e+01
9.85178651e+02 1.23100308e+01
9.85335109e+02 1.23238942e+01
9.85760510e+02 1.23024509e+01
9.87249414e+02 1.20569335e+01
9.87674815e+02 1.19357213e+01
9.88738318e+02 1.14752655e+01
9.89109874e+02 1.13630906e+01
9.89388542e+02 1.13353090e+01
9.89481431e+02 1.13388867e+01
9.91120920e+02 1.18521856e+01
9.91163354e+02 1.18531280e+01
9.91417956e+02 1.18270683e+01
9.92096894e+02 1.16215784e+01
9.92436364e+02 1.15693529e+01
9.93729307e+02 1.17695616e+01
9.94066128e+02 1.17150841e+01
9.94402949e+02 1.15749730e+01
9.94908180e+02 1.12534784e+01
9.95581822e+02 1.07767465e+01
9.95918642e+02 1.05909319e+01
9.96171258e+02 1.05060968e+01
9.96360720e+02 1.04848037e+01
9.96541089e+02 1.05045579e+01
9.96775519e+02 1.05936770e+01
9.97009950e+02 1.07530279e+01
9.97361596e+02 1.10911414e+01
9.97713242e+02 1.14561200e+01
9.97947673e+02 1.16474450e+01
9.98123496e+02 1.17367220e+01
9.98299319e+02 1.17677993e+01
9.98496331e+02 1.17293821e+01
9.98693344e+02 1.16196540e+01
9.98988863e+02 1.13607153e+01
9.99382889e+02 1.09838339e+01
9.99579902e+02 1.08496202e+01
9.99776914e+02 1.07858032e+01
9.99826168e+02 1.07829550e+01
9.99981670e+02 1.08112601e+01
1.00014104e+03 1.08999832e+01
1.00030042e+03 1.10462770e+01
1.00051292e+03 1.13168846e+01
1.00115041e+03 1.23215409e+01
1.00136291e+03 1.25886803e+01
1.00157541e+03 1.27672345e+01
1.00173076e+03 1.28319928e+01
1.00182648e+03 1.28431168e+01
1.00199340e+03 1.28113419e+01
1.00220426e+03 1.26863355e+01
1.00234483e+03 1.25585451e+01
1.00262596e+03 1.22261403e+01
1.00332881e+03 1.12682630e+01
1.00360995e+03 1.09640923e+01
1.00382080e+03 1.08042820e+01
1.00403166e+03 1.07180136e+01
1.00414799e+03 1.07054104e+01
1.00428519e+03 1.07240545e+01
1.00448204e+03 1.08142184e+01
1.00467889e+03 1.09751801e+01
1.00487574e+03 1.11977725e+01
1.00517101e+03 1.16179462e+01
1.00576156e+03 1.25981703e+01
1.00674581e+03 1.42653708e+01
1.00704108e+03 1.47045256e+01
1.00723793e+03 1.49322442e+01
1.00741695e+03 1.50703810e+01
1.00757812e+03 1.51252159e+01
1.00765871e+03 1.51252914e+01
1.00786047e+03 1.50420955e+01
1.00806222e+03 1.48428244e+01
1.00826398e+03 1.45421529e+01
1.00846573e+03 1.41652352e+01
1.00900375e+03 1.30396608e+01
1.00920550e+03 1.26722542e+01
1.00940726e+03 1.23850683e+01
1.00954176e+03 1.22512883e+01
1.00967626e+03 1.21707192e+01
1.00981077e+03 1.21472310e+01
1.00996554e+03 1.21925629e+01
1.01012032e+03 1.23127841e+01
1.01022350e+03 1.24308386e+01
1.01042987e+03 1.27405725e+01
1.01094579e+03 1.36680440e+01
1.01115215e+03 1.39560687e+01
1.01130693e+03 1.40954380e+01
1.01148569e+03 1.41572842e+01
1.01149768e+03 1.41574411e+01
1.01165357e+03 1.41143501e+01
1.01184544e+03 1.39553293e+01
1.01203731e+03 1.37060144e+01
1.01242105e+03 1.31112096e+01
1.01261292e+03 1.28676967e+01
1.01275682e+03 1.27491503e+01
1.01290072e+03 1.27044889e+01
1.01303809e+03 1.27422146e+01
1.01316239e+03 1.28493652e+01
1.01328669e+03 1.30269339e+01
1.01341099e+03 1.32721212e+01
1.01357672e+03 1.36923295e+01
1.01365959e+03 1.39354188e+01
1.01399106e+03 1.50257220e+01
1.01423966e+03 1.58199378e+01
1.01438421e+03 1.62078068e+01
1.01450757e+03 1.64727788e+01
1.01463093e+03 1.66649960e+01
1.01475429e+03 1.67772730e+01
1.01486717e+03 1.68074625e+01
1.01502077e+03 1.67394540e+01
1.01517437e+03 1.65563350e+01
1.01532798e+03 1.62773103e+01
1.01553278e+03 1.57996730e+01
1.01594238e+03 1.47306095e+01
1.01614719e+03 1.42595166e+01
1.01630079e+03 1.39705409e+01
1.01645439e+03 1.37479870e+01
1.01665966e+03 1.35587720e+01
1.01680772e+03 1.34942728e+01
1.01688736e+03 1.34813221e+01
1.01704665e+03 1.34926168e+01
1.01736522e+03 1.36075895e+01
1.01776344e+03 1.37572181e+01
1.01792273e+03 1.37729128e+01
1.01811959e+03 1.37356628e+01
1.01835405e+03 1.36023758e+01
1.01858850e+03 1.33852954e+01
1.01917463e+03 1.27194876e+01
1.01940908e+03 1.25061348e+01
1.01964353e+03 1.23561138e+01
1.01987798e+03 1.22686070e+01
1.02028007e+03 1.22241564e+01
1.02095020e+03 1.22422427e+01
1.02152452e+03 1.22066258e+01
1.02209883e+03 1.21034659e+01
1.02248170e+03 1.19952410e+01
1.02343889e+03 1.16073996e+01
1.02372604e+03 1.15244015e+01
1.02391748e+03 1.15054288e+01
1.02414047e+03 1.15324477e+01
1.02439502e+03 1.16344410e+01
1.02464956e+03 1.18059099e+01
1.02541319e+03 1.24713735e+01
1.02566773e+03 1.26327340e+01
1.02592227e+03 1.27237833e+01
1.02610239e+03 1.27424269e+01
1.02636665e+03 1.27060820e+01
1.02668377e+03 1.25836985e+01
1.02774081e+03 1.19806854e+01
1.02837503e+03 1.16892475e+01
1.02900926e+03 1.14528270e+01
1.02943207e+03 1.13335288e+01
1.02986334e+03 1.12714930e+01
1.03075973e+03 1.12436876e+01
1.03124607e+03 1.11403481e+01
1.03173241e+03 1.10066775e+01
1.03189453e+03 1.09888524e+01
1.03211926e+03 1.10113215e+01
1.03230713e+03 1.10823672e+01
1.03255762e+03 1.12559449e+01
1.03280811e+03 1.15070185e+01
1.03343434e+03 1.22349081e+01
1.03368483e+03 1.24514537e+01
1.03393532e+03 1.25777890e+01
1.03413804e+03 1.26086246e+01
1.03441477e+03 1.25584949e+01
1.03476898e+03 1.23864843e+01
1.03547739e+03 1.19627936e+01
1.03594967e+03 1.17639831e+01
1.03713036e+03 1.14483856e+01
1.03760263e+03 1.12606132e+01
1.03815835e+03 1.09973186e+01
1.03863773e+03 1.08137711e+01
1.03895731e+03 1.07568362e+01
1.03911711e+03 1.07533943e+01
1.03951454e+03 1.08110720e+01
1.04030941e+03 1.10395883e+01
1.04064164e+03 1.10793535e+01
1.04070685e+03 1.10775605e+01
1.04264110e+03 1.02568434e+01
1.04287327e+03 1.02765856e+01
1.04310545e+03 1.03471637e+01
1.04341501e+03 1.05105203e+01
1.04372458e+03 1.07360404e+01
1.04465327e+03 1.15614962e+01
1.04496284e+03 1.17887159e+01
1.04520607e+03 1.19109674e+01
1.04549716e+03 1.19727521e+01
1.04552291e+03 1.19734819e+01
1.04578042e+03 1.19396628e+01
1.04608943e+03 1.18130030e+01
1.04629543e+03 1.16908270e+01
1.04732546e+03 1.09762873e+01
1.04773747e+03 1.07410456e+01
1.04814949e+03 1.05649821e+01
1.04845850e+03 1.04861452e+01
1.04876751e+03 1.04629093e+01
1.05036411e+03 1.07516505e+01
1.05263922e+03 1.01176013e+01
1.05283901e+03 1.02031192e+01
1.05303880e+03 1.03584844e+01
1.05323858e+03 1.05833371e+01
1.05343837e+03 1.08684054e+01
1.05403773e+03 1.18743086e+01
1.05431387e+03 1.22687226e+01
1.05454290e+03 1.25030947e+01
1.05477194e+03 1.26392733e+01
1.05497880e+03 1.26820254e+01
1.05523983e+03 1.26498370e+01
1.05589241e+03 1.23818422e+01
1.05693655e+03 1.19481814e+01
1.05745861e+03 1.16800703e+01
1.05876378e+03 1.08844444e+01
1.05914026e+03 1.06867066e+01
1.05948661e+03 1.05638275e+01
1.05971751e+03 1.05367589e+01
1.05994840e+03 1.05753634e+01
1.06015588e+03 1.06841167e+01
1.06031149e+03 1.08214524e+01
1.06046709e+03 1.10123604e+01
1.06062270e+03 1.12594265e+01
1.06077830e+03 1.15616138e+01
1.06098578e+03 1.20398264e+01
1.06150447e+03 1.34003781e+01
1.06168675e+03 1.38267165e+01
1.06184384e+03 1.41259920e+01
1.06200093e+03 1.43416897e+01
1.06215802e+03 1.44607709e+01
1.06223656e+03 1.44821109e+01
1.06236019e+03 1.44643193e+01
1.06254562e+03 1.43270049e+01
1.06273105e+03 1.40771514e+01
1.06297829e+03 1.36242916e+01
1.06347277e+03 1.26188844e+01
1.06372001e+03 1.21949808e+01
1.06396726e+03 1.18627709e+01
1.06421450e+03 1.16170168e+01
1.06451406e+03 1.14021296e+01
1.06541274e+03 1.08753483e+01
1.06601186e+03 1.04946285e+01
1.06623653e+03 1.03947516e+01
1.06646120e+03 1.03510106e+01
1.06666864e+03 1.03788987e+01
1.06684165e+03 1.04621273e+01
1.06701466e+03 1.06043461e+01
1.06718766e+03 1.08052325e+01
1.06741834e+03 1.11544150e+01
1.06776435e+03 1.17927821e+01
1.06811036e+03 1.24382913e+01
1.06834103e+03 1.27914286e+01
1.06854576e+03 1.30135801e+01
1.06872453e+03 1.31221779e+01
1.06886651e+03 1.31482697e+01
1.06902428e+03 1.31162260e+01
1.06923463e+03 1.29834597e+01
1.06937487e+03 1.28475455e+01
1.06965534e+03 1.24987275e+01
1.07021628e+03 1.17268049e+01
1.07049676e+03 1.14059894e+01
1.07077723e+03 1.11593862e+01
1.07105770e+03 1.09811070e+01
1.07193469e+03 1.05966201e+01
1.07246088e+03 1.03008597e+01
1.07316248e+03 9.86560711e+00
1.07342557e+03 9.74905443e+00
1.07368867e+03 9.68850479e+00
1.07377637e+03 9.68415703e+00
1.07396114e+03 9.70602023e+00
1.07415528e+03 9.78161761e+00
1.07434941e+03 9.92160373e+00
1.07449502e+03 1.00760594e+01
1.07464062e+03 1.02788001e+01
1.07478623e+03 1.05347770e+01
1.07493183e+03 1.08478564e+01
1.07507743e+03 1.12199985e+01
1.07522304e+03 1.16503827e+01
1.07541718e+03 1.23068472e+01
1.07565417e+03 1.32063044e+01
1.07612815e+03 1.50803971e+01
1.07630589e+03 1.57122523e+01
1.07648363e+03 1.62630285e+01
1.07666137e+03 1.67166853e+01
1.07683912e+03 1.70671559e+01
1.07701686e+03 1.73172485e+01
1.07719460e+03 1.74757639e+01
1.07738958e+03 1.75574399e+01
1.07746606e+03 1.75659403e+01
1.07769551e+03 1.75190961e+01
1.07792495e+03 1.73684474e+01
1.07815440e+03 1.71136826e+01
1.07838385e+03 1.67539554e+01
1.07853681e+03 1.64587549e+01
1.07884274e+03 1.57597000e+01
1.07945460e+03 1.41903531e+01
1.07976052e+03 1.34752180e+01
1.08001653e+03 1.29601024e+01
1.08027253e+03 1.25274673e+01
1.08052853e+03 1.21727922e+01
1.08078453e+03 1.18883619e+01
1.08104053e+03 1.16677640e+01
1.08129653e+03 1.15073026e+01
1.08155254e+03 1.14053028e+01
1.08185187e+03 1.13591050e+01
1.08189521e+03 1.13588988e+01
1.08215522e+03 1.13921075e+01
1.08241524e+03 1.14852801e+01
1.08267525e+03 1.16411464e+01
1.08293527e+03 1.18633478e+01
1.08319528e+03 1.21533384e+01
1.08354197e+03 1.26340417e+01
1.08406200e+03 1.34423370e+01
1.08432201e+03 1.37969067e+01
1.08458203e+03 1.40548654e+01
1.08479993e+03 1.41697193e+01
1.08493094e+03 1.41892186e+01
1.08510609e+03 1.41573246e+01
1.08533962e+03 1.40211650e+01
1.08557315e+03 1.38008826e+01
1.08639051e+03 1.28125067e+01
1.08674080e+03 1.24516779e+01
1.08709110e+03 1.21583665e+01
1.08767492e+03 1.17687669e+01
1.08814198e+03 1.15124913e+01
1.08860904e+03 1.13225886e+01
1.08901005e+03 1.12390159e+01
1.08914371e+03 1.12286215e+01
1.09056570e+03 1.13156080e+01
1.09202407e+03 1.11051660e+01
1.09225600e+03 1.11528624e+01
1.09248792e+03 1.12529756e+01
1.09283580e+03 1.14861123e+01
1.09318368e+03 1.17604680e+01
1.09353157e+03 1.19881411e+01
1.09376349e+03 1.20774056e+01
1.09398922e+03 1.21057337e+01
1.09431853e+03 1.20544237e+01
1.09519668e+03 1.17210403e+01
1.09607483e+03 1.14947549e+01
1.09695299e+03 1.12863907e+01
1.09739207e+03 1.12464868e+01
1.09777000e+03 1.12881281e+01
1.09814793e+03 1.14079171e+01
1.09852586e+03 1.16091066e+01
1.09890379e+03 1.18982168e+01
1.09928172e+03 1.22708119e+01
1.09984862e+03 1.28853415e+01
1.10013207e+03 1.31338704e+01
1.10041551e+03 1.32865159e+01
1.10061102e+03 1.33240895e+01
1.10237400e+03 1.26190872e+01
1.10431056e+03 1.36614780e+01
1.10458527e+03 1.36097398e+01
1.10485999e+03 1.34635824e+01
1.10527205e+03 1.31179330e+01
1.10568412e+03 1.27165638e+01
1.10609618e+03 1.23636691e+01
1.10637089e+03 1.21913472e+01
1.10671458e+03 1.20622575e+01
1.10692090e+03 1.20293970e+01
1.10840144e+03 1.21703115e+01
1.10994384e+03 1.19483969e+01
1.11026379e+03 1.19379371e+01
1.11090369e+03 1.19555470e+01
1.11145342e+03 1.19259462e+01
1.11191299e+03 1.18340033e+01
1.11306191e+03 1.15309389e+01
1.11444062e+03 1.12521612e+01
1.11472785e+03 1.12297712e+01
1.11490018e+03 1.12374444e+01
1.11651203e+03 1.17079694e+01
1.11655703e+03 1.17089960e+01
1.11682704e+03 1.16833076e+01
1.11754708e+03 1.14799419e+01
1.11790709e+03 1.14281429e+01
1.11939654e+03 1.16638215e+01
1.11971586e+03 1.16299513e+01
1.12003518e+03 1.15369145e+01
1.12051416e+03 1.13144690e+01
1.12099314e+03 1.10549846e+01
1.12131247e+03 1.09034364e+01
1.12163179e+03 1.07997767e+01
1.12195111e+03 1.07650557e+01
1.12416034e+03 1.15886948e+01
1.12434208e+03 1.15965211e+01
1.12470555e+03 1.15667480e+01
1.12561423e+03 1.13608590e+01
1.12652291e+03 1.11395498e+01
1.12688638e+03 1.10961785e+01
1.12706811e+03 1.10948790e+01
1.12746598e+03 1.11469775e+01
1.12826170e+03 1.13640970e+01
1.12856010e+03 1.13953654e+01
1.12879771e+03 1.13701434e+01
1.12907399e+03 1.12780042e+01
1.12935028e+03 1.11247094e+01
1.13017913e+03 1.05153906e+01
1.13045542e+03 1.03650934e+01
1.13066263e+03 1.03079450e+01
1.13073170e+03 1.03027281e+01
1.13092432e+03 1.03313016e+01
1.13108777e+03 1.04107542e+01
1.13125122e+03 1.05445455e+01
1.13141467e+03 1.07326139e+01
1.13163260e+03 1.10600737e+01
1.13174157e+03 1.12508339e+01
1.13228640e+03 1.23048537e+01
1.13250433e+03 1.26786549e+01
1.13267339e+03 1.29131963e+01
1.13285368e+03 1.30958614e+01
1.13303397e+03 1.32025364e+01
1.13322411e+03 1.32335359e+01
1.13335416e+03 1.32105756e+01
1.13361427e+03 1.30764044e+01
1.13387437e+03 1.28595166e+01
1.13478473e+03 1.19533075e+01
1.13517488e+03 1.16324470e+01
1.13556504e+03 1.13798712e+01
1.13595519e+03 1.11937851e+01
1.13647540e+03 1.10233257e+01
1.13725571e+03 1.08488188e+01
1.13773395e+03 1.08063529e+01
1.13789336e+03 1.08162818e+01
1.13995389e+03 1.17102972e+01
1.13998024e+03 1.17107023e+01
1.14024374e+03 1.16807759e+01
1.14055994e+03 1.15784602e+01
1.14098154e+03 1.13992317e+01
1.14129774e+03 1.13099396e+01
1.14140314e+03 1.13027076e+01
1.14161394e+03 1.13383879e+01
1.14178466e+03 1.14273892e+01
1.14195538e+03 1.15789167e+01
1.14212611e+03 1.17969752e+01
1.14229683e+03 1.20802545e+01
1.14252446e+03 1.25453066e+01
1.14309353e+03 1.38737502e+01
1.14326425e+03 1.42152573e+01
1.14343497e+03 1.44845809e+01
1.14360946e+03 1.46651650e+01
1.14378395e+03 1.47378471e+01
1.14395456e+03 1.47021383e+01
1.14412516e+03 1.45677105e+01
1.14423889e+03 1.44303303e+01
1.14446636e+03 1.40685409e+01
1.14503504e+03 1.30066689e+01
1.14526251e+03 1.26707450e+01
1.14543311e+03 1.24927927e+01
1.14560371e+03 1.23887258e+01
1.14574018e+03 1.23605630e+01
1.14590091e+03 1.23878053e+01
1.14611521e+03 1.25132662e+01
1.14632951e+03 1.27147095e+01
1.14686526e+03 1.33081510e+01
1.14707956e+03 1.34853593e+01
1.14729386e+03 1.35879073e+01
1.14740101e+03 1.36073255e+01
1.14761693e+03 1.35813563e+01
1.14783285e+03 1.34761828e+01
1.14815673e+03 1.32084491e+01
1.14891244e+03 1.24416432e+01
1.14923632e+03 1.21769281e+01
1.14956020e+03 1.19727494e+01
1.15085571e+03 1.13640056e+01
1.15182251e+03 1.08365677e+01
1.15214478e+03 1.07118340e+01
1.15246705e+03 1.06478149e+01
1.15257447e+03 1.06418600e+01
1.15291695e+03 1.06734496e+01
1.15325944e+03 1.07685509e+01
1.15394441e+03 1.10136531e+01
1.15428690e+03 1.10815883e+01
1.15440106e+03 1.10880554e+01
1.15473848e+03 1.10545649e+01
1.15507589e+03 1.09491218e+01
1.15530083e+03 1.08487259e+01
1.15620061e+03 1.03490012e+01
1.15710038e+03 9.85604326e+00
1.15743780e+03 9.71307061e+00
1.15766274e+03 9.65447228e+00
1.15777521e+03 9.64182796e+00
1.15800016e+03 9.66015409e+00
1.15818584e+03 9.72784536e+00
1.15837153e+03 9.84953068e+00
1.15855722e+03 1.00268944e+01
1.15874291e+03 1.02560903e+01
1.15899049e+03 1.06242235e+01
1.15948566e+03 1.14160545e+01
1.15973324e+03 1.17417848e+01
1.15991893e+03 1.19225855e+01
1.16010615e+03 1.20410706e+01
1.16032318e+03 1.20995983e+01
1.16041490e+03 1.21016685e+01
1.16059832e+03 1.20736091e+01
1.16133202e+03 1.18078875e+01
1.16160716e+03 1.17563508e+01
1.16169888e+03 1.17522158e+01
1.16195417e+03 1.17772275e+01
1.16233711e+03 1.19083561e+01
1.16272005e+03 1.21206270e+01
1.16335828e+03 1.24955439e+01
1.16374122e+03 1.26391615e+01
1.16471498e+03 1.28162704e+01
1.16505384e+03 1.29659040e+01
1.16539270e+03 1.32089557e+01
1.16590100e+03 1.37044000e+01
1.16640930e+03 1.42298866e+01
1.16674816e+03 1.45179583e+01
1.16700231e+03 1.46678659e+01
1.16729882e+03 1.47441745e+01
1.16734118e+03 1.47451131e+01
1.16755932e+03 1.47074498e+01
1.16782619e+03 1.45638708e+01
1.16809305e+03 1.43231124e+01
1.16849334e+03 1.38430812e+01
1.16889364e+03 1.33533437e+01
1.16916050e+03 1.30987524e+01
1.16942736e+03 1.29385006e+01
1.16965273e+03 1.28824806e+01
1.16974467e+03 1.28789025e+01
1.16992854e+03 1.28999299e+01
1.17029629e+03 1.30189786e+01
1.17103178e+03 1.33234992e+01
1.17176728e+03 1.35538865e+01
1.17222696e+03 1.36335415e+01
1.17231890e+03 1.36381222e+01
1.17265277e+03 1.36118113e+01
1.17310275e+03 1.34686052e+01
1.17400273e+03 1.30264585e+01
1.17445271e+03 1.28697519e+01
1.17490270e+03 1.28092947e+01
1.17670098e+03 1.30742502e+01
1.17710608e+03 1.30334242e+01
1.17751118e+03 1.29095218e+01
1.17778124e+03 1.27922839e+01
1.17940163e+03 1.19424443e+01
1.17994176e+03 1.17322918e+01
1.18048189e+03 1.15966524e+01
1.18172548e+03 1.13802717e+01
1.18197169e+03 1.13673509e+01
1.18231807e+03 1.14042195e+01
1.18257382e+03 1.14864222e+01
1.18282958e+03 1.16208665e+01
1.18317059e+03 1.18760169e+01
1.18402312e+03 1.26874232e+01
1.18436413e+03 1.29436198e+01
1.18461989e+03 1.30572918e+01
1.18483302e+03 1.30876843e+01
1.18511860e+03 1.30327930e+01
1.18536155e+03 1.29092989e+01
1.18584745e+03 1.25376789e+01
1.18621188e+03 1.22585695e+01
1.18645483e+03 1.21193191e+01
1.18669778e+03 1.20347848e+01
1.18681926e+03 1.20143994e+01
1.18889267e+03 1.24670569e+01
1.18897641e+03 1.24681933e+01
1.18943851e+03 1.24379419e+01
1.19003396e+03 1.23258650e+01
1.19043093e+03 1.22080242e+01
1.19142335e+03 1.18391361e+01
1.19182032e+03 1.17501617e+01
1.19201880e+03 1.17363734e+01
1.19239120e+03 1.17690939e+01
1.19350839e+03 1.20679147e+01
1.19394285e+03 1.21115227e+01
1.19427881e+03 1.20789078e+01
1.19468965e+03 1.19581995e+01
1.19510050e+03 1.17680397e+01
1.19592218e+03 1.13341573e+01
1.19633302e+03 1.11628970e+01
1.19674387e+03 1.10428204e+01
1.19729166e+03 1.09496779e+01
1.19790792e+03 1.09095790e+01
1.19825029e+03 1.09294645e+01
1.19850450e+03 1.09876700e+01
1.19873902e+03 1.10972469e+01
1.19897354e+03 1.12840584e+01
1.19914943e+03 1.14884284e+01
1.19932532e+03 1.17561186e+01
1.19950121e+03 1.20906858e+01
1.19967710e+03 1.24905462e+01
1.19991163e+03 1.31108763e+01
1.20039363e+03 1.45289681e+01
1.20058897e+03 1.50644947e+01
1.20078430e+03 1.55200870e+01
1.20097963e+03 1.58623276e+01
1.20110985e+03 1.60153085e+01
1.20124008e+03 1.61032095e+01
1.20134158e+03 1.61257734e+01
1.20152355e+03 1.60680792e+01
1.20166912e+03 1.59379697e+01
1.20188748e+03 1.56257144e+01
1.20210584e+03 1.52106143e+01
1.20276093e+03 1.37923552e+01
1.20297929e+03 1.33821861e+01
1.20319765e+03 1.30420478e+01
1.20341601e+03 1.27841660e+01
1.20363437e+03 1.26170569e+01
1.20382885e+03 1.25505761e+01
1.20388720e+03 1.25465728e+01
1.20406172e+03 1.25805227e+01
1.20423599e+03 1.26856179e+01
1.20441026e+03 1.28639428e+01
1.20458452e+03 1.31151726e+01
1.20475879e+03 1.34352735e+01
1.20499114e+03 1.39531176e+01
1.20557203e+03 1.54361098e+01
1.20580439e+03 1.59500115e+01
1.20600854e+03 1.62913593e+01
1.20621270e+03 1.64991874e+01
1.20639813e+03 1.65605279e+01
1.20658557e+03 1.65009819e+01
1.20674341e+03 1.63652798e+01
1.20698018e+03 1.60441491e+01
1.20729586e+03 1.54774876e+01
1.20776940e+03 1.45596535e+01
1.20808508e+03 1.40049951e+01
1.20840077e+03 1.35201220e+01
1.20887431e+03 1.28998600e+01
1.20949437e+03 1.22118505e+01
1.21011444e+03 1.16232154e+01
1.21073450e+03 1.11271731e+01
1.21114788e+03 1.08570793e+01
1.21156126e+03 1.06565460e+01
1.21187129e+03 1.05697026e+01
1.21207797e+03 1.05502191e+01
1.21235125e+03 1.05800170e+01
1.21260614e+03 1.06715354e+01
1.21286103e+03 1.08286176e+01
1.21311593e+03 1.10503629e+01
1.21337082e+03 1.13291732e+01
1.21430543e+03 1.25264678e+01
1.21456032e+03 1.27881790e+01
1.21481522e+03 1.29818759e+01
1.21506459e+03 1.30986129e+01
1.21537777e+03 1.31483252e+01
1.21570506e+03 1.31066235e+01
1.21618112e+03 1.29357328e+01
1.21689521e+03 1.25539837e+01
1.21820437e+03 1.17060985e+01
1.21856141e+03 1.15403191e+01
1.21891846e+03 1.14569065e+01
1.21903747e+03 1.14496227e+01
1.22069248e+03 1.17892942e+01
1.22290635e+03 1.11757006e+01
1.22315563e+03 1.12229793e+01
1.22340490e+03 1.13281141e+01
1.22365417e+03 1.14887559e+01
1.22390345e+03 1.16950493e+01
1.22465127e+03 1.24015609e+01
1.22500288e+03 1.26640364e+01
1.22530989e+03 1.28143039e+01
1.22561689e+03 1.28856504e+01
1.22571923e+03 1.28926948e+01
1.22607915e+03 1.28567648e+01
1.22643906e+03 1.27341811e+01
1.22679898e+03 1.25336908e+01
1.22733886e+03 1.21266948e+01
1.22787874e+03 1.17141439e+01
1.22814867e+03 1.15663642e+01
1.22841861e+03 1.14862767e+01
1.22859857e+03 1.14747668e+01
1.23059537e+03 1.21999229e+01
1.23071531e+03 1.22050207e+01
1.23107514e+03 1.21623079e+01
1.23203466e+03 1.18740849e+01
1.23251443e+03 1.17963842e+01
1.23280901e+03 1.17851743e+01
1.23345708e+03 1.18180550e+01
1.23392841e+03 1.18780393e+01
1.23439974e+03 1.19923141e+01
1.23487106e+03 1.21736419e+01
1.23557805e+03 1.24957434e+01
1.23604938e+03 1.26515597e+01
1.23638522e+03 1.26877948e+01
1.23668575e+03 1.26573372e+01
1.23708645e+03 1.25397323e+01
1.23788785e+03 1.22233279e+01
1.23822177e+03 1.21538806e+01
1.23832195e+03 1.21490651e+01
1.23842212e+03 1.21528605e+01
1.24006218e+03 1.27797467e+01
1.24198201e+03 1.20476877e+01
1.24209445e+03 1.20408094e+01
1.24243178e+03 1.20749980e+01
1.24344377e+03 1.23677647e+01
1.24378110e+03 1.23949694e+01
1.24411959e+03 1.23486313e+01
1.24445808e+03 1.22369067e+01
1.24547354e+03 1.17786282e+01
1.24598127e+03 1.16297026e+01
1.24648900e+03 1.15810886e+01
1.24923439e+03 1.21114410e+01
1.25154217e+03 1.17581632e+01
1.25198695e+03 1.17957980e+01
1.25243173e+03 1.18969100e+01
1.25346954e+03 1.21971471e+01
1.25391432e+03 1.22441977e+01
1.25615187e+03 1.17900987e+01
1.25677145e+03 1.17753762e+01
1.25801063e+03 1.18068724e+01
1.25863022e+03 1.17854881e+01
1.25915186e+03 1.17034912e+01
1.26071678e+03 1.12624580e+01
1.26123842e+03 1.11916046e+01
1.26141230e+03 1.11901316e+01
1.26187894e+03 1.12526239e+01
1.26234558e+03 1.14101307e+01
1.26327887e+03 1.18419457e+01
1.26358996e+03 1.19410135e+01
1.26390105e+03 1.19836133e+01
1.26427568e+03 1.19495567e+01
1.26465030e+03 1.18306811e+01
1.26490005e+03 1.17162453e+01
1.26589904e+03 1.11685380e+01
1.26639853e+03 1.09418682e+01
1.26689803e+03 1.07871339e+01
1.26739753e+03 1.06999551e+01
1.26818245e+03 1.06565537e+01
1.26966248e+03 1.06754075e+01
1.27065608e+03 1.06088883e+01
1.27090448e+03 1.06376201e+01
1.27110511e+03 1.07047603e+01
1.27134076e+03 1.08533856e+01
1.27151750e+03 1.10241510e+01
1.27169424e+03 1.12498705e+01
1.27192990e+03 1.16335751e+01
1.27216556e+03 1.20950950e+01
1.27275469e+03 1.33474413e+01
1.27296002e+03 1.37190795e+01
1.27313502e+03 1.39757818e+01
1.27331001e+03 1.41665838e+01
1.27348501e+03 1.42874816e+01
1.27369778e+03 1.43433831e+01
1.27394833e+03 1.42987826e+01
1.27419887e+03 1.41664353e+01
1.27457469e+03 1.38800281e+01
1.27682960e+03 1.20021086e+01
1.27720542e+03 1.17441572e+01
1.27758124e+03 1.15690770e+01
1.27787850e+03 1.14979932e+01
1.27812001e+03 1.14820926e+01
1.27854727e+03 1.15324939e+01
1.27892707e+03 1.16493782e+01
1.27930686e+03 1.18321707e+01
1.27949676e+03 1.19485525e+01
1.28044624e+03 1.26363434e+01
1.28073109e+03 1.27775038e+01
1.28101593e+03 1.28363275e+01
1.28284509e+03 1.21270177e+01
1.28444684e+03 1.24681718e+01
1.28481429e+03 1.24188161e+01
1.28518173e+03 1.22839991e+01
1.28616159e+03 1.17721755e+01
1.28665151e+03 1.15687556e+01
1.28738640e+03 1.13492486e+01
1.28865049e+03 1.10001547e+01
1.28907683e+03 1.09139542e+01
1.28931664e+03 1.08987692e+01
1.28964706e+03 1.09295007e+01
1.29007876e+03 1.10492638e+01
1.29122995e+03 1.14965086e+01
1.29166164e+03 1.16001709e+01
1.29201192e+03 1.16224572e+01
1.29242467e+03 1.15743469e+01
1.29283742e+03 1.14576789e+01
1.29345656e+03 1.11919216e+01
1.29428206e+03 1.07958138e+01
1.29469482e+03 1.06596683e+01
1.29500438e+03 1.06215012e+01
1.29532922e+03 1.06611048e+01
1.29555088e+03 1.07406424e+01
1.29588335e+03 1.09381615e+01
1.29621583e+03 1.12120888e+01
1.29710244e+03 1.20414577e+01
1.29754574e+03 1.23700460e+01
1.29798905e+03 1.26195234e+01
1.29843235e+03 1.28095446e+01
1.29880222e+03 1.29194255e+01
1.29924687e+03 1.29678837e+01
1.29961791e+03 1.29265953e+01
1.29998894e+03 1.28205989e+01
1.30073101e+03 1.24974364e+01
1.30172044e+03 1.19608426e+01
1.30246252e+03 1.15501069e+01
1.30295723e+03 1.13499044e+01
1.30334054e+03 1.12592085e+01
1.30374840e+03 1.12244779e+01
1.30423607e+03 1.12612140e+01
1.30472374e+03 1.13801401e+01
1.30545523e+03 1.16669928e+01
1.30667440e+03 1.21801563e+01
1.30704015e+03 1.23864574e+01
1.30740590e+03 1.26519102e+01
1.30803581e+03 1.31551586e+01
1.30829320e+03 1.33086661e+01
1.30855058e+03 1.33932698e+01
1.30867928e+03 1.34045513e+01
1.30890065e+03 1.33731483e+01
1.30912202e+03 1.32809006e+01
1.30941719e+03 1.30813990e+01
1.31030269e+03 1.23204947e+01
1.31059785e+03 1.21275078e+01
1.31089302e+03 1.19944125e+01
1.31104060e+03 1.19495248e+01
1.31243588e+03 1.17720824e+01
1.31298931e+03 1.16204376e+01
1.31409618e+03 1.12579539e+01
1.31464961e+03 1.11368632e+01
1.31520304e+03 1.10996328e+01
1.31564519e+03 1.11339862e+01
1.31608733e+03 1.12243924e+01
1.31711900e+03 1.15277317e+01
1.31756114e+03 1.15828420e+01
1.31988404e+03 1.09306444e+01
1.32026367e+03 1.09607357e+01
1.32165566e+03 1.12809448e+01
1.32292109e+03 1.14780868e+01
1.32403030e+03 1.16620465e+01
1.32606211e+03 1.14604419e+01
1.32809392e+03 1.10683914e+01
1.32841162e+03 1.11140591e+01
1.32867524e+03 1.12054244e+01
1.32907067e+03 1.14148845e+01
1.32946609e+03 1.16576208e+01
1.32986152e+03 1.18564678e+01
1.33012514e+03 1.19309446e+01
1.33031258e+03 1.19482095e+01
1.33059072e+03 1.19194446e+01
1.33092448e+03 1.18160063e+01
1.33159202e+03 1.15391741e+01
1.33203705e+03 1.14232007e+01
1.33252084e+03 1.13964478e+01
1.33397222e+03 1.14971530e+01
1.33458043e+03 1.15201094e+01
1.33482371e+03 1.15661197e+01
1.33507494e+03 1.16694979e+01
1.33526933e+03 1.18044798e+01
1.33546372e+03 1.19977773e+01
1.33565811e+03 1.22540026e+01
1.33585250e+03 1.25713043e+01
1.33598209e+03 1.28124164e+01
1.33663006e+03 1.41525970e+01
1.33682445e+03 1.45006825e+01
1.33701884e+03 1.47745146e+01
1.33720786e+03 1.49501276e+01
1.33739689e+03 1.50256486e+01
1.33743738e+03 1.50285115e+01
1.33763984e+03 1.49747206e+01
1.33780180e+03 1.48564412e+01
1.33804475e+03 1.45776731e+01
1.33836868e+03 1.40838919e+01
1.33901655e+03 1.30205434e+01
1.33934048e+03 1.25544690e+01
1.33982638e+03 1.19566196e+01
1.34021284e+03 1.15458107e+01
1.34066180e+03 1.11324400e+01
1.34099853e+03 1.08817139e+01
1.34133526e+03 1.07011694e+01
1.34167198e+03 1.06057509e+01
1.34186156e+03 1.05918451e+01
1.34212169e+03 1.06170948e+01
1.34245915e+03 1.07131051e+01
1.34335904e+03 1.10942041e+01
1.34380899e+03 1.12302070e+01
1.34493386e+03 1.14358005e+01
1.34538381e+03 1.15947046e+01
1.34648241e+03 1.21662983e+01
1.34681199e+03 1.22837978e+01
1.34718472e+03 1.23387724e+01
1.34722787e+03 1.23397404e+01
1.34765939e+03 1.23030119e+01
1.34817723e+03 1.22375999e+01
1.34843614e+03 1.22569937e+01
1.34865196e+03 1.23285291e+01
1.34884622e+03 1.24492858e+01
1.34904049e+03 1.26312466e+01
1.34923475e+03 1.28768973e+01
1.34942901e+03 1.31824223e+01
1.34955852e+03 1.34143076e+01
1.35020607e+03 1.46919791e+01
1.35046509e+03 1.51162688e+01
1.35068652e+03 1.53718733e+01
1.35087037e+03 1.54905000e+01
1.35101569e+03 1.55194939e+01
1.35120637e+03 1.54713708e+01
1.35145045e+03 1.52794550e+01
1.35161317e+03 1.50837129e+01
1.35193860e+03 1.45806791e+01
1.35258947e+03 1.34406621e+01
1.35291491e+03 1.29317708e+01
1.35324034e+03 1.25031654e+01
1.35356578e+03 1.21598213e+01
1.35385621e+03 1.19228569e+01
1.35414664e+03 1.17469127e+01
1.35443708e+03 1.16259819e+01
1.35472751e+03 1.15512760e+01
1.35592611e+03 1.14373236e+01
1.35643669e+03 1.13364472e+01
1.35745786e+03 1.10543434e+01
1.35784080e+03 1.10007352e+01
1.35796844e+03 1.09960999e+01
1.35829265e+03 1.10186724e+01
1.35861686e+03 1.10940879e+01
1.35894108e+03 1.12252731e+01
1.35926529e+03 1.14130824e+01
1.35969757e+03 1.17419322e+01
1.36056213e+03 1.24766588e+01
1.36088634e+03 1.26807029e+01
1.36121055e+03 1.28071345e+01
1.36156814e+03 1.28555665e+01
1.36199248e+03 1.28216847e+01
1.36397274e+03 1.24849065e+01
1.36453852e+03 1.23228420e+01
1.36482141e+03 1.22109399e+01
1.36595299e+03 1.16782654e+01
1.36635742e+03 1.15364975e+01
1.36676185e+03 1.14535115e+01
1.36824584e+03 1.13780397e+01
1.36937362e+03 1.12065688e+01
1.36959917e+03 1.11953276e+01
1.36990588e+03 1.12257866e+01
1.37014932e+03 1.13020166e+01
1.37039276e+03 1.14354754e+01
1.37063620e+03 1.16321340e+01
1.37079850e+03 1.17984148e+01
1.37112309e+03 1.22045419e+01
1.37177227e+03 1.31442405e+01
1.37209686e+03 1.35441480e+01
1.37234030e+03 1.37590754e+01
1.37255769e+03 1.38726782e+01
1.37275113e+03 1.39070923e+01
1.37292273e+03 1.38860316e+01
1.37315153e+03 1.37894308e+01
1.37349474e+03 1.35286094e+01
1.37452434e+03 1.24618411e+01
1.37498194e+03 1.20532555e+01
1.37543955e+03 1.17193260e+01
1.37589715e+03 1.14566489e+01
1.37624035e+03 1.13184626e+01
1.37656610e+03 1.12527820e+01
1.37667177e+03 1.12477083e+01
1.37677745e+03 1.12509846e+01
1.37862397e+03 1.18854301e+01
1.37872626e+03 1.18888181e+01
1.37903314e+03 1.18494867e+01
1.37995378e+03 1.15398091e+01
1.38026066e+03 1.15000637e+01
1.38270149e+03 1.24261387e+01
1.38297175e+03 1.23922978e+01
1.38324200e+03 1.23005850e+01
1.38360234e+03 1.21040800e+01
1.38468336e+03 1.13355020e+01
1.38504370e+03 1.11450973e+01
1.38531395e+03 1.10601306e+01
1.38558420e+03 1.10362051e+01
1.38588543e+03 1.10875815e+01
1.38618666e+03 1.12196269e+01
1.38638748e+03 1.13475376e+01
1.38678912e+03 1.16747719e+01
1.38759240e+03 1.24081398e+01
1.38799404e+03 1.26988319e+01
1.38839568e+03 1.28941453e+01
1.38879732e+03 1.29981054e+01
1.38920114e+03 1.30361084e+01
1.38945849e+03 1.30387649e+01
1.39023054e+03 1.29779975e+01
1.39074524e+03 1.28499419e+01
1.39125994e+03 1.26189843e+01
1.39228934e+03 1.20203512e+01
1.39267537e+03 1.18534605e+01
1.39306139e+03 1.17521635e+01
1.39346070e+03 1.17133325e+01
1.39358391e+03 1.17124160e+01
1.39432321e+03 1.17719346e+01
1.39580181e+03 1.19430922e+01
1.39703397e+03 1.20146926e+01
1.39754158e+03 1.19933063e+01
1.39803805e+03 1.19129666e+01
1.39952746e+03 1.14858904e+01
1.40002393e+03 1.13894379e+01
1.40217736e+03 1.12072196e+01
1.40248144e+03 1.12050905e+01
1.40414239e+03 1.13657404e+01
1.40429628e+03 1.13680246e+01
1.40460406e+03 1.13674843e+01
1.40506573e+03 1.13868889e+01
1.40544038e+03 1.14564068e+01
1.40588190e+03 1.16129483e+01
1.40654418e+03 1.18794110e+01
1.40687532e+03 1.19462622e+01
1.40698571e+03 1.19524810e+01
1.40904376e+03 1.14983598e+01
1.41103964e+03 1.23778736e+01
1.41133412e+03 1.23291314e+01
1.41162860e+03 1.21913699e+01
1.41207033e+03 1.18686391e+01
1.41265930e+03 1.13849881e+01
1.41295378e+03 1.11835463e+01
1.41324827e+03 1.10358101e+01
1.41356945e+03 1.09486074e+01
1.41374338e+03 1.09346086e+01
1.41558346e+03 1.13559528e+01
1.41595443e+03 1.13191353e+01
1.41669638e+03 1.11299892e+01
1.41688187e+03 1.11118701e+01
1.41715186e+03 1.11402394e+01
1.41740537e+03 1.12357026e+01
1.41765888e+03 1.13958478e+01
1.41808139e+03 1.17658589e+01
1.41926443e+03 1.29303891e+01
1.41960244e+03 1.33450017e+01
1.41988039e+03 1.37746312e+01
1.42020721e+03 1.43836363e+01
1.42075191e+03 1.54758588e+01
1.42096979e+03 1.58480623e+01
1.42118768e+03 1.61394923e+01
1.42140556e+03 1.63359374e+01
1.42165161e+03 1.64463868e+01
1.42178873e+03 1.64650256e+01
1.42233718e+03 1.63878008e+01
1.42284536e+03 1.63336473e+01
1.42331327e+03 1.63011563e+01
1.42361482e+03 1.61814447e+01
1.42381763e+03 1.60189430e+01
1.42402043e+03 1.57798120e+01
1.42422324e+03 1.54665290e+01
1.42449365e+03 1.49561072e+01
1.42516966e+03 1.35360488e+01
1.42544007e+03 1.30394384e+01
1.42571048e+03 1.26257051e+01
1.42596644e+03 1.23125026e+01
1.42622240e+03 1.20665628e+01
1.42660634e+03 1.17950446e+01
1.42699029e+03 1.16119407e+01
1.42731024e+03 1.15299874e+01
1.42743822e+03 1.15223017e+01
1.42763019e+03 1.15485973e+01
1.42783598e+03 1.16432670e+01
1.42799160e+03 1.17737509e+01
1.42814723e+03 1.19659579e+01
1.42830285e+03 1.22290154e+01
1.42845848e+03 1.25701066e+01
1.42861410e+03 1.29932858e+01
1.42876973e+03 1.34983706e+01
1.42892535e+03 1.40800625e+01
1.42909666e+03 1.47957458e+01
1.42947065e+03 1.65152609e+01
1.42975115e+03 1.77783596e+01
1.42993814e+03 1.85171670e+01
1.43007839e+03 1.89851500e+01
1.43021864e+03 1.93624161e+01
1.43035888e+03 1.96381652e+01
1.43049913e+03 1.98063741e+01
1.43064804e+03 1.98662683e+01
1.43083325e+03 1.97781169e+01
1.43101847e+03 1.95301917e+01
1.43120368e+03 1.91539451e+01
1.43145063e+03 1.85175117e+01
1.43194453e+03 1.71126631e+01
1.43219149e+03 1.64836106e+01
1.43243844e+03 1.59575928e+01
1.43269798e+03 1.55276003e+01
1.43297012e+03 1.52020487e+01
1.43324226e+03 1.49787971e+01
1.43365046e+03 1.47650113e+01
1.43473902e+03 1.43550478e+01
1.43609971e+03 1.37453020e+01
1.43691613e+03 1.33087287e+01
1.43805780e+03 1.26420805e+01
1.43862864e+03 1.23797761e+01
1.44148284e+03 1.13882717e+01
1.44264692e+03 1.10678344e+01
1.44322897e+03 1.09492238e+01
1.44351999e+03 1.09220207e+01
1.44381101e+03 1.09370567e+01
1.44413795e+03 1.10239341e+01
1.44446490e+03 1.11955358e+01
1.44479184e+03 1.14433784e+01
1.44560920e+03 1.21694621e+01
1.44593614e+03 1.23883942e+01
1.44626308e+03 1.25204881e+01
1.44658496e+03 1.25602812e+01
1.44690177e+03 1.25219144e+01
1.44737699e+03 1.23622306e+01
1.44801061e+03 1.20784576e+01
1.44848583e+03 1.19089547e+01
1.44896105e+03 1.18341460e+01
1.44908505e+03 1.18319198e+01
1.44945704e+03 1.18621808e+01
1.44995303e+03 1.19644049e+01
1.45069702e+03 1.22055078e+01
1.45094501e+03 1.23126771e+01
1.45218499e+03 1.29750175e+01
1.45255698e+03 1.31141223e+01
1.45296115e+03 1.31757939e+01
1.45299332e+03 1.31763772e+01
1.45331504e+03 1.31489539e+01
1.45370111e+03 1.30478558e+01
1.45447323e+03 1.27199789e+01
1.45524536e+03 1.23734555e+01
1.45576012e+03 1.21900526e+01
1.45653225e+03 1.20077502e+01
1.45725290e+03 1.19161323e+01
1.45756175e+03 1.19039530e+01
1.45787061e+03 1.19167112e+01
1.46035966e+03 1.25481155e+01
1.46043528e+03 1.25492814e+01
1.46092677e+03 1.24992517e+01
1.46213661e+03 1.22190703e+01
1.46243907e+03 1.21912111e+01
1.46274152e+03 1.22265090e+01
1.46296487e+03 1.23127844e+01
1.46318821e+03 1.24646677e+01
1.46341155e+03 1.26924749e+01
1.46363490e+03 1.30025150e+01
1.46385824e+03 1.33955004e+01
1.46408158e+03 1.38647690e+01
1.46437938e+03 1.45807925e+01
1.46490051e+03 1.58879113e+01
1.46512385e+03 1.63714203e+01
1.46537059e+03 1.67876766e+01
1.46553509e+03 1.69786602e+01
1.46569958e+03 1.70931814e+01
1.46585062e+03 1.71301014e+01
1.46605699e+03 1.70804946e+01
1.46626337e+03 1.69303867e+01
1.46646974e+03 1.67030225e+01
1.46688249e+03 1.61225617e+01
1.46743281e+03 1.53451497e+01
1.46784556e+03 1.48729787e+01
1.46825831e+03 1.44969053e+01
1.46880864e+03 1.40892203e+01
1.46963413e+03 1.35759782e+01
1.47045068e+03 1.31498692e+01
1.47098311e+03 1.29379764e+01
1.47151555e+03 1.27974739e+01
1.47231420e+03 1.27003336e+01
1.47337908e+03 1.26109876e+01
1.47417773e+03 1.24539332e+01
1.47517687e+03 1.21387584e+01
1.47627624e+03 1.17721954e+01
1.47682593e+03 1.16462067e+01
1.47719239e+03 1.16113879e+01
1.47754745e+03 1.16372428e+01
1.47789111e+03 1.17381100e+01
1.47823478e+03 1.19264804e+01
1.47857844e+03 1.21983827e+01
1.47943759e+03 1.30099441e+01
1.47969534e+03 1.31930014e+01
1.47995309e+03 1.33084404e+01
1.48019350e+03 1.33454330e+01
1.48039925e+03 1.33223838e+01
1.48067358e+03 1.32216827e+01
1.48108508e+03 1.29644663e+01
1.48177091e+03 1.24712535e+01
1.48218241e+03 1.22487308e+01
1.48259391e+03 1.21091399e+01
1.48314258e+03 1.20177337e+01
1.48423991e+03 1.19538755e+01
1.48460853e+03 1.19673974e+01
1.48683178e+03 1.24096136e+01
1.49124416e+03 1.14608805e+01
1.49247988e+03 1.11306753e+01
1.49297417e+03 1.10585067e+01
1.49322131e+03 1.10531241e+01
1.49567196e+03 1.16091817e+01
1.49768272e+03 1.14452267e+01
1.49864819e+03 1.14091209e+01
1.50114636e+03 1.11986501e+01
1.50160905e+03 1.12239097e+01
1.50207173e+03 1.13064681e+01
1.50253441e+03 1.14545110e+01
1.50299709e+03 1.16641108e+01
1.50392246e+03 1.21575294e+01
1.50438514e+03 1.23407099e+01
1.50473215e+03 1.24018508e+01
1.50484782e+03 1.24042822e+01
1.50521737e+03 1.23509085e+01
1.50558692e+03 1.22206426e+01
1.50607966e+03 1.20051937e+01
1.50644921e+03 1.18893688e+01
1.50672637e+03 1.18606647e+01
1.50681876e+03 1.18638353e+01
1.50858324e+03 1.24105141e+01
1.50875058e+03 1.24209233e+01
1.50958726e+03 1.23522830e+01
1.50992194e+03 1.23866165e+01
1.51019563e+03 1.24967910e+01
1.51046932e+03 1.26956098e+01
1.51074302e+03 1.29785343e+01
1.51156410e+03 1.40213336e+01
1.51183779e+03 1.42772998e+01
1.51204306e+03 1.43930677e+01
1.51224547e+03 1.44322381e+01
1.51246924e+03 1.43864975e+01
1.51273776e+03 1.42186992e+01
1.51291677e+03 1.40511535e+01
1.51327480e+03 1.36321995e+01
1.51381183e+03 1.29619888e+01
1.51416986e+03 1.25833597e+01
1.51452788e+03 1.22911209e+01
1.51488591e+03 1.20792391e+01
1.51530185e+03 1.19056120e+01
1.51601263e+03 1.16946574e+01
1.51790803e+03 1.12242702e+01
1.51850035e+03 1.11432161e+01
1.51861881e+03 1.11389005e+01
1.51885574e+03 1.11443484e+01
1.52096660e+03 1.15073748e+01
1.52344981e+03 1.11149383e+01
1.52571801e+03 1.21057257e+01
1.52584297e+03 1.21087216e+01
1.52621784e+03 1.20543706e+01
1.52671766e+03 1.18822035e+01
1.52771730e+03 1.14753053e+01
1.52871694e+03 1.11352181e+01
1.52934172e+03 1.09946687e+01
1.52971659e+03 1.09663637e+01
1.53009546e+03 1.09973442e+01
1.53037962e+03 1.10700489e+01
1.53066378e+03 1.11966047e+01
1.53094794e+03 1.13903922e+01
1.53123209e+03 1.16650692e+01
1.53151625e+03 1.20296435e+01
1.53180041e+03 1.24824044e+01
1.53217928e+03 1.31908634e+01
1.53255816e+03 1.39372984e+01
1.53286837e+03 1.44945326e+01
1.53310990e+03 1.48513253e+01
1.53335144e+03 1.51174535e+01
1.53359297e+03 1.52837029e+01
1.53386879e+03 1.53553533e+01
1.53417888e+03 1.53092388e+01
1.53448897e+03 1.51669658e+01
1.53495411e+03 1.48515393e+01
1.53588438e+03 1.40724317e+01
1.53650456e+03 1.35446850e+01
1.53696970e+03 1.32251194e+01
1.53743483e+03 1.30133344e+01
1.53867520e+03 1.27405976e+01
1.53915685e+03 1.25736703e+01
1.53987933e+03 1.22524088e+01
1.54024057e+03 1.21362634e+01
1.54060180e+03 1.20926420e+01
1.54241350e+03 1.24116617e+01
1.54272380e+03 1.23749291e+01
1.54303410e+03 1.22819652e+01
1.54349955e+03 1.20606299e+01
1.54443045e+03 1.15328343e+01
1.54489591e+03 1.13232248e+01
1.54536136e+03 1.11773313e+01
1.54737831e+03 1.07977750e+01
1.54789481e+03 1.07358218e+01
1.54799811e+03 1.07328582e+01
1.54834815e+03 1.07587128e+01
1.54863506e+03 1.08334156e+01
1.54892196e+03 1.09717170e+01
1.54913713e+03 1.11272479e+01
1.54935231e+03 1.13359120e+01
1.54956748e+03 1.16055469e+01
1.54978266e+03 1.19425776e+01
1.54999784e+03 1.23501422e+01
1.55021301e+03 1.28259745e+01
1.55049991e+03 1.35489233e+01
1.55106930e+03 1.50867625e+01
1.55135400e+03 1.57572564e+01
1.55154380e+03 1.61134518e+01
1.55173359e+03 1.63749120e+01
1.55192339e+03 1.65298284e+01
1.55209071e+03 1.65746715e+01
1.55230797e+03 1.65092191e+01
1.55252524e+03 1.63199223e+01
1.55274250e+03 1.60327779e+01
1.55303219e+03 1.55516011e+01
1.55361156e+03 1.45125821e+01
1.55390124e+03 1.40519827e+01
1.55419093e+03 1.36585072e+01
1.55457517e+03 1.32353623e+01
1.55505398e+03 1.28247094e+01
1.55553279e+03 1.24908207e+01
1.55625100e+03 1.20783891e+01
1.55672981e+03 1.18618180e+01
1.55720861e+03 1.16998170e+01
1.55768742e+03 1.15998859e+01
1.55816623e+03 1.15728054e+01
1.55863000e+03 1.16259125e+01
1.55909377e+03 1.17526403e+01
1.56002132e+03 1.20844207e+01
1.56048509e+03 1.21799617e+01
1.56063968e+03 1.21893876e+01
1.56108929e+03 1.21438463e+01
1.56153889e+03 1.19970061e+01
1.56183862e+03 1.18564563e+01
1.56303756e+03 1.11891427e+01
1.56363703e+03 1.09020267e+01
1.56423649e+03 1.06686239e+01
1.56498583e+03 1.04361062e+01
1.56543543e+03 1.03551540e+01
1.56557161e+03 1.03492165e+01
1.56587120e+03 1.03841251e+01
1.56609082e+03 1.04641084e+01
1.56631044e+03 1.06008200e+01
1.56653006e+03 1.08005727e+01
1.56674968e+03 1.10646822e+01
1.56696930e+03 1.13880191e+01
1.56733533e+03 1.20223273e+01
1.56777457e+03 1.28178182e+01
1.56806740e+03 1.32744505e+01
1.56827664e+03 1.35289558e+01
1.56846514e+03 1.36945443e+01
1.56865365e+03 1.37953235e+01
1.56885619e+03 1.38323560e+01
1.56899590e+03 1.38181666e+01
1.56927532e+03 1.37088880e+01
1.56969446e+03 1.34143389e+01
1.57039301e+03 1.28704015e+01
1.57081214e+03 1.26164985e+01
1.57151070e+03 1.22985981e+01
1.57234896e+03 1.19776793e+01
1.57290780e+03 1.18106960e+01
1.57342647e+03 1.17360036e+01
1.57366572e+03 1.17304017e+01
1.57486195e+03 1.18008337e+01
1.57510119e+03 1.18011877e+01
1.57745571e+03 1.14458452e+01
1.57787003e+03 1.15169175e+01
1.57828435e+03 1.16773418e+01
1.57856057e+03 1.18230084e+01
1.57966543e+03 1.24627157e+01
1.58021786e+03 1.27119718e+01
1.58104651e+03 1.30009708e+01
1.58159893e+03 1.31230137e+01
1.58187515e+03 1.31414435e+01
1.58230905e+03 1.30885686e+01
1.58270935e+03 1.29437354e+01
1.58310965e+03 1.27195380e+01
1.58471083e+03 1.15774859e+01
1.58524456e+03 1.12702103e+01
1.58564485e+03 1.10949106e+01
1.58604515e+03 1.09763241e+01
1.58648472e+03 1.09223425e+01
1.58652790e+03 1.09218629e+01
1.58684768e+03 1.09484578e+01
1.58713306e+03 1.10218419e+01
1.58741844e+03 1.11487365e+01
1.58770382e+03 1.13347133e+01
1.58798920e+03 1.15818513e+01
1.58836971e+03 1.19971402e+01
1.58913072e+03 1.29410698e+01
1.58941611e+03 1.32306260e+01
1.58970149e+03 1.34257946e+01
1.58992524e+03 1.34942339e+01
1.58999983e+03 1.34989508e+01
1.59023421e+03 1.34539385e+01
1.59046859e+03 1.33222684e+01
1.59062484e+03 1.31919554e+01
1.59093735e+03 1.28529136e+01
1.59171862e+03 1.18535543e+01
1.59203112e+03 1.15241356e+01
1.59226550e+03 1.13386562e+01
1.59249988e+03 1.12162018e+01
1.59274282e+03 1.11607596e+01
1.59279776e+03 1.11584746e+01
1.59307246e+03 1.12027445e+01
1.59329223e+03 1.13017854e+01
1.59351199e+03 1.14517354e+01
1.59384164e+03 1.17563677e+01
1.59428117e+03 1.22652380e+01
1.59505035e+03 1.32182745e+01
1.59537999e+03 1.35661762e+01
1.59570964e+03 1.38368012e+01
1.59603929e+03 1.40104560e+01
1.59636260e+03 1.40769544e+01
1.59663834e+03 1.40533688e+01
1.59691407e+03 1.39637703e+01
1.59732767e+03 1.37351839e+01
1.59829273e+03 1.30516947e+01
1.59884420e+03 1.27184938e+01
1.59967140e+03 1.23148088e+01
1.60108846e+03 1.16882233e+01
1.60155964e+03 1.15473239e+01
1.60179524e+03 1.15266929e+01
1.60203083e+03 1.15591231e+01
1.60225260e+03 1.16517062e+01
1.60247437e+03 1.18150753e+01
1.60269614e+03 1.20552415e+01
1.60291791e+03 1.23720524e+01
1.60313968e+03 1.27580396e+01
1.60350930e+03 1.35116214e+01
1.60395284e+03 1.44640065e+01
1.60424853e+03 1.50335328e+01
1.60451460e+03 1.54542052e+01
1.60475104e+03 1.57391396e+01
1.60498749e+03 1.59378126e+01
1.60522393e+03 1.60558731e+01
1.60555193e+03 1.61048325e+01
1.60586658e+03 1.60478842e+01
1.60618124e+03 1.59026434e+01
1.60649590e+03 1.56725127e+01
1.60681056e+03 1.53594247e+01
1.60702033e+03 1.51093262e+01
1.60796431e+03 1.38177601e+01
1.60827897e+03 1.34429739e+01
1.60859362e+03 1.31421508e+01
1.60898725e+03 1.28735799e+01
1.60927598e+03 1.27390056e+01
1.60985345e+03 1.25600551e+01
1.61100839e+03 1.22858970e+01
1.61331827e+03 1.19180055e+01
1.61447281e+03 1.15433550e+01
1.61493462e+03 1.14374916e+01
1.61539001e+03 1.13925748e+01
1.61561450e+03 1.13889461e+01
1.61673695e+03 1.14240390e+01
1.61734847e+03 1.13926220e+01
1.61812251e+03 1.12645668e+01
1.61889656e+03 1.11108223e+01
1.61967061e+03 1.10169770e+01
1.62005763e+03 1.10073614e+01
1.62061825e+03 1.10462350e+01
1.62117886e+03 1.11473219e+01
1.62248697e+03 1.14674171e+01
1.62295414e+03 1.15066564e+01
1.62335607e+03 1.14711221e+01
1.62366456e+03 1.14009615e+01
1.62489853e+03 1.09819646e+01
1.62528414e+03 1.09166539e+01
1.62536127e+03 1.09132840e+01
1.62570628e+03 1.09483088e+01
1.62599242e+03 1.10489787e+01
1.62627857e+03 1.12219905e+01
1.62656471e+03 1.14677680e+01
1.62685085e+03 1.17781320e+01
1.62780467e+03 1.29904398e+01
1.62809082e+03 1.32904834e+01
1.62837696e+03 1.35142615e+01
1.62856772e+03 1.36152313e+01
1.62883839e+03 1.36921811e+01
1.62899699e+03 1.37037683e+01
1.62934590e+03 1.36570800e+01
1.62985340e+03 1.34678779e+01
1.63061466e+03 1.30606174e+01
1.63201030e+03 1.22247327e+01
1.63239092e+03 1.20621878e+01
1.63277155e+03 1.19710047e+01
1.63307340e+03 1.19516241e+01
1.63359830e+03 1.20001964e+01
1.63453147e+03 1.21420169e+01
1.63476476e+03 1.21548414e+01
1.63533107e+03 1.21195019e+01
1.63702998e+03 1.17725677e+01
1.63816260e+03 1.16140132e+01
1.63929521e+03 1.15184217e+01
1.64067122e+03 1.14948707e+01
1.64201879e+03 1.14002640e+01
1.64246113e+03 1.14290512e+01
1.64285522e+03 1.15117345e+01
1.64390612e+03 1.18588989e+01
1.64443157e+03 1.19874614e+01
1.64510309e+03 1.21289323e+01
1.64540742e+03 1.22460190e+01
1.64571175e+03 1.24267250e+01
1.64601608e+03 1.26722229e+01
1.64677692e+03 1.33964282e+01
1.64708125e+03 1.36223775e+01
1.64738558e+03 1.37580904e+01
1.64762625e+03 1.37916265e+01
1.64782094e+03 1.37718852e+01
1.64810414e+03 1.36777720e+01
1.64852894e+03 1.34325918e+01
1.64952013e+03 1.27384307e+01
1.65008653e+03 1.24157117e+01
1.65093612e+03 1.20378415e+01
1.65206891e+03 1.16194454e+01
1.65263457e+03 1.14788395e+01
1.65291740e+03 1.14516843e+01
1.65320023e+03 1.14708462e+01
1.65348898e+03 1.15542780e+01
1.65377773e+03 1.17170956e+01
1.65406648e+03 1.19681251e+01
1.65435523e+03 1.23050737e+01
1.65478836e+03 1.29299503e+01
1.65522148e+03 1.35867191e+01
1.65551023e+03 1.39625012e+01
1.65575388e+03 1.42008041e+01
1.65599754e+03 1.43454199e+01
1.65620608e+03 1.43868184e+01
1.65643659e+03 1.43440789e+01
1.65671320e+03 1.41816782e+01
1.65689761e+03 1.40178738e+01
1.65726644e+03 1.36005585e+01
1.65800408e+03 1.26724213e+01
1.65837290e+03 1.22705176e+01
1.65874172e+03 1.19416774e+01
1.65911054e+03 1.16837549e+01
1.65958983e+03 1.14312082e+01
1.66006913e+03 1.12380193e+01
1.66070819e+03 1.10367451e+01
1.66118748e+03 1.09415523e+01
1.66142713e+03 1.09262212e+01
1.66175443e+03 1.09568347e+01
1.66201737e+03 1.10344578e+01
1.66228031e+03 1.11642153e+01
1.66254326e+03 1.13442504e+01
1.66289385e+03 1.16456381e+01
1.66359502e+03 1.22940400e+01
1.66394561e+03 1.25448246e+01
1.66429620e+03 1.27094149e+01
1.66468648e+03 1.28008574e+01
1.66605573e+03 1.28741704e+01
1.66613621e+03 1.28748325e+01
1.66661907e+03 1.28378423e+01
1.66697091e+03 1.27448066e+01
1.66732275e+03 1.25874063e+01
1.66755731e+03 1.24524248e+01
1.66849556e+03 1.18471846e+01
1.66896468e+03 1.16146842e+01
1.66943380e+03 1.14680860e+01
1.66990293e+03 1.13966176e+01
1.67037205e+03 1.13791592e+01
1.67081835e+03 1.14048533e+01
1.67126464e+03 1.14856483e+01
1.67159936e+03 1.15998969e+01
1.67193409e+03 1.17746112e+01
1.67226881e+03 1.20194307e+01
1.67260353e+03 1.23399915e+01
1.67293825e+03 1.27386374e+01
1.67327297e+03 1.32135957e+01
1.67371927e+03 1.39448542e+01
1.67427136e+03 1.48895534e+01
1.67460030e+03 1.53648937e+01
1.67484700e+03 1.56210404e+01
1.67509370e+03 1.57580957e+01
1.67521706e+03 1.57751941e+01
1.67539695e+03 1.57348775e+01
1.67560512e+03 1.55916536e+01
1.67581329e+03 1.53512671e+01
1.67602145e+03 1.50271931e+01
1.67622962e+03 1.46382623e+01
1.67706229e+03 1.28752275e+01
1.67733984e+03 1.23602157e+01
1.67761591e+03 1.19347196e+01
1.67782184e+03 1.16811516e+01
1.67802778e+03 1.14836052e+01
1.67823371e+03 1.13404219e+01
1.67843964e+03 1.12477127e+01
1.67871682e+03 1.11923958e+01
1.67885670e+03 1.11897977e+01
1.67913647e+03 1.12230722e+01
1.68025556e+03 1.15316260e+01
1.68081510e+03 1.16444454e+01
1.68193418e+03 1.18079177e+01
1.68249373e+03 1.19377742e+01
1.68291338e+03 1.20965432e+01
1.68334407e+03 1.23337897e+01
1.68392567e+03 1.27614686e+01
1.68450728e+03 1.32133688e+01
1.68479808e+03 1.33949448e+01
1.68508888e+03 1.35186024e+01
1.68537968e+03 1.35705972e+01
1.68763456e+03 1.27614040e+01
1.68785529e+03 1.28229823e+01
1.68807601e+03 1.29489666e+01
1.68829674e+03 1.31390788e+01
1.68851747e+03 1.33873205e+01
1.68950361e+03 1.47739300e+01
1.68971007e+03 1.49987842e+01
1.68991653e+03 1.51602819e+01
1.69012299e+03 1.52475636e+01
1.69022622e+03 1.52616537e+01
1.69041561e+03 1.52363024e+01
1.69069970e+03 1.50825635e+01
1.69098379e+03 1.48151684e+01
1.69136258e+03 1.43481514e+01
1.69193076e+03 1.35955178e+01
1.69230955e+03 1.31553181e+01
1.69268834e+03 1.28019635e+01
1.69306713e+03 1.25420061e+01
1.69340770e+03 1.23835730e+01
1.69386122e+03 1.22665247e+01
1.69439072e+03 1.22229026e+01
1.69527322e+03 1.22011701e+01
1.69590682e+03 1.21169393e+01
1.69717402e+03 1.18083444e+01
1.69764922e+03 1.17645242e+01
1.69794513e+03 1.17924520e+01
1.69835765e+03 1.19168839e+01
1.69877018e+03 1.21354290e+01
1.69973274e+03 1.28006347e+01
1.70014527e+03 1.30364769e+01
1.70055779e+03 1.32039007e+01
1.70110783e+03 1.33408874e+01
1.70294301e+03 1.36759436e+01
1.70323706e+03 1.36943218e+01
1.70367694e+03 1.36573625e+01
1.70396980e+03 1.35854912e+01
1.70455552e+03 1.33503008e+01
1.70572696e+03 1.28034179e+01
1.70660554e+03 1.25100960e+01
1.70777698e+03 1.22306324e+01
1.70806984e+03 1.21794672e+01
1.71022085e+03 1.19994820e+01
1.71183411e+03 1.17430896e+01
1.71237186e+03 1.17166806e+01
1.71421370e+03 1.18656265e+01
1.71661566e+03 1.15893003e+01
1.71793670e+03 1.16032748e+01
1.71869973e+03 1.15555814e+01
1.71984428e+03 1.14580053e+01
1.72060731e+03 1.14381687e+01
1.72273622e+03 1.15010472e+01
1.72345609e+03 1.14277599e+01
1.72417596e+03 1.13280038e+01
1.72441591e+03 1.13174515e+01
1.72465587e+03 1.13293766e+01
1.72738515e+03 1.24149030e+01
1.72748811e+03 1.24179139e+01
1.72779699e+03 1.23950532e+01
1.72820882e+03 1.23048328e+01
1.72965025e+03 1.18289808e+01
1.73026800e+03 1.16995261e+01
1.73078477e+03 1.16649713e+01
1.73151937e+03 1.17043551e+01
1.73308168e+03 1.18376028e+01
1.73365553e+03 1.19563270e+01
1.73422937e+03 1.21675976e+01
1.73494668e+03 1.24523587e+01
1.73537707e+03 1.25545118e+01
1.73679723e+03 1.26433385e+01
1.73717906e+03 1.27465318e+01
1.73756090e+03 1.29104849e+01
1.73934278e+03 1.38328100e+01
1.73972461e+03 1.41021698e+01
1.73985189e+03 1.42103272e+01
1.74095192e+03 1.53013693e+01
1.74119736e+03 1.54538149e+01
1.74144280e+03 1.55148376e+01
1.74166276e+03 1.54782868e+01
1.74186999e+03 1.53615378e+01
1.74207721e+03 1.51691010e+01
1.74235351e+03 1.48134816e+01
1.74262980e+03 1.43796787e+01
1.74318240e+03 1.34570769e+01
1.74345869e+03 1.30506244e+01
1.74373499e+03 1.27200997e+01
1.74401981e+03 1.24739752e+01
1.74430463e+03 1.23264027e+01
1.74449452e+03 1.22788787e+01
1.74634874e+03 1.25978730e+01
1.74851048e+03 1.20778725e+01
1.75182884e+03 1.27074316e+01
1.75241341e+03 1.26830579e+01
1.75299798e+03 1.25986149e+01
1.75445940e+03 1.22803728e+01
1.75533625e+03 1.20279880e+01
1.75592082e+03 1.17980767e+01
1.75728144e+03 1.11565949e+01
1.75779880e+03 1.09646215e+01
1.75818683e+03 1.08742354e+01
1.75857485e+03 1.08428712e+01
1.75897881e+03 1.08804220e+01
1.75938277e+03 1.09898350e+01
1.75965207e+03 1.10983159e+01
1.76019068e+03 1.13761917e+01
1.76126790e+03 1.19835683e+01
1.76180651e+03 1.22174944e+01
1.76234512e+03 1.23674587e+01
1.76288373e+03 1.24280666e+01
1.76301760e+03 1.24300862e+01
1.76359770e+03 1.23881677e+01
1.76431168e+03 1.22551661e+01
1.76538264e+03 1.19801083e+01
1.76645361e+03 1.16455209e+01
1.76823855e+03 1.10495223e+01
1.76877595e+03 1.09268215e+01
1.76920444e+03 1.08909475e+01
1.76951832e+03 1.09136910e+01
1.76992054e+03 1.10143878e+01
1.77032277e+03 1.11972931e+01
1.77072500e+03 1.14486372e+01
1.77152946e+03 1.20174127e+01
1.77193169e+03 1.22433544e+01
1.77223336e+03 1.23545959e+01
1.77258945e+03 1.24105218e+01
1.77264386e+03 1.24119041e+01
1.77297037e+03 1.23842195e+01
1.77340571e+03 1.22719891e+01
1.77449405e+03 1.18830722e+01
1.77514706e+03 1.17194563e+01
1.77569124e+03 1.16587435e+01
1.77580007e+03 1.16566486e+01
1.77624177e+03 1.16861015e+01
1.77691385e+03 1.18309308e+01
1.77803399e+03 1.21246981e+01
1.77870607e+03 1.22177724e+01
1.77915413e+03 1.22392792e+01
1.77986590e+03 1.22063149e+01
1.78065704e+03 1.20606655e+01
1.78131633e+03 1.19359329e+01
1.78153884e+03 1.19240407e+01
1.78171190e+03 1.19323756e+01
1.78420911e+03 1.30105287e+01
1.78456746e+03 1.29694846e+01
1.78492581e+03 1.28408503e+01
1.78546333e+03 1.25441862e+01
1.78618002e+03 1.21314791e+01
1.78653837e+03 1.19853047e+01
1.78689671e+03 1.19067655e+01
1.78707589e+03 1.18957886e+01
1.78748209e+03 1.19388030e+01
1.78788828e+03 1.20572652e+01
1.78870068e+03 1.23501157e+01
1.78910688e+03 1.24355453e+01
1.78942276e+03 1.24542059e+01
1.78996419e+03 1.24057154e+01
1.79116738e+03 1.21726929e+01
1.79212992e+03 1.19143335e+01
1.79273152e+03 1.17692941e+01
1.79297215e+03 1.17546376e+01
1.79326192e+03 1.17925020e+01
1.79343136e+03 1.18471911e+01
1.79377025e+03 1.20301643e+01
1.79410914e+03 1.22965858e+01
1.79495637e+03 1.30663152e+01
1.79529526e+03 1.32949089e+01
1.79563415e+03 1.34303063e+01
1.79595765e+03 1.34663515e+01
1.79626576e+03 1.34239207e+01
1.79672792e+03 1.32542731e+01
1.79796037e+03 1.25806584e+01
1.79857659e+03 1.23065743e+01
1.79919281e+03 1.21197682e+01
1.80102791e+03 1.17041401e+01
1.80161702e+03 1.16224628e+01
1.80176429e+03 1.16171570e+01
1.80219053e+03 1.16432487e+01
1.80274846e+03 1.17584846e+01
1.80358536e+03 1.19703193e+01
1.80400381e+03 1.20199202e+01
1.80414330e+03 1.20219346e+01
1.80462540e+03 1.19686585e+01
1.80510750e+03 1.18348109e+01
1.80575031e+03 1.16024551e+01
1.80623241e+03 1.14704080e+01
1.80649355e+03 1.14461190e+01
1.80679344e+03 1.14823905e+01
1.80703022e+03 1.15721482e+01
1.80726701e+03 1.17244373e+01
1.80750379e+03 1.19434532e+01
1.80766165e+03 1.21263218e+01
1.80797736e+03 1.25713944e+01
1.80876663e+03 1.39009052e+01
1.80908235e+03 1.43563906e+01
1.80924020e+03 1.45344928e+01
1.80947862e+03 1.47227166e+01
1.80971703e+03 1.48024932e+01
1.80992446e+03 1.47811916e+01
1.81013188e+03 1.46801485e+01
1.81033930e+03 1.45092095e+01
1.81054672e+03 1.42819576e+01
1.81096156e+03 1.37211159e+01
1.81158382e+03 1.28280370e+01
1.81199866e+03 1.23083035e+01
1.81241350e+03 1.18811803e+01
1.81282834e+03 1.15446323e+01
1.81317979e+03 1.13259574e+01
1.81361186e+03 1.11426314e+01
1.81389991e+03 1.10775297e+01
1.81418796e+03 1.10605978e+01
1.81459996e+03 1.11143601e+01
1.81501197e+03 1.12362528e+01
1.81583597e+03 1.15320511e+01
1.81624797e+03 1.16243609e+01
1.81638531e+03 1.16373175e+01
1.81916574e+03 1.08955370e+01
1.81955663e+03 1.09214773e+01
1.81994752e+03 1.10074556e+01
1.82033840e+03 1.11545683e+01
1.82072929e+03 1.13635785e+01
1.82131563e+03 1.17761745e+01
1.82229285e+03 1.25372848e+01
1.82381255e+03 1.35418382e+01
1.82457240e+03 1.40809119e+01
1.82495232e+03 1.42657600e+01
1.82523726e+03 1.43174135e+01
1.82553131e+03 1.42715626e+01
1.82582991e+03 1.41180813e+01
1.82612852e+03 1.38703373e+01
1.82652665e+03 1.34433085e+01
1.82712385e+03 1.27700698e+01
1.82742245e+03 1.24871824e+01
1.82772106e+03 1.22649356e+01
1.82801966e+03 1.21072367e+01
1.82831826e+03 1.20081167e+01
1.82879889e+03 1.19391043e+01
1.83011071e+03 1.19021117e+01
1.83081137e+03 1.18045549e+01
1.83151203e+03 1.16378809e+01
1.83244624e+03 1.13887063e+01
1.83303012e+03 1.12985137e+01
1.83314690e+03 1.12938594e+01
1.83338045e+03 1.13019580e+01
1.83601682e+03 1.23113556e+01
1.83846958e+03 1.21300493e+01
1.83889226e+03 1.22095264e+01
1.83931494e+03 1.23677942e+01
1.84016030e+03 1.27775566e+01
1.84058298e+03 1.29004391e+01
1.84072387e+03 1.29150550e+01
1.84103083e+03 1.28957134e+01
1.84133778e+03 1.28099769e+01
1.84179821e+03 1.25890969e+01
1.84287254e+03 1.19736699e+01
1.84348645e+03 1.16933992e+01
1.84440731e+03 1.13560046e+01
1.84517469e+03 1.11343583e+01
1.84563512e+03 1.10614241e+01
1.84581591e+03 1.10534020e+01
1.84613935e+03 1.10762509e+01
1.84642466e+03 1.11414394e+01
1.84670997e+03 1.12516989e+01
1.84713793e+03 1.14981447e+01
1.84756589e+03 1.18238156e+01
1.84856447e+03 1.27274476e+01
1.84913509e+03 1.32389628e+01
1.84956305e+03 1.35758315e+01
1.84999101e+03 1.38324033e+01
1.85027632e+03 1.39385240e+01
1.85056163e+03 1.39817683e+01
1.85085259e+03 1.39577750e+01
1.85114356e+03 1.38689238e+01
1.85158000e+03 1.36380785e+01
1.85318029e+03 1.24893267e+01
1.85376222e+03 1.21372605e+01
1.85419866e+03 1.19224976e+01
1.85463511e+03 1.17765920e+01
1.85492607e+03 1.17424319e+01
1.85521703e+03 1.17838881e+01
1.85544196e+03 1.18829255e+01
1.85566689e+03 1.20510871e+01
1.85589182e+03 1.22945137e+01
1.85611675e+03 1.26137848e+01
1.85634168e+03 1.30022328e+01
1.85671656e+03 1.37595582e+01
1.85716643e+03 1.47003161e+01
1.85739136e+03 1.51094018e+01
1.85761629e+03 1.54363560e+01
1.85779205e+03 1.56190584e+01
1.85796782e+03 1.57295779e+01
1.85812788e+03 1.57646261e+01
1.85834229e+03 1.57150789e+01
1.85859957e+03 1.55229907e+01
1.85877110e+03 1.53280357e+01
1.85911414e+03 1.48280464e+01
1.85980024e+03 1.37070676e+01
1.86014328e+03 1.32231525e+01
1.86048633e+03 1.28337737e+01
1.86082938e+03 1.25414581e+01
1.86111794e+03 1.23638541e+01
1.86155079e+03 1.21965060e+01
1.86198364e+03 1.21247611e+01
1.86221123e+03 1.21161711e+01
1.86380440e+03 1.22175228e+01
1.86573959e+03 1.21229854e+01
1.86734817e+03 1.21795554e+01
1.86799160e+03 1.21491351e+01
1.86894009e+03 1.20035865e+01
1.86912979e+03 1.19922625e+01
1.86941433e+03 1.20157838e+01
1.86966062e+03 1.20889452e+01
1.86996349e+03 1.22579895e+01
1.87026637e+03 1.25124956e+01
1.87072068e+03 1.30037818e+01
1.87117499e+03 1.34991113e+01
1.87147786e+03 1.37510099e+01
1.87170502e+03 1.38712985e+01
1.87193217e+03 1.39232855e+01
1.87222522e+03 1.38891199e+01
1.87251826e+03 1.37555649e+01
1.87295782e+03 1.34324538e+01
1.87369042e+03 1.28343819e+01
1.87412999e+03 1.25578168e+01
1.87456955e+03 1.23627392e+01
1.87515563e+03 1.21902075e+01
1.87603476e+03 1.20108631e+01
1.87689311e+03 1.18982143e+01
1.87818611e+03 1.18177028e+01
1.87962234e+03 1.16074833e+01
1.88019683e+03 1.15786217e+01
1.88069905e+03 1.16352140e+01
1.88120127e+03 1.17571372e+01
1.88245682e+03 1.21684174e+01
1.88283348e+03 1.23488405e+01
1.88308459e+03 1.25165663e+01
1.88333570e+03 1.27382744e+01
1.88358681e+03 1.30221988e+01
1.88383792e+03 1.33672235e+01
1.88468154e+03 1.47175401e+01
1.88491501e+03 1.50250586e+01
1.88514849e+03 1.52485173e+01
1.88538196e+03 1.53665648e+01
1.88549700e+03 1.53821713e+01
1.88568308e+03 1.53468947e+01
1.88590637e+03 1.52102792e+01
1.88605523e+03 1.50681310e+01
1.88635295e+03 1.46881015e+01
1.88709725e+03 1.35297743e+01
1.88739497e+03 1.31315310e+01
1.88761826e+03 1.28946964e+01
1.88784154e+03 1.27196485e+01
1.88812088e+03 1.25902998e+01
1.88835079e+03 1.25544929e+01
1.88862439e+03 1.25832941e+01
1.88903478e+03 1.27315450e+01
1.88985556e+03 1.31253358e+01
1.89026596e+03 1.32339140e+01
1.89040275e+03 1.32462872e+01
1.89069891e+03 1.32302721e+01
1.89099507e+03 1.31612067e+01
1.89158739e+03 1.29211569e+01
1.89247587e+03 1.25422657e+01
1.89366051e+03 1.21680755e+01
1.89514131e+03 1.15802362e+01
1.89547956e+03 1.14974384e+01
1.89581781e+03 1.14685713e+01
1.89617776e+03 1.14997086e+01
1.89677768e+03 1.16517326e+01
1.89725761e+03 1.17859958e+01
1.89773754e+03 1.18590560e+01
1.89793531e+03 1.18641273e+01
1.89852859e+03 1.18060182e+01
1.90030844e+03 1.14492043e+01
1.90090173e+03 1.13928393e+01
1.90140687e+03 1.14239560e+01
1.90191202e+03 1.15317727e+01
1.90292231e+03 1.18333179e+01
1.90342746e+03 1.19183951e+01
1.90359584e+03 1.19257619e+01
1.90403124e+03 1.18921586e+01
1.90446663e+03 1.17950915e+01
1.90533743e+03 1.15492604e+01
1.90577283e+03 1.14750892e+01
1.90614719e+03 1.14561432e+01
1.90683488e+03 1.14995108e+01
1.90775180e+03 1.15628985e+01
1.90835065e+03 1.15325689e+01
1.91044662e+03 1.12174176e+01
1.91104547e+03 1.10801910e+01
1.91134489e+03 1.09851601e+01
1.91254259e+03 1.05445047e+01
1.91292807e+03 1.04849041e+01
1.91300516e+03 1.04847209e+01
1.91324995e+03 1.05162300e+01
1.91352172e+03 1.06153458e+01
1.91379350e+03 1.07873875e+01
1.91406528e+03 1.10313281e+01
1.91424647e+03 1.12300548e+01
1.91460884e+03 1.16951671e+01
1.91569596e+03 1.32528976e+01
1.91629537e+03 1.40141711e+01
1.91676945e+03 1.45335297e+01
1.91712501e+03 1.48535709e+01
1.91748057e+03 1.50799563e+01
1.91777687e+03 1.51708938e+01
1.91789539e+03 1.51782092e+01
1.91816857e+03 1.51276428e+01
1.91848946e+03 1.49497163e+01
1.91881034e+03 1.46589108e+01
1.91923819e+03 1.41456909e+01
1.92009388e+03 1.29941581e+01
1.92052173e+03 1.24979454e+01
1.92084262e+03 1.22042815e+01
1.92116350e+03 1.19938593e+01
1.92150155e+03 1.18692110e+01
1.92182406e+03 1.18397890e+01
1.92222087e+03 1.19026360e+01
1.92341127e+03 1.23322815e+01
1.92400647e+03 1.24722963e+01
1.92460168e+03 1.25194875e+01
1.92503657e+03 1.24975833e+01
1.92550955e+03 1.24137094e+01
1.92598253e+03 1.22618262e+01
1.92669200e+03 1.19307709e+01
1.92740147e+03 1.15714259e+01
1.92787445e+03 1.13835785e+01
1.92834743e+03 1.12733730e+01
1.92872822e+03 1.12464540e+01
1.92916109e+03 1.12720277e+01
1.93002684e+03 1.14212695e+01
1.93060400e+03 1.15643875e+01
1.93103688e+03 1.17269908e+01
1.93132546e+03 1.18852126e+01
1.93161404e+03 1.20964003e+01
1.93190262e+03 1.23640442e+01
1.93233550e+03 1.28503376e+01
1.93291266e+03 1.35164881e+01
1.93320124e+03 1.37732303e+01
1.93344832e+03 1.39166909e+01
1.93371368e+03 1.39765754e+01
1.93373197e+03 1.39769575e+01
1.93398805e+03 1.39330836e+01
1.93428070e+03 1.37825792e+01
1.93471968e+03 1.34254968e+01
1.93530499e+03 1.29211035e+01
1.93559765e+03 1.27393494e+01
1.93589030e+03 1.26355537e+01
1.93603663e+03 1.26159592e+01
1.93628522e+03 1.26322683e+01
1.93653382e+03 1.27073246e+01
1.93690671e+03 1.29124265e+01
1.93727960e+03 1.31955539e+01
1.93901977e+03 1.46875534e+01
1.94012827e+03 1.57156521e+01
1.94047063e+03 1.59500469e+01
1.94075593e+03 1.60475959e+01
1.94087005e+03 1.60552667e+01
1.94109898e+03 1.60115276e+01
1.94135677e+03 1.58678421e+01
1.94161456e+03 1.56345365e+01
1.94195828e+03 1.52228282e+01
1.94264572e+03 1.43253716e+01
1.94298945e+03 1.39737008e+01
1.94324724e+03 1.37871096e+01
1.94350503e+03 1.36716068e+01
1.94384602e+03 1.36194315e+01
1.94421809e+03 1.36634083e+01
1.94530050e+03 1.39728634e+01
1.94584171e+03 1.40394694e+01
1.94643643e+03 1.40020989e+01
1.94703115e+03 1.38752433e+01
1.94762587e+03 1.36686655e+01
1.94822059e+03 1.33716050e+01
1.94955872e+03 1.25407143e+01
1.95000476e+03 1.23358748e+01
1.95045080e+03 1.22182041e+01
1.95066623e+03 1.21949830e+01
1.95480500e+03 1.32015515e+01
1.95929693e+03 1.20406218e+01
1.96124481e+03 1.21814390e+01
1.96184185e+03 1.21498767e+01
1.96393150e+03 1.18578260e+01
1.96452854e+03 1.17274715e+01
1.96542411e+03 1.14753797e+01
1.96579726e+03 1.14314128e+01
1.96611013e+03 1.14690113e+01
1.96637709e+03 1.15717172e+01
1.96664404e+03 1.17461463e+01
1.96691099e+03 1.19899568e+01
1.96726692e+03 1.24016044e+01
1.96797879e+03 1.33102277e+01
1.96824575e+03 1.35919341e+01
1.96851270e+03 1.38017297e+01
1.96877965e+03 1.39249240e+01
1.96904279e+03 1.39577179e+01
1.96931332e+03 1.39065047e+01
1.96958384e+03 1.37852824e+01
1.96998963e+03 1.35212702e+01
1.97066595e+03 1.30512843e+01
1.97107174e+03 1.28379064e+01
1.97147753e+03 1.26940700e+01
1.97269490e+03 1.24186352e+01
1.97323596e+03 1.22154315e+01
1.97422684e+03 1.17324400e+01
1.97455714e+03 1.16346545e+01
1.97477733e+03 1.16214916e+01
1.97499753e+03 1.16658375e+01
1.97520005e+03 1.17682470e+01
1.97540257e+03 1.19378328e+01
1.97560509e+03 1.21793672e+01
1.97580761e+03 1.24934142e+01
1.97601013e+03 1.28754507e+01
1.97621265e+03 1.33154002e+01
1.97661769e+03 1.43024339e+01
1.97703958e+03 1.53221117e+01
1.97729270e+03 1.58418634e+01
1.97754583e+03 1.62452365e+01
1.97779896e+03 1.65089261e+01
1.97804421e+03 1.66249879e+01
1.97812072e+03 1.66341721e+01
1.97835023e+03 1.65921519e+01
1.97857974e+03 1.64614612e+01
1.97888576e+03 1.61898398e+01
1.97980381e+03 1.51750185e+01
1.98041584e+03 1.45761243e+01
1.98133389e+03 1.38022413e+01
1.98194592e+03 1.33474413e+01
1.98240494e+03 1.30606158e+01
1.98286397e+03 1.28381704e+01
1.98329854e+03 1.26935790e+01
1.98373311e+03 1.26123698e+01
1.98402283e+03 1.25903137e+01
1.98588591e+03 1.26818940e+01
1.98803316e+03 1.22752804e+01
1.98998955e+03 1.26722137e+01
1.99195288e+03 1.23254541e+01
1.99455380e+03 1.34026489e+01
1.99458487e+03 1.34030663e+01
1.99489552e+03 1.33725966e+01
1.99526830e+03 1.32636467e+01
1.99601387e+03 1.29101990e+01
1.99675944e+03 1.25479417e+01
1.99725649e+03 1.23637757e+01
1.99775353e+03 1.22377816e+01
1.99825058e+03 1.21713271e+01
1.99849910e+03 1.21619839e+01
1.99892214e+03 1.21861925e+01
1.99948419e+03 1.22963380e+01
2.00032726e+03 1.25754131e+01
2.00145136e+03 1.29762837e+01
2.00229444e+03 1.32256467e+01
2.00285648e+03 1.33123552e+01
2.00299700e+03 1.33149055e+01
2.00313751e+03 1.33077687e+01
2.00562068e+03 1.23514956e+01
2.00593744e+03 1.23946227e+01
2.00625419e+03 1.25211824e+01
2.00657095e+03 1.27227190e+01
2.00688770e+03 1.29820693e+01
2.00767959e+03 1.37121306e+01
2.00799634e+03 1.39563845e+01
2.00828621e+03 1.41194230e+01
2.00854919e+03 1.42055736e+01
2.00878113e+03 1.42299825e+01
2.00916283e+03 1.41731852e+01
2.00964499e+03 1.39779875e+01
2.01028786e+03 1.36542175e+01
2.01093073e+03 1.34013887e+01
2.01125216e+03 1.33137573e+01
2.01382365e+03 1.28771178e+01
2.01572178e+03 1.24411561e+01
2.01635449e+03 1.23441427e+01
2.01761990e+03 1.22452484e+01
2.01856897e+03 1.22159248e+01
2.02073817e+03 1.23054402e+01
2.02134668e+03 1.22654557e+01
2.02195519e+03 1.21728451e+01
2.02378071e+03 1.17991194e+01
2.02469348e+03 1.16598516e+01
2.02560624e+03 1.15796402e+01
2.02604679e+03 1.15683248e+01
2.02776420e+03 1.16049550e+01
2.02854978e+03 1.15298174e+01
2.02933536e+03 1.14261960e+01
2.02959722e+03 1.14152094e+01
2.02985908e+03 1.14262328e+01
2.03222245e+03 1.20042374e+01
2.03229031e+03 1.20055725e+01
2.03276531e+03 1.19604996e+01
2.03330816e+03 1.18234267e+01
2.03412244e+03 1.15896885e+01
2.03493672e+03 1.14261933e+01
2.03602243e+03 1.12955790e+01
2.03656528e+03 1.12809170e+01
2.03854523e+03 1.14848701e+01
2.03890535e+03 1.14911790e+01
2.03998571e+03 1.14534571e+01
2.04138829e+03 1.14500045e+01
2.04318217e+03 1.13384966e+01
2.04371712e+03 1.13820165e+01
2.04427451e+03 1.15132929e+01
2.04511057e+03 1.17626195e+01
2.04552861e+03 1.18208933e+01
2.04566795e+03 1.18214927e+01
2.04610068e+03 1.17612367e+01
2.04685794e+03 1.15679223e+01
2.04696612e+03 1.15584085e+01
2.04718248e+03 1.15771062e+01
2.04739884e+03 1.16640483e+01
2.04758004e+03 1.18044436e+01
2.04776124e+03 1.20177310e+01
2.04794244e+03 1.23118770e+01
2.04812364e+03 1.26913027e+01
2.04830484e+03 1.31560185e+01
2.04848604e+03 1.37009620e+01
2.04866724e+03 1.43156812e+01
2.04894915e+03 1.53720349e+01
2.04935196e+03 1.69416269e+01
2.04955337e+03 1.76738193e+01
2.04975478e+03 1.83229956e+01
2.04995619e+03 1.88585358e+01
2.05015759e+03 1.92577517e+01
2.05035900e+03 1.95081310e+01
2.05052020e+03 1.96000676e+01
2.05058070e+03 1.96104869e+01
2.05076218e+03 1.95682075e+01
2.05094367e+03 1.94276432e+01
2.05118565e+03 1.91207729e+01
2.05166962e+03 1.82923123e+01
2.05203260e+03 1.76656779e+01
2.05239557e+03 1.71415225e+01
2.05270411e+03 1.67913122e+01
2.05301266e+03 1.65077933e+01
2.05393829e+03 1.57501030e+01
2.05517246e+03 1.46039868e+01
2.05578955e+03 1.40938742e+01
2.05640664e+03 1.36590649e+01
2.05702373e+03 1.32915564e+01
2.05763920e+03 1.29943874e+01
2.05825305e+03 1.27676750e+01
2.06040154e+03 1.22118748e+01
2.06162924e+03 1.18592192e+01
2.06224310e+03 1.17379558e+01
2.06265308e+03 1.17068503e+01
2.06451546e+03 1.18042334e+01
2.06638786e+03 1.16091134e+01
2.06700457e+03 1.16300786e+01
2.06823801e+03 1.17941313e+01
2.07070487e+03 1.21805164e+01
2.07232414e+03 1.25282582e+01
2.07292567e+03 1.25939569e+01
2.07355367e+03 1.25649908e+01
2.07449568e+03 1.23927523e+01
2.07543770e+03 1.21496968e+01
2.07794973e+03 1.13690812e+01
2.07863357e+03 1.12504620e+01
2.07886152e+03 1.12297545e+01
2.08055755e+03 1.11923004e+01
2.08116495e+03 1.11333877e+01
2.08237976e+03 1.09329930e+01
2.08268346e+03 1.09137333e+01
2.08307855e+03 1.09523773e+01
2.08335271e+03 1.10388862e+01
2.08362687e+03 1.11855024e+01
2.08390102e+03 1.13972634e+01
2.08408380e+03 1.15743255e+01
2.08444934e+03 1.20039953e+01
2.08536320e+03 1.32614631e+01
2.08572874e+03 1.36840116e+01
2.08591152e+03 1.38501180e+01
2.08621251e+03 1.40429253e+01
2.08651351e+03 1.41276496e+01
2.08661199e+03 1.41319427e+01
2.08690743e+03 1.40802728e+01
2.08720287e+03 1.39444742e+01
2.08769527e+03 1.35909919e+01
2.08848311e+03 1.29489411e+01
2.08887703e+03 1.26980807e+01
2.08927095e+03 1.25290783e+01
2.08966487e+03 1.24388851e+01
2.09034204e+03 1.24009403e+01
2.09146708e+03 1.24254032e+01
2.09202425e+03 1.25026105e+01
2.09234184e+03 1.25893559e+01
2.09297702e+03 1.28457253e+01
2.09377101e+03 1.31747695e+01
2.09424739e+03 1.32842624e+01
2.09457959e+03 1.33090839e+01
2.09524399e+03 1.32672228e+01
2.09889818e+03 1.27142630e+01
2.09956258e+03 1.26384381e+01
2.10154403e+03 1.25053816e+01
2.10239323e+03 1.23791469e+01
2.10352549e+03 1.21879133e+01
2.10409161e+03 1.21608025e+01
2.10726553e+03 1.28222029e+01
2.10770153e+03 1.28355564e+01
2.10859429e+03 1.27846894e+01
2.10925866e+03 1.26729125e+01
2.11091960e+03 1.22637346e+01
2.11191617e+03 1.21061116e+01
2.11289833e+03 1.19829601e+01
2.11385171e+03 1.17777744e+01
2.11544068e+03 1.13531871e+01
2.11639406e+03 1.11591890e+01
2.11734744e+03 1.10409312e+01
2.11847096e+03 1.09934590e+01
2.11863210e+03 1.09934243e+01
2.11938393e+03 1.10260084e+01
2.11981346e+03 1.10792515e+01
2.12067254e+03 1.12631878e+01
2.12174637e+03 1.15298377e+01
2.12217591e+03 1.15979313e+01
2.12255356e+03 1.16178861e+01
2.12304221e+03 1.15849206e+01
2.12564833e+03 1.11749891e+01
2.12662562e+03 1.09693835e+01
2.12711427e+03 1.08970295e+01
2.12744004e+03 1.08803543e+01
2.12760292e+03 1.08830179e+01
2.13026578e+03 1.13215722e+01
2.13239841e+03 1.11610188e+01
2.13275941e+03 1.12323698e+01
2.13312042e+03 1.13782532e+01
2.13348142e+03 1.15956648e+01
2.13438392e+03 1.22853980e+01
2.13474492e+03 1.25144113e+01
2.13510592e+03 1.26594875e+01
2.13544092e+03 1.27033846e+01
2.13582667e+03 1.26500435e+01
2.13630144e+03 1.24721891e+01
2.13725098e+03 1.20126073e+01
2.13772575e+03 1.18282079e+01
2.13820052e+03 1.16972198e+01
2.13867529e+03 1.16272865e+01
2.13891267e+03 1.16203609e+01
2.13928421e+03 1.16566527e+01
2.13968667e+03 1.17728185e+01
2.14008913e+03 1.19760036e+01
2.14049159e+03 1.22590265e+01
2.14156482e+03 1.31871764e+01
2.14210144e+03 1.35877199e+01
2.14236974e+03 1.37508019e+01
2.14454708e+03 1.48038980e+01
2.14487831e+03 1.48945241e+01
2.14509913e+03 1.49115621e+01
2.14535083e+03 1.48814066e+01
2.14563342e+03 1.47839211e+01
2.14605730e+03 1.45329058e+01
2.14690506e+03 1.39127169e+01
2.14732895e+03 1.36854034e+01
2.14769946e+03 1.35657159e+01
2.14815791e+03 1.34986244e+01
2.14907480e+03 1.34176700e+01
2.14958743e+03 1.32776428e+01
2.15015423e+03 1.30102009e+01
2.15072104e+03 1.27054986e+01
2.15114615e+03 1.25350815e+01
2.15142955e+03 1.24778486e+01
2.15157125e+03 1.24696182e+01
2.15189924e+03 1.25045270e+01
2.15222723e+03 1.26088775e+01
2.15271921e+03 1.28561433e+01
2.15337518e+03 1.32173888e+01
2.15386717e+03 1.34030072e+01
2.15427368e+03 1.34625702e+01
2.15435221e+03 1.34637956e+01
2.15482337e+03 1.34082556e+01
2.15529452e+03 1.32673591e+01
2.15607979e+03 1.29239685e+01
2.15670800e+03 1.25963487e+01
2.15796442e+03 1.18869564e+01
2.15859263e+03 1.15826135e+01
2.15906379e+03 1.14236603e+01
2.15943342e+03 1.13531577e+01
2.15980705e+03 1.13307027e+01
2.16029021e+03 1.13607388e+01
2.16222285e+03 1.16525385e+01
2.16479970e+03 1.23487225e+01
2.16494763e+03 1.23540461e+01
2.16682757e+03 1.21384456e+01
2.16885502e+03 1.25449394e+01
2.16930844e+03 1.25073376e+01
2.16976186e+03 1.23907261e+01
2.17097098e+03 1.19675023e+01
2.17157554e+03 1.18257103e+01
2.17248239e+03 1.17272845e+01
2.17338923e+03 1.16420629e+01
2.17409331e+03 1.14975364e+01
2.17489690e+03 1.12368546e+01
2.17570050e+03 1.09433077e+01
2.17630319e+03 1.07730911e+01
2.17670499e+03 1.07170147e+01
2.17690589e+03 1.07122741e+01
2.17726759e+03 1.07476273e+01
2.17762930e+03 1.08389948e+01
2.17817185e+03 1.10582963e+01
2.17871441e+03 1.13131098e+01
2.17925696e+03 1.15190069e+01
2.17961867e+03 1.15999027e+01
2.17979952e+03 1.16220538e+01
2.18119948e+03 1.16350541e+01
2.18174350e+03 1.17319928e+01
2.18228753e+03 1.19207459e+01
2.18301289e+03 1.22292969e+01
2.18355691e+03 1.24101222e+01
2.18391959e+03 1.24739337e+01
2.18410093e+03 1.24856789e+01
2.18458968e+03 1.24523150e+01
2.18507842e+03 1.23436708e+01
2.18573008e+03 1.21547421e+01
2.18621882e+03 1.20565175e+01
2.18638174e+03 1.20468519e+01
2.18670757e+03 1.20813495e+01
2.18698879e+03 1.21844154e+01
2.18727002e+03 1.23682522e+01
2.18755124e+03 1.26374832e+01
2.18783247e+03 1.29859887e+01
2.18825430e+03 1.36127641e+01
2.18867614e+03 1.42599836e+01
2.18895737e+03 1.46309804e+01
2.18921285e+03 1.48847479e+01
2.18946834e+03 1.50345065e+01
2.18963866e+03 1.50696013e+01
2.18987171e+03 1.50318649e+01
2.19010477e+03 1.49006258e+01
2.19026014e+03 1.47675253e+01
2.19057087e+03 1.44170130e+01
2.19134772e+03 1.33578076e+01
2.19165846e+03 1.29829143e+01
2.19196920e+03 1.26768841e+01
2.19231765e+03 1.24198873e+01
2.19270381e+03 1.22238947e+01
2.19328306e+03 1.20329717e+01
2.19482771e+03 1.16603090e+01
2.19521388e+03 1.15928161e+01
2.19714469e+03 1.13522628e+01
2.19791702e+03 1.12372929e+01
2.19830319e+03 1.11982260e+01
2.20025538e+03 1.11365034e+01
2.20106101e+03 1.10853241e+01
2.20146382e+03 1.10848992e+01
2.20347633e+03 1.13003121e+01
2.20395783e+03 1.12752804e+01
2.20443933e+03 1.11943698e+01
2.20572332e+03 1.08966392e+01
2.20668632e+03 1.07583796e+01
2.20764932e+03 1.06304697e+01
2.20885601e+03 1.03746656e+01
2.20934340e+03 1.03172311e+01
2.20946525e+03 1.03152504e+01
2.20977787e+03 1.03384095e+01
2.21015941e+03 1.04246129e+01
2.21054095e+03 1.05678812e+01
2.21168558e+03 1.11108067e+01
2.21206712e+03 1.12435105e+01
2.21263944e+03 1.13556591e+01
2.21414160e+03 1.14250348e+01
2.21515854e+03 1.15263400e+01
2.21693820e+03 1.17778240e+01
2.21757379e+03 1.18168245e+01
2.21770091e+03 1.18138051e+01
2.22115051e+03 1.08442661e+01
2.22144617e+03 1.09019022e+01
2.22174183e+03 1.10239889e+01
2.22203749e+03 1.12143073e+01
2.22233315e+03 1.14707581e+01
2.22277665e+03 1.19560216e+01
2.22351580e+03 1.28517841e+01
2.22379330e+03 1.31428651e+01
2.22407080e+03 1.33773026e+01
2.22434829e+03 1.35433941e+01
2.22462579e+03 1.36385812e+01
2.22496136e+03 1.36688415e+01
2.22529692e+03 1.36297979e+01
2.22663918e+03 1.32811723e+01
2.22747809e+03 1.30141358e+01
2.22798144e+03 1.27753132e+01
2.22865257e+03 1.23699156e+01
2.22965926e+03 1.17382485e+01
2.23016628e+03 1.14836014e+01
2.23068064e+03 1.13033919e+01
2.23119500e+03 1.12163310e+01
2.23136645e+03 1.12078223e+01
2.23338607e+03 1.13813395e+01
2.23385508e+03 1.13346115e+01
2.23432409e+03 1.12258409e+01
2.23588744e+03 1.07395596e+01
2.23713813e+03 1.04453878e+01
2.23776347e+03 1.03332310e+01
2.23838882e+03 1.02808176e+01
2.23844836e+03 1.02802537e+01
2.23898731e+03 1.03114614e+01
2.23970797e+03 1.04277333e+01
2.24078894e+03 1.06272017e+01
2.24132943e+03 1.06831099e+01
2.24150959e+03 1.06895897e+01
2.24212881e+03 1.06581219e+01
2.24274802e+03 1.05457488e+01
2.24398646e+03 1.01989687e+01
2.24439927e+03 1.01254120e+01
2.24460567e+03 1.01140120e+01
2.24481208e+03 1.01250287e+01
2.24515798e+03 1.02035714e+01
2.24541740e+03 1.03183604e+01
2.24567683e+03 1.04840977e+01
2.24584978e+03 1.06226862e+01
2.24619568e+03 1.09617320e+01
2.24654158e+03 1.13662851e+01
2.24723338e+03 1.22366785e+01
2.24757929e+03 1.26165720e+01
2.24789802e+03 1.28866345e+01
2.24821675e+03 1.30592987e+01
2.24852244e+03 1.31287956e+01
2.24861564e+03 1.31323776e+01
2.24898845e+03 1.30781609e+01
2.24954767e+03 1.28683646e+01
2.25029328e+03 1.25741070e+01
2.25085249e+03 1.24427653e+01
2.25141170e+03 1.23870311e+01
2.37000000e+03 1.24678998e+01
3.04866797e+03 1.22866342e+01
3.75000000e+03 1.21760797e+01
4.20000000e+03 1.22007235e+01
4.70000000e+03 1.21090224e+01
5.30000000e+03 1.21898595e+01
6.00000000e+03 1.19863759e+01
6.70000000e+03 1.20007077e+01
7.76194478e+03 1.19471150e+01
8.40000000e+03 1.18443204e+01
9.50000000e+03 1.18785757e+01
1.28191256e+04 1.16996520e+01
2.40980138e+04 1.13623771e+01
2.69287409e+04 1.13068509e+01
2.94093229e+04 1.12098235e+01
4.44122532e+04 1.08796704e+01
5.25002125e+04 1.07032953e+01
6.17731001e+04 1.05106800e+01
7.30085950e+04 1.02399082e+01
9.01191619e+04 1.00009747e+01
1.26858151e+05 9.37792416e+00
1.55484549e+05 8.92924296e+00
1.96043707e+05 8.34897967e+00
2.23730741e+05 7.99147442e+00
2.61007447e+05 7.55608129e+00
3.17291496e+05 6.96840014e+00
3.59597029e+05 6.58695872e+00
4.17190282e+05 6.12631304e+00
4.65360861e+05 5.80238949e+00
5.25140713e+05 5.44265734e+00
5.83296463e+05 5.14543205e+00
6.34582992e+05 4.90951415e+00
6.96190927e+05 4.66495956e+00
7.40346824e+05 4.50865863e+00
8.04862761e+05 4.30914651e+00
8.66482176e+05 4.14580852e+00
9.25664732e+05 4.00904693e+00
9.85318681e+05 3.89739771e+00
1.06965702e+06 3.77403201e+00
1.15530957e+06 3.68358491e+00
1.21075762e+06 3.64514897e+00
1.40000000e+06 3.55469502e+00
1.59934295e+06 3.57495871e+00
1.77624777e+06 3.64742784e+00
2.14522464e+06 3.88892865e+00
2.59601331e+06 4.21043567e+00
2.80832665e+06 4.33177236e+00
3.01046741e+06 4.43273029e+00
3.34400000e+06 4.54784815e+00
3.92700000e+06 4.59007888e+00
4.40000000e+06 4.51265258e+00
5.07192478e+06 4.27907810e+00
5.65261463e+06 4.04569593e+00
6.17079542e+06 3.85197579e+00
7.19961458e+06 3.42483522e+00
7.61102113e+06 3.28041355e+00
8.63953750e+06 2.96157008e+00
9.00000000e+06 2.86103589e+00
9.37000000e+06 2.78841424e+00
1.00000000e+07 2.70144464e+00
1.01410820e+07 2.69065851e+00
1.02841544e+07 2.67972492e+00
1.04292453e+07 2.66863707e+00
1.05763832e+07 2.65739280e+00
1.07255969e+07 2.64598988e+00
1.08769158e+07 2.63442609e+00
1.10000000e+07 2.62502000e+00
1.11551902e+07 2.62080015e+00
1.13125698e+07 2.61652076e+00
1.14700000e+07 2.61224000e+00
1.16318211e+07 2.61818885e+00
1.17959251e+07 2.62422163e+00
1.19623444e+07 2.63033952e+00
1.21000000e+07 2.63540000e+00
1.22707092e+07 2.64569377e+00
1.24438268e+07 2.65613276e+00
1.25000000e+07 2.65952000e+00
1.26763525e+07 2.67257009e+00
1.28551930e+07 2.68580428e+00
1.28600000e+07 2.68616000e+00
1.30414314e+07 2.70207211e+00
1.32254226e+07 2.71820870e+00
1.32254226e+07 2.71820870e+00
1.34120095e+07 2.73457296e+00
1.35000000e+07 2.74229000e+00
1.36904607e+07 2.76102371e+00
1.38836085e+07 2.78002173e+00
1.40000000e+07 2.79147000e+00
1.41975148e+07 2.81190488e+00
1.43978162e+07 2.83262806e+00
1.45000000e+07 2.84320000e+00
1.47045689e+07 2.86473292e+00
1.49120239e+07 2.88656964e+00
1.50000000e+07 2.89583000e+00
1.52116230e+07 2.91751289e+00
1.54262316e+07 2.93950169e+00
1.56438680e+07 2.96180071e+00
1.58645748e+07 2.98441433e+00
1.60000000e+07 2.99829000e+00
1.62257312e+07 3.01900084e+00
1.64546471e+07 3.04000387e+00
1.66867925e+07 3.06130321e+00
1.69222131e+07 3.08290305e+00
1.70000000e+07 3.09004000e+00
1.72398394e+07 3.10810231e+00
1.74830625e+07 3.12641944e+00
1.77297170e+07 3.14499499e+00
1.79798514e+07 3.16383261e+00
1.79798514e+07 3.16383261e+00
1.80000000e+07 3.16535000e+00
1.82539476e+07 3.18349963e+00
1.85114779e+07 3.20190533e+00
1.87726416e+07 3.22057069e+00
1.87726416e+07 3.22057069e+00
1.90000000e+07 3.23682000e+00
1.92680558e+07 3.24863858e+00
1.95398934e+07 3.26062390e+00
1.98155661e+07 3.27277831e+00
1.98155661e+07 3.27277831e+00
2.00000000e+07 3.28091000e+00
2.02821640e+07 3.28458378e+00
2.05683088e+07 3.28830938e+00
2.08584906e+07 3.29208755e+00
2.10000000e+07 3.29393000e+00
2.12962722e+07 3.29172277e+00
2.15967243e+07 3.28948440e+00
2.19014152e+07 3.28721446e+00
2.20000000e+07 3.28648000e+00
2.23103804e+07 3.27838218e+00
2.26251397e+07 3.27017010e+00
2.29443397e+07 3.26184218e+00
2.30000000e+07 3.26039000e+00
2.33244886e+07 3.24666738e+00
2.36535551e+07 3.23275115e+00
2.39872642e+07 3.21863860e+00
2.40000000e+07 3.21810000e+00
2.43385968e+07 3.19924354e+00
2.46819706e+07 3.18012106e+00
2.50000000e+07 3.16241000e+00
2.53527050e+07 3.13907856e+00
2.57103860e+07 3.11541796e+00
2.60000000e+07 3.09626000e+00
2.63668132e+07 3.06920386e+00
2.67388015e+07 3.04176600e+00
2.70000000e+07 3.02250000e+00
2.73809214e+07 2.99257101e+00
2.77672169e+07 2.96221977e+00
2.80000000e+07 2.94393000e+00
2.83950296e+07 2.91196420e+00
2.87956324e+07 2.87954743e+00
2.90000000e+07 2.86301000e+00
2.94091378e+07 2.82980438e+00
2.98240478e+07 2.79613028e+00
3.00000000e+07 2.78185000e+00
