10232
1.00000000e-05 9.28659000e-04
1.10303700e-05 8.84222000e-04
1.21669100e-05 8.41911000e-04
1.34205500e-05 8.01625000e-04
1.48033600e-05 7.63266000e-04
1.63286500e-05 7.26744000e-04
1.80111100e-05 6.91968000e-04
1.98669100e-05 6.58857000e-04
2.19139400e-05 6.27330000e-04
2.41718900e-05 5.97312000e-04
2.66624800e-05 5.68730000e-04
2.94097100e-05 5.41516000e-04
3.24399900e-05 5.15604000e-04
3.57825100e-05 4.90932000e-04
3.94694300e-05 4.67441000e-04
4.35362400e-05 4.45074000e-04
4.80220800e-05 4.23777000e-04
5.29701300e-05 4.03499000e-04
5.84280100e-05 3.84191000e-04
6.44482500e-05 3.65808000e-04
7.10888100e-05 3.48304000e-04
7.84135800e-05 3.31637000e-04
8.64930800e-05 3.15768000e-04
9.54050600e-05 3.00659000e-04
1.05235300e-04 2.86272000e-04
1.16078400e-04 2.72574000e-04
1.28038800e-04 2.59531000e-04
1.41231500e-04 2.47113000e-04
1.55783600e-04 2.35289000e-04
1.71835100e-04 2.24030000e-04
1.89540400e-04 2.13310000e-04
2.09070100e-04 2.03104000e-04
2.30612000e-04 1.93385000e-04
2.54373600e-04 1.84132000e-04
2.80583500e-04 1.75322000e-04
3.09493900e-04 1.66933000e-04
3.41383200e-04 1.58945000e-04
3.76558300e-04 1.51340000e-04
4.15357700e-04 1.44099000e-04
4.58154900e-04 1.37204000e-04
5.05361800e-04 1.30639000e-04
5.57432800e-04 1.24389000e-04
6.14868900e-04 1.18437000e-04
6.78223200e-04 1.12771000e-04
7.48105200e-04 1.07375000e-04
8.25187700e-04 1.02238000e-04
9.10212500e-04 9.73466000e-05
1.00399800e-03 9.26895000e-05
1.10744690e-03 8.82553000e-05
1.22155490e-03 8.40334000e-05
1.34742020e-03 8.00137000e-05
1.48625420e-03 7.61865000e-05
1.63939330e-03 7.25428000e-05
1.80831140e-03 6.90737000e-05
1.99463430e-03 6.57711000e-05
2.20015530e-03 6.26272000e-05
2.42685260e-03 5.96345000e-05
2.67690810e-03 5.67861000e-05
2.95272860e-03 5.40753000e-05
3.25696870e-03 5.14959000e-05
3.59255680e-03 4.90416000e-05
3.96272290e-03 4.67062000e-05
4.37102980e-03 4.44832000e-05
4.82140740e-03 4.23661000e-05
5.31819050e-03 4.03487000e-05
5.86616070e-03 3.84257000e-05
6.47059200e-03 3.65926000e-05
7.13730200e-03 3.48459000e-05
7.87270780e-03 3.31817000e-05
8.68388760e-03 3.15967000e-05
9.57864890e-03 3.00873000e-05
1.05656037e-02 2.86501000e-05
1.16542513e-02 2.72817000e-05
1.28550698e-02 2.59789000e-05
1.41796170e-02 2.47385000e-05
1.56406415e-02 2.35576000e-05
1.72522055e-02 2.24332000e-05
1.90298201e-02 2.13626000e-05
2.09905947e-02 2.03429000e-05
2.31534016e-02 1.93721000e-05
2.52418800e-02 1.85567000e-05
2.53000000e-02 1.85354000e-05
2.79068348e-02 1.76534000e-05
3.07822700e-02 1.68134000e-05
3.39539812e-02 1.60134000e-05
3.74524958e-02 1.52517000e-05
4.13114868e-02 1.45267000e-05
4.55680964e-02 1.38366000e-05
5.02632940e-02 1.31797000e-05
5.54422705e-02 1.25546000e-05
6.11548730e-02 1.19596000e-05
6.74560846e-02 1.13934000e-05
7.44065538e-02 1.08546000e-05
8.20731781e-02 1.03420000e-05
9.05297481e-02 9.85415000e-06
9.98576572e-02 9.39003000e-06
1.10146686e-01 8.94851000e-06
1.21495864e-01 8.52857000e-06
1.34014427e-01 8.12965000e-06
1.48865622e-01 7.72370000e-06
1.65354482e-01 7.33860000e-06
1.83678716e-01 6.97378000e-06
2.04023591e-01 6.62837000e-06
2.26633053e-01 6.30118000e-06
2.53511465e-01 5.97163000e-06
2.81591252e-01 5.68060000e-06
3.12796598e-01 5.40458000e-06
3.47443006e-01 5.14353000e-06
3.85945905e-01 4.89670000e-06
4.28694578e-01 4.66366000e-06
4.76201603e-01 4.44359000e-06
5.28947302e-01 4.23609000e-06
5.87564122e-01 4.04046000e-06
6.52644710e-01 3.85637000e-06
7.24969415e-01 3.68328000e-06
8.10949929e-01 3.51084000e-06
9.00773484e-01 3.35945000e-06
1.00059530e+00 3.21798000e-06
1.11142461e+00 3.08637000e-06
1.23459033e+00 2.96434000e-06
1.37133773e+00 2.85185000e-06
1.52330648e+00 2.74889000e-06
1.69203305e+00 2.65585000e-06
1.87954057e+00 2.57278000e-06
2.07320270e+00 2.50541000e-06
2.28681918e+00 2.44758000e-06
2.54011500e+00 2.39955000e-06
2.80184070e+00 2.36941000e-06
3.09053382e+00 2.35511000e-06
3.43302024e+00 2.36972000e-06
3.73406721e+00 2.40993000e-06
3.94929256e+00 2.45644000e-06
4.14766511e+00 2.51706000e-06
4.32570169e+00 2.58697000e-06
4.47999941e+00 2.66429000e-06
4.63957328e+00 2.76416000e-06
4.77140880e+00 2.86606000e-06
4.90699049e+00 2.99273000e-06
5.01132204e+00 3.11095000e-06
5.11762076e+00 3.25255000e-06
5.18982118e+00 3.36502000e-06
5.26304021e+00 3.49586000e-06
5.33729223e+00 3.64848000e-06
5.41259182e+00 3.82718000e-06
5.46986327e+00 3.98412000e-06
5.52767338e+00 4.16479000e-06
5.58602595e+00 4.37351000e-06
5.64492479e+00 4.61551000e-06
5.68474466e+00 4.80157000e-06
5.72456452e+00 5.00986000e-06
5.76494617e+00 5.24746000e-06
5.80532782e+00 5.51595000e-06
5.84627918e+00 5.82520000e-06
5.87699271e+00 6.08606000e-06
5.90799510e+00 6.37959000e-06
5.93914194e+00 6.71051000e-06
5.97028877e+00 7.08359000e-06
6.00187504e+00 7.51255000e-06
6.03346130e+00 8.00282000e-06
6.05451880e+00 8.37063000e-06
6.07587339e+00 8.78321000e-06
6.09722798e+00 9.24184000e-06
6.11858257e+00 9.75392000e-06
6.13993716e+00 1.03285000e-05
6.16159303e+00 1.09866000e-05
6.17783493e+00 1.15390000e-05
6.19407683e+00 1.21505000e-05
6.21031873e+00 1.28306000e-05
6.22656063e+00 1.35910000e-05
6.24303167e+00 1.44591000e-05
6.25950271e+00 1.54441000e-05
6.27048341e+00 1.61778000e-05
6.28146410e+00 1.69841000e-05
6.29244480e+00 1.78749000e-05
6.30342549e+00 1.88654000e-05
6.31440619e+00 1.99748000e-05
6.32297431e+00 2.09394000e-05
6.33154243e+00 2.20078000e-05
6.34011055e+00 2.32001000e-05
6.34867867e+00 2.45424000e-05
6.35510476e+00 2.56675000e-05
6.36153085e+00 2.69135000e-05
6.36795694e+00 2.83020000e-05
6.37438303e+00 2.98597000e-05
6.38080912e+00 3.16187000e-05
6.38581782e+00 3.31541000e-05
6.39155114e+00 3.51189000e-05
6.39728446e+00 3.73420000e-05
6.40158445e+00 3.92057000e-05
6.40588444e+00 4.12617000e-05
6.41018444e+00 4.35346000e-05
6.41448443e+00 4.60520000e-05
6.41878442e+00 4.88443000e-05
6.42308441e+00 5.19458000e-05
6.42738440e+00 5.53942000e-05
6.43083119e+00 5.84368000e-05
6.43485809e+00 6.23389000e-05
6.43888499e+00 6.66539000e-05
6.44291189e+00 7.14257000e-05
6.44693879e+00 7.67013000e-05
6.45096569e+00 8.25315000e-05
6.45499259e+00 8.89707000e-05
6.45901949e+00 9.60768000e-05
6.46244601e+00 1.02694000e-04
6.46668519e+00 1.11670000e-04
6.47092437e+00 1.21592000e-04
6.47516355e+00 1.32542000e-04
6.47940273e+00 1.44605000e-04
6.48364191e+00 1.57869000e-04
6.48748573e+00 1.71008000e-04
6.49132954e+00 1.85273000e-04
6.49517336e+00 2.00732000e-04
6.49901717e+00 2.17451000e-04
6.50286098e+00 2.35494000e-04
6.50663488e+00 2.54558000e-04
6.51037381e+00 2.74818000e-04
6.51411275e+00 2.96495000e-04
6.51785168e+00 3.19636000e-04
6.52159062e+00 3.44281000e-04
6.52540235e+00 3.70989000e-04
6.52935970e+00 4.00440000e-04
6.53463617e+00 4.42471000e-04
6.53991263e+00 4.87674000e-04
6.54518910e+00 5.36027000e-04
6.55020203e+00 5.84816000e-04
6.55521497e+00 6.36282000e-04
6.56273437e+00 7.18161000e-04
6.57030539e+00 8.05636000e-04
6.57874631e+00 9.07940000e-04
6.60602122e+00 1.25101100e-03
6.61520086e+00 1.36103400e-03
6.62438049e+00 1.46271900e-03
6.63175258e+00 1.53602200e-03
6.64009940e+00 1.60775000e-03
6.64566394e+00 1.64788400e-03
6.65122849e+00 1.68121000e-03
6.65679303e+00 1.70726000e-03
6.66235758e+00 1.72566100e-03
6.66792213e+00 1.73615000e-03
6.67348667e+00 1.73857800e-03
6.68112497e+00 1.72874400e-03
6.68876327e+00 1.70395000e-03
6.69640157e+00 1.66487600e-03
6.70403986e+00 1.61257200e-03
6.71167816e+00 1.54840900e-03
6.71931646e+00 1.47402300e-03
6.72440865e+00 1.41964900e-03
6.73459305e+00 1.30199700e-03
6.74732355e+00 1.14427800e-03
6.76472377e+00 9.24456000e-04
6.77448570e+00 8.05504000e-04
6.78099365e+00 7.29731000e-04
6.78889011e+00 6.42618000e-04
6.79415442e+00 5.87874000e-04
6.79941873e+00 5.36013000e-04
6.80443371e+00 4.89406000e-04
6.80919934e+00 4.47710000e-04
6.81396497e+00 4.08570000e-04
6.81873060e+00 3.71984000e-04
6.82332023e+00 3.39140000e-04
6.82773385e+00 3.09728000e-04
6.83214748e+00 2.82393000e-04
6.83656110e+00 2.57070000e-04
6.84082623e+00 2.34441000e-04
6.84494287e+00 2.14247000e-04
6.84905951e+00 1.95597000e-04
6.85317614e+00 1.78417000e-04
6.85642104e+00 1.65859000e-04
6.85998076e+00 1.53031000e-04
6.86354049e+00 1.41145000e-04
6.86710022e+00 1.30151000e-04
6.87065995e+00 1.19995000e-04
6.87421968e+00 1.10630000e-04
6.87785204e+00 1.01835000e-04
6.88148440e+00 9.37608000e-05
6.88511676e+00 8.63568000e-05
6.88874913e+00 7.95757000e-05
6.89238149e+00 7.33721000e-05
6.89517241e+00 6.89706000e-05
6.89833268e+00 6.43435000e-05
6.90149295e+00 6.00704000e-05
6.90465321e+00 5.61263000e-05
6.90781348e+00 5.24876000e-05
6.91097375e+00 4.91321000e-05
6.91413402e+00 4.60388000e-05
6.91729428e+00 4.31877000e-05
6.92087006e+00 4.02305000e-05
6.92486136e+00 3.72371000e-05
6.92885265e+00 3.45371000e-05
6.93284395e+00 3.21008000e-05
6.93683524e+00 2.99015000e-05
6.94082653e+00 2.79147000e-05
6.94481783e+00 2.61182000e-05
6.94880912e+00 2.44921000e-05
6.95221655e+00 2.32249000e-05
6.95645191e+00 2.17893000e-05
6.96068727e+00 2.04918000e-05
6.96492262e+00 1.93168000e-05
6.96915798e+00 1.82503000e-05
6.97339333e+00 1.72801000e-05
6.97762869e+00 1.63953000e-05
6.98186405e+00 1.55862000e-05
6.98751119e+00 1.46108000e-05
6.99315833e+00 1.37379000e-05
6.99926099e+00 1.28931000e-05
7.00581918e+00 1.20822000e-05
7.01237736e+00 1.13567000e-05
7.01893554e+00 1.07036000e-05
7.02549373e+00 1.01125000e-05
7.03205191e+00 9.57478000e-06
7.03861010e+00 9.08328000e-06
7.04516828e+00 8.63215000e-06
7.05320517e+00 8.12726000e-06
7.06272075e+00 7.58838000e-06
7.07223634e+00 7.10413000e-06
7.08175193e+00 6.66671000e-06
7.09126752e+00 6.26984000e-06
7.10078310e+00 5.90838000e-06
7.11029869e+00 5.57806000e-06
7.11981427e+00 5.27530000e-06
7.12976994e+00 4.98474000e-06
7.14016570e+00 4.70680000e-06
7.15056145e+00 4.45203000e-06
7.16095721e+00 4.21794000e-06
7.17135296e+00 4.00242000e-06
7.18174871e+00 3.80359000e-06
7.19734235e+00 3.53317000e-06
7.20773810e+00 3.36941000e-06
7.22044913e+00 3.18513000e-06
7.23316015e+00 3.01661000e-06
7.24587118e+00 2.86218000e-06
7.25858220e+00 2.72039000e-06
7.27129323e+00 2.58996000e-06
7.29035977e+00 2.41319000e-06
7.30942631e+00 2.25625000e-06
7.32876184e+00 2.11461000e-06
7.34809738e+00 1.98832000e-06
7.36743291e+00 1.87543000e-06
7.38676845e+00 1.77430000e-06
7.40610398e+00 1.68351000e-06
7.42562137e+00 1.60112000e-06
7.44522970e+00 1.52662000e-06
7.46483802e+00 1.45945000e-06
7.49098245e+00 1.37987000e-06
7.51712688e+00 1.31015000e-06
7.54364017e+00 1.24812000e-06
7.57015345e+00 1.19366000e-06
7.59666673e+00 1.14580000e-06
7.62318001e+00 1.10373000e-06
7.65006735e+00 1.06622000e-06
7.69039836e+00 1.01821000e-06
7.73072936e+00 9.78427000e-07
7.77162937e+00 9.45062000e-07
7.81252937e+00 9.17607000e-07
7.83979604e+00 9.02119000e-07
7.89509874e+00 8.76440000e-07
7.95040145e+00 8.56979000e-07
8.00648437e+00 8.42473000e-07
8.06256730e+00 8.32236000e-07
8.14787854e+00 8.22520000e-07
8.21990598e+00 8.18663000e-07
8.26349635e+00 8.17997000e-07
8.38007941e+00 8.20405000e-07
8.49830724e+00 8.27377000e-07
8.67899673e+00 8.43741000e-07
9.37394690e+00 9.26122000e-07
1.18947548e+01 1.24083000e-06
1.24928400e+01 1.32420000e-06
1.30290893e+01 1.40806000e-06
1.34931747e+01 1.49006000e-06
1.38765892e+01 1.56621000e-06
1.42708986e+01 1.65474000e-06
1.45743239e+01 1.73212000e-06
1.48834703e+01 1.82077000e-06
1.50934493e+01 1.88692000e-06
1.54143635e+01 2.00026000e-06
1.56318324e+01 2.08711000e-06
1.58523694e+01 2.18544000e-06
1.60760178e+01 2.29712000e-06
1.63028215e+01 2.42481000e-06
1.65328249e+01 2.57129000e-06
1.67073528e+01 2.69685000e-06
1.68835145e+01 2.83903000e-06
1.70621615e+01 3.00128000e-06
1.72424887e+01 3.18654000e-06
1.74245081e+01 3.39838000e-06
1.75469903e+01 3.55870000e-06
1.76703365e+01 3.73833000e-06
1.77945467e+01 3.93941000e-06
1.79196332e+01 4.16550000e-06
1.80455958e+01 4.42089000e-06
1.81724469e+01 4.71030000e-06
1.82682517e+01 4.95506000e-06
1.83640565e+01 5.22726000e-06
1.84612129e+01 5.53487000e-06
1.85583693e+01 5.87905000e-06
1.86559827e+01 6.26740000e-06
1.87545098e+01 6.70901000e-06
1.88201945e+01 7.03678000e-06
1.88858793e+01 7.39678000e-06
1.89524907e+01 7.79898000e-06
1.90191022e+01 8.24347000e-06
1.90857136e+01 8.73633000e-06
1.91523250e+01 9.28463000e-06
1.92198762e+01 9.90588000e-06
1.92705397e+01 1.04220000e-05
1.93212031e+01 1.09881000e-05
1.93718665e+01 1.16114000e-05
1.94225299e+01 1.23000000e-05
1.94739080e+01 1.30748000e-05
1.95252862e+01 1.39384000e-05
1.95766644e+01 1.49047000e-05
1.96280426e+01 1.59916000e-05
1.96622947e+01 1.67944000e-05
1.96965468e+01 1.76694000e-05
1.97280895e+01 1.85473000e-05
1.97596323e+01 1.95027000e-05
1.97911750e+01 2.05455000e-05
1.98227178e+01 2.16868000e-05
1.98542605e+01 2.29397000e-05
1.98858033e+01 2.43197000e-05
1.99173460e+01 2.58455000e-05
1.99488887e+01 2.75395000e-05
1.99738059e+01 2.90147000e-05
1.99987230e+01 3.06280000e-05
2.00236401e+01 3.23988000e-05
2.00485572e+01 3.43494000e-05
2.00734744e+01 3.65071000e-05
2.00983915e+01 3.89048000e-05
2.01233086e+01 4.15833000e-05
2.01419965e+01 4.38069000e-05
2.01645411e+01 4.67764000e-05
2.01808564e+01 4.91524000e-05
2.01971717e+01 5.17506000e-05
2.02134870e+01 5.46063000e-05
2.02298023e+01 5.77643000e-05
2.02461177e+01 6.12821000e-05
2.02624330e+01 6.52351000e-05
2.02746695e+01 6.85445000e-05
2.02850939e+01 7.16411000e-05
2.02977852e+01 7.58185000e-05
2.03104765e+01 8.05308000e-05
2.03199949e+01 8.44853000e-05
2.03295134e+01 8.88661000e-05
2.03390318e+01 9.37452000e-05
2.03485503e+01 9.92083000e-05
2.03580687e+01 1.05357000e-04
2.03675872e+01 1.12312000e-04
2.03771056e+01 1.20215000e-04
2.03844133e+01 1.27030000e-04
2.03926830e+01 1.35644000e-04
2.03988852e+01 1.42815000e-04
2.04050875e+01 1.50670000e-04
2.04112898e+01 1.59283000e-04
2.04174920e+01 1.68735000e-04
2.04236943e+01 1.79117000e-04
2.04298965e+01 1.90525000e-04
2.04360988e+01 2.03066000e-04
2.04423011e+01 2.16856000e-04
2.04492037e+01 2.33825000e-04
2.04547391e+01 2.48789000e-04
2.04602746e+01 2.65071000e-04
2.04658100e+01 2.82784000e-04
2.04713455e+01 3.02044000e-04
2.04768810e+01 3.22976000e-04
2.04824164e+01 3.45713000e-04
2.04879519e+01 3.70393000e-04
2.04928002e+01 3.93721000e-04
2.04990418e+01 4.26278000e-04
2.05052835e+01 4.61889000e-04
2.05115251e+01 5.00792000e-04
2.05177667e+01 5.43235000e-04
2.05240084e+01 5.89475000e-04
2.05302469e+01 6.39749000e-04
2.05364855e+01 6.94348000e-04
2.05427241e+01 7.53547000e-04
2.05489626e+01 8.17623000e-04
2.05552012e+01 8.86854000e-04
2.05613229e+01 9.60065000e-04
2.05673862e+01 1.03798600e-03
2.05734495e+01 1.12153300e-03
2.05795128e+01 1.21094200e-03
2.05855761e+01 1.30643800e-03
2.05916277e+01 1.40802600e-03
2.05996650e+01 1.55297400e-03
2.06056930e+01 1.66940500e-03
2.06137304e+01 1.83520200e-03
2.06217678e+01 2.01328700e-03
2.06295685e+01 2.19802500e-03
2.06373692e+01 2.39451600e-03
2.06451700e+01 2.60268500e-03
2.06553560e+01 2.89174200e-03
2.06672825e+01 3.25397400e-03
2.06768236e+01 3.56098300e-03
2.06911354e+01 4.04690200e-03
2.07055302e+01 4.56075100e-03
2.07535127e+01 6.34134300e-03
2.07679074e+01 6.85313300e-03
2.07808316e+01 7.28530900e-03
2.07937557e+01 7.68200100e-03
2.08066799e+01 8.03429600e-03
2.08196040e+01 8.33397800e-03
2.08325282e+01 8.57384400e-03
2.08454523e+01 8.74800300e-03
2.08551454e+01 8.83282500e-03
2.08648385e+01 8.87701200e-03
2.08713006e+01 8.88356400e-03
2.08819566e+01 8.85424900e-03
2.08926126e+01 8.77552100e-03
2.09032686e+01 8.64876500e-03
2.09139246e+01 8.47617700e-03
2.09245806e+01 8.26069700e-03
2.09352366e+01 8.00592800e-03
2.09494445e+01 7.61237800e-03
2.09636525e+01 7.16747100e-03
2.09778605e+01 6.68312700e-03
2.09988405e+01 5.92180500e-03
2.10335306e+01 4.63414100e-03
2.10509602e+01 4.01314200e-03
2.10640747e+01 3.56975200e-03
2.10745663e+01 3.23337000e-03
2.10824350e+01 2.99299800e-03
2.10911158e+01 2.74045500e-03
2.10997965e+01 2.50172000e-03
2.11084773e+01 2.27716500e-03
2.11171580e+01 2.06697200e-03
2.11252198e+01 1.88463800e-03
2.11332816e+01 1.71458700e-03
2.11413434e+01 1.55660100e-03
2.11494052e+01 1.41037600e-03
2.11565582e+01 1.29017300e-03
2.11637112e+01 1.17862100e-03
2.11708643e+01 1.07538000e-03
2.11780173e+01 9.80083000e-04
2.11839154e+01 9.07210000e-04
2.11898135e+01 8.39254000e-04
2.11957116e+01 7.75989000e-04
2.12016097e+01 7.17187000e-04
2.12075078e+01 6.62617000e-04
2.12135124e+01 6.11175000e-04
2.12195703e+01 5.63240000e-04
2.12256281e+01 5.19049000e-04
2.12316860e+01 4.78365000e-04
2.12377439e+01 4.40960000e-04
2.12440325e+01 4.05365000e-04
2.12507825e+01 3.70556000e-04
2.12575325e+01 3.38992000e-04
2.12642826e+01 3.10405000e-04
2.12710326e+01 2.84545000e-04
2.12777826e+01 2.61175000e-04
2.12835204e+01 2.43101000e-04
2.12892582e+01 2.26538000e-04
2.12949959e+01 2.11366000e-04
2.13007337e+01 1.97473000e-04
2.13064715e+01 1.84754000e-04
2.13122092e+01 1.73110000e-04
2.13179470e+01 1.62451000e-04
2.13236848e+01 1.52692000e-04
2.13298963e+01 1.43050000e-04
2.13361079e+01 1.34281000e-04
2.13423194e+01 1.26300000e-04
2.13485309e+01 1.19030000e-04
2.13547425e+01 1.12402000e-04
2.13609540e+01 1.06354000e-04
2.13671656e+01 1.00826000e-04
2.13733771e+01 9.57681000e-05
2.13816592e+01 8.96738000e-05
2.13899412e+01 8.42324000e-05
2.13992806e+01 7.87725000e-05
2.14086200e+01 7.39283000e-05
2.14179594e+01 6.96099000e-05
2.14272987e+01 6.57416000e-05
2.14366381e+01 6.22592000e-05
2.14459775e+01 5.91086000e-05
2.14522037e+01 5.71698000e-05
2.14646562e+01 5.36281000e-05
2.14771087e+01 5.04705000e-05
2.14895612e+01 4.76342000e-05
2.15040091e+01 4.46804000e-05
2.15184570e+01 4.20304000e-05
2.15329050e+01 3.96359000e-05
2.15473529e+01 3.74590000e-05
2.15618008e+01 3.54697000e-05
2.15762488e+01 3.36435000e-05
2.15906967e+01 3.19607000e-05
2.16051446e+01 3.04049000e-05
2.16223307e+01 2.87005000e-05
2.16395168e+01 2.71370000e-05
2.16567029e+01 2.56982000e-05
2.16738890e+01 2.43704000e-05
2.16996682e+01 2.25620000e-05
2.17254473e+01 2.09448000e-05
2.17426334e+01 1.99595000e-05
2.17662954e+01 1.87103000e-05
2.17899575e+01 1.75718000e-05
2.18136195e+01 1.65313000e-05
2.18372816e+01 1.55777000e-05
2.18609436e+01 1.47016000e-05
2.18846057e+01 1.38947000e-05
2.19082677e+01 1.31500000e-05
2.19319297e+01 1.24611000e-05
2.19612672e+01 1.16764000e-05
2.19906048e+01 1.09603000e-05
2.20199423e+01 1.03051000e-05
2.20492798e+01 9.70428000e-06
2.20786173e+01 9.15207000e-06
2.21079548e+01 8.64343000e-06
2.21372923e+01 8.17391000e-06
2.21666298e+01 7.73956000e-06
2.22017022e+01 7.26165000e-06
2.22367746e+01 6.82404000e-06
2.22718469e+01 6.42250000e-06
2.23069193e+01 6.05341000e-06
2.23419917e+01 5.71361000e-06
2.23770640e+01 5.40026000e-06
2.24121364e+01 5.11072000e-06
2.24472087e+01 4.84257000e-06
2.24867838e+01 4.56309000e-06
2.25263588e+01 4.30570000e-06
2.25659338e+01 4.06828000e-06
2.26055089e+01 3.84899000e-06
2.26450839e+01 3.64615000e-06
2.27044464e+01 3.36931000e-06
2.27638090e+01 3.12128000e-06
2.28240258e+01 2.89526000e-06
2.28842426e+01 2.69189000e-06
2.29444595e+01 2.50842000e-06
2.30046763e+01 2.34249000e-06
2.30648931e+01 2.19202000e-06
2.31256763e+01 2.05406000e-06
2.31867426e+01 1.92799000e-06
2.32478090e+01 1.81314000e-06
2.33088754e+01 1.70833000e-06
2.33699417e+01 1.61252000e-06
2.34312953e+01 1.52445000e-06
2.34932232e+01 1.44307000e-06
2.35757937e+01 1.34481000e-06
2.36583643e+01 1.25677000e-06
2.37409348e+01 1.17777000e-06
2.38246703e+01 1.10585000e-06
2.39084058e+01 1.04121000e-06
2.39921412e+01 9.83001000e-07
2.40758767e+01 9.30495000e-07
2.41607935e+01 8.82453000e-07
2.42457103e+01 8.39091000e-07
2.43306272e+01 7.99911000e-07
2.44155440e+01 7.64500000e-07
2.45016588e+01 7.32118000e-07
2.45877737e+01 7.02963000e-07
2.47169459e+01 6.64209000e-07
2.48473331e+01 6.30334000e-07
2.49783278e+01 6.01005000e-07
2.51093224e+01 5.75786000e-07
2.52421652e+01 5.53885000e-07
2.53750079e+01 5.35225000e-07
2.55084754e+01 5.19354000e-07
2.56431923e+01 5.05980000e-07
2.58228149e+01 4.91451000e-07
2.60049716e+01 4.80024000e-07
2.61871283e+01 4.71533000e-07
2.63718550e+01 4.65518000e-07
2.65565816e+01 4.61806000e-07
2.67690274e+01 4.59816000e-07
2.68398426e+01 4.59714000e-07
2.71238390e+01 4.61699000e-07
2.74105066e+01 4.66721000e-07
2.76998640e+01 4.74599000e-07
2.79919303e+01 4.85205000e-07
2.83868461e+01 5.03226000e-07
2.87873334e+01 5.25668000e-07
2.91934708e+01 5.52450000e-07
2.95023713e+01 5.75780000e-07
2.98141772e+01 6.02204000e-07
3.01289089e+01 6.32041000e-07
3.04465869e+01 6.65844000e-07
3.07687468e+01 7.04526000e-07
3.10939368e+01 7.48486000e-07
3.13117401e+01 7.81357000e-07
3.15326163e+01 8.18202000e-07
3.17534924e+01 8.59146000e-07
3.19774847e+01 9.05452000e-07
3.22014770e+01 9.57373000e-07
3.24286295e+01 1.01658000e-06
3.25989938e+01 1.06641000e-06
3.27709605e+01 1.12252000e-06
3.29437283e+01 1.18556000e-06
3.31164962e+01 1.25644000e-06
3.32917015e+01 1.33744000e-06
3.34085050e+01 1.39762000e-06
3.35253086e+01 1.46392000e-06
3.36429361e+01 1.53758000e-06
3.37613875e+01 1.61976000e-06
3.38798389e+01 1.71134000e-06
3.39982903e+01 1.81389000e-06
3.41175773e+01 1.92995000e-06
3.42076693e+01 2.02775000e-06
3.42977612e+01 2.13598000e-06
3.43878531e+01 2.25620000e-06
3.44779450e+01 2.39029000e-06
3.45684606e+01 2.54126000e-06
3.46598236e+01 2.71288000e-06
3.47511865e+01 2.90732000e-06
3.48120952e+01 3.05205000e-06
3.48730038e+01 3.21099000e-06
3.49339124e+01 3.38617000e-06
3.49948211e+01 3.57990000e-06
3.50504766e+01 3.77561000e-06
3.51008789e+01 3.97055000e-06
3.51512812e+01 4.18475000e-06
3.52016836e+01 4.42095000e-06
3.52520859e+01 4.68238000e-06
3.53024883e+01 4.97292000e-06
3.53528906e+01 5.29728000e-06
3.54032929e+01 5.66134000e-06
3.54446545e+01 5.99486000e-06
3.54931356e+01 6.43284000e-06
3.55254563e+01 6.75758000e-06
3.55577771e+01 7.11257000e-06
3.55900978e+01 7.50197000e-06
3.56224186e+01 7.93077000e-06
3.56547393e+01 8.40499000e-06
3.56870600e+01 8.93203000e-06
3.57225072e+01 9.58178000e-06
3.57461386e+01 1.00640000e-05
3.57697700e+01 1.05920000e-05
3.57934014e+01 1.11732000e-05
3.58170328e+01 1.18165000e-05
3.58406643e+01 1.25335000e-05
3.58642957e+01 1.33392000e-05
3.58849935e+01 1.41333000e-05
3.59027577e+01 1.48945000e-05
3.59205220e+01 1.57439000e-05
3.59382862e+01 1.66994000e-05
3.59516093e+01 1.74990000e-05
3.59649325e+01 1.83824000e-05
3.59782557e+01 1.93633000e-05
3.59915789e+01 2.04582000e-05
3.60049020e+01 2.16865000e-05
3.60182252e+01 2.30712000e-05
3.60303018e+01 2.44841000e-05
3.60423785e+01 2.60714000e-05
3.60514360e+01 2.73923000e-05
3.60604934e+01 2.88395000e-05
3.60695509e+01 3.04270000e-05
3.60786084e+01 3.21708000e-05
3.60876659e+01 3.40881000e-05
3.60967234e+01 3.61981000e-05
3.61057808e+01 3.85217000e-05
3.61148383e+01 4.10815000e-05
3.61230353e+01 4.36224000e-05
3.61312322e+01 4.63969000e-05
3.61394292e+01 4.94263000e-05
3.61476262e+01 5.27331000e-05
3.61558231e+01 5.63417000e-05
3.61640201e+01 6.02776000e-05
3.61722170e+01 6.45680000e-05
3.61804140e+01 6.92415000e-05
3.61901300e+01 7.53187000e-05
3.61998460e+01 8.20291000e-05
3.62095620e+01 8.94274000e-05
3.62192780e+01 9.75711000e-05
3.62289941e+01 1.06519000e-04
3.62382076e+01 1.15803000e-04
3.62471700e+01 1.25630000e-04
3.62561324e+01 1.36291000e-04
3.62650947e+01 1.47836000e-04
3.62740571e+01 1.60312000e-04
3.62829780e+01 1.73701000e-04
3.62918160e+01 1.87965000e-04
3.63006540e+01 2.03265000e-04
3.63094920e+01 2.19640000e-04
3.63183300e+01 2.37123000e-04
3.63271680e+01 2.55746000e-04
3.63364331e+01 2.76520000e-04
3.63456982e+01 2.98597000e-04
3.63580516e+01 3.30084000e-04
3.63704051e+01 3.63925000e-04
3.63822248e+01 3.98489000e-04
3.63935107e+01 4.33442000e-04
3.64104396e+01 4.89289000e-04
3.64292429e+01 5.55731000e-04
3.64517948e+01 6.40577000e-04
3.64818640e+01 7.59685000e-04
3.65247836e+01 9.31781000e-04
3.65462433e+01 1.01365500e-03
3.65677031e+01 1.08937300e-03
3.65891046e+01 1.15623700e-03
3.66033723e+01 1.19484300e-03
3.66176399e+01 1.22793400e-03
3.66319076e+01 1.25496000e-03
3.66461753e+01 1.27546400e-03
3.66604430e+01 1.28909500e-03
3.66747107e+01 1.29561700e-03
3.66818445e+01 1.29617100e-03
3.66996285e+01 1.28968500e-03
3.67174126e+01 1.27214600e-03
3.67351966e+01 1.24402200e-03
3.67529806e+01 1.20605700e-03
3.67707646e+01 1.15923300e-03
3.67885487e+01 1.10472900e-03
3.68004047e+01 1.06477700e-03
3.68241167e+01 9.78080000e-04
3.68537568e+01 8.61406000e-04
3.68958054e+01 6.91943000e-04
3.69200701e+01 5.97645000e-04
3.69362465e+01 5.37779000e-04
3.69533421e+01 4.77839000e-04
3.69647392e+01 4.40020000e-04
3.69761363e+01 4.04044000e-04
3.69874522e+01 3.70226000e-04
3.69986868e+01 3.38572000e-04
3.70099214e+01 3.08859000e-04
3.70211560e+01 2.81089000e-04
3.70319864e+01 2.56141000e-04
3.70424125e+01 2.33786000e-04
3.70528386e+01 2.13021000e-04
3.70632648e+01 1.93798000e-04
3.70733530e+01 1.76612000e-04
3.70831034e+01 1.61269000e-04
3.70928538e+01 1.47115000e-04
3.71026042e+01 1.34092000e-04
3.71100846e+01 1.24829000e-04
3.71179001e+01 1.15793000e-04
3.71257157e+01 1.07382000e-04
3.71335313e+01 9.95644000e-05
3.71413468e+01 9.23076000e-05
3.71491624e+01 8.55805000e-05
3.71587736e+01 7.79886000e-05
3.71651811e+01 7.33187000e-05
3.71715886e+01 6.89433000e-05
3.71779960e+01 6.48465000e-05
3.71844035e+01 6.10133000e-05
3.71908110e+01 5.74289000e-05
3.71972185e+01 5.40791000e-05
3.72037840e+01 5.08758000e-05
3.72105075e+01 4.78209000e-05
3.72172310e+01 4.49800000e-05
3.72239546e+01 4.23392000e-05
3.72306781e+01 3.98852000e-05
3.72374017e+01 3.76054000e-05
3.72441252e+01 3.54881000e-05
3.72508487e+01 3.35219000e-05
3.72590655e+01 3.13087000e-05
3.72663480e+01 2.95080000e-05
3.72736305e+01 2.78462000e-05
3.72809131e+01 2.63121000e-05
3.72881956e+01 2.48956000e-05
3.72979056e+01 2.31736000e-05
3.73076156e+01 2.16231000e-05
3.73173256e+01 2.02255000e-05
3.73270356e+01 1.89640000e-05
3.73381152e+01 1.76717000e-05
3.73474521e+01 1.66904000e-05
3.73567890e+01 1.57965000e-05
3.73661259e+01 1.49806000e-05
3.73754627e+01 1.42342000e-05
3.73879119e+01 1.33345000e-05
3.74003611e+01 1.25298000e-05
3.74128102e+01 1.18070000e-05
3.74252594e+01 1.11550000e-05
3.74393128e+01 1.04920000e-05
3.74549703e+01 9.83127000e-06
3.74706279e+01 9.24007000e-06
3.74862854e+01 8.70777000e-06
3.75019430e+01 8.22571000e-06
3.75176005e+01 7.78679000e-06
3.75332581e+01 7.38522000e-06
3.75489156e+01 7.01621000e-06
3.75676155e+01 6.61267000e-06
3.75893578e+01 6.18748000e-06
3.76111000e+01 5.80298000e-06
3.76328423e+01 5.45358000e-06
3.76545845e+01 5.13474000e-06
3.76763267e+01 4.84273000e-06
3.76980690e+01 4.57443000e-06
3.77198112e+01 4.32722000e-06
3.77436090e+01 4.07818000e-06
3.77694623e+01 3.83032000e-06
3.77953156e+01 3.60345000e-06
3.78211689e+01 3.39522000e-06
3.78470222e+01 3.20365000e-06
3.78728755e+01 3.02699000e-06
3.78987288e+01 2.86375000e-06
3.79245821e+01 2.71260000e-06
3.79518039e+01 2.56526000e-06
3.79803943e+01 2.42227000e-06
3.80089847e+01 2.29015000e-06
3.80375750e+01 2.16784000e-06
3.80804606e+01 2.00078000e-06
3.81233462e+01 1.85107000e-06
3.81662318e+01 1.71648000e-06
3.81988025e+01 1.62319000e-06
3.82313732e+01 1.53680000e-06
3.82802292e+01 1.41877000e-06
3.83290853e+01 1.31297000e-06
3.83779413e+01 1.21785000e-06
3.84267974e+01 1.13209000e-06
3.84683174e+01 1.06571000e-06
3.85098375e+01 1.00467000e-06
3.85513575e+01 9.48420000e-07
3.85928776e+01 8.96518000e-07
3.86343977e+01 8.48567000e-07
3.86759177e+01 8.04214000e-07
3.87381978e+01 7.43742000e-07
3.87857467e+01 7.01947000e-07
3.88393244e+01 6.58884000e-07
3.88929021e+01 6.19652000e-07
3.89464798e+01 5.83849000e-07
3.90000576e+01 5.51121000e-07
3.90536353e+01 5.21152000e-07
3.91072130e+01 4.93664000e-07
3.91607907e+01 4.68421000e-07
3.92199286e+01 4.42917000e-07
3.92846266e+01 4.17571000e-07
3.93493247e+01 3.94622000e-07
3.94140227e+01 3.73817000e-07
3.94787208e+01 3.54934000e-07
3.95434188e+01 3.37774000e-07
3.96081169e+01 3.22164000e-07
3.96728149e+01 3.07959000e-07
3.97401745e+01 2.94528000e-07
3.98101955e+01 2.81903000e-07
3.98802166e+01 2.70499000e-07
3.99852481e+01 2.55384000e-07
4.00902797e+01 2.42351000e-07
4.01953113e+01 2.31134000e-07
4.03008368e+01 2.21456000e-07
4.04073502e+01 2.13096000e-07
4.05138635e+01 2.05974000e-07
4.06203769e+01 1.99947000e-07
4.07623948e+01 1.93377000e-07
4.09054144e+01 1.88147000e-07
4.10494359e+01 1.84079000e-07
4.11934573e+01 1.81063000e-07
4.13374788e+01 1.78974000e-07
4.15624668e+01 1.77105000e-07
4.17154441e+01 1.76661000e-07
4.19361427e+01 1.77049000e-07
4.21568414e+01 1.78364000e-07
4.24531821e+01 1.81267000e-07
4.27515986e+01 1.85205000e-07
4.32034334e+01 1.92549000e-07
4.38129561e+01 2.04134000e-07
4.47423039e+01 2.23884000e-07
4.60136762e+01 2.52820000e-07
4.79887917e+01 3.00027000e-07
4.93524144e+01 3.34302000e-07
5.04017366e+01 3.62460000e-07
5.14708437e+01 3.93399000e-07
5.21970046e+01 4.16160000e-07
5.29334104e+01 4.41201000e-07
5.36802055e+01 4.69107000e-07
5.44375366e+01 5.00534000e-07
5.50135484e+01 5.27142000e-07
5.55949778e+01 5.57083000e-07
5.61818630e+01 5.90971000e-07
5.67742424e+01 6.29704000e-07
5.71747336e+01 6.59078000e-07
5.75752248e+01 6.91818000e-07
5.79813662e+01 7.28971000e-07
5.83875076e+01 7.70546000e-07
5.86964110e+01 8.05781000e-07
5.90053145e+01 8.44945000e-07
5.93156707e+01 8.88864000e-07
5.96289323e+01 9.38640000e-07
5.99421938e+01 9.94837000e-07
6.02584018e+01 1.05896000e-06
6.04701892e+01 1.10713000e-06
6.06819766e+01 1.16062000e-06
6.08937640e+01 1.22001000e-06
6.11085393e+01 1.28719000e-06
6.13233147e+01 1.36250000e-06
6.15380900e+01 1.44718000e-06
6.16991716e+01 1.51812000e-06
6.18617681e+01 1.59752000e-06
6.20251222e+01 1.68620000e-06
6.21884763e+01 1.78522000e-06
6.23518304e+01 1.89638000e-06
6.25151844e+01 2.02184000e-06
6.26756519e+01 2.16135000e-06
6.27787814e+01 2.26122000e-06
6.28819109e+01 2.37059000e-06
6.29850404e+01 2.49066000e-06
6.30881699e+01 2.62283000e-06
6.31912994e+01 2.76879000e-06
6.32944289e+01 2.93057000e-06
6.33975584e+01 3.11057000e-06
6.34875372e+01 3.28485000e-06
6.35643652e+01 3.44841000e-06
6.36411933e+01 3.62758000e-06
6.37180213e+01 3.82454000e-06
6.37948494e+01 4.04178000e-06
6.38716774e+01 4.28224000e-06
6.39485054e+01 4.54944000e-06
6.40253335e+01 4.84769000e-06
6.40922893e+01 5.13709000e-06
6.41493730e+01 5.40890000e-06
6.42064567e+01 5.70717000e-06
6.42635403e+01 6.03565000e-06
6.43206240e+01 6.39875000e-06
6.43777077e+01 6.80173000e-06
6.44347914e+01 7.25098000e-06
6.44918750e+01 7.75440000e-06
6.45408625e+01 8.23704000e-06
6.45817539e+01 8.68153000e-06
6.46226452e+01 9.16962000e-06
6.46635365e+01 9.70781000e-06
6.47044279e+01 1.03040000e-05
6.47453192e+01 1.09680000e-05
6.47862106e+01 1.17125000e-05
6.48168791e+01 1.23333000e-05
6.48475476e+01 1.30176000e-05
6.48761616e+01 1.37236000e-05
6.49047756e+01 1.45074000e-05
6.49333896e+01 1.53853000e-05
6.49548501e+01 1.61182000e-05
6.49763106e+01 1.69280000e-05
6.49977711e+01 1.78294000e-05
6.50192316e+01 1.88413000e-05
6.50406921e+01 1.99875000e-05
6.50621526e+01 2.12978000e-05
6.50764596e+01 2.22809000e-05
6.50938543e+01 2.36165000e-05
6.51069004e+01 2.47353000e-05
6.51199464e+01 2.59702000e-05
6.51329925e+01 2.73373000e-05
6.51460385e+01 2.88552000e-05
6.51590846e+01 3.05447000e-05
6.51721306e+01 3.24298000e-05
6.51851767e+01 3.45375000e-05
6.51982227e+01 3.68981000e-05
6.52112688e+01 3.95458000e-05
6.52215013e+01 4.18481000e-05
6.52332690e+01 4.47698000e-05
6.52450366e+01 4.80172000e-05
6.52568043e+01 5.16275000e-05
6.52685719e+01 5.56416000e-05
6.52773977e+01 5.89438000e-05
6.52862234e+01 6.25183000e-05
6.52950492e+01 6.63867000e-05
6.53038749e+01 7.05717000e-05
6.53141599e+01 7.58804000e-05
6.53229622e+01 8.08220000e-05
6.53317646e+01 8.61591000e-05
6.53405669e+01 9.19199000e-05
6.53493693e+01 9.81341000e-05
6.53581716e+01 1.04833000e-04
6.53669740e+01 1.12048000e-04
6.53757763e+01 1.19813000e-04
6.53872469e+01 1.30815000e-04
6.53978510e+01 1.41939000e-04
6.54084551e+01 1.54046000e-04
6.54190592e+01 1.67204000e-04
6.54296633e+01 1.81482000e-04
6.54398529e+01 1.96323000e-04
6.54492133e+01 2.10980000e-04
6.54585737e+01 2.26668000e-04
6.54679341e+01 2.43439000e-04
6.54741743e+01 2.55244000e-04
6.54866549e+01 2.80423000e-04
6.54986350e+01 3.06646000e-04
6.55106151e+01 3.34981000e-04
6.55225952e+01 3.65522000e-04
6.55345753e+01 3.98356000e-04
6.55452341e+01 4.29563000e-04
6.55594459e+01 4.74182000e-04
6.55736577e+01 5.22331000e-04
6.55843165e+01 5.60806000e-04
6.55987642e+01 6.16233000e-04
6.56134478e+01 6.76448000e-04
6.56281313e+01 7.40559000e-04
6.56428149e+01 8.08506000e-04
6.56590873e+01 8.88148000e-04
6.56769485e+01 9.80561000e-04
6.56948096e+01 1.07779500e-03
6.57216014e+01 1.23147200e-03
6.57524272e+01 1.41708300e-03
6.58217852e+01 1.84445200e-03
6.58564444e+01 2.04652200e-03
6.58795241e+01 2.17048700e-03
6.59026038e+01 2.28273900e-03
6.59256836e+01 2.38065400e-03
6.59487633e+01 2.46186600e-03
6.59718430e+01 2.52435300e-03
6.59891528e+01 2.55795800e-03
6.60064626e+01 2.57964200e-03
6.60237724e+01 2.58908800e-03
6.60295423e+01 2.58948800e-03
6.60531456e+01 2.57681900e-03
6.60767488e+01 2.54150400e-03
6.61003521e+01 2.48450300e-03
6.61239553e+01 2.40734200e-03
6.61475586e+01 2.31204200e-03
6.61711618e+01 2.20103300e-03
6.61868973e+01 2.11964200e-03
6.62183683e+01 1.94301900e-03
6.62577071e+01 1.70544500e-03
6.63204490e+01 1.31893800e-03
6.63498030e+01 1.14609600e-03
6.63752861e+01 1.00425200e-03
6.63909845e+01 9.21496000e-04
6.64066829e+01 8.42653000e-04
6.64223814e+01 7.67958000e-04
6.64354704e+01 7.08973000e-04
6.64485594e+01 6.53049000e-04
6.64616484e+01 6.00218000e-04
6.64747375e+01 5.50485000e-04
6.64867107e+01 5.07688000e-04
6.64986840e+01 4.67433000e-04
6.65106572e+01 4.29674000e-04
6.65226305e+01 3.94353000e-04
6.65329506e+01 3.65810000e-04
6.65432707e+01 3.38977000e-04
6.65535909e+01 3.13799000e-04
6.65639110e+01 2.90216000e-04
6.65742311e+01 2.68170000e-04
6.65835304e+01 2.49567000e-04
6.65952489e+01 2.27753000e-04
6.66069674e+01 2.07667000e-04
6.66186860e+01 1.89211000e-04
6.66280032e+01 1.75635000e-04
6.66383772e+01 1.61601000e-04
6.66487512e+01 1.48643000e-04
6.66591251e+01 1.36696000e-04
6.66694991e+01 1.25697000e-04
6.66798730e+01 1.15584000e-04
6.66909764e+01 1.05677000e-04
6.67020798e+01 9.66477000e-05
6.67131832e+01 8.84303000e-05
6.67242865e+01 8.09613000e-05
6.67353899e+01 7.41804000e-05
6.67438533e+01 6.94387000e-05
6.67533781e+01 6.45115000e-05
6.67629028e+01 5.99866000e-05
6.67724275e+01 5.58334000e-05
6.67819522e+01 5.20235000e-05
6.67914770e+01 4.85299000e-05
6.68010017e+01 4.53274000e-05
6.68105264e+01 4.23925000e-05
6.68187276e+01 4.00631000e-05
6.68290440e+01 3.73712000e-05
6.68393604e+01 3.49225000e-05
6.68496768e+01 3.26946000e-05
6.68599933e+01 3.06668000e-05
6.68703097e+01 2.88204000e-05
6.68806261e+01 2.71381000e-05
6.68909426e+01 2.56041000e-05
6.69012590e+01 2.42041000e-05
6.69115754e+01 2.29250000e-05
6.69218918e+01 2.17549000e-05
6.69340597e+01 2.05005000e-05
6.69471533e+01 1.92854000e-05
6.69602468e+01 1.81930000e-05
6.69733404e+01 1.72083000e-05
6.69864340e+01 1.63177000e-05
6.69995275e+01 1.55098000e-05
6.70126211e+01 1.47743000e-05
6.70300792e+01 1.38913000e-05
6.70475373e+01 1.31040000e-05
6.70649954e+01 1.23976000e-05
6.70828115e+01 1.17475000e-05
6.71006276e+01 1.11584000e-05
6.71243824e+01 1.04530000e-05
6.71481372e+01 9.82409000e-06
6.71718920e+01 9.25870000e-06
6.71956468e+01 8.74680000e-06
6.72194016e+01 8.28045000e-06
6.72431564e+01 7.85334000e-06
6.72693680e+01 7.42153000e-06
6.72980366e+01 6.99042000e-06
6.73267050e+01 6.59673000e-06
6.73553735e+01 6.23577000e-06
6.73840420e+01 5.90370000e-06
6.74127105e+01 5.59730000e-06
6.74557133e+01 5.17996000e-06
6.74843817e+01 4.92663000e-06
6.75185316e+01 4.64781000e-06
6.75526815e+01 4.39135000e-06
6.75868314e+01 4.15489000e-06
6.76209813e+01 3.93638000e-06
6.76722062e+01 3.63844000e-06
6.77234310e+01 3.37180000e-06
6.77575809e+01 3.20932000e-06
6.77973720e+01 3.03374000e-06
6.78371630e+01 2.87154000e-06
6.78769540e+01 2.72141000e-06
6.79366406e+01 2.51636000e-06
6.79963271e+01 2.33259000e-06
6.80560136e+01 2.16729000e-06
6.81026898e+01 2.04938000e-06
6.81562510e+01 1.92498000e-06
6.82098122e+01 1.81105000e-06
6.82633734e+01 1.70647000e-06
6.83169346e+01 1.61030000e-06
6.83704958e+01 1.52170000e-06
6.84240570e+01 1.43990000e-06
6.84776182e+01 1.36427000e-06
6.85378130e+01 1.28592000e-06
6.86046415e+01 1.20633000e-06
6.86714700e+01 1.13372000e-06
6.87382985e+01 1.06734000e-06
6.88051269e+01 1.00653000e-06
6.88719554e+01 9.50734000e-07
6.89387839e+01 8.99428000e-07
6.90056123e+01 8.52167000e-07
6.90808902e+01 8.03298000e-07
6.91646176e+01 7.53821000e-07
6.92483449e+01 7.08930000e-07
6.93320723e+01 6.68126000e-07
6.94157996e+01 6.30973000e-07
6.94995269e+01 5.97084000e-07
6.95832543e+01 5.66116000e-07
6.96669816e+01 5.37773000e-07
6.97670378e+01 5.06997000e-07
6.98834229e+01 4.74981000e-07
6.99998079e+01 4.46554000e-07
7.01161929e+01 4.21276000e-07
7.02325780e+01 3.98764000e-07
7.03489630e+01 3.78675000e-07
7.04653481e+01 3.60723000e-07
7.05817331e+01 3.44678000e-07
7.06997956e+01 3.30158000e-07
7.08195354e+01 3.17067000e-07
7.09392752e+01 3.05440000e-07
7.11188850e+01 2.90328000e-07
7.12984947e+01 2.77630000e-07
7.14781045e+01 2.67033000e-07
7.16598302e+01 2.58184000e-07
7.18457878e+01 2.50843000e-07
7.20317454e+01 2.45015000e-07
7.22177030e+01 2.40497000e-07
7.24656465e+01 2.36200000e-07
7.26963855e+01 2.33775000e-07
7.29099200e+01 2.32719000e-07
7.30166872e+01 2.32588000e-07
7.32742207e+01 2.33262000e-07
7.35317542e+01 2.35197000e-07
7.37892877e+01 2.38267000e-07
7.40468212e+01 2.42406000e-07
7.43079881e+01 2.47685000e-07
7.45691549e+01 2.54041000e-07
7.48303217e+01 2.61487000e-07
7.50914886e+01 2.70064000e-07
7.53437198e+01 2.79501000e-07
7.55959511e+01 2.90184000e-07
7.58481824e+01 3.02251000e-07
7.61004136e+01 3.15913000e-07
7.63688236e+01 3.32434000e-07
7.65701311e+01 3.46438000e-07
7.67714385e+01 3.62139000e-07
7.69727460e+01 3.79787000e-07
7.71740535e+01 3.99744000e-07
7.73688718e+01 4.21709000e-07
7.75636901e+01 4.46784000e-07
7.76935690e+01 4.65624000e-07
7.78234479e+01 4.86552000e-07
7.79533268e+01 5.09897000e-07
7.80832056e+01 5.36059000e-07
7.82130845e+01 5.65569000e-07
7.83143843e+01 5.91383000e-07
7.84156841e+01 6.20127000e-07
7.85169840e+01 6.52311000e-07
7.86182838e+01 6.88551000e-07
7.87195836e+01 7.29651000e-07
7.87955585e+01 7.64299000e-07
7.88715333e+01 8.02848000e-07
7.89475082e+01 8.45992000e-07
7.90234830e+01 8.94594000e-07
7.90839755e+01 9.37920000e-07
7.91444679e+01 9.86096000e-07
7.92049604e+01 1.03999000e-06
7.92654528e+01 1.10069000e-06
7.93108221e+01 1.15154000e-06
7.93561915e+01 1.20785000e-06
7.94015608e+01 1.27068000e-06
7.94469301e+01 1.34156000e-06
7.94922995e+01 1.42271000e-06
7.95243907e+01 1.48811000e-06
7.95583268e+01 1.56667000e-06
7.95837790e+01 1.63367000e-06
7.96092311e+01 1.70949000e-06
7.96346832e+01 1.79647000e-06
7.96601354e+01 1.89767000e-06
7.96771035e+01 1.97498000e-06
7.96940715e+01 2.06190000e-06
7.97110396e+01 2.16021000e-06
7.97280077e+01 2.27207000e-06
7.97449758e+01 2.40004000e-06
7.97577019e+01 2.50839000e-06
7.97704279e+01 2.62897000e-06
7.97830999e+01 2.76285000e-06
7.97956638e+01 2.91104000e-06
7.98082278e+01 3.07663000e-06
7.98207917e+01 3.26193000e-06
7.98333556e+01 3.46948000e-06
7.98459195e+01 3.70212000e-06
7.98584834e+01 3.96301000e-06
7.98710473e+01 4.25564000e-06
7.98836113e+01 4.58389000e-06
7.98961752e+01 4.95200000e-06
7.99045511e+01 5.22185000e-06
7.99129271e+01 5.51297000e-06
7.99231459e+01 5.89926000e-06
7.99333648e+01 6.32263000e-06
7.99435836e+01 6.78635000e-06
7.99538025e+01 7.29392000e-06
7.99640213e+01 7.84904000e-06
7.99742402e+01 8.45566000e-06
7.99844590e+01 9.11795000e-06
7.99946779e+01 9.84031000e-06
8.00051453e+01 1.06474000e-05
8.00156127e+01 1.15276000e-05
8.00260801e+01 1.24864000e-05
8.00365475e+01 1.35297000e-05
8.00470149e+01 1.46632000e-05
8.00569339e+01 1.58264000e-05
8.00665788e+01 1.70457000e-05
8.00762236e+01 1.83573000e-05
8.00858685e+01 1.97665000e-05
8.00955134e+01 2.12785000e-05
8.01051171e+01 2.28918000e-05
8.01146386e+01 2.46028000e-05
8.01241600e+01 2.64301000e-05
8.01336815e+01 2.83792000e-05
8.01463768e+01 3.11767000e-05
8.01561707e+01 3.34973000e-05
8.01665093e+01 3.61074000e-05
8.01768479e+01 3.88886000e-05
8.01906328e+01 4.28741000e-05
8.02044176e+01 4.71893000e-05
8.02146780e+01 5.06230000e-05
8.02283064e+01 5.54861000e-05
8.02419348e+01 6.07030000e-05
8.02555632e+01 6.62821000e-05
8.02691459e+01 7.22091000e-05
8.02826830e+01 7.84841000e-05
8.02962201e+01 8.51279000e-05
8.03097572e+01 9.21386000e-05
8.03239069e+01 9.98541000e-05
8.03460504e+01 1.12700000e-04
8.03681939e+01 1.26438000e-04
8.03913196e+01 1.41647000e-04
8.04175606e+01 1.59815000e-04
8.04595461e+01 1.90308000e-04
8.05166916e+01 2.32571000e-04
8.05452644e+01 2.52958000e-04
8.05738371e+01 2.72143000e-04
8.05959439e+01 2.85821000e-04
8.06180507e+01 2.98215000e-04
8.06401576e+01 3.09100000e-04
8.06622644e+01 3.18269000e-04
8.06843712e+01 3.25546000e-04
8.07064780e+01 3.30788000e-04
8.07285849e+01 3.33890000e-04
8.07506917e+01 3.34789000e-04
8.07726887e+01 3.33480000e-04
8.07946856e+01 3.29996000e-04
8.08166826e+01 3.24408000e-04
8.08386796e+01 3.16823000e-04
8.08606766e+01 3.07389000e-04
8.08826735e+01 2.96283000e-04
8.09046705e+01 2.83711000e-04
8.09266675e+01 2.69899000e-04
8.09568220e+01 2.49386000e-04
8.10020538e+01 2.16470000e-04
8.10664240e+01 1.68804000e-04
8.10951316e+01 1.48420000e-04
8.11238393e+01 1.29086000e-04
8.11477379e+01 1.13985000e-04
8.11636702e+01 1.04480000e-04
8.11796026e+01 9.54551000e-05
8.11947555e+01 8.73320000e-05
8.12091291e+01 8.00502000e-05
8.12235026e+01 7.31845000e-05
8.12378761e+01 6.67352000e-05
8.12509182e+01 6.12407000e-05
8.12626287e+01 5.65930000e-05
8.12743393e+01 5.22112000e-05
8.12860499e+01 4.80894000e-05
8.12973181e+01 4.43627000e-05
8.13081440e+01 4.09971000e-05
8.13189699e+01 3.78357000e-05
8.13297958e+01 3.48715000e-05
8.13407885e+01 3.20562000e-05
8.13519480e+01 2.93907000e-05
8.13631075e+01 2.69107000e-05
8.13742670e+01 2.46079000e-05
8.13858455e+01 2.23964000e-05
8.13948437e+01 2.07969000e-05
8.14038419e+01 1.92964000e-05
8.14128400e+01 1.78907000e-05
8.14218382e+01 1.65751000e-05
8.14278369e+01 1.57460000e-05
8.14387377e+01 1.43329000e-05
8.14469132e+01 1.33484000e-05
8.14550888e+01 1.24251000e-05
8.14632643e+01 1.15599000e-05
8.14714398e+01 1.07500000e-05
8.14794562e+01 1.00066000e-05
8.14874726e+01 9.31099000e-06
8.14954889e+01 8.66054000e-06
8.15035053e+01 8.05283000e-06
8.15115216e+01 7.48550000e-06
8.15202248e+01 6.91263000e-06
8.15292714e+01 6.36177000e-06
8.15383179e+01 5.85343000e-06
8.15473644e+01 5.38475000e-06
8.15564110e+01 4.95304000e-06
8.15657497e+01 4.54342000e-06
8.15756728e+01 4.14534000e-06
8.15855959e+01 3.78259000e-06
8.15955190e+01 3.45233000e-06
8.16054421e+01 3.15193000e-06
8.16153652e+01 2.87889000e-06
8.16238035e+01 2.66651000e-06
8.16322417e+01 2.47093000e-06
8.16406799e+01 2.29090000e-06
8.16491181e+01 2.12525000e-06
8.16575564e+01 1.97290000e-06
8.16659946e+01 1.83283000e-06
8.16744328e+01 1.70407000e-06
8.16828710e+01 1.58575000e-06
8.16903400e+01 1.48906000e-06
8.16978089e+01 1.39937000e-06
8.17052779e+01 1.31616000e-06
8.17127468e+01 1.23898000e-06
8.17227054e+01 1.14469000e-06
8.17326640e+01 1.05937000e-06
8.17426226e+01 9.82146000e-07
8.17525812e+01 9.12227000e-07
8.17625398e+01 8.48886000e-07
8.17734250e+01 7.86408000e-07
8.17843102e+01 7.30236000e-07
8.17951954e+01 6.79680000e-07
8.18060806e+01 6.34120000e-07
8.18169658e+01 5.93004000e-07
8.18278510e+01 5.55838000e-07
8.18387362e+01 5.22185000e-07
8.18496214e+01 4.91653000e-07
8.18605066e+01 4.63896000e-07
8.18713918e+01 4.38607000e-07
8.18834735e+01 4.13099000e-07
8.18979484e+01 3.85643000e-07
8.19124233e+01 3.61117000e-07
8.19268982e+01 3.39109000e-07
8.19413732e+01 3.19272000e-07
8.19558481e+01 3.01310000e-07
8.19703230e+01 2.84975000e-07
8.19847979e+01 2.70054000e-07
8.20040977e+01 2.52055000e-07
8.20233976e+01 2.35908000e-07
8.20439032e+01 2.20466000e-07
8.20656146e+01 2.05751000e-07
8.20873259e+01 1.92465000e-07
8.21090372e+01 1.80408000e-07
8.21307486e+01 1.69417000e-07
8.21524599e+01 1.59359000e-07
8.21741712e+01 1.50126000e-07
8.21958826e+01 1.41630000e-07
8.22184738e+01 1.33489000e-07
8.22419448e+01 1.25712000e-07
8.22654158e+01 1.18561000e-07
8.22888869e+01 1.11977000e-07
8.23123579e+01 1.05909000e-07
8.23358290e+01 1.00312000e-07
8.23593000e+01 9.51453000e-08
8.23827710e+01 9.03746000e-08
8.24106170e+01 8.51844000e-08
8.24428381e+01 7.97568000e-08
8.24750591e+01 7.48882000e-08
8.25072801e+01 7.05223000e-08
8.25395011e+01 6.66097000e-08
8.25717221e+01 6.31065000e-08
8.26039431e+01 5.99739000e-08
8.26361641e+01 5.71775000e-08
8.26657152e+01 5.48819000e-08
8.27060371e+01 5.21258000e-08
8.27463589e+01 4.97605000e-08
8.27866808e+01 4.77440000e-08
8.28270026e+01 4.60393000e-08
8.28673244e+01 4.46140000e-08
8.29076463e+01 4.34393000e-08
8.29479681e+01 4.24899000e-08
8.29748494e+01 4.19709000e-08
8.30286118e+01 4.11792000e-08
8.30823743e+01 4.06806000e-08
8.31438579e+01 4.04220000e-08
8.31748597e+01 4.04030000e-08
8.32368632e+01 4.05620000e-08
8.32988667e+01 4.09524000e-08
8.33608702e+01 4.15416000e-08
8.34538754e+01 4.27385000e-08
8.35468807e+01 4.42430000e-08
8.36398859e+01 4.59931000e-08
8.37638929e+01 4.86253000e-08
8.38878999e+01 5.15145000e-08
8.40739104e+01 5.61758000e-08
8.44326655e+01 6.57385000e-08
8.54733893e+01 9.38668000e-08
8.60752657e+01 1.09395000e-07
8.68318569e+01 1.27929000e-07
8.77474086e+01 1.49330000e-07
9.00344717e+01 2.02064000e-07
9.06695838e+01 2.17388000e-07
9.13046960e+01 2.33620000e-07
9.21097866e+01 2.55915000e-07
9.25928409e+01 2.70593000e-07
9.31278990e+01 2.88277000e-07
9.36629571e+01 3.07767000e-07
9.41474527e+01 3.27556000e-07
9.44704498e+01 3.42091000e-07
9.49549454e+01 3.66405000e-07
9.52681257e+01 3.83928000e-07
9.55813059e+01 4.03150000e-07
9.58944861e+01 4.24618000e-07
9.62076663e+01 4.48653000e-07
9.65189860e+01 4.75570000e-07
9.68303057e+01 5.05996000e-07
9.70637954e+01 5.31678000e-07
9.72972852e+01 5.60377000e-07
9.75182133e+01 5.90754000e-07
9.77140179e+01 6.20734000e-07
9.79098226e+01 6.54044000e-07
9.81056274e+01 6.91177000e-07
9.83014321e+01 7.32906000e-07
9.84972367e+01 7.80066000e-07
9.86288073e+01 8.15348000e-07
9.87603779e+01 8.54095000e-07
9.88919485e+01 8.96773000e-07
9.90235191e+01 9.43907000e-07
9.91550897e+01 9.96148000e-07
9.92866603e+01 1.05430000e-06
9.94182308e+01 1.11942000e-06
9.95498014e+01 1.19283000e-06
9.96425126e+01 1.25039000e-06
9.97352237e+01 1.31350000e-06
9.98279349e+01 1.38290000e-06
9.99206460e+01 1.45947000e-06
1.00013357e+02 1.54428000e-06
1.00106068e+02 1.63866000e-06
1.00198780e+02 1.74427000e-06
1.00268313e+02 1.83206000e-06
1.00356159e+02 1.95525000e-06
1.00420828e+02 2.05602000e-06
1.00485496e+02 2.16665000e-06
1.00550164e+02 2.28854000e-06
1.00614833e+02 2.42339000e-06
1.00679501e+02 2.57324000e-06
1.00744170e+02 2.74061000e-06
1.00808838e+02 2.92863000e-06
1.00855708e+02 3.07999000e-06
1.00902578e+02 3.24607000e-06
1.00949448e+02 3.42909000e-06
1.00996318e+02 3.63177000e-06
1.01043189e+02 3.85754000e-06
1.01090059e+02 4.11081000e-06
1.01125211e+02 4.32223000e-06
1.01160364e+02 4.55551000e-06
1.01199249e+02 4.84387000e-06
1.01230149e+02 5.10023000e-06
1.01261049e+02 5.38558000e-06
1.01291949e+02 5.70572000e-06
1.01322849e+02 6.06798000e-06
1.01346024e+02 6.37287000e-06
1.01369199e+02 6.71153000e-06
1.01392374e+02 7.08977000e-06
1.01415549e+02 7.51455000e-06
1.01430999e+02 7.82762000e-06
1.01452876e+02 8.31814000e-06
1.01469284e+02 8.72731000e-06
1.01485692e+02 9.17679000e-06
1.01502099e+02 9.67157000e-06
1.01518507e+02 1.02173000e-05
1.01534915e+02 1.08202000e-05
1.01551323e+02 1.14873000e-05
1.01567731e+02 1.22262000e-05
1.01584138e+02 1.30457000e-05
1.01600546e+02 1.39550000e-05
1.01612622e+02 1.46877000e-05
1.01625834e+02 1.55569000e-05
1.01639047e+02 1.65027000e-05
1.01652259e+02 1.75317000e-05
1.01665472e+02 1.86512000e-05
1.01678685e+02 1.98686000e-05
1.01691897e+02 2.11921000e-05
1.01705110e+02 2.26302000e-05
1.01717206e+02 2.40546000e-05
1.01733673e+02 2.61732000e-05
1.01750141e+02 2.85160000e-05
1.01766609e+02 3.11027000e-05
1.01783076e+02 3.39543000e-05
1.01799544e+02 3.70923000e-05
1.01814339e+02 4.01741000e-05
1.01829133e+02 4.35213000e-05
1.01843928e+02 4.71504000e-05
1.01858723e+02 5.10781000e-05
1.01873518e+02 5.53206000e-05
1.01887403e+02 5.96031000e-05
1.01900833e+02 6.40348000e-05
1.01914262e+02 6.87626000e-05
1.01932169e+02 7.55452000e-05
1.01950075e+02 8.28961000e-05
1.01965247e+02 8.95846000e-05
1.01980420e+02 9.67059000e-05
1.02000650e+02 1.06888000e-04
1.02020880e+02 1.17866000e-04
1.02041177e+02 1.29683000e-04
1.02061541e+02 1.42341000e-04
1.02081904e+02 1.55784000e-04
1.02102268e+02 1.69980000e-04
1.02131552e+02 1.91624000e-04
1.02163388e+02 2.16600000e-04
1.02201591e+02 2.48116000e-04
1.02291317e+02 3.24557000e-04
1.02337512e+02 3.62121000e-04
1.02365640e+02 3.83303000e-04
1.02393768e+02 4.02677000e-04
1.02421896e+02 4.19826000e-04
1.02450024e+02 4.34370000e-04
1.02478152e+02 4.45974000e-04
1.02506280e+02 4.54366000e-04
1.02534408e+02 4.59345000e-04
1.02562536e+02 4.60789000e-04
1.02585798e+02 4.59286000e-04
1.02609060e+02 4.55363000e-04
1.02632322e+02 4.49085000e-04
1.02655584e+02 4.40554000e-04
1.02678846e+02 4.29908000e-04
1.02702108e+02 4.17314000e-04
1.02733124e+02 3.97834000e-04
1.02764140e+02 3.75762000e-04
1.02795156e+02 3.51664000e-04
1.02842009e+02 3.12718000e-04
1.02928207e+02 2.38987000e-04
1.02959371e+02 2.13331000e-04
1.02994363e+02 1.85936000e-04
1.03023523e+02 1.64532000e-04
1.03048150e+02 1.47604000e-04
1.03066945e+02 1.35442000e-04
1.03085739e+02 1.23957000e-04
1.03104534e+02 1.13162000e-04
1.03121945e+02 1.03780000e-04
1.03139356e+02 9.49896000e-05
1.03156768e+02 8.67828000e-05
1.03174179e+02 7.91477000e-05
1.03187920e+02 7.35153000e-05
1.03201661e+02 6.82200000e-05
1.03215403e+02 6.32516000e-05
1.03229144e+02 5.85991000e-05
1.03242885e+02 5.42506000e-05
1.03255887e+02 5.04047000e-05
1.03268519e+02 4.69080000e-05
1.03281152e+02 4.36375000e-05
1.03293784e+02 4.05828000e-05
1.03306416e+02 3.77337000e-05
1.03319252e+02 3.50385000e-05
1.03332495e+02 3.24577000e-05
1.03345739e+02 3.00685000e-05
1.03358982e+02 2.78595000e-05
1.03372225e+02 2.58195000e-05
1.03385469e+02 2.39377000e-05
1.03396875e+02 2.24358000e-05
1.03408282e+02 2.10370000e-05
1.03419689e+02 1.97353000e-05
1.03431095e+02 1.85246000e-05
1.03442502e+02 1.73992000e-05
1.03453909e+02 1.63537000e-05
1.03465316e+02 1.53827000e-05
1.03476722e+02 1.44814000e-05
1.03491681e+02 1.33970000e-05
1.03506641e+02 1.24141000e-05
1.03521600e+02 1.15236000e-05
1.03536559e+02 1.07167000e-05
1.03551518e+02 9.98560000e-06
1.03566477e+02 9.32290000e-06
1.03581436e+02 8.72193000e-06
1.03596395e+02 8.17661000e-06
1.03611935e+02 7.66305000e-06
1.03627476e+02 7.19787000e-06
1.03643016e+02 6.77597000e-06
1.03658556e+02 6.39274000e-06
1.03674096e+02 6.04406000e-06
1.03689636e+02 5.72622000e-06
1.03699996e+02 5.52983000e-06
1.03720717e+02 5.17024000e-06
1.03741437e+02 4.84973000e-06
1.03762157e+02 4.56287000e-06
1.03782099e+02 4.31423000e-06
1.03802041e+02 4.08892000e-06
1.03815335e+02 3.95017000e-06
1.03841924e+02 3.69667000e-06
1.03868513e+02 3.47083000e-06
1.03895102e+02 3.26829000e-06
1.03921691e+02 3.08553000e-06
1.03948280e+02 2.91966000e-06
1.03974868e+02 2.76835000e-06
1.04007947e+02 2.59755000e-06
1.04041026e+02 2.44333000e-06
1.04074104e+02 2.30332000e-06
1.04107183e+02 2.17559000e-06
1.04140261e+02 2.05858000e-06
1.04173340e+02 1.95102000e-06
1.04206419e+02 1.85181000e-06
1.04239497e+02 1.76007000e-06
1.04283027e+02 1.64942000e-06
1.04326557e+02 1.54888000e-06
1.04370087e+02 1.45722000e-06
1.04413618e+02 1.37341000e-06
1.04457148e+02 1.29657000e-06
1.04500678e+02 1.22594000e-06
1.04544208e+02 1.16087000e-06
1.04587738e+02 1.10080000e-06
1.04642523e+02 1.03152000e-06
1.04697309e+02 9.68528000e-07
1.04752095e+02 9.11082000e-07
1.04806881e+02 8.58565000e-07
1.04861666e+02 8.10443000e-07
1.04916452e+02 7.66252000e-07
1.04971238e+02 7.25589000e-07
1.05026023e+02 6.88097000e-07
1.05094495e+02 6.45227000e-07
1.05162966e+02 6.06298000e-07
1.05231437e+02 5.70857000e-07
1.05299909e+02 5.38519000e-07
1.05368380e+02 5.08949000e-07
1.05436852e+02 4.81859000e-07
1.05505323e+02 4.56992000e-07
1.05573794e+02 4.34123000e-07
1.05665712e+02 4.06218000e-07
1.05757630e+02 3.81142000e-07
1.05849548e+02 3.58548000e-07
1.05941466e+02 3.38144000e-07
1.06033383e+02 3.19684000e-07
1.06125301e+02 3.02953000e-07
1.06217219e+02 2.87764000e-07
1.06309137e+02 2.73946000e-07
1.06434876e+02 2.56994000e-07
1.06560615e+02 2.42006000e-07
1.06686354e+02 2.28725000e-07
1.06812093e+02 2.16933000e-07
1.06937832e+02 2.06441000e-07
1.07063571e+02 1.97084000e-07
1.07189310e+02 1.88728000e-07
1.07315049e+02 1.81255000e-07
1.07478240e+02 1.72704000e-07
1.07641431e+02 1.65282000e-07
1.07804623e+02 1.58842000e-07
1.07967814e+02 1.53259000e-07
1.08131005e+02 1.48395000e-07
1.08375792e+02 1.42228000e-07
1.08620578e+02 1.37224000e-07
1.08833153e+02 1.33679000e-07
1.09045728e+02 1.30767000e-07
1.09329161e+02 1.27686000e-07
1.09612594e+02 1.25339000e-07
1.09896351e+02 1.23615000e-07
1.10322473e+02 1.21935000e-07
1.10748595e+02 1.21141000e-07
1.11052968e+02 1.20944000e-07
1.11640502e+02 1.21376000e-07
1.12228036e+02 1.22489000e-07
1.13019704e+02 1.24727000e-07
1.15417045e+02 1.33716000e-07
1.16029265e+02 1.35919000e-07
1.16123453e+02 1.36003000e-07
1.16170547e+02 1.35961000e-07
1.16895904e+02 1.31303000e-07
1.17006649e+02 1.32054000e-07
1.17117393e+02 1.33680000e-07
1.17412711e+02 1.39387000e-07
1.17560371e+02 1.41521000e-07
1.17781859e+02 1.43519000e-07
1.18077177e+02 1.45145000e-07
1.21432392e+02 1.59267000e-07
1.25763884e+02 1.75855000e-07
1.33944416e+02 2.04338000e-07
1.44617685e+02 2.40485000e-07
1.45571988e+02 2.43402000e-07
1.50764539e+02 2.64588000e-07
1.55048580e+02 2.84294000e-07
1.57786731e+02 2.98605000e-07
1.60012818e+02 3.11852000e-07
1.62270311e+02 3.27063000e-07
1.64665857e+02 3.44395000e-07
1.65246642e+02 3.47437000e-07
1.65682231e+02 3.52436000e-07
1.66408211e+02 3.61558000e-07
1.68591948e+02 3.85955000e-07
1.69722782e+02 4.00383000e-07
1.70319299e+02 4.08603000e-07
1.71512333e+02 4.27055000e-07
1.72651286e+02 4.47292000e-07
1.73790239e+02 4.70680000e-07
1.74670160e+02 4.91566000e-07
1.75550082e+02 5.15392000e-07
1.76326502e+02 5.39565000e-07
1.77102921e+02 5.67343000e-07
1.77820952e+02 5.96966000e-07
1.78538982e+02 6.31153000e-07
1.79162300e+02 6.65663000e-07
1.79577845e+02 6.91694000e-07
1.79993390e+02 7.20595000e-07
1.80391926e+02 7.51157000e-07
1.80773455e+02 7.83938000e-07
1.81154983e+02 8.20695000e-07
1.81536512e+02 8.62068000e-07
1.81918792e+02 9.08761000e-07
1.82301825e+02 9.62144000e-07
1.82589099e+02 1.00739000e-06
1.82876373e+02 1.05794000e-06
1.83163647e+02 1.11470000e-06
1.83455828e+02 1.17989000e-06
1.83750462e+02 1.25450000e-06
1.83946885e+02 1.31008000e-06
1.84143307e+02 1.37133000e-06
1.84339730e+02 1.43913000e-06
1.84536152e+02 1.51436000e-06
1.84732575e+02 1.59815000e-06
1.84907485e+02 1.68115000e-06
1.85060882e+02 1.76148000e-06
1.85214279e+02 1.84990000e-06
1.85367677e+02 1.94761000e-06
1.85521074e+02 2.05604000e-06
1.85674471e+02 2.17687000e-06
1.85827869e+02 2.31209000e-06
1.85981266e+02 2.46417000e-06
1.86110681e+02 2.60790000e-06
1.86216115e+02 2.73714000e-06
1.86321549e+02 2.87889000e-06
1.86426982e+02 3.03490000e-06
1.86532416e+02 3.20721000e-06
1.86637849e+02 3.39829000e-06
1.86743283e+02 3.61109000e-06
1.86848716e+02 3.84928000e-06
1.86939147e+02 4.07719000e-06
1.87014577e+02 4.28661000e-06
1.87090006e+02 4.51612000e-06
1.87165435e+02 4.76857000e-06
1.87240864e+02 5.04734000e-06
1.87316293e+02 5.35649000e-06
1.87391722e+02 5.70105000e-06
1.87467151e+02 6.08723000e-06
1.87529959e+02 6.44616000e-06
1.87580144e+02 6.76137000e-06
1.87630329e+02 7.10563000e-06
1.87680514e+02 7.48324000e-06
1.87730700e+02 7.89949000e-06
1.87780885e+02 8.36092000e-06
1.87831070e+02 8.87578000e-06
1.87881256e+02 9.45452000e-06
1.87926191e+02 1.00378000e-05
1.87965877e+02 1.06141000e-05
1.88005563e+02 1.12586000e-05
1.88045249e+02 1.19839000e-05
1.88075014e+02 1.25904000e-05
1.88104778e+02 1.32589000e-05
1.88134543e+02 1.39987000e-05
1.88164308e+02 1.48204000e-05
1.88194072e+02 1.57362000e-05
1.88223837e+02 1.67602000e-05
1.88250725e+02 1.77918000e-05
1.88277613e+02 1.89385000e-05
1.88304501e+02 2.02157000e-05
1.88331390e+02 2.16404000e-05
1.88358278e+02 2.32318000e-05
1.88378444e+02 2.45473000e-05
1.88398610e+02 2.59782000e-05
1.88418776e+02 2.75350000e-05
1.88438942e+02 2.92287000e-05
1.88457822e+02 3.09492000e-05
1.88476702e+02 3.28107000e-05
1.88495582e+02 3.48241000e-05
1.88514462e+02 3.70009000e-05
1.88533342e+02 3.93532000e-05
1.88552222e+02 4.18937000e-05
1.88571102e+02 4.46353000e-05
1.88589982e+02 4.75916000e-05
1.88612661e+02 5.14462000e-05
1.88635340e+02 5.56554000e-05
1.88658018e+02 6.02443000e-05
1.88680697e+02 6.52384000e-05
1.88703376e+02 7.06634000e-05
1.88726428e+02 7.66450000e-05
1.88749667e+02 8.31781000e-05
1.88772906e+02 9.02415000e-05
1.88796145e+02 9.78592000e-05
1.88819384e+02 1.06053000e-04
1.88834876e+02 1.11845000e-04
1.88861671e+02 1.22502000e-04
1.88888466e+02 1.33986000e-04
1.88915261e+02 1.46311000e-04
1.88942056e+02 1.59482000e-04
1.88970165e+02 1.74204000e-04
1.88998274e+02 1.89835000e-04
1.89026383e+02 2.06345000e-04
1.89063696e+02 2.29537000e-04
1.89109711e+02 2.59927000e-04
1.89164930e+02 2.98473000e-04
1.89302087e+02 3.97890000e-04
1.89352260e+02 4.32761000e-04
1.89402433e+02 4.65161000e-04
1.89453390e+02 4.94425000e-04
1.89487361e+02 5.11365000e-04
1.89521333e+02 5.25911000e-04
1.89555304e+02 5.37808000e-04
1.89589276e+02 5.46846000e-04
1.89623247e+02 5.52862000e-04
1.89657219e+02 5.55745000e-04
1.89674204e+02 5.55993000e-04
1.89716338e+02 5.53165000e-04
1.89758471e+02 5.45509000e-04
1.89800604e+02 5.33237000e-04
1.89842738e+02 5.16683000e-04
1.89884871e+02 4.96291000e-04
1.89927005e+02 4.72591000e-04
1.89955093e+02 4.55246000e-04
1.90011271e+02 4.17690000e-04
1.90081493e+02 3.67344000e-04
1.90174746e+02 2.99238000e-04
1.90225866e+02 2.63198000e-04
1.90275605e+02 2.29942000e-04
1.90306924e+02 2.10158000e-04
1.90338243e+02 1.91388000e-04
1.90369562e+02 1.73700000e-04
1.90399717e+02 1.57737000e-04
1.90428707e+02 1.43401000e-04
1.90457697e+02 1.30061000e-04
1.90486687e+02 1.17710000e-04
1.90514654e+02 1.06714000e-04
1.90541597e+02 9.69519000e-05
1.90561804e+02 9.01480000e-05
1.90582012e+02 8.37727000e-05
1.90602219e+02 7.78108000e-05
1.90623131e+02 7.20592000e-05
1.90644394e+02 6.66276000e-05
1.90665658e+02 6.15959000e-05
1.90686922e+02 5.69433000e-05
1.90708185e+02 5.26486000e-05
1.90730836e+02 4.84437000e-05
1.90747787e+02 4.55320000e-05
1.90764737e+02 4.28097000e-05
1.90781688e+02 4.02667000e-05
1.90798639e+02 3.78930000e-05
1.90815589e+02 3.56789000e-05
1.90832540e+02 3.36149000e-05
1.90849490e+02 3.16920000e-05
1.90868785e+02 2.96638000e-05
1.90890423e+02 2.75777000e-05
1.90912062e+02 2.56752000e-05
1.90933700e+02 2.39408000e-05
1.90955338e+02 2.23598000e-05
1.90976977e+02 2.09187000e-05
1.90998615e+02 1.96049000e-05
1.91020253e+02 1.84068000e-05
1.91044072e+02 1.72090000e-05
1.91070071e+02 1.60312000e-05
1.91096069e+02 1.49739000e-05
1.91122068e+02 1.40232000e-05
1.91148067e+02 1.31670000e-05
1.91174065e+02 1.23941000e-05
1.91200064e+02 1.16949000e-05
1.91226063e+02 1.10607000e-05
1.91257691e+02 1.03662000e-05
1.91285636e+02 9.81389000e-06
1.91313580e+02 9.31183000e-06
1.91350840e+02 8.71013000e-06
1.91388099e+02 8.17476000e-06
1.91425358e+02 7.69563000e-06
1.91462617e+02 7.26446000e-06
1.91499876e+02 6.87440000e-06
1.91537136e+02 6.51978000e-06
1.91584170e+02 6.11556000e-06
1.91631204e+02 5.75275000e-06
1.91678238e+02 5.42523000e-06
1.91725273e+02 5.12805000e-06
1.91772307e+02 4.85719000e-06
1.91819341e+02 4.60934000e-06
1.91866376e+02 4.38177000e-06
1.91913410e+02 4.17214000e-06
1.91972790e+02 3.93014000e-06
1.92032170e+02 3.71035000e-06
1.92091550e+02 3.51003000e-06
1.92150930e+02 3.32689000e-06
1.92210310e+02 3.15897000e-06
1.92269690e+02 3.00460000e-06
1.92358759e+02 2.79535000e-06
1.92432906e+02 2.63902000e-06
1.92521818e+02 2.47003000e-06
1.92610730e+02 2.31856000e-06
1.92699642e+02 2.18232000e-06
1.92788554e+02 2.05937000e-06
1.92877466e+02 1.94807000e-06
1.92966379e+02 1.84703000e-06
1.93055291e+02 1.75505000e-06
1.93162470e+02 1.65475000e-06
1.93225193e+02 1.60085000e-06
1.93350639e+02 1.50243000e-06
1.93476085e+02 1.41507000e-06
1.93601531e+02 1.33728000e-06
1.93726977e+02 1.26780000e-06
1.93852423e+02 1.20555000e-06
1.93977869e+02 1.14960000e-06
1.94103315e+02 1.09919000e-06
1.94251245e+02 1.04604000e-06
1.94399175e+02 9.98872000e-07
1.94547105e+02 9.56935000e-07
1.94695036e+02 9.19575000e-07
1.94892276e+02 8.75909000e-07
1.95089516e+02 8.38280000e-07
1.95286756e+02 8.05861000e-07
1.95483997e+02 7.77972000e-07
1.95681237e+02 7.54062000e-07
1.95900498e+02 7.31598000e-07
1.96119758e+02 7.12834000e-07
1.96339019e+02 6.97212000e-07
1.96667910e+02 6.78951000e-07
1.96996801e+02 6.66162000e-07
1.97325691e+02 6.58131000e-07
1.97638895e+02 6.54254000e-07
1.97842468e+02 6.53517000e-07
1.98241672e+02 6.56029000e-07
1.98640875e+02 6.63389000e-07
1.99040079e+02 6.75352000e-07
1.99439282e+02 6.91850000e-07
1.99846846e+02 7.13633000e-07
2.00254409e+02 7.40761000e-07
2.00661972e+02 7.73610000e-07
2.00967645e+02 8.02437000e-07
2.01281140e+02 8.36304000e-07
2.01598548e+02 8.75686000e-07
2.01915955e+02 9.20920000e-07
2.02233362e+02 9.72814000e-07
2.02550769e+02 1.03260000e-06
2.02762374e+02 1.07786000e-06
2.02956111e+02 1.12367000e-06
2.03149848e+02 1.17422000e-06
2.03343586e+02 1.23016000e-06
2.03537323e+02 1.29230000e-06
2.03731060e+02 1.36159000e-06
2.03924797e+02 1.43922000e-06
2.04118534e+02 1.52658000e-06
2.04312272e+02 1.62535000e-06
2.04448442e+02 1.70279000e-06
2.04584613e+02 1.78797000e-06
2.04720784e+02 1.88208000e-06
2.04856955e+02 1.98647000e-06
2.04993126e+02 2.10278000e-06
2.05129297e+02 2.23297000e-06
2.05265468e+02 2.37943000e-06
2.05367596e+02 2.50175000e-06
2.05495792e+02 2.67314000e-06
2.05589946e+02 2.81375000e-06
2.05684100e+02 2.96891000e-06
2.05778253e+02 3.14087000e-06
2.05872407e+02 3.33231000e-06
2.05966561e+02 3.54658000e-06
2.06037176e+02 3.72474000e-06
2.06107791e+02 3.92027000e-06
2.06186462e+02 4.16184000e-06
2.06249651e+02 4.37702000e-06
2.06312839e+02 4.61431000e-06
2.06376028e+02 4.87763000e-06
2.06439216e+02 5.17214000e-06
2.06502404e+02 5.50484000e-06
2.06549795e+02 5.78516000e-06
2.06597187e+02 6.09797000e-06
2.06644578e+02 6.45068000e-06
2.06680558e+02 6.75107000e-06
2.06720923e+02 7.12912000e-06
2.06751197e+02 7.44687000e-06
2.06781471e+02 7.79969000e-06
2.06811745e+02 8.19390000e-06
2.06842019e+02 8.63713000e-06
2.06872293e+02 9.13853000e-06
2.06902567e+02 9.70908000e-06
2.06932840e+02 1.03619000e-05
2.06953023e+02 1.08503000e-05
2.06973206e+02 1.13875000e-05
2.06995666e+02 1.20499000e-05
2.07014219e+02 1.26546000e-05
2.07032772e+02 1.33175000e-05
2.07051325e+02 1.40448000e-05
2.07069878e+02 1.48437000e-05
2.07088432e+02 1.57216000e-05
2.07106985e+02 1.66870000e-05
2.07125538e+02 1.77488000e-05
2.07144091e+02 1.89169000e-05
2.07162644e+02 2.02021000e-05
2.07181198e+02 2.16158000e-05
2.07198552e+02 2.30657000e-05
2.07215907e+02 2.46501000e-05
2.07233262e+02 2.63806000e-05
2.07250617e+02 2.82698000e-05
2.07267971e+02 3.03309000e-05
2.07285326e+02 3.25780000e-05
2.07302681e+02 3.50260000e-05
2.07320035e+02 3.76905000e-05
2.07340156e+02 4.10725000e-05
2.07360276e+02 4.47946000e-05
2.07380397e+02 4.88852000e-05
2.07400517e+02 5.33737000e-05
2.07420638e+02 5.82909000e-05
2.07439014e+02 6.31833000e-05
2.07456518e+02 6.82233000e-05
2.07474022e+02 7.36561000e-05
2.07491526e+02 7.95040000e-05
2.07509030e+02 8.57892000e-05
2.07526315e+02 9.24470000e-05
2.07543161e+02 9.93881000e-05
2.07560008e+02 1.06795000e-04
2.07576855e+02 1.14688000e-04
2.07599317e+02 1.26000000e-04
2.07616896e+02 1.35505000e-04
2.07635938e+02 1.46474000e-04
2.07654981e+02 1.58163000e-04
2.07674023e+02 1.70594000e-04
2.07699413e+02 1.88354000e-04
2.07724350e+02 2.07145000e-04
2.07748833e+02 2.26919000e-04
2.07773317e+02 2.48015000e-04
2.07797800e+02 2.70434000e-04
2.07823535e+02 2.95409000e-04
2.07850520e+02 3.23117000e-04
2.07877505e+02 3.52321000e-04
2.07917982e+02 3.98744000e-04
2.07961464e+02 4.51708000e-04
2.08019440e+02 5.26194000e-04
2.08157244e+02 7.08952000e-04
2.08218497e+02 7.85522000e-04
2.08258796e+02 8.31816000e-04
2.08299096e+02 8.73679000e-04
2.08339395e+02 9.10157000e-04
2.08379694e+02 9.40389000e-04
2.08419993e+02 9.63642000e-04
2.08450218e+02 9.76147000e-04
2.08480442e+02 9.84221000e-04
2.08510666e+02 9.87748000e-04
2.08520741e+02 9.87903000e-04
2.08554014e+02 9.84781000e-04
2.08587287e+02 9.76138000e-04
2.08620560e+02 9.62120000e-04
2.08653832e+02 9.42966000e-04
2.08687105e+02 9.18998000e-04
2.08720378e+02 8.90611000e-04
2.08764742e+02 8.46690000e-04
2.08809106e+02 7.96963000e-04
2.08853469e+02 7.42756000e-04
2.08917149e+02 6.59865000e-04
2.09031269e+02 5.07645000e-04
2.09086581e+02 4.36979000e-04
2.09131518e+02 3.82751000e-04
2.09161477e+02 3.48557000e-04
2.09197497e+02 3.09768000e-04
2.09221510e+02 2.85407000e-04
2.09245524e+02 2.62291000e-04
2.09269888e+02 2.40132000e-04
2.09294602e+02 2.18998000e-04
2.09319317e+02 1.99217000e-04
2.09344032e+02 1.80774000e-04
2.09367766e+02 1.64300000e-04
2.09390520e+02 1.49617000e-04
2.09413274e+02 1.35988000e-04
2.09436027e+02 1.23376000e-04
2.09457090e+02 1.12573000e-04
2.09476461e+02 1.03346000e-04
2.09495832e+02 9.47682000e-05
2.09515203e+02 8.68111000e-05
2.09530498e+02 8.09465000e-05
2.09547330e+02 7.49007000e-05
2.09564161e+02 6.92623000e-05
2.09580992e+02 6.40115000e-05
2.09597823e+02 5.91284000e-05
2.09614654e+02 5.45934000e-05
2.09630555e+02 5.06116000e-05
2.09646456e+02 4.69074000e-05
2.09662357e+02 4.34655000e-05
2.09678258e+02 4.02707000e-05
2.09694159e+02 3.73084000e-05
2.09711477e+02 3.43299000e-05
2.09729504e+02 3.14859000e-05
2.09747531e+02 2.88846000e-05
2.09765558e+02 2.65080000e-05
2.09783585e+02 2.43390000e-05
2.09795603e+02 2.30003000e-05
2.09810109e+02 2.14912000e-05
2.09824615e+02 2.00918000e-05
2.09839121e+02 1.87946000e-05
2.09853627e+02 1.75929000e-05
2.09868133e+02 1.64800000e-05
2.09882639e+02 1.54497000e-05
2.09897145e+02 1.44962000e-05
2.09911651e+02 1.36141000e-05
2.09926870e+02 1.27595000e-05
2.09942088e+02 1.19722000e-05
2.09957307e+02 1.12468000e-05
2.09972526e+02 1.05785000e-05
2.09987744e+02 9.96268000e-06
2.10002963e+02 9.39517000e-06
2.10018182e+02 8.87204000e-06
2.10033400e+02 8.38964000e-06
2.10053692e+02 7.80402000e-06
2.10073983e+02 7.27759000e-06
2.10096250e+02 6.76027000e-06
2.10118516e+02 6.29866000e-06
2.10140783e+02 5.88595000e-06
2.10163049e+02 5.51613000e-06
2.10185315e+02 5.18393000e-06
2.10207582e+02 4.88471000e-06
2.10229848e+02 4.61441000e-06
2.10252114e+02 4.36948000e-06
2.10274381e+02 4.14684000e-06
2.10296647e+02 3.94377000e-06
2.10320930e+02 3.74189000e-06
2.10349246e+02 3.52889000e-06
2.10377562e+02 3.33667000e-06
2.10405878e+02 3.16228000e-06
2.10424756e+02 3.05470000e-06
2.10462510e+02 2.85756000e-06
2.10500265e+02 2.68105000e-06
2.10538020e+02 2.52184000e-06
2.10575775e+02 2.37730000e-06
2.10613529e+02 2.24531000e-06
2.10653707e+02 2.11674000e-06
2.10693885e+02 1.99882000e-06
2.10734063e+02 1.89021000e-06
2.10774240e+02 1.78983000e-06
2.10834507e+02 1.65271000e-06
2.10894773e+02 1.52959000e-06
2.10934951e+02 1.45430000e-06
2.10985253e+02 1.36683000e-06
2.11035555e+02 1.28617000e-06
2.11085857e+02 1.21161000e-06
2.11136159e+02 1.14255000e-06
2.11186461e+02 1.07846000e-06
2.11236763e+02 1.01890000e-06
2.11312216e+02 9.37130000e-07
2.11365333e+02 8.84470000e-07
2.11421265e+02 8.32947000e-07
2.11477197e+02 7.85091000e-07
2.11533130e+02 7.40576000e-07
2.11589062e+02 6.99110000e-07
2.11672961e+02 6.42073000e-07
2.11756860e+02 5.90559000e-07
2.11814989e+02 5.57762000e-07
2.11875315e+02 5.25995000e-07
2.11965805e+02 4.82274000e-07
2.12056294e+02 4.42769000e-07
2.12146783e+02 4.06992000e-07
2.12237273e+02 3.74522000e-07
2.12330756e+02 3.44066000e-07
2.12425735e+02 3.15985000e-07
2.12520715e+02 2.90475000e-07
2.12615695e+02 2.67259000e-07
2.12710674e+02 2.46095000e-07
2.12806770e+02 2.26557000e-07
2.12905098e+02 2.08319000e-07
2.13003427e+02 1.91680000e-07
2.13101755e+02 1.76482000e-07
2.13200083e+02 1.62587000e-07
2.13298412e+02 1.49872000e-07
2.13374415e+02 1.40781000e-07
2.13450418e+02 1.32284000e-07
2.13526421e+02 1.24338000e-07
2.13602424e+02 1.16905000e-07
2.13678427e+02 1.09949000e-07
2.13754430e+02 1.03439000e-07
2.13830433e+02 9.73445000e-08
2.13941966e+02 8.90947000e-08
2.14048554e+02 8.19173000e-08
2.14155143e+02 7.53682000e-08
2.14261731e+02 6.93921000e-08
2.14368320e+02 6.39400000e-08
2.14474909e+02 5.89675000e-08
2.14589712e+02 5.41020000e-08
2.14704516e+02 4.97009000e-08
2.14819320e+02 4.57231000e-08
2.14934123e+02 4.21317000e-08
2.15048927e+02 3.88940000e-08
2.15132810e+02 3.67350000e-08
2.15224042e+02 3.45713000e-08
2.15315273e+02 3.25876000e-08
2.15406505e+02 3.07722000e-08
2.15497736e+02 2.91142000e-08
2.15588967e+02 2.76034000e-08
2.15680199e+02 2.62303000e-08
2.15771430e+02 2.49861000e-08
2.15880728e+02 2.36538000e-08
2.15976252e+02 2.26210000e-08
2.16071775e+02 2.17027000e-08
2.16167299e+02 2.08915000e-08
2.16262822e+02 2.01808000e-08
2.16326505e+02 1.97596000e-08
2.16453869e+02 1.90357000e-08
2.16581234e+02 1.84589000e-08
2.16708599e+02 1.80175000e-08
2.16835963e+02 1.77006000e-08
2.16976774e+02 1.74836000e-08
2.17117585e+02 1.73949000e-08
2.17154808e+02 1.73914000e-08
2.17316107e+02 1.74658000e-08
2.17464999e+02 1.76541000e-08
2.17613890e+02 1.79469000e-08
2.17762782e+02 1.83354000e-08
2.17911674e+02 1.88117000e-08
2.18110196e+02 1.95700000e-08
2.18308718e+02 2.04532000e-08
2.18507240e+02 2.14471000e-08
2.18705762e+02 2.25415000e-08
2.18934891e+02 2.39173000e-08
2.19278584e+02 2.61700000e-08
2.19622278e+02 2.86127000e-08
2.20080536e+02 3.21078000e-08
2.20538794e+02 3.58227000e-08
2.21101857e+02 4.06297000e-08
2.21805685e+02 4.69308000e-08
2.22791045e+02 5.62051000e-08
2.23674612e+02 6.49320000e-08
2.24558178e+02 7.41139000e-08
2.25354118e+02 8.28550000e-08
2.26150057e+02 9.21695000e-08
2.26863938e+02 1.01191000e-07
2.27339859e+02 1.07664000e-07
2.27815779e+02 1.14588000e-07
2.28260913e+02 1.21511000e-07
2.28675261e+02 1.28514000e-07
2.29089608e+02 1.36150000e-07
2.29503955e+02 1.44537000e-07
2.29929449e+02 1.54109000e-07
2.30256929e+02 1.62284000e-07
2.30584410e+02 1.71336000e-07
2.30911890e+02 1.81430000e-07
2.31239371e+02 1.92763000e-07
2.31562604e+02 2.05418000e-07
2.31772430e+02 2.14626000e-07
2.31982256e+02 2.24764000e-07
2.32192082e+02 2.35950000e-07
2.32401908e+02 2.48371000e-07
2.32611734e+02 2.62274000e-07
2.32821559e+02 2.77929000e-07
2.33031385e+02 2.95665000e-07
2.33205507e+02 3.12268000e-07
2.33343925e+02 3.26907000e-07
2.33482342e+02 3.43040000e-07
2.33620759e+02 3.60911000e-07
2.33759177e+02 3.80811000e-07
2.33897594e+02 4.03083000e-07
2.34036012e+02 4.28144000e-07
2.34139825e+02 4.49078000e-07
2.34243638e+02 4.72139000e-07
2.34340163e+02 4.95776000e-07
2.34436688e+02 5.21855000e-07
2.34533213e+02 5.50762000e-07
2.34629738e+02 5.82970000e-07
2.34726263e+02 6.19054000e-07
2.34822788e+02 6.59740000e-07
2.34895182e+02 6.93829000e-07
2.34967575e+02 7.31538000e-07
2.35045578e+02 7.76983000e-07
2.35105057e+02 8.15655000e-07
2.35164537e+02 8.58533000e-07
2.35224017e+02 9.06529000e-07
2.35283496e+02 9.60906000e-07
2.35328106e+02 1.00693000e-06
2.35372716e+02 1.05857000e-06
2.35417326e+02 1.11719000e-06
2.35461936e+02 1.18459000e-06
2.35500993e+02 1.25270000e-06
2.35528944e+02 1.30784000e-06
2.35556896e+02 1.36938000e-06
2.35584848e+02 1.43843000e-06
2.35612799e+02 1.51632000e-06
2.35640751e+02 1.60462000e-06
2.35668702e+02 1.70520000e-06
2.35696654e+02 1.82022000e-06
2.35715289e+02 1.90617000e-06
2.35733923e+02 2.00053000e-06
2.35752557e+02 2.10425000e-06
2.35771192e+02 2.21839000e-06
2.35789826e+02 2.34409000e-06
2.35811522e+02 2.50672000e-06
2.35827795e+02 2.64146000e-06
2.35844067e+02 2.78828000e-06
2.35860339e+02 2.94829000e-06
2.35876611e+02 3.12271000e-06
2.35892884e+02 3.31282000e-06
2.35909156e+02 3.52003000e-06
2.35925428e+02 3.74584000e-06
2.35941700e+02 3.99185000e-06
2.35957972e+02 4.25980000e-06
2.35971124e+02 4.49365000e-06
2.35986581e+02 4.78970000e-06
2.36002037e+02 5.11039000e-06
2.36017493e+02 5.45758000e-06
2.36032949e+02 5.83325000e-06
2.36048405e+02 6.23948000e-06
2.36063861e+02 6.67848000e-06
2.36079317e+02 7.15255000e-06
2.36093363e+02 7.61582000e-06
2.36112317e+02 8.29342000e-06
2.36131271e+02 9.03576000e-06
2.36150225e+02 9.84798000e-06
2.36169179e+02 1.07355000e-05
2.36188133e+02 1.17038000e-05
2.36205736e+02 1.26808000e-05
2.36223340e+02 1.37374000e-05
2.36240944e+02 1.48786000e-05
2.36258547e+02 1.61096000e-05
2.36276151e+02 1.74356000e-05
2.36293737e+02 1.88605000e-05
2.36311316e+02 2.03901000e-05
2.36328894e+02 2.20305000e-05
2.36346473e+02 2.37870000e-05
2.36364051e+02 2.56650000e-05
2.36385839e+02 2.81695000e-05
2.36405979e+02 3.06663000e-05
2.36426118e+02 3.33457000e-05
2.36446257e+02 3.62149000e-05
2.36468130e+02 3.95540000e-05
2.36491737e+02 4.34272000e-05
2.36515344e+02 4.75888000e-05
2.36538951e+02 5.20463000e-05
2.36562095e+02 5.67091000e-05
2.36584774e+02 6.15636000e-05
2.36607454e+02 6.67020000e-05
2.36630133e+02 7.21242000e-05
2.36654271e+02 7.82041000e-05
2.36679867e+02 8.49932000e-05
2.36718261e+02 9.58121000e-05
2.36752760e+02 1.06144000e-04
2.36797278e+02 1.20236000e-04
2.36850698e+02 1.38070000e-04
2.37015060e+02 1.95254000e-04
2.37079230e+02 2.16313000e-04
2.37121738e+02 2.29133000e-04
2.37164246e+02 2.40725000e-04
2.37206753e+02 2.50829000e-04
2.37249261e+02 2.59207000e-04
2.37291769e+02 2.65658000e-04
2.37323649e+02 2.69135000e-04
2.37355530e+02 2.71390000e-04
2.37387411e+02 2.72390000e-04
2.37398038e+02 2.72442000e-04
2.37427684e+02 2.71841000e-04
2.37472152e+02 2.68902000e-04
2.37516620e+02 2.63595000e-04
2.37561089e+02 2.56062000e-04
2.37605557e+02 2.46505000e-04
2.37650025e+02 2.35173000e-04
2.37694494e+02 2.22349000e-04
2.37738962e+02 2.08346000e-04
2.37798253e+02 1.88397000e-04
2.37938245e+02 1.39542000e-04
2.37987654e+02 1.22940000e-04
2.38032477e+02 1.08590000e-04
2.38075008e+02 9.57569000e-05
2.38103361e+02 8.76807000e-05
2.38130529e+02 8.03275000e-05
2.38156511e+02 7.36618000e-05
2.38182493e+02 6.73632000e-05
2.38208475e+02 6.14360000e-05
2.38232117e+02 5.63664000e-05
2.38253417e+02 5.20610000e-05
2.38274717e+02 4.80014000e-05
2.38296017e+02 4.41834000e-05
2.38316730e+02 4.06974000e-05
2.38336856e+02 3.75189000e-05
2.38356982e+02 3.45402000e-05
2.38377108e+02 3.17547000e-05
2.38398050e+02 2.90539000e-05
2.38419808e+02 2.64527000e-05
2.38441566e+02 2.40506000e-05
2.38457885e+02 2.23738000e-05
2.38474203e+02 2.07991000e-05
2.38490163e+02 1.93536000e-05
2.38506123e+02 1.79978000e-05
2.38522083e+02 1.67275000e-05
2.38538042e+02 1.55388000e-05
2.38554002e+02 1.44278000e-05
2.38569459e+02 1.34221000e-05
2.38584664e+02 1.24970000e-05
2.38599869e+02 1.16323000e-05
2.38615074e+02 1.08248000e-05
2.38630279e+02 1.00715000e-05
2.38646710e+02 9.31497000e-06
2.38665593e+02 8.51472000e-06
2.38684476e+02 7.78340000e-06
2.38703359e+02 7.11596000e-06
2.38722241e+02 6.50760000e-06
2.38741124e+02 5.95377000e-06
2.38754540e+02 5.59104000e-06
2.38767956e+02 5.25220000e-06
2.38781372e+02 4.93584000e-06
2.38794788e+02 4.64061000e-06
2.38808203e+02 4.36524000e-06
2.38821619e+02 4.10851000e-06
2.38835035e+02 3.86925000e-06
2.38853360e+02 3.56869000e-06
2.38868089e+02 3.34747000e-06
2.38882817e+02 3.14300000e-06
2.38897546e+02 2.95407000e-06
2.38912275e+02 2.77955000e-06
2.38927003e+02 2.61836000e-06
2.38941732e+02 2.46951000e-06
2.38956461e+02 2.33208000e-06
2.38976099e+02 2.16508000e-06
2.38995737e+02 2.01493000e-06
2.39013068e+02 1.89501000e-06
2.39028092e+02 1.79973000e-06
2.39043116e+02 1.71182000e-06
2.39065651e+02 1.59246000e-06
2.39088187e+02 1.48649000e-06
2.39110723e+02 1.39227000e-06
2.39133259e+02 1.30834000e-06
2.39155795e+02 1.23343000e-06
2.39178331e+02 1.16641000e-06
2.39200866e+02 1.10630000e-06
2.39223402e+02 1.05223000e-06
2.39245938e+02 1.00345000e-06
2.39271026e+02 9.54561000e-07
2.39296114e+02 9.10617000e-07
2.39321202e+02 8.70946000e-07
2.39358833e+02 8.18214000e-07
2.39396465e+02 7.72219000e-07
2.39434097e+02 7.31699000e-07
2.39471729e+02 6.95665000e-07
2.39496816e+02 6.73742000e-07
2.39546992e+02 6.34103000e-07
2.39597168e+02 5.99111000e-07
2.39647343e+02 5.67886000e-07
2.39699359e+02 5.38790000e-07
2.39751374e+02 5.12486000e-07
2.39820728e+02 4.81047000e-07
2.39890082e+02 4.53089000e-07
2.39959436e+02 4.28054000e-07
2.40028790e+02 4.05514000e-07
2.40098144e+02 3.85130000e-07
2.40167498e+02 3.66624000e-07
2.40250608e+02 3.46602000e-07
2.40347475e+02 3.25829000e-07
2.40444342e+02 3.07417000e-07
2.40541209e+02 2.91026000e-07
2.40638075e+02 2.76376000e-07
2.40734942e+02 2.63233000e-07
2.40831809e+02 2.51404000e-07
2.40928676e+02 2.40725000e-07
2.41029145e+02 2.30716000e-07
2.41133217e+02 2.21354000e-07
2.41289324e+02 2.08967000e-07
2.41445432e+02 1.98271000e-07
2.41601540e+02 1.88993000e-07
2.41757647e+02 1.80911000e-07
2.41913755e+02 1.73839000e-07
2.42017827e+02 1.69611000e-07
2.42225970e+02 1.62164000e-07
2.42434114e+02 1.55864000e-07
2.42642257e+02 1.50506000e-07
2.42867724e+02 1.45580000e-07
2.43093190e+02 1.41426000e-07
2.43318657e+02 1.37930000e-07
2.43656857e+02 1.33673000e-07
2.43995057e+02 1.30336000e-07
2.44333257e+02 1.27739000e-07
2.44689663e+02 1.25649000e-07
2.45177009e+02 1.23642000e-07
2.45664356e+02 1.22363000e-07
2.46395375e+02 1.21375000e-07
2.46680448e+02 1.21253000e-07
2.47460706e+02 1.21485000e-07
2.48761137e+02 1.22922000e-07
2.50077227e+02 1.25220000e-07
2.52270709e+02 1.30041000e-07
2.68693282e+02 1.69931000e-07
2.72472472e+02 1.78266000e-07
2.72735350e+02 1.77948000e-07
2.73461598e+02 1.74747000e-07
2.73573011e+02 1.74607000e-07
2.73780317e+02 1.75158000e-07
2.74021619e+02 1.76963000e-07
2.74624877e+02 1.82503000e-07
2.74986831e+02 1.84533000e-07
2.75590088e+02 1.86396000e-07
2.85499323e+02 2.11747000e-07
2.89371587e+02 2.21851000e-07
2.89995731e+02 2.22760000e-07
2.90973331e+02 2.20376000e-07
2.91229901e+02 2.21596000e-07
2.91871324e+02 2.27727000e-07
2.92256178e+02 2.30170000e-07
2.93025886e+02 2.33079000e-07
2.97115076e+02 2.46584000e-07
3.00792547e+02 2.59969000e-07
3.04508041e+02 2.75274000e-07
3.07901378e+02 2.91269000e-07
3.10941047e+02 3.07349000e-07
3.14646796e+02 3.32075000e-07
3.16794204e+02 3.48650000e-07
3.18629235e+02 3.64818000e-07
3.20464266e+02 3.83274000e-07
3.22086801e+02 4.01954000e-07
3.23709335e+02 4.23275000e-07
3.24814937e+02 4.39762000e-07
3.25920540e+02 4.58177000e-07
3.26972525e+02 4.77776000e-07
3.28024509e+02 4.99810000e-07
3.29086856e+02 5.25024000e-07
3.30149203e+02 5.53910000e-07
3.31126698e+02 5.84312000e-07
3.32104194e+02 6.19052000e-07
3.32713716e+02 6.43437000e-07
3.33323238e+02 6.70561000e-07
3.33932760e+02 7.00759000e-07
3.34542282e+02 7.34412000e-07
3.35113605e+02 7.69663000e-07
3.35684928e+02 8.09163000e-07
3.36256251e+02 8.53662000e-07
3.36827574e+02 9.04081000e-07
3.37354159e+02 9.56683000e-07
3.37749099e+02 1.00087000e-06
3.38144038e+02 1.04999000e-06
3.38538978e+02 1.10475000e-06
3.38933917e+02 1.16603000e-06
3.39309454e+02 1.23141000e-06
3.39684991e+02 1.30497000e-06
3.40060528e+02 1.38814000e-06
3.40436065e+02 1.48261000e-06
3.40686423e+02 1.55314000e-06
3.40936781e+02 1.63092000e-06
3.41156988e+02 1.70615000e-06
3.41377195e+02 1.78864000e-06
3.41597401e+02 1.87937000e-06
3.41817608e+02 1.97954000e-06
3.42037815e+02 2.09061000e-06
3.42258022e+02 2.21432000e-06
3.42478229e+02 2.35274000e-06
3.42698436e+02 2.50843000e-06
3.42852797e+02 2.62959000e-06
3.43007158e+02 2.76223000e-06
3.43161520e+02 2.90793000e-06
3.43315881e+02 3.06856000e-06
3.43470242e+02 3.24635000e-06
3.43624604e+02 3.44401000e-06
3.43778965e+02 3.66484000e-06
3.43933327e+02 3.91290000e-06
3.44088857e+02 4.19551000e-06
3.44192543e+02 4.40526000e-06
3.44296230e+02 4.63477000e-06
3.44399917e+02 4.88682000e-06
3.44503604e+02 5.16473000e-06
3.44607290e+02 5.47250000e-06
3.44710977e+02 5.81509000e-06
3.44799847e+02 6.14111000e-06
3.44873899e+02 6.43931000e-06
3.44947951e+02 6.76536000e-06
3.45022004e+02 7.12369000e-06
3.45096056e+02 7.51992000e-06
3.45170109e+02 7.96136000e-06
3.45244161e+02 8.45782000e-06
3.45299700e+02 8.87416000e-06
3.45355239e+02 9.33634000e-06
3.45409483e+02 9.84125000e-06
3.45463726e+02 1.04107000e-05
3.45504408e+02 1.08891000e-05
3.45545090e+02 1.14202000e-05
3.45585773e+02 1.20135000e-05
3.45626455e+02 1.26808000e-05
3.45667138e+02 1.34361000e-05
3.45707820e+02 1.42965000e-05
3.45734941e+02 1.49384000e-05
3.45762063e+02 1.56431000e-05
3.45789184e+02 1.64184000e-05
3.45823078e+02 1.75003000e-05
3.45848498e+02 1.84051000e-05
3.45873919e+02 1.94003000e-05
3.45899339e+02 2.04962000e-05
3.45924759e+02 2.17045000e-05
3.45950179e+02 2.30377000e-05
3.45975599e+02 2.45098000e-05
3.46001020e+02 2.61361000e-05
3.46026440e+02 2.79333000e-05
3.46051860e+02 2.99196000e-05
3.46071988e+02 3.16395000e-05
3.46095297e+02 3.38089000e-05
3.46118606e+02 3.61857000e-05
3.46141915e+02 3.87888000e-05
3.46165224e+02 4.16382000e-05
3.46188533e+02 4.47554000e-05
3.46211841e+02 4.81633000e-05
3.46235150e+02 5.18859000e-05
3.46255266e+02 5.53710000e-05
3.46280649e+02 6.01572000e-05
3.46306033e+02 6.54104000e-05
3.46331416e+02 7.11686000e-05
3.46356800e+02 7.74716000e-05
3.46382183e+02 8.43603000e-05
3.46405439e+02 9.12224000e-05
3.46428695e+02 9.86458000e-05
3.46451951e+02 1.06665000e-04
3.46475207e+02 1.15315000e-04
3.46498463e+02 1.24631000e-04
3.46520365e+02 1.34045000e-04
3.46548664e+02 1.47179000e-04
3.46576963e+02 1.61464000e-04
3.46605262e+02 1.76962000e-04
3.46634557e+02 1.94347000e-04
3.46664847e+02 2.13823000e-04
3.46695138e+02 2.34887000e-04
3.46725429e+02 2.57595000e-04
3.46756487e+02 2.82636000e-04
3.46788312e+02 3.10184000e-04
3.46820137e+02 3.39674000e-04
3.46851962e+02 3.71119000e-04
3.46885534e+02 4.06406000e-04
3.46920854e+02 4.45843000e-04
3.46956173e+02 4.87587000e-04
3.46991492e+02 5.31540000e-04
3.47029679e+02 5.81386000e-04
3.47091259e+02 6.66285000e-04
3.47152840e+02 7.55655000e-04
3.47346706e+02 1.04659400e-03
3.47404486e+02 1.12906900e-03
3.47455541e+02 1.19742100e-03
3.47506596e+02 1.26005700e-03
3.47557652e+02 1.31563000e-03
3.47608707e+02 1.36289700e-03
3.47659762e+02 1.40077100e-03
3.47710817e+02 1.42835800e-03
3.47761873e+02 1.44499500e-03
3.47812928e+02 1.45027700e-03
3.47854471e+02 1.44609600e-03
3.47896015e+02 1.43436900e-03
3.47937559e+02 1.41528300e-03
3.47979103e+02 1.38914000e-03
3.48020646e+02 1.35635000e-03
3.48062190e+02 1.31742000e-03
3.48117582e+02 1.25699100e-03
3.48172973e+02 1.18828500e-03
3.48228365e+02 1.11302900e-03
3.48312253e+02 9.90608000e-04
3.48480830e+02 7.36219000e-04
3.48535561e+02 6.56894000e-04
3.48590292e+02 5.81186000e-04
3.48642601e+02 5.13006000e-04
3.48690066e+02 4.55156000e-04
3.48721710e+02 4.18868000e-04
3.48753353e+02 3.84471000e-04
3.48782606e+02 3.54386000e-04
3.48811860e+02 3.25960000e-04
3.48841113e+02 2.99192000e-04
3.48870366e+02 2.74067000e-04
3.48898111e+02 2.51734000e-04
3.48925856e+02 2.30827000e-04
3.48953600e+02 2.11309000e-04
3.48981345e+02 1.93138000e-04
3.49006990e+02 1.77499000e-04
3.49032635e+02 1.62929000e-04
3.49058280e+02 1.49384000e-04
3.49083924e+02 1.36820000e-04
3.49110840e+02 1.24636000e-04
3.49137755e+02 1.13427000e-04
3.49157942e+02 1.05626000e-04
3.49178129e+02 9.83193000e-05
3.49198823e+02 9.13164000e-05
3.49220533e+02 8.44745000e-05
3.49242242e+02 7.81214000e-05
3.49263952e+02 7.22299000e-05
3.49285662e+02 6.67729000e-05
3.49307372e+02 6.17245000e-05
3.49331061e+02 5.66523000e-05
3.49354750e+02 5.20049000e-05
3.49378439e+02 4.77519000e-05
3.49402128e+02 4.38644000e-05
3.49425817e+02 4.03148000e-05
3.49443440e+02 3.78779000e-05
3.49462894e+02 3.53760000e-05
3.49482348e+02 3.30588000e-05
3.49501802e+02 3.09139000e-05
3.49521256e+02 2.89293000e-05
3.49540709e+02 2.70940000e-05
3.49560163e+02 2.53974000e-05
3.49579617e+02 2.38294000e-05
3.49601665e+02 2.21960000e-05
3.49626306e+02 2.05361000e-05
3.49650947e+02 1.90350000e-05
3.49675588e+02 1.76777000e-05
3.49700229e+02 1.64501000e-05
3.49724871e+02 1.53394000e-05
3.49749512e+02 1.43342000e-05
3.49774153e+02 1.34237000e-05
3.49795963e+02 1.26891000e-05
3.49824431e+02 1.18207000e-05
3.49852899e+02 1.10434000e-05
3.49881368e+02 1.03465000e-05
3.49909836e+02 9.72034000e-06
3.49938304e+02 9.15644000e-06
3.49966772e+02 8.64734000e-06
3.49995241e+02 8.18648000e-06
3.50023709e+02 7.76807000e-06
3.50052177e+02 7.38707000e-06
3.50090135e+02 6.92968000e-06
3.50125217e+02 6.55133000e-06
3.50160298e+02 6.20949000e-06
3.50183686e+02 5.99935000e-06
3.50230461e+02 5.61599000e-06
3.50277237e+02 5.27476000e-06
3.50324012e+02 4.96870000e-06
3.50370788e+02 4.69223000e-06
3.50417563e+02 4.44091000e-06
3.50464339e+02 4.21113000e-06
3.50524999e+02 3.94055000e-06
3.50585659e+02 3.69634000e-06
3.50646320e+02 3.47457000e-06
3.50706980e+02 3.27216000e-06
3.50767640e+02 3.08662000e-06
3.50828300e+02 2.91593000e-06
3.50888960e+02 2.75840000e-06
3.50949621e+02 2.61264000e-06
3.51021939e+02 2.45258000e-06
3.51094256e+02 2.30582000e-06
3.51166574e+02 2.17089000e-06
3.51238892e+02 2.04655000e-06
3.51311210e+02 1.93171000e-06
3.51383528e+02 1.82542000e-06
3.51455846e+02 1.72687000e-06
3.51528164e+02 1.63533000e-06
3.51604609e+02 1.54545000e-06
3.51681055e+02 1.46202000e-06
3.51795723e+02 1.34767000e-06
3.51910391e+02 1.24477000e-06
3.52025059e+02 1.15190000e-06
3.52139727e+02 1.06785000e-06
3.52266727e+02 9.83816000e-07
3.52393727e+02 9.08141000e-07
3.52520727e+02 8.39807000e-07
3.52647726e+02 7.77942000e-07
3.52774726e+02 7.21797000e-07
3.52912294e+02 6.66689000e-07
3.53055145e+02 6.15012000e-07
3.53197997e+02 5.68321000e-07
3.53340848e+02 5.26035000e-07
3.53483700e+02 4.87654000e-07
3.53638080e+02 4.50072000e-07
3.53756372e+02 4.23728000e-07
3.53874664e+02 3.99309000e-07
3.53992957e+02 3.76653000e-07
3.54111249e+02 3.55611000e-07
3.54229541e+02 3.36047000e-07
3.54406979e+02 3.09207000e-07
3.54525271e+02 2.92827000e-07
3.54655999e+02 2.76002000e-07
3.54786726e+02 2.60409000e-07
3.54917454e+02 2.45947000e-07
3.55048181e+02 2.32525000e-07
3.55178908e+02 2.20059000e-07
3.55374999e+02 2.02990000e-07
3.55571090e+02 1.87683000e-07
3.55717313e+02 1.77298000e-07
3.55863535e+02 1.67708000e-07
3.56009757e+02 1.58844000e-07
3.56155980e+02 1.50644000e-07
3.56302202e+02 1.43058000e-07
3.56521536e+02 1.32730000e-07
3.56740869e+02 1.23541000e-07
3.56936652e+02 1.16199000e-07
3.57132434e+02 1.09585000e-07
3.57328217e+02 1.03629000e-07
3.57524000e+02 9.82658000e-08
3.57719782e+02 9.34416000e-08
3.57915565e+02 8.91069000e-08
3.58111347e+02 8.52177000e-08
3.58307129e+02 8.17345000e-08
3.58559935e+02 7.77817000e-08
3.58812741e+02 7.43799000e-08
3.59065546e+02 7.14634000e-08
3.59318352e+02 6.89794000e-08
3.59571158e+02 6.68865000e-08
3.59823963e+02 6.51467000e-08
3.60076769e+02 6.37260000e-08
3.60329575e+02 6.25935000e-08
3.60629930e+02 6.15816000e-08
3.60930286e+02 6.08881000e-08
3.61230642e+02 6.04772000e-08
3.61530997e+02 6.03236000e-08
3.61975124e+02 6.05028000e-08
3.62419251e+02 6.10928000e-08
3.62863378e+02 6.20419000e-08
3.63307505e+02 6.33113000e-08
3.63899675e+02 6.54281000e-08
3.64479953e+02 6.78907000e-08
3.65060232e+02 7.06780000e-08
3.65640510e+02 7.37727000e-08
3.66488661e+02 7.88228000e-08
3.67292279e+02 8.41185000e-08
3.68095896e+02 8.99734000e-08
3.68649995e+02 9.43844000e-08
3.69222448e+02 9.93488000e-08
3.69794901e+02 1.04812000e-07
3.70367354e+02 1.10889000e-07
3.70917413e+02 1.17468000e-07
3.71313163e+02 1.22838000e-07
3.71708912e+02 1.28898000e-07
3.72104661e+02 1.35827000e-07
3.72368494e+02 1.41068000e-07
3.72632327e+02 1.46963000e-07
3.72869196e+02 1.52954000e-07
3.73079101e+02 1.58950000e-07
3.73289006e+02 1.65749000e-07
3.73498911e+02 1.73558000e-07
3.73656340e+02 1.80251000e-07
3.73813769e+02 1.87853000e-07
3.73971198e+02 1.96629000e-07
3.74076150e+02 2.03340000e-07
3.74181103e+02 2.10993000e-07
3.74286055e+02 2.19971000e-07
3.74364770e+02 2.27966000e-07
3.74443484e+02 2.37547000e-07
3.74495002e+02 2.45010000e-07
3.74546519e+02 2.53746000e-07
3.74598036e+02 2.64135000e-07
3.74632381e+02 2.72224000e-07
3.74666725e+02 2.81454000e-07
3.74701070e+02 2.92049000e-07
3.74735415e+02 3.04271000e-07
3.74769759e+02 3.18433000e-07
3.74804104e+02 3.34902000e-07
3.74829863e+02 3.49027000e-07
3.74855621e+02 3.64902000e-07
3.74881380e+02 3.82760000e-07
3.74907138e+02 4.02867000e-07
3.74932897e+02 4.25514000e-07
3.74958655e+02 4.51029000e-07
3.74984414e+02 4.79776000e-07
3.75006968e+02 5.07915000e-07
3.75027920e+02 5.36809000e-07
3.75048871e+02 5.68621000e-07
3.75069823e+02 6.03629000e-07
3.75090775e+02 6.42133000e-07
3.75111726e+02 6.84457000e-07
3.75132678e+02 7.30947000e-07
3.75153630e+02 7.81975000e-07
3.75174581e+02 8.37940000e-07
3.75195533e+02 8.99264000e-07
3.75216484e+02 9.66399000e-07
3.75233997e+02 1.02732000e-06
3.75251509e+02 1.09293000e-06
3.75269021e+02 1.16354000e-06
3.75286533e+02 1.23947000e-06
3.75304046e+02 1.32106000e-06
3.75321558e+02 1.40867000e-06
3.75339070e+02 1.50265000e-06
3.75356583e+02 1.60339000e-06
3.75378278e+02 1.73817000e-06
3.75399973e+02 1.88470000e-06
3.75421668e+02 2.04381000e-06
3.75443363e+02 2.21633000e-06
3.75465058e+02 2.40312000e-06
3.75484900e+02 2.58722000e-06
3.75503816e+02 2.77518000e-06
3.75522731e+02 2.97593000e-06
3.75547952e+02 3.26455000e-06
3.75573173e+02 3.57853000e-06
3.75597747e+02 3.91029000e-06
3.75622321e+02 4.26896000e-06
3.75646896e+02 4.65595000e-06
3.75671470e+02 5.07263000e-06
3.75698285e+02 5.56279000e-06
3.75725100e+02 6.09161000e-06
3.75751914e+02 6.66070000e-06
3.75778729e+02 7.27157000e-06
3.75805290e+02 7.91916000e-06
3.75831850e+02 8.61026000e-06
3.75858410e+02 9.34585000e-06
3.75884970e+02 1.01267000e-05
3.75912345e+02 1.09796000e-05
3.75939720e+02 1.18815000e-05
3.75980782e+02 1.33263000e-05
3.76010460e+02 1.44386000e-05
3.76042443e+02 1.56997000e-05
3.76090417e+02 1.77079000e-05
3.76142733e+02 2.00458000e-05
3.76203734e+02 2.29410000e-05
3.76285069e+02 2.70140000e-05
3.76455995e+02 3.57887000e-05
3.76512971e+02 3.85702000e-05
3.76565353e+02 4.09722000e-05
3.76617734e+02 4.31742000e-05
3.76670116e+02 4.51281000e-05
3.76722498e+02 4.67900000e-05
3.76774879e+02 4.81211000e-05
3.76827261e+02 4.90898000e-05
3.76879643e+02 4.96725000e-05
3.76918929e+02 4.98473000e-05
3.76932025e+02 4.98550000e-05
3.76972383e+02 4.97192000e-05
3.77012741e+02 4.93448000e-05
3.77053100e+02 4.87370000e-05
3.77093458e+02 4.79046000e-05
3.77147269e+02 4.64661000e-05
3.77201081e+02 4.46854000e-05
3.77254892e+02 4.26054000e-05
3.77308703e+02 4.02751000e-05
3.77362514e+02 3.77472000e-05
3.77440045e+02 3.38675000e-05
3.77611003e+02 2.50438000e-05
3.77673613e+02 2.19462000e-05
3.77725789e+02 1.94881000e-05
3.77768754e+02 1.75670000e-05
3.77817550e+02 1.55128000e-05
3.77850081e+02 1.42241000e-05
3.77881453e+02 1.30451000e-05
3.77911667e+02 1.19703000e-05
3.77941880e+02 1.09554000e-05
3.77972093e+02 1.00008000e-05
3.78000570e+02 9.15571000e-06
3.78027310e+02 8.40996000e-06
3.78054049e+02 7.70965000e-06
3.78080789e+02 7.05379000e-06
3.78107083e+02 6.45102000e-06
3.78132933e+02 5.89798000e-06
3.78158782e+02 5.38277000e-06
3.78184631e+02 4.90397000e-06
3.78208590e+02 4.49138000e-06
3.78230657e+02 4.13680000e-06
3.78252724e+02 3.80558000e-06
3.78274792e+02 3.49671000e-06
3.78297819e+02 3.19714000e-06
3.78321804e+02 2.90853000e-06
3.78345790e+02 2.64254000e-06
3.78363779e+02 2.45711000e-06
3.78381768e+02 2.28313000e-06
3.78402692e+02 2.09448000e-06
3.78423615e+02 1.91979000e-06
3.78444539e+02 1.75826000e-06
3.78465463e+02 1.60911000e-06
3.78482972e+02 1.49326000e-06
3.78500481e+02 1.38513000e-06
3.78517990e+02 1.28430000e-06
3.78535499e+02 1.19036000e-06
3.78553008e+02 1.10294000e-06
3.78570934e+02 1.01979000e-06
3.78589069e+02 9.41835000e-07
3.78607203e+02 8.69685000e-07
3.78625338e+02 8.02979000e-07
3.78643472e+02 7.41369000e-07
3.78663239e+02 6.79625000e-07
3.78678594e+02 6.35307000e-07
3.78693950e+02 5.93974000e-07
3.78709305e+02 5.55452000e-07
3.78724660e+02 5.19575000e-07
3.78740015e+02 4.86184000e-07
3.78755371e+02 4.55129000e-07
3.78770726e+02 4.26265000e-07
3.78789810e+02 3.93240000e-07
3.78806919e+02 3.66127000e-07
3.78824028e+02 3.41199000e-07
3.78841138e+02 3.18296000e-07
3.78858247e+02 2.97273000e-07
3.78875356e+02 2.77988000e-07
3.78892466e+02 2.60313000e-07
3.78909575e+02 2.44124000e-07
3.78926684e+02 2.29309000e-07
3.78943794e+02 2.15759000e-07
3.78960903e+02 2.03376000e-07
3.78979360e+02 1.91220000e-07
3.78997816e+02 1.80207000e-07
3.79016273e+02 1.70236000e-07
3.79034730e+02 1.61216000e-07
3.79053186e+02 1.53062000e-07
3.79071643e+02 1.45696000e-07
3.79090100e+02 1.39046000e-07
3.79108556e+02 1.33047000e-07
3.79133165e+02 1.25958000e-07
3.79157774e+02 1.19790000e-07
3.79182383e+02 1.14430000e-07
3.79206991e+02 1.09775000e-07
3.79231600e+02 1.05737000e-07
3.79256209e+02 1.02236000e-07
3.79280818e+02 9.92048000e-08
3.79317731e+02 9.54049000e-08
3.79354644e+02 9.23497000e-08
3.79394727e+02 8.97105000e-08
3.79434810e+02 8.76348000e-08
3.79488254e+02 8.55449000e-08
3.79541698e+02 8.40385000e-08
3.79595141e+02 8.29605000e-08
3.79675307e+02 8.19093000e-08
3.79782195e+02 8.11948000e-08
3.79920110e+02 8.09487000e-08
3.80058026e+02 8.11347000e-08
3.80333857e+02 8.21880000e-08
3.80701632e+02 8.42899000e-08
3.82724392e+02 9.80263000e-08
3.83874827e+02 1.05341000e-07
3.85025262e+02 1.11942000e-07
3.85792219e+02 1.16105000e-07
3.87563598e+02 1.24900000e-07
3.89334977e+02 1.32991000e-07
3.91781530e+02 1.43260000e-07
3.96219459e+02 1.60100000e-07
3.97483675e+02 1.63428000e-07
3.98115784e+02 1.66038000e-07
3.98747892e+02 1.69090000e-07
4.02529233e+02 1.82753000e-07
4.07735586e+02 2.00839000e-07
4.08975028e+02 2.04647000e-07
4.09293046e+02 2.04855000e-07
4.09951535e+02 2.04219000e-07
4.10171032e+02 2.04535000e-07
4.10532705e+02 2.06339000e-07
4.11617726e+02 2.14205000e-07
4.12341072e+02 2.17479000e-07
4.17424911e+02 2.37209000e-07
4.21826223e+02 2.55526000e-07
4.25195840e+02 2.70963000e-07
4.28379877e+02 2.87152000e-07
4.32868200e+02 3.12243000e-07
4.33792143e+02 3.15397000e-07
4.34346509e+02 3.19621000e-07
4.35824818e+02 3.33956000e-07
4.37730266e+02 3.49797000e-07
4.39635714e+02 3.67261000e-07
4.41364165e+02 3.85294000e-07
4.43092616e+02 4.06111000e-07
4.44483183e+02 4.25419000e-07
4.45873750e+02 4.47574000e-07
4.47042184e+02 4.69237000e-07
4.48210618e+02 4.94231000e-07
4.49066556e+02 5.15260000e-07
4.49922495e+02 5.39228000e-07
4.50816973e+02 5.67904000e-07
4.51464677e+02 5.91714000e-07
4.52112382e+02 6.18787000e-07
4.52760087e+02 6.49702000e-07
4.53385720e+02 6.83942000e-07
4.53838392e+02 7.11974000e-07
4.54291065e+02 7.43521000e-07
4.54743737e+02 7.79242000e-07
4.55196409e+02 8.19893000e-07
4.55647496e+02 8.66251000e-07
4.55946106e+02 9.00918000e-07
4.56244717e+02 9.39419000e-07
4.56543328e+02 9.82409000e-07
4.56841939e+02 1.03070000e-06
4.57140550e+02 1.08526000e-06
4.57439160e+02 1.14738000e-06
4.57663118e+02 1.19989000e-06
4.57887076e+02 1.25840000e-06
4.58075012e+02 1.31292000e-06
4.58262948e+02 1.37323000e-06
4.58450884e+02 1.44029000e-06
4.58638820e+02 1.51525000e-06
4.58826756e+02 1.59958000e-06
4.59014692e+02 1.69513000e-06
4.59155644e+02 1.77554000e-06
4.59296596e+02 1.86483000e-06
4.59447901e+02 1.97233000e-06
4.59562574e+02 2.06330000e-06
4.59677248e+02 2.16399000e-06
4.59791921e+02 2.27627000e-06
4.59906594e+02 2.40279000e-06
4.59992599e+02 2.50935000e-06
4.60078604e+02 2.62865000e-06
4.60164609e+02 2.76446000e-06
4.60221946e+02 2.86689000e-06
4.60279282e+02 2.98154000e-06
4.60342791e+02 3.12675000e-06
4.60395051e+02 3.26464000e-06
4.60447310e+02 3.42386000e-06
4.60499570e+02 3.61022000e-06
4.60534410e+02 3.75318000e-06
4.60569250e+02 3.91426000e-06
4.60604090e+02 4.09674000e-06
4.60638930e+02 4.30444000e-06
4.60673770e+02 4.54192000e-06
4.60699900e+02 4.74272000e-06
4.60726029e+02 4.96581000e-06
4.60752160e+02 5.21407000e-06
4.60778289e+02 5.49074000e-06
4.60804419e+02 5.79945000e-06
4.60830549e+02 6.14423000e-06
4.60856679e+02 6.52960000e-06
4.60880676e+02 6.92356000e-06
4.60903607e+02 7.33988000e-06
4.60926537e+02 7.79934000e-06
4.60949468e+02 8.30642000e-06
4.60972398e+02 8.86601000e-06
4.60995329e+02 9.48343000e-06
4.61018259e+02 1.01645000e-05
4.61041190e+02 1.09154000e-05
4.61064120e+02 1.17429000e-05
4.61087051e+02 1.26545000e-05
4.61109981e+02 1.36580000e-05
4.61128467e+02 1.45397000e-05
4.61146953e+02 1.54914000e-05
4.61165439e+02 1.65182000e-05
4.61183925e+02 1.76254000e-05
4.61202411e+02 1.88185000e-05
4.61220897e+02 2.01036000e-05
4.61239383e+02 2.14869000e-05
4.61257869e+02 2.29748000e-05
4.61280320e+02 2.49326000e-05
4.61302770e+02 2.70680000e-05
4.61325221e+02 2.93946000e-05
4.61347671e+02 3.19269000e-05
4.61370122e+02 3.46801000e-05
4.61390816e+02 3.74273000e-05
4.61410633e+02 4.02585000e-05
4.61430449e+02 4.32981000e-05
4.61450266e+02 4.65583000e-05
4.61470082e+02 5.00519000e-05
4.61490372e+02 5.38846000e-05
4.61511611e+02 5.81892000e-05
4.61532850e+02 6.28101000e-05
4.61554089e+02 6.77650000e-05
4.61575328e+02 7.30718000e-05
4.61596566e+02 7.87491000e-05
4.61621620e+02 8.59478000e-05
4.61646673e+02 9.37191000e-05
4.61671727e+02 1.02095000e-04
4.61696780e+02 1.11106000e-04
4.61718795e+02 1.19575000e-04
4.61748149e+02 1.31706000e-04
4.61770164e+02 1.41460000e-04
4.61799517e+02 1.55381000e-04
4.61828521e+02 1.70206000e-04
4.61857175e+02 1.85937000e-04
4.61885828e+02 2.02788000e-04
4.61914482e+02 2.20795000e-04
4.61945538e+02 2.41653000e-04
4.61978997e+02 2.65726000e-04
4.62012456e+02 2.91493000e-04
4.62045915e+02 3.18978000e-04
4.62079055e+02 3.47905000e-04
4.62111876e+02 3.78223000e-04
4.62144697e+02 4.10186000e-04
4.62193928e+02 4.61141000e-04
4.62237826e+02 5.09496000e-04
4.62281723e+02 5.60418000e-04
4.62347569e+02 6.41079000e-04
4.62430275e+02 7.48169000e-04
4.62632801e+02 1.01984600e-03
4.62722012e+02 1.13317300e-03
4.62778920e+02 1.19992400e-03
4.62835827e+02 1.26075000e-03
4.62892734e+02 1.31437000e-03
4.62949641e+02 1.35961600e-03
4.63006549e+02 1.39547300e-03
4.63063456e+02 1.42112100e-03
4.63120363e+02 1.43596500e-03
4.63169322e+02 1.43981500e-03
4.63215349e+02 1.43584100e-03
4.63261375e+02 1.42456600e-03
4.63307402e+02 1.40616400e-03
4.63353429e+02 1.38091400e-03
4.63399456e+02 1.34919800e-03
4.63445483e+02 1.31148600e-03
4.63506852e+02 1.25283600e-03
4.63568221e+02 1.18599000e-03
4.63629590e+02 1.11257000e-03
4.63715168e+02 1.00243200e-03
4.63923312e+02 7.22912000e-04
4.63988511e+02 6.38799000e-04
4.64053710e+02 5.58794000e-04
4.64110796e+02 4.92921000e-04
4.64148854e+02 4.51446000e-04
4.64186912e+02 4.12055000e-04
4.64221398e+02 3.78227000e-04
4.64252313e+02 3.49445000e-04
4.64283227e+02 3.22137000e-04
4.64314142e+02 2.96306000e-04
4.64343041e+02 2.73492000e-04
4.64369925e+02 2.53412000e-04
4.64396809e+02 2.34420000e-04
4.64423692e+02 2.16497000e-04
4.64449867e+02 2.00051000e-04
4.64475334e+02 1.84977000e-04
4.64500800e+02 1.70793000e-04
4.64526267e+02 1.57471000e-04
4.64551429e+02 1.45127000e-04
4.64576288e+02 1.33703000e-04
4.64601147e+02 1.23015000e-04
4.64626005e+02 1.13033000e-04
4.64650877e+02 1.03722000e-04
4.64675764e+02 9.50524000e-05
4.64700650e+02 8.69978000e-05
4.64725536e+02 7.95273000e-05
4.64750682e+02 7.25410000e-05
4.64776088e+02 6.60244000e-05
4.64801493e+02 6.00209000e-05
4.64820547e+02 5.58362000e-05
4.64839602e+02 5.19098000e-05
4.64861801e+02 4.76444000e-05
4.64884001e+02 4.36935000e-05
4.64906201e+02 4.00385000e-05
4.64928401e+02 3.66613000e-05
4.64950640e+02 3.35394000e-05
4.64972879e+02 3.06622000e-05
4.64995118e+02 2.80137000e-05
4.65017358e+02 2.55787000e-05
4.65036589e+02 2.36338000e-05
4.65055821e+02 2.18286000e-05
4.65075052e+02 2.01544000e-05
4.65094284e+02 1.86030000e-05
4.65113515e+02 1.71666000e-05
4.65132478e+02 1.58557000e-05
4.65151306e+02 1.46507000e-05
4.65170134e+02 1.35358000e-05
4.65188962e+02 1.25050000e-05
4.65207790e+02 1.15526000e-05
4.65227515e+02 1.06331000e-05
4.65249032e+02 9.71457000e-06
4.65270550e+02 8.87749000e-06
4.65292068e+02 8.11524000e-06
4.65313586e+02 7.42165000e-06
4.65335104e+02 6.79100000e-06
4.65354062e+02 6.28328000e-06
4.65373020e+02 5.81691000e-06
4.65391978e+02 5.38869000e-06
4.65410936e+02 4.99570000e-06
4.65429894e+02 4.63516000e-06
4.65448852e+02 4.30451000e-06
4.65467810e+02 4.00138000e-06
4.65486768e+02 3.72353000e-06
4.65506710e+02 3.45630000e-06
4.65526652e+02 3.21257000e-06
4.65546594e+02 2.99029000e-06
4.65566535e+02 2.78759000e-06
4.65586477e+02 2.60273000e-06
4.65606419e+02 2.43412000e-06
4.65626361e+02 2.28032000e-06
4.65646303e+02 2.13997000e-06
4.65666245e+02 2.01186000e-06
4.65686187e+02 1.89486000e-06
4.65710405e+02 1.76625000e-06
4.65732253e+02 1.66163000e-06
4.65754100e+02 1.56668000e-06
4.65775948e+02 1.48042000e-06
4.65797795e+02 1.40196000e-06
4.65819642e+02 1.33050000e-06
4.65841490e+02 1.26531000e-06
4.65863337e+02 1.20577000e-06
4.65885185e+02 1.15127000e-06
4.65917956e+02 1.07787000e-06
4.65950727e+02 1.01316000e-06
4.65983498e+02 9.55820000e-07
4.66016269e+02 9.04771000e-07
4.66049040e+02 8.59084000e-07
4.66091348e+02 8.06784000e-07
4.66133656e+02 7.60760000e-07
4.66175964e+02 7.19911000e-07
4.66218271e+02 6.83359000e-07
4.66260579e+02 6.50400000e-07
4.66302887e+02 6.20474000e-07
4.66359297e+02 5.84522000e-07
4.66415708e+02 5.52334000e-07
4.66472118e+02 5.23282000e-07
4.66536138e+02 4.93504000e-07
4.66607768e+02 4.63585000e-07
4.66679398e+02 4.36714000e-07
4.66751029e+02 4.12460000e-07
4.66822659e+02 3.90484000e-07
4.66894289e+02 3.70516000e-07
4.66965919e+02 3.52332000e-07
4.67037550e+02 3.35745000e-07
4.67132043e+02 3.16036000e-07
4.67220059e+02 2.99651000e-07
4.67308076e+02 2.84952000e-07
4.67396093e+02 2.71753000e-07
4.67484110e+02 2.59898000e-07
4.67601466e+02 2.45943000e-07
4.67718822e+02 2.33851000e-07
4.67836177e+02 2.23386000e-07
4.67953533e+02 2.14345000e-07
4.68055653e+02 2.07503000e-07
4.68185980e+02 1.99996000e-07
4.68316307e+02 1.93700000e-07
4.68446633e+02 1.88466000e-07
4.68533518e+02 1.85504000e-07
4.68707287e+02 1.80698000e-07
4.68881055e+02 1.77197000e-07
4.69054824e+02 1.74820000e-07
4.69228593e+02 1.73412000e-07
4.69439506e+02 1.72828000e-07
4.69625227e+02 1.73197000e-07
4.69848092e+02 1.74584000e-07
4.69996669e+02 1.76016000e-07
4.70293822e+02 1.79945000e-07
4.70590976e+02 1.85118000e-07
4.70888129e+02 1.91395000e-07
4.71185283e+02 1.98691000e-07
4.71482436e+02 2.06965000e-07
4.71779590e+02 2.16213000e-07
4.72054606e+02 2.25674000e-07
4.72329622e+02 2.36068000e-07
4.72604638e+02 2.47495000e-07
4.72879654e+02 2.60096000e-07
4.73154670e+02 2.74058000e-07
4.73429686e+02 2.89632000e-07
4.73704702e+02 3.07154000e-07
4.73910964e+02 3.21856000e-07
4.74161502e+02 3.41944000e-07
4.74343286e+02 3.58387000e-07
4.74525070e+02 3.76754000e-07
4.74706854e+02 3.97464000e-07
4.74843192e+02 4.14878000e-07
4.74979531e+02 4.34279000e-07
4.75115869e+02 4.56166000e-07
4.75252207e+02 4.81340000e-07
4.75343099e+02 5.00604000e-07
4.75433991e+02 5.22618000e-07
4.75521345e+02 5.47359000e-07
4.75586861e+02 5.69099000e-07
4.75652377e+02 5.94557000e-07
4.75696054e+02 6.14201000e-07
4.75739731e+02 6.36539000e-07
4.75783409e+02 6.62174000e-07
4.75827086e+02 6.91848000e-07
4.75870763e+02 7.26476000e-07
4.75903521e+02 7.56359000e-07
4.75936279e+02 7.90209000e-07
4.75969037e+02 8.28672000e-07
4.76001795e+02 8.72490000e-07
4.76034552e+02 9.22519000e-07
4.76067310e+02 9.79739000e-07
4.76100068e+02 1.04527000e-06
4.76121907e+02 1.09419000e-06
4.76149978e+02 1.16401000e-06
4.76175706e+02 1.23563000e-06
4.76201434e+02 1.31539000e-06
4.76227162e+02 1.40422000e-06
4.76252890e+02 1.50312000e-06
4.76278618e+02 1.61318000e-06
4.76304346e+02 1.73560000e-06
4.76330074e+02 1.87170000e-06
4.76355802e+02 2.02287000e-06
4.76381530e+02 2.19065000e-06
4.76407258e+02 2.37671000e-06
4.76427062e+02 2.53348000e-06
4.76446865e+02 2.70300000e-06
4.76466669e+02 2.88619000e-06
4.76486472e+02 3.08401000e-06
4.76506276e+02 3.29748000e-06
4.76526079e+02 3.52767000e-06
4.76545883e+02 3.77571000e-06
4.76565686e+02 4.04276000e-06
4.76588910e+02 4.38182000e-06
4.76612133e+02 4.75079000e-06
4.76635357e+02 5.15187000e-06
4.76658580e+02 5.58733000e-06
4.76681804e+02 6.05954000e-06
4.76704126e+02 6.55037000e-06
4.76725998e+02 7.06864000e-06
4.76747869e+02 7.62611000e-06
4.76769741e+02 8.22504000e-06
4.76791613e+02 8.86779000e-06
4.76806194e+02 9.32181000e-06
4.76832200e+02 1.01848000e-05
4.76858206e+02 1.11196000e-05
4.76884212e+02 1.21304000e-05
4.76910218e+02 1.32216000e-05
4.76932476e+02 1.42225000e-05
4.76962152e+02 1.56581000e-05
4.76984410e+02 1.68141000e-05
4.77014086e+02 1.84662000e-05
4.77042604e+02 2.01782000e-05
4.77069962e+02 2.19403000e-05
4.77097321e+02 2.38240000e-05
4.77124679e+02 2.58334000e-05
4.77153394e+02 2.80820000e-05
4.77183466e+02 3.05941000e-05
4.77213538e+02 3.32712000e-05
4.77243609e+02 3.61163000e-05
4.77274148e+02 3.91800000e-05
4.77305152e+02 4.24719000e-05
4.77336156e+02 4.59470000e-05
4.77382661e+02 5.15010000e-05
4.77417812e+02 5.59659000e-05
4.77470538e+02 6.30786000e-05
4.77523264e+02 7.06592000e-05
4.77569852e+02 7.77093000e-05
4.77639735e+02 8.88068000e-05
4.77740469e+02 1.05567000e-04
4.77894726e+02 1.31495000e-04
4.77986105e+02 1.45930000e-04
4.78045455e+02 1.54531000e-04
4.78104806e+02 1.62303000e-04
4.78164156e+02 1.69073000e-04
4.78223507e+02 1.74683000e-04
4.78282857e+02 1.79001000e-04
4.78342207e+02 1.81921000e-04
4.78386720e+02 1.83150000e-04
4.78431233e+02 1.83534000e-04
4.78478612e+02 1.83009000e-04
4.78525990e+02 1.81530000e-04
4.78573369e+02 1.79119000e-04
4.78620747e+02 1.75813000e-04
4.78668125e+02 1.71665000e-04
4.78715504e+02 1.66737000e-04
4.78778675e+02 1.59081000e-04
4.78841847e+02 1.50368000e-04
4.78905018e+02 1.40813000e-04
4.78990189e+02 1.26999000e-04
4.79195480e+02 9.23817000e-05
4.79262279e+02 8.15566000e-05
4.79329079e+02 7.12623000e-05
4.79386558e+02 6.29316000e-05
4.79424878e+02 5.76831000e-05
4.79463197e+02 5.26955000e-05
4.79498907e+02 4.82913000e-05
4.79532007e+02 4.44236000e-05
4.79565106e+02 4.07650000e-05
4.79598206e+02 3.73158000e-05
4.79629632e+02 3.42338000e-05
4.79659386e+02 3.14872000e-05
4.79689140e+02 2.89045000e-05
4.79718893e+02 2.64823000e-05
4.79748543e+02 2.42240000e-05
4.79778090e+02 2.21234000e-05
4.79807637e+02 2.01674000e-05
4.79837184e+02 1.83506000e-05
4.79864159e+02 1.68084000e-05
4.79888564e+02 1.55051000e-05
4.79912968e+02 1.42857000e-05
4.79937373e+02 1.31464000e-05
4.79962029e+02 1.20733000e-05
4.79986938e+02 1.10649000e-05
4.80011847e+02 1.01288000e-05
4.80036756e+02 9.26127000e-06
4.80061270e+02 8.47084000e-06
4.80085390e+02 7.75106000e-06
4.80109510e+02 7.08548000e-06
4.80133630e+02 6.47095000e-06
4.80157137e+02 5.91821000e-06
4.80180032e+02 5.42105000e-06
4.80202926e+02 4.96202000e-06
4.80225820e+02 4.53876000e-06
4.80244048e+02 4.22581000e-06
4.80264390e+02 3.90026000e-06
4.80284733e+02 3.59827000e-06
4.80305075e+02 3.31841000e-06
4.80325417e+02 3.05932000e-06
4.80345759e+02 2.81968000e-06
4.80366805e+02 2.59091000e-06
4.80387851e+02 2.38032000e-06
4.80408896e+02 2.18665000e-06
4.80429942e+02 2.00872000e-06
4.80450987e+02 1.84542000e-06
4.80473252e+02 1.68741000e-06
4.80496127e+02 1.53964000e-06
4.80519001e+02 1.40545000e-06
4.80541876e+02 1.28374000e-06
4.80564750e+02 1.17344000e-06
4.80586142e+02 1.07978000e-06
4.80604568e+02 1.00586000e-06
4.80622995e+02 9.37733000e-07
4.80641421e+02 8.74983000e-07
4.80659848e+02 8.17219000e-07
4.80678275e+02 7.64077000e-07
4.80696701e+02 7.15212000e-07
4.80715128e+02 6.70305000e-07
4.80733555e+02 6.29057000e-07
4.80751981e+02 5.91187000e-07
4.80770408e+02 5.56434000e-07
4.80788638e+02 5.24882000e-07
4.80806770e+02 4.96073000e-07
4.80824902e+02 4.69631000e-07
4.80843034e+02 4.45369000e-07
4.80861166e+02 4.23114000e-07
4.80885342e+02 3.96286000e-07
4.80909518e+02 3.72392000e-07
4.80933694e+02 3.51119000e-07
4.80957870e+02 3.32182000e-07
4.80982046e+02 3.15326000e-07
4.81006222e+02 3.00323000e-07
4.81030398e+02 2.86966000e-07
4.81054574e+02 2.75073000e-07
4.81078750e+02 2.64479000e-07
4.81102926e+02 2.55038000e-07
4.81139189e+02 2.42754000e-07
4.81163365e+02 2.35652000e-07
4.81199254e+02 2.26474000e-07
4.81235142e+02 2.18686000e-07
4.81271031e+02 2.12057000e-07
4.81306919e+02 2.06397000e-07
4.81360752e+02 1.99381000e-07
4.81414584e+02 1.93764000e-07
4.81450473e+02 1.90633000e-07
4.81522250e+02 1.85517000e-07
4.81594027e+02 1.81569000e-07
4.81701692e+02 1.77184000e-07
4.81809357e+02 1.74083000e-07
4.81952911e+02 1.71298000e-07
4.82096465e+02 1.69595000e-07
4.82311795e+02 1.68450000e-07
4.82418116e+02 1.68353000e-07
4.82630759e+02 1.68850000e-07
4.82949722e+02 1.70847000e-07
4.83375006e+02 1.74995000e-07
4.84012933e+02 1.82961000e-07
4.85288786e+02 2.00964000e-07
4.93105342e+02 3.13815000e-07
4.94821672e+02 3.40110000e-07
4.96538002e+02 3.68258000e-07
4.97760407e+02 3.90031000e-07
4.98982812e+02 4.13377000e-07
5.00172460e+02 4.38368000e-07
5.01362108e+02 4.66256000e-07
5.02394203e+02 4.93155000e-07
5.03426297e+02 5.23333000e-07
5.04467004e+02 5.58063000e-07
5.05172293e+02 5.84709000e-07
5.05877582e+02 6.14095000e-07
5.06582872e+02 6.47269000e-07
5.07265734e+02 6.83743000e-07
5.07926169e+02 7.23808000e-07
5.08421495e+02 7.57846000e-07
5.08916822e+02 7.95956000e-07
5.09412148e+02 8.38913000e-07
5.09888288e+02 8.85736000e-07
5.10354834e+02 9.38026000e-07
5.10665865e+02 9.77134000e-07
5.10976896e+02 1.02039000e-06
5.11287927e+02 1.06847000e-06
5.11598958e+02 1.12214000e-06
5.11909989e+02 1.18239000e-06
5.12188746e+02 1.24306000e-06
5.12435230e+02 1.30301000e-06
5.12681714e+02 1.36998000e-06
5.12928198e+02 1.44519000e-06
5.13174683e+02 1.53022000e-06
5.13359545e+02 1.60163000e-06
5.13544409e+02 1.68075000e-06
5.13729272e+02 1.76890000e-06
5.13914135e+02 1.86769000e-06
5.14105184e+02 1.98313000e-06
5.14240798e+02 2.07483000e-06
5.14376413e+02 2.17608000e-06
5.14512027e+02 2.28845000e-06
5.14647641e+02 2.41391000e-06
5.14783256e+02 2.55503000e-06
5.14884966e+02 2.67318000e-06
5.14986677e+02 2.80405000e-06
5.15088388e+02 2.95032000e-06
5.15164566e+02 3.07218000e-06
5.15249114e+02 3.22266000e-06
5.15333662e+02 3.39319000e-06
5.15397073e+02 3.53765000e-06
5.15460484e+02 3.69995000e-06
5.15523895e+02 3.88444000e-06
5.15587306e+02 4.09684000e-06
5.15629580e+02 4.25757000e-06
5.15671854e+02 4.43674000e-06
5.15714128e+02 4.63766000e-06
5.15756402e+02 4.86422000e-06
5.15798676e+02 5.12107000e-06
5.15834493e+02 5.36644000e-06
5.15870311e+02 5.64135000e-06
5.15906128e+02 5.95025000e-06
5.15941945e+02 6.29822000e-06
5.15977763e+02 6.69106000e-06
5.16013580e+02 7.13533000e-06
5.16049397e+02 7.63849000e-06
5.16073275e+02 8.01076000e-06
5.16097153e+02 8.41566000e-06
5.16121031e+02 8.85617000e-06
5.16144910e+02 9.33548000e-06
5.16168788e+02 9.85703000e-06
5.16194945e+02 1.04812000e-05
5.16223381e+02 1.12285000e-05
5.16251817e+02 1.20543000e-05
5.16280252e+02 1.29667000e-05
5.16308688e+02 1.39740000e-05
5.16337124e+02 1.50854000e-05
5.16365560e+02 1.63106000e-05
5.16393996e+02 1.76602000e-05
5.16418148e+02 1.89124000e-05
5.16447950e+02 2.06031000e-05
5.16477752e+02 2.24679000e-05
5.16507555e+02 2.45222000e-05
5.16537357e+02 2.67821000e-05
5.16567159e+02 2.92642000e-05
5.16594906e+02 3.17907000e-05
5.16622653e+02 3.45400000e-05
5.16650399e+02 3.75276000e-05
5.16678146e+02 4.07693000e-05
5.16705893e+02 4.42814000e-05
5.16733088e+02 4.80020000e-05
5.16760007e+02 5.19719000e-05
5.16786927e+02 5.62431000e-05
5.16813846e+02 6.08311000e-05
5.16840765e+02 6.57516000e-05
5.16874251e+02 7.23597000e-05
5.16905331e+02 7.90002000e-05
5.16936410e+02 8.61526000e-05
5.16967489e+02 9.38384000e-05
5.16999843e+02 1.02428000e-04
5.17033472e+02 1.12016000e-04
5.17067101e+02 1.22297000e-04
5.17100730e+02 1.33289000e-04
5.17135481e+02 1.45412000e-04
5.17171357e+02 1.58753000e-04
5.17207232e+02 1.72940000e-04
5.17243107e+02 1.87974000e-04
5.17281924e+02 2.05187000e-04
5.17323683e+02 2.24780000e-04
5.17365442e+02 2.45452000e-04
5.17428080e+02 2.78355000e-04
5.17497154e+02 3.16989000e-04
5.17566228e+02 3.57629000e-04
5.17715398e+02 4.49208000e-04
5.17818519e+02 5.12182000e-04
5.17887267e+02 5.52250000e-04
5.17948812e+02 5.85893000e-04
5.18010357e+02 6.16711000e-04
5.18071902e+02 6.44044000e-04
5.18133448e+02 6.67283000e-04
5.18194993e+02 6.85893000e-04
5.18256538e+02 6.99438000e-04
5.18318083e+02 7.07593000e-04
5.18379628e+02 7.10160000e-04
5.18443972e+02 7.06800000e-04
5.18508316e+02 6.97350000e-04
5.18572659e+02 6.82054000e-04
5.18637003e+02 6.61307000e-04
5.18701346e+02 6.35633000e-04
5.18765690e+02 6.05667000e-04
5.18830033e+02 5.72127000e-04
5.18915825e+02 5.23183000e-04
5.19044512e+02 4.44541000e-04
5.19190838e+02 3.54329000e-04
5.19265764e+02 3.10167000e-04
5.19324488e+02 2.77227000e-04
5.19383212e+02 2.46076000e-04
5.19422361e+02 2.26414000e-04
5.19461308e+02 2.07790000e-04
5.19500255e+02 1.90133000e-04
5.19539201e+02 1.73468000e-04
5.19578148e+02 1.57806000e-04
5.19609488e+02 1.45933000e-04
5.19640827e+02 1.34706000e-04
5.19672166e+02 1.24119000e-04
5.19703505e+02 1.14161000e-04
5.19735308e+02 1.04684000e-04
5.19767111e+02 9.58250000e-05
5.19798914e+02 8.75638000e-05
5.19830716e+02 7.98796000e-05
5.19858885e+02 7.35375000e-05
5.19887053e+02 6.76139000e-05
5.19915221e+02 6.20917000e-05
5.19943389e+02 5.69534000e-05
5.19972033e+02 5.21034000e-05
5.20000677e+02 4.76131000e-05
5.20029320e+02 4.34632000e-05
5.20057964e+02 3.96351000e-05
5.20081127e+02 3.67620000e-05
5.20104289e+02 3.40775000e-05
5.20127452e+02 3.15720000e-05
5.20150614e+02 2.92362000e-05
5.20173777e+02 2.70609000e-05
5.20197106e+02 2.50234000e-05
5.20220519e+02 2.31246000e-05
5.20243931e+02 2.13634000e-05
5.20267343e+02 1.97315000e-05
5.20290756e+02 1.82211000e-05
5.20315438e+02 1.67517000e-05
5.20342660e+02 1.52675000e-05
5.20369882e+02 1.39157000e-05
5.20397104e+02 1.26860000e-05
5.20424327e+02 1.15688000e-05
5.20442475e+02 1.08818000e-05
5.20461258e+02 1.02163000e-05
5.20480676e+02 9.57425000e-06
5.20500094e+02 8.97595000e-06
5.20519512e+02 8.41872000e-06
5.20538930e+02 7.89995000e-06
5.20558348e+02 7.41719000e-06
5.20577766e+02 6.96812000e-06
5.20597184e+02 6.55051000e-06
5.20620096e+02 6.09541000e-06
5.20639900e+02 5.73253000e-06
5.20659705e+02 5.39587000e-06
5.20686111e+02 4.98464000e-06
5.20712518e+02 4.61275000e-06
5.20738924e+02 4.27649000e-06
5.20765330e+02 3.97247000e-06
5.20791736e+02 3.69758000e-06
5.20818143e+02 3.44898000e-06
5.20839512e+02 3.26527000e-06
5.20860882e+02 3.09582000e-06
5.20882251e+02 2.93947000e-06
5.20903621e+02 2.79515000e-06
5.20935675e+02 2.59906000e-06
5.20967730e+02 2.42477000e-06
5.20999784e+02 2.26962000e-06
5.21031838e+02 2.13124000e-06
5.21063892e+02 2.00756000e-06
5.21095947e+02 1.89675000e-06
5.21128001e+02 1.79722000e-06
5.21160055e+02 1.70756000e-06
5.21192254e+02 1.62622000e-06
5.21224452e+02 1.55254000e-06
5.21256650e+02 1.48558000e-06
5.21304948e+02 1.39598000e-06
5.21353246e+02 1.31738000e-06
5.21401543e+02 1.24791000e-06
5.21449841e+02 1.18606000e-06
5.21498139e+02 1.13061000e-06
5.21546436e+02 1.08058000e-06
5.21610833e+02 1.02093000e-06
5.21675230e+02 9.68027000e-07
5.21751534e+02 9.12517000e-07
5.21827838e+02 8.63459000e-07
5.21904142e+02 8.19784000e-07
5.21980446e+02 7.80679000e-07
5.22056750e+02 7.45512000e-07
5.22133055e+02 7.13778000e-07
5.22234793e+02 6.76107000e-07
5.22336532e+02 6.43031000e-07
5.22438271e+02 6.13924000e-07
5.22535421e+02 5.89360000e-07
5.22627982e+02 5.68545000e-07
5.22766824e+02 5.41461000e-07
5.22905666e+02 5.18671000e-07
5.23044508e+02 4.99555000e-07
5.23183349e+02 4.83611000e-07
5.23322191e+02 4.70421000e-07
5.23414752e+02 4.62986000e-07
5.23599875e+02 4.50982000e-07
5.23784997e+02 4.42311000e-07
5.23970119e+02 4.36490000e-07
5.24207581e+02 4.32592000e-07
5.24362076e+02 4.31936000e-07
5.24588097e+02 4.33324000e-07
5.24814119e+02 4.37205000e-07
5.25040141e+02 4.43310000e-07
5.25341503e+02 4.54555000e-07
5.25642865e+02 4.69060000e-07
5.25944228e+02 4.86651000e-07
5.26245590e+02 5.07255000e-07
5.26546952e+02 5.30894000e-07
5.26827943e+02 5.55785000e-07
5.27088561e+02 5.81506000e-07
5.27349180e+02 6.09977000e-07
5.27609799e+02 6.41452000e-07
5.27870417e+02 6.76252000e-07
5.28131036e+02 7.14778000e-07
5.28391654e+02 7.57523000e-07
5.28652273e+02 8.05089000e-07
5.28882196e+02 8.51637000e-07
5.29081425e+02 8.95957000e-07
5.29280654e+02 9.44526000e-07
5.29479882e+02 9.97969000e-07
5.29679111e+02 1.05701000e-06
5.29878340e+02 1.12248000e-06
5.30077568e+02 1.19543000e-06
5.30276797e+02 1.27712000e-06
5.30446304e+02 1.35472000e-06
5.30586090e+02 1.42520000e-06
5.30725876e+02 1.50242000e-06
5.30865662e+02 1.58732000e-06
5.31005449e+02 1.68105000e-06
5.31145235e+02 1.78501000e-06
5.31285021e+02 1.90091000e-06
5.31424807e+02 2.03090000e-06
5.31543402e+02 2.15426000e-06
5.31640807e+02 2.26616000e-06
5.31738211e+02 2.38923000e-06
5.31835615e+02 2.52546000e-06
5.31933020e+02 2.67753000e-06
5.32030424e+02 2.84914000e-06
5.32103478e+02 2.99380000e-06
5.32176531e+02 3.15552000e-06
5.32249584e+02 3.33851000e-06
5.32306041e+02 3.49809000e-06
5.32370252e+02 3.70363000e-06
5.32418411e+02 3.87839000e-06
5.32466570e+02 4.07470000e-06
5.32514728e+02 4.29695000e-06
5.32562887e+02 4.55052000e-06
5.32611045e+02 4.84198000e-06
5.32643151e+02 5.06122000e-06
5.32675257e+02 5.30359000e-06
5.32707363e+02 5.57226000e-06
5.32739468e+02 5.87081000e-06
5.32771574e+02 6.20329000e-06
5.32806941e+02 6.61431000e-06
5.32835912e+02 6.99063000e-06
5.32864883e+02 7.40721000e-06
5.32893853e+02 7.86879000e-06
5.32922824e+02 8.38062000e-06
5.32951795e+02 8.94847000e-06
5.32980766e+02 9.57871000e-06
5.33009737e+02 1.02784000e-05
5.33038708e+02 1.10551000e-05
5.33067679e+02 1.19172000e-05
5.33096650e+02 1.28740000e-05
5.33121180e+02 1.37655000e-05
5.33145709e+02 1.47384000e-05
5.33170239e+02 1.57999000e-05
5.33194769e+02 1.69572000e-05
5.33219299e+02 1.82184000e-05
5.33243829e+02 1.95919000e-05
5.33268358e+02 2.10866000e-05
5.33292888e+02 2.27121000e-05
5.33322280e+02 2.48462000e-05
5.33351671e+02 2.72007000e-05
5.33381063e+02 2.97950000e-05
5.33410455e+02 3.26498000e-05
5.33439846e+02 3.57868000e-05
5.33466171e+02 3.88546000e-05
5.33490964e+02 4.19827000e-05
5.33515755e+02 4.53576000e-05
5.33540548e+02 4.89947000e-05
5.33565340e+02 5.29098000e-05
5.33589635e+02 5.70316000e-05
5.33612937e+02 6.12646000e-05
5.33636239e+02 6.57856000e-05
5.33659541e+02 7.06089000e-05
5.33690610e+02 7.75348000e-05
5.33720690e+02 8.48086000e-05
5.33749782e+02 9.24047000e-05
5.33778873e+02 1.00581000e-04
5.33807964e+02 1.09365000e-04
5.33840292e+02 1.19873000e-04
5.33866964e+02 1.29157000e-04
5.33902528e+02 1.42437000e-04
5.33929200e+02 1.53096000e-04
5.33964764e+02 1.68269000e-04
5.33998794e+02 1.83847000e-04
5.34032825e+02 2.00485000e-04
5.34066855e+02 2.18204000e-04
5.34100885e+02 2.37016000e-04
5.34136673e+02 2.57987000e-04
5.34172460e+02 2.80173000e-04
5.34208247e+02 3.03562000e-04
5.34264150e+02 3.42447000e-04
5.34324494e+02 3.87481000e-04
5.34384839e+02 4.35414000e-04
5.34452683e+02 4.92278000e-04
5.34548140e+02 5.76245000e-04
5.34743005e+02 7.51401000e-04
5.34826503e+02 8.22502000e-04
5.34889126e+02 8.72107000e-04
5.34951749e+02 9.17376000e-04
5.35013797e+02 9.56991000e-04
5.35074695e+02 9.89955000e-04
5.35135592e+02 1.01633300e-03
5.35196490e+02 1.03553700e-03
5.35257387e+02 1.04713300e-03
5.35318285e+02 1.05085600e-03
5.35368564e+02 1.04792900e-03
5.35418843e+02 1.03961900e-03
5.35469121e+02 1.02605600e-03
5.35519400e+02 1.00745000e-03
5.35569679e+02 9.84086000e-04
5.35619958e+02 9.56317000e-04
5.35686996e+02 9.13160000e-04
5.35754034e+02 8.64015000e-04
5.35821073e+02 8.10093000e-04
5.35926126e+02 7.19018000e-04
5.36122845e+02 5.41855000e-04
5.36210330e+02 4.66157000e-04
5.36279933e+02 4.09162000e-04
5.36326334e+02 3.73143000e-04
5.36369270e+02 3.41390000e-04
5.36422939e+02 3.03973000e-04
5.36465874e+02 2.75942000e-04
5.36498076e+02 2.56056000e-04
5.36536256e+02 2.33753000e-04
5.36574437e+02 2.12834000e-04
5.36612617e+02 1.93289000e-04
5.36650797e+02 1.75097000e-04
5.36683813e+02 1.60431000e-04
5.36716829e+02 1.46729000e-04
5.36749845e+02 1.33960000e-04
5.36782861e+02 1.22094000e-04
5.36815032e+02 1.11365000e-04
5.36847203e+02 1.01424000e-04
5.36879374e+02 9.22362000e-05
5.36911545e+02 8.37639000e-05
5.36940740e+02 7.66631000e-05
5.36969936e+02 7.00923000e-05
5.36999131e+02 6.40231000e-05
5.37028326e+02 5.84275000e-05
5.37052277e+02 5.41712000e-05
5.37076227e+02 5.01999000e-05
5.37100178e+02 4.64987000e-05
5.37124128e+02 4.30533000e-05
5.37148079e+02 3.98495000e-05
5.37172663e+02 3.67978000e-05
5.37197565e+02 3.39369000e-05
5.37222467e+02 3.12934000e-05
5.37247369e+02 2.88535000e-05
5.37272271e+02 2.66038000e-05
5.37298257e+02 2.44453000e-05
5.37326411e+02 2.23091000e-05
5.37354565e+02 2.03673000e-05
5.37382720e+02 1.86041000e-05
5.37410874e+02 1.70050000e-05
5.37439028e+02 1.55561000e-05
5.37463324e+02 1.44167000e-05
5.37487620e+02 1.33719000e-05
5.37511917e+02 1.24144000e-05
5.37536213e+02 1.15373000e-05
5.37560509e+02 1.07344000e-05
5.37584805e+02 9.99965000e-06
5.37609101e+02 9.32750000e-06
5.37633397e+02 8.71278000e-06
5.37660696e+02 8.08467000e-06
5.37687996e+02 7.51674000e-06
5.37715295e+02 7.00323000e-06
5.37742594e+02 6.53887000e-06
5.37769893e+02 6.11885000e-06
5.37797192e+02 5.73877000e-06
5.37824491e+02 5.39465000e-06
5.37851790e+02 5.08286000e-06
5.37879089e+02 4.80012000e-06
5.37906389e+02 4.54346000e-06
5.37938414e+02 4.27201000e-06
5.37966066e+02 4.06055000e-06
5.37993717e+02 3.86799000e-06
5.38021369e+02 3.69233000e-06
5.38062847e+02 3.45667000e-06
5.38104324e+02 3.24982000e-06
5.38145802e+02 3.06732000e-06
5.38187279e+02 2.90546000e-06
5.38228757e+02 2.76109000e-06
5.38270235e+02 2.63159000e-06
5.38311712e+02 2.51475000e-06
5.38367016e+02 2.37554000e-06
5.38424981e+02 2.24648000e-06
5.38482946e+02 2.13153000e-06
5.38540911e+02 2.02822000e-06
5.38598876e+02 1.93460000e-06
5.38676163e+02 1.82230000e-06
5.38753450e+02 1.72184000e-06
5.38830737e+02 1.63120000e-06
5.38908024e+02 1.54884000e-06
5.38985311e+02 1.47360000e-06
5.39086190e+02 1.38458000e-06
5.39187070e+02 1.30451000e-06
5.39287949e+02 1.23212000e-06
5.39388829e+02 1.16642000e-06
5.39489708e+02 1.10657000e-06
5.39590587e+02 1.05189000e-06
5.39691467e+02 1.00180000e-06
5.39792346e+02 9.55808000e-07
5.39938259e+02 8.95666000e-07
5.40084172e+02 8.42110000e-07
5.40230085e+02 7.94238000e-07
5.40375998e+02 7.51296000e-07
5.40521911e+02 7.12649000e-07
5.40667824e+02 6.77766000e-07
5.40813737e+02 6.46196000e-07
5.41020742e+02 6.06361000e-07
5.41204018e+02 5.75298000e-07
5.41387294e+02 5.47643000e-07
5.41570570e+02 5.22957000e-07
5.41692754e+02 5.07960000e-07
5.41937121e+02 4.81028000e-07
5.42181489e+02 4.57637000e-07
5.42425857e+02 4.37266000e-07
5.42670225e+02 4.19497000e-07
5.42914593e+02 4.03983000e-07
5.43188114e+02 3.88923000e-07
5.43461635e+02 3.75941000e-07
5.43826330e+02 3.61344000e-07
5.44191024e+02 3.49354000e-07
5.44555719e+02 3.39557000e-07
5.44920413e+02 3.31618000e-07
5.45285108e+02 3.25209000e-07
5.45832150e+02 3.17921000e-07
5.46350221e+02 3.13159000e-07
5.46868292e+02 3.10150000e-07
5.47645398e+02 3.08021000e-07
5.47904434e+02 3.07861000e-07
5.48638136e+02 3.08816000e-07
5.49738688e+02 3.12875000e-07
5.50839240e+02 3.19335000e-07
5.52282241e+02 3.30603000e-07
5.53725241e+02 3.44296000e-07
5.55574868e+02 3.64681000e-07
5.57424496e+02 3.87755000e-07
5.58970013e+02 4.09078000e-07
5.60515530e+02 4.32367000e-07
5.62003304e+02 4.56792000e-07
5.63491077e+02 4.83374000e-07
5.64830357e+02 5.09466000e-07
5.66169637e+02 5.37937000e-07
5.67495034e+02 5.68821000e-07
5.68820431e+02 6.02895000e-07
5.70230731e+02 6.43155000e-07
5.71170931e+02 6.72911000e-07
5.72581231e+02 7.22564000e-07
5.73712798e+02 7.67602000e-07
5.74844364e+02 8.18313000e-07
5.75598742e+02 8.55891000e-07
5.76364140e+02 8.97790000e-07
5.77129537e+02 9.43842000e-07
5.78660333e+02 1.04321000e-06
5.79353443e+02 1.08004000e-06
5.79786638e+02 1.10412000e-06
5.80046554e+02 1.12436000e-06
5.80306471e+02 1.15131000e-06
5.80566387e+02 1.18461000e-06
5.82387472e+02 1.45622000e-06
5.82864821e+02 1.53223000e-06
5.83342169e+02 1.61598000e-06
5.83819518e+02 1.70905000e-06
5.84310969e+02 1.81643000e-06
5.84809471e+02 1.93949000e-06
5.85141805e+02 2.03074000e-06
5.85474140e+02 2.13078000e-06
5.85806475e+02 2.24091000e-06
5.86138809e+02 2.36255000e-06
5.86471144e+02 2.49740000e-06
5.86769385e+02 2.63136000e-06
5.87033533e+02 2.76172000e-06
5.87297680e+02 2.90457000e-06
5.87561828e+02 3.06165000e-06
5.87825976e+02 3.23521000e-06
5.88090124e+02 3.42797000e-06
5.88354271e+02 3.64308000e-06
5.88618419e+02 3.88430000e-06
5.88843683e+02 4.11408000e-06
5.89030065e+02 4.32354000e-06
5.89216447e+02 4.55300000e-06
5.89402828e+02 4.80528000e-06
5.89589210e+02 5.08380000e-06
5.89775591e+02 5.39266000e-06
5.89961973e+02 5.73678000e-06
5.90148355e+02 6.12206000e-06
5.90308867e+02 6.49236000e-06
5.90443511e+02 6.83479000e-06
5.90578155e+02 7.21054000e-06
5.90712799e+02 7.62450000e-06
5.90847442e+02 8.08261000e-06
5.90982086e+02 8.59215000e-06
5.91116730e+02 9.16220000e-06
5.91217713e+02 9.63633000e-06
5.91318695e+02 1.01572000e-05
5.91405564e+02 1.06487000e-05
5.91492432e+02 1.11870000e-05
5.91579301e+02 1.17804000e-05
5.91666169e+02 1.24398000e-05
5.91753037e+02 1.31796000e-05
5.91818189e+02 1.37987000e-05
5.91883340e+02 1.44849000e-05
5.91948491e+02 1.52519000e-05
5.92013642e+02 1.61174000e-05
5.92075503e+02 1.70510000e-05
5.92121899e+02 1.78374000e-05
5.92168295e+02 1.87118000e-05
5.92214690e+02 1.96892000e-05
5.92261086e+02 2.07874000e-05
5.92307481e+02 2.20278000e-05
5.92353877e+02 2.34352000e-05
5.92400273e+02 2.50391000e-05
5.92431203e+02 2.62343000e-05
5.92462133e+02 2.75436000e-05
5.92493064e+02 2.89798000e-05
5.92526666e+02 3.07004000e-05
5.92562938e+02 3.27679000e-05
5.92599211e+02 3.50810000e-05
5.92626416e+02 3.69958000e-05
5.92653620e+02 3.90809000e-05
5.92680825e+02 4.13520000e-05
5.92708030e+02 4.38259000e-05
5.92735235e+02 4.65210000e-05
5.92762439e+02 4.94567000e-05
5.92789644e+02 5.26540000e-05
5.92811812e+02 5.54685000e-05
5.92838012e+02 5.90556000e-05
5.92864213e+02 6.29468000e-05
5.92890413e+02 6.71659000e-05
5.92916613e+02 7.17383000e-05
5.92942814e+02 7.66906000e-05
5.92969014e+02 8.20512000e-05
5.92995214e+02 8.78497000e-05
5.93018892e+02 9.34924000e-05
5.93050624e+02 1.01697000e-04
5.93082356e+02 1.10694000e-04
5.93114088e+02 1.20546000e-04
5.93145821e+02 1.31320000e-04
5.93177553e+02 1.43085000e-04
5.93205366e+02 1.54268000e-04
5.93233180e+02 1.66318000e-04
5.93260994e+02 1.79285000e-04
5.93288807e+02 1.93221000e-04
5.93316621e+02 2.08180000e-04
5.93345761e+02 2.25007000e-04
5.93375565e+02 2.43502000e-04
5.93405369e+02 2.63363000e-04
5.93435173e+02 2.84656000e-04
5.93464977e+02 3.07444000e-04
5.93494849e+02 3.31849000e-04
5.93524858e+02 3.58005000e-04
5.93554866e+02 3.85863000e-04
5.93594878e+02 4.25751000e-04
5.93634889e+02 4.68888000e-04
5.93664345e+02 5.02782000e-04
5.93703252e+02 5.50397000e-04
5.93742159e+02 6.01308000e-04
5.93781066e+02 6.55561000e-04
5.93822920e+02 7.17673000e-04
5.93867723e+02 7.88451000e-04
5.93912526e+02 8.63597000e-04
5.93957329e+02 9.42986000e-04
5.94004878e+02 1.03167100e-03
5.94055172e+02 1.13010700e-03
5.94130613e+02 1.28565500e-03
5.94223900e+02 1.48827700e-03
5.94438865e+02 1.97038500e-03
5.94524851e+02 2.15529900e-03
5.94592667e+02 2.29210600e-03
5.94660484e+02 2.41777700e-03
5.94728301e+02 2.52951500e-03
5.94796118e+02 2.62473400e-03
5.94863935e+02 2.70116300e-03
5.94931752e+02 2.75693000e-03
5.94982615e+02 2.78434200e-03
5.95033477e+02 2.79895000e-03
5.95067386e+02 2.80146500e-03
5.95120370e+02 2.79378000e-03
5.95173354e+02 2.77205100e-03
5.95226338e+02 2.73661100e-03
5.95279322e+02 2.68800000e-03
5.95349967e+02 2.60398800e-03
5.95420612e+02 2.50009200e-03
5.95491257e+02 2.37897500e-03
5.95561903e+02 2.24363500e-03
5.95632548e+02 2.09728800e-03
5.95750971e+02 1.83633700e-03
5.95928606e+02 1.43688000e-03
5.95998958e+02 1.28440500e-03
5.96074880e+02 1.12731600e-03
5.96125495e+02 1.02791000e-03
5.96189631e+02 9.08934000e-04
5.96247873e+02 8.08209000e-04
5.96286701e+02 7.45117000e-04
5.96326103e+02 6.84486000e-04
5.96366079e+02 6.26498000e-04
5.96406055e+02 5.72059000e-04
5.96446031e+02 5.21140000e-04
5.96484669e+02 4.75216000e-04
5.96521969e+02 4.33882000e-04
5.96559270e+02 3.95416000e-04
5.96596570e+02 3.59722000e-04
5.96631638e+02 3.28601000e-04
5.96664474e+02 3.01516000e-04
5.96697310e+02 2.76336000e-04
5.96730146e+02 2.52976000e-04
5.96764781e+02 2.30214000e-04
5.96792106e+02 2.13549000e-04
5.96819431e+02 1.97970000e-04
5.96846756e+02 1.83424000e-04
5.96874081e+02 1.69863000e-04
5.96901983e+02 1.56978000e-04
5.96931037e+02 1.44539000e-04
5.96960091e+02 1.33041000e-04
5.96989145e+02 1.22426000e-04
5.97018200e+02 1.12640000e-04
5.97047254e+02 1.03629000e-04
5.97077514e+02 9.50141000e-05
5.97107775e+02 8.71290000e-05
5.97138035e+02 7.99209000e-05
5.97168296e+02 7.33395000e-05
5.97198556e+02 6.73366000e-05
5.97220333e+02 6.33493000e-05
5.97243712e+02 5.93577000e-05
5.97267091e+02 5.56469000e-05
5.97290470e+02 5.21989000e-05
5.97313849e+02 4.89965000e-05
5.97337228e+02 4.60235000e-05
5.97360607e+02 4.32643000e-05
5.97383986e+02 4.07046000e-05
5.97411876e+02 3.78925000e-05
5.97436176e+02 3.56406000e-05
5.97460477e+02 3.35590000e-05
5.97484778e+02 3.16350000e-05
5.97509078e+02 2.98567000e-05
5.97541479e+02 2.76932000e-05
5.97573879e+02 2.57449000e-05
5.97606280e+02 2.39897000e-05
5.97638681e+02 2.24074000e-05
5.97667277e+02 2.11401000e-05
5.97704463e+02 1.96538000e-05
5.97741650e+02 1.83300000e-05
5.97778836e+02 1.71487000e-05
5.97816023e+02 1.60923000e-05
5.97853209e+02 1.51455000e-05
5.97890395e+02 1.42946000e-05
5.97927582e+02 1.35278000e-05
5.97964768e+02 1.28346000e-05
5.98001955e+02 1.22059000e-05
5.98051536e+02 1.14545000e-05
5.98103985e+02 1.07517000e-05
5.98156433e+02 1.01282000e-05
5.98208881e+02 9.57120000e-06
5.98261329e+02 9.07022000e-06
5.98313778e+02 8.61673000e-06
5.98366226e+02 8.20375000e-06
5.98436157e+02 7.70637000e-06
5.98506088e+02 7.26010000e-06
5.98576019e+02 6.85658000e-06
5.98653964e+02 6.44925000e-06
5.98739922e+02 6.04385000e-06
5.98825880e+02 5.67737000e-06
5.98911838e+02 5.34420000e-06
5.98997797e+02 5.03987000e-06
5.99083755e+02 4.76080000e-06
5.99169713e+02 4.50405000e-06
5.99255671e+02 4.26717000e-06
5.99350480e+02 4.02643000e-06
5.99454138e+02 3.78519000e-06
5.99557797e+02 3.56433000e-06
5.99661455e+02 3.36161000e-06
5.99765113e+02 3.17510000e-06
5.99868772e+02 3.00313000e-06
5.99972430e+02 2.84423000e-06
6.00076089e+02 2.69712000e-06
6.00194359e+02 2.54224000e-06
6.00327241e+02 2.38297000e-06
6.00460124e+02 2.23760000e-06
6.00593006e+02 2.10459000e-06
6.00725888e+02 1.98263000e-06
6.00858770e+02 1.87059000e-06
6.00991652e+02 1.76747000e-06
6.01124534e+02 1.67238000e-06
6.01262847e+02 1.58108000e-06
6.01406591e+02 1.49368000e-06
6.01550334e+02 1.41316000e-06
6.01694078e+02 1.33888000e-06
6.01837821e+02 1.27025000e-06
6.02053437e+02 1.17683000e-06
6.02269052e+02 1.09349000e-06
6.02437886e+02 1.03441000e-06
6.02631812e+02 9.72468000e-07
6.02825738e+02 9.16167000e-07
6.03019663e+02 8.64911000e-07
6.03213589e+02 8.18186000e-07
6.03407514e+02 7.75539000e-07
6.03601440e+02 7.36568000e-07
6.03795365e+02 7.00919000e-07
6.04037015e+02 6.60680000e-07
6.04254045e+02 6.28094000e-07
6.04471075e+02 5.98520000e-07
6.04760448e+02 5.63255000e-07
6.05049822e+02 5.32193000e-07
6.05339195e+02 5.04838000e-07
6.05628568e+02 4.80777000e-07
6.05917942e+02 4.59638000e-07
6.06207315e+02 4.41077000e-07
6.06540832e+02 4.22513000e-07
6.06874349e+02 4.06660000e-07
6.07207867e+02 3.93245000e-07
6.07541384e+02 3.82031000e-07
6.07874901e+02 3.72783000e-07
6.08208419e+02 3.65290000e-07
6.08541936e+02 3.59409000e-07
6.08875453e+02 3.55025000e-07
6.09318327e+02 3.51351000e-07
6.09761202e+02 3.49975000e-07
6.10127649e+02 3.50514000e-07
6.10494096e+02 3.52546000e-07
6.10860544e+02 3.56056000e-07
6.11226991e+02 3.61069000e-07
6.11593438e+02 3.67648000e-07
6.11959886e+02 3.75900000e-07
6.12326333e+02 3.85975000e-07
6.12692780e+02 3.98082000e-07
6.13028583e+02 4.11219000e-07
6.13364386e+02 4.26624000e-07
6.13700189e+02 4.44687000e-07
6.14035992e+02 4.65935000e-07
6.14287844e+02 4.84405000e-07
6.14539696e+02 5.05497000e-07
6.14791548e+02 5.29717000e-07
6.15043400e+02 5.57723000e-07
6.15211302e+02 5.78925000e-07
6.15379203e+02 6.02544000e-07
6.15540205e+02 6.27854000e-07
6.15701208e+02 6.56238000e-07
6.15862210e+02 6.88287000e-07
6.16023212e+02 7.24789000e-07
6.16143964e+02 7.55744000e-07
6.16264715e+02 7.90498000e-07
6.16385467e+02 8.30028000e-07
6.16506218e+02 8.75823000e-07
6.16586719e+02 9.10947000e-07
6.16667220e+02 9.50907000e-07
6.16748422e+02 9.97582000e-07
6.16809324e+02 1.03800000e-06
6.16870225e+02 1.08434000e-06
6.16931127e+02 1.13810000e-06
6.16971728e+02 1.17901000e-06
6.17012329e+02 1.22477000e-06
6.17052930e+02 1.27621000e-06
6.17093531e+02 1.33431000e-06
6.17134132e+02 1.40019000e-06
6.17174733e+02 1.47518000e-06
6.17215334e+02 1.56082000e-06
6.17245785e+02 1.63310000e-06
6.17276235e+02 1.71323000e-06
6.17306686e+02 1.80216000e-06
6.17337475e+02 1.90210000e-06
6.17368433e+02 2.01397000e-06
6.17399390e+02 2.13862000e-06
6.17430348e+02 2.27755000e-06
6.17461306e+02 2.43244000e-06
6.17492264e+02 2.60511000e-06
6.17523222e+02 2.79758000e-06
6.17554180e+02 3.01205000e-06
6.17585137e+02 3.25093000e-06
6.17616095e+02 3.51686000e-06
6.17647053e+02 3.81267000e-06
6.17671543e+02 4.06991000e-06
6.17696033e+02 4.34942000e-06
6.17720524e+02 4.65297000e-06
6.17745014e+02 4.98241000e-06
6.17769505e+02 5.33968000e-06
6.17793995e+02 5.72688000e-06
6.17818485e+02 6.14616000e-06
6.17842975e+02 6.59984000e-06
6.17870544e+02 7.15472000e-06
6.17898113e+02 7.75985000e-06
6.17925682e+02 8.41905000e-06
6.17953251e+02 9.13630000e-06
6.17980820e+02 9.91577000e-06
6.18006047e+02 1.06873000e-05
6.18030104e+02 1.14780000e-05
6.18054161e+02 1.23258000e-05
6.18078218e+02 1.32336000e-05
6.18102275e+02 1.42048000e-05
6.18126981e+02 1.52717000e-05
6.18152985e+02 1.64749000e-05
6.18178990e+02 1.77645000e-05
6.18204995e+02 1.91451000e-05
6.18230999e+02 2.06211000e-05
6.18257004e+02 2.21972000e-05
6.18287214e+02 2.41598000e-05
6.18317424e+02 2.62707000e-05
6.18347634e+02 2.85369000e-05
6.18377844e+02 3.09655000e-05
6.18406333e+02 3.34105000e-05
6.18434821e+02 3.60113000e-05
6.18472806e+02 3.97303000e-05
6.18510791e+02 4.37472000e-05
6.18547985e+02 4.79788000e-05
6.18584388e+02 5.24145000e-05
6.18620791e+02 5.71477000e-05
6.18657193e+02 6.21832000e-05
6.18694409e+02 6.76467000e-05
6.18732438e+02 7.35603000e-05
6.18770467e+02 7.98067000e-05
6.18827510e+02 8.97901000e-05
6.18871774e+02 9.80287000e-05
6.18938170e+02 1.11145000e-04
6.19004566e+02 1.25084000e-04
6.19092391e+02 1.44567000e-04
6.19238766e+02 1.78652000e-04
6.19365419e+02 2.08192000e-04
6.19449854e+02 2.26966000e-04
6.19534289e+02 2.44337000e-04
6.19601998e+02 2.56866000e-04
6.19678471e+02 2.69144000e-04
6.19729453e+02 2.76053000e-04
6.19780436e+02 2.81832000e-04
6.19831418e+02 2.86402000e-04
6.19882400e+02 2.89700000e-04
6.19933382e+02 2.91680000e-04
6.19984365e+02 2.92314000e-04
6.20036537e+02 2.91561000e-04
6.20088710e+02 2.89400000e-04
6.20140882e+02 2.85863000e-04
6.20193055e+02 2.81002000e-04
6.20262618e+02 2.72582000e-04
6.20332181e+02 2.62146000e-04
6.20401744e+02 2.49947000e-04
6.20471308e+02 2.36276000e-04
6.20540871e+02 2.21445000e-04
6.20639101e+02 1.99149000e-04
6.20856414e+02 1.48264000e-04
6.20936807e+02 1.30187000e-04
6.21003801e+02 1.15827000e-04
6.21057014e+02 1.04982000e-04
6.21116735e+02 9.34786000e-05
6.21156549e+02 8.62303000e-05
6.21197108e+02 7.92085000e-05
6.21238410e+02 7.24423000e-05
6.21279712e+02 6.60693000e-05
6.21321014e+02 6.00908000e-05
6.21359286e+02 5.49013000e-05
6.21394526e+02 5.04171000e-05
6.21429767e+02 4.62101000e-05
6.21465008e+02 4.22740000e-05
6.21498539e+02 3.87736000e-05
6.21530360e+02 3.56657000e-05
6.21562182e+02 3.27594000e-05
6.21594003e+02 3.00472000e-05
6.21627489e+02 2.73946000e-05
6.21653851e+02 2.54456000e-05
6.21680214e+02 2.36143000e-05
6.21706577e+02 2.18960000e-05
6.21732940e+02 2.02859000e-05
6.21765530e+02 1.84382000e-05
6.21795560e+02 1.68679000e-05
6.21825590e+02 1.54174000e-05
6.21855620e+02 1.40798000e-05
6.21879073e+02 1.31095000e-05
6.21904386e+02 1.21312000e-05
6.21929699e+02 1.12209000e-05
6.21955013e+02 1.03748000e-05
6.21980326e+02 9.58939000e-06
6.22005639e+02 8.86100000e-06
6.22031720e+02 8.16663000e-06
6.22057800e+02 7.52564000e-06
6.22083881e+02 6.93460000e-06
6.22109962e+02 6.39022000e-06
6.22136042e+02 5.88934000e-06
6.22165087e+02 5.37910000e-06
6.22185438e+02 5.04942000e-06
6.22205789e+02 4.74119000e-06
6.22226139e+02 4.45320000e-06
6.22246490e+02 4.18426000e-06
6.22266841e+02 3.93326000e-06
6.22287192e+02 3.69912000e-06
6.22314740e+02 3.40723000e-06
6.22336330e+02 3.19721000e-06
6.22357920e+02 3.00247000e-06
6.22379510e+02 2.82200000e-06
6.22401100e+02 2.65481000e-06
6.22422690e+02 2.50001000e-06
6.22444280e+02 2.35673000e-06
6.22465871e+02 2.22416000e-06
6.22494658e+02 2.06276000e-06
6.22523444e+02 1.91738000e-06
6.22551037e+02 1.79164000e-06
6.22577435e+02 1.68265000e-06
6.22603833e+02 1.58371000e-06
6.22630232e+02 1.49388000e-06
6.22656630e+02 1.41233000e-06
6.22683028e+02 1.33829000e-06
6.22709426e+02 1.27104000e-06
6.22735825e+02 1.20994000e-06
6.22762223e+02 1.15441000e-06
6.22788621e+02 1.10389000e-06
6.22828219e+02 1.03649000e-06
6.22867816e+02 9.77842000e-07
6.22907413e+02 9.26684000e-07
6.22947011e+02 8.81932000e-07
6.22991636e+02 8.38016000e-07
6.23038775e+02 7.97932000e-07
6.23085914e+02 7.63239000e-07
6.23133053e+02 7.33020000e-07
6.23180192e+02 7.06520000e-07
6.23243044e+02 6.75918000e-07
6.23305896e+02 6.49669000e-07
6.23368748e+02 6.26878000e-07
6.23463026e+02 5.97724000e-07
6.23557304e+02 5.73174000e-07
6.23651582e+02 5.52103000e-07
6.23777286e+02 5.28124000e-07
6.23902990e+02 5.07774000e-07
6.24040154e+02 4.88793000e-07
6.24188779e+02 4.71259000e-07
6.24337402e+02 4.56288000e-07
6.24486026e+02 4.43435000e-07
6.24708962e+02 4.27398000e-07
6.24931898e+02 4.14499000e-07
6.25154834e+02 4.04090000e-07
6.25452082e+02 3.93264000e-07
6.25749330e+02 3.85187000e-07
6.26046577e+02 3.79262000e-07
6.26487031e+02 3.73511000e-07
6.26916648e+02 3.70504000e-07
6.27489471e+02 3.69257000e-07
6.28100103e+02 3.70461000e-07
6.28710735e+02 3.73829000e-07
6.29524911e+02 3.80955000e-07
6.30746175e+02 3.94358000e-07
6.32117489e+02 4.12134000e-07
6.33488803e+02 4.31905000e-07
6.35679982e+02 4.66573000e-07
6.37871161e+02 5.04258000e-07
6.40016286e+02 5.44025000e-07
6.42161411e+02 5.86487000e-07
6.44772755e+02 6.42313000e-07
6.47384099e+02 7.03046000e-07
6.49159526e+02 7.47645000e-07
6.50934953e+02 7.95400000e-07
6.52805474e+02 8.49446000e-07
6.54675996e+02 9.07822000e-07
6.57006185e+02 9.87079000e-07
6.59336373e+02 1.06937000e-06
6.59760409e+02 1.08002000e-06
6.60184445e+02 1.08581000e-06
6.60846080e+02 1.09240000e-06
6.61103483e+02 1.09960000e-06
6.61360887e+02 1.11161000e-06
6.61746992e+02 1.13777000e-06
6.62519203e+02 1.19805000e-06
6.63034010e+02 1.23121000e-06
6.65734257e+02 1.37770000e-06
6.66632679e+02 1.42877000e-06
6.68429524e+02 1.53978000e-06
6.70050789e+02 1.65073000e-06
6.71672053e+02 1.77355000e-06
6.73165307e+02 1.89881000e-06
6.74658560e+02 2.03777000e-06
6.76227294e+02 2.20044000e-06
6.77796028e+02 2.38237000e-06
6.79108882e+02 2.55366000e-06
6.79984118e+02 2.67895000e-06
6.81296972e+02 2.88553000e-06
6.82408904e+02 3.07963000e-06
6.83520837e+02 3.29426000e-06
6.84262125e+02 3.45089000e-06
6.85170697e+02 3.66044000e-06
6.86079269e+02 3.89072000e-06
6.86987841e+02 4.14476000e-06
6.87896413e+02 4.42582000e-06
6.88789327e+02 4.73304000e-06
6.89682241e+02 5.07647000e-06
6.90575155e+02 5.45880000e-06
6.92360983e+02 6.28324000e-06
6.92658621e+02 6.43633000e-06
6.93049584e+02 6.67077000e-06
6.93440548e+02 6.95428000e-06
6.93831511e+02 7.27906000e-06
6.94613438e+02 7.98450000e-06
6.95199884e+02 8.54334000e-06
6.95786329e+02 9.14995000e-06
6.96328252e+02 9.77323000e-06
6.96870175e+02 1.04707000e-05
6.97231458e+02 1.09849000e-05
6.97592740e+02 1.15453000e-05
6.97954022e+02 1.21574000e-05
6.98315304e+02 1.28278000e-05
6.98676586e+02 1.35655000e-05
6.98981471e+02 1.42479000e-05
6.99286355e+02 1.49928000e-05
6.99591239e+02 1.58086000e-05
6.99896123e+02 1.67054000e-05
7.00201007e+02 1.76965000e-05
7.00505892e+02 1.87973000e-05
7.00810776e+02 2.00262000e-05
7.01115660e+02 2.14055000e-05
7.01411093e+02 2.29109000e-05
7.01608048e+02 2.40219000e-05
7.01805003e+02 2.52317000e-05
7.02001958e+02 2.65536000e-05
7.02198913e+02 2.80038000e-05
7.02395868e+02 2.96017000e-05
7.02592823e+02 3.13702000e-05
7.02763804e+02 3.30647000e-05
7.02981317e+02 3.54697000e-05
7.03126326e+02 3.72524000e-05
7.03271334e+02 3.92013000e-05
7.03416342e+02 4.13398000e-05
7.03561351e+02 4.36964000e-05
7.03706359e+02 4.63063000e-05
7.03851367e+02 4.92130000e-05
7.03964873e+02 5.17313000e-05
7.04078378e+02 5.45011000e-05
7.04191883e+02 5.75690000e-05
7.04305389e+02 6.09993000e-05
7.04390518e+02 6.38643000e-05
7.04475647e+02 6.70395000e-05
7.04560776e+02 7.06009000e-05
7.04645905e+02 7.46544000e-05
7.04702658e+02 7.77015000e-05
7.04777537e+02 8.22571000e-05
7.04831918e+02 8.60385000e-05
7.04886299e+02 9.03142000e-05
7.04940680e+02 9.51934000e-05
7.04995061e+02 1.00811000e-04
7.05031315e+02 1.05048000e-04
7.05067568e+02 1.09746000e-04
7.05103822e+02 1.14973000e-04
7.05140076e+02 1.20807000e-04
7.05176330e+02 1.27336000e-04
7.05212584e+02 1.34663000e-04
7.05248838e+02 1.42904000e-04
7.05285092e+02 1.52190000e-04
7.05312282e+02 1.59931000e-04
7.05339473e+02 1.68414000e-04
7.05369154e+02 1.78612000e-04
7.05398835e+02 1.89898000e-04
7.05428516e+02 2.02393000e-04
7.05458196e+02 2.16231000e-04
7.05487877e+02 2.31559000e-04
7.05517558e+02 2.48537000e-04
7.05547239e+02 2.67343000e-04
7.05576920e+02 2.88169000e-04
7.05606601e+02 3.11225000e-04
7.05636282e+02 3.36738000e-04
7.05656069e+02 3.55235000e-04
7.05682219e+02 3.81657000e-04
7.05708369e+02 4.10509000e-04
7.05734519e+02 4.41998000e-04
7.05760669e+02 4.76343000e-04
7.05786819e+02 5.13780000e-04
7.05812969e+02 5.54560000e-04
7.05839119e+02 5.98947000e-04
7.05865269e+02 6.47226000e-04
7.05894861e+02 7.06929000e-04
7.05924452e+02 7.72458000e-04
7.05954044e+02 8.44302000e-04
7.05983635e+02 9.22980000e-04
7.06013227e+02 1.00903900e-03
7.06041211e+02 1.09773300e-03
7.06068390e+02 1.19117900e-03
7.06095570e+02 1.29231500e-03
7.06122749e+02 1.40165300e-03
7.06149929e+02 1.51972500e-03
7.06176459e+02 1.64393100e-03
7.06201692e+02 1.77075600e-03
7.06226925e+02 1.90653600e-03
7.06252157e+02 2.05175500e-03
7.06277390e+02 2.20690600e-03
7.06302623e+02 2.37249600e-03
7.06334726e+02 2.59907700e-03
7.06366830e+02 2.84446600e-03
7.06398934e+02 3.10975400e-03
7.06431037e+02 3.39604200e-03
7.06464674e+02 3.71973700e-03
7.06498311e+02 4.06896200e-03
7.06531949e+02 4.44496300e-03
7.06565586e+02 4.84896100e-03
7.06601267e+02 5.30943700e-03
7.06636949e+02 5.80409100e-03
7.06672631e+02 6.33418900e-03
7.06708313e+02 6.90088900e-03
7.06744564e+02 7.51518300e-03
7.06780814e+02 8.16926500e-03
7.06817065e+02 8.86390600e-03
7.06853316e+02 9.59967200e-03
7.06891080e+02 1.04102570e-02
7.06928843e+02 1.12659720e-02
7.06985489e+02 1.26336590e-02
7.07027217e+02 1.37046540e-02
7.07072908e+02 1.49372940e-02
7.07141446e+02 1.68976170e-02
7.07216194e+02 1.91740070e-02
7.07303364e+02 2.19809760e-02
7.07440065e+02 2.65999010e-02
7.07583388e+02 3.14943140e-02
7.07665287e+02 3.41911860e-02
7.07747186e+02 3.67322950e-02
7.07811922e+02 3.85863150e-02
7.07876658e+02 4.02687160e-02
7.07941394e+02 4.17492440e-02
7.08006129e+02 4.30004930e-02
7.08070865e+02 4.39987650e-02
7.08135601e+02 4.47248050e-02
7.08200337e+02 4.51644300e-02
7.08265073e+02 4.53089890e-02
7.08331428e+02 4.51480080e-02
7.08397783e+02 4.46774560e-02
7.08464138e+02 4.39071270e-02
7.08530493e+02 4.28528760e-02
7.08596848e+02 4.15360740e-02
7.08663204e+02 3.99828910e-02
7.08729559e+02 3.82234150e-02
7.08795914e+02 3.62906960e-02
7.08882744e+02 3.35582930e-02
7.09012991e+02 2.91912020e-02
7.09197786e+02 2.28968830e-02
7.09279610e+02 2.02205710e-02
7.09361434e+02 1.76758530e-02
7.09431501e+02 1.56266700e-02
7.09478213e+02 1.43355320e-02
7.09524924e+02 1.31084320e-02
7.09568898e+02 1.20139560e-02
7.09610134e+02 1.10423280e-02
7.09651371e+02 1.01242510e-02
7.09692607e+02 9.25984500e-03
7.09730454e+02 8.51345600e-03
7.09764913e+02 7.87256000e-03
7.09799371e+02 7.26792600e-03
7.09833830e+02 6.69882600e-03
7.09867954e+02 6.16942900e-03
7.09901744e+02 5.67780100e-03
7.09935534e+02 5.21758700e-03
7.09969324e+02 4.78770100e-03
7.10002995e+02 4.38835500e-03
7.10036546e+02 4.01806100e-03
7.10070098e+02 3.67414600e-03
7.10103650e+02 3.35537100e-03
7.10136447e+02 3.06687200e-03
7.10168488e+02 2.80594100e-03
7.10200529e+02 2.56459300e-03
7.10232570e+02 2.34174900e-03
7.10263961e+02 2.14035200e-03
7.10294700e+02 1.95841100e-03
7.10325439e+02 1.79068600e-03
7.10356179e+02 1.63630100e-03
7.10380600e+02 1.52259700e-03
7.10407753e+02 1.40492800e-03
7.10434906e+02 1.29595200e-03
7.10462059e+02 1.19513800e-03
7.10489212e+02 1.10198000e-03
7.10516365e+02 1.01598900e-03
7.10544332e+02 9.34421000e-04
7.10572299e+02 8.59475000e-04
7.10600266e+02 7.90688000e-04
7.10628233e+02 7.27620000e-04
7.10656200e+02 6.69856000e-04
7.10676909e+02 6.30269000e-04
7.10699680e+02 5.89663000e-04
7.10722452e+02 5.51936000e-04
7.10745224e+02 5.16905000e-04
7.10767996e+02 4.84396000e-04
7.10790768e+02 4.54243000e-04
7.10813540e+02 4.26292000e-04
7.10836311e+02 4.00394000e-04
7.10865867e+02 3.69616000e-04
7.10893121e+02 3.43846000e-04
7.10920375e+02 3.20368000e-04
7.10947629e+02 2.98990000e-04
7.10974884e+02 2.79533000e-04
7.11002138e+02 2.61831000e-04
7.11029392e+02 2.45732000e-04
7.11056646e+02 2.31093000e-04
7.11083900e+02 2.17784000e-04
7.11111154e+02 2.05687000e-04
7.11138408e+02 1.94689000e-04
7.11169756e+02 1.83270000e-04
7.11201104e+02 1.73034000e-04
7.11232452e+02 1.63854000e-04
7.11263800e+02 1.55616000e-04
7.11295147e+02 1.48219000e-04
7.11326495e+02 1.41569000e-04
7.11368292e+02 1.33727000e-04
7.11410089e+02 1.26898000e-04
7.11451886e+02 1.20935000e-04
7.11493683e+02 1.15712000e-04
7.11535480e+02 1.11122000e-04
7.11577277e+02 1.07071000e-04
7.11639973e+02 1.01840000e-04
7.11702668e+02 9.74346000e-05
7.11765364e+02 9.36860000e-05
7.11828930e+02 9.04218000e-05
7.11894236e+02 8.75208000e-05
7.11981311e+02 8.42182000e-05
7.12068386e+02 8.14243000e-05
7.12155461e+02 7.90305000e-05
7.12286074e+02 7.60279000e-05
7.12416686e+02 7.35825000e-05
7.12547299e+02 7.15834000e-05
7.12677911e+02 6.99569000e-05
7.12852061e+02 6.82805000e-05
7.13026211e+02 6.70895000e-05
7.13200361e+02 6.63235000e-05
7.13380016e+02 6.59325000e-05
7.13478523e+02 6.58775000e-05
7.13687079e+02 6.61102000e-05
7.13872463e+02 6.66965000e-05
7.14057847e+02 6.76272000e-05
7.14243231e+02 6.88977000e-05
7.14428614e+02 7.05105000e-05
7.14613998e+02 7.24741000e-05
7.14799382e+02 7.48037000e-05
7.14984766e+02 7.75209000e-05
7.15170150e+02 8.06551000e-05
7.15355533e+02 8.42435000e-05
7.15499108e+02 8.73639000e-05
7.15662667e+02 9.13170000e-05
7.15826227e+02 9.57378000e-05
7.15989787e+02 1.00680000e-04
7.16153346e+02 1.06210000e-04
7.16316906e+02 1.12406000e-04
7.16480465e+02 1.19364000e-04
7.16644025e+02 1.27202000e-04
7.16780781e+02 1.34536000e-04
7.16890735e+02 1.41023000e-04
7.17000689e+02 1.48105000e-04
7.17110642e+02 1.55865000e-04
7.17220596e+02 1.64406000e-04
7.17330550e+02 1.73864000e-04
7.17440503e+02 1.84426000e-04
7.17522969e+02 1.93232000e-04
7.17605434e+02 2.02975000e-04
7.17690771e+02 2.14284000e-04
7.17754773e+02 2.23793000e-04
7.17818776e+02 2.34406000e-04
7.17882779e+02 2.46393000e-04
7.17946782e+02 2.60113000e-04
7.17989450e+02 2.70449000e-04
7.18032119e+02 2.81937000e-04
7.18074787e+02 2.94787000e-04
7.18117455e+02 3.09252000e-04
7.18160124e+02 3.25632000e-04
7.18202792e+02 3.44287000e-04
7.18234794e+02 3.60028000e-04
7.18266795e+02 3.77497000e-04
7.18300149e+02 3.97804000e-04
7.18336209e+02 4.22520000e-04
7.18372268e+02 4.50541000e-04
7.18408328e+02 4.82378000e-04
7.18432367e+02 5.06008000e-04
7.18456407e+02 5.31786000e-04
7.18480447e+02 5.59925000e-04
7.18504486e+02 5.90655000e-04
7.18528526e+02 6.24227000e-04
7.18552566e+02 6.60918000e-04
7.18576605e+02 7.01023000e-04
7.18600645e+02 7.44868000e-04
7.18624685e+02 7.92804000e-04
7.18648724e+02 8.45213000e-04
7.18672764e+02 9.02507000e-04
7.18693771e+02 9.56923000e-04
7.18714779e+02 1.01573000e-03
7.18735786e+02 1.07927000e-03
7.18756793e+02 1.14790900e-03
7.18777801e+02 1.22203600e-03
7.18798808e+02 1.30206700e-03
7.18819815e+02 1.38844400e-03
7.18840822e+02 1.48163800e-03
7.18861830e+02 1.58214800e-03
7.18882837e+02 1.69050500e-03
7.18906448e+02 1.82236000e-03
7.18925660e+02 1.93807700e-03
7.18944873e+02 2.06187600e-03
7.18964085e+02 2.19426700e-03
7.18983298e+02 2.33578700e-03
7.19002510e+02 2.48699800e-03
7.19021723e+02 2.64849300e-03
7.19040935e+02 2.82089000e-03
7.19066922e+02 3.07258900e-03
7.19091494e+02 3.33155000e-03
7.19116066e+02 3.61244500e-03
7.19140638e+02 3.91688200e-03
7.19165209e+02 4.24654900e-03
7.19189607e+02 4.60060800e-03
7.19213657e+02 4.97747400e-03
7.19237707e+02 5.38384300e-03
7.19261757e+02 5.82164400e-03
7.19285808e+02 6.29289300e-03
7.19309858e+02 6.79969200e-03
7.19338121e+02 7.44367000e-03
7.19366384e+02 8.14347000e-03
7.19394647e+02 8.90295800e-03
7.19422910e+02 9.72615800e-03
7.19446289e+02 1.04582330e-02
7.19469668e+02 1.12391940e-02
7.19485255e+02 1.17882280e-02
7.19516427e+02 1.29578600e-02
7.19547600e+02 1.42280780e-02
7.19579300e+02 1.56295230e-02
7.19611000e+02 1.71483970e-02
7.19642700e+02 1.87916630e-02
7.19674401e+02 2.05663510e-02
7.19704306e+02 2.23674420e-02
7.19734212e+02 2.42977710e-02
7.19764118e+02 2.63632660e-02
7.19794024e+02 2.85697900e-02
7.19829690e+02 3.13937110e-02
7.19865356e+02 3.44358760e-02
7.19901023e+02 3.77053460e-02
7.19936689e+02 4.12106520e-02
7.19973106e+02 4.50413260e-02
7.20009524e+02 4.91336140e-02
7.20045942e+02 5.34940710e-02
7.20082359e+02 5.81280950e-02
7.20128289e+02 6.43689110e-02
7.20174220e+02 7.10561920e-02
7.20220150e+02 7.81907170e-02
7.20266081e+02 8.57686910e-02
7.20311927e+02 9.37663490e-02
7.20357774e+02 1.02183039e-01
7.20426544e+02 1.15549195e-01
7.20506471e+02 1.32088915e-01
7.20591977e+02 1.50765013e-01
7.20747260e+02 1.86241332e-01
7.20886814e+02 2.18133064e-01
7.20993386e+02 2.41157895e-01
7.21066977e+02 2.55810533e-01
7.21140567e+02 2.69076192e-01
7.21214158e+02 2.80653079e-01
7.21287749e+02 2.90268760e-01
7.21361339e+02 2.97690861e-01
7.21416532e+02 3.01705734e-01
7.21471725e+02 3.04326177e-01
7.21526918e+02 3.05515142e-01
7.21545316e+02 3.05589862e-01
7.21620767e+02 3.04213135e-01
7.21696218e+02 3.00167928e-01
7.21771668e+02 2.93561629e-01
7.21847119e+02 2.84567205e-01
7.21922570e+02 2.73415584e-01
7.21998021e+02 2.60385860e-01
7.22073471e+02 2.45793572e-01
7.22174072e+02 2.24494999e-01
7.22324974e+02 1.90281130e-01
7.22493669e+02 1.51718894e-01
7.22589365e+02 1.30857016e-01
7.22654520e+02 1.17374718e-01
7.22703724e+02 1.07658587e-01
7.22752929e+02 9.83840770e-02
7.22802134e+02 8.95795600e-02
7.22844747e+02 8.23505180e-02
7.22887359e+02 7.54987040e-02
7.22929972e+02 6.90293710e-02
7.22972585e+02 6.29442260e-02
7.23006431e+02 5.83837160e-02
7.23040278e+02 5.40625020e-02
7.23074124e+02 4.99773710e-02
7.23107971e+02 4.61241410e-02
7.23143085e+02 4.23662960e-02
7.23178199e+02 3.88460850e-02
7.23213313e+02 3.55562330e-02
7.23248426e+02 3.24888230e-02
7.23280030e+02 2.99112460e-02
7.23311634e+02 2.75005520e-02
7.23343238e+02 2.52500630e-02
7.23374842e+02 2.31529470e-02
7.23406104e+02 2.12225760e-02
7.23437367e+02 1.94287290e-02
7.23468629e+02 1.77646350e-02
7.23499891e+02 1.62235590e-02
7.23527914e+02 1.49412870e-02
7.23555936e+02 1.37477560e-02
7.23583958e+02 1.26383160e-02
7.23611980e+02 1.16084150e-02
7.23640867e+02 1.06252730e-02
7.23669754e+02 9.71720500e-03
7.23698642e+02 8.87963000e-03
7.23727529e+02 8.10812600e-03
7.23750340e+02 7.54278600e-03
7.23773151e+02 7.01396500e-03
7.23795962e+02 6.51970800e-03
7.23818772e+02 6.05813400e-03
7.23841583e+02 5.62742500e-03
7.23864096e+02 5.23089500e-03
7.23886461e+02 4.86348000e-03
7.23908825e+02 4.52095000e-03
7.23931189e+02 4.20185300e-03
7.23953554e+02 3.90480100e-03
7.23977239e+02 3.61276900e-03
7.24003565e+02 3.31361600e-03
7.24029891e+02 3.03936400e-03
7.24056217e+02 2.78817400e-03
7.24082544e+02 2.55831100e-03
7.24108870e+02 2.34814700e-03
7.24131207e+02 2.18413500e-03
7.24153544e+02 2.03232600e-03
7.24175882e+02 1.89189200e-03
7.24198219e+02 1.76205000e-03
7.24220557e+02 1.64206300e-03
7.24242894e+02 1.53123800e-03
7.24265232e+02 1.42892300e-03
7.24287569e+02 1.33450600e-03
7.24314605e+02 1.22997400e-03
7.24341640e+02 1.13522400e-03
7.24368676e+02 1.04938300e-03
7.24395712e+02 9.71644000e-04
7.24422747e+02 9.01267000e-04
7.24449783e+02 8.37570000e-04
7.24476819e+02 7.79930000e-04
7.24503854e+02 7.27774000e-04
7.24530890e+02 6.80581000e-04
7.24557926e+02 6.37873000e-04
7.24584389e+02 5.99995000e-04
7.24609707e+02 5.67044000e-04
7.24635025e+02 5.37006000e-04
7.24660343e+02 5.09611000e-04
7.24677221e+02 4.92692000e-04
7.24710979e+02 4.61778000e-04
7.24744736e+02 4.34354000e-04
7.24778494e+02 4.09985000e-04
7.24812251e+02 3.88285000e-04
7.24846008e+02 3.68918000e-04
7.24879766e+02 3.51587000e-04
7.24913523e+02 3.36034000e-04
7.24947281e+02 3.22034000e-04
7.24997917e+02 3.03518000e-04
7.25048553e+02 2.87497000e-04
7.25099189e+02 2.73515000e-04
7.25141732e+02 2.63073000e-04
7.25193061e+02 2.51793000e-04
7.25244390e+02 2.41716000e-04
7.25321384e+02 2.28417000e-04
7.25398378e+02 2.16842000e-04
7.25475371e+02 2.06611000e-04
7.25526700e+02 2.00400000e-04
7.25629359e+02 1.89171000e-04
7.25732017e+02 1.79247000e-04
7.25834675e+02 1.70386000e-04
7.25937334e+02 1.62425000e-04
7.26044728e+02 1.54938000e-04
7.26152122e+02 1.48227000e-04
7.26259517e+02 1.42245000e-04
7.26366911e+02 1.36984000e-04
7.26474306e+02 1.32480000e-04
7.26581700e+02 1.28838000e-04
7.26653296e+02 1.26981000e-04
7.26724893e+02 1.25681000e-04
7.26805438e+02 1.25044000e-04
7.26814388e+02 1.25036000e-04
7.26868085e+02 1.25301000e-04
7.26921782e+02 1.26173000e-04
7.26975480e+02 1.27771000e-04
7.27029177e+02 1.30246000e-04
7.27082874e+02 1.33776000e-04
7.27125601e+02 1.37482000e-04
7.27165827e+02 1.41821000e-04
7.27206052e+02 1.47109000e-04
7.27246278e+02 1.53485000e-04
7.27286503e+02 1.61105000e-04
7.27313320e+02 1.66964000e-04
7.27340137e+02 1.73511000e-04
7.27366954e+02 1.80810000e-04
7.27393771e+02 1.88927000e-04
7.27420588e+02 1.97935000e-04
7.27447405e+02 2.07911000e-04
7.27474222e+02 2.18938000e-04
7.27501039e+02 2.31105000e-04
7.27527855e+02 2.44505000e-04
7.27559513e+02 2.62051000e-04
7.27591171e+02 2.81634000e-04
7.27622828e+02 3.03445000e-04
7.27646572e+02 3.21388000e-04
7.27670315e+02 3.40789000e-04
7.27694058e+02 3.61743000e-04
7.27717801e+02 3.84351000e-04
7.27741545e+02 4.08715000e-04
7.27765288e+02 4.34945000e-04
7.27791190e+02 4.65821000e-04
7.27821412e+02 5.05026000e-04
7.27851634e+02 5.47899000e-04
7.27881856e+02 5.94702000e-04
7.27912077e+02 6.45712000e-04
7.27942299e+02 7.01213000e-04
7.27971910e+02 7.60236000e-04
7.28001521e+02 8.24140000e-04
7.28031132e+02 8.93220000e-04
7.28060743e+02 9.67777000e-04
7.28090354e+02 1.04811600e-03
7.28117498e+02 1.12710400e-03
7.28152044e+02 1.23541800e-03
7.28186590e+02 1.35291300e-03
7.28221136e+02 1.48008800e-03
7.28256796e+02 1.62203600e-03
7.28293568e+02 1.78032900e-03
7.28330341e+02 1.95127900e-03
7.28367113e+02 2.13542800e-03
7.28402555e+02 2.32588200e-03
7.28436668e+02 2.52160900e-03
7.28470781e+02 2.72986000e-03
7.28504893e+02 2.95093200e-03
7.28542623e+02 3.21067800e-03
7.28583969e+02 3.51399600e-03
7.28625315e+02 3.83705900e-03
7.28666661e+02 4.17995000e-03
7.28711836e+02 4.57717400e-03
7.28760840e+02 5.03433900e-03
7.28809845e+02 5.51808900e-03
7.28858849e+02 6.02726700e-03
7.28937061e+02 6.88855100e-03
7.29017624e+02 7.83005000e-03
7.29120092e+02 9.08732500e-03
7.29361033e+02 1.21156660e-02
7.29448648e+02 1.31599370e-02
7.29520144e+02 1.39565130e-02
7.29591639e+02 1.46858560e-02
7.29663135e+02 1.53326190e-02
7.29734630e+02 1.58827100e-02
7.29806126e+02 1.63238060e-02
7.29877622e+02 1.66458050e-02
7.29949118e+02 1.68412160e-02
7.30020613e+02 1.69054500e-02
7.30095976e+02 1.68295270e-02
7.30171338e+02 1.66082070e-02
7.30246701e+02 1.62472720e-02
7.30322063e+02 1.57560330e-02
7.30397425e+02 1.51469230e-02
7.30472788e+02 1.44349770e-02
7.30548150e+02 1.36372170e-02
7.30648634e+02 1.24718250e-02
7.30774238e+02 1.09147120e-02
7.30952469e+02 8.66812500e-03
7.31048461e+02 7.50521200e-03
7.31130989e+02 6.55785700e-03
7.31181520e+02 6.00754100e-03
7.31232050e+02 5.48253000e-03
7.31282581e+02 4.98452500e-03
7.31339735e+02 4.45532700e-03
7.31377838e+02 4.12318200e-03
7.31415941e+02 3.80777500e-03
7.31454246e+02 3.50760900e-03
7.31492755e+02 3.22288800e-03
7.31531264e+02 2.95507400e-03
7.31569772e+02 2.70389800e-03
7.31607604e+02 2.47299600e-03
7.31644759e+02 2.26112800e-03
7.31681914e+02 2.06358000e-03
7.31719069e+02 1.87986200e-03
7.31753910e+02 1.71967500e-03
7.31786439e+02 1.58027000e-03
7.31818967e+02 1.45026200e-03
7.31851496e+02 1.32925000e-03
7.31884612e+02 1.21486900e-03
7.31918316e+02 1.10714300e-03
7.31952020e+02 1.00772000e-03
7.31985724e+02 9.16142000e-04
7.32017254e+02 8.37170000e-04
7.32046610e+02 7.69136000e-04
7.32075965e+02 7.06100000e-04
7.32105321e+02 6.47779000e-04
7.32128846e+02 6.04260000e-04
7.32155386e+02 5.58412000e-04
7.32181926e+02 5.15823000e-04
7.32208465e+02 4.76306000e-04
7.32235005e+02 4.39681000e-04
7.32261545e+02 4.05773000e-04
7.32288394e+02 3.74065000e-04
7.32315242e+02 3.44800000e-04
7.32342091e+02 3.17819000e-04
7.32368939e+02 2.92970000e-04
7.32395788e+02 2.70109000e-04
7.32416520e+02 2.53729000e-04
7.32440086e+02 2.36374000e-04
7.32463652e+02 2.20281000e-04
7.32487218e+02 2.05370000e-04
7.32510784e+02 1.91564000e-04
7.32534349e+02 1.78791000e-04
7.32557915e+02 1.66981000e-04
7.32581481e+02 1.56069000e-04
7.32602241e+02 1.47151000e-04
7.32629174e+02 1.36483000e-04
7.32656106e+02 1.26758000e-04
7.32683039e+02 1.17899000e-04
7.32709971e+02 1.09834000e-04
7.32736904e+02 1.02497000e-04
7.32763836e+02 9.58260000e-05
7.32790769e+02 8.97640000e-05
7.32817701e+02 8.42578000e-05
7.32844633e+02 7.92583000e-05
7.32871566e+02 7.47205000e-05
7.32901274e+02 7.02004000e-05
7.32932371e+02 6.59609000e-05
7.32963468e+02 6.21718000e-05
7.32994565e+02 5.87851000e-05
7.33025661e+02 5.57570000e-05
7.33056758e+02 5.30483000e-05
7.33087855e+02 5.06238000e-05
7.33118951e+02 4.84516000e-05
7.33150048e+02 4.65034000e-05
7.33191511e+02 4.42107000e-05
7.33232973e+02 4.22184000e-05
7.33274435e+02 4.04813000e-05
7.33315897e+02 3.89606000e-05
7.33357360e+02 3.76232000e-05
7.33419553e+02 3.59007000e-05
7.33481747e+02 3.44510000e-05
7.33543940e+02 3.32140000e-05
7.33619556e+02 3.19301000e-05
7.33695173e+02 3.08297000e-05
7.33795995e+02 2.95712000e-05
7.33896817e+02 2.84848000e-05
7.34048049e+02 2.70779000e-05
7.34199282e+02 2.58564000e-05
7.34350515e+02 2.47678000e-05
7.34552159e+02 2.34724000e-05
7.34753803e+02 2.23177000e-05
7.34955446e+02 2.12772000e-05
7.35238579e+02 1.99739000e-05
7.35483046e+02 1.89709000e-05
7.35727512e+02 1.80622000e-05
7.35971979e+02 1.72339000e-05
7.36297935e+02 1.62364000e-05
7.36623890e+02 1.53421000e-05
7.36949846e+02 1.45339000e-05
7.37275801e+02 1.37982000e-05
7.37601757e+02 1.31255000e-05
7.37968423e+02 1.24341000e-05
7.38375799e+02 1.17364000e-05
7.38783176e+02 1.11023000e-05
7.39190552e+02 1.05239000e-05
7.39597928e+02 9.99420000e-06
7.40208993e+02 9.27696000e-06
7.40820057e+02 8.63921000e-06
7.41386103e+02 8.10853000e-06
7.41929640e+02 7.64585000e-06
7.42473176e+02 7.22355000e-06
7.43016712e+02 6.83728000e-06
7.43560249e+02 6.48298000e-06
7.44124638e+02 6.14530000e-06
7.44730732e+02 5.81253000e-06
7.45538857e+02 5.41011000e-06
7.46346982e+02 5.04921000e-06
7.47155107e+02 4.72474000e-06
7.47909023e+02 4.45005000e-06
7.48662940e+02 4.19901000e-06
7.49416856e+02 3.96895000e-06
7.50170772e+02 3.75780000e-06
7.51096990e+02 3.52241000e-06
7.52023208e+02 3.30803000e-06
7.52949426e+02 3.11271000e-06
7.53875644e+02 2.93476000e-06
7.54688125e+02 2.79137000e-06
7.55500607e+02 2.65906000e-06
7.56719329e+02 2.47876000e-06
7.57582736e+02 2.36068000e-06
7.58497068e+02 2.24660000e-06
7.59411400e+02 2.14019000e-06
7.60782898e+02 1.99530000e-06
7.62239477e+02 1.85805000e-06
7.63696055e+02 1.73506000e-06
7.64667107e+02 1.65953000e-06
7.65765704e+02 1.58160000e-06
7.67413601e+02 1.47634000e-06
7.69061497e+02 1.38191000e-06
7.70762348e+02 1.29498000e-06
7.72463199e+02 1.21748000e-06
7.74278141e+02 1.14397000e-06
7.76093083e+02 1.07876000e-06
7.78009060e+02 1.01783000e-06
7.79925037e+02 9.64073000e-07
7.81969420e+02 9.13870000e-07
7.84013803e+02 8.70372000e-07
7.86151379e+02 8.31170000e-07
7.89714004e+02 7.78000000e-07
7.91202212e+02 7.60744000e-07
7.93682558e+02 7.39601000e-07
7.95331315e+02 7.28929000e-07
7.97575286e+02 7.19817000e-07
7.99360925e+02 7.17302000e-07
8.00868963e+02 7.19574000e-07
8.02377000e+02 7.25823000e-07
8.03799400e+02 7.36272000e-07
8.05221800e+02 7.51864000e-07
8.06626252e+02 7.73684000e-07
8.07538625e+02 7.91906000e-07
8.08450998e+02 8.14582000e-07
8.09363370e+02 8.42863000e-07
8.10201469e+02 8.74505000e-07
8.10965292e+02 9.09588000e-07
8.11538160e+02 9.40820000e-07
8.12111028e+02 9.77163000e-07
8.12683896e+02 1.01973000e-06
8.13071486e+02 1.05288000e-06
8.13464756e+02 1.09104000e-06
8.13858026e+02 1.13462000e-06
8.14251296e+02 1.18464000e-06
8.14644565e+02 1.24246000e-06
8.14939518e+02 1.29206000e-06
8.15234470e+02 1.34819000e-06
8.15529423e+02 1.41218000e-06
8.15824375e+02 1.48569000e-06
8.16021010e+02 1.54103000e-06
8.16233570e+02 1.60764000e-06
8.16446130e+02 1.68263000e-06
8.16658690e+02 1.76772000e-06
8.16871250e+02 1.86515000e-06
8.17030671e+02 1.94813000e-06
8.17190091e+02 2.04153000e-06
8.17349511e+02 2.14788000e-06
8.17508931e+02 2.27095000e-06
8.17615211e+02 2.36511000e-06
8.17721491e+02 2.47192000e-06
8.17826018e+02 2.59294000e-06
8.17904413e+02 2.69710000e-06
8.17982808e+02 2.81589000e-06
8.18061203e+02 2.95312000e-06
8.18139598e+02 3.11371000e-06
8.18191861e+02 3.23684000e-06
8.18244124e+02 3.37550000e-06
8.18296388e+02 3.53245000e-06
8.18348651e+02 3.71093000e-06
8.18400914e+02 3.91477000e-06
8.18440112e+02 4.08694000e-06
8.18479309e+02 4.27803000e-06
8.18518507e+02 4.49044000e-06
8.18557704e+02 4.72686000e-06
8.18595108e+02 4.97759000e-06
8.18632512e+02 5.25580000e-06
8.18669917e+02 5.56466000e-06
8.18707321e+02 5.90768000e-06
8.18744725e+02 6.28870000e-06
8.18782129e+02 6.71191000e-06
8.18819534e+02 7.18191000e-06
8.18856938e+02 7.70370000e-06
8.18894342e+02 8.28269000e-06
8.18931746e+02 8.92477000e-06
8.18956682e+02 9.39097000e-06
8.18986979e+02 1.00018000e-05
8.19017276e+02 1.06648000e-05
8.19047573e+02 1.13841000e-05
8.19077869e+02 1.21638000e-05
8.19108166e+02 1.30083000e-05
8.19138463e+02 1.39223000e-05
8.19168760e+02 1.49107000e-05
8.19199056e+02 1.59785000e-05
8.19236498e+02 1.74157000e-05
8.19273940e+02 1.89926000e-05
8.19311382e+02 2.07203000e-05
8.19348823e+02 2.26098000e-05
8.19386265e+02 2.46730000e-05
8.19422097e+02 2.68211000e-05
8.19457123e+02 2.90957000e-05
8.19492150e+02 3.15533000e-05
8.19527177e+02 3.42043000e-05
8.19562203e+02 3.70590000e-05
8.19585554e+02 3.90806000e-05
8.19626727e+02 4.28863000e-05
8.19667900e+02 4.70142000e-05
8.19709073e+02 5.14803000e-05
8.19750246e+02 5.63002000e-05
8.19785019e+02 6.06572000e-05
8.19831384e+02 6.68893000e-05
8.19877748e+02 7.36204000e-05
8.19912521e+02 7.90054000e-05
8.19956849e+02 8.62973000e-05
8.19999141e+02 9.37077000e-05
8.20041433e+02 1.01565000e-04
8.20083724e+02 1.09871000e-04
8.20128404e+02 1.19131000e-04
8.20175470e+02 1.29417000e-04
8.20246070e+02 1.45839000e-04
8.20310549e+02 1.61822000e-04
8.20380197e+02 1.80050000e-04
8.20467258e+02 2.04044000e-04
8.20592546e+02 2.40282000e-04
8.20821525e+02 3.07672000e-04
8.20944030e+02 3.41543000e-04
8.21022510e+02 3.61434000e-04
8.21100991e+02 3.79403000e-04
8.21179471e+02 3.95047000e-04
8.21257952e+02 4.08002000e-04
8.21336433e+02 4.17960000e-04
8.21414913e+02 4.24677000e-04
8.21473774e+02 4.27484000e-04
8.21532634e+02 4.28333000e-04
8.21597344e+02 4.26991000e-04
8.21662053e+02 4.23289000e-04
8.21726763e+02 4.17287000e-04
8.21791472e+02 4.09085000e-04
8.21856182e+02 3.98817000e-04
8.21920891e+02 3.86649000e-04
8.22007171e+02 3.67806000e-04
8.22093450e+02 3.46444000e-04
8.22179730e+02 3.23123000e-04
8.22305035e+02 2.86957000e-04
8.22530991e+02 2.19913000e-04
8.22636483e+02 1.89857000e-04
8.22721433e+02 1.66922000e-04
8.22800890e+02 1.46758000e-04
8.22869361e+02 1.30512000e-04
8.22915009e+02 1.20302000e-04
8.22960656e+02 1.10606000e-04
8.23001726e+02 1.02329000e-04
8.23042796e+02 9.44777000e-05
8.23083867e+02 8.70530000e-05
8.23124937e+02 8.00519000e-05
8.23162049e+02 7.40856000e-05
8.23199160e+02 6.84554000e-05
8.23236272e+02 6.31544000e-05
8.23273384e+02 5.81746000e-05
8.23311271e+02 5.34127000e-05
8.23349158e+02 4.89654000e-05
8.23387045e+02 4.48212000e-05
8.23424932e+02 4.09682000e-05
8.23459222e+02 3.77214000e-05
8.23493512e+02 3.46931000e-05
8.23527802e+02 3.18736000e-05
8.23562092e+02 2.92530000e-05
8.23597755e+02 2.67278000e-05
8.23633419e+02 2.43960000e-05
8.23669082e+02 2.22467000e-05
8.23704745e+02 2.02690000e-05
8.23734589e+02 1.87383000e-05
8.23764432e+02 1.73144000e-05
8.23794275e+02 1.59914000e-05
8.23824119e+02 1.47636000e-05
8.23853962e+02 1.36253000e-05
8.23884601e+02 1.25444000e-05
8.23915638e+02 1.15342000e-05
8.23946674e+02 1.06038000e-05
8.23977711e+02 9.74794000e-06
8.24008747e+02 8.96144000e-06
8.24041530e+02 8.20068000e-06
8.24065714e+02 7.68245000e-06
8.24089897e+02 7.19836000e-06
8.24114081e+02 6.74645000e-06
8.24138264e+02 6.32481000e-06
8.24162447e+02 5.93164000e-06
8.24186631e+02 5.56520000e-06
8.24210814e+02 5.22386000e-06
8.24237899e+02 4.86943000e-06
8.24267884e+02 4.50897000e-06
8.24297869e+02 4.17948000e-06
8.24327853e+02 3.87850000e-06
8.24357838e+02 3.60371000e-06
8.24387823e+02 3.35295000e-06
8.24417808e+02 3.12423000e-06
8.24447793e+02 2.91568000e-06
8.24476014e+02 2.73628000e-06
8.24502472e+02 2.58176000e-06
8.24528929e+02 2.43941000e-06
8.24555386e+02 2.30828000e-06
8.24581843e+02 2.18750000e-06
8.24608300e+02 2.07623000e-06
8.24634757e+02 1.97372000e-06
8.24674443e+02 1.83484000e-06
8.24714129e+02 1.71192000e-06
8.24753814e+02 1.60305000e-06
8.24793500e+02 1.50650000e-06
8.24833186e+02 1.42078000e-06
8.24872871e+02 1.34454000e-06
8.24913584e+02 1.27498000e-06
8.24954810e+02 1.21231000e-06
8.24996037e+02 1.15649000e-06
8.25037263e+02 1.10661000e-06
8.25078490e+02 1.06193000e-06
8.25133458e+02 1.00929000e-06
8.25188426e+02 9.63378000e-07
8.25243395e+02 9.23098000e-07
8.25298363e+02 8.87542000e-07
8.25353332e+02 8.55966000e-07
8.25435785e+02 8.14760000e-07
8.25518237e+02 7.79537000e-07
8.25600690e+02 7.49084000e-07
8.25655659e+02 7.30974000e-07
8.25765596e+02 6.99079000e-07
8.25876346e+02 6.71730000e-07
8.25987096e+02 6.48238000e-07
8.26097847e+02 6.27920000e-07
8.26263972e+02 6.02313000e-07
8.26430098e+02 5.81469000e-07
8.26596223e+02 5.64492000e-07
8.26762349e+02 5.50712000e-07
8.26983850e+02 5.36432000e-07
8.27205350e+02 5.25983000e-07
8.27426851e+02 5.18651000e-07
8.27660921e+02 5.13683000e-07
8.27907560e+02 5.10996000e-07
8.28087612e+02 5.10425000e-07
8.28371275e+02 5.11522000e-07
8.28711670e+02 5.15514000e-07
8.29165531e+02 5.24499000e-07
8.29619392e+02 5.36922000e-07
8.30073253e+02 5.52145000e-07
8.30754044e+02 5.79255000e-07
8.31434835e+02 6.10982000e-07
8.32060872e+02 6.44022000e-07
8.32659532e+02 6.79097000e-07
8.33258192e+02 7.17750000e-07
8.33856853e+02 7.60256000e-07
8.34455513e+02 8.06972000e-07
8.35055361e+02 8.58505000e-07
8.35657585e+02 9.15703000e-07
8.36259809e+02 9.79227000e-07
8.36862034e+02 1.04997000e-06
8.37464258e+02 1.12935000e-06
8.37865741e+02 1.18782000e-06
8.38254364e+02 1.24917000e-06
8.38630127e+02 1.31345000e-06
8.39005890e+02 1.38328000e-06
8.39381653e+02 1.45938000e-06
8.39757416e+02 1.54260000e-06
8.40133179e+02 1.63388000e-06
8.40508942e+02 1.73433000e-06
8.40884705e+02 1.84527000e-06
8.41214775e+02 1.95266000e-06
8.41499152e+02 2.05363000e-06
8.41783528e+02 2.16342000e-06
8.42067905e+02 2.28319000e-06
8.42352282e+02 2.41431000e-06
8.42636658e+02 2.55836000e-06
8.42921035e+02 2.71708000e-06
8.43205412e+02 2.89262000e-06
8.43446981e+02 3.05688000e-06
8.43745123e+02 3.28183000e-06
8.43943884e+02 3.44747000e-06
8.44142646e+02 3.62741000e-06
8.44341407e+02 3.82345000e-06
8.44540168e+02 4.03766000e-06
8.44738930e+02 4.27248000e-06
8.44937691e+02 4.53082000e-06
8.45104260e+02 4.76797000e-06
8.45270828e+02 5.02658000e-06
8.45437396e+02 5.30954000e-06
8.45603964e+02 5.62032000e-06
8.45770532e+02 5.96298000e-06
8.45937101e+02 6.34247000e-06
8.46103669e+02 6.76484000e-06
8.46270237e+02 7.23775000e-06
8.46395022e+02 7.63098000e-06
8.46519808e+02 8.06347000e-06
8.46644593e+02 8.54218000e-06
8.46769379e+02 9.07645000e-06
8.46862968e+02 9.52121000e-06
8.46956557e+02 1.00118000e-05
8.47050146e+02 1.05582000e-05
8.47143735e+02 1.11739000e-05
8.47237324e+02 1.18772000e-05
8.47307151e+02 1.24738000e-05
8.47365098e+02 1.30263000e-05
8.47423044e+02 1.36413000e-05
8.47480991e+02 1.43309000e-05
8.47538938e+02 1.51095000e-05
8.47596884e+02 1.59951000e-05
8.47654831e+02 1.70091000e-05
8.47693462e+02 1.77691000e-05
8.47732093e+02 1.86065000e-05
8.47770724e+02 1.95316000e-05
8.47809355e+02 2.05557000e-05
8.47847986e+02 2.16917000e-05
8.47886617e+02 2.29540000e-05
8.47919630e+02 2.41451000e-05
8.47952642e+02 2.54514000e-05
8.47985655e+02 2.68853000e-05
8.48018668e+02 2.84603000e-05
8.48051680e+02 3.01911000e-05
8.48084693e+02 3.20940000e-05
8.48117705e+02 3.41865000e-05
8.48150718e+02 3.64879000e-05
8.48183731e+02 3.90191000e-05
8.48216743e+02 4.18026000e-05
8.48238752e+02 4.38105000e-05
8.48270189e+02 4.69075000e-05
8.48301627e+02 5.02953000e-05
8.48333065e+02 5.39999000e-05
8.48364502e+02 5.80486000e-05
8.48395940e+02 6.24711000e-05
8.48427378e+02 6.72987000e-05
8.48458816e+02 7.25649000e-05
8.48490253e+02 7.83052000e-05
8.48526629e+02 8.55884000e-05
8.48563005e+02 9.36189000e-05
8.48599381e+02 1.02462000e-04
8.48635756e+02 1.12189000e-04
8.48672132e+02 1.22871000e-04
8.48704208e+02 1.33147000e-04
8.48734135e+02 1.43508000e-04
8.48764063e+02 1.54664000e-04
8.48793990e+02 1.66664000e-04
8.48823917e+02 1.79557000e-04
8.48843868e+02 1.88675000e-04
8.48880853e+02 2.06741000e-04
8.48917839e+02 2.26405000e-04
8.48954824e+02 2.47772000e-04
8.48991809e+02 2.70947000e-04
8.49022713e+02 2.91774000e-04
8.49053616e+02 3.14002000e-04
8.49084519e+02 3.37691000e-04
8.49115422e+02 3.62905000e-04
8.49156627e+02 3.99002000e-04
8.49195743e+02 4.36009000e-04
8.49234858e+02 4.75805000e-04
8.49273974e+02 5.18503000e-04
8.49313090e+02 5.64208000e-04
8.49352888e+02 6.13898000e-04
8.49392686e+02 6.66894000e-04
8.49432484e+02 7.23274000e-04
8.49484859e+02 8.02736000e-04
8.49522592e+02 8.63743000e-04
8.49572902e+02 9.50022000e-04
8.49623212e+02 1.04194100e-03
8.49673522e+02 1.13944200e-03
8.49723750e+02 1.24223000e-03
8.49799091e+02 1.40618500e-03
8.49874431e+02 1.58100200e-03
8.49961329e+02 1.79437900e-03
8.50077193e+02 2.09388500e-03
8.50352552e+02 2.82524900e-03
8.50474183e+02 3.12803100e-03
8.50553182e+02 3.30828900e-03
8.50632181e+02 3.47113500e-03
8.50711180e+02 3.61300000e-03
8.50790179e+02 3.73067100e-03
8.50869179e+02 3.82141600e-03
8.50948178e+02 3.88308400e-03
8.51027177e+02 3.91419900e-03
8.51066677e+02 3.91803500e-03
8.51130097e+02 3.90776300e-03
8.51193516e+02 3.87741100e-03
8.51256936e+02 3.82745900e-03
8.51320356e+02 3.75868600e-03
8.51383776e+02 3.67215300e-03
8.51447196e+02 3.56917500e-03
8.51531755e+02 3.40896400e-03
8.51616315e+02 3.22638400e-03
8.51700875e+02 3.02594900e-03
8.51835817e+02 2.68086600e-03
8.52090638e+02 2.00447300e-03
8.52201072e+02 1.72391100e-03
8.52288339e+02 1.51451400e-03
8.52346518e+02 1.38235200e-03
8.52400063e+02 1.26655500e-03
8.52453609e+02 1.15670600e-03
8.52507155e+02 1.05305000e-03
8.52560701e+02 9.55744000e-04
8.52605683e+02 8.78968000e-04
8.52650665e+02 8.06736000e-04
8.52695647e+02 7.39021000e-04
8.52740629e+02 6.75766000e-04
8.52780607e+02 6.23224000e-04
8.52820585e+02 5.74067000e-04
8.52860563e+02 5.28208000e-04
8.52900541e+02 4.85552000e-04
8.52942552e+02 4.44064000e-04
8.52984564e+02 4.05871000e-04
8.53026575e+02 3.70839000e-04
8.53058084e+02 3.46558000e-04
8.53092441e+02 3.21952000e-04
8.53128223e+02 2.98322000e-04
8.53164006e+02 2.76645000e-04
8.53199788e+02 2.56838000e-04
8.53235570e+02 2.38821000e-04
8.53259425e+02 2.27766000e-04
8.53291351e+02 2.14123000e-04
8.53323277e+02 2.01752000e-04
8.53355203e+02 1.90604000e-04
8.53387129e+02 1.80635000e-04
8.53419056e+02 1.71801000e-04
8.53450982e+02 1.64064000e-04
8.53482908e+02 1.57387000e-04
8.53514834e+02 1.51739000e-04
8.53543210e+02 1.47557000e-04
8.53571586e+02 1.44147000e-04
8.53599962e+02 1.41493000e-04
8.53628338e+02 1.39581000e-04
8.53656715e+02 1.38402000e-04
8.53687718e+02 1.37939000e-04
8.53720035e+02 1.38367000e-04
8.53752352e+02 1.39719000e-04
8.53784668e+02 1.41994000e-04
8.53816985e+02 1.45193000e-04
8.53849302e+02 1.49322000e-04
8.53881619e+02 1.54390000e-04
8.53913936e+02 1.60410000e-04
8.53946253e+02 1.67396000e-04
8.53978570e+02 1.75368000e-04
8.54010886e+02 1.84345000e-04
8.54048185e+02 1.95988000e-04
8.54085484e+02 2.09040000e-04
8.54122782e+02 2.23546000e-04
8.54160081e+02 2.39550000e-04
8.54197379e+02 2.57100000e-04
8.54233175e+02 2.75442000e-04
8.54268220e+02 2.94863000e-04
8.54303265e+02 3.15774000e-04
8.54338311e+02 3.38215000e-04
8.54373356e+02 3.62223000e-04
8.54419392e+02 3.96206000e-04
8.54464739e+02 4.32460000e-04
8.54510086e+02 4.71536000e-04
8.54555433e+02 5.13483000e-04
8.54605049e+02 5.62708000e-04
8.54658933e+02 6.20135000e-04
8.54712818e+02 6.81679000e-04
8.54766702e+02 7.47286000e-04
8.54820635e+02 8.16916000e-04
8.54874617e+02 8.90420000e-04
8.54955589e+02 1.00733200e-03
8.55048365e+02 1.14991900e-03
8.55164745e+02 1.33880000e-03
8.55428944e+02 1.78100400e-03
8.55537969e+02 1.95454400e-03
8.55619737e+02 2.07558900e-03
8.55701506e+02 2.18587000e-03
8.55781643e+02 2.28106900e-03
8.55858518e+02 2.35837500e-03
8.55935392e+02 2.42025800e-03
8.56012267e+02 2.46535000e-03
8.56089141e+02 2.49263800e-03
8.56166016e+02 2.50150300e-03
8.56243357e+02 2.49162500e-03
8.56320697e+02 2.46311900e-03
8.56398037e+02 2.41663500e-03
8.56475378e+02 2.35322200e-03
8.56552718e+02 2.27429200e-03
8.56630058e+02 2.18156200e-03
8.56707398e+02 2.07699300e-03
8.56784739e+02 1.96272200e-03
8.56875164e+02 1.81981700e-03
8.57056016e+02 1.51779500e-03
8.57209219e+02 1.26150500e-03
8.57303385e+02 1.11031200e-03
8.57366162e+02 1.01380100e-03
8.57424821e+02 9.27358000e-04
8.57479362e+02 8.50580000e-04
8.57533902e+02 7.77528000e-04
8.57588442e+02 7.08391000e-04
8.57637199e+02 6.50005000e-04
8.57680174e+02 6.01269000e-04
8.57723148e+02 5.55101000e-04
8.57766122e+02 5.11500000e-04
8.57808148e+02 4.71322000e-04
8.57849227e+02 4.34370000e-04
8.57890306e+02 3.99670000e-04
8.57931385e+02 3.67167000e-04
8.57973632e+02 3.35967000e-04
8.58017048e+02 3.06177000e-04
8.58060464e+02 2.78603000e-04
8.58103880e+02 2.53148000e-04
8.58146559e+02 2.30092000e-04
8.58188501e+02 2.09238000e-04
8.58219957e+02 1.94713000e-04
8.58251413e+02 1.81098000e-04
8.58282869e+02 1.68354000e-04
8.58316934e+02 1.55487000e-04
8.58352303e+02 1.43101000e-04
8.58387672e+02 1.31653000e-04
8.58423041e+02 1.21087000e-04
8.58458411e+02 1.11348000e-04
8.58493279e+02 1.02507000e-04
8.58527147e+02 9.45951000e-05
8.58561016e+02 8.73060000e-05
8.58594884e+02 8.05984000e-05
8.58628752e+02 7.44326000e-05
8.58662620e+02 6.87709000e-05
8.58690820e+02 6.44155000e-05
8.58719020e+02 6.03647000e-05
8.58747219e+02 5.65997000e-05
8.58775419e+02 5.31024000e-05
8.58803619e+02 4.98554000e-05
8.58831819e+02 4.68425000e-05
8.58860019e+02 4.40481000e-05
8.58898505e+02 4.05603000e-05
8.58929366e+02 3.80139000e-05
8.58960227e+02 3.56721000e-05
8.58991088e+02 3.35191000e-05
8.59021949e+02 3.15399000e-05
8.59052809e+02 2.97209000e-05
8.59083670e+02 2.80492000e-05
8.59114531e+02 2.65127000e-05
8.59135105e+02 2.55580000e-05
8.59176252e+02 2.38018000e-05
8.59217400e+02 2.22311000e-05
8.59249755e+02 2.11127000e-05
8.59282110e+02 2.00870000e-05
8.59314465e+02 1.91456000e-05
8.59362998e+02 1.78750000e-05
8.59411531e+02 1.67539000e-05
8.59460064e+02 1.57619000e-05
8.59508597e+02 1.48816000e-05
8.59557129e+02 1.40976000e-05
8.59605662e+02 1.33969000e-05
8.59654195e+02 1.27680000e-05
8.59702728e+02 1.22013000e-05
8.59761892e+02 1.15822000e-05
8.59815509e+02 1.10795000e-05
8.59895936e+02 1.04116000e-05
8.59976363e+02 9.82844000e-06
8.60056789e+02 9.31327000e-06
8.60137216e+02 8.85335000e-06
8.60217642e+02 8.43881000e-06
8.60324877e+02 7.94381000e-06
8.60432113e+02 7.50263000e-06
8.60539348e+02 7.10543000e-06
8.60663634e+02 6.69065000e-06
8.60804971e+02 6.26838000e-06
8.60946308e+02 5.89003000e-06
8.61087645e+02 5.54877000e-06
8.61228982e+02 5.23928000e-06
8.61370319e+02 4.95732000e-06
8.61511655e+02 4.69944000e-06
8.61652992e+02 4.46276000e-06
8.61817855e+02 4.21029000e-06
8.62006243e+02 3.94901000e-06
8.62194631e+02 3.71294000e-06
8.62383020e+02 3.49876000e-06
8.62571408e+02 3.30370000e-06
8.62759796e+02 3.12543000e-06
8.62948185e+02 2.96199000e-06
8.63136573e+02 2.81170000e-06
8.63354527e+02 2.65240000e-06
8.63602048e+02 2.48816000e-06
8.63849568e+02 2.33942000e-06
8.64097089e+02 2.20418000e-06
8.64344609e+02 2.08077000e-06
8.64592130e+02 1.96772000e-06
8.64839650e+02 1.86374000e-06
8.65087171e+02 1.76771000e-06
8.65377171e+02 1.66405000e-06
8.65709652e+02 1.55575000e-06
8.66042133e+02 1.45786000e-06
8.66374615e+02 1.36973000e-06
8.66707096e+02 1.29059000e-06
8.67039577e+02 1.21943000e-06
8.67372058e+02 1.15498000e-06
8.67704539e+02 1.09593000e-06
8.68058172e+02 1.03789000e-06
8.68432959e+02 9.80986000e-07
8.68807745e+02 9.28438000e-07
8.69182532e+02 8.79968000e-07
8.69557318e+02 8.35276000e-07
8.69932104e+02 7.94062000e-07
8.70494284e+02 7.38049000e-07
8.70869070e+02 7.04036000e-07
8.71321923e+02 6.66025000e-07
8.71774776e+02 6.31084000e-07
8.72227628e+02 5.98911000e-07
8.72680481e+02 5.69244000e-07
8.73359760e+02 5.28925000e-07
8.74039038e+02 4.92978000e-07
8.74697471e+02 4.61720000e-07
8.75314210e+02 4.35202000e-07
8.75930949e+02 4.11022000e-07
8.76547688e+02 3.88929000e-07
8.76958847e+02 3.75249000e-07
8.77781165e+02 3.50150000e-07
8.78488362e+02 3.30712000e-07
8.79195558e+02 3.12990000e-07
8.79902755e+02 2.96791000e-07
8.80609951e+02 2.81993000e-07
8.81552880e+02 2.64102000e-07
8.82481935e+02 2.48250000e-07
8.83410990e+02 2.33983000e-07
8.84340044e+02 2.21136000e-07
8.85269099e+02 2.09523000e-07
8.86469262e+02 1.96056000e-07
8.87669426e+02 1.84044000e-07
8.88945043e+02 1.72742000e-07
8.89896060e+02 1.65159000e-07
8.91322585e+02 1.54973000e-07
8.92273601e+02 1.48857000e-07
8.93870593e+02 1.39616000e-07
8.94935254e+02 1.34138000e-07
8.96532245e+02 1.26789000e-07
8.98343610e+02 1.19466000e-07
8.99551186e+02 1.15142000e-07
9.01362550e+02 1.09393000e-07
9.04068597e+02 1.01848000e-07
9.05442318e+02 9.85159000e-08
9.07800849e+02 9.41526000e-08
9.09925027e+02 9.06228000e-08
9.11105793e+02 8.88166000e-08
9.13467325e+02 8.57078000e-08
9.16360150e+02 8.25974000e-08
9.19252975e+02 8.01274000e-08
9.22439694e+02 7.80408000e-08
9.25626412e+02 7.65081000e-08
9.29413752e+02 7.53552000e-08
9.35628450e+02 7.42798000e-08
9.37055682e+02 7.39279000e-08
9.39382115e+02 7.46689000e-08
9.43259504e+02 7.54734000e-08
9.47989795e+02 7.67880000e-08
9.56312530e+02 7.98553000e-08
9.58539312e+02 7.81376000e-08
9.58927431e+02 7.85173000e-08
9.59574295e+02 7.99993000e-08
9.60091787e+02 8.12614000e-08
9.60609278e+02 8.21654000e-08
9.61644261e+02 8.31591000e-08
9.66819177e+02 8.69043000e-08
9.72690242e+02 9.15755000e-08
9.78023092e+02 9.64064000e-08
9.86075789e+02 1.04698000e-07
9.88846609e+02 1.07295000e-07
9.88933198e+02 1.07303000e-07
9.89416726e+02 1.06919000e-07
9.89727078e+02 1.06116000e-07
9.90037431e+02 1.04733000e-07
9.90347783e+02 1.02779000e-07
9.91046076e+02 9.77456000e-08
9.91278840e+02 9.66321000e-08
9.91521302e+02 9.61722000e-08
9.91531001e+02 9.61710000e-08
9.91691781e+02 9.63528000e-08
9.91896960e+02 9.71297000e-08
9.92102138e+02 9.84515000e-08
9.92409906e+02 1.01159000e-07
9.93025441e+02 1.07173000e-07
9.93333209e+02 1.09650000e-07
9.93640977e+02 1.11558000e-07
9.94051334e+02 1.13320000e-07
9.94666869e+02 1.14962000e-07
9.98154904e+02 1.21143000e-07
9.98468863e+02 1.22188000e-07
9.98782823e+02 1.23799000e-07
9.99018293e+02 1.25585000e-07
9.99253762e+02 1.28056000e-07
9.99489232e+02 1.31388000e-07
9.99724702e+02 1.35736000e-07
9.99960171e+02 1.41213000e-07
1.00019564e+03 1.47865000e-07
1.00043111e+03 1.55670000e-07
1.00066658e+03 1.64538000e-07
1.00091975e+03 1.75096000e-07
1.00117292e+03 1.86507000e-07
1.00151047e+03 2.02680000e-07
1.00218559e+03 2.36785000e-07
1.01347775e+03 8.21472000e-07
1.02523140e+03 1.43503000e-06
1.04729363e+03 2.61003000e-06
1.05503192e+03 3.02058000e-06
1.06033786e+03 3.32961000e-06
1.06918111e+03 3.83122000e-06
1.07932055e+03 4.43284000e-06
1.08731339e+03 4.93689000e-06
1.09883133e+03 5.72944000e-06
1.10875083e+03 6.56776000e-06
1.11059440e+03 6.77220000e-06
1.11366701e+03 7.14418000e-06
1.11612601e+03 7.47272000e-06
1.11858500e+03 7.85523000e-06
1.12029280e+03 8.16675000e-06
1.12200060e+03 8.53006000e-06
1.12313913e+03 8.81095000e-06
1.12411248e+03 9.08552000e-06
1.12508583e+03 9.39814000e-06
1.12605918e+03 9.75677000e-06
1.12703254e+03 1.01746000e-05
1.12777334e+03 1.05460000e-05
1.12851414e+03 1.09773000e-05
1.12925494e+03 1.14818000e-05
1.12999573e+03 1.20780000e-05
1.13048960e+03 1.25419000e-05
1.13098347e+03 1.30744000e-05
1.13140231e+03 1.35914000e-05
1.13182115e+03 1.41813000e-05
1.13223999e+03 1.48600000e-05
1.13255413e+03 1.54400000e-05
1.13286826e+03 1.60938000e-05
1.13318239e+03 1.68360000e-05
1.13349652e+03 1.76845000e-05
1.13381065e+03 1.86628000e-05
1.13402007e+03 1.94025000e-05
1.13422949e+03 2.02260000e-05
1.13443377e+03 2.11243000e-05
1.13463289e+03 2.21070000e-05
1.13483202e+03 2.32161000e-05
1.13503115e+03 2.44785000e-05
1.13518050e+03 2.55474000e-05
1.13532984e+03 2.67435000e-05
1.13547919e+03 2.80946000e-05
1.13562853e+03 2.96384000e-05
1.13572810e+03 3.07998000e-05
1.13582766e+03 3.20905000e-05
1.13592722e+03 3.35369000e-05
1.13603305e+03 3.52827000e-05
1.13611243e+03 3.67631000e-05
1.13619180e+03 3.84202000e-05
1.13627117e+03 4.02872000e-05
1.13635054e+03 4.24045000e-05
1.13642991e+03 4.48209000e-05
1.13650929e+03 4.75948000e-05
1.13656220e+03 4.96769000e-05
1.13661512e+03 5.19729000e-05
1.13666803e+03 5.45099000e-05
1.13672095e+03 5.73179000e-05
1.13677386e+03 6.04305000e-05
1.13683419e+03 6.43994000e-05
1.13687944e+03 6.77051000e-05
1.13692469e+03 7.13246000e-05
1.13696994e+03 7.52895000e-05
1.13701519e+03 7.96333000e-05
1.13706044e+03 8.43932000e-05
1.13710569e+03 8.96084000e-05
1.13715094e+03 9.53213000e-05
1.13719619e+03 1.01578000e-04
1.13724144e+03 1.08426000e-04
1.13729351e+03 1.17105000e-04
1.13733050e+03 1.23833000e-04
1.13736748e+03 1.31065000e-04
1.13740447e+03 1.38833000e-04
1.13744145e+03 1.47173000e-04
1.13747844e+03 1.56119000e-04
1.13751542e+03 1.65708000e-04
1.13756786e+03 1.80480000e-04
1.13761423e+03 1.94773000e-04
1.13766060e+03 2.10302000e-04
1.13770697e+03 2.27150000e-04
1.13775334e+03 2.45399000e-04
1.13779970e+03 2.65133000e-04
1.13784243e+03 2.84701000e-04
1.13788515e+03 3.05666000e-04
1.13792787e+03 3.28090000e-04
1.13797059e+03 3.52037000e-04
1.13802756e+03 3.86440000e-04
1.13807491e+03 4.17278000e-04
1.13812226e+03 4.50226000e-04
1.13816961e+03 4.85351000e-04
1.13823274e+03 5.35670000e-04
1.13828009e+03 5.76082000e-04
1.13833866e+03 6.29301000e-04
1.13839723e+03 6.86127000e-04
1.13845580e+03 7.46570000e-04
1.13851437e+03 8.10600000e-04
1.13857777e+03 8.83883000e-04
1.13864118e+03 9.61153000e-04
1.13873628e+03 1.08408000e-03
1.13883073e+03 1.21364000e-03
1.13893531e+03 1.36426000e-03
1.13913087e+03 1.65842800e-03
1.13932856e+03 1.95602600e-03
1.13944152e+03 2.11745600e-03
1.13955449e+03 2.26689400e-03
1.13967187e+03 2.40459100e-03
1.13975012e+03 2.48409500e-03
1.13982837e+03 2.55226200e-03
1.13990662e+03 2.60797700e-03
1.13998487e+03 2.65030800e-03
1.14006312e+03 2.67853600e-03
1.14014137e+03 2.69217600e-03
1.14018050e+03 2.69344000e-03
1.14025523e+03 2.68553100e-03
1.14032996e+03 2.66419200e-03
1.14040469e+03 2.62974800e-03
1.14047942e+03 2.58272500e-03
1.14057906e+03 2.50172000e-03
1.14067870e+03 2.40178500e-03
1.14077834e+03 2.28549700e-03
1.14087798e+03 2.15575300e-03
1.14097762e+03 2.01565300e-03
1.14113835e+03 1.77586400e-03
1.14137945e+03 1.40899400e-03
1.14151220e+03 1.21513500e-03
1.14161815e+03 1.06884000e-03
1.14168879e+03 9.76490000e-04
1.14175068e+03 8.99378000e-04
1.14181256e+03 8.26030000e-04
1.14187444e+03 7.56597000e-04
1.14193633e+03 6.91179000e-04
1.14199139e+03 6.36384000e-04
1.14204645e+03 5.84809000e-04
1.14210152e+03 5.36432000e-04
1.14215658e+03 4.91206000e-04
1.14220813e+03 4.51665000e-04
1.14225967e+03 4.14758000e-04
1.14231121e+03 3.80403000e-04
1.14236276e+03 3.48509000e-04
1.14240627e+03 3.23427000e-04
1.14244978e+03 2.99964000e-04
1.14249329e+03 2.78056000e-04
1.14253680e+03 2.57634000e-04
1.14258031e+03 2.38629000e-04
1.14262700e+03 2.19733000e-04
1.14267528e+03 2.01735000e-04
1.14272355e+03 1.85210000e-04
1.14277183e+03 1.70064000e-04
1.14282010e+03 1.56207000e-04
1.14286919e+03 1.43344000e-04
1.14291993e+03 1.31260000e-04
1.14297066e+03 1.20308000e-04
1.14302139e+03 1.10399000e-04
1.14307213e+03 1.01443000e-04
1.14312286e+03 9.33615000e-05
1.14316093e+03 8.78230000e-05
1.14319900e+03 8.27022000e-05
1.14323708e+03 7.79695000e-05
1.14327515e+03 7.35974000e-05
1.14332591e+03 6.82842000e-05
1.14337667e+03 6.35081000e-05
1.14342743e+03 5.92162000e-05
1.14347820e+03 5.53594000e-05
1.14352896e+03 5.18935000e-05
1.14357295e+03 4.91743000e-05
1.14361695e+03 4.66937000e-05
1.14366094e+03 4.44298000e-05
1.14370494e+03 4.23621000e-05
1.14374893e+03 4.04721000e-05
1.14381493e+03 3.79336000e-05
1.14388092e+03 3.57064000e-05
1.14394691e+03 3.37464000e-05
1.14401290e+03 3.20158000e-05
1.14407890e+03 3.04821000e-05
1.14414489e+03 2.91173000e-05
1.14421088e+03 2.78978000e-05
1.14427308e+03 2.68631000e-05
1.14435348e+03 2.56669000e-05
1.14443388e+03 2.46061000e-05
1.14451428e+03 2.36592000e-05
1.14463488e+03 2.24151000e-05
1.14475548e+03 2.13425000e-05
1.14487608e+03 2.04072000e-05
1.14499669e+03 1.95833000e-05
1.14511729e+03 1.88515000e-05
1.14527809e+03 1.79939000e-05
1.14543889e+03 1.72475000e-05
1.14560726e+03 1.65640000e-05
1.14578319e+03 1.59389000e-05
1.14595913e+03 1.53905000e-05
1.14622303e+03 1.46869000e-05
1.14648693e+03 1.41003000e-05
1.14675083e+03 1.36084000e-05
1.14701472e+03 1.31944000e-05
1.14727862e+03 1.28452000e-05
1.14763049e+03 1.24630000e-05
1.14798236e+03 1.21590000e-05
1.14833423e+03 1.19188000e-05
1.14872220e+03 1.17156000e-05
1.14911018e+03 1.15667000e-05
1.14962748e+03 1.14379000e-05
1.15014477e+03 1.13754000e-05
1.15040342e+03 1.13660000e-05
1.15108150e+03 1.14041000e-05
1.15175957e+03 1.15211000e-05
1.15243764e+03 1.17103000e-05
1.15311571e+03 1.19719000e-05
1.15379378e+03 1.23089000e-05
1.15448359e+03 1.27346000e-05
1.15517927e+03 1.32594000e-05
1.15564305e+03 1.36728000e-05
1.15610683e+03 1.41457000e-05
1.15657062e+03 1.46871000e-05
1.15703440e+03 1.53083000e-05
1.15749818e+03 1.60228000e-05
1.15790753e+03 1.67452000e-05
1.15826245e+03 1.74544000e-05
1.15861736e+03 1.82544000e-05
1.15897228e+03 1.91613000e-05
1.15932720e+03 2.01952000e-05
1.15968211e+03 2.13810000e-05
1.15994830e+03 2.23885000e-05
1.16021448e+03 2.35154000e-05
1.16048067e+03 2.47821000e-05
1.16077680e+03 2.63865000e-05
1.16098420e+03 2.76550000e-05
1.16119161e+03 2.90638000e-05
1.16139901e+03 3.06357000e-05
1.16160641e+03 3.23983000e-05
1.16181381e+03 3.43863000e-05
1.16196936e+03 3.60515000e-05
1.16212491e+03 3.78920000e-05
1.16229557e+03 4.01492000e-05
1.16242948e+03 4.21278000e-05
1.16256338e+03 4.43257000e-05
1.16269729e+03 4.67894000e-05
1.16283120e+03 4.95830000e-05
1.16293163e+03 5.19482000e-05
1.16303207e+03 5.46018000e-05
1.16313250e+03 5.76136000e-05
1.16323293e+03 6.10765000e-05
1.16332127e+03 6.45932000e-05
1.16338543e+03 6.74878000e-05
1.16344959e+03 7.07273000e-05
1.16351375e+03 7.43744000e-05
1.16357791e+03 7.85049000e-05
1.16364207e+03 8.32085000e-05
1.16370623e+03 8.85925000e-05
1.16374901e+03 9.26217000e-05
1.16379178e+03 9.70526000e-05
1.16383455e+03 1.01933000e-04
1.16387733e+03 1.07318000e-04
1.16392010e+03 1.13266000e-04
1.16396288e+03 1.19845000e-04
1.16400800e+03 1.27549000e-04
1.16405549e+03 1.36607000e-04
1.16409110e+03 1.44114000e-04
1.16412671e+03 1.52295000e-04
1.16416232e+03 1.61214000e-04
1.16419793e+03 1.70936000e-04
1.16423355e+03 1.81535000e-04
1.16426916e+03 1.93088000e-04
1.16430477e+03 2.05681000e-04
1.16434038e+03 2.19400000e-04
1.16438206e+03 2.37019000e-04
1.16441793e+03 2.53653000e-04
1.16445380e+03 2.71765000e-04
1.16448967e+03 2.91477000e-04
1.16452555e+03 3.12916000e-04
1.16456142e+03 3.36219000e-04
1.16459729e+03 3.61530000e-04
1.16463316e+03 3.89001000e-04
1.16466576e+03 4.15972000e-04
1.16469508e+03 4.41976000e-04
1.16473907e+03 4.84291000e-04
1.16478306e+03 5.30882000e-04
1.16482704e+03 5.82103000e-04
1.16487103e+03 6.38332000e-04
1.16491053e+03 6.93415000e-04
1.16494778e+03 7.49625000e-04
1.16498503e+03 8.10229000e-04
1.16502229e+03 8.75491000e-04
1.16505954e+03 9.45682000e-04
1.16508438e+03 9.95348000e-04
1.16512756e+03 1.08745100e-03
1.16517073e+03 1.18723600e-03
1.16521391e+03 1.29515600e-03
1.16525709e+03 1.41165500e-03
1.16530228e+03 1.54328000e-03
1.16534748e+03 1.68530600e-03
1.16539268e+03 1.83823100e-03
1.16543787e+03 2.00253400e-03
1.16548522e+03 2.18737800e-03
1.16553257e+03 2.38571500e-03
1.16557992e+03 2.59801000e-03
1.16562726e+03 2.82467300e-03
1.16567733e+03 3.08036600e-03
1.16572739e+03 3.35285700e-03
1.16577746e+03 3.64240000e-03
1.16584290e+03 4.04684800e-03
1.16588905e+03 4.34970100e-03
1.16595057e+03 4.77606400e-03
1.16601210e+03 5.22772300e-03
1.16609165e+03 5.84783700e-03
1.16618182e+03 6.59652200e-03
1.16629002e+03 7.55144800e-03
1.16642596e+03 8.81881900e-03
1.16674496e+03 1.18877850e-02
1.16687256e+03 1.30515610e-02
1.16696309e+03 1.38192670e-02
1.16705362e+03 1.45215420e-02
1.16714415e+03 1.51438850e-02
1.16723467e+03 1.56729860e-02
1.16732521e+03 1.60972290e-02
1.16741574e+03 1.64070820e-02
1.16750626e+03 1.65954790e-02
1.16759679e+03 1.66580870e-02
1.16769432e+03 1.65832070e-02
1.16779184e+03 1.63627660e-02
1.16788937e+03 1.60026810e-02
1.16798689e+03 1.55124790e-02
1.16808442e+03 1.49048780e-02
1.16818194e+03 1.41952390e-02
1.16827946e+03 1.34008910e-02
1.16840949e+03 1.22423040e-02
1.16860454e+03 1.03833320e-02
1.16880054e+03 8.49890100e-03
1.16892315e+03 7.36818300e-03
1.16902682e+03 6.46326100e-03
1.16912101e+03 5.69158700e-03
1.16918380e+03 5.20705100e-03
1.16924165e+03 4.78322300e-03
1.16929454e+03 4.41518900e-03
1.16934743e+03 4.06615700e-03
1.16940033e+03 3.73630300e-03
1.16945159e+03 3.43491800e-03
1.16950122e+03 3.16017500e-03
1.16955085e+03 2.90199200e-03
1.16960048e+03 2.66006300e-03
1.16964842e+03 2.44146800e-03
1.16969466e+03 2.24424300e-03
1.16974090e+03 2.05999100e-03
1.16978714e+03 1.88825900e-03
1.16983546e+03 1.72164600e-03
1.16987326e+03 1.60009100e-03
1.16991107e+03 1.48593500e-03
1.16994887e+03 1.37888500e-03
1.16998667e+03 1.27864400e-03
1.17002431e+03 1.18529500e-03
1.17006164e+03 1.09881800e-03
1.17009896e+03 1.01810700e-03
1.17013628e+03 9.42877000e-04
1.17017360e+03 8.72845000e-04
1.17021093e+03 8.07735000e-04
1.17025036e+03 7.43982000e-04
1.17028980e+03 6.85114000e-04
1.17032924e+03 6.30823000e-04
1.17036867e+03 5.80822000e-04
1.17040811e+03 5.34826000e-04
1.17045040e+03 4.89651000e-04
1.17049411e+03 4.47131000e-04
1.17053782e+03 4.08528000e-04
1.17058154e+03 3.73528000e-04
1.17062525e+03 3.41832000e-04
1.17065439e+03 3.22400000e-04
1.17069388e+03 2.98072000e-04
1.17073337e+03 2.75885000e-04
1.17077286e+03 2.55665000e-04
1.17081235e+03 2.37251000e-04
1.17085184e+03 2.20491000e-04
1.17089134e+03 2.05244000e-04
1.17093083e+03 1.91379000e-04
1.17097032e+03 1.78776000e-04
1.17100284e+03 1.69263000e-04
1.17103536e+03 1.60471000e-04
1.17106789e+03 1.52345000e-04
1.17111667e+03 1.41295000e-04
1.17116546e+03 1.31472000e-04
1.17121424e+03 1.22736000e-04
1.17126302e+03 1.14958000e-04
1.17131181e+03 1.08028000e-04
1.17136059e+03 1.01843000e-04
1.17140938e+03 9.63147000e-05
1.17145816e+03 9.13638000e-05
1.17149069e+03 8.83490000e-05
1.17154622e+03 8.36695000e-05
1.17160175e+03 7.95101000e-05
1.17165728e+03 7.57994000e-05
1.17171281e+03 7.24756000e-05
1.17176834e+03 6.94857000e-05
1.17185164e+03 6.55297000e-05
1.17193494e+03 6.20979000e-05
1.17201824e+03 5.90904000e-05
1.17210154e+03 5.64287000e-05
1.17215707e+03 5.48151000e-05
1.17226813e+03 5.19079000e-05
1.17237919e+03 4.93512000e-05
1.17250626e+03 4.67675000e-05
1.17263332e+03 4.44765000e-05
1.17271803e+03 4.30842000e-05
1.17288745e+03 4.05693000e-05
1.17305687e+03 3.83545000e-05
1.17322629e+03 3.63863000e-05
1.17339571e+03 3.46252000e-05
1.17356513e+03 3.30405000e-05
1.17373455e+03 3.16079000e-05
1.17396624e+03 2.98592000e-05
1.17419793e+03 2.83167000e-05
1.17442962e+03 2.69470000e-05
1.17466131e+03 2.57229000e-05
1.17497024e+03 2.42785000e-05
1.17527916e+03 2.30087000e-05
1.17558808e+03 2.18798000e-05
1.17589700e+03 2.08678000e-05
1.17620592e+03 1.99586000e-05
1.17657702e+03 1.89955000e-05
1.17694811e+03 1.81745000e-05
1.17731921e+03 1.74959000e-05
1.17769030e+03 1.69491000e-05
1.17806140e+03 1.65094000e-05
1.17867989e+03 1.59269000e-05
1.17942207e+03 1.53393000e-05
1.18016426e+03 1.48280000e-05
1.18095442e+03 1.43786000e-05
1.18174458e+03 1.40240000e-05
1.18253473e+03 1.37526000e-05
1.18332489e+03 1.35533000e-05
1.18437843e+03 1.33802000e-05
1.18561231e+03 1.32834000e-05
1.18602360e+03 1.32749000e-05
1.18697043e+03 1.33022000e-05
1.18791726e+03 1.33854000e-05
1.18886409e+03 1.35241000e-05
1.18981092e+03 1.37209000e-05
1.19120340e+03 1.41177000e-05
1.19397973e+03 1.51157000e-05
1.19443527e+03 1.53365000e-05
1.19489080e+03 1.56406000e-05
1.19534633e+03 1.60437000e-05
1.19602963e+03 1.67925000e-05
1.19716846e+03 1.82102000e-05
1.19789237e+03 1.92173000e-05
1.19837498e+03 1.99756000e-05
1.19885759e+03 2.08293000e-05
1.19934020e+03 2.17975000e-05
1.19982281e+03 2.29005000e-05
1.20030542e+03 2.41636000e-05
1.20066737e+03 2.52363000e-05
1.20102933e+03 2.64363000e-05
1.20134404e+03 2.75989000e-05
1.20165874e+03 2.88886000e-05
1.20197345e+03 3.03241000e-05
1.20228815e+03 3.19287000e-05
1.20260286e+03 3.37314000e-05
1.20291756e+03 3.57673000e-05
1.20315359e+03 3.74721000e-05
1.20338962e+03 3.93524000e-05
1.20364958e+03 4.16568000e-05
1.20385480e+03 4.36747000e-05
1.20406002e+03 4.58943000e-05
1.20426524e+03 4.83447000e-05
1.20447045e+03 5.10604000e-05
1.20467567e+03 5.40829000e-05
1.20488089e+03 5.74628000e-05
1.20508611e+03 6.12636000e-05
1.20526311e+03 6.49426000e-05
1.20541189e+03 6.83762000e-05
1.20556068e+03 7.21817000e-05
1.20570946e+03 7.64393000e-05
1.20582104e+03 7.99984000e-05
1.20593263e+03 8.39491000e-05
1.20604422e+03 8.83929000e-05
1.20615581e+03 9.34761000e-05
1.20623020e+03 9.73213000e-05
1.20630459e+03 1.01628000e-04
1.20637898e+03 1.06506000e-04
1.20644614e+03 1.11517000e-04
1.20651330e+03 1.17240000e-04
1.20658046e+03 1.23840000e-04
1.20662523e+03 1.28825000e-04
1.20667001e+03 1.34363000e-04
1.20671478e+03 1.40537000e-04
1.20675956e+03 1.47445000e-04
1.20680433e+03 1.55197000e-04
1.20684910e+03 1.63922000e-04
1.20689388e+03 1.73767000e-04
1.20693865e+03 1.84900000e-04
1.20697223e+03 1.94211000e-04
1.20700581e+03 2.04444000e-04
1.20703939e+03 2.15701000e-04
1.20707297e+03 2.28092000e-04
1.20710722e+03 2.42023000e-04
1.20714280e+03 2.58032000e-04
1.20717838e+03 2.75779000e-04
1.20721396e+03 2.95454000e-04
1.20724955e+03 3.17272000e-04
1.20728513e+03 3.41463000e-04
1.20732071e+03 3.68284000e-04
1.20735629e+03 3.98012000e-04
1.20739187e+03 4.30954000e-04
1.20742745e+03 4.67440000e-04
1.20746303e+03 5.07835000e-04
1.20749056e+03 5.42013000e-04
1.20752189e+03 5.84298000e-04
1.20755321e+03 6.30483000e-04
1.20758454e+03 6.80900000e-04
1.20761587e+03 7.35905000e-04
1.20764720e+03 7.95880000e-04
1.20767853e+03 8.61232000e-04
1.20770985e+03 9.32395000e-04
1.20773759e+03 1.00060800e-03
1.20776172e+03 1.06423500e-03
1.20779792e+03 1.16765700e-03
1.20783412e+03 1.28141700e-03
1.20787032e+03 1.40640900e-03
1.20790651e+03 1.54360100e-03
1.20793968e+03 1.68086700e-03
1.20797132e+03 1.82297500e-03
1.20800297e+03 1.97671200e-03
1.20803462e+03 2.14289300e-03
1.20806626e+03 2.32234600e-03
1.20809667e+03 2.50808900e-03
1.20812458e+03 2.69086300e-03
1.20815250e+03 2.88601500e-03
1.20818042e+03 3.09423000e-03
1.20821764e+03 3.39339500e-03
1.20825468e+03 3.71716500e-03
1.20829155e+03 4.06695000e-03
1.20832841e+03 4.44609200e-03
1.20836527e+03 4.85650100e-03
1.20840218e+03 5.30062700e-03
1.20843911e+03 5.78060100e-03
1.20847605e+03 6.29809700e-03
1.20851299e+03 6.85526600e-03
1.20855053e+03 7.46442200e-03
1.20858868e+03 8.13004000e-03
1.20862682e+03 8.84519400e-03
1.20866496e+03 9.61236000e-03
1.20870455e+03 1.04663420e-02
1.20874558e+03 1.14164820e-02
1.20878662e+03 1.24358120e-02
1.20882765e+03 1.35273510e-02
1.20886926e+03 1.47109030e-02
1.20891144e+03 1.59926780e-02
1.20895362e+03 1.73597830e-02
1.20899581e+03 1.88149840e-02
1.20904118e+03 2.04815270e-02
1.20908974e+03 2.23846790e-02
1.20913831e+03 2.44140660e-02
1.20918688e+03 2.65720070e-02
1.20923638e+03 2.89055830e-02
1.20928682e+03 3.14233270e-02
1.20933726e+03 3.40825620e-02
1.20941291e+03 3.83340160e-02
1.20947204e+03 4.18710690e-02
1.20953116e+03 4.55894530e-02
1.20961985e+03 5.14866200e-02
1.20970886e+03 5.77532150e-02
1.20980794e+03 6.50709970e-02
1.20999282e+03 7.93523160e-02
1.21017719e+03 9.37213980e-02
1.21028254e+03 1.01625821e-01
1.21038789e+03 1.09068509e-01
1.21047164e+03 1.14526964e-01
1.21055538e+03 1.19478043e-01
1.21063912e+03 1.23833804e-01
1.21072287e+03 1.27514622e-01
1.21080661e+03 1.30451785e-01
1.21089035e+03 1.32589346e-01
1.21097410e+03 1.33886174e-01
1.21105784e+03 1.34317084e-01
1.21112798e+03 1.34005094e-01
1.21119812e+03 1.33083916e-01
1.21129164e+03 1.30931114e-01
1.21138515e+03 1.27770829e-01
1.21147867e+03 1.23678350e-01
1.21157219e+03 1.18749199e-01
1.21166571e+03 1.13095421e-01
1.21175923e+03 1.06841349e-01
1.21190524e+03 9.61907710e-02
1.21227733e+03 6.73393200e-02
1.21238881e+03 5.90347610e-02
1.21248171e+03 5.24447510e-02
1.21255981e+03 4.71893950e-02
1.21261932e+03 4.33792070e-02
1.21267884e+03 3.97489580e-02
1.21273835e+03 3.63064000e-02
1.21281167e+03 3.23308250e-02
1.21286055e+03 2.98456280e-02
1.21290943e+03 2.74930750e-02
1.21295588e+03 2.53796420e-02
1.21299990e+03 2.34855780e-02
1.21304393e+03 2.16961090e-02
1.21308796e+03 2.00092330e-02
1.21313325e+03 1.83785220e-02
1.21317981e+03 1.68098080e-02
1.21322637e+03 1.53467710e-02
1.21327293e+03 1.39856230e-02
1.21331691e+03 1.27896810e-02
1.21335833e+03 1.17403490e-02
1.21339974e+03 1.07622240e-02
1.21344115e+03 9.85212500e-03
1.21348049e+03 9.04768000e-03
1.21351776e+03 8.33707500e-03
1.21355503e+03 7.67424500e-03
1.21359231e+03 7.05687700e-03
1.21363053e+03 6.46856600e-03
1.21366970e+03 5.91020800e-03
1.21370888e+03 5.39442600e-03
1.21374805e+03 4.91871600e-03
1.21378626e+03 4.49104000e-03
1.21382349e+03 4.10658500e-03
1.21386073e+03 3.75208400e-03
1.21389796e+03 3.42564500e-03
1.21392633e+03 3.19462000e-03
1.21395559e+03 2.97149200e-03
1.21398485e+03 2.76292000e-03
1.21401411e+03 2.56811200e-03
1.21404337e+03 2.38630100e-03
1.21407263e+03 2.21676100e-03
1.21410549e+03 2.04008500e-03
1.21413836e+03 1.87703700e-03
1.21417122e+03 1.72670800e-03
1.21420408e+03 1.58823900e-03
1.21423694e+03 1.46080200e-03
1.21427105e+03 1.33939500e-03
1.21430577e+03 1.22629200e-03
1.21434049e+03 1.12298800e-03
1.21437522e+03 1.02872000e-03
1.21440994e+03 9.42781000e-04
1.21443309e+03 8.89780000e-04
1.21446667e+03 8.18577000e-04
1.21450024e+03 7.53602000e-04
1.21453381e+03 6.94353000e-04
1.21456739e+03 6.40361000e-04
1.21460096e+03 5.91191000e-04
1.21463453e+03 5.46439000e-04
1.21466810e+03 5.05731000e-04
1.21470168e+03 4.68719000e-04
1.21472870e+03 4.41392000e-04
1.21475573e+03 4.16096000e-04
1.21478275e+03 3.92684000e-04
1.21480978e+03 3.71022000e-04
1.21483680e+03 3.50980000e-04
1.21486383e+03 3.32440000e-04
1.21489086e+03 3.15290000e-04
1.21491788e+03 2.99425000e-04
1.21495842e+03 2.77828000e-04
1.21499896e+03 2.58609000e-04
1.21503949e+03 2.41498000e-04
1.21508003e+03 2.26256000e-04
1.21512057e+03 2.12668000e-04
1.21516332e+03 1.99919000e-04
1.21520716e+03 1.88322000e-04
1.21525101e+03 1.78036000e-04
1.21529486e+03 1.68894000e-04
1.21533871e+03 1.60750000e-04
1.21538256e+03 1.53475000e-04
1.21542640e+03 1.46959000e-04
1.21548487e+03 1.39282000e-04
1.21554333e+03 1.32583000e-04
1.21560180e+03 1.26698000e-04
1.21566026e+03 1.21491000e-04
1.21571873e+03 1.16852000e-04
1.21580642e+03 1.10759000e-04
1.21589412e+03 1.05492000e-04
1.21598181e+03 1.00870000e-04
1.21606951e+03 9.67561000e-05
1.21620250e+03 9.12690000e-05
1.21633550e+03 8.64769000e-05
1.21646849e+03 8.22180000e-05
1.21660148e+03 7.83841000e-05
1.21677881e+03 7.38075000e-05
1.21695613e+03 6.97338000e-05
1.21713345e+03 6.60783000e-05
1.21731078e+03 6.27784000e-05
1.21748810e+03 5.97854000e-05
1.21769864e+03 5.65767000e-05
1.21790917e+03 5.36924000e-05
1.21811970e+03 5.10887000e-05
1.21833023e+03 4.87294000e-05
1.21861094e+03 4.59117000e-05
1.21889165e+03 4.34145000e-05
1.21917236e+03 4.11893000e-05
1.21945307e+03 3.91966000e-05
1.21973378e+03 3.74046000e-05
1.22007076e+03 3.54822000e-05
1.22040773e+03 3.37745000e-05
1.22074470e+03 3.22504000e-05
1.22108167e+03 3.08833000e-05
1.22153096e+03 2.92685000e-05
1.22198026e+03 2.78564000e-05
1.22242955e+03 2.66153000e-05
1.22287885e+03 2.55175000e-05
1.22332814e+03 2.45411000e-05
1.22380114e+03 2.36266000e-05
1.22451065e+03 2.24384000e-05
1.22522015e+03 2.14263000e-05
1.22592965e+03 2.05571000e-05
1.22663916e+03 1.98079000e-05
1.22738121e+03 1.91347000e-05
1.22818837e+03 1.85020000e-05
1.22926457e+03 1.77903000e-05
1.23034078e+03 1.71999000e-05
1.23141698e+03 1.67058000e-05
1.23277154e+03 1.61953000e-05
1.23412610e+03 1.57784000e-05
1.23548066e+03 1.54427000e-05
1.23683522e+03 1.51625000e-05
1.23921619e+03 1.47846000e-05
1.24318448e+03 1.42763000e-05
1.24477201e+03 1.39924000e-05
1.24530119e+03 1.39450000e-05
1.24767552e+03 1.40741000e-05
1.25528418e+03 1.40004000e-05
1.26733710e+03 1.41404000e-05
1.27281569e+03 1.42922000e-05
1.29077283e+03 1.49571000e-05
1.31699362e+03 1.60899000e-05
1.39297127e+03 1.97426000e-05
2.00053434e+03 4.99416000e-05
5.00101933e+03 1.00490000e-05
5.55349538e+03 1.15503000e-05
5.63750069e+03 1.18452000e-05
5.65059022e+03 1.19179000e-05
5.67093463e+03 1.21956000e-05
5.67488524e+03 1.22961000e-05
5.67883586e+03 1.24721000e-05
5.68191076e+03 1.26644000e-05
5.68344821e+03 1.28061000e-05
5.68498566e+03 1.30288000e-05
5.68601063e+03 1.32485000e-05
5.68677935e+03 1.34750000e-05
5.68743001e+03 1.37499000e-05
5.68782443e+03 1.39932000e-05
5.68812024e+03 1.42451000e-05
5.68841605e+03 1.45928000e-05
5.68861326e+03 1.49024000e-05
5.68881047e+03 1.52988000e-05
5.68895838e+03 1.56698000e-05
5.68910629e+03 1.61205000e-05
5.68925419e+03 1.66691000e-05
5.68940210e+03 1.73376000e-05
5.68950070e+03 1.78627000e-05
5.68959931e+03 1.84618000e-05
5.68969791e+03 1.91450000e-05
5.68979651e+03 1.99237000e-05
5.68989512e+03 2.08105000e-05
5.68999372e+03 2.18197000e-05
5.69009233e+03 2.29670000e-05
5.69019093e+03 2.42696000e-05
5.69028473e+03 2.56705000e-05
5.69037853e+03 2.72475000e-05
5.69047234e+03 2.90206000e-05
5.69056614e+03 3.10112000e-05
5.69065994e+03 3.32430000e-05
5.69075374e+03 3.57416000e-05
5.69084754e+03 3.85344000e-05
5.69094134e+03 4.16512000e-05
5.69103514e+03 4.51240000e-05
5.69112895e+03 4.89871000e-05
5.69122363e+03 5.33197000e-05
5.69128793e+03 5.65303000e-05
5.69135223e+03 5.99730000e-05
5.69141653e+03 6.36618000e-05
5.69148083e+03 6.76109000e-05
5.69154513e+03 7.18352000e-05
5.69160942e+03 7.63498000e-05
5.69167372e+03 8.11706000e-05
5.69175807e+03 8.79859000e-05
5.69183636e+03 9.48423000e-05
5.69191466e+03 1.02241000e-04
5.69199295e+03 1.10215000e-04
5.69207124e+03 1.18796000e-04
5.69212344e+03 1.24872000e-04
5.69221730e+03 1.36548000e-04
5.69231116e+03 1.49240000e-04
5.69240501e+03 1.63009000e-04
5.69249887e+03 1.77917000e-04
5.69259442e+03 1.94326000e-04
5.69268996e+03 2.12045000e-04
5.69278550e+03 2.31136000e-04
5.69288105e+03 2.51663000e-04
5.69298790e+03 2.76393000e-04
5.69309475e+03 3.03074000e-04
5.69320160e+03 3.31781000e-04
5.69330845e+03 3.62580000e-04
5.69340852e+03 3.93376000e-04
5.69350859e+03 4.26101000e-04
5.69360866e+03 4.60788000e-04
5.69370874e+03 4.97461000e-04
5.69383434e+03 5.46321000e-04
5.69395994e+03 5.98330000e-04
5.69408555e+03 6.53457000e-04
5.69421115e+03 7.11639000e-04
5.69440147e+03 8.05385000e-04
5.69459178e+03 9.05391000e-04
5.69482132e+03 1.03328600e-03
5.69512930e+03 1.21449300e-03
5.69580884e+03 1.62632400e-03
5.69607775e+03 1.78089000e-03
5.69627943e+03 1.88879800e-03
5.69648111e+03 1.98736000e-03
5.69668117e+03 2.07380800e-03
5.69687798e+03 2.14600700e-03
5.69707479e+03 2.20388100e-03
5.69727161e+03 2.24614200e-03
5.69746842e+03 2.27183300e-03
5.69766523e+03 2.28036800e-03
5.69780847e+03 2.27566500e-03
5.69802333e+03 2.25151700e-03
5.69823819e+03 2.20748400e-03
5.69845305e+03 2.14475400e-03
5.69866791e+03 2.06499000e-03
5.69888277e+03 1.97025800e-03
5.69909763e+03 1.86294000e-03
5.69931248e+03 1.74562800e-03
5.69959896e+03 1.57834700e-03
5.70030288e+03 1.15171200e-03
5.70056225e+03 1.00114300e-03
5.70077995e+03 8.81354000e-04
5.70097682e+03 7.79438000e-04
5.70110806e+03 7.15271000e-04
5.70122856e+03 6.59187000e-04
5.70139319e+03 5.87104000e-04
5.70150295e+03 5.42027000e-04
5.70161270e+03 4.99356000e-04
5.70172922e+03 4.56689000e-04
5.70184573e+03 4.16711000e-04
5.70196224e+03 3.79382000e-04
5.70207875e+03 3.44645000e-04
5.70218790e+03 3.14393000e-04
5.70229704e+03 2.86285000e-04
5.70240618e+03 2.60244000e-04
5.70251533e+03 2.36187000e-04
5.70261266e+03 2.16337000e-04
5.70270999e+03 1.97928000e-04
5.70280732e+03 1.80895000e-04
5.70290465e+03 1.65169000e-04
5.70299765e+03 1.51301000e-04
5.70309065e+03 1.38503000e-04
5.70318365e+03 1.26716000e-04
5.70327665e+03 1.15880000e-04
5.70335686e+03 1.07255000e-04
5.70343707e+03 9.92588000e-05
5.70351729e+03 9.18558000e-05
5.70359750e+03 8.50118000e-05
5.70367771e+03 7.86931000e-05
5.70376751e+03 7.22032000e-05
5.70386209e+03 6.59872000e-05
5.70392515e+03 6.21731000e-05
5.70398821e+03 5.86066000e-05
5.70405126e+03 5.52744000e-05
5.70411432e+03 5.21637000e-05
5.70417738e+03 4.92620000e-05
5.70426746e+03 4.54558000e-05
5.70435529e+03 4.21007000e-05
5.70444312e+03 3.90680000e-05
5.70453095e+03 3.63308000e-05
5.70461878e+03 3.38639000e-05
5.70470661e+03 3.16437000e-05
5.70479444e+03 2.96483000e-05
5.70488227e+03 2.78573000e-05
5.70497009e+03 2.62520000e-05
5.70505793e+03 2.48149000e-05
5.70514575e+03 2.35299000e-05
5.70524186e+03 2.22809000e-05
5.70533796e+03 2.11787000e-05
5.70543406e+03 2.02072000e-05
5.70553017e+03 1.93521000e-05
5.70562627e+03 1.86002000e-05
5.70572237e+03 1.79396000e-05
5.70581847e+03 1.73597000e-05
5.70596263e+03 1.66209000e-05
5.70610678e+03 1.60146000e-05
5.70625094e+03 1.55174000e-05
5.70639509e+03 1.51096000e-05
5.70658730e+03 1.46772000e-05
5.70677950e+03 1.43439000e-05
5.70697171e+03 1.40855000e-05
5.70726001e+03 1.37994000e-05
5.70745222e+03 1.36573000e-05
5.70783663e+03 1.34495000e-05
5.70822104e+03 1.33064000e-05
5.70895492e+03 1.31270000e-05
5.70968879e+03 1.30100000e-05
5.71115654e+03 1.28657000e-05
5.71262429e+03 1.27907000e-05
5.71409204e+03 1.27660000e-05
5.71618349e+03 1.28013000e-05
5.71827493e+03 1.29116000e-05
5.71984351e+03 1.30560000e-05
5.72141210e+03 1.32830000e-05
5.72245782e+03 1.35101000e-05
5.72317769e+03 1.37325000e-05
5.72365761e+03 1.39396000e-05
5.72401754e+03 1.41520000e-05
5.72437748e+03 1.44485000e-05
5.72461744e+03 1.47195000e-05
5.72485740e+03 1.50778000e-05
5.72503737e+03 1.54251000e-05
5.72521733e+03 1.58617000e-05
5.72539730e+03 1.64133000e-05
5.72551728e+03 1.68607000e-05
5.72563726e+03 1.73850000e-05
5.72575724e+03 1.79998000e-05
5.72587722e+03 1.87204000e-05
5.72599720e+03 1.95649000e-05
5.72611718e+03 2.05535000e-05
5.72620716e+03 2.14035000e-05
5.72629714e+03 2.23588000e-05
5.72639649e+03 2.35502000e-05
5.72649583e+03 2.49027000e-05
5.72659518e+03 2.64361000e-05
5.72669453e+03 2.81722000e-05
5.72679387e+03 3.01349000e-05
5.72689322e+03 3.23507000e-05
5.72699256e+03 3.48480000e-05
5.72705879e+03 3.66846000e-05
5.72712502e+03 3.86700000e-05
5.72719125e+03 4.08146000e-05
5.72725748e+03 4.31294000e-05
5.72732371e+03 4.56258000e-05
5.72739264e+03 4.84297000e-05
5.72746426e+03 5.15808000e-05
5.72753587e+03 5.49906000e-05
5.72760749e+03 5.86767000e-05
5.72767911e+03 6.26576000e-05
5.72775072e+03 6.69523000e-05
5.72782234e+03 7.15809000e-05
5.72789396e+03 7.65641000e-05
5.72798214e+03 8.32194000e-05
5.72806071e+03 8.96632000e-05
5.72813928e+03 9.66234000e-05
5.72821785e+03 1.04132000e-04
5.72829642e+03 1.12221000e-04
5.72834880e+03 1.17952000e-04
5.72844460e+03 1.29175000e-04
5.72854040e+03 1.41406000e-04
5.72863621e+03 1.54711000e-04
5.72873201e+03 1.69153000e-04
5.72880986e+03 1.81769000e-04
5.72888770e+03 1.95214000e-04
5.72899148e+03 2.14489000e-04
5.72909527e+03 2.35379000e-04
5.72919407e+03 2.56836000e-04
5.72928788e+03 2.78691000e-04
5.72938169e+03 3.02040000e-04
5.72947549e+03 3.26935000e-04
5.72957601e+03 3.55380000e-04
5.72968325e+03 3.87794000e-04
5.72979048e+03 4.22398000e-04
5.72989772e+03 4.59232000e-04
5.73001359e+03 5.01575000e-04
5.73013810e+03 5.50038000e-04
5.73026261e+03 6.01568000e-04
5.73038712e+03 6.56136000e-04
5.73052070e+03 7.17983000e-04
5.73066334e+03 7.87668000e-04
5.73080599e+03 8.60907000e-04
5.73101997e+03 9.76811000e-04
5.73126133e+03 1.11486900e-03
5.73159925e+03 1.31691900e-03
5.73203378e+03 1.57994500e-03
5.73227522e+03 1.72090100e-03
5.73251666e+03 1.85340300e-03
5.73275810e+03 1.97364500e-03
5.73298596e+03 2.07260000e-03
5.73321382e+03 2.15460500e-03
5.73336573e+03 2.19866200e-03
5.73351763e+03 2.23353400e-03
5.73366954e+03 2.25875600e-03
5.73382145e+03 2.27398600e-03
5.73397335e+03 2.27901800e-03
5.73413238e+03 2.27328500e-03
5.73429142e+03 2.25638600e-03
5.73445045e+03 2.22857200e-03
5.73460948e+03 2.19025500e-03
5.73482152e+03 2.12381500e-03
5.73503356e+03 2.04140800e-03
5.73524561e+03 1.94508800e-03
5.73545765e+03 1.83717500e-03
5.73566969e+03 1.72016900e-03
5.73596575e+03 1.54647900e-03
5.73661586e+03 1.15382000e-03
5.73685089e+03 1.01751600e-03
5.73708592e+03 8.88038000e-04
5.73726527e+03 7.94918000e-04
5.73744462e+03 7.07368000e-04
5.73756418e+03 6.52307000e-04
5.73768777e+03 5.98282000e-04
5.73781136e+03 5.47251000e-04
5.73793494e+03 4.99243000e-04
5.73805853e+03 4.54261000e-04
5.73815835e+03 4.20119000e-04
5.73825817e+03 3.87909000e-04
5.73835799e+03 3.57598000e-04
5.73845781e+03 3.29144000e-04
5.73855573e+03 3.02989000e-04
5.73865364e+03 2.78522000e-04
5.73875156e+03 2.55687000e-04
5.73884948e+03 2.34424000e-04
5.73895241e+03 2.13695000e-04
5.73905534e+03 1.94557000e-04
5.73915827e+03 1.76929000e-04
5.73923547e+03 1.64651000e-04
5.73931283e+03 1.53121000e-04
5.73939027e+03 1.42321000e-04
5.73946770e+03 1.32228000e-04
5.73954514e+03 1.22809000e-04
5.73962258e+03 1.14030000e-04
5.73970361e+03 1.05492000e-04
5.73979186e+03 9.69088000e-05
5.73988010e+03 8.90242000e-05
5.73996835e+03 8.17937000e-05
5.74005659e+03 7.51738000e-05
5.74014484e+03 6.91228000e-05
5.74022453e+03 6.41136000e-05
5.74030423e+03 5.95077000e-05
5.74038392e+03 5.52778000e-05
5.74046362e+03 5.13983000e-05
5.74054331e+03 4.78445000e-05
5.74062301e+03 4.45933000e-05
5.74070270e+03 4.16223000e-05
5.74078239e+03 3.89108000e-05
5.74085323e+03 3.67023000e-05
5.74092407e+03 3.46701000e-05
5.74099491e+03 3.28018000e-05
5.74106575e+03 3.10857000e-05
5.74113659e+03 2.95107000e-05
5.74120743e+03 2.80665000e-05
5.74127827e+03 2.67433000e-05
5.74134911e+03 2.55318000e-05
5.74145537e+03 2.39057000e-05
5.74156163e+03 2.24853000e-05
5.74166789e+03 2.12464000e-05
5.74177415e+03 2.01675000e-05
5.74188041e+03 1.92291000e-05
5.74196987e+03 1.85352000e-05
5.74207794e+03 1.78001000e-05
5.74218602e+03 1.71641000e-05
5.74229410e+03 1.66142000e-05
5.74240217e+03 1.61390000e-05
5.74256429e+03 1.55445000e-05
5.74272640e+03 1.50667000e-05
5.74288852e+03 1.46821000e-05
5.74310467e+03 1.42819000e-05
5.74332082e+03 1.39787000e-05
5.74353698e+03 1.37463000e-05
5.74386121e+03 1.34900000e-05
5.74429351e+03 1.32568000e-05
5.74494197e+03 1.30300000e-05
5.74580658e+03 1.28330000e-05
5.74710350e+03 1.26376000e-05
5.74883272e+03 1.24686000e-05
5.75140599e+03 1.23210000e-05
5.75397926e+03 1.22355000e-05
5.75912581e+03 1.21412000e-05
5.77195695e+03 1.20926000e-05
5.92586550e+03 1.24817000e-05
6.55264574e+03 1.42152000e-05
6.74009004e+03 1.47537000e-05
6.74366686e+03 1.47521000e-05
6.75335214e+03 1.48052000e-05
6.87603630e+03 1.51884000e-05
6.87942464e+03 1.51875000e-05
6.96929382e+03 1.55511000e-05
7.02567746e+03 1.59476000e-05
7.04992959e+03 1.63234000e-05
7.06520010e+03 1.67571000e-05
7.06918178e+03 1.70387000e-05
7.07316347e+03 1.74083000e-05
7.07515431e+03 1.76765000e-05
7.07684949e+03 1.80016000e-05
7.07839683e+03 1.83912000e-05
7.07942839e+03 1.87155000e-05
7.08045996e+03 1.91255000e-05
7.08123363e+03 1.95430000e-05
7.08174941e+03 1.99362000e-05
7.08213625e+03 2.03520000e-05
7.08239414e+03 2.07265000e-05
7.08265203e+03 2.12194000e-05
7.08284545e+03 2.16977000e-05
7.08303886e+03 2.23018000e-05
7.08323228e+03 2.30707000e-05
7.08336123e+03 2.36992000e-05
7.08349017e+03 2.44412000e-05
7.08361912e+03 2.53182000e-05
7.08374806e+03 2.63555000e-05
7.08387701e+03 2.75824000e-05
7.08397372e+03 2.86474000e-05
7.08407042e+03 2.98546000e-05
7.08418037e+03 3.14233000e-05
7.08429031e+03 3.32298000e-05
7.08440026e+03 3.53085000e-05
7.08447355e+03 3.68642000e-05
7.08454685e+03 3.85702000e-05
7.08462014e+03 4.04402000e-05
7.08469344e+03 4.24886000e-05
7.08476674e+03 4.47310000e-05
7.08484003e+03 4.71843000e-05
7.08491333e+03 4.98665000e-05
7.08498662e+03 5.27970000e-05
7.08505992e+03 5.59963000e-05
7.08513321e+03 5.94867000e-05
7.08520651e+03 6.32918000e-05
7.08528161e+03 6.75433000e-05
7.08535852e+03 7.22971000e-05
7.08543543e+03 7.74885000e-05
7.08551233e+03 8.31527000e-05
7.08558924e+03 8.93271000e-05
7.08566615e+03 9.60517000e-05
7.08574306e+03 1.03368000e-04
7.08581996e+03 1.11322000e-04
7.08588833e+03 1.18965000e-04
7.08597805e+03 1.29876000e-04
7.08606778e+03 1.41861000e-04
7.08615750e+03 1.55010000e-04
7.08624723e+03 1.69415000e-04
7.08633695e+03 1.85176000e-04
7.08641596e+03 2.00258000e-04
7.08649496e+03 2.16546000e-04
7.08657396e+03 2.34117000e-04
7.08665297e+03 2.53051000e-04
7.08673197e+03 2.73434000e-04
7.08680420e+03 2.93409000e-04
7.08689600e+03 3.20752000e-04
7.08698779e+03 3.50420000e-04
7.08707959e+03 3.82564000e-04
7.08717448e+03 4.18558000e-04
7.08727246e+03 4.58858000e-04
7.08737045e+03 5.02537000e-04
7.08746844e+03 5.49793000e-04
7.08757134e+03 6.03493000e-04
7.08767917e+03 6.64491000e-04
7.08778699e+03 7.30597000e-04
7.08789481e+03 8.02083000e-04
7.08799990e+03 8.77181000e-04
7.08810224e+03 9.55705000e-04
7.08820458e+03 1.03976000e-03
7.08830692e+03 1.12955300e-03
7.08841814e+03 1.23387700e-03
7.08853825e+03 1.35467100e-03
7.08865836e+03 1.48416600e-03
7.08877848e+03 1.62258400e-03
7.08889573e+03 1.76648400e-03
7.08901012e+03 1.91535100e-03
7.08912450e+03 2.07265600e-03
7.08929609e+03 2.32446300e-03
7.08944686e+03 2.56130300e-03
7.08959764e+03 2.81239100e-03
7.08974842e+03 3.07722500e-03
7.08989920e+03 3.35509600e-03
7.09014186e+03 3.82727300e-03
7.09038453e+03 4.32571300e-03
7.09074502e+03 5.10032100e-03
7.09134118e+03 6.40169600e-03
7.09160614e+03 6.95493200e-03
7.09183501e+03 7.40427100e-03
7.09206387e+03 7.81716500e-03
7.09229274e+03 8.18448400e-03
7.09252160e+03 8.49779500e-03
7.09275047e+03 8.74968700e-03
7.09297933e+03 8.93406000e-03
7.09315098e+03 9.02523300e-03
7.09332263e+03 9.07455600e-03
7.09343706e+03 9.08382000e-03
7.09362952e+03 9.05662600e-03
7.09382198e+03 8.97627900e-03
7.09401444e+03 8.84420200e-03
7.09420690e+03 8.66271100e-03
7.09439936e+03 8.43494700e-03
7.09459182e+03 8.16479300e-03
7.09484844e+03 7.74650700e-03
7.09510505e+03 7.27293600e-03
7.09536166e+03 6.75709100e-03
7.09571323e+03 6.00622500e-03
7.09638302e+03 4.54525500e-03
7.09662657e+03 4.03552500e-03
7.09687012e+03 3.54961800e-03
7.09709900e+03 3.11983500e-03
7.09729854e+03 2.76925900e-03
7.09743157e+03 2.54891900e-03
7.09756460e+03 2.33968500e-03
7.09769036e+03 2.15229000e-03
7.09781611e+03 1.97510400e-03
7.09794187e+03 1.80813300e-03
7.09806763e+03 1.65131400e-03
7.09816891e+03 1.53231600e-03
7.09827018e+03 1.41971600e-03
7.09837145e+03 1.31339200e-03
7.09847272e+03 1.21320000e-03
7.09857498e+03 1.11809500e-03
7.09867723e+03 1.02889800e-03
7.09877949e+03 9.45412000e-04
7.09888174e+03 8.67431000e-04
7.09898097e+03 7.96816000e-04
7.09908020e+03 7.30977000e-04
7.09917943e+03 6.69707000e-04
7.09927865e+03 6.12795000e-04
7.09936671e+03 5.65768000e-04
7.09945477e+03 5.21858000e-04
7.09954282e+03 4.80917000e-04
7.09963088e+03 4.42799000e-04
7.09973123e+03 4.02614000e-04
7.09980650e+03 3.74633000e-04
7.09988177e+03 3.48405000e-04
7.09995703e+03 3.23845000e-04
7.10003230e+03 3.00871000e-04
7.10010400e+03 2.80386000e-04
7.10017571e+03 2.61200000e-04
7.10024741e+03 2.43245000e-04
7.10031911e+03 2.26460000e-04
7.10039082e+03 2.10781000e-04
7.10046504e+03 1.95654000e-04
7.10054051e+03 1.81355000e-04
7.10061599e+03 1.68086000e-04
7.10069146e+03 1.55784000e-04
7.10076694e+03 1.44391000e-04
7.10085062e+03 1.32752000e-04
7.10091735e+03 1.24171000e-04
7.10098408e+03 1.16174000e-04
7.10105081e+03 1.08726000e-04
7.10111754e+03 1.01794000e-04
7.10118427e+03 9.53481000e-05
7.10125100e+03 8.93579000e-05
7.10131773e+03 8.37956000e-05
7.10138216e+03 7.88055000e-05
7.10144430e+03 7.43259000e-05
7.10150643e+03 7.01531000e-05
7.10156857e+03 6.62685000e-05
7.10163070e+03 6.26544000e-05
7.10169284e+03 5.92941000e-05
7.10175497e+03 5.61717000e-05
7.10184818e+03 5.19011000e-05
7.10194138e+03 4.80843000e-05
7.10203459e+03 4.46775000e-05
7.10212779e+03 4.16406000e-05
7.10222099e+03 3.89369000e-05
7.10231420e+03 3.65329000e-05
7.10239902e+03 3.45796000e-05
7.10247966e+03 3.29100000e-05
7.10256029e+03 3.14061000e-05
7.10264092e+03 3.00525000e-05
7.10272155e+03 2.88352000e-05
7.10282906e+03 2.74020000e-05
7.10293657e+03 2.61609000e-05
7.10304408e+03 2.50874000e-05
7.10315159e+03 2.41601000e-05
7.10325910e+03 2.33598000e-05
7.10336661e+03 2.26698000e-05
7.10352788e+03 2.18101000e-05
7.10368914e+03 2.11239000e-05
7.10385041e+03 2.05766000e-05
7.10401167e+03 2.01405000e-05
7.10417293e+03 1.97929000e-05
7.10438796e+03 1.94363000e-05
7.10471048e+03 1.90662000e-05
7.10492550e+03 1.88959000e-05
7.10535554e+03 1.86716000e-05
7.10578558e+03 1.85426000e-05
7.10648074e+03 1.84400000e-05
7.10717590e+03 1.84094000e-05
7.10829690e+03 1.84522000e-05
7.10941789e+03 1.85838000e-05
7.11053888e+03 1.87988000e-05
7.11165988e+03 1.91037000e-05
7.11278087e+03 1.95149000e-05
7.11362162e+03 1.99105000e-05
7.11446237e+03 2.04042000e-05
7.11530311e+03 2.10346000e-05
7.11586361e+03 2.15681000e-05
7.11634057e+03 2.21346000e-05
7.11673400e+03 2.27238000e-05
7.11702908e+03 2.32753000e-05
7.11732415e+03 2.39648000e-05
7.11752087e+03 2.45300000e-05
7.11771758e+03 2.52076000e-05
7.11791430e+03 2.60295000e-05
7.11811102e+03 2.70365000e-05
7.11825855e+03 2.79441000e-05
7.11840609e+03 2.90121000e-05
7.11855363e+03 3.02726000e-05
7.11870116e+03 3.17639000e-05
7.11879952e+03 3.29085000e-05
7.11889788e+03 3.41910000e-05
7.11899624e+03 3.56285000e-05
7.11909460e+03 3.72400000e-05
7.11919295e+03 3.90466000e-05
7.11929131e+03 4.10715000e-05
7.11939413e+03 4.34498000e-05
7.11949695e+03 4.61274000e-05
7.11959978e+03 4.91402000e-05
7.11970260e+03 5.25278000e-05
7.11980542e+03 5.63335000e-05
7.11990824e+03 6.06052000e-05
7.12001106e+03 6.53949000e-05
7.12011389e+03 7.07596000e-05
7.12018243e+03 7.46860000e-05
7.12025098e+03 7.89151000e-05
7.12031953e+03 8.34676000e-05
7.12038808e+03 8.83655000e-05
7.12046754e+03 9.45055000e-05
7.12054699e+03 1.01178000e-04
7.12062645e+03 1.08424000e-04
7.12070591e+03 1.16285000e-04
7.12078536e+03 1.24806000e-04
7.12086482e+03 1.34034000e-04
7.12094428e+03 1.44019000e-04
7.12102374e+03 1.54812000e-04
7.12111214e+03 1.67835000e-04
7.12120053e+03 1.82004000e-04
7.12128893e+03 1.97400000e-04
7.12137733e+03 2.14110000e-04
7.12146573e+03 2.32222000e-04
7.12155083e+03 2.51069000e-04
7.12163428e+03 2.70979000e-04
7.12171772e+03 2.92387000e-04
7.12180117e+03 3.15379000e-04
7.12188462e+03 3.40042000e-04
7.12198846e+03 3.73205000e-04
7.12208489e+03 4.06597000e-04
7.12218132e+03 4.42639000e-04
7.12227775e+03 4.81477000e-04
7.12237788e+03 5.24927000e-04
7.12248173e+03 5.73517000e-04
7.12258557e+03 6.25883000e-04
7.12268942e+03 6.82208000e-04
7.12279768e+03 7.45340000e-04
7.12291037e+03 8.16038000e-04
7.12302306e+03 8.92032000e-04
7.12313575e+03 9.73522000e-04
7.12325528e+03 1.06616100e-03
7.12338163e+03 1.17126000e-03
7.12350799e+03 1.28391600e-03
7.12363434e+03 1.40428600e-03
7.12376981e+03 1.54203000e-03
7.12391438e+03 1.69903900e-03
7.12405896e+03 1.86636800e-03
7.12420353e+03 2.04390300e-03
7.12435891e+03 2.24581200e-03
7.12452509e+03 2.47399300e-03
7.12469127e+03 2.71405100e-03
7.12494054e+03 3.09411200e-03
7.12523242e+03 3.56402400e-03
7.12610159e+03 5.02289000e-03
7.12632864e+03 5.38857000e-03
7.12663137e+03 5.84418900e-03
7.12685842e+03 6.15280700e-03
7.12708547e+03 6.42557700e-03
7.12729247e+03 6.63782700e-03
7.12749947e+03 6.81109500e-03
7.12770647e+03 6.94198000e-03
7.12791348e+03 7.02787600e-03
7.12812048e+03 7.06705000e-03
7.12818948e+03 7.06956100e-03
7.12835032e+03 7.05487700e-03
7.12851116e+03 7.01163700e-03
7.12875241e+03 6.89448400e-03
7.12899367e+03 6.71753800e-03
7.12923493e+03 6.48554600e-03
7.12947618e+03 6.20460200e-03
7.12971744e+03 5.88187700e-03
7.12995870e+03 5.52531700e-03
7.13028037e+03 5.01181000e-03
7.13116341e+03 3.52962700e-03
7.13146380e+03 3.04783700e-03
7.13164318e+03 2.77374000e-03
7.13180169e+03 2.54173800e-03
7.13196020e+03 2.32029700e-03
7.13211871e+03 2.11015700e-03
7.13225674e+03 1.93680600e-03
7.13243306e+03 1.72881700e-03
7.13255060e+03 1.59866500e-03
7.13266814e+03 1.47535200e-03
7.13279517e+03 1.34974700e-03
7.13292219e+03 1.23201500e-03
7.13304922e+03 1.12201800e-03
7.13317624e+03 1.01957800e-03
7.13328537e+03 9.37443000e-04
7.13339449e+03 8.60568000e-04
7.13350362e+03 7.88782000e-04
7.13361275e+03 7.21898000e-04
7.13371652e+03 6.62663000e-04
7.13382030e+03 6.07512000e-04
7.13392407e+03 5.56263000e-04
7.13402785e+03 5.08736000e-04
7.13413370e+03 4.63899000e-04
7.13423955e+03 4.22546000e-04
7.13434541e+03 3.84483000e-04
7.13442480e+03 3.57979000e-04
7.13449962e+03 3.34521000e-04
7.13459634e+03 3.06279000e-04
7.13469307e+03 2.80254000e-04
7.13478979e+03 2.56311000e-04
7.13486561e+03 2.38909000e-04
7.13494802e+03 2.21285000e-04
7.13503042e+03 2.04927000e-04
7.13511282e+03 1.89761000e-04
7.13519522e+03 1.75714000e-04
7.13527762e+03 1.62720000e-04
7.13534929e+03 1.52223000e-04
7.13542095e+03 1.42430000e-04
7.13549261e+03 1.33301000e-04
7.13556427e+03 1.24798000e-04
7.13563594e+03 1.16884000e-04
7.13570760e+03 1.09523000e-04
7.13577926e+03 1.02683000e-04
7.13585092e+03 9.63308000e-05
7.13593238e+03 8.96642000e-05
7.13601384e+03 8.35463000e-05
7.13609529e+03 7.79370000e-05
7.13617675e+03 7.27984000e-05
7.13625821e+03 6.80950000e-05
7.13633966e+03 6.37935000e-05
7.13642112e+03 5.98626000e-05
7.13650258e+03 5.62732000e-05
7.13658403e+03 5.29978000e-05
7.13666549e+03 5.00111000e-05
7.13675426e+03 4.70572000e-05
7.13685766e+03 4.39757000e-05
7.13696107e+03 4.12416000e-05
7.13706447e+03 3.88176000e-05
7.13716787e+03 3.66700000e-05
7.13727127e+03 3.47681000e-05
7.13737467e+03 3.30846000e-05
7.13747807e+03 3.15946000e-05
7.13758147e+03 3.02760000e-05
7.13768487e+03 2.91090000e-05
7.13782274e+03 2.77582000e-05
7.13796061e+03 2.66086000e-05
7.13809848e+03 2.56286000e-05
7.13823635e+03 2.47915000e-05
7.13837421e+03 2.40745000e-05
7.13858102e+03 2.31826000e-05
7.13878782e+03 2.24653000e-05
7.13900937e+03 2.18444000e-05
7.13926041e+03 2.12791000e-05
7.13959513e+03 2.06885000e-05
7.13992986e+03 2.02261000e-05
7.14043194e+03 1.96866000e-05
7.14093403e+03 1.92642000e-05
7.14160347e+03 1.88140000e-05
7.14260764e+03 1.82915000e-05
7.14361181e+03 1.78903000e-05
7.14495070e+03 1.74842000e-05
7.14628959e+03 1.71812000e-05
7.14829793e+03 1.68545000e-05
7.14963682e+03 1.66983000e-05
7.15259796e+03 1.64546000e-05
7.15703967e+03 1.62382000e-05
7.16148138e+03 1.61186000e-05
7.16969271e+03 1.60169000e-05
7.17986582e+03 1.59892000e-05
7.18575118e+03 1.59898000e-05
7.18725855e+03 1.59896000e-05
7.21902188e+03 1.61387000e-05
7.25101394e+03 1.63541000e-05
7.28598026e+03 1.66413000e-05
7.28766010e+03 1.66489000e-05
7.30342527e+03 1.69572000e-05
7.31737178e+03 1.72376000e-05
7.32606323e+03 1.74358000e-05
7.33877661e+03 1.78599000e-05
7.34715139e+03 1.82484000e-05
7.35552617e+03 1.87769000e-05
7.36131444e+03 1.92749000e-05
7.36710271e+03 1.99264000e-05
7.37277437e+03 2.07399000e-05
7.37490125e+03 2.11241000e-05
7.37702812e+03 2.16103000e-05
7.37957526e+03 2.23106000e-05
7.38183369e+03 2.30243000e-05
7.38409213e+03 2.38530000e-05
7.38635056e+03 2.48496000e-05
7.38806348e+03 2.57473000e-05
7.38981456e+03 2.68233000e-05
7.39156565e+03 2.80992000e-05
7.39273304e+03 2.90919000e-05
7.39390043e+03 3.02226000e-05
7.39506783e+03 3.15130000e-05
7.39623522e+03 3.29897000e-05
7.39724811e+03 3.44524000e-05
7.39810651e+03 3.58540000e-05
7.39896490e+03 3.74384000e-05
7.39982330e+03 3.92460000e-05
7.40068169e+03 4.13262000e-05
7.40132549e+03 4.31003000e-05
7.40196929e+03 4.50890000e-05
7.40261308e+03 4.73250000e-05
7.40325688e+03 4.98467000e-05
7.40392644e+03 5.28239000e-05
7.40440716e+03 5.52219000e-05
7.40488788e+03 5.78734000e-05
7.40536860e+03 6.08181000e-05
7.40584932e+03 6.41054000e-05
7.40633004e+03 6.77978000e-05
7.40681077e+03 7.19768000e-05
7.40717130e+03 7.54952000e-05
7.40753185e+03 7.94104000e-05
7.40785400e+03 8.33118000e-05
7.40817615e+03 8.76762000e-05
7.40849830e+03 9.26133000e-05
7.40873991e+03 9.67815000e-05
7.40898152e+03 1.01443000e-04
7.40922313e+03 1.06711000e-04
7.40946474e+03 1.12734000e-04
7.40962582e+03 1.17262000e-04
7.40978689e+03 1.22283000e-04
7.40994797e+03 1.27882000e-04
7.41010904e+03 1.34162000e-04
7.41024687e+03 1.40168000e-04
7.41038469e+03 1.46852000e-04
7.41052251e+03 1.54318000e-04
7.41066034e+03 1.62687000e-04
7.41079816e+03 1.72096000e-04
7.41093599e+03 1.82707000e-04
7.41107381e+03 1.94701000e-04
7.41121163e+03 2.08287000e-04
7.41130351e+03 2.18346000e-04
7.41139540e+03 2.29296000e-04
7.41148728e+03 2.41223000e-04
7.41157916e+03 2.54219000e-04
7.41169146e+03 2.71702000e-04
7.41180376e+03 2.91131000e-04
7.41191606e+03 3.12728000e-04
7.41202836e+03 3.36731000e-04
7.41211258e+03 3.56470000e-04
7.41219681e+03 3.77831000e-04
7.41228103e+03 4.00939000e-04
7.41236526e+03 4.25930000e-04
7.41244948e+03 4.52949000e-04
7.41255827e+03 4.91097000e-04
7.41263899e+03 5.21957000e-04
7.41271971e+03 5.55163000e-04
7.41280043e+03 5.90875000e-04
7.41288115e+03 6.29260000e-04
7.41296187e+03 6.70495000e-04
7.41304259e+03 7.14764000e-04
7.41312331e+03 7.62257000e-04
7.41322836e+03 8.29231000e-04
7.41333342e+03 9.02470000e-04
7.41343847e+03 9.82459000e-04
7.41354352e+03 1.06970200e-03
7.41364858e+03 1.16473100e-03
7.41375249e+03 1.26691500e-03
7.41385582e+03 1.37715900e-03
7.41395915e+03 1.49655900e-03
7.41406248e+03 1.62568500e-03
7.41416582e+03 1.76511400e-03
7.41423470e+03 1.86408000e-03
7.41435142e+03 2.04329700e-03
7.41446814e+03 2.23777000e-03
7.41458485e+03 2.44835500e-03
7.41470157e+03 2.67589500e-03
7.41482219e+03 2.92974600e-03
7.41494280e+03 3.20347600e-03
7.41506342e+03 3.49793000e-03
7.41518404e+03 3.81390100e-03
7.41532006e+03 4.19690800e-03
7.41545607e+03 4.60911100e-03
7.41559208e+03 5.05127400e-03
7.41572809e+03 5.52398600e-03
7.41587837e+03 6.08225700e-03
7.41602865e+03 6.67847800e-03
7.41617893e+03 7.31246100e-03
7.41637162e+03 8.17961400e-03
7.41658369e+03 9.20167800e-03
7.41675334e+03 1.00671920e-02
7.41700782e+03 1.14369210e-02
7.41732371e+03 1.32347940e-02
7.41814227e+03 1.81048770e-02
7.41843435e+03 1.97847800e-02
7.41872643e+03 2.13568580e-02
7.41894549e+03 2.24351070e-02
7.41918866e+03 2.35035410e-02
7.41944388e+03 2.44525230e-02
7.41969910e+03 2.51994740e-02
7.41986925e+03 2.55746440e-02
7.42003940e+03 2.58458570e-02
7.42020954e+03 2.60096480e-02
7.42037969e+03 2.60639110e-02
7.42058300e+03 2.59842440e-02
7.42078631e+03 2.57487340e-02
7.42098962e+03 2.53616950e-02
7.42119293e+03 2.48301560e-02
7.42139624e+03 2.41636430e-02
7.42159955e+03 2.33738950e-02
7.42180286e+03 2.24745170e-02
7.42200617e+03 2.14805940e-02
7.42225519e+03 2.01580590e-02
7.42262871e+03 1.80212000e-02
7.42342371e+03 1.32886900e-02
7.42373981e+03 1.14865120e-02
7.42400983e+03 1.00323620e-02
7.42417449e+03 9.19298600e-03
7.42433915e+03 8.39347600e-03
7.42450380e+03 7.63628200e-03
7.42464259e+03 7.03220800e-03
7.42478138e+03 6.46009500e-03
7.42492016e+03 5.92028700e-03
7.42505895e+03 5.41283500e-03
7.42518147e+03 4.99158300e-03
7.42530399e+03 4.59507200e-03
7.42542651e+03 4.22286300e-03
7.42554902e+03 3.87440400e-03
7.42567248e+03 3.54662500e-03
7.42579594e+03 3.24153000e-03
7.42591940e+03 2.95827800e-03
7.42604285e+03 2.69597400e-03
7.42615820e+03 2.46899400e-03
7.42627355e+03 2.25868000e-03
7.42638890e+03 2.06421600e-03
7.42650425e+03 1.88478000e-03
7.42662069e+03 1.71803600e-03
7.42670803e+03 1.60196500e-03
7.42679536e+03 1.49320300e-03
7.42688270e+03 1.39140100e-03
7.42697003e+03 1.29621600e-03
7.42707261e+03 1.19241000e-03
7.42717519e+03 1.09673600e-03
7.42727777e+03 1.00867700e-03
7.42738035e+03 9.27736000e-04
7.42748293e+03 8.53431000e-04
7.42755755e+03 8.03287000e-04
7.42763840e+03 7.52447000e-04
7.42771925e+03 7.05035000e-04
7.42780010e+03 6.60851000e-04
7.42788095e+03 6.19702000e-04
7.42796180e+03 5.81403000e-04
7.42804266e+03 5.45779000e-04
7.42812350e+03 5.12661000e-04
7.42821846e+03 4.76750000e-04
7.42830025e+03 4.48224000e-04
7.42838204e+03 4.21768000e-04
7.42846383e+03 3.97243000e-04
7.42854561e+03 3.74515000e-04
7.42865467e+03 3.46791000e-04
7.42876372e+03 3.21765000e-04
7.42887277e+03 2.99180000e-04
7.42898182e+03 2.78802000e-04
7.42907797e+03 2.62495000e-04
7.42920281e+03 2.43408000e-04
7.42932765e+03 2.26433000e-04
7.42945249e+03 2.11326000e-04
7.42957733e+03 1.97870000e-04
7.42970218e+03 1.85870000e-04
7.42982702e+03 1.75154000e-04
7.42995186e+03 1.65568000e-04
7.43007670e+03 1.56976000e-04
7.43020155e+03 1.49257000e-04
7.43032639e+03 1.42305000e-04
7.43043894e+03 1.36619000e-04
7.43058080e+03 1.30139000e-04
7.43072267e+03 1.24328000e-04
7.43086453e+03 1.19096000e-04
7.43107733e+03 1.12165000e-04
7.43129013e+03 1.06146000e-04
7.43150293e+03 1.00868000e-04
7.43171573e+03 9.61966000e-05
7.43192853e+03 9.20252000e-05
7.43221226e+03 8.70995000e-05
7.43249600e+03 8.27652000e-05
7.43276331e+03 7.91221000e-05
7.43313967e+03 7.45829000e-05
7.43351602e+03 7.06063000e-05
7.43389238e+03 6.70883000e-05
7.43426873e+03 6.39509000e-05
7.43464509e+03 6.11339000e-05
7.43514690e+03 5.77938000e-05
7.43564870e+03 5.48475000e-05
7.43615051e+03 5.22250000e-05
7.43665232e+03 4.98719000e-05
7.43727531e+03 4.72632000e-05
7.43789831e+03 4.49449000e-05
7.43852131e+03 4.28717000e-05
7.43914431e+03 4.10095000e-05
7.43997497e+03 3.88089000e-05
7.44080563e+03 3.68852000e-05
7.44163630e+03 3.51972000e-05
7.44246696e+03 3.37094000e-05
7.44329762e+03 3.23915000e-05
7.44430904e+03 3.09799000e-05
7.44532046e+03 2.97469000e-05
7.44599474e+03 2.90097000e-05
7.44734329e+03 2.77066000e-05
7.44869185e+03 2.65944000e-05
7.45004041e+03 2.56385000e-05
7.45138897e+03 2.48131000e-05
7.45341180e+03 2.37706000e-05
7.45523772e+03 2.29833000e-05
7.45754101e+03 2.21566000e-05
7.45984429e+03 2.14810000e-05
7.46214757e+03 2.09188000e-05
7.46454904e+03 2.04281000e-05
7.46829849e+03 1.98129000e-05
7.47329777e+03 1.92017000e-05
7.47847099e+03 1.87341000e-05
7.48364422e+03 1.83913000e-05
7.48996766e+03 1.80726000e-05
7.49629109e+03 1.78342000e-05
7.50675977e+03 1.75692000e-05
7.52420758e+03 1.72903000e-05
7.54257706e+03 1.71971000e-05
7.54527211e+03 1.71989000e-05
7.56231336e+03 1.71679000e-05
7.58997349e+03 1.72241000e-05
7.59352622e+03 1.72215000e-05
7.61526977e+03 1.73422000e-05
7.65713012e+03 1.77207000e-05
7.68274031e+03 1.81232000e-05
7.70025439e+03 1.85544000e-05
7.71020116e+03 1.91481000e-05
7.71761356e+03 1.96528000e-05
7.72060517e+03 1.98946000e-05
7.72658839e+03 2.04959000e-05
7.73342267e+03 2.13688000e-05
7.73570077e+03 2.17718000e-05
7.73873822e+03 2.24916000e-05
7.74250966e+03 2.35534000e-05
7.74502395e+03 2.44051000e-05
7.74690967e+03 2.51639000e-05
7.74879538e+03 2.60558000e-05
7.75057226e+03 2.70442000e-05
7.75234915e+03 2.82074000e-05
7.75412603e+03 2.95946000e-05
7.75531062e+03 3.06785000e-05
7.75649521e+03 3.19185000e-05
7.75767980e+03 3.33469000e-05
7.75872242e+03 3.47911000e-05
7.75962307e+03 3.62059000e-05
7.76052372e+03 3.78046000e-05
7.76142437e+03 3.96233000e-05
7.76232503e+03 4.17071000e-05
7.76300051e+03 4.34770000e-05
7.76367600e+03 4.54564000e-05
7.76435149e+03 4.76815000e-05
7.76502698e+03 5.01975000e-05
7.76572985e+03 5.31845000e-05
7.76623493e+03 5.56068000e-05
7.76674001e+03 5.83009000e-05
7.76724510e+03 6.13124000e-05
7.76775018e+03 6.46982000e-05
7.76825526e+03 6.85306000e-05
7.76863407e+03 7.17537000e-05
7.76901288e+03 7.53316000e-05
7.76939170e+03 7.93299000e-05
7.76967575e+03 8.26548000e-05
7.76999132e+03 8.67390000e-05
7.77030690e+03 9.13141000e-05
7.77062247e+03 9.64885000e-05
7.77085915e+03 1.00848000e-04
7.77109583e+03 1.05702000e-04
7.77133251e+03 1.11151000e-04
7.77156918e+03 1.17316000e-04
7.77180586e+03 1.24352000e-04
7.77196365e+03 1.29620000e-04
7.77213909e+03 1.36115000e-04
7.77233218e+03 1.44169000e-04
7.77247700e+03 1.50932000e-04
7.77262182e+03 1.58408000e-04
7.77276664e+03 1.66695000e-04
7.77291145e+03 1.75901000e-04
7.77305627e+03 1.86152000e-04
7.77320109e+03 1.97586000e-04
7.77334591e+03 2.10362000e-04
7.77349073e+03 2.24655000e-04
7.77358727e+03 2.35124000e-04
7.77371539e+03 2.50300000e-04
7.77384351e+03 2.67092000e-04
7.77397163e+03 2.85674000e-04
7.77409975e+03 3.06239000e-04
7.77422786e+03 3.28996000e-04
7.77435598e+03 3.54170000e-04
7.77448410e+03 3.82005000e-04
7.77461222e+03 4.12762000e-04
7.77470864e+03 4.38007000e-04
7.77480507e+03 4.65191000e-04
7.77490149e+03 4.94447000e-04
7.77499791e+03 5.25913000e-04
7.77509434e+03 5.59732000e-04
7.77519076e+03 5.96054000e-04
7.77528719e+03 6.35032000e-04
7.77538361e+03 6.76828000e-04
7.77550445e+03 7.33437000e-04
7.77562530e+03 7.95061000e-04
7.77574614e+03 8.62041000e-04
7.77586698e+03 9.34726000e-04
7.77598782e+03 1.01347100e-03
7.77610787e+03 1.09805400e-03
7.77622753e+03 1.18900700e-03
7.77634718e+03 1.28694300e-03
7.77646684e+03 1.39220000e-03
7.77658650e+03 1.50510600e-03
7.77670469e+03 1.62445500e-03
7.77681997e+03 1.74861900e-03
7.77697368e+03 1.92652600e-03
7.77712738e+03 2.11903000e-03
7.77728109e+03 2.32657300e-03
7.77742419e+03 2.53362400e-03
7.77756730e+03 2.75419400e-03
7.77771040e+03 2.98837000e-03
7.77785350e+03 3.23612400e-03
7.77801982e+03 3.54093000e-03
7.77818614e+03 3.86342000e-03
7.77835245e+03 4.20288200e-03
7.77861239e+03 4.76497500e-03
7.77889324e+03 5.41010900e-03
7.77926771e+03 6.31612800e-03
7.78002600e+03 8.19886900e-03
7.78040461e+03 9.08909500e-03
7.78065629e+03 9.63483200e-03
7.78090797e+03 1.01296260e-02
7.78115965e+03 1.05620180e-02
7.78141133e+03 1.09216250e-02
7.78166301e+03 1.11995600e-02
7.78185178e+03 1.13501130e-02
7.78204054e+03 1.14485600e-02
7.78222930e+03 1.14934710e-02
7.78229222e+03 1.14964080e-02
7.78248755e+03 1.14671250e-02
7.78268289e+03 1.13802260e-02
7.78287822e+03 1.12370690e-02
7.78307356e+03 1.10398700e-02
7.78333401e+03 1.06982040e-02
7.78359446e+03 1.02750430e-02
7.78385490e+03 9.78138500e-03
7.78411535e+03 9.22962300e-03
7.78437580e+03 8.63302400e-03
7.78480901e+03 7.57808800e-03
7.78545883e+03 5.96445300e-03
7.78573376e+03 5.30748000e-03
7.78598716e+03 4.72908200e-03
7.78624056e+03 4.18319700e-03
7.78641813e+03 3.82262200e-03
7.78657055e+03 3.52861100e-03
7.78672297e+03 3.24947800e-03
7.78687539e+03 2.98557200e-03
7.78703300e+03 2.72887300e-03
7.78719581e+03 2.48103600e-03
7.78735861e+03 2.25064300e-03
7.78752142e+03 2.03738000e-03
7.78767432e+03 1.85228000e-03
7.78781732e+03 1.69206100e-03
7.78796033e+03 1.54384400e-03
7.78810333e+03 1.40713600e-03
7.78821335e+03 1.30945100e-03
7.78832893e+03 1.21355500e-03
7.78844452e+03 1.12424700e-03
7.78856009e+03 1.04121800e-03
7.78867568e+03 9.64156000e-04
7.78879126e+03 8.92749000e-04
7.78890933e+03 8.25316000e-04
7.78902740e+03 7.63134000e-04
7.78914548e+03 7.05879000e-04
7.78926355e+03 6.53239000e-04
7.78938163e+03 6.04909000e-04
7.78946909e+03 5.71714000e-04
7.78956529e+03 5.37607000e-04
7.78966149e+03 5.05875000e-04
7.78975769e+03 4.76376000e-04
7.78985389e+03 4.48970000e-04
7.78995009e+03 4.23525000e-04
7.79004629e+03 3.99916000e-04
7.79014249e+03 3.78021000e-04
7.79026559e+03 3.52320000e-04
7.79037810e+03 3.30931000e-04
7.79049060e+03 3.11378000e-04
7.79060310e+03 2.93510000e-04
7.79071561e+03 2.77186000e-04
7.79082811e+03 2.62274000e-04
7.79094061e+03 2.48653000e-04
7.79105311e+03 2.36209000e-04
7.79116562e+03 2.24839000e-04
7.79131562e+03 2.11184000e-04
7.79146866e+03 1.98831000e-04
7.79162473e+03 1.87674000e-04
7.79178080e+03 1.77791000e-04
7.79193687e+03 1.69021000e-04
7.79209293e+03 1.61223000e-04
7.79224900e+03 1.54274000e-04
7.79240507e+03 1.48067000e-04
7.79256114e+03 1.42509000e-04
7.79279525e+03 1.35215000e-04
7.79302935e+03 1.28974000e-04
7.79326346e+03 1.23604000e-04
7.79349756e+03 1.18961000e-04
7.79373166e+03 1.14930000e-04
7.79397930e+03 1.11229000e-04
7.79425399e+03 1.07704000e-04
7.79452868e+03 1.04702000e-04
7.79480337e+03 1.02159000e-04
7.79516963e+03 9.93981000e-05
7.79553588e+03 9.72896000e-05
7.79590214e+03 9.57923000e-05
7.79626840e+03 9.48987000e-05
7.79663465e+03 9.46375000e-05
7.79698845e+03 9.50541000e-05
7.79724445e+03 9.58313000e-05
7.79750045e+03 9.70830000e-05
7.79775645e+03 9.89042000e-05
7.79801246e+03 1.01424000e-04
7.79818312e+03 1.03574000e-04
7.79835379e+03 1.06176000e-04
7.79852446e+03 1.09305000e-04
7.79869513e+03 1.13056000e-04
7.79886580e+03 1.17539000e-04
7.79903647e+03 1.22884000e-04
7.79916447e+03 1.27551000e-04
7.79929247e+03 1.32864000e-04
7.79942047e+03 1.38909000e-04
7.79954847e+03 1.45779000e-04
7.79966880e+03 1.53085000e-04
7.79978913e+03 1.61311000e-04
7.79990946e+03 1.70566000e-04
7.80002979e+03 1.80969000e-04
7.80015012e+03 1.92649000e-04
7.80027045e+03 2.05750000e-04
7.80039077e+03 2.20428000e-04
7.80051110e+03 2.36852000e-04
7.80063143e+03 2.55207000e-04
7.80075176e+03 2.75692000e-04
7.80083198e+03 2.90638000e-04
7.80091766e+03 3.07828000e-04
7.80100334e+03 3.26370000e-04
7.80108902e+03 3.46353000e-04
7.80117470e+03 3.67874000e-04
7.80126038e+03 3.91030000e-04
7.80134606e+03 4.15924000e-04
7.80143174e+03 4.42664000e-04
7.80151742e+03 4.71360000e-04
7.80162625e+03 5.10810000e-04
7.80173508e+03 5.53846000e-04
7.80184391e+03 6.00721000e-04
7.80195273e+03 6.51698000e-04
7.80206156e+03 7.07046000e-04
7.80216989e+03 7.66758000e-04
7.80227798e+03 8.31198000e-04
7.80238607e+03 9.00778000e-04
7.80249415e+03 9.75780000e-04
7.80260224e+03 1.05648400e-03
7.80270826e+03 1.14146100e-03
7.80281016e+03 1.22880200e-03
7.80291207e+03 1.32193200e-03
7.80304793e+03 1.45548800e-03
7.80314983e+03 1.56297000e-03
7.80328939e+03 1.72074400e-03
7.80343265e+03 1.89584700e-03
7.80357591e+03 2.08471900e-03
7.80371916e+03 2.28772800e-03
7.80386042e+03 2.50202600e-03
7.80399968e+03 2.72718700e-03
7.80413894e+03 2.96620800e-03
7.80427820e+03 3.21904200e-03
7.80442415e+03 3.49864900e-03
7.80457678e+03 3.80670500e-03
7.80480573e+03 4.29740800e-03
7.80506103e+03 4.88175300e-03
7.80536904e+03 5.63078400e-03
7.80577972e+03 6.68150200e-03
7.80637172e+03 8.21936600e-03
7.80672692e+03 9.09803300e-03
7.80696406e+03 9.64351700e-03
7.80720120e+03 1.01432010e-02
7.80743834e+03 1.05865550e-02
7.80767548e+03 1.09638920e-02
7.80791262e+03 1.12667310e-02
7.80814976e+03 1.14881050e-02
7.80838690e+03 1.16228400e-02
7.80862404e+03 1.16677530e-02
7.80887620e+03 1.16158160e-02
7.80912835e+03 1.14625340e-02
7.80938051e+03 1.12119900e-02
7.80963266e+03 1.08707820e-02
7.80988482e+03 1.04477210e-02
7.81013697e+03 9.95346100e-03
7.81038913e+03 9.40004200e-03
7.81072533e+03 8.59256400e-03
7.81122964e+03 7.29626000e-03
7.81172501e+03 6.01030900e-03
7.81203350e+03 5.24020200e-03
7.81228863e+03 4.63499900e-03
7.81251710e+03 4.12352900e-03
7.81266940e+03 3.80049200e-03
7.81288318e+03 3.37309100e-03
7.81302081e+03 3.11466300e-03
7.81315843e+03 2.86963800e-03
7.81329605e+03 2.63813900e-03
7.81342378e+03 2.43540800e-03
7.81355149e+03 2.24425600e-03
7.81367921e+03 2.06453700e-03
7.81380693e+03 1.89604300e-03
7.81394830e+03 1.72231600e-03
7.81408966e+03 1.56159000e-03
7.81419568e+03 1.44928400e-03
7.81430170e+03 1.34379500e-03
7.81440664e+03 1.24586500e-03
7.81450939e+03 1.15598000e-03
7.81461215e+03 1.07181100e-03
7.81471491e+03 9.93123000e-04
7.81481767e+03 9.19674000e-04
7.81492043e+03 8.51221000e-04
7.81502496e+03 7.86466000e-04
7.81512948e+03 7.26377000e-04
7.81523401e+03 6.70699000e-04
7.81533853e+03 6.19185000e-04
7.81544306e+03 5.71594000e-04
7.81555016e+03 5.26650000e-04
7.81565855e+03 4.84851000e-04
7.81576695e+03 4.46514000e-04
7.81587534e+03 4.11401000e-04
7.81598373e+03 3.79284000e-04
7.81605599e+03 3.59428000e-04
7.81614696e+03 3.36090000e-04
7.81623794e+03 3.14490000e-04
7.81632891e+03 2.94515000e-04
7.81641988e+03 2.76056000e-04
7.81651085e+03 2.59010000e-04
7.81660182e+03 2.43279000e-04
7.81669279e+03 2.28769000e-04
7.81678377e+03 2.15395000e-04
7.81690354e+03 1.99376000e-04
7.81702331e+03 1.85006000e-04
7.81714308e+03 1.72120000e-04
7.81726285e+03 1.60571000e-04
7.81738263e+03 1.50222000e-04
7.81750240e+03 1.40949000e-04
7.81762217e+03 1.32638000e-04
7.81774194e+03 1.25187000e-04
7.81786171e+03 1.18504000e-04
7.81798149e+03 1.12503000e-04
7.81810321e+03 1.07028000e-04
7.81822885e+03 1.01959000e-04
7.81835448e+03 9.74142000e-05
7.81848012e+03 9.33307000e-05
7.81864763e+03 8.85100000e-05
7.81881514e+03 8.42997000e-05
7.81898266e+03 8.06043000e-05
7.81915017e+03 7.73432000e-05
7.81931769e+03 7.44488000e-05
7.81956896e+03 7.06733000e-05
7.81982023e+03 6.74439000e-05
7.82007150e+03 6.46438000e-05
7.82032277e+03 6.21844000e-05
7.82057404e+03 5.99985000e-05
7.82090270e+03 5.74689000e-05
7.82122500e+03 5.52780000e-05
7.82170845e+03 5.24099000e-05
7.82219191e+03 4.99328000e-05
7.82267536e+03 4.77623000e-05
7.82315881e+03 4.58403000e-05
7.82364226e+03 4.41248000e-05
7.82428687e+03 4.21045000e-05
7.82493147e+03 4.03374000e-05
7.82557607e+03 3.87794000e-05
7.82650490e+03 3.68338000e-05
7.82741468e+03 3.52053000e-05
7.82832447e+03 3.37978000e-05
7.82923426e+03 3.25713000e-05
7.83014405e+03 3.14942000e-05
7.83135710e+03 3.02480000e-05
7.83257015e+03 2.91790000e-05
7.83378320e+03 2.82546000e-05
7.83560278e+03 2.70827000e-05
7.83774561e+03 2.59442000e-05
7.83988844e+03 2.49750000e-05
7.84203127e+03 2.41308000e-05
7.84417411e+03 2.34368000e-05
7.84631694e+03 2.28956000e-05
7.84827575e+03 2.24959000e-05
7.85076481e+03 2.20893000e-05
7.85698747e+03 2.12631000e-05
7.86204829e+03 2.07313000e-05
7.87048299e+03 2.00842000e-05
7.87944729e+03 1.96148000e-05
7.88841159e+03 1.92818000e-05
7.90659860e+03 1.88385000e-05
7.91847945e+03 1.86836000e-05
7.93828086e+03 1.85090000e-05
7.98151162e+03 1.83300000e-05
7.98411959e+03 1.83316000e-05
8.01443893e+03 1.83201000e-05
8.02635062e+03 1.83216000e-05
8.03693682e+03 1.83051000e-05
8.04392828e+03 1.83140000e-05
8.04928939e+03 1.82985000e-05
8.05913379e+03 1.83425000e-05
8.10179287e+03 1.83961000e-05
8.10594512e+03 1.83893000e-05
8.34256918e+03 1.89591000e-05
9.08832231e+03 2.09143000e-05
9.24167466e+03 2.13775000e-05
9.28845251e+03 2.16265000e-05
9.30819248e+03 2.18683000e-05
9.31845608e+03 2.21450000e-05
9.32508387e+03 2.24905000e-05
9.32906055e+03 2.28623000e-05
9.33124257e+03 2.32075000e-05
9.33211538e+03 2.34308000e-05
9.33276999e+03 2.36935000e-05
9.33320640e+03 2.39659000e-05
9.33364280e+03 2.43842000e-05
9.33397011e+03 2.48547000e-05
9.33418831e+03 2.52789000e-05
9.33440651e+03 2.58231000e-05
9.33462471e+03 2.65223000e-05
9.33478837e+03 2.71748000e-05
9.33495202e+03 2.79621000e-05
9.33511567e+03 2.89111000e-05
9.33527932e+03 3.00537000e-05
9.33544297e+03 3.14267000e-05
9.33555207e+03 3.24913000e-05
9.33566118e+03 3.36918000e-05
9.33577028e+03 3.50444000e-05
9.33587938e+03 3.65666000e-05
9.33598848e+03 3.82776000e-05
9.33611714e+03 4.05670000e-05
9.33622830e+03 4.28095000e-05
9.33633946e+03 4.53256000e-05
9.33645062e+03 4.81448000e-05
9.33656178e+03 5.12993000e-05
9.33667294e+03 5.48239000e-05
9.33678410e+03 5.87562000e-05
9.33689526e+03 6.31370000e-05
9.33700642e+03 6.80101000e-05
9.33711758e+03 7.34226000e-05
9.33722874e+03 7.94248000e-05
9.33731672e+03 8.46295000e-05
9.33740471e+03 9.02658000e-05
9.33749270e+03 9.63635000e-05
9.33758068e+03 1.02954000e-04
9.33766867e+03 1.10069000e-04
9.33775666e+03 1.17744000e-04
9.33784464e+03 1.26013000e-04
9.33793263e+03 1.34914000e-04
9.33802791e+03 1.45311000e-04
9.33812319e+03 1.56543000e-04
9.33821847e+03 1.68665000e-04
9.33831375e+03 1.81731000e-04
9.33840903e+03 1.95796000e-04
9.33850164e+03 2.10480000e-04
9.33859292e+03 2.25983000e-04
9.33868420e+03 2.42563000e-04
9.33877548e+03 2.60273000e-04
9.33886676e+03 2.79169000e-04
9.33898849e+03 3.06311000e-04
9.33911025e+03 3.35802000e-04
9.33923201e+03 3.67771000e-04
9.33935377e+03 4.02353000e-04
9.33948060e+03 4.41297000e-04
9.33961249e+03 4.85120000e-04
9.33974439e+03 5.32490000e-04
9.33987629e+03 5.83563000e-04
9.34000631e+03 6.37675000e-04
9.34013445e+03 6.94792000e-04
9.34026259e+03 7.55783000e-04
9.34039072e+03 8.20746000e-04
9.34051943e+03 8.90080000e-04
9.34064871e+03 9.63906000e-04
9.34077798e+03 1.04197200e-03
9.34097189e+03 1.16706800e-03
9.34111938e+03 1.26861600e-03
9.34126686e+03 1.37562800e-03
9.34148808e+03 1.54611700e-03
9.34173646e+03 1.75106200e-03
9.34199843e+03 1.98127300e-03
9.34226040e+03 2.22379600e-03
9.34263397e+03 2.58537700e-03
9.34338111e+03 3.32462400e-03
9.34375467e+03 3.67677700e-03
9.34401066e+03 3.90143300e-03
9.34426665e+03 4.10728500e-03
9.34452264e+03 4.28998400e-03
9.34477863e+03 4.44553000e-03
9.34503462e+03 4.57041900e-03
9.34529061e+03 4.66177800e-03
9.34554660e+03 4.71747000e-03
9.34580259e+03 4.73618000e-03
9.34598562e+03 4.72660400e-03
9.34626017e+03 4.67665400e-03
9.34653472e+03 4.58530300e-03
9.34680927e+03 4.45501900e-03
9.34708382e+03 4.28926500e-03
9.34735838e+03 4.09234000e-03
9.34763293e+03 3.86919800e-03
9.34790748e+03 3.62524200e-03
9.34827355e+03 3.27733200e-03
9.34916152e+03 2.40112700e-03
9.34948432e+03 2.09547200e-03
9.34975316e+03 1.85357800e-03
9.34999502e+03 1.64815800e-03
9.35015627e+03 1.51840500e-03
9.35037699e+03 1.35080500e-03
9.35058714e+03 1.20246500e-03
9.35072724e+03 1.10981200e-03
9.35087075e+03 1.02012300e-03
9.35101768e+03 9.33772000e-04
9.35116460e+03 8.52919000e-04
9.35131153e+03 7.77483000e-04
9.35145194e+03 7.10355000e-04
9.35158584e+03 6.50750000e-04
9.35171975e+03 5.95330000e-04
9.35185365e+03 5.43962000e-04
9.35198585e+03 4.97084000e-04
9.35211635e+03 4.54405000e-04
9.35224686e+03 4.15158000e-04
9.35234473e+03 3.87885000e-04
9.35244261e+03 3.62398000e-04
9.35253911e+03 3.38955000e-04
9.35263561e+03 3.17128000e-04
9.35273212e+03 2.96858000e-04
9.35282862e+03 2.78088000e-04
9.35292512e+03 2.60761000e-04
9.35303799e+03 2.42254000e-04
9.35315905e+03 2.24424000e-04
9.35323975e+03 2.13651000e-04
9.35332046e+03 2.03737000e-04
9.35340116e+03 1.94656000e-04
9.35348187e+03 1.86384000e-04
9.35356257e+03 1.78897000e-04
9.35364838e+03 1.71774000e-04
9.35373930e+03 1.65142000e-04
9.35383021e+03 1.59426000e-04
9.35392113e+03 1.54603000e-04
9.35401204e+03 1.50651000e-04
9.35410295e+03 1.47553000e-04
9.35419386e+03 1.45293000e-04
9.35428478e+03 1.43858000e-04
9.35439019e+03 1.43214000e-04
9.35440218e+03 1.43210000e-04
9.35447412e+03 1.43478000e-04
9.35457004e+03 1.44618000e-04
9.35466596e+03 1.46651000e-04
9.35476188e+03 1.49578000e-04
9.35485780e+03 1.53405000e-04
9.35495372e+03 1.58138000e-04
9.35504964e+03 1.63790000e-04
9.35513919e+03 1.69907000e-04
9.35522237e+03 1.76329000e-04
9.35530554e+03 1.83476000e-04
9.35538871e+03 1.91362000e-04
9.35551348e+03 2.04612000e-04
9.35563824e+03 2.19618000e-04
9.35576300e+03 2.36443000e-04
9.35586309e+03 2.51302000e-04
9.35596317e+03 2.67414000e-04
9.35606325e+03 2.84817000e-04
9.35616334e+03 3.03553000e-04
9.35629678e+03 3.30677000e-04
9.35642918e+03 3.60097000e-04
9.35656157e+03 3.92116000e-04
9.35669397e+03 4.26827000e-04
9.35682636e+03 4.64324000e-04
9.35694260e+03 4.99610000e-04
9.35709758e+03 5.50197000e-04
9.35721381e+03 5.90857000e-04
9.35736879e+03 6.48776000e-04
9.35752245e+03 7.10455000e-04
9.35767479e+03 7.75836000e-04
9.35782713e+03 8.45454000e-04
9.35797947e+03 9.19299000e-04
9.35814300e+03 1.00322700e-03
9.35831774e+03 1.09810900e-03
9.35849247e+03 1.19817500e-03
9.35875457e+03 1.35737300e-03
9.35905668e+03 1.55288000e-03
9.35935878e+03 1.75871200e-03
9.36039816e+03 2.49378400e-03
9.36080717e+03 2.76509900e-03
9.36106655e+03 2.92257700e-03
9.36132594e+03 3.06480300e-03
9.36158532e+03 3.18868500e-03
9.36184470e+03 3.29144300e-03
9.36210408e+03 3.37071000e-03
9.36236346e+03 3.42462500e-03
9.36262284e+03 3.45190600e-03
9.36275253e+03 3.45532900e-03
9.36296258e+03 3.44634100e-03
9.36317264e+03 3.41953400e-03
9.36338270e+03 3.37532900e-03
9.36359275e+03 3.31441900e-03
9.36380281e+03 3.23774600e-03
9.36401287e+03 3.14647900e-03
9.36429294e+03 3.00447100e-03
9.36457302e+03 2.84263400e-03
9.36485309e+03 2.66499000e-03
9.36529191e+03 2.36495800e-03
9.36611355e+03 1.78166500e-03
9.36646612e+03 1.54123200e-03
9.36674400e+03 1.36153600e-03
9.36701079e+03 1.19922400e-03
9.36717388e+03 1.10553500e-03
9.36733697e+03 1.01632200e-03
9.36750005e+03 9.31749000e-04
9.36765130e+03 8.57552000e-04
9.36779071e+03 7.92816000e-04
9.36793013e+03 7.31594000e-04
9.36806954e+03 6.73868000e-04
9.36820884e+03 6.19642000e-04
9.36834803e+03 5.68851000e-04
9.36848722e+03 5.21372000e-04
9.36862641e+03 4.77116000e-04
9.36876356e+03 4.36557000e-04
9.36889869e+03 3.99454000e-04
9.36903382e+03 3.65071000e-04
9.36916894e+03 3.33290000e-04
9.36927338e+03 3.10431000e-04
9.36938398e+03 2.87771000e-04
9.36949459e+03 2.66635000e-04
9.36960519e+03 2.46952000e-04
9.36971580e+03 2.28653000e-04
9.36982640e+03 2.11667000e-04
9.36995007e+03 1.94144000e-04
9.37007373e+03 1.78080000e-04
9.37019739e+03 1.63380000e-04
9.37032105e+03 1.49954000e-04
9.37044471e+03 1.37714000e-04
9.37053461e+03 1.29512000e-04
9.37063197e+03 1.21250000e-04
9.37072932e+03 1.13594000e-04
9.37082667e+03 1.06508000e-04
9.37092403e+03 9.99571000e-05
9.37102138e+03 9.39057000e-05
9.37111873e+03 8.83218000e-05
9.37121609e+03 8.31740000e-05
9.37131264e+03 7.84704000e-05
9.37140839e+03 7.41736000e-05
9.37150413e+03 7.02177000e-05
9.37159988e+03 6.65785000e-05
9.37169563e+03 6.32333000e-05
9.37179138e+03 6.01606000e-05
9.37188713e+03 5.73402000e-05
9.37203075e+03 5.35413000e-05
9.37217437e+03 5.02083000e-05
9.37231799e+03 4.72875000e-05
9.37246162e+03 4.47305000e-05
9.37260524e+03 4.24937000e-05
9.37274886e+03 4.05382000e-05
9.37287870e+03 3.89833000e-05
9.37304263e+03 3.72722000e-05
9.37320655e+03 3.58045000e-05
9.37337048e+03 3.45447000e-05
9.37353441e+03 3.34617000e-05
9.37369834e+03 3.25292000e-05
9.37394423e+03 3.13634000e-05
9.37419012e+03 3.04218000e-05
9.37443601e+03 2.96544000e-05
9.37476387e+03 2.88364000e-05
9.37509173e+03 2.81911000e-05
9.37558351e+03 2.74443000e-05
9.37607530e+03 2.68726000e-05
9.37673101e+03 2.62790000e-05
9.37771458e+03 2.56039000e-05
9.37868731e+03 2.50899000e-05
9.37997706e+03 2.45565000e-05
9.38191169e+03 2.39599000e-05
9.38384632e+03 2.35370000e-05
9.38578094e+03 2.32463000e-05
9.38836044e+03 2.29784000e-05
9.39234199e+03 2.26958000e-05
9.39632353e+03 2.25006000e-05
9.40428663e+03 2.22567000e-05
9.42456915e+03 2.20196000e-05
9.44690373e+03 2.19869000e-05
9.46434793e+03 2.19896000e-05
9.47067909e+03 2.19864000e-05
1.03298807e+04 2.42603000e-05
1.08777150e+04 2.57926000e-05
1.08823346e+04 2.57887000e-05
1.10858991e+04 2.65638000e-05
1.11538588e+04 2.69238000e-05
1.12287308e+04 2.76720000e-05
1.12606022e+04 2.82977000e-05
1.12852470e+04 2.91967000e-05
1.12992096e+04 2.98999000e-05
1.13166343e+04 3.09726000e-05
1.13191359e+04 3.12447000e-05
1.13303933e+04 3.31672000e-05
1.13372171e+04 3.43856000e-05
1.13399480e+04 3.49593000e-05
1.13426788e+04 3.57612000e-05
1.13463199e+04 3.71665000e-05
1.13499610e+04 3.87390000e-05
1.13529500e+04 4.02360000e-05
1.13551917e+04 4.15563000e-05
1.13574334e+04 4.30914000e-05
1.13596751e+04 4.48848000e-05
1.13619168e+04 4.69936000e-05
1.13634414e+04 4.86535000e-05
1.13649659e+04 5.05370000e-05
1.13664904e+04 5.26774000e-05
1.13680149e+04 5.51077000e-05
1.13695394e+04 5.78594000e-05
1.13710639e+04 6.09773000e-05
1.13722073e+04 6.36176000e-05
1.13733507e+04 6.66154000e-05
1.13741130e+04 6.88786000e-05
1.13749845e+04 7.17977000e-05
1.13758560e+04 7.51439000e-05
1.13767275e+04 7.89906000e-05
1.13775990e+04 8.34036000e-05
1.13784705e+04 8.84473000e-05
1.13791241e+04 9.26881000e-05
1.13797777e+04 9.73668000e-05
1.13804314e+04 1.02538000e-04
1.13810850e+04 1.08275000e-04
1.13816408e+04 1.13670000e-04
1.13821967e+04 1.19617000e-04
1.13827525e+04 1.26210000e-04
1.13833084e+04 1.33564000e-04
1.13838642e+04 1.41826000e-04
1.13842811e+04 1.48728000e-04
1.13846980e+04 1.56345000e-04
1.13851149e+04 1.64803000e-04
1.13855318e+04 1.74265000e-04
1.13858777e+04 1.83029000e-04
1.13862237e+04 1.92786000e-04
1.13865696e+04 2.03736000e-04
1.13869156e+04 2.16138000e-04
1.13871750e+04 2.26591000e-04
1.13874345e+04 2.38224000e-04
1.13876940e+04 2.51253000e-04
1.13879534e+04 2.65941000e-04
1.13882129e+04 2.82609000e-04
1.13884134e+04 2.97089000e-04
1.13886415e+04 3.15545000e-04
1.13888125e+04 3.30983000e-04
1.13889836e+04 3.47982000e-04
1.13891546e+04 3.66743000e-04
1.13893256e+04 3.87488000e-04
1.13894967e+04 4.10468000e-04
1.13896677e+04 4.35958000e-04
1.13898387e+04 4.64275000e-04
1.13900098e+04 4.95761000e-04
1.13901238e+04 5.18699000e-04
1.13902805e+04 5.53013000e-04
1.13904371e+04 5.90879000e-04
1.13905938e+04 6.32675000e-04
1.13907504e+04 6.78801000e-04
1.13909071e+04 7.29699000e-04
1.13910637e+04 7.85835000e-04
1.13912204e+04 8.47716000e-04
1.13913770e+04 9.15881000e-04
1.13915434e+04 9.95793000e-04
1.13917097e+04 1.08417000e-03
1.13918761e+04 1.18178100e-03
1.13920425e+04 1.28942900e-03
1.13922088e+04 1.40796700e-03
1.13923687e+04 1.53296800e-03
1.13925253e+04 1.66674400e-03
1.13926819e+04 1.81248900e-03
1.13928385e+04 1.97101000e-03
1.13929951e+04 2.14307900e-03
1.13931507e+04 2.32819800e-03
1.13933041e+04 2.52541200e-03
1.13934576e+04 2.73788400e-03
1.13936110e+04 2.96628300e-03
1.13937645e+04 3.21128700e-03
1.13939179e+04 3.47350000e-03
1.13941018e+04 3.81127800e-03
1.13942857e+04 4.17547400e-03
1.13944696e+04 4.56678800e-03
1.13946535e+04 4.98573500e-03
1.13948540e+04 5.47433300e-03
1.13950545e+04 5.99616400e-03
1.13952550e+04 6.55093500e-03
1.13954555e+04 7.13790600e-03
1.13956803e+04 7.83288500e-03
1.13959051e+04 8.56441000e-03
1.13962423e+04 9.72307300e-03
1.13965765e+04 1.09314040e-02
1.13973528e+04 1.38623640e-02
1.13979073e+04 1.59298790e-02
1.13982767e+04 1.72230420e-02
1.13985718e+04 1.81765300e-02
1.13988670e+04 1.90376250e-02
1.13991621e+04 1.97875810e-02
1.13994573e+04 2.04096210e-02
1.13997524e+04 2.08893690e-02
1.14000476e+04 2.12155660e-02
1.14003427e+04 2.13804300e-02
1.14004903e+04 2.14009680e-02
1.14007719e+04 2.13250480e-02
1.14010536e+04 2.10997930e-02
1.14013352e+04 2.07301260e-02
1.14016168e+04 2.02240430e-02
1.14018985e+04 1.95923160e-02
1.14021801e+04 1.88481110e-02
1.14024618e+04 1.80065190e-02
1.14027434e+04 1.70840440e-02
1.14031045e+04 1.58107900e-02
1.14037365e+04 1.34429050e-02
1.14044278e+04 1.08382210e-02
1.14047877e+04 9.54335400e-03
1.14050276e+04 8.71893900e-03
1.14053453e+04 7.68517800e-03
1.14055431e+04 7.07871600e-03
1.14057408e+04 6.50255200e-03
1.14059386e+04 5.95781500e-03
1.14061291e+04 5.46317800e-03
1.14063197e+04 4.99859200e-03
1.14065102e+04 4.56400700e-03
1.14067008e+04 4.15911300e-03
1.14068972e+04 3.77226200e-03
1.14070445e+04 3.50187700e-03
1.14071917e+04 3.24796400e-03
1.14073390e+04 3.00999100e-03
1.14074863e+04 2.78746300e-03
1.14076351e+04 2.57775100e-03
1.14077838e+04 2.38255400e-03
1.14079325e+04 2.20119200e-03
1.14080813e+04 2.03302300e-03
1.14082300e+04 1.87735700e-03
1.14083923e+04 1.72101100e-03
1.14085613e+04 1.57216600e-03
1.14087303e+04 1.43666300e-03
1.14088993e+04 1.31352800e-03
1.14090683e+04 1.20184700e-03
1.14091810e+04 1.13330600e-03
1.14093056e+04 1.06261400e-03
1.14094303e+04 9.97015000e-04
1.14095550e+04 9.36186000e-04
1.14096797e+04 8.79817000e-04
1.14098044e+04 8.27612000e-04
1.14099290e+04 7.79288000e-04
1.14100537e+04 7.34577000e-04
1.14102205e+04 6.79992000e-04
1.14103466e+04 6.42325000e-04
1.14105149e+04 5.96548000e-04
1.14106831e+04 5.55385000e-04
1.14108513e+04 5.18366000e-04
1.14110196e+04 4.85064000e-04
1.14111878e+04 4.55090000e-04
1.14113560e+04 4.28090000e-04
1.14115242e+04 4.03744000e-04
1.14117293e+04 3.77243000e-04
1.14119343e+04 3.53795000e-04
1.14121394e+04 3.32995000e-04
1.14123444e+04 3.14488000e-04
1.14125495e+04 2.97967000e-04
1.14127545e+04 2.83167000e-04
1.14129595e+04 2.69859000e-04
1.14131646e+04 2.57845000e-04
1.14134380e+04 2.43551000e-04
1.14137114e+04 2.30923000e-04
1.14140223e+04 2.18242000e-04
1.14143332e+04 2.07043000e-04
1.14146442e+04 1.97072000e-04
1.14149551e+04 1.88127000e-04
1.14153697e+04 1.77526000e-04
1.14157843e+04 1.68175000e-04
1.14161988e+04 1.59857000e-04
1.14166134e+04 1.52403000e-04
1.14170280e+04 1.45683000e-04
1.14175597e+04 1.37976000e-04
1.14180915e+04 1.31138000e-04
1.14186232e+04 1.25037000e-04
1.14191549e+04 1.19569000e-04
1.14198639e+04 1.13119000e-04
1.14205729e+04 1.07493000e-04
1.14212819e+04 1.02577000e-04
1.14219909e+04 9.82905000e-05
1.14226999e+04 9.45754000e-05
1.14234071e+04 9.13987000e-05
1.14241143e+04 8.87205000e-05
1.14248215e+04 8.65160000e-05
1.14255287e+04 8.47623000e-05
1.14262358e+04 8.34378000e-05
1.14269430e+04 8.25250000e-05
1.14278270e+04 8.19514000e-05
1.14281806e+04 8.19014000e-05
1.14290147e+04 8.22222000e-05
1.14296720e+04 8.29746000e-05
1.14303294e+04 8.42992000e-05
1.14308224e+04 8.58086000e-05
1.14313153e+04 8.79562000e-05
1.14316440e+04 8.98851000e-05
1.14319727e+04 9.23625000e-05
1.14322192e+04 9.46903000e-05
1.14324656e+04 9.75341000e-05
1.14327121e+04 1.01026000e-04
1.14329586e+04 1.05332000e-04
1.14331230e+04 1.08757000e-04
1.14332873e+04 1.12711000e-04
1.14334516e+04 1.17279000e-04
1.14336159e+04 1.22561000e-04
1.14337739e+04 1.28418000e-04
1.14339318e+04 1.35155000e-04
1.14340897e+04 1.42906000e-04
1.14342477e+04 1.51819000e-04
1.14343530e+04 1.58490000e-04
1.14344582e+04 1.65808000e-04
1.14345635e+04 1.73833000e-04
1.14346688e+04 1.82628000e-04
1.14347741e+04 1.92265000e-04
1.14348794e+04 2.02817000e-04
1.14349847e+04 2.14366000e-04
1.14350900e+04 2.26997000e-04
1.14351953e+04 2.40803000e-04
1.14353006e+04 2.55884000e-04
1.14354131e+04 2.73526000e-04
1.14355256e+04 2.92882000e-04
1.14356381e+04 3.14098000e-04
1.14357506e+04 3.37332000e-04
1.14358631e+04 3.62750000e-04
1.14359756e+04 3.90531000e-04
1.14360881e+04 4.20862000e-04
1.14362007e+04 4.53942000e-04
1.14363255e+04 4.94109000e-04
1.14364503e+04 5.38216000e-04
1.14365751e+04 5.86589000e-04
1.14366999e+04 6.39555000e-04
1.14368247e+04 6.97472000e-04
1.14369348e+04 7.52996000e-04
1.14370377e+04 8.08800000e-04
1.14371405e+04 8.68659000e-04
1.14372433e+04 9.32813000e-04
1.14373461e+04 1.00148100e-03
1.14374494e+04 1.07525000e-03
1.14375536e+04 1.15480300e-03
1.14376578e+04 1.23976600e-03
1.14377620e+04 1.33038600e-03
1.14379010e+04 1.46048800e-03
1.14380355e+04 1.59703400e-03
1.14381654e+04 1.73951800e-03
1.14382954e+04 1.89286000e-03
1.14384254e+04 2.05755200e-03
1.14385580e+04 2.23782300e-03
1.14386933e+04 2.43493600e-03
1.14388285e+04 2.64597400e-03
1.14389638e+04 2.87142300e-03
1.14391048e+04 3.12243200e-03
1.14392517e+04 3.40150000e-03
1.14393985e+04 3.69913500e-03
1.14395454e+04 4.01571600e-03
1.14396973e+04 4.36356700e-03
1.14398543e+04 4.74500700e-03
1.14400113e+04 5.14885700e-03
1.14401683e+04 5.57507500e-03
1.14403322e+04 6.04350600e-03
1.14405029e+04 6.55667900e-03
1.14407590e+04 7.37279500e-03
1.14410387e+04 8.32354900e-03
1.14413657e+04 9.50390700e-03
1.14416927e+04 1.07437760e-02
1.14428256e+04 1.51932470e-02
1.14431670e+04 1.64642380e-02
1.14434498e+04 1.74487950e-02
1.14437326e+04 1.83500860e-02
1.14440154e+04 1.91493340e-02
1.14442983e+04 1.98292790e-02
1.14445811e+04 2.03748850e-02
1.14448639e+04 2.07737430e-02
1.14451467e+04 2.10166900e-02
1.14454296e+04 2.10980550e-02
1.14456692e+04 2.10390300e-02
1.14459088e+04 2.08635890e-02
1.14461484e+04 2.05746770e-02
1.14463880e+04 2.01771210e-02
1.14466277e+04 1.96774270e-02
1.14468673e+04 1.90836980e-02
1.14471868e+04 1.81622420e-02
1.14475063e+04 1.71156970e-02
1.14478257e+04 1.59715350e-02
1.14482902e+04 1.41928760e-02
1.14492042e+04 1.05932470e-02
1.14495285e+04 9.36930600e-03
1.14498528e+04 8.20574300e-03
1.14500689e+04 7.47092100e-03
1.14503192e+04 6.66616500e-03
1.14505695e+04 5.91438600e-03
1.14507364e+04 5.44393400e-03
1.14509024e+04 5.00054300e-03
1.14510685e+04 4.58219800e-03
1.14512346e+04 4.18887800e-03
1.14514007e+04 3.82038900e-03
1.14515472e+04 3.51561000e-03
1.14516937e+04 3.22949300e-03
1.14518402e+04 2.96155100e-03
1.14519867e+04 2.71130400e-03
1.14521283e+04 2.48579200e-03
1.14522698e+04 2.27568700e-03
1.14524113e+04 2.08035700e-03
1.14525528e+04 1.89920200e-03
1.14526644e+04 1.76591700e-03
1.14527760e+04 1.64071700e-03
1.14528876e+04 1.52326100e-03
1.14529991e+04 1.41322800e-03
1.14531107e+04 1.31026800e-03
1.14532224e+04 1.21402100e-03
1.14533340e+04 1.12419300e-03
1.14534456e+04 1.04048700e-03
1.14535573e+04 9.62571000e-04
1.14536689e+04 8.90149000e-04
1.14537797e+04 8.23405000e-04
1.14538888e+04 7.62414000e-04
1.14539978e+04 7.05825000e-04
1.14541069e+04 6.53378000e-04
1.14542159e+04 6.04825000e-04
1.14543250e+04 5.59926000e-04
1.14544507e+04 5.12398000e-04
1.14545764e+04 4.69086000e-04
1.14547021e+04 4.29664000e-04
1.14548278e+04 3.93835000e-04
1.14549536e+04 3.61309000e-04
1.14550553e+04 3.37230000e-04
1.14551748e+04 3.11278000e-04
1.14552944e+04 2.87682000e-04
1.14554140e+04 2.66248000e-04
1.14555336e+04 2.46797000e-04
1.14556532e+04 2.29159000e-04
1.14557727e+04 2.13180000e-04
1.14558923e+04 1.98712000e-04
1.14560118e+04 1.85630000e-04
1.14561313e+04 1.73806000e-04
1.14562507e+04 1.63119000e-04
1.14563701e+04 1.53462000e-04
1.14564896e+04 1.44739000e-04
1.14566090e+04 1.36861000e-04
1.14567284e+04 1.29747000e-04
1.14568479e+04 1.23321000e-04
1.14569673e+04 1.17517000e-04
1.14570868e+04 1.12272000e-04
1.14572062e+04 1.07532000e-04
1.14573256e+04 1.03243000e-04
1.14575048e+04 9.75590000e-05
1.14576839e+04 9.26526000e-05
1.14578631e+04 8.84060000e-05
1.14580552e+04 8.44693000e-05
1.14582474e+04 8.10707000e-05
1.14584396e+04 7.81215000e-05
1.14586318e+04 7.55479000e-05
1.14589200e+04 7.22596000e-05
1.14592083e+04 6.95143000e-05
1.14594005e+04 6.79225000e-05
1.14597848e+04 6.51824000e-05
1.14601692e+04 6.28940000e-05
1.14605535e+04 6.09370000e-05
1.14611300e+04 5.84497000e-05
1.14617066e+04 5.63495000e-05
1.14624752e+04 5.39742000e-05
1.14632439e+04 5.19543000e-05
1.14640126e+04 5.02031000e-05
1.14651208e+04 4.80430000e-05
1.14662290e+04 4.62209000e-05
1.14673372e+04 4.46664000e-05
1.14684453e+04 4.33277000e-05
1.14699229e+04 4.18110000e-05
1.14714005e+04 4.05379000e-05
1.14736169e+04 3.89677000e-05
1.14758332e+04 3.76949000e-05
1.14784352e+04 3.64837000e-05
1.14810371e+04 3.55114000e-05
1.14845064e+04 3.44605000e-05
1.14879757e+04 3.36205000e-05
1.14916847e+04 3.28945000e-05
1.14976080e+04 3.20085000e-05
1.15072610e+04 3.08538000e-05
1.15107717e+04 3.05541000e-05
1.15385039e+04 2.91874000e-05
1.15434164e+04 2.90626000e-05
1.15532415e+04 2.89275000e-05
1.15666509e+04 2.86655000e-05
1.15821671e+04 2.85121000e-05
1.16555497e+04 2.81564000e-05
1.16634727e+04 2.81794000e-05
1.16911587e+04 2.81441000e-05
1.17055514e+04 2.81696000e-05
1.17112819e+04 2.81573000e-05
1.17249578e+04 2.81841000e-05
1.17298671e+04 2.81823000e-05
1.18953544e+04 2.84774000e-05
1.36462853e+04 3.31318000e-05
1.41517545e+04 3.45240000e-05
1.42878987e+04 3.50084000e-05
1.43514180e+04 3.54873000e-05
1.43753864e+04 3.58760000e-05
1.43896131e+04 3.63328000e-05
1.43965143e+04 3.67190000e-05
1.44034154e+04 3.73303000e-05
1.44108818e+04 3.82660000e-05
1.44133706e+04 3.87453000e-05
1.44150297e+04 3.92843000e-05
1.44162741e+04 3.98930000e-05
1.44175292e+04 4.07490000e-05
1.44183695e+04 4.14964000e-05
1.44192098e+04 4.24378000e-05
1.44198400e+04 4.33327000e-05
1.44204702e+04 4.44850000e-05
1.44208904e+04 4.54716000e-05
1.44213105e+04 4.67171000e-05
1.44216256e+04 4.78847000e-05
1.44219407e+04 4.93196000e-05
1.44222559e+04 5.11018000e-05
1.44224659e+04 5.25323000e-05
1.44226760e+04 5.41990000e-05
1.44228861e+04 5.61448000e-05
1.44230961e+04 5.84200000e-05
1.44233062e+04 6.10825000e-05
1.44234703e+04 6.34752000e-05
1.44236476e+04 6.64128000e-05
1.44238249e+04 6.97665000e-05
1.44240022e+04 7.35931000e-05
1.44241795e+04 7.79554000e-05
1.44243568e+04 8.29228000e-05
1.44245341e+04 8.85733000e-05
1.44247114e+04 9.49904000e-05
1.44248296e+04 9.97402000e-05
1.44249477e+04 1.04902000e-04
1.44250659e+04 1.10507000e-04
1.44251841e+04 1.16587000e-04
1.44253023e+04 1.23178000e-04
1.44254305e+04 1.30945000e-04
1.44255586e+04 1.39403000e-04
1.44256868e+04 1.48607000e-04
1.44258149e+04 1.58609000e-04
1.44259430e+04 1.69467000e-04
1.44260712e+04 1.81239000e-04
1.44261993e+04 1.93988000e-04
1.44263275e+04 2.07777000e-04
1.44264718e+04 2.24641000e-04
1.44266162e+04 2.43007000e-04
1.44267606e+04 2.62976000e-04
1.44269049e+04 2.84653000e-04
1.44270493e+04 3.08143000e-04
1.44271911e+04 3.33083000e-04
1.44273316e+04 3.59725000e-04
1.44274720e+04 3.88388000e-04
1.44276125e+04 4.19176000e-04
1.44277530e+04 4.52186000e-04
1.44278924e+04 4.87250000e-04
1.44280298e+04 5.24118000e-04
1.44282129e+04 5.77029000e-04
1.44283961e+04 6.34409000e-04
1.44285792e+04 6.96444000e-04
1.44287612e+04 7.62881000e-04
1.44289433e+04 8.34221000e-04
1.44291253e+04 9.10591000e-04
1.44293073e+04 9.92071000e-04
1.44295147e+04 1.09121900e-03
1.44297221e+04 1.19710200e-03
1.44299295e+04 1.30968500e-03
1.44301369e+04 1.42885100e-03
1.44303469e+04 1.55605600e-03
1.44306620e+04 1.75848800e-03
1.44309771e+04 1.97358300e-03
1.44313811e+04 2.26487600e-03
1.44319466e+04 2.69240000e-03
1.44326536e+04 3.23314500e-03
1.44330374e+04 3.51559000e-03
1.44334211e+04 3.78065600e-03
1.44338049e+04 4.02079700e-03
1.44341636e+04 4.21636100e-03
1.44345223e+04 4.37855300e-03
1.44348810e+04 4.50288900e-03
1.44351201e+04 4.56298300e-03
1.44353592e+04 4.60394500e-03
1.44355984e+04 4.62529400e-03
1.44357179e+04 4.62853700e-03
1.44359691e+04 4.61920800e-03
1.44362203e+04 4.58824700e-03
1.44363877e+04 4.55585700e-03
1.44367226e+04 4.46403100e-03
1.44370575e+04 4.33849900e-03
1.44373924e+04 4.18282500e-03
1.44377273e+04 4.00131100e-03
1.44380622e+04 3.79880300e-03
1.44385720e+04 3.46200500e-03
1.44396219e+04 2.73387200e-03
1.44400965e+04 2.42172400e-03
1.44403961e+04 2.23788900e-03
1.44406957e+04 2.06696900e-03
1.44409953e+04 1.91066500e-03
1.44412031e+04 1.81150900e-03
1.44414109e+04 1.72025300e-03
1.44416187e+04 1.63705200e-03
1.44418264e+04 1.56195900e-03
1.44420342e+04 1.49492700e-03
1.44422420e+04 1.43581300e-03
1.44424498e+04 1.38438600e-03
1.44426576e+04 1.34033600e-03
1.44428700e+04 1.30251800e-03
1.44430825e+04 1.27153500e-03
1.44433666e+04 1.23984600e-03
1.44436506e+04 1.21799300e-03
1.44439347e+04 1.20445300e-03
1.44442187e+04 1.19764200e-03
1.44444791e+04 1.19593600e-03
1.44449762e+04 1.20022600e-03
1.44458284e+04 1.21112400e-03
1.44459230e+04 1.21141600e-03
1.44463640e+04 1.20794300e-03
1.44467327e+04 1.19748000e-03
1.44470841e+04 1.17997700e-03
1.44474355e+04 1.15458900e-03
1.44477869e+04 1.12121700e-03
1.44481383e+04 1.08014900e-03
1.44484897e+04 1.03200600e-03
1.44488411e+04 9.77683000e-04
1.44491925e+04 9.18286000e-04
1.44496610e+04 8.33361000e-04
1.44509049e+04 5.98142000e-04
1.44513107e+04 5.24860000e-04
1.44516635e+04 4.64530000e-04
1.44519899e+04 4.12166000e-04
1.44522074e+04 3.79306000e-04
1.44524305e+04 3.47415000e-04
1.44526592e+04 3.16697000e-04
1.44528879e+04 2.88007000e-04
1.44531166e+04 2.61361000e-04
1.44533270e+04 2.38631000e-04
1.44535192e+04 2.19350000e-04
1.44537114e+04 2.01450000e-04
1.44539036e+04 1.84893000e-04
1.44540540e+04 1.72841000e-04
1.44542170e+04 1.60649000e-04
1.44543801e+04 1.49328000e-04
1.44545431e+04 1.38842000e-04
1.44547061e+04 1.29152000e-04
1.44548691e+04 1.20221000e-04
1.44550138e+04 1.12899000e-04
1.44551584e+04 1.06115000e-04
1.44553031e+04 9.98419000e-05
1.44554477e+04 9.40523000e-05
1.44555924e+04 8.87182000e-05
1.44557371e+04 8.38135000e-05
1.44558817e+04 7.93114000e-05
1.44560264e+04 7.51864000e-05
1.44561784e+04 7.12309000e-05
1.44563304e+04 6.76365000e-05
1.44564824e+04 6.43766000e-05
1.44566344e+04 6.14256000e-05
1.44567864e+04 5.87592000e-05
1.44569385e+04 5.63546000e-05
1.44570905e+04 5.41899000e-05
1.44573185e+04 5.13483000e-05
1.44575465e+04 4.89370000e-05
1.44577745e+04 4.68986000e-05
1.44580025e+04 4.51816000e-05
1.44582305e+04 4.37403000e-05
1.44584585e+04 4.25343000e-05
1.44587060e+04 4.14505000e-05
1.44589534e+04 4.05627000e-05
1.44593246e+04 3.95266000e-05
1.44596958e+04 3.87642000e-05
1.44601907e+04 3.80524000e-05
1.44606856e+04 3.75779000e-05
1.44614279e+04 3.71350000e-05
1.44624177e+04 3.68043000e-05
1.44643972e+04 3.64602000e-05
1.44683564e+04 3.60927000e-05
1.44742951e+04 3.57779000e-05
1.44864202e+04 3.55065000e-05
1.45066287e+04 3.54020000e-05
1.46940311e+04 3.59490000e-05
1.48159092e+04 3.64455000e-05
1.48174228e+04 3.64452000e-05
1.48217703e+04 3.64477000e-05
1.48282979e+04 3.64334000e-05
1.48416450e+04 3.65919000e-05
1.49536012e+04 3.73693000e-05
1.49964188e+04 3.78321000e-05
1.50311211e+04 3.85391000e-05
1.50422132e+04 3.87103000e-05
1.50446731e+04 3.87050000e-05
1.50471331e+04 3.87293000e-05
1.50572603e+04 3.92513000e-05
1.50873434e+04 4.06452000e-05
1.50980317e+04 4.17031000e-05
1.51151330e+04 4.34795000e-05
1.51198231e+04 4.38653000e-05
1.51221682e+04 4.43323000e-05
1.51315485e+04 4.68020000e-05
1.51338936e+04 4.75049000e-05
1.51376884e+04 4.89398000e-05
1.51433806e+04 5.14818000e-05
1.51471754e+04 5.35078000e-05
1.51498980e+04 5.52434000e-05
1.51523734e+04 5.70867000e-05
1.51548489e+04 5.92368000e-05
1.51573244e+04 6.17593000e-05
1.51597999e+04 6.47613000e-05
1.51614502e+04 6.70981000e-05
1.51630470e+04 6.96731000e-05
1.51645905e+04 7.25160000e-05
1.51661339e+04 7.57770000e-05
1.51676773e+04 7.95433000e-05
1.51688349e+04 8.27698000e-05
1.51699925e+04 8.64131000e-05
1.51711501e+04 9.05553000e-05
1.51723077e+04 9.52997000e-05
1.51734652e+04 1.00784000e-04
1.51742370e+04 1.04943000e-04
1.51749873e+04 1.09454000e-04
1.51757162e+04 1.14367000e-04
1.51764452e+04 1.19920000e-04
1.51771741e+04 1.26288000e-04
1.51777208e+04 1.31761000e-04
1.51782676e+04 1.38028000e-04
1.51788143e+04 1.45363000e-04
1.51791787e+04 1.51047000e-04
1.51795432e+04 1.57562000e-04
1.51799077e+04 1.65140000e-04
1.51801810e+04 1.71701000e-04
1.51804544e+04 1.79191000e-04
1.51807038e+04 1.87002000e-04
1.51809532e+04 1.95932000e-04
1.51812026e+04 2.06194000e-04
1.51814520e+04 2.18043000e-04
1.51816182e+04 2.26970000e-04
1.51817845e+04 2.36833000e-04
1.51819507e+04 2.47747000e-04
1.51821170e+04 2.59833000e-04
1.51822832e+04 2.73227000e-04
1.51824495e+04 2.88078000e-04
1.51826158e+04 3.04551000e-04
1.51827820e+04 3.22823000e-04
1.51829483e+04 3.43091000e-04
1.51831145e+04 3.65564000e-04
1.51832704e+04 3.88842000e-04
1.51834263e+04 4.14465000e-04
1.51835822e+04 4.42648000e-04
1.51837380e+04 4.73623000e-04
1.51838939e+04 5.07640000e-04
1.51840498e+04 5.44957000e-04
1.51842056e+04 5.85855000e-04
1.51843615e+04 6.30621000e-04
1.51844861e+04 6.69394000e-04
1.51846107e+04 7.10993000e-04
1.51847353e+04 7.55594000e-04
1.51848599e+04 8.03362000e-04
1.51849845e+04 8.54483000e-04
1.51851091e+04 9.09130000e-04
1.51852337e+04 9.67492000e-04
1.51854055e+04 1.05443100e-03
1.51855472e+04 1.13207500e-03
1.51856889e+04 1.21540700e-03
1.51858306e+04 1.30470200e-03
1.51859724e+04 1.40025200e-03
1.51861141e+04 1.50233700e-03
1.51862569e+04 1.61215500e-03
1.51863998e+04 1.72918000e-03
1.51865902e+04 1.89690200e-03
1.51867807e+04 2.07855900e-03
1.51869825e+04 2.28688200e-03
1.51871957e+04 2.52527700e-03
1.51874088e+04 2.78312900e-03
1.51876220e+04 3.06088600e-03
1.51878371e+04 3.36167200e-03
1.51880542e+04 3.68615300e-03
1.51882712e+04 4.03168800e-03
1.51884882e+04 4.39797500e-03
1.51887133e+04 4.79913600e-03
1.51889463e+04 5.23646500e-03
1.51892959e+04 5.93104500e-03
1.51897023e+04 6.78868200e-03
1.51902222e+04 7.94331500e-03
1.51911604e+04 1.00714670e-02
1.51916503e+04 1.11289160e-02
1.51920178e+04 1.18626200e-02
1.51923853e+04 1.25247140e-02
1.51927528e+04 1.30976460e-02
1.51930535e+04 1.34889630e-02
1.51933208e+04 1.37717300e-02
1.51935880e+04 1.39887170e-02
1.51938553e+04 1.41366090e-02
1.51941226e+04 1.42131380e-02
1.51943008e+04 1.42239100e-02
1.51945657e+04 1.41802930e-02
1.51948307e+04 1.40661880e-02
1.51950957e+04 1.38835660e-02
1.51953606e+04 1.36355020e-02
1.51957139e+04 1.32102030e-02
1.51960672e+04 1.26883120e-02
1.51964205e+04 1.20847410e-02
1.51967738e+04 1.14163470e-02
1.51973018e+04 1.03364500e-02
1.51981753e+04 8.49173800e-03
1.51985247e+04 7.78625200e-03
1.51988163e+04 7.23005400e-03
1.51991079e+04 6.71269800e-03
1.51993995e+04 6.24187400e-03
1.51996182e+04 5.92344600e-03
1.51998702e+04 5.59702600e-03
1.52000493e+04 5.39315400e-03
1.52002285e+04 5.21383400e-03
1.52004075e+04 5.05995900e-03
1.52005867e+04 4.93225500e-03
1.52007658e+04 4.83133300e-03
1.52009449e+04 4.75765400e-03
1.52011240e+04 4.71154000e-03
1.52013175e+04 4.69289900e-03
1.52014709e+04 4.70117800e-03
1.52016243e+04 4.72977300e-03
1.52017776e+04 4.77855800e-03
1.52019310e+04 4.84732400e-03
1.52021610e+04 4.98733200e-03
1.52023910e+04 5.17044100e-03
1.52026211e+04 5.39513400e-03
1.52028513e+04 5.65955000e-03
1.52030815e+04 5.96131700e-03
1.52033117e+04 6.29778200e-03
1.52034652e+04 6.53989800e-03
1.52037721e+04 7.06252700e-03
1.52041227e+04 7.71276300e-03
1.52044732e+04 8.40630500e-03
1.52056711e+04 1.08840760e-02
1.52061678e+04 1.18455630e-02
1.52065403e+04 1.24964190e-02
1.52069129e+04 1.30656940e-02
1.52071612e+04 1.33913720e-02
1.52074907e+04 1.37482160e-02
1.52078201e+04 1.40116140e-02
1.52081496e+04 1.41751820e-02
1.52084790e+04 1.42349090e-02
1.52087513e+04 1.42047390e-02
1.52090235e+04 1.41029910e-02
1.52092958e+04 1.39312650e-02
1.52095681e+04 1.36922410e-02
1.52099311e+04 1.32754340e-02
1.52102942e+04 1.27569870e-02
1.52106572e+04 1.21505870e-02
1.52110202e+04 1.14716300e-02
1.52113833e+04 1.07366150e-02
1.52119948e+04 9.41859200e-03
1.52129121e+04 7.40203100e-03
1.52133003e+04 6.58208800e-03
1.52136580e+04 5.86119600e-03
1.52140157e+04 5.18192600e-03
1.52142704e+04 4.72701200e-03
1.52144936e+04 4.34940600e-03
1.52147167e+04 3.99216500e-03
1.52149399e+04 3.65572100e-03
1.52151696e+04 3.33136800e-03
1.52154057e+04 3.02093800e-03
1.52156419e+04 2.73364200e-03
1.52158191e+04 2.53303700e-03
1.52159962e+04 2.34487900e-03
1.52162057e+04 2.13785800e-03
1.52164152e+04 1.94708700e-03
1.52165724e+04 1.81424100e-03
1.52167295e+04 1.68980800e-03
1.52168929e+04 1.56903000e-03
1.52170686e+04 1.44839500e-03
1.52172443e+04 1.33691400e-03
1.52174200e+04 1.23408800e-03
1.52175958e+04 1.13941800e-03
1.52177715e+04 1.05241400e-03
1.52179164e+04 9.86087000e-04
1.52180613e+04 9.24368000e-04
1.52182061e+04 8.66997000e-04
1.52183510e+04 8.13717000e-04
1.52184959e+04 7.64281000e-04
1.52186408e+04 7.18451000e-04
1.52187857e+04 6.75996000e-04
1.52189802e+04 6.23929000e-04
1.52191290e+04 5.87618000e-04
1.52192777e+04 5.54120000e-04
1.52194265e+04 5.23233000e-04
1.52195257e+04 5.03995000e-04
1.52197241e+04 4.68527000e-04
1.52199225e+04 4.36728000e-04
1.52201208e+04 4.08224000e-04
1.52203192e+04 3.82666000e-04
1.52205176e+04 3.59742000e-04
1.52206935e+04 3.41382000e-04
1.52208694e+04 3.24687000e-04
1.52210454e+04 3.09491000e-04
1.52212213e+04 2.95644000e-04
1.52214852e+04 2.77105000e-04
1.52217491e+04 2.60888000e-04
1.52220130e+04 2.46646000e-04
1.52222768e+04 2.34080000e-04
1.52225407e+04 2.22938000e-04
1.52228046e+04 2.13007000e-04
1.52231565e+04 2.01342000e-04
1.52234755e+04 1.92059000e-04
1.52239049e+04 1.81137000e-04
1.52243342e+04 1.71663000e-04
1.52247636e+04 1.63340000e-04
1.52251930e+04 1.55950000e-04
1.52256223e+04 1.49322000e-04
1.52261948e+04 1.41458000e-04
1.52267673e+04 1.34502000e-04
1.52273398e+04 1.28292000e-04
1.52279123e+04 1.22704000e-04
1.52287015e+04 1.15854000e-04
1.52294907e+04 1.09826000e-04
1.52302799e+04 1.04483000e-04
1.52310691e+04 9.97186000e-05
1.52318583e+04 9.54502000e-05
1.52326475e+04 9.16116000e-05
1.52336998e+04 8.70703000e-05
1.52347521e+04 8.30941000e-05
1.52358044e+04 7.95936000e-05
1.52372059e+04 7.55313000e-05
1.52385191e+04 7.22132000e-05
1.52398322e+04 6.92596000e-05
1.52415830e+04 6.57780000e-05
1.52433339e+04 6.27580000e-05
1.52450847e+04 6.01725000e-05
1.52468356e+04 5.79683000e-05
1.52494619e+04 5.51437000e-05
1.52522011e+04 5.26092000e-05
1.52540649e+04 5.12090000e-05
1.52559288e+04 5.01374000e-05
1.52577926e+04 4.93162000e-05
1.52633840e+04 4.71142000e-05
1.52685638e+04 4.48871000e-05
1.52710508e+04 4.41112000e-05
1.52751959e+04 4.34254000e-05
1.52917759e+04 4.12257000e-05
1.53078633e+04 3.97517000e-05
1.53325072e+04 3.86877000e-05
1.53524172e+04 3.82113000e-05
1.53880921e+04 3.78892000e-05
1.54047253e+04 3.79857000e-05
1.54213584e+04 3.83527000e-05
1.54301165e+04 3.88168000e-05
1.54388745e+04 3.96266000e-05
1.54446014e+04 4.04426000e-05
1.54484194e+04 4.12308000e-05
1.54512828e+04 4.20334000e-05
1.54541463e+04 4.30738000e-05
1.54566130e+04 4.42192000e-05
1.54582575e+04 4.51608000e-05
1.54599019e+04 4.62926000e-05
1.54615464e+04 4.76625000e-05
1.54631909e+04 4.93336000e-05
1.54644242e+04 5.08399000e-05
1.54656576e+04 5.26258000e-05
1.54668910e+04 5.47733000e-05
1.54677243e+04 5.64881000e-05
1.54685689e+04 5.85026000e-05
1.54694135e+04 6.08669000e-05
1.54700469e+04 6.29266000e-05
1.54706803e+04 6.52916000e-05
1.54713137e+04 6.80355000e-05
1.54719471e+04 7.12604000e-05
1.54723694e+04 7.37476000e-05
1.54727917e+04 7.65723000e-05
1.54732140e+04 7.98121000e-05
1.54736363e+04 8.35699000e-05
1.54739530e+04 8.68080000e-05
1.54742396e+04 9.01142000e-05
1.54745111e+04 9.36374000e-05
1.54747826e+04 9.76077000e-05
1.54750542e+04 1.02104000e-04
1.54753257e+04 1.07220000e-04
1.54755973e+04 1.13066000e-04
1.54758688e+04 1.19770000e-04
1.54761403e+04 1.27483000e-04
1.54763214e+04 1.33271000e-04
1.54765024e+04 1.39644000e-04
1.54766834e+04 1.46666000e-04
1.54768645e+04 1.54407000e-04
1.54770517e+04 1.63252000e-04
1.54772451e+04 1.73384000e-04
1.54774386e+04 1.84636000e-04
1.54776320e+04 1.97129000e-04
1.54778254e+04 2.10996000e-04
1.54780188e+04 2.26377000e-04
1.54782123e+04 2.43426000e-04
1.54784057e+04 2.62304000e-04
1.54785718e+04 2.80106000e-04
1.54787105e+04 2.96195000e-04
1.54788493e+04 3.13465000e-04
1.54789880e+04 3.31989000e-04
1.54791268e+04 3.51840000e-04
1.54792656e+04 3.73099000e-04
1.54794043e+04 3.95843000e-04
1.54796124e+04 4.32917000e-04
1.54797940e+04 4.68344000e-04
1.54799755e+04 5.06847000e-04
1.54801570e+04 5.48615000e-04
1.54803385e+04 5.93837000e-04
1.54805200e+04 6.42698000e-04
1.54806993e+04 6.94712000e-04
1.54808775e+04 7.50266000e-04
1.54810557e+04 8.09824000e-04
1.54812339e+04 8.73536000e-04
1.54814120e+04 9.41532000e-04
1.54815949e+04 1.01591000e-03
1.54817873e+04 1.09925500e-03
1.54819796e+04 1.18795000e-03
1.54822361e+04 1.31463700e-03
1.54824926e+04 1.45100000e-03
1.54826775e+04 1.55530300e-03
1.54829191e+04 1.69899500e-03
1.54831608e+04 1.85081100e-03
1.54835233e+04 2.09284600e-03
1.54838588e+04 2.33064800e-03
1.54841943e+04 2.57954000e-03
1.54848654e+04 3.09962000e-03
1.54857249e+04 3.77092700e-03
1.54861546e+04 4.08889800e-03
1.54865843e+04 4.38245300e-03
1.54870119e+04 4.64101600e-03
1.54872970e+04 4.79047500e-03
1.54875821e+04 4.91887700e-03
1.54878672e+04 5.02419200e-03
1.54881522e+04 5.10473400e-03
1.54884373e+04 5.15918700e-03
1.54887224e+04 5.18665700e-03
1.54888649e+04 5.19011300e-03
1.54891407e+04 5.17727900e-03
1.54894165e+04 5.13891400e-03
1.54896922e+04 5.07561300e-03
1.54899680e+04 4.98835000e-03
1.54903357e+04 4.83706200e-03
1.54907034e+04 4.64956300e-03
1.54910710e+04 4.43069400e-03
1.54914387e+04 4.18588800e-03
1.54919768e+04 3.79308700e-03
1.54928288e+04 3.12861900e-03
1.54934709e+04 2.62943800e-03
1.54939230e+04 2.29395600e-03
1.54942997e+04 2.02997100e-03
1.54946166e+04 1.82109700e-03
1.54948583e+04 1.67082900e-03
1.54950999e+04 1.52873500e-03
1.54953415e+04 1.39506300e-03
1.54955783e+04 1.27234100e-03
1.54958151e+04 1.15785700e-03
1.54960519e+04 1.05154100e-03
1.54962887e+04 9.53248000e-04
1.54965178e+04 8.65600000e-04
1.54966896e+04 8.04507000e-04
1.54968614e+04 7.47258000e-04
1.54970331e+04 6.93723000e-04
1.54972049e+04 6.43760000e-04
1.54973918e+04 5.93301000e-04
1.54975786e+04 5.46701000e-04
1.54977654e+04 5.03755000e-04
1.54979523e+04 4.64260000e-04
1.54981391e+04 4.28014000e-04
1.54983355e+04 3.93185000e-04
1.54985368e+04 3.60755000e-04
1.54987381e+04 3.31381000e-04
1.54989393e+04 3.04832000e-04
1.54991406e+04 2.80886000e-04
1.54992748e+04 2.66265000e-04
1.54994637e+04 2.47369000e-04
1.54996526e+04 2.30312000e-04
1.54998416e+04 2.14949000e-04
1.55000305e+04 2.01147000e-04
1.55002194e+04 1.88783000e-04
1.55004083e+04 1.77750000e-04
1.55005973e+04 1.67947000e-04
1.55007862e+04 1.59292000e-04
1.55009320e+04 1.53347000e-04
1.55011508e+04 1.45566000e-04
1.55013696e+04 1.39081000e-04
1.55015883e+04 1.33835000e-04
1.55017342e+04 1.31009000e-04
1.55018800e+04 1.28714000e-04
1.55020258e+04 1.26950000e-04
1.55021717e+04 1.25724000e-04
1.55023175e+04 1.25044000e-04
1.55023904e+04 1.24914000e-04
1.55025363e+04 1.25084000e-04
1.55026821e+04 1.25846000e-04
1.55028280e+04 1.27229000e-04
1.55029738e+04 1.29265000e-04
1.55031196e+04 1.31991000e-04
1.55032609e+04 1.35329000e-04
1.55034021e+04 1.39399000e-04
1.55035433e+04 1.44250000e-04
1.55036845e+04 1.49936000e-04
1.55038257e+04 1.56515000e-04
1.55039669e+04 1.64053000e-04
1.55041081e+04 1.72617000e-04
1.55042493e+04 1.82284000e-04
1.55043905e+04 1.93132000e-04
1.55045317e+04 2.05246000e-04
1.55046899e+04 2.20432000e-04
1.55048181e+04 2.34071000e-04
1.55049462e+04 2.48987000e-04
1.55050743e+04 2.65259000e-04
1.55052025e+04 2.82967000e-04
1.55053306e+04 3.02195000e-04
1.55054587e+04 3.23029000e-04
1.55055869e+04 3.45556000e-04
1.55057363e+04 3.74086000e-04
1.55058643e+04 4.00574000e-04
1.55059923e+04 4.29043000e-04
1.55061203e+04 4.59592000e-04
1.55062484e+04 4.92312000e-04
1.55063771e+04 5.27506000e-04
1.55065073e+04 5.65528000e-04
1.55066809e+04 6.20202000e-04
1.55068545e+04 6.79631000e-04
1.55070281e+04 7.44034000e-04
1.55071883e+04 8.08053000e-04
1.55073485e+04 8.76647000e-04
1.55075086e+04 9.49961000e-04
1.55076688e+04 1.02812500e-03
1.55078366e+04 1.11534900e-03
1.55080045e+04 1.20812500e-03
1.55081723e+04 1.30654000e-03
1.55083401e+04 1.41064800e-03
1.55085239e+04 1.53123400e-03
1.55087077e+04 1.65865400e-03
1.55089834e+04 1.86242300e-03
1.55092794e+04 2.09753700e-03
1.55095855e+04 2.35744500e-03
1.55098917e+04 2.63271600e-03
1.55103220e+04 3.04133300e-03
1.55108957e+04 3.61273500e-03
1.55115990e+04 4.32154900e-03
1.55121589e+04 4.85924600e-03
1.55125321e+04 5.18889600e-03
1.55129503e+04 5.51855800e-03
1.55132291e+04 5.70960700e-03
1.55135079e+04 5.87411000e-03
1.55137867e+04 6.00940900e-03
1.55140656e+04 6.11327900e-03
1.55143444e+04 6.18399600e-03
1.55146232e+04 6.22037600e-03
1.55147626e+04 6.22547700e-03
1.55149984e+04 6.21416600e-03
1.55153520e+04 6.15062400e-03
1.55157057e+04 6.03286800e-03
1.55160594e+04 5.86410300e-03
1.55164130e+04 5.64883000e-03
1.55167667e+04 5.39265300e-03
1.55171204e+04 5.10203000e-03
1.55174741e+04 4.78400900e-03
1.55179456e+04 4.33008000e-03
1.55190617e+04 3.21250500e-03
1.55194567e+04 2.83099300e-03
1.55198342e+04 2.48401200e-03
1.55200800e+04 2.26957200e-03
1.55203872e+04 2.01604400e-03
1.55205716e+04 1.87222900e-03
1.55207857e+04 1.71337200e-03
1.55209998e+04 1.56353000e-03
1.55212139e+04 1.42283300e-03
1.55214281e+04 1.29131500e-03
1.55216021e+04 1.19111900e-03
1.55217762e+04 1.09687300e-03
1.55219502e+04 1.00847500e-03
1.55221243e+04 9.25790000e-04
1.55222957e+04 8.49803000e-04
1.55224671e+04 7.79034000e-04
1.55226385e+04 7.13295000e-04
1.55228098e+04 6.52389000e-04
1.55229525e+04 6.05213000e-04
1.55230952e+04 5.61113000e-04
1.55232379e+04 5.19960000e-04
1.55233805e+04 4.81621000e-04
1.55235232e+04 4.45961000e-04
1.55236680e+04 4.12377000e-04
1.55238139e+04 3.81060000e-04
1.55239598e+04 3.52131000e-04
1.55241057e+04 3.25454000e-04
1.55242516e+04 3.00896000e-04
1.55244127e+04 2.76088000e-04
1.55245403e+04 2.58040000e-04
1.55246678e+04 2.41326000e-04
1.55247954e+04 2.25862000e-04
1.55249230e+04 2.11576000e-04
1.55250506e+04 1.98390000e-04
1.55251782e+04 1.86237000e-04
1.55253058e+04 1.75048000e-04
1.55254288e+04 1.65112000e-04
1.55255473e+04 1.56283000e-04
1.55256657e+04 1.48130000e-04
1.55257842e+04 1.40609000e-04
1.55259026e+04 1.33677000e-04
1.55260211e+04 1.27293000e-04
1.55261987e+04 1.18661000e-04
1.55263764e+04 1.11057000e-04
1.55265541e+04 1.04370000e-04
1.55267318e+04 9.84975000e-05
1.55269094e+04 9.33489000e-05
1.55270871e+04 8.88404000e-05
1.55272648e+04 8.48977000e-05
1.55274722e+04 8.09199000e-05
1.55276796e+04 7.75251000e-05
1.55278870e+04 7.46298000e-05
1.55280944e+04 7.21605000e-05
1.55283019e+04 7.00540000e-05
1.55285093e+04 6.82553000e-05
1.55287858e+04 6.62548000e-05
1.55290624e+04 6.46242000e-05
1.55294772e+04 6.27090000e-05
1.55298921e+04 6.12609000e-05
1.55303069e+04 6.01398000e-05
1.55308600e+04 5.89880000e-05
1.55316897e+04 5.77091000e-05
1.55327959e+04 5.64492000e-05
1.55344552e+04 5.50196000e-05
1.55361145e+04 5.38995000e-05
1.55379495e+04 5.29076000e-05
1.55407020e+04 5.17712000e-05
1.55434545e+04 5.09509000e-05
1.55471245e+04 5.02482000e-05
1.55507945e+04 4.99186000e-05
1.55523623e+04 4.98946000e-05
1.55560141e+04 5.01046000e-05
1.55587529e+04 5.05311000e-05
1.55614917e+04 5.12485000e-05
1.55642305e+04 5.23241000e-05
1.55660563e+04 5.33083000e-05
1.55676687e+04 5.44143000e-05
1.55690676e+04 5.55995000e-05
1.55704665e+04 5.70470000e-05
1.55718654e+04 5.88271000e-05
1.55729145e+04 6.04397000e-05
1.55739637e+04 6.23535000e-05
1.55750128e+04 6.46468000e-05
1.55760620e+04 6.74311000e-05
1.55767614e+04 6.96392000e-05
1.55774608e+04 7.22092000e-05
1.55781603e+04 7.52409000e-05
1.55787399e+04 7.82054000e-05
1.55793195e+04 8.17058000e-05
1.55797542e+04 8.47834000e-05
1.55801889e+04 8.83562000e-05
1.55806237e+04 9.25550000e-05
1.55809135e+04 9.57850000e-05
1.55812033e+04 9.94326000e-05
1.55814931e+04 1.03574000e-04
1.55817829e+04 1.08302000e-04
1.55820727e+04 1.13723000e-04
1.55823625e+04 1.19968000e-04
1.55825799e+04 1.25281000e-04
1.55827972e+04 1.31215000e-04
1.55830382e+04 1.38621000e-04
1.55832792e+04 1.47018000e-04
1.55835202e+04 1.56548000e-04
1.55837009e+04 1.64535000e-04
1.55838816e+04 1.73323000e-04
1.55840624e+04 1.82992000e-04
1.55842431e+04 1.93629000e-04
1.55844238e+04 2.05325000e-04
1.55846046e+04 2.18180000e-04
1.55848093e+04 2.34277000e-04
1.55849778e+04 2.48858000e-04
1.55851463e+04 2.64746000e-04
1.55853148e+04 2.82042000e-04
1.55854833e+04 3.00851000e-04
1.55856518e+04 3.21286000e-04
1.55858203e+04 3.43459000e-04
1.55859888e+04 3.67488000e-04
1.55861400e+04 3.90730000e-04
1.55863409e+04 4.24219000e-04
1.55865418e+04 4.60886000e-04
1.55867427e+04 5.00939000e-04
1.55869436e+04 5.44587000e-04
1.55871444e+04 5.92039000e-04
1.55873234e+04 6.37670000e-04
1.55875023e+04 6.86613000e-04
1.55876812e+04 7.38993000e-04
1.55878601e+04 7.94931000e-04
1.55880986e+04 8.75232000e-04
1.55883463e+04 9.65694000e-04
1.55885938e+04 1.06356900e-03
1.55888414e+04 1.16896900e-03
1.55890890e+04 1.28190100e-03
1.55893526e+04 1.41032800e-03
1.55896162e+04 1.54697400e-03
1.55898798e+04 1.69147000e-03
1.55902345e+04 1.89731000e-03
1.55905987e+04 2.12061600e-03
1.55911450e+04 2.47257800e-03
1.55922219e+04 3.18410400e-03
1.55926363e+04 3.44568200e-03
1.55930508e+04 3.68976300e-03
1.55933952e+04 3.87423900e-03
1.55938071e+04 4.06707000e-03
1.55940816e+04 4.17603400e-03
1.55943562e+04 4.26746900e-03
1.55946307e+04 4.34004300e-03
1.55949053e+04 4.39267400e-03
1.55951799e+04 4.42457600e-03
1.55954544e+04 4.43526700e-03
1.55957592e+04 4.42210400e-03
1.55960640e+04 4.38285300e-03
1.55963689e+04 4.31824500e-03
1.55966737e+04 4.22947800e-03
1.55969785e+04 4.11816500e-03
1.55972833e+04 3.98630000e-03
1.55976897e+04 3.78252400e-03
1.55980961e+04 3.55244300e-03
1.55985025e+04 3.30263300e-03
1.55992143e+04 2.83778800e-03
1.56000620e+04 2.27945000e-03
1.56004865e+04 2.01226500e-03
1.56007695e+04 1.84208600e-03
1.56010526e+04 1.67954900e-03
1.56013204e+04 1.53354900e-03
1.56015729e+04 1.40330100e-03
1.56018255e+04 1.28061200e-03
1.56020781e+04 1.16567400e-03
1.56023341e+04 1.05718900e-03
1.56025286e+04 9.80119000e-04
1.56027231e+04 9.07637000e-04
1.56029176e+04 8.39658000e-04
1.56031120e+04 7.76087000e-04
1.56033011e+04 7.18401000e-04
1.56034792e+04 6.67625000e-04
1.56036574e+04 6.20204000e-04
1.56038355e+04 5.76009000e-04
1.56040137e+04 5.34904000e-04
1.56041918e+04 4.96747000e-04
1.56043933e+04 4.56963000e-04
1.56045947e+04 4.20554000e-04
1.56047962e+04 3.87305000e-04
1.56049976e+04 3.57006000e-04
1.56051991e+04 3.29446000e-04
1.56053584e+04 3.09457000e-04
1.56055428e+04 2.88181000e-04
1.56057271e+04 2.68754000e-04
1.56059115e+04 2.51035000e-04
1.56060958e+04 2.34894000e-04
1.56062802e+04 2.20199000e-04
1.56064646e+04 2.06834000e-04
1.56066489e+04 1.94684000e-04
1.56068147e+04 1.84712000e-04
1.56070354e+04 1.72702000e-04
1.56072561e+04 1.61997000e-04
1.56074767e+04 1.52455000e-04
1.56076974e+04 1.43944000e-04
1.56079181e+04 1.36348000e-04
1.56081388e+04 1.29559000e-04
1.56083595e+04 1.23484000e-04
1.56085802e+04 1.18039000e-04
1.56088009e+04 1.13147000e-04
1.56090951e+04 1.07373000e-04
1.56093496e+04 1.02975000e-04
1.56096040e+04 9.90500000e-05
1.56099433e+04 9.44418000e-05
1.56102825e+04 9.04344000e-05
1.56106218e+04 8.69253000e-05
1.56109610e+04 8.38325000e-05
1.56114699e+04 7.98328000e-05
1.56119787e+04 7.64530000e-05
1.56124876e+04 7.35689000e-05
1.56129965e+04 7.10885000e-05
1.56135053e+04 6.89422000e-05
1.56141838e+04 6.65074000e-05
1.56149991e+04 6.40976000e-05
1.56159512e+04 6.18239000e-05
1.56169033e+04 5.99712000e-05
1.56183314e+04 5.77117000e-05
1.56197595e+04 5.58421000e-05
1.56211876e+04 5.42273000e-05
1.56230918e+04 5.23817000e-05
1.56249959e+04 5.08414000e-05
1.56269001e+04 4.95640000e-05
1.56297563e+04 4.80242000e-05
1.56326674e+04 4.67938000e-05
1.56355786e+04 4.58129000e-05
1.56414008e+04 4.42584000e-05
1.56452823e+04 4.34745000e-05
1.56495942e+04 4.29519000e-05
1.56682789e+04 4.15144000e-05
1.56889954e+04 4.07817000e-05
1.56959009e+04 4.05835000e-05
1.57489841e+04 3.98281000e-05
1.57782209e+04 3.96698000e-05
1.57833971e+04 3.96781000e-05
1.58580297e+04 3.95328000e-05
1.58664058e+04 3.94942000e-05
1.59089544e+04 3.95966000e-05
1.59231373e+04 3.95978000e-05
1.59294466e+04 3.95853000e-05
1.59395901e+04 3.96054000e-05
1.59415214e+04 3.96052000e-05
1.59748717e+04 3.96346000e-05
1.59834161e+04 3.95831000e-05
1.59961378e+04 3.96639000e-05
1.60019274e+04 3.96558000e-05
1.60812355e+04 3.98259000e-05
1.60861521e+04 3.98232000e-05
1.61490626e+04 3.99590000e-05
1.61539828e+04 3.99571000e-05
1.63081977e+04 4.03055000e-05
1.63141323e+04 4.02967000e-05
1.80240760e+04 4.47966000e-05
1.80446976e+04 4.50627000e-05
1.80520809e+04 4.54518000e-05
1.80548497e+04 4.57687000e-05
1.80562341e+04 4.61087000e-05
1.80571570e+04 4.65649000e-05
1.80578492e+04 4.71820000e-05
1.80583107e+04 4.78248000e-05
1.80587721e+04 4.87540000e-05
1.80591182e+04 4.97139000e-05
1.80594643e+04 5.09768000e-05
1.80597420e+04 5.22694000e-05
1.80600197e+04 5.38717000e-05
1.80602974e+04 5.58515000e-05
1.80605751e+04 5.82890000e-05
1.80607602e+04 6.02143000e-05
1.80609453e+04 6.24162000e-05
1.80611305e+04 6.49300000e-05
1.80613156e+04 6.77941000e-05
1.80615007e+04 7.10509000e-05
1.80616859e+04 7.47466000e-05
1.80618710e+04 7.89318000e-05
1.80620561e+04 8.36611000e-05
1.80622412e+04 8.89938000e-05
1.80624264e+04 9.49933000e-05
1.80625889e+04 1.00866000e-04
1.80627515e+04 1.07354000e-04
1.80629140e+04 1.14512000e-04
1.80630766e+04 1.22392000e-04
1.80632391e+04 1.31054000e-04
1.80634017e+04 1.40557000e-04
1.80635642e+04 1.50965000e-04
1.80637268e+04 1.62342000e-04
1.80638981e+04 1.75455000e-04
1.80640694e+04 1.89800000e-04
1.80642407e+04 2.05461000e-04
1.80644120e+04 2.22523000e-04
1.80645832e+04 2.41072000e-04
1.80647418e+04 2.59647000e-04
1.80648941e+04 2.78815000e-04
1.80650464e+04 2.99348000e-04
1.80651986e+04 3.21310000e-04
1.80653509e+04 3.44756000e-04
1.80655471e+04 3.77245000e-04
1.80657364e+04 4.11140000e-04
1.80659258e+04 4.47625000e-04
1.80661151e+04 4.86791000e-04
1.80663101e+04 5.30005000e-04
1.80665107e+04 5.77598000e-04
1.80667113e+04 6.28425000e-04
1.80669119e+04 6.82535000e-04
1.80671163e+04 7.41086000e-04
1.80673247e+04 8.04270000e-04
1.80675330e+04 8.70978000e-04
1.80678455e+04 9.77490000e-04
1.80680987e+04 1.06923800e-03
1.80684785e+04 1.21530300e-03
1.80688583e+04 1.37026900e-03
1.80694074e+04 1.60628600e-03
1.80706426e+04 2.15264700e-03
1.80710544e+04 2.32557000e-03
1.80714113e+04 2.46606900e-03
1.80717682e+04 2.59483900e-03
1.80721251e+04 2.70915600e-03
1.80724821e+04 2.80651300e-03
1.80728390e+04 2.88471700e-03
1.80731959e+04 2.94197000e-03
1.80735529e+04 2.97693700e-03
1.80739098e+04 2.98880200e-03
1.80742840e+04 2.97615600e-03
1.80746581e+04 2.93819600e-03
1.80750322e+04 2.87593900e-03
1.80754064e+04 2.79103400e-03
1.80757805e+04 2.68567000e-03
1.80761547e+04 2.56251100e-03
1.80764041e+04 2.47199900e-03
1.80769030e+04 2.27512400e-03
1.80775265e+04 2.00963100e-03
1.80785121e+04 1.58113700e-03
1.80789707e+04 1.39094100e-03
1.80792593e+04 1.27715800e-03
1.80795308e+04 1.17526000e-03
1.80798023e+04 1.07896400e-03
1.80800738e+04 9.88767000e-04
1.80803314e+04 9.09148000e-04
1.80805752e+04 8.39389000e-04
1.80808190e+04 7.75193000e-04
1.80810628e+04 7.16625000e-04
1.80812729e+04 6.70677000e-04
1.80814493e+04 6.35314000e-04
1.80816256e+04 6.02847000e-04
1.80818020e+04 5.73230000e-04
1.80819783e+04 5.46406000e-04
1.80821547e+04 5.22308000e-04
1.80823310e+04 5.00859000e-04
1.80825074e+04 4.81975000e-04
1.80826676e+04 4.66962000e-04
1.80828837e+04 4.49808000e-04
1.80830999e+04 4.36034000e-04
1.80833002e+04 4.26106000e-04
1.80834927e+04 4.18977000e-04
1.80836851e+04 4.14051000e-04
1.80838776e+04 4.11165000e-04
1.80840701e+04 4.10159000e-04
1.80843267e+04 4.11454000e-04
1.80845833e+04 4.15404000e-04
1.80848399e+04 4.21615000e-04
1.80852249e+04 4.34324000e-04
1.80857434e+04 4.55852000e-04
1.80867806e+04 5.03206000e-04
1.80872991e+04 5.23909000e-04
1.80876449e+04 5.35163000e-04
1.80879906e+04 5.43807000e-04
1.80883126e+04 5.49178000e-04
1.80886884e+04 5.51866000e-04
1.80887420e+04 5.51921000e-04
1.80890995e+04 5.50146000e-04
1.80894747e+04 5.44246000e-04
1.80898498e+04 5.34278000e-04
1.80902250e+04 5.20435000e-04
1.80906002e+04 5.03025000e-04
1.80909753e+04 4.82446000e-04
1.80913505e+04 4.59173000e-04
1.80918507e+04 4.24865000e-04
1.80924760e+04 3.78577000e-04
1.80934047e+04 3.07968000e-04
1.80939582e+04 2.67478000e-04
1.80943272e+04 2.41925000e-04
1.80946170e+04 2.22884000e-04
1.80949068e+04 2.04857000e-04
1.80951966e+04 1.87919000e-04
1.80954863e+04 1.72124000e-04
1.80957283e+04 1.59831000e-04
1.80959703e+04 1.48361000e-04
1.80962122e+04 1.37710000e-04
1.80964542e+04 1.27869000e-04
1.80966962e+04 1.18816000e-04
1.80968887e+04 1.12162000e-04
1.80971124e+04 1.05018000e-04
1.80973361e+04 9.84819000e-05
1.80975598e+04 9.25238000e-05
1.80977835e+04 8.71138000e-05
1.80980072e+04 8.22193000e-05
1.80982308e+04 7.78081000e-05
1.80984545e+04 7.38465000e-05
1.80986834e+04 7.02252000e-05
1.80989174e+04 6.69373000e-05
1.80991513e+04 6.40331000e-05
1.80993853e+04 6.14774000e-05
1.80996193e+04 5.92372000e-05
1.80998533e+04 5.72807000e-05
1.81000872e+04 5.55785000e-05
1.81004382e+04 5.34420000e-05
1.81007892e+04 5.17311000e-05
1.81011401e+04 5.03721000e-05
1.81013741e+04 4.96294000e-05
1.81018420e+04 4.84619000e-05
1.81023100e+04 4.76274000e-05
1.81028867e+04 4.69276000e-05
1.81034635e+04 4.64771000e-05
1.81043287e+04 4.60871000e-05
1.81057706e+04 4.58062000e-05
1.81092312e+04 4.56183000e-05
1.81207665e+04 4.53743000e-05
1.81523454e+04 4.52402000e-05
1.83531967e+04 4.56450000e-05
1.99874296e+04 5.01207000e-05
1.99896882e+04 5.03011000e-05
1.99908970e+04 5.05616000e-05
1.99921059e+04 5.10478000e-05
1.99930125e+04 5.16340000e-05
1.99939192e+04 5.24744000e-05
1.99948258e+04 5.36237000e-05
1.99957324e+04 5.51234000e-05
1.99966391e+04 5.69907000e-05
1.99975457e+04 5.92095000e-05
1.99987546e+04 6.26167000e-05
2.00011992e+04 7.01425000e-05
2.00024215e+04 7.36292000e-05
2.00036439e+04 7.65977000e-05
2.00048662e+04 7.89269000e-05
2.00060885e+04 8.06153000e-05
2.00073108e+04 8.17519000e-05
2.00085331e+04 8.24705000e-05
2.00109778e+04 8.31732000e-05
2.00248307e+04 8.42867000e-05
2.00690360e+04 8.74744000e-05
2.01959400e+04 9.95404000e-05
2.03265700e+04 1.14838000e-04
2.04572000e+04 1.28181000e-04
2.05878300e+04 1.38834000e-04
2.07184600e+04 1.46608000e-04
2.08490900e+04 1.51634000e-04
2.09898600e+04 1.54689000e-04
2.10685800e+04 1.55185000e-04
2.12057400e+04 1.54886000e-04
2.13429000e+04 1.53630000e-04
2.15486400e+04 1.50488000e-04
2.18915400e+04 1.43880000e-04
2.19281600e+04 1.42357000e-04
2.22155400e+04 1.37438000e-04
2.29340000e+04 1.22742000e-04
2.30000000e+04 1.20742000e-04
2.30751100e+04 1.19286000e-04
2.32253300e+04 1.17014000e-04
2.39764500e+04 1.02299000e-04
2.40000000e+04 1.01062000e-04
2.42351400e+04 9.76640000e-05
2.50189000e+04 8.33130000e-05
2.54891700e+04 7.52072000e-05
2.59594300e+04 6.78822000e-05
2.60000000e+04 6.66848000e-05
2.62547300e+04 6.40906000e-05
2.65094600e+04 6.10733000e-05
2.68490900e+04 5.74156000e-05
2.79529000e+04 4.64995000e-05
2.80000000e+04 4.55322000e-05
2.82743200e+04 4.33211000e-05
2.94630400e+04 3.06810000e-05
2.97373700e+04 2.79090000e-05
2.99202500e+04 2.61387000e-05
3.00000000e+04 2.50078000e-05
3.00979700e+04 2.42115000e-05
3.02939200e+04 2.29928000e-05
3.04898600e+04 2.15366000e-05
3.06858000e+04 2.02456000e-05
3.08817500e+04 1.90385000e-05
3.09011525e+04 1.86796000e-05
3.09076200e+04 1.86179000e-05
3.10000000e+04 1.83496000e-05
3.11012400e+04 1.79559000e-05
3.15061900e+04 1.69289000e-05
3.17086600e+04 1.66016000e-05
3.19111400e+04 1.64496000e-05
3.21136150e+04 1.64643000e-05
3.23160900e+04 1.66402000e-05
3.25185700e+04 1.69742000e-05
3.27210400e+04 1.74632000e-05
3.29235100e+04 1.81152000e-05
3.30000000e+04 1.85956000e-05
3.33233100e+04 1.97081000e-05
3.36466100e+04 2.12632000e-05
3.39699200e+04 2.29458000e-05
3.40000000e+04 2.33960000e-05
3.43331000e+04 2.45824000e-05
3.45551700e+04 2.55204000e-05
3.47772500e+04 2.63730000e-05
3.51103400e+04 2.74930000e-05
3.58875800e+04 2.97566000e-05
3.60000000e+04 3.02162000e-05
3.61175700e+04 3.05523000e-05
3.63527000e+04 3.10884000e-05
3.68229700e+04 3.26144000e-05
3.71756600e+04 3.39404000e-05
3.75283600e+04 3.54408000e-05
3.79824325e+04 3.78306000e-05
3.79931100e+04 3.79537000e-05
3.80094837e+04 3.83815000e-05
3.80258575e+04 3.85315000e-05
3.81241000e+04 3.88568000e-05
3.83722900e+04 4.00016000e-05
3.87445900e+04 4.24791000e-05
3.92409800e+04 4.61108000e-05
3.99855600e+04 5.19837000e-05
4.15988300e+04 6.53799000e-05
4.16185219e+04 6.59928000e-05
4.16775975e+04 6.64245000e-05
4.19139000e+04 6.75899000e-05
4.36773800e+04 8.18561000e-05
4.48530400e+04 9.06290000e-05
4.50000000e+04 9.20907000e-05
4.51469600e+04 9.30709000e-05
4.54408800e+04 9.45003000e-05
4.63226200e+04 9.96877000e-05
4.76388977e+04 1.06564000e-04
4.85269800e+04 1.10676000e-04
4.92617700e+04 1.13405000e-04
4.96734300e+04 1.14466000e-04
5.01632900e+04 1.15322000e-04
5.04898600e+04 1.15446000e-04
5.12021810e+04 1.15043000e-04
5.19594300e+04 1.13756000e-04
5.45116400e+04 1.07908000e-04
5.50898100e+04 1.06904000e-04
5.64369200e+04 1.05774000e-04
5.85923000e+04 1.04776000e-04
5.96699850e+04 1.03452000e-04
6.05878300e+04 1.01435000e-04
6.13716000e+04 9.89576000e-05
6.25472600e+04 9.43762000e-05
6.97714100e+04 6.25754000e-05
7.00000000e+04 6.10793000e-05
7.02286100e+04 6.00499000e-05
7.06858200e+04 5.85002000e-05
7.66294200e+04 3.19835000e-05
7.81712000e+04 2.57749000e-05
7.86937200e+04 2.38420000e-05
7.92162300e+04 2.20704000e-05
7.97387500e+04 2.04724000e-05
8.00000000e+04 1.94305000e-05
8.02612600e+04 1.87845000e-05
8.07837800e+04 1.79184000e-05
8.13063000e+04 1.69444000e-05
8.18288000e+04 1.61420000e-05
8.23513200e+04 1.54886000e-05
8.28738400e+04 1.49542000e-05
8.33963600e+04 1.45088000e-05
8.39188700e+04 1.41278000e-05
8.47026500e+04 1.36428000e-05
8.54864200e+04 1.32298000e-05
8.60089400e+04 1.30058000e-05
8.65314400e+04 1.28358000e-05
8.70539600e+04 1.27402000e-05
8.74982800e+04 1.27456000e-05
8.79426000e+04 1.28492000e-05
8.85304200e+04 1.31042000e-05
8.91182600e+04 1.36282000e-05
8.97060900e+04 1.44361000e-05
9.00000000e+04 1.52084000e-05
9.02939100e+04 1.58390000e-05
9.08817600e+04 1.69452000e-05
9.14695800e+04 1.86442000e-05
9.20574200e+04 2.06108000e-05
9.26452400e+04 2.27980000e-05
9.32330700e+04 2.51590000e-05
9.42807838e+04 2.96667000e-05
9.67600400e+04 4.06858000e-05
9.79357100e+04 4.56968000e-05
9.90202900e+04 5.01505000e-05
9.96734300e+04 5.22721000e-05
1.00000000e+05 5.39244000e-05
1.00326600e+05 5.50018000e-05
1.00979700e+05 5.65316000e-05
1.01959500e+05 5.92816000e-05
1.03265800e+05 6.25340000e-05
1.07837700e+05 7.27286000e-05
1.09470600e+05 7.69360000e-05
1.09640800e+05 7.79931000e-05
1.10179600e+05 7.93478000e-05
1.10718450e+05 8.07170000e-05
1.11077700e+05 8.15587000e-05
1.12514600e+05 8.63278000e-05
1.14670000e+05 9.42154000e-05
1.16825400e+05 1.02734000e-04
1.19699200e+05 1.15328000e-04
1.20000000e+05 1.17678000e-04
1.21175700e+05 1.22352000e-04
1.27037074e+05 1.53855000e-04
1.29797200e+05 1.67436000e-04
1.30000000e+05 1.69440000e-04
1.31273600e+05 1.73404000e-04
1.32971800e+05 1.79536000e-04
1.35094500e+05 1.85866000e-04
1.36792700e+05 1.89886000e-04
1.38066300e+05 1.92162000e-04
1.40000000e+05 1.93639000e-04
1.41481361e+05 1.92525000e-04
1.42286000e+05 1.90868000e-04
1.43200400e+05 1.87694000e-04
1.44114800e+05 1.83004000e-04
1.45029200e+05 1.76613000e-04
1.45943600e+05 1.68414000e-04
1.46858000e+05 1.58504000e-04
1.47772400e+05 1.47128000e-04
1.48686800e+05 1.34609000e-04
1.49000000e+05 1.25803000e-04
1.49032219e+05 1.24315000e-04
1.49128875e+05 1.23153000e-04
1.49515500e+05 1.20216000e-04
1.50488900e+05 1.10319000e-04
1.51462300e+05 9.81273000e-05
1.52435600e+05 8.75479000e-05
1.53409000e+05 7.89666000e-05
1.54382400e+05 7.24470000e-05
1.55355700e+05 6.78159000e-05
1.56329100e+05 6.47513000e-05
1.57302500e+05 6.28750000e-05
1.58275900e+05 6.18294000e-05
1.59249200e+05 6.13731000e-05
1.59986405e+05 6.54041000e-05
1.60232140e+05 6.55176000e-05
1.69322800e+05 6.56424000e-05
2.50000000e+05 8.80099000e-05
4.50000000e+05 3.09972000e-04
5.00000000e+05 2.78438000e-04
5.20000000e+05 6.57603000e-04
5.40000000e+05 6.17472000e-04
5.70000000e+05 6.80101000e-04
6.00000000e+05 1.19823100e-03
6.50000000e+05 1.32586900e-03
7.00000000e+05 1.89629600e-03
7.50000000e+05 2.70796900e-03
8.00000000e+05 4.66683700e-03
8.50000000e+05 6.95134900e-03
9.00000000e+05 1.41665390e-02
9.40000000e+05 1.73295770e-02
9.60000000e+05 1.59250530e-02
9.80000000e+05 1.62885930e-02
1.00000000e+06 1.46078930e-02
1.00500000e+06 1.75301410e-02
1.00800000e+06 1.74208400e-02
1.02050000e+06 1.63221230e-02
1.03500000e+06 1.75484530e-02
1.04950000e+06 2.08551030e-02
1.06400000e+06 2.30311450e-02
1.09100000e+06 2.94116520e-02
1.10000000e+06 3.10301850e-02
1.12100000e+06 3.57907060e-02
1.13800000e+06 3.60546790e-02
1.15400000e+06 4.17971590e-02
1.16950000e+06 4.38019080e-02
1.20000000e+06 4.28464790e-02
1.22000000e+06 4.10374110e-02
1.23850000e+06 4.24870970e-02
1.25000000e+06 4.43135220e-02
1.27200000e+06 5.82172130e-02
1.29150000e+06 6.85138270e-02
1.31100000e+06 8.23110960e-02
1.33050000e+06 9.90597370e-02
1.35100000e+06 1.18736117e-01
1.37100000e+06 1.49662960e-01
1.39150000e+06 1.90934072e-01
1.40000000e+06 1.94108135e-01
1.41500000e+06 2.25413000e-01
1.43850000e+06 2.77002367e-01
1.45950000e+06 3.17443770e-01
1.48100000e+06 3.46621295e-01
1.50550000e+06 3.63937934e-01
1.53000000e+06 3.79494017e-01
1.55500000e+06 3.90259686e-01
1.58000000e+06 4.09231999e-01
1.60000000e+06 4.25739366e-01
1.60550000e+06 4.24671128e-01
1.63400000e+06 4.29592423e-01
1.66000000e+06 4.36175952e-01
1.68650000e+06 4.48067806e-01
1.71600000e+06 4.68801703e-01
1.74550000e+06 4.81637053e-01
1.77600000e+06 4.92015206e-01
1.80000000e+06 4.88959844e-01
1.80650000e+06 5.02369479e-01
1.84000000e+06 5.18575525e-01
1.87300000e+06 5.19628677e-01
1.90550000e+06 5.39400027e-01
1.94000000e+06 5.39291319e-01
1.97550000e+06 5.40585092e-01
2.00000000e+06 5.37865671e-01
2.20000000e+06 5.49567449e-01
2.80000000e+06 5.39388088e-01
3.00000000e+06 5.26244233e-01
3.70265893e+06 5.51437678e-01
4.29044929e+06 5.60538063e-01
4.50000000e+06 5.62678975e-01
4.70000000e+06 5.60628548e-01
5.00000000e+06 5.49042377e-01
5.30000000e+06 5.50958752e-01
5.50000000e+06 5.47654568e-01
5.80000000e+06 5.67428640e-01
6.00000000e+06 6.10988085e-01
6.20000000e+06 6.82495513e-01
6.50000000e+06 8.17868004e-01
7.00000000e+06 9.43900449e-01
7.50000000e+06 9.93504255e-01
7.75000000e+06 9.96104709e-01
8.00000000e+06 1.01659427e+00
8.50000000e+06 1.01470056e+00
9.00000000e+06 1.01679924e+00
1.00000000e+07 1.01040040e+00
1.01410820e+07 1.01023070e+00
1.02841544e+07 1.01005901e+00
1.04292453e+07 1.00988491e+00
1.05763832e+07 1.00970834e+00
1.07255969e+07 1.00952928e+00
1.08769158e+07 1.00934770e+00
1.10000000e+07 1.00920000e+00
1.11551902e+07 1.00798952e+00
1.13125698e+07 1.00676196e+00
1.14721698e+07 1.00551708e+00
1.15000000e+07 1.00530000e+00
1.16622443e+07 9.99605225e-01
1.18267776e+07 9.93830107e-01
1.19936321e+07 9.87973513e-01
1.20000000e+07 9.87750000e-01
1.21692984e+07 9.94107155e-01
1.23409853e+07 1.00055400e+00
1.25150944e+07 1.00709179e+00
1.26916598e+07 1.01372183e+00
1.26916598e+07 1.01372183e+00
1.28707163e+07 1.02044540e+00
1.30000000e+07 1.02530000e+00
1.31834066e+07 1.04828085e+00
1.33694007e+07 1.07158591e+00
1.35580189e+07 1.09521977e+00
1.37492982e+07 1.11918706e+00
1.39432760e+07 1.14349248e+00
1.40000000e+07 1.15060000e+00
1.41975148e+07 1.16628268e+00
1.43978162e+07 1.18218660e+00
1.45000000e+07 1.19030000e+00
1.47045689e+07 1.21124786e+00
1.49120239e+07 1.23249125e+00
1.50000000e+07 1.24150000e+00
1.52116230e+07 1.25716010e+00
1.54262316e+07 1.27304114e+00
1.56438680e+07 1.28914623e+00
1.58645748e+07 1.30547854e+00
1.60000000e+07 1.31550000e+00
1.62257312e+07 1.31658351e+00
1.64546471e+07 1.31768231e+00
1.66867925e+07 1.31879660e+00
1.69222131e+07 1.31992662e+00
1.70000000e+07 1.32030000e+00
1.72398394e+07 1.32010813e+00
1.74830625e+07 1.31991355e+00
1.77297170e+07 1.31971623e+00
1.79798514e+07 1.31951612e+00
1.79798514e+07 1.31951612e+00
1.80000000e+07 1.31950000e+00
1.82539476e+07 1.32897225e+00
1.85114779e+07 1.33857813e+00
1.87726416e+07 1.34831953e+00
1.87726416e+07 1.34831953e+00
1.90000000e+07 1.35680000e+00
1.92680558e+07 1.36990793e+00
1.95398934e+07 1.38320079e+00
1.98155661e+07 1.39668118e+00
1.98155661e+07 1.39668118e+00
2.00000000e+07 1.40570000e+00
2.02821640e+07 1.43735880e+00
2.05683088e+07 1.46946425e+00
2.08584906e+07 1.50202265e+00
2.10000000e+07 1.51790000e+00
2.12962722e+07 1.52975089e+00
2.15967243e+07 1.54176897e+00
2.19014152e+07 1.55395661e+00
2.20000000e+07 1.55790000e+00
2.23103804e+07 1.57071871e+00
2.26251397e+07 1.58371827e+00
2.29443397e+07 1.59690123e+00
2.30000000e+07 1.59920000e+00
2.33244886e+07 1.58174251e+00
2.36535551e+07 1.56403873e+00
2.39872642e+07 1.54608518e+00
2.40000000e+07 1.54540000e+00
2.43385968e+07 1.55603194e+00
2.46819706e+07 1.56681388e+00
2.50000000e+07 1.57680000e+00
2.53527050e+07 1.57637675e+00
2.57103860e+07 1.57594754e+00
2.60000000e+07 1.57560000e+00
2.63668132e+07 1.57090479e+00
2.67388015e+07 1.56614334e+00
2.70000000e+07 1.56280000e+00
2.73809214e+07 1.58279837e+00
2.77672169e+07 1.60307889e+00
2.80000000e+07 1.61530000e+00
2.83950296e+07 1.61067815e+00
2.87956324e+07 1.60599110e+00
2.90000000e+07 1.60360000e+00
2.94091378e+07 1.62966208e+00
2.98240478e+07 1.65609184e+00
3.00000000e+07 1.66730000e+00
